BAM 5.2  Kriechdehnung  BCR425-280-1.LIS				
------------------------------------				
				
Probenbezeichnung                  				BCR425-280-1
Versuchsnummer							KK 970
Versuchs-Datum                     				15.08.2017
Projekt                              				int. Ringversuch 2017
Werkstoff                          				Nimonic 75
Zustand/Orientierung               		hkl/Theta,Rho	
Bearbeiter                         				NN1
Prüfmaschine                      				Zug 4
max. Prüfkraft                       			kN	20
Dehnungsbereich                    			%	67
Prüfnorm							ASTM E 139
Probenzeichnung                    				KRI012-001 Form B
Probenform                         				rund
min. Probendurchmesser bei RT           		mm	6,002
Prüftemperatur PT                 			°C	600
Prüfspannung                       			MPa	160
Prüfkraft                           			kN	4,53
Anfangsmesslänge bei RT           			mm	27,71
Aufheizzeit (PT erreicht)       			h	2,55
Haltezeit                           			h	20,76
Belastungsgeschwindigkeit       			MPa/s	7,53
Entlastungsgeschwindigkeit       			MPa/s	-
Versuchsdauer                       			h	525,57
Bruchzeit						h	-
Kriechdehnung                    			%	4,09
plastische Dehnung					%	4,09
gesamte Dehnung						%	4,19
-                                     				
				
				
				
				
-				
[Daten]				
Zeit	Dehnung			
h	%			
0	0			
0,001040556	0			
0,002428611	0			
0,003819444	0,003608966			
0,0052075	-0,003608966			
0,006595833	0			
0,007986667	-0,007217932			
0,009374722	0,007217932			
0,010762778	0			
0,012153611	0			
0,013541667	0			
0,01493	0			
0,016320833	0			
0,017708889	0,003608966			
0,019096944	0			
0,020485	0,007217932			
0,021876111	0,007217932			
0,023244722	0,007217932			
0,024652222	0			
0,026065278	0,007217932			
0,059402222	0,007217932			
0,092738889	0,010826898			
0,126075833	0,003608966			
0,210525	0,003608966			
0,293841944	0,021653797			
0,377184167	0,032480695			
0,460684722	0,025262763			
0,544026944	0,007217932			
0,627343889	0,014435864			
0,710683056	0,007217932			
0,794025278	0,014435864			
0,877342222	0,018044831			
0,960776111	0,028871729			
1,04416	0,036089661			
1,127476944	0,032480695			
1,210818889	0,025262763			
1,294158333	0,028871729			
1,377500278	0,025262763			
1,460817222	0,028871729			
1,544273333	0,018044831			
1,627590555	0,025262763			
1,710929722	0,032480695			
1,794294167	0,036089661			
1,877633333	0,032480695			
1,960950278	0,028871729			
2,0442925	0,021653797			
2,127631667	0,032480695			
2,210973889	0,036089661			
2,294290833	0,036089661			
2,37763	0,025262763			
2,460972222	0,021653797			
2,544289167	0,021653797			
2,627628333	0,032480695			
2,710967778	0,032480695			
2,7942875	0,032480695			
2,877626944	0,032480695			
2,960966111	0,039698627			
3,044308056	0,039698627			
3,127625278	0,039698627			
3,210964444	0,039698627			
3,294306667	0,043307593			
3,377620833	0,036089661			
3,460962778	0,039698627			
3,544302222	0,036089661			
3,627621944	0,032480695			
3,710961111	0,032480695			
3,794300556	0,039698627			
3,8776175	0,036089661			
3,960959444	0,039698627			
4,044298889	0,039698627			
4,127615833	0,032480695			
4,210958056	0,032480695			
4,294297222	0,043307593			
4,377636389	0,04691656			
4,460936944	0,04691656			
4,544295555	0,036089661			
4,627635	0,043307593			
4,710951944	0,043307593			
4,794293889	0,04691656			
4,877633333	0,043307593			
4,960975278	0,032480695			
5,044292222	0,04691656			
5,127615	0,04691656			
5,210970833	0,039698627			
5,294288055	0,04691656			
5,37763	0,050525526			
5,460969167	0,04691656			
5,544286389	0,050525526			
5,627628333	0,054134492			
5,7109675	0,036089661			
5,794290278	0,039698627			
5,877626667	0,04691656			
5,960966111	0,050525526			
6,044305278	0,04691656			
6,127625	0,039698627			
6,210964444	0,054134492			
6,294303611	0,04691656			
6,377623333	0,057743458			
6,460968333	0,057743458			
6,544301944	0,050525526			
6,627619167	0,057743458			
6,710961111	0,050525526			
6,794300278	0,054134492			
6,8776175	0,06496139			
6,960959444	0,061352424			
7,044298889	0,054134492			
7,127638055	0,061352424			
7,210955	0,054134492			
7,294297222	0,061352424			
7,377636389	0,06496139			
7,460953333	0,072179322			
7,544295555	0,057743458			
7,627634722	0,057743458			
7,710951667	0,061352424			
7,794293889	0,061352424			
7,877633056	0,068570356			
7,9609725	0,057743458			
8,044289444	0,06496139			
8,127631389	0,06496139			
8,210970833	0,061352424			
8,294287778	0,068570356			
8,37763	0,06496139			
8,460969167	0,068570356			
8,544286111	0,057743458			
8,627628333	0,06496139			
8,7109675	0,072179322			
8,794284444	0,072179322			
8,877623889	0,06496139			
8,960965833	0,075788288			
9,044305278	0,06496139			
9,127622222	0,06496139			
9,210964167	0,06496139			
9,294303611	0,061352424			
9,377620556	0,06496139			
9,4609625	0,06496139			
9,544301944	0,072179322			
9,627618889	0,068570356			
9,710983333	0,072179322			
9,7943225	0,079397255			
9,877664722	0,075788288			
9,960981667	0,068570356			
10,04432083	0,06496139			
10,12766306	0,079397255			
10,21097722	0,079397255			
10,29431917	0,086615187			
10,37765861	0,075788288			
10,46100056	0,072179322			
10,54431778	0,079397255			
10,62765694	0,072179322			
10,71099611	0,075788288			
10,79431611	0,086615187			
10,87765528	0,079397255			
10,96099722	0,075788288			
11,04431444	0,072179322			
11,12765361	0,083006221			
11,21099306	0,083006221			
11,29431	0,072179322			
11,37765194	0,072179322			
11,46099139	0,090224153			
11,54433333	0,083006221			
11,62765028	0,090224153			
11,71098972	0,093833119			
11,79432889	0,093833119			
11,87764889	0,086615187			
11,96098806	0,086615187			
12,04432722	0,090224153			
12,12764444	0,090224153			
12,21098639	0,093833119			
12,29432583	0,097442085			
12,37766778	0,090224153			
12,46098472	0,090224153			
12,54432417	0,086615187			
12,62766333	0,097442085			
12,71098306	0,097442085			
12,7943225	0,097442085			
12,87766167	0,093833119			
12,96097861	0,097442085			
13,04430139	0,083006221			
13,12766	0,097442085			
13,21100222	0,090224153			
13,29431917	0,097442085			
13,37765833	0,101051051			
13,46099778	0,097442085			
13,5443175	0,090224153			
13,62765694	0,090224153			
13,71097944	0,104660017			
13,79431583	0,101051051			
13,87765528	0,108268983			
13,96099444	0,104660017			
14,04431139	0,104660017			
14,12765361	0,093833119			
14,21099278	0,093833119			
14,29433222	0,097442085			
14,37765472	0,097442085			
14,46099111	0,101051051			
14,54433056	0,11187795			
14,62765028	0,11187795			
14,71098944	0,104660017			
14,79432889	0,115486916			
14,87764583	0,119095882			
14,96098806	0,108268983			
15,04433278	0,101051051			
15,12764417	0,101051051			
15,21098639	0,104660017			
15,29432556	0,104660017			
15,377665	0,115486916			
15,46098194	0,119095882			
15,54432389	0,104660017			
15,62766333	0,104660017			
15,71098028	0,115486916			
15,79432222	0,115486916			
15,87766167	0,115486916			
15,96097861	0,115486916			
16,04432083	0,115486916			
16,12766	0,108268983			
16,21099917	0,11187795			
16,29431639	0,119095882			
16,37765833	0,115486916			
16,4609975	0,126313814			
16,54431472	0,11187795			
16,62765667	0,126313814			
16,71099611	0,126313814			
16,79431306	0,133531746			
16,877655	0,119095882			
16,96099444	0,104660017			
17,04433361	0,104660017			
17,12765056	0,119095882			
17,21099278	0,115486916			
17,29433194	0,119095882			
17,37764917	0,119095882			
17,46099111	0,119095882			
17,54433028	0,115486916			
17,6276475	0,119095882			
17,71098944	0,12992278			
17,79432889	0,12992278			
17,87766806	0,137140712			
17,96098778	0,126313814			
18,04432722	0,12992278			
18,12766639	0,137140712			
18,21098333	0,137140712			
18,29432556	0,137140712			
18,37766472	0,12992278			
18,46098194	0,12992278			
18,54432111	0,119095882			
18,62766306	0,126313814			
18,71098028	0,137140712			
18,79432222	0,137140712			
18,87766139	0,12992278			
18,96100083	0,119095882			
19,04431778	0,119095882			
19,12766	0,126313814			
19,21099917	0,126313814			
19,29431611	0,133531746			
19,37765833	0,126313814			
19,4609975	0,137140712			
19,54431444	0,144358645			
19,62763722	0,137140712			
19,71099583	0,126313814			
19,79433528	0,122704848			
19,87765222	0,133531746			
19,96099417	0,133531746			
20,04433361	0,137140712			
20,12765056	0,137140712			
20,21099278	0,144358645			
20,2943125	0,133531746			
20,37764889	0,137140712			
20,46098833	0,137140712			
20,54433028	0,133531746			
20,62766944	0,137140712			
20,71098667	0,137140712			
20,79432861	0,133531746			
20,87766806	0,12992278			
20,96099056	0,140749679			
21,04432694	0,144358645			
21,12766639	0,147967611			
21,21098333	0,147967611			
21,2943225	0,137140712			
21,37766472	0,133531746			
21,46098167	0,137140712			
21,54432389	0,144358645			
21,62766583	0,144358645			
21,71098	0,151576577			
21,79431944	0,147967611			
21,87766139	0,151576577			
21,96100083	0,147967611			
22,04431778	0,147967611			
22,12765694	0,151576577			
22,21099917	0,151576577			
22,29438556	0,162403475			
22,37770278	0,158794509			
22,46104194	0,144358645			
22,54438389	0,162403475			
22,62772333	0,162403475			
22,71104028	0,169621407			
22,7943825	0,151576577			
22,87772167	0,155185543			
22,96101917	0,140749679			
23,04438083	0,162403475			
23,12772	0,158794509			
23,21103694	0,162403475			
23,29437639	0,155185543			
23,37771833	0,162403475			
23,46103556	0,151576577			
23,54439972	0,147967611			
23,62773889	0,158794509			
23,71107833	0,155185543			
23,79439528	0,158794509			
23,8777375	0,144358645			
23,96107667	0,158794509			
24,04439361	0,151576577			
24,12773583	0,147967611			
24,211075	0,151576577			
24,29441722	0,151576577			
24,37773417	0,151576577			
24,46107333	0,162403475			
24,54441278	0,166012441			
24,6277325	0,151576577			
24,71107167	0,158794509			
24,79443611	0,158794509			
24,87777528	0,158794509			
24,9610925	0,151576577			
25,04443444	0,162403475			
25,12777361	0,169621407			
25,21111306	0,151576577			
25,29443	0,162403475			
25,37777222	0,158794509			
25,46111139	0,151576577			
25,54442833	0,169621407			
25,62777056	0,162403475			
25,71110972	0,162403475			
25,79442667	0,162403475			
25,87776611	0,169621407			
25,96110806	0,162403475			
26,04442528	0,166012441			
26,12776722	0,173230374			
26,21110639	0,166012441			
26,29444583	0,17683934			
26,37776278	0,173230374			
26,461105	0,162403475			
26,54446639	0,169621407			
26,62783083	0,166012441			
26,71114778	0,169621407			
26,79448972	0,169621407			
26,87782917	0,17683934			
26,96114611	0,162403475			
27,04448528	0,162403475			
27,1278275	0,169621407			
27,21114444	0,17683934			
27,29448389	0,173230374			
27,37782583	0,187666238			
27,461165	0,184057272			
27,54448222	0,184057272			
27,62782139	0,191275204			
27,71116333	0,184057272			
27,79448056	0,184057272			
27,87781972	0,184057272			
27,96116194	0,198493136			
28,04450111	0,191275204			
28,12781806	0,184057272			
28,21116028	0,180448306			
28,29449944	0,17683934			
28,37781639	0,187666238			
28,46115861	0,17683934			
28,54449778	0,184057272			
28,627815	0,191275204			
28,71115694	0,17683934			
28,79449611	0,191275204			
28,87783833	0,184057272			
28,9611525	0,184057272			
29,04449472	0,180448306			
29,12783389	0,198493136			
29,21115083	0,169621407			
29,29449306	0,180448306			
29,37783222	0,191275204			
29,46114917	0,184057272			
29,54449139	0,187666238			
29,62785278	0,191275204			
29,711195	0,191275204			
29,79451194	0,184057272			
29,87785111	0,202102102			
29,96119056	0,191275204			
30,04451028	0,198493136			
30,12784972	0,191275204			
30,21119167	0,205711069			
30,29450583	0,198493136			
30,37784806	0,187666238			
30,46118722	0,209320035			
30,54450417	0,191275204			
30,62784639	0,19488417			
30,71118556	0,209320035			
30,794525	0,205711069			
30,87784472	0,191275204			
30,96118389	0,198493136			
31,04452333	0,198493136			
31,12784306	0,198493136			
31,21118222	0,209320035			
31,29452167	0,205711069			
31,37783861	0,209320035			
31,46118083	0,202102102			
31,54452	0,209320035			
31,62785917	0,205711069			
31,71117917	0,202102102			
31,79451833	0,202102102			
31,87785778	0,202102102			
31,9611775	0,202102102			
32,04451667	0,209320035			
32,12785611	0,209320035			
32,21117306	0,205711069			
32,29449556	0,212929001			
32,37785444	0,212929001			
32,46117139	0,209320035			
32,54451361	0,209320035			
32,62785278	0,216537967			
32,71119472	0,209320035			
32,79451194	0,216537967			
32,87785111	0,223755899			
32,96117361	0,212929001			
33,0445075	0,216537967			
33,12784944	0,220146933			
33,21118889	0,216537967			
33,29453083	0,216537967			
33,37784778	0,220146933			
33,46118722	0,223755899			
33,54452639	0,223755899			
33,62784889	0,234582798			
33,71118556	0,234582798			
33,79452472	0,227364865			
33,87784194	0,220146933			
33,96118389	0,223755899			
34,04452306	0,223755899			
34,12784028	0,223755899			
34,21118222	0,220146933			
34,29452722	0,223755899			
34,37786083	0,223755899			
34,46118056	0,234582798			
34,54452	0,230973831			
34,62785917	0,234582798			
34,71117611	0,234582798			
34,79451833	0,234582798			
34,8778575	0,24180073			
34,96117472	0,238191764			
35,04451667	0,234582798			
35,12785583	0,234582798			
35,21117306	0,227364865			
35,294515	0,238191764			
35,37785417	0,234582798			
35,46117139	0,227364865			
35,54451056	0,238191764			
35,62785278	0,238191764			
35,71119194	0,249018662			
35,79450889	0,24180073			
35,87785111	0,245409696			
35,96119028	0,234582798			
36,04452972	0,24180073			
36,12784944	0,234582798			
36,21118861	0,234582798			
36,29450583	0,227364865			
36,377845	0,245409696			
36,46118694	0,234582798			
36,54452639	0,24180073			
36,62784333	0,245409696			
36,71118556	0,249018662			
36,79452472	0,249018662			
36,87784167	0,238191764			
36,96118111	0,24180073			
37,04452306	0,24180073			
37,12784	0,238191764			
37,21117944	0,256236594			
37,29452139	0,263454526			
37,37786083	0,256236594			
37,46117778	0,256236594			
37,54451972	0,256236594			
37,62785917	0,256236594			
37,71117611	0,263454526			
37,79451806	0,252627628			
37,8778575	0,256236594			
37,96119667	0,263454526			
38,04451667	0,256236594			
38,12785583	0,267063493			
38,211195	0,256236594			
38,29451222	0,256236594			
38,37785417	0,256236594			
38,46119361	0,256236594			
38,54451056	0,252627628			
38,6278525	0,249018662			
38,71119194	0,25984556			
38,79450889	0,263454526			
38,87783139	0,25984556			
38,96119028	0,274281425			
39,04450722	0,267063493			
39,12784917	0,25984556			
39,21118861	0,25984556			
39,29452778	0,252627628			
39,377845	0,267063493			
39,46118694	0,256236594			
39,54450667	0,267063493			
39,62784333	0,263454526			
39,71118528	0,281499357			
39,79452472	0,263454526			
39,87784167	0,263454526			
39,96118083	0,256236594			
40,04452306	0,25984556			
40,12786222	0,274281425			
40,21118472	0,267063493			
40,29452139	0,263454526			
40,37786056	0,277890391			
40,46117778	0,281499357			
40,54451694	0,281499357			
40,62785889	0,281499357			
40,71117611	0,277890391			
40,79451806	0,277890391			
40,87786	0,270672459			
40,96117444	0,277890391			
41,04451361	0,267063493			
41,12785583	0,267063493			
41,211195	0,277890391			
41,29451194	0,281499357			
41,37785139	0,285108323			
41,46119333	0,285108323			
41,54451028	0,285108323			
41,62784972	0,281499357			
41,71119167	0,277890391			
41,79450889	0,281499357			
41,87784806	0,277890391			
41,96119	0,281499357			
42,04450722	0,281499357			
42,12784639	0,285108323			
42,21118583	0,295935221			
42,29452778	0,292326255			
42,37784472	0,295935221			
42,46118417	0,288717289			
42,54452611	0,292326255			
42,62784306	0,285108323			
42,7111825	0,299544188			
42,79452444	0,295935221			
42,87784139	0,295935221			
42,96118083	0,295935221			
43,04452	0,295935221			
43,12786222	0,303153154			
43,21117917	0,299544188			
43,29451833	0,299544188			
43,37786056	0,30676212			
43,4611775	0,303153154			
43,54451694	0,303153154			
43,62785889	0,303153154			
43,71117583	0,313980052			
43,79451528	0,30676212			
43,87785722	0,303153154			
43,96117417	0,310371086			
44,04451361	0,303153154			
44,12785278	0,321197984			
44,211195	0,317589018			
44,29451194	0,313980052			
44,37785111	0,310371086			
44,46119333	0,313980052			
44,54451028	0,313980052			
44,62784944	0,310371086			
44,71119167	0,30676212			
44,79448917	0,32480695			
44,87784806	0,313980052			
44,96118722	0,313980052			
45,04452917	0,310371086			
45,12784639	0,30676212			
45,21118556	0,313980052			
45,29452778	0,303153154			
45,37784472	0,303153154			
45,46116444	0,310371086			
45,54452611	0,317589018			
45,62784306	0,313980052			
45,71118222	0,313980052			
45,79452167	0,321197984			
45,87784139	0,313980052			
45,96118083	0,321197984			
46,04452	0,328415917			
46,1278425	0,321197984			
46,21117917	0,313980052			
46,29451833	0,328415917			
46,37786056	0,328415917			
46,4611775	0,317589018			
46,54451667	0,328415917			
46,62785611	0,332024883			
46,71117583	0,32480695			
46,79452056	0,317589018			
46,87785444	0,32480695			
46,96117139	0,32480695			
47,04451333	0,32480695			
47,12785278	0,332024883			
47,21119472	0,328415917			
47,29451194	0,328415917			
47,37785111	0,335633849			
47,46119583	0,339242815			
47,5445075	0,332024883			
47,62784944	0,335633849			
47,71118889	0,339242815			
47,79450583	0,339242815			
47,87784778	0,335633849			
47,96118722	0,350069713			
48,04452917	0,335633849			
48,12784611	0,335633849			
48,21118556	0,346460747			
48,29452472	0,342851781			
48,37784472	0,335633849			
48,46118389	0,353678679			
48,54452306	0,346460747			
48,62784028	0,346460747			
48,71118222	0,339242815			
48,79452139	0,346460747			
48,87783861	0,339242815			
48,96118056	0,350069713			
49,04452	0,350069713			
49,12785917	0,346460747			
49,21117611	0,342851781			
49,29451833	0,346460747			
49,3778575	0,346460747			
49,46117444	0,339242815			
49,54451667	0,346460747			
49,62785583	0,353678679			
49,71117306	0,350069713			
49,794515	0,353678679			
49,87785417	0,346460747			
49,96117139	0,357287645			
50,04451333	0,368114544			
50,12785278	0,360896612			
50,21119194	0,353678679			
50,29450889	0,364505578			
50,37785111	0,360896612			
50,46119028	0,364505578			
50,54450722	0,360896612			
50,62784944	0,346460747			
50,71118861	0,360896612			
50,79450556	0,357287645			
50,87784778	0,360896612			
50,96118694	0,357287645			
51,04452639	0,353678679			
51,12784333	0,364505578			
51,21118528	0,360896612			
51,29452472	0,368114544			
51,37786667	0,375332476			
51,46118389	0,37172351			
51,54452306	0,357287645			
51,62786222	0,368114544			
51,71118222	0,364505578			
51,79452139	0,368114544			
51,87786083	0,368114544			
51,96117778	0,360896612			
52,04450028	0,368114544			
52,12785917	0,378941442			
52,21117611	0,37172351			
52,29451806	0,368114544			
52,3778575	0,382550408			
52,46117444	0,378941442			
52,54451639	0,382550408			
52,62785583	0,393377307			
52,71117833	0,386159374			
52,79451222	0,38976834			
52,87785417	0,368114544			
52,96119333	0,382550408			
53,04451056	0,386159374			
53,1278525	0,378941442			
53,21119194	0,375332476			
53,29450889	0,386159374			
53,37785361	0,393377307			
53,46119028	0,386159374			
53,54450722	0,393377307			
53,62787167	0,400595239			
53,71121083	0,396986273			
53,79455278	0,396986273			
53,87787	0,415031103			
53,96120917	0,411422137			
54,04453167	0,418640069			
54,12786833	0,418640069			
54,2112075	0,422249036			
54,29454694	0,418640069			
54,37788889	0,422249036			
54,46120583	0,429466968			
54,54454528	0,422249036			
54,62788722	0,433075934			
54,71120694	0,429466968			
54,79454361	0,433075934			
54,87788556	0,433075934			
54,96120278	0,440293866			
55,04454472	0,4366849			
55,12788389	0,440293866			
55,21122333	0,433075934			
55,29454028	0,443902832			
55,37788806	0,451120764			
55,46122167	0,4366849			
55,54453861	0,433075934			
55,62787806	0,440293866			
55,71122	0,447511798			
55,79453694	0,4366849			
55,87787917	0,433075934			
55,96121833	0,418640069			
56,04453528	0,429466968			
56,12787472	0,429466968			
56,21121667	0,433075934			
56,29455611	0,433075934			
56,37787306	0,443902832			
56,46121222	0,447511798			
56,54455444	0,451120764			
56,62787139	0,443902832			
56,71121083	0,447511798			
56,79455	0,451120764			
56,87786972	0,451120764			
56,96120917	0,447511798			
57,04455111	0,443902832			
57,12786806	0,440293866			
57,2112075	0,440293866			
57,29454944	0,443902832			
57,37788889	0,433075934			
57,46120583	0,440293866			
57,54454778	0,429466968			
57,62788722	0,440293866			
57,71120417	0,433075934			
57,79454333	0,418640069			
57,87788556	0,425858002			
57,96119972	0,415031103			
58,04454194	0,411422137			
58,12788111	0,429466968			
58,21122306	0,425858002			
58,29454028	0,433075934			
58,37787944	0,425858002			
58,46122167	0,422249036			
58,54453861	0,422249036			
58,62787778	0,4366849			
58,71121722	0,422249036			
58,79453694	0,422249036			
58,87787611	0,433075934			
58,96121833	0,433075934			
59,0445325	0,425858002			
59,1278775	0,440293866			
59,21121667	0,447511798			
59,29455583	0,443902832			
59,37787306	0,440293866			
59,46121222	0,451120764			
59,54455139	0,4366849			
59,62787139	0,433075934			
59,71121056	0,4366849			
59,79455278	0,433075934			
59,87786972	0,429466968			
59,96119222	0,440293866			
60,04454833	0,443902832			
60,12789028	0,443902832			
60,21120722	0,440293866			
60,29454667	0,458338697			
60,37788583	0,447511798			
60,46120583	0,451120764			
60,544545	0,447511798			
60,6278675	0,454729731			
60,71120139	0,465556629			
60,79454333	0,458338697			
60,87788278	0,454729731			
60,96119972	0,451120764			
61,04454167	0,461947663			
61,12788111	0,458338697			
61,21122028	0,465556629			
61,29454278	0,458338697			
61,37787944	0,458338697			
61,46121861	0,451120764			
61,54453556	0,454729731			
61,62787778	0,458338697			
61,71121694	0,454729731			
61,79453417	0,461947663			
61,87787611	0,461947663			
61,96122083	0,458338697			
62,0445575	0,476383527			
62,12787444	0,476383527			
62,21121389	0,461947663			
62,29455306	0,469165595			
62,37787278	0,465556629			
62,46121222	0,461947663			
62,54455139	0,465556629			
62,62786833	0,461947663			
62,71121056	0,472774561			
62,79454972	0,469165595			
62,87786694	0,472774561			
62,96120889	0,465556629			
63,04454806	0,465556629			
63,1278875	0,461947663			
63,21120722	0,461947663			
63,29454667	0,461947663			
63,37788583	0,465556629			
63,46120278	0,479992493			
63,544545	0,479992493			
63,62788417	0,472774561			
63,71120111	0,476383527			
63,79454333	0,479992493			
63,8778825	0,476383527			
63,96119944	0,490819392			
64,04454167	0,483601459			
64,12788083	0,479992493			
64,21122028	0,483601459			
64,29453722	0,476383527			
64,37787917	0,483601459			
64,46121861	0,465556629			
64,54453556	0,472774561			
64,62787778	0,483601459			
64,71121694	0,479992493			
64,79453389	0,487210426			
64,87787611	0,483601459			
64,96121528	0,490819392			
65,04455444	0,498037324			
65,12787167	0,498037324			
65,21121361	0,487210426			
65,29455306	0,494428358			
65,37787	0,490819392			
65,46121194	0,50164629			
65,54455139	0,505255256			
65,62786833	0,498037324			
65,71121028	0,498037324			
65,79454972	0,505255256			
65,87788889	0,512473188			
65,96120611	0,505255256			
66,04454806	0,498037324			
66,12788722	0,512473188			
66,21120444	0,50164629			
66,29454639	0,505255256			
66,37788583	0,508864222			
66,46120278	0,505255256			
66,54452528	0,505255256			
66,62788417	0,50164629			
66,71120111	0,512473188			
66,79454028	0,516082155			
66,8778825	0,512473188			
66,96122167	0,50164629			
67,04453889	0,508864222			
67,12788083	0,505255256			
67,21120056	0,50164629			
67,29453722	0,50164629			
67,37787639	0,508864222			
67,46121833	0,505255256			
67,54455778	0,508864222			
67,62787472	0,498037324			
67,71121694	0,519691121			
67,79455611	0,530518019			
67,87787861	0,519691121			
67,96121528	0,516082155			
68,04455444	0,523300087			
68,12787139	0,530518019			
68,21121083	0,523300087			
68,29455278	0,508864222			
68,37787	0,512473188			
68,46120917	0,523300087			
68,54455389	0,519691121			
68,62786833	0,530518019			
68,7112075	0,526909053			
68,79454972	0,526909053			
68,87786667	0,519691121			
68,96120583	0,516082155			
69,04454806	0,519691121			
69,12788722	0,508864222			
69,21120417	0,523300087			
69,29454361	0,523300087			
69,37788556	0,530518019			
69,4612025	0,537735951			
69,54454194	0,530518019			
69,62788389	0,537735951			
69,71122333	0,537735951			
69,79454028	0,530518019			
69,87788222	0,534126985			
69,96122167	0,544953883			
70,04453861	0,537735951			
70,12787806	0,530518019			
70,21122	0,530518019			
70,29455917	0,530518019			
70,37787639	0,530518019			
70,46121833	0,526909053			
70,54453528	0,541344917			
70,62787472	0,544953883			
70,71121667	0,541344917			
70,79455611	0,544953883			
70,87787306	0,54856285			
70,96121222	0,544953883			
71,04455444	0,530518019			
71,12787139	0,544953883			
71,21121056	0,544953883			
71,29455278	0,541344917			
71,37786972	0,537735951			
71,46120917	0,544953883			
71,54454833	0,541344917			
71,62789028	0,537735951			
71,7112075	0,54856285			
71,79454667	0,544953883			
71,87788889	0,552171816			
71,96120583	0,54856285			
72,044545	0,544953883			
72,12788722	0,552171816			
72,21120417	0,54856285			
72,29454333	0,54856285			
72,37788556	0,54856285			
72,46118306	0,541344917			
72,54454194	0,54856285			
72,62788389	0,552171816			
72,71122306	0,552171816			
72,79454028	0,559389748			
72,87787944	0,544953883			
72,96122139	0,555780782			
73,04453861	0,562998714			
73,12786111	0,562998714			
73,21122	0,562998714			
73,29453694	0,562998714			
73,37787611	0,570216646			
73,46121556	0,559389748			
73,54453528	0,56660768			
73,62787444	0,570216646			
73,71121389	0,562998714			
73,79453639	0,562998714			
73,87787306	0,555780782			
73,96121222	0,562998714			
74,04455417	0,559389748			
74,12787139	0,570216646			
74,21121056	0,570216646			
74,29455	0,562998714			
74,37786972	0,570216646			
74,46121444	0,570216646			
74,54454833	0,573825612			
74,62789028	0,570216646			
74,71120722	0,581043545			
74,79454667	0,577434578			
74,87788861	0,570216646			
74,96120556	0,570216646			
75,044545	0,577434578			
75,12788972	0,56660768			
75,21120417	0,573825612			
75,29454333	0,577434578			
75,3778825	0,584652511			
75,46119972	0,573825612			
75,54454167	0,577434578			
75,62788111	0,584652511			
75,71122306	0,573825612			
75,79454	0,581043545			
75,87787944	0,588261477			
75,96122139	0,577434578			
76,04453556	0,577434578			
76,12787778	0,584652511			
76,21121694	0,573825612			
76,29453417	0,581043545			
76,37787611	0,584652511			
76,46121528	0,584652511			
76,5445325	0,588261477			
76,62787444	0,599088375			
76,71121361	0,595479409			
76,79455306	0,588261477			
76,87787	0,591870443			
76,96121222	0,595479409			
77,04455139	0,599088375			
77,12786833	0,584652511			
77,21121056	0,595479409			
77,29454972	0,595479409			
77,37786667	0,591870443			
77,46120889	0,595479409			
77,54454806	0,595479409			
77,6278875	0,584652511			
77,71120444	0,599088375			
77,79454639	0,606306307			
77,87788583	0,606306307			
77,96120278	0,609915274			
78,044545	0,599088375			
78,12788417	0,595479409			
78,21120111	0,602697341			
78,29454333	0,602697341			
78,3778825	0,61352424			
78,46119944	0,61352424			
78,54454167	0,620742172			
78,62788083	0,620742172			
78,71122028	0,609915274			
78,79453722	0,609915274			
78,87787917	0,606306307			
78,96121861	0,61352424			
79,04451611	0,606306307			
79,1278775	0,606306307			
79,21121694	0,609915274			
79,29453389	0,617133206			
79,37787333	0,627960104			
79,46121528	0,620742172			
79,54455444	0,635178036			
79,62787167	0,624351138			
79,71119417	0,617133206			
79,79455306	0,624351138			
79,87787	0,620742172			
79,96121194	0,624351138			
80,04455139	0,620742172			
80,12786833	0,620742172			
80,21121028	0,620742172			
80,29454972	0,627960104			
80,37787222	0,620742172			
80,46120611	0,61352424			
80,54454806	0,61352424			
80,62788722	0,617133206			
80,71120444	0,620742172			
80,79454639	0,617133206			
80,87788556	0,624351138			
80,96120278	0,635178036			
81,0445475	0,635178036			
81,12788417	0,638787002			
81,21120111	0,63156907			
81,29454028	0,63156907			
81,3778825	0,627960104			
81,46122167	0,635178036			
81,54453861	0,635178036			
81,62790306	0,638787002			
81,71122556	0,627960104			
81,79458444	0,627960104			
81,87790139	0,627960104			
81,96124056	0,635178036			
82,04458278	0,638787002			
82,12789972	0,635178036			
82,21123917	0,642395969			
82,29458111	0,646004935			
82,37790083	0,649613901			
82,4612375	0,646004935			
82,54457667	0,646004935			
82,62789639	0,649613901			
82,71123583	0,642395969			
82,794575	0,649613901			
82,87791722	0,642395969			
82,96123417	0,649613901			
83,04457889	0,656831833			
83,12791556	0,656831833			
83,2112325	0,660440799			
83,29457194	0,667658731			
83,37791111	0,664049765			
83,46123083	0,653222867			
83,54457028	0,656831833			
83,62790944	0,660440799			
83,71125444	0,656831833			
83,79456861	0,667658731			
83,87790778	0,667658731			
83,96125	0,674876664			
84,04456694	0,674876664			
84,12790611	0,667658731			
84,21124556	0,656831833			
84,2945875	0,664049765			
84,37790444	0,671267697			
84,46124389	0,674876664			
84,54456083	0,671267697			
84,62790306	0,682094596			
84,71124222	0,656831833			
84,79458417	0,667658731			
84,87790139	0,656831833			
84,96124056	0,656831833			
85,04458	0,671267697			
85,12789972	0,674876664			
85,21123889	0,674876664			
85,29457833	0,667658731			
85,37789528	0,67848563			
85,46123722	0,667658731			
85,54457667	0,67848563			
85,62789361	0,685703562			
85,71123583	0,689312528			
85,794575	0,67848563			
85,87791417	0,674876664			
85,96123417	0,682094596			
86,04457333	0,671267697			
86,1279125	0,682094596			
86,21122972	0,689312528			
86,29457167	0,685703562			
86,37791111	0,689312528			
86,46122806	0,689312528			
86,54456722	0,682094596			
86,62790944	0,682094596			
86,71124861	0,682094596			
86,79456833	0,685703562			
86,87790778	0,689312528			
86,96124694	0,692921494			
87,04456417	0,674876664			
87,12790611	0,682094596			
87,21124528	0,692921494			
87,2945625	0,700139426			
87,37790444	0,703748393			
87,46124389	0,700139426			
87,54456083	0,703748393			
87,62788333	0,700139426			
87,71124222	0,69653046			
87,79458139	0,689312528			
87,87789833	0,710966325			
87,96124056	0,710966325			
88,04457972	0,714575291			
88,12789667	0,714575291			
88,21123889	0,714575291			
88,29456139	0,707357359			
88,37789528	0,714575291			
88,46123444	0,707357359			
88,54457639	0,714575291			
88,62791583	0,714575291			
88,71123278	0,710966325			
88,794575	0,703748393			
88,87791417	0,703748393			
88,96123667	0,700139426			
89,04457333	0,707357359			
89,1279125	0,710966325			
89,21122944	0,714575291			
89,29456889	0,721793223			
89,37791083	0,707357359			
89,46125028	0,703748393			
89,54456722	0,710966325			
89,62791194	0,725402189			
89,71124861	0,725402189			
89,79456556	0,732620121			
89,8779075	0,729011155			
89,96124694	0,729011155			
90,04458611	0,725402189			
90,12790333	0,718184257			
90,21124528	0,732620121			
90,29458444	0,729011155			
90,37790167	0,729011155			
90,46124361	0,732620121			
90,54458306	0,718184257			
90,6279	0,721793223			
90,71124194	0,725402189			
90,79458139	0,732620121			
90,87789833	0,739838054			
90,96124028	0,74344702			
91,04457972	0,74344702			
91,12789667	0,736229088			
91,21123611	0,729011155			
91,29457806	0,736229088			
91,37791722	0,739838054			
91,46123444	0,74344702			
91,54457639	0,739838054			
91,62791556	0,750664952			
91,71123278	0,74344702			
91,79457194	0,732620121			
91,87791417	0,729011155			
91,96123111	0,739838054			
92,04457028	0,739838054			
92,1279125	0,750664952			
92,21122944	0,754273918			
92,29456861	0,747055986			
92,37791083	0,750664952			
92,46125	0,74344702			
92,54456722	0,750664952			
92,62790917	0,747055986			
92,71124833	0,757882884			
92,79456556	0,754273918			
92,87790472	0,757882884			
92,96124694	0,750664952			
93,04456389	0,747055986			
93,12790306	0,754273918			
93,21124528	0,754273918			
93,29458444	0,754273918			
93,37790139	0,754273918			
93,46124083	0,757882884			
93,54458278	0,750664952			
93,62789972	0,739838054			
93,71123917	0,754273918			
93,79458111	0,754273918			
93,87789833	0,74344702			
93,9612375	0,765100816			
94,04457944	0,76149185			
94,12789667	0,765100816			
94,21121639	0,765100816			
94,29457528	0,765100816			
94,37791722	0,76149185			
94,46123417	0,76149185			
94,54457361	0,772318749			
94,62791556	0,772318749			
94,7112325	0,775927715			
94,79457194	0,76149185			
94,87789444	0,775927715			
94,96123111	0,754273918			
95,04457028	0,772318749			
95,12791222	0,765100816			
95,21122667	0,754273918			
95,29456861	0,765100816			
95,37790778	0,783145647			
95,46125	0,772318749			
95,54456972	0,783145647			
95,62790639	0,772318749			
95,71124556	0,772318749			
95,79456528	0,768709783			
95,87790472	0,772318749			
95,96124389	0,775927715			
96,04456083	0,772318749			
96,12790306	0,779536681			
96,21124778	0,779536681			
96,29458444	0,783145647			
96,37790139	0,779536681			
96,46124056	0,779536681			
96,54458	0,779536681			
96,62789972	0,779536681			
96,71123917	0,793972545			
96,79458111	0,779536681			
96,87789528	0,779536681			
96,9612375	0,779536681			
97,04457667	0,779536681			
97,12791889	0,783145647			
97,21123583	0,793972545			
97,294575	0,797581512			
97,37791444	0,790363579			
97,46123417	0,793972545			
97,54457333	0,793972545			
97,62791278	0,793972545			
97,7112325	0,786754613			
97,79457167	0,786754613			
97,87791111	0,793972545			
97,96122806	0,804799444			
98,04457028	0,793972545			
98,12790944	0,797581512			
98,21124861	0,797581512			
98,29456861	0,797581512			
98,37790778	0,793972545			
98,46124722	0,812017376			
98,54456417	0,812017376			
98,62790611	0,812017376			
98,71124556	0,819235308			
98,7945625	0,812017376			
98,87790444	0,80840841			
98,96124389	0,804799444			
99,04456083	0,801190478			
99,12790306	0,801190478			
99,21124222	0,815626342			
99,29458139	0,819235308			
99,37789861	0,815626342			
99,46124056	0,819235308			
99,54457972	0,80840841			
99,62789694	0,812017376			
99,71123889	0,80840841			
99,79457833	0,815626342			
99,87789528	0,822844274			
99,96123722	0,819235308			
100,0445767	0,819235308			
100,1279158	0,819235308			
100,2112356	0,815626342			
100,294575	0,822844274			
100,3779142	0,812017376			
100,4612314	0,815626342			
100,5445733	0,819235308			
100,6279125	0,830062207			
100,7112297	0,822844274			
100,7945522	0,82645324			
100,8779111	0,819235308			
100,9612503	0,812017376			
101,04457	0,822844274			
101,1279094	0,82645324			
101,2112486	0,822844274			
101,2945656	0,82645324			
101,3779078	0,833671173			
101,4612275	0,833671173			
101,5445639	0,833671173			
101,6279061	0,833671173			
101,7112453	0,830062207			
101,7945847	0,837280139			
101,8779044	0,840889105			
101,9612436	0,840889105			
102,0445831	0,848107037			
102,1279056	0,848107037			
102,2112422	0,840889105			
102,2945814	0,833671173			
102,3778983	0,840889105			
102,4612406	0,833671173			
102,5445797	0,82645324			
102,6278967	0,833671173			
102,7112361	0,840889105			
102,7945808	0,837280139			
102,8779175	0,840889105			
102,9612344	0,855324969			
103,0445764	0,844498071			
103,1279158	0,858933935			
103,2112328	0,858933935			
103,2945747	0,851716003			
103,3779142	0,851716003			
103,4612311	0,844498071			
103,5445706	0,848107037			
103,6279125	0,844498071			
103,7112294	0,837280139			
103,7945689	0,851716003			
103,8779108	0,848107037			
103,9612503	0,851716003			
104,0445672	0,848107037			
104,1279064	0,858933935			
104,2112486	0,858933935			
104,2945656	0,858933935			
104,3779075	0,866151868			
104,4612469	0,866151868			
104,5445639	0,866151868			
104,6279033	0,862542902			
104,7112453	0,862542902			
104,7945844	0,880587732			
104,8779017	0,869760834			
104,9612436	0,869760834			
105,0445828	0,866151868			
105,1279	0,866151868			
105,2112392	0,8733698			
105,2945814	0,8733698			
105,3779206	0,8733698			
105,4612375	0,8733698			
105,5445797	0,876978766			
105,6278967	0,8733698			
105,7112358	0,8733698			
105,7945781	0,8733698			
105,8779172	0,880587732			
105,9612344	0,884196698			
106,0445736	0,880587732			
106,1279156	0,869760834			
106,2112328	0,869760834			
106,2945719	0,880587732			
106,3779142	0,876978766			
106,4612311	0,891414631			
106,5445703	0,876978766			
106,6279125	0,884196698			
106,71121	0,869760834			
106,7945686	0,884196698			
106,8779081	0,884196698			
106,96125	0,891414631			
107,0445669	0,891414631			
107,1279064	0,887805664			
107,2112483	0,895023597			
107,2945656	0,895023597			
107,3778853	0,905850495			
107,4612467	0,891414631			
107,5445639	0,895023597			
107,6279031	0,891414631			
107,7112425	0,895023597			
107,7945844	0,905850495			
107,8779014	0,898632563			
107,9612408	0,895023597			
108,0445633	0,887805664			
108,1278997	0,898632563			
108,2112392	0,898632563			
108,2945811	0,898632563			
108,3778983	0,905850495			
108,4612375	0,905850495			
108,5445794	0,891414631			
108,6278967	0,898632563			
108,7112414	0,898632563			
108,794575	0,909459461			
108,8779172	0,902241529			
108,9612342	0,909459461			
109,0445736	0,909459461			
109,1279156	0,905850495			
109,2112325	0,909459461			
109,2945719	0,909459461			
109,3779167	0,909459461			
109,4612281	0,920286359			
109,5445703	0,913068427			
109,6279094	0,913068427			
109,7112267	0,920286359			
109,7945686	0,923895326			
109,8779078	0,923895326			
109,96125	0,916677393			
110,0445669	0,916677393			
110,1279064	0,905850495			
110,2112456	0,923895326			
110,2945625	0,916677393			
110,3779047	0,920286359			
110,4612439	0,93833119			
110,5445608	0,927504292			
110,6279031	0,913068427			
110,7112422	0,909459461			
110,7945817	0,931113258			
110,8779014	0,923895326			
110,9612406	0,931113258			
111,04458	0,931113258			
111,1278969	0,923895326			
111,2112389	0,923895326			
111,2945783	0,923895326			
111,3778953	0,927504292			
111,4612375	0,931113258			
111,5445767	0,934722224			
111,6278936	0,923895326			
111,7112358	0,931113258			
111,794575	0,941940156			
111,8779172	0,941940156			
111,9612314	0,931113258			
112,0445733	0,916677393			
112,1279128	0,927504292			
112,2112297	0,93833119			
112,2945717	0,93833119			
112,3779111	0,945549122			
112,4612531	0,931113258			
112,5445703	0,949158088			
112,6279094	0,949158088			
112,7112486	0,949158088			
112,7945686	0,93833119			
112,8779078	0,945549122			
112,9612469	0,93833119			
113,0445642	0,945549122			
113,1279061	0,941940156			
113,2112456	0,956376021			
113,2945875	0,945549122			
113,3779044	0,952767054			
113,4612439	0,941940156			
113,5445608	0,945549122			
113,6279028	0,956376021			
113,7112422	0,956376021			
113,7945814	0,956376021			
113,8778986	0,959984987			
113,9612211	0,945549122			
114,0445797	0,949158088			
114,1278969	0,956376021			
114,2112389	0,956376021			
114,2945783	0,963593953			
114,3778953	0,959984987			
114,4612344	0,963593953			
114,5445767	0,949158088			
114,6278964	0,956376021			
114,7112328	0,956376021			
114,794575	0,970811885			
114,8779142	0,963593953			
114,9612311	0,963593953			
115,0445733	0,956376021			
115,1279125	0,956376021			
115,2112297	0,956376021			
115,2945744	0,963593953			
115,3779108	0,970811885			
115,4612503	0,970811885			
115,5445672	0,963593953			
115,6279094	0,970811885			
115,7112486	0,956376021			
115,7945656	0,963593953			
115,8779078	0,978029817			
115,9612469	0,978029817			
116,0445861	0,978029817			
116,1279033	0,978029817			
116,2112453	0,981638783			
116,2945847	0,970811885			
116,3779017	0,963593953			
116,4612436	0,970811885			
116,5445831	0,98524775			
116,6279	0,981638783			
116,7112392	0,988856716			
116,7945814	0,98524775			
116,8778983	0,988856716			
116,9612378	0,98524775			
117,0445797	0,981638783			
117,1279189	0,988856716			
117,2112361	0,996074648			
117,2945781	0,996074648			
117,3779175	0,978029817			
117,4612344	0,978029817			
117,5445736	0,98524775			
117,6279158	0,98524775			
117,7112328	0,996074648			
117,7945747	0,996074648			
117,8779142	0,988856716			
117,9612311	0,98524775			
118,0445706	0,98524775			
118,1279125	0,992465682			
118,2112294	0,999683614			
118,2945689	0,996074648			
118,3779108	0,999683614			
118,46125	0,999683614			
118,5445672	0,992465682			
118,6279064	0,988856716			
118,7112486	1,006901546			
118,7945656	1,00329258			
118,8779047	1,00329258			
118,9612469	1,010510512			
119,0445639	0,992465682			
119,1279031	0,988856716			
119,2112453	1,00329258			
119,2945844	1,006901546			
119,3779017	1,006901546			
119,4612408	1,014119478			
119,5445828	1,010510512			
119,6279	1,006901546			
119,7112392	1,00329258			
119,7945814	1,010510512			
119,8778789	1,010510512			
119,9612375	1,010510512			
120,0445797	1,010510512			
120,1278967	1,014119478			
120,2112358	0,999683614			
120,2945753	1,010510512			
120,3779172	1,014119478			
120,4612342	1,017728445			
120,5445569	1,017728445			
120,6279156	1,010510512			
120,7112328	1,010510512			
120,7945719	1,021337411			
120,8779111	1,024946377			
120,9612311	1,017728445			
121,0445703	1,021337411			
121,1279097	1,017728445			
121,2112322	1,017728445			
121,2945686	1,010510512			
121,3779081	1,024946377			
121,46125	1,032164309			
121,5445669	1,024946377			
121,6279064	1,024946377			
121,7112456	1,017728445			
121,7945656	1,021337411			
121,8779103	1,035773275			
121,9612439	1,028555343			
122,0445861	1,035773275			
122,1279031	1,039382241			
122,2112422	1,028555343			
122,2945844	1,017728445			
122,3779014	1,024946377			
122,4612408	1,042991207			
122,5445828	1,032164309			
122,6278969	1,032164309			
122,7112392	1,042991207			
122,7945783	1,035773275			
122,8778981	1,035773275			
122,9612375	1,05020914			
123,0445767	1,042991207			
123,1278939	1,042991207			
123,2112358	1,05020914			
123,294575	1,042991207			
123,3779172	1,039382241			
123,4612342	1,042991207			
123,5445736	1,046600173			
123,6279128	1,05020914			
123,7112297	1,039382241			
123,7945719	1,042991207			
123,8779111	1,042991207			
123,9612281	1,042991207			
124,0445703	1,053818106			
124,1279094	1,046600173			
124,2112517	1,05020914			
124,2945686	1,042991207			
124,3779078	1,042991207			
124,4612472	1,042991207			
124,5445669	1,057427072			
124,6279061	1,053818106			
124,7112456	1,061036038			
124,7945653	1,053818106			
124,8779047	1,05020914			
124,9612439	1,05020914			
125,0445858	1,061036038			
125,1279031	1,053818106			
125,2112422	1,05020914			
125,2945844	1,05020914			
125,3778986	1,05020914			
125,4612406	1,057427072			
125,54458	1,064645004			
125,6278969	1,061036038			
125,7112389	1,064645004			
125,7945783	1,057427072			
125,8778953	1,071862936			
125,9612372	1,053818106			
126,0445767	1,057427072			
126,1279186	1,06825397			
126,2112331	1,082689835			
126,294575	1,06825397			
126,3779142	1,071862936			
126,4612147	1,075471902			
126,5445733	1,06825397			
126,6279128	1,075471902			
126,7112297	1,071862936			
126,7945717	1,075471902			
126,8779111	1,075471902			
126,9612503	1,064645004			
127,04457	1,06825397			
127,12789	1,06825397			
127,2112486	1,082689835			
127,2945658	1,071862936			
127,3779078	1,082689835			
127,4612469	1,079080869			
127,5445642	1,079080869			
127,6279061	1,082689835			
127,7112453	1,075471902			
127,7945681	1,089907767			
127,8779017	1,082689835			
127,9612439	1,086298801			
128,0445608	1,082689835			
128,1279	1,079080869			
128,2112422	1,079080869			
128,2945814	1,089907767			
128,3778983	1,082689835			
128,4612433	1,089907767			
128,5445797	1,093516733			
128,6278969	1,093516733			
128,7112389	1,097125699			
128,7945781	1,079080869			
128,8778953	1,082689835			
128,9612344	1,089907767			
129,0445767	1,086298801			
129,1279158	1,089907767			
129,2112328	1,093516733			
129,294575	1,086298801			
129,3779142	1,089907767			
129,4612311	1,089907767			
129,5445706	1,097125699			
129,6279125	1,097125699			
129,7112297	1,104343631			
129,7945689	1,104343631			
129,8779108	1,089907767			
129,9612503	1,086298801			
130,0445672	1,089907767			
130,1279092	1,100734665			
130,2112486	1,100734665			
130,2945656	1,107952597			
130,3779078	1,111561564			
130,4612469	1,097125699			
130,5445639	1,093516733			
130,6279033	1,104343631			
130,7112453	1,097125699			
130,7945847	1,107952597			
130,8779017	1,104343631			
130,9612436	1,107952597			
131,0445831	1,107952597			
131,1279	1,107952597			
131,2112419	1,118779496			
131,2945814	1,118779496			
131,3779206	1,122388462			
131,4612375	1,107952597			
131,5445797	1,11517053			
131,6278967	1,107952597			
131,7112361	1,107952597			
131,7945781	1,11517053			
131,8779172	1,118779496			
131,9612344	1,122388462			
132,0445736	1,11517053			
132,1279158	1,118779496			
132,2112328	1,118779496			
132,2945719	1,129606394			
132,3779142	1,125997428			
132,4612311	1,122388462			
132,5445703	1,13321536			
132,6279125	1,118779496			
132,7112294	1,11517053			
132,7945689	1,122388462			
132,8779108	1,129606394			
132,96125	1,129606394			
133,0445478	1,129606394			
133,1279064	1,122388462			
133,2112486	1,122388462			
133,2945656	1,11517053			
133,3779047	1,11517053			
133,4612469	1,122388462			
133,5445639	1,13321536			
133,6279031	1,13321536			
133,7112258	1,13321536			
133,7945844	1,125997428			
133,8779014	1,147651225			
133,9612408	1,140433292			
134,0445828	1,129606394			
134,1279	1,125997428			
134,2112392	1,122388462			
134,2945811	1,140433292			
134,3779011	1,13321536			
134,4612375	1,13321536			
134,5445769	1,129606394			
134,6278967	1,140433292			
134,7112358	1,136824326			
134,7945781	1,140433292			
134,8779172	1,144042259			
134,9612342	1,147651225			
135,0445792	1,147651225			
135,1279156	1,125997428			
135,2112328	1,136824326			
135,2945719	1,151260191			
135,3779139	1,147651225			
135,4612311	1,154869157			
135,5445731	1,151260191			
135,6279094	1,158478123			
135,7112267	1,147651225			
135,7945686	1,147651225			
135,8779081	1,147651225			
135,96125	1,158478123			
136,0445669	1,162087089			
136,1279064	1,154869157			
136,2112456	1,158478123			
136,2945653	1,165696055			
136,3779047	1,162087089			
136,4612439	1,169305021			
136,5445611	1,158478123			
136,6279031	1,147651225			
136,7112422	1,147651225			
136,7945844	1,158478123			
136,8779014	1,169305021			
136,9612408	1,158478123			
137,04458	1,162087089			
137,1278997	1,169305021			
137,2112392	1,176522954			
137,2945783	1,169305021			
137,3778953	1,162087089			
137,4612375	1,154869157			
137,5445767	1,162087089			
137,6278936	1,169305021			
137,7112358	1,165696055			
137,794575	1,172913988			
137,8779172	1,176522954			
137,9612342	1,162087089			
138,0445733	1,154869157			
138,1279128	1,169305021			
138,2112325	1,18013192			
138,2945719	1,18013192			
138,3779111	1,18013192			
138,4612281	1,169305021			
138,5445703	1,169305021			
138,6279094	1,162087089			
138,7112489	1,169305021			
138,7945686	1,176522954			
138,8779078	1,176522954			
138,9612472	1,183740886			
139,0445642	1,18013192			
139,1279061	1,18013192			
139,2112456	1,169305021			
139,2945625	1,18013192			
139,3779044	1,183740886			
139,4612439	1,187349852			
139,5445831	1,190958818			
139,6278836	1,183740886			
139,7112422	1,176522954			
139,7945814	1,18013192			
139,8778986	1,172913988			
139,9612406	1,187349852			
140,04458	1,194567784			
140,1278969	1,190958818			
140,2112389	1,194567784			
140,2945589	1,187349852			
140,3779175	1,183740886			
140,4612344	1,190958818			
140,5445767	1,201785716			
140,6279158	1,201785716			
140,7112331	1,19817675			
140,794575	1,194567784			
140,8779142	1,194567784			
140,9612369	1,187349852			
141,0445733	1,194567784			
141,1279125	1,19817675			
141,2112297	1,19817675			
141,2945689	1,194567784			
141,3779111	1,205394683			
141,4612503	1,194567784			
141,5445672	1,194567784			
141,6279122	1,19817675			
141,7112486	1,201785716			
141,7945656	1,209003649			
141,8779078	1,201785716			
141,9612469	1,209003649			
142,0445642	1,201785716			
142,1279061	1,209003649			
142,2112453	1,212612615			
142,2945847	1,212612615			
142,3779017	1,209003649			
142,4612439	1,201785716			
142,5445831	1,201785716			
142,6279	1,201785716			
142,7112422	1,209003649			
142,7945814	1,212612615			
142,8778983	1,219830547			
142,9612378	1,212612615			
143,0445797	1,219830547			
143,1278967	1,219830547			
143,2112361	1,227048479			
143,2945781	1,209003649			
143,3779175	1,212612615			
143,4612344	1,219830547			
143,5446211	1,227048479			
143,6279436	1,227048479			
143,7113025	1,227048479			
143,7946194	1,212612615			
143,8779586	1,212612615			
143,9613008	1,223439513			
144,04464	1,212612615			
144,1279569	1,227048479			
144,2112992	1,223439513			
144,2946217	1,219830547			
144,3779553	1,227048479			
144,4612975	1,219830547			
144,5446367	1,223439513			
144,6279539	1,209003649			
144,7112958	1,216221581			
144,794635	1,227048479			
144,8779522	1,223439513			
144,9612969	1,227048479			
145,0446336	1,234266411			
145,1279506	1,227048479			
145,2112897	1,234266411			
145,2946319	1,234266411			
145,3779711	1,223439513			
145,4612881	1,223439513			
145,5446303	1,227048479			
145,6279694	1,227048479			
145,7112867	1,223439513			
145,7946258	1,24509331			
145,8779678	1,237875378			
145,961285	1,248702276			
146,0446242	1,241484344			
146,1279661	1,230657445			
146,2113056	1,237875378			
146,2946225	1,248702276			
146,3779619	1,237875378			
146,4613039	1,241484344			
146,5446208	1,241484344			
146,6279603	1,234266411			
146,7113244	1,234266411			
146,7946889	1,241484344			
146,8780281	1,241484344			
146,9613283	1,237875378			
147,0446872	1,248702276			
147,1280264	1,248702276			
147,2113436	1,241484344			
147,2946828	1,255920208			
147,3780247	1,241484344			
147,4613419	1,252311242			
147,5446811	1,248702276			
147,6280039	1,248702276			
147,7113625	1,241484344			
147,7946794	1,241484344			
147,8780217	1,248702276			
147,9613608	1,248702276			
148,0446778	1,248702276			
148,12802	1,259529174			
148,2113592	1,266747107			
148,2946819	1,259529174			
148,3780156	1,259529174			
148,4613575	1,259529174			
148,5446747	1,259529174			
148,6280139	1,259529174			
148,7113561	1,255920208			
148,7946953	1,259529174			
148,8780122	1,266747107			
148,9613572	1,270356073			
149,0446936	1,259529174			
149,1280106	1,26313814			
149,21135	1,259529174			
149,2946919	1,273965039			
149,3780089	1,273965039			
149,4613483	1,270356073			
149,5446903	1,270356073			
149,6280075	1,259529174			
149,7113467	1,273965039			
149,7946886	1,277574005			
149,8780281	1,273965039			
149,961345	1,273965039			
150,0446844	1,26313814			
150,1280264	1,266747107			
150,2113433	1,273965039			
150,2946828	1,273965039			
150,3780247	1,277574005			
150,4613417	1,281182971			
150,5446811	1,270356073			
150,6280231	1,277574005			
150,7113625	1,273965039			
150,7946794	1,292009869			
150,8780186	1,273965039			
150,9613608	1,266747107			
151,0446778	1,270356073			
151,1280169	1,270356073			
151,2113592	1,281182971			
151,2946761	1,281182971			
151,3780156	1,281182971			
151,4613547	1,277574005			
151,5446967	1,284791937			
151,6280139	1,281182971			
151,7113531	1,281182971			
151,7946953	1,295618835			
151,8780122	1,292009869			
151,9613514	1,292009869			
152,0446936	1,292009869			
152,1280106	1,299227802			
152,2113497	1,299227802			
152,2946892	1,288400903			
152,3780089	1,288400903			
152,4613483	1,288400903			
152,5446875	1,284791937			
152,6280044	1,302836768			
152,7113467	1,299227802			
152,7946858	1,295618835			
152,8780278	1,302836768			
152,961345	1,306445734			
153,0446842	1,299227802			
153,1280264	1,292009869			
153,2113433	1,292009869			
153,2946825	1,299227802			
153,3780247	1,299227802			
153,4613417	1,299227802			
153,5446614	1,3100547			
153,6280453	1,313663666			
153,7114069	1,306445734			
153,7947489	1,3100547			
153,8780658	1,306445734			
153,9614053	1,292009869			
154,0447472	1,302836768			
154,1280864	1,313663666			
154,2114036	1,302836768			
154,2947428	1,306445734			
154,3780625	1,299227802			
154,4614019	1,299227802			
154,5447411	1,306445734			
154,6280833	1,317272632			
154,7114003	1,313663666			
154,7947394	1,317272632			
154,8780817	1,313663666			
154,9613986	1,317272632			
155,0447381	1,320881598			
155,12808	1,324490564			
155,2113969	1,313663666			
155,2947392	1,3100547			
155,3780756	1,313663666			
155,4613953	1,317272632			
155,5447347	1,320881598			
155,6280739	1,320881598			
155,7114161	1,320881598			
155,7947331	1,317272632			
155,8780722	1,317272632			
155,9614144	1,313663666			
156,0447286	1,320881598			
156,1280706	1,324490564			
156,21141	1,331708497			
156,2947297	1,32809953			
156,3780692	1,331708497			
156,4614083	1,331708497			
156,5447503	1,331708497			
156,6280675	1,335317463			
156,7114067	1,335317463			
156,7947461	1,342535395			
156,8780464	1,320881598			
156,961405	1,317272632			
157,0447444	1,331708497			
157,1280642	1,338926429			
157,2114033	1,342535395			
157,2947428	1,342535395			
157,3780847	1,338926429			
157,4614019	1,346144361			
157,5447217	1,346144361			
157,6280803	1,342535395			
157,7114003	1,331708497			
157,7947394	1,331708497			
157,8780786	1,335317463			
157,9613958	1,338926429			
158,0447378	1,346144361			
158,1280772	1,342535395			
158,2113997	1,338926429			
158,2947361	1,331708497			
158,3780756	1,342535395			
158,4614175	1,342535395			
158,5447317	1,349753327			
158,6280739	1,346144361			
158,7114131	1,349753327			
158,7947303	1,356971259			
158,878075	1,349753327			
158,9614114	1,353362293			
159,0447536	1,356971259			
159,1280706	1,364189192			
159,21141	1,360580226			
159,2947519	1,349753327			
159,3780689	1,346144361			
159,4614083	1,349753327			
159,5447475	1,353362293			
159,6280644	1,360580226			
159,7114067	1,360580226			
159,7947458	1,360580226			
159,8780628	1,360580226			
159,961405	1,367798158			
160,0447442	1,353362293			
160,1280614	1,356971259			
160,2114006	1,353362293			
160,2947425	1,360580226			
160,3780819	1,367798158			
160,4613989	1,353362293			
160,5447411	1,37501609			
160,6280803	1,349753327			
160,7113972	1,353362293			
160,7947394	1,364189192			
160,8780786	1,364189192			
160,9614181	1,364189192			
161,0447378	1,37501609			
161,1280769	1,364189192			
161,2113942	1,371407124			
161,2947333	1,378625056			
161,3780753	1,378625056			
161,4614147	1,371407124			
161,5447317	1,356971259			
161,6280739	1,360580226			
161,7114131	1,371407124			
161,79473	1,378625056			
161,8780722	1,37501609			
161,9614114	1,37501609			
162,0447533	1,385842988			
162,1280678	1,382234022			
162,2114097	1,385842988			
162,2947492	1,378625056			
162,3780661	1,37501609			
162,4614081	1,371407124			
162,5447475	1,382234022			
162,6280644	1,378625056			
162,7114064	1,378625056			
162,7947458	1,385842988			
162,8780628	1,385842988			
162,9614022	1,378625056			
163,0447442	1,389451954			
163,1280833	1,385842988			
163,2114006	1,393060921			
163,2947425	1,393060921			
163,3780819	1,371407124			
163,4613794	1,385842988			
163,5447408	1,393060921			
163,6280803	1,393060921			
163,7114194	1,393060921			
163,7947364	1,400278853			
163,8780786	1,396669887			
163,9613956	1,396669887			
164,0447347	1,400278853			
164,1280575	1,385842988			
164,2114161	1,385842988			
164,2947333	1,385842988			
164,3780753	1,393060921			
164,4614144	1,400278853			
164,5447317	1,403887819			
164,6280708	1,393060921			
164,7114131	1,411105751			
164,7947356	1,407496785			
164,8780692	1,393060921			
164,9614114	1,400278853			
165,0447506	1,407496785			
165,1280675	1,400278853			
165,2114097	1,396669887			
165,2947489	1,393060921			
165,3780661	1,396669887			
165,4614108	1,396669887			
165,5447472	1,400278853			
165,6280867	1,400278853			
165,7114036	1,407496785			
165,7947456	1,400278853			
165,8780628	1,400278853			
165,9614019	1,411105751			
166,0447442	1,407496785			
166,1280833	1,403887819			
166,2114003	1,411105751			
166,2947425	1,411105751			
166,3780817	1,411105751			
166,4613986	1,411105751			
166,5447381	1,400278853			
166,62808	1,411105751			
166,7113972	1,411105751			
166,7947364	1,421932649			
166,8780783	1,418323683			
166,9614178	1,414714717			
167,0447347	1,407496785			
167,1280742	1,407496785			
167,2114161	1,411105751			
167,2947358	1,418323683			
167,3780753	1,411105751			
167,4614144	1,418323683			
167,5447314	1,403887819			
167,6280708	1,418323683			
167,7114128	1,418323683			
167,7947297	1,411105751			
167,8780692	1,421932649			
167,9614083	1,421932649			
168,0447506	1,414714717			
168,1280675	1,411105751			
168,2114067	1,418323683			
168,2947489	1,425541616			
168,3780658	1,425541616			
168,4614053	1,425541616			
168,5447472	1,436368514			
168,6280642	1,425541616			
168,7114036	1,436368514			
168,7947428	1,421932649			
168,8780597	1,425541616			
168,9614019	1,425541616			
169,0447411	1,432759548			
169,1280833	1,425541616			
169,2114003	1,425541616			
169,2947394	1,429150582			
169,3780817	1,429150582			
169,4613986	1,432759548			
169,5447378	1,432759548			
169,6280772	1,432759548			
169,7113969	1,43997748			
169,7947364	1,43997748			
169,8780756	1,443586446			
169,9614175	1,436368514			
170,0447153	1,436368514			
170,1280739	1,443586446			
170,2114161	1,436368514			
170,2947331	1,43997748			
170,3780722	1,43997748			
170,4614117	1,436368514			
170,5447314	1,436368514			
170,6280706	1,447195412			
170,7113933	1,443586446			
170,7947269	1,43997748			
170,8780692	1,447195412			
170,9614083	1,443586446			
171,0447503	1,43997748			
171,1280675	1,43997748			
171,2114067	1,43997748			
171,2947486	1,447195412			
171,3780686	1,458022311			
171,461405	1,458022311			
171,5447444	1,447195412			
171,6280614	1,447195412			
171,7114033	1,458022311			
171,7947428	1,465240243			
171,8780847	1,450804378			
171,9614017	1,458022311			
172,0447467	1,43997748			
172,1280803	1,454413345			
172,2114003	1,454413345			
172,2947394	1,454413345			
172,3780786	1,458022311			
172,4614208	1,465240243			
172,5447378	1,450804378			
172,6280772	1,454413345			
172,7113942	1,465240243			
172,7947361	1,461631277			
172,8780756	1,461631277			
172,9614147	1,461631277			
173,0447344	1,450804378			
173,1280739	1,450804378			
173,2114131	1,454413345			
173,29473	1,458022311			
173,3780722	1,458022311			
173,4614114	1,465240243			
173,5447286	1,465240243			
173,6280706	1,476067141			
173,7114097	1,472458175			
173,7947492	1,472458175			
173,8780689	1,472458175			
173,9614083	1,468849209			
174,0447475	1,465240243			
174,1280672	1,468849209			
174,2114067	1,465240243			
174,2947458	1,472458175			
174,3780628	1,465240243			
174,461405	1,472458175			
174,5447442	1,472458175			
174,6280614	1,476067141			
174,7114033	1,479676107			
174,7947425	1,479676107			
174,8780819	1,479676107			
174,9613989	1,490503006			
175,0447408	1,490503006			
175,1280803	1,490503006			
175,2113972	1,483285073			
175,2947394	1,483285073			
175,3780786	1,472458175			
175,4613956	1,479676107			
175,5447378	1,479676107			
175,6280769	1,483285073			
175,7114164	1,483285073			
175,7947361	1,490503006			
175,8780753	1,483285073			
175,9614147	1,483285073			
176,0447317	1,483285073			
176,1280736	1,490503006			
176,2114131	1,490503006			
176,29473	1,490503006			
176,3780694	1,497720938			
176,4614114	1,50493887			
176,5447283	1,497720938			
176,6280511	1,494111972			
176,7114097	1,483285073			
176,7947267	1,494111972			
176,8780661	1,497720938			
176,9614081	1,497720938			
177,0447475	1,494111972			
177,1280644	1,50493887			
177,2114064	1,50493887			
177,2947264	1,501329904			
177,3780628	1,490503006			
177,4614019	1,48689404			
177,5447442	1,497720938			
177,6280833	1,50493887			
177,7114006	1,508547836			
177,7947425	1,497720938			
177,8780817	1,497720938			
177,9614044	1,501329904			
178,0447408	1,50493887			
178,1280803	1,501329904			
178,2113972	1,490503006			
178,2947364	1,497720938			
178,3780786	1,50493887			
178,4614178	1,508547836			
178,5447347	1,50493887			
178,6280797	1,508547836			
178,7114161	1,515765768			
178,7947333	1,512156802			
178,8780753	1,512156802			
178,9614144	1,501329904			
179,0447317	1,501329904			
179,1280708	1,508547836			
179,2114128	1,50493887			
179,2947522	1,515765768			
179,3780692	1,515765768			
179,4614114	1,512156802			
179,5447506	1,515765768			
179,6280675	1,526592667			
179,7114097	1,497720938			
179,7947489	1,515765768			
179,8780658	1,522983701			
179,9614053	1,522983701			
180,0447472	1,522983701			
180,1280644	1,522983701			
180,2114036	1,530201633			
180,2947456	1,533810599			
180,3780628	1,530201633			
180,4614019	1,526592667			
180,5447442	1,519374735			
180,6280833	1,522983701			
180,7114003	1,522983701			
180,7947425	1,522983701			
180,8780817	1,522983701			
180,9613986	1,530201633			
181,0447381	1,537419565			
181,12808	1,530201633			
181,2113969	1,537419565			
181,2947364	1,533810599			
181,3780783	1,537419565			
181,4614178	1,533810599			
181,5447347	1,530201633			
181,6280767	1,522983701			
181,7114161	1,530201633			
181,7947331	1,530201633			
181,8780725	1,533810599			
181,9614144	1,530201633			
182,0447314	1,533810599			
182,1280708	1,530201633			
182,2114128	1,533810599			
182,2947297	1,530201633			
182,3780692	1,537419565			
182,4614111	1,541028531			
182,5447506	1,541028531			
182,6280675	1,544637497			
182,7114067	1,541028531			
182,7947489	1,548246464			
182,8780658	1,537419565			
182,961405	1,522983701			
183,0447472	1,533810599			
183,1280642	1,541028531			
183,2113842	1,548246464			
183,2947456	1,544637497			
183,3780847	1,548246464			
183,4614019	1,544637497			
183,5447411	1,548246464			
183,6280833	1,55185543			
183,7114003	1,555464396			
183,7947394	1,555464396			
183,8780622	1,555464396			
183,9613986	1,559073362			
184,0447378	1,56990026			
184,12808	1,562682328			
184,2113942	1,562682328			
184,2947364	1,55185543			
184,3780756	1,55185543			
184,4614175	1,55185543			
184,5447403	1,55185543			
184,6280739	1,562682328			
184,7114158	1,55185543			
184,7947331	1,555464396			
184,8780722	1,55185543			
184,9614144	1,55185543			
185,0447314	1,55185543			
185,1280706	1,562682328			
185,2114156	1,56990026			
185,2947297	1,555464396			
185,3780689	1,562682328			
185,4614083	1,56990026			
185,5447503	1,562682328			
185,6280675	1,573509226			
185,7114067	1,566291294			
185,7947486	1,56990026			
185,8780658	1,573509226			
185,961405	1,573509226			
186,0447472	1,562682328			
186,1280614	1,562682328			
186,2114033	1,573509226			
186,2947428	1,577118192			
186,3780847	1,566291294			
186,4614017	1,56990026			
186,5447411	1,577118192			
186,6280831	1,577118192			
186,7114	1,584336125			
186,7947394	1,56990026			
186,8780814	1,573509226			
186,9613958	1,584336125			
187,0447378	1,56990026			
187,1280769	1,577118192			
187,2113942	1,584336125			
187,2947361	1,584336125			
187,3780756	1,577118192			
187,4614175	1,573509226			
187,5447344	1,591554057			
187,6280739	1,587945091			
187,7114158	1,591554057			
187,79473	1,591554057			
187,8780722	1,591554057			
187,9614114	1,591554057			
188,0447286	1,584336125			
188,1280706	1,598771989			
188,2114097	1,584336125			
188,2947269	1,591554057			
188,3780689	1,580727159			
188,4614081	1,584336125			
188,5447475	1,587945091			
188,6280672	1,595163023			
188,7114067	1,591554057			
188,7947458	1,595163023			
188,8780628	1,602380955			
188,961405	1,591554057			
189,0447442	1,587945091			
189,1280444	1,577118192			
189,2114033	1,587945091			
189,2947425	1,591554057			
189,3780819	1,602380955			
189,4614017	1,595163023			
189,5447408	1,598771989			
189,6281053	1,584336125			
189,7114444	1,591554057			
189,7947617	1,602380955			
189,8781036	1,598771989			
189,9614428	1,598771989			
190,04476	1,602380955			
190,1280992	1,609598887			
190,2114414	1,605989921			
190,2947583	1,602380955			
190,3780975	1,602380955			
190,4614397	1,602380955			
190,5447789	1,598771989			
190,6280958	1,598771989			
190,7114381	1,609598887			
190,7947772	1,602380955			
190,8780944	1,602380955			
190,9614336	1,598771989			
191,0447756	1,605989921			
191,1280733	1,609598887			
191,2114319	1,609598887			
191,2947742	1,61681682			
191,3780911	1,602380955			
191,4614303	1,609598887			
191,5447697	1,624034752			
191,6281117	1,609598887			
191,7114286	1,609598887			
191,7947514	1,613207854			
191,87811	1,602380955			
191,9614269	1,602380955			
192,0447664	1,613207854			
192,1281083	1,61681682			
192,2114478	1,627643718			
192,2947647	1,609598887			
192,3781067	1,624034752			
192,4614267	1,624034752			
192,5447631	1,61681682			
192,6281025	1,613207854			
192,7114444	1,61681682			
192,7947614	1,620425786			
192,8781008	1,613207854			
192,9614428	1,624034752			
193,0447597	1,61681682			
193,1281047	1,627643718			
193,2114411	1,624034752			
193,2947583	1,61681682			
193,3780975	1,61681682			
193,4614367	1,624034752			
193,5447789	1,620425786			
193,6280958	1,627643718			
193,7114381	1,631252684			
193,7947772	1,624034752			
193,8780942	1,631252684			
193,9614336	1,61681682			
194,0447756	1,61681682			
194,1281147	1,631252684			
194,2114319	1,631252684			
194,2947711	1,63486165			
194,3780908	1,63486165			
194,4614303	1,631252684			
194,5447694	1,620425786			
194,6281117	1,63486165			
194,7114981	1,631252684			
194,7950239	1,638470616			
194,8783408	1,61681682			
194,96168	1,624034752			
195,0450222	1,627643718			
195,1283614	1,63486165			
195,2116786	1,63486165			
195,2950011	1,61681682			
195,3783597	1,631252684			
195,4616769	1,631252684			
195,5450189	1,652906481			
195,6283583	1,649297515			
195,7116753	1,63486165			
195,7950144	1,638470616			
195,8783567	1,645688549			
195,9616764	1,649297515			
196,0450128	1,642079583			
196,128355	1,642079583			
196,2116942	1,642079583			
196,2950111	1,645688549			
196,3783533	1,642079583			
196,4616925	1,642079583			
196,5450097	1,649297515			
196,6283544	1,649297515			
196,7116908	1,649297515			
196,7950081	1,660124413			
196,8783472	1,649297515			
196,9616894	1,645688549			
197,0450286	1,642079583			
197,1283456	1,642079583			
197,2116878	1,642079583			
197,2950269	1,649297515			
197,3783439	1,649297515			
197,4616833	1,649297515			
197,5450253	1,649297515			
197,6283425	1,656515447			
197,7116817	1,649297515			
197,7950236	1,649297515			
197,8783408	1,656515447			
197,96168	1,663733379			
198,0450192	1,663733379			
198,1283614	1,663733379			
198,2116783	1,656515447			
198,2950206	1,656515447			
198,3783597	1,656515447			
198,4616767	1,663733379			
198,5450161	1,670951311			
198,6283581	1,678169244			
198,711675	1,663733379			
198,7950144	1,667342345			
198,8783564	1,674560278			
198,9616958	1,670951311			
199,0450128	1,678169244			
199,1283519	1,678169244			
199,2116942	1,667342345			
199,2950111	1,674560278			
199,3783506	1,670951311			
199,4616925	1,68177821			
199,5450094	1,674560278			
199,6283489	1,68177821			
199,7116908	1,670951311			
199,7950078	1,670951311			
199,8783472	1,678169244			
199,9616892	1,685387176			
200,0450286	1,68177821			
200,1283456	1,674560278			
200,2116847	1,678169244			
200,2950269	1,678169244			
200,3783439	1,692605108			
200,4616831	1,688996142			
200,5450253	1,685387176			
200,6283422	1,688996142			
200,7116817	1,68177821			
200,7950208	1,670951311			
200,8783406	1,685387176			
200,96168	1,688996142			
201,0450192	1,688996142			
201,1283614	1,68177821			
201,2116589	1,688996142			
201,2950175	1,678169244			
201,3783597	1,688996142			
201,4616767	1,692605108			
201,5450158	1,696214074			
201,6283553	1,688996142			
201,7117444	1,688996142			
201,7950839	1,685387176			
201,8784008	1,688996142			
201,9617403	1,703432006			
202,0450822	1,69982304			
202,1283992	1,688996142			
202,2117386	1,69982304			
202,2950806	1,69982304			
202,3783975	1,703432006			
202,4617369	1,692605108			
202,5450789	1,692605108			
202,6283961	1,696214074			
202,7117353	1,69982304			
202,7950744	1,696214074			
202,8784167	1,692605108			
202,9617336	1,703432006			
203,0450728	1,721476837			
203,128415	1,707040973			
203,2117542	1,703432006			
203,2950714	1,696214074			
203,3784133	1,714258905			
203,4617303	1,707040973			
203,5450697	1,710649939			
203,6284117	1,703432006			
203,7117511	1,710649939			
203,7950681	1,714258905			
203,8784072	1,714258905			
203,9617494	1,707040973			
204,0450664	1,710649939			
204,1284056	1,703432006			
204,2117478	1,714258905			
204,2950647	1,717867871			
204,3784042	1,710649939			
204,4617461	1,717867871			
204,5450436	1,721476837			
204,6284025	1,721476837			
204,7117417	1,717867871			
204,7950839	1,721476837			
204,8784008	1,703432006			
204,96174	1,714258905			
205,0450822	1,721476837			
205,1283992	1,714258905			
205,2117189	1,714258905			
205,2950806	1,714258905			
205,3783947	1,710649939			
205,4617367	1,714258905			
205,5450761	1,721476837			
205,6284181	1,725085803			
205,7117353	1,721476837			
205,7950744	1,728694769			
205,8783969	1,714258905			
205,9617336	1,717867871			
206,0450728	1,721476837			
206,128415	1,725085803			
206,2117319	1,728694769			
206,2950711	1,728694769			
206,3784106	1,728694769			
206,4617303	1,728694769			
206,5450722	1,735912702			
206,6284089	1,728694769			
206,7117508	1,721476837			
206,7950681	1,725085803			
206,8784072	1,728694769			
206,9617492	1,728694769			
207,0450664	1,739521668			
207,1284056	1,743130634			
207,2117503	1,743130634			
207,2950619	1,732303735			
207,3784039	1,735912702			
207,4617433	1,743130634			
207,5450631	1,750348566			
207,6284006	1,743130634			
207,71174	1,739521668			
207,7950819	1,735912702			
207,8783992	1,735912702			
207,9617383	1,732303735			
208,0450803	1,739521668			
208,1283975	1,743130634			
208,2117367	1,735912702			
208,2950789	1,743130634			
208,3784181	1,753957532			
208,461735	1,739521668			
208,5450744	1,735912702			
208,6284164	1,743130634			
208,7117333	1,743130634			
208,7950728	1,753957532			
208,8784147	1,743130634			
208,9617319	1,750348566			
209,0450711	1,743130634			
209,1284131	1,757566498			
209,2117303	1,753957532			
209,29505	1,750348566			
209,3784114	1,757566498			
209,4617508	1,761175464			
209,5450678	1,757566498			
209,6284072	1,750348566			
209,7117492	1,753957532			
209,7950661	1,750348566			
209,8784056	1,753957532			
209,9617281	1,761175464			
210,0450644	1,753957532			
210,1284039	1,768393397			
210,2117458	1,761175464			
210,2950603	1,768393397			
210,3784022	1,761175464			
210,4617414	1,750348566			
210,5450836	1,761175464			
210,6284033	1,761175464			
210,71174	1,761175464			
210,7950819	1,76478443			
210,8783989	1,761175464			
210,9617383	1,775611329			
211,0450803	1,772002363			
211,1283944	1,775611329			
211,2117367	1,768393397			
211,2950814	1,768393397			
211,3784181	1,761175464			
211,461735	1,768393397			
211,5450742	1,761175464			
211,6284164	1,768393397			
211,7117333	1,772002363			
211,7950725	1,779220295			
211,8784119	1,775611329			
211,9617539	1,772002363			
212,0450711	1,775611329			
212,1284103	1,768393397			
212,2117272	1,779220295			
212,2950694	1,782829261			
212,3784086	1,782829261			
212,4617508	1,768393397			
212,5450678	1,76478443			
212,6284069	1,775611329			
212,7117464	1,775611329			
212,7950661	1,775611329			
212,8784053	1,786438227			
212,9617475	1,775611329			
213,0450617	1,768393397			
213,1284036	1,775611329			
213,2117431	1,779220295			
213,295085	1,775611329			
213,3784022	1,779220295			
213,4617414	1,790047193			
213,5450833	1,782829261			
213,6284006	1,786438227			
213,7117397	1,797265125			
213,7950819	1,782829261			
213,8783961	1,775611329			
213,9617381	1,782829261			
214,0450775	1,782829261			
214,1283944	1,793656159			
214,2117364	1,782829261			
214,2950758	1,782829261			
214,3784178	1,782829261			
214,461735	1,790047193			
214,5450742	1,782829261			
214,6284133	1,793656159			
214,7117333	1,793656159			
214,7950725	1,786438227			
214,8784117	1,786438227			
214,9617539	1,793656159			
215,0450708	1,800874092			
215,1284103	1,793656159			
215,2117078	1,793656159			
215,2950692	1,800874092			
215,3784086	1,793656159			
215,4617478	1,782829261			
215,5450675	1,793656159			
215,6284069	1,800874092			
215,7117461	1,797265125			
215,7950633	1,808092024			
215,8783858	1,797265125			
215,9617444	1,793656159			
216,0450617	1,808092024			
216,1284036	1,808092024			
216,2117431	1,804483058			
216,29506	1,804483058			
216,3784019	1,797265125			
216,4617414	1,790047193			
216,5450639	1,808092024			
216,6283975	1,808092024			
216,7117397	1,800874092			
216,7950789	1,804483058			
216,8783958	1,808092024			
216,9617381	1,808092024			
217,0450772	1,822527888			
217,1284194	1,81170099			
217,2117392	1,822527888			
217,2950756	1,815309956			
217,378415	1,808092024			
217,4617347	1,808092024			
217,5450742	1,808092024			
217,6284133	1,815309956			
217,7117303	1,81170099			
217,7950725	1,815309956			
217,8784172	1,815309956			
217,9617286	1,81170099			
218,0450708	1,815309956			
218,12841	1,808092024			
218,2117272	1,822527888			
218,2950692	1,822527888			
218,3784083	1,818918922			
218,4617478	1,815309956			
218,5450647	1,826136854			
218,6284069	1,822527888			
218,7117461	1,815309956			
218,7950631	1,826136854			
218,8784053	1,833354787			
218,9617444	1,818918922			
219,0450836	1,822527888			
219,1284036	1,822527888			
219,2117428	1,815309956			
219,2950822	1,818918922			
219,3783992	1,829745821			
219,4617411	1,826136854			
219,5450806	1,826136854			
219,6283975	1,829745821			
219,7117394	1,826136854			
219,7950789	1,833354787			
219,8783958	1,826136854			
219,9617353	1,822527888			
220,0450772	1,822527888			
220,1284164	1,826136854			
220,2117336	1,833354787			
220,2950756	1,836963753			
220,378415	1,826136854			
220,4617319	1,829745821			
220,5450739	1,833354787			
220,6284133	1,833354787			
220,7117303	1,833354787			
220,7950722	1,833354787			
220,8784117	1,833354787			
220,9617508	1,836963753			
221,0450706	1,840572719			
221,12841	1,844181685			
221,2117492	1,840572719			
221,2950664	1,840572719			
221,3784083	1,836963753			
221,4617475	1,851399617			
221,5450647	1,847790651			
221,6284067	1,840572719			
221,7117461	1,847790651			
221,7950436	1,847790651			
221,8784022	1,840572719			
221,9617444	1,836963753			
222,0450836	1,847790651			
222,1284006	1,836963753			
222,2117428	1,840572719			
222,2950819	1,847790651			
222,3783992	1,847790651			
222,4617217	1,847790651			
222,5450803	1,847790651			
222,6283975	1,847790651			
222,7117394	1,847790651			
222,7950786	1,847790651			
222,8783958	1,847790651			
222,961735	1,847790651			
223,0450772	1,855008583			
223,1283997	1,858617549			
223,2117333	1,862226516			
223,2950756	1,862226516			
223,3784147	1,858617549			
223,4617317	1,855008583			
223,5450739	1,858617549			
223,6284131	1,858617549			
223,7117303	1,862226516			
223,795075	1,865835482			
223,8784114	1,858617549			
223,9617286	1,851399617			
224,0450678	1,858617549			
224,12841	1,862226516			
224,2117492	1,869444448			
224,2950661	1,880271346			
224,3784083	1,862226516			
224,4617475	1,862226516			
224,5450644	1,855008583			
224,6284039	1,862226516			
224,7117458	1,865835482			
224,7950853	1,865835482			
224,8784022	1,862226516			
224,9617442	1,869444448			
225,0450836	1,858617549			
225,1284006	1,869444448			
225,2117397	1,862226516			
225,2950819	1,869444448			
225,3783989	1,880271346			
225,4617411	1,87666238			
225,5450803	1,862226516			
225,6283972	1,869444448			
225,7117367	1,873053414			
225,7950786	1,887489278			
225,8784181	1,87666238			
225,961735	1,880271346			
226,0450742	1,87666238			
226,1284164	1,873053414			
226,2117333	1,883880312			
226,2950753	1,880271346			
226,3784147	1,887489278			
226,4617539	1,880271346			
226,5450708	1,883880312			
226,6284131	1,87666238			
226,71173	1,880271346			
226,7950694	1,880271346			
226,8784114	1,887489278			
226,9617506	1,894707211			
227,0450678	1,887489278			
227,1284097	1,894707211			
227,2117492	1,898316177			
227,2950661	1,887489278			
227,3784053	1,887489278			
227,4617475	1,887489278			
227,5450644	1,891098244			
227,6284036	1,887489278			
227,7117458	1,883880312			
227,7950628	1,894707211			
227,8784022	1,894707211			
227,9617414	1,887489278			
228,0450833	1,898316177			
228,1284006	1,891098244			
228,2117425	1,883880312			
228,2950817	1,887489278			
228,3783794	1,887489278			
228,4617381	1,887489278			
228,5450803	1,901925143			
228,6283972	1,894707211			
228,7117364	1,901925143			
228,7950758	1,898316177			
228,8784178	1,894707211			
228,9617347	1,898316177			
229,0450575	1,894707211			
229,1284161	1,898316177			
229,2117333	1,894707211			
229,2950725	1,912752041			
229,3784144	1,909143075			
229,4617317	1,901925143			
229,5450708	1,898316177			
229,6284103	1,894707211			
229,7117328	1,901925143			
229,7950692	1,909143075			
229,8784086	1,901925143			
229,9617506	1,912752041			
230,0450675	1,916361007			
230,1284069	1,905534109			
230,2117489	1,898316177			
230,2950661	1,905534109			
230,3784108	1,909143075			
230,4617472	1,912752041			
230,5450644	1,909143075			
230,6284036	1,92357894			
230,7117428	1,912752041			
230,7950628	1,905534109			
230,8784019	1,912752041			
230,9617414	1,916361007			
231,0450861	1,909143075			
231,1284003	1,912752041			
231,2117397	1,916361007			
231,2950817	1,927187906			
231,3783986	1,927187906			
231,4617381	1,927187906			
231,5450772	1,927187906			
231,6283972	1,912752041			
231,7117364	1,919969973			
231,7950756	1,919969973			
231,8784178	1,92357894			
231,9617347	1,927187906			
232,0450739	1,930796872			
232,1284161	1,927187906			
232,2117331	1,927187906			
232,2950725	1,934405838			
232,3784144	1,930796872			
232,4617314	1,94162377			
232,5450708	1,927187906			
232,62841	1,938014804			
232,7117269	1,94162377			
232,7950692	1,94162377			
232,8784083	1,934405838			
232,9617506	1,934405838			
233,0450675	1,930796872			
233,1284067	1,927187906			
233,2117461	1,934405838			
233,2950658	1,94162377			
233,3784053	1,934405838			
233,4617444	1,934405838			
233,5450642	1,94162377			
233,6284036	1,94162377			
233,7117428	1,930796872			
233,795085	1,927187906			
233,8784019	1,930796872			
233,9617411	1,938014804			
234,0450833	1,930796872			
234,1284003	1,938014804			
234,2117394	1,94162377			
234,2950789	1,948841702			
234,3783958	1,94162377			
234,4617378	1,952450668			
234,5450772	1,945232736			
234,6283942	1,934405838			
234,7117364	1,94162377			
234,7950756	1,952450668			
234,8784175	1,94162377			
234,9617153	1,952450668			
235,0450739	1,952450668			
235,1284133	1,956059635			
235,2117331	1,956059635			
235,2950722	1,956059635			
235,3784117	1,952450668			
235,4617286	1,956059635			
235,5450706	1,948841702			
235,6283906	1,956059635			
235,7117269	1,952450668			
235,7950692	1,948841702			
235,8784083	1,959668601			
235,9617475	1,959668601			
236,0450675	1,956059635			
236,1284067	1,956059635			
236,2117458	1,959668601			
236,2950686	1,956059635			
236,378405	1,963277567			
236,4617444	1,963277567			
236,5450614	1,966886533			
236,6284033	1,966886533			
236,7117428	1,952450668			
236,7950819	1,959668601			
236,8784017	1,959668601			
236,9617467	1,966886533			
237,0450803	1,966886533			
237,1283975	1,966886533			
237,2117394	1,970495499			
237,2950786	1,963277567			
237,3783958	1,970495499			
237,4617378	1,963277567			
237,5450772	1,970495499			
237,6283942	1,970495499			
237,7117361	1,966886533			
237,7950756	1,974104465			
237,8784147	1,966886533			
237,9617344	1,970495499			
238,0450739	1,966886533			
238,1284131	1,974104465			
238,21173	1,966886533			
238,2950722	1,970495499			
238,3784114	1,970495499			
238,4617536	1,974104465			
238,5450678	1,984931363			
238,6284097	1,981322397			
238,7117492	1,970495499			
238,7950689	1,970495499			
238,8784083	1,977713431			
238,9617475	1,98854033			
239,0450644	1,981322397			
239,1284067	1,974104465			
239,2117458	1,98854033			
239,2950628	1,992149296			
239,378405	1,981322397			
239,4617442	1,970495499			
239,5450614	1,970495499			
239,6284006	1,977713431			
239,7117425	1,981322397			
239,7950819	1,984931363			
239,8783989	1,981322397			
239,9617408	1,981322397			
240,0450803	1,974104465			
240,1283972	1,984931363			
240,2117394	1,984931363			
240,2950786	1,995758262			
240,3784206	1,995758262			
240,461735	1,981322397			
240,5450769	1,977713431			
240,6283939	1,981322397			
240,7117361	1,999367228			
240,7950753	1,981322397			
240,8784147	1,981322397			
240,9617317	1,992149296			
241,0450736	1,999367228			
241,1284131	1,992149296			
241,21173	1,992149296			
241,2950694	1,98854033			
241,3784114	1,995758262			
241,4617283	1,999367228			
241,5450511	1,992149296			
241,6284097	1,999367228			
241,7117489	2,002976194			
241,7950661	1,984931363			
241,8784081	1,999367228			
241,9617475	2,002976194			
242,0450644	1,995758262			
242,1284036	1,992149296			
242,2117264	1,995758262			
242,2950628	1,999367228			
242,3784019	1,999367228			
242,4617442	2,010194126			
242,5450833	2,010194126			
242,6284006	2,002976194			
242,7117425	2,00658516			
242,7950817	2,010194126			
242,8784044	2,013803092			
242,9617408	2,021021025			
243,0450803	2,010194126			
243,1284194	2,00658516			
243,2117364	2,00658516			
243,2950786	2,002976194			
243,3783956	1,992149296			
243,4617347	2,00658516			
243,5450797	2,002976194			
243,6284161	2,010194126			
243,7117331	2,010194126			
243,7950753	2,010194126			
243,8784144	2,021021025			
243,9617317	2,013803092			
244,0450708	2,017412059			
244,1284128	2,013803092			
244,21173	2,013803092			
244,2950692	2,017412059			
244,3784114	2,013803092			
244,4617506	2,013803092			
244,5450675	2,021021025			
244,6284097	2,017412059			
244,7117489	2,021021025			
244,7950658	2,021021025			
244,8784053	2,013803092			
244,9617472	2,021021025			
245,0450644	2,024629991			
245,1284036	2,017412059			
245,2117456	2,021021025			
245,295085	2,021021025			
245,3784019	2,021021025			
245,4617442	2,028238957			
245,5450833	2,028238957			
245,6284003	2,024629991			
245,7117425	2,021021025			
245,7950817	2,028238957			
245,8783986	2,028238957			
245,9617381	2,031847923			
246,04508	2,013803092			
246,1283969	2,024629991			
246,2117364	2,021021025			
246,2950783	2,031847923			
246,3784178	2,021021025			
246,4617347	2,021021025			
246,5450767	2,021021025			
246,6284161	2,039065855			
246,7117331	2,021021025			
246,7950725	2,039065855			
246,8784144	2,039065855			
246,9617314	2,031847923			
247,0450708	2,035456889			
247,1284128	2,031847923			
247,2117297	2,028238957			
247,2950692	2,031847923			
247,3784111	2,039065855			
247,4617506	2,042674821			
247,5450675	2,042674821			
247,6284094	2,046283787			
247,7117489	2,039065855			
247,7950658	2,046283787			
247,878405	2,046283787			
247,9617472	2,039065855			
248,0450642	2,046283787			
248,1283839	2,049892754			
248,2117456	2,042674821			
248,2950847	2,05350172			
248,3784019	2,046283787			
248,4617439	2,042674821			
248,5450833	2,049892754			
248,6284003	2,05350172			
248,7117394	2,046283787			
248,7950622	2,05350172			
248,8784208	2,05350172			
248,9617378	2,049892754			
249,04508	2,05350172			
249,1283969	2,046283787			
249,2117364	2,05350172			
249,2950783	2,046283787			
249,3784175	2,060719652			
249,4617403	2,05350172			
249,5450739	2,05350172			
249,6284158	2,060719652			
249,7117331	2,067937584			
249,7950722	2,057110686			
249,8784144	2,060719652			
249,9617314	2,060719652			
250,0450706	2,057110686			
250,1284156	2,057110686			
250,2117297	2,060719652			
250,2950689	2,07154655			
250,3784111	2,064328618			
250,4617503	2,060719652			
250,5450675	2,060719652			
250,6284067	2,060719652			
250,7117486	2,064328618			
250,7950658	2,067937584			
250,878405	2,067937584			
250,9617472	2,060719652			
251,0450642	2,067937584			
251,1284033	2,060719652			
251,2117428	2,067937584			
251,2950847	2,067937584			
251,3784017	2,075155516			
251,4617411	2,07154655			
251,5450831	2,057110686			
251,6284	2,078764482			
251,7117394	2,075155516			
251,7950814	2,085982415			
251,8784208	2,082373449			
251,9617378	2,067937584			
252,0450769	2,075155516			
252,1283942	2,075155516			
252,2117361	2,078764482			
252,2950756	2,075155516			
252,3784175	2,078764482			
252,4617344	2,085982415			
252,5450739	2,075155516			
252,6283908	2,075155516			
252,7117328	2,075155516			
252,7950722	2,082373449			
252,8784114	2,093200347			
252,9617286	2,078764482			
253,0450706	2,075155516			
253,1284097	2,07154655			
253,2117269	2,07154655			
253,2950689	2,078764482			
253,3784081	2,085982415			
253,4617503	2,085982415			
253,5450672	2,093200347			
253,6284067	2,093200347			
253,7117486	2,085982415			
253,7950656	2,082373449			
253,878405	2,085982415			
253,9617442	2,093200347			
254,0450444	2,093200347			
254,1284033	2,093200347			
254,2117425	2,093200347			
254,2950847	2,085982415			
254,3784017	2,085982415			
254,4617408	2,096809313			
254,5450831	2,093200347			
254,6284	2,093200347			
254,7117197	2,093200347			
254,7950786	2,093200347			
254,8783956	2,089591381			
254,9617378	2,085982415			
255,0450769	2,096809313			
255,1284189	2,093200347			
255,2117361	2,100418279			
255,2950753	2,107636211			
255,3783981	2,093200347			
255,4617344	2,096809313			
255,5450736	2,100418279			
255,6284158	2,100418279			
255,71173	2,104027245			
255,7950719	2,107636211			
255,8784114	2,104027245			
255,9617283	2,100418279			
256,0450733	2,104027245			
256,1284097	2,111245178			
256,2117267	2,111245178			
256,2950689	2,11846311			
256,3784081	2,107636211			
256,4617503	2,104027245			
256,5450672	2,100418279			
256,6284064	2,111245178			
256,7117514	2,111245178			
256,7950628	2,125681042			
256,8784047	2,122072076			
256,9617442	2,114854144			
257,0450611	2,111245178			
257,1284033	2,114854144			
257,2117425	2,114854144			
257,2950844	2,107636211			
257,3783989	2,114854144			
257,4617408	2,11846311			
257,54508	2,11846311			
257,6283972	2,111245178			
257,7117392	2,122072076			
257,7950786	2,111245178			
257,8784206	2,11846311			
257,9617375	2,125681042			
258,0450769	2,125681042			
258,1284161	2,122072076			
258,2117358	2,125681042			
258,2950753	2,122072076			
258,3784144	2,129290008			
258,4617317	2,125681042			
258,5450736	2,11846311			
258,6284128	2,114854144			
258,71173	2,122072076			
258,7950719	2,125681042			
258,8784111	2,129290008			
258,9617283	2,132898974			
259,0450703	2,11846311			
259,1284097	2,129290008			
259,2117517	2,125681042			
259,2950686	2,13650794			
259,3784081	2,13650794			
259,4617472	2,132898974			
259,5450642	2,129290008			
259,6284064	2,13650794			
259,7117456	2,13650794			
259,7950628	2,125681042			
259,8784047	2,125681042			
259,9617439	2,132898974			
260,0450611	2,13650794			
260,1284003	2,140116906			
260,2117425	2,147334839			
260,2950817	2,140116906			
260,3784014	2,140116906			
260,4617408	2,140116906			
260,54508	2,150943805			
260,6283803	2,140116906			
260,7117392	2,150943805			
260,7950783	2,150943805			
260,8783956	2,150943805			
260,9617347	2,140116906			
261,0450767	2,13650794			
261,1284189	2,147334839			
261,2117331	2,147334839			
261,2950556	2,147334839			
261,3784144	2,143725873			
261,4617314	2,140116906			
261,5450736	2,154552771			
261,6284128	2,154552771			
261,7117297	2,140116906			
261,7950719	2,143725873			
261,8784111	2,147334839			
261,9617336	2,150943805			
262,0450703	2,150943805			
262,1284094	2,158161737			
262,2117489	2,147334839			
262,2950658	2,147334839			
262,3784078	2,150943805			
262,4617472	2,158161737			
262,5450864	2,158161737			
262,6284092	2,158161737			
262,7117456	2,147334839			
262,7950625	2,150943805			
262,8784019	2,154552771			
262,9617439	2,154552771			
263,0450608	2,150943805			
263,1284003	2,161770703			
263,2117422	2,158161737			
263,2950817	2,161770703			
263,3783986	2,165379669			
263,4617406	2,161770703			
263,54508	2,168988635			
263,6283969	2,165379669			
263,7117361	2,165379669			
263,7950783	2,161770703			
263,8784175	2,165379669			
263,9617347	2,161770703			
264,0450767	2,150943805			
264,1284158	2,165379669			
264,2117331	2,168988635			
264,295075	2,150943805			
264,3784144	2,158161737			
264,4617314	2,161770703			
264,5450733	2,172597601			
264,6284128	2,172597601			
264,7117297	2,161770703			
264,7950689	2,172597601			
264,8784111	2,168988635			
264,9617503	2,172597601			
265,0450672	2,172597601			
265,1284094	2,172597601			
265,2117486	2,172597601			
265,2950658	2,158161737			
265,378405	2,165379669			
265,4617469	2,172597601			
265,5450642	2,176206568			
265,6284033	2,179815534			
265,7117456	2,176206568			
265,7950847	2,176206568			
265,8784017	2,176206568			
265,9617439	2,172597601			
266,0450831	2,176206568			
266,1284	2,187033466			
266,2117422	2,172597601			
266,2950814	2,176206568			
266,3783986	2,158161737			
266,4617378	2,176206568			
266,5450797	2,179815534			
266,6283969	2,1834245			
266,7117361	2,190642432			
266,7950781	2,1834245			
266,8784175	2,179815534			
266,9617344	2,179815534			
267,0450767	2,197860364			
267,1284158	2,172597601			
267,2117133	2,172597601			
267,295075	2,190642432			
267,3784142	2,190642432			
267,4617536	2,190642432			
267,5450706	2,190642432			
267,6284125	2,1834245			
267,7117519	2,1834245			
267,7950689	2,194251398			
267,8783914	2,194251398			
267,9617503	2,197860364			
268,0450672	2,190642432			
268,1284094	2,190642432			
268,2117486	2,190642432			
268,2950656	2,194251398			
268,378405	2,190642432			
268,4617469	2,197860364			
268,5450694	2,194251398			
268,6284033	2,197860364			
268,7117453	2,197860364			
268,7950847	2,194251398			
268,8784017	2,20146933			
268,9617436	2,205078297			
269,0450831	2,20146933			
269,1284	2,197860364			
269,2117447	2,194251398			
269,2950814	2,197860364			
269,3784206	2,205078297			
269,4617378	2,205078297			
269,5450797	2,212296229			
269,6284189	2,208687263			
269,7117361	2,197860364			
269,7950781	2,197860364			
269,8784175	2,205078297			
269,9617344	2,219514161			
270,0450736	2,20146933			
270,1284158	2,212296229			
270,2117328	2,20146933			
270,2950719	2,20146933			
270,3784142	2,212296229			
270,4617311	2,197860364			
270,5450703	2,205078297			
270,6284097	2,208687263			
270,7117294	2,215905195			
270,7950689	2,212296229			
270,8784081	2,215905195			
270,96175	2,215905195			
271,0450672	2,208687263			
271,1284064	2,219514161			
271,2117486	2,215905195			
271,2950656	2,219514161			
271,3784047	2,215905195			
271,4617469	2,212296229			
271,5450639	2,219514161			
271,6284031	2,219514161			
271,7117453	2,226732093			
271,7950844	2,230341059			
271,8784017	2,226732093			
271,9617408	2,223123127			
272,0450828	2,212296229			
272,1284	2,223123127			
272,2117392	2,219514161			
272,2950814	2,226732093			
272,3783983	2,230341059			
272,4617375	2,219514161			
272,5450769	2,223123127			
272,6283967	2,230341059			
272,7117358	2,237558992			
272,7950753	2,237558992			
272,8784172	2,233950025			
272,9617342	2,237558992			
273,0450736	2,230341059			
273,1284156	2,226732093			
273,2117328	2,226732093			
273,2950719	2,237558992			
273,3784111	2,230341059			
273,4617311	2,226732093			
273,5450703	2,237558992			
273,6284347	2,241167958			
273,7117739	2,237558992			
273,7950908	2,226732093			
273,8784303	2,241167958			
273,9617722	2,237558992			
274,0451117	2,244776924			
274,1284314	2,244776924			
274,2117706	2,244776924			
274,29511	2,237558992			
274,3784269	2,223123127			
274,4617689	2,237558992			
274,5451083	2,237558992			
274,6284253	2,241167958			
274,7117675	2,244776924			
274,7951067	2,241167958			
274,8784236	2,241167958			
274,9617658	2,244776924			
275,045105	2,24838589			
275,1284444	2,24838589			
275,2117614	2,244776924			
275,2951033	2,244776924			
275,3784428	2,237558992			
275,4617597	2,244776924			
275,5451017	2,24838589			
275,6284411	2,255603822			
275,7117581	2,251994856			
275,7950806	2,251994856			
275,8784394	2,244776924			
275,9617786	2,241167958			
276,0450958	2,251994856			
276,1284378	2,251994856			
276,2117769	2,262821754			
276,2950942	2,26643072			
276,3784361	2,255603822			
276,4617558	2,255603822			
276,5450925	2,259212788			
276,6284317	2,259212788			
276,7117739	2,259212788			
276,7951131	2,259212788			
276,87843	2,262821754			
276,9617722	2,255603822			
277,0451114	2,255603822			
277,1284342	2,26643072			
277,2117706	2,255603822			
277,2951097	2,26643072			
277,3784269	2,270039687			
277,4617661	2,259212788			
277,5451083	2,270039687			
277,6284253	2,26643072			
277,7117644	2,259212788			
277,7951094	2,255603822			
277,8784458	2,259212788			
277,9617628	2,270039687			
278,045105	2,273648653			
278,1284442	2,273648653			
278,2117611	2,26643072			
278,2951033	2,259212788			
278,3784425	2,259212788			
278,4617597	2,273648653			
278,5450989	2,273648653			
278,6284408	2,270039687			
278,7117581	2,270039687			
278,7950972	2,270039687			
278,8784394	2,277257619			
278,9617786	2,284475551			
279,0450956	2,277257619			
279,1284378	2,284475551			
279,2117769	2,284475551			
279,2950939	2,277257619			
279,3784333	2,277257619			
279,4617753	2,277257619			
279,5450925	2,277257619			
279,6284317	2,277257619			
279,7117736	2,277257619			
279,7950908	2,277257619			
279,87843	2,273648653			
279,9617719	2,273648653			
280,0451114	2,280866585			
280,1284283	2,284475551			
280,2117678	2,288084517			
280,2951097	2,284475551			
280,3784267	2,284475551			
280,4617661	2,273648653			
280,5451081	2,273648653			
280,628425	2,277257619			
280,7117644	2,288084517			
280,7951064	2,291693483			
280,8784458	2,284475551			
280,9617628	2,291693483			
281,0451019	2,280866585			
281,1284442	2,291693483			
281,2117611	2,291693483			
281,2951033	2,291693483			
281,3784425	2,298911416			
281,4617594	2,306129348			
281,5450989	2,288084517			
281,6284408	2,291693483			
281,7117383	2,298911416			
281,7950972	2,298911416			
281,8784392	2,298911416			
281,9617786	2,306129348			
282,0450956	2,298911416			
282,1284347	2,306129348			
282,2117769	2,302520382			
282,2950939	2,306129348			
282,3784136	2,298911416			
282,4617753	2,291693483			
282,5450922	2,302520382			
282,6284317	2,306129348			
282,7117736	2,302520382			
282,7950906	2,309738314			
282,87843	2,31334728			
282,9617692	2,316956246			
283,0450917	2,309738314			
283,1284283	2,316956246			
283,2117675	2,295302449			
283,2951097	2,298911416			
283,3784267	2,309738314			
283,4617658	2,31334728			
283,5451081	2,316956246			
283,628425	2,31334728			
283,71177	2,306129348			
283,7951036	2,324174178			
283,8784456	2,316956246			
283,9617628	2,316956246			
284,0451019	2,324174178			
284,1284439	2,320565212			
284,2117611	2,316956246			
284,2951003	2,309738314			
284,3784453	2,302520382			
284,4617567	2,316956246			
284,5450986	2,316956246			
284,6284381	2,320565212			
284,7117578	2,324174178			
284,7950969	2,316956246			
284,8784364	2,327783144			
284,9617783	2,320565212			
285,0450956	2,306129348			
285,1284347	2,302520382			
285,2117767	2,316956246			
285,2950939	2,324174178			
285,3784331	2,327783144			
285,461775	2,331392111			
285,5450922	2,331392111			
285,6284314	2,324174178			
285,7117708	2,331392111			
285,7950878	2,331392111			
285,8784297	2,338610043			
285,9617692	2,324174178			
286,0451111	2,324174178			
286,1284281	2,316956246			
286,2117675	2,335001077			
286,2951094	2,331392111			
286,3784239	2,331392111			
286,4617658	2,335001077			
286,545105	2,331392111			
286,6284222	2,324174178			
286,7117642	2,324174178			
286,7951036	2,327783144			
286,8784456	2,331392111			
286,9617625	2,331392111			
287,0451019	2,345827975			
287,1284439	2,331392111			
287,2117581	2,335001077			
287,2951003	2,335001077			
287,3784394	2,335001077			
287,4617564	2,342219009			
287,5450986	2,338610043			
287,6284378	2,338610043			
287,711755	2,338610043			
287,7950969	2,331392111			
287,8784361	2,342219009			
287,9617783	2,338610043			
288,0450925	2,342219009			
288,1284347	2,335001077			
288,2117739	2,338610043			
288,2950742	2,345827975			
288,3784331	2,342219009			
288,4617722	2,345827975			
288,5450892	2,342219009			
288,6284314	2,342219009			
288,7117706	2,338610043			
288,79511	2,335001077			
288,8784297	2,345827975			
288,9617494	2,345827975			
289,0451083	2,349436941			
289,1284253	2,345827975			
289,2117675	2,345827975			
289,2951067	2,342219009			
289,3784236	2,345827975			
289,4617658	2,345827975			
289,545105	2,360263839			
289,6284275	2,353045907			
289,7117642	2,342219009			
289,7951033	2,349436941			
289,8784456	2,353045907			
289,9617597	2,356654873			
290,0451017	2,363872806			
290,1284411	2,349436941			
290,2117581	2,349436941			
290,2951028	2,345827975			
290,3784394	2,356654873			
290,4617564	2,342219009			
290,5450986	2,338610043			
290,6284378	2,356654873			
290,7117797	2,356654873			
290,7950942	2,356654873			
290,8784361	2,356654873			
290,9617756	2,356654873			
291,0450925	2,356654873			
291,1284344	2,371090738			
291,2117739	2,371090738			
291,2950908	2,371090738			
291,3784328	2,363872806			
291,4617722	2,371090738			
291,5450892	2,367481772			
291,6284311	2,363872806			
291,7117706	2,367481772			
291,7951097	2,371090738			
291,8784269	2,374699704			
291,9617689	2,371090738			
292,0451081	2,363872806			
292,1284253	2,371090738			
292,2117672	2,381917636			
292,2951067	2,37830867			
292,3784458	2,37830867			
292,4617656	2,371090738			
292,545105	2,371090738			
292,6284219	2,37830867			
292,7117611	2,363872806			
292,7951033	2,363872806			
292,8784425	2,374699704			
292,9617597	2,381917636			
293,0451017	2,37830867			
293,1284408	2,37830867			
293,2117581	2,37830867			
293,2951	2,371090738			
293,3784392	2,385526602			
293,4617786	2,385526602			
293,5450956	2,392744535			
293,6284378	2,381917636			
293,7117769	2,381917636			
293,7950939	2,371090738			
293,8784361	2,385526602			
293,9617753	2,389135568			
294,0450922	2,381917636			
294,1284344	2,392744535			
294,2117736	2,389135568			
294,2950908	2,385526602			
294,37843	2,385526602			
294,4617719	2,385526602			
294,5451114	2,403571433			
294,6284283	2,396353501			
294,7117706	2,389135568			
294,7951097	2,385526602			
294,8784072	2,381917636			
294,9617689	2,396353501			
295,0451081	2,396353501			
295,128425	2,403571433			
295,2117644	2,385526602			
295,2951064	2,385526602			
295,3784233	2,392744535			
295,4617628	2,399962467			
295,5450853	2,396353501			
295,6284442	2,407180399			
295,7117611	2,396353501			
295,7951031	2,399962467			
295,8784425	2,396353501			
295,9617594	2,396353501			
296,0450989	2,396353501			
296,1284408	2,392744535			
296,2117633	2,407180399			
296,2950972	2,403571433			
296,3784392	2,410789365			
296,4617786	2,410789365			
296,5450956	2,403571433			
296,6284375	2,396353501			
296,7117769	2,403571433			
296,7950939	2,403571433			
296,8784386	2,410789365			
296,9617753	2,410789365			
297,0450922	2,403571433			
297,1284314	2,396353501			
297,2117736	2,407180399			
297,2950906	2,418007297			
297,37843	2,407180399			
297,4617719	2,410789365			
297,5451111	2,410789365			
297,6284283	2,407180399			
297,7117675	2,407180399			
297,7951097	2,418007297			
297,8784267	2,421616263			
297,9617658	2,414398331			
298,0451081	2,421616263			
298,1284472	2,421616263			
298,2117642	2,42522523			
298,2951064	2,418007297			
298,3784456	2,410789365			
298,4617628	2,414398331			
298,5451047	2,418007297			
298,6284439	2,410789365			
298,7117611	2,418007297			
298,7951003	2,418007297			
298,8784422	2,42522523			
298,9617594	2,421616263			
299,0450986	2,418007297			
299,1284408	2,42522523			
299,2117578	2,418007297			
299,2950969	2,42522523			
299,3784392	2,42522523			
299,4617783	2,42522523			
299,5450953	2,421616263			
299,6284347	2,42522523			
299,7117767	2,42522523			
299,7950939	2,421616263			
299,8784331	2,421616263			
299,961775	2,42522523			
300,0450922	2,436052128			
300,1284314	2,436052128			
300,2117736	2,432443162			
300,2950906	2,432443162			
300,3784297	2,44327006			
300,4617692	2,436052128			
300,5451111	2,432443162			
300,6284281	2,428834196			
300,7117675	2,436052128			
300,7951094	2,439661094			
300,8784264	2,439661094			
300,9617658	2,436052128			
301,0451078	2,436052128			
301,128425	2,428834196			
301,2117642	2,44327006			
301,2951061	2,44327006			
301,3784456	2,446879026			
301,4617431	2,450487992			
301,5451019	2,450487992			
301,6284439	2,439661094			
301,7117608	2,44327006			
301,7951003	2,446879026			
301,8784422	2,439661094			
301,9617592	2,450487992			
302,0450986	2,450487992			
302,1284211	2,450487992			
302,2117578	2,44327006			
302,2950969	2,44327006			
302,3784389	2,450487992			
302,4617783	2,454096958			
302,5450953	2,457705925			
302,6284344	2,446879026			
302,7117767	2,450487992			
302,7950964	2,457705925			
302,8784331	2,457705925			
302,9617722	2,457705925			
303,0450919	2,461314891			
303,1284314	2,457705925			
303,2117706	2,450487992			
303,2950875	2,44327006			
303,3784297	2,450487992			
303,4617744	2,457705925			
303,5451111	2,450487992			
303,6284281	2,461314891			
303,7117672	2,461314891			
303,7951067	2,464923857			
303,8784264	2,457705925			
303,9617658	2,461314891			
304,0451078	2,464923857			
304,1284219	2,450487992			
304,2117642	2,464923857			
304,2951033	2,461314891			
304,3784456	2,464923857			
304,4617625	2,475750755			
304,5451017	2,464923857			
304,6284411	2,461314891			
304,7117608	2,464923857			
304,7951	2,464923857			
304,8784394	2,472141789			
304,9617592	2,468532823			
305,0450983	2,475750755			
305,1284378	2,472141789			
305,2117547	2,472141789			
305,2950969	2,475750755			
305,3784361	2,468532823			
305,4617781	2,475750755			
305,5450953	2,475750755			
305,6284344	2,475750755			
305,7117739	2,482968687			
305,7950908	2,482968687			
305,8784328	2,479359721			
305,9617722	2,475750755			
306,0450892	2,472141789			
306,1284311	2,475750755			
306,2117706	2,475750755			
306,2951125	2,475750755			
306,3784297	2,479359721			
306,4617689	2,475750755			
306,5451108	2,482968687			
306,6284281	2,482968687			
306,7117672	2,482968687			
306,7951064	2,475750755			
306,8784264	2,475750755			
306,9617656	2,482968687			
307,045105	2,49018662			
307,1284219	2,49018662			
307,2117639	2,482968687			
307,2951033	2,49018662			
307,3784425	2,49018662			
307,4617622	2,49018662			
307,5451017	2,49018662			
307,6284408	2,479359721			
307,7117608	2,486577654			
307,7951	2,493795586			
307,8784392	2,493795586			
307,9617564	2,49018662			
308,0450789	2,493795586			
308,1284378	2,482968687			
308,2117547	2,493795586			
308,2950967	2,493795586			
308,3784361	2,497404552			
308,4617753	2,482968687			
308,5450922	2,49018662			
308,6284344	2,497404552			
308,7117569	2,504622484			
308,7950906	2,497404552			
308,8784328	2,504622484			
308,9617719	2,493795586			
309,0450892	2,497404552			
309,1284311	2,497404552			
309,2117703	2,497404552			
309,2951097	2,504622484			
309,3784322	2,497404552			
309,4617689	2,497404552			
309,5451081	2,482968687			
309,628425	2,486577654			
309,7117672	2,486577654			
309,7951064	2,504622484			
309,8784486	2,497404552			
309,9617656	2,49018662			
310,0451103	2,504622484			
310,1284442	2,511840416			
310,2117639	2,482968687			
310,2951031	2,493795586			
310,3784425	2,504622484			
310,4619458	2,504622484			
310,5452628	2,501013518			
310,6286022	2,497404552			
310,7119442	2,504622484			
310,7952611	2,504622484			
310,8786006	2,511840416			
310,9619425	2,511840416			
311,0452597	2,504622484			
311,1285989	2,504622484			
311,2119408	2,504622484			
311,2952581	2,511840416			
311,3785972	2,504622484			
311,4619367	2,501013518			
311,5452786	2,511840416			
311,6285956	2,511840416			
311,711935	2,519058349			
311,7952769	2,519058349			
311,8785939	2,511840416			
311,9619333	2,504622484			
312,0452753	2,519058349			
312,1285728	2,522667315			
312,2119317	2,519058349			
312,2952708	2,515449382			
312,3785908	2,515449382			
312,46193	2,519058349			
312,5452692	2,526276281			
312,6286114	2,522667315			
312,7119283	2,526276281			
312,7952508	2,522667315			
312,8786097	2,529885247			
312,9619267	2,529885247			
313,0452661	2,533494213			
313,1286081	2,526276281			
313,211925	2,515449382			
313,2952644	2,529885247			
313,3786036	2,529885247			
313,4619264	2,522667315			
313,5452628	2,522667315			
313,6286019	2,522667315			
313,7119442	2,529885247			
313,7952611	2,537103179			
313,8786003	2,529885247			
313,9619397	2,522667315			
314,0452594	2,522667315			
314,1286044	2,540712145			
314,2119381	2,537103179			
314,295255	2,537103179			
314,3785972	2,537103179			
314,4619364	2,529885247			
314,5452786	2,540712145			
314,6285956	2,547930077			
314,7119347	2,540712145			
314,7952769	2,537103179			
314,8786606	2,537103179			
314,96205	2,533494213			
315,0453892	2,540712145			
315,1287314	2,537103179			
315,2120706	2,537103179			
315,29541	2,529885247			
315,3787519	2,526276281			
315,4620689	2,537103179			
315,5453917	2,537103179			
315,6287503	2,544321111			
315,7120675	2,533494213			
315,7954067	2,537103179			
315,8787486	2,544321111			
315,9620631	2,537103179			
316,0454078	2,547930077			
316,1287442	2,529885247			
316,2120669	2,519058349			
316,2954033	2,537103179			
316,3787428	2,544321111			
316,4620847	2,529885247			
316,5454017	2,529885247			
316,6287411	2,544321111			
316,7120803	2,522667315			
316,7954	2,529885247			
316,878745	2,551539044			
316,9620786	2,551539044			
317,0453986	2,547930077			
317,1287378	2,558756976			
317,2120769	2,55514801			
317,2953942	2,558756976			
317,3787361	2,562365942			
317,4620756	2,551539044			
317,5454147	2,562365942			
317,6287344	2,569583874			
317,7120739	2,569583874			
317,7954131	2,569583874			
317,87873	2,551539044			
317,9620722	2,551539044			
318,0454114	2,562365942			
318,1287283	2,565974908			
318,2120706	2,551539044			
318,2954097	2,55514801			
318,3787269	2,576801806			
318,4620661	2,569583874			
318,5454081	2,565974908			
318,6287475	2,576801806			
318,7120644	2,576801806			
318,7954067	2,569583874			
318,8787458	2,565974908			
318,9620628	2,576801806			
319,045405	2,57319284			
319,1287469	2,57319284			
319,2120611	2,565974908			
319,2954033	2,565974908			
319,3787425	2,569583874			
319,4620847	2,569583874			
319,5453989	2,569583874			
319,6287408	2,565974908			
319,7120803	2,576801806			
319,7953972	2,57319284			
319,8787392	2,569583874			
319,9620786	2,576801806			
320,0453956	2,576801806			
320,1287378	2,580410773			
320,2120769	2,55514801			
320,2953939	2,569583874			
320,3787361	2,580410773			
320,4620753	2,584019739			
320,5454147	2,565974908			
320,6287344	2,562365942			
320,7120736	2,576801806			
320,7954131	2,584019739			
320,87873	2,584019739			
320,9620719	2,591237671			
321,0454114	2,584019739			
321,1287283	2,580410773			
321,2120706	2,576801806			
321,2954097	2,584019739			
321,3787489	2,591237671			
321,4620911	2,591237671			
321,5454303	2,587628705			
321,6287725	2,602064569			
321,7121589	2,584019739			
321,7954983	2,584019739			
321,8788153	2,591237671			
321,9621572	2,591237671			
322,0454967	2,591237671			
322,1288136	2,591237671			
322,2121586	2,598455603			
322,295495	2,587628705			
322,3788342	2,584019739			
322,4621514	2,598455603			
322,5454933	2,591237671			
322,6288325	2,602064569			
322,7121497	2,602064569			
322,7954917	2,598455603			
322,8788311	2,591237671			
322,9621481	2,602064569			
323,04549	2,602064569			
323,1288294	2,609282501			
323,2121464	2,605673535			
323,2954856	2,587628705			
323,3788278	2,598455603			
323,4621669	2,591237671			
323,5454842	2,609282501			
323,6288261	2,605673535			
323,7121653	2,605673535			
323,7954825	2,616500434			
323,8788217	2,598455603			
323,9621639	2,609282501			
324,0455031	2,616500434			
324,12882	2,623718366			
324,2121622	2,616500434			
324,2955014	2,616500434			
324,3788183	2,609282501			
324,4621606	2,602064569			
324,5454997	2,616500434			
324,6288167	2,623718366			
324,7121589	2,612891468			
324,7954981	2,627327332			
324,8788153	2,616500434			
324,9621544	2,623718366			
325,0454964	2,623718366			
325,1288136	2,616500434			
325,2121528	2,623718366			
325,295495	2,616500434			
325,3788342	2,623718366			
325,4621511	2,6201094			
325,5454906	2,623718366			
325,6288325	2,623718366			
325,7121494	2,630936298			
325,7954917	2,634545264			
325,8788308	2,630936298			
325,9621481	2,623718366			
326,0454872	2,6201094			
326,1288292	2,630936298			
326,2121686	2,630936298			
326,2954856	2,634545264			
326,3788275	2,627327332			
326,4621669	2,634545264			
326,5454839	2,63815423			
326,6288233	2,63815423			
326,7121653	2,63815423			
326,7954628	2,648981129			
326,8788217	2,641763196			
326,9621636	2,63815423			
327,0454806	2,656199061			
327,12882	2,648981129			
327,2121619	2,641763196			
327,2955014	2,63815423			
327,3788183	2,634545264			
327,4621408	2,630936298			
327,5454997	2,641763196			
327,6288167	2,645372163			
327,7121561	2,645372163			
327,7954981	2,645372163			
327,8788372	2,648981129			
327,9621544	2,648981129			
328,0454936	2,652590095			
328,1288161	2,656199061			
328,2121528	2,648981129			
328,2954919	2,652590095			
328,3788342	2,645372163			
328,4621511	2,652590095			
328,5454903	2,656199061			
328,6288325	2,648981129			
328,7121494	2,648981129			
328,7954942	2,659808027			
328,8788308	2,663416993			
328,9621478	2,656199061			
329,0454872	2,659808027			
329,1288264	2,659808027			
329,2121683	2,663416993			
329,2954856	2,648981129			
329,3788247	2,656199061			
329,4621725	2,667025959			
329,5454839	2,663416993			
329,6288231	2,659808027			
329,7121653	2,656199061			
329,7954822	2,656199061			
329,8788214	2,663416993			
329,9621608	2,663416993			
330,0454806	2,663416993			
330,1288197	2,667025959			
330,2121592	2,663416993			
330,2955011	2,667025959			
330,3788183	2,659808027			
330,4621575	2,663416993			
330,5454994	2,670634925			
330,6288167	2,674243892			
330,7121558	2,670634925			
330,7954981	2,670634925			
330,878815	2,670634925			
330,9621542	2,670634925			
331,0454936	2,670634925			
331,1288356	2,674243892			
331,2121525	2,677852858			
331,2954919	2,681461824			
331,3788339	2,677852858			
331,4621511	2,68507079			
331,5454903	2,674243892			
331,6288322	2,674243892			
331,7121494	2,688679756			
331,7954886	2,688679756			
331,8788278	2,677852858			
331,962145	2,677852858			
332,0454869	2,667025959			
332,1288264	2,674243892			
332,2121433	2,677852858			
332,2954853	2,677852858			
332,3788247	2,670634925			
332,4621667	2,681461824			
332,5454836	2,681461824			
332,6288231	2,681461824			
332,7121622	2,692288722			
332,7954822	2,681461824			
332,8788214	2,68507079			
332,9621606	2,692288722			
333,0455028	2,688679756			
333,1288197	2,688679756			
333,2121592	2,68507079			
333,2955011	2,681461824			
333,3787986	2,677852858			
333,4621575	2,688679756			
333,5455217	2,688679756			
333,6288611	2,695897688			
333,7121781	2,692288722			
333,79552	2,70311562			
333,8789067	2,695897688			
333,9622458	2,695897688			
334,0455631	2,688679756			
334,1289078	2,695897688			
334,2122444	2,695897688			
334,2955614	2,695897688			
334,3789953	2,688679756			
334,4623344	2,695897688			
334,5456514	2,692288722			
334,6289936	2,68507079			
334,7123328	2,692288722			
334,79565	2,695897688			
334,8789919	2,699506654			
334,9623311	2,692288722			
335,04574	2,688679756			
335,1291517	2,695897688			
335,2124908	2,688679756			
335,2958331	2,68507079			
335,37915	2,692288722			
335,4624892	2,70311562			
335,5458758	2,692288722			
335,6292153	2,70311562			
335,7125322	2,695897688			
335,7958742	2,688679756			
335,8792136	2,695897688			
335,9625556	2,692288722			
336,0458725	2,68507079			
336,1292119	2,692288722			
336,2125539	2,70311562			
336,2958711	2,677852858			
336,3792103	2,688679756			
336,4625744	2,70311562			
336,5459139	2,695897688			
336,6292308	2,695897688			
336,7126175	2,70311562			
336,7959594	2,706724587			
336,8792989	2,70311562			
336,9626158	2,721160451			
337,0459578	2,713942519			
337,1292972	2,699506654			
337,2126364	2,692288722			
337,2959533	2,710333553			
337,3794125	2,717551485			
337,4627294	2,710333553			
337,5460686	2,695897688			
337,6294081	2,717551485			
337,71275	2,695897688			
337,7960669	2,681461824			
337,8794064	2,688679756			
337,9627483	2,68507079			
338,0460653	2,699506654			
338,1295439	2,706724587			
338,2128831	2,721160451			
338,2962028	2,728378383			
338,3795422	2,728378383			
338,4628814	2,735596315			
338,5462681	2,742814248			
338,62961	2,75003218			
338,7129272	2,746423214			
338,7962664	2,753641146			
338,8797225	2,760859078			
338,9630394	2,75003218			
339,0463817	2,75003218			
339,1299072	2,757250112			
339,2132717	2,75003218			
339,2966108	2,757250112			
339,3799278	2,760859078			
339,46327	2,757250112			
339,5466092	2,75003218			
339,6299261	2,760859078			
339,7132656	2,768077011			
339,7966075	2,771685977			
339,8799247	2,775294943			
339,9632639	2,775294943			
340,0466058	2,775294943			
340,1299453	2,771685977			
340,2132622	2,768077011			
340,2966014	2,771685977			
340,3800131	2,775294943			
340,4633525	2,778903909			
340,5466944	2,775294943			
340,6300114	2,771685977			
340,7133508	2,778903909			
340,7967625	2,775294943			
340,8801017	2,778903909			
340,9634408	2,768077011			
341,0467636	2,775294943			
341,1301	2,771685977			
341,2134394	2,768077011			
341,2968508	2,764468044			
341,3802597	2,760859078			
341,4637158	2,771685977			
341,5470553	2,768077011			
341,630375	2,775294943			
341,7137142	2,771685977			
341,7970536	2,782512875			
341,8803706	2,778903909			
341,9637125	2,782512875			
342,0470519	2,775294943			
342,1303689	2,768077011			
342,2137108	2,775294943			
342,2970503	2,775294943			
342,3804369	2,768077011			
342,4637761	2,775294943			
342,5470958	2,771685977			
342,6304158	2,775294943			
342,7137744	2,782512875			
342,7970914	2,771685977			
342,8805253	2,778903909			
342,9638425	2,771685977			
343,0471817	2,778903909			
343,1305933	2,782512875			
343,2139325	2,789730807			
343,2972747	2,775294943			
343,3806139	2,786121841			
343,4639308	2,782512875			
343,5472731	2,796948739			
343,6306594	2,782512875			
343,7139989	2,786121841			
343,7973158	2,786121841			
343,8806581	2,786121841			
343,9639972	2,771685977			
344,0473142	2,782512875			
344,1306369	2,768077011			
344,2139956	2,786121841			
344,2973125	2,775294943			
344,3806547	2,746423214			
344,4639939	2,742814248			
344,5473806	2,753641146			
344,6307197	2,764468044			
344,7140369	2,771685977			
344,7973789	2,778903909			
344,8807181	2,786121841			
344,9640353	2,789730807			
345,0473772	2,789730807			
345,1307167	2,786121841			
345,2140558	2,793339773			
345,2973756	2,786121841			
345,380715	2,789730807			
345,4641014	2,789730807			
345,5474242	2,796948739			
345,6307578	2,789730807			
345,7141222	2,789730807			
345,7974642	2,789730807			
345,8808033	2,789730807			
345,9641206	2,793339773			
346,0474597	2,789730807			
346,1308017	2,789730807			
346,2140994	2,793339773			
346,2974581	2,800557706			
346,3808697	2,796948739			
346,4642089	2,796948739			
346,5475483	2,804166672			
346,63096	2,786121841			
346,7142992	2,789730807			
346,7976161	2,796948739			
346,8809583	2,804166672			
346,9642975	2,782512875			
347,0476397	2,793339773			
347,1310483	2,793339773			
347,2143878	2,793339773			
347,2977047	2,789730807			
347,3811608	2,793339773			
347,4646864	2,807775638			
347,5480286	2,804166672			
347,6313456	2,796948739			
347,714685	2,793339773			
347,7981661	2,796948739			
347,8814831	2,807775638			
347,9648222	2,807775638			
348,0482783	2,811384604			
348,1315956	2,81499357			
348,2149181	2,807775638			
348,2983242	2,818602536			
348,3816633	2,81499357			
348,4649803	2,807775638			
348,5484142	2,796948739			
348,6317314	2,807775638			
348,7150706	2,807775638			
348,7984572	2,81499357			
348,8817992	2,81499357			
348,9651386	2,81499357			
349,048525	2,822211502			
349,1318422	2,81499357			
349,2151842	2,818602536			
349,2986403	2,81499357			
349,3820269	2,822211502			
349,4653439	2,825820468			
349,5486831	2,829429434			
349,6320253	2,818602536			
349,7153422	2,81499357			
349,7986814	2,822211502			
349,8820931	2,822211502			
349,9654353	2,829429434			
350,0487717	2,833038401			
350,1322056	2,822211502			
350,2155922	2,81499357			
350,2989314	2,818602536			
350,3822733	2,81499357			
350,4655906	2,829429434			
350,5489297	2,822211502			
350,6322719	2,825820468			
350,7157056	2,81499357			
350,7992064	2,822211502			
350,8825456	2,822211502			
350,9658878	2,829429434			
351,0492047	2,822211502			
351,1325439	2,822211502			
351,2158861	2,829429434			
351,2992947	2,836647367			
351,3826369	2,840256333			
351,4659539	2,836647367			
351,5494072	2,825820468			
351,6327717	2,829429434			
351,7161136	2,829429434			
351,7994306	2,836647367			
351,88277	2,833038401			
351,9661119	2,840256333			
352,0494292	2,836647367			
352,1328156	2,833038401			
352,216155	2,833038401			
352,2994942	2,840256333			
352,3829281	2,843865299			
352,4664758	2,840256333			
352,5497958	2,840256333			
352,633135	2,843865299			
352,7164519	2,851083231			
352,7997969	2,851083231			
352,8831333	2,840256333			
352,9664728	2,843865299			
353,0497897	2,833038401			
353,1331317	2,843865299			
353,2164711	2,843865299			
353,2997881	2,851083231			
353,3831303	2,843865299			
353,4664694	2,854692197			
353,5498086	2,854692197			
353,6331258	2,843865299			
353,7164678	2,847474265			
353,7997847	2,843865299			
353,8832186	2,847474265			
353,9665358	2,858301163			
354,049875	2,86191013			
354,1332142	2,851083231			
354,2165564	2,843865299			
354,2998733	2,851083231			
354,3832125	2,854692197			
354,4665547	2,86191013			
354,5498717	2,854692197			
354,6332111	2,847474265			
354,7165531	2,851083231			
354,7999619	2,854692197			
354,8833011	2,86191013			
354,9666181	2,854692197			
355,0499603	2,869128062			
355,1332994	2,86191013			
355,2166167	2,851083231			
355,3000506	2,854692197			
355,3834369	2,86191013			
355,4667792	2,86191013			
355,5500961	2,869128062			
355,6335522	2,86191013			
355,7168692	2,86191013			
355,8002086	2,865519096			
355,8835506	2,86191013			
355,9668897	2,869128062			
356,0502069	2,865519096			
356,1335461	2,869128062			
356,2168883	2,869128062			
356,3002053	2,869128062			
356,3835444	2,86191013			
356,4668867	2,869128062			
356,5502731	2,872737028			
356,6336125	2,869128062			
356,7169294	2,872737028			
356,8002714	2,86191013			
356,8836108	2,869128062			
356,9669278	2,872737028			
357,0502672	2,876345994			
357,1335897	2,872737028			
357,2169261	2,876345994			
357,3002656	2,869128062			
357,3837217	2,869128062			
357,4673225	2,872737028			
357,5506811	2,876345994			
357,6340203	2,876345994			
357,7173625	2,876345994			
357,8006794	2,87995496			
357,8840189	2,887172892			
357,9673608	2,883563926			
358,0506778	2,872737028			
358,1339978	2,87995496			
358,2173592	2,87995496			
358,3006761	2,865519096			
358,3840156	2,869128062			
358,4673547	2,883563926			
358,5506747	2,872737028			
358,6340139	2,883563926			
358,7173531	2,883563926			
358,8006758	2,887172892			
358,8840122	2,883563926			
358,9673514	2,87995496			
359,0507631	2,894390825			
359,1341025	2,883563926			
359,2174417	2,883563926			
359,3007586	2,883563926			
359,3841008	2,872737028			
359,46744	2,872737028			
359,5507572	2,87995496			
359,6340992	2,883563926			
359,7174383	2,876345994			
359,8007556	2,887172892			
359,8840975	2,894390825			
359,9674367	2,894390825			
360,0507761	2,897999791			
360,1340958	2,887172892			
360,2174353	2,897999791			
360,3007744	2,894390825			
360,3840914	2,901608757			
360,4674336	2,905217723			
360,55082	2,905217723			
360,6341594	2,908826689			
360,7175014	2,890781858			
360,8008186	2,894390825			
360,8841383	2,908826689			
360,9674997	2,908826689			
361,0508169	2,901608757			
361,1341561	2,894390825			
361,2174953	2,905217723			
361,3008375	2,897999791			
361,3841544	2,905217723			
361,4674939	2,912435655			
361,5508164	2,901608757			
361,6341528	2,905217723			
361,7174922	2,908826689			
361,8008314	2,908826689			
361,8841511	2,901608757			
361,9674906	2,916044621			
362,0508297	2,908826689			
362,1342414	2,905217723			
362,2175806	2,916044621			
362,3008978	2,916044621			
362,3842397	2,916044621			
362,4675792	2,916044621			
362,5508961	2,916044621			
362,63433	2,916044621			
362,7176469	2,930480486			
362,8009861	2,916044621			
362,8843978	2,901608757			
362,9678539	2,916044621			
363,0511933	2,912435655			
363,1345103	2,905217723			
363,2178494	2,908826689			
363,3011917	2,912435655			
363,3845086	2,905217723			
363,4679425	2,905217723			
363,5512594	2,912435655			
363,6345989	2,923262553			
363,7179408	2,916044621			
363,8012578	2,916044621			
363,8845778	2,912435655			
363,9679392	2,923262553			
364,0512786	2,923262553			
364,1345956	2,923262553			
364,2179347	2,930480486			
364,3012769	2,919653587			
364,3846858	2,919653587			
364,468025	2,930480486			
364,5513447	2,923262553			
364,6346897	2,934089452			
364,7180483	2,916044621			
364,8013878	2,92687152			
364,8848217	2,92687152			
364,9681608	2,930480486			
365,0514806	2,937698418			
365,13482	2,930480486			
365,2181619	2,94491635			
365,3015011	2,934089452			
365,3847989	2,937698418			
365,4681575	2,92687152			
365,5514969	2,934089452			
365,6348167	2,937698418			
365,7181558	2,937698418			
365,8014953	2,941307384			
365,8848372	2,941307384			
365,9681542	2,92687152			
366,0514769	2,934089452			
366,1348356	2,941307384			
366,2181528	2,941307384			
366,3014919	2,934089452			
366,3848311	2,94491635			
366,4681511	2,934089452			
366,5514903	2,941307384			
366,6348297	2,948525316			
366,7181522	2,94491635			
366,8014886	2,94491635			
366,8848281	2,94491635			
366,968145	2,941307384			
367,0514869	2,941307384			
367,1348292	2,941307384			
367,2181433	2,952134282			
367,3014856	2,955743249			
367,3848303	2,948525316			
367,4681639	2,948525316			
367,5515978	2,948525316			
367,6349372	2,948525316			
367,7182792	2,948525316			
367,8016658	2,948525316			
367,8849828	2,941307384			
367,9683219	2,948525316			
368,0516642	2,952134282			
368,1350033	2,959352215			
368,2183206	2,959352215			
368,3016625	2,955743249			
368,3849794	2,959352215			
368,4683189	2,962961181			
368,551775	2,962961181			
368,6350919	2,966570147			
368,7184339	2,962961181			
368,8017733	2,962961181			
368,8851153	2,959352215			
368,9684297	2,955743249			
369,0517717	2,959352215			
369,1351108	2,962961181			
369,2184281	2,966570147			
369,30177	2,962961181			
369,3851092	2,959352215			
369,4684264	2,970179113			
369,5517683	2,962961181			
369,6351078	2,970179113			
369,7184719	2,970179113			
369,8017889	2,959352215			
369,8851756	2,962961181			
369,968515	2,962961181			
370,0518569	2,970179113			
370,1351739	2,970179113			
370,2185133	2,973788079			
370,3018358	2,970179113			
370,3852697	2,977397045			
370,4686731	2,962961181			
370,552015	2,966570147			
370,6353542	2,970179113			
370,7187408	2,970179113			
370,8020831	2,973788079			
370,8854	2,973788079			
370,9687392	2,977397045			
371,0520786	2,984614977			
371,1353789	2,981006011			
371,2187375	2,973788079			
371,3020769	2,973788079			
371,3853939	2,977397045			
371,4688278	2,973788079			
371,5521919	2,981006011			
371,6355092	2,984614977			
371,7188483	2,988223944			
371,8021906	2,981006011			
371,8854881	2,984614977			
371,9688467	2,981006011			
372,052325	2,99183291			
372,1356672	2,995441876			
372,2189842	2,99183291			
372,3024403	2,981006011			
372,3857572	2,988223944			
372,4690994	2,984614977			
372,5524386	2,988223944			
372,6358253	2,988223944			
372,7191644	2,99183291			
372,802465	2,99183291			
372,8859378	3,002659808			
372,9692547	3,002659808			
373,0525967	2,995441876			
373,1360528	2,988223944			
373,2193922	2,981006011			
373,3027092	2,988223944			
373,3860514	2,995441876			
373,4693906	2,999050842			
373,5527075	2,988223944			
373,6360469	2,99183291			
373,7193889	3,002659808			
373,8027756	2,995441876			
373,8860925	2,999050842			
373,9694344	3,006268774			
374,0527739	3,006268774			
374,1362078	3,002659808			
374,2196639	3,002659808			
374,3030253	3,002659808			
374,3863425	2,999050842			
374,4696844	2,999050842			
374,5530933	2,999050842			
374,6364158	2,999050842			
374,7197747	3,002659808			
374,8031833	2,995441876			
374,8865256	2,999050842			
374,9698425	2,995441876			
375,0531819	3,002659808			
375,1365239	2,999050842			
375,2198408	3,002659808			
375,3031803	3,013486706			
375,386525	3,00987774			
375,4698614	3,00987774			
375,5532953	3,00987774			
375,6366347	3,00987774			
375,7199517	3,00987774			
375,8034078	3,013486706			
375,88675	3,00987774			
375,9700669	3,00987774			
376,0534061	3,00987774			
376,1367456	3,020704639			
376,2200681	3,020704639			
376,3034044	3,024313605			
376,3867439	3,024313605			
376,4700608	3,020704639			
376,5534028	3,00987774			
376,6367422	3,006268774			
376,7200842	3,00987774			
376,8034014	3,017095672			
376,8867461	3,00987774			
376,9700797	3,024313605			
377,0533997	3,027922571			
377,1367861	3,020704639			
377,2201256	3,006268774			
377,3034647	3,017095672			
377,3868069	3,020704639			
377,4701239	3,020704639			
377,5535328	3,024313605			
377,6368553	3,024313605			
377,7202142	3,024313605			
377,8035533	3,024313605			
377,8868703	3,024313605			
377,9702125	3,027922571			
378,0535517	3,038749469			
378,1368686	3,035140503			
378,2202108	3,027922571			
378,3035972	3,031531537			
378,3869367	3,027922571			
378,4702786	3,020704639			
378,5536875	3,027922571			
378,6370267	3,031531537			
378,7203467	3,035140503			
378,8037303	3,027922571			
378,8870725	3,038749469			
378,9704117	3,038749469			
379,0537289	3,045967401			
379,1370736	3,042358435			
379,22041	3,027922571			
379,3038189	3,027922571			
379,3871611	3,027922571			
379,4704781	3,031531537			
379,5538172	3,035140503			
379,6371594	3,038749469			
379,7204986	3,042358435			
379,8039325	3,042358435			
379,8872717	3,038749469			
379,9705889	3,042358435			
380,0539308	3,042358435			
380,1372703	3,053185334			
380,2206122	3,0567943			
380,3040211	3,049576368			
380,3873603	3,053185334			
380,4706772	3,049576368			
380,5540194	3,042358435			
380,6373586	3,035140503			
380,7207286	3,038749469			
380,8040622	3,049576368			
380,8874044	3,049576368			
380,9707436	3,049576368			
381,0540828	3,0567943			
381,1374028	3,060403266			
381,2207419	3,0567943			
381,3040814	3,049576368			
381,3874039	3,045967401			
381,4707403	3,042358435			
381,5540797	3,042358435			
381,6373967	3,0567943			
381,7208528	3,049576368			
381,8041947	3,053185334			
381,8875119	3,064012232			
381,9708511	3,064012232			
382,0541933	3,049576368			
382,1375131	3,049576368			
382,2208717	3,060403266			
382,3042139	3,049576368			
382,3875531	3,049576368			
382,4708703	3,053185334			
382,5542122	3,053185334			
382,6376211	3,060403266			
382,7209603	3,060403266			
382,8043025	3,067621198			
382,887625	3,0567943			
382,9710561	3,053185334			
383,0543703	3,0567943			
383,1377094	3,067621198			
383,2210961	3,064012232			
383,3044383	3,071230164			
383,3877775	3,071230164			
383,4711864	3,071230164			
383,5545283	3,067621198			
383,6378453	3,0567943			
383,7211653	3,067621198			
383,8045267	3,060403266			
383,8878439	3,064012232			
383,9712747	3,067621198			
384,0545919	3,071230164			
384,1379339	3,060403266			
384,2212733	3,060403266			
384,3046847	3,067621198			
384,3880242	3,067621198			
384,4713411	3,07483913			
384,5546803	3,071230164			
384,6380225	3,071230164			
384,7213617	3,082057063			
384,8046789	3,082057063			
384,8880208	3,082057063			
384,9714297	3,07483913			
385,0547689	3,067621198			
385,1381111	3,07483913			
385,221545	3,082057063			
385,3048842	3,082057063			
385,3882011	3,07483913			
385,4715406	3,085666029			
385,5548825	3,07483913			
385,6382217	3,07483913			
385,7216556	3,078448096			
385,804995	3,082057063			
385,8883119	3,078448096			
385,9717236	3,07483913			
386,0550406	3,082057063			
386,1383631	3,089274995			
386,2217219	3,085666029			
386,3051531	3,089274995			
386,388495	3,089274995			
386,4718344	3,082057063			
386,5552458	3,082057063			
386,6385631	3,085666029			
386,7219022	3,089274995			
386,8052889	3,096492927			
386,8886308	3,082057063			
386,9719703	3,096492927			
387,0552872	3,089274995			
387,1386264	3,092883961			
387,2220131	3,089274995			
387,305355	3,085666029			
387,3886944	3,089274995			
387,4720114	3,092883961			
387,5553981	3,096492927			
387,63874	3,096492927			
387,7220794	3,100101893			
387,8054881	3,107319825			
387,8888303	3,096492927			
387,9721694	3,096492927			
388,0554867	3,096492927			
388,1388286	3,103710859			
388,2221678	3,096492927			
388,305485	3,100101893			
388,3888269	3,100101893			
388,4722136	3,100101893			
388,5556225	3,096492927			
388,6389617	3,100101893			
388,7223036	3,092883961			
388,8057347	3,107319825			
388,8890769	3,100101893			
388,9724161	3,103710859			
389,0557581	3,107319825			
389,1390975	3,114537758			
389,2224367	3,107319825			
389,3058233	3,110928791			
389,3891653	3,103710859			
389,4724825	3,107319825			
389,5558244	3,107319825			
389,6391639	3,114537758			
389,7224808	3,110928791			
389,8059842	3,110928791			
389,8893233	3,118146724			
389,9726628	3,114537758			
390,0560744	3,118146724			
390,1394136	3,125364656			
390,2227306	3,125364656			
390,3060756	3,114537758			
390,3894592	3,12175569			
390,4727986	3,128973622			
390,5561378	3,128973622			
390,6395244	3,110928791			
390,7228414	3,107319825			
390,8061836	3,12175569			
390,8895228	3,12175569			
390,9728647	3,125364656			
391,0561847	3,125364656			
391,1395211	3,12175569			
391,2228381	3,125364656			
391,3062719	3,132582588			
391,3895892	3,114537758			
391,4729311	3,12175569			
391,5562706	3,12175569			
391,6396097	3,136191554			
391,7229267	3,12175569			
391,8063606	3,128973622			
391,8896775	3,128973622			
391,9730169	3,118146724			
392,0564981	3,114537758			
392,1398372	3,128973622			
392,2231544	3,125364656			
392,3064964	3,128973622			
392,3898133	3,12175569			
392,4731528	3,128973622			
392,5565392	3,125364656			
392,6398814	3,136191554			
392,7232206	3,136191554			
392,8065378	3,128973622			
392,8898769	3,136191554			
392,9732189	3,13980052			
393,0565361	3,128973622			
393,1398753	3,128973622			
393,2232175	3,136191554			
393,3065567	3,13980052			
393,3898736	3,13980052			
393,4732158	3,136191554			
393,556555	3,143409487			
393,6398719	3,147018453			
393,7232114	3,13980052			
393,8065533	3,143409487			
393,8899622	3,147018453			
393,9733042	3,143409487			
394,0566242	3,154236385			
394,1400553	3,150627419			
394,2233694	3,150627419			
394,3067114	3,154236385			
394,3900508	3,161454317			
394,4733678	3,154236385			
394,5567097	3,154236385			
394,6401186	3,154236385			
394,7234608	3,157845351			
394,8068	3,132582588			
394,8901169	3,150627419			
394,9734592	3,143409487			
395,0567983	3,143409487			
395,1402072	3,147018453			
395,2235492	3,154236385			
395,3068886	3,150627419			
395,390275	3,154236385			
395,4735922	3,168672249			
395,5569342	3,161454317			
395,6403208	3,154236385			
395,72366	3,161454317			
395,8069994	3,154236385			
395,8904108	3,154236385			
395,9737503	3,168672249			
396,0570672	3,161454317			
396,1404094	3,161454317			
396,2238181	3,168672249			
396,3071603	3,161454317			
396,3904994	3,165063283			
396,4738861	3,168672249			
396,557295	3,161454317			
396,6406369	3,161454317			
396,7239539	3,168672249			
396,8073156	3,168672249			
396,8906575	3,161454317			
396,9739969	3,154236385			
397,0573139	3,168672249			
397,1406558	3,175890182			
397,2239953	3,172281215			
397,3073122	3,172281215			
397,3906542	3,175890182			
397,4740631	3,172281215			
397,5574025	3,175890182			
397,6407444	3,168672249			
397,7240836	3,175890182			
397,8074703	3,175890182			
397,8907872	3,175890182			
397,9741294	3,168672249			
398,0574686	3,172281215			
398,1407858	3,168672249			
398,2242194	3,179499148			
398,3075589	3,175890182			
398,3908758	3,175890182			
398,4742625	3,183108114			
398,5576044	3,172281215			
398,6409439	3,179499148			
398,7242608	3,183108114			
398,8076475	3,175890182			
398,8909894	3,183108114			
398,9743286	3,18671708			
399,0577153	3,183108114			
399,1410544	3,172281215			
399,2243744	3,172281215			
399,3077833	3,168672249			
399,3911225	3,175890182			
399,4744644	3,175890182			
399,5578983	3,179499148			
399,6412378	3,179499148			
399,7245603	3,183108114			
399,8079636	3,193935012			
399,8913056	3,183108114			
399,9746225	3,190326046			
400,0579619	3,190326046			
400,1413039	3,18671708			
400,2246211	3,18671708			
400,3080522	3,183108114			
400,3913692	3,183108114			
400,4747111	3,175890182			
400,5580506	3,190326046			
400,6413675	3,193935012			
400,7247094	3,193935012			
400,8081656	3,193935012			
400,8915744	3,190326046			
400,9749167	3,201152944			
401,0582336	3,193935012			
401,1415728	3,197543978			
401,2249122	3,201152944			
401,3082125	3,201152944			
401,3916436	3,20476191			
401,47498	3,20476191			
401,5583222	3,193935012			
401,6417783	3,18671708			
401,7250953	3,183108114			
401,8084344	3,190326046			
401,8917739	3,193935012			
401,9750936	3,193935012			
402,0584328	3,201152944			
402,1418889	3,201152944			
402,225345	3,201152944			
402,3086844	3,201152944			
402,3920264	3,201152944			
402,4753436	3,201152944			
402,5587772	3,197543978			
402,6420944	3,20476191			
402,7254336	3,20476191			
402,8088453	3,20476191			
402,8921844	3,211979843			
402,9755239	3,215588809			
403,0588408	3,208370877			
403,1421633	3,211979843			
403,2255222	3,215588809			
403,3089089	3,208370877			
403,3922481	3,208370877			
403,4755678	3,208370877			
403,5589072	3,215588809			
403,6422464	3,208370877			
403,7255661	3,208370877			
403,8089972	3,208370877			
403,8923144	3,215588809			
403,9756536	3,215588809			
404,0590653	3,219197775			
404,1424044	3,219197775			
404,2257467	3,215588809			
404,3090636	3,219197775			
404,3924028	3,219197775			
404,475745	3,222806741			
404,5591539	3,215588809			
404,6424958	3,219197775			
404,7258156	3,226415707			
404,8092494	3,219197775			
404,8926083	3,226415707			
404,9759253	3,230024673			
405,0593592	3,226415707			
405,1426761	3,226415707			
405,2260156	3,230024673			
405,3094717	3,226415707			
405,3929053	3,222806741			
405,4762919	3,230024673			
405,5596314	3,211979843			
405,6429733	3,222806741			
405,7264517	3,215588809			
405,8097911	3,230024673			
405,8931331	3,222806741			
405,9765669	3,230024673			
406,0599061	3,226415707			
406,1432456	3,222806741			
406,2266319	3,222806741			
406,3099492	3,230024673			
406,3932911	3,230024673			
406,4766303	3,222806741			
406,5599725	3,230024673			
406,6432894	3,240851572			
406,7266761	3,237242606			
406,8100153	3,230024673			
406,8933575	3,237242606			
406,9767411	3,233633639			
407,0600833	3,230024673			
407,1434003	3,240851572			
407,2267394	3,233633639			
407,3100817	3,233633639			
407,3933986	3,237242606			
407,4767436	3,230024673			
407,56008	3,240851572			
407,6433969	3,237242606			
407,7267364	3,237242606			
407,8100783	3,233633639			
407,8934872	3,240851572			
407,9768292	3,237242606			
408,0601464	3,230024673			
408,1434856	3,233633639			
408,2268247	3,240851572			
408,3101669	3,240851572			
408,3934839	3,240851572			
408,4768233	3,244460538			
408,5601653	3,248069504			
408,6435519	3,244460538			
408,7268689	3,237242606			
408,8102081	3,25167847			
408,8936419	3,248069504			
408,9769619	3,244460538			
409,0602983	3,248069504			
409,1436403	3,248069504			
409,2270714	3,255287436			
409,3105275	3,255287436			
409,3938447	3,248069504			
409,4771867	3,255287436			
409,5605733	3,255287436			
409,6439125	3,25167847			
409,7272294	3,255287436			
409,8105939	3,258896402			
409,89405	3,248069504			
409,9773725	3,25167847			
410,0607092	3,262505368			
410,1440483	3,255287436			
410,2273875	3,25167847			
410,3107047	3,255287436			
410,3940467	3,244460538			
410,4773861	3,262505368			
410,5607975	3,262505368			
410,6441369	3,262505368			
410,7274761	3,262505368			
410,8107931	3,262505368			
410,8941825	3,258896402			
410,9775219	3,262505368			
411,0608389	3,262505368			
411,1442728	3,255287436			
411,2276119	3,262505368			
411,3109289	3,255287436			
411,3944075	3,262505368			
411,4777494	3,266114334			
411,5610664	3,269723301			
411,6445003	3,266114334			
411,7278172	3,273332267			
411,8111567	3,262505368			
411,8944958	3,262505368			
411,9778158	3,269723301			
412,061155	3,269723301			
412,1445639	3,269723301			
412,2279058	3,269723301			
412,3112453	3,269723301			
412,3946789	3,262505368			
412,4779989	3,258896402			
412,5613603	3,269723301			
412,6447692	3,273332267			
412,7281083	3,266114334			
412,8114283	3,276941233			
412,8947675	3,280550199			
412,9781069	3,284159165			
413,0614239	3,276941233			
413,1448578	3,280550199			
413,2282219	3,284159165			
413,3115447	3,276941233			
413,3948783	3,280550199			
413,4782203	3,280550199			
413,5615375	3,280550199			
413,6448767	3,276941233			
413,7282189	3,284159165			
413,8115358	3,294986063			
413,894875	3,291377097			
413,97822	3,287768131			
414,0615564	3,294986063			
414,1448761	3,287768131			
414,2282156	3,294986063			
414,3116244	3,287768131			
414,395125	3,294986063			
414,4784669	3,294986063			
414,5618064	3,294986063			
414,6451233	3,291377097			
414,7284653	3,294986063			
414,8118047	3,287768131			
414,8951217	3,294986063			
414,9784639	3,287768131			
415,0618031	3,294986063			
415,1451422	3,294986063			
415,2284594	3,294986063			
415,3118014	3,287768131			
415,3951183	3,294986063			
415,4784411	3,302203996			
415,5617997	3,302203996			
415,6451392	3,291377097			
415,7284561	3,302203996			
415,8117981	3,298595029			
415,8951375	3,298595029			
415,9785464	3,302203996			
416,0618883	3,313030894			
416,1452053	3,302203996			
416,2285503	3,305812962			
416,3118839	3,298595029			
416,3952036	3,294986063			
416,4786125	3,302203996			
416,5619294	3,294986063			
416,6452717	3,309421928			
416,7286108	3,305812962			
416,8119281	3,309421928			
416,8952672	3,313030894			
416,9786594	3,305812962			
417,0620181	3,31663986			
417,1453575	3,309421928			
417,2287467	3,31663986			
417,3120639	3,302203996			
417,3954031	3,309421928			
417,478745	3,309421928			
417,5620844	3,302203996			
417,6454236	3,305812962			
417,7287686	3,309421928			
417,812105	3,31663986			
417,8954219	3,309421928			
417,9787614	3,320248826			
418,0621033	3,323857792			
418,1455372	3,323857792			
418,2288764	3,31663986			
418,3122158	3,327466758			
418,3956025	3,320248826			
418,4789444	3,327466758			
418,5622614	3,309421928			
418,6456008	3,313030894			
418,7289428	3,313030894			
418,8122597	3,31663986			
418,8955992	3,31663986			
418,9789383	3,31663986			
419,0622583	3,323857792			
419,1456197	3,323857792			
419,2289617	3,320248826			
419,3123011	3,320248826			
419,3956181	3,327466758			
419,4789603	3,331075725			
419,5623467	3,331075725			
419,6457333	3,334684691			
419,7290725	3,331075725			
419,8124119	3,338293657			
419,8958236	3,338293657			
419,9791628	3,334684691			
420,0624797	3,338293657			
420,1458219	3,334684691			
420,2291611	3,341902623			
420,3124781	3,334684691			
420,3959342	3,341902623			
420,4792764	3,334684691			
420,5625933	3,341902623			
420,6460272	3,334684691			
420,7293442	3,334684691			
420,8126836	3,338293657			
420,8960756	3,341902623			
420,9794344	3,349120555			
421,0627736	3,341902623			
421,1460908	3,341902623			
421,229455	3,341902623			
421,3129111	3,349120555			
421,3962506	3,338293657			
421,4795675	3,341902623			
421,5630014	3,338293657			
421,6463183	3,334684691			
421,7296575	3,338293657			
421,8130914	3,334684691			
421,8964558	3,341902623			
421,979795	3,341902623			
422,0631372	3,345511589			
422,1464542	3,341902623			
422,2297933	3,345511589			
422,3131356	3,349120555			
422,3964525	3,349120555			
422,4797919	3,352729521			
422,5631311	3,352729521			
422,6464731	3,356338487			
422,7297903	3,352729521			
422,8131294	3,356338487			
422,8964714	3,356338487			
422,9797886	3,349120555			
423,0631278	3,36355642			
423,14647	3,349120555			
423,2297869	3,356338487			
423,3131261	3,36355642			
423,3964683	3,359947453			
423,4797853	3,359947453			
423,5631244	3,356338487			
423,6464639	3,356338487			
423,7298058	3,352729521			
423,8131231	3,356338487			
423,896515	3,352729521			
423,9798489	3,356338487			
424,0631908	3,359947453			
424,1465078	3,367165386			
424,2298472	3,36355642			
424,3131892	3,359947453			
424,3965286	3,36355642			
424,4798456	3,359947453			
424,5631903	3,359947453			
424,6465269	3,36355642			
424,7298439	3,374383318			
424,8131831	3,36355642			
424,8965253	3,36355642			
424,9799119	3,36355642			
425,0632511	3,367165386			
425,1465681	3,370774352			
425,2300714	3,370774352			
425,3134108	3,374383318			
425,3967333	3,367165386			
425,48007	3,374383318			
425,5634092	3,370774352			
425,6467511	3,38160125			
425,7300683	3,374383318			
425,8134075	3,38160125			
425,8967497	3,38160125			
425,9800667	3,38160125			
426,0634114	3,38160125			
426,1467453	3,374383318			
426,230065	3,374383318			
426,3134042	3,385210216			
426,3968131	3,377992284			
426,4801553	3,38160125			
426,5634944	3,385210216			
426,6469033	3,388819182			
426,7302453	3,377992284			
426,8135847	3,385210216			
426,8969017	3,377992284			
426,9802436	3,38160125			
427,0635831	3,38160125			
427,1469	3,367165386			
427,2302419	3,377992284			
427,3135814	3,374383318			
427,3968983	3,377992284			
427,4802406	3,377992284			
427,5635797	3,38160125			
427,6468967	3,385210216			
427,7303306	3,38160125			
427,8137394	3,374383318			
427,8970786	3,388819182			
427,9803958	3,388819182			
428,0637378	3,388819182			
428,1470769	3,392428148			
428,2303942	3,392428148			
428,3138281	3,388819182			
428,397145	3,392428148			
428,4804842	3,392428148			
428,5638708	3,388819182			
428,6472128	3,388819182			
428,7305522	3,388819182			
428,8139861	3,396037115			
428,8973253	3,388819182			
428,9806675	3,403255047			
429,0639844	3,392428148			
429,1473236	3,399646081			
429,2306658	3,392428148			
429,3139828	3,399646081			
429,3973219	3,392428148			
429,4806642	3,399646081			
429,5640731	3,399646081			
429,6474122	3,399646081			
429,7307292	3,403255047			
429,8140714	3,399646081			
429,8973939	3,396037115			
429,9807275	3,403255047			
430,0640697	3,406864013			
430,1474089	3,414081945			
430,2308428	3,410472979			
430,3143686	3,403255047			
430,3977078	3,410472979			
430,4810497	3,410472979			
430,5643892	3,410472979			
430,6477061	3,421299877			
430,7310456	3,410472979			
430,8143681	3,424908844			
430,8977044	3,421299877			
430,9810439	3,406864013			
431,0643858	3,403255047			
431,1477028	3,403255047			
431,2310422	3,414081945			
431,3143842	3,406864013			
431,3977708	3,410472979			
431,4811575	3,414081945			
431,56448	3,421299877			
431,6478136	3,414081945			
431,7311558	3,414081945			
431,814495	3,417690911			
431,8978342	3,410472979			
431,9811764	3,421299877			
432,0645156	3,421299877			
432,147855	3,421299877			
432,2312664	3,414081945			
432,3145892	3,406864013			
432,3979228	3,417690911			
432,481265	3,421299877			
432,5646042	3,421299877			
432,6479211	3,417690911			
432,7312633	3,424908844			
432,8146025	3,421299877			
432,8979892	3,421299877			
432,9813311	3,424908844			
433,0646483	3,424908844			
433,1479875	3,42851781			
433,2313267	3,421299877			
433,3146467	3,421299877			
433,3979858	3,414081945			
433,481325	3,42851781			
433,5646672	3,42851781			
433,6480761	3,424908844			
433,7314153	3,42851781			
433,814735	3,42851781			
433,8980744	3,435735742			
433,9814136	3,42851781			
434,0647336	3,435735742			
434,1480728	3,435735742			
434,2314119	3,439344708			
434,3147292	3,435735742			
434,3980517	3,432126776			
434,4814103	3,432126776			
434,5647275	3,435735742			
434,6480694	3,435735742			
434,7314533	3,442953674			
434,8147953	3,439344708			
434,8981375	3,435735742			
434,9814544	3,432126776			
435,0647936	3,442953674			
435,1481331	3,439344708			
435,2314528	3,442953674			
435,3147919	3,442953674			
435,3981314	3,442953674			
435,4814733	3,450171606			
435,5647906	3,439344708			
435,6481297	3,435735742			
435,7315164	3,442953674			
435,8148389	3,44656264			
435,8981753	3,442953674			
435,9816064	3,439344708			
436,0649236	3,450171606			
436,1482656	3,44656264			
436,2316047	3,44656264			
436,3150164	3,44656264			
436,3983558	3,450171606			
436,4816728	3,450171606			
436,5651289	3,450171606			
436,6484681	3,453780572			
436,7317853	3,44656264			
436,8151744	3,450171606			
436,8985139	3,450171606			
436,9818531	3,453780572			
437,0653342	3,453780572			
437,1486514	3,450171606			
437,2319906	3,44656264			
437,3154022	3,450171606			
437,3987414	3,450171606			
437,4820808	3,442953674			
437,5653978	3,450171606			
437,6487397	3,450171606			
437,7320792	3,460998505			
437,8153961	3,460998505			
437,8987381	3,460998505			
437,9820775	3,457389539			
438,0654194	3,457389539			
438,1487367	3,460998505			
438,2320758	3,453780572			
438,315415	3,457389539			
438,3987322	3,44656264			
438,4820742	3,453780572			
438,5654133	3,460998505			
438,6487306	3,460998505			
438,7320725	3,468216437			
438,8154814	3,468216437			
438,8988206	3,468216437			
438,9821433	3,471825403			
439,0655772	3,468216437			
439,1489358	3,468216437			
439,2322753	3,460998505			
439,3155922	3,464607471			
439,3990956	3,475434369			
439,4824347	3,475434369			
439,5657769	3,479043335			
439,6491858	3,460998505			
439,7325278	3,464607471			
439,8158447	3,471825403			
439,8991842	3,475434369			
439,9825261	3,475434369			
440,0658433	3,475434369			
440,1492994	3,468216437			
440,2326386	3,468216437			
440,3159556	3,479043335			
440,3993422	3,479043335			
440,4827289	3,468216437			
440,5660708	3,468216437			
440,64941	3,475434369			
440,7328439	3,475434369			
440,8161833	3,471825403			
440,8995281	3,482652301			
440,9828869	3,475434369			
441,0662733	3,489870234			
441,1495906	3,489870234			
441,2329325	3,489870234			
441,3162717	3,486261267			
441,3995889	3,489870234			
441,4829308	3,489870234			
441,5662703	3,4934792			
441,6496094	3,482652301			
441,7329292	3,486261267			
441,8163825	3,489870234			
441,8997719	3,489870234			
441,9831111	3,4934792			
442,0664283	3,497088166			
442,1498622	3,497088166			
442,2331792	3,4934792			
442,3165183	3,497088166			
442,3998606	3,497088166			
442,4832219	3,497088166			
442,5665389	3,500697132			
442,6498811	3,500697132			
442,73329	3,500697132			
442,8166319	3,497088166			
442,8999714	3,497088166			
442,9834275	3,489870234			
443,0667667	3,489870234			
443,1501086	3,4934792			
443,2334258	3,500697132			
443,316765	3,497088166			
443,4001072	3,500697132			
443,4835158	3,497088166			
443,5668553	3,497088166			
443,6501722	3,504306098			
443,7335839	3,497088166			
443,8169008	3,507915064			
443,90024	3,507915064			
443,9836267	3,504306098			
444,0669689	3,507915064			
444,1502664	3,500697132			
444,233625	3,507915064			
444,3169672	3,500697132			
444,4003064	3,51152403			
444,4836233	3,507915064			
444,5669628	3,507915064			
444,6503047	3,51152403			
444,7336219	3,515132996			
444,8169444	3,507915064			
444,9003031	3,518741963			
444,9836203	3,522350929			
445,0669594	3,522350929			
445,1503014	3,515132996			
445,2336631	3,522350929			
445,3169828	3,518741963			
445,4003222	3,515132996			
445,4837308	3,518741963			
445,5670536	3,522350929			
445,6504122	3,522350929			
445,7338211	3,522350929			
445,8172328	3,518741963			
445,9005719	3,525959895			
445,9839142	3,522350929			
446,0673006	3,518741963			
446,15064	3,522350929			
446,2339569	3,525959895			
446,3173436	3,525959895			
446,4006856	3,525959895			
446,484025	3,529568861			
446,5673419	3,533177827			
446,6506811	3,533177827			
446,7340233	3,525959895			
446,8173625	3,522350929			
446,9006794	3,533177827			
446,9840217	3,533177827			
447,0673608	3,529568861			
447,1506781	3,533177827			
447,2340172	3,536786793			
447,3174761	3,525959895			
447,4007931	3,529568861			
447,4841325	3,533177827			
447,5674494	3,533177827			
447,6507914	3,525959895			
447,7341308	3,540395759			
447,8176564	3,544004725			
447,9009958	3,536786793			
447,9843128	3,536786793			
448,0677467	3,536786793			
448,1511556	3,536786793			
448,2344975	3,540395759			
448,3178144	3,544004725			
448,4011539	3,547613691			
448,4844958	3,536786793			
448,5678128	3,540395759			
448,6511522	3,547613691			
448,7344942	3,536786793			
448,8178336	3,551222658			
448,9011506	3,551222658			
448,9844897	3,547613691			
449,0678319	3,547613691			
449,1512183	3,544004725			
449,2345356	3,551222658			
449,3178747	3,547613691			
449,4013308	3,547613691			
449,4846478	3,554831624			
449,56799	3,547613691			
449,6513764	3,554831624			
449,7347158	3,562049556			
449,8180328	3,536786793			
449,9014889	3,540395759			
449,9848311	3,536786793			
450,0681703	3,540395759			
450,1515122	3,540395759			
450,2348517	3,554831624			
450,3181908	3,544004725			
450,4016025	3,547613691			
450,4849417	3,55844059			
450,5682589	3,554831624			
450,6516008	3,554831624			
450,7349403	3,554831624			
450,8182572	3,562049556			
450,9015992	3,562049556			
450,9849386	3,551222658			
451,0682556	3,562049556			
451,1517117	3,55844059			
451,2350508	3,55844059			
451,3183708	3,562049556			
451,4018242	3,554831624			
451,4852581	3,562049556			
451,5686	3,562049556			
451,6519392	3,55844059			
451,7352564	3,565658522			
451,8185983	3,565658522			
451,9019378	3,565658522			
451,9853242	3,562049556			
452,0686636	3,565658522			
452,1519639	3,562049556			
452,235395	3,55844059			
452,3187314	3,569267488			
452,4020736	3,569267488			
452,4854822	3,569267488			
452,5688217	3,572876454			
452,6521636	3,565658522			
452,7354806	3,572876454			
452,81882	3,569267488			
452,9021619	3,569267488			
452,9855014	3,562049556			
453,0688183	3,572876454			
453,1521603	3,572876454			
453,2354997	3,572876454			
453,3188167	3,57648542			
453,4021561	3,583703353			
453,4854981	3,57648542			
453,568815	3,57648542			
453,6521544	3,583703353			
453,7354964	3,580094386			
453,8188133	3,583703353			
453,9021528	3,57648542			
453,9854947	3,580094386			
454,0688342	3,57648542			
454,1523125	3,569267488			
454,2356989	3,580094386			
454,3190411	3,569267488			
454,4023803	3,569267488			
454,4857919	3,57648542			
454,5692231	3,57648542			
454,65254	3,580094386			
454,7358822	3,580094386			
454,8192908	3,583703353			
454,9026303	3,580094386			
454,9859722	3,57648542			
455,0692894	3,587312319			
455,1526286	3,587312319			
455,2359706	3,583703353			
455,3192683	3,594530251			
455,4026269	3,583703353			
455,4859692	3,57648542			
455,5692861	3,580094386			
455,6526253	3,580094386			
455,7359647	3,587312319			
455,8193067	3,583703353			
455,9027628	3,594530251			
455,9861019	3,590921285			
456,0694442	3,601748183			
456,1527611	3,598139217			
456,2361006	3,594530251			
456,3194425	3,594530251			
456,4028292	3,594530251			
456,4861906	3,601748183			
456,5695078	3,594530251			
456,6528497	3,594530251			
456,7361889	3,590921285			
456,8194894	3,587312319			
456,9028481	3,587312319			
456,9861872	3,594530251			
457,0695044	3,598139217			
457,1528464	3,594530251			
457,2361858	3,601748183			
457,3195278	3,594530251			
457,4028447	3,601748183			
457,4861647	3,594530251			
457,5695233	3,594530251			
457,6529794	3,594530251			
457,7363217	3,594530251			
457,8196608	3,598139217			
457,9030475	3,601748183			
457,9863894	3,601748183			
458,0697064	3,605357149			
458,1531375	3,601748183			
458,2364547	3,612575082			
458,3197967	3,608966115			
458,4031358	3,608966115			
458,4864531	3,601748183			
458,569795	3,601748183			
458,6531342	3,601748183			
458,7364514	3,608966115			
458,8197933	3,612575082			
458,90318	3,608966115			
458,9865192	3,608966115			
459,0698586	3,605357149			
459,1531783	3,616184048			
459,2365175	3,616184048			
459,3198569	3,608966115			
459,4032211	3,616184048			
459,4865383	3,608966115			
459,5698775	3,616184048			
459,6532194	3,612575082			
459,7365367	3,608966115			
459,8198758	3,612575082			
459,9032653	3,612575082			
459,9866044	3,616184048			
460,0699439	3,612575082			
460,1533553	3,616184048			
460,2367419	3,616184048			
460,3200814	3,62340198			
460,4033983	3,62340198			
460,4867403	3,619793014			
460,5700797	3,608966115			
460,6533967	3,608966115			
460,7367358	3,619793014			
460,8200781	3,62340198			
460,9034172	3,627010946			
460,9867342	3,62340198			
461,0700764	3,627010946			
461,1534156	3,62340198			
461,2367161	3,62340198			
461,3200747	3,62340198			
461,4034139	3,62340198			
461,4868006	3,627010946			
461,57014	3,627010946			
461,6534597	3,634228878			
461,7367989	3,62340198			
461,8201383	3,630619912			
461,9034553	3,62340198			
461,9867972	3,627010946			
462,0701367	3,627010946			
462,1535483	3,634228878			
462,2368875	3,637837844			
462,3202044	3,634228878			
462,4035439	3,630619912			
462,487025	3,62340198			
462,5703419	3,64144681			
462,6536814	3,630619912			
462,7370678	3,64144681			
462,82041	3,634228878			
462,9037492	3,637837844			
462,9871581	3,634228878			
463,0705697	3,64144681			
463,1539089	3,64144681			
463,2372508	3,64144681			
463,3206597	3,648664743			
463,4039992	3,645055777			
463,4873161	3,648664743			
463,57075	3,645055777			
463,6540669	3,652273709			
463,7374089	3,648664743			
463,8207483	3,64144681			
463,9040653	3,648664743			
463,9874047	3,648664743			
464,0707467	3,652273709			
464,1540636	3,652273709			
464,2375197	3,648664743			
464,3208592	3,64144681			
464,4041789	3,637837844			
464,4875406	3,652273709			
464,5709967	3,652273709			
464,6543192	3,648664743			
464,7376556	3,655882675			
464,820995	3,655882675			
464,9043147	3,648664743			
464,9876539	3,648664743			
465,0709933	3,648664743			
465,1543325	3,655882675			
465,2376525	3,659491641			
465,3209972	3,655882675			
465,4043308	3,655882675			
465,4876508	3,663100607			
465,57099	3,655882675			
465,6543294	3,659491641			
465,7377631	3,663100607			
465,8211025	3,666709573			
465,9044444	3,666709573			
465,9878311	3,670318539			
466,0711481	3,666709573			
466,1544875	3,663100607			
466,2378961	3,663100607			
466,3212383	3,670318539			
466,4045775	3,663100607			
466,4879892	3,677536472			
466,5713283	3,670318539			
466,6546678	3,666709573			
466,7380794	3,670318539			
466,8213964	3,670318539			
466,9047356	3,666709573			
466,9880806	3,670318539			
467,0715144	3,670318539			
467,1548508	3,677536472			
467,23819	3,670318539			
467,3216017	3,673927505			
467,4049411	3,677536472			
467,4882581	3,673927505			
467,5717142	3,673927505			
467,6550533	3,681145438			
467,7383706	3,677536472			
467,8217597	3,68836337			
467,9050992	3,677536472			
467,9884383	3,681145438			
468,0717581	3,681145438			
468,1550975	3,681145438			
468,2384367	3,695581302			
468,3218483	3,684754404			
468,4051875	3,681145438			
468,4885269	3,68836337			
468,5718467	3,68836337			
468,6551664	3,691972336			
468,7385253	3,68836337			
468,8218422	3,677536472			
468,9051844	3,681145438			
468,9885236	3,681145438			
469,0718406	3,670318539			
469,1551828	3,681145438			
469,2385219	3,677536472			
469,3218447	3,684754404			
469,4051783	3,68836337			
469,4885203	3,68836337			
469,5718597	3,681145438			
469,6551767	3,684754404			
469,7385186	3,691972336			
469,8218581	3,699190268			
469,9052919	3,695581302			
469,9886311	3,695581302			
470,0719539	3,68836337			
470,1552903	3,691972336			
470,2386294	3,68836337			
470,3220411	3,691972336			
470,4053806	3,68836337			
470,4887197	3,691972336			
470,5721064	3,695581302			
470,6554233	3,699190268			
470,7387653	3,695581302			
470,8221047	3,702799234			
470,9054967	3,702799234			
470,9888333	3,695581302			
471,0721503	3,695581302			
471,1554897	3,695581302			
471,2388317	3,702799234			
471,3221486	3,702799234			
471,4054881	3,695581302			
471,4888272	3,706408201			
471,5721469	3,702799234			
471,6554864	3,702799234			
471,7388256	3,706408201			
471,8221678	3,702799234			
471,9054847	3,710017167			
471,9888239	3,702799234			
472,0721661	3,710017167			
472,1555972	3,706408201			
472,2389392	3,710017167			
472,3222783	3,702799234			
472,40569	3,710017167			
472,4890072	3,710017167			
472,5723464	3,710017167			
472,6556856	3,710017167			
472,7390278	3,710017167			
472,8223447	3,717235099			
472,9057786	3,713626133			
472,9891875	3,710017167			
473,0725267	3,706408201			
473,1558269	3,717235099			
473,2391858	3,717235099			
473,322525	3,713626133			
473,4058422	3,717235099			
473,4892758	3,720844065			
473,5725931	3,710017167			
473,655935	3,720844065			
473,7392744	3,728061997			
473,8225914	3,717235099			
473,9059361	3,720844065			
473,9892728	3,720844065			
474,0726119	3,710017167			
474,1559289	3,710017167			
474,2392711	3,717235099			
474,3226103	3,728061997			
474,4059275	3,724453031			
474,4892694	3,728061997			
474,5726142	3,717235099			
474,6559481	3,724453031			
474,7393819	3,724453031			
474,8227211	3,728061997			
474,9060381	3,720844065			
474,9893803	3,728061997			
475,0727194	3,724453031			
475,1560367	3,728061997			
475,2394703	3,735279929			
475,3227875	3,728061997			
475,4061294	3,724453031			
475,4895161	3,720844065			
475,5728553	3,735279929			
475,6561947	3,728061997			
475,7395839	3,728061997			
475,8229011	3,735279929			
475,9062403	3,728061997			
475,9895794	3,735279929			
476,0728967	3,738888896			
476,1562386	3,728061997			
476,2396253	3,735279929			
476,3229644	3,738888896			
476,4063039	3,735279929			
476,4896931	3,746106828			
476,5730103	3,735279929			
476,6563494	3,735279929			
476,7396914	3,742497862			
476,8231003	3,738888896			
476,9064397	3,731670963			
476,9897567	3,742497862			
477,0730986	3,738888896			
477,1564381	3,749715794			
477,239755	3,742497862			
477,3230969	3,746106828			
477,4064364	3,742497862			
477,4897783	3,746106828			
477,5730956	3,742497862			
477,6564347	3,749715794			
477,7397739	3,742497862			
477,8230911	3,746106828			
477,9064331	3,742497862			
477,9897722	3,749715794			
478,0732508	3,742497862			
478,1565706	3,735279929			
478,2399097	3,742497862			
478,3232519	3,742497862			
478,4065689	3,742497862			
478,4901864	3,746106828			
478,5735506	3,735279929			
478,6568956	3,742497862			
478,7402069	3,742497862			
478,8235464	3,749715794			
478,9068883	3,749715794			
478,9903194	3,749715794			
479,0736614	3,749715794			
479,1570008	3,75332476			
479,2403178	3,760542692			
479,3237294	3,742497862			
479,4070686	3,749715794			
479,4904108	3,749715794			
479,57375	3,760542692			
479,6570697	3,760542692			
479,7404064	3,760542692			
479,8237483	3,756933726			
479,9070681	3,75332476			
479,9904047	3,760542692			
480,0737467	3,764151658			
480,1570639	3,760542692			
480,2404031	3,756933726			
480,323745	3,764151658			
480,4070844	3,774978557			
480,4904042	3,767760624			
480,5737408	3,760542692			
480,6570606	3,756933726			
480,7403997	3,764151658			
480,8237392	3,767760624			
480,9070811	3,767760624			
480,9903981	3,764151658			
481,0738794	3,771369591			
481,1572186	3,760542692			
481,2405356	3,764151658			
481,323875	3,760542692			
481,4072142	3,774978557			
481,4905561	3,771369591			
481,5738733	3,778587523			
481,6572125	3,774978557			
481,7406242	3,778587523			
481,8239633	3,782196489			
481,9073028	3,774978557			
481,9906197	3,771369591			
482,0739617	3,774978557			
482,1573011	3,774978557			
482,2406208	3,782196489			
482,3239603	3,789414421			
482,4073689	3,785805455			
482,4907111	3,778587523			
482,5740503	3,789414421			
482,6573925	3,782196489			
482,7407067	3,771369591			
482,8240486	3,785805455			
482,9074575	3,789414421			
482,9907997	3,789414421			
483,0741194	3,785805455			
483,1574558	3,789414421			
483,2407953	3,793023387			
483,3241372	3,789414421			
483,4074542	3,785805455			
483,4907936	3,789414421			
483,5741356	3,789414421			
483,6574525	3,793023387			
483,7407975	3,789414421			
483,8241339	3,796632353			
483,9074733	3,793023387			
483,9907903	3,789414421			
484,0741992	3,793023387			
484,1575411	3,789414421			
484,2408806	3,789414421			
484,3242669	3,789414421			
484,4076092	3,793023387			
484,4909067	3,796632353			
484,5742653	3,793023387			
484,6576075	3,796632353			
484,7409244	3,803850286			
484,8243333	3,80024132			
484,9076503	3,789414421			
484,9909897	3,789414421			
485,0743789	3,778587523			
485,1577183	3,782196489			
485,2410158	3,796632353			
485,3243772	3,789414421			
485,4077167	3,789414421			
485,4910558	3,796632353			
485,5743731	3,789414421			
485,657715	3,80024132			
485,7411239	3,796632353			
485,8244631	3,796632353			
485,9078053	3,80024132			
485,9912389	3,796632353			
486,0745589	3,80024132			
486,1579175	3,803850286			
486,2412347	3,80024132			
486,3246461	3,814677184			
486,4079856	3,803850286			
486,4913275	3,811068218			
486,5746669	3,811068218			
486,6579839	3,811068218			
486,7414178	3,814677184			
486,8247347	3,811068218			
486,9080739	3,811068218			
486,9914161	3,814677184			
487,074825	3,821895116			
487,1581642	3,81828615			
487,2414811	3,821895116			
487,3249372	3,821895116			
487,4082572	3,825504082			
487,4915964	3,821895116			
487,5749831	3,825504082			
487,6583694	3,821895116			
487,7417089	3,811068218			
487,8250508	3,807459252			
487,9084597	3,821895116			
487,9918017	3,825504082			
488,0751189	3,829113048			
488,1584581	3,825504082			
488,2417975	3,821895116			
488,3251394	3,81828615			
488,4084564	3,811068218			
488,4917958	3,821895116			
488,5751378	3,821895116			
488,6584547	3,821895116			
488,7417942	3,825504082			
488,8251361	3,829113048			
488,9085672	3,836330981			
488,9919094	3,829113048			
489,0752486	3,839939947			
489,1585656	3,832722015			
489,2419078	3,836330981			
489,3252469	3,821895116			
489,4085639	3,829113048			
489,4919033	3,829113048			
489,5752453	3,843548913			
489,6586792	3,825504082			
489,7420186	3,832722015			
489,8253578	3,836330981			
489,9087694	3,839939947			
489,9921086	3,839939947			
490,0754061	3,843548913			
490,1587678	3,843548913			
490,2421069	3,836330981			
490,3254242	3,843548913			
490,4087633	3,843548913			
490,4921053	3,839939947			
490,5754447	3,843548913			
490,6587617	3,836330981			
490,7420842	3,836330981			
490,8254431	3,839939947			
490,90876	3,836330981			
490,9921022	3,836330981			
491,0754414	3,843548913			
491,1588753	3,843548913			
491,2422144	3,843548913			
491,3255567	3,843548913			
491,4089656	3,847157879			
491,4923047	3,857984777			
491,5756272	3,850766845			
491,6589639	3,843548913			
491,7423031	3,850766845			
491,82562	3,850766845			
491,9090539	3,839939947			
491,9923711	3,847157879			
492,0757103	3,847157879			
492,1590969	3,857984777			
492,2426225	3,850766845			
492,3259644	3,857984777			
492,4093039	3,861593743			
492,4926042	3,861593743			
492,5759631	3,857984777			
492,6593022	3,857984777			
492,7427111	3,861593743			
492,8260531	3,857984777			
492,9093925	3,857984777			
492,9927094	3,861593743			
493,0760514	3,857984777			
493,1593686	3,861593743			
493,2427133	3,861593743			
493,3260722	3,868811676			
493,4094114	3,861593743			
493,4927283	3,857984777			
493,5760706	3,86520271			
493,6594097	3,861593743			
493,7427267	3,861593743			
493,8260689	3,854375811			
493,9093886	3,857984777			
493,9927475	3,876029608			
494,0760672	3,861593743			
494,1594064	3,876029608			
494,2427458	3,872420642			
494,32611	3,868811676			
494,4094967	3,868811676			
494,4928136	3,876029608			
494,5761558	3,872420642			
494,6596342	3,868811676			
494,7429983	3,868811676			
494,8263156	3,876029608			
494,9096547	3,879638574			
494,9929939	3,872420642			
495,0763139	3,876029608			
495,1596531	3,88324754			
495,2430397	3,88324754			
495,3263789	3,879638574			
495,4097211	3,876029608			
495,4930436	3,88324754			
495,5763772	3,876029608			
495,6597194	3,879638574			
495,7430364	3,879638574			
495,8263756	3,88324754			
495,9097178	3,88324754			
495,9930569	3,88324754			
496,0763742	3,876029608			
496,1597189	3,88324754			
496,2430553	3,890465472			
496,3265114	3,879638574			
496,4098508	3,886856506			
496,4931928	3,890465472			
496,57651	3,876029608			
496,6598492	3,886856506			
496,7431911	3,886856506			
496,8265778	3,88324754			
496,9099867	3,894074439			
496,9933956	3,897683405			
497,0767375	3,890465472			
497,1600767	3,894074439			
497,2433939	3,886856506			
497,3267358	3,890465472			
497,4100753	3,897683405			
497,4934172	3,894074439			
497,5767342	3,897683405			
497,6600736	3,890465472			
497,7434128	3,890465472			
497,8267297	3,879638574			
497,9100719	3,894074439			
497,9934111	3,890465472			
498,0767283	3,897683405			
498,1600703	3,894074439			
498,2435014	3,897683405			
498,3268183	3,897683405			
498,4101606	3,897683405			
498,4934831	3,897683405			
498,5768167	3,901292371			
498,6601589	3,901292371			
498,7434981	3,904901337			
498,826815	3,901292371			
498,9101572	3,904901337			
498,9935436	3,897683405			
499,0768831	3,904901337			
499,1602	3,901292371			
499,2435422	3,901292371			
499,3268814	3,908510303			
499,4102206	3,904901337			
499,4936072	3,915728235			
499,5769242	3,904901337			
499,6602664	3,908510303			
499,7436753	3,908510303			
499,8270172	3,904901337			
499,9103564	3,904901337			
499,9937431	3,904901337			
500,0770822	3,904901337			
500,1604022	3,904901337			
500,2437414	3,915728235			
500,3270836	3,912119269			
500,4103978	3,908510303			
500,4937844	3,912119269			
500,5771264	3,912119269			
500,6604656	3,912119269			
500,7438772	3,915728235			
500,8272167	3,922946167			
500,9105558	3,926555134			
500,9939675	3,922946167			
501,0773067	3,922946167			
501,1606236	3,922946167			
501,2440103	3,919337201			
501,3273525	3,926555134			
501,4110394	3,919337201			
501,4943786	3,922946167			
501,5777208	3,922946167			
501,6610822	3,915728235			
501,7443992	3,915728235			
501,8278581	3,912119269			
501,9111753	3,922946167			
501,99452	3,919337201			
502,0778539	3,922946167			
502,1611958	3,919337201			
502,2445128	3,926555134			
502,3278522	3,9301641			
502,4111942	3,926555134			
502,4945111	3,9301641			
502,5778506	3,922946167			
502,6611953	3,9301641			
502,7445542	3,9301641			
502,8278711	3,9301641			
502,9112131	3,9301641			
502,9945525	3,926555134			
503,0778694	3,9301641			
503,1612117	3,937382032			
503,2445508	3,9301641			
503,3278733	3,922946167			
503,41121	3,926555134			
503,4945492	3,9301641			
503,5778886	3,940990998			
503,6612056	3,9301641			
503,7445475	3,937382032			
503,8278869	3,937382032			
503,9112039	3,940990998			
503,9945486	3,9301641			
504,0778853	3,937382032			
504,1612022	3,944599964			
504,2445444	3,940990998			
504,3278836	3,940990998			
504,4112006	3,9301641			
504,49454	3,937382032			
504,5778819	3,937382032			
504,6612211	3,94820893			
504,7445383	3,940990998			
504,8278803	3,937382032			
504,9112197	3,9301641			
504,9945367	3,937382032			
505,0778786	3,944599964			
505,1612181	3,940990998			
505,244535	3,940990998			
505,3278769	3,944599964			
505,4112164	3,944599964			
505,4945667	3,951817896			
505,5778978	3,951817896			
505,6612369	3,959035829			
505,7445792	3,94820893			
505,8278961	3,94820893			
505,9112353	3,94820893			
505,9945803	3,951817896			
506,0779861	3,951817896			
506,1613256	3,94820893			
506,2446675	3,94820893			
506,3280986	3,955426862			
506,4114408	3,944599964			
506,4948022	3,951817896			
506,5781192	3,951817896			
506,6614614	3,94820893			
506,7449397	3,959035829			
506,8282567	3,951817896			
506,9115961	3,937382032			
506,9949881	3,940990998			
507,0783497	3,933773066			
507,1616889	3,937382032			
507,2450283	3,937382032			
507,3283453	3,94820893			
507,4116872	3,940990998			
507,4950267	3,940990998			
507,5783436	3,951817896			
507,6617303	3,951817896			
507,7450722	3,962644795			
507,8285033	3,951817896			
507,9118203	3,94820893			
507,9951625	3,962644795			
508,0784794	3,969862727			
508,1618186	3,962644795			
508,2451608	3,969862727			
508,3285	3,955426862			
508,4118172	3,969862727			
508,4951564	3,966253761			
508,5784983	3,962644795			
508,6618156	3,966253761			
508,7451547	3,962644795			
508,8284969	3,966253761			
508,9118139	3,969862727			
508,9951531	3,973471693			
509,0784953	3,969862727			
509,1619264	3,966253761			
509,2452683	3,973471693			
509,3286075	3,973471693			
509,4120192	3,973471693			
509,4953586	3,977080659			
509,5786756	3,991516524			
509,6620147	3,984298591			
509,7453569	3,969862727			
509,8286739	3,984298591			
509,9120606	3,977080659			
509,9953997	3,973471693			
510,0787419	3,977080659			
510,1621506	3,973471693			
510,24549	3,980689625			
510,3288319	3,977080659			
510,4121489	3,984298591			
510,4954883	3,984298591			
510,5788303	3,984298591			
510,6622392	3,991516524			
510,7455811	3,984298591			
510,8288983	3,984298591			
510,9122375	3,991516524			
510,9955769	3,987907558			
511,0788939	3,991516524			
511,1622358	3,987907558			
511,2455753	3,984298591			
511,3289172	3,977080659			
511,4122147	3,984298591			
511,4955736	3,987907558			
511,5789128	3,984298591			
511,6622328	3,991516524			
511,7455719	3,99512549			
511,8289111	3,991516524			
511,9122311	3,991516524			
511,9955703	3,99512549			
512,0788928	3,987907558			
512,1622517	3,991516524			
512,2456383	3,991516524			
512,3289553	3,991516524			
512,4122944	4,002343422			
512,4956367	3,991516524			
512,5789536	4,002343422			
512,6622928	3,998734456			
512,745635	4,002343422			
512,8289519	3,998734456			
512,9122914	3,99512549			
512,9956306	3,99512549			
513,0789725	4,002343422			
513,1622897	4,005952388			
513,2456289	4,002343422			
513,3289708	4,016779286			
513,4122881	4,009561354			
513,4956272	4,002343422			
513,5789694	4,009561354			
513,6623531	4,01317032			
513,7456953	4,005952388			
513,8290122	4,005952388			
513,9123514	4,009561354			
513,9956936	4,009561354			
514,0790106	4,023997219			
514,1623556	3,998734456			
514,2456919	4,009561354			
514,3290089	4,023997219			
514,4123483	4,01317032			
514,4956903	4,016779286			
514,5790072	4,009561354			
514,6624633	4,01317032			
514,7458028	4,009561354			
514,8291197	4,005952388			
514,9124644	4,016779286			
514,9958011	4,016779286			
515,0791403	4,016779286			
515,1624575	4,01317032			
515,2457994	4,01317032			
515,3291164	4,023997219			
515,4124558	4,016779286			
515,4957978	4,020388253			
515,5791372	4,020388253			
515,6624542	4,023997219			
515,7457961	4,023997219			
515,8291356	4,016779286			
515,9124525	4,020388253			
515,9957917	4,020388253			
516,0791339	4,027606185			
516,1624508	4,020388253			
516,2457903	4,031215151			
516,3291322	4,027606185			
516,4124714	4,031215151			
516,4957886	4,016779286			
516,5792447	4,031215151			
516,6625644	4,016779286			
516,7459036	4,027606185			
516,8292431	4,023997219			
516,91256	4,031215151			
516,9959022	4,031215151			
517,0792414	4,031215151			
517,1625806	4,034824117			
517,2459006	4,045651015			
517,3292397	4,038433083			
517,4125789	4,031215151			
517,4958961	4,038433083			
517,5792381	4,031215151			
517,6626053	4,031215151			
517,7459417	4,038433083			
517,8293506	4,031215151			
517,9127372	4,031215151			
517,9960792	4,034824117			
518,0793961	4,023997219			
518,162805	4,038433083			
518,2461219	4,038433083			
518,3294642	4,038433083			
518,4128033	4,034824117			
518,4961203	4,045651015			
518,5794597	4,045651015			
518,6628714	4,038433083			
518,7462106	4,038433083			
518,8295525	4,038433083			
518,9129614	4,052868948			
518,9963008	4,045651015			
519,0796206	4,056477914			
519,1630517	4,056477914			
519,2463686	4,049259981			
519,3296911	4,045651015			
519,41305	4,049259981			
519,4964144	4,049259981			
519,5797314	4,045651015			
519,6630706	4,042042049			
519,7464822	4,038433083			
519,8299606	4,045651015			
519,9133028	4,049259981			
519,9966169	4,049259981			
520,0800981	4,052868948			
520,1634372	4,056477914			
520,2467544	4,056477914			
520,3300992	4,056477914			
520,4134358	4,056477914			
520,496775	4,056477914			
520,5800947	4,056477914			
520,6634342	4,056477914			
520,7467733	4,056477914			
520,8300903	4,063695846			
520,9134325	4,056477914			
520,9967772	4,063695846			
521,0801583	4,063695846			
521,1635003	4,056477914			
521,2468175	4,052868948			
521,3301567	4,063695846			
521,4134986	4,063695846			
521,4968158	4,063695846			
521,580155	4,056477914			
521,6634944	4,063695846			
521,7468142	4,056477914			
521,8301533	4,06008688			
521,9134928	4,063695846			
521,9968347	4,070913778			
522,0801517	4,063695846			
522,1634911	4,070913778			
522,2468775	4,063695846			
522,3302197	4,070913778			
522,4135367	4,070913778			
522,4968761	4,070913778			
522,5803322	4,070913778			
522,6636492	4,07813171			
522,7469911	4,07813171			
522,8303306	4,070913778			
522,9136475	4,07813171			
522,9969867	4,074522744			
523,0803511	4,07813171			
523,1636736	4,074522744			
523,2470103	4,070913778			
523,3304414	4,07813171			
523,4137611	4,07813171			
523,4971003	4,085349643			
523,5805564	4,07813171			
523,6638736	4,07813171			
523,7472128	4,07813171			
523,8305547	4,085349643			
523,9138719	4,074522744			
523,9972167	4,085349643			
524,0805533	4,07813171			
524,1638703	4,07813171			
524,2472094	4,088958609			
524,3306183	4,088958609			
524,4139603	4,088958609			
524,4972997	4,085349643			
524,5806167	4,092567575			
524,6639589	4,081740677			
524,7473258	4,088958609			
524,8306847	4,088958609			
524,9140267	4,092567575			
524,9973436	4,092567575			
525,0806831	4,085349643			
525,1640222	4,085349643			
525,2473419	4,088958609			
525,3306814	4,085349643			
525,4140039	4,092567575			
525,4973378	4,092567575			
525,5643394	4,085349643			
525,5657472	4,096176541			
525,5671353	4,085349643			
525,5685261	4,085349643			
