BAM 5.2  Kriechdehnung  KN7180-08.LIS				
------------------------------------				
				
Probenbezeichnung                  				KN7180-08
Versuchsnummer							KK 732
Versuchs-Datum                     				24.09.2012
Projekt                              				int. Ringv./ext. NADCAP
Werkstoff                          				NIMONIC 75 / BCR-425
Zustand/Orientierung               		hkl/Theta,Rho	
Bearbeiter                         				NN1
Prüfmaschine                      				Zug 4
max. Prüfkraft                       			kN	20
Dehnungsbereich                    			%	40
Prüfnorm							ASTM E 139
Probenzeichnung                    				KRI011-002 Form B
Probenform                         				rund
min. Probendurchmesser bei RT           		mm	6,001
Prüftemperatur PT                 			°C	600
Prüfspannung                       			MPa	160
Prüfkraft                           			kN	4,53
Anfangsmesslänge bei RT           			mm	47,82
Aufheizzeit (PT erreicht)       			h	3,61
Haltezeit                           			h	20,01
Belastungsgeschwindigkeit       			MPa/s	25,56
Entlastungsgeschwindigkeit       			MPa/s	-
Versuchsdauer                       			h	720,56
Bruchzeit						h	-
Kriechdehnung                    			%	5,55
plastische Dehnung					%	5,55
gesamte Dehnung						%	5,67
-                                     				
				
				
				
				
-				
[Daten]				
Zeit	Dehnung			
h	%			
0	0			
0,001040278	0,002091115			
0,002431111	0,004182229			
0,003819444	0,002091115			
0,0052075	0,008364459			
0,006595556	0,006273344			
0,007986389	0,008364459			
0,009374444	0,006273344			
0,0107625	0,008364459			
0,012153611	0,006273344			
0,045765833	0,010455574			
0,0791025	0,014637803			
0,112481111	0,014637803			
0,145818056	0,014637803			
0,179151944	0,023002262			
0,212488889	0,025093377			
0,245825556	0,027184492			
0,2791625	0,023002262			
0,3124575	0,027184492			
0,345791667	0,023002262			
0,379170278	0,023002262			
0,412506944	0,023002262			
0,445868889	0,018820033			
0,479205556	0,025093377			
0,5125425	0,025093377			
0,545879444	0,029275606			
0,579216111	0,027184492			
0,612550278	0,029275606			
0,645956667	0,033457836			
0,679293333	0,031366721			
0,712630278	0,023002262			
0,745964167	0,023002262			
0,779301111	0,023002262			
0,812637778	0,018820033			
0,845971944	0,020911147			
0,879308889	0,023002262			
0,912687222	0,023002262			
0,946024167	0,027184492			
0,979383333	0,029275606			
1,012695	0,027184492			
1,046031944	0,027184492			
1,079368611	0,033457836			
1,112730556	0,029275606			
1,146067222	0,031366721			
1,179473611	0,037640065			
1,212852222	0,031366721			
1,246189167	0,033457836			
1,279550833	0,041822295			
1,312887778	0,03973118			
1,346224722	0,041822295			
1,379561389	0,037640065			
1,412895555	0,037640065			
1,446301944	0,037640065			
1,479610833	0,037640065			
1,512975556	0,031366721			
1,546309444	0,031366721			
1,579646389	0,031366721			
1,612983056	0,037640065			
1,64632	0,033457836			
1,679656944	0,041822295			
1,712990833	0,03973118			
1,746327778	0,041822295			
1,779664444	0,041822295			
1,812998611	0,046004524			
1,846335278	0,041822295			
1,879672222	0,04391341			
1,913009167	0,041822295			
1,946345833	0,04391341			
1,97968	0,03973118			
2,013016667	0,033457836			
2,046353611	0,031366721			
2,0796875	0,031366721			
2,113021667	0,031366721			
2,146355556	0,037640065			
2,179670278	0,037640065			
2,213004167	0,037640065			
2,246341111	0,041822295			
2,279678056	0,041822295			
2,313014722	0,050186754			
2,346351667	0,04391341			
2,379685556	0,046004524			
2,4130225	0,046004524			
2,4463175	0,041822295			
2,479654444	0,050186754			
2,512988333	0,048095639			
2,546325278	0,041822295			
2,579662222	0,041822295			
2,612998889	0,041822295			
2,646333055	0,041822295			
2,679669722	0,03973118			
2,713048333	0,04391341			
2,746385278	0,041822295			
2,7796775	0,046004524			
2,813014167	0,050186754			
2,846351111	0,048095639			
2,879688056	0,046004524			
2,913021944	0,041822295			
2,946361667	0,048095639			
2,979695556	0,050186754			
3,0130325	0,050186754			
3,046369167	0,050186754			
3,079703333	0,041822295			
3,113040278	0,03973118			
3,146376944	0,041822295			
3,179713889	0,03973118			
3,213047778	0,037640065			
3,246384722	0,041822295			
3,279715833	0,046004524			
3,313052778	0,04391341			
3,346364444	0,046004524			
3,379701389	0,050186754			
3,413038333	0,048095639			
3,446375	0,046004524			
3,479709167	0,050186754			
3,513045833	0,054368983			
3,546382778	0,052277869			
3,579677778	0,058551213			
3,613014722	0,050186754			
3,646348611	0,050186754			
3,679685556	0,052277869			
3,713022222	0,050186754			
3,746359167	0,054368983			
3,779693333	0,050186754			
3,81303	0,058551213			
3,846408611	0,050186754			
3,879815	0,048095639			
3,913148889	0,050186754			
3,946485833	0,048095639			
3,979822778	0,048095639			
4,013159444	0,050186754			
4,046493611	0,052277869			
4,079788611	0,052277869			
4,113125556	0,052277869			
4,146503889	0,054368983			
4,179840833	0,050186754			
4,213174722	0,054368983			
4,246511667	0,054368983			
4,279848611	0,056460098			
4,313171389	0,054368983			
4,346508333	0,058551213			
4,379845278	0,058551213			
4,413181944	0,062733442			
4,446516111	0,058551213			
4,479852778	0,054368983			
4,513189722	0,058551213			
4,546520833	0,050186754			
4,579857778	0,054368983			
4,613169444	0,058551213			
4,646506389	0,058551213			
4,679843333	0,060642328			
4,713177222	0,056460098			
4,746514167	0,058551213			
4,779850833	0,058551213			
4,813187778	0,058551213			
4,846521667	0,058551213			
4,879816944	0,058551213			
4,913153611	0,058551213			
4,946490556	0,054368983			
4,979824444	0,056460098			
5,013161389	0,056460098			
5,046498333	0,058551213			
5,079835	0,058551213			
5,113171944	0,064824557			
5,146505833	0,058551213			
5,179842778	0,060642328			
5,213243611	0,054368983			
5,246558056	0,058551213			
5,279892222	0,054368983			
5,313228889	0,058551213			
5,346565833	0,058551213			
5,379899722	0,054368983			
5,413236667	0,058551213			
5,446573611	0,062733442			
5,479910278	0,062733442			
5,513205278	0,060642328			
5,546539444	0,058551213			
5,579876389	0,058551213			
5,613213056	0,054368983			
5,703359444	0,058551213			
5,721833056	0,052277869			
5,907792222	0,062733442			
5,991134444	0,064824557			
6,074431944	0,062733442			
6,157773889	0,073189016			
6,241113333	0,069006787			
6,324521944	0,066915672			
6,407858611	0,062733442			
6,491175556	0,069006787			
6,5745175	0,066915672			
6,657856944	0,064824557			
6,741154444	0,071097901			
6,824496389	0,073189016			
6,907835833	0,071097901			
6,991177778	0,073189016			
7,074517222	0,075280131			
7,157856389	0,073189016			
7,241170555	0,077371246			
7,32451	0,075280131			
7,407851944	0,073189016			
7,491149444	0,073189016			
7,574491667	0,075280131			
7,657830833	0,073189016			
7,741239722	0,077371246			
7,824581667	0,077371246			
7,907921111	0,077371246			
7,991260278	0,077371246			
8,0746025	0,081553475			
8,157938889	0,07946236			
8,241255833	0,081553475			
8,324595278	0,077371246			
8,407934444	0,081553475			
8,491234722	0,081553475			
8,574574167	0,081553475			
8,657916111	0,081553475			
8,741255556	0,085735705			
8,824594722	0,081553475			
8,907936667	0,081553475			
8,991273333	0,081553475			
9,074590278	0,085735705			
9,157929722	0,085735705			
9,241268889	0,08364459			
9,324569167	0,081553475			
9,407908611	0,081553475			
9,491250556	0,085735705			
9,574589722	0,08364459			
9,657931944	0,085735705			
9,741271111	0,08364459			
9,824607778	0,089917934			
9,907924722	0,085735705			
9,991263889	0,085735705			
10,07463111	0,085735705			
10,15797306	0,089917934			
10,2413125	0,087826819			
10,32465444	0,089917934			
10,40799111	0,087826819			
10,49130528	0,092009049			
10,57464722	0,089917934			
10,65798667	0,089917934			
10,74132861	0,087826819			
10,82462611	0,089917934			
10,90796556	0,087826819			
10,9913075	0,089917934			
11,07464694	0,092009049			
11,15798889	0,096191278			
11,24137	0,085735705			
11,32471194	0,096191278			
11,40800944	0,094100164			
11,49134889	0,096191278			
11,57469083	0,098282393			
11,65803	0,094100164			
11,74136944	0,096191278			
11,82471139	0,098282393			
11,90805083	0,096191278			
11,991365	0,100373508			
12,07470417	0,100373508			
12,15804361	0,100373508			
12,24134389	0,100373508			
12,32475278	0,102464623			
12,40809472	0,096191278			
12,49143417	0,104555737			
12,57477056	0,102464623			
12,65810972	0,100373508			
12,74142694	0,104555737			
12,82476889	0,100373508			
12,90806639	0,102464623			
12,99140861	0,102464623			
13,07474778	0,104555737			
13,15808722	0,106646852			
13,24142917	0,106646852			
13,32476833	0,104555737			
13,40814944	0,108737967			
13,49151944	0,108737967			
13,57485861	0,106646852			
13,65820056	0,100373508			
13,74154	0,108737967			
13,82487917	0,108737967			
13,90821583	0,112920196			
13,99153278	0,108737967			
14,07487472	0,112920196			
14,15821417	0,108737967			
14,24151167	0,108737967			
14,32485361	0,112920196			
14,40819306	0,110829082			
14,491535	0,112920196			
14,57487444	0,115011311			
14,65828583	0,112920196			
14,74162528	0,117102426			
14,82496444	0,112920196			
14,90830111	0,115011311			
14,99161806	0,117102426			
15,07496	0,112920196			
15,15829944	0,117102426			
15,24159694	0,117102426			
15,32493889	0,117102426			
15,40827833	0,119193541			
15,4916175	0,117102426			
15,57495972	0,119193541			
15,65829889	0,119193541			
15,74163528	0,121284655			
15,82502194	0,115011311			
15,90832222	0,121284655			
15,99166167	0,121284655			
16,07500083	0,12337577			
16,15834306	0,125466885			
16,241685	0,121284655			
16,32502417	0,125466885			
16,40833861	0,125466885			
16,491675	0,12337577			
16,57501694	0,127558			
16,65835639	0,131740229			
16,74165667	0,129649114			
16,82499583	0,12337577			
16,90833528	0,12337577			
16,99171917	0,127558			
17,07505833	0,127558			
17,1583975	0,127558			
17,24183139	0,131740229			
17,32517639	0,127558			
17,40851833	0,131740229			
17,49189944	0,127558			
17,57526639	0,127558			
17,65860306	0,131740229			
17,74194778	0,133831344			
17,82529	0,131740229			
17,90862917	0,131740229			
17,99196556	0,135922459			
18,07528278	0,127558			
18,15862194	0,12337577			
18,24196389	0,129649114			
18,32526167	0,131740229			
18,40860361	0,133831344			
18,49194306	0,133831344			
18,57528222	0,140104688			
18,65862417	0,135922459			
18,74196361	0,138013573			
18,8253	0,131740229			
18,908645	0,135922459			
18,99198417	0,131740229			
19,07532611	0,138013573			
19,15866278	0,140104688			
19,24197972	0,142195803			
19,32531917	0,142195803			
19,40865833	0,146378032			
19,49195861	0,140104688			
19,57529806	0,146378032			
19,65864	0,144286918			
19,74197917	0,144286918			
19,82531861	0,150560262			
19,90866056	0,144286918			
19,99204167	0,152651377			
20,07540861	0,150560262			
20,15875083	0,148469147			
20,24209	0,144286918			
20,32543222	0,146378032			
20,40877139	0,152651377			
20,49208278	0,150560262			
20,575425	0,148469147			
20,65876417	0,148469147			
20,74210639	0,148469147			
20,82540389	0,150560262			
20,90874306	0,152651377			
20,99208528	0,152651377			
21,07542444	0,152651377			
21,15876639	0,152651377			
21,2421475	0,150560262			
21,32551472	0,156833606			
21,40889833	0,156833606			
21,49226556	0,158924721			
21,5756075	0,158924721			
21,65898861	0,16310695			
21,7423975	0,158924721			
21,82576722	0,154742491			
21,90910667	0,16310695			
21,99244861	0,16310695			
22,07578778	0,158924721			
22,15912722	0,158924721			
22,24246361	0,16310695			
22,32578083	0,16310695			
22,40912278	0,165198065			
22,49246194	0,165198065			
22,57580139	0,16728918			
22,65910167	0,16728918			
22,74244083	0,16728918			
22,82578306	0,16728918			
22,90912222	0,161015836			
22,99246167	0,165198065			
23,07580361	0,171471409			
23,15914278	0,16310695			
23,242485	0,158924721			
23,32582417	0,16728918			
23,40916083	0,16728918			
23,49247778	0,173562524			
23,57581694	0,171471409			
23,65915917	0,169380295			
23,74245667	0,173562524			
23,82579583	0,173562524			
23,90913806	0,171471409			
23,99247722	0,171471409			
24,07581944	0,165198065			
24,15915861	0,169380295			
24,24250083	0,171471409			
24,32584	0,177744754			
24,40917917	0,171471409			
24,49252139	0,173562524			
24,575855	0,171471409			
24,65917472	0,173562524			
24,74251417	0,177744754			
24,82585333	0,179835868			
24,90915389	0,175653639			
24,99249306	0,169380295			
25,07583222	0,175653639			
25,15917444	0,173562524			
25,24251361	0,173562524			
25,32585583	0,173562524			
25,40918944	0,175653639			
25,49250639	0,175653639			
25,57584861	0,181926983			
25,65918778	0,181926983			
25,74248806	0,181926983			
25,8258275	0,184018098			
25,90916667	0,186109213			
25,99250889	0,184018098			
26,07584806	0,181926983			
26,15919	0,184018098			
26,24259889	0,181926983			
26,32593833	0,177744754			
26,4092525	0,177744754			
26,49261944	0,186109213			
26,57596167	0,188200327			
26,65930083	0,181926983			
26,74261222	0,181926983			
26,82595444	0,188200327			
26,90929361	0,190291442			
26,99259417	0,186109213			
27,07593333	0,186109213			
27,1592725	0,186109213			
27,24261472	0,194473672			
27,32595389	0,190291442			
27,40929611	0,192382557			
27,49263528	0,186109213			
27,57597444	0,190291442			
27,65931667	0,194473672			
27,74276722	0,194473672			
27,82613139	0,196564786			
27,90951806	0,196564786			
27,99288528	0,194473672			
28,07619944	0,192382557			
28,15956639	0,194473672			
28,24290583	0,196564786			
28,32628944	0,198655901			
28,40965667	0,194473672			
28,49299861	0,194473672			
28,5764075	0,194473672			
28,65974972	0,198655901			
28,74308889	0,202838131			
28,82642806	0,198655901			
28,90977028	0,196564786			
28,99310389	0,194473672			
29,07642111	0,194473672			
29,15976306	0,198655901			
29,24310222	0,202838131			
29,32640278	0,200747016			
29,40974194	0,200747016			
29,49308111	0,198655901			
29,57642333	0,20702036			
29,6597625	0,20702036			
29,74310472	0,202838131			
29,82643833	0,202838131			
29,90975806	0,20702036			
29,9930975	0,20702036			
30,07643667	0,209111475			
30,15973694	0,20702036			
30,24307639	0,202838131			
30,32641556	0,200747016			
30,40975778	0,20702036			
30,49309694	0,209111475			
30,57643611	0,215384819			
30,65975056	0,217475934			
30,74315917	0,217475934			
30,82645972	0,217475934			
30,90979889	0,217475934			
30,99314111	0,217475934			
31,07648028	0,221658163			
31,15981944	0,215384819			
31,24315611	0,225840393			
31,32647306	0,221658163			
31,409815	0,221658163			
31,49315444	0,217475934			
31,57649361	0,221658163			
31,65979389	0,225840393			
31,74313333	0,221658163			
31,82651722	0,225840393			
31,90988417	0,230022622			
31,99322361	0,225840393			
32,07656556	0,221658163			
32,15990472	0,225840393			
32,24324139	0,230022622			
32,32658056	0,225840393			
32,4098975	0,227931508			
32,49323972	0,230022622			
32,57657889	0,225840393			
32,65987917	0,227931508			
32,74321861	0,225840393			
32,82655778	0,230022622			
32,9099	0,232113737			
32,99323917	0,236295967			
33,07658139	0,230022622			
33,15992056	0,234204852			
33,24325972	0,230022622			
33,32660194	0,234204852			
33,40993833	0,236295967			
33,49325528	0,236295967			
33,57659472	0,234204852			
33,65993389	0,236295967			
33,74323444	0,240478196			
33,82657361	0,236295967			
33,90991556	0,236295967			
33,99332444	0,240478196			
34,07666111	0,236295967			
34,15997806	0,240478196			
34,24331722	0,238387081			
34,32665944	0,240478196			
34,40995694	0,244660426			
34,49329611	0,240478196			
34,57663833	0,244660426			
34,6599775	0,240478196			
34,74331972	0,234204852			
34,82665889	0,240478196			
34,90999528	0,244660426			
34,9933125	0,244660426			
35,07665167	0,244660426			
35,16002167	0,244660426			
35,24335528	0,240478196			
35,32667222	0,24675154			
35,41004222	0,248842655			
35,49338139	0,248842655			
35,57672361	0,25093377			
35,66006278	0,248842655			
35,74340194	0,244660426			
35,82673861	0,24675154			
35,91008056	0,253024885			
35,99339778	0,248842655			
36,07673694	0,253024885			
36,16007611	0,248842655			
36,24337667	0,248842655			
36,32671583	0,253024885			
36,41009972	0,257207114			
36,49343889	0,253024885			
36,57673639	0,253024885			
36,66012028	0,253024885			
36,74345944	0,257207114			
36,82682944	0,257207114			
36,91023833	0,257207114			
36,9935775	0,255115999			
37,07689167	0,257207114			
37,16023111	0,257207114			
37,24357306	0,257207114			
37,32700972	0,253024885			
37,41034917	0,259298229			
37,49369111	0,257207114			
37,57703028	0,259298229			
37,66036972	0,263480458			
37,74371167	0,263480458			
37,82705111	0,265571573			
37,91036528	0,261389344			
37,99370444	0,265571573			
38,07704389	0,261389344			
38,16034417	0,267662688			
38,24368333	0,265571573			
38,32702556	0,267662688			
38,41036472	0,265571573			
38,49370417	0,269753803			
38,57704611	0,269753803			
38,66038528	0,271844917			
38,7437275	0,269753803			
38,82706667	0,269753803			
38,91040889	0,269753803			
38,9937425	0,271844917			
39,07705944	0,269753803			
39,16040167	0,273936032			
39,24374083	0,276027147			
39,32704111	0,278118262			
39,41038056	0,276027147			
39,4937225	0,276027147			
39,57710361	0,276027147			
39,66047056	0,273936032			
39,74394889	0,280209376			
39,82729111	0,278118262			
39,91076944	0,280209376			
39,99410583	0,280209376			
40,07745083	0,280209376			
40,16085694	0,280209376			
40,24417389	0,280209376			
40,32751306	0,282300491			
40,41085528	0,276027147			
40,49415278	0,284391606			
40,57749194	0,288573835			
40,66083417	0,282300491			
40,74417333	0,284391606			
40,82751556	0,284391606			
40,91085472	0,29066495			
40,99416611	0,284391606			
41,07750833	0,288573835			
41,1608475	0,288573835			
41,2442175	0,286482721			
41,32759833	0,292756065			
41,41096556	0,29484718			
41,49430194	0,292756065			
41,57764694	0,29066495			
41,66098889	0,292756065			
41,74443944	0,286482721			
41,82773694	0,288573835			
41,91107917	0,292756065			
41,99441833	0,292756065			
42,07776056	0,29066495			
42,16109972	0,29484718			
42,24443889	0,299029409			
42,32777556	0,296938294			
42,4110925	0,301120524			
42,49443472	0,29484718			
42,57777389	0,296938294			
42,66107139	0,303211639			
42,74441361	0,303211639			
42,82775278	0,301120524			
42,91109194	0,303211639			
42,99443417	0,296938294			
43,07777333	0,303211639			
43,161185	0,303211639			
43,24452417	0,296938294			
43,32790528	0,301120524			
43,41120556	0,303211639			
43,494545	0,301120524			
43,57788417	0,303211639			
43,66122611	0,307393868			
43,74456556	0,305302753			
43,8279075	0,303211639			
43,91124417	0,307393868			
43,99456111	0,305302753			
44,07790028	0,307393868			
44,1612425	0,307393868			
44,24454	0,311576098			
44,32787917	0,311576098			
44,41122139	0,311576098			
44,49463028	0,311576098			
44,57801111	0,307393868			
44,66135333	0,309484983			
44,74465083	0,311576098			
44,82799278	0,311576098			
44,91133222	0,311576098			
44,99467139	0,315758327			
45,07801361	0,315758327			
45,16135278	0,319940557			
45,24468917	0,311576098			
45,32800639	0,315758327			
45,41134833	0,317849442			
45,4946875	0,315758327			
45,57805194	0,315758327			
45,66136889	0,317849442			
45,74470833	0,324122786			
45,82805028	0,322031671			
45,91134778	0,317849442			
45,99475667	0,319940557			
46,07809889	0,324122786			
46,16147972	0,317849442			
46,24484694	0,324122786			
46,32823056	0,322031671			
46,41157	0,319940557			
46,49490917	0,322031671			
46,57820944	0,324122786			
46,66154889	0,317849442			
46,74489083	0,322031671			
46,82823028	0,324122786			
46,91157222	0,328305016			
46,99490583	0,33039613			
47,07822306	0,33039613			
47,161565	0,33457836			
47,24490722	0,328305016			
47,32824639	0,33039613			
47,41161361	0,324122786			
47,49495278	0,324122786			
47,57829472	0,322031671			
47,66163417	0,33039613			
47,74494833	0,326213901			
47,8282875	0,324122786			
47,91162694	0,33039613			
47,99492722	0,332487245			
48,07826639	0,324122786			
48,16160861	0,326213901			
48,24494778	0,332487245			
48,32829	0,33457836			
48,41162917	0,33039613			
48,49497139	0,33039613			
48,57831056	0,326213901			
48,66164972	0,332487245			
48,74498917	0,336669475			
48,82832556	0,33457836			
48,9116425	0,324122786			
48,99498472	0,332487245			
49,07832389	0,338760589			
49,16162167	0,33457836			
49,24496361	0,332487245			
49,32830278	0,33457836			
49,411645	0,338760589			
49,49498417	0,347125048			
49,57836528	0,340851704			
49,661735	0,338760589			
49,74511611	0,345033934			
49,82845806	0,345033934			
49,9117975	0,342942819			
49,995095	0,342942819			
50,07843694	0,347125048			
50,16177639	0,349216163			
50,24511833	0,349216163			
50,32845778	0,347125048			
50,41179694	0,345033934			
50,49513333	0,347125048			
50,57845056	0,353398393			
50,66178972	0,351307278			
50,74513194	0,351307278			
50,82854056	0,347125048			
50,91191056	0,351307278			
50,99524972	0,355489507			
51,07858917	0,351307278			
51,16193111	0,347125048			
51,24527056	0,353398393			
51,32865417	0,357580622			
51,41199361	0,361762852			
51,49540222	0,361762852			
51,57877222	0,361762852			
51,66211139	0,361762852			
51,74545083	0,368036196			
51,82879278	0,368036196			
51,91213222	0,365945081			
51,99546861	0,363853966			
52,07878556	0,370127311			
52,162125	0,368036196			
52,24546694	0,368036196			
52,32876444	0,370127311			
52,41210667	0,37430954			
52,49544583	0,368036196			
52,57878806	0,370127311			
52,66212722	0,368036196			
52,74546639	0,370127311			
52,82880861	0,365945081			
52,91214778	0,37430954			
52,99549	0,370127311			
53,07882917	0,370127311			
53,16214056	0,370127311			
53,24548278	0,37430954			
53,32882194	0,370127311			
53,41211944	0,370127311			
53,49546167	0,37430954			
53,57880083	0,380582884			
53,66214306	0,370127311			
53,74548222	0,37430954			
53,82882139	0,380582884			
53,91220528	0,37849177			
53,9955725	0,382673999			
54,07895611	0,37849177			
54,16232333	0,384765114			
54,24570417	0,382673999			
54,32904639	0,380582884			
54,41234389	0,382673999			
54,49568611	0,382673999			
54,57902528	0,382673999			
54,66236444	0,388947343			
54,74570667	0,384765114			
54,82904583	0,388947343			
54,9123825	0,388947343			
54,99569944	0,386856229			
55,07904139	0,384765114			
55,16238083	0,388947343			
55,24567833	0,393129573			
55,32906222	0,397311802			
55,41240139	0,388947343			
55,49574333	0,388947343			
55,57904111	0,388947343			
55,66238028	0,395220688			
55,74572222	0,388947343			
55,82906167	0,395220688			
55,91240083	0,393129573			
55,99574306	0,397311802			
56,07907944	0,393129573			
56,16239639	0,397311802			
56,24573583	0,401494032			
56,32907778	0,401494032			
56,412445	0,399402917			
56,49578417	0,401494032			
56,57912639	0,401494032			
56,66246556	0,403585147			
56,74580194	0,401494032			
56,82911917	0,397311802			
56,91245833	0,401494032			
56,99580028	0,399402917			
57,07909806	0,403585147			
57,16243722	0,405676261			
57,24577944	0,403585147			
57,32911861	0,407767376			
57,41246056	0,403585147			
57,49579444	0,405676261			
57,57911417	0,405676261			
57,66248139	0,409858491			
57,74586222	0,409858491			
57,82923222	0,411949606			
57,91257139	0,409858491			
57,99590806	0,41404072			
58,079225	0,407767376			
58,16256417	0,411949606			
58,24590639	0,409858491			
58,32924556	0,41404072			
58,41254306	0,41404072			
58,49588528	0,411949606			
58,57922444	0,41404072			
58,66256667	0,416131835			
58,74590583	0,416131835			
58,829245	0,41404072			
58,91258722	0,41822295			
58,99592639	0,41822295			
59,07926861	0,416131835			
59,16260222	0,420314065			
59,24591917	0,420314065			
59,32926139	0,41404072			
59,41260056	0,420314065			
59,49590083	0,420314065			
59,57924028	0,420314065			
59,66258222	0,422405179			
59,74592167	0,420314065			
59,82926083	0,424496294			
59,91260278	0,424496294			
59,99594222	0,420314065			
60,07932306	0,424496294			
60,16262361	0,426587409			
60,24596278	0,428678524			
60,329305	0,428678524			
60,41264417	0,428678524			
60,49598611	0,426587409			
60,57932556	0,428678524			
60,66266194	0,432860753			
60,74597889	0,432860753			
60,82931833	0,428678524			
60,91266028	0,430769638			
60,99595778	0,432860753			
61,07929722	0,437042983			
61,16270889	0,439134097			
61,24604806	0,432860753			
61,32938444	0,432860753			
61,41277111	0,437042983			
61,49613556	0,439134097			
61,5794525	0,432860753			
61,66281972	0,437042983			
61,74615889	0,439134097			
61,82954278	0,439134097			
61,91290972	0,437042983			
61,99624639	0,439134097			
62,07956333	0,439134097			
62,1629025	0,437042983			
62,2462725	0,441225212			
62,32961167	0,441225212			
62,41295389	0,445407442			
62,49629306	0,439134097			
62,57963222	0,443316327			
62,66294667	0,443316327			
62,74628583	0,445407442			
62,82962806	0,447498556			
62,91296722	0,451680786			
62,99626472	0,445407442			
63,07960694	0,447498556			
63,16294611	0,449589671			
63,24628806	0,451680786			
63,3296275	0,451680786			
63,41300833	0,455863015			
63,49637833	0,451680786			
63,57975944	0,449589671			
63,66312917	0,453771901			
63,74646306	0,451680786			
63,82978	0,453771901			
63,91312194	0,455863015			
63,99646139	0,460045245			
64,07976167	0,455863015			
64,16310083	0,455863015			
64,24644028	0,455863015			
64,32978222	0,45795413			
64,41312167	0,460045245			
64,49646361	0,46213636			
64,57979722	0,455863015			
64,66311444	0,45795413			
64,74648417	0,460045245			
64,82986528	0,455863015			
64,91323222	0,464227474			
64,99657444	0,460045245			
65,07995528	0,464227474			
65,1632975	0,468409704			
65,246595	0,466318589			
65,32993444	0,464227474			
65,41327639	0,460045245			
65,49661556	0,468409704			
65,57995778	0,466318589			
65,66329694	0,468409704			
65,74663361	0,464227474			
65,82995056	0,470500818			
65,91328972	0,468409704			
65,99663194	0,468409704			
66,07992944	0,470500818			
66,16333833	0,476774163			
66,24668028	0,470500818			
66,33001972	0,472591933			
66,41335611	0,472591933			
66,49667306	0,470500818			
66,5800125	0,472591933			
66,66335444	0,472591933			
66,74665194	0,472591933			
66,82999417	0,476774163			
66,91333333	0,478865277			
66,99667528	0,476774163			
67,08001472	0,478865277			
67,16335389	0,478865277			
67,24673778	0,483047507			
67,33010472	0,472591933			
67,41344417	0,478865277			
67,49678611	0,480956392			
67,58012556	0,478865277			
67,66346194	0,485138622			
67,74677889	0,487229736			
67,83011833	0,485138622			
67,91346028	0,480956392			
67,99679972	0,483047507			
68,0801	0,487229736			
68,16343917	0,489320851			
68,24677861	0,485138622			
68,33012056	0,489320851			
68,41346	0,489320851			
68,49680194	0,485138622			
68,58014111	0,493503081			
68,66348056	0,487229736			
68,7468225	0,491411966			
68,83016194	0,489320851			
68,91347611	0,495594195			
68,99681528	0,491411966			
69,08015472	0,495594195			
69,163455	0,495594195			
69,24679417	0,495594195			
69,33013639	0,493503081			
69,41347556	0,49768531			
69,496815	0,495594195			
69,58019861	0,495594195			
69,66356583	0,493503081			
69,74690778	0,495594195			
69,83024722	0,499776425			
69,91358639	0,495594195			
69,99692833	0,499776425			
70,08026778	0,503958654			
70,16360417	0,503958654			
70,24692139	0,50186754			
70,33026056	0,503958654			
70,4136025	0,499776425			
70,49690028	0,503958654			
70,58024222	0,508140884			
70,66358139	0,506049769			
70,74692083	0,503958654			
70,83032694	0,503958654			
70,91371333	0,506049769			
70,99701361	0,508140884			
71,08035306	0,510231999			
71,16369222	0,510231999			
71,24703444	0,508140884			
71,33037361	0,506049769			
71,41371556	0,512323113			
71,49704944	0,514414228			
71,58036639	0,510231999			
71,66370861	0,508140884			
71,74704778	0,512323113			
71,83034806	0,514414228			
71,9136875	0,514414228			
71,99709611	0,514414228			
72,08043278	0,522778687			
72,16377194	0,518596458			
72,24709194	0,516505343			
72,33043111	0,516505343			
72,41377028	0,522778687			
72,49707083	0,518596458			
72,58041	0,518596458			
72,66375194	0,516505343			
72,74709139	0,516505343			
72,83043056	0,518596458			
72,91377278	0,518596458			
72,99708417	0,522778687			
73,08042333	0,522778687			
73,16376556	0,522778687			
73,24710472	0,522778687			
73,330405	0,522778687			
73,41381389	0,526960917			
73,49715611	0,526960917			
73,58049528	0,531143146			
73,66390417	0,533234261			
73,74724611	0,529052031			
73,83062722	0,531143146			
73,91396639	0,531143146			
73,99733639	0,533234261			
74,08067556	0,531143146			
74,16401778	0,526960917			
74,24735694	0,53741649			
74,33066833	0,533234261			
74,41401056	0,53741649			
74,49734972	0,535325376			
74,58065	0,53741649			
74,66398944	0,531143146			
74,74733139	0,535325376			
74,83067083	0,539507605			
74,91401278	0,54159872			
74,99735194	0,539507605			
75,08068583	0,54159872			
75,16403056	0,539507605			
75,24737278	0,53741649			
75,33071194	0,543689835			
75,41404833	0,543689835			
75,49738778	0,54159872			
75,58070472	0,54159872			
75,66404694	0,539507605			
75,74734444	0,545780949			
75,83068639	0,54159872			
75,91402583	0,545780949			
75,997365	0,545780949			
76,08070694	0,547872064			
76,16404639	0,545780949			
76,24738833	0,545780949			
76,33072778	0,554145408			
76,41406694	0,549963179			
76,49740889	0,547872064			
76,58074556	0,552054294			
76,6640625	0,552054294			
76,74740194	0,554145408			
76,83074111	0,554145408			
76,91404139	0,549963179			
76,99738083	0,552054294			
77,08072278	0,556236523			
77,16406194	0,554145408			
77,24740139	0,560418753			
77,330785	0,558327638			
77,41412444	0,556236523			
77,49746361	0,552054294			
77,58076417	0,558327638			
77,66410333	0,558327638			
77,74744528	0,558327638			
77,83078472	0,560418753			
77,91412667	0,558327638			
77,99746611	0,562509867			
78,0807775	0,562509867			
78,16411944	0,562509867			
78,24745889	0,562509867			
78,33080083	0,564600982			
78,41409833	0,564600982			
78,49750722	0,562509867			
78,58084917	0,566692097			
78,66418861	0,568783212			
78,7475725	0,568783212			
78,83093944	0,566692097			
78,91427889	0,570874326			
78,9976625	0,566692097			
79,08102972	0,570874326			
79,16437167	0,566692097			
79,24771111	0,575056556			
79,33105028	0,568783212			
79,41436444	0,570874326			
79,49770389	0,575056556			
79,58104306	0,575056556			
79,664385	0,577147671			
79,74768278	0,575056556			
79,83102194	0,577147671			
79,91436389	0,575056556			
79,99770611	0,577147671			
80,08104528	0,5813299			
80,16438472	0,572965441			
80,24772667	0,5813299			
80,33106611	0,583421015			
80,41440806	0,577147671			
80,49781694	0,579238785			
80,58115611	0,5813299			
80,66449278	0,5813299			
80,74780972	0,5813299			
80,83114889	0,583421015			
80,91449111	0,58551213			
80,99778861	0,583421015			
81,08113056	0,58551213			
81,16447	0,587603244			
81,24780917	0,58551213			
81,33115139	0,587603244			
81,41449056	0,58551213			
81,49782694	0,589694359			
81,58117194	0,589694359			
81,66457806	0,589694359			
81,747895	0,591785474			
81,83126194	0,589694359			
81,91460417	0,595967703			
81,99801306	0,591785474			
82,08139389	0,593876589			
82,16473611	0,595967703			
82,24810306	0,600149933			
82,33143972	0,598058818			
82,41475667	0,600149933			
82,49809583	0,602241048			
82,58143806	0,598058818			
82,66473556	0,595967703			
82,74807472	0,600149933			
82,83141694	0,602241048			
82,91475611	0,600149933			
82,99809833	0,606423277			
83,0814375	0,604332162			
83,16477389	0,604332162			
83,24809111	0,604332162			
83,331525	0,604332162			
83,41491139	0,604332162			
83,49820889	0,608514392			
83,58155111	0,606423277			
83,66489028	0,604332162			
83,74822972	0,608514392			
83,83157167	0,610605507			
83,91491111	0,608514392			
83,99822528	0,608514392			
84,08156444	0,610605507			
84,16490389	0,612696621			
84,24824583	0,614787736			
84,33154333	0,612696621			
84,41488278	0,610605507			
84,49829417	0,612696621			
84,58167528	0,614787736			
84,66501722	0,618969966			
84,74835667	0,618969966			
84,83165417	0,618969966			
84,91499611	0,616878851			
84,99833556	0,62106108			
85,0816775	0,62106108			
85,16501694	0,62106108			
85,24835611	0,616878851			
85,33167028	0,623152195			
85,41500972	0,62524331			
85,49835167	0,62524331			
85,58164917	0,627334425			
85,66499139	0,623152195			
85,74840028	0,629425539			
85,83173944	0,62524331			
85,91507583	0,627334425			
85,99839306	0,629425539			
86,081735	0,62524331			
86,16507444	0,631516654			
86,24837194	0,631516654			
86,33171389	0,629425539			
86,41505333	0,629425539			
86,4983925	0,635698884			
86,58173444	0,631516654			
86,66507389	0,635698884			
86,7484575	0,635698884			
86,83182472	0,631516654			
86,91520583	0,631516654			
86,99857556	0,639881113			
87,08198444	0,635698884			
87,16539611	0,639881113			
87,24873528	0,644063343			
87,33207472	0,639881113			
87,41541111	0,635698884			
87,49872806	0,644063343			
87,58207028	0,644063343			
87,66540944	0,641972228			
87,74870694	0,644063343			
87,83204917	0,639881113			
87,91538833	0,644063343			
87,99873056	0,637789998			
88,08206972	0,631516654			
88,16540889	0,635698884			
88,24872333	0,633607769			
88,33213194	0,641972228			
88,4154325	0,641972228			
88,49877167	0,646154457			
88,58211083	0,648245572			
88,66545306	0,648245572			
88,74879222	0,650336687			
88,83212889	0,652427802			
88,91546806	0,652427802			
88,998785	0,656610031			
89,08212722	0,654518916			
89,16546639	0,654518916			
89,24876667	0,658701146			
89,33210611	0,654518916			
89,41549	0,656610031			
89,49882917	0,656610031			
89,58212667	0,656610031			
89,66546889	0,660792261			
89,74880806	0,667065605			
89,83214722	0,662883375			
89,91548944	0,662883375			
89,99882861	0,650336687			
90,08214278	0,650336687			
90,16548222	0,658701146			
90,24882139	0,662883375			
90,33212167	0,66497449			
90,41546111	0,66497449			
90,49880306	0,66915672			
90,58218417	0,66915672			
90,66552333	0,671247834			
90,74889333	0,671247834			
90,8322325	0,675430064			
90,91557472	0,671247834			
90,99891389	0,671247834			
91,08225333	0,675430064			
91,16559528	0,675430064			
91,24893444	0,677521179			
91,33227111	0,675430064			
91,41558806	0,679612293			
91,4989275	0,683794523			
91,58226944	0,677521179			
91,66556694	0,679612293			
91,74890917	0,683794523			
91,83224833	0,679612293			
91,91563222	0,683794523			
91,99892972	0,685885638			
92,08226889	0,681703408			
92,16561111	0,683794523			
92,24895028	0,683794523			
92,33228944	0,687976752			
92,41563167	0,687976752			
92,49896806	0,685885638			
92,58228528	0,690067867			
92,66562444	0,690067867			
92,74896361	0,692158982			
92,83226417	0,692158982			
92,91560333	0,683794523			
92,999015	0,679612293			
93,08235417	0,683794523			
93,16569639	0,685885638			
93,24903556	0,687976752			
93,33237472	0,692158982			
93,41571694	0,696341211			
93,49905056	0,698432326			
93,58236778	0,698432326			
93,66570972	0,698432326			
93,74904889	0,700523441			
93,83234944	0,700523441			
93,91568861	0,700523441			
93,99902778	0,698432326			
94,08237	0,698432326			
94,16570917	0,706796785			
94,24905139	0,706796785			
94,33243222	0,706796785			
94,4157325	0,7088879			
94,49907194	0,706796785			
94,58241111	0,710979015			
94,66575333	0,7088879			
94,7490925	0,710979015			
94,83243194	0,715161244			
94,91577389	0,717252359			
94,99908528	0,713070129			
95,0824275	0,713070129			
95,16576667	0,715161244			
95,24910861	0,713070129			
95,33240639	0,715161244			
95,41585694	0,715161244			
95,49919889	0,715161244			
95,58253833	0,713070129			
95,6658775	0,719343474			
95,74917778	0,715161244			
95,83251722	0,721434588			
95,91585917	0,719343474			
95,99919833	0,725616818			
96,08253778	0,725616818			
96,16587972	0,725616818			
96,24921361	0,725616818			
96,33253333	0,725616818			
96,4158725	0,725616818			
96,49921194	0,731890162			
96,58258167	0,725616818			
96,66592111	0,727707933			
96,74930194	0,733981277			
96,8326025	0,733981277			
96,91594167	0,725616818			
96,99928361	0,733981277			
97,08262306	0,733981277			
97,165965	0,733981277			
97,24929889	0,731890162			
97,33261583	0,738163506			
97,41595778	0,733981277			
97,49929722	0,738163506			
97,5825975	0,738163506			
97,66593667	0,738163506			
97,74927611	0,742345736			
97,83265972	0,738163506			
97,9159575	0,740254621			
97,99936889	0,742345736			
98,08277222	0,744436851			
98,16618667	0,736072392			
98,24952861	0,740254621			
98,33290972	0,742345736			
98,41627667	0,74861908			
98,49961889	0,742345736			
98,58303056	0,742345736			
98,66636694	0,742345736			
98,74970917	0,74861908			
98,83304556	0,75280131			
98,91638472	0,74861908			
98,99970194	0,74861908			
99,08304389	0,75280131			
99,16634139	0,756983539			
99,24968083	0,75280131			
99,33302278	0,754892424			
99,41636194	0,756983539			
99,49970417	0,756983539			
99,58304333	0,756983539			
99,66638	0,761165769			
99,74969694	0,756983539			
99,83303611	0,765347998			
99,91637833	0,763256883			
99,9997175	0,761165769			
100,083015	0,761165769			
100,1663572	0,761165769			
100,2496964	0,765347998			
100,3330386	0,761165769			
100,4163778	0,767439113			
100,4997172	0,769530228			
100,5830314	0,767439113			
100,6663706	0,765347998			
100,7497128	0,765347998			
100,8330797	0,769530228			
100,9163911	0,769530228			
100,999825	0,773712457			
101,0831422	0,773712457			
101,1665119	0,771621342			
101,2498514	0,773712457			
101,3331906	0,775803572			
101,4165047	0,777894687			
101,4998442	0,777894687			
101,5831861	0,782076916			
101,6664836	0,777894687			
101,7498231	0,777894687			
101,833165	0,777894687			
101,9165044	0,773712457			
101,9998464	0,779985801			
102,0831856	0,784168031			
102,1665222	0,786259146			
102,2498669	0,782076916			
102,3332064	0,786259146			
102,416615	0,782076916			
102,4999572	0,782076916			
102,5833381	0,786259146			
102,6666803	0,78835026			
102,7500194	0,79253249			
102,83332	0,78835026			
102,9166592	0,79253249			
102,9999983	0,79253249			
103,0833406	0,79253249			
103,1666797	0,79253249			
103,2500192	0,79253249			
103,3333556	0,794623605			
103,4166725	0,796714719			
103,5000147	0,796714719			
103,5833539	0,796714719			
103,6667239	0,802988064			
103,7500631	0,800896949			
103,8334022	0,796714719			
103,9167444	0,800896949			
104,0000558	0,802988064			
104,0833953	0,805079178			
104,1667372	0,805079178			
104,2500764	0,805079178			
104,3333769	0,807170293			
104,4167161	0,809261408			
104,5000581	0,807170293			
104,5833975	0,807170293			
104,6667367	0,807170293			
104,7501206	0,811352523			
104,8334597	0,809261408			
104,9167992	0,807170293			
105,0000994	0,813443637			
105,0834386	0,811352523			
105,1667808	0,811352523			
105,25012	0,817625867			
105,3334594	0,815534752			
105,4168014	0,813443637			
105,5001128	0,813443637			
105,583455	0,817625867			
105,6667942	0,817625867			
105,7500917	0,817625867			
105,8334339	0,817625867			
105,9167731	0,819716982			
106,0001153	0,823899211			
106,0834544	0,821808096			
106,1667964	0,819716982			
106,2501303	0,823899211			
106,3334472	0,823899211			
106,4167894	0,825990326			
106,5001286	0,823899211			
106,5834289	0,823899211			
106,6667683	0,828081441			
106,7501075	0,825990326			
106,8334494	0,823899211			
106,9167889	0,825990326			
107,0001725	0,823899211			
107,0835397	0,834354785			
107,1668789	0,83226367			
107,2502211	0,830172555			
107,3335603	0,838537014			
107,4169025	0,834354785			
107,5002417	0,83226367			
107,5835781	0,834354785			
107,6668953	0,840628129			
107,7502344	0,8364459			
107,8335767	0,8364459			
107,9168742	0,8364459			
108,0002133	0,840628129			
108,0835556	0,838537014			
108,1668947	0,840628129			
108,2502339	0,844810359			
108,3335761	0,844810359			
108,4169125	0,842719244			
108,5002297	0,844810359			
108,5835689	0,844810359			
108,6669108	0,846901473			
108,7502086	0,848992588			
108,8335478	0,846901473			
108,9168897	0,842719244			
109,0002292	0,842719244			
109,0835711	0,848992588			
109,166905	0,846901473			
109,2502219	0,848992588			
109,3335639	0,855265932			
109,4169033	0,853174818			
109,5002453	0,851083703			
109,5835428	0,859448162			
109,6668822	0,855265932			
109,7502242	0,859448162			
109,8335636	0,859448162			
109,9169056	0,857357047			
110,0002447	0,857357047			
110,0835564	0,857357047			
110,1668983	0,857357047			
110,2502378	0,861539277			
110,3335797	0,861539277			
110,4168772	0,859448162			
110,5002167	0,865721506			
110,5836003	0,863630391			
110,6669397	0,859448162			
110,75024	0,861539277			
110,8335792	0,867812621			
110,9169186	0,863630391			
111,0002606	0,869903736			
111,0835997	0,87199485			
111,1669364	0,867812621			
111,2502533	0,867812621			
111,3335928	0,87199485			
111,4169347	0,87199485			
111,5002739	0,867812621			
111,5835744	0,87617708			
111,6669136	0,869903736			
111,7502528	0,87617708			
111,833595	0,880359309			
111,9169342	0,87617708			
112,0002708	0,878268195			
112,0835878	0,87617708			
112,1669297	0,878268195			
112,2502692	0,878268195			
112,3335667	0,880359309			
112,4169086	0,880359309			
112,5002481	0,882450424			
112,5835872	0,884541539			
112,6669294	0,880359309			
112,7502686	0,880359309			
112,8336525	0,888723768			
112,9169917	0,888723768			
113,0002892	0,888723768			
113,0836314	0,886632654			
113,1669706	0,890814883			
113,25031	0,892905998			
113,3336519	0,884541539			
113,4169911	0,87199485			
113,5003056	0,880359309			
113,5836447	0,882450424			
113,6669867	0,886632654			
113,7503261	0,888723768			
113,8336653	0,894997113			
113,9169658	0,892905998			
114,0003744	0,897088227			
114,0837167	0,899179342			
114,1671672	0,897088227			
114,2505064	0,901270457			
114,3338486	0,894997113			
114,4171878	0,886632654			
114,5004881	0,890814883			
114,5838275	0,894997113			
114,6671667	0,897088227			
114,7505086	0,899179342			
114,8338481	0,903361572			
114,9171844	0,907543801			
115,0005014	0,905452686			
115,0838408	0,907543801			
115,1671828	0,907543801			
115,2505222	0,907543801			
115,3338225	0,907543801			
115,4173008	0,894997113			
115,5006819	0,899179342			
115,5840461	0,899179342			
115,6673633	0,907543801			
115,7507303	0,907543801			
115,8340725	0,907543801			
115,9174117	0,911726031			
116,0007258	0,913817145			
116,0840653	0,91590826			
116,1674072	0,907543801			
116,2507464	0,911726031			
116,3340442	0,917999375			
116,4173861	0,917999375			
116,5007253	0,917999375			
116,5840675	0,924272719			
116,6674067	0,926363834			
116,7507433	0,926363834			
116,8340603	0,917999375			
116,9173994	0,92009049			
117,0007417	0,928454949			
117,0841086	0,930546063			
117,1674897	0,928454949			
117,2509014	0,926363834			
117,3342406	0,930546063			
117,4175408	0,930546063			
117,5009914	0,917999375			
117,5842892	0,911726031			
117,6676311	0,924272719			
117,7509703	0,924272719			
117,8343097	0,926363834			
117,9176517	0,932637178			
118,0009911	0,934728293			
118,0843275	0,932637178			
118,1676444	0,922181604			
118,2509839	0,926363834			
118,3343258	0,930546063			
118,4176233	0,930546063			
118,5009656	0,934728293			
118,5843744	0,936819407			
118,667825	0,938910522			
118,7511947	0,938910522			
118,8345342	0,936819407			
118,91794	0,945183866			
119,001285	0,943092752			
119,0846242	0,947274981			
119,1679608	0,945183866			
119,2513028	0,943092752			
119,3346867	0,943092752			
119,4180564	0,945183866			
119,5013958	0,947274981			
119,584735	0,949366096			
119,6681189	0,949366096			
119,7514608	0,947274981			
119,8348225	0,951457211			
119,9182117	0,951457211			
120,0015511	0,95563944			
120,0848514	0,95563944			
120,1681878	0,953548325			
120,2515717	0,953548325			
120,3349108	0,957730555			
120,4182114	0,95563944			
120,5015506	0,961912784			
120,5848897	0,95563944			
120,6682319	0,95982167			
120,7515711	0,964003899			
120,8349106	0,95982167			
120,9182247	0,961912784			
121,0015639	0,966095014			
121,0849061	0,961912784			
121,1682453	0,966095014			
121,2515456	0,964003899			
121,3349267	0,966095014			
121,4182658	0,966095014			
121,5015664	0,968186129			
121,5849056	0,970277243			
121,6682475	0,968186129			
121,7515869	0,968186129			
121,8349261	0,970277243			
121,9182683	0,972368358			
122,0016075	0,974459473			
122,0849217	0,972368358			
122,1682611	0,974459473			
122,2516003	0,976550588			
122,3349006	0,970277243			
122,41824	0,974459473			
122,5015819	0,974459473			
122,5849214	0,980732817			
122,6682606	0,978641702			
122,7516025	0,980732817			
122,8349392	0,980732817			
122,9182561	0,978641702			
123,0015956	0,976550588			
123,0849375	0,980732817			
123,168235	0,980732817			
123,2515744	0,984915047			
123,3349164	0,982823932			
123,4182975	0,984915047			
123,5016644	0,984915047			
123,5850761	0,984915047			
123,6684125	0,987006161			
123,7517297	0,989097276			
123,8350689	0,989097276			
123,9184081	0,987006161			
124,0017086	0,984915047			
124,0850478	0,987006161			
124,1683897	0,989097276			
124,2517292	0,993279506			
124,3350683	0,993279506			
124,4184106	0,993279506			
124,5017469	0,997461735			
124,5850919	0,99537062			
124,6684311	0,997461735			
124,7517703	0,99537062			
124,8351069	0,99537062			
124,9184239	1,001643965			
125,0017658	0,99955285			
125,0851053	1,003735079			
125,1684028	1,003735079			
125,251745	1,001643965			
125,3350842	1,001643965			
125,4184261	1,007917309			
125,5017656	1,005826194			
125,5851047	1,001643965			
125,6684469	1,010008424			
125,7518278	1,005826194			
125,83517	1,010008424			
125,9185369	1,007917309			
126,0018764	1,010008424			
126,0852183	1,005826194			
126,1685297	1,010008424			
126,2518719	1,012099538			
126,3352111	1,010008424			
126,4185506	1,010008424			
126,5018508	1,010008424			
126,58519	1,016281768			
126,6685322	1,020463997			
126,7518714	1,016281768			
126,8352106	1,018372883			
126,9185472	1,018372883			
127,0019336	1,016281768			
127,0852342	1,018372883			
127,1685733	1,016281768			
127,2519125	1,018372883			
127,3352547	1,020463997			
127,4185939	1,024646227			
127,5019361	1,020463997			
127,5852697	1,024646227			
127,6685867	1,018372883			
127,7519289	1,024646227			
127,8352681	1,024646227			
127,9186103	1,024646227			
128,0019078	1,024646227			
128,0852886	1,028828456			
128,1686308	1,028828456			
128,2519283	1,028828456			
128,3352706	1,028828456			
128,4186097	1,033010686			
128,5019489	1,033010686			
128,5852911	1,037192915			
128,6686303	1,035101801			
128,7519669	1,033010686			
128,8352839	1,035101801			
128,9186258	1,028828456			
129,0019653	1,037192915			
129,0852628	1,041375145			
129,1686047	1,03928403			
129,2519442	1,041375145			
129,33535	1,037192915			
129,418695	1,04346626			
129,5020761	1,037192915			
129,5854181	1,041375145			
129,6687572	1,041375145			
129,7521244	1,045557374			
129,8354664	1,041375145			
129,9188058	1,047648489			
130,0021478	1,041375145			
130,0854872	1,049739604			
130,1688264	1,035101801			
130,2521628	1,033010686			
130,33548	1,041375145			
130,4188219	1,045557374			
130,5021614	1,047648489			
130,5854589	1,049739604			
130,6688008	1,049739604			
130,7521403	1,053921833			
130,8355239	1,056012948			
130,9188911	1,053921833			
131,0023	1,056012948			
131,0856142	1,051830719			
131,1690508	1,051830719			
131,2524317	1,04346626			
131,3357739	1,047648489			
131,4191131	1,051830719			
131,5024553	1,051830719			
131,5857944	1,056012948			
131,6690919	1,056012948			
131,7524342	1,062286292			
131,8357733	1,062286292			
131,9191153	1,060195178			
132,0024547	1,064377407			
132,0857939	1,064377407			
132,1691306	1,060195178			
132,2524475	1,060195178			
132,3357894	1,056012948			
132,4191289	1,060195178			
132,5024708	1,060195178			
132,5858381	1,066468522			
132,6691772	1,066468522			
132,7525194	1,066468522			
132,8358531	1,070650751			
132,91917	1,068559637			
133,0025122	1,072741866			
133,0858514	1,068559637			
133,1691517	1,074832981			
133,2524911	1,072741866			
133,3358303	1,076924096			
133,4191725	1,076924096			
133,5025117	1,074832981			
133,5858536	1,076924096			
133,6691875	1,07901521			
133,7525044	1,081106325			
133,8358744	1,08319744			
133,9192553	1,08319744			
134,0026919	1,070650751			
134,0860758	1,066468522			
134,16944	1,074832981			
134,2528267	1,072741866			
134,3362356	1,085288555			
134,4196025	1,07901521			
134,5029447	1,087379669			
134,5862839	1,091561899			
134,6696261	1,087379669			
134,7529653	1,087379669			
134,8363017	1,087379669			
134,9196189	1,089470784			
135,0029581	1,087379669			
135,0863003	1,091561899			
135,1695978	1,097835243			
135,2529397	1,089470784			
135,3362792	1,085288555			
135,4196183	1,08319744			
135,5029603	1,087379669			
135,5862997	1,091561899			
135,6696833	1,095744128			
135,7530506	1,093653014			
135,8363897	1,095744128			
135,9197319	1,087379669			
136,0030711	1,091561899			
136,0864522	1,091561899			
136,1698639	1,097835243			
136,2532308	1,097835243			
136,3366147	1,099926358			
136,4199539	1,104108587			
136,5032933	1,099926358			
136,5866353	1,093653014			
136,6699328	1,087379669			
136,7532722	1,095744128			
136,8366142	1,099926358			
136,9199536	1,099926358			
137,0032956	1,106199702			
137,0866347	1,106199702			
137,1699464	1,112473046			
137,2532883	1,106199702			
137,3366275	1,110381932			
137,4199919	1,112473046			
137,5033367	1,116655276			
137,5867456	1,110381932			
137,6700597	1,118746391			
137,7533992	1,118746391			
137,8367411	1,114564161			
137,9200389	1,118746391			
138,0033781	1,118746391			
138,08672	1,112473046			
138,1700594	1,112473046			
138,2534014	1,112473046			
138,3367408	1,114564161			
138,42008	1,108290817			
138,5033942	1,112473046			
138,5867614	1,114564161			
138,6701033	1,12292862			
138,7534844	1,125019735			
138,8368514	1,125019735			
138,9201936	1,12292862			
139,0035328	1,120837505			
139,086875	1,118746391			
139,1702142	1,114564161			
139,2535508	1,116655276			
139,3368678	1,12292862			
139,4202069	1,12711085			
139,5035492	1,12292862			
139,5868467	1,12711085			
139,6701886	1,131293079			
139,7535281	1,133384194			
139,8368672	1,135475309			
139,9202092	1,137566423			
140,0036181	1,129201964			
140,0869575	1,12292862			
140,1703411	1,12711085			
140,2536806	1,131293079			
140,3370225	1,133384194			
140,42032	1,137566423			
140,5036594	1,137566423			
140,5870014	1,139657538			
140,6703408	1,141748653			
140,7536828	1,133384194			
140,8370219	1,129201964			
140,9203336	1,133384194			
141,0036756	1,131293079			
141,087015	1,141748653			
141,1703847	1,143839768			
141,2537658	1,148021997			
141,3371161	1,145930882			
141,4204053	1,148021997			
141,5037864	1,150113112			
141,5871536	1,154295341			
141,6705372	1,150113112			
141,7538767	1,154295341			
141,8372186	1,150113112			
141,9205161	1,141748653			
142,0038583	1,139657538			
142,0871975	1,145930882			
142,1705367	1,150113112			
142,2538789	1,154295341			
142,3372181	1,154295341			
142,4205325	1,154295341			
142,5038717	1,158477571			
142,5872108	1,158477571			
142,6705531	1,158477571			
142,753895	1,1626598			
142,8372594	1,1626598			
142,9206431	1,1626598			
143,0039853	1,164750915			
143,0873522	1,164750915			
143,1706917	1,160568686			
143,2540308	1,154295341			
143,3373731	1,158477571			
143,4207122	1,156386456			
143,5040486	1,16684203			
143,5873658	1,1626598			
143,6707078	1,16684203			
143,7540472	1,168933145			
143,8373447	1,1626598			
143,9206867	1,158477571			
144,0040261	1,156386456			
144,0873681	1,16684203			
144,1707714	1,1626598			
144,2540883	1,16684203			
144,3374303	1,171024259			
144,4208392	1,171024259			
144,5041814	1,171024259			
144,5875206	1,173115374			
144,6708181	1,177297604			
144,7541603	1,183570948			
144,8374994	1,175206489			
144,9208414	1,179388718			
145,0041808	1,181479833			
145,08752	1,181479833			
145,1708567	1,185662063			
145,2541736	1,189844292			
145,3375156	1,185662063			
145,4208133	1,185662063			
145,5041525	1,189844292			
145,5875364	1,189844292			
145,6709033	1,187753177			
145,7542844	1,185662063			
145,8376542	1,191935407			
145,9210353	1,185662063			
146,0043772	1,194026522			
146,0877444	1,189844292			
146,1710586	1,189844292			
146,2543981	1,189844292			
146,3377372	1,189844292			
146,4210794	1,194026522			
146,5043769	1,187753177			
146,5877161	1,181479833			
146,6710583	1,189844292			
146,7543975	1,189844292			
146,8377394	1,189844292			
146,9210733	1,198208751			
147,0043931	1,198208751			
147,0877325	1,198208751			
147,1710994	1,202390981			
147,2544358	1,198208751			
147,3377531	1,198208751			
147,4210922	1,200299866			
147,5044344	1,204482095			
147,5877736	1,20657321			
147,6710739	1,202390981			
147,7544133	1,204482095			
147,8377553	1,20657321			
147,9210944	1,204482095			
148,0044339	1,20657321			
148,0877703	1,212846554			
148,1710875	1,204482095			
148,2544544	1,212846554			
148,3377967	1,212846554			
148,4211358	1,21075544			
148,5044778	1,212846554			
148,5878172	1,21075544			
148,6711592	1,214937669			
148,7544931	1,21075544			
148,83781	1,212846554			
148,9211519	1,219119899			
149,0044914	1,217028784			
149,0877889	1,219119899			
149,1711308	1,221211013			
149,2544703	1,223302128			
149,3378122	1,223302128			
149,4212156	1,223302128			
149,5045353	1,219119899			
149,5878747	1,214937669			
149,6712139	1,214937669			
149,7545142	1,212846554			
149,8378536	1,219119899			
149,9211956	1,221211013			
150,0045347	1,219119899			
150,0878742	1,227484358			
150,1712161	1,225393243			
150,25455	1,225393243			
150,3378669	1,229575472			
150,4212369	1,225393243			
150,5045761	1,227484358			
150,5879153	1,229575472			
150,6712575	1,229575472			
150,7545967	1,229575472			
150,8380083	1,231666587			
150,9213475	1,235848817			
151,0047564	1,233757702			
151,0882375	1,229575472			
151,1715769	1,233757702			
151,2549189	1,235848817			
151,3382583	1,235848817			
151,4215975	1,237939931			
151,5049394	1,237939931			
151,5882511	1,237939931			
151,6715931	1,233757702			
151,7549322	1,242122161			
151,83823	1,242122161			
151,9215719	1,242122161			
152,0049114	1,240031046			
152,0882533	1,242122161			
152,1715925	1,244213276			
152,2549736	1,242122161			
152,3383156	1,242122161			
152,421655	1,248395505			
152,5049969	1,248395505			
152,5882944	1,25048662			
152,6716339	1,248395505			
152,7549758	1,254668849			
152,8383153	1,24630439			
152,9216572	1,252577735			
153,0049964	1,252577735			
153,0883081	1,256759964			
153,17165	1,254668849			
153,2549894	1,254668849			
153,3382897	1,254668849			
153,4216289	1,256759964			
153,5050128	1,256759964			
153,5883519	1,256759964			
153,6716494	1,256759964			
153,7549917	1,254668849			
153,8383308	1,260942194			
153,9216731	1,260942194			
154,0050122	1,258851079			
154,0883517	1,260942194			
154,1716881	1,260942194			
154,255005	1,260942194			
154,3383472	1,260942194			
154,4216864	1,263033308			
154,5049839	1,265124423			
154,5883261	1,267215538			
154,6717347	1,265124423			
154,7551186	1,269306653			
154,8384858	1,267215538			
154,921825	1,269306653			
155,0051614	1,260942194			
155,0884786	1,267215538			
155,1718206	1,269306653			
155,25516	1,271397767			
155,3384575	1,267215538			
155,4217994	1,273488882			
155,5051389	1,271397767			
155,5884808	1,273488882			
155,67182	1,273488882			
155,7551594	1,273488882			
155,8384958	1,281853341			
155,9218408	1,269306653			
156,00518	1,265124423			
156,0885222	1,269306653			
156,1718364	1,273488882			
156,2551756	1,273488882			
156,338515	1,277671112			
156,4218542	1,279762226			
156,5051544	1,279762226			
156,5884939	1,281853341			
156,6718358	1,283944456			
156,755175	1,273488882			
156,8385172	1,273488882			
156,9218564	1,275579997			
157,0051681	1,279762226			
157,0885378	1,283944456			
157,1718772	1,283944456			
157,2552192	1,283944456			
157,3385583	1,283944456			
157,4218978	1,288126685			
157,5052397	1,288126685			
157,5885792	1,29440003			
157,6718933	1,292308915			
157,7552325	1,29440003			
157,8385719	1,292308915			
157,9218722	1,288126685			
158,0052114	1,292308915			
158,0885536	1,292308915			
158,1718928	1,296491144			
158,2552739	1,292308915			
158,3386856	1,296491144			
158,4220525	1,29440003			
158,5053947	1,286035571			
158,5887339	1,283944456			
158,6720731	1,2902178			
158,7554097	1,292308915			
158,8387267	1,29440003			
158,9220686	1,296491144			
159,0054081	1,300673374			
159,0887056	1,300673374			
159,1720478	1,304855603			
159,2553869	1,304855603			
159,3387261	1,304855603			
159,4220683	1,300673374			
159,5054492	1,304855603			
159,5887914	1,306946718			
159,6721306	1,304855603			
159,7554728	1,309037833			
159,8388119	1,311128948			
159,9221511	1,304855603			
160,0054933	1,313220062			
160,0887908	1,309037833			
160,17213	1,309037833			
160,2554722	1,309037833			
160,3388114	1,304855603			
160,4221536	1,296491144			
160,5054928	1,300673374			
160,5888294	1,304855603			
160,6721464	1,311128948			
160,7554856	1,311128948			
160,8388278	1,315311177			
160,9222364	1,311128948			
161,0055758	1,319493407			
161,0888761	1,317402292			
161,1722153	1,323675636			
161,2555575	1,321584521			
161,3388967	1,313220062			
161,4222389	1,309037833			
161,5055781	1,315311177			
161,5888894	1,313220062			
161,6722317	1,319493407			
161,7555708	1,319493407			
161,8389103	1,323675636			
161,9222106	1,327857866			
162,0055914	1,319493407			
162,0889336	1,323675636			
162,1723006	1,315311177			
162,2556122	1,315311177			
162,3389542	1,321584521			
162,4222936	1,319493407			
162,5056356	1,325766751			
162,5889331	1,323675636			
162,6722753	1,327857866			
162,7556144	1,332040095			
162,8389536	1,336222325			
162,9222958	1,336222325			
163,005635	1,336222325			
163,0889467	1,327857866			
163,1722886	1,323675636			
163,2556558	1,319493407			
163,3389978	1,327857866			
163,4223369	1,332040095			
163,5056764	1,338313439			
163,5890183	1,336222325			
163,672355	1,336222325			
163,7556719	1,340404554			
163,8390111	1,340404554			
163,9223533	1,342495669			
164,0056508	1,340404554			
164,08899	1,340404554			
164,1723322	1,336222325			
164,2556714	1,32994898			
164,3390136	1,340404554			
164,4223528	1,340404554			
164,5056919	1,346677898			
164,5890342	1,350860128			
164,6723733	1,352951243			
164,7557544	1,346677898			
164,8390964	1,350860128			
164,9224358	1,340404554			
165,0057361	1,340404554			
165,0890753	1,340404554			
165,1724175	1,348769013			
165,2557567	1,350860128			
165,3390961	1,350860128			
165,4224381	1,357133472			
165,5057744	1,350860128			
165,5890889	1,346677898			
165,6724308	1,340404554			
165,7557981	1,350860128			
165,8391344	1,350860128			
165,9224514	1,357133472			
166,0057936	1,355042357			
166,0891328	1,359224587			
166,1724303	1,359224587			
166,2557725	1,359224587			
166,3391117	1,363406816			
166,4224539	1,363406816			
166,5057931	1,363406816			
166,5891322	1,365497931			
166,6724467	1,365497931			
166,7557858	1,367589046			
166,8391531	1,367589046			
166,9226342	1,371771275			
167,0059706	1,367589046			
167,0893156	1,369680161			
167,1726547	1,37386239			
167,2560358	1,37386239			
167,3393778	1,371771275			
167,4227169	1,367589046			
167,5060175	1,37804462			
167,5893567	1,371771275			
167,6726961	1,375953505			
167,7560381	1,37804462			
167,8393772	1,375953505			
167,9227139	1,367589046			
168,0060336	1,369680161			
168,0893728	1,367589046			
168,1727122	1,371771275			
168,2560514	1,375953505			
168,3394631	1,375953505			
168,4227606	1,375953505			
168,5061	1,380135734			
168,7289397	1,375953505			
168,8955794	1,386409079			
169,0622608	1,388500193			
169,2289392	1,388500193			
169,3955928	1,386409079			
169,5623019	1,392682423			
169,7289833	1,392682423			
169,8956592	1,392682423			
170,0623153	1,394773538			
170,228955	1,394773538			
170,3956364	1,396864652			
170,5623178	1,398955767			
170,7289936	1,394773538			
170,8957444	1,403137996			
171,0624925	1,403137996			
171,2291794	1,405229111			
171,3958553	1,407320226			
171,5625114	1,403137996			
171,7291511	1,407320226			
171,8958325	1,411502455			
172,0625139	1,411502455			
172,2291894	1,411502455			
172,3959433	1,4177758			
172,5626942	1,41359357			
172,7293756	1,4177758			
172,8960511	1,415684685			
173,0627075	1,421958029			
173,2293472	1,415684685			
173,3960286	1,421958029			
173,5627097	1,426140259			
173,7294328	1,426140259			
173,8961419	1,426140259			
174,0628206	1,432413603			
174,2294742	1,430322488			
174,3961556	1,432413603			
174,562795	1,430322488			
174,7294736	1,430322488			
174,89618	1,434504718			
175,0628364	1,432413603			
175,2295178	1,438686947			
175,3961936	1,440778062			
175,5628525	1,434504718			
175,7294894	1,436595832			
175,8961708	1,440778062			
176,0628939	1,442869177			
176,2296031	1,447051406			
176,3962844	1,444960291			
176,5629628	1,449142521			
176,7296164	1,451233636			
176,8962978	1,451233636			
177,0629375	1,45332475			
177,2296606	1,455415865			
177,3963697	1,459598095			
177,56309	1,455415865			
177,7297992	1,45750698			
177,8965917	1,461689209			
178,0632981	1,45750698			
178,2299517	1,465871439			
178,3966328	1,461689209			
178,5632725	1,465871439			
178,7299539	1,45750698			
178,8966325	1,45750698			
179,0632858	1,461689209			
179,229995	1,470053668			
179,3966764	1,465871439			
179,5633994	1,472144783			
179,7301475	1,474235898			
179,8968567	1,470053668			
180,0636772	1,478418127			
180,2303531	1,470053668			
180,3970122	1,470053668			
180,5636906	1,476327013			
180,7303303	1,478418127			
180,8970117	1,480509242			
181,0636875	1,486782586			
181,2303742	1,484691472			
181,3970528	1,488873701			
181,5637342	1,488873701			
181,73041	1,495147045			
181,8970692	1,495147045			
182,0637086	1,482600357			
182,2305236	1,486782586			
182,3972078	1,488873701			
182,5639308	1,495147045			
182,7306344	1,488873701			
182,8973183	1,493055931			
183,0639719	1,49723816			
183,2306533	1,50142039			
183,3972931	1,503511504			
183,5639742	1,50142039			
183,7306556	1,505602619			
183,8973342	1,513967078			
184,0640156	1,507693734			
184,2306914	1,509784849			
184,3973503	1,509784849			
184,56399	1,513967078			
184,7306686	1,518149308			
184,89735	1,50142039			
185,0640731	1,505602619			
185,2307125	1,511875963			
185,3973939	1,513967078			
185,5640725	1,507693734			
185,7307261	1,509784849			
185,8974075	1,516058193			
186,0640469	1,522331537			
186,2308369	1,518149308			
186,3975461	1,530695996			
186,5642272	1,530695996			
186,7309086	1,528604881			
186,8975622	1,534878226			
187,0642408	1,530695996			
187,2308803	1,532787111			
187,3975617	1,526513767			
187,5642431	1,530695996			
187,7309244	1,54115157			
187,8976058	1,54115157			
188,0642844	1,528604881			
188,2309656	1,53696934			
188,3976192	1,539060455			
188,5643006	1,54115157			
188,7310069	1,545333799			
188,89773	1,539060455			
189,0644392	1,532787111			
189,2311622	1,543242685			
189,3978714	1,549516029			
189,5646611	1,553698258			
189,73144	1,54115157			
189,8980933	1,549516029			
190,0647331	1,555789373			
190,2314144	1,555789373			
190,3980931	1,559971603			
190,5647742	1,559971603			
190,7314278	1,549516029			
190,8981369	1,559971603			
191,0648822	1,557880488			
191,2315386	1,564153832			
191,3981783	1,566244947			
191,5648594	1,568336062			
191,7315408	1,572518291			
191,8982167	1,570427176			
192,0649008	1,572518291			
192,2315794	1,574609406			
192,3983053	1,576700521			
192,5650144	1,578791635			
192,7316903	1,578791635			
192,8983464	1,568336062			
193,0649889	1,576700521			
193,2316675	1,574609406			
193,3983489	1,578791635			
193,5650022	1,582973865			
193,7317086	1,58088275			
193,8984594	1,58506498			
194,0652106	1,58506498			
194,2320031	1,595520553			
194,3988208	1,589247209			
194,5655994	1,593429439			
194,7322531	1,595520553			
194,8989342	1,593429439			
195,0655739	1,599702783			
195,2322525	1,599702783			
195,3989339	1,599702783			
195,5656094	1,603885012			
195,7322964	1,603885012			
195,8990444	1,599702783			
196,0657956	1,603885012			
196,2324489	1,603885012			
196,3991303	1,608067242			
196,56577	1,612249471			
196,7324514	1,605976127			
196,8991297	1,614340586			
197,0658808	1,612249471			
197,2325622	1,616431701			
197,3992433	1,618522816			
197,5658942	1,618522816			
197,7325756	1,616431701			
197,899215	1,616431701			
198,0658964	1,62061393			
198,232575	1,62061393			
198,3993008	1,622705045			
198,5659378	1,62479616			
198,7326192	1,626887275			
198,8993003	1,626887275			
199,0659539	1,62479616			
199,2326325	1,631069504			
199,3993833	1,626887275			
199,5661342	1,631069504			
199,7327739	1,635251734			
199,8994525	1,633160619			
200,0661339	1,639433963			
200,2327872	1,639433963			
200,3994686	1,639433963			
200,5661083	1,643616193			
200,7327897	1,647798422			
200,8994681	1,643616193			
201,0661217	1,647798422			
201,2327614	1,647798422			
201,3994428	1,647798422			
201,5661239	1,647798422			
201,7328469	1,643616193			
201,8995953	1,654071766			
202,0662347	1,656162881			
202,2329856	1,654071766			
202,3996614	1,656162881			
202,5663206	1,658253996			
202,7329575	1,662436225			
202,8996386	1,658253996			
203,06632	1,658253996			
203,2329958	1,666618455			
203,3996828	1,666618455			
203,5664031	1,660345111			
203,7331817	1,656162881			
203,8998631	1,666618455			
204,0665444	1,666618455			
204,2331953	1,666618455			
204,3998764	1,670800684			
204,5665161	1,670800684			
204,7331975	1,670800684			
204,8998789	1,674982914			
205,0665575	1,679165143			
205,2332386	1,679165143			
205,3998922	1,679165143			
205,5665736	1,679165143			
205,7332133	1,679165143			
205,8998944	1,681256258			
206,0666147	1,683347373			
206,2333239	1,685438488			
206,4000469	1,687529602			
206,5666867	1,687529602			
206,7333653	1,689620717			
206,9000467	1,679165143			
207,0667	1,683347373			
207,2333814	1,689620717			
207,4000628	1,700076291			
207,5667414	1,695894061			
207,7334506	1,697985176			
207,9001736	1,700076291			
208,0668772	1,691711832			
208,2335642	1,697985176			
208,4002428	1,702167406			
208,5668961	1,697985176			
208,7335775	1,706349635			
208,9002172	1,70425852			
209,0668983	1,706349635			
209,2336189	1,710531865			
209,4003	1,714714094			
209,5669397	1,706349635			
209,7336211	1,706349635			
209,9002969	1,710531865			
210,0669531	1,710531865			
210,2336622	1,714714094			
210,4003158	1,720987438			
210,5669556	1,718896324			
210,7336367	1,720987438			
210,9003181	1,723078553			
211,0669939	1,727260783			
211,2336503	1,718896324			
211,4003594	1,714714094			
211,5670408	1,723078553			
211,7338556	1,727260783			
211,9005397	1,727260783			
212,0672906	1,729351897			
212,2339664	1,731443012			
212,4006256	1,739807471			
212,5672622	1,733534127			
212,7339436	1,739807471			
212,900625	1,737716356			
213,0673064	1,739807471			
213,2340572	1,743989701			
213,4007358	1,746080815			
213,5673892	1,743989701			
213,7340706	1,741898586			
213,9007103	1,746080815			
214,0673917	1,750263045			
214,2341397	1,741898586			
214,4008211	1,746080815			
214,5674744	1,746080815			
214,7341558	1,75235416			
214,9007956	1,754445274			
215,0674742	1,754445274			
215,2341556	1,756536389			
215,4008786	1,756536389			
215,5676294	1,760718619			
215,7342689	1,758627504			
215,9009475	1,764900848			
216,0676289	1,762809733			
216,2342825	1,764900848			
216,4009639	1,766991963			
216,5676033	1,769083078			
216,7343236	1,758627504			
216,9009633	1,760718619			
217,0676447	1,762809733			
217,2343261	1,771174192			
217,4009767	1,766991963			
217,5676581	1,777447537			
217,7342978	1,777447537			
217,9010486	1,779538651			
218,0677939	1,783720881			
218,2345225	1,779538651			
218,4012983	1,781629766			
218,5680467	1,785811996			
218,7347028	1,785811996			
218,9013842	1,789994225			
219,0680211	1,785811996			
219,2347025	1,789994225			
219,4013836	1,789994225			
219,5680372	1,78790311			
219,7347881	1,789994225			
219,9014944	1,798358684			
220,0682453	1,794176455			
220,2349964	1,798358684			
220,4016775	1,800449799			
220,5683589	1,798358684			
220,7350375	1,804632028			
220,9017133	1,802540914			
221,0683725	1,804632028			
221,2350119	1,804632028			
221,4016933	1,806723143			
221,5684386	1,806723143			
221,735095	1,804632028			
221,9017347	1,810905373			
222,0684158	1,810905373			
222,2350944	1,812996487			
222,4017731	1,812996487			
222,5684294	1,812996487			
222,7351803	1,817178717			
222,90182	1,821360946			
223,0684983	1,819269832			
223,2351797	1,821360946			
223,4018583	1,823452061			
223,5685147	1,823452061			
223,7351542	1,823452061			
223,9018744	1,827634291			
224,0685142	1,825543176			
224,2351956	1,83181652			
224,4018769	1,829725405			
224,5685303	1,825543176			
224,7352117	1,833907635			
224,9019878	1,833907635			
225,0687108	1,833907635			
225,2353503	1,821360946			
225,4020317	1,829725405			
225,5687131	1,838089864			
225,7353639	1,833907635			
225,902045	1,838089864			
226,0686847	1,842272094			
226,2354328	1,840180979			
226,4021586	1,844363209			
226,5689347	1,844363209			
226,7356578	1,852727668			
226,9022972	1,848545438			
227,0690481	1,846454323			
227,2357964	1,854818782			
227,4024775	1,852727668			
227,5691589	1,842272094			
227,7358125	1,852727668			
227,9024939	1,856909897			
228,0691306	1,852727668			
228,2358119	1,861092126			
228,4024933	1,863183241			
228,5692164	1,863183241			
228,7359672	1,863183241			
228,9027156	1,861092126			
229,0693967	1,865274356			
229,2360781	1,869456585			
229,4027178	1,869456585			
229,5693992	1,856909897			
229,7360775	1,867365471			
229,9027311	1,873638815			
230,0694819	1,873638815			
230,2362608	1,87572993			
230,4030089	1,877821044			
230,5698014	1,879912159			
230,7364411	1,877821044			
230,9031225	1,869456585			
231,0697983	1,8715477			
231,2364544	1,884094389			
231,4030942	1,884094389			
231,5697756	1,884094389			
231,7365681	1,888276618			
231,9033189	1,890367733			
232,0700225	1,894549962			
232,2367761	1,879912159			
232,4034575	1,886185503			
232,5701389	1,892458848			
232,7368175	1,894549962			
232,9034961	1,892458848			
233,0701522	1,894549962			
233,2367919	1,902914421			
233,4034733	1,900823307			
233,5702186	1,894549962			
233,736875	1,896641077			
233,9035144	1,900823307			
234,0701958	1,905005536			
234,2368772	1,909187766			
234,4035308	1,892458848			
234,5702094	1,900823307			
234,7368489	1,91127888			
234,9035997	1,913369995			
235,0702533	1,913369995			
235,2369347	1,91127888			
235,4035714	1,909187766			
235,5702528	1,913369995			
235,7369342	1,921734454			
235,9035878	1,923825569			
236,0703386	1,919643339			
236,2370867	1,923825569			
236,4037958	1,923825569			
236,5705189	1,923825569			
236,7372281	1,91546111			
236,9039067	1,925916684			
237,0705603	1,930098913			
237,2372417	1,928007798			
237,4038811	1,919643339			
237,5705625	1,928007798			
237,7372411	1,930098913			
237,9038947	1,934281143			
238,070715	1,925916684			
238,2373547	1,932190028			
238,4040333	1,940554487			
238,5707564	1,940554487			
238,7374656	1,940554487			
238,9042164	1,942645602			
239,0708978	1,948918946			
239,2375761	1,944736716			
239,4042297	1,948918946			
239,5709111	1,948918946			
239,7375508	1,953101175			
239,9043017	1,948918946			
240,0709522	1,957283405			
240,2376336	1,95519229			
240,4042733	1,953101175			
240,5709547	1,961465634			
240,7376303	1,963556749			
240,9042894	1,95937452			
241,0709958	1,951010061			
241,2377467	1,961465634			
241,4044922	1,963556749			
241,5711511	1,965647864			
241,7378297	1,963556749			
241,9044694	1,965647864			
242,0711508	1,976103438			
242,2378264	1,967738979			
242,4044856	1,961465634			
242,5712336	1,967738979			
242,7378733	1,976103438			
242,9045547	1,971921208			
243,0712361	1,980285667			
243,2379117	1,967738979			
243,4045708	1,976103438			
243,5712744	1,976103438			
243,7379308	1,984467897			
243,9046344	1,986559011			
244,0712933	1,971921208			
244,2379331	1,980285667			
244,4046117	1,984467897			
244,5712958	1,988650126			
244,7379686	1,988650126			
244,9046556	1,988650126			
245,0713369	1,992832356			
245,2380156	1,997014585			
245,4046692	1,990741241			
245,5713503	1,99492347			
245,73799	1,99492347			
245,9046686	2,001196815			
246,0714194	1,9991057			
246,2381008	2,005379044			
246,4047544	1,9991057			
246,5714356	1,9991057			
246,7380725	2,003287929			
246,9047539	2,015834618			
247,0714353	2,013743503			
247,2382556	2,007470159			
247,4049369	2,003287929			
247,5716156	2,011652388			
247,7382969	2,015834618			
247,9049503	2,017925733			
248,0716317	2,015834618			
248,2382714	2,015834618			
248,40495	2,024199077			
248,5716731	2,024199077			
248,7383544	2,028381306			
248,9049939	2,024199077			
249,0716753	2,032563536			
249,2383539	2,022107962			
249,4050075	2,022107962			
249,5717167	2,030472421			
249,7384397	2,030472421			
249,9050792	2,03883688			
250,0717578	2,036745765			
250,2384392	2,024199077			
250,4050928	2,030472421			
250,5717739	2,036745765			
250,7384553	2,04301911			
250,9052033	2,040927995			
251,0719125	2,04301911			
251,2386636	2,040927995			
251,4053447	2,051383569			
251,5720206	2,049292454			
251,7386769	2,047201339			
251,9053167	2,049292454			
252,0719978	2,053474683			
252,2386792	2,04301911			
252,405355	2,045110224			
252,5720392	2,051383569			
252,7387206	2,055565798			
252,9054019	2,059748028			
253,0720775	2,047201339			
253,2387367	2,053474683			
253,4053736	2,053474683			
253,5720547	2,059748028			
253,7387361	2,063930257			
253,9055511	2,066021372			
254,0722103	2,063930257			
254,2388469	2,055565798			
254,4055283	2,072294716			
254,5722097	2,070203601			
254,7388633	2,074385831			
254,9055694	2,070203601			
255,0722928	2,074385831			
255,2389322	2,072294716			
255,4056136	2,080659175			
255,572295	2,076476946			
255,7389456	2,074385831			
255,9056269	2,076476946			
256,0722667	2,08275029			
256,2390175	2,089023634			
256,4056989	2,08275029			
256,5723803	2,084841405			
256,7390308	2,086932519			
256,9057122	2,091114749			
257,0723519	2,08275029			
257,2390333	2,08275029			
257,4057147	2,091114749			
257,5724628	2,089023634			
257,7391442	2,099479208			
257,9058253	2,08275029			
258,0725039	2,095296978			
258,2391853	2,099479208			
258,4058389	2,099479208			
258,5725203	2,103661437			
258,7391597	2,103661437			
258,9058411	2,105752552			
259,0725614	2,112025896			
259,2392428	2,095296978			
259,4058825	2,109934782			
259,5725636	2,105752552			
259,7392394	2,112025896			
259,9058986	2,112025896			
260,0725356	2,118299241			
260,2392864	2,118299241			
260,4059678	2,109934782			
260,5726211	2,114117011			
260,7393025	2,118299241			
260,9059394	2,12248147			
261,0726206	2,1266637			
261,2393019	2,12248147			
261,4059833	2,12248147			
261,5726592	2,130845929			
261,7393156	2,1266637			
261,905955	2,124572585			
262,0726364	2,116208126			
262,2393178	2,1266637			
262,4059992	2,130845929			
262,5727472	2,132937044			
262,7395397	2,135028159			
262,9062489	2,1266637			
263,0729303	2,135028159			
263,2396061	2,139210388			
263,4062625	2,135028159			
263,5729019	2,141301503			
263,7395833	2,132937044			
263,9062647	2,141301503			
264,0729878	2,145483732			
264,2397636	2,145483732			
264,4064172	2,145483732			
264,5731264	2,139210388			
264,7398772	2,145483732			
264,9065281	2,149665962			
265,0732094	2,16221265			
265,2398489	2,160121536			
265,4065303	2,16221265			
265,5732117	2,151757077			
265,7398625	2,153848191			
265,9065717	2,16221265			
266,073225	2,158030421			
266,2399064	2,16221265			
266,4065461	2,168485995			
266,5732247	2,168485995			
266,7399058	2,172668224			
266,9065594	2,168485995			
267,0732686	2,170577109			
267,2399222	2,174759339			
267,4066008	2,170577109			
267,5732403	2,174759339			
267,7399217	2,178941568			
267,9066031	2,183123798			
268,0732567	2,181032683			
268,2399631	2,181032683			
268,4066861	2,181032683			
268,5733256	2,185214913			
268,7400069	2,181032683			
268,9066828	2,178941568			
269,0733392	2,185214913			
269,2400203	2,185214913			
269,4067714	2,193579372			
269,5734108	2,193579372			
269,7400922	2,191488257			
269,9067708	2,189397142			
270,0734244	2,193579372			
270,2401056	2,197761601			
270,4067453	2,20612606			
270,5735378	2,193579372			
270,7402192	2,193579372			
270,9068589	2,197761601			
271,0735375	2,201943831			
271,2402133	2,197761601			
271,4068722	2,195670486			
271,5735119	2,201943831			
271,7403294	2,204034945			
271,9069831	2,208217175			
272,0736228	2,197761601			
272,2403042	2,20612606			
272,4069825	2,21030829			
272,5736611	2,21030829			
272,7403175	2,21030829			
272,9070961	2,199852716			
273,0737775	2,208217175			
273,2404561	2,214490519			
273,4071347	2,222854978			
273,5737908	2,222854978			
273,7404306	2,224946093			
273,9071119	2,229128322			
274,0737933	2,229128322			
274,2405136	2,216581634			
274,4072228	2,222854978			
274,5740153	2,227037208			
274,7407633	2,233310552			
274,9074725	2,229128322			
275,0742233	2,222854978			
275,2409047	2,229128322			
275,4075861	2,233310552			
275,5742647	2,233310552			
275,7409183	2,235401667			
275,9075994	2,229128322			
276,0742392	2,237492781			
276,24099	2,237492781			
276,4076714	2,241675011			
276,5744611	2,237492781			
276,7411647	2,241675011			
276,9079214	2,24585724			
277,0745997	2,25003947			
277,2412533	2,247948355			
277,4079347	2,247948355			
277,5745744	2,25003947			
277,7412556	2,252130585			
277,9079369	2,254221699			
278,0746572	2,254221699			
278,2413664	2,247948355			
278,4080478	2,254221699			
278,5747014	2,256312814			
278,7413828	2,262586158			
278,9080194	2,256312814			
279,0747008	2,256312814			
279,2413822	2,256312814			
279,4081331	2,264677273			
279,5748533	2,264677273			
279,7414931	2,260495044			
279,9081744	2,258403929			
280,0748556	2,268859503			
280,2415092	2,273041732			
280,4081878	2,275132847			
280,5748747	2,268859503			
280,7415783	2,264677273			
280,9082317	2,266768388			
281,0749131	2,273041732			
281,2415528	2,281406191			
281,4082314	2,270950617			
281,5749128	2,275132847			
281,7415939	2,275132847			
281,9082697	2,273041732			
282,0749261	2,285588421			
282,2416075	2,28977065			
282,4082469	2,283497306			
282,5749283	2,277223962			
282,7416042	2,279315076			
282,9082911	2,283497306			
283,0750392	2,29395288			
283,24179	2,29395288			
283,408605	2,281406191			
283,5752892	2,281406191			
283,7421094	2,285588421			
283,9087908	2,287679535			
284,0754667	2,291861765			
284,2421258	2,291861765			
284,4087625	2,29395288			
284,5754439	2,28977065			
284,7421253	2,291861765			
284,9088483	2,29395288			
285,0755992	2,300226224			
285,2422361	2,304408453			
285,4089172	2,308590683			
285,5755986	2,306499568			
285,7422744	2,298135109			
285,9089336	2,302317339			
286,0755703	2,310681798			
286,2423214	2,314864027			
286,4089747	2,316955142			
286,5756561	2,321137371			
286,7422958	2,316955142			
286,9089744	2,312772912			
287,0756556	2,316955142			
287,2423786	2,319046257			
287,40906	2,321137371			
287,5757414	2,321137371			
287,7423783	2,321137371			
287,9090597	2,321137371			
288,0757408	2,331592945			
288,2423944	2,33368406			
288,4091008	2,337866289			
288,5758239	2,32950183			
288,7425053	2,32950183			
288,9092144	2,33368406			
289,0758681	2,337866289			
289,2425492	2,342048519			
289,4091861	2,337866289			
289,5758675	2,33368406			
289,7425489	2,337866289			
289,9092719	2,346230748			
290,0759114	2,348321863			
290,24259	2,348321863			
290,4092714	2,344139633			
290,575925	2,348321863			
290,7426064	2,350412978			
290,9092458	2,354595207			
291,0759244	2,358777437			
291,2426058	2,354595207			
291,4092872	2,354595207			
291,5759683	2,356686322			
291,7426219	2,356686322			
291,9093033	2,360868551			
292,0759403	2,362959666			
292,2426214	2,360868551			
292,4093028	2,362959666			
292,5759842	2,354595207			
292,7426628	2,362959666			
292,9093164	2,36923301			
293,0759558	2,36923301			
293,2426372	2,36923301			
293,4093881	2,36923301			
293,5761333	2,36923301			
293,7427897	2,37341524			
293,9094294	2,377597469			
294,0761108	2,377597469			
294,2427919	2,377597469			
294,4094678	2,37341524			
294,5761519	2,37341524			
294,7428278	2,379688584			
294,9095147	2,385961928			
295,0762378	2,379688584			
295,2429442	2,377597469			
295,4096256	2,377597469			
295,5763011	2,383870814			
295,7429603	2,394326387			
295,9096	2,392235273			
296,0762786	2,388053043			
296,2430017	2,392235273			
296,4097108	2,388053043			
296,5763919	2,394326387			
296,7430706	2,394326387			
296,9097242	2,398508617			
297,0764056	2,402690846			
297,243045	2,396417502			
297,4097264	2,396417502			
297,5764078	2,404781961			
297,7430586	2,400599732			
297,90974	2,404781961			
298,0763794	2,404781961			
298,2430608	2,402690846			
298,4097422	2,400599732			
298,5764236	2,404781961			
298,7431019	2,408964191			
298,9097556	2,408964191			
299,0764369	2,406873076			
299,2430767	2,408964191			
299,409755	2,411055305			
299,5764364	2,419419764			
299,7431178	2,41314642			
299,9097992	2,419419764			
300,0764528	2,41314642			
300,2431311	2,41314642			
300,4097708	2,419419764			
300,5764522	2,419419764			
300,7431336	2,427784223			
300,9098844	2,415237535			
301,0766325	2,423601994			
301,2433833	2,423601994			
301,4100369	2,415237535			
301,5767183	2,425693109			
301,7433578	2,436148682			
301,9100364	2,427784223			
302,0767178	2,423601994			
302,2433714	2,429875338			
302,4101222	2,431966453			
302,5768036	2,440330912			
302,7434403	2,442422027			
302,9101217	2,444513141			
303,0767975	2,440330912			
303,2434567	2,436148682			
303,4100961	2,444513141			
303,5768444	2,446604256			
303,7435675	2,442422027			
303,9102711	2,444513141			
304,0769578	2,444513141			
304,2436781	2,442422027			
304,4103178	2,4528776			
304,5769992	2,4528776			
304,7436806	2,454968715			
304,9103564	2,4528776			
305,0770153	2,459150945			
305,2437189	2,454968715			
305,4103753	2,459150945			
305,577015	2,465424289			
305,7436961	2,454968715			
305,9103747	2,463333174			
306,0770283	2,461242059			
306,2437375	2,463333174			
306,4104606	2,471697633			
306,5771003	2,471697633			
306,7437814	2,465424289			
306,91046	2,467515404			
307,0771136	2,467515404			
307,243795	2,471697633			
307,4104344	2,475879863			
307,5771825	2,477970977			
307,7439058	2,473788748			
307,9105869	2,475879863			
308,0772961	2,477970977			
308,2439775	2,484244322			
308,4106561	2,480062092			
308,5773097	2,480062092			
308,7439911	2,486335436			
308,9106306	2,484244322			
309,0773536	2,484244322			
309,24406	2,488426551			
309,4107414	2,488426551			
309,577395	2,492608781			
309,7440764	2,492608781			
309,9107158	2,494699895			
310,0773944	2,49679101			
310,2440758	2,50097324			
310,4107989	2,50097324			
310,5774803	2,503064354			
310,7441617	2,498882125			
310,9107983	2,498882125			
311,0774797	2,507246584			
311,2441611	2,511428813			
311,4108144	2,507246584			
311,5775933	2,507246584			
311,7443414	2,509337699			
311,9110644	2,507246584			
312,0777458	2,509337699			
312,2443853	2,515611043			
312,4110667	2,517702158			
312,5777453	2,513519928			
312,7443989	2,511428813			
312,9111025	2,519793272			
313,0778533	2,519793272			
313,2446097	2,523975502			
313,411355	2,526066617			
313,5780114	2,519793272			
313,7446511	2,523975502			
313,9113325	2,534431076			
314,0780108	2,528157731			
314,2446894	2,526066617			
314,4113736	2,528157731			
314,5780967	2,526066617			
314,7447364	2,534431076			
314,9114175	2,534431076			
315,0780961	2,542795535			
315,2447719	2,53652219			
315,4114311	2,538613305			
315,5780706	2,538613305			
315,7447908	2,54070442			
315,9115	2,53652219			
316,0781814	2,538613305			
316,2448572	2,53652219			
316,4115164	2,546977764			
316,5781531	2,549068879			
316,7448344	2,549068879			
316,9115158	2,551159994			
317,0781694	2,546977764			
317,2448508	2,546977764			
317,4114903	2,551159994			
317,5781689	2,559524453			
317,7448503	2,559524453			
317,9115039	2,563706682			
318,078185	2,559524453			
318,2448247	2,559524453			
318,4115033	2,559524453			
318,5781847	2,559524453			
318,7448381	2,567888912			
318,9115194	2,572071141			
319,0781592	2,567888912			
319,2448378	2,569980026			
319,4115189	2,572071141			
319,57827	2,578344485			
319,7449514	2,576253371			
319,9117411	2,576253371			
320,0783808	2,572071141			
320,2450619	2,576253371			
320,4117433	2,576253371			
320,5783969	2,578344485			
320,7450756	2,58461783			
320,911715	2,5804356			
321,0784661	2,578344485			
321,2452169	2,586708944			
321,4118983	2,586708944			
321,5785767	2,586708944			
321,7452303	2,592982289			
321,9119117	2,586708944			
322,0785511	2,588800059			
322,2452325	2,588800059			
322,4119139	2,588800059			
322,5785925	2,588800059			
322,7452739	2,590891174			
322,9119272	2,595073403			
323,0785669	2,592982289			
323,2452483	2,592982289			
323,4119686	2,597164518			
323,5787417	2,592982289			
323,7454286	2,601346748			
323,9121517	2,605528977			
324,0787886	2,599255633			
324,24547	2,601346748			
324,4121511	2,599255633			
324,5788269	2,605528977			
324,7454861	2,607620092			
324,9121897	2,611802321			
325,0788739	2,603437862			
325,2455497	2,603437862			
325,4122086	2,599255633			
325,5788483	2,609711207			
325,7455269	2,615984551			
325,9122083	2,609711207			
326,0788922	2,609711207			
326,2455708	2,609711207			
326,4122244	2,611802321			
326,5789058	2,611802321			
326,7455425	2,62016678			
326,9122239	2,622257895			
327,0789053	2,62016678			
327,2456533	2,615984551			
327,4123347	2,618075666			
327,5790161	2,62434901			
327,7456697	2,628531239			
327,9123508	2,626440125			
328,0789906	2,634804584			
328,2456692	2,626440125			
328,4123506	2,626440125			
328,5790736	2,626440125			
328,7457131	2,632713469			
328,9124614	2,636895698			
329,0791425	2,641077928			
329,2458239	2,647351272			
329,4125053	2,641077928			
329,5791867	2,638986813			
329,7458375	2,643169043			
329,9125186	2,643169043			
330,0791583	2,647351272			
330,2459092	2,651533502			
330,4125906	2,651533502			
330,5792692	2,649442387			
330,7459228	2,647351272			
330,9126039	2,659897961			
331,0792436	2,657806846			
331,245925	2,661989075			
331,4126036	2,659897961			
331,5794239	2,66408019			
331,7461469	2,661989075			
331,9128283	2,66408019			
332,0794681	2,670353534			
332,2461494	2,676626879			
332,4128278	2,680809108			
332,5794814	2,674535764			
332,7461906	2,676626879			
332,9128719	2,674535764			
333,0795506	2,678717993			
333,2462317	2,678717993			
333,4129131	2,684991338			
333,5795667	2,687082452			
333,7462064	2,682900223			
333,9128847	2,687082452			
334,0796331	2,674535764			
334,2463589	2,682900223			
334,4130681	2,687082452			
334,5798161	2,687082452			
334,7464975	2,684991338			
334,9131789	2,689173567			
335,0799019	2,684991338			
335,2466528	2,687082452			
335,4132894	2,691264682			
335,5799708	2,691264682			
335,7466522	2,691264682			
335,9133281	2,693355797			
336,0799872	2,695446911			
336,2466908	2,695446911			
336,4133533	2,699629141			
336,5800764	2,701720256			
336,7467161	2,701720256			
336,9133947	2,701720256			
337,0800761	2,699629141			
337,2467294	2,701720256			
337,4134108	2,701720256			
337,5800506	2,705902485			
337,7467292	2,7079936			
337,9134103	2,7079936			
338,0800639	2,714266944			
338,2467453	2,714266944			
338,413385	2,718449174			
338,5800633	2,718449174			
338,7467447	2,720540288			
338,9135375	2,718449174			
339,0802411	2,716358059			
339,2469	2,718449174			
339,4135786	2,722631403			
339,5802183	2,724722518			
339,7468997	2,722631403			
339,9135753	2,726813633			
340,0802622	2,730995862			
340,2469853	2,730995862			
340,4136222	2,726813633			
340,5803036	2,728904747			
340,746985	2,739360321			
340,9136606	2,739360321			
341,0803197	2,730995862			
341,2469567	2,730995862			
341,4136797	2,739360321			
341,5803192	2,745633665			
341,7470006	2,743542551			
341,9136792	2,737269206			
342,0803578	2,743542551			
342,2470142	2,749815895			
342,4137175	2,74772478			
342,5803767	2,75190701			
342,7470136	2,753998124			
342,913695	2,74772478			
343,0803761	2,753998124			
343,2470519	2,753998124			
343,4137111	2,75190701			
343,5804592	2,75190701			
343,74721	2,753998124			
343,9139611	2,762362583			
344,0807397	2,756089239			
344,2474878	2,766544813			
344,4141692	2,762362583			
344,5808506	2,762362583			
344,7475039	2,758180354			
344,9141853	2,75190701			
345,080825	2,753998124			
345,2475036	2,762362583			
345,414185	2,766544813			
345,5808383	2,768635928			
345,7475197	2,766544813			
345,9141594	2,768635928			
346,0808381	2,766544813			
346,2475192	2,774909272			
346,4142006	2,770727042			
346,5808819	2,770727042			
346,7476328	2,766544813			
346,9143114	2,766544813			
347,0810344	2,774909272			
347,2477436	2,777000387			
347,4143972	2,770727042			
347,5810786	2,774909272			
347,7477153	2,777000387			
347,9143967	2,779091501			
348,0810781	2,789547075			
348,2477594	2,777000387			
348,4144408	2,770727042			
348,5810942	2,779091501			
348,7477728	2,783273731			
348,9144125	2,78745596			
349,0810936	2,797911534			
349,2477694	2,789547075			
349,4145231	2,79163819			
349,5812464	2,789547075			
349,7478858	2,78745596			
349,9145672	2,795820419			
350,0812431	2,802093763			
350,2478992	2,797911534			
350,4145389	2,797911534			
350,5812203	2,797911534			
350,7479017	2,802093763			
350,9145831	2,802093763			
351,0812614	2,806275993			
351,2479372	2,810458222			
351,4145964	2,806275993			
351,5812361	2,804184878			
351,7479172	2,802093763			
351,9145958	2,806275993			
352,0813467	2,810458222			
352,2480697	2,810458222			
352,4147094	2,816731567			
352,5813908	2,812549337			
352,7480694	2,814640452			
352,9147228	2,810458222			
353,0814042	2,814640452			
353,2480439	2,816731567			
353,4147669	2,823004911			
353,5814039	2,820913796			
353,748085	2,82718714			
353,9147664	2,823004911			
354,08142	2,829278255			
354,2481014	2,82718714			
354,4147381	2,833460485			
354,5814611	2,833460485			
354,7481703	2,833460485			
354,9148517	2,83136937			
355,0816025	2,835551599			
355,2482533	2,839733829			
355,4149347	2,839733829			
355,5815744	2,841824944			
355,7482556	2,850189403			
355,9149342	2,839733829			
356,0815878	2,837642714			
356,2482969	2,846007173			
356,4149783	2,850189403			
356,5816594	2,848098288			
356,7483103	2,850189403			
356,9149917	2,856462747			
357,0816314	2,850189403			
357,2483125	2,858553862			
357,4150356	2,860644976			
357,5817392	2,862736091			
357,7484931	2,860644976			
357,9151464	2,862736091			
358,0818278	2,858553862			
358,2484675	2,858553862			
358,4151461	2,866918321			
358,5818272	2,87110055			
358,7484808	2,87110055			
358,9151622	2,866918321			
359,0818019	2,873191665			
359,2484803	2,877373894			
359,4151617	2,87528278			
359,5818153	2,87528278			
359,748455	2,881556124			
359,9151781	2,873191665			
360,0818564	2,879465009			
360,2484961	2,873191665			
360,4151775	2,883647239			
360,5818533	2,879465009			
360,7485122	2,881556124			
360,9151908	2,881556124			
361,0818722	2,889920583			
361,2486231	2,881556124			
361,4152628	2,881556124			
361,5819442	2,889920583			
361,7486228	2,887829468			
361,9153011	2,894102812			
362,0819575	2,885738353			
362,2485972	2,896193927			
362,4153203	2,894102812			
362,5819569	2,898285042			
362,7486383	2,894102812			
362,9153197	2,902467271			
363,0819956	2,900376157			
363,2486544	2,902467271			
363,4153608	2,902467271			
363,5820422	2,906649501			
363,7487236	2,91083173			
363,915405	2,906649501			
364,0820586	2,904558386			
364,2487369	2,904558386			
364,4153767	2,906649501			
364,5820997	2,908740616			
364,7487394	2,91083173			
364,9154181	2,91501396			
365,0820992	2,917105075			
365,2487528	2,908740616			
365,4154342	2,917105075			
365,5820739	2,925469534			
365,7487969	2,925469534			
365,9154336	2,921287304			
366,082115	2,923378419			
366,2487964	2,927560648			
366,41545	2,929651763			
366,5821311	2,929651763			
366,7488097	2,929651763			
366,9155189	2,929651763			
367,0823117	2,938016222			
367,2489928	2,935925107			
367,4156325	2,933833993			
367,5823111	2,940107337			
367,7489925	2,938016222			
367,9156458	2,942198452			
368,0823272	2,942198452			
368,2490364	2,940107337			
368,415715	2,942198452			
368,5823686	2,946380681			
368,74905	2,942198452			
368,9156894	2,942198452			
369,0823681	2,950562911			
369,2490467	2,948471796			
369,4157308	2,952654025			
369,5824064	2,950562911			
369,7490656	2,952654025			
369,9157053	2,948471796			
370,0823839	2,95892737			
370,249065	2,963109599			
370,4157464	2,961018484			
370,5825392	2,961018484			
370,7492428	2,95892737			
370,9158989	2,952654025			
371,0825386	2,956836255			
371,24922	2,961018484			
371,4159014	2,967291829			
371,5825825	2,961018484			
371,7492333	2,965200714			
371,9158731	2,967291829			
372,0825544	2,973565173			
372,2492356	2,973565173			
372,4159114	2,965200714			
372,5825678	2,95892737			
372,7492075	2,965200714			
372,9158886	2,973565173			
373,08257	2,973565173			
373,2492458	2,975656288			
373,4159022	2,984020747			
373,5825417	2,979838517			
373,7492231	2,984020747			
373,9159044	2,979838517			
374,0825581	2,971474058			
374,2492367	2,973565173			
374,4159178	2,977747402			
374,5826269	2,979838517			
374,74935	2,979838517			
374,9159897	2,990294091			
375,0826683	2,988202976			
375,2493497	2,984020747			
375,4160253	2,990294091			
375,5826844	2,992385206			
375,7493631	2,990294091			
375,9161139	2,986111861			
376,0828231	2,984020747			
376,2496158	2,992385206			
376,4163667	2,99865855			
376,5831147	3,004931894			
376,749935	3,000749665			
376,9166861	2,99865855			
377,0833675	2,99865855			
377,2500486	3,004931894			
377,4166856	3,000749665			
377,5833669	3,000749665			
377,7500483	3,000749665			
377,9167017	3,009114124			
378,0833803	3,013296353			
378,2502286	3,017478583			
378,4169517	3,013296353			
378,5836608	3,013296353			
378,7504117	3,011205238			
378,9170903	3,013296353			
379,0837717	3,021660812			
379,2504531	3,017478583			
379,4171286	3,019569697			
379,5837878	3,017478583			
379,7504664	3,025843042			
379,9171058	3,023751927			
380,0837872	3,030025271			
380,2504686	3,030025271			
380,4171194	3,025843042			
380,5838008	3,030025271			
380,7504403	3,032116386			
380,9171217	3,032116386			
381,0838447	3,034207501			
381,2505233	3,034207501			
381,4171631	3,03838973			
381,5838442	3,044663074			
381,75052	3,050936419			
381,9171792	3,048845304			
382,0838161	3,048845304			
382,2505669	3,044663074			
382,4173817	3,044663074			
382,5840408	3,050936419			
382,7507917	3,053027533			
382,9174953	3,048845304			
383,0841517	3,050936419			
383,2507911	3,057209763			
383,4174725	3,048845304			
383,5841539	3,050936419			
383,7508297	3,057209763			
383,9174861	3,065574222			
384,0841256	3,061391992			
384,2508069	3,057209763			
384,4174883	3,061391992			
384,5841392	3,063483107			
384,7508203	3,063483107			
384,91746	3,061391992			
385,0842525	3,059300878			
385,2510703	3,065574222			
385,4177517	3,067665337			
385,5844331	3,071847566			
385,7510725	3,069756451			
385,9177539	3,076029796			
386,0844325	3,073938681			
386,2510861	3,073938681			
386,4177672	3,069756451			
386,5844486	3,073938681			
386,7511578	3,08230314			
386,9179058	3,084394255			
387,0845872	3,08230314			
387,2512686	3,08230314			
387,4179222	3,080212025			
387,5846036	3,084394255			
387,7512403	3,088576484			
387,9179217	3,088576484			
388,0846031	3,084394255			
388,2513539	3,086485369			
388,4180769	3,092758714			
388,5847833	3,092758714			
388,7515064	3,08230314			
388,9181878	3,092758714			
389,0848969	3,094849828			
389,25162	3,090667599			
389,4182986	3,099032058			
389,5849381	3,092758714			
389,7516194	3,092758714			
389,9183008	3,101123173			
390,0849517	3,105305402			
390,2516608	3,103214287			
390,4183142	3,109487632			
390,5849956	3,107396517			
390,7516353	3,111578746			
390,9183167	3,113669861			
391,0849953	3,119943205			
391,2516486	3,113669861			
391,4184275	3,117852091			
391,5851086	3,12203432			
391,75179	3,12203432			
391,9184686	3,124125435			
392,0851222	3,117852091			
392,2517617	3,117852091			
392,4184431	3,115760976			
392,5851217	3,12203432			
392,7518031	3,124125435			
392,9185483	3,128307664			
393,0852075	3,130398779			
393,2518469	3,130398779			
393,4186619	3,132489894			
393,5854156	3,132489894			
393,7521664	3,136672123			
393,9189869	3,136672123			
394,085735	3,142945468			
394,2524581	3,140854353			
394,4192089	3,142945468			
394,5859597	3,142945468			
394,7526383	3,142945468			
394,9193197	3,145036582			
395,0859594	3,145036582			
395,2526408	3,147127697			
395,4193219	3,145036582			
395,5859728	3,149218812			
395,7526542	3,149218812			
395,9193356	3,151309927			
396,0860169	3,149218812			
396,2526564	3,155492156			
396,419335	3,151309927			
396,5860164	3,157583271			
396,75267	3,145036582			
396,9193792	3,157583271			
397,0860325	3,153401041			
397,2527111	3,157583271			
397,4193508	3,1617655			
397,5860319	3,163856615			
397,7527133	3,1617655			
397,9193669	3,16594773			
398,0860733	3,172221074			
398,2528242	3,170129959			
398,4196169	3,168038845			
398,5862981	3,174312189			
398,7529378	3,170129959			
398,9196164	3,174312189			
399,0862978	3,172221074			
399,2529511	3,178494418			
399,4196325	3,180585533			
399,5863139	3,182676648			
399,7529925	3,182676648			
399,9196319	3,176403304			
400,0863133	3,182676648			
400,2529947	3,186858877			
400,4196483	3,180585533			
400,5863964	3,184767763			
400,7531056	3,191041107			
400,9198286	3,184767763			
401,0865794	3,195223336			
401,2532581	3,193132222			
401,4199394	3,193132222			
401,5865792	3,195223336			
401,7532603	3,199405566			
401,9199361	3,197314451			
402,0865925	3,201496681			
402,2533017	3,203587795			
402,4199831	3,203587795			
402,5866586	3,201496681			
402,7533178	3,203587795			
402,9199964	3,20567891			
403,0866361	3,20567891			
403,2533592	3,203587795			
403,4199986	3,20567891			
403,5866772	3,20986114			
403,7533558	3,20986114			
403,9200122	3,218225599			
404,0866517	3,214043369			
404,2533331	3,211952254			
404,4200144	3,214043369			
404,5866931	3,211952254			
404,7533744	3,220316713			
404,92005	3,222407828			
405,0867092	3,216134484			
405,2533489	3,224498943			
405,4200275	3,224498943			
405,5867086	3,224498943			
405,75339	3,230772287			
405,9201408	3,228681172			
406,0868611	3,232863402			
406,2535703	3,228681172			
406,4202267	3,230772287			
406,5869081	3,234954517			
406,753545	3,228681172			
406,9202261	3,234954517			
407,0869047	3,232863402			
407,2536556	3,237045631			
407,4204067	3,241227861			
407,5871575	3,239136746			
407,7538081	3,24541009			
407,9204894	3,241227861			
408,0871292	3,243318976			
408,2538106	3,247501205			
408,4204919	3,24541009			
408,5871703	3,247501205			
408,7539214	3,24541009			
408,9206025	3,253774549			
409,0872561	3,24541009			
409,2539375	3,253774549			
409,4205744	3,253774549			
409,5872556	3,253774549			
409,7539369	3,253774549			
409,9206878	3,253774549			
410,0874361	3,257956779			
410,2541869	3,260047893			
410,4208403	3,262139008			
410,5875217	3,262139008			
410,7541614	3,264230123			
410,92084	3,266321238			
411,0875214	3,262139008			
411,2542444	3,270503467			
411,4210647	3,266321238			
411,5878156	3,268412352			
411,7544942	3,260047893			
411,921245	3,264230123			
412,0878847	3,268412352			
412,2545661	3,268412352			
412,4212447	3,274685697			
412,5878981	3,276776811			
412,7545794	3,274685697			
412,9212192	3,274685697			
413,0880394	3,276776811			
413,2547878	3,272594582			
413,4214689	3,276776811			
413,5881503	3,280959041			
413,7548261	3,280959041			
413,9214853	3,28514127			
414,0881219	3,276776811			
414,2548033	3,28514127			
414,4215486	3,287232385			
414,5883469	3,280959041			
414,7550978	3,28514127			
414,9218042	3,291414615			
415,0884856	3,2893235			
415,2551614	3,299779074			
415,4218203	3,28514127			
415,58846	3,293505729			
415,7551386	3,297687959			
415,92182	3,301870188			
416,0885011	3,301870188			
416,2553217	3,306052418			
416,4220031	3,308143533			
416,5886817	3,306052418			
416,755335	3,308143533			
416,9220164	3,308143533			
417,0886561	3,312325762			
417,2553347	3,312325762			
417,4220158	3,314416877			
417,5886972	3,316507992			
417,7553786	3,316507992			
417,9220322	3,318599106			
418,0887136	3,316507992			
418,2553503	3,316507992			
418,4220317	3,320690221			
418,5887131	3,324872451			
418,7553667	3,324872451			
418,9220478	3,324872451			
419,0886847	3,326963565			
419,2553661	3,32905468			
419,4220475	3,331145795			
419,5887706	3,32905468			
419,7555186	3,337419139			
419,9222028	3,331145795			
420,0889092	3,335328024			
420,2555906	3,33323691			
420,4222717	3,337419139			
420,5889225	3,337419139			
420,7556039	3,337419139			
420,9222433	3,339510254			
421,0889247	3,341601369			
421,2556756	3,341601369			
421,4223961	3,345783598			
421,5891053	3,345783598			
421,7558283	3,347874713			
421,9224678	3,349965828			
422,0891492	3,349965828			
422,2558278	3,345783598			
422,4224814	3,345783598			
422,5891625	3,354148057			
422,7558439	3,352056942			
422,9225475	3,354148057			
423,0892733	3,354148057			
423,2559131	3,356239172			
423,4225944	3,358330287			
423,58927	3,362512516			
423,7559292	3,362512516			
423,9225661	3,354148057			
424,0892475	3,362512516			
424,2559286	3,364603631			
424,4226797	3,36878586			
424,5893581	3,362512516			
424,7560394	3,366694746			
424,9227903	3,36878586			
425,0894717	3,37296809			
425,2562228	3,36878586			
425,4230125	3,36878586			
425,5896522	3,377150319			
425,7563333	3,377150319			
425,9230147	3,377150319			
426,0896906	3,375059205			
426,2563469	3,377150319			
426,4229864	3,381332549			
426,5896678	3,381332549			
426,7564606	3,381332549			
426,9231	3,383423664			
427,0897786	3,383423664			
427,25646	3,385514778			
427,4231136	3,389697008			
427,5897947	3,389697008			
427,7564344	3,389697008			
427,9231825	3,389697008			
428,0898361	3,391788123			
428,2565175	3,393879237			
428,4231569	3,395970352			
428,5898383	3,393879237			
428,7565169	3,404334811			
428,9231983	3,398061467			
429,0898797	3,402243696			
429,2565331	3,404334811			
429,4232144	3,400152582			
429,5898514	3,404334811			
429,7565328	3,402243696			
429,9232139	3,408517041			
430,0898953	3,406425926			
430,2565767	3,408517041			
430,4232553	3,410608155			
430,5899367	3,414790385			
430,75659	3,410608155			
430,9232714	3,414790385			
431,0899111	3,4168815			
431,2565897	3,421063729			
431,4232711	3,4168815			
431,5899244	3,4168815			
431,7566058	3,423154844			
431,9232456	3,421063729			
432,0899267	3,423154844			
432,2566472	3,418972614			
432,4233564	3,425245959			
432,5900097	3,423154844			
432,7566911	3,425245959			
432,9233281	3,429428188			
433,0900092	3,429428188			
433,2566906	3,431519303			
433,4233442	3,429428188			
433,5900533	3,433610418			
433,7567736	3,435701532			
433,9234133	3,433610418			
434,0900944	3,437792647			
434,2567703	3,433610418			
434,4234294	3,435701532			
434,5900692	3,437792647			
434,7567475	3,441974877			
434,9234289	3,446157106			
435,0901519	3,446157106			
435,2567917	3,444065991			
435,4234703	3,441974877			
435,5901544	3,444065991			
435,7568272	3,45243045			
435,9234864	3,448248221			
436,09019	3,450339336			
436,2568742	3,448248221			
436,4235278	3,454521565			
436,5902089	3,45661268			
436,7568486	3,45661268			
436,92353	3,45661268			
437,0902086	3,460794909			
437,2568869	3,458703795			
437,4235711	3,460794909			
437,5903222	3,45661268			
437,7570033	3,464977139			
437,9236819	3,469159368			
438,0903356	3,469159368			
438,2570169	3,469159368			
438,4236564	3,469159368			
438,5903378	3,471250483			
438,7570164	3,467068254			
438,9236978	3,469159368			
439,0903792	3,469159368			
439,2570325	3,464977139			
439,4237139	3,473341598			
439,5903536	3,469159368			
439,7571017	3,471250483			
439,9238247	3,473341598			
440,0905339	3,473341598			
440,2572847	3,477523827			
440,4239633	3,477523827			
440,5906447	3,477523827			
440,7573261	3,477523827			
440,9239794	3,479614942			
441,0906608	3,481706057			
441,2572978	3,485888286			
441,4239792	3,490070516			
441,5907022	3,494252745			
441,7574531	3,494252745			
441,9241594	3,490070516			
442,0908131	3,49634386			
442,2574942	3,50052609			
442,4241339	3,49634386			
442,5908153	3,494252745			
442,7574911	3,494252745			
442,924175	3,502617204			
443,0909261	3,50052609			
443,2576492	3,49634386			
443,4244	3,504708319			
443,5911064	3,504708319			
443,7578989	3,502617204			
443,9246081	3,510981663			
444,0912894	3,506799434			
444,2579653	3,513072778			
444,4246217	3,517255008			
444,5912611	3,515163893			
444,7579425	3,515163893			
444,9246239	3,517255008			
445,0913747	3,521437237			
445,2581925	3,517255008			
445,4249378	3,521437237			
445,5915969	3,521437237			
445,7582364	3,525619467			
445,924915	3,527710581			
446,0915964	3,521437237			
446,2582722	3,525619467			
446,4249311	3,529801696			
446,5916819	3,533983926			
446,7583883	3,529801696			
446,9250697	3,529801696			
447,0917483	3,533983926			
447,2584047	3,533983926			
447,4250414	3,538166155			
447,5917228	3,53607504			
447,7584042	3,54025727			
447,9251272	3,538166155			
448,0918364	3,542348385			
448,258515	3,542348385			
448,4251686	3,544439499			
448,5918497	3,544439499			
448,7584894	3,544439499			
448,9251708	3,548621729			
449,0918522	3,546530614			
449,2585308	3,546530614			
449,4252119	3,548621729			
449,5918656	3,550712844			
449,7585469	3,552803958			
449,9251867	3,554895073			
450,091865	3,556986188			
450,2585464	3,561168417			
450,4252278	3,554895073			
450,5919786	3,556986188			
450,7587964	3,556986188			
450,9255194	3,559077303			
451,0922008	3,565350647			
451,2588819	3,565350647			
451,4255217	3,565350647			
451,5922031	3,569532876			
451,7588817	3,571623991			
451,925535	3,569532876			
452,0922164	3,569532876			
452,2588561	3,571623991			
452,4255347	3,571623991			
452,5922161	3,575806221			
452,7588694	3,57998845			
452,9255092	3,575806221			
453,0921906	3,577897335			
453,2589358	3,582079565			
453,4256617	3,57998845			
453,5924125	3,58417068			
453,7591217	3,582079565			
453,9259142	3,577897335			
454,0925511	3,582079565			
454,2592325	3,586261794			
454,4259083	3,588352909			
454,5925672	3,588352909			
454,7592486	3,592535139			
454,9258856	3,594626253			
455,0925669	3,600899598			
455,2593872	3,598808483			
455,42618	3,596717368			
455,5928836	3,594626253			
455,7595397	3,600899598			
455,9261794	3,600899598			
456,0928608	3,596717368			
456,2595422	3,602990712			
456,4262178	3,609264057			
456,5929019	3,613446286			
456,7597225	3,613446286			
456,9264678	3,609264057			
457,0931269	3,607172942			
457,2597636	3,609264057			
457,426445	3,617628516			
457,5931264	3,613446286			
457,75978	3,617628516			
457,9264892	3,61971963			
458,0932094	3,621810745			
458,2599603	3,61971963			
458,4267389	3,621810745			
458,5933925	3,621810745			
458,7600711	3,62390186			
458,9267106	3,625992975			
459,0933919	3,628084089			
459,2600733	3,625992975			
459,4267269	3,632266319			
459,5934333	3,630175204			
459,7601564	3,634357434			
459,9268378	3,630175204			
460,0935189	3,630175204			
460,2601586	3,634357434			
460,42684	3,640630778			
460,5935186	3,636448548			
460,7601719	3,640630778			
460,9268533	3,638539663			
461,0934931	3,640630778			
461,2601744	3,648995237			
461,4268528	3,644813007			
461,5935064	3,646904122			
461,7601878	3,653177466			
461,9268692	3,648995237			
462,0935506	3,640630778			
462,26019	3,642721893			
462,4268686	3,648995237			
462,59355	3,653177466			
462,7602036	3,653177466			
462,9268847	3,657359696			
463,0935911	3,659450811			
463,2603142	3,661541925			
463,4270233	3,661541925			
463,5937047	3,653177466			
463,7603861	3,657359696			
463,9270647	3,657359696			
464,0937461	3,66363304			
464,2603994	3,66781527			
464,4270392	3,665724155			
464,5937206	3,66781527			
464,7604686	3,671997499			
464,9272167	3,674088614			
465,0939703	3,671997499			
465,2606517	3,669906384			
465,4273275	3,671997499			
465,5939839	3,680361958			
465,7606233	3,680361958			
465,9273047	3,676179729			
466,0939861	3,676179729			
466,2607092	3,678270843			
466,4274156	3,682453073			
466,5940969	3,680361958			
466,7607728	3,684544188			
466,9274317	3,684544188			
467,0940714	3,686635302			
467,26075	3,690817532			
467,4274314	3,697090876			
467,5941128	3,684544188			
467,7607939	3,690817532			
467,9274447	3,692908647			
468,0941261	3,694999761			
468,2607656	3,692908647			
468,4274469	3,699181991			
468,5941981	3,701273106			
468,7608792	3,699181991			
468,9276275	3,70336422			
469,0943086	3,701273106			
469,26099	3,699181991			
469,4276436	3,70336422			
469,594325	3,713819794			
469,7609617	3,709637565			
469,9276431	3,713819794			
470,0943244	3,713819794			
470,2610058	3,711728679			
470,4277983	3,705455335			
470,5944353	3,713819794			
470,7611167	3,713819794			
470,9277981	3,715910909			
471,0944514	3,718002024			
471,2611328	3,722184253			
471,4277697	3,722184253			
471,5944508	3,718002024			
471,7611742	3,722184253			
471,9278831	3,722184253			
472,0945644	3,726366482			
472,2612431	3,730548712			
472,4278967	3,726366482			
472,5945781	3,724275368			
472,7612175	3,730548712			
472,9278989	3,732639827			
473,0946469	3,734730941			
473,2614397	3,730548712			
473,4280792	3,736822056			
473,5947606	3,741004286			
473,7614364	3,736822056			
473,9280928	3,741004286			
474,0947742	3,738913171			
474,2614136	3,741004286			
474,428095	3,741004286			
474,5947764	3,7430954			
474,761455	3,74727763			
474,9281306	3,749368745			
475,0947897	3,749368745			
475,2614294	3,749368745			
475,4281108	3,753550974			
475,5949283	3,751459859			
475,7616792	3,751459859			
475,928355	3,755642089			
476,0950142	3,761915433			
476,2616508	3,757733204			
476,4283322	3,755642089			
476,5950136	3,761915433			
476,7616894	3,761915433			
476,9283736	3,761915433			
477,0950522	3,766097663			
477,2617083	3,766097663			
477,4283481	3,766097663			
477,5950294	3,759824318			
477,7617108	3,770279892			
477,9283614	3,770279892			
478,0950428	3,766097663			
478,2617936	3,766097663			
478,4284333	3,774462122			
478,5951147	3,774462122			
478,7617933	3,774462122			
478,9284467	3,774462122			
479,0951281	3,774462122			
479,2618094	3,776553236			
479,4285603	3,780735466			
479,5952667	3,778644351			
479,7619897	3,782826581			
479,9286294	3,778644351			
480,0953108	3,780735466			
480,2619919	3,784917695			
480,4286428	3,789099925			
480,5953242	3,78700881			
480,7620333	3,78700881			
480,9287147	3,79119104			
481,0953681	3,793282154			
481,2620467	3,793282154			
481,4286864	3,793282154			
481,5953678	3,795373269			
481,7620492	3,797464384			
481,9287275	3,799555499			
482,0954089	3,795373269			
482,2620625	3,801646613			
482,4287439	3,803737728			
482,5953833	3,807919958			
482,7620647	3,805828843			
482,9287433	3,801646613			
483,0954247	3,807919958			
483,2621061	3,810011072			
483,4287594	3,805828843			
483,5954408	3,810011072			
483,7620778	3,812102187			
483,9287592	3,814193302			
484,0954403	3,812102187			
484,2622331	3,814193302			
484,4289811	3,818375531			
484,5956903	3,818375531			
484,7623439	3,818375531			
484,9289833	3,814193302			
485,0956647	3,822557761			
485,2623433	3,824648876			
485,4290219	3,82673999			
485,5957061	3,82673999			
485,7623872	3,82673999			
485,9290686	3,83092222			
486,0957444	3,82673999			
486,2624008	3,82673999			
486,4290403	3,83092222			
486,5957217	3,83092222			
486,7624725	3,835104449			
486,9292208	3,837195564			
487,0959661	3,839286679			
487,2627169	3,837195564			
487,4293761	3,835104449			
487,5960128	3,843468908			
487,7626942	3,841377794			
487,9293756	3,849742253			
488,0960514	3,851833367			
488,2627103	3,841377794			
488,4294864	3,847651138			
488,596165	3,847651138			
488,7628211	3,851833367			
488,9294608	3,851833367			
489,0961422	3,849742253			
489,2628236	3,849742253			
489,4294742	3,862288941			
489,5961556	3,858106712			
489,7627953	3,858106712			
489,9294767	3,862288941			
490,096155	3,864380056			
490,2628086	3,866471171			
490,42949	3,858106712			
490,5961297	3,862288941			
490,7628528	3,862288941			
490,9294894	3,866471171			
491,0961708	3,862288941			
491,2628522	3,872744515			
491,4295058	3,8706534			
491,5961869	3,8706534			
491,7628239	3,8706534			
491,9295747	3,8706534			
492,0962283	3,872744515			
492,2629097	3,876926744			
492,4295492	3,876926744			
492,5962306	3,87483563			
492,7629092	3,876926744			
492,9295628	3,876926744			
493,0963136	3,885291203			
493,2630644	3,881108974			
493,4298125	3,883200089			
493,5964522	3,887382318			
493,7631336	3,881108974			
493,929815	3,889473433			
494,0964961	3,889473433			
494,2631497	3,889473433			
494,4298283	3,887382318			
494,5965097	3,887382318			
494,7631492	3,887382318			
494,9298306	3,897837892			
495,0965092	3,897837892			
495,2631906	3,897837892			
495,4298439	3,897837892			
495,5965531	3,895746777			
495,7632986	3,897837892			
495,9300939	3,904111236			
496,0967975	3,904111236			
496,2634567	3,908293466			
496,4300961	3,906202351			
496,5967775	3,906202351			
496,7634561	3,904111236			
496,9301319	3,906202351			
497,0968828	3,91038458			
497,2636336	3,91456681			
497,4303178	3,912475695			
497,5969964	3,91038458			
497,7636528	3,91038458			
497,9302922	3,916657925			
498,0969736	3,925022384			
498,2636522	3,922931269			
498,4303753	3,922931269			
498,5971261	3,922931269			
498,7637658	3,922931269			
498,9304442	3,933386843			
499,0971256	3,931295728			
499,2638042	3,927113498			
499,4304606	3,927113498			
499,5972392	3,927113498			
499,7639206	3,935477957			
499,9305992	3,937569072			
500,0973222	3,935477957			
500,2639619	3,937569072			
500,4306431	3,935477957			
500,5973244	3,943842416			
500,7639753	3,941751302			
500,9306567	3,941751302			
501,0973381	3,941751302			
501,2640192	3,941751302			
501,4306589	3,941751302			
501,5973375	3,945933531			
501,7640189	3,950115761			
501,9306722	3,950115761			
502,0973536	3,945933531			
502,2639933	3,95429799			
502,4307136	3,950115761			
502,5973531	3,950115761			
502,7640344	3,95429799			
502,9307158	3,95429799			
503,0973694	3,95429799			
503,2640481	3,95848022			
503,4306875	3,956389105			
503,5973689	3,962662449			
503,7640503	3,962662449			
503,9307289	3,964753564			
504,0974103	3,964753564			
504,2640914	3,966844679			
504,4307728	3,968935793			
504,5974264	3,966844679			
504,7640631	3,973118023			
504,9307444	3,962662449			
505,0974258	3,971026908			
505,2641767	3,971026908			
505,4309278	3,971026908			
505,5976033	3,979391367			
505,7642597	3,979391367			
505,9308994	3,979391367			
506,0975806	3,977300252			
506,2642619	3,979391367			
506,4309406	3,979391367			
506,5976219	3,983573597			
506,7643033	3,983573597			
506,9309847	3,987755826			
507,0977356	3,987755826			
507,2644114	3,987755826			
507,4310675	3,989846941			
507,5977072	3,987755826			
507,7643886	3,989846941			
507,93107	3,989846941			
508,0977456	3,991938056			
508,2644967	3,99402917			
508,4311806	3,991938056			
508,5978619	3,99402917			
508,7645406	3,99402917			
508,9311942	3,9982114			
509,0978756	4,000302515			
509,264515	4,002393629			
509,4312381	4,002393629			
509,5979472	4,006575859			
509,7646258	4,006575859			
509,9312794	4,004484744			
510,0979608	4,008666974			
510,2646003	4,010758088			
510,4312817	4,008666974			
510,5979603	4,014940318			
510,7647111	4,010758088			
510,9314619	4,012849203			
511,098185	4,012849203			
511,2648914	4,014940318			
511,4316144	4,023304777			
511,5983236	4,027487006			
511,7649772	4,023304777			
511,9316586	4,023304777			
512,0982953	4,027487006			
512,2649767	4,027487006			
512,4316581	4,035851465			
512,5983394	4,029578121			
512,7650875	4,033760351			
512,9317689	4,035851465			
513,0985197	4,035851465			
513,2652428	4,031669236			
513,4319242	4,035851465			
513,5986056	4,033760351			
513,7653119	4,040033695			
513,9321044	4,044215924			
514,0988136	4,04212481			
514,265495	4,040033695			
514,4321458	4,044215924			
514,5988272	4,046307039			
514,7654667	4,044215924			
514,9321481	4,048398154			
515,0988294	4,048398154			
515,2655497	4,054671498			
515,4323006	4,052580383			
515,5989819	4,056762613			
515,7656217	4,054671498			
515,9323028	4,058853728			
516,0989814	4,054671498			
516,2656628	4,058853728			
516,4323164	4,058853728			
516,5989978	4,058853728			
516,7657042	4,060944842			
516,9323853	4,065127072			
517,0990694	4,063035957			
517,2657425	4,069309301			
517,4324017	4,065127072			
517,5990411	4,067218187			
517,7657197	4,071400416			
517,932465	4,075582646			
518,0991519	4,067218187			
518,2658333	4,069309301			
518,4325786	4,075582646			
518,599235	4,07767376			
518,7658747	4,07767376			
518,9325558	4,07767376			
519,0992372	4,07767376			
519,2659131	4,079764875			
519,4325694	4,083947105			
519,5992089	4,086038219			
519,7658903	4,083947105			
519,9325717	4,088129334			
520,0992225	4,086038219			
520,2659036	4,086038219			
520,4325433	4,092311564			
520,5992664	4,094402678			
520,7659061	4,094402678			
520,9325847	4,092311564			
521,0992658	4,096493793			
521,2659194	4,096493793			
521,4326008	4,096493793			
521,5992822	4,098584908			
521,7659886	4,100676023			
521,93267	4,102767137			
522,0993511	4,104858252			
522,2660325	4,104858252			
522,4327556	4,109040482			
522,5994619	4,106949367			
522,7662128	4,104858252			
522,9328664	4,106949367			
523,0995478	4,111131596			
523,2661847	4,115313826			
523,4328658	4,117404941			
523,5995472	4,111131596			
523,7662008	4,113222711			
523,93291	4,113222711			
524,0996331	4,119496055			
524,26627	4,117404941			
524,4329511	4,12158717			
524,5996325	4,1257694			
524,7662861	4,127860514			
524,9329647	4,1257694			
525,0997156	4,127860514			
525,2664247	4,132042744			
525,4331061	4,127860514			
525,5997594	4,132042744			
525,7664381	4,127860514			
525,9330778	4,132042744			
526,0997592	4,132042744			
526,2664406	4,134133859			
526,4331858	4,136224973			
526,5998419	4,138316088			
526,7665233	4,140407203			
526,9331631	4,140407203			
527,0998444	4,142498318			
527,26652	4,140407203			
527,4331764	4,144589432			
527,5998856	4,144589432			
527,7665669	4,132042744			
527,9332428	4,140407203			
528,0999019	4,146680547			
528,2665386	4,150862777			
528,43322	4,152953891			
528,5999014	4,159227236			
528,7666522	4,159227236			
528,9333281	4,16131835			
529,1000122	4,159227236			
529,2666878	4,159227236			
529,4333469	4,16131835			
529,5999867	4,159227236			
529,7666681	4,157136121			
529,9334856	4,159227236			
530,1003006	4,157136121			
530,2670514	4,157136121			
530,4337078	4,155045006			
530,6003472	4,16131835			
530,7670286	4,157136121			
530,93371	4,163409465			
531,1003636	4,16550058			
531,26707	4,163409465			
531,4337511	4,171773924			
531,6004325	4,16550058			
531,7671556	4,167591695			
531,9337953	4,167591695			
532,1004767	4,169682809			
532,267155	4,171773924			
532,4338086	4,171773924			
532,60049	4,175956154			
532,7671992	4,175956154			
532,9338806	4,180138383			
533,1005592	4,171773924			
533,2672403	4,173865039			
533,4339636	4,173865039			
533,6006447	4,178047268			
533,7673233	4,182229498			
533,9340325	4,178047268			
534,1007139	4,182229498			
534,2674647	4,182229498			
534,4342128	4,186411727			
534,6008664	4,190593957			
534,7675478	4,184320613			
534,9341875	4,192685071			
535,1008686	4,192685071			
535,26755	4,196867301			
535,4342703	4,192685071			
535,6009794	4,196867301			
535,7676608	4,198958416			
535,9343422	4,20104953			
536,1010208	4,20523176			
536,2676742	4,20523176			
536,4343556	4,20523176			
536,6009953	4,209413989			
536,7677461	4,209413989			
536,9344247	4,209413989			
537,1011478	4,209413989			
537,2678569	4,211505104			
537,4345106	4,211505104			
537,60115	4,217778448			
537,7678286	4,211505104			
537,93451	4,215687334			
538,1011886	4,217778448			
538,2678725	4,219869563			
538,4346875	4,219869563			
538,6013439	4,228234022			
538,7679833	4,224051793			
538,9346647	4,228234022			
539,1013461	4,226142907			
539,2680219	4,224051793			
539,4347061	4,232416252			
539,6013844	4,228234022			
539,7680408	4,232416252			
539,9346806	4,232416252			
540,1013619	4,236598481			
540,2680403	4,236598481			
540,4347189	4,236598481			
540,6014031	4,236598481			
540,7681261	4,240780711			
540,9349467	4,240780711			
541,1016531	4,240780711			
541,2683064	4,240780711			
541,4349878	4,24496294			
541,6016275	4,24914517			
541,7683089	4,24496294			
541,9349872	4,24914517			
542,1016686	4,251236284			
542,26835	4,24914517			
542,4350731	4,253327399			
542,6018211	4,24914517			
542,7684608	4,253327399			
542,9352117	4,253327399			
543,1019347	4,257509629			
543,2685744	4,261691858			
543,4352531	4,257509629			
543,6019344	4,259600743			
543,7685878	4,263782973			
543,9352692	4,263782973			
544,1019783	4,265874088			
544,2686986	4,261691858			
544,4354078	4,267965202			
544,6021586	4,267965202			
544,7688122	4,272147432			
544,9354936	4,272147432			
545,1021303	4,267965202			
545,2688144	4,272147432			
545,4354931	4,272147432			
545,6021467	4,272147432			
545,7689253	4,272147432			
545,9356039	4,276329661			
546,1022575	4,280511891			
546,2689386	4,276329661			
546,4355783	4,280511891			
546,6022569	4,282603006			
546,7689356	4,280511891			
546,9356614	4,286785235			
547,1024122	4,290967465			
547,2691214	4,28887635			
547,4357972	4,28887635			
547,6024533	4,28887635			
547,7691347	4,290967465			
547,9357744	4,295149694			
548,1024558	4,293058579			
548,2691789	4,295149694			
548,4358575	4,293058579			
548,6024969	4,297240809			
548,7691783	4,293058579			
548,9358542	4,297240809			
549,1025131	4,305605268			
549,26915	4,301423038			
549,4359008	4,305605268			
549,6026239	4,305605268			
549,7692636	4,303514153			
549,935945	4,305605268			
550,1026236	4,305605268			
550,2692992	4,307696383			
550,4359583	4,307696383			
550,6026675	4,307696383			
550,7694128	4,309787497			
550,9360692	4,307696383			
551,1027728	4,313969727			
551,2694597	4,311878612			
551,4361411	4,316060842			
551,6028222	4,309787497			
551,7694731	4,309787497			
551,9361544	4,320243071			
552,1027942	4,322334186			
552,2695422	4,320243071			
552,4361956	4,322334186			
552,6028769	4,322334186			
552,7695167	4,322334186			
552,9361981	4,322334186			
553,1028794	4,326516415			
553,26953	4,330698645			
553,4362392	4,324425301			
553,602915	4,324425301			
553,7695742	4,33278976			
553,9362136	4,32860753			
554,1028922	4,33278976			
554,2695736	4,334880874			
554,4362272	4,33278976			
554,6029364	4,336971989			
554,7696872	4,334880874			
554,9363658	4,336971989			
555,1030472	4,341154219			
555,2697006	4,33278976			
555,4363819	4,345336448			
555,6030217	4,345336448			
555,7697	4,345336448			
555,9363814	4,345336448			
556,1031325	4,347427563			
556,2698556	4,345336448			
556,4365339	4,349518678			
556,603285	4,353700907			
556,7699661	4,353700907			
556,9366058	4,349518678			
557,1032872	4,355792022			
557,2699631	4,357883137			
557,4366192	4,357883137			
557,6033006	4,357883137			
557,7700097	4,351609792			
557,9366856	4,357883137			
558,1033419	4,355792022			
558,2700233	4,364156481			
558,4366628	4,366247596			
558,6033442	4,36833871			
558,7700256	4,366247596			
558,9367736	4,370429825			
559,103455	4,36833871			
559,2701308	4,366247596			
559,4367897	4,370429825			
559,6034294	4,36833871			
559,7701081	4,37252094			
559,9367894	4,374612055			
560,1035125	4,380885399			
560,2701519	4,37252094			
560,4368306	4,374612055			
560,6035119	4,378794284			
560,7701906	4,376703169			
560,9368467	4,385067628			
561,1034864	4,380885399			
561,2702372	4,387158743			
561,4369575	4,387158743			
561,6035972	4,395523202			
561,7702786	4,389249858			
561,93696	4,397614317			
562,1036356	4,385067628			
562,2702919	4,393432087			
562,4370428	4,397614317			
562,6037464	4,401796546			
562,7704056	4,397614317			
562,9370453	4,399705432			
563,1037236	4,399705432			
563,270405	4,401796546			
563,4370808	4,401796546			
563,60374	4,403887661			
563,7704908	4,405978776			
563,9372389	4,405978776			
564,1040175	4,405978776			
564,2707686	4,41225212			
564,43745	4,410161005			
564,6041283	4,410161005			
564,7707819	4,414343235			
564,9374633	4,414343235			
565,1041028	4,418525464			
565,2707842	4,418525464			
565,4375044	4,418525464			
565,6042833	4,418525464			
565,7709647	4,422707694			
565,9376181	4,424798809			
566,1042967	4,418525464			
566,2709364	4,422707694			
566,4376175	4,426889923			
566,6042989	4,422707694			
566,7710917	4,428981038			
566,9378397	4,428981038			
567,1045211	4,428981038			
567,2711606	4,431072153			
567,4378419	4,433163268			
567,6045233	4,439436612			
567,7711769	4,437345497			
567,9379528	4,437345497			
568,1047036	4,439436612			
568,271385	4,439436612			
568,4380664	4,443618841			
568,604745	4,441527727			
568,7714958	4,447801071			
568,9381772	4,445709956			
569,1048586	4,449892186			
569,2716039	4,443618841			
569,43826	4,447801071			
569,6048997	4,449892186			
569,7715811	4,454074415			
569,9382625	4,454074415			
570,1049383	4,449892186			
570,2715944	4,454074415			
570,4382342	4,45616553			
570,6049156	4,458256645			
570,7715969	4,458256645			
570,9382725	4,45616553			
571,1049289	4,458256645			
571,2715686	4,462438874			
571,4383833	4,462438874			
571,6050703	4,462438874			
571,7717461	4,460347759			
571,9384025	4,466621104			
572,1050419	4,466621104			
572,2717233	4,470803333			
572,4384047	4,468712218			
572,6050581	4,468712218			
572,7717367	4,474985563			
572,9383764	4,474985563			
573,1050578	4,479167792			
573,2717392	4,481258907			
573,4383925	4,474985563			
573,6050711	4,474985563			
573,7718497	4,474985563			
573,9386703	4,474985563			
574,1053489	4,479167792			
574,2720719	4,483350022			
574,4387114	4,483350022			
574,6053928	4,487532251			
574,7720742	4,483350022			
574,938725	4,481258907			
575,1054064	4,485441136			
575,2720875	4,487532251			
575,4388386	4,485441136			
575,6056172	4,489623366			
575,7722958	4,483350022			
575,9389494	4,493805595			
576,1056306	4,491714481			
576,2722703	4,489623366			
576,4389517	4,491714481			
576,6056303	4,491714481			
576,7722836	4,491714481			
576,9389928	4,497987825			
577,1057439	4,497987825			
577,2723972	4,497987825			
577,4390758	4,49589671			
577,6057156	4,50007894			
577,7723967	4,510534513			
577,9390781	4,504261169			
578,1057317	4,504261169			
578,2725744	4,508443399			
578,4393697	4,504261169			
578,6060789	4,502170054			
578,7727603	4,506352284			
578,9395083	4,514716743			
579,1062314	4,516807858			
579,2729406	4,516807858			
579,4396219	4,518898972			
579,6062978	4,518898972			
579,7729567	4,523081202			
579,9396353	4,523081202			
580,106275	4,525172317			
580,2729564	4,527263431			
580,4396322	4,527263431			
580,6063161	4,527263431			
580,7731311	4,531445661			
580,9398181	4,529354546			
581,1064994	4,53562789			
581,2731806	4,533536776			
581,4398564	4,529354546			
581,6065128	4,53981012			
581,7731525	4,53981012			
581,9398756	4,53981012			
582,1066264	4,546083464			
582,27333	4,543992349			
582,4400142	4,53981012			
582,606765	4,546083464			
582,7735158	4,543992349			
582,9402139	4,548174579			
583,1068758	4,554447923			
583,2735292	4,550265694			
583,4402106	4,546083464			
583,6068503	4,546083464			
583,7735289	4,556539038			
583,94021	4,556539038			
584,1069611	4,552356808			
584,2736144	4,562812382			
584,4402958	4,560721267			
584,6069328	4,558630153			
584,7736142	4,554447923			
584,9402953	4,562812382			
585,1069489	4,566994612			
585,2736581	4,558630153			
585,4403783	4,560721267			
585,6070181	4,562812382			
585,7736994	4,566994612			
585,9403806	4,569085726			
586,1070342	4,566994612			
586,2737156	4,573267956			
586,4403525	4,573267956			
586,6070336	4,571176841			
586,773715	4,566994612			
586,9403686	4,575359071			
587,10705	4,573267956			
587,2736867	4,571176841			
587,4403681	4,575359071			
587,6070494	4,577450185			
587,7737031	4,58372353			
587,9403844	4,587905759			
588,1070211	4,585814644			
588,2737025	4,5795413			
588,4403839	4,58372353			
588,6071347	4,587905759			
588,773855	4,592087989			
588,9404947	4,585814644			
589,1071758	4,587905759			
589,2738572	4,592087989			
589,4405108	4,600452448			
589,6071506	4,592087989			
589,7738708	4,592087989			
589,9405519	4,598361333			
590,1071917	4,600452448			
590,2738731	4,594179103			
590,4405489	4,596270218			
590,607205	4,602543562			
590,7738447	4,604634677			
590,9405678	4,608816907			
591,1073464	4,598361333			
591,2740222	4,600452448			
591,4406786	4,606725792			
591,6073183	4,604634677			
591,7739994	4,606725792			
591,9406808	4,606725792			
592,1073567	4,61927248			
592,2740408	4,615090251			
592,4407639	4,608816907			
592,6074036	4,610908021			
592,7740847	4,615090251			
592,9407661	4,61927248			
593,1074169	4,61927248			
593,2740983	4,610908021			
593,4407378	4,615090251			
593,6074889	4,62345471			
593,7741672	4,627636939			
593,9408486	4,621363595			
594,1075022	4,627636939			
594,2741836	4,61927248			
594,4408231	4,627636939			
594,6075044	4,631819169			
594,7741831	4,633910284			
594,9408644	4,631819169			
595,1075458	4,631819169			
595,2741992	4,640183628			
595,4408778	4,636001398			
595,6075175	4,638092513			
595,7741989	4,636001398			
595,9409497	4,636001398			
596,1076728	4,642274743			
596,2743542	4,640183628			
596,4409908	4,640183628			
596,6076722	4,638092513			
596,7743536	4,644365857			
596,9410072	4,652730316			
597,1076883	4,646456972			
597,2743669	4,648548087			
597,4410483	4,656912546			
597,6076881	4,650639202			
597,7743694	4,652730316			
597,941045	4,652730316			
598,1077014	4,65900366			
598,2744078	4,654821431			
598,4412031	4,65900366			
598,6079542	4,656912546			
598,77473	4,66318589			
598,9414808	4,66318589			
599,1081622	4,661094775			
599,2748158	4,66318589			
599,4414972	4,661094775			
599,6081339	4,667368119			
599,7748153	4,669459234			
599,9415383	4,671550349			
600,1082475	4,667368119			
600,2749261	4,675732578			
600,4416075	4,675732578			
600,6082608	4,671550349			
600,7749006	4,675732578			
600,9415819	4,675732578			
601,1082633	4,675732578			
601,2749389	4,679914808			
601,4415953	4,682005923			
601,608235	4,679914808			
601,7749164	4,682005923			
601,9415975	4,684097037			
602,1082733	4,686188152			
602,2749575	4,686188152			
602,4416333	4,690370382			
602,6082925	4,684097037			
602,7749319	4,684097037			
602,9416106	4,690370382			
603,1082919	4,696643726			
603,2750178	4,688279267			
603,4416547	4,694552611			
603,6083358	4,698734841			
603,7750144	4,700825955			
603,9416681	4,696643726			
604,1083494	4,696643726			
604,2749889	4,700825955			
604,4417119	4,696643726			
604,6084881	4,698734841			
604,7752389	4,70291707			
604,9420592	4,713372644			
605,1087406	4,713372644			
605,2754192	4,715463759			
605,4421006	4,70291707			
605,6087542	4,7070993			
605,7754353	4,713372644			
605,942075	4,717554873			
606,1087953	4,713372644			
606,2755239	4,709190414			
606,4421858	4,717554873			
606,6088394	4,721737103			
606,7755206	4,721737103			
606,9421603	4,717554873			
607,1088389	4,723828218			
607,2755203	4,723828218			
607,4422017	4,725919332			
607,6088772	4,730101562			
607,7755364	4,730101562			
607,942215	4,725919332			
608,1088547	4,728010447			
608,2755358	4,736374906			
608,4422172	4,736374906			
608,6089681	4,734283791			
608,7757164	4,725919332			
608,9423975	4,732192677			
609,1090789	4,736374906			
609,2757325	4,740557136			
609,4424111	4,736374906			
609,6090506	4,740557136			
609,7757319	4,74264825			
609,942455	4,748921595			
610,1091364	4,74683048			
610,2757761	4,748921595			
610,4424547	4,744739365			
610,6091303	4,744739365			
610,7757894	4,755194939			
610,9424292	4,753103824			
611,10918	4,755194939			
611,2759281	4,744739365			
611,4426789	4,753103824			
611,6093547	4,757286054			
611,7760139	4,757286054			
611,9426506	4,74683048			
612,1093319	4,761468283			
612,2760133	4,761468283			
612,4426892	4,761468283			
612,6093761	4,761468283			
612,7760517	4,757286054			
612,9427081	4,765650513			
613,1093478	4,765650513			
613,2760292	4,767741627			
613,4427103	4,763559398			
613,6093639	4,765650513			
613,7760425	4,769832742			
613,9427933	4,774014972			
614,1095025	4,774014972			
614,2762506	4,776106086			
614,4429319	4,771923857			
614,6095856	4,774014972			
614,7762669	4,776106086			
614,9429064	4,776106086			
615,1095878	4,780288316			
615,2762664	4,788652775			
615,44292	4,784470545			
615,6096292	4,788652775			
615,7763103	4,776106086			
615,9429917	4,788652775			
616,1096703	4,788652775			
616,2763517	4,79074389			
616,4430053	4,788652775			
616,6096864	4,788652775			
616,7763261	4,792835004			
616,9430742	4,79074389			
617,109825	4,794926119			
617,2765483	4,792835004			
617,4432294	4,792835004			
617,6099081	4,799108349			
617,7765478	4,803290578			
617,9432292	4,805381693			
618,1099103	4,799108349			
618,2765639	4,801199463			
618,4432731	4,809563922			
618,6100211	4,809563922			
618,7767025	4,809563922			
618,9433839	4,809563922			
619,1100375	4,807472808			
619,2767158	4,815837267			
619,4433556	4,815837267			
619,6100369	4,815837267			
619,7767878	4,813746152			
619,9435108	4,817928381			
620,1102589	4,817928381			
620,27701	4,817928381			
620,4437608	4,822110611			
620,6105117	4,809563922			
620,7771486	4,822110611			
620,9438297	4,822110611			
621,1105111	4,822110611			
621,2771869	4,83047507			
621,4438461	4,83047507			
621,6105497	4,824201726			
621,7772058	4,82629284			
621,9438456	4,832566185			
622,1105269	4,834657299			
622,2772083	4,83047507			
622,4438589	4,832566185			
622,6105403	4,832566185			
622,7772911	4,838839529			
622,94407	4,838839529			
623,1107458	4,83047507			
623,2774019	4,836748414			
623,4440417	4,843021758			
623,6107231	4,847203988			
623,7774042	4,838839529			
623,9440578	4,840930644			
624,1107642	4,847203988			
624,2774178	4,849295103			
624,4440992	4,849295103			
624,6107386	4,855568447			
624,77742	4,847203988			
624,9441014	4,849295103			
625,1108494	4,851386217			
625,2775725	4,855568447			
625,4442122	4,849295103			
625,6108936	4,855568447			
625,7775719	4,861841791			
625,9442256	4,863932906			
626,1109069	4,855568447			
626,2775467	4,861841791			
626,4442975	4,868115135			
626,6110456	4,87020625			
626,7777964	4,87020625			
626,9445472	4,868115135			
627,1112008	4,866024021			
627,2778822	4,87020625			
627,4445189	4,868115135			
627,6112003	4,878570709			
627,7778817	4,87438848			
627,9445353	4,876479594			
628,1113111	4,878570709			
628,2780342	4,882752939			
628,4447433	4,880661824			
628,6113969	4,884844053			
628,7780783	4,87438848			
628,944715	4,880661824			
629,1113964	4,882752939			
629,2780778	4,884844053			
629,4447592	4,886935168			
629,61151	4,891117398			
629,7781886	4,886935168			
629,9449367	4,891117398			
630,1116903	4,882752939			
630,2783717	4,889026283			
630,4450503	4,895299627			
630,6118011	4,891117398			
630,7785492	4,891117398			
630,9452333	4,895299627			
631,1119147	4,899481857			
631,278635	4,899481857			
631,4452747	4,901572971			
631,6119558	4,903664086			
631,7786317	4,901572971			
631,9452908	4,903664086			
632,1119278	4,907846316			
632,2786089	4,90993743			
632,4452903	4,90993743			
632,6119661	4,90993743			
632,7786253	4,912028545			
632,9452619	4,91411966			
633,1119433	4,907846316			
633,2786247	4,916210775			
633,4454397	4,918301889			
633,6121264	4,91411966			
633,7787772	4,91411966			
633,9454586	4,916210775			
634,1120983	4,924575234			
634,2787794	4,922484119			
634,4454608	4,926666348			
634,6121144	4,928757463			
634,7789319	4,926666348			
634,9455717	4,918301889			
635,1122531	4,922484119			
635,2789344	4,928757463			
635,445585	4,930848578			
635,6122664	4,935030807			
635,7789061	4,935030807			
635,9456292	4,928757463			
636,1123356	4,932939693			
636,2790586	4,939213037			
636,4457678	4,939213037			
636,6124214	4,930848578			
636,7791025	4,930848578			
636,9457422	4,939213037			
637,1124208	4,943395266			
637,2791022	4,932939693			
637,4458253	4,941304152			
637,6124647	4,943395266			
637,7791433	4,947577496			
637,9458247	4,939213037			
638,1124783	4,947577496			
638,2791594	4,951759725			
638,4457992	4,949668611			
638,6125222	4,947577496			
638,7791592	4,951759725			
638,9458822	4,955941955			
639,1125217	4,951759725			
639,2792031	4,95385084			
639,4458817	4,955941955			
639,6125353	4,962215299			
639,7792167	4,960124184			
639,9458561	4,955941955			
640,1126767	4,960124184			
640,2793997	4,962215299			
640,4461061	4,966397529			
640,6128292	4,966397529			
640,7794686	4,962215299			
640,94615	4,970579758			
641,1128286	4,976853102			
641,2794822	4,974761988			
641,4461217	4,966397529			
641,6128031	4,974761988			
641,7795958	4,978944217			
641,9463717	4,983126447			
642,1130947	4,974761988			
642,2797344	4,976853102			
642,4464156	4,983126447			
642,6130969	4,983126447			
642,7797728	4,974761988			
642,9464292	4,978944217			
643,1131383	4,985217561			
643,2798197	4,987308676			
643,4464953	4,978944217			
643,6131517	4,989399791			
643,7797914	4,991490906			
643,9464728	4,99358202			
644,1131539	4,991490906			
644,2798353	4,989399791			
644,4465139	4,995673135			
644,6131675	5,001946479			
644,7798489	4,991490906			
644,9464883	4,995673135			
645,1131669	4,99776425			
645,2798483	5,004037594			
645,4465714	5,004037594			
645,6132528	5,004037594			
645,7799342	5,001946479			
645,9465708	5,008219824			
646,1132522	5,006128709			
646,2799336	4,999855365			
646,4465872	5,010310938			
646,6132964	5,008219824			
646,7800444	5,010310938			
646,9466978	5,014493168			
647,1133792	5,018675397			
647,2800189	5,014493168			
647,4467003	5,008219824			
647,6133789	5,016584283			
647,78006	5,020766512			
647,9467831	5,018675397			
648,1134922	5,016584283			
648,2801708	5,016584283			
648,4468522	5,027039856			
648,6135058	5,029130971			
648,7801872	5,020766512			
648,9468267	5,022857627			
649,1135497	5,031222086			
649,2802283	5,031222086			
649,4469097	5,035404315			
649,6135492	5,029130971			
649,7802306	5,029130971			
649,9469119	5,031222086			
650,1135628	5,033313201			
650,2802442	5,033313201			
650,4468836	5,039586545			
650,613565	5,035404315			
650,7802464	5,039586545			
650,9468972	5,035404315			
651,1135783	5,04167766			
651,2802181	5,047951004			
651,4468994	5,047951004			
651,6136197	5,043768774			
651,7803706	5,043768774			
651,9470797	5,052133233			
652,1138306	5,050042119			
652,2805119	5,056315463			
652,4473297	5,052133233			
652,614075	5,056315463			
652,7807619	5,054224348			
652,9474433	5,052133233			
653,1141217	5,056315463			
653,2808003	5,058406578			
653,4474567	5,056315463			
653,6140961	5,058406578			
653,7807775	5,058406578			
653,9475228	5,064679922			
654,1141792	5,060497692			
654,2808189	5,068862151			
654,4475003	5,062588807			
654,6141814	5,070953266			
654,7808572	5,068862151			
654,9476081	5,068862151			
655,1142922	5,07722661			
655,2809736	5,07722661			
655,4476522	5,068862151			
655,6143058	5,075135496			
655,7809872	5,08140884			
655,9476267	5,083499955			
656,1143081	5,087682184			
656,2809867	5,085591069			
656,4477375	5,089773299			
656,6144883	5,089773299			
656,7812392	5,079317725			
656,9479875	5,085591069			
657,1146408	5,089773299			
657,2813222	5,089773299			
657,4479619	5,091864414			
657,6146433	5,093955528			
657,7813217	5,098137758			
657,9480031	5,091864414			
658,1146844	5,091864414			
658,2813381	5,098137758			
658,4480194	5,102319987			
658,6146589	5,104411102			
658,7813375	5,096046643			
658,9480189	5,098137758			
659,1147697	5,106502217			
659,2815206	5,102319987			
659,4482686	5,108593332			
659,6149222	5,110684446			
659,7816036	5,112775561			
659,9482431	5,112775561			
660,1149244	5,116957791			
660,2816031	5,116957791			
660,4482567	5,12114002			
660,6149658	5,106502217			
660,7816194	5,114866676			
660,9483006	5,116957791			
661,1149375	5,12114002			
661,2816189	5,119048905			
661,4483003	5,12114002			
661,6149536	5,125322249			
661,7817325	5,123231135			
661,9484108	5,116957791			
662,1150644	5,125322249			
662,2817458	5,129504479			
662,4483856	5,125322249			
662,6150667	5,125322249			
662,7817425	5,129504479			
662,9484683	5,131595594			
663,1151081	5,129504479			
663,2818589	5,133686708			
663,4485792	5,135777823			
663,6152883	5,133686708			
663,7819642	5,135777823			
663,9486233	5,135777823			
664,1152628	5,135777823			
664,2819442	5,137868938			
664,4486228	5,144142282			
664,6152986	5,150415626			
664,7820494	5,144142282			
664,9487086	5,146233397			
665,1153453	5,146233397			
665,2820267	5,154597856			
665,4487081	5,148324512			
665,6153839	5,146233397			
665,7820428	5,156688971			
665,9486797	5,156688971			
666,1153611	5,154597856			
666,2820425	5,148324512			
666,4487183	5,156688971			
666,6153772	5,1608712			
666,7820142	5,162962315			
666,948765	5,1608712			
667,1154881	5,16505343			
667,2822389	5,16505343			
667,4489203	5,169235659			
667,6155989	5,162962315			
667,7822386	5,162962315			
667,9489197	5,171326774			
668,1156011	5,173417889			
668,2822769	5,16505343			
668,4489611	5,169235659			
668,6156842	5,173417889			
668,7823239	5,177600118			
668,949005	5,171326774			
669,1156864	5,173417889			
669,2823372	5,181782348			
669,4490186	5,181782348			
669,6157	5,173417889			
669,7824508	5,173417889			
669,9491322	5,181782348			
670,1157689	5,190146807			
670,2824503	5,185964577			
670,4491317	5,185964577			
670,6157853	5,185964577			
670,7824914	5,192237921			
670,9491728	5,194329036			
671,1158542	5,190146807			
671,2825114	5,194329036			
671,4491872	5,198511266			
671,6158436	5,198511266			
671,7824831	5,196420151			
671,9492061	5,194329036			
672,1159097	5,190146807			
672,2825939	5,196420151			
672,4492725	5,194329036			
672,6159289	5,194329036			
672,7825683	5,20060238			
672,9492497	5,198511266			
673,1159311	5,198511266			
673,2826069	5,20060238			
673,4492911	5,20478461			
673,6161058	5,206875725			
673,7828622	5,206875725			
673,9496106	5,206875725			
674,1162917	5,211057954			
674,2829453	5,211057954			
674,4496267	5,217331298			
674,6162636	5,211057954			
674,7829447	5,219422413			
674,9496261	5,208966839			
675,1163492	5,213149069			
675,2831003	5,217331298			
675,4497369	5,221513528			
675,6164183	5,221513528			
675,7830997	5,217331298			
675,9497531	5,221513528			
676,1164344	5,221513528			
676,2830742	5,223604643			
676,4497528	5,225695757			
676,6164981	5,221513528			
676,7832267	5,225695757			
676,9499081	5,227786872			
677,1165447	5,227786872			
677,2832958	5,229877987			
677,464075	5,227786872			
677,5802089	5,229877987			
677,74689	5,227786872			
677,9135714	5,234060216			
678,0802472	5,225695757			
678,2469036	5,236151331			
678,4135431	5,24451579			
678,5802244	5,242424675			
678,7469058	5,250789134			
678,9135567	5,246606905			
679,0803075	5,246606905			
679,2469889	5,250789134			
679,4136283	5,259153593			
679,5803097	5,254971364			
679,7469883	5,259153593			
679,9137114	5,259153593			
680,0803511	5,259153593			
680,2470325	5,259153593			
680,4137136	5,263335823			
680,5803672	5,259153593			
680,7470458	5,259153593			
680,913755	5,263335823			
681,0804364	5,263335823			
681,2470897	5,267518052			
681,4137711	5,271700282			
681,5804081	5,267518052			
681,7470894	5,267518052			
681,9137706	5,271700282			
682,0804242	5,271700282			
682,2471306	5,275882511			
682,4138119	5,275882511			
682,5804933	5,275882511			
682,7471469	5,277973626			
682,9138281	5,280064741			
683,080465	5,275882511			
683,2471464	5,273791397			
683,4138278	5,280064741			
683,5804811	5,28424697			
683,7471625	5,286338085			
683,9137994	5,290520315			
684,0804808	5,282155856			
684,2472317	5,280064741			
684,4139131	5,28424697			
684,5805664	5,290520315			
684,747245	5,296793659			
684,9138847	5,292611429			
685,0805661	5,294702544			
685,2472417	5,296793659			
685,4139008	5,303067003			
685,5805794	5,303067003			
685,7472192	5,294702544			
685,9139003	5,298884774			
686,0805761	5,300975888			
686,2472353	5,303067003			
686,4138719	5,309340347			
686,5805561	5,311431462			
686,7472347	5,303067003			
686,9139106	5,303067003			
687,0805697	5,313522577			
687,2472064	5,315613692			
687,4138906	5,311431462			
687,5806386	5,311431462			
687,74732	5,313522577			
687,9139958	5,319795921			
688,080655	5,317704806			
688,2472917	5,319795921			
688,4139731	5,321887036			
688,5806544	5,319795921			
688,7473358	5,319795921			
688,9140144	5,326069265			
689,0806678	5,33234261			
689,2473769	5,321887036			
689,4140583	5,319795921			
689,5807397	5,326069265			
689,7474628	5,32816038			
689,9140997	5,33234261			
690,0807808	5,33234261			
690,2474622	5,336524839			
690,4141381	5,334433724			
690,5807944	5,334433724			
690,7474339	5,338615954			
690,9141153	5,334433724			
691,0808383	5,338615954			
691,2475197	5,342798183			
691,4141594	5,336524839			
691,5808381	5,340707069			
691,7475192	5,344889298			
691,9141728	5,340707069			
692,0808542	5,342798183			
692,2474936	5,344889298			
692,4141722	5,349071528			
692,5808536	5,349071528			
692,747535	5,351162642			
692,9142581	5,346980413			
693,0809644	5,344889298			
693,2476458	5,351162642			
693,4143272	5,357435987			
693,5809806	5,355344872			
693,7477317	5,363709331			
693,91441	5,361618216			
694,0810914	5,355344872			
694,2477728	5,359527101			
694,4144819	5,363709331			
694,5812328	5,36789156			
694,7479114	5,365800446			
694,9146622	5,36789156			
695,0813436	5,36789156			
695,248025	5,369982675			
695,4147731	5,37207379			
695,5815239	5,369982675			
695,7482053	5,376256019			
695,9148811	5,365800446			
696,0815403	5,36789156			
696,2482186	5,37207379			
696,4149	5,369982675			
696,5815397	5,359527101			
696,7482211	5,36789156			
696,9148997	5,369982675			
697,0815781	5,37207379			
697,2482344	5,376256019			
697,4149436	5,374164905			
697,581625	5,382529364			
697,7483731	5,378347134			
697,9151239	5,378347134			
698,0817997	5,382529364			
698,2485506	5,380438249			
698,4153069	5,378347134			
698,5819856	5,384620478			
698,7486669	5,384620478			
698,9153483	5,390893823			
699,0820714	5,386711593			
699,2487083	5,388802708			
699,4154314	5,392984937			
699,5821125	5,401349396			
699,7487939	5,392984937			
699,9154336	5,397167167			
700,082115	5,401349396			
700,2487936	5,399258282			
700,4154469	5,395076052			
700,5821283	5,401349396			
700,7488097	5,399258282			
700,9154883	5,401349396			
701,0821278	5,403440511			
701,2488092	5,405531626			
701,4154906	5,407622741			
701,5821442	5,413896085			
701,7488228	5,4159872			
701,9154622	5,418078314			
702,0822131	5,418078314			
702,2488944	5,418078314			
702,4155758	5,422260544			
702,5822267	5,422260544			
702,7489081	5,424351659			
702,9155475	5,424351659			
703,0822289	5,422260544			
703,2489575	5,424351659			
703,4155889	5,428533888			
703,5823119	5,428533888			
703,7490628	5,432716118			
703,9157442	5,430625003			
704,0823808	5,426442773			
704,2490622	5,432716118			
704,4157436	5,436898347			
704,5823972	5,441080577			
704,7491064	5,436898347			
704,9158267	5,445262806			
705,0824661	5,443171691			
705,2491475	5,432716118			
705,4158289	5,441080577			
705,5824825	5,443171691			
705,7491636	5,443171691			
705,91587	5,441080577			
706,0826211	5,443171691			
706,2493022	5,45153615			
706,4159836	5,453627265			
706,5826594	5,449445036			
706,7493158	5,447353921			
706,9159553	5,449445036			
707,0826367	5,453627265			
707,2493181	5,45571838			
707,4159939	5,459900609			
707,5826503	5,459900609			
707,7492897	5,457809495			
707,9159711	5,461991724			
708,0826525	5,464082839			
708,2493283	5,457809495			
708,4160792	5,459900609			
708,5827633	5,466173954			
708,7494447	5,468265068			
708,9161258	5,466173954			
709,0828017	5,466173954			
709,2494581	5,470356183			
709,4160978	5,476629527			
709,5827789	5,472447298			
709,7495717	5,478720642			
709,9163475	5,472447298			
710,0830706	5,478720642			
710,2497797	5,478720642			
710,4165028	5,484993986			
710,5832119	5,482902872			
710,7498906	5,474538413			
710,9165719	5,480811757			
711,0832256	5,487085101			
711,2499067	5,487085101			
711,4165436	5,484993986			
711,583225	5,484993986			
711,7500175	5,491267331			
711,9167267	5,491267331			
712,0834081	5,484993986			
712,2500617	5,487085101			
712,4167403	5,493358445			
712,5833797	5,49963179			
712,7500611	5,491267331			
712,9167425	5,501722904			
713,0834211	5,49963179			
713,2501022	5,49963179			
713,4167558	5,501722904			
713,5834372	5,497540675			
713,7500769	5,505905134			
713,9167581	5,507996249			
714,0834783	5,505905134			
714,2502294	5,503814019			
714,4169386	5,510087363			
714,5835919	5,514269593			
714,7502706	5,514269593			
714,9169103	5,516360708			
715,0835917	5,507996249			
715,2502728	5,518451822			
715,4170239	5,516360708			
715,5836772	5,518451822			
715,7503586	5,518451822			
715,9169956	5,520542937			
716,0836769	5,520542937			
716,2503525	5,520542937			
716,4170089	5,520542937			
716,5837181	5,526816281			
716,7503717	5,522634052			
716,9170111	5,526816281			
717,0836925	5,530998511			
717,2503739	5,533089626			
717,4170497	5,524725167			
717,5837061	5,533089626			
717,7503872	5,543545199			
717,9170269	5,530998511			
718,0837083	5,53936297			
718,2503842	5,541454085			
718,4170403	5,537271855			
718,58368	5,53518074			
718,7504031	5,53936297			
718,9170428	5,543545199			
719,0837211	5,53936297			
719,2504025	5,53936297			
719,4170783	5,543545199			
719,5837375	5,551909658			
719,7503742	5,547727429			
719,9171947	5,547727429			
720,0839456	5,551909658			
720,2506964	5,556091888			
720,417375	5,556091888			
720,5543275	5,549818544			
720,5557183	5,551909658			
720,5571064	5,545636314			
720,5584947	5,547727429			
720,5598856	5,549818544			
