BAM 5.2 Vh5205_C-98.LIS						
------------------------------------						
ENTRY	SYMBOL	UNIT		* Information common to all tests		
Date of test start			23.5.23 9:14 AM			
Test ID			Vh5205_C-98			
Test standard			DIN EN ISO 204:2019-4	*		
Specified temperature	T	°C	980	*		
Type of loading			Tension	*		
Initial stress	Ro	MPa	170			
Material Identifier			CMSX-6	*		
Manufacturing process description as-tested material			Single Crystal Investment Casting from a Vacuum Induction Refined Ingot and subsequent Heat Treatment (annealed and aged).	*		
Single crystal orientation 		°	7			
Test piece type I			Specimen according to DIN EN ISO 204:2019-4	*		
Test piece type II			Round cross section	*		
Test piece type III			Smooth test piece	*		
Sensor type - Contacting method			High-Temperature Axial Extensometer	*		
Measurement set-up			One-sided	*		
Minimum test piece diameter at room temperature	D	mm	5.99			
Reference length to calculate percentage elongations	Lr = Lo	mm	24.0			
Reference length to calculate percentage extensions	Lr = Le	mm	22.9			
Heating time		h	1.43			
Soak time		h	2.69			
Test duration	t	h	484			
Creep rupture time	tu	h	484			
Percentage elongation after creep fracture	Au	%	26			
Percentage reduction of area after creep fracture	Zu	%	56			
Percentage total extension	et	%	26.700			
Percentage initial total extension	eti	%	0.202			
Percentage elastic extension	ee	%	0.202			
Percentage initial plastic extension	ei	%	0			
Percentage plastic extension	ep	%	26.500			
Percentage creep extension	ef	%	26.500			
						
						
[data]						
Elapsed time from end of loading	Percentage creep extension	Corrected measured temperature - Top	Corrected measured temperature - Middle	Corrected measured temperature - Bottom		
t	ef	Tc	Tc	Tc		
h	%	°C	°C	°C		
0.0000	0.0000	978.8	979.3	979.2		
0.0014	0.0184	978.9	979.3	979.1		
0.0026	0.0175	979.1	979.4	979.2		
0.0040	0.0197	979.1	979.5	979.3		
0.0054	0.0188	979.1	979.6	979.4		
0.0068	0.0153	979.1	979.6	979.6		
0.0082	0.0127	979.0	979.7	979.8		
0.0096	0.0162	979.0	979.8	980.0		
0.0109	0.0179	979.0	979.9	980.1		
0.0123	0.0192	978.9	979.8	980.3		
0.0137	0.0166	978.9	979.9	980.4		
0.0151	0.0149	978.8	980.0	980.4		
0.0165	0.0109	978.8	980.0	980.5		
0.0179	0.0131	978.7	980.1	980.5		
0.0193	0.0236	978.7	980.0	980.5		
0.0359	0.0223	978.6	979.9	980.3		
0.0526	0.0153	979.2	980.3	980.6		
0.0693	0.0214	979.0	980.2	980.5		
0.0859	0.0236	979.0	980.2	980.7		
0.1026	0.0236	979.0	980.3	980.7		
0.1193	0.0219	979.1	980.3	980.7		
0.1359	0.0240	979.1	980.3	980.8		
0.1526	0.0210	979.1	980.4	980.8		
0.1693	0.0258	979.1	980.4	980.8		
0.1859	0.0232	979.1	980.4	980.9		
0.2026	0.0245	979.1	980.4	980.9		
0.2193	0.0258	979.2	980.4	980.9		
0.2359	0.0245	979.1	980.3	980.8		
0.2526	0.0245	979.1	980.3	980.8		
0.2859	0.0297	979.2	980.3	980.8		
0.3193	0.0297	979.2	980.5	980.8		
0.3526	0.0232	979.1	980.4	980.8		
0.3859	0.0271	979.1	980.4	980.8		
0.4193	0.0166	979.1	980.4	980.9		
0.4526	0.0267	979.1	980.4	980.9		
0.4859	0.0227	979.5	980.7	981.0		
0.5193	0.0232	979.5	980.7	981.0		
0.5526	0.0297	980.0	980.9	981.2		
0.5859	0.0289	979.3	980.5	980.9		
0.6193	0.0376	979.5	980.6	980.9		
0.6526	0.0411	979.6	980.7	981.0		
0.6859	0.0315	979.5	980.6	980.9		
0.7193	0.0201	979.6	980.7	980.9		
0.7526	0.0262	979.7	980.8	981.1		
0.7859	0.0393	979.8	980.8	981.1		
0.8193	0.0323	979.7	980.8	981.0		
0.8526	0.0402	979.6	980.8	981.1		
0.8859	0.0328	979.7	980.8	981.1		
0.9193	0.0293	979.6	980.8	981.1		
0.9526	0.0350	979.6	980.7	981.1		
0.9859	0.0341	979.7	980.7	981.1		
1.0193	0.0385	979.6	980.7	981.2		
1.0526	0.0297	979.6	980.7	981.1		
1.0859	0.0398	979.5	980.7	981.0		
1.1193	0.0363	979.6	980.7	981.1		
1.1526	0.0363	979.7	980.8	981.2		
1.1859	0.0415	979.6	980.7	981.1		
1.2193	0.0380	979.6	980.7	981.1		
1.2526	0.0354	979.6	980.6	981.1		
1.2859	0.0297	979.9	980.9	981.1		
1.3193	0.0385	979.8	980.8	981.2		
1.3526	0.0337	979.8	980.8	981.1		
1.3859	0.0363	979.6	980.6	981.0		
1.4193	0.0389	979.6	980.8	981.1		
1.4526	0.0402	979.6	980.7	981.0		
1.4859	0.0415	979.6	980.7	981.1		
1.5193	0.0472	979.5	980.7	981.0		
1.5526	0.0411	979.7	980.8	981.2		
1.5859	0.0490	980.2	981.0	981.2		
1.6193	0.0380	979.8	980.9	981.2		
1.6526	0.0411	979.6	980.7	981.1		
1.6859	0.0363	979.7	980.7	981.1		
1.7193	0.0363	979.5	980.7	981.1		
1.7526	0.0367	979.9	980.9	981.2		
1.7859	0.0468	979.7	980.8	981.2		
1.8193	0.0433	979.5	980.7	981.1		
1.8526	0.0402	979.6	980.7	981.1		
1.8859	0.0407	979.6	980.7	981.0		
1.9193	0.0450	979.5	980.7	981.1		
1.9526	0.0459	979.5	980.6	981.0		
1.9859	0.0468	979.5	980.7	981.1		
2.0193	0.0520	979.4	980.6	981.0		
2.0526	0.0420	979.4	980.6	980.9		
2.0859	0.0407	979.3	980.6	981.0		
2.1193	0.0415	979.1	980.5	981.0		
2.1526	0.0503	979.5	980.7	981.1		
2.1859	0.0415	979.6	980.7	981.1		
2.2193	0.0450	979.6	980.8	981.2		
2.2526	0.0490	979.6	980.7	981.1		
2.2859	0.0468	979.5	980.7	981.1		
2.3193	0.0468	979.5	980.6	981.0		
2.3526	0.0494	979.5	980.6	981.0		
2.3859	0.0446	979.5	980.6	981.1		
2.4193	0.0455	979.4	980.7	981.1		
2.4526	0.0446	979.6	980.7	981.2		
2.4859	0.0450	979.6	980.7	981.2		
2.5193	0.0538	979.5	980.6	981.1		
2.5526	0.0476	979.6	980.7	981.1		
2.5859	0.0533	979.6	980.7	981.1		
2.6193	0.0472	979.6	980.7	981.2		
2.6526	0.0420	979.5	980.6	981.1		
2.6859	0.0581	979.4	980.6	981.1		
2.7193	0.0560	979.5	980.6	981.1		
2.7526	0.0463	979.6	980.7	981.2		
2.7859	0.0481	979.5	980.6	981.1		
2.8193	0.0446	979.6	980.7	981.1		
2.8526	0.0511	979.6	980.7	981.1		
2.8859	0.0546	979.6	980.6	981.1		
2.9193	0.0503	979.5	980.7	981.0		
2.9526	0.0520	979.5	980.7	981.1		
2.9859	0.0568	979.8	981.2	981.9		
3.0193	0.0542	979.7	980.9	981.5		
3.0526	0.0503	979.5	980.7	981.1		
3.0859	0.0511	979.2	980.3	980.6		
3.1193	0.0507	979.1	980.0	980.3		
3.1526	0.0612	979.4	980.1	980.3		
3.1859	0.0564	979.4	980.2	980.4		
3.2193	0.0546	979.3	980.1	980.3		
3.2526	0.0599	979.2	980.1	980.4		
3.2859	0.0485	979.1	980.1	980.4		
3.3193	0.0481	979.1	980.1	980.4		
3.3526	0.0638	979.1	980.1	980.4		
3.3859	0.0481	979.0	980.0	980.3		
3.4193	0.0560	978.9	980.0	980.3		
3.4526	0.0586	979.6	980.4	980.5		
3.4859	0.0542	979.3	980.1	980.3		
3.5193	0.0542	979.0	979.9	980.2		
3.5526	0.0577	979.1	980.1	980.4		
3.5859	0.0634	979.3	980.1	980.4		
3.6193	0.0538	979.3	980.2	980.4		
3.6526	0.0511	979.2	980.1	980.4		
3.6859	0.0490	979.2	980.1	980.4		
3.7193	0.0608	979.2	980.1	980.3		
3.7526	0.0573	979.1	980.1	980.3		
3.7859	0.0573	979.2	980.2	980.4		
3.8193	0.0542	979.1	980.1	980.3		
3.8526	0.0564	979.1	980.0	980.3		
3.8859	0.0516	979.0	980.0	980.3		
3.9193	0.0516	979.1	980.0	980.3		
3.9526	0.0634	979.1	980.1	980.3		
3.9859	0.0555	979.2	980.2	980.3		
4.0193	0.0573	979.3	980.2	980.4		
4.0526	0.0538	979.2	980.1	980.4		
4.0859	0.0542	979.2	980.2	980.5		
4.1193	0.0599	979.2	980.1	980.4		
4.1526	0.0568	979.2	980.1	980.4		
4.1859	0.0529	979.1	980.1	980.4		
4.2193	0.0560	979.1	980.1	980.3		
4.2526	0.0586	979.1	980.0	980.3		
4.2859	0.0595	979.2	980.0	980.3		
4.3193	0.0573	979.0	980.0	980.2		
4.3526	0.0616	979.2	980.1	980.5		
4.3859	0.0586	979.2	980.1	980.4		
4.4193	0.0621	979.2	980.2	980.6		
4.4526	0.0599	979.1	980.1	980.4		
4.4859	0.0629	979.1	980.1	980.4		
4.5193	0.0608	979.2	980.1	980.3		
4.5526	0.0599	979.2	980.1	980.3		
4.5859	0.0616	979.0	980.0	980.3		
4.6193	0.0599	979.1	980.1	980.4		
4.6526	0.0612	979.1	980.1	980.3		
4.6859	0.0621	979.0	980.0	980.3		
4.7193	0.0533	978.9	979.9	980.3		
4.7526	0.0608	979.6	980.3	980.6		
4.7859	0.0595	979.4	980.2	980.4		
4.8193	0.0568	979.1	980.0	980.3		
4.8526	0.0542	979.1	980.1	980.4		
4.8859	0.0608	979.4	980.1	980.4		
4.9193	0.0586	979.3	980.2	980.4		
4.9526	0.0577	979.1	980.1	980.4		
4.9859	0.0603	979.1	980.1	980.4		
5.0193	0.0695	979.2	980.1	980.4		
5.0526	0.0595	979.1	980.1	980.3		
5.0859	0.0634	979.0	980.0	980.3		
5.1193	0.0660	979.2	980.1	980.4		
5.1526	0.0739	979.2	980.1	980.3		
5.1859	0.0686	979.1	980.1	980.4		
5.2193	0.0695	979.2	980.1	980.4		
5.2526	0.0612	979.1	980.1	980.4		
5.2859	0.0673	979.5	980.2	980.4		
5.3193	0.0660	979.4	980.2	980.4		
5.3526	0.0717	979.3	980.2	980.4		
5.3859	0.0643	979.2	980.1	980.4		
5.4193	0.0708	979.1	980.1	980.4		
5.4526	0.0634	979.1	980.1	980.4		
5.4859	0.0608	978.8	980.0	980.3		
5.5193	0.0660	978.8	979.9	980.3		
5.5526	0.0638	979.0	980.0	980.3		
5.5859	0.0616	979.1	980.0	980.3		
5.6193	0.0682	979.1	980.1	980.4		
5.6526	0.0634	979.1	980.0	980.3		
5.6859	0.0664	979.1	980.1	980.4		
5.7193	0.0691	979.1	980.1	980.3		
5.7526	0.0664	979.0	980.0	980.3		
5.7859	0.0704	979.1	980.1	980.4		
5.8193	0.0778	979.1	980.1	980.4		
5.8526	0.0647	979.1	980.1	980.4		
5.8859	0.0643	979.1	980.1	980.4		
5.9193	0.0634	979.1	980.1	980.4		
5.9526	0.0678	979.1	980.1	980.4		
5.9859	0.0643	979.1	980.0	980.3		
6.0193	0.0708	979.4	980.3	980.5		
6.0526	0.0704	979.0	980.0	980.4		
6.0859	0.0704	979.0	980.1	980.4		
6.1193	0.0774	979.1	980.2	980.5		
6.1526	0.0686	979.1	980.1	980.3		
6.1859	0.0691	979.0	980.0	980.3		
6.2193	0.0682	979.2	980.2	980.5		
6.2526	0.0695	979.1	980.1	980.4		
6.2859	0.0774	979.2	980.1	980.5		
6.3193	0.0752	979.1	980.1	980.4		
6.3526	0.0669	979.1	980.1	980.4		
6.3859	0.0695	979.1	980.0	980.3		
6.4193	0.0769	979.1	980.1	980.4		
6.4526	0.0826	979.1	980.1	980.5		
6.4859	0.0721	979.2	980.2	980.5		
6.5193	0.0748	979.0	980.0	980.4		
6.5526	0.0669	979.1	980.1	980.4		
6.5859	0.0704	979.1	980.1	980.4		
6.6193	0.0726	979.0	979.9	980.1		
6.6526	0.0638	979.1	980.1	980.4		
6.6859	0.0804	979.1	980.1	980.3		
6.7193	0.0752	979.0	980.0	980.3		
6.7526	0.0730	979.1	980.1	980.4		
6.7859	0.0774	979.1	980.2	980.4		
6.8193	0.0734	979.0	980.0	980.3		
6.8526	0.0660	979.0	980.1	980.4		
6.8859	0.0730	979.0	980.0	980.4		
6.9193	0.0678	979.2	980.4	980.8		
6.9526	0.0682	979.6	980.4	980.6		
6.9859	0.0721	979.2	979.9	980.1		
7.0193	0.0678	979.1	980.0	980.3		
7.0526	0.0743	979.0	979.9	980.2		
7.0859	0.0748	979.3	980.2	980.5		
7.1193	0.0765	979.1	980.2	980.4		
7.1526	0.0765	979.1	980.1	980.4		
7.1859	0.0765	979.1	980.1	980.4		
7.2193	0.0678	979.0	980.1	980.4		
7.2526	0.0809	979.0	980.1	980.4		
7.2859	0.0791	979.0	980.1	980.3		
7.3193	0.0769	979.1	980.1	980.4		
7.3526	0.0787	979.2	980.1	980.4		
7.3859	0.0782	979.1	980.0	980.3		
7.4193	0.0743	979.0	980.0	980.3		
7.4526	0.0721	979.1	980.1	980.4		
7.4859	0.0761	979.1	980.1	980.4		
7.5193	0.0791	979.1	980.1	980.4		
7.5526	0.0748	979.0	980.0	980.3		
7.5859	0.0717	979.2	980.2	980.5		
7.6193	0.0765	979.1	980.1	980.4		
7.6526	0.0717	979.1	980.1	980.4		
7.6859	0.0835	979.1	980.1	980.4		
7.7193	0.0796	979.1	980.0	980.4		
7.7526	0.0765	979.1	980.1	980.4		
7.7859	0.0822	979.1	980.1	980.4		
7.8193	0.0800	979.1	980.1	980.4		
7.8526	0.0787	979.0	980.0	980.3		
7.8859	0.0796	979.1	980.1	980.4		
7.9193	0.0778	979.0	980.1	980.4		
7.9526	0.0822	979.0	980.1	980.4		
7.9859	0.0800	979.0	980.1	980.4		
8.0193	0.0804	978.9	979.9	980.2		
8.0526	0.0791	979.0	980.0	980.3		
8.0859	0.0883	979.0	980.0	980.4		
8.1193	0.0826	979.1	980.0	980.5		
8.1526	0.0752	979.1	980.1	980.4		
8.1859	0.0782	979.1	980.0	980.4		
8.2193	0.0914	979.0	980.1	980.5		
8.2526	0.0848	979.1	980.1	980.4		
8.2859	0.0857	979.0	980.0	980.3		
8.3193	0.0922	979.0	980.0	980.3		
8.3526	0.0787	979.0	980.1	980.3		
8.3859	0.0883	979.1	980.1	980.4		
8.4193	0.0852	979.0	980.1	980.4		
8.4526	0.0835	979.0	980.1	980.4		
8.4859	0.0800	979.2	980.2	980.5		
8.5193	0.0826	979.1	980.1	980.4		
8.5526	0.0852	979.1	980.1	980.4		
8.5859	0.0752	979.1	980.1	980.4		
8.6193	0.0813	979.2	980.1	980.5		
8.6526	0.0848	979.1	980.1	980.5		
8.6859	0.0852	979.1	980.1	980.5		
8.7193	0.0901	979.1	980.1	980.4		
8.7526	0.0914	979.1	980.0	980.4		
8.7859	0.0975	979.0	980.0	980.3		
8.8193	0.0918	979.1	980.1	980.4		
8.8526	0.0892	979.0	980.0	980.3		
8.8859	0.0879	979.0	980.0	980.3		
8.9193	0.0831	979.1	980.1	980.4		
8.9526	0.0822	979.0	980.0	980.3		
8.9859	0.0931	979.0	980.0	980.3		
9.0193	0.0839	979.0	980.0	980.4		
9.0526	0.0892	979.0	980.1	980.4		
9.0859	0.0861	979.0	980.0	980.3		
9.1193	0.0817	979.1	980.1	980.5		
9.1526	0.0874	979.1	980.1	980.5		
9.1859	0.0817	979.0	980.0	980.4		
9.2193	0.0870	979.1	980.0	980.4		
9.2526	0.0861	979.1	980.1	980.4		
9.2859	0.0887	979.1	980.0	980.4		
9.3193	0.0887	979.0	980.0	980.4		
9.3526	0.0914	979.0	980.0	980.4		
9.3859	0.0879	979.0	980.0	980.4		
9.4193	0.0931	979.1	980.1	980.4		
9.4526	0.0870	979.0	980.0	980.4		
9.4859	0.0927	979.0	980.1	980.4		
9.5193	0.0892	979.1	980.1	980.5		
9.5526	0.0870	979.0	980.0	980.4		
9.5859	0.0892	979.0	980.0	980.3		
9.6193	0.0866	979.0	980.0	980.3		
9.6526	0.0940	979.0	980.0	980.4		
9.6859	0.0944	979.0	980.1	980.4		
9.7193	0.0870	979.1	980.1	980.4		
9.7526	0.0944	979.0	980.0	980.4		
9.7859	0.0953	979.0	980.0	980.4		
9.8193	0.0896	979.0	980.0	980.4		
9.8526	0.0940	979.0	980.1	980.4		
9.8859	0.0831	979.0	980.0	980.4		
9.9193	0.0870	979.1	980.1	980.4		
9.9526	0.0874	979.1	980.2	980.5		
9.9859	0.0909	979.1	980.1	980.4		
10.0193	0.0909	979.1	980.1	980.4		
10.0526	0.0905	979.0	980.1	980.4		
10.0859	0.0901	979.1	980.1	980.5		
10.1193	0.0918	979.0	980.0	980.4		
10.1526	0.0861	979.1	980.1	980.5		
10.1859	0.0905	979.0	980.1	980.4		
10.2193	0.0914	979.1	980.1	980.5		
10.2526	0.0879	979.1	980.1	980.4		
10.2859	0.0901	979.1	980.0	980.4		
10.3193	0.0883	979.0	980.0	980.4		
10.3526	0.0861	979.1	980.1	980.5		
10.3859	0.0935	979.0	980.0	980.4		
10.4193	0.0975	979.0	980.0	980.4		
10.4526	0.0852	979.0	980.0	980.4		
10.4859	0.0949	979.1	980.1	980.4		
10.5193	0.0975	979.0	980.0	980.3		
10.5526	0.0935	979.0	980.1	980.4		
10.5859	0.0940	979.0	980.1	980.4		
10.6193	0.0918	979.0	980.1	980.4		
10.6526	0.1019	979.0	980.0	980.3		
10.6860	0.0970	979.0	980.1	980.4		
10.7193	0.0970	979.0	980.0	980.4		
10.7526	0.0949	979.0	980.1	980.4		
10.7860	0.0922	979.0	980.1	980.4		
10.8193	0.0962	979.0	980.0	980.3		
10.8526	0.0944	979.2	980.2	980.6		
10.8860	0.0992	979.0	980.1	980.4		
10.9193	0.0949	979.0	980.1	980.4		
10.9526	0.1023	979.0	980.0	980.3		
10.9860	0.0962	979.0	980.1	980.4		
11.0193	0.0997	979.0	980.1	980.4		
11.0526	0.1032	979.0	980.0	980.4		
11.0860	0.0901	979.0	980.0	980.4		
11.1193	0.0927	978.9	980.0	980.3		
11.1526	0.0992	979.0	980.0	980.4		
11.1860	0.0957	979.0	979.9	980.3		
11.2193	0.0922	979.0	980.0	980.4		
11.2526	0.0962	979.0	980.0	980.3		
11.2860	0.0940	979.0	980.1	980.5		
11.3193	0.1001	979.0	980.0	980.4		
11.3526	0.1023	978.9	980.0	980.4		
11.3860	0.0970	979.0	980.0	980.4		
11.4193	0.0957	979.0	980.1	980.5		
11.4526	0.0940	979.0	980.0	980.4		
11.4860	0.0975	979.1	980.0	980.4		
11.5193	0.0962	979.0	980.1	980.4		
11.5526	0.1019	979.1	980.0	980.4		
11.5860	0.0940	979.1	980.1	980.4		
11.6193	0.1014	978.9	980.0	980.4		
11.6526	0.1014	979.1	980.1	980.4		
11.6860	0.0988	979.0	980.1	980.4		
11.7193	0.0962	978.9	980.0	980.4		
11.7526	0.1049	979.0	980.1	980.4		
11.7860	0.0966	979.0	980.0	980.4		
11.8193	0.1054	979.0	980.0	980.4		
11.8526	0.1010	979.0	980.0	980.4		
11.8860	0.0992	979.1	980.1	980.5		
11.9193	0.0966	979.0	980.1	980.4		
11.9526	0.1010	979.0	980.0	980.4		
11.9860	0.1045	979.0	980.0	980.3		
12.0193	0.0957	979.0	980.0	980.4		
12.0526	0.1071	979.0	980.1	980.4		
12.0860	0.1040	979.0	980.1	980.5		
12.1193	0.1071	979.0	980.1	980.5		
12.1526	0.1023	979.0	980.0	980.5		
12.1860	0.1036	979.0	980.0	980.5		
12.2193	0.1023	979.0	980.0	980.4		
12.2526	0.0940	979.0	980.0	980.3		
12.2860	0.0970	979.1	980.0	980.4		
12.3193	0.1049	979.0	980.0	980.3		
12.3526	0.1027	978.9	980.1	980.5		
12.3860	0.1040	979.1	980.1	980.5		
12.4193	0.1080	979.0	980.1	980.5		
12.4526	0.1075	979.0	980.1	980.4		
12.4860	0.1067	979.1	980.0	980.4		
12.5193	0.0992	979.0	980.1	980.5		
12.5526	0.1023	979.1	980.1	980.5		
12.5860	0.1067	979.1	980.0	980.4		
12.6193	0.1075	979.1	980.1	980.4		
12.6526	0.1106	979.1	980.0	980.4		
12.6860	0.1040	979.0	980.1	980.5		
12.7193	0.1062	979.0	980.0	980.4		
12.7526	0.1071	979.0	980.1	980.5		
12.7860	0.1045	978.9	980.0	980.4		
12.8193	0.1058	979.0	980.1	980.5		
12.8526	0.1093	979.0	980.1	980.5		
12.8860	0.1054	979.0	980.1	980.5		
12.9193	0.1054	979.0	980.0	980.4		
12.9526	0.1102	979.1	980.0	980.5		
12.9860	0.1058	979.1	980.0	980.4		
13.0193	0.1023	979.0	980.0	980.4		
13.0526	0.1093	979.0	980.0	980.4		
13.0860	0.1071	978.9	980.0	980.4		
13.1193	0.1141	979.0	980.1	980.5		
13.1526	0.1158	979.1	980.1	980.5		
13.1860	0.1097	979.1	980.1	980.5		
13.2193	0.1049	979.0	980.0	980.5		
13.2526	0.1102	979.1	980.1	980.5		
13.2860	0.1067	979.0	980.0	980.4		
13.3193	0.1097	979.0	980.0	980.4		
13.3526	0.1119	979.0	980.1	980.4		
13.3860	0.1102	979.0	980.0	980.4		
13.4193	0.1193	978.9	980.0	980.4		
13.4526	0.1123	979.0	980.1	980.4		
13.4860	0.1080	978.9	980.0	980.4		
13.5193	0.1032	979.1	980.1	980.5		
13.5526	0.1084	979.0	980.1	980.5		
13.5860	0.1154	979.1	980.1	980.4		
13.6193	0.1071	979.0	980.1	980.4		
13.6526	0.1097	979.0	980.1	980.4		
13.6860	0.1102	979.0	980.1	980.5		
13.7193	0.1097	979.0	980.0	980.5		
13.7526	0.1062	979.0	980.1	980.5		
13.7860	0.1071	979.0	980.1	980.5		
13.8193	0.1185	979.0	980.1	980.5		
13.8526	0.1115	979.1	980.1	980.5		
13.8860	0.1163	979.0	980.1	980.5		
13.9193	0.1123	979.0	980.0	980.5		
13.9526	0.1115	979.0	980.1	980.5		
13.9860	0.1106	979.0	980.0	980.4		
14.0193	0.1097	979.0	980.0	980.4		
14.0526	0.1180	979.0	980.0	980.4		
14.0860	0.1128	979.1	980.1	980.5		
14.1193	0.1102	979.1	980.1	980.5		
14.1526	0.1115	979.0	980.1	980.5		
14.1860	0.1123	979.0	980.1	980.5		
14.2193	0.1128	979.0	980.1	980.4		
14.2526	0.1176	979.0	980.1	980.5		
14.2860	0.1207	979.1	980.1	980.5		
14.3193	0.1110	979.1	980.1	980.4		
14.3526	0.1119	979.0	980.1	980.5		
14.3860	0.1062	979.0	980.1	980.4		
14.4193	0.1172	979.0	980.1	980.4		
14.4526	0.1067	979.0	980.1	980.4		
14.4860	0.1163	979.0	980.1	980.4		
14.5193	0.1185	979.1	980.1	980.5		
14.5526	0.1180	979.0	980.1	980.4		
14.5860	0.1119	979.0	980.0	980.5		
14.6193	0.1145	979.1	980.2	980.5		
14.6526	0.1141	979.0	980.1	980.5		
14.6860	0.1172	979.0	980.0	980.4		
14.7193	0.1250	979.0	980.1	980.5		
14.7526	0.1145	979.1	980.1	980.4		
14.7860	0.1276	979.0	980.1	980.4		
14.8193	0.1189	979.0	980.0	980.4		
14.8526	0.1158	979.0	980.0	980.4		
14.8860	0.1189	978.9	980.0	980.4		
14.9193	0.1215	979.0	980.1	980.5		
14.9526	0.1281	979.0	980.0	980.5		
14.9860	0.1128	979.0	980.1	980.5		
15.0193	0.1132	979.0	980.1	980.4		
15.0526	0.1207	979.0	980.0	980.5		
15.0860	0.1198	979.1	980.0	980.5		
15.1193	0.1220	979.1	980.1	980.4		
15.1526	0.1215	979.0	980.0	980.4		
15.1860	0.1193	979.0	980.0	980.5		
15.2193	0.1137	978.9	980.0	980.4		
15.2526	0.1224	979.0	980.1	980.5		
15.2860	0.1233	979.0	980.1	980.5		
15.3193	0.1132	979.0	980.1	980.4		
15.3526	0.1207	979.1	980.1	980.5		
15.3860	0.1123	979.0	980.1	980.4		
15.4193	0.1193	979.0	980.0	980.4		
15.4526	0.1132	979.1	980.0	980.4		
15.4860	0.1176	979.0	980.0	980.4		
15.5193	0.1198	979.0	980.0	980.4		
15.5526	0.1250	979.0	980.0	980.4		
15.5860	0.1137	979.2	980.1	980.5		
15.6193	0.1246	979.0	980.0	980.4		
15.6526	0.1237	979.0	980.0	980.4		
15.6860	0.1193	979.0	980.1	980.5		
15.7193	0.1193	979.1	980.0	980.5		
15.7526	0.1255	978.9	980.1	980.4		
15.7860	0.1220	979.0	980.1	980.5		
15.8193	0.1220	979.0	980.0	980.5		
15.8526	0.1237	979.0	980.1	980.5		
15.8860	0.1255	979.0	980.1	980.5		
15.9193	0.1207	979.0	980.1	980.5		
15.9526	0.1281	979.0	980.1	980.5		
15.9860	0.1233	978.9	980.1	980.4		
16.0193	0.1193	979.0	980.1	980.5		
16.0526	0.1193	979.0	980.1	980.5		
16.0860	0.1316	979.0	980.1	980.5		
16.1193	0.1268	979.0	980.0	980.3		
16.1526	0.1193	979.0	980.0	980.4		
16.1860	0.1268	979.1	980.1	980.5		
16.2193	0.1207	979.1	980.1	980.4		
16.2526	0.1329	979.0	980.0	980.4		
16.2860	0.1268	979.0	980.1	980.5		
16.3193	0.1259	979.0	980.1	980.5		
16.3526	0.1207	979.0	980.1	980.4		
16.3860	0.1250	979.0	980.0	980.4		
16.4193	0.1316	979.1	980.1	980.5		
16.4526	0.1268	979.0	980.1	980.5		
16.4860	0.1281	979.0	980.0	980.5		
16.5193	0.1290	979.0	980.0	980.4		
16.5526	0.1311	979.0	980.0	980.4		
16.5860	0.1220	979.1	980.1	980.4		
16.6193	0.1272	979.0	980.1	980.5		
16.6526	0.1281	979.0	980.0	980.5		
16.6860	0.1268	979.0	980.1	980.5		
16.7193	0.1268	979.1	980.1	980.5		
16.7526	0.1276	979.0	980.0	980.4		
16.7860	0.1172	979.0	980.0	980.5		
16.8193	0.1325	979.0	980.0	980.4		
16.8526	0.1285	979.0	980.1	980.5		
16.8860	0.1290	979.0	980.1	980.5		
16.9193	0.1294	979.0	980.1	980.5		
16.9526	0.1320	979.1	980.1	980.5		
16.9860	0.1259	979.1	980.1	980.5		
17.0193	0.1272	979.0	980.1	980.5		
17.0526	0.1276	979.0	980.0	980.4		
17.0860	0.1294	978.9	980.0	980.4		
17.1193	0.1228	979.0	980.0	980.4		
17.1526	0.1329	979.0	980.0	980.4		
17.1860	0.1259	979.0	980.0	980.4		
17.2193	0.1276	979.0	980.0	980.5		
17.2526	0.1294	979.0	980.1	980.5		
17.2860	0.1307	979.0	980.1	980.5		
17.3193	0.1298	978.9	980.0	980.4		
17.3526	0.1268	979.0	980.1	980.4		
17.3860	0.1403	979.0	980.1	980.5		
17.4193	0.1263	979.0	980.1	980.5		
17.4526	0.1276	979.0	980.1	980.5		
17.4860	0.1233	979.0	980.1	980.4		
17.5193	0.1364	979.0	980.1	980.5		
17.5526	0.1316	979.0	980.1	980.5		
17.5860	0.1272	979.0	980.0	980.4		
17.6193	0.1355	979.0	980.0	980.4		
17.6526	0.1307	978.9	980.0	980.4		
17.6860	0.1346	978.9	980.0	980.4		
17.7193	0.1290	979.0	980.0	980.5		
17.7526	0.1259	979.0	980.0	980.4		
17.7860	0.1307	979.0	980.1	980.5		
17.8193	0.1325	979.0	980.0	980.4		
17.8526	0.1316	979.0	980.0	980.5		
17.8860	0.1329	979.1	980.1	980.5		
17.9193	0.1307	979.0	980.0	980.4		
17.9526	0.1346	979.0	980.0	980.4		
17.9860	0.1355	979.0	980.0	980.5		
18.0193	0.1268	979.0	980.0	980.5		
18.0526	0.1320	979.0	980.0	980.4		
18.0860	0.1399	979.0	980.0	980.4		
18.1193	0.1408	979.0	980.1	980.4		
18.1526	0.1303	979.0	980.1	980.5		
18.1860	0.1281	979.0	980.0	980.5		
18.2193	0.1338	979.0	980.0	980.5		
18.2526	0.1394	979.0	980.1	980.5		
18.2860	0.1303	979.0	980.0	980.5		
18.3193	0.1303	979.0	980.0	980.4		
18.3526	0.1373	978.9	980.0	980.4		
18.3860	0.1421	979.0	980.1	980.4		
18.4193	0.1373	978.9	980.0	980.4		
18.4526	0.1316	979.0	980.1	980.5		
18.4860	0.1281	978.9	980.0	980.4		
18.5193	0.1377	978.9	980.0	980.4		
18.5526	0.1403	979.0	980.0	980.4		
18.5860	0.1320	979.0	980.0	980.5		
18.6193	0.1368	979.0	980.0	980.5		
18.6526	0.1486	979.1	980.1	980.6		
18.6860	0.1316	979.0	980.1	980.6		
18.7193	0.1403	979.0	980.0	980.4		
18.7526	0.1399	978.9	980.0	980.4		
18.7860	0.1351	979.0	980.0	980.4		
18.8193	0.1364	978.9	980.0	980.5		
18.8526	0.1364	979.0	980.0	980.4		
18.8860	0.1482	979.0	980.1	980.5		
18.9193	0.1351	979.0	980.0	980.4		
18.9526	0.1386	979.0	980.0	980.5		
18.9860	0.1394	979.0	980.0	980.5		
19.0193	0.1381	979.0	980.1	980.5		
19.0526	0.1364	979.0	980.0	980.4		
19.0860	0.1355	979.0	980.0	980.4		
19.1193	0.1364	978.9	980.0	980.4		
19.1526	0.1373	979.0	980.1	980.5		
19.1860	0.1386	979.0	980.0	980.5		
19.2193	0.1556	979.0	980.0	980.4		
19.2526	0.1373	979.0	980.0	980.4		
19.2860	0.1342	979.0	980.0	980.4		
19.3193	0.1394	979.0	980.0	980.4		
19.3526	0.1408	979.0	980.0	980.5		
19.3860	0.1394	978.9	980.0	980.4		
19.4193	0.1447	979.0	980.0	980.4		
19.4526	0.1386	979.0	980.0	980.4		
19.4860	0.1421	979.0	980.0	980.4		
19.5193	0.1394	979.0	980.0	980.3		
19.5526	0.1408	979.0	980.1	980.5		
19.5860	0.1456	979.0	980.1	980.5		
19.6193	0.1443	979.0	980.1	980.6		
19.6526	0.1403	979.0	980.0	980.5		
19.6860	0.1346	979.0	980.0	980.5		
19.7193	0.1495	979.0	980.1	980.5		
19.7526	0.1390	978.9	980.0	980.4		
19.7860	0.1495	978.9	980.1	980.5		
19.8193	0.1408	978.9	980.0	980.4		
19.8526	0.1447	978.9	980.0	980.4		
19.8860	0.1390	979.0	980.1	980.6		
19.9193	0.1399	979.0	980.0	980.5		
19.9526	0.1438	978.9	980.0	980.4		
19.9860	0.1390	979.1	980.1	980.5		
20.0193	0.1451	979.0	980.1	980.5		
20.0526	0.1443	978.9	979.9	980.4		
20.0860	0.1377	978.9	980.0	980.3		
20.1193	0.1521	978.9	979.9	980.4		
20.1526	0.1394	979.0	980.0	980.4		
20.1860	0.1464	979.0	980.0	980.4		
20.2193	0.1443	979.0	980.0	980.4		
20.2526	0.1495	979.0	980.0	980.5		
20.2860	0.1434	979.0	980.0	980.4		
20.3193	0.1429	979.1	980.1	980.5		
20.3526	0.1473	979.0	980.1	980.5		
20.3860	0.1408	978.9	980.0	980.4		
20.4193	0.1456	979.0	980.0	980.4		
20.4526	0.1416	979.0	980.0	980.4		
20.4860	0.1456	979.0	980.1	980.5		
20.5193	0.1447	979.0	980.0	980.4		
20.5526	0.1482	978.9	979.9	980.4		
20.5860	0.1464	978.9	980.0	980.4		
20.6193	0.1482	978.9	980.0	980.4		
20.6526	0.1390	979.1	980.0	980.5		
20.6860	0.1451	979.0	980.0	980.5		
20.7193	0.1539	979.0	980.0	980.5		
20.7526	0.1443	979.0	980.1	980.4		
20.7860	0.1464	979.0	980.1	980.5		
20.8193	0.1561	979.1	980.1	980.5		
20.8526	0.1482	978.9	980.0	980.5		
20.8860	0.1469	979.1	980.1	980.5		
20.9193	0.1534	979.0	980.1	980.5		
20.9526	0.1399	979.0	980.0	980.5		
20.9860	0.1464	979.0	980.0	980.4		
21.0193	0.1478	978.9	980.0	980.4		
21.0526	0.1412	979.0	980.0	980.4		
21.0860	0.1521	978.9	980.0	980.4		
21.1193	0.1473	978.9	980.0	980.5		
21.1526	0.1451	978.9	980.0	980.5		
21.1860	0.1486	978.9	980.0	980.4		
21.2193	0.1517	979.0	980.0	980.5		
21.2526	0.1491	979.0	980.0	980.4		
21.2860	0.1429	979.1	980.1	980.5		
21.3193	0.1499	979.0	980.1	980.4		
21.3526	0.1552	979.0	980.0	980.5		
21.3860	0.1617	979.0	980.1	980.5		
21.4193	0.1530	979.2	980.1	980.5		
21.4526	0.1499	979.1	980.0	980.5		
21.4860	0.1547	979.0	980.0	980.5		
21.5193	0.1521	979.0	980.0	980.5		
21.5526	0.1574	979.1	980.0	980.5		
21.5860	0.1574	979.0	980.0	980.4		
21.6193	0.1578	979.0	980.0	980.5		
21.6526	0.1631	979.0	980.1	980.6		
21.6860	0.1513	979.0	980.0	980.5		
21.7193	0.1456	979.0	980.0	980.5		
21.7526	0.1495	978.8	979.9	980.3		
21.7860	0.1473	979.0	979.9	980.4		
21.8193	0.1517	979.0	980.0	980.4		
21.8526	0.1482	979.0	980.0	980.4		
21.8860	0.1565	979.0	980.1	980.5		
21.9193	0.1674	979.0	980.1	980.5		
21.9526	0.1574	979.0	980.0	980.5		
21.9860	0.1543	978.9	980.0	980.5		
22.0193	0.1574	979.0	980.0	980.4		
22.0526	0.1539	979.0	980.0	980.4		
22.0860	0.1561	978.9	980.0	980.4		
22.1193	0.1530	979.0	980.1	980.5		
22.1526	0.1604	979.0	980.1	980.6		
22.1860	0.1622	979.0	980.0	980.5		
22.2193	0.1683	979.0	980.0	980.5		
22.2526	0.1565	979.0	980.0	980.5		
22.2860	0.1547	979.0	980.0	980.5		
22.3193	0.1556	979.0	980.0	980.5		
22.3526	0.1534	979.0	980.0	980.4		
22.3860	0.1587	978.9	980.0	980.4		
22.4193	0.1596	979.0	980.1	980.6		
22.4526	0.1556	979.0	980.1	980.5		
22.4860	0.1574	979.1	980.1	980.5		
22.5193	0.1543	979.1	980.1	980.5		
22.5526	0.1539	979.1	980.1	980.5		
22.5860	0.1552	979.1	980.1	980.4		
22.6193	0.1561	979.1	980.1	980.5		
22.6526	0.1587	979.1	980.1	980.5		
22.6860	0.1565	979.0	980.0	980.5		
22.7193	0.1569	979.0	980.1	980.5		
22.7526	0.1622	979.1	980.1	980.5		
22.7860	0.1622	979.0	980.0	980.4		
22.8193	0.1604	979.0	980.1	980.5		
22.8526	0.1600	979.0	980.0	980.4		
22.8860	0.1596	978.9	980.0	980.4		
22.9193	0.1609	979.0	980.0	980.4		
22.9526	0.1609	979.0	980.0	980.4		
22.9860	0.1552	979.0	980.0	980.4		
23.0193	0.1547	979.0	980.0	980.5		
23.0526	0.1622	979.1	980.1	980.5		
23.0860	0.1574	979.0	980.1	980.5		
23.1193	0.1626	979.0	980.0	980.4		
23.1526	0.1657	979.0	980.1	980.5		
23.1860	0.1604	979.0	980.1	980.5		
23.2193	0.1639	979.0	980.1	980.5		
23.2526	0.1613	979.1	980.1	980.5		
23.2860	0.1596	979.0	980.0	980.5		
23.3193	0.1582	979.0	980.1	980.5		
23.3526	0.1587	979.1	980.1	980.5		
23.3860	0.1596	979.1	980.1	980.5		
23.4193	0.1578	979.0	980.1	980.4		
23.4526	0.1639	978.9	980.0	980.4		
23.4860	0.1683	979.0	980.1	980.5		
23.5193	0.1604	979.0	980.0	980.5		
23.5526	0.1582	978.9	980.0	980.4		
23.5860	0.1543	979.0	980.1	980.5		
23.6193	0.1613	979.0	980.0	980.4		
23.6526	0.1631	979.0	980.1	980.5		
23.6860	0.1587	979.0	980.0	980.5		
23.7193	0.1718	979.0	980.1	980.5		
23.7526	0.1722	979.1	980.1	980.5		
23.7860	0.1661	979.0	980.1	980.5		
23.8193	0.1648	979.0	980.1	980.5		
23.8526	0.1635	979.0	980.1	980.5		
23.8860	0.1687	979.0	980.1	980.5		
23.9193	0.1617	979.0	980.1	980.5		
23.9526	0.1652	979.0	980.0	980.5		
23.9860	0.1670	979.0	980.0	980.4		
24.0193	0.1687	978.9	980.0	980.5		
24.0526	0.1692	979.0	980.0	980.5		
24.0860	0.1679	978.9	980.1	980.5		
24.1193	0.1679	979.0	980.1	980.5		
24.1526	0.1674	979.1	980.0	980.5		
24.1860	0.1709	978.9	980.1	980.5		
24.2193	0.1661	979.0	980.0	980.5		
24.2526	0.1700	979.0	980.1	980.6		
24.2860	0.1661	979.0	980.0	980.5		
24.3193	0.1648	979.0	980.1	980.6		
24.3526	0.1639	979.0	980.0	980.5		
24.3860	0.1661	978.9	980.1	980.5		
24.4193	0.1648	979.1	980.1	980.5		
24.4526	0.1700	979.0	980.1	980.5		
24.4860	0.1735	979.0	980.1	980.5		
24.5193	0.1735	979.0	980.1	980.5		
24.5526	0.1705	979.0	980.1	980.5		
24.5860	0.1657	979.0	980.1	980.5		
24.6193	0.1744	979.0	980.1	980.5		
24.6526	0.1735	979.0	980.0	980.5		
24.6860	0.1700	978.9	980.1	980.5		
24.7193	0.1687	979.1	980.2	980.6		
24.7526	0.1762	979.0	980.1	980.5		
24.7860	0.1696	979.1	980.2	980.6		
24.8193	0.1709	979.0	980.1	980.6		
24.8526	0.1731	979.0	980.1	980.6		
24.8860	0.1674	978.9	980.1	980.5		
24.9193	0.1784	979.0	980.1	980.6		
24.9526	0.1735	978.9	980.0	980.5		
24.9860	0.1740	979.0	980.0	980.4		
25.0193	0.1727	979.0	980.1	980.5		
25.0526	0.1692	979.0	980.1	980.5		
25.0860	0.1696	979.0	980.0	980.5		
25.1193	0.1705	979.0	980.2	980.6		
25.1526	0.1775	979.0	980.0	980.5		
25.1860	0.1639	978.9	980.0	980.5		
25.2193	0.1670	979.0	980.1	980.5		
25.2526	0.1775	979.0	980.1	980.5		
25.2860	0.1766	979.1	980.1	980.5		
25.3193	0.1679	979.1	980.1	980.5		
25.3526	0.1700	979.0	980.1	980.5		
25.3860	0.1788	979.0	980.1	980.5		
25.4193	0.1722	979.0	980.1	980.5		
25.4526	0.1727	979.0	980.1	980.5		
25.4860	0.1740	979.0	980.1	980.4		
25.5193	0.1714	979.0	980.1	980.5		
25.5526	0.1727	979.1	980.1	980.5		
25.5860	0.1692	979.1	980.1	980.5		
25.6193	0.1779	979.1	980.2	980.6		
25.6526	0.1679	979.0	980.1	980.4		
25.6860	0.1674	979.1	980.2	980.7		
25.7193	0.1692	979.0	980.1	980.6		
25.7526	0.1836	979.0	980.1	980.5		
25.7860	0.1722	979.0	980.1	980.5		
25.8193	0.1788	979.0	980.0	980.4		
25.8526	0.1718	978.9	980.0	980.5		
25.8860	0.1753	979.0	980.1	980.5		
25.9193	0.1731	979.0	980.0	980.4		
25.9526	0.1749	979.0	980.0	980.4		
25.9860	0.1801	979.0	980.1	980.5		
26.0193	0.1762	978.9	980.0	980.5		
26.0526	0.1784	979.3	980.8	981.8		
26.0860	0.1740	979.1	980.4	981.1		
26.1193	0.1792	979.2	980.3	980.8		
26.1526	0.1784	979.2	980.2	980.8		
26.1860	0.1784	979.0	980.1	980.6		
26.2193	0.1714	979.1	980.1	980.5		
26.2526	0.1683	979.1	980.1	980.5		
26.2860	0.1766	979.1	980.2	980.6		
26.3193	0.1818	979.0	980.0	980.5		
26.3526	0.1731	979.1	980.2	980.6		
26.3860	0.1766	979.0	980.1	980.5		
26.4193	0.1753	978.9	980.1	980.5		
26.4526	0.1823	979.0	980.0	980.5		
26.4860	0.1727	979.1	980.2	980.8		
26.5193	0.1770	979.1	980.2	980.6		
26.5526	0.1744	979.0	980.0	980.4		
26.5860	0.1792	979.1	980.2	980.6		
26.6193	0.1853	979.0	980.1	980.5		
26.6526	0.1805	979.0	980.1	980.5		
26.6860	0.1797	979.1	980.2	980.6		
26.7193	0.1744	979.1	980.2	980.6		
26.7526	0.1801	979.1	980.2	980.7		
26.7860	0.1766	979.1	980.2	980.6		
26.8193	0.1762	979.1	980.1	980.5		
26.8526	0.1805	979.0	980.1	980.5		
26.8860	0.1906	979.0	980.1	980.4		
26.9193	0.1779	979.0	980.0	980.3		
26.9526	0.1744	979.1	980.1	980.6		
26.9860	0.1757	979.1	980.1	980.5		
27.0193	0.1784	979.1	980.1	980.6		
27.0526	0.1753	979.1	980.1	980.5		
27.0860	0.1757	979.1	980.2	980.5		
27.1193	0.1797	979.0	980.1	980.5		
27.1526	0.1880	979.1	980.2	980.6		
27.1860	0.1740	979.0	980.1	980.5		
27.2193	0.1836	979.2	980.6	981.1		
27.2526	0.1762	979.2	980.4	980.9		
27.2860	0.1862	979.2	980.3	980.7		
27.3193	0.1836	979.1	980.2	980.7		
27.3526	0.1810	979.1	980.1	980.6		
27.3860	0.1753	979.0	980.1	980.4		
27.4193	0.1849	979.0	980.1	980.5		
27.4526	0.1784	979.0	980.0	980.3		
27.4860	0.1762	979.1	980.2	980.8		
27.5193	0.1766	979.1	980.3	980.8		
27.5526	0.1827	979.0	980.1	980.5		
27.5860	0.1788	979.0	980.0	980.4		
27.6193	0.1862	979.1	980.2	980.6		
27.6526	0.1784	978.9	979.9	980.2		
27.6860	0.1945	978.9	979.8	980.2		
27.7193	0.1779	979.0	980.0	980.3		
27.7526	0.1827	979.0	980.0	980.4		
27.7860	0.1805	979.0	980.0	980.3		
27.8193	0.1840	979.0	980.0	980.5		
27.8526	0.1845	979.0	980.0	980.4		
27.8860	0.1757	979.1	980.0	980.4		
27.9193	0.1871	979.0	980.0	980.4		
27.9526	0.1810	979.0	980.0	980.4		
27.9860	0.1823	979.0	980.0	980.4		
28.0193	0.1893	978.9	979.9	980.4		
28.0526	0.1845	978.9	979.9	980.2		
28.0860	0.1937	979.0	980.1	980.5		
28.1193	0.1893	979.0	980.1	980.5		
28.1526	0.1871	978.9	979.9	980.3		
28.1860	0.1827	978.9	979.9	980.3		
28.2193	0.1805	978.9	980.0	980.3		
28.2526	0.1775	978.9	980.0	980.4		
28.2860	0.1858	978.9	980.0	980.3		
28.3193	0.1893	979.0	980.0	980.3		
28.3526	0.1845	978.9	980.0	980.4		
28.3860	0.1910	979.0	980.1	980.6		
28.4193	0.1810	978.9	979.8	980.2		
28.4526	0.1832	978.9	979.9	980.2		
28.4860	0.1902	978.9	979.9	980.2		
28.5193	0.1853	978.9	979.9	980.3		
28.5526	0.1867	979.0	980.0	980.3		
28.5860	0.1888	978.8	979.8	980.2		
28.6193	0.1880	978.9	979.9	980.3		
28.6526	0.1849	979.0	980.0	980.4		
28.6860	0.1862	978.9	980.0	980.4		
28.7193	0.1928	979.0	980.0	980.3		
28.7526	0.1823	979.0	980.0	980.3		
28.7860	0.1923	978.9	980.0	980.4		
28.8193	0.1880	979.1	980.3	980.8		
28.8526	0.1875	979.0	980.1	980.5		
28.8860	0.1845	978.9	979.9	980.4		
28.9193	0.1770	979.0	980.0	980.3		
28.9526	0.1792	978.9	979.9	980.2		
28.9860	0.1853	979.0	980.0	980.3		
29.0193	0.1897	979.1	980.2	980.7		
29.0526	0.1893	979.0	980.2	980.6		
29.0860	0.1871	978.9	980.0	980.3		
29.1193	0.1932	978.9	980.0	980.4		
29.1526	0.1884	978.9	979.9	980.3		
29.1860	0.1897	979.0	980.0	980.4		
29.2193	0.1880	978.9	979.8	980.3		
29.2526	0.1915	978.9	979.9	980.3		
29.2860	0.1867	978.9	979.9	980.3		
29.3193	0.1880	978.9	979.9	980.2		
29.3526	0.1954	978.9	979.9	980.3		
29.3860	0.1884	978.9	979.9	980.2		
29.4193	0.1976	978.8	979.9	980.3		
29.4526	0.1902	978.9	979.9	980.2		
29.4860	0.1950	978.9	979.9	980.3		
29.5193	0.1862	978.9	980.0	980.4		
29.5526	0.1932	979.0	980.0	980.3		
29.5860	0.1932	978.9	979.9	980.2		
29.6193	0.1836	978.9	979.9	980.3		
29.6526	0.1858	978.9	980.0	980.3		
29.6860	0.1910	978.9	979.8	980.2		
29.7193	0.1884	978.9	979.9	980.2		
29.7526	0.1888	978.9	979.9	980.3		
29.7860	0.1919	978.9	979.9	980.3		
29.8193	0.1928	978.9	979.9	980.3		
29.8526	0.1967	978.8	979.9	980.2		
29.8860	0.1993	978.9	980.0	980.3		
29.9193	0.1945	978.9	980.0	980.4		
29.9526	0.1902	978.9	979.9	980.3		
29.9860	0.1958	978.8	979.9	980.3		
30.0193	0.1963	978.9	979.9	980.3		
30.0526	0.1902	978.9	979.9	980.3		
30.0860	0.1928	978.9	979.9	980.3		
30.1193	0.1910	978.9	979.9	980.4		
30.1526	0.1967	978.9	980.0	980.3		
30.1860	0.1928	978.9	979.9	980.3		
30.2193	0.1875	978.9	979.9	980.3		
30.2526	0.1910	978.9	979.9	980.3		
30.2860	0.1998	978.9	980.0	980.3		
30.3193	0.1963	978.9	979.9	980.3		
30.3526	0.1910	978.9	980.0	980.4		
30.3860	0.1950	978.9	980.0	980.4		
30.4193	0.1945	978.9	979.9	980.3		
30.4526	0.1985	978.9	980.0	980.4		
30.4860	0.1941	979.0	980.0	980.3		
30.5193	0.1919	978.9	979.9	980.3		
30.5526	0.1928	978.9	979.9	980.3		
30.5860	0.1976	978.9	979.9	980.2		
30.6193	0.1910	978.9	979.9	980.3		
30.6526	0.1906	978.9	980.0	980.3		
30.6860	0.2050	978.9	980.0	980.4		
30.7193	0.1958	978.9	979.9	980.3		
30.7526	0.1937	978.8	979.9	980.3		
30.7860	0.1954	978.8	979.9	980.3		
30.8193	0.1945	978.8	979.9	980.3		
30.8526	0.1989	978.9	979.9	980.3		
30.8860	0.2015	978.9	980.0	980.3		
30.9193	0.1945	978.9	979.9	980.3		
30.9526	0.1998	978.9	979.9	980.3		
30.9860	0.1967	978.8	979.8	980.2		
31.0193	0.1958	978.8	979.9	980.2		
31.0526	0.1993	978.8	979.8	980.3		
31.0860	0.2037	978.9	980.0	980.4		
31.1193	0.1932	978.9	980.0	980.4		
31.1526	0.2020	978.9	979.9	980.4		
31.1860	0.2055	978.9	979.9	980.4		
31.2193	0.1902	978.9	980.0	980.4		
31.2526	0.1967	978.9	979.9	980.3		
31.2860	0.1985	979.0	980.0	980.4		
31.3193	0.2055	978.9	979.9	980.3		
31.3526	0.1967	978.9	979.9	980.4		
31.3860	0.1954	978.9	980.1	980.4		
31.4193	0.1998	978.9	980.0	980.3		
31.4526	0.2072	978.9	980.0	980.4		
31.4860	0.1989	978.9	979.9	980.4		
31.5193	0.2059	978.9	979.9	980.3		
31.5526	0.2081	978.8	979.9	980.3		
31.5860	0.1998	978.8	979.9	980.3		
31.6193	0.1989	978.8	979.9	980.3		
31.6526	0.1993	978.9	980.0	980.4		
31.6860	0.1967	978.9	980.0	980.3		
31.7193	0.2055	978.9	979.9	980.2		
31.7526	0.2015	978.9	979.9	980.3		
31.7860	0.1937	978.8	979.9	980.3		
31.8193	0.2050	978.8	979.9	980.4		
31.8526	0.2020	978.9	979.9	980.3		
31.8860	0.1993	978.9	979.9	980.5		
31.9193	0.2068	978.9	980.0	980.4		
31.9526	0.2024	978.9	979.9	980.3		
31.9860	0.1989	978.9	979.9	980.3		
32.0193	0.2002	978.9	979.9	980.4		
32.0526	0.1985	978.9	979.9	980.2		
32.0860	0.1967	978.9	979.9	980.3		
32.1193	0.2024	978.8	979.9	980.3		
32.1526	0.2046	979.0	980.0	980.4		
32.1860	0.2006	979.0	980.0	980.4		
32.2193	0.2098	978.9	980.0	980.4		
32.2526	0.2015	979.0	980.0	980.5		
32.2860	0.2024	978.9	980.1	980.4		
32.3193	0.2037	979.0	980.0	980.4		
32.3526	0.1958	978.9	980.0	980.4		
32.3860	0.1985	979.0	980.0	980.4		
32.4193	0.1971	979.0	980.1	980.4		
32.4526	0.2076	979.0	980.0	980.4		
32.4860	0.2094	978.9	980.0	980.4		
32.5193	0.2046	978.9	980.0	980.4		
32.5526	0.2055	978.9	979.9	980.3		
32.5860	0.2133	978.9	980.0	980.4		
32.6193	0.2103	978.9	980.0	980.5		
32.6526	0.1993	978.9	980.0	980.3		
32.6860	0.1993	978.9	979.9	980.4		
32.7193	0.2055	978.9	980.0	980.4		
32.7526	0.2011	978.9	980.0	980.4		
32.7860	0.2063	978.9	979.9	980.3		
32.8193	0.1963	978.9	980.0	980.4		
32.8526	0.2050	978.9	979.9	980.4		
32.8860	0.2072	978.9	979.9	980.3		
32.9193	0.2050	978.9	980.0	980.4		
32.9526	0.2059	978.9	980.0	980.4		
32.9860	0.2028	978.9	980.0	980.4		
33.0193	0.2090	978.9	980.0	980.4		
33.0526	0.2028	978.9	979.9	980.3		
33.0860	0.2094	978.9	980.0	980.3		
33.1193	0.2063	978.8	979.9	980.3		
33.1526	0.2085	978.8	979.9	980.3		
33.1860	0.2068	978.8	979.9	980.4		
33.2193	0.2090	978.9	979.9	980.4		
33.2526	0.2063	978.9	980.0	980.4		
33.2860	0.2094	978.9	980.0	980.5		
33.3193	0.2098	978.9	980.0	980.4		
33.3526	0.2076	978.9	980.0	980.4		
33.3860	0.2173	978.9	980.0	980.4		
33.4193	0.2063	978.9	980.0	980.5		
33.4526	0.2094	979.0	980.0	980.4		
33.4860	0.2028	978.8	979.9	980.3		
33.5193	0.2015	978.9	979.9	980.3		
33.5526	0.2076	978.9	979.9	980.3		
33.5860	0.2124	978.9	980.0	980.4		
33.6193	0.2138	978.9	980.0	980.4		
33.6526	0.2076	979.0	980.0	980.4		
33.6860	0.2046	978.9	980.0	980.4		
33.7193	0.2107	979.0	980.0	980.4		
33.7526	0.2072	978.9	980.0	980.4		
33.7860	0.2168	979.0	980.0	980.4		
33.8193	0.2072	978.9	979.9	980.3		
33.8526	0.2107	978.9	980.0	980.4		
33.8860	0.2120	978.9	979.9	980.4		
33.9193	0.2076	978.9	979.9	980.4		
33.9526	0.2138	978.9	980.0	980.5		
33.9860	0.2081	978.9	979.9	980.3		
34.0193	0.2098	978.9	980.0	980.5		
34.0526	0.2133	978.8	979.9	980.3		
34.0860	0.2059	978.9	979.9	980.3		
34.1193	0.2124	978.8	979.9	980.3		
34.1526	0.2133	978.9	980.0	980.4		
34.1860	0.2098	978.9	980.0	980.4		
34.2193	0.2076	978.9	979.9	980.3		
34.2526	0.2159	978.9	979.9	980.3		
34.2860	0.2059	978.9	980.0	980.4		
34.3193	0.2168	978.9	980.0	980.3		
34.3526	0.2155	978.9	979.9	980.4		
34.3860	0.2124	978.8	979.9	980.3		
34.4193	0.2129	978.9	979.9	980.3		
34.4526	0.2124	979.0	980.0	980.4		
34.4860	0.2081	978.9	979.9	980.4		
34.5193	0.2063	978.9	980.0	980.3		
34.5526	0.2181	979.0	980.0	980.5		
34.5860	0.2142	979.0	980.1	980.5		
34.6193	0.2142	978.9	980.0	980.5		
34.6526	0.2142	979.0	980.0	980.5		
34.6860	0.2159	978.9	980.0	980.5		
34.7193	0.2168	978.9	980.0	980.4		
34.7526	0.2098	978.9	980.0	980.4		
34.7860	0.2103	978.9	980.0	980.3		
34.8193	0.2085	978.9	980.0	980.4		
34.8526	0.2142	978.9	980.0	980.4		
34.8860	0.2216	978.8	980.0	980.5		
34.9193	0.2041	978.9	980.0	980.4		
34.9526	0.2199	979.0	980.0	980.4		
34.9860	0.2199	978.9	980.0	980.4		
35.0193	0.2085	978.9	980.0	980.4		
35.0526	0.2094	978.9	980.0	980.4		
35.0860	0.2129	978.9	980.0	980.4		
35.1193	0.2173	979.0	980.0	980.4		
35.1526	0.2155	978.9	980.1	980.4		
35.1860	0.2107	978.9	980.0	980.4		
35.2193	0.2059	979.0	980.0	980.4		
35.2526	0.2103	978.9	980.0	980.4		
35.2860	0.2111	978.9	980.0	980.4		
35.3193	0.2068	979.0	980.0	980.5		
35.3526	0.2164	978.9	980.0	980.4		
35.3860	0.2024	978.9	980.0	980.4		
35.4193	0.2107	978.9	980.0	980.4		
35.4526	0.2190	978.9	979.9	980.4		
35.4860	0.2142	978.9	980.0	980.3		
35.5193	0.2133	978.9	980.0	980.3		
35.5526	0.2138	978.8	980.0	980.4		
35.5860	0.2111	978.9	979.9	980.4		
35.6193	0.2142	978.9	980.0	980.4		
35.6526	0.2129	978.9	980.0	980.4		
35.6860	0.2199	978.9	980.0	980.4		
35.7193	0.2159	978.9	980.0	980.4		
35.7526	0.2142	979.0	980.0	980.5		
35.7860	0.2208	979.0	980.1	980.4		
35.8193	0.2159	978.9	980.0	980.4		
35.8526	0.2151	978.9	980.0	980.4		
35.8860	0.2212	979.0	980.0	980.4		
35.9193	0.2177	978.9	980.0	980.4		
35.9526	0.2164	979.0	980.0	980.5		
35.9860	0.2142	979.0	980.0	980.4		
36.0193	0.2199	978.9	980.0	980.4		
36.0526	0.2168	979.0	980.0	980.4		
36.0860	0.2186	979.0	980.0	980.4		
36.1193	0.2181	978.9	980.0	980.4		
36.1526	0.2159	979.0	980.1	980.5		
36.1860	0.2194	978.9	980.0	980.4		
36.2193	0.2238	979.0	980.0	980.4		
36.2526	0.2199	978.9	980.0	980.4		
36.2860	0.2181	979.0	980.0	980.4		
36.3193	0.2181	978.9	980.0	980.4		
36.3526	0.2216	978.9	980.0	980.4		
36.3860	0.2194	978.9	979.9	980.4		
36.4193	0.2221	978.8	979.9	980.3		
36.4526	0.2225	978.9	980.0	980.4		
36.4860	0.2216	978.9	980.0	980.4		
36.5193	0.2186	979.0	980.0	980.5		
36.5526	0.2186	979.0	980.0	980.4		
36.5860	0.2194	979.0	980.0	980.4		
36.6193	0.2251	979.0	980.0	980.4		
36.6526	0.2221	978.9	980.0	980.4		
36.6860	0.2234	978.9	979.9	980.4		
36.7193	0.2190	978.9	980.0	980.4		
36.7526	0.2181	979.0	980.0	980.4		
36.7860	0.2216	979.0	980.0	980.5		
36.8193	0.2181	978.9	980.0	980.4		
36.8526	0.2208	979.0	980.1	980.4		
36.8860	0.2199	978.9	980.0	980.4		
36.9193	0.2212	978.8	979.9	980.3		
36.9526	0.2286	978.9	979.9	980.4		
36.9860	0.2229	979.0	980.0	980.4		
37.0193	0.2203	978.9	979.9	980.3		
37.0526	0.2199	978.9	979.9	980.4		
37.0860	0.2138	979.0	980.0	980.5		
37.1193	0.2243	978.9	980.0	980.4		
37.1526	0.2243	979.0	980.0	980.5		
37.1860	0.2164	979.0	980.1	980.6		
37.2193	0.2208	979.0	980.0	980.5		
37.2526	0.2260	979.0	980.0	980.4		
37.2860	0.2194	979.0	980.1	980.4		
37.3193	0.2317	979.0	980.0	980.4		
37.3526	0.2238	978.9	980.0	980.4		
37.3860	0.2243	978.9	980.0	980.3		
37.4193	0.2216	978.9	980.0	980.4		
37.4526	0.2216	979.0	980.1	980.6		
37.4860	0.2216	978.9	980.0	980.4		
37.5193	0.2199	979.0	980.1	980.5		
37.5526	0.2221	979.0	980.0	980.4		
37.5860	0.2216	979.0	980.1	980.4		
37.6193	0.2212	979.0	980.1	980.4		
37.6526	0.2334	978.9	980.1	980.4		
37.6860	0.2260	978.9	980.0	980.4		
37.7193	0.2264	978.9	980.1	980.5		
37.7526	0.2234	978.9	980.0	980.3		
37.7860	0.2282	978.8	979.9	980.3		
37.8193	0.2208	978.8	979.9	980.3		
37.8526	0.2225	978.9	980.0	980.4		
37.8860	0.2251	978.9	980.0	980.4		
37.9193	0.2181	978.9	980.0	980.5		
37.9526	0.2282	979.0	980.0	980.5		
37.9860	0.2216	978.9	980.0	980.4		
38.0193	0.2277	978.8	980.0	980.4		
38.0526	0.2234	979.0	980.0	980.4		
38.0860	0.2282	979.0	980.1	980.4		
38.1193	0.2277	978.9	980.0	980.3		
38.1526	0.2304	978.9	980.1	980.4		
38.1860	0.2369	978.9	980.0	980.4		
38.2193	0.2168	978.9	980.0	980.4		
38.2526	0.2229	978.9	980.0	980.4		
38.2860	0.2339	978.9	980.0	980.4		
38.3193	0.2260	978.9	980.0	980.4		
38.3526	0.2304	978.8	979.9	980.4		
38.3860	0.2260	978.9	979.9	980.4		
38.4193	0.2277	978.8	979.9	980.3		
38.4526	0.2299	978.8	980.0	980.3		
38.4860	0.2330	979.0	979.9	980.4		
38.5193	0.2334	978.9	980.0	980.3		
38.5526	0.2317	979.0	980.0	980.4		
38.5860	0.2286	978.9	980.0	980.4		
38.6193	0.2299	979.0	980.1	980.5		
38.6526	0.2304	978.9	980.0	980.4		
38.6860	0.2326	978.9	980.0	980.4		
38.7193	0.2286	979.0	980.0	980.4		
38.7526	0.2256	978.9	980.0	980.3		
38.7860	0.2286	979.0	980.0	980.4		
38.8193	0.2295	979.0	980.0	980.4		
38.8526	0.2203	978.9	980.1	980.4		
38.8860	0.2264	978.9	980.0	980.4		
38.9193	0.2382	978.9	980.0	980.4		
38.9526	0.2352	978.9	980.0	980.4		
38.9860	0.2361	978.9	980.0	980.4		
39.0193	0.2247	978.9	980.0	980.4		
39.0526	0.2243	978.8	979.9	980.4		
39.0860	0.2317	978.9	980.0	980.4		
39.1193	0.2330	978.9	980.0	980.4		
39.1526	0.2273	978.9	980.0	980.4		
39.1860	0.2378	978.8	980.0	980.4		
39.2193	0.2269	978.9	979.9	980.3		
39.2526	0.2308	978.9	980.0	980.4		
39.2860	0.2312	978.9	980.0	980.4		
39.3193	0.2339	978.9	979.9	980.3		
39.3526	0.2243	979.0	980.1	980.4		
39.3860	0.2334	978.9	980.0	980.3		
39.4193	0.2361	979.0	980.1	980.6		
39.4526	0.2321	978.9	980.0	980.4		
39.4860	0.2277	979.0	980.1	980.4		
39.5193	0.2326	979.0	980.0	980.4		
39.5526	0.2352	978.9	980.0	980.4		
39.5860	0.2361	979.0	980.0	980.4		
39.6193	0.2356	979.0	980.0	980.4		
39.6526	0.2334	978.9	980.0	980.4		
39.6860	0.2308	978.9	980.0	980.4		
39.7193	0.2422	978.8	979.9	980.3		
39.7526	0.2317	978.9	979.9	980.3		
39.7860	0.2396	978.9	980.0	980.4		
39.8193	0.2308	978.9	980.0	980.4		
39.8526	0.2291	979.0	980.0	980.5		
39.8860	0.2326	978.9	980.0	980.5		
39.9193	0.2352	978.8	979.9	980.4		
39.9526	0.2374	978.8	979.9	980.4		
39.9860	0.2330	978.9	980.0	980.4		
40.0193	0.2356	979.0	980.1	980.5		
40.0526	0.2347	979.0	980.0	980.5		
40.0860	0.2299	978.9	980.0	980.4		
40.1193	0.2321	979.0	980.0	980.4		
40.1526	0.2365	978.9	980.0	980.3		
40.1860	0.2474	978.9	980.0	980.4		
40.2193	0.2391	979.0	980.0	980.4		
40.2526	0.2343	979.0	980.1	980.4		
40.2860	0.2334	979.0	980.0	980.4		
40.3193	0.2396	978.9	980.0	980.4		
40.3526	0.2330	979.0	980.0	980.3		
40.3860	0.2299	978.9	980.0	980.4		
40.4193	0.2330	978.9	980.0	980.4		
40.4526	0.2347	978.9	980.0	980.3		
40.4860	0.2356	978.9	980.0	980.4		
40.5193	0.2326	978.9	980.0	980.4		
40.5526	0.2347	978.9	980.0	980.4		
40.5860	0.2347	978.9	980.0	980.4		
40.6193	0.2382	979.0	980.0	980.4		
40.6526	0.2378	978.9	980.0	980.4		
40.6860	0.2339	978.9	980.0	980.4		
40.7193	0.2317	979.0	980.0	980.4		
40.7526	0.2378	978.9	980.1	980.4		
40.7860	0.2317	978.9	980.1	980.6		
40.8193	0.2448	978.9	980.0	980.5		
40.8526	0.2330	979.0	980.0	980.4		
40.8860	0.2378	978.9	980.0	980.4		
40.9193	0.2400	978.8	980.0	980.3		
40.9526	0.2417	978.9	980.0	980.4		
40.9860	0.2334	978.8	979.9	980.3		
41.0193	0.2374	978.9	980.0	980.4		
41.0526	0.2361	978.9	980.0	980.4		
41.0860	0.2365	978.8	979.9	980.3		
41.1193	0.2374	978.9	980.0	980.4		
41.1526	0.2417	978.9	980.0	980.3		
41.1860	0.2404	978.9	980.0	980.4		
41.2193	0.2382	979.0	980.1	980.5		
41.2526	0.2382	978.9	980.0	980.5		
41.2860	0.2409	978.9	980.0	980.5		
41.3193	0.2330	978.9	980.0	980.4		
41.3526	0.2400	978.9	980.0	980.4		
41.3860	0.2409	978.9	980.0	980.5		
41.4193	0.2409	978.9	980.0	980.4		
41.4526	0.2479	979.0	980.0	980.4		
41.4860	0.2382	979.0	980.0	980.4		
41.5193	0.2404	978.9	980.0	980.4		
41.5526	0.2483	978.9	980.1	980.4		
41.5860	0.2365	978.9	979.9	980.4		
41.6193	0.2448	978.8	979.9	980.4		
41.6526	0.2400	978.9	979.9	980.4		
41.6860	0.2409	978.9	979.9	980.3		
41.7193	0.2400	978.9	980.0	980.5		
41.7526	0.2400	978.9	980.0	980.4		
41.7860	0.2496	979.0	980.1	980.4		
41.8193	0.2461	978.8	980.0	980.3		
41.8526	0.2535	978.9	980.0	980.4		
41.8860	0.2461	978.9	980.0	980.4		
41.9193	0.2365	978.9	980.0	980.4		
41.9526	0.2413	978.9	980.0	980.5		
41.9860	0.2457	978.9	980.0	980.4		
42.0193	0.2391	978.9	979.9	980.3		
42.0526	0.2452	978.9	980.0	980.4		
42.0860	0.2387	978.9	980.0	980.4		
42.1193	0.2479	979.0	980.1	980.5		
42.1526	0.2492	978.9	980.1	980.5		
42.1860	0.2347	978.9	980.0	980.4		
42.2193	0.2448	978.9	980.0	980.5		
42.2526	0.2448	978.9	980.1	980.5		
42.2860	0.2435	978.9	980.0	980.4		
42.3193	0.2474	978.8	980.0	980.4		
42.3526	0.2461	979.0	980.0	980.4		
42.3860	0.2356	978.9	980.0	980.4		
42.4193	0.2465	978.9	980.0	980.5		
42.4526	0.2404	979.0	980.1	980.4		
42.4860	0.2409	979.0	980.0	980.4		
42.5193	0.2439	979.0	980.0	980.4		
42.5526	0.2374	979.0	980.1	980.6		
42.5860	0.2487	979.0	980.2	980.6		
42.6193	0.2470	978.9	980.1	980.5		
42.6526	0.2387	978.9	980.0	980.4		
42.6860	0.2430	978.9	980.0	980.4		
42.7193	0.2400	979.0	980.0	980.4		
42.7526	0.2409	979.0	980.1	980.5		
42.7860	0.2465	979.0	980.0	980.4		
42.8193	0.2435	978.8	979.9	980.2		
42.8526	0.2404	978.8	980.0	980.4		
42.8860	0.2470	978.9	980.1	980.5		
42.9193	0.2461	978.9	980.0	980.4		
42.9526	0.2435	978.9	980.0	980.4		
42.9860	0.2509	978.9	980.0	980.4		
43.0193	0.2444	978.9	980.0	980.4		
43.0526	0.2483	978.9	980.0	980.4		
43.0860	0.2470	978.9	980.0	980.5		
43.1193	0.2461	978.9	980.0	980.4		
43.1526	0.2452	978.9	980.0	980.5		
43.1860	0.2439	979.0	980.0	980.4		
43.2193	0.2500	979.0	980.1	980.5		
43.2526	0.2430	978.9	980.0	980.4		
43.2860	0.2518	978.9	980.0	980.4		
43.3193	0.2470	978.9	980.0	980.4		
43.3526	0.2465	978.9	980.0	980.4		
43.3860	0.2452	978.9	980.1	980.5		
43.4193	0.2496	979.0	980.1	980.5		
43.4526	0.2487	979.0	980.0	980.4		
43.4860	0.2492	979.0	980.1	980.4		
43.5193	0.2452	978.9	980.0	980.4		
43.5526	0.2470	978.9	980.0	980.3		
43.5860	0.2505	978.9	980.1	980.5		
43.6193	0.2540	979.0	980.1	980.5		
43.6526	0.2448	978.9	980.1	980.5		
43.6860	0.2465	978.9	980.1	980.4		
43.7193	0.2470	978.9	980.0	980.4		
43.7526	0.2474	978.9	980.1	980.5		
43.7860	0.2492	978.9	980.0	980.4		
43.8193	0.2509	979.0	980.1	980.5		
43.8526	0.2492	978.9	980.0	980.5		
43.8860	0.2452	978.8	979.9	980.4		
43.9193	0.2487	978.9	980.0	980.4		
43.9526	0.2535	979.0	980.0	980.4		
43.9860	0.2562	978.9	980.0	980.5		
44.0193	0.2540	978.8	980.0	980.5		
44.0526	0.2522	978.9	980.1	980.5		
44.0860	0.2465	978.8	979.9	980.3		
44.1193	0.2544	978.9	980.0	980.4		
44.1526	0.2470	978.9	980.0	980.4		
44.1860	0.2487	978.9	980.0	980.4		
44.2193	0.2492	978.9	980.0	980.4		
44.2526	0.2518	978.9	980.0	980.4		
44.2860	0.2557	978.9	980.0	980.4		
44.3193	0.2583	978.9	980.0	980.5		
44.3526	0.2544	978.9	980.0	980.4		
44.3860	0.2505	978.9	980.0	980.4		
44.4193	0.2487	978.9	980.0	980.4		
44.4526	0.2465	978.9	980.1	980.5		
44.4860	0.2518	978.9	980.1	980.4		
44.5193	0.2544	978.9	980.1	980.4		
44.5526	0.2509	978.9	980.0	980.4		
44.5860	0.2527	978.9	980.0	980.5		
44.6193	0.2509	979.0	980.1	980.5		
44.6526	0.2448	978.9	980.0	980.3		
44.6860	0.2575	979.0	980.1	980.5		
44.7193	0.2544	979.0	980.1	980.5		
44.7526	0.2540	979.0	980.1	980.4		
44.7860	0.2518	978.9	980.0	980.4		
44.8193	0.2540	978.9	980.0	980.4		
44.8526	0.2522	979.0	980.1	980.5		
44.8860	0.2549	979.0	980.1	980.5		
44.9193	0.2549	978.9	980.0	980.4		
44.9526	0.2514	979.0	980.1	980.5		
44.9860	0.2544	979.0	980.1	980.5		
45.0193	0.2527	978.9	980.1	980.4		
45.0526	0.2518	978.9	980.0	980.4		
45.0860	0.2527	978.9	980.0	980.4		
45.1193	0.2518	979.0	980.1	980.5		
45.1526	0.2487	979.0	980.1	980.5		
45.1860	0.2610	978.9	980.0	980.5		
45.2193	0.2649	979.0	980.1	980.5		
45.2526	0.2597	978.9	980.1	980.5		
45.2860	0.2566	979.0	980.0	980.4		
45.3193	0.2614	978.9	980.1	980.5		
45.3526	0.2531	978.9	980.1	980.5		
45.3860	0.2553	979.0	980.1	980.4		
45.4193	0.2496	979.0	980.1	980.5		
45.4526	0.2579	979.0	980.1	980.5		
45.4860	0.2575	978.9	980.1	980.4		
45.5193	0.2605	979.0	980.1	980.4		
45.5526	0.2553	979.0	980.1	980.5		
45.5860	0.2623	979.0	980.1	980.4		
45.6193	0.2610	979.1	980.2	980.6		
45.6526	0.2522	978.9	980.1	980.5		
45.6860	0.2601	979.0	980.1	980.4		
45.7193	0.2509	979.0	980.1	980.5		
45.7526	0.2562	979.0	980.1	980.4		
45.7860	0.2653	979.0	980.1	980.5		
45.8193	0.2601	979.0	980.1	980.5		
45.8526	0.2579	978.9	980.0	980.4		
45.8860	0.2549	978.9	980.1	980.4		
45.9193	0.2549	978.9	980.1	980.5		
45.9526	0.2618	978.9	980.1	980.4		
45.9860	0.2583	979.0	980.1	980.5		
46.0193	0.2544	979.0	980.0	980.4		
46.0526	0.2684	978.9	980.0	980.5		
46.0860	0.2614	978.9	980.0	980.4		
46.1193	0.2575	979.0	980.1	980.4		
46.1526	0.2610	979.0	980.1	980.5		
46.1860	0.2605	979.0	980.1	980.4		
46.2193	0.2636	978.9	980.1	980.5		
46.2526	0.2623	978.9	980.0	980.3		
46.2860	0.2583	979.0	980.0	980.4		
46.3193	0.2549	979.0	980.0	980.5		
46.3526	0.2562	978.9	980.0	980.4		
46.3860	0.2618	979.0	980.0	980.4		
46.4193	0.2492	979.0	980.1	980.5		
46.4526	0.2566	979.0	980.0	980.4		
46.4860	0.2640	979.0	980.0	980.5		
46.5193	0.2675	979.1	980.2	980.5		
46.5526	0.2645	979.1	980.2	980.5		
46.5860	0.2750	979.1	980.2	980.5		
46.6193	0.2618	978.9	980.1	980.5		
46.6526	0.2601	978.9	980.0	980.4		
46.6860	0.2579	978.9	980.0	980.4		
46.7193	0.2684	978.9	980.0	980.5		
46.7526	0.2610	979.0	980.1	980.5		
46.7860	0.2618	978.9	980.0	980.4		
46.8193	0.2649	978.9	980.0	980.4		
46.8526	0.2597	978.9	980.0	980.4		
46.8860	0.2579	978.9	980.0	980.4		
46.9193	0.2579	979.0	980.0	980.4		
46.9526	0.2680	978.9	980.0	980.4		
46.9860	0.2588	978.9	980.0	980.4		
47.0193	0.2618	979.0	980.1	980.5		
47.0526	0.2597	979.0	980.1	980.5		
47.0860	0.2632	979.0	980.1	980.6		
47.1193	0.2658	978.9	980.1	980.5		
47.1526	0.2623	979.0	980.1	980.5		
47.1860	0.2636	978.9	980.0	980.4		
47.2193	0.2579	978.9	980.0	980.3		
47.2526	0.2623	978.9	980.0	980.3		
47.2860	0.2610	978.9	980.0	980.4		
47.3193	0.2658	978.9	980.0	980.4		
47.3526	0.2575	978.9	980.1	980.4		
47.3860	0.2610	978.9	980.0	980.4		
47.4193	0.2675	979.0	980.0	980.5		
47.4526	0.2645	979.0	980.1	980.5		
47.4860	0.2706	978.9	980.0	980.5		
47.5193	0.2632	978.9	980.1	980.5		
47.5526	0.2750	978.9	980.0	980.4		
47.5860	0.2758	979.0	980.0	980.5		
47.6193	0.2645	978.9	980.0	980.5		
47.6526	0.2680	978.9	980.0	980.5		
47.6860	0.2575	978.9	980.0	980.5		
47.7193	0.2640	979.0	980.0	980.5		
47.7526	0.2688	978.9	980.0	980.4		
47.7860	0.2715	978.9	980.1	980.5		
47.8193	0.2671	978.9	980.0	980.5		
47.8526	0.2693	978.9	980.1	980.6		
47.8860	0.2667	979.0	980.1	980.6		
47.9193	0.2684	978.9	980.0	980.5		
47.9526	0.2671	978.9	980.0	980.5		
47.9860	0.2583	979.0	980.1	980.6		
48.0193	0.2640	979.0	980.0	980.5		
48.0526	0.2649	979.0	980.1	980.6		
48.0860	0.2623	979.0	980.1	980.6		
48.1193	0.2715	978.9	980.0	980.5		
48.1526	0.2667	978.9	980.0	980.5		
48.1860	0.2736	979.0	980.1	980.6		
48.2193	0.2658	979.0	980.1	980.4		
48.2526	0.2649	979.0	980.1	980.5		
48.2860	0.2658	979.0	980.1	980.5		
48.3193	0.2754	979.0	980.1	980.5		
48.3526	0.2675	979.0	980.1	980.5		
48.3860	0.2684	979.0	980.1	980.5		
48.4193	0.2710	979.0	980.0	980.5		
48.4526	0.2662	978.9	980.0	980.5		
48.4860	0.2636	979.0	980.0	980.5		
48.5193	0.2702	978.9	980.0	980.5		
48.5526	0.2680	979.0	980.0	980.5		
48.5860	0.2653	978.9	980.0	980.4		
48.6193	0.2632	979.0	980.0	980.5		
48.6526	0.2723	979.0	980.1	980.5		
48.6860	0.2693	978.9	980.1	980.5		
48.7193	0.2680	979.0	980.1	980.6		
48.7526	0.2680	979.0	980.0	980.5		
48.7860	0.2688	979.1	980.1	980.5		
48.8193	0.2675	979.0	980.1	980.5		
48.8526	0.2640	978.9	980.1	980.4		
48.8860	0.2763	979.0	980.1	980.4		
48.9193	0.2715	978.9	980.0	980.4		
48.9526	0.2789	978.9	980.1	980.5		
48.9860	0.2702	979.0	980.1	980.5		
49.0193	0.2662	979.0	980.1	980.5		
49.0526	0.2671	979.0	980.1	980.5		
49.0860	0.2688	979.0	980.1	980.5		
49.1193	0.2697	979.1	980.2	980.7		
49.1526	0.2706	979.0	980.2	980.5		
49.1860	0.2798	978.9	980.1	980.5		
49.2193	0.2741	979.0	980.1	980.5		
49.2526	0.2728	979.0	980.0	980.5		
49.2860	0.2702	978.9	980.0	980.4		
49.3193	0.2719	979.0	980.1	980.5		
49.3526	0.2680	979.0	980.1	980.5		
49.3860	0.2675	979.0	980.2	980.6		
49.4193	0.2719	979.0	980.0	980.4		
49.4526	0.2723	979.0	980.1	980.5		
49.4860	0.2710	979.0	980.1	980.5		
49.5193	0.2706	978.9	980.0	980.5		
49.5526	0.2736	978.9	980.1	980.4		
49.5860	0.2715	978.9	980.1	980.4		
49.6193	0.2776	978.9	980.1	980.5		
49.6526	0.2667	979.0	980.1	980.5		
49.6860	0.2863	979.0	980.1	980.5		
49.7193	0.2693	979.0	980.0	980.4		
49.7526	0.2767	979.1	980.1	980.6		
49.7860	0.2719	979.0	980.0	980.4		
49.8193	0.2767	978.9	980.0	980.5		
49.8526	0.2688	979.0	980.1	980.6		
49.8860	0.2745	978.9	980.1	980.5		
49.9193	0.2750	978.8	980.0	980.5		
49.9526	0.2750	978.9	980.1	980.5		
49.9860	0.2798	978.9	980.0	980.5		
50.0193	0.2767	979.0	980.1	980.5		
50.0526	0.2771	979.0	980.1	980.5		
50.0860	0.2802	978.8	980.0	980.4		
50.1193	0.2898	979.0	980.0	980.5		
50.1526	0.2767	979.0	980.0	980.4		
50.1860	0.2741	978.9	980.0	980.4		
50.2193	0.2754	979.1	980.2	980.7		
50.2526	0.2728	979.0	980.1	980.6		
50.2860	0.2828	978.9	980.1	980.6		
50.3193	0.2806	979.0	980.1	980.5		
50.3526	0.2750	978.9	980.0	980.6		
50.3860	0.2736	978.9	980.1	980.5		
50.4193	0.2763	978.9	980.0	980.4		
50.4526	0.2767	978.9	980.0	980.4		
50.4860	0.2750	978.9	980.0	980.4		
50.5193	0.2771	978.9	980.0	980.5		
50.5526	0.2798	978.9	980.0	980.4		
50.5860	0.2776	978.9	980.0	980.4		
50.6193	0.2750	979.0	980.0	980.5		
50.6526	0.2741	978.9	980.0	980.5		
50.6860	0.2728	978.9	980.0	980.5		
50.7193	0.2776	978.9	980.0	980.4		
50.7526	0.2776	979.0	980.1	980.6		
50.7860	0.2806	979.0	980.0	980.4		
50.8193	0.2754	978.9	980.0	980.5		
50.8526	0.2741	978.9	980.1	980.5		
50.8860	0.2710	978.9	980.0	980.5		
50.9193	0.2824	979.0	980.1	980.5		
50.9526	0.2793	978.9	980.0	980.4		
50.9860	0.2898	978.9	980.0	980.5		
51.0193	0.2745	978.9	980.0	980.5		
51.0526	0.2785	978.9	980.0	980.4		
51.0860	0.2785	978.9	980.0	980.5		
51.1193	0.2763	978.9	980.0	980.4		
51.1526	0.2771	978.9	980.0	980.3		
51.1860	0.2815	978.9	979.9	980.3		
51.2193	0.2785	978.9	979.9	980.4		
51.2526	0.2806	979.0	980.1	980.7		
51.2860	0.2776	979.1	980.1	980.6		
51.3193	0.2750	979.0	980.1	980.5		
51.3526	0.2802	979.0	980.0	980.5		
51.3860	0.2828	978.9	980.0	980.5		
51.4193	0.2872	978.9	979.9	980.5		
51.4526	0.2754	979.0	980.0	980.5		
51.4860	0.2806	978.9	980.0	980.5		
51.5193	0.2745	979.0	980.0	980.5		
51.5526	0.2815	979.0	980.0	980.5		
51.5860	0.2815	979.0	980.0	980.5		
51.6193	0.2785	978.9	980.0	980.5		
51.6526	0.2758	978.9	980.0	980.5		
51.6860	0.2785	978.9	979.9	980.4		
51.7193	0.2850	978.9	980.0	980.4		
51.7526	0.2767	978.9	980.0	980.5		
51.7860	0.2789	979.0	980.0	980.6		
51.8193	0.2920	979.0	980.0	980.5		
51.8526	0.2754	979.0	980.0	980.5		
51.8860	0.2693	979.0	980.1	980.5		
51.9193	0.2750	979.0	980.0	980.5		
51.9526	0.2841	978.9	980.0	980.5		
51.9860	0.2872	978.9	980.0	980.5		
52.0193	0.2837	978.9	980.0	980.4		
52.0526	0.2767	978.9	980.0	980.4		
52.0860	0.2824	979.0	980.0	980.5		
52.1193	0.2741	979.0	980.1	980.6		
52.1526	0.2881	979.0	980.0	980.5		
52.1860	0.2824	979.0	980.0	980.5		
52.2193	0.2815	979.0	980.0	980.5		
52.2526	0.2806	979.0	980.0	980.6		
52.2860	0.2793	978.9	980.0	980.5		
52.3193	0.2767	978.9	979.9	980.5		
52.3526	0.2763	978.9	980.0	980.5		
52.3860	0.2933	978.9	980.0	980.5		
52.4193	0.2916	979.0	980.0	980.5		
52.4526	0.2793	978.9	980.0	980.5		
52.4860	0.2855	979.0	980.1	980.6		
52.5193	0.2776	979.0	980.0	980.5		
52.5526	0.2929	978.9	980.0	980.5		
52.5860	0.2789	979.0	980.0	980.5		
52.6193	0.2911	978.8	979.9	980.4		
52.6526	0.2837	979.0	980.0	980.5		
52.6860	0.2802	978.9	980.0	980.5		
52.7193	0.2916	979.0	980.0	980.5		
52.7526	0.2911	978.9	980.1	980.6		
52.7860	0.2837	979.0	980.0	980.5		
52.8193	0.2929	979.0	980.0	980.5		
52.8526	0.2898	978.8	979.9	980.5		
52.8860	0.2872	978.8	979.9	980.4		
52.9193	0.2850	978.9	980.0	980.5		
52.9526	0.2881	978.9	980.1	980.6		
52.9860	0.2824	978.9	980.0	980.5		
53.0193	0.2793	978.9	980.0	980.5		
53.0526	0.2846	978.9	980.0	980.5		
53.0860	0.2846	979.0	980.0	980.5		
53.1193	0.2850	979.0	980.0	980.6		
53.1526	0.2903	978.9	980.0	980.5		
53.1860	0.2841	978.9	980.0	980.5		
53.2193	0.2911	978.9	980.0	980.6		
53.2526	0.2859	978.9	980.0	980.5		
53.2860	0.2863	978.9	980.0	980.5		
53.3193	0.2846	978.9	980.0	980.5		
53.3526	0.2833	979.0	980.0	980.5		
53.3860	0.2881	978.9	980.0	980.5		
53.4193	0.2802	978.9	980.0	980.5		
53.4526	0.2920	978.9	980.0	980.5		
53.4860	0.2889	979.0	980.0	980.6		
53.5193	0.2938	979.0	980.0	980.5		
53.5526	0.2973	978.9	980.0	980.5		
53.5860	0.2863	978.9	980.0	980.5		
53.6193	0.2920	978.9	979.9	980.4		
53.6526	0.2946	978.9	979.9	980.5		
53.6860	0.2911	978.9	979.9	980.5		
53.7193	0.2859	978.9	980.0	980.5		
53.7526	0.2959	979.0	980.0	980.6		
53.7860	0.2889	978.9	980.0	980.5		
53.8193	0.2868	979.0	980.0	980.5		
53.8526	0.2850	978.9	980.0	980.5		
53.8860	0.2885	979.0	980.0	980.6		
53.9193	0.2959	978.9	980.0	980.5		
53.9526	0.2785	979.0	980.0	980.6		
53.9860	0.2841	978.9	980.0	980.5		
54.0193	0.2855	979.0	980.0	980.6		
54.0526	0.2889	978.9	980.0	980.6		
54.0860	0.2933	978.9	980.0	980.5		
54.1193	0.2863	979.0	980.0	980.5		
54.1526	0.2859	978.8	979.9	980.5		
54.1860	0.3047	978.9	980.0	980.5		
54.2193	0.2872	978.9	980.0	980.5		
54.2526	0.2885	978.9	980.0	980.4		
54.2860	0.2920	978.9	980.0	980.5		
54.3193	0.2929	978.9	980.0	980.5		
54.3526	0.2916	978.9	980.0	980.5		
54.3860	0.2916	979.0	980.0	980.5		
54.4193	0.2981	978.9	980.0	980.4		
54.4526	0.2863	978.9	980.0	980.5		
54.4860	0.2929	978.9	979.9	980.5		
54.5193	0.2959	978.9	979.9	980.4		
54.5526	0.2863	978.9	980.1	980.6		
54.5860	0.2841	978.8	979.9	980.4		
54.6193	0.2968	979.0	980.0	980.5		
54.6526	0.2929	978.9	979.9	980.5		
54.6860	0.2903	978.9	980.0	980.5		
54.7193	0.2916	979.0	980.0	980.5		
54.7526	0.3021	978.9	979.9	980.4		
54.7860	0.2885	978.9	980.0	980.6		
54.8193	0.2968	978.9	979.9	980.5		
54.8526	0.2938	978.9	980.0	980.5		
54.8860	0.2968	978.9	980.0	980.5		
54.9193	0.2929	978.9	980.0	980.5		
54.9526	0.2942	978.9	980.0	980.5		
54.9860	0.2959	979.0	980.0	980.6		
55.0193	0.2933	978.9	980.0	980.5		
55.0526	0.2986	978.9	980.0	980.6		
55.0860	0.2885	978.9	980.0	980.5		
55.1193	0.2986	978.9	980.0	980.5		
55.1526	0.2859	978.9	980.0	980.5		
55.1860	0.2968	978.9	980.0	980.5		
55.2193	0.2911	979.0	980.0	980.5		
55.2526	0.2933	978.9	980.0	980.5		
55.2860	0.2929	979.0	980.1	980.7		
55.3193	0.2990	979.0	980.1	980.6		
55.3526	0.3038	978.9	980.0	980.5		
55.3860	0.2929	978.9	979.9	980.5		
55.4193	0.2938	978.9	980.0	980.5		
55.4526	0.2959	978.9	980.0	980.5		
55.4860	0.2933	978.9	980.0	980.5		
55.5193	0.2999	979.0	980.0	980.5		
55.5526	0.2959	978.9	979.9	980.5		
55.5860	0.2855	978.8	979.8	980.3		
55.6193	0.2955	978.9	979.9	980.4		
55.6526	0.2942	978.9	980.0	980.5		
55.6860	0.3016	979.0	980.0	980.6		
55.7193	0.2959	978.9	979.9	980.4		
55.7526	0.2946	978.9	979.8	980.2		
55.7860	0.2964	979.0	980.1	980.6		
55.8193	0.2990	978.9	979.9	980.4		
55.8526	0.2990	978.9	980.0	980.5		
55.8860	0.2933	979.0	980.0	980.5		
55.9193	0.2968	979.0	980.0	980.6		
55.9526	0.2946	978.9	980.0	980.5		
55.9860	0.2977	978.9	980.0	980.5		
56.0193	0.3069	978.9	980.0	980.5		
56.0526	0.2973	978.9	980.0	980.6		
56.0860	0.2964	978.9	980.0	980.5		
56.1193	0.2973	978.9	980.0	980.5		
56.1526	0.2964	979.0	980.0	980.5		
56.1860	0.2933	979.0	980.0	980.5		
56.2193	0.2994	978.9	980.0	980.5		
56.2526	0.2977	978.9	980.0	980.5		
56.2860	0.3021	978.9	980.0	980.6		
56.3193	0.3025	978.9	979.9	980.5		
56.3526	0.2946	978.9	980.0	980.5		
56.3860	0.2968	978.9	980.0	980.5		
56.4193	0.2938	978.9	980.0	980.5		
56.4526	0.2986	978.9	980.0	980.5		
56.4860	0.2938	978.9	980.0	980.5		
56.5193	0.2920	979.0	980.0	980.5		
56.5526	0.3025	978.9	979.9	980.4		
56.5860	0.3051	978.9	979.9	980.4		
56.6193	0.3003	979.0	980.1	980.5		
56.6526	0.2986	979.0	980.1	980.6		
56.6860	0.2990	978.9	980.0	980.5		
56.7193	0.3060	978.9	980.0	980.4		
56.7526	0.2951	978.9	980.0	980.5		
56.7860	0.2986	978.9	980.0	980.5		
56.8193	0.2942	979.0	980.0	980.5		
56.8526	0.2942	978.9	980.0	980.5		
56.8860	0.3029	978.9	979.9	980.4		
56.9193	0.3086	979.0	980.0	980.5		
56.9526	0.2977	979.0	980.0	980.5		
56.9860	0.3016	979.0	980.0	980.6		
57.0193	0.3003	979.0	980.1	980.6		
57.0526	0.3047	979.0	980.1	980.6		
57.0860	0.2973	979.1	980.0	980.6		
57.1193	0.3025	979.0	980.1	980.6		
57.1526	0.2999	979.0	980.1	980.6		
57.1860	0.3038	979.0	980.1	980.6		
57.2193	0.2977	978.9	980.0	980.5		
57.2526	0.3021	978.9	980.0	980.5		
57.2860	0.3012	979.1	980.2	980.6		
57.3193	0.3008	979.0	980.1	980.5		
57.3526	0.3051	979.0	980.0	980.5		
57.3860	0.2986	978.9	980.0	980.4		
57.4193	0.3025	978.9	980.0	980.4		
57.4526	0.3104	978.9	980.0	980.5		
57.4860	0.2951	979.0	980.1	980.6		
57.5193	0.2990	979.0	980.1	980.5		
57.5526	0.2994	979.0	980.0	980.5		
57.5860	0.2946	979.0	980.1	980.5		
57.6193	0.3099	978.9	980.0	980.5		
57.6526	0.3051	979.0	980.1	980.6		
57.6860	0.3073	979.0	980.1	980.5		
57.7193	0.3029	978.9	980.0	980.5		
57.7526	0.3012	979.0	980.0	980.6		
57.7860	0.3042	979.0	980.0	980.5		
57.8193	0.3042	978.9	980.1	980.6		
57.8526	0.3021	978.9	980.0	980.5		
57.8860	0.2977	978.9	980.1	980.5		
57.9193	0.2986	979.0	980.1	980.6		
57.9526	0.3038	979.0	980.1	980.6		
57.9860	0.3003	978.9	980.0	980.5		
58.0193	0.2994	978.9	980.0	980.5		
58.0526	0.3056	979.0	980.1	980.5		
58.0860	0.3108	979.0	980.0	980.5		
58.1193	0.3064	979.0	980.0	980.5		
58.1526	0.3016	979.0	980.1	980.6		
58.1860	0.3042	979.0	980.0	980.5		
58.2193	0.3152	978.9	980.0	980.5		
58.2526	0.3029	978.9	980.0	980.5		
58.2860	0.3029	978.9	980.1	980.5		
58.3193	0.2994	979.0	980.0	980.5		
58.3526	0.3042	979.0	980.1	980.6		
58.3860	0.3029	978.9	980.0	980.5		
58.4193	0.3077	978.9	980.1	980.5		
58.4526	0.3073	978.9	980.1	980.5		
58.4860	0.3038	978.9	980.0	980.5		
58.5193	0.3099	978.9	980.0	980.5		
58.5526	0.3095	979.0	980.0	980.5		
58.5860	0.3051	979.0	980.1	980.5		
58.6193	0.3165	978.9	980.0	980.5		
58.6526	0.3077	979.0	980.1	980.6		
58.6860	0.3056	978.9	980.0	980.5		
58.7193	0.3016	978.9	980.1	980.5		
58.7526	0.3086	978.9	980.1	980.5		
58.7860	0.3016	978.9	980.1	980.5		
58.8193	0.3073	979.0	980.1	980.6		
58.8526	0.3008	979.0	980.1	980.7		
58.8860	0.2999	978.9	980.0	980.5		
58.9193	0.2955	979.0	980.1	980.5		
58.9526	0.3042	979.0	980.0	980.5		
58.9860	0.3143	978.9	980.0	980.5		
59.0193	0.3082	979.0	980.0	980.4		
59.0526	0.3112	978.9	980.0	980.5		
59.0860	0.3152	979.0	980.0	980.6		
59.1193	0.3047	978.9	980.0	980.5		
59.1526	0.3051	978.9	980.0	980.5		
59.1860	0.3126	978.9	980.0	980.6		
59.2193	0.3016	978.8	980.0	980.5		
59.2526	0.3077	978.8	980.0	980.5		
59.2860	0.3095	978.9	980.0	980.5		
59.3193	0.3082	978.9	980.0	980.6		
59.3526	0.3047	978.9	980.1	980.5		
59.3860	0.3064	978.9	980.0	980.5		
59.4193	0.3086	979.0	980.0	980.5		
59.4526	0.3069	978.9	980.0	980.5		
59.4860	0.3091	979.0	980.1	980.5		
59.5193	0.3178	978.9	980.0	980.5		
59.5526	0.3056	978.9	980.1	980.6		
59.5860	0.3060	978.9	980.1	980.5		
59.6193	0.3112	978.9	980.0	980.5		
59.6526	0.3108	979.0	980.1	980.6		
59.6860	0.3077	979.0	980.0	980.5		
59.7193	0.3042	978.9	980.0	980.5		
59.7526	0.3156	978.9	980.1	980.5		
59.7860	0.3082	979.0	980.1	980.6		
59.8193	0.3121	978.9	980.1	980.6		
59.8526	0.2977	979.0	980.0	980.5		
59.8860	0.3095	978.9	980.0	980.5		
59.9193	0.3130	979.0	980.1	980.6		
59.9526	0.3099	979.0	980.1	980.6		
59.9860	0.3178	979.0	980.1	980.5		
60.0193	0.3239	979.0	980.0	980.5		
60.0526	0.3086	978.9	980.1	980.5		
60.0860	0.3056	978.9	980.1	980.5		
60.1193	0.3147	978.9	980.0	980.5		
60.1526	0.3077	978.9	980.1	980.6		
60.1860	0.3095	978.9	980.1	980.5		
60.2193	0.3077	978.9	980.0	980.5		
60.2526	0.3139	979.0	980.1	980.5		
60.2860	0.3126	978.9	980.0	980.5		
60.3193	0.3126	978.9	980.0	980.5		
60.3526	0.3143	978.9	980.0	980.6		
60.3860	0.3130	978.9	980.0	980.6		
60.4193	0.3091	978.9	980.1	980.5		
60.4526	0.3126	979.0	980.1	980.5		
60.4860	0.3047	979.0	980.0	980.5		
60.5193	0.3073	978.9	980.0	980.5		
60.5526	0.3047	979.0	980.1	980.5		
60.5860	0.3112	978.9	980.1	980.6		
60.6193	0.3174	978.9	980.1	980.5		
60.6526	0.3069	979.0	980.1	980.6		
60.6860	0.3195	979.0	980.0	980.5		
60.7193	0.3099	979.0	980.1	980.5		
60.7526	0.3165	978.9	980.0	980.5		
60.7860	0.3152	978.9	980.0	980.5		
60.8193	0.3195	979.0	980.0	980.4		
60.8526	0.3204	979.0	980.1	980.5		
60.8860	0.3130	979.0	980.1	980.6		
60.9193	0.3056	979.0	980.1	980.6		
60.9526	0.3134	979.0	980.1	980.6		
60.9860	0.3086	979.0	980.0	980.5		
61.0193	0.3169	979.0	980.1	980.5		
61.0526	0.3165	978.9	980.0	980.5		
61.0860	0.3117	978.9	980.1	980.5		
61.1193	0.3165	979.0	980.1	980.6		
61.1526	0.3165	979.0	980.1	980.5		
61.1860	0.3213	978.9	980.1	980.5		
61.2193	0.3169	978.9	980.0	980.5		
61.2526	0.3169	978.9	980.0	980.5		
61.2860	0.3165	978.9	980.0	980.5		
61.3193	0.3182	978.9	980.0	980.6		
61.3526	0.3213	979.0	980.0	980.5		
61.3860	0.3195	978.9	980.1	980.6		
61.4193	0.3147	979.0	980.0	980.6		
61.4526	0.3222	979.0	980.0	980.6		
61.4860	0.3182	979.0	980.1	980.5		
61.5193	0.3226	979.0	980.1	980.5		
61.5526	0.3226	978.9	980.0	980.5		
61.5860	0.3204	978.9	980.0	980.5		
61.6193	0.3161	978.9	980.1	980.6		
61.6526	0.3209	979.0	980.1	980.5		
61.6860	0.3195	979.0	980.0	980.5		
61.7193	0.3121	978.9	980.0	980.5		
61.7526	0.3152	979.0	980.1	980.6		
61.7860	0.3156	979.0	980.1	980.5		
61.8193	0.3191	979.0	980.1	980.5		
61.8526	0.3213	979.0	980.1	980.6		
61.8860	0.3217	979.5	980.4	980.7		
61.9193	0.3204	979.1	980.1	980.5		
61.9526	0.3200	978.6	979.9	980.4		
61.9860	0.3161	978.9	980.0	980.5		
62.0193	0.3217	978.8	979.9	980.5		
62.0526	0.3305	978.9	980.0	980.5		
62.0860	0.3169	978.9	980.0	980.5		
62.1193	0.3222	978.9	980.0	980.4		
62.1526	0.3191	978.9	980.0	980.5		
62.1860	0.3139	978.9	980.0	980.5		
62.2193	0.3082	979.0	980.1	980.5		
62.2526	0.3130	979.0	980.1	980.6		
62.2860	0.3156	979.0	980.0	980.6		
62.3193	0.3117	978.9	980.1	980.5		
62.3526	0.3195	979.0	980.1	980.6		
62.3860	0.3261	979.0	980.1	980.6		
62.4193	0.3213	978.9	980.1	980.6		
62.4526	0.3200	979.0	980.1	980.5		
62.4860	0.3165	978.9	980.0	980.5		
62.5193	0.3204	979.0	980.0	980.5		
62.5526	0.3126	979.0	980.0	980.5		
62.5860	0.3187	979.0	980.0	980.5		
62.6193	0.3226	979.0	980.1	980.5		
62.6526	0.3217	978.9	980.2	980.7		
62.6860	0.3270	978.9	980.0	980.5		
62.7193	0.3174	978.9	980.1	980.6		
62.7526	0.3283	979.0	980.1	980.6		
62.7860	0.3204	978.9	980.0	980.5		
62.8193	0.3182	978.9	980.1	980.5		
62.8526	0.3248	978.9	980.1	980.6		
62.8860	0.3169	979.0	980.0	980.6		
62.9193	0.3274	978.9	980.0	980.5		
62.9526	0.3283	979.0	980.1	980.6		
62.9860	0.3261	979.0	980.1	980.6		
63.0193	0.3230	979.0	980.1	980.5		
63.0526	0.3252	979.1	980.1	980.7		
63.0860	0.3213	979.0	980.1	980.6		
63.1193	0.3261	978.9	980.1	980.5		
63.1526	0.3257	979.0	980.1	980.5		
63.1860	0.3235	978.9	980.0	980.5		
63.2193	0.3257	978.9	980.0	980.5		
63.2526	0.3300	978.9	980.1	980.5		
63.2860	0.3239	979.1	980.1	980.6		
63.3193	0.3204	979.0	980.1	980.5		
63.3526	0.3239	979.0	980.1	980.6		
63.3860	0.3222	979.0	980.1	980.6		
63.4193	0.3296	978.9	980.1	980.6		
63.4526	0.3287	979.0	980.1	980.6		
63.4860	0.3287	978.9	980.0	980.5		
63.5193	0.3287	979.0	980.0	980.5		
63.5526	0.3182	979.0	980.1	980.5		
63.5860	0.3209	979.0	980.1	980.6		
63.6193	0.3270	978.9	980.0	980.5		
63.6526	0.3274	978.9	980.0	980.5		
63.6860	0.3230	978.9	980.0	980.6		
63.7193	0.3274	978.9	980.0	980.5		
63.7526	0.3239	978.9	980.0	980.5		
63.7860	0.3235	979.0	980.1	980.6		
63.8193	0.3265	979.0	980.1	980.6		
63.8526	0.3248	979.0	980.1	980.5		
63.8860	0.3318	979.0	980.1	980.6		
63.9193	0.3292	979.0	980.1	980.6		
63.9526	0.3239	978.9	980.1	980.5		
63.9860	0.3235	979.0	980.0	980.5		
64.0193	0.3279	979.0	980.0	980.5		
64.0526	0.3230	978.9	980.1	980.5		
64.0860	0.3222	979.0	980.1	980.6		
64.1193	0.3226	979.0	980.1	980.5		
64.1526	0.3244	979.0	980.1	980.6		
64.1860	0.3322	978.9	980.0	980.5		
64.2193	0.3213	979.0	980.1	980.5		
64.2526	0.3261	978.9	980.0	980.6		
64.2860	0.3235	978.9	980.0	980.5		
64.3193	0.3265	978.9	980.1	980.5		
64.3526	0.3300	979.0	980.1	980.6		
64.3860	0.3200	978.9	980.0	980.5		
64.4193	0.3283	978.9	980.0	980.5		
64.4526	0.3287	978.8	980.0	980.5		
64.4860	0.3244	979.0	980.0	980.6		
64.5193	0.3248	978.9	980.0	980.5		
64.5526	0.3265	978.9	980.0	980.5		
64.5860	0.3248	978.9	980.1	980.6		
64.6193	0.3209	979.0	980.1	980.6		
64.6526	0.3248	979.0	980.1	980.5		
64.6860	0.3327	979.0	980.1	980.6		
64.7193	0.3261	979.0	980.1	980.5		
64.7526	0.3305	979.0	980.1	980.6		
64.7860	0.3344	979.0	980.1	980.6		
64.8193	0.3261	979.0	980.1	980.6		
64.8526	0.3296	978.9	980.0	980.5		
64.8860	0.3296	978.9	980.1	980.5		
64.9193	0.3270	978.8	980.0	980.4		
64.9526	0.3265	978.8	979.9	980.4		
64.9860	0.3279	978.8	980.0	980.4		
65.0193	0.3248	978.9	980.0	980.6		
65.0526	0.3270	978.9	980.0	980.5		
65.0860	0.3322	979.0	980.1	980.6		
65.1193	0.3344	978.9	980.0	980.5		
65.1526	0.3279	978.8	980.0	980.5		
65.1860	0.3270	978.9	980.1	980.5		
65.2193	0.3279	979.0	980.0	980.6		
65.2526	0.3366	979.0	980.1	980.6		
65.2860	0.3292	979.0	980.0	980.5		
65.3193	0.3292	979.0	980.1	980.5		
65.3526	0.3279	979.0	980.0	980.5		
65.3860	0.3244	978.9	980.0	980.5		
65.4193	0.3261	978.9	980.0	980.6		
65.4526	0.3318	978.9	980.0	980.5		
65.4860	0.3362	978.9	980.1	980.6		
65.5193	0.3322	979.0	980.1	980.6		
65.5526	0.3292	978.9	980.0	980.5		
65.5860	0.3300	978.9	980.0	980.5		
65.6193	0.3370	978.8	980.0	980.5		
65.6526	0.3274	978.9	980.0	980.5		
65.6860	0.3305	979.0	980.0	980.5		
65.7193	0.3344	979.0	980.0	980.6		
65.7526	0.3296	979.0	980.0	980.5		
65.7860	0.3265	978.9	980.1	980.6		
65.8193	0.3401	978.9	980.0	980.5		
65.8526	0.3300	979.0	980.0	980.6		
65.8860	0.3318	979.0	980.1	980.6		
65.9193	0.3309	978.9	980.0	980.5		
65.9526	0.3340	978.9	980.0	980.5		
65.9860	0.3397	979.0	980.1	980.6		
66.0193	0.3305	978.9	980.0	980.5		
66.0526	0.3305	978.9	980.0	980.4		
66.0860	0.3388	979.0	980.1	980.6		
66.1193	0.3283	979.1	980.2	980.6		
66.1526	0.3318	978.9	980.1	980.6		
66.1860	0.3305	978.9	980.1	980.6		
66.2193	0.3370	978.9	980.1	980.6		
66.2526	0.3401	978.9	980.1	980.5		
66.2860	0.3318	978.9	980.1	980.6		
66.3193	0.3331	978.9	980.0	980.5		
66.3526	0.3300	978.9	980.0	980.5		
66.3860	0.3432	979.0	980.0	980.6		
66.4193	0.3370	978.9	980.1	980.5		
66.4526	0.3344	978.9	980.0	980.5		
66.4860	0.3344	978.9	980.0	980.6		
66.5193	0.3274	978.9	980.0	980.5		
66.5526	0.3331	979.0	980.1	980.6		
66.5860	0.3353	979.0	980.1	980.6		
66.6193	0.3331	979.0	980.1	980.6		
66.6526	0.3318	978.9	980.0	980.6		
66.6860	0.3383	978.9	980.0	980.5		
66.7193	0.3401	978.9	980.1	980.6		
66.7526	0.3318	978.9	980.0	980.6		
66.7860	0.3344	979.0	980.1	980.6		
66.8193	0.3327	979.0	980.0	980.6		
66.8526	0.3353	978.9	980.0	980.5		
66.8860	0.3353	978.9	980.1	980.6		
66.9193	0.3471	979.0	980.1	980.5		
66.9526	0.3392	979.0	980.1	980.7		
66.9860	0.3353	978.9	980.0	980.5		
67.0193	0.3392	978.9	980.0	980.5		
67.0526	0.3362	978.8	980.0	980.5		
67.0860	0.3309	978.9	980.0	980.5		
67.1193	0.3353	978.9	980.0	980.6		
67.1526	0.3397	978.9	980.0	980.5		
67.1860	0.3362	978.9	980.0	980.5		
67.2193	0.3348	979.0	980.1	980.6		
67.2526	0.3379	978.9	980.0	980.6		
67.2860	0.3335	979.0	980.0	980.5		
67.3193	0.3348	979.0	980.0	980.5		
67.3526	0.3375	979.0	980.0	980.6		
67.3860	0.3388	979.0	980.0	980.6		
67.4193	0.3344	979.0	980.1	980.6		
67.4526	0.3397	978.9	980.1	980.5		
67.4860	0.3344	978.9	980.1	980.5		
67.5193	0.3322	979.0	980.1	980.6		
67.5526	0.3414	979.0	980.0	980.6		
67.5860	0.3458	978.9	980.1	980.5		
67.6193	0.3353	978.9	980.0	980.5		
67.6526	0.3397	979.0	980.1	980.6		
67.6860	0.3427	979.0	980.2	980.6		
67.7193	0.3388	979.0	980.1	980.6		
67.7526	0.3453	979.0	980.1	980.6		
67.7860	0.3405	978.9	980.0	980.5		
67.8193	0.3335	978.9	980.0	980.5		
67.8526	0.3348	978.9	980.1	980.5		
67.8860	0.3405	978.9	979.9	980.4		
67.9193	0.3383	978.9	980.0	980.5		
67.9526	0.3379	979.0	980.0	980.6		
67.9860	0.3353	978.9	980.0	980.6		
68.0193	0.3375	978.9	980.1	980.5		
68.0526	0.3458	979.0	980.1	980.6		
68.0860	0.3427	978.9	980.1	980.6		
68.1193	0.3449	978.9	980.1	980.6		
68.1526	0.3497	978.9	980.1	980.6		
68.1860	0.3383	978.9	980.0	980.6		
68.2193	0.3401	979.0	980.1	980.6		
68.2526	0.3405	979.0	980.1	980.5		
68.2860	0.3449	978.9	980.0	980.5		
68.3193	0.3353	978.8	980.0	980.5		
68.3526	0.3366	978.9	979.9	980.4		
68.3860	0.3405	979.0	980.0	980.5		
68.4193	0.3458	978.9	980.1	980.5		
68.4526	0.3449	978.9	980.0	980.5		
68.4860	0.3366	979.0	980.1	980.6		
68.5193	0.3379	978.9	980.0	980.5		
68.5526	0.3467	978.9	980.0	980.5		
68.5860	0.3414	979.0	980.1	980.5		
68.6193	0.3432	979.0	980.1	980.6		
68.6526	0.3462	978.9	980.1	980.6		
68.6860	0.3436	979.0	980.0	980.6		
68.7193	0.3366	979.0	980.0	980.5		
68.7526	0.3462	978.9	980.0	980.5		
68.7860	0.3440	978.9	980.1	980.5		
68.8193	0.3532	978.9	980.0	980.6		
68.8526	0.3362	979.0	980.1	980.6		
68.8860	0.3497	978.9	980.1	980.6		
68.9193	0.3515	979.0	980.1	980.6		
68.9526	0.3383	978.9	980.1	980.5		
68.9860	0.3418	978.9	980.0	980.5		
69.0193	0.3480	978.9	980.0	980.6		
69.0526	0.3471	978.9	980.0	980.5		
69.0860	0.3397	978.9	980.0	980.5		
69.1193	0.3440	979.0	980.0	980.5		
69.1526	0.3432	978.9	980.0	980.6		
69.1860	0.3471	978.9	980.0	980.5		
69.2193	0.3510	978.9	980.0	980.5		
69.2526	0.3488	978.9	980.0	980.5		
69.2860	0.3392	978.9	980.0	980.5		
69.3193	0.3392	978.9	979.9	980.5		
69.3526	0.3497	978.8	979.9	980.4		
69.3860	0.3436	978.9	980.0	980.5		
69.4193	0.3449	979.0	980.1	980.7		
69.4526	0.3475	978.9	980.0	980.6		
69.4860	0.3445	978.9	980.0	980.5		
69.5193	0.3493	978.9	980.0	980.6		
69.5526	0.3445	978.8	980.0	980.5		
69.5860	0.3484	978.8	980.0	980.5		
69.6193	0.3506	978.9	980.0	980.6		
69.6526	0.3510	978.9	980.0	980.6		
69.6860	0.3453	979.0	980.0	980.6		
69.7193	0.3510	978.9	980.0	980.6		
69.7526	0.3484	978.9	980.0	980.6		
69.7860	0.3445	978.9	980.0	980.5		
69.8193	0.3475	978.9	980.0	980.6		
69.8526	0.3510	978.9	980.0	980.5		
69.8860	0.3480	978.9	980.0	980.5		
69.9193	0.3449	978.9	980.1	980.6		
69.9526	0.3541	978.9	980.0	980.6		
69.9860	0.3436	978.8	980.0	980.5		
70.0193	0.3510	978.9	980.0	980.6		
70.0526	0.3467	978.9	980.0	980.6		
70.0860	0.3475	978.8	980.0	980.5		
70.1193	0.3475	978.9	980.0	980.6		
70.1526	0.3480	978.8	980.0	980.5		
70.1860	0.3427	978.9	980.0	980.6		
70.2193	0.3471	978.9	980.0	980.6		
70.2526	0.3510	978.9	980.0	980.6		
70.2860	0.3475	978.9	980.0	980.5		
70.3193	0.3475	979.0	980.0	980.6		
70.3526	0.3536	979.0	980.0	980.6		
70.3860	0.3541	978.9	980.0	980.5		
70.4193	0.3453	978.9	980.0	980.6		
70.4526	0.3488	978.9	980.0	980.5		
70.4860	0.3519	978.9	980.1	980.7		
70.5193	0.3410	978.9	980.0	980.6		
70.5526	0.3488	979.0	980.0	980.6		
70.5860	0.3418	978.9	979.9	980.5		
70.6193	0.3471	978.9	980.0	980.5		
70.6526	0.3488	978.9	980.0	980.5		
70.6860	0.3528	978.8	980.0	980.5		
70.7193	0.3475	978.9	980.0	980.5		
70.7526	0.3528	978.9	980.0	980.6		
70.7860	0.3519	978.9	980.0	980.6		
70.8193	0.3532	978.9	980.0	980.5		
70.8526	0.3541	978.9	980.0	980.6		
70.8860	0.3440	978.9	980.1	980.6		
70.9193	0.3554	978.9	980.0	980.5		
70.9526	0.3545	978.9	980.0	980.6		
70.9860	0.3528	978.8	979.9	980.6		
71.0193	0.3523	978.9	980.0	980.6		
71.0526	0.3536	978.9	980.0	980.6		
71.0860	0.3515	978.9	980.0	980.5		
71.1193	0.3523	978.9	980.0	980.6		
71.1526	0.3519	978.8	980.0	980.6		
71.1860	0.3510	978.9	980.0	980.6		
71.2193	0.3567	978.9	980.0	980.6		
71.2526	0.3506	978.9	980.0	980.5		
71.2860	0.3497	978.9	980.0	980.6		
71.3193	0.3606	978.9	980.0	980.6		
71.3526	0.3519	978.9	979.9	980.5		
71.3860	0.3541	978.8	979.9	980.5		
71.4193	0.3563	978.9	980.0	980.6		
71.4526	0.3598	978.9	980.0	980.6		
71.4860	0.3528	979.0	980.0	980.5		
71.5193	0.3545	978.9	980.0	980.6		
71.5526	0.3532	978.9	980.0	980.6		
71.5860	0.3523	978.9	980.0	980.6		
71.6193	0.3567	978.9	980.0	980.6		
71.6526	0.3589	978.9	980.0	980.5		
71.6860	0.3523	978.9	980.0	980.5		
71.7193	0.3528	979.0	980.0	980.6		
71.7526	0.3571	979.0	980.0	980.6		
71.7860	0.3571	978.9	980.0	980.6		
71.8193	0.3633	979.0	980.0	980.7		
71.8526	0.3519	978.9	980.0	980.6		
71.8860	0.3611	979.0	980.0	980.6		
71.9193	0.3554	978.9	980.0	980.6		
71.9526	0.3545	978.9	980.0	980.5		
71.9860	0.3519	978.9	980.0	980.6		
72.0193	0.3515	978.9	980.0	980.5		
72.0526	0.3519	978.9	980.0	980.6		
72.0860	0.3598	979.0	980.0	980.6		
72.1193	0.3558	978.9	980.0	980.7		
72.1526	0.3580	978.9	980.0	980.6		
72.1860	0.3580	978.9	980.0	980.6		
72.2193	0.3506	978.9	980.0	980.6		
72.2526	0.3624	979.0	980.0	980.6		
72.2860	0.3462	978.9	980.0	980.6		
72.3193	0.3567	978.9	980.1	980.6		
72.3526	0.3506	978.9	980.0	980.6		
72.3860	0.3532	979.0	980.1	980.8		
72.4193	0.3567	979.0	980.0	980.6		
72.4526	0.3567	978.9	979.9	980.5		
72.4860	0.3545	978.9	980.0	980.6		
72.5193	0.3519	978.9	980.0	980.5		
72.5526	0.3593	979.0	980.1	980.7		
72.5860	0.3501	978.9	980.0	980.6		
72.6193	0.3541	979.0	980.0	980.7		
72.6526	0.3528	979.0	980.1	980.6		
72.6860	0.3633	979.0	980.1	980.7		
72.7193	0.3440	978.8	980.0	980.5		
72.7526	0.3598	978.8	979.9	980.5		
72.7860	0.3676	978.8	979.9	980.4		
72.8193	0.3571	978.9	980.0	980.6		
72.8526	0.3606	978.9	980.0	980.7		
72.8860	0.3545	978.9	979.9	980.6		
72.9193	0.3501	979.0	980.1	980.7		
72.9526	0.3650	978.9	980.1	980.6		
72.9860	0.3593	978.9	980.0	980.5		
73.0193	0.3576	978.9	980.0	980.6		
73.0526	0.3615	979.0	980.0	980.6		
73.0860	0.3532	978.9	980.1	980.6		
73.1193	0.3637	978.9	980.0	980.6		
73.1526	0.3624	978.9	980.0	980.5		
73.1860	0.3598	978.9	980.0	980.5		
73.2193	0.3593	978.9	980.1	980.6		
73.2526	0.3620	978.9	980.0	980.6		
73.2860	0.3471	978.9	980.0	980.6		
73.3193	0.3576	978.9	980.0	980.6		
73.3526	0.3602	978.9	980.0	980.6		
73.3860	0.3585	978.9	980.0	980.6		
73.4193	0.3654	978.9	980.0	980.6		
73.4526	0.3580	979.0	980.0	980.6		
73.4860	0.3515	978.9	980.0	980.6		
73.5193	0.3620	978.9	980.0	980.6		
73.5526	0.3593	978.9	980.0	980.6		
73.5860	0.3650	978.9	980.0	980.6		
73.6193	0.3593	978.8	979.9	980.4		
73.6526	0.3620	978.9	980.0	980.6		
73.6860	0.3650	978.8	979.9	980.5		
73.7193	0.3602	978.9	980.0	980.5		
73.7526	0.3615	978.9	980.0	980.6		
73.7860	0.3624	978.9	980.1	980.8		
73.8193	0.3606	979.0	980.1	980.7		
73.8526	0.3550	979.0	980.1	980.6		
73.8860	0.3580	978.8	979.9	980.6		
73.9193	0.3593	978.9	980.0	980.6		
73.9526	0.3602	978.9	980.0	980.5		
73.9860	0.3532	978.9	980.0	980.6		
74.0193	0.3633	978.9	980.0	980.6		
74.0526	0.3615	978.9	980.1	980.7		
74.0860	0.3585	979.0	980.1	980.6		
74.1193	0.3606	978.9	979.9	980.5		
74.1526	0.3637	978.9	980.0	980.6		
74.1860	0.3554	978.9	980.0	980.6		
74.2193	0.3615	978.9	980.0	980.6		
74.2526	0.3571	978.9	980.0	980.6		
74.2860	0.3633	978.9	980.0	980.7		
74.3193	0.3611	978.8	980.0	980.6		
74.3526	0.3598	979.0	980.0	980.6		
74.3860	0.3554	978.9	980.0	980.5		
74.4193	0.3624	978.9	980.0	980.5		
74.4526	0.3672	978.9	980.0	980.6		
74.4860	0.3615	978.9	980.0	980.7		
74.5193	0.3628	978.9	980.0	980.6		
74.5526	0.3650	978.9	980.0	980.6		
74.5860	0.3602	978.9	980.0	980.6		
74.6193	0.3685	978.8	980.0	980.5		
74.6526	0.3641	978.9	979.9	980.6		
74.6860	0.3550	978.9	980.0	980.6		
74.7193	0.3650	979.0	980.0	980.6		
74.7526	0.3641	978.9	979.9	980.6		
74.7860	0.3633	978.9	980.0	980.6		
74.8193	0.3580	978.9	979.9	980.6		
74.8526	0.3663	978.9	980.0	980.6		
74.8860	0.3593	978.8	980.0	980.6		
74.9193	0.3633	978.9	980.1	980.8		
74.9526	0.3641	979.0	980.1	980.7		
74.9860	0.3536	978.9	980.1	980.6		
75.0193	0.3611	978.9	979.9	980.5		
75.0526	0.3641	978.9	980.0	980.6		
75.0860	0.3689	978.9	980.0	980.6		
75.1193	0.3624	978.9	980.0	980.6		
75.1526	0.3681	979.0	980.0	980.6		
75.1860	0.3663	978.9	980.0	980.6		
75.2193	0.3624	978.9	979.9	980.5		
75.2526	0.3724	978.9	980.0	980.5		
75.2860	0.3685	978.9	980.0	980.6		
75.3193	0.3598	978.9	980.0	980.6		
75.3526	0.3650	978.9	980.0	980.7		
75.3860	0.3620	978.9	980.1	980.6		
75.4193	0.3685	978.9	980.0	980.5		
75.4526	0.3720	978.9	980.1	980.6		
75.4860	0.3624	978.9	980.0	980.6		
75.5193	0.3615	979.0	980.1	980.7		
75.5526	0.3707	978.9	980.0	980.6		
75.5860	0.3641	979.1	980.2	980.8		
75.6193	0.3694	978.9	980.0	980.6		
75.6526	0.3698	978.9	980.0	980.6		
75.6860	0.3716	978.9	980.0	980.7		
75.7193	0.3672	978.9	980.0	980.6		
75.7526	0.3729	979.0	980.0	980.6		
75.7860	0.3563	978.9	980.0	980.7		
75.8193	0.3668	979.0	980.0	980.6		
75.8526	0.3703	978.9	980.0	980.6		
75.8860	0.3668	978.9	980.0	980.6		
75.9193	0.3641	978.9	980.0	980.5		
75.9526	0.3637	978.9	980.0	980.6		
75.9860	0.3606	979.0	980.0	980.7		
76.0193	0.3729	978.9	979.9	980.5		
76.0526	0.3606	978.9	980.0	980.6		
76.0860	0.3641	979.0	980.1	980.6		
76.1193	0.3659	978.9	980.0	980.5		
76.1526	0.3698	978.9	980.0	980.6		
76.1860	0.3694	978.9	980.0	980.6		
76.2193	0.3685	978.9	980.0	980.6		
76.2526	0.3689	978.9	980.0	980.6		
76.2860	0.3716	978.9	980.0	980.6		
76.3193	0.3685	978.9	980.0	980.6		
76.3526	0.3633	978.9	980.1	980.7		
76.3860	0.3729	979.0	980.0	980.7		
76.4193	0.3738	978.9	980.0	980.6		
76.4526	0.3698	979.0	980.0	980.7		
76.4860	0.3694	978.9	980.0	980.6		
76.5193	0.3672	978.9	980.0	980.6		
76.5526	0.3641	978.9	980.0	980.6		
76.5860	0.3707	978.9	980.0	980.7		
76.6193	0.3698	978.9	980.0	980.5		
76.6526	0.3659	978.8	980.0	980.5		
76.6860	0.3689	978.9	980.0	980.6		
76.7193	0.3668	978.9	980.0	980.6		
76.7526	0.3703	978.9	980.0	980.6		
76.7860	0.3672	978.9	980.0	980.6		
76.8193	0.3676	979.0	980.1	980.7		
76.8526	0.3659	978.9	980.1	980.6		
76.8860	0.3624	978.9	980.0	980.6		
76.9193	0.3672	978.9	980.0	980.5		
76.9526	0.3676	978.9	980.0	980.6		
76.9860	0.3720	978.9	980.0	980.7		
77.0193	0.3685	978.9	980.0	980.6		
77.0526	0.3781	978.9	980.1	980.7		
77.0860	0.3755	978.9	980.0	980.6		
77.1193	0.3720	978.9	980.0	980.6		
77.1526	0.3672	978.9	979.9	980.6		
77.1860	0.3799	978.9	980.0	980.6		
77.2193	0.3724	978.9	979.9	980.6		
77.2526	0.3624	978.9	980.0	980.6		
77.2860	0.3676	978.9	980.0	980.6		
77.3193	0.3738	978.9	980.1	980.6		
77.3526	0.3698	978.9	980.0	980.6		
77.3860	0.3681	978.9	980.0	980.7		
77.4193	0.3720	978.9	980.1	980.8		
77.4526	0.3703	978.9	980.0	980.7		
77.4860	0.3777	978.9	980.1	980.7		
77.5193	0.3716	978.9	980.0	980.7		
77.5526	0.3768	979.0	980.0	980.6		
77.5860	0.3681	978.9	980.0	980.6		
77.6193	0.3676	979.0	980.1	980.7		
77.6526	0.3724	978.9	980.1	980.7		
77.6860	0.3698	978.9	980.0	980.6		
77.7193	0.3729	978.9	980.0	980.6		
77.7526	0.3781	979.0	980.0	980.6		
77.7860	0.3720	978.9	980.1	980.7		
77.8193	0.3698	978.9	980.1	980.6		
77.8526	0.3777	979.0	980.1	980.7		
77.8860	0.3689	978.9	980.0	980.6		
77.9193	0.3759	978.9	980.1	980.7		
77.9526	0.3711	979.0	980.1	980.7		
77.9860	0.3733	978.9	980.0	980.6		
78.0193	0.3755	978.8	980.0	980.6		
78.0526	0.3724	978.8	980.0	980.5		
78.0860	0.3781	979.0	980.0	980.6		
78.1193	0.3746	978.9	980.0	980.7		
78.1526	0.3773	978.9	980.0	980.6		
78.1860	0.3650	978.9	980.0	980.6		
78.2193	0.3759	978.9	980.0	980.6		
78.2526	0.3751	978.9	980.0	980.6		
78.2860	0.3773	978.9	980.0	980.6		
78.3193	0.3768	978.9	980.0	980.7		
78.3526	0.3764	978.9	980.0	980.7		
78.3860	0.3755	979.0	980.0	980.6		
78.4193	0.3821	978.9	980.0	980.6		
78.4526	0.3803	979.0	980.0	980.7		
78.4860	0.3676	978.9	980.0	980.6		
78.5193	0.3689	978.9	980.0	980.6		
78.5526	0.3729	978.9	980.0	980.6		
78.5860	0.3707	979.0	980.1	980.6		
78.6193	0.3724	978.9	980.0	980.6		
78.6526	0.3711	979.0	980.0	980.7		
78.6860	0.3694	978.9	980.1	980.6		
78.7193	0.3764	979.0	980.1	980.8		
78.7526	0.3777	978.8	980.0	980.6		
78.7860	0.3786	978.9	980.0	980.7		
78.8193	0.3738	978.9	980.0	980.6		
78.8526	0.3733	978.8	980.0	980.6		
78.8860	0.3764	978.9	980.0	980.6		
78.9193	0.3711	978.9	980.0	980.6		
78.9526	0.3681	978.9	980.0	980.6		
78.9860	0.3755	978.9	980.0	980.6		
79.0193	0.3738	978.9	980.0	980.6		
79.0526	0.3668	978.8	980.0	980.6		
79.0860	0.3825	978.9	980.0	980.6		
79.1193	0.3794	978.9	980.0	980.6		
79.1526	0.3768	978.9	980.0	980.6		
79.1860	0.3773	978.9	980.0	980.6		
79.2193	0.3738	978.8	980.0	980.5		
79.2526	0.3825	978.9	980.0	980.6		
79.2860	0.3834	978.9	980.0	980.6		
79.3193	0.3751	978.9	980.0	980.6		
79.3526	0.3790	978.9	980.0	980.6		
79.3860	0.3773	978.9	980.0	980.7		
79.4193	0.3786	978.9	980.0	980.6		
79.4526	0.3799	978.8	980.0	980.6		
79.4860	0.3777	978.8	980.0	980.6		
79.5193	0.3733	978.9	980.0	980.6		
79.5526	0.3755	978.9	980.0	980.5		
79.5860	0.3681	979.0	980.0	980.6		
79.6193	0.3794	979.0	980.0	980.6		
79.6526	0.3790	978.9	980.0	980.6		
79.6860	0.3773	978.9	980.0	980.7		
79.7193	0.3781	978.9	980.0	980.6		
79.7526	0.3812	978.8	980.0	980.6		
79.7860	0.3746	978.9	980.0	980.6		
79.8193	0.3799	978.8	980.0	980.6		
79.8526	0.3794	978.9	979.9	980.5		
79.8860	0.3738	978.9	980.0	980.6		
79.9193	0.3803	978.9	980.0	980.6		
79.9526	0.3759	978.9	980.0	980.7		
79.9860	0.3764	978.9	980.0	980.6		
80.0193	0.3816	978.9	980.1	980.7		
80.0526	0.3773	978.9	980.0	980.6		
80.0860	0.3807	978.9	980.0	980.5		
80.1193	0.3803	978.9	980.0	980.6		
80.1526	0.3803	979.0	980.1	980.7		
80.1860	0.3803	978.9	980.1	980.6		
80.2193	0.3773	978.9	980.0	980.6		
80.2526	0.3755	978.9	979.9	980.6		
80.2860	0.3794	978.8	980.0	980.6		
80.3193	0.3821	978.9	980.0	980.6		
80.3526	0.3773	979.0	980.0	980.6		
80.3860	0.3803	979.0	980.1	980.8		
80.4193	0.3856	978.9	980.0	980.6		
80.4526	0.3781	978.9	980.0	980.6		
80.4860	0.3882	978.9	980.0	980.6		
80.5193	0.3851	978.9	980.0	980.5		
80.5526	0.3829	978.9	980.0	980.6		
80.5860	0.3838	978.8	979.9	980.6		
80.6193	0.3825	978.9	980.0	980.6		
80.6526	0.3786	978.9	980.0	980.5		
80.6860	0.3755	978.8	980.0	980.6		
80.7193	0.3842	978.9	980.0	980.6		
80.7526	0.3803	978.9	979.9	980.5		
80.7860	0.3803	978.9	980.0	980.7		
80.8193	0.3707	979.0	980.1	980.7		
80.8526	0.3794	978.9	980.0	980.6		
80.8860	0.3864	978.9	979.9	980.6		
80.9193	0.3694	978.8	980.0	980.5		
80.9526	0.3786	978.8	980.0	980.6		
80.9860	0.3821	978.9	980.0	980.6		
81.0193	0.3764	978.9	980.0	980.6		
81.0526	0.3877	978.9	980.0	980.6		
81.0860	0.3825	978.9	980.0	980.6		
81.1193	0.3790	978.9	980.0	980.6		
81.1526	0.3886	978.9	980.0	980.6		
81.1860	0.3912	978.9	980.0	980.6		
81.2193	0.3807	978.9	980.0	980.7		
81.2526	0.3768	978.9	980.0	980.7		
81.2860	0.3777	978.9	980.0	980.6		
81.3193	0.3803	979.0	980.1	980.6		
81.3526	0.3838	978.9	980.0	980.6		
81.3860	0.3829	979.0	980.1	980.7		
81.4193	0.3786	979.0	980.1	980.6		
81.4526	0.3812	978.9	980.0	980.6		
81.4860	0.3860	978.9	980.1	980.8		
81.5193	0.3759	978.9	980.0	980.6		
81.5526	0.3934	979.0	980.1	980.7		
81.5860	0.3816	979.0	980.1	980.7		
81.6193	0.3777	979.0	980.0	980.6		
81.6526	0.3882	979.0	980.1	980.7		
81.6860	0.3842	979.0	980.1	980.7		
81.7193	0.3869	978.9	980.0	980.5		
81.7526	0.3847	979.0	980.1	980.6		
81.7860	0.3904	979.0	980.1	980.6		
81.8193	0.3851	979.0	980.1	980.7		
81.8526	0.3794	979.0	980.0	980.6		
81.8860	0.3838	979.0	980.1	980.7		
81.9193	0.3873	979.0	980.1	980.7		
81.9526	0.3825	978.9	980.0	980.6		
81.9860	0.3851	978.8	980.0	980.6		
82.0193	0.3873	978.9	980.0	980.6		
82.0526	0.3812	978.9	980.0	980.5		
82.0860	0.3764	978.9	980.0	980.6		
82.1193	0.3838	978.9	980.0	980.5		
82.1526	0.3786	979.0	980.1	980.6		
82.1860	0.3856	978.9	980.0	980.5		
82.2193	0.4000	978.9	980.1	980.6		
82.2526	0.3869	978.9	980.1	980.6		
82.2860	0.3904	978.9	980.1	980.7		
82.3193	0.3838	979.0	980.1	980.6		
82.3526	0.3856	978.9	980.0	980.6		
82.3860	0.3842	979.0	980.0	980.6		
82.4193	0.3882	979.0	980.1	980.6		
82.4526	0.3904	978.9	980.1	980.6		
82.4860	0.3934	978.8	980.0	980.5		
82.5193	0.3930	978.9	980.1	980.7		
82.5526	0.3891	978.9	980.1	980.6		
82.5860	0.3864	979.0	980.1	980.6		
82.6193	0.3821	978.9	980.0	980.6		
82.6526	0.3838	979.0	980.1	980.7		
82.6860	0.3812	979.0	980.2	980.6		
82.7193	0.3895	979.0	980.1	980.7		
82.7526	0.3864	978.9	980.1	980.6		
82.7860	0.3895	978.9	980.0	980.6		
82.8193	0.3917	978.9	980.1	980.6		
82.8526	0.3807	978.9	980.0	980.5		
82.8860	0.3790	978.9	980.1	980.5		
82.9193	0.3864	978.9	980.0	980.6		
82.9526	0.3895	979.0	980.1	980.6		
82.9860	0.3869	978.9	980.0	980.6		
83.0193	0.3877	978.9	980.0	980.6		
83.0526	0.3917	978.9	980.0	980.6		
83.0860	0.3921	978.9	980.0	980.6		
83.1193	0.3842	978.9	980.1	980.6		
83.1526	0.3921	978.9	980.0	980.7		
83.1860	0.3982	978.9	980.0	980.5		
83.2193	0.3956	978.9	980.0	980.7		
83.2526	0.3864	978.9	980.0	980.6		
83.2860	0.3908	978.9	980.0	980.6		
83.3193	0.3842	978.9	980.0	980.6		
83.3526	0.3899	978.8	979.9	980.5		
83.3860	0.3969	978.9	980.0	980.6		
83.4193	0.4013	978.9	980.1	980.6		
83.4526	0.3956	978.9	980.0	980.6		
83.4860	0.3917	978.9	980.0	980.6		
83.5193	0.3908	978.9	980.0	980.6		
83.5526	0.3917	978.9	980.1	980.6		
83.5860	0.3842	978.9	980.0	980.6		
83.6193	0.3926	979.0	980.1	980.6		
83.6526	0.3912	978.9	980.1	980.6		
83.6860	0.3908	978.9	980.1	980.6		
83.7193	0.3838	979.0	980.1	980.7		
83.7526	0.3899	978.9	980.1	980.6		
83.7860	0.3908	978.9	980.1	980.6		
83.8193	0.3895	979.0	980.0	980.5		
83.8526	0.3912	979.0	980.1	980.6		
83.8860	0.3904	979.0	980.1	980.6		
83.9193	0.3917	979.0	980.1	980.6		
83.9526	0.3991	978.9	980.1	980.7		
83.9860	0.3982	978.9	980.0	980.6		
84.0193	0.3956	978.9	980.1	980.6		
84.0526	0.3886	978.9	980.0	980.5		
84.0860	0.3917	978.9	980.1	980.6		
84.1193	0.3873	978.9	980.1	980.6		
84.1526	0.3912	978.9	980.1	980.6		
84.1860	0.3917	978.9	980.1	980.6		
84.2193	0.4052	978.9	980.0	980.6		
84.2526	0.3856	978.9	980.1	980.6		
84.2860	0.3917	979.0	980.1	980.6		
84.3193	0.3930	978.9	980.1	980.6		
84.3526	0.3947	979.0	980.1	980.7		
84.3860	0.3899	978.9	980.1	980.6		
84.4193	0.3952	978.9	980.1	980.6		
84.4526	0.3969	978.9	980.0	980.5		
84.4860	0.3895	978.8	980.0	980.6		
84.5193	0.3960	978.9	980.1	980.6		
84.5526	0.3899	978.9	980.1	980.7		
84.5860	0.3912	978.9	980.0	980.6		
84.6193	0.3930	978.9	980.0	980.6		
84.6526	0.4009	978.9	980.1	980.6		
84.6860	0.3978	978.9	980.1	980.6		
84.7193	0.4026	978.9	980.0	980.6		
84.7526	0.3995	978.9	980.1	980.6		
84.7860	0.3912	979.0	980.1	980.7		
84.8193	0.3987	978.9	980.1	980.6		
84.8526	0.3974	978.9	980.1	980.6		
84.8860	0.3987	978.9	980.1	980.6		
84.9193	0.3952	978.9	980.0	980.6		
84.9526	0.3969	978.9	980.1	980.6		
84.9860	0.3978	978.9	979.9	980.6		
85.0193	0.3965	978.9	980.0	980.6		
85.0526	0.3978	978.9	980.0	980.6		
85.0860	0.3982	978.9	980.0	980.5		
85.1193	0.3995	978.9	980.1	980.7		
85.1526	0.3952	978.9	980.0	980.7		
85.1860	0.3869	978.9	980.0	980.6		
85.2193	0.3921	979.0	980.1	980.6		
85.2526	0.4039	978.9	980.0	980.6		
85.2860	0.3982	978.9	980.0	980.6		
85.3193	0.3974	978.9	980.0	980.6		
85.3526	0.3956	978.9	980.1	980.7		
85.3860	0.3960	979.0	980.2	980.9		
85.4193	0.3960	979.0	980.2	980.8		
85.4526	0.3943	979.0	980.2	980.8		
85.4860	0.3921	979.0	980.1	980.6		
85.5193	0.3956	978.9	980.1	980.7		
85.5526	0.3947	979.0	980.1	980.6		
85.5860	0.3947	979.0	980.1	980.6		
85.6193	0.3987	978.9	980.1	980.6		
85.6526	0.3978	978.9	980.0	980.6		
85.6860	0.3952	978.9	980.1	980.7		
85.7193	0.3969	979.0	980.1	980.6		
85.7526	0.3956	979.1	980.2	980.7		
85.7860	0.4026	979.0	980.1	980.6		
85.8193	0.3934	979.0	980.1	980.6		
85.8526	0.3952	978.9	980.0	980.6		
85.8860	0.4057	978.9	980.1	980.7		
85.9193	0.3934	978.9	980.0	980.6		
85.9526	0.3982	979.0	980.1	980.6		
85.9860	0.3991	978.9	980.0	980.6		
86.0193	0.3969	978.9	980.1	980.6		
86.0526	0.4000	978.9	980.0	980.6		
86.0860	0.4026	979.0	980.1	980.7		
86.1193	0.3947	978.9	980.0	980.6		
86.1526	0.4061	978.8	980.0	980.6		
86.1860	0.4096	978.9	980.1	980.6		
86.2193	0.3965	979.0	980.1	980.7		
86.2526	0.4052	978.9	980.1	980.6		
86.2860	0.4004	979.0	980.1	980.7		
86.3193	0.4009	978.9	980.1	980.7		
86.3526	0.4004	978.9	980.1	980.6		
86.3860	0.3987	978.9	980.0	980.6		
86.4193	0.3987	978.9	980.0	980.7		
86.4526	0.3978	978.9	980.0	980.6		
86.4860	0.4083	978.9	980.1	980.6		
86.5193	0.3991	978.9	980.1	980.7		
86.5526	0.3969	978.9	980.1	980.6		
86.5860	0.3952	979.0	980.1	980.6		
86.6193	0.4026	979.0	980.1	980.6		
86.6526	0.4048	978.9	980.1	980.7		
86.6860	0.4048	979.0	980.0	980.6		
86.7193	0.3952	978.9	980.1	980.6		
86.7526	0.4026	978.9	980.1	980.6		
86.7860	0.4039	978.9	980.1	980.6		
86.8193	0.4044	978.9	980.0	980.6		
86.8526	0.3947	978.9	980.0	980.5		
86.8860	0.4048	978.9	980.0	980.6		
86.9193	0.4039	978.9	980.0	980.6		
86.9526	0.4013	979.0	980.1	980.6		
86.9860	0.4009	978.9	980.1	980.7		
87.0193	0.4035	978.9	980.1	980.7		
87.0526	0.4026	978.9	980.0	980.6		
87.0860	0.4013	978.9	980.0	980.6		
87.1193	0.3947	979.0	980.1	980.7		
87.1526	0.3987	979.0	980.1	980.7		
87.1860	0.3947	979.0	980.1	980.7		
87.2193	0.4070	978.9	980.1	980.6		
87.2526	0.4100	978.9	980.1	980.6		
87.2860	0.4070	978.9	980.0	980.6		
87.3193	0.3974	978.9	980.1	980.7		
87.3526	0.4039	979.0	980.1	980.7		
87.3860	0.4057	978.9	980.1	980.7		
87.4193	0.4065	979.0	980.0	980.6		
87.4526	0.3952	978.9	980.0	980.6		
87.4860	0.4065	978.9	980.0	980.6		
87.5193	0.3991	978.9	980.0	980.6		
87.5526	0.4100	978.9	980.0	980.6		
87.5860	0.4030	978.9	980.0	980.7		
87.6193	0.3991	979.0	980.0	980.6		
87.6526	0.4039	978.9	980.1	980.7		
87.6860	0.3952	979.0	980.0	980.6		
87.7193	0.3930	979.0	980.1	980.6		
87.7526	0.4052	978.9	980.0	980.6		
87.7860	0.4052	979.0	980.1	980.7		
87.8193	0.4083	978.9	980.1	980.8		
87.8526	0.4013	978.9	980.1	980.7		
87.8860	0.4013	979.0	980.1	980.7		
87.9193	0.3995	979.0	980.1	980.6		
87.9526	0.4044	978.9	980.0	980.6		
87.9860	0.4004	978.9	980.1	980.7		
88.0193	0.4079	978.9	980.0	980.6		
88.0526	0.3987	978.9	980.0	980.6		
88.0860	0.4013	978.9	980.0	980.6		
88.1193	0.4039	978.9	980.0	980.6		
88.1526	0.4022	978.9	980.1	980.7		
88.1860	0.4079	978.9	980.0	980.6		
88.2193	0.4135	979.0	980.1	980.7		
88.2526	0.4026	979.0	980.0	980.6		
88.2860	0.4000	978.9	980.0	980.6		
88.3193	0.4017	978.9	980.0	980.6		
88.3526	0.4048	978.8	980.0	980.5		
88.3860	0.4065	978.9	980.0	980.6		
88.4193	0.4079	978.9	980.0	980.6		
88.4526	0.4061	978.9	980.0	980.7		
88.4860	0.4083	978.9	980.0	980.6		
88.5193	0.4030	978.9	980.0	980.6		
88.5526	0.4044	978.9	980.0	980.6		
88.5860	0.4074	979.0	980.1	980.7		
88.6193	0.4048	978.9	980.0	980.6		
88.6526	0.4044	978.9	980.1	980.6		
88.6860	0.4074	979.0	980.1	980.7		
88.7193	0.3982	979.0	980.1	980.6		
88.7526	0.4026	979.0	980.1	980.7		
88.7860	0.4039	978.9	980.0	980.6		
88.8193	0.4079	979.0	980.1	980.7		
88.8526	0.4061	978.9	980.1	980.6		
88.8860	0.4039	978.8	980.0	980.6		
88.9193	0.4109	978.9	980.1	980.6		
88.9526	0.4004	979.0	980.1	980.7		
88.9860	0.4057	978.9	980.0	980.6		
89.0193	0.4035	978.9	980.1	980.6		
89.0526	0.4100	979.0	980.0	980.7		
89.0860	0.4092	978.9	980.0	980.7		
89.1193	0.4127	978.9	980.0	980.5		
89.1526	0.4096	978.9	980.0	980.6		
89.1860	0.4009	978.9	980.0	980.6		
89.2193	0.4061	978.9	980.0	980.6		
89.2526	0.3991	978.9	980.0	980.6		
89.2860	0.4105	978.9	980.0	980.6		
89.3193	0.4074	978.9	980.0	980.7		
89.3526	0.4105	978.9	980.0	980.6		
89.3860	0.4113	978.9	980.0	980.6		
89.4193	0.4074	978.9	980.1	980.6		
89.4526	0.4061	978.9	980.0	980.6		
89.4860	0.4131	978.9	980.0	980.6		
89.5193	0.4061	978.9	980.0	980.6		
89.5526	0.4153	978.9	979.9	980.6		
89.5860	0.4070	978.9	980.0	980.6		
89.6193	0.4118	978.8	979.9	980.6		
89.6526	0.4105	978.8	979.9	980.5		
89.6860	0.4061	978.9	980.0	980.6		
89.7193	0.4113	978.9	980.0	980.6		
89.7526	0.4122	978.9	980.0	980.6		
89.7860	0.4092	978.9	980.1	980.7		
89.8193	0.4157	978.9	980.0	980.6		
89.8526	0.4140	978.9	980.0	980.6		
89.8860	0.4122	978.9	980.0	980.7		
89.9193	0.4166	978.9	980.0	980.6		
89.9526	0.4113	978.9	980.0	980.7		
89.9860	0.4070	978.9	980.0	980.6		
90.0193	0.4070	979.0	980.0	980.6		
90.0526	0.4140	978.9	980.0	980.7		
90.0860	0.4065	978.9	980.0	980.6		
90.1193	0.4153	978.9	980.0	980.7		
90.1526	0.4210	979.0	980.1	980.7		
90.1860	0.4122	978.9	980.1	980.7		
90.2193	0.4135	978.9	980.1	980.7		
90.2526	0.4157	978.9	980.0	980.7		
90.2860	0.4087	978.9	980.1	980.7		
90.3193	0.4065	978.9	980.0	980.6		
90.3526	0.4153	978.9	980.0	980.7		
90.3860	0.4131	978.9	980.0	980.6		
90.4193	0.4127	978.9	980.0	980.6		
90.4526	0.4144	979.0	980.0	980.7		
90.4860	0.4157	979.1	980.1	980.7		
90.5193	0.4083	978.9	980.0	980.7		
90.5526	0.4100	979.0	980.0	980.6		
90.5860	0.4153	979.0	980.1	980.7		
90.6193	0.4183	978.9	980.0	980.6		
90.6526	0.4183	978.9	980.0	980.7		
90.6860	0.4227	978.9	980.1	980.7		
90.7193	0.4162	978.9	980.0	980.6		
90.7526	0.4144	978.9	980.1	980.6		
90.7860	0.4144	978.9	980.0	980.7		
90.8193	0.4105	979.0	980.1	980.7		
90.8526	0.4087	979.2	980.2	980.7		
90.8860	0.4113	979.0	980.0	980.7		
90.9193	0.4118	979.0	980.1	980.7		
90.9526	0.4105	979.0	980.1	980.6		
90.9860	0.4140	978.9	980.0	980.5		
91.0193	0.4079	979.0	980.0	980.6		
91.0526	0.4087	979.0	980.0	980.6		
91.0860	0.4092	978.9	980.0	980.6		
91.1193	0.4109	978.9	980.0	980.6		
91.1526	0.4183	978.9	980.0	980.6		
91.1860	0.4157	978.9	980.1	980.7		
91.2193	0.4153	978.9	980.0	980.6		
91.2526	0.4227	978.9	980.0	980.7		
91.2860	0.4022	979.0	980.0	980.6		
91.3193	0.4131	978.9	980.1	980.6		
91.3526	0.4140	978.9	980.0	980.6		
91.3860	0.4079	979.0	980.0	980.6		
91.4193	0.4100	979.0	980.1	980.7		
91.4526	0.4192	979.0	980.1	980.7		
91.4860	0.4144	978.9	980.0	980.6		
91.5193	0.4179	979.0	980.1	980.6		
91.5526	0.4236	978.9	980.0	980.6		
91.5860	0.4175	979.0	980.1	980.7		
91.6193	0.4223	978.9	980.0	980.6		
91.6526	0.4140	979.0	980.2	980.7		
91.6860	0.4140	978.9	980.0	980.6		
91.7193	0.4170	978.9	980.0	980.7		
91.7526	0.4170	978.9	980.0	980.6		
91.7860	0.4140	978.9	980.0	980.6		
91.8193	0.4166	978.9	980.0	980.6		
91.8526	0.4218	978.9	980.0	980.6		
91.8860	0.4201	978.9	980.1	980.7		
91.9193	0.4183	979.0	980.1	980.7		
91.9526	0.4170	978.9	980.0	980.6		
91.9860	0.4258	978.9	980.0	980.6		
92.0193	0.4236	978.9	980.1	980.6		
92.0526	0.4175	979.0	980.1	980.7		
92.0860	0.4166	979.0	980.1	980.7		
92.1193	0.4140	979.0	980.0	980.6		
92.1526	0.4135	979.0	980.1	980.7		
92.1860	0.4148	979.0	980.1	980.7		
92.2193	0.4131	979.0	980.1	980.6		
92.2526	0.4218	979.0	980.1	980.6		
92.2860	0.4288	978.9	980.1	980.6		
92.3193	0.4197	978.9	980.1	980.6		
92.3526	0.4179	978.9	980.0	980.6		
92.3860	0.4183	978.9	980.1	980.7		
92.4193	0.4166	978.9	980.0	980.7		
92.4526	0.4183	978.9	980.0	980.6		
92.4860	0.4192	978.9	980.0	980.6		
92.5193	0.4218	979.0	980.1	980.7		
92.5526	0.4188	979.1	980.1	980.7		
92.5860	0.4162	979.0	980.0	980.6		
92.6193	0.4197	978.9	980.0	980.6		
92.6526	0.4127	979.0	980.1	980.7		
92.6860	0.4100	978.9	980.0	980.6		
92.7193	0.4144	979.0	980.1	980.7		
92.7526	0.4162	979.0	980.0	980.7		
92.7860	0.4183	978.9	980.0	980.6		
92.8193	0.4183	978.9	980.0	980.6		
92.8526	0.4140	978.9	980.0	980.5		
92.8860	0.4210	978.9	980.1	980.6		
92.9193	0.4210	978.9	980.0	980.6		
92.9526	0.4153	979.0	980.1	980.7		
92.9860	0.4240	978.9	980.0	980.6		
93.0193	0.4240	979.0	980.0	980.6		
93.0526	0.4232	979.0	980.1	980.6		
93.0860	0.4258	979.0	980.1	980.6		
93.1193	0.4214	978.9	980.1	980.7		
93.1526	0.4293	979.0	980.0	980.6		
93.1860	0.4122	978.9	980.0	980.5		
93.2193	0.4197	979.1	980.1	980.7		
93.2526	0.4210	979.0	980.1	980.7		
93.2860	0.4197	979.0	980.0	980.7		
93.3193	0.4249	979.1	980.1	980.7		
93.3526	0.4227	979.0	980.0	980.6		
93.3860	0.4210	978.9	980.0	980.6		
93.4193	0.4232	978.9	980.0	980.6		
93.4526	0.4192	978.9	980.1	980.8		
93.4860	0.4223	979.0	980.0	980.6		
93.5193	0.4175	978.9	980.0	980.6		
93.5526	0.4144	978.9	980.1	980.7		
93.5860	0.4354	978.9	980.0	980.6		
93.6193	0.4249	978.9	980.0	980.6		
93.6526	0.4319	978.9	980.0	980.6		
93.6860	0.4227	979.0	980.1	980.7		
93.7193	0.4280	978.9	980.0	980.6		
93.7526	0.4223	979.0	980.0	980.6		
93.7860	0.4280	978.9	980.0	980.6		
93.8193	0.4232	979.1	980.1	980.8		
93.8526	0.4197	978.9	980.0	980.7		
93.8860	0.4253	979.0	980.1	980.7		
93.9193	0.4227	979.0	980.1	980.6		
93.9526	0.4214	979.0	980.1	980.7		
93.9860	0.4240	979.0	980.1	980.7		
94.0193	0.4253	979.0	980.1	980.6		
94.0526	0.4227	979.0	980.0	980.7		
94.0860	0.4262	979.0	980.1	980.7		
94.1193	0.4253	979.0	980.1	980.7		
94.1526	0.4157	979.0	980.0	980.6		
94.1860	0.4240	978.9	980.0	980.6		
94.2193	0.4183	979.0	980.2	980.7		
94.2526	0.4245	978.9	980.0	980.7		
94.2860	0.4253	978.9	980.0	980.6		
94.3193	0.4197	979.0	980.1	980.8		
94.3526	0.4319	979.0	980.1	980.7		
94.3860	0.4223	979.0	980.0	980.6		
94.4193	0.4245	979.0	980.0	980.6		
94.4526	0.4288	978.9	980.0	980.7		
94.4860	0.4218	979.0	980.2	980.7		
94.5193	0.4245	979.0	980.1	980.7		
94.5526	0.4240	979.0	980.1	980.7		
94.5860	0.4232	979.0	980.1	980.7		
94.6193	0.4227	979.0	980.1	980.7		
94.6526	0.4249	979.0	980.1	980.7		
94.6860	0.4245	978.9	980.0	980.6		
94.7193	0.4240	978.9	980.0	980.6		
94.7526	0.4258	978.9	980.0	980.6		
94.7860	0.4310	978.9	980.0	980.6		
94.8193	0.4284	978.9	980.0	980.7		
94.8526	0.4319	979.0	980.0	980.7		
94.8860	0.4266	979.0	980.1	980.7		
94.9193	0.4210	979.1	980.1	980.7		
94.9526	0.4297	979.0	980.1	980.7		
94.9860	0.4271	979.0	980.1	980.7		
95.0193	0.4310	979.0	980.1	980.7		
95.0526	0.4266	979.0	980.1	980.7		
95.0860	0.4245	978.9	980.0	980.7		
95.1193	0.4306	978.9	980.0	980.6		
95.1526	0.4253	979.0	980.0	980.7		
95.1860	0.4236	978.9	980.0	980.6		
95.2193	0.4232	978.9	980.1	980.7		
95.2526	0.4223	978.9	980.0	980.7		
95.2860	0.4358	979.0	980.1	980.7		
95.3193	0.4363	978.9	980.0	980.6		
95.3526	0.4371	978.9	980.1	980.7		
95.3860	0.4319	978.9	980.1	980.7		
95.4193	0.4328	979.0	980.1	980.7		
95.4526	0.4271	978.9	980.0	980.7		
95.4860	0.4301	978.9	980.0	980.7		
95.5193	0.4341	979.0	980.0	980.6		
95.5526	0.4306	979.0	980.0	980.7		
95.5860	0.4297	978.8	980.0	980.6		
95.6193	0.4284	978.9	980.0	980.6		
95.6526	0.4232	979.0	980.1	980.7		
95.6860	0.4236	979.0	980.1	980.7		
95.7193	0.4363	978.9	980.0	980.7		
95.7526	0.4236	979.0	980.0	980.6		
95.7860	0.4319	978.9	980.0	980.6		
95.8193	0.4301	978.9	980.0	980.7		
95.8526	0.4345	978.9	980.0	980.7		
95.8860	0.4262	979.0	980.1	980.7		
95.9193	0.4328	979.0	980.1	980.7		
95.9526	0.4201	979.0	980.1	980.6		
95.9860	0.4253	979.0	980.1	980.7		
96.0193	0.4371	978.9	980.0	980.6		
96.0526	0.4315	978.9	980.1	980.7		
96.0860	0.4284	979.0	980.1	980.6		
96.1193	0.4328	978.9	980.1	980.7		
96.1526	0.4393	979.0	980.0	980.7		
96.1860	0.4293	979.0	980.0	980.7		
96.2193	0.4310	979.0	980.1	980.7		
96.2526	0.4350	979.0	980.1	980.6		
96.2860	0.4363	978.9	980.0	980.6		
96.3193	0.4306	978.9	980.0	980.7		
96.3526	0.4301	979.0	980.1	980.7		
96.3860	0.4288	979.0	980.0	980.7		
96.4193	0.4288	979.0	980.1	980.6		
96.4526	0.4284	979.1	980.1	980.7		
96.4860	0.4332	979.0	980.1	980.7		
96.5193	0.4280	979.0	980.1	980.6		
96.5526	0.4354	978.9	980.0	980.6		
96.5860	0.4406	978.9	980.0	980.6		
96.6193	0.4350	979.0	980.1	980.8		
96.6526	0.4402	979.0	980.1	980.7		
96.6860	0.4358	978.9	980.0	980.6		
96.7193	0.4380	979.0	980.0	980.7		
96.7526	0.4288	978.9	980.1	980.7		
96.7860	0.4341	978.9	980.0	980.6		
96.8193	0.4284	979.0	980.1	980.7		
96.8526	0.4358	979.0	980.1	980.7		
96.8860	0.4446	978.9	980.1	980.6		
96.9193	0.4297	978.9	980.0	980.6		
96.9526	0.4371	978.9	980.0	980.6		
96.9860	0.4297	979.1	980.1	980.7		
97.0193	0.4341	979.0	980.1	980.7		
97.0526	0.4310	979.0	980.1	980.6		
97.0860	0.4315	979.0	980.1	980.7		
97.1193	0.4371	978.9	980.1	980.6		
97.1526	0.4411	978.9	980.0	980.6		
97.1860	0.4385	978.9	980.0	980.7		
97.2193	0.4402	978.9	980.0	980.6		
97.2526	0.4411	979.0	980.1	980.8		
97.2860	0.4415	978.9	980.1	980.7		
97.3193	0.4271	978.9	980.1	980.6		
97.3526	0.4402	979.0	980.1	980.7		
97.3860	0.4345	979.0	980.1	980.7		
97.4193	0.4454	978.9	980.1	980.7		
97.4526	0.4354	978.8	980.0	980.6		
97.4860	0.4280	978.9	980.0	980.6		
97.5193	0.4297	979.0	980.1	980.7		
97.5526	0.4415	978.9	980.1	980.7		
97.5860	0.4358	979.1	980.2	980.8		
97.6193	0.4441	978.9	980.0	980.6		
97.6526	0.4358	978.9	980.0	980.7		
97.6860	0.4371	978.9	980.1	980.7		
97.7193	0.4402	979.0	980.0	980.7		
97.7526	0.4389	978.9	980.1	980.7		
97.7860	0.4323	979.1	980.1	980.7		
97.8193	0.4332	979.1	980.1	980.7		
97.8526	0.4398	979.1	980.1	980.7		
97.8860	0.4389	979.0	980.0	980.6		
97.9193	0.4380	979.0	980.1	980.6		
97.9526	0.4428	979.0	980.1	980.6		
97.9860	0.4406	979.0	980.1	980.8		
98.0193	0.4428	979.0	980.1	980.7		
98.0526	0.4454	979.0	980.1	980.7		
98.0860	0.4284	979.0	980.0	980.7		
98.1193	0.4402	979.0	980.1	980.6		
98.1526	0.4363	979.0	980.0	980.7		
98.1860	0.4371	979.0	980.0	980.6		
98.2193	0.4389	979.0	980.1	980.7		
98.2526	0.4446	978.9	980.1	980.6		
98.2860	0.4367	979.3	980.2	980.7		
98.3193	0.4354	978.9	980.0	980.6		
98.3526	0.4419	978.9	980.0	980.6		
98.3860	0.4437	978.9	980.0	980.7		
98.4193	0.4354	978.9	980.1	980.7		
98.4526	0.4380	978.9	980.1	980.7		
98.4860	0.4411	978.9	980.1	980.6		
98.5193	0.4406	979.0	980.1	980.7		
98.5526	0.4463	978.9	980.1	980.7		
98.5860	0.4354	979.0	980.1	980.7		
98.6193	0.4376	979.0	980.1	980.7		
98.6526	0.4411	979.0	980.0	980.6		
98.6860	0.4411	978.9	980.0	980.6		
98.7193	0.4358	979.0	980.1	980.7		
98.7526	0.4472	978.9	980.1	980.7		
98.7860	0.4428	979.0	980.1	980.7		
98.8193	0.4476	979.0	980.1	980.7		
98.8526	0.4454	978.9	980.1	980.7		
98.8860	0.4393	979.0	980.1	980.7		
98.9193	0.4415	979.0	980.1	980.8		
98.9526	0.4385	979.0	980.2	980.8		
98.9860	0.4354	979.0	980.1	980.8		
99.0193	0.4358	979.0	980.1	980.8		
99.0526	0.4441	979.0	980.1	980.7		
99.0860	0.4350	979.0	980.1	980.8		
99.1193	0.4389	979.1	980.1	980.7		
99.1526	0.4380	979.0	980.1	980.7		
99.1860	0.4450	978.9	980.1	980.7		
99.2193	0.4358	978.9	980.1	980.7		
99.2526	0.4284	978.9	980.0	980.6		
99.2860	0.4433	979.0	980.1	980.7		
99.3193	0.4406	979.0	980.1	980.6		
99.3526	0.4406	979.0	980.1	980.7		
99.3860	0.4494	979.0	980.1	980.7		
99.4193	0.4472	979.0	980.0	980.6		
99.4526	0.4485	978.9	980.0	980.7		
99.4860	0.4402	978.9	980.0	980.7		
99.5193	0.4419	979.0	980.1	980.7		
99.5526	0.4529	979.0	980.1	980.7		
99.5860	0.4472	978.9	980.1	980.7		
99.6193	0.4406	979.0	980.1	980.7		
99.6526	0.4415	978.9	980.0	980.6		
99.6860	0.4524	978.9	980.0	980.7		
99.7193	0.4489	979.0	980.1	980.7		
99.7526	0.4446	979.0	980.1	980.8		
99.7860	0.4520	979.0	980.2	980.9		
99.8193	0.4415	979.0	980.1	980.8		
99.8526	0.4433	979.0	980.1	980.7		
99.8860	0.4419	979.0	980.1	980.7		
99.9193	0.4450	978.9	980.0	980.6		
99.9526	0.4450	979.0	980.1	980.7		
99.9860	0.4485	979.0	980.1	980.8		
100.0193	0.4498	979.0	980.2	980.8		
100.0526	0.4520	978.9	980.1	980.7		
100.0860	0.4507	978.9	980.1	980.7		
100.1193	0.4459	979.0	980.1	980.7		
100.1526	0.4441	979.0	980.1	980.7		
100.1860	0.4446	978.9	980.0	980.6		
100.2193	0.4463	979.0	980.1	980.7		
100.2526	0.4503	979.0	980.1	980.7		
100.2860	0.4568	979.0	980.1	980.7		
100.3193	0.4551	978.9	980.0	980.6		
100.3526	0.4411	979.0	980.1	980.7		
100.3860	0.4494	979.0	980.1	980.7		
100.4193	0.4529	978.9	980.0	980.6		
100.4526	0.4503	979.0	980.1	980.8		
100.4860	0.4538	979.0	980.1	980.7		
100.5193	0.4489	979.0	980.1	980.7		
100.5526	0.4437	979.0	980.1	980.7		
100.5860	0.4472	979.1	980.1	980.7		
100.6193	0.4424	979.0	980.1	980.7		
100.6526	0.4468	979.0	980.1	980.7		
100.6860	0.4551	979.0	980.1	980.7		
100.7193	0.4529	979.0	980.1	980.7		
100.7526	0.4459	979.0	980.1	980.7		
100.7860	0.4402	979.0	980.1	980.7		
100.8193	0.4398	979.1	980.3	981.0		
100.8526	0.4520	979.0	980.1	980.8		
100.8860	0.4472	978.9	980.0	980.7		
100.9193	0.4476	978.9	980.0	980.6		
100.9526	0.4494	979.0	980.1	980.7		
100.9860	0.4485	978.9	980.1	980.7		
101.0193	0.4485	979.0	980.2	980.8		
101.0526	0.4551	979.0	980.1	980.7		
101.0860	0.4459	978.9	980.1	980.6		
101.1193	0.4511	979.0	980.1	980.7		
101.1526	0.4446	979.0	980.1	980.7		
101.1860	0.4459	979.0	980.1	980.7		
101.2193	0.4516	979.0	980.1	980.7		
101.2526	0.4564	979.0	980.0	980.6		
101.2860	0.4454	978.9	980.1	980.7		
101.3193	0.4511	978.9	980.0	980.6		
101.3526	0.4494	978.9	980.1	980.7		
101.3860	0.4520	979.0	980.1	980.7		
101.4193	0.4494	979.0	980.2	980.8		
101.4526	0.4498	979.1	980.2	980.8		
101.4860	0.4524	979.0	980.2	980.8		
101.5193	0.4568	979.0	980.1	980.7		
101.5526	0.4472	979.0	980.2	980.8		
101.5860	0.4428	978.9	980.1	980.6		
101.6193	0.4468	979.0	980.1	980.7		
101.6526	0.4494	979.0	980.1	980.7		
101.6860	0.4498	979.0	980.1	980.8		
101.7193	0.4489	979.0	980.0	980.7		
101.7526	0.4564	979.1	980.2	980.8		
101.7860	0.4511	979.0	980.2	980.7		
101.8193	0.4538	979.0	980.1	980.8		
101.8526	0.4485	979.1	980.1	980.8		
101.8860	0.4529	979.0	980.1	980.8		
101.9193	0.4524	978.9	980.1	980.7		
101.9526	0.4555	979.0	980.1	980.8		
101.9860	0.4516	979.0	980.2	980.8		
102.0193	0.4599	979.0	980.2	980.8		
102.0526	0.4612	979.0	980.2	980.9		
102.0860	0.4503	979.0	980.1	980.7		
102.1193	0.4529	979.0	980.1	980.7		
102.1526	0.4507	978.9	980.0	980.5		
102.1860	0.4485	979.0	980.1	980.7		
102.2193	0.4599	979.0	980.1	980.7		
102.2526	0.4581	979.0	980.1	980.7		
102.2860	0.4489	979.0	980.2	980.8		
102.3193	0.4607	979.0	980.1	980.8		
102.3526	0.4454	979.1	980.2	980.8		
102.3860	0.4524	979.0	980.2	980.7		
102.4193	0.4546	979.0	980.1	980.7		
102.4526	0.4524	979.0	980.1	980.8		
102.4860	0.4551	979.0	980.2	980.8		
102.5193	0.4511	979.0	980.1	980.7		
102.5526	0.4546	979.1	980.1	980.8		
102.5860	0.4468	978.9	980.1	980.7		
102.6193	0.4594	978.9	980.1	980.7		
102.6526	0.4559	979.0	980.1	980.7		
102.6860	0.4533	979.0	980.1	980.7		
102.7193	0.4529	979.0	980.1	980.8		
102.7526	0.4542	979.0	980.1	980.8		
102.7860	0.4581	979.0	980.1	980.8		
102.8193	0.4651	979.0	980.1	980.7		
102.8526	0.4616	979.0	980.1	980.7		
102.8860	0.4586	979.1	980.2	980.8		
102.9193	0.4577	979.0	980.1	980.8		
102.9526	0.4533	978.9	980.1	980.7		
102.9860	0.4564	978.9	980.1	980.7		
103.0193	0.4529	978.9	980.1	980.7		
103.0526	0.4520	979.0	980.1	980.7		
103.0860	0.4542	979.0	980.0	980.6		
103.1193	0.4594	979.0	980.0	980.7		
103.1526	0.4603	979.0	980.1	980.8		
103.1860	0.4568	979.0	980.1	980.7		
103.2193	0.4642	979.1	980.2	980.8		
103.2526	0.4511	979.0	980.2	980.7		
103.2860	0.4551	979.0	980.1	980.8		
103.3193	0.4594	979.0	980.1	980.7		
103.3526	0.4629	978.9	980.1	980.6		
103.3860	0.4555	979.0	980.1	980.6		
103.4193	0.4511	979.0	980.2	980.9		
103.4526	0.4581	979.0	980.2	980.9		
103.4860	0.4533	979.0	980.1	980.8		
103.5193	0.4542	978.9	980.1	980.6		
103.5526	0.4572	979.0	980.1	980.6		
103.5860	0.4651	979.0	980.1	980.6		
103.6193	0.4629	978.9	980.0	980.6		
103.6526	0.4586	978.9	980.1	980.6		
103.6860	0.4551	979.0	980.1	980.6		
103.7193	0.4638	979.0	980.1	980.6		
103.7526	0.4621	979.0	980.1	980.7		
103.7860	0.4533	979.0	980.1	980.7		
103.8193	0.4621	979.0	980.1	980.7		
103.8526	0.4616	979.0	980.2	980.7		
103.8860	0.4520	978.9	980.1	980.7		
103.9193	0.4599	979.0	980.1	980.7		
103.9526	0.4638	979.0	980.1	980.7		
103.9860	0.4572	979.0	980.1	980.8		
104.0193	0.4660	979.0	980.1	980.7		
104.0526	0.4616	979.0	980.0	980.6		
104.0860	0.4607	978.9	980.0	980.7		
104.1193	0.4568	979.0	980.1	980.8		
104.1526	0.4638	979.0	980.2	980.8		
104.1860	0.4616	979.0	980.1	980.7		
104.2193	0.4612	979.0	980.2	980.8		
104.2526	0.4599	979.0	980.1	980.7		
104.2860	0.4612	979.0	980.1	980.7		
104.3193	0.4594	979.0	980.1	980.7		
104.3526	0.4564	978.9	980.1	980.7		
104.3860	0.4634	979.0	980.1	980.8		
104.4193	0.4577	978.9	980.0	980.6		
104.4526	0.4564	978.9	980.1	980.7		
104.4860	0.4586	979.0	980.1	980.7		
104.5193	0.4586	979.0	980.1	980.7		
104.5526	0.4625	978.9	980.0	980.7		
104.5860	0.4590	979.0	980.1	980.7		
104.6193	0.4612	979.0	980.1	980.7		
104.6526	0.4634	979.1	980.2	980.7		
104.6860	0.4664	979.0	980.1	980.6		
104.7193	0.4642	979.0	980.1	980.7		
104.7526	0.4664	979.0	980.1	980.7		
104.7860	0.4612	979.0	980.1	980.7		
104.8193	0.4625	979.0	980.1	980.7		
104.8526	0.4577	979.0	980.1	980.7		
104.8860	0.4577	979.0	980.1	980.7		
104.9193	0.4564	978.9	980.0	980.7		
104.9526	0.4642	979.0	980.1	980.7		
104.9860	0.4712	978.9	980.0	980.7		
105.0193	0.4603	978.8	980.0	980.6		
105.0526	0.4590	978.9	980.0	980.6		
105.0860	0.4586	978.9	980.1	980.6		
105.1193	0.4607	979.0	980.1	980.7		
105.1526	0.4739	979.0	980.1	980.7		
105.1860	0.4594	979.1	980.1	980.8		
105.2193	0.4599	979.0	980.1	980.7		
105.2526	0.4590	979.1	980.1	980.7		
105.2860	0.4555	979.0	980.1	980.6		
105.3193	0.4625	978.9	980.1	980.7		
105.3526	0.4638	979.0	980.2	980.7		
105.3860	0.4660	979.0	980.1	980.7		
105.4193	0.4669	979.0	980.1	980.8		
105.4526	0.4568	978.9	980.0	980.7		
105.4860	0.4621	979.0	980.1	980.7		
105.5193	0.4642	979.0	980.1	980.8		
105.5526	0.4673	979.0	980.1	980.7		
105.5860	0.4677	979.0	980.1	980.7		
105.6193	0.4594	978.9	980.0	980.6		
105.6526	0.4656	979.0	980.1	980.7		
105.6860	0.4651	979.1	980.2	980.8		
105.7193	0.4704	979.0	980.1	980.7		
105.7526	0.4594	979.0	980.1	980.7		
105.7860	0.4651	979.0	980.0	980.7		
105.8193	0.4616	978.9	980.0	980.6		
105.8526	0.4590	979.0	980.1	980.7		
105.8860	0.4616	979.0	980.1	980.8		
105.9193	0.4712	979.0	980.1	980.8		
105.9526	0.4695	979.1	980.2	980.9		
105.9860	0.4612	979.0	980.1	980.7		
106.0193	0.4599	979.1	980.1	980.7		
106.0526	0.4673	979.1	980.2	980.7		
106.0860	0.4717	979.0	980.1	980.7		
106.1193	0.4634	979.0	980.1	980.7		
106.1526	0.4629	979.0	980.1	980.8		
106.1860	0.4551	979.1	980.1	980.8		
106.2193	0.4721	979.1	980.1	980.8		
106.2526	0.4629	979.0	980.1	980.7		
106.2860	0.4677	979.0	980.1	980.8		
106.3193	0.4686	978.9	980.0	980.6		
106.3526	0.4642	979.0	980.1	980.7		
106.3860	0.4787	978.9	980.1	980.7		
106.4193	0.4612	979.1	980.2	980.9		
106.4526	0.4660	979.1	980.1	980.8		
106.4860	0.4625	979.0	980.1	980.7		
106.5193	0.4725	978.9	980.0	980.6		
106.5526	0.4712	979.0	980.2	980.8		
106.5860	0.4699	979.0	980.1	980.7		
106.6193	0.4743	979.0	980.1	980.7		
106.6526	0.4699	979.2	980.2	980.8		
106.6860	0.4634	979.0	980.1	980.7		
106.7193	0.4634	979.0	980.2	980.8		
106.7526	0.4634	979.1	980.1	980.7		
106.7860	0.4616	979.0	980.1	980.7		
106.8193	0.4607	979.0	980.1	980.7		
106.8526	0.4782	978.9	980.0	980.6		
106.8860	0.4747	979.0	980.1	980.7		
106.9193	0.4730	979.0	980.1	980.8		
106.9526	0.4669	979.0	980.1	980.8		
106.9860	0.4699	979.0	980.1	980.7		
107.0193	0.4647	979.1	980.1	980.7		
107.0526	0.4721	979.1	980.1	980.7		
107.0860	0.4638	979.0	980.1	980.7		
107.1193	0.4704	979.1	980.2	980.8		
107.1526	0.4734	979.0	980.1	980.7		
107.1860	0.4669	979.0	980.1	980.8		
107.2193	0.4686	979.0	980.1	980.8		
107.2526	0.4712	979.0	980.1	980.8		
107.2860	0.4752	979.0	980.1	980.8		
107.3193	0.4664	979.0	980.1	980.7		
107.3526	0.4730	979.0	980.1	980.7		
107.3860	0.4673	978.9	980.1	980.7		
107.4193	0.4708	979.0	980.1	980.7		
107.4526	0.4695	979.0	980.1	980.7		
107.4860	0.4717	979.0	980.1	980.7		
107.5193	0.4695	979.0	980.1	980.7		
107.5526	0.4673	979.0	980.1	980.7		
107.5860	0.4760	979.0	980.1	980.7		
107.6193	0.4765	979.0	980.1	980.7		
107.6526	0.4695	979.1	980.2	980.8		
107.6860	0.4651	979.0	980.1	980.7		
107.7193	0.4717	978.9	980.0	980.6		
107.7526	0.4778	978.9	980.0	980.7		
107.7860	0.4743	978.9	980.0	980.6		
107.8193	0.4760	978.9	980.0	980.6		
107.8526	0.4734	979.0	980.2	980.8		
107.8860	0.4734	979.0	980.0	980.7		
107.9193	0.4765	979.0	980.1	980.7		
107.9526	0.4682	979.0	980.1	980.7		
107.9860	0.4725	978.9	980.1	980.7		
108.0193	0.4686	978.9	980.0	980.7		
108.0526	0.4691	978.9	980.1	980.7		
108.0860	0.4686	978.9	980.1	980.7		
108.1193	0.4743	979.0	980.1	980.7		
108.1526	0.4699	979.0	980.2	981.0		
108.1860	0.4822	979.0	980.1	980.8		
108.2193	0.4734	979.0	980.1	980.7		
108.2526	0.4725	978.9	980.1	980.8		
108.2860	0.4691	978.9	980.1	980.7		
108.3193	0.4651	979.0	980.0	980.7		
108.3526	0.4752	979.2	980.2	980.9		
108.3860	0.4651	979.1	980.1	980.8		
108.4193	0.4765	979.0	980.1	980.7		
108.4526	0.4699	979.0	980.1	980.7		
108.4860	0.4804	979.0	980.1	980.7		
108.5193	0.4760	979.0	980.1	980.8		
108.5526	0.4809	978.9	980.1	980.7		
108.5860	0.4769	978.9	980.0	980.7		
108.6193	0.4739	979.0	980.1	980.8		
108.6526	0.4739	979.0	980.2	980.8		
108.6860	0.4725	979.0	980.1	980.8		
108.7193	0.4721	979.0	980.1	980.8		
108.7526	0.4822	979.0	980.1	980.7		
108.7860	0.4686	978.9	980.1	980.7		
108.8193	0.4708	979.0	980.1	980.7		
108.8526	0.4721	979.0	980.1	980.7		
108.8860	0.4743	979.0	980.1	980.7		
108.9193	0.4787	979.0	980.1	980.8		
108.9526	0.4686	978.9	980.1	980.7		
108.9860	0.4747	979.0	980.1	980.8		
109.0193	0.4778	979.0	980.1	980.8		
109.0526	0.4739	979.0	980.1	980.8		
109.0860	0.4730	978.9	980.1	980.7		
109.1193	0.4778	979.0	980.1	980.7		
109.1526	0.4765	979.0	980.1	980.8		
109.1860	0.4870	979.0	980.1	980.7		
109.2193	0.4787	979.1	980.1	980.8		
109.2526	0.4699	979.0	980.1	980.8		
109.2860	0.4795	979.0	980.1	980.7		
109.3193	0.4795	979.0	980.2	980.8		
109.3526	0.4861	979.0	980.1	980.7		
109.3860	0.4708	979.0	980.2	980.9		
109.4193	0.4778	979.0	980.1	980.8		
109.4526	0.4747	979.0	980.1	980.7		
109.4860	0.4743	979.0	980.1	980.7		
109.5193	0.4739	979.0	980.1	980.8		
109.5526	0.4712	979.0	980.1	980.8		
109.5860	0.4787	978.9	980.1	980.7		
109.6193	0.4817	978.9	980.1	980.7		
109.6526	0.4817	979.1	980.2	981.0		
109.6860	0.4835	979.1	980.3	980.9		
109.7193	0.4887	979.0	980.2	980.8		
109.7526	0.4804	979.0	980.1	980.8		
109.7860	0.4765	979.0	980.1	980.7		
109.8193	0.4765	979.0	980.0	980.7		
109.8526	0.4800	978.9	980.1	980.7		
109.8860	0.4782	979.0	980.2	980.7		
109.9193	0.4760	979.0	980.1	980.7		
109.9526	0.4760	979.0	980.1	980.7		
109.9860	0.4730	979.0	980.1	980.7		
110.0193	0.4782	979.0	980.1	980.8		
110.0526	0.4787	979.0	980.1	980.8		
110.0860	0.4835	979.0	980.1	980.8		
110.1193	0.4734	979.0	980.1	980.8		
110.1526	0.4717	979.0	980.1	980.8		
110.1860	0.4778	979.0	980.1	980.8		
110.2193	0.4787	979.1	980.1	980.7		
110.2526	0.4800	979.1	980.2	980.9		
110.2860	0.4800	979.1	980.2	980.8		
110.3193	0.4791	979.1	980.1	980.7		
110.3526	0.4809	979.0	980.2	980.8		
110.3860	0.4809	979.0	980.2	980.9		
110.4193	0.4839	979.0	980.1	980.8		
110.4526	0.4769	979.1	980.2	980.8		
110.4860	0.4747	979.0	980.2	980.7		
110.5193	0.4752	979.0	980.2	980.8		
110.5526	0.4769	979.1	980.2	981.0		
110.5860	0.4756	979.1	980.2	980.8		
110.6193	0.4857	979.0	980.1	980.8		
110.6526	0.4817	979.0	980.2	980.8		
110.6860	0.4887	978.9	980.1	980.7		
110.7193	0.4857	979.0	980.1	980.8		
110.7526	0.4800	979.0	980.2	980.8		
110.7860	0.4826	979.0	980.1	980.7		
110.8193	0.4778	979.0	980.0	980.7		
110.8526	0.4835	979.1	980.2	980.9		
110.8860	0.4739	979.1	980.1	980.8		
110.9193	0.4778	978.9	980.1	980.7		
110.9526	0.4795	979.0	980.1	980.7		
110.9860	0.4791	979.0	980.1	980.8		
111.0193	0.4848	979.1	980.1	980.8		
111.0526	0.4839	979.0	980.1	980.8		
111.0860	0.4830	979.0	980.1	980.7		
111.1193	0.4844	979.1	980.3	980.9		
111.1526	0.4822	978.9	980.2	980.8		
111.1860	0.4800	978.9	980.1	980.7		
111.2193	0.4861	978.9	980.0	980.7		
111.2526	0.4883	979.0	980.2	980.8		
111.2860	0.4857	979.0	980.1	980.8		
111.3193	0.4861	979.0	980.1	980.7		
111.3526	0.4835	979.0	980.1	980.8		
111.3860	0.4795	979.0	980.2	980.9		
111.4193	0.4918	979.0	980.1	980.7		
111.4526	0.4804	979.0	980.1	980.8		
111.4860	0.4870	979.0	980.1	980.8		
111.5193	0.4861	979.0	980.1	980.8		
111.5526	0.4839	979.0	980.1	980.8		
111.5860	0.4870	979.0	980.1	980.8		
111.6193	0.4822	979.0	980.2	980.8		
111.6526	0.4826	979.1	980.2	980.8		
111.6860	0.4822	979.0	980.1	980.7		
111.7193	0.4760	979.0	980.1	980.7		
111.7526	0.4918	979.0	980.1	980.8		
111.7860	0.4909	979.0	980.1	980.7		
111.8193	0.4878	979.0	980.1	980.9		
111.8526	0.4791	979.1	980.2	980.9		
111.8860	0.4861	979.1	980.2	980.8		
111.9193	0.4905	979.0	980.1	980.8		
111.9526	0.4787	979.0	980.1	980.8		
111.9860	0.4795	979.0	980.1	980.7		
112.0193	0.4839	979.1	980.1	980.8		
112.0526	0.4878	979.0	980.2	980.8		
112.0860	0.4861	979.0	980.1	980.8		
112.1193	0.4883	979.0	980.1	980.7		
112.1526	0.4826	979.0	980.1	980.7		
112.1860	0.4791	979.0	980.1	980.7		
112.2193	0.4900	979.0	980.1	980.8		
112.2526	0.4782	979.0	980.2	980.8		
112.2860	0.4835	979.1	980.2	980.8		
112.3193	0.4844	979.0	980.2	980.8		
112.3526	0.4874	979.1	980.2	980.8		
112.3860	0.4905	979.0	980.1	980.8		
112.4193	0.4817	979.0	980.2	980.8		
112.4526	0.4913	979.2	980.2	980.8		
112.4860	0.4896	979.1	980.1	980.8		
112.5193	0.4870	979.1	980.1	980.8		
112.5526	0.4848	979.2	980.2	980.9		
112.5860	0.4844	979.1	980.2	980.8		
112.6193	0.4900	979.0	980.1	980.8		
112.6526	0.4857	979.0	980.0	980.7		
112.6860	0.4900	978.9	980.1	980.7		
112.7193	0.4896	979.0	980.1	980.8		
112.7526	0.4835	979.0	980.1	980.8		
112.7860	0.4852	979.0	980.1	980.7		
112.8193	0.4861	979.1	980.1	980.8		
112.8526	0.4940	979.0	980.1	980.7		
112.8860	0.4870	979.1	980.2	980.8		
112.9193	0.4896	979.0	980.1	980.8		
112.9526	0.4857	979.0	980.2	980.8		
112.9860	0.4892	979.1	980.1	980.8		
113.0193	0.4892	979.0	980.1	980.7		
113.0526	0.4878	979.0	980.1	980.8		
113.0860	0.4865	979.1	980.1	980.7		
113.1193	0.4844	979.1	980.2	980.8		
113.1526	0.4918	979.0	980.1	980.8		
113.1860	0.4883	979.0	980.1	980.8		
113.2193	0.4883	979.0	980.2	980.8		
113.2526	0.4953	979.0	980.1	980.7		
113.2860	0.4835	978.9	980.1	980.7		
113.3193	0.4944	979.0	980.1	980.7		
113.3526	0.4887	979.0	980.1	980.8		
113.3860	0.4896	979.0	980.2	980.8		
113.4193	0.4892	979.1	980.2	980.8		
113.4526	0.4944	979.0	980.1	980.8		
113.4860	0.5010	979.0	980.1	980.7		
113.5193	0.4896	979.0	980.1	980.7		
113.5526	0.4931	978.9	980.1	980.7		
113.5860	0.4900	979.0	980.1	980.8		
113.6193	0.4878	979.2	980.2	980.9		
113.6526	0.4909	978.9	980.0	980.8		
113.6860	0.4892	979.1	980.2	980.8		
113.7193	0.4844	979.0	980.1	980.7		
113.7526	0.4935	979.0	980.1	980.7		
113.7860	0.5010	978.9	980.1	980.7		
113.8193	0.4922	978.9	980.0	980.7		
113.8526	0.4940	979.0	980.1	980.7		
113.8860	0.4966	979.1	980.1	980.8		
113.9193	0.4865	979.0	980.1	980.8		
113.9526	0.4970	979.0	980.1	980.8		
113.9860	0.4887	979.0	980.1	980.7		
114.0193	0.4935	978.9	980.1	980.7		
114.0526	0.4887	979.0	980.1	980.8		
114.0860	0.4966	979.0	980.1	980.7		
114.1193	0.4966	979.0	980.1	980.7		
114.1526	0.4948	979.1	980.1	980.8		
114.1860	0.4944	979.0	980.1	980.8		
114.2193	0.4931	979.0	980.0	980.7		
114.2526	0.4983	979.0	980.1	980.8		
114.2860	0.4913	979.0	980.1	980.8		
114.3193	0.4909	979.0	980.1	980.8		
114.3526	0.4922	979.0	980.1	980.7		
114.3860	0.4927	979.0	980.2	980.8		
114.4193	0.4861	979.1	980.1	980.7		
114.4526	0.4948	979.1	980.2	980.7		
114.4860	0.4927	979.1	980.2	980.7		
114.5193	0.4940	979.1	980.2	980.8		
114.5526	0.4948	978.9	980.1	980.7		
114.5860	0.5018	979.0	980.2	980.8		
114.6193	0.4940	979.1	980.2	980.9		
114.6526	0.4957	979.0	980.1	980.8		
114.6860	0.4940	979.1	980.1	980.7		
114.7193	0.4935	979.0	980.1	980.8		
114.7526	0.4940	979.0	980.1	980.7		
114.7860	0.4953	979.0	980.1	980.7		
114.8193	0.4935	979.0	980.1	980.7		
114.8526	0.4957	979.0	980.1	980.7		
114.8860	0.4931	979.0	980.1	980.7		
114.9193	0.4900	979.1	980.2	980.8		
114.9526	0.4953	979.1	980.1	980.8		
114.9860	0.4983	979.0	980.1	980.8		
115.0193	0.4966	979.0	980.0	980.7		
115.0526	0.4953	979.0	980.1	980.7		
115.0860	0.4988	979.0	980.1	980.8		
115.1193	0.4975	979.0	980.1	980.8		
115.1526	0.4922	979.1	980.2	980.8		
115.1860	0.4992	978.9	980.0	980.7		
115.2193	0.4966	979.1	980.2	980.8		
115.2526	0.4887	979.0	980.1	980.8		
115.2860	0.5014	979.0	980.2	980.8		
115.3193	0.4935	979.1	980.2	980.8		
115.3526	0.4992	979.0	980.1	980.7		
115.3860	0.4966	979.0	980.1	980.8		
115.4193	0.4905	979.0	980.1	980.7		
115.4526	0.4935	979.0	980.1	980.8		
115.4860	0.5014	979.1	980.1	980.7		
115.5193	0.4957	979.0	980.1	980.7		
115.5526	0.5005	979.0	980.1	980.8		
115.5860	0.5031	979.0	980.1	980.8		
115.6193	0.4940	979.0	980.1	980.7		
115.6526	0.5031	979.0	980.1	980.7		
115.6860	0.4962	979.0	980.1	980.7		
115.7193	0.5040	979.2	980.2	980.8		
115.7526	0.5027	979.2	980.2	980.8		
115.7860	0.4997	979.1	980.1	980.8		
115.8193	0.5005	979.0	980.1	980.8		
115.8526	0.4988	979.0	980.1	980.8		
115.8860	0.4935	979.0	980.1	980.8		
115.9193	0.4948	979.1	980.1	980.8		
115.9526	0.4962	979.0	980.1	980.8		
115.9860	0.4940	979.0	980.1	980.8		
116.0193	0.4983	979.0	980.1	980.8		
116.0526	0.4997	979.0	980.1	980.8		
116.0860	0.5036	979.0	980.1	980.8		
116.1193	0.4966	978.9	980.0	980.7		
116.1526	0.5010	979.0	980.1	980.9		
116.1860	0.5005	979.1	980.2	980.8		
116.2193	0.4975	979.0	980.1	980.8		
116.2526	0.4997	979.1	980.2	981.0		
116.2860	0.5027	979.1	980.3	980.9		
116.3193	0.5014	979.0	980.2	980.9		
116.3526	0.4979	979.1	980.1	980.8		
116.3860	0.5027	979.0	980.1	980.7		
116.4193	0.5014	979.0	980.2	980.8		
116.4526	0.4988	979.0	980.1	980.8		
116.4860	0.5106	979.0	980.1	980.7		
116.5193	0.4948	978.9	980.1	980.7		
116.5526	0.5053	979.0	980.1	980.7		
116.5860	0.4970	979.0	980.1	980.8		
116.6193	0.5040	979.0	980.1	980.8		
116.6526	0.5115	979.0	980.2	980.9		
116.6860	0.5053	979.0	980.1	980.8		
116.7193	0.5036	979.1	980.2	980.7		
116.7526	0.5150	979.0	980.2	980.8		
116.7860	0.4966	979.0	980.2	980.8		
116.8193	0.4962	979.0	980.0	980.7		
116.8526	0.5066	979.1	980.1	980.7		
116.8860	0.5001	979.0	980.1	980.8		
116.9193	0.4975	979.0	980.1	980.7		
116.9526	0.5101	979.0	980.2	980.7		
116.9860	0.5049	979.1	980.1	980.8		
117.0193	0.5053	979.1	980.2	980.8		
117.0526	0.5023	979.0	980.2	980.8		
117.0860	0.5058	979.0	980.1	980.8		
117.1193	0.4970	979.0	980.1	980.7		
117.1526	0.5058	979.1	980.2	980.8		
117.1860	0.5058	979.0	980.0	980.7		
117.2193	0.5031	979.0	980.1	980.8		
117.2526	0.5123	979.0	980.1	980.7		
117.2860	0.5066	979.0	980.1	980.7		
117.3193	0.5040	979.0	980.1	980.8		
117.3526	0.5027	979.0	980.1	980.8		
117.3860	0.5110	978.9	980.1	980.7		
117.4193	0.5066	979.0	980.1	980.8		
117.4526	0.5071	979.0	980.1	980.7		
117.4860	0.5031	979.0	980.1	980.7		
117.5193	0.5128	979.0	980.1	980.8		
117.5526	0.5062	979.0	980.1	980.8		
117.5860	0.5018	979.0	980.2	980.7		
117.6193	0.4997	979.0	980.2	980.8		
117.6526	0.5014	979.0	980.1	980.7		
117.6860	0.5049	979.0	980.1	980.7		
117.7193	0.5018	979.0	980.3	980.9		
117.7526	0.5049	979.0	980.2	980.8		
117.7860	0.5058	979.0	980.1	980.8		
117.8193	0.5154	979.0	980.1	980.8		
117.8526	0.5053	979.0	980.2	980.8		
117.8860	0.5058	979.0	980.2	980.8		
117.9193	0.5040	979.0	980.1	980.7		
117.9526	0.5040	979.0	980.1	980.7		
117.9860	0.4997	979.0	980.1	980.8		
118.0193	0.5163	978.9	980.1	980.7		
118.0526	0.5080	979.0	980.1	980.8		
118.0860	0.5040	979.0	980.1	980.7		
118.1193	0.5066	979.0	980.1	980.7		
118.1526	0.5014	979.0	980.1	980.7		
118.1860	0.5062	979.0	980.2	980.8		
118.2193	0.5171	979.0	980.1	980.8		
118.2526	0.5123	979.0	980.1	980.8		
118.2860	0.5101	979.0	980.1	980.7		
118.3193	0.5027	979.0	980.2	980.8		
118.3526	0.5106	978.9	980.1	980.7		
118.3860	0.5088	979.0	980.1	980.8		
118.4193	0.5110	979.0	980.1	980.8		
118.4526	0.5018	979.1	980.2	980.8		
118.4860	0.5066	979.0	980.1	980.8		
118.5193	0.5080	979.0	980.2	980.8		
118.5526	0.5075	979.0	980.2	980.7		
118.5860	0.5128	979.0	980.1	980.7		
118.6193	0.5128	979.0	980.1	980.8		
118.6526	0.5106	979.1	980.1	980.8		
118.6860	0.5071	979.1	980.2	980.8		
118.7193	0.5119	979.0	980.2	980.9		
118.7526	0.5106	979.0	980.2	980.8		
118.7860	0.5106	979.1	980.2	980.8		
118.8193	0.5132	979.0	980.1	980.8		
118.8526	0.5062	979.0	980.1	980.7		
118.8860	0.5088	979.0	980.1	980.8		
118.9193	0.5123	979.0	980.1	980.7		
118.9526	0.5154	979.0	980.1	980.7		
118.9860	0.5115	978.9	980.1	980.8		
119.0193	0.5171	979.0	980.2	980.8		
119.0526	0.5154	979.0	980.1	980.8		
119.0860	0.5150	979.0	980.2	980.8		
119.1193	0.5097	979.0	980.2	980.8		
119.1526	0.5141	979.0	980.2	980.8		
119.1860	0.5071	979.1	980.1	980.9		
119.2193	0.5049	979.0	980.1	980.8		
119.2526	0.5075	979.0	980.1	980.7		
119.2860	0.5049	979.0	980.1	980.8		
119.3193	0.5097	979.0	980.1	980.7		
119.3526	0.5123	978.9	980.1	980.7		
119.3860	0.5184	979.0	980.1	980.7		
119.4193	0.5150	978.9	980.1	980.7		
119.4526	0.5189	979.0	980.1	980.7		
119.4860	0.5171	979.0	980.1	980.8		
119.5193	0.5106	979.0	980.1	980.8		
119.5526	0.5136	979.0	980.1	980.7		
119.5860	0.5145	979.0	980.1	980.7		
119.6193	0.5198	979.1	980.2	980.8		
119.6526	0.5163	979.0	980.1	980.8		
119.6860	0.5123	978.9	980.1	980.8		
119.7193	0.5154	979.0	980.1	980.7		
119.7526	0.5136	979.0	980.0	980.7		
119.7860	0.5158	978.9	980.0	980.7		
119.8193	0.5115	978.9	980.1	980.7		
119.8526	0.5163	979.0	980.1	980.7		
119.8860	0.5075	979.0	980.1	980.8		
119.9193	0.5115	979.0	980.1	980.8		
119.9526	0.5184	979.0	980.2	980.8		
119.9860	0.5198	979.0	980.2	980.8		
120.0193	0.5158	979.1	980.4	981.2		
120.0526	0.5123	979.0	980.2	980.9		
120.0860	0.5101	979.1	980.1	980.8		
120.1193	0.5180	979.0	980.1	980.7		
120.1526	0.5136	979.0	980.1	980.7		
120.1860	0.5198	979.0	980.1	980.7		
120.2193	0.5123	979.0	980.1	980.7		
120.2526	0.5250	979.0	980.1	980.7		
120.2860	0.5119	978.9	980.1	980.6		
120.3193	0.5215	979.1	980.2	980.8		
120.3526	0.5136	979.0	980.1	980.8		
120.3860	0.5163	979.0	980.1	980.7		
120.4193	0.5136	979.0	980.1	980.7		
120.4526	0.5132	979.1	980.2	980.8		
120.4860	0.5106	979.1	980.3	980.9		
120.5193	0.5106	979.0	980.2	980.8		
120.5526	0.5189	979.0	980.1	980.7		
120.5860	0.5163	979.0	980.1	980.8		
120.6193	0.5206	979.0	980.1	980.8		
120.6526	0.5189	979.1	980.2	980.9		
120.6860	0.5158	979.0	980.2	980.9		
120.7193	0.5154	979.0	980.2	980.8		
120.7526	0.5132	979.0	980.1	980.8		
120.7860	0.5189	979.0	980.2	980.8		
120.8193	0.5167	979.0	980.1	980.7		
120.8526	0.5123	978.9	980.1	980.7		
120.8860	0.5115	979.0	980.1	980.8		
120.9193	0.5241	979.1	980.1	980.8		
120.9526	0.5163	979.0	980.0	980.7		
120.9860	0.5224	979.0	980.1	980.7		
121.0193	0.5106	979.0	980.1	980.7		
121.0526	0.5154	979.0	980.1	980.7		
121.0860	0.5241	979.0	980.1	980.8		
121.1193	0.5241	979.0	980.1	980.7		
121.1526	0.5206	979.0	980.1	980.8		
121.1860	0.5189	978.9	980.2	980.8		
121.2193	0.5180	979.0	980.2	980.8		
121.2526	0.5128	979.0	980.1	980.8		
121.2860	0.5171	979.1	980.1	980.8		
121.3193	0.5198	979.0	980.1	980.8		
121.3526	0.5136	979.0	980.1	980.8		
121.3860	0.5250	979.0	980.1	980.7		
121.4193	0.5184	979.0	980.1	980.7		
121.4526	0.5136	979.1	980.2	980.8		
121.4860	0.5198	979.0	980.2	980.8		
121.5193	0.5246	979.0	980.1	980.8		
121.5526	0.5163	979.0	980.1	980.7		
121.5860	0.5171	979.0	980.1	980.8		
121.6193	0.5237	979.0	980.1	980.7		
121.6526	0.5263	979.0	980.1	980.8		
121.6860	0.5254	978.9	980.1	980.7		
121.7193	0.5224	979.0	980.1	980.7		
121.7526	0.5189	979.0	980.1	980.7		
121.7860	0.5158	979.0	980.1	980.7		
121.8193	0.5176	979.0	980.1	980.8		
121.8526	0.5206	978.9	980.1	980.7		
121.8860	0.5298	979.0	980.1	980.7		
121.9193	0.5237	978.9	980.1	980.8		
121.9526	0.5211	979.0	980.1	980.8		
121.9860	0.5272	979.0	980.1	980.7		
122.0193	0.5206	978.9	980.1	980.8		
122.0526	0.5298	979.0	980.1	980.8		
122.0860	0.5233	979.0	980.1	980.7		
122.1193	0.5171	979.0	980.1	980.7		
122.1526	0.5189	979.0	980.1	980.8		
122.1860	0.5206	979.1	980.1	980.7		
122.2193	0.5228	979.0	980.1	980.7		
122.2526	0.5141	979.0	980.1	980.7		
122.2860	0.5254	979.0	980.1	980.8		
122.3193	0.5233	979.0	980.1	980.8		
122.3526	0.5215	979.0	980.1	980.7		
122.3860	0.5193	979.0	980.1	980.8		
122.4193	0.5233	979.0	980.1	980.8		
122.4526	0.5246	979.0	980.1	980.7		
122.4860	0.5206	979.0	980.1	980.7		
122.5193	0.5215	979.0	980.2	980.8		
122.5526	0.5184	979.0	980.2	980.8		
122.5860	0.5198	979.0	980.1	980.8		
122.6193	0.5211	979.0	980.1	980.8		
122.6526	0.5276	979.0	980.1	980.7		
122.6860	0.5263	979.0	980.1	980.8		
122.7193	0.5206	979.0	980.1	980.7		
122.7526	0.5206	979.0	980.1	980.8		
122.7860	0.5298	979.0	980.2	980.9		
122.8193	0.5307	979.0	980.1	980.8		
122.8526	0.5276	979.0	980.2	980.8		
122.8860	0.5198	979.0	980.1	980.7		
122.9193	0.5228	979.0	980.1	980.7		
122.9526	0.5211	979.0	980.1	980.8		
122.9860	0.5228	979.0	980.1	980.7		
123.0193	0.5285	979.0	980.1	980.7		
123.0526	0.5272	978.9	980.0	980.7		
123.0860	0.5246	979.0	980.1	980.7		
123.1193	0.5237	979.0	980.1	980.7		
123.1526	0.5289	979.0	980.1	980.8		
123.1860	0.5198	979.0	980.1	980.8		
123.2193	0.5355	979.1	980.2	980.8		
123.2526	0.5311	979.0	980.1	980.8		
123.2860	0.5281	978.9	980.1	980.7		
123.3193	0.5228	979.0	980.1	980.8		
123.3526	0.5237	979.0	980.1	980.8		
123.3860	0.5219	979.1	980.2	980.9		
123.4193	0.5176	979.0	980.1	980.8		
123.4526	0.5303	979.0	980.1	980.7		
123.4860	0.5219	979.0	980.1	980.7		
123.5193	0.5246	979.0	980.1	980.7		
123.5526	0.5259	979.0	980.2	980.8		
123.5860	0.5250	979.0	980.1	980.7		
123.6193	0.5355	979.0	980.1	980.8		
123.6526	0.5329	979.0	980.1	980.7		
123.6860	0.5351	979.0	980.2	980.7		
123.7193	0.5263	979.0	980.1	980.8		
123.7526	0.5189	979.0	980.2	980.8		
123.7860	0.5303	979.1	980.2	980.8		
123.8193	0.5193	979.1	980.1	980.8		
123.8526	0.5303	979.0	980.1	980.8		
123.8860	0.5351	979.0	980.1	980.8		
123.9193	0.5272	978.9	980.1	980.8		
123.9526	0.5276	979.0	980.1	980.7		
123.9860	0.5324	979.0	980.1	980.8		
124.0193	0.5276	979.0	980.1	980.7		
124.0526	0.5263	979.0	980.1	980.7		
124.0860	0.5390	979.0	980.1	980.8		
124.1193	0.5237	979.0	980.1	980.7		
124.1526	0.5303	978.9	980.0	980.7		
124.1860	0.5337	979.0	980.1	980.7		
124.2193	0.5254	979.0	980.1	980.7		
124.2526	0.5320	979.1	980.1	980.8		
124.2860	0.5285	979.1	980.1	980.8		
124.3193	0.5324	979.0	980.1	980.8		
124.3526	0.5294	979.1	980.2	980.8		
124.3860	0.5250	979.0	980.2	980.8		
124.4193	0.5285	979.0	980.1	980.8		
124.4526	0.5307	979.0	980.2	980.8		
124.4860	0.5342	979.0	980.1	980.8		
124.5193	0.5333	979.0	980.1	980.7		
124.5526	0.5320	979.0	980.1	980.8		
124.5860	0.5285	979.0	980.2	980.8		
124.6193	0.5285	978.9	980.1	980.7		
124.6526	0.5320	979.0	980.1	980.7		
124.6860	0.5307	979.0	980.1	980.7		
124.7193	0.5193	979.0	980.1	980.7		
124.7526	0.5307	979.0	980.1	980.7		
124.7860	0.5298	978.9	980.1	980.7		
124.8193	0.5254	979.0	980.1	980.7		
124.8526	0.5355	979.1	980.2	981.0		
124.8860	0.5342	979.1	980.2	980.9		
124.9193	0.5324	979.0	980.1	980.6		
124.9526	0.5377	979.0	980.0	980.6		
124.9860	0.5303	979.0	980.1	980.7		
125.0193	0.5281	979.0	980.1	980.7		
125.0526	0.5324	979.0	980.1	980.7		
125.0860	0.5329	979.0	980.2	980.7		
125.1193	0.5307	979.1	980.2	980.8		
125.1526	0.5342	979.0	980.1	980.7		
125.1860	0.5320	979.1	980.3	981.0		
125.2193	0.5272	979.1	980.2	980.8		
125.2526	0.5307	979.0	980.1	980.8		
125.2860	0.5342	979.0	980.1	980.7		
125.3193	0.5359	978.9	980.1	980.7		
125.3526	0.5307	979.0	980.1	980.7		
125.3860	0.5377	979.0	980.2	980.8		
125.4193	0.5285	979.0	980.2	980.7		
125.4526	0.5294	979.0	980.2	980.9		
125.4860	0.5276	979.0	980.1	980.8		
125.5193	0.5307	979.0	980.1	980.7		
125.5526	0.5324	979.1	980.2	980.8		
125.5860	0.5346	979.0	980.1	980.7		
125.6193	0.5303	979.0	980.1	980.7		
125.6526	0.5268	979.0	980.1	980.7		
125.6860	0.5268	979.0	980.1	980.7		
125.7193	0.5372	979.0	980.1	980.8		
125.7526	0.5377	979.0	980.1	980.7		
125.7860	0.5372	979.1	980.2	980.7		
125.8193	0.5333	979.0	980.2	980.8		
125.8526	0.5368	979.1	980.1	980.8		
125.8860	0.5311	979.1	980.2	980.8		
125.9193	0.5368	979.0	980.1	980.8		
125.9526	0.5407	978.9	980.1	980.7		
125.9860	0.5320	979.0	980.1	980.7		
126.0193	0.5416	979.0	980.1	980.8		
126.0526	0.5355	978.9	980.0	980.7		
126.0860	0.5311	978.9	980.1	980.7		
126.1193	0.5311	979.0	980.2	980.8		
126.1526	0.5407	979.0	980.2	980.8		
126.1860	0.5368	978.9	980.1	980.8		
126.2193	0.5307	978.9	980.1	980.7		
126.2526	0.5337	979.0	980.2	980.8		
126.2860	0.5294	979.0	980.2	980.7		
126.3193	0.5320	979.0	980.1	980.8		
126.3526	0.5272	979.0	980.2	980.8		
126.3860	0.5333	979.0	980.1	980.7		
126.4193	0.5381	978.9	980.1	980.7		
126.4526	0.5403	979.0	980.1	980.7		
126.4860	0.5342	979.0	980.1	980.8		
126.5193	0.5407	979.0	980.2	980.8		
126.5526	0.5455	979.0	980.2	980.7		
126.5860	0.5421	979.0	980.2	980.8		
126.6193	0.5451	979.0	980.1	980.8		
126.6526	0.5438	979.0	980.2	980.7		
126.6860	0.5316	979.0	980.1	980.7		
126.7193	0.5386	979.1	980.1	980.8		
126.7526	0.5250	979.0	980.1	980.8		
126.7860	0.5346	979.0	980.1	980.7		
126.8193	0.5407	979.0	980.1	980.7		
126.8526	0.5303	979.0	980.1	980.7		
126.8860	0.5425	979.0	980.1	980.7		
126.9193	0.5390	979.0	980.1	980.7		
126.9526	0.5359	979.0	980.1	980.7		
126.9860	0.5421	979.0	980.2	980.8		
127.0193	0.5381	979.0	980.2	980.8		
127.0526	0.5403	979.0	980.2	980.9		
127.0860	0.5333	979.0	980.1	980.8		
127.1193	0.5381	979.0	980.1	980.8		
127.1526	0.5386	979.1	980.1	980.8		
127.1860	0.5403	979.0	980.1	980.8		
127.2193	0.5399	979.0	980.1	980.8		
127.2526	0.5403	978.9	980.1	980.8		
127.2860	0.5372	979.0	980.1	980.8		
127.3193	0.5399	979.0	980.1	980.7		
127.3526	0.5381	979.0	980.2	980.8		
127.3860	0.5372	979.0	980.2	980.8		
127.4193	0.5412	979.1	980.2	980.9		
127.4526	0.5429	979.0	980.2	980.9		
127.4860	0.5473	979.0	980.1	980.8		
127.5193	0.5368	979.0	980.1	980.7		
127.5526	0.5434	979.0	980.2	980.7		
127.5860	0.5416	979.0	980.1	980.8		
127.6193	0.5372	979.1	980.1	980.8		
127.6526	0.5429	979.0	980.2	980.8		
127.6860	0.5355	978.9	980.0	980.7		
127.7193	0.5451	979.0	980.2	980.8		
127.7526	0.5490	979.1	980.1	980.8		
127.7860	0.5381	979.0	980.1	980.8		
127.8193	0.5377	979.0	980.2	980.8		
127.8526	0.5455	978.9	980.1	980.7		
127.8860	0.5434	979.0	980.2	980.9		
127.9193	0.5469	979.0	980.2	980.8		
127.9526	0.5425	979.0	980.2	980.8		
127.9860	0.5421	979.0	980.1	980.7		
128.0193	0.5464	979.0	980.1	980.8		
128.0526	0.5429	979.0	980.1	980.7		
128.0860	0.5381	979.0	980.2	980.8		
128.1193	0.5486	978.9	980.1	980.7		
128.1526	0.5421	979.0	980.2	980.8		
128.1860	0.5359	979.0	980.2	980.8		
128.2193	0.5442	979.0	980.1	980.8		
128.2526	0.5539	979.0	980.1	980.8		
128.2860	0.5399	979.0	980.1	980.8		
128.3193	0.5451	979.0	980.1	980.7		
128.3526	0.5534	979.0	980.2	980.8		
128.3860	0.5464	979.0	980.2	980.8		
128.4193	0.5403	978.9	980.1	980.8		
128.4526	0.5490	979.0	980.1	980.8		
128.4860	0.5412	979.0	980.1	980.8		
128.5193	0.5460	979.0	980.1	980.7		
128.5526	0.5455	979.0	980.1	980.7		
128.5860	0.5451	978.9	980.0	980.6		
128.6193	0.5364	979.0	980.1	980.7		
128.6526	0.5399	979.0	980.1	980.8		
128.6860	0.5421	979.1	980.2	980.8		
128.7193	0.5490	979.0	980.2	980.8		
128.7526	0.5416	979.1	980.1	980.8		
128.7860	0.5442	979.0	980.1	980.8		
128.8193	0.5403	979.0	980.2	980.8		
128.8526	0.5442	979.0	980.1	980.8		
128.8860	0.5517	979.0	980.1	980.7		
128.9193	0.5429	979.0	980.2	980.8		
128.9526	0.5416	979.0	980.1	980.8		
128.9860	0.5407	979.0	980.1	980.7		
129.0193	0.5403	979.0	980.1	980.7		
129.0526	0.5508	978.9	980.1	980.7		
129.0860	0.5377	979.0	980.1	980.8		
129.1193	0.5438	979.0	980.1	980.7		
129.1526	0.5346	979.0	980.2	980.7		
129.1860	0.5464	979.0	980.1	980.7		
129.2193	0.5495	979.0	980.2	980.8		
129.2526	0.5525	979.0	980.1	980.8		
129.2860	0.5477	979.0	980.2	980.8		
129.3193	0.5455	978.9	980.1	980.7		
129.3526	0.5530	979.0	980.1	980.8		
129.3860	0.5508	979.0	980.2	980.8		
129.4193	0.5429	979.0	980.1	980.7		
129.4526	0.5517	979.0	980.1	980.8		
129.4860	0.5455	979.0	980.1	980.7		
129.5193	0.5517	979.0	980.1	980.7		
129.5526	0.5407	979.0	980.1	980.8		
129.5860	0.5460	979.0	980.1	980.8		
129.6193	0.5521	978.9	980.1	980.7		
129.6526	0.5530	979.0	980.1	980.8		
129.6860	0.5447	979.0	980.1	980.8		
129.7193	0.5574	979.0	980.2	980.8		
129.7526	0.5486	979.0	980.1	980.7		
129.7860	0.5434	979.0	980.1	980.7		
129.8193	0.5504	979.1	980.2	980.8		
129.8526	0.5455	979.0	980.1	980.7		
129.8860	0.5504	979.0	980.1	980.7		
129.9193	0.5394	979.0	980.1	980.7		
129.9526	0.5455	979.0	980.1	980.7		
129.9860	0.5517	978.9	980.1	980.8		
130.0193	0.5464	979.0	980.1	980.7		
130.0526	0.5525	979.0	980.1	980.8		
130.0860	0.5560	979.0	980.1	980.8		
130.1193	0.5560	979.0	980.2	980.8		
130.1526	0.5504	979.1	980.2	980.8		
130.1860	0.5539	979.0	980.2	980.8		
130.2193	0.5486	979.0	980.2	980.8		
130.2526	0.5429	979.0	980.2	980.8		
130.2860	0.5504	979.0	980.1	980.6		
130.3193	0.5464	979.0	980.1	980.7		
130.3526	0.5486	979.0	980.1	980.8		
130.3860	0.5499	979.0	980.1	980.8		
130.4193	0.5556	978.9	980.1	980.8		
130.4526	0.5534	979.0	980.1	980.8		
130.4860	0.5442	979.0	980.1	980.7		
130.5193	0.5521	979.0	980.1	980.8		
130.5526	0.5442	979.0	980.1	980.8		
130.5860	0.5451	979.0	980.1	980.7		
130.6193	0.5534	979.1	980.1	980.7		
130.6526	0.5508	979.1	980.1	980.8		
130.6860	0.5486	979.0	980.2	980.7		
130.7193	0.5451	978.9	980.1	980.7		
130.7526	0.5486	979.0	980.1	980.7		
130.7860	0.5464	979.0	980.1	980.7		
130.8193	0.5482	979.0	980.2	980.7		
130.8526	0.5486	978.9	980.1	980.7		
130.8860	0.5495	978.9	980.1	980.7		
130.9193	0.5539	979.0	980.1	980.7		
130.9526	0.5482	978.9	980.0	980.7		
130.9860	0.5547	979.0	980.2	980.9		
131.0193	0.5482	979.0	980.1	980.8		
131.0526	0.5504	979.0	980.1	980.8		
131.0860	0.5517	979.1	980.1	980.8		
131.1193	0.5460	979.0	980.1	980.8		
131.1526	0.5407	979.0	980.1	980.7		
131.1860	0.5451	979.0	980.1	980.7		
131.2193	0.5578	979.0	980.2	980.8		
131.2526	0.5552	979.0	980.1	980.7		
131.2860	0.5486	979.0	980.2	980.8		
131.3193	0.5547	979.0	980.1	980.8		
131.3526	0.5530	979.0	980.1	980.8		
131.3860	0.5455	979.1	980.2	980.8		
131.4193	0.5512	979.0	980.2	980.8		
131.4526	0.5569	979.0	980.1	980.7		
131.4860	0.5539	979.0	980.1	980.7		
131.5193	0.5490	979.0	980.1	980.7		
131.5526	0.5560	979.0	980.1	980.8		
131.5860	0.5530	979.0	980.1	980.7		
131.6193	0.5539	979.0	980.1	980.7		
131.6526	0.5534	979.1	980.1	980.8		
131.6860	0.5565	979.0	980.1	980.7		
131.7193	0.5530	979.1	980.1	980.7		
131.7526	0.5504	979.0	980.1	980.7		
131.7860	0.5525	979.0	980.1	980.7		
131.8193	0.5582	979.1	980.1	980.7		
131.8526	0.5539	979.0	980.1	980.8		
131.8860	0.5574	979.0	980.1	980.8		
131.9193	0.5495	979.1	980.1	980.8		
131.9526	0.5578	979.0	980.1	980.8		
131.9860	0.5512	979.1	980.1	980.8		
132.0193	0.5617	979.0	980.1	980.7		
132.0526	0.5530	979.0	980.1	980.7		
132.0860	0.5578	979.0	980.1	980.7		
132.1193	0.5574	979.0	980.2	980.8		
132.1526	0.5595	979.1	980.2	980.8		
132.1860	0.5587	979.0	980.1	980.8		
132.2193	0.5556	979.0	980.1	980.8		
132.2526	0.5565	979.0	980.1	980.8		
132.2860	0.5556	979.1	980.2	980.8		
132.3193	0.5556	979.0	980.1	980.8		
132.3526	0.5539	978.9	980.1	980.7		
132.3860	0.5556	979.0	980.1	980.8		
132.4193	0.5582	978.9	980.0	980.7		
132.4526	0.5482	979.0	980.1	980.8		
132.4860	0.5455	979.0	980.1	980.8		
132.5193	0.5591	979.0	980.1	980.7		
132.5526	0.5543	979.0	980.1	980.9		
132.5860	0.5587	979.0	980.0	980.7		
132.6193	0.5556	979.0	980.1	980.8		
132.6526	0.5512	978.9	980.0	980.7		
132.6860	0.5490	978.9	980.1	980.7		
132.7193	0.5600	979.0	980.1	980.7		
132.7526	0.5569	979.0	980.1	980.7		
132.7860	0.5574	979.0	980.1	980.8		
132.8193	0.5635	979.0	980.2	980.8		
132.8526	0.5574	978.9	980.0	980.7		
132.8860	0.5617	979.0	980.1	980.7		
132.9193	0.5595	979.0	980.1	980.8		
132.9526	0.5569	979.0	980.1	980.8		
132.9860	0.5543	979.0	980.1	980.7		
133.0193	0.5595	979.0	980.1	980.8		
133.0526	0.5460	979.0	980.1	980.7		
133.0860	0.5630	979.0	980.1	980.7		
133.1193	0.5643	979.0	980.1	980.6		
133.1526	0.5643	978.9	980.1	980.7		
133.1860	0.5700	979.0	980.1	980.7		
133.2193	0.5512	979.0	980.1	980.8		
133.2526	0.5574	979.0	980.1	980.7		
133.2860	0.5578	979.0	980.1	980.7		
133.3193	0.5639	979.0	980.1	980.7		
133.3526	0.5652	979.1	980.1	980.8		
133.3860	0.5643	979.0	980.1	980.7		
133.4193	0.5600	978.9	980.1	980.7		
133.4526	0.5613	978.9	980.1	980.7		
133.4860	0.5639	978.9	980.1	980.7		
133.5193	0.5626	979.0	980.1	980.7		
133.5526	0.5639	979.0	980.1	980.7		
133.5860	0.5600	979.0	980.1	980.7		
133.6193	0.5617	979.0	980.1	980.7		
133.6526	0.5608	979.0	980.0	980.7		
133.6860	0.5622	978.9	980.0	980.7		
133.7193	0.5657	979.0	980.0	980.8		
133.7526	0.5578	979.0	980.1	980.7		
133.7860	0.5622	979.0	980.2	980.9		
133.8193	0.5582	979.0	980.2	980.9		
133.8526	0.5713	979.0	980.1	980.8		
133.8860	0.5635	979.0	980.2	980.8		
133.9193	0.5630	979.0	980.0	980.7		
133.9526	0.5595	979.0	980.0	980.7		
133.9860	0.5661	979.0	980.1	980.7		
134.0193	0.5661	979.0	980.1	980.8		
134.0526	0.5670	979.0	980.1	980.7		
134.0860	0.5665	979.0	980.1	980.7		
134.1193	0.5543	979.0	980.2	980.7		
134.1526	0.5643	979.0	980.1	980.8		
134.1860	0.5630	978.9	980.1	980.8		
134.2193	0.5635	978.9	980.1	980.7		
134.2526	0.5617	979.0	980.1	980.7		
134.2860	0.5582	979.0	980.2	980.8		
134.3193	0.5604	979.0	980.1	980.8		
134.3526	0.5552	979.1	980.2	980.8		
134.3860	0.5652	979.0	980.2	980.8		
134.4193	0.5643	979.0	980.2	980.8		
134.4526	0.5626	979.0	980.1	980.8		
134.4860	0.5626	979.0	980.1	980.8		
134.5193	0.5740	979.0	980.1	980.8		
134.5526	0.5604	979.0	980.1	980.8		
134.5860	0.5648	979.0	980.1	980.7		
134.6193	0.5604	979.0	980.2	980.9		
134.6526	0.5678	979.1	980.2	980.9		
134.6860	0.5696	979.0	980.0	980.7		
134.7193	0.5617	978.9	980.1	980.7		
134.7526	0.5613	979.0	980.1	980.7		
134.7860	0.5696	979.0	980.1	980.7		
134.8193	0.5639	979.0	980.1	980.8		
134.8526	0.5622	979.0	980.0	980.7		
134.8860	0.5652	979.0	980.2	980.8		
134.9193	0.5718	979.0	980.2	980.8		
134.9526	0.5766	979.0	980.0	980.7		
134.9860	0.5718	979.0	980.1	980.7		
135.0193	0.5626	979.0	980.1	980.7		
135.0526	0.5626	979.0	980.1	980.7		
135.0860	0.5674	979.0	980.2	980.8		
135.1193	0.5687	979.0	980.1	980.8		
135.1526	0.5626	979.0	980.1	980.7		
135.1860	0.5700	979.1	980.1	980.8		
135.2193	0.5766	979.0	980.1	980.8		
135.2526	0.5700	979.0	980.1	980.8		
135.2860	0.5687	979.0	980.0	980.7		
135.3193	0.5617	979.0	980.0	980.8		
135.3526	0.5692	978.9	980.1	980.7		
135.3860	0.5713	978.9	980.0	980.7		
135.4193	0.5652	979.0	980.0	980.8		
135.4526	0.5630	979.0	980.1	980.7		
135.4860	0.5687	979.0	980.1	980.8		
135.5193	0.5713	979.0	980.1	980.8		
135.5526	0.5683	979.1	980.1	980.8		
135.5860	0.5687	979.0	980.1	980.8		
135.6193	0.5744	979.0	980.1	980.7		
135.6526	0.5652	979.1	980.2	980.8		
135.6860	0.5626	979.1	980.1	980.7		
135.7193	0.5630	979.0	980.1	980.7		
135.7526	0.5692	979.0	980.2	980.8		
135.7860	0.5696	979.0	980.2	980.8		
135.8193	0.5727	979.0	980.1	980.8		
135.8526	0.5709	979.1	980.2	980.8		
135.8860	0.5600	979.1	980.1	980.8		
135.9193	0.5630	979.0	980.2	980.8		
135.9526	0.5696	979.0	980.1	980.7		
135.9860	0.5608	979.0	980.1	980.8		
136.0193	0.5678	978.9	980.1	980.7		
136.0526	0.5722	979.0	980.1	980.7		
136.0860	0.5670	979.0	980.1	980.7		
136.1193	0.5727	979.0	980.1	980.8		
136.1526	0.5700	979.0	980.1	980.8		
136.1860	0.5692	979.0	980.1	980.7		
136.2193	0.5696	979.0	980.1	980.7		
136.2526	0.5722	979.0	980.1	980.8		
136.2860	0.5735	979.0	980.1	980.8		
136.3193	0.5779	979.0	980.0	980.7		
136.3526	0.5709	979.0	980.1	980.7		
136.3860	0.5713	979.0	980.1	980.8		
136.4193	0.5757	979.0	980.1	980.8		
136.4526	0.5709	978.9	980.0	980.8		
136.4860	0.5674	979.1	980.1	980.7		
136.5193	0.5744	979.0	980.1	980.8		
136.5526	0.5722	979.0	980.1	980.7		
136.5860	0.5775	979.0	980.1	980.7		
136.6193	0.5670	979.0	980.1	980.7		
136.6526	0.5779	979.0	980.1	980.8		
136.6860	0.5700	979.0	980.1	980.7		
136.7193	0.5722	979.1	980.2	980.8		
136.7526	0.5783	979.0	980.1	980.8		
136.7860	0.5783	979.0	980.1	980.8		
136.8193	0.5757	978.9	980.1	980.8		
136.8526	0.5727	979.0	980.1	980.8		
136.8860	0.5700	979.0	980.1	980.7		
136.9193	0.5722	979.0	980.1	980.7		
136.9526	0.5731	979.0	980.1	980.8		
136.9860	0.5744	979.0	980.1	980.7		
137.0193	0.5696	978.9	980.0	980.7		
137.0526	0.5770	978.9	980.0	980.6		
137.0860	0.5783	979.0	980.1	980.6		
137.1193	0.5665	979.0	980.1	980.7		
137.1526	0.5744	978.9	980.1	980.8		
137.1860	0.5713	979.0	980.0	980.7		
137.2193	0.5792	979.1	980.1	980.8		
137.2526	0.5779	979.0	980.0	980.7		
137.2860	0.5731	978.9	980.0	980.7		
137.3193	0.5735	979.0	980.1	980.8		
137.3526	0.5661	978.9	980.0	980.7		
137.3860	0.5748	979.0	980.1	980.8		
137.4193	0.5744	979.1	980.1	980.8		
137.4526	0.5748	979.1	980.1	980.8		
137.4860	0.5788	979.0	980.1	980.8		
137.5193	0.5687	979.0	980.1	980.8		
137.5526	0.5713	978.9	980.1	980.7		
137.5860	0.5744	979.0	980.1	980.7		
137.6193	0.5692	979.0	980.0	980.7		
137.6526	0.5796	979.0	980.3	981.0		
137.6860	0.5801	979.1	980.2	980.9		
137.7193	0.5770	979.0	980.1	980.8		
137.7526	0.5770	979.0	980.1	980.8		
137.7860	0.5748	978.9	980.1	980.8		
137.8193	0.5779	978.9	980.0	980.8		
137.8526	0.5849	979.0	980.1	980.8		
137.8860	0.5757	979.0	980.2	980.8		
137.9193	0.5770	979.0	980.1	980.7		
137.9526	0.5744	979.0	980.0	980.7		
137.9860	0.5722	979.0	980.1	980.8		
138.0193	0.5727	979.0	980.2	980.9		
138.0526	0.5796	979.0	980.1	980.8		
138.0860	0.5779	979.0	980.1	980.8		
138.1193	0.5792	979.0	980.1	980.9		
138.1526	0.5775	979.1	980.1	980.8		
138.1860	0.5840	979.1	980.1	980.8		
138.2193	0.5814	979.0	980.1	980.8		
138.2526	0.5766	979.0	980.1	980.8		
138.2860	0.5775	979.0	980.1	980.8		
138.3193	0.5792	979.0	980.1	980.8		
138.3526	0.5801	979.0	980.1	980.8		
138.3860	0.5862	979.0	980.1	980.8		
138.4193	0.5818	979.1	980.2	980.9		
138.4526	0.5761	979.0	980.2	980.9		
138.4860	0.5770	979.0	980.2	980.8		
138.5193	0.5796	979.0	980.2	980.8		
138.5526	0.5761	979.1	980.2	980.8		
138.5860	0.5761	979.1	980.2	980.8		
138.6193	0.5735	979.0	980.2	980.9		
138.6526	0.5753	979.1	980.2	980.9		
138.6860	0.5692	979.1	980.2	980.9		
138.7193	0.5788	979.1	980.3	981.0		
138.7526	0.5775	979.2	980.2	980.9		
138.7860	0.5788	979.1	980.2	980.9		
138.8193	0.5875	979.1	980.2	980.8		
138.8526	0.5831	979.1	980.4	981.1		
138.8860	0.5858	979.1	980.3	981.0		
138.9193	0.5875	979.1	980.3	981.0		
138.9526	0.5858	979.0	980.2	980.9		
138.9860	0.5775	979.0	980.2	980.8		
139.0193	0.5779	979.0	980.1	980.8		
139.0526	0.5727	979.1	980.2	981.0		
139.0860	0.5836	979.2	980.2	981.0		
139.1193	0.5875	979.1	980.2	980.9		
139.1526	0.5901	979.0	980.0	980.7		
139.1860	0.5810	979.1	980.2	980.9		
139.2193	0.5735	979.2	980.2	980.9		
139.2526	0.5849	979.1	980.2	980.8		
139.2860	0.5836	979.1	980.2	980.9		
139.3193	0.5792	979.1	980.2	980.9		
139.3526	0.5766	979.2	980.2	980.9		
139.3860	0.5818	979.1	980.3	980.9		
139.4193	0.5862	979.1	980.2	980.9		
139.4526	0.5823	979.0	980.1	980.8		
139.4860	0.5801	979.1	980.1	980.8		
139.5193	0.5849	979.1	980.2	980.8		
139.5526	0.5845	979.0	980.2	980.8		
139.5860	0.5740	979.2	980.2	980.9		
139.6193	0.5884	979.1	980.3	980.9		
139.6526	0.5836	979.1	980.2	980.9		
139.6860	0.5853	979.0	980.1	980.8		
139.7193	0.5845	979.0	980.1	980.8		
139.7526	0.5875	979.0	980.1	980.7		
139.7860	0.5840	979.0	980.1	980.7		
139.8193	0.5849	979.1	980.2	980.8		
139.8526	0.5788	979.1	980.1	980.8		
139.8860	0.5840	979.1	980.2	980.8		
139.9193	0.5919	979.1	980.3	981.0		
139.9526	0.5928	979.0	980.2	980.9		
139.9860	0.5853	979.0	980.1	980.7		
140.0193	0.5928	979.2	980.5	981.5		
140.0526	0.5888	979.2	980.4	981.1		
140.0860	0.5779	979.0	980.0	980.6		
140.1193	0.5845	979.1	980.0	980.7		
140.1526	0.5731	979.1	980.1	980.7		
140.1860	0.5858	979.0	980.1	980.7		
140.2193	0.5805	979.1	980.1	980.8		
140.2526	0.5849	979.2	980.2	980.9		
140.2860	0.5792	979.0	980.2	980.8		
140.3193	0.5858	979.0	980.2	980.8		
140.3526	0.5928	979.0	980.2	980.7		
140.3860	0.5862	979.1	980.1	980.8		
140.4193	0.5836	979.0	980.1	980.8		
140.4526	0.5836	979.0	980.1	980.8		
140.4860	0.5779	978.9	980.0	980.6		
140.5193	0.5910	979.0	980.1	980.7		
140.5526	0.5853	979.0	980.1	980.7		
140.5860	0.5954	979.0	980.1	980.8		
140.6193	0.5801	979.0	980.1	980.7		
140.6526	0.5888	979.0	980.1	980.7		
140.6860	0.5906	979.0	980.1	980.8		
140.7193	0.5875	979.1	980.1	980.8		
140.7526	0.5805	979.1	980.2	980.8		
140.7860	0.5866	979.0	980.2	980.8		
140.8193	0.5880	979.0	980.1	980.7		
140.8526	0.5893	979.0	980.1	980.7		
140.8860	0.5858	979.0	980.2	980.8		
140.9193	0.5897	979.0	980.1	980.7		
140.9526	0.5845	979.0	980.1	980.8		
140.9860	0.5875	979.0	980.1	980.7		
141.0193	0.5858	979.0	980.1	980.8		
141.0526	0.5923	979.0	980.1	980.7		
141.0860	0.5901	979.0	980.0	980.7		
141.1193	0.5862	979.0	980.1	980.7		
141.1526	0.5849	978.9	980.0	980.7		
141.1860	0.5866	979.0	980.1	980.8		
141.2193	0.5919	979.1	980.1	980.8		
141.2526	0.5853	979.1	980.1	980.8		
141.2860	0.5958	979.1	980.1	980.8		
141.3193	0.5884	978.9	980.1	980.7		
141.3526	0.5888	979.0	980.1	980.8		
141.3860	0.5827	979.0	980.1	980.8		
141.4193	0.5945	978.9	980.1	980.7		
141.4526	0.5901	979.1	980.3	981.0		
141.4860	0.5901	979.1	980.2	980.9		
141.5193	0.5862	979.0	980.1	980.7		
141.5526	0.5945	979.0	980.0	980.7		
141.5860	0.5906	979.0	980.0	980.7		
141.6193	0.5893	979.0	980.0	980.7		
141.6526	0.5884	978.9	980.0	980.7		
141.6860	0.5880	978.9	980.0	980.7		
141.7193	0.5958	979.0	980.1	980.7		
141.7526	0.5954	979.0	980.1	980.7		
141.7860	0.5858	979.1	980.2	980.9		
141.8193	0.5845	979.1	980.1	980.8		
141.8526	0.5884	979.1	980.1	980.8		
141.8860	0.5941	979.0	980.1	980.7		
141.9193	0.6041	979.0	980.2	980.7		
141.9526	0.5936	978.9	980.1	980.7		
141.9860	0.5989	979.0	980.1	980.8		
142.0193	0.5910	979.0	980.1	980.7		
142.0526	0.6006	979.1	980.1	980.8		
142.0860	0.5880	979.0	980.2	980.8		
142.1193	0.5884	979.0	980.1	980.7		
142.1526	0.5949	979.0	980.1	980.8		
142.1860	0.5941	979.0	980.1	980.7		
142.2193	0.5919	978.9	980.1	980.7		
142.2526	0.5945	979.0	980.2	980.9		
142.2860	0.5967	979.0	980.1	980.8		
142.3193	0.5980	979.0	980.1	980.7		
142.3526	0.5901	979.2	980.4	981.2		
142.3860	0.5984	979.1	980.3	980.9		
142.4193	0.5923	979.0	980.2	980.7		
142.4526	0.5971	979.0	980.1	980.7		
142.4860	0.5906	978.9	980.0	980.8		
142.5193	0.5866	979.1	980.1	980.7		
142.5526	0.5919	979.0	980.1	980.7		
142.5860	0.5998	979.0	980.0	980.7		
142.6193	0.5884	979.1	980.2	980.8		
142.6526	0.5928	979.0	980.2	980.8		
142.6860	0.6011	979.0	980.1	980.7		
142.7193	0.5958	979.0	980.2	980.9		
142.7526	0.5936	979.0	980.1	980.8		
142.7860	0.5954	978.9	980.1	980.7		
142.8193	0.5967	979.0	980.1	980.7		
142.8526	0.5958	979.0	980.0	980.7		
142.8860	0.5976	979.1	980.2	980.9		
142.9193	0.5919	979.0	980.2	980.8		
142.9526	0.5971	979.0	980.1	980.7		
142.9860	0.6019	978.9	980.0	980.7		
143.0193	0.5984	979.0	980.1	980.8		
143.0526	0.5958	979.0	980.1	980.8		
143.0860	0.6041	979.0	980.2	980.8		
143.1193	0.5980	979.1	980.4	981.1		
143.1526	0.6015	979.0	980.3	981.0		
143.1860	0.5932	979.0	980.2	980.9		
143.2193	0.5919	979.1	980.2	980.8		
143.2526	0.5954	979.1	980.2	980.8		
143.2860	0.5989	979.0	980.1	980.8		
143.3193	0.6033	979.1	980.2	980.9		
143.3526	0.5984	979.0	980.1	980.7		
143.3860	0.5945	979.0	980.1	980.7		
143.4193	0.5971	978.9	980.1	980.7		
143.4526	0.6028	979.0	980.2	980.9		
143.4860	0.5963	979.0	980.1	980.7		
143.5193	0.6067	979.0	980.1	980.7		
143.5526	0.6015	979.1	980.2	980.8		
143.5860	0.6011	979.0	980.1	980.8		
143.6193	0.6059	979.0	980.1	980.9		
143.6526	0.6067	979.1	980.2	980.8		
143.6860	0.5998	979.1	980.2	980.7		
143.7193	0.6006	979.0	980.1	980.7		
143.7526	0.6033	979.0	980.1	980.8		
143.7860	0.5958	979.0	980.1	980.8		
143.8193	0.6006	979.0	980.1	980.8		
143.8526	0.5993	979.0	980.1	980.7		
143.8860	0.5989	979.0	980.1	980.8		
143.9193	0.6019	979.0	980.1	980.7		
143.9526	0.6015	979.0	980.1	980.8		
143.9860	0.5976	979.0	980.2	980.8		
144.0193	0.6046	979.0	980.1	980.8		
144.0526	0.5993	979.0	980.2	980.8		
144.0860	0.6059	979.1	980.2	980.9		
144.1193	0.6059	979.0	980.1	980.8		
144.1526	0.6002	979.1	980.1	980.7		
144.1860	0.6142	979.0	980.2	980.9		
144.2193	0.5980	979.0	980.1	980.8		
144.2526	0.6063	979.0	980.2	980.8		
144.2860	0.6050	979.0	980.2	980.9		
144.3193	0.6028	979.0	980.1	980.8		
144.3526	0.5984	979.0	980.1	980.8		
144.3860	0.5923	979.0	980.1	980.8		
144.4193	0.6081	979.0	980.1	980.7		
144.4526	0.6111	979.0	980.2	980.8		
144.4860	0.6033	979.0	980.1	980.7		
144.5193	0.6041	979.0	980.2	980.8		
144.5526	0.6094	979.0	980.2	980.9		
144.5860	0.6059	979.0	980.1	980.7		
144.6193	0.6015	979.0	980.0	980.7		
144.6526	0.5993	979.0	980.1	980.7		
144.6860	0.6067	979.0	980.1	980.8		
144.7193	0.5998	979.0	980.1	980.8		
144.7526	0.6028	979.0	980.2	980.9		
144.7860	0.6059	978.9	980.1	980.8		
144.8193	0.5976	979.0	980.1	980.8		
144.8526	0.6067	979.0	980.1	980.8		
144.8860	0.6006	979.0	980.1	980.8		
144.9193	0.6094	979.0	980.1	980.7		
144.9526	0.6102	979.0	980.2	980.8		
144.9860	0.6151	979.0	980.1	980.7		
145.0193	0.6028	979.0	980.1	980.8		
145.0526	0.5971	979.1	980.1	980.8		
145.0860	0.6015	979.0	980.0	980.7		
145.1193	0.6085	979.1	980.1	980.8		
145.1526	0.6054	979.0	980.1	980.8		
145.1860	0.6067	978.9	980.1	980.7		
145.2193	0.6102	979.0	980.2	980.9		
145.2526	0.6037	979.0	980.2	980.8		
145.2860	0.6050	979.0	980.2	980.8		
145.3193	0.6033	979.0	980.2	980.9		
145.3526	0.6054	979.0	980.2	980.8		
145.3860	0.6054	979.0	980.2	980.8		
145.4193	0.6111	979.0	980.1	980.8		
145.4526	0.6024	978.9	980.1	980.7		
145.4860	0.6054	979.1	980.2	980.8		
145.5193	0.6102	979.0	980.2	980.8		
145.5526	0.6054	979.0	980.1	980.7		
145.5860	0.6063	979.0	980.1	980.8		
145.6193	0.6059	979.0	980.2	980.8		
145.6526	0.6011	979.1	980.2	980.9		
145.6860	0.6006	979.0	980.2	980.9		
145.7193	0.6085	979.0	980.1	980.8		
145.7526	0.6072	979.0	980.2	980.8		
145.7860	0.6085	979.1	980.2	980.8		
145.8193	0.6111	979.0	980.1	980.8		
145.8526	0.6063	979.0	980.2	980.9		
145.8860	0.6120	979.0	980.1	980.7		
145.9193	0.6094	979.0	980.0	980.6		
145.9526	0.6054	979.1	980.2	980.7		
145.9860	0.6059	979.0	980.1	980.8		
146.0193	0.6024	979.0	980.1	980.8		
146.0526	0.6111	979.0	980.1	980.8		
146.0860	0.6089	979.0	980.1	980.8		
146.1193	0.6124	979.0	980.2	980.8		
146.1526	0.6168	979.0	980.1	980.8		
146.1860	0.6067	979.0	980.1	980.8		
146.2193	0.6111	979.0	980.2	980.8		
146.2526	0.6067	979.0	980.1	980.8		
146.2860	0.6186	979.0	980.2	980.9		
146.3193	0.6129	979.0	980.1	980.8		
146.3526	0.6059	979.0	980.2	980.8		
146.3860	0.6111	979.0	980.1	980.9		
146.4193	0.6146	979.1	980.1	980.8		
146.4526	0.6137	979.1	980.2	980.9		
146.4860	0.6102	979.0	980.1	980.8		
146.5193	0.6050	979.0	980.1	980.7		
146.5526	0.6151	979.0	980.1	980.8		
146.5860	0.6072	979.0	980.1	980.8		
146.6193	0.6063	979.1	980.1	980.8		
146.6526	0.6164	979.1	980.2	980.8		
146.6860	0.6072	979.0	980.1	980.8		
146.7193	0.6054	979.1	980.2	980.8		
146.7526	0.6181	979.0	980.2	980.8		
146.7860	0.6133	979.1	980.2	980.8		
146.8193	0.6089	979.1	980.2	980.9		
146.8526	0.6063	979.1	980.1	980.8		
146.8860	0.6076	979.0	980.1	980.8		
146.9193	0.6072	979.0	980.0	980.8		
146.9526	0.6124	979.1	980.2	981.0		
146.9860	0.6129	979.1	980.2	980.9		
147.0193	0.6133	979.0	980.2	980.9		
147.0526	0.6151	979.0	980.2	980.9		
147.0860	0.6124	979.0	980.3	980.9		
147.1193	0.6168	979.1	980.1	980.8		
147.1526	0.6181	979.0	980.2	980.9		
147.1860	0.6116	979.0	980.1	980.8		
147.2193	0.6089	979.1	980.2	980.9		
147.2526	0.6186	979.1	980.2	980.8		
147.2860	0.6098	979.1	980.2	980.8		
147.3193	0.6155	979.1	980.2	980.9		
147.3526	0.6159	979.1	980.2	980.8		
147.3860	0.6120	979.0	980.1	980.8		
147.4193	0.6111	979.0	980.1	980.8		
147.4526	0.6172	979.1	980.2	980.8		
147.4860	0.6054	979.0	980.2	980.8		
147.5193	0.6124	979.0	980.2	980.8		
147.5526	0.6142	979.1	980.2	980.9		
147.5860	0.6116	979.0	980.2	980.8		
147.6193	0.6142	979.1	980.1	980.8		
147.6526	0.6133	979.0	980.1	980.8		
147.6860	0.6151	979.0	980.1	980.7		
147.7193	0.6172	979.0	980.1	980.7		
147.7526	0.6111	979.0	980.1	980.8		
147.7860	0.6116	979.0	980.1	980.8		
147.8193	0.6164	979.0	980.1	980.8		
147.8526	0.6133	979.1	980.2	980.8		
147.8860	0.6142	979.0	980.2	980.8		
147.9193	0.6220	979.0	980.2	980.9		
147.9526	0.6155	979.0	980.2	980.8		
147.9860	0.6199	979.0	980.1	980.8		
148.0193	0.6164	979.1	980.2	980.9		
148.0526	0.6199	979.1	980.2	980.8		
148.0860	0.6181	979.1	980.1	980.8		
148.1193	0.6207	979.1	980.2	980.8		
148.1526	0.6177	979.0	980.1	980.8		
148.1860	0.6181	979.1	980.2	980.8		
148.2193	0.6177	979.0	980.2	980.9		
148.2526	0.6177	979.1	980.2	980.8		
148.2860	0.6234	979.1	980.2	980.8		
148.3193	0.6164	979.1	980.2	980.8		
148.3526	0.6164	979.2	980.4	981.0		
148.3860	0.6207	979.1	980.2	980.9		
148.4193	0.6225	979.0	980.2	980.9		
148.4526	0.6120	979.0	980.1	980.8		
148.4860	0.6137	979.0	980.1	980.8		
148.5193	0.6142	979.0	980.1	980.8		
148.5526	0.6194	979.0	980.1	980.8		
148.5860	0.6194	979.0	980.2	980.8		
148.6193	0.6181	979.1	980.2	981.0		
148.6526	0.6181	979.1	980.2	980.9		
148.6860	0.6177	979.1	980.2	980.9		
148.7193	0.6159	979.1	980.2	980.9		
148.7526	0.6216	979.0	980.2	980.9		
148.7860	0.6190	979.1	980.2	980.9		
148.8193	0.6216	979.1	980.2	980.9		
148.8526	0.6168	979.0	980.1	980.8		
148.8860	0.6186	979.1	980.2	980.8		
148.9193	0.6186	979.0	980.2	980.8		
148.9526	0.6186	979.1	980.2	980.8		
148.9860	0.6177	979.0	980.1	980.8		
149.0193	0.6229	979.1	980.2	980.8		
149.0526	0.6199	979.0	980.1	980.8		
149.0860	0.6194	979.0	980.1	980.7		
149.1193	0.6186	979.0	980.1	980.7		
149.1526	0.6186	979.1	980.2	980.9		
149.1860	0.6181	979.1	980.2	980.9		
149.2193	0.6304	979.1	980.2	980.8		
149.2526	0.6220	979.1	980.2	980.9		
149.2860	0.6190	979.1	980.2	980.9		
149.3193	0.6225	979.1	980.2	980.8		
149.3526	0.6273	979.0	980.2	980.8		
149.3860	0.6220	979.1	980.1	980.8		
149.4193	0.6172	979.1	980.1	980.9		
149.4526	0.6199	979.0	980.2	980.9		
149.4860	0.6190	979.0	980.2	980.9		
149.5193	0.6172	979.0	980.1	980.8		
149.5526	0.6216	979.0	980.1	980.8		
149.5860	0.6216	979.1	980.2	980.9		
149.6193	0.6190	979.0	980.2	980.9		
149.6526	0.6229	979.0	980.2	980.9		
149.6860	0.6199	979.0	980.2	980.8		
149.7193	0.6216	979.0	980.1	980.8		
149.7526	0.6164	979.0	980.2	980.9		
149.7860	0.6172	979.0	980.2	980.9		
149.8193	0.6269	979.0	980.1	980.8		
149.8526	0.6238	979.1	980.1	980.8		
149.8860	0.6207	979.1	980.2	980.9		
149.9193	0.6220	979.0	980.1	980.8		
149.9526	0.6242	979.1	980.2	980.9		
149.9860	0.6391	979.1	980.2	980.9		
150.0193	0.6304	979.1	980.2	980.9		
150.0526	0.6286	979.1	980.2	980.9		
150.0860	0.6199	979.1	980.2	980.8		
150.1193	0.6251	979.0	980.2	980.8		
150.1526	0.6199	979.1	980.2	980.9		
150.1860	0.6190	979.0	980.1	980.8		
150.2193	0.6238	979.0	980.2	980.9		
150.2526	0.6172	979.1	980.2	980.9		
150.2860	0.6229	979.1	980.1	980.8		
150.3193	0.6242	979.0	980.2	980.8		
150.3526	0.6317	979.0	980.1	980.8		
150.3860	0.6264	978.9	980.2	980.8		
150.4193	0.6299	979.0	980.1	980.8		
150.4526	0.6295	978.9	980.0	980.7		
150.4860	0.6317	979.0	980.1	980.8		
150.5193	0.6234	979.1	980.3	980.9		
150.5526	0.6282	979.1	980.2	980.9		
150.5860	0.6304	979.1	980.2	980.9		
150.6193	0.6286	979.1	980.2	980.8		
150.6526	0.6207	979.2	980.3	981.1		
150.6860	0.6269	979.1	980.2	980.9		
150.7193	0.6216	979.1	980.2	980.9		
150.7526	0.6317	979.0	980.1	980.8		
150.7860	0.6321	979.1	980.2	980.9		
150.8193	0.6321	979.0	980.1	980.8		
150.8526	0.6238	979.0	980.1	980.9		
150.8860	0.6334	979.0	980.1	980.9		
150.9193	0.6269	979.0	980.1	980.8		
150.9526	0.6286	979.0	980.2	981.0		
150.9860	0.6269	979.0	980.2	980.9		
151.0193	0.6304	979.1	980.2	980.9		
151.0526	0.6255	979.0	980.1	980.8		
151.0860	0.6225	979.1	980.2	980.9		
151.1193	0.6251	979.1	980.2	980.9		
151.1526	0.6225	979.1	980.2	980.8		
151.1860	0.6273	979.1	980.2	980.9		
151.2193	0.6356	979.1	980.1	980.8		
151.2526	0.6277	979.0	980.2	980.9		
151.2860	0.6255	979.0	980.1	980.7		
151.3193	0.6330	979.1	980.2	980.9		
151.3526	0.6273	979.0	980.2	980.9		
151.3860	0.6216	979.1	980.1	980.9		
151.4193	0.6255	979.1	980.2	980.9		
151.4526	0.6325	979.0	980.2	980.8		
151.4860	0.6299	979.0	980.2	980.9		
151.5193	0.6255	979.1	980.2	981.0		
151.5526	0.6290	979.2	980.3	981.0		
151.5860	0.6299	979.0	980.1	980.8		
151.6193	0.6321	979.0	980.1	980.8		
151.6526	0.6273	979.1	980.2	980.9		
151.6860	0.6365	979.0	980.2	980.9		
151.7193	0.6321	979.1	980.2	980.9		
151.7526	0.6304	979.0	980.2	980.9		
151.7860	0.6251	979.0	980.2	980.8		
151.8193	0.6299	979.1	980.2	980.9		
151.8526	0.6282	979.1	980.2	980.9		
151.8860	0.6317	979.1	980.3	981.0		
151.9193	0.6387	979.1	980.2	980.8		
151.9526	0.6282	979.1	980.2	980.9		
151.9860	0.6260	979.0	980.1	980.8		
152.0193	0.6339	979.1	980.1	980.9		
152.0526	0.6286	979.1	980.2	980.9		
152.0860	0.6317	979.1	980.3	981.0		
152.1193	0.6352	979.0	980.2	980.9		
152.1526	0.6295	979.0	980.2	980.9		
152.1860	0.6299	979.1	980.3	981.0		
152.2193	0.6269	979.1	980.2	980.9		
152.2526	0.6343	979.0	980.2	980.7		
152.2860	0.6308	979.1	980.2	980.8		
152.3193	0.6330	979.1	980.2	980.9		
152.3526	0.6325	979.1	980.2	980.9		
152.3860	0.6360	979.0	980.2	980.8		
152.4193	0.6347	979.1	980.2	980.9		
152.4526	0.6321	979.0	980.1	980.9		
152.4860	0.6308	979.1	980.3	981.0		
152.5193	0.6352	979.1	980.2	981.0		
152.5526	0.6299	979.1	980.2	981.0		
152.5860	0.6299	979.1	980.2	981.0		
152.6193	0.6325	979.0	980.2	980.8		
152.6526	0.6339	979.1	980.2	980.8		
152.6860	0.6365	979.0	980.2	980.9		
152.7193	0.6378	979.0	980.2	980.8		
152.7526	0.6273	979.1	980.2	980.9		
152.7860	0.6330	979.1	980.2	980.8		
152.8193	0.6360	979.2	980.2	980.9		
152.8526	0.6365	979.1	980.2	980.9		
152.8860	0.6365	979.0	980.2	980.9		
152.9193	0.6304	979.1	980.3	981.0		
152.9526	0.6387	979.1	980.2	980.9		
152.9860	0.6382	979.0	980.1	980.8		
153.0193	0.6308	979.0	980.2	980.8		
153.0526	0.6347	979.1	980.2	980.8		
153.0860	0.6277	979.0	980.1	980.8		
153.1193	0.6400	979.0	980.1	980.8		
153.1526	0.6308	979.0	980.2	980.8		
153.1860	0.6251	979.1	980.1	980.9		
153.2193	0.6334	979.1	980.2	980.9		
153.2526	0.6325	979.1	980.2	980.9		
153.2860	0.6321	979.2	980.2	980.9		
153.3193	0.6334	979.1	980.2	980.9		
153.3526	0.6365	979.1	980.2	980.9		
153.3860	0.6352	979.1	980.1	980.8		
153.4193	0.6457	979.0	980.2	980.9		
153.4526	0.6400	979.1	980.1	980.8		
153.4860	0.6321	979.1	980.1	980.9		
153.5193	0.6295	979.1	980.2	980.9		
153.5526	0.6400	979.1	980.2	980.9		
153.5860	0.6373	979.1	980.2	980.9		
153.6193	0.6400	979.1	980.2	980.8		
153.6526	0.6365	979.1	980.2	981.0		
153.6860	0.6304	979.1	980.2	980.9		
153.7193	0.6312	979.1	980.2	980.8		
153.7526	0.6339	979.1	980.2	980.8		
153.7860	0.6404	979.0	980.2	980.8		
153.8193	0.6352	979.1	980.2	980.8		
153.8526	0.6308	979.1	980.3	981.0		
153.8860	0.6395	979.1	980.3	980.9		
153.9193	0.6426	979.1	980.3	980.9		
153.9526	0.6352	979.0	980.2	980.9		
153.9860	0.6382	979.0	980.1	980.8		
154.0193	0.6365	979.1	980.1	980.8		
154.0526	0.6391	979.1	980.2	980.9		
154.0860	0.6378	979.2	980.2	981.0		
154.1193	0.6334	979.1	980.2	980.9		
154.1526	0.6408	979.0	980.1	980.8		
154.1860	0.6387	979.1	980.2	980.9		
154.2193	0.6373	979.0	980.1	980.8		
154.2526	0.6395	979.0	980.2	980.9		
154.2860	0.6308	979.1	980.1	980.8		
154.3193	0.6391	979.1	980.2	980.9		
154.3526	0.6360	979.1	980.2	980.9		
154.3860	0.6304	979.1	980.2	980.9		
154.4193	0.6422	979.1	980.2	980.8		
154.4526	0.6391	979.1	980.2	980.8		
154.4860	0.6404	979.1	980.2	980.9		
154.5193	0.6430	979.0	980.2	980.8		
154.5526	0.6430	979.1	980.1	980.8		
154.5860	0.6334	979.1	980.2	980.9		
154.6193	0.6378	979.1	980.2	980.9		
154.6526	0.6417	979.1	980.2	980.9		
154.6860	0.6330	979.1	980.2	980.9		
154.7193	0.6395	979.1	980.2	980.9		
154.7526	0.6391	979.1	980.2	980.9		
154.7860	0.6417	979.0	980.2	980.8		
154.8193	0.6400	979.1	980.1	980.8		
154.8526	0.6382	979.1	980.1	980.8		
154.8860	0.6325	979.1	980.1	980.9		
154.9193	0.6422	979.0	980.1	980.9		
154.9526	0.6439	979.1	980.2	980.8		
154.9860	0.6325	979.1	980.2	980.8		
155.0193	0.6408	979.1	980.2	980.8		
155.0526	0.6408	979.1	980.2	980.9		
155.0860	0.6360	979.1	980.1	980.8		
155.1193	0.6373	979.0	980.2	980.8		
155.1526	0.6343	979.1	980.2	980.9		
155.1860	0.6365	979.2	980.3	981.1		
155.2193	0.6413	979.0	980.2	980.9		
155.2526	0.6382	979.1	980.2	980.8		
155.2860	0.6304	979.0	980.2	980.8		
155.3193	0.6452	979.0	980.1	980.8		
155.3526	0.6461	978.9	980.1	980.8		
155.3860	0.6435	979.0	980.1	980.8		
155.4193	0.6448	979.0	980.1	980.8		
155.4526	0.6391	979.1	980.1	980.8		
155.4860	0.6465	979.0	980.1	980.9		
155.5193	0.6417	979.2	980.3	981.0		
155.5526	0.6430	979.1	980.2	980.9		
155.5860	0.6435	979.1	980.2	980.9		
155.6193	0.6457	979.0	980.1	980.8		
155.6526	0.6400	979.1	980.2	980.9		
155.6860	0.6448	979.1	980.2	980.8		
155.7193	0.6404	979.1	980.1	980.8		
155.7526	0.6413	979.1	980.2	980.9		
155.7860	0.6413	979.0	980.2	980.9		
155.8193	0.6526	979.0	980.1	980.9		
155.8526	0.6448	979.0	980.1	980.8		
155.8860	0.6417	979.0	980.1	980.8		
155.9193	0.6465	979.0	980.1	980.8		
155.9526	0.6496	979.0	980.1	980.8		
155.9860	0.6430	979.1	980.2	980.9		
156.0193	0.6474	979.0	980.1	980.8		
156.0526	0.6422	979.1	980.1	980.8		
156.0860	0.6465	979.0	980.1	980.8		
156.1193	0.6505	979.0	980.2	980.9		
156.1526	0.6474	979.0	980.2	980.9		
156.1860	0.6496	979.1	980.2	980.9		
156.2193	0.6478	979.1	980.1	980.9		
156.2526	0.6457	979.1	980.2	980.9		
156.2860	0.6417	979.0	980.1	980.8		
156.3193	0.6439	979.1	980.2	980.9		
156.3526	0.6505	979.0	980.1	980.7		
156.3860	0.6439	979.0	980.2	980.9		
156.4193	0.6470	979.1	980.2	981.0		
156.4526	0.6391	979.1	980.2	980.9		
156.4860	0.6395	979.1	980.2	980.9		
156.5193	0.6435	979.1	980.3	981.0		
156.5526	0.6465	979.1	980.2	980.9		
156.5860	0.6544	979.1	980.2	980.9		
156.6193	0.6526	979.1	980.2	980.9		
156.6526	0.6526	979.1	980.2	980.9		
156.6860	0.6509	979.1	980.2	980.9		
156.7193	0.6474	979.0	980.2	980.8		
156.7526	0.6413	979.1	980.2	980.9		
156.7860	0.6496	979.1	980.2	980.9		
156.8193	0.6422	979.1	980.1	980.9		
156.8526	0.6430	979.0	980.1	980.9		
156.8860	0.6526	979.1	980.1	980.8		
156.9193	0.6474	979.0	980.1	980.8		
156.9526	0.6470	979.0	980.1	980.8		
156.9860	0.6487	979.1	980.1	980.9		
157.0193	0.6465	979.1	980.2	980.9		
157.0526	0.6457	979.1	980.2	980.8		
157.0860	0.6513	979.1	980.1	980.8		
157.1193	0.6500	979.1	980.1	980.8		
157.1526	0.6540	979.0	980.1	980.8		
157.1860	0.6422	979.0	980.1	980.8		
157.2193	0.6492	979.0	980.1	980.8		
157.2526	0.6461	979.1	980.2	980.8		
157.2860	0.6435	979.1	980.1	980.8		
157.3193	0.6422	979.0	980.1	980.8		
157.3526	0.6465	979.0	980.1	980.9		
157.3860	0.6509	979.0	980.1	980.8		
157.4193	0.6474	979.0	980.1	980.9		
157.4526	0.6430	979.1	980.2	980.9		
157.4860	0.6505	979.1	980.2	980.9		
157.5193	0.6474	979.0	980.1	980.9		
157.5526	0.6522	979.0	980.2	980.9		
157.5860	0.6452	979.1	980.2	981.0		
157.6193	0.6496	979.1	980.2	980.9		
157.6526	0.6601	979.1	980.2	980.9		
157.6860	0.6518	978.9	980.1	980.8		
157.7193	0.6513	979.0	980.1	980.8		
157.7526	0.6435	979.1	980.1	980.8		
157.7860	0.6470	979.1	980.2	980.9		
157.8193	0.6583	979.1	980.2	980.9		
157.8526	0.6483	979.2	980.3	981.0		
157.8860	0.6531	979.2	980.3	980.9		
157.9193	0.6513	979.1	980.1	980.9		
157.9526	0.6614	979.0	980.2	980.8		
157.9860	0.6548	979.0	980.2	980.9		
158.0193	0.6592	979.0	980.1	980.8		
158.0526	0.6513	979.1	980.2	980.9		
158.0860	0.6596	979.1	980.1	980.8		
158.1193	0.6487	979.0	980.1	980.8		
158.1526	0.6478	979.1	980.2	980.9		
158.1860	0.6492	979.1	980.2	980.9		
158.2193	0.6531	979.1	980.2	980.9		
158.2526	0.6470	979.1	980.2	980.9		
158.2860	0.6422	979.0	980.1	980.8		
158.3193	0.6596	979.1	980.1	980.8		
158.3526	0.6553	979.1	980.2	980.9		
158.3860	0.6566	979.1	980.2	980.9		
158.4193	0.6561	979.0	980.0	980.8		
158.4526	0.6544	979.0	980.1	980.8		
158.4860	0.6505	979.0	980.1	980.9		
158.5193	0.6561	979.0	980.2	980.9		
158.5526	0.6518	979.1	980.2	980.9		
158.5860	0.6461	979.1	980.1	980.8		
158.6193	0.6496	979.1	980.2	980.9		
158.6526	0.6570	979.1	980.2	980.9		
158.6860	0.6500	979.2	980.2	980.9		
158.7193	0.6526	979.1	980.2	980.9		
158.7526	0.6535	979.1	980.2	980.8		
158.7860	0.6566	979.0	980.1	980.8		
158.8193	0.6566	979.0	980.2	980.9		
158.8526	0.6553	979.1	980.2	980.9		
158.8860	0.6544	979.0	980.1	980.8		
158.9193	0.6526	979.1	980.2	980.9		
158.9526	0.6513	979.1	980.2	980.9		
158.9860	0.6531	979.1	980.1	980.9		
159.0193	0.6579	979.1	980.2	980.9		
159.0526	0.6575	979.0	980.1	980.8		
159.0860	0.6610	979.0	980.3	980.9		
159.1193	0.6540	979.0	980.1	980.9		
159.1526	0.6548	979.0	980.2	980.9		
159.1860	0.6518	979.0	980.1	980.9		
159.2193	0.6579	979.1	980.2	980.9		
159.2526	0.6605	979.1	980.1	980.9		
159.2860	0.6561	979.0	980.2	980.8		
159.3193	0.6575	979.1	980.2	980.9		
159.3526	0.6579	979.0	980.1	980.9		
159.3860	0.6557	979.0	980.1	980.9		
159.4193	0.6553	979.1	980.1	980.8		
159.4526	0.6596	979.1	980.1	980.9		
159.4860	0.6557	979.1	980.2	980.9		
159.5193	0.6610	979.1	980.2	980.8		
159.5526	0.6614	979.1	980.2	980.9		
159.5860	0.6583	979.0	980.2	980.9		
159.6193	0.6592	979.0	980.1	980.8		
159.6526	0.6535	979.0	980.1	980.8		
159.6860	0.6570	979.0	980.2	980.9		
159.7193	0.6618	979.1	980.1	980.9		
159.7526	0.6548	979.1	980.2	980.9		
159.7860	0.6518	979.1	980.3	981.0		
159.8193	0.6605	979.1	980.3	980.9		
159.8526	0.6583	979.1	980.2	980.9		
159.8860	0.6566	979.2	980.2	980.9		
159.9193	0.6575	979.1	980.2	980.9		
159.9526	0.6605	979.0	980.1	980.8		
159.9860	0.6614	979.0	980.2	980.8		
160.0193	0.6636	979.0	980.1	980.8		
160.0526	0.6557	979.0	980.2	980.8		
160.0860	0.6544	979.1	980.2	980.9		
160.1193	0.6544	979.0	980.1	980.8		
160.1526	0.6531	979.1	980.2	980.9		
160.1860	0.6605	979.1	980.2	980.9		
160.2193	0.6614	979.0	980.2	980.8		
160.2526	0.6570	979.0	980.1	980.9		
160.2860	0.6553	979.1	980.2	980.9		
160.3193	0.6496	979.1	980.2	981.0		
160.3526	0.6601	979.1	980.2	980.9		
160.3860	0.6658	979.1	980.1	980.8		
160.4193	0.6675	979.0	980.1	980.8		
160.4526	0.6588	979.0	980.2	980.8		
160.4860	0.6697	979.0	980.2	980.9		
160.5193	0.6754	979.0	980.2	980.9		
160.5526	0.6531	979.1	980.2	980.9		
160.5860	0.6583	979.0	980.1	980.8		
160.6193	0.6675	979.0	980.1	980.8		
160.6526	0.6627	979.1	980.2	981.0		
160.6860	0.6679	979.1	980.1	980.9		
160.7193	0.6605	979.0	980.0	980.7		
160.7526	0.6636	979.0	980.1	980.9		
160.7860	0.6658	979.1	980.1	980.9		
160.8193	0.6588	979.0	980.1	980.8		
160.8526	0.6605	979.0	980.1	980.9		
160.8860	0.6570	979.1	980.2	980.9		
160.9193	0.6605	979.1	980.2	981.0		
160.9526	0.6631	979.1	980.1	980.9		
160.9860	0.6653	979.0	980.1	980.8		
161.0193	0.6636	979.0	980.1	980.9		
161.0526	0.6658	979.1	980.2	980.9		
161.0860	0.6553	979.1	980.1	980.9		
161.1193	0.6658	979.1	980.2	980.9		
161.1526	0.6671	979.1	980.2	980.9		
161.1860	0.6614	979.1	980.1	980.9		
161.2193	0.6741	979.0	980.1	980.8		
161.2526	0.6627	979.0	980.1	980.8		
161.2860	0.6679	979.0	980.1	980.8		
161.3193	0.6627	979.1	980.1	980.8		
161.3526	0.6714	979.0	980.0	980.8		
161.3860	0.6570	979.0	980.1	980.8		
161.4193	0.6627	979.0	980.1	980.7		
161.4526	0.6658	979.1	980.1	980.9		
161.4860	0.6662	979.0	980.1	980.8		
161.5193	0.6653	979.0	980.1	980.8		
161.5526	0.6596	979.1	980.1	980.9		
161.5860	0.6697	979.0	980.2	980.9		
161.6193	0.6719	979.0	980.1	980.8		
161.6526	0.6666	979.0	980.1	980.9		
161.6860	0.6653	979.0	980.2	980.9		
161.7193	0.6754	979.0	980.1	980.8		
161.7526	0.6618	979.0	980.1	980.9		
161.7860	0.6583	979.0	980.1	980.9		
161.8193	0.6583	979.1	980.2	980.9		
161.8526	0.6645	979.1	980.2	980.9		
161.8860	0.6701	979.2	980.2	980.9		
161.9193	0.6662	979.1	980.2	980.9		
161.9526	0.6723	979.0	980.2	980.8		
161.9860	0.6675	979.0	980.1	980.8		
162.0193	0.6732	979.1	980.2	980.9		
162.0526	0.6653	979.1	980.2	981.0		
162.0860	0.6658	979.1	980.2	980.9		
162.1193	0.6601	979.0	980.2	980.9		
162.1526	0.6679	979.1	980.2	980.9		
162.1860	0.6688	979.0	980.2	981.0		
162.2193	0.6710	979.0	980.1	980.8		
162.2526	0.6693	979.0	980.1	980.8		
162.2860	0.6636	979.0	980.2	980.9		
162.3193	0.6671	979.0	980.1	980.9		
162.3526	0.6640	979.1	980.1	980.9		
162.3860	0.6728	979.1	980.1	980.9		
162.4193	0.6736	979.1	980.1	980.8		
162.4526	0.6679	979.1	980.2	980.9		
162.4860	0.6653	979.1	980.2	980.9		
162.5193	0.6776	979.0	980.1	980.8		
162.5526	0.6767	979.0	980.2	980.9		
162.5860	0.6767	979.0	980.1	980.8		
162.6193	0.6658	979.1	980.2	980.9		
162.6526	0.6736	979.1	980.2	980.9		
162.6860	0.6671	979.1	980.1	980.9		
162.7193	0.6675	979.0	980.1	980.8		
162.7526	0.6688	979.1	980.1	980.8		
162.7860	0.6763	979.0	980.1	980.7		
162.8193	0.6697	979.0	980.1	980.7		
162.8526	0.6623	979.1	980.1	980.8		
162.8860	0.6697	979.1	980.2	981.0		
162.9193	0.6710	979.1	980.2	980.9		
162.9526	0.6693	979.2	980.2	980.9		
162.9860	0.6728	979.1	980.1	980.8		
163.0193	0.6684	979.1	980.2	980.9		
163.0526	0.6697	979.0	980.2	980.9		
163.0860	0.6745	979.1	980.2	980.9		
163.1193	0.6662	978.9	980.1	980.8		
163.1526	0.6710	979.1	980.2	981.0		
163.1860	0.6732	979.1	980.2	980.9		
163.2193	0.6732	979.1	980.2	980.9		
163.2526	0.6666	979.1	980.2	980.9		
163.2860	0.6706	979.1	980.2	980.9		
163.3193	0.6736	979.0	980.1	980.8		
163.3526	0.6745	979.0	980.1	980.8		
163.3860	0.6754	978.9	980.1	980.8		
163.4193	0.6732	979.0	980.2	980.9		
163.4526	0.6749	979.1	980.2	980.9		
163.4860	0.6736	979.1	980.2	980.9		
163.5193	0.6675	979.1	980.2	980.8		
163.5526	0.6741	979.1	980.1	980.8		
163.5860	0.6684	979.1	980.2	980.9		
163.6193	0.6771	979.1	980.2	980.9		
163.6526	0.6736	979.1	980.2	980.8		
163.6860	0.6754	979.0	980.1	980.9		
163.7193	0.6784	979.0	980.1	980.8		
163.7526	0.6763	979.0	980.1	980.8		
163.7860	0.6736	979.1	980.2	980.9		
163.8193	0.6741	979.1	980.2	980.9		
163.8526	0.6719	979.1	980.1	980.8		
163.8860	0.6719	979.1	980.1	980.9		
163.9193	0.6706	979.0	980.1	980.8		
163.9526	0.6749	979.0	980.1	980.8		
163.9860	0.6776	979.0	980.1	980.8		
164.0193	0.6658	979.1	980.3	981.0		
164.0526	0.6714	979.1	980.2	980.9		
164.0860	0.6640	979.1	980.2	980.9		
164.1193	0.6780	979.2	980.2	981.0		
164.1526	0.6767	979.1	980.2	980.9		
164.1860	0.6754	979.1	980.2	980.8		
164.2193	0.6754	979.0	980.1	980.7		
164.2526	0.6754	979.0	980.1	980.7		
164.2860	0.6776	979.1	980.3	981.0		
164.3193	0.6802	979.1	980.2	981.0		
164.3526	0.6688	978.9	980.1	980.8		
164.3860	0.6723	979.1	980.2	980.8		
164.4193	0.6745	979.1	980.2	980.9		
164.4526	0.6776	979.1	980.2	980.9		
164.4860	0.6806	979.1	980.3	981.0		
164.5193	0.6793	979.1	980.2	980.9		
164.5526	0.6771	979.0	980.2	980.9		
164.5860	0.6798	979.0	980.1	980.9		
164.6193	0.6736	979.1	980.1	980.8		
164.6526	0.6763	979.2	980.2	980.9		
164.6860	0.6732	979.1	980.2	980.9		
164.7193	0.6679	979.1	980.2	980.8		
164.7526	0.6793	979.0	980.2	980.8		
164.7860	0.6798	979.0	980.2	980.8		
164.8193	0.6776	979.1	980.2	980.9		
164.8526	0.6837	979.0	980.1	980.8		
164.8860	0.6763	979.1	980.2	980.9		
164.9193	0.6811	979.0	980.2	981.0		
164.9526	0.6798	979.1	980.2	980.9		
164.9860	0.6806	979.0	980.1	980.8		
165.0193	0.6776	979.1	980.3	981.1		
165.0526	0.6776	979.1	980.2	980.9		
165.0860	0.6771	979.1	980.2	980.9		
165.1193	0.6793	979.0	980.2	980.9		
165.1526	0.6841	979.1	980.2	980.9		
165.1860	0.6784	979.1	980.2	980.9		
165.2193	0.6841	979.0	980.1	980.8		
165.2526	0.6776	979.0	980.2	980.9		
165.2860	0.6859	979.1	980.1	980.9		
165.3193	0.6859	979.0	980.1	980.8		
165.3526	0.6819	979.0	980.2	980.8		
165.3860	0.6824	979.0	980.1	980.8		
165.4193	0.6758	979.0	980.2	980.9		
165.4526	0.6815	979.1	980.1	980.9		
165.4860	0.6802	979.1	980.2	981.0		
165.5193	0.6745	979.1	980.2	980.9		
165.5526	0.6780	979.1	980.2	980.9		
165.5860	0.6859	979.1	980.2	980.9		
165.6193	0.6867	979.1	980.2	980.9		
165.6526	0.6832	979.1	980.1	980.9		
165.6860	0.6771	979.0	980.2	980.8		
165.7193	0.6806	979.0	980.2	980.8		
165.7526	0.6881	979.1	980.2	980.9		
165.7860	0.6841	979.1	980.1	980.8		
165.8193	0.6793	979.1	980.2	980.9		
165.8526	0.6815	979.1	980.1	980.8		
165.8860	0.6837	979.1	980.1	980.8		
165.9193	0.6767	979.1	980.2	981.0		
165.9526	0.6841	979.0	980.2	980.9		
165.9860	0.6911	979.1	980.2	980.9		
166.0193	0.6806	979.0	980.2	980.9		
166.0526	0.6850	979.1	980.2	980.9		
166.0860	0.6771	979.1	980.2	980.9		
166.1193	0.6837	979.2	980.2	980.9		
166.1526	0.6798	979.1	980.2	980.9		
166.1860	0.6876	979.1	980.2	980.8		
166.2193	0.6907	979.0	980.1	980.8		
166.2526	0.6859	979.1	980.1	980.8		
166.2860	0.6802	979.0	980.2	980.8		
166.3193	0.6872	979.0	980.1	980.9		
166.3526	0.6850	979.0	980.2	980.9		
166.3860	0.6802	979.1	980.2	980.9		
166.4193	0.6841	979.1	980.2	980.9		
166.4526	0.6854	979.0	980.1	980.9		
166.4860	0.6854	979.0	980.1	980.8		
166.5193	0.6798	979.0	980.1	980.8		
166.5526	0.6867	979.0	980.2	981.0		
166.5860	0.6798	979.0	980.2	980.8		
166.6193	0.6859	979.1	980.2	981.0		
166.6526	0.6876	979.1	980.2	981.0		
166.6860	0.6911	979.1	980.2	980.9		
166.7193	0.6828	979.1	980.2	980.9		
166.7526	0.6811	979.0	980.2	980.9		
166.7860	0.6819	979.1	980.2	980.8		
166.8193	0.6854	979.1	980.2	980.9		
166.8526	0.6881	979.1	980.2	980.9		
166.8860	0.6907	979.1	980.2	980.9		
166.9193	0.6780	979.0	980.2	980.8		
166.9526	0.6924	979.1	980.2	980.9		
166.9860	0.6867	979.1	980.2	980.9		
167.0193	0.6964	979.1	980.2	981.0		
167.0526	0.6815	979.1	980.2	980.9		
167.0860	0.6946	979.0	980.1	980.8		
167.1193	0.6872	979.1	980.2	980.8		
167.1526	0.6933	979.1	980.2	980.9		
167.1860	0.6867	979.0	980.2	980.9		
167.2193	0.6846	979.1	980.1	980.9		
167.2526	0.6819	979.0	980.1	980.9		
167.2860	0.6916	979.1	980.2	980.9		
167.3193	0.6876	979.1	980.2	980.9		
167.3526	0.6863	979.0	980.2	980.8		
167.3860	0.6854	979.1	980.2	980.9		
167.4193	0.6846	979.0	980.1	980.9		
167.4526	0.6898	979.0	980.2	981.0		
167.4860	0.6902	979.0	980.2	980.9		
167.5193	0.6841	979.0	980.1	980.9		
167.5526	0.6916	979.1	980.2	980.9		
167.5860	0.6942	979.1	980.2	980.8		
167.6193	0.6819	979.0	980.1	980.9		
167.6526	0.6881	979.0	980.2	980.9		
167.6860	0.6924	979.0	980.2	980.9		
167.7193	0.6902	979.1	980.2	980.9		
167.7526	0.6929	979.1	980.1	980.9		
167.7860	0.6951	979.0	980.1	980.9		
167.8193	0.6937	979.1	980.2	980.9		
167.8526	0.6898	979.1	980.2	980.9		
167.8860	0.6898	979.1	980.3	980.9		
167.9193	0.6968	979.0	980.2	980.9		
167.9526	0.6937	979.0	980.1	980.9		
167.9860	0.6946	979.0	980.2	980.9		
168.0193	0.6907	979.1	980.2	980.9		
168.0526	0.6889	979.1	980.2	980.9		
168.0860	0.6920	979.0	980.2	980.9		
168.1193	0.6889	979.0	980.1	980.8		
168.1526	0.6959	979.1	980.2	980.9		
168.1860	0.6916	979.0	980.2	980.9		
168.2193	0.6894	979.1	980.2	980.9		
168.2526	0.6920	979.1	980.1	980.9		
168.2860	0.6894	979.1	980.2	980.9		
168.3193	0.6929	979.0	980.1	980.9		
168.3526	0.6916	979.1	980.2	980.9		
168.3860	0.6850	979.0	980.1	980.8		
168.4193	0.6937	979.1	980.2	980.9		
168.4526	0.6942	979.1	980.2	980.9		
168.4860	0.6937	978.9	980.1	980.8		
168.5193	0.6994	979.0	980.2	980.8		
168.5526	0.6942	979.1	980.2	981.0		
168.5860	0.6911	979.1	980.3	981.0		
168.6193	0.6867	979.1	980.2	980.9		
168.6526	0.7020	979.1	980.2	980.9		
168.6860	0.6846	979.0	980.1	980.8		
168.7193	0.6946	979.0	980.1	980.8		
168.7526	0.6916	979.1	980.2	980.9		
168.7860	0.7012	979.1	980.2	980.9		
168.8193	0.6951	979.0	980.2	980.8		
168.8526	0.7047	979.1	980.2	980.9		
168.8860	0.6898	979.0	980.2	980.9		
168.9193	0.6972	979.0	980.2	980.8		
168.9526	0.6999	979.1	980.2	980.9		
168.9860	0.7003	979.0	980.2	980.9		
169.0193	0.6920	979.1	980.2	980.9		
169.0526	0.6898	979.1	980.2	981.0		
169.0860	0.6942	979.2	980.2	980.9		
169.1193	0.6911	979.0	980.1	980.8		
169.1526	0.6846	979.1	980.2	980.8		
169.1860	0.6946	979.1	980.2	980.9		
169.2193	0.6972	979.1	980.2	980.9		
169.2526	0.6946	979.1	980.2	980.9		
169.2860	0.6951	979.0	980.1	980.8		
169.3193	0.6942	979.2	980.3	981.0		
169.3526	0.7020	979.1	980.2	980.9		
169.3860	0.6946	979.1	980.2	980.9		
169.4193	0.6955	979.1	980.2	981.0		
169.4526	0.7077	979.1	980.2	980.9		
169.4860	0.7077	979.1	980.2	981.0		
169.5193	0.7055	979.0	980.2	980.9		
169.5526	0.6937	979.0	980.1	980.8		
169.5860	0.6964	979.1	980.2	980.9		
169.6193	0.6968	979.1	980.2	980.9		
169.6526	0.6951	979.1	980.2	980.9		
169.6860	0.6951	979.1	980.2	980.9		
169.7193	0.6955	979.1	980.2	980.9		
169.7526	0.6985	979.1	980.2	980.8		
169.7860	0.6968	979.1	980.2	980.9		
169.8193	0.7016	979.0	980.2	980.9		
169.8526	0.6990	979.1	980.3	981.0		
169.8860	0.6981	979.1	980.3	981.0		
169.9193	0.6959	979.1	980.2	980.9		
169.9526	0.6994	979.0	980.1	980.8		
169.9860	0.6990	979.2	980.2	981.0		
170.0193	0.7038	979.1	980.2	980.9		
170.0526	0.7034	979.1	980.1	980.8		
170.0860	0.6955	979.0	980.2	980.9		
170.1193	0.7029	979.0	980.1	980.9		
170.1526	0.7020	979.1	980.2	981.0		
170.1860	0.7016	979.2	980.2	980.9		
170.2193	0.7012	979.1	980.1	980.9		
170.2526	0.7064	979.1	980.2	980.9		
170.2860	0.7038	979.2	980.3	981.0		
170.3193	0.7099	979.1	980.2	981.0		
170.3526	0.7016	979.0	980.2	980.8		
170.3860	0.6985	979.0	980.1	980.8		
170.4193	0.7038	979.1	980.1	980.8		
170.4526	0.6964	979.1	980.2	980.9		
170.4860	0.6999	979.1	980.2	981.0		
170.5193	0.7007	979.1	980.2	980.9		
170.5526	0.7007	979.0	980.2	980.9		
170.5860	0.7090	979.0	980.2	981.0		
170.6193	0.7020	979.2	980.3	981.0		
170.6526	0.6981	979.1	980.2	981.0		
170.6860	0.7108	979.1	980.2	980.9		
170.7193	0.6994	979.1	980.2	980.9		
170.7526	0.7047	979.0	980.2	980.9		
170.7860	0.7042	979.0	980.2	980.9		
170.8193	0.6990	979.1	980.2	980.9		
170.8526	0.7077	979.0	980.2	980.9		
170.8860	0.7104	979.0	980.1	980.9		
170.9193	0.7086	979.0	980.1	980.9		
170.9526	0.7042	979.1	980.2	980.9		
170.9860	0.7020	979.1	980.2	980.9		
171.0193	0.7060	979.2	980.2	980.9		
171.0526	0.7016	979.2	980.2	980.9		
171.0860	0.7112	979.1	980.2	980.8		
171.1193	0.7034	979.1	980.2	980.9		
171.1526	0.7086	979.0	980.2	980.8		
171.1860	0.7047	979.1	980.1	980.9		
171.2193	0.6972	979.0	980.2	980.8		
171.2526	0.7016	979.1	980.2	981.0		
171.2860	0.7060	979.1	980.2	980.9		
171.3193	0.6964	979.1	980.2	981.0		
171.3526	0.7051	979.1	980.3	981.0		
171.3860	0.7082	979.2	980.3	981.0		
171.4193	0.7152	979.2	980.3	981.0		
171.4526	0.7042	979.1	980.2	980.9		
171.4860	0.7082	979.0	980.2	980.9		
171.5193	0.7025	979.0	980.2	980.9		
171.5526	0.7055	979.1	980.2	980.9		
171.5860	0.7060	979.1	980.2	980.8		
171.6193	0.7042	979.1	980.2	980.9		
171.6526	0.7112	979.1	980.2	980.9		
171.6860	0.7029	979.1	980.1	980.9		
171.7193	0.7025	979.1	980.2	980.9		
171.7526	0.7042	979.0	980.2	980.9		
171.7860	0.7060	979.1	980.3	980.9		
171.8193	0.7020	979.1	980.2	980.9		
171.8526	0.7064	979.1	980.3	981.0		
171.8860	0.7012	979.1	980.2	980.9		
171.9193	0.7064	979.1	980.1	980.9		
171.9526	0.7034	979.2	980.3	980.9		
171.9860	0.7082	979.2	980.3	981.0		
172.0193	0.7047	979.2	980.3	980.9		
172.0526	0.7117	979.1	980.2	980.8		
172.0860	0.7099	979.1	980.2	980.8		
172.1193	0.7069	979.1	980.2	980.9		
172.1526	0.7099	979.0	980.2	980.8		
172.1860	0.7069	979.0	980.2	980.8		
172.2193	0.7025	979.0	980.2	980.8		
172.2526	0.7117	979.1	980.1	980.9		
172.2860	0.7099	979.2	980.2	980.9		
172.3193	0.6972	979.1	980.2	980.9		
172.3526	0.7099	979.2	980.3	981.0		
172.3860	0.7082	979.1	980.2	980.9		
172.4193	0.7169	979.1	980.2	980.9		
172.4526	0.7112	979.1	980.2	980.8		
172.4860	0.7104	979.1	980.2	980.8		
172.5193	0.7130	979.0	980.1	980.8		
172.5526	0.7108	979.0	980.1	980.8		
172.5860	0.7060	979.1	980.3	981.0		
172.6193	0.7104	979.1	980.2	980.9		
172.6526	0.7173	979.1	980.2	980.9		
172.6860	0.7130	979.1	980.1	980.9		
172.7193	0.7165	979.0	980.1	980.8		
172.7526	0.7121	979.1	980.2	980.9		
172.7860	0.7099	979.2	980.2	980.9		
172.8193	0.7169	979.1	980.2	980.9		
172.8526	0.7204	979.1	980.2	980.9		
172.8860	0.7077	979.1	980.2	980.9		
172.9193	0.7090	979.1	980.1	980.8		
172.9526	0.7051	979.1	980.2	980.8		
172.9860	0.7121	979.1	980.2	980.9		
173.0193	0.7051	979.1	980.2	980.9		
173.0526	0.7055	979.1	980.1	980.9		
173.0860	0.7073	979.1	980.2	980.9		
173.1193	0.7121	979.1	980.2	980.9		
173.1526	0.7086	979.1	980.2	980.9		
173.1860	0.7095	979.1	980.2	980.9		
173.2193	0.7130	979.1	980.2	980.9		
173.2526	0.7204	979.1	980.2	980.8		
173.2860	0.7235	979.0	980.2	980.9		
173.3193	0.7108	979.0	980.2	980.8		
173.3526	0.7152	979.0	980.2	980.9		
173.3860	0.7095	979.1	980.2	980.9		
173.4193	0.7117	979.1	980.2	980.9		
173.4526	0.7125	979.1	980.1	980.8		
173.4860	0.7125	979.1	980.2	980.9		
173.5193	0.7095	979.1	980.2	980.8		
173.5526	0.7152	979.0	980.1	980.8		
173.5860	0.7117	979.1	980.2	980.8		
173.6193	0.7265	979.1	980.2	980.9		
173.6526	0.7187	979.1	980.2	980.9		
173.6860	0.7143	979.1	980.2	980.9		
173.7193	0.7165	979.0	980.1	980.9		
173.7526	0.7182	979.1	980.2	980.9		
173.7860	0.7152	979.1	980.2	980.9		
173.8193	0.7178	979.0	980.2	980.8		
173.8526	0.7112	979.1	980.2	980.8		
173.8860	0.7082	979.1	980.2	980.9		
173.9193	0.7086	979.1	980.2	980.9		
173.9526	0.7095	979.1	980.2	980.9		
173.9860	0.7095	979.1	980.3	981.0		
174.0193	0.7169	979.2	980.3	981.0		
174.0526	0.7173	979.1	980.3	981.0		
174.0860	0.7112	979.1	980.2	980.9		
174.1193	0.7169	979.1	980.1	980.7		
174.1526	0.7165	979.1	980.2	980.8		
174.1860	0.7252	979.0	980.2	980.9		
174.2193	0.7226	979.0	980.1	980.8		
174.2526	0.7195	979.1	980.2	980.9		
174.2860	0.7182	979.0	980.2	980.9		
174.3193	0.7178	979.1	980.2	980.9		
174.3526	0.7147	979.1	980.2	980.8		
174.3860	0.7160	979.1	980.1	980.9		
174.4193	0.7152	979.1	980.2	980.9		
174.4526	0.7173	979.1	980.2	980.9		
174.4860	0.7169	979.0	980.1	980.8		
174.5193	0.7143	979.0	980.1	980.8		
174.5526	0.7204	979.1	980.2	980.9		
174.5860	0.7265	979.0	980.2	980.8		
174.6193	0.7217	979.1	980.2	980.9		
174.6526	0.7152	979.1	980.2	980.9		
174.6860	0.7191	979.0	980.1	980.9		
174.7193	0.7077	979.1	980.1	980.9		
174.7526	0.7169	979.0	980.1	980.8		
174.7860	0.7270	979.1	980.2	980.9		
174.8193	0.7243	979.0	980.1	980.8		
174.8526	0.7213	979.1	980.2	980.8		
174.8860	0.7117	979.1	980.2	981.0		
174.9193	0.7187	979.1	980.2	981.0		
174.9526	0.7191	979.1	980.2	980.9		
174.9860	0.7125	979.1	980.2	980.9		
175.0193	0.7143	979.0	980.1	980.8		
175.0526	0.7230	979.0	980.1	980.9		
175.0860	0.7195	979.6	980.4	980.9		
175.1193	0.7235	979.4	980.4	981.0		
175.1526	0.7182	979.3	980.3	980.9		
175.1860	0.7243	979.1	980.2	980.9		
175.2193	0.7160	979.0	980.2	980.8		
175.2526	0.7173	979.2	980.2	980.9		
175.2860	0.7195	979.1	980.2	980.8		
175.3193	0.7160	979.2	980.3	981.0		
175.3526	0.7125	979.2	980.3	980.8		
175.3860	0.7160	979.0	980.1	980.8		
175.4193	0.7217	979.2	980.2	980.9		
175.4526	0.7108	979.0	980.2	980.9		
175.4860	0.7195	978.8	980.0	980.8		
175.5193	0.7261	978.8	980.0	980.8		
175.5526	0.7165	979.0	980.2	980.9		
175.5860	0.7108	979.0	980.2	981.0		
175.6193	0.7156	979.0	980.1	980.8		
175.6526	0.7160	979.1	980.2	980.9		
175.6860	0.7235	979.2	980.2	980.9		
175.7193	0.7230	979.0	980.1	980.8		
175.7526	0.7165	979.0	980.2	980.9		
175.7860	0.7182	979.0	980.2	980.9		
175.8193	0.7182	979.1	980.2	980.8		
175.8526	0.7291	979.0	980.1	980.9		
175.8860	0.7213	979.0	980.2	980.9		
175.9193	0.7187	979.3	980.3	980.9		
175.9526	0.7291	979.2	980.2	980.9		
175.9860	0.7300	979.1	980.2	980.9		
176.0193	0.7309	979.1	980.2	981.0		
176.0526	0.7265	979.1	980.2	980.9		
176.0860	0.7239	979.1	980.2	980.9		
176.1193	0.7235	979.1	980.2	981.0		
176.1526	0.7252	979.1	980.2	981.0		
176.1860	0.7252	979.0	980.1	980.9		
176.2193	0.7204	979.0	980.2	980.9		
176.2526	0.7213	979.3	980.3	981.0		
176.2860	0.7169	979.2	980.2	981.0		
176.3193	0.7208	979.2	980.2	981.0		
176.3526	0.7230	979.2	980.2	980.9		
176.3860	0.7222	979.1	980.2	980.9		
176.4193	0.7278	979.1	980.2	980.8		
176.4526	0.7248	979.0	980.1	980.8		
176.4860	0.7252	979.1	980.2	980.9		
176.5193	0.7283	979.0	980.1	980.8		
176.5526	0.7239	979.1	980.2	980.9		
176.5860	0.7235	979.1	980.2	980.9		
176.6193	0.7305	979.0	980.1	980.9		
176.6526	0.7257	979.0	980.2	981.0		
176.6860	0.7160	979.1	980.2	980.9		
176.7193	0.7300	979.0	980.1	980.9		
176.7526	0.7178	979.1	980.2	980.9		
176.7860	0.7156	979.1	980.2	980.9		
176.8193	0.7217	979.1	980.2	980.9		
176.8526	0.7239	979.1	980.2	980.8		
176.8860	0.7230	979.2	980.3	981.1		
176.9193	0.7235	979.1	980.3	981.0		
176.9526	0.7309	979.1	980.2	980.9		
176.9860	0.7287	979.0	980.1	980.9		
177.0193	0.7270	979.1	980.2	980.9		
177.0526	0.7248	979.5	980.4	981.1		
177.0860	0.7230	979.2	980.3	981.0		
177.1193	0.7305	979.0	980.1	980.9		
177.1526	0.7305	979.0	980.1	980.9		
177.1860	0.7340	979.1	980.3	981.1		
177.2193	0.7305	979.1	980.2	980.9		
177.2526	0.7361	979.1	980.2	981.0		
177.2860	0.7396	979.0	980.2	980.9		
177.3193	0.7318	979.1	980.3	980.9		
177.3526	0.7257	979.1	980.2	980.9		
177.3860	0.7291	979.0	980.1	980.9		
177.4193	0.7283	979.1	980.2	980.9		
177.4526	0.7257	979.2	980.2	980.9		
177.4860	0.7318	979.1	980.2	981.0		
177.5193	0.7239	979.1	980.2	980.9		
177.5526	0.7248	979.2	980.3	980.9		
177.5860	0.7326	979.1	980.2	980.9		
177.6193	0.7300	979.0	980.1	980.9		
177.6526	0.7283	979.2	980.3	981.0		
177.6860	0.7331	979.1	980.2	980.9		
177.7193	0.7278	979.1	980.2	980.9		
177.7526	0.7265	979.2	980.3	980.9		
177.7860	0.7270	979.2	980.3	981.0		
177.8193	0.7278	979.1	980.2	981.0		
177.8526	0.7291	979.1	980.2	980.9		
177.8860	0.7309	979.1	980.1	980.9		
177.9193	0.7353	979.1	980.2	980.9		
177.9526	0.7322	979.0	980.1	980.8		
177.9860	0.7318	979.1	980.2	980.8		
178.0193	0.7326	979.1	980.3	981.0		
178.0526	0.7305	979.1	980.3	981.0		
178.0860	0.7235	979.2	980.3	981.0		
178.1193	0.7340	979.2	980.2	980.9		
178.1526	0.7287	979.2	980.3	981.0		
178.1860	0.7283	979.2	980.2	980.9		
178.2193	0.7305	979.0	980.2	980.8		
178.2526	0.7252	979.1	980.2	980.9		
178.2860	0.7283	979.0	980.2	980.9		
178.3193	0.7375	979.0	980.2	981.0		
178.3526	0.7270	979.1	980.2	980.9		
178.3860	0.7357	979.0	980.2	980.9		
178.4193	0.7344	979.1	980.2	980.9		
178.4526	0.7353	979.2	980.2	981.0		
178.4860	0.7340	979.2	980.3	981.0		
178.5193	0.7287	979.1	980.2	981.0		
178.5526	0.7392	979.0	980.2	980.9		
178.5860	0.7305	979.0	980.2	980.9		
178.6193	0.7326	979.1	980.1	980.8		
178.6527	0.7405	979.1	980.2	980.9		
178.6860	0.7335	979.1	980.2	981.0		
178.7193	0.7335	979.2	980.3	981.1		
178.7527	0.7274	979.2	980.3	980.9		
178.7860	0.7305	979.2	980.3	981.0		
178.8193	0.7322	979.1	980.2	981.0		
178.8527	0.7383	979.1	980.2	980.8		
178.8860	0.7348	979.1	980.2	980.9		
178.9193	0.7449	979.1	980.2	981.0		
178.9527	0.7300	979.1	980.2	980.9		
178.9860	0.7375	979.0	980.1	980.8		
179.0193	0.7375	979.1	980.2	980.9		
179.0527	0.7344	979.1	980.2	980.8		
179.0860	0.7401	979.2	980.3	981.0		
179.1193	0.7335	979.2	980.3	981.0		
179.1527	0.7348	979.1	980.2	981.0		
179.1860	0.7353	979.1	980.2	980.9		
179.2193	0.7340	979.1	980.2	980.9		
179.2527	0.7361	979.0	980.1	980.9		
179.2860	0.7370	979.1	980.2	981.0		
179.3193	0.7440	979.0	980.1	980.9		
179.3527	0.7401	979.1	980.2	980.9		
179.3860	0.7348	979.1	980.2	980.9		
179.4193	0.7361	979.1	980.3	981.0		
179.4527	0.7361	979.1	980.2	980.9		
179.4860	0.7375	979.1	980.2	980.9		
179.5193	0.7353	979.1	980.2	980.9		
179.5527	0.7331	979.0	980.2	980.9		
179.5860	0.7383	979.1	980.1	980.8		
179.6193	0.7396	979.0	980.2	980.9		
179.6527	0.7344	979.1	980.3	981.0		
179.6860	0.7375	979.1	980.2	980.9		
179.7193	0.7313	979.1	980.2	980.9		
179.7527	0.7357	979.1	980.2	980.9		
179.7860	0.7313	979.1	980.2	980.9		
179.8193	0.7353	979.1	980.2	980.9		
179.8527	0.7418	979.0	980.1	980.8		
179.8860	0.7453	979.1	980.3	981.0		
179.9193	0.7449	979.1	980.3	980.9		
179.9527	0.7392	979.1	980.1	980.8		
179.9860	0.7348	979.1	980.2	980.9		
180.0193	0.7344	979.1	980.2	980.9		
180.0527	0.7401	979.2	980.3	980.9		
180.0860	0.7340	979.1	980.2	981.0		
180.1193	0.7418	979.2	980.2	980.9		
180.1527	0.7357	979.1	980.2	980.9		
180.1860	0.7423	979.1	980.2	980.9		
180.2193	0.7453	979.1	980.2	980.9		
180.2527	0.7453	979.1	980.2	980.9		
180.2860	0.7444	979.1	980.3	981.0		
180.3193	0.7493	979.1	980.2	981.0		
180.3527	0.7462	979.1	980.2	980.9		
180.3860	0.7401	979.1	980.3	981.0		
180.4193	0.7361	979.2	980.3	981.0		
180.4527	0.7405	979.2	980.3	981.0		
180.4860	0.7361	979.1	980.3	981.0		
180.5193	0.7401	979.0	980.2	980.8		
180.5527	0.7401	979.1	980.2	980.9		
180.5860	0.7436	979.0	980.2	980.9		
180.6193	0.7370	979.1	980.2	981.0		
180.6527	0.7444	979.1	980.3	981.0		
180.6860	0.7423	979.1	980.2	980.9		
180.7193	0.7471	979.1	980.2	981.0		
180.7527	0.7335	979.1	980.2	980.9		
180.7860	0.7388	979.2	980.2	980.9		
180.8193	0.7458	979.1	980.2	980.9		
180.8527	0.7418	979.0	980.1	980.8		
180.8860	0.7418	979.0	980.2	980.8		
180.9193	0.7471	979.1	980.2	980.9		
180.9527	0.7444	979.0	980.2	980.9		
180.9860	0.7479	979.1	980.2	981.0		
181.0193	0.7431	979.2	980.3	981.0		
181.0527	0.7466	979.2	980.2	981.0		
181.0860	0.7466	979.2	980.3	981.0		
181.1193	0.7405	979.1	980.3	981.0		
181.1527	0.7431	979.1	980.3	981.1		
181.1860	0.7458	979.1	980.2	980.9		
181.2193	0.7453	979.1	980.2	980.9		
181.2527	0.7493	979.0	980.2	981.0		
181.2860	0.7471	979.1	980.2	980.9		
181.3193	0.7453	979.1	980.2	980.9		
181.3527	0.7462	979.2	980.2	981.0		
181.3860	0.7506	979.2	980.3	981.0		
181.4193	0.7453	979.2	980.2	980.9		
181.4527	0.7514	979.2	980.2	980.9		
181.4860	0.7431	979.1	980.2	980.9		
181.5193	0.7458	979.1	980.2	980.9		
181.5527	0.7444	979.1	980.2	980.9		
181.5860	0.7475	979.1	980.2	980.9		
181.6193	0.7488	979.1	980.2	980.9		
181.6527	0.7475	979.1	980.2	981.0		
181.6860	0.7449	979.2	980.3	981.0		
181.7193	0.7545	979.0	980.2	980.9		
181.7527	0.7519	979.1	980.2	980.9		
181.7860	0.7423	979.1	980.2	980.9		
181.8193	0.7484	979.1	980.2	981.0		
181.8527	0.7602	979.2	980.2	981.0		
181.8860	0.7423	979.1	980.2	981.0		
181.9193	0.7484	979.1	980.2	980.9		
181.9527	0.7462	979.1	980.3	981.0		
181.9860	0.7444	979.0	980.2	981.0		
182.0193	0.7506	979.1	980.2	980.9		
182.0527	0.7431	979.1	980.2	981.0		
182.0860	0.7545	979.1	980.2	980.9		
182.1193	0.7484	979.1	980.2	981.0		
182.1527	0.7558	979.1	980.2	980.9		
182.1860	0.7493	979.1	980.2	980.9		
182.2193	0.7536	979.2	980.3	981.0		
182.2527	0.7471	979.1	980.3	981.0		
182.2860	0.7506	979.1	980.2	980.9		
182.3193	0.7396	979.1	980.2	981.0		
182.3527	0.7405	979.2	980.2	980.9		
182.3860	0.7497	979.2	980.2	981.0		
182.4193	0.7462	979.2	980.3	981.0		
182.4527	0.7532	979.2	980.2	981.0		
182.4860	0.7514	979.1	980.2	980.9		
182.5193	0.7532	979.2	980.2	980.9		
182.5527	0.7471	979.0	980.2	980.9		
182.5860	0.7554	979.1	980.2	981.0		
182.6193	0.7444	979.2	980.3	981.0		
182.6527	0.7501	979.2	980.2	981.0		
182.6860	0.7484	979.1	980.2	980.9		
182.7193	0.7488	979.2	980.2	981.0		
182.7527	0.7510	979.2	980.2	981.0		
182.7860	0.7514	979.2	980.2	981.0		
182.8193	0.7506	979.1	980.2	981.0		
182.8527	0.7493	979.1	980.2	981.0		
182.8860	0.7554	979.1	980.2	980.9		
182.9193	0.7528	979.1	980.2	980.9		
182.9527	0.7497	979.1	980.2	981.0		
182.9860	0.7523	979.1	980.2	981.0		
183.0193	0.7458	979.1	980.2	981.0		
183.0527	0.7519	979.2	980.2	980.9		
183.0860	0.7506	979.2	980.3	981.0		
183.1193	0.7501	979.2	980.2	981.0		
183.1527	0.7532	979.1	980.2	980.9		
183.1860	0.7493	979.1	980.2	980.9		
183.2193	0.7506	979.1	980.2	980.9		
183.2527	0.7597	979.0	980.2	980.9		
183.2860	0.7506	979.1	980.3	981.0		
183.3193	0.7563	979.1	980.3	981.0		
183.3527	0.7589	979.1	980.2	980.9		
183.3860	0.7506	979.1	980.2	980.9		
183.4193	0.7532	979.1	980.2	980.9		
183.4527	0.7549	979.1	980.2	980.9		
183.4860	0.7488	979.5	980.4	981.1		
183.5193	0.7506	979.1	980.2	981.0		
183.5527	0.7549	979.0	980.2	980.9		
183.5860	0.7602	979.1	980.2	980.9		
183.6193	0.7528	979.1	980.2	981.0		
183.6527	0.7545	979.1	980.2	981.0		
183.6860	0.7475	979.2	980.3	981.0		
183.7193	0.7514	979.1	980.2	980.9		
183.7527	0.7523	979.2	980.2	981.0		
183.7860	0.7523	979.2	980.3	981.0		
183.8193	0.7471	979.2	980.3	981.1		
183.8527	0.7484	979.2	980.2	980.9		
183.8860	0.7580	979.1	980.2	980.9		
183.9193	0.7554	979.1	980.2	980.9		
183.9527	0.7571	979.1	980.2	980.9		
183.9860	0.7654	979.0	980.1	980.9		
184.0193	0.7528	979.2	980.2	980.9		
184.0527	0.7589	979.2	980.3	981.0		
184.0860	0.7571	979.2	980.3	981.0		
184.1193	0.7567	979.1	980.2	980.9		
184.1527	0.7532	979.1	980.2	980.9		
184.1860	0.7510	979.1	980.2	980.9		
184.2193	0.7563	979.1	980.2	980.9		
184.2527	0.7567	979.1	980.3	981.0		
184.2860	0.7597	979.2	980.3	981.0		
184.3193	0.7584	979.2	980.3	981.0		
184.3527	0.7528	979.2	980.2	981.0		
184.3860	0.7554	979.1	980.2	980.9		
184.4193	0.7580	979.1	980.2	981.0		
184.4527	0.7532	979.1	980.2	981.0		
184.4860	0.7558	979.2	980.3	981.0		
184.5193	0.7541	979.1	980.2	980.9		
184.5527	0.7597	979.0	980.2	980.9		
184.5860	0.7632	979.1	980.2	980.9		
184.6193	0.7554	979.1	980.2	980.9		
184.6527	0.7589	979.1	980.2	980.9		
184.6860	0.7667	979.1	980.1	981.0		
184.7193	0.7619	979.1	980.2	981.0		
184.7527	0.7619	979.4	980.4	981.0		
184.7860	0.7549	979.2	980.3	981.0		
184.8193	0.7593	979.2	980.2	980.9		
184.8527	0.7563	979.1	980.2	980.9		
184.8860	0.7584	979.1	980.2	980.9		
184.9193	0.7545	979.3	980.3	981.0		
184.9527	0.7580	979.2	980.3	981.0		
184.9860	0.7611	979.1	980.3	981.0		
185.0193	0.7558	979.2	980.2	980.9		
185.0527	0.7576	979.2	980.3	981.1		
185.0860	0.7563	979.1	980.1	980.8		
185.1193	0.7628	979.2	980.2	980.9		
185.1527	0.7667	979.1	980.2	980.9		
185.1860	0.7593	979.2	980.2	981.0		
185.2193	0.7597	979.2	980.3	981.0		
185.2527	0.7584	979.1	980.2	981.0		
185.2860	0.7615	979.2	980.3	981.0		
185.3193	0.7597	979.1	980.2	980.9		
185.3527	0.7619	979.1	980.1	980.8		
185.3860	0.7650	979.1	980.3	980.9		
185.4193	0.7584	979.1	980.2	980.9		
185.4527	0.7624	979.2	980.2	980.9		
185.4860	0.7584	979.2	980.2	980.9		
185.5193	0.7646	979.2	980.3	981.0		
185.5527	0.7624	979.1	980.2	981.0		
185.5860	0.7597	979.2	980.2	981.0		
185.6193	0.7637	979.1	980.2	981.0		
185.6527	0.7589	979.1	980.2	980.8		
185.6860	0.7637	979.1	980.2	980.9		
185.7193	0.7611	979.1	980.3	981.0		
185.7527	0.7624	979.2	980.2	981.0		
185.7860	0.7589	979.1	980.2	981.0		
185.8193	0.7602	979.1	980.3	981.0		
185.8527	0.7685	979.2	980.2	981.0		
185.8860	0.7563	979.1	980.2	980.9		
185.9193	0.7663	979.2	980.3	981.0		
185.9527	0.7602	979.2	980.2	980.9		
185.9860	0.7676	979.1	980.1	980.9		
186.0193	0.7641	979.1	980.2	980.9		
186.0527	0.7632	979.1	980.2	980.9		
186.0860	0.7628	979.1	980.3	981.0		
186.1193	0.7602	979.1	980.3	980.9		
186.1527	0.7611	979.2	980.2	980.9		
186.1860	0.7628	979.1	980.2	980.9		
186.2193	0.7619	979.2	980.2	980.9		
186.2527	0.7689	979.2	980.3	981.0		
186.2860	0.7624	979.1	980.2	980.9		
186.3193	0.7799	979.1	980.2	981.0		
186.3527	0.7750	979.2	980.3	981.0		
186.3860	0.7689	979.0	980.2	980.9		
186.4193	0.7689	979.1	980.2	980.9		
186.4527	0.7676	979.1	980.2	981.0		
186.4860	0.7632	979.1	980.2	981.0		
186.5193	0.7698	979.1	980.1	980.8		
186.5527	0.7624	979.1	980.2	980.9		
186.5860	0.7659	979.1	980.2	980.9		
186.6193	0.7698	979.2	980.2	980.9		
186.6527	0.7654	979.2	980.2	981.0		
186.6860	0.7646	979.1	980.2	980.9		
186.7193	0.7694	979.1	980.3	981.0		
186.7527	0.7646	979.1	980.2	980.9		
186.7860	0.7667	979.1	980.2	980.9		
186.8193	0.7624	979.1	980.2	980.9		
186.8527	0.7694	979.1	980.1	980.9		
186.8860	0.7602	979.1	980.2	980.9		
186.9193	0.7619	979.1	980.2	981.0		
186.9527	0.7663	979.2	980.3	981.0		
186.9860	0.7681	979.1	980.2	980.8		
187.0193	0.7716	979.1	980.2	981.0		
187.0527	0.7667	979.1	980.2	980.9		
187.0860	0.7733	979.1	980.2	980.9		
187.1193	0.7667	979.1	980.2	980.9		
187.1527	0.7667	979.2	980.2	981.0		
187.1860	0.7667	979.2	980.2	981.0		
187.2193	0.7615	979.3	980.3	981.1		
187.2527	0.7724	979.2	980.2	980.9		
187.2860	0.7716	979.2	980.2	981.0		
187.3193	0.7790	979.2	980.2	980.9		
187.3527	0.7707	979.1	980.2	980.9		
187.3860	0.7729	979.1	980.1	980.9		
187.4193	0.7729	979.2	980.2	980.9		
187.4527	0.7650	979.1	980.2	980.9		
187.4860	0.7654	979.1	980.2	980.9		
187.5193	0.7707	979.1	980.2	980.9		
187.5527	0.7681	979.1	980.2	980.9		
187.5860	0.7711	979.1	980.1	980.9		
187.6193	0.7698	979.1	980.2	980.9		
187.6527	0.7820	979.1	980.2	980.9		
187.6860	0.7742	979.1	980.2	980.9		
187.7193	0.7716	979.2	980.2	980.9		
187.7527	0.7768	979.2	980.2	981.0		
187.7860	0.7654	979.1	980.1	980.8		
187.8193	0.7750	979.2	980.2	980.9		
187.8527	0.7694	979.2	980.3	981.0		
187.8860	0.7694	979.4	980.4	981.0		
187.9193	0.7667	979.2	980.3	981.0		
187.9527	0.7676	979.1	980.2	980.9		
187.9860	0.7716	979.1	980.2	980.9		
188.0193	0.7720	979.1	980.2	981.0		
188.0527	0.7733	979.1	980.3	981.0		
188.0860	0.7733	979.1	980.2	980.9		
188.1193	0.7733	979.2	980.2	980.9		
188.1527	0.7711	979.1	980.2	980.9		
188.1860	0.7737	979.1	980.2	980.9		
188.2193	0.7729	979.1	980.2	980.9		
188.2527	0.7785	979.1	980.1	980.9		
188.2860	0.7812	979.1	980.2	980.9		
188.3193	0.7676	979.0	980.1	980.9		
188.3527	0.7764	979.1	980.2	980.9		
188.3860	0.7702	979.1	980.2	980.9		
188.4193	0.7733	979.1	980.2	980.9		
188.4527	0.7667	979.2	980.2	981.0		
188.4860	0.7733	979.1	980.2	980.9		
188.5193	0.7755	979.1	980.2	980.9		
188.5527	0.7755	979.1	980.2	980.9		
188.5860	0.7781	979.1	980.2	980.9		
188.6193	0.7729	979.1	980.2	981.0		
188.6527	0.7820	979.1	980.2	980.9		
188.6860	0.7733	979.1	980.2	980.9		
188.7193	0.7842	979.1	980.2	980.9		
188.7527	0.7864	979.1	980.2	980.9		
188.7860	0.7746	979.2	980.3	981.0		
188.8193	0.7737	979.1	980.2	980.9		
188.8527	0.7781	979.1	980.1	980.9		
188.8860	0.7768	979.1	980.2	980.9		
188.9193	0.7716	979.1	980.2	981.0		
188.9527	0.7733	979.1	980.2	980.9		
188.9860	0.7716	979.2	980.2	980.9		
189.0193	0.7746	979.2	980.3	981.0		
189.0527	0.7724	979.2	980.3	980.9		
189.0860	0.7799	979.2	980.3	981.1		
189.1193	0.7799	979.1	980.3	981.0		
189.1527	0.7781	979.2	980.3	981.0		
189.1860	0.7777	979.1	980.2	981.0		
189.2193	0.7781	979.1	980.3	981.0		
189.2527	0.7777	979.1	980.2	980.9		
189.2860	0.7785	979.1	980.2	981.0		
189.3193	0.7750	979.2	980.2	981.0		
189.3527	0.7829	979.1	980.2	980.9		
189.3860	0.7781	979.1	980.2	980.9		
189.4193	0.7799	979.1	980.2	980.9		
189.4527	0.7768	979.1	980.2	980.9		
189.4860	0.7750	979.1	980.2	980.9		
189.5193	0.7794	979.1	980.2	980.9		
189.5527	0.7829	979.1	980.2	980.9		
189.5860	0.7829	979.2	980.2	980.9		
189.6193	0.7750	979.3	980.3	981.0		
189.6527	0.7838	979.1	980.2	980.9		
189.6860	0.7803	979.1	980.2	980.9		
189.7193	0.7838	979.1	980.2	980.9		
189.7527	0.7847	979.1	980.2	981.0		
189.7860	0.7790	979.2	980.3	981.0		
189.8193	0.7825	979.1	980.2	980.9		
189.8527	0.7812	979.2	980.2	981.0		
189.8860	0.7785	979.1	980.3	980.9		
189.9193	0.7869	979.1	980.2	980.9		
189.9527	0.7768	979.2	980.2	980.9		
189.9860	0.7785	979.1	980.2	980.9		
190.0193	0.7925	979.1	980.2	980.9		
190.0527	0.7768	979.1	980.2	981.0		
190.0860	0.7825	979.1	980.2	980.9		
190.1193	0.7812	979.2	980.2	981.0		
190.1527	0.7869	979.2	980.2	981.0		
190.1860	0.7890	979.1	980.2	980.8		
190.2193	0.7895	979.0	980.1	980.8		
190.2527	0.7812	979.2	980.2	980.9		
190.2860	0.7781	979.2	980.2	980.9		
190.3193	0.7750	979.2	980.2	980.9		
190.3527	0.7820	979.1	980.2	981.0		
190.3860	0.7785	979.2	980.3	981.0		
190.4193	0.7807	979.2	980.2	981.0		
190.4527	0.7825	979.1	980.1	980.8		
190.4860	0.7851	979.2	980.2	981.0		
190.5193	0.7890	979.1	980.2	980.9		
190.5527	0.7838	979.1	980.1	980.8		
190.5860	0.7842	979.0	980.1	980.8		
190.6193	0.7807	979.0	980.1	980.9		
190.6527	0.7829	979.1	980.2	980.8		
190.6860	0.7807	979.1	980.3	981.0		
190.7193	0.7812	979.2	980.3	981.0		
190.7527	0.7895	979.1	980.1	980.9		
190.7860	0.7807	979.1	980.1	980.9		
190.8193	0.7847	979.1	980.2	980.9		
190.8527	0.7917	979.1	980.2	980.9		
190.8860	0.7842	979.1	980.2	980.9		
190.9193	0.7864	979.2	980.2	981.0		
190.9527	0.7890	979.1	980.2	981.0		
190.9860	0.7842	979.1	980.2	980.9		
191.0193	0.7842	979.2	980.2	981.0		
191.0527	0.7860	979.0	980.2	980.9		
191.0860	0.7877	979.0	980.1	980.8		
191.1193	0.7799	979.1	980.2	980.9		
191.1527	0.7820	979.1	980.2	980.9		
191.1860	0.7912	979.1	980.2	980.9		
191.2193	0.7803	979.2	980.3	981.0		
191.2527	0.7847	979.1	980.2	980.9		
191.2860	0.7803	979.2	980.2	981.0		
191.3193	0.7895	979.1	980.2	980.9		
191.3527	0.7825	979.1	980.2	980.9		
191.3860	0.7921	979.1	980.2	980.9		
191.4193	0.7899	979.1	980.3	981.0		
191.4527	0.7781	979.2	980.3	981.0		
191.4860	0.7873	979.1	980.2	981.0		
191.5193	0.7917	979.1	980.2	980.9		
191.5527	0.7895	979.1	980.1	980.9		
191.5860	0.7903	979.1	980.2	980.9		
191.6193	0.7921	979.1	980.2	980.9		
191.6527	0.7938	979.1	980.2	981.0		
191.6860	0.7834	979.1	980.2	980.9		
191.7193	0.7847	979.1	980.2	980.9		
191.7527	0.7882	979.1	980.2	980.9		
191.7860	0.7934	979.2	980.3	981.0		
191.8193	0.7851	979.2	980.2	980.9		
191.8527	0.7969	979.2	980.1	980.8		
191.8860	0.7899	979.1	980.1	980.9		
191.9193	0.7947	979.1	980.2	980.9		
191.9527	0.7895	979.1	980.2	980.9		
191.9860	0.7908	979.1	980.2	980.9		
192.0193	0.7882	979.0	980.2	980.9		
192.0527	0.7882	979.2	980.2	981.0		
192.0860	0.7903	979.1	980.2	980.9		
192.1193	0.7912	979.2	980.3	981.0		
192.1527	0.7908	979.1	980.2	981.0		
192.1860	0.7882	979.0	980.1	980.9		
192.2193	0.7925	979.1	980.1	980.9		
192.2527	0.7890	979.1	980.2	980.9		
192.2860	0.7960	979.1	980.2	980.9		
192.3193	0.7917	979.1	980.3	981.0		
192.3527	0.7925	979.1	980.2	980.9		
192.3860	0.7965	979.1	980.2	980.9		
192.4193	0.7908	979.0	980.2	980.9		
192.4527	0.7960	979.1	980.2	980.9		
192.4860	0.7938	979.1	980.2	981.0		
192.5193	0.7869	979.2	980.3	981.1		
192.5527	0.7956	979.1	980.2	981.0		
192.5860	0.7921	979.1	980.2	980.9		
192.6193	0.7921	979.1	980.2	981.0		
192.6527	0.7978	979.1	980.2	980.9		
192.6860	0.7960	979.1	980.2	980.9		
192.7193	0.7991	979.2	980.3	981.0		
192.7527	0.7912	979.2	980.2	981.0		
192.7860	0.7943	979.1	980.2	980.9		
192.8193	0.7908	979.2	980.3	981.0		
192.8527	0.8013	979.1	980.3	981.0		
192.8860	0.7978	979.1	980.2	980.9		
192.9193	0.7956	979.1	980.2	980.9		
192.9527	0.7952	979.1	980.3	980.9		
192.9860	0.7965	979.1	980.3	981.0		
193.0193	0.7978	979.1	980.2	980.9		
193.0527	0.7917	979.1	980.2	980.9		
193.0860	0.7903	979.1	980.2	981.0		
193.1193	0.7912	979.1	980.2	980.9		
193.1527	0.7995	979.0	980.2	980.9		
193.1860	0.7921	979.1	980.2	980.9		
193.2193	0.8000	979.1	980.2	980.9		
193.2527	0.7934	979.1	980.2	981.0		
193.2860	0.7960	979.1	980.2	981.0		
193.3193	0.7934	979.1	980.2	981.0		
193.3527	0.7947	979.1	980.1	980.9		
193.3860	0.7969	979.1	980.2	980.9		
193.4193	0.8043	979.0	980.2	980.9		
193.4527	0.7895	979.1	980.2	981.0		
193.4860	0.8022	979.2	980.2	980.9		
193.5193	0.8043	979.2	980.2	980.9		
193.5527	0.8043	979.1	980.2	981.0		
193.5860	0.7987	979.1	980.2	980.9		
193.6193	0.8100	979.1	980.2	980.9		
193.6527	0.8008	979.1	980.2	980.9		
193.6860	0.7969	979.1	980.2	981.0		
193.7193	0.7987	979.1	980.2	981.0		
193.7527	0.8039	979.2	980.3	981.1		
193.7860	0.7934	979.1	980.2	980.9		
193.8193	0.7973	979.1	980.2	980.9		
193.8527	0.7969	979.1	980.2	980.9		
193.8860	0.8000	979.0	980.2	980.8		
193.9193	0.7991	979.1	980.1	980.9		
193.9527	0.7978	979.0	980.2	980.9		
193.9860	0.7978	979.1	980.2	980.9		
194.0193	0.8048	979.1	980.2	981.0		
194.0527	0.7991	979.1	980.2	981.0		
194.0860	0.8118	979.0	980.2	980.9		
194.1193	0.8043	979.1	980.2	980.9		
194.1527	0.8017	979.0	980.2	980.9		
194.1860	0.8039	979.2	980.2	980.9		
194.2193	0.8026	979.1	980.2	980.9		
194.2527	0.7978	979.1	980.2	981.0		
194.2860	0.8017	979.2	980.2	981.0		
194.3193	0.7965	979.2	980.2	980.9		
194.3527	0.7925	979.2	980.2	980.9		
194.3860	0.8048	979.2	980.2	981.0		
194.4193	0.7978	979.1	980.2	980.9		
194.4527	0.8026	979.1	980.2	980.9		
194.4860	0.8000	979.2	980.2	981.0		
194.5193	0.8008	979.1	980.2	980.9		
194.5527	0.8035	979.1	980.2	980.9		
194.5860	0.8109	979.1	980.2	981.0		
194.6193	0.8035	979.1	980.2	981.0		
194.6527	0.8043	979.1	980.2	980.9		
194.6860	0.8087	979.1	980.2	980.9		
194.7193	0.7973	979.1	980.3	981.0		
194.7527	0.8030	979.1	980.2	980.9		
194.7860	0.8065	979.1	980.2	980.9		
194.8193	0.7995	979.1	980.2	980.9		
194.8527	0.8004	979.1	980.2	980.9		
194.8860	0.8022	979.2	980.3	981.0		
194.9193	0.8135	979.1	980.2	980.9		
194.9527	0.8056	979.1	980.3	980.9		
194.9860	0.8043	979.0	980.1	980.8		
195.0193	0.8035	979.1	980.2	980.9		
195.0527	0.8030	979.1	980.2	980.9		
195.0860	0.8004	979.1	980.2	981.0		
195.1193	0.8000	979.1	980.2	980.9		
195.1527	0.8017	979.1	980.2	980.9		
195.1860	0.8004	979.1	980.1	980.9		
195.2193	0.8056	979.2	980.2	980.9		
195.2527	0.8000	979.2	980.3	981.0		
195.2860	0.8056	979.1	980.2	981.0		
195.3193	0.8052	979.1	980.2	981.0		
195.3527	0.8008	979.1	980.2	981.0		
195.3860	0.8004	979.0	980.1	980.9		
195.4193	0.8008	979.1	980.1	980.9		
195.4527	0.8061	979.0	980.1	980.9		
195.4860	0.8091	979.1	980.2	981.0		
195.5193	0.8056	979.0	980.2	980.9		
195.5527	0.8100	979.1	980.2	980.9		
195.5860	0.8087	979.1	980.2	980.9		
195.6193	0.7991	979.1	980.2	981.0		
195.6527	0.8017	979.2	980.2	980.9		
195.6860	0.8017	979.2	980.2	981.0		
195.7193	0.8035	979.1	980.2	980.9		
195.7527	0.8078	979.1	980.2	981.0		
195.7860	0.8070	979.2	980.3	981.0		
195.8193	0.8026	979.1	980.3	980.9		
195.8527	0.8061	979.0	980.1	980.9		
195.8860	0.8065	979.1	980.2	980.9		
195.9193	0.8074	979.1	980.2	980.9		
195.9527	0.8091	979.2	980.2	981.0		
195.9860	0.8022	979.1	980.2	981.0		
196.0193	0.8061	979.1	980.2	980.9		
196.0527	0.8100	979.1	980.2	981.0		
196.0860	0.8105	979.0	980.2	981.0		
196.1193	0.8113	979.1	980.2	981.0		
196.1527	0.8153	979.1	980.2	981.0		
196.1860	0.8083	979.2	980.3	981.0		
196.2193	0.8074	979.1	980.2	980.9		
196.2527	0.8087	979.1	980.2	981.0		
196.2860	0.8083	979.2	980.3	981.0		
196.3193	0.8105	979.1	980.2	980.9		
196.3527	0.8126	979.1	980.2	981.0		
196.3860	0.8035	979.1	980.2	980.9		
196.4193	0.8065	979.1	980.2	980.9		
196.4527	0.8170	979.1	980.2	981.0		
196.4860	0.8013	979.1	980.2	980.9		
196.5193	0.8056	979.1	980.2	980.9		
196.5527	0.8074	979.2	980.2	981.0		
196.5860	0.8074	979.2	980.3	981.1		
196.6193	0.8105	979.1	980.2	981.0		
196.6527	0.8083	979.0	980.2	981.0		
196.6860	0.8214	979.1	980.2	980.9		
196.7193	0.8096	979.1	980.2	981.0		
196.7527	0.8083	979.2	980.3	981.0		
196.7860	0.8157	979.1	980.2	981.0		
196.8193	0.8144	979.1	980.2	981.0		
196.8527	0.8083	979.0	980.2	980.9		
196.8860	0.8175	979.1	980.2	980.9		
196.9193	0.8087	979.0	980.2	981.0		
196.9527	0.8113	979.1	980.2	981.0		
196.9860	0.8140	979.2	980.1	981.0		
197.0193	0.8105	979.0	980.2	980.9		
197.0527	0.8078	979.1	980.2	981.0		
197.0860	0.8170	979.1	980.2	981.0		
197.1193	0.8083	979.1	980.2	980.9		
197.1527	0.8122	979.0	980.1	980.9		
197.1860	0.8087	979.1	980.2	981.0		
197.2193	0.8118	979.1	980.2	980.9		
197.2527	0.8118	979.2	980.2	981.0		
197.2860	0.8135	979.2	980.2	981.0		
197.3193	0.8131	979.1	980.2	981.0		
197.3527	0.8175	979.0	980.1	980.9		
197.3860	0.8166	979.1	980.2	981.0		
197.4193	0.8078	979.1	980.2	980.9		
197.4527	0.8078	979.1	980.1	980.9		
197.4860	0.8218	979.0	980.1	980.9		
197.5193	0.8113	979.1	980.2	980.9		
197.5527	0.8140	979.0	980.2	980.9		
197.5860	0.8091	979.0	980.2	980.9		
197.6193	0.8148	979.1	980.1	980.8		
197.6527	0.8118	979.1	980.2	980.9		
197.6860	0.8201	979.1	980.2	981.0		
197.7193	0.8122	979.1	980.2	981.0		
197.7527	0.8153	979.1	980.2	981.0		
197.7860	0.8157	979.1	980.2	981.0		
197.8193	0.8061	979.2	980.3	981.0		
197.8527	0.8096	979.1	980.2	981.0		
197.8860	0.8166	979.1	980.2	981.0		
197.9193	0.8218	979.1	980.2	980.9		
197.9527	0.8131	979.1	980.2	981.0		
197.9860	0.8209	979.0	980.2	980.9		
198.0193	0.8161	979.1	980.2	980.9		
198.0527	0.8249	979.1	980.2	980.9		
198.0860	0.8153	979.1	980.2	981.0		
198.1193	0.8231	979.1	980.2	981.0		
198.1527	0.8266	979.1	980.2	981.0		
198.1860	0.8157	979.0	980.2	980.9		
198.2193	0.8227	979.1	980.2	981.0		
198.2527	0.8192	979.1	980.2	980.9		
198.2860	0.8109	979.2	980.3	981.1		
198.3193	0.8122	979.1	980.2	980.9		
198.3527	0.8122	979.1	980.2	980.9		
198.3860	0.8175	979.1	980.2	980.9		
198.4193	0.8209	979.1	980.2	981.0		
198.4527	0.8196	979.1	980.2	981.0		
198.4860	0.8170	979.1	980.2	981.0		
198.5193	0.8166	979.1	980.2	981.0		
198.5527	0.8284	979.1	980.2	981.0		
198.5860	0.8214	979.0	980.2	980.9		
198.6193	0.8153	979.1	980.2	980.9		
198.6527	0.8201	979.1	980.2	981.0		
198.6860	0.8170	979.1	980.2	981.0		
198.7193	0.8279	979.1	980.1	980.9		
198.7527	0.8196	979.0	980.2	980.9		
198.7860	0.8262	979.1	980.2	981.0		
198.8193	0.8266	979.1	980.2	980.9		
198.8527	0.8192	979.1	980.2	981.0		
198.8860	0.8183	979.1	980.1	980.9		
198.9193	0.8188	979.2	980.4	981.2		
198.9527	0.8183	979.2	980.3	981.1		
198.9860	0.8209	979.1	980.3	981.1		
199.0193	0.8284	979.1	980.2	980.9		
199.0527	0.8231	979.1	980.2	981.0		
199.0860	0.8161	979.0	980.2	980.9		
199.1193	0.8249	979.2	980.2	980.9		
199.1527	0.8236	979.2	980.2	981.0		
199.1860	0.8157	979.1	980.2	980.9		
199.2193	0.8196	979.2	980.3	981.1		
199.2527	0.8266	979.2	980.3	981.0		
199.2860	0.8214	979.0	980.2	981.0		
199.3193	0.8284	979.1	980.2	981.0		
199.3527	0.8231	979.1	980.2	981.0		
199.3860	0.8214	979.1	980.3	981.0		
199.4193	0.8196	979.2	980.3	981.1		
199.4527	0.8253	979.1	980.2	981.0		
199.4860	0.8140	979.1	980.1	980.9		
199.5193	0.8218	979.0	980.2	981.0		
199.5527	0.8236	979.1	980.2	981.0		
199.5860	0.8279	979.1	980.2	980.9		
199.6193	0.8188	979.1	980.1	981.0		
199.6527	0.8201	979.1	980.2	981.0		
199.6860	0.8236	979.2	980.2	981.1		
199.7193	0.8188	979.2	980.2	981.0		
199.7527	0.8306	979.1	980.2	980.9		
199.7860	0.8301	979.1	980.1	980.9		
199.8193	0.8293	979.1	980.2	981.0		
199.8527	0.8314	979.1	980.3	981.0		
199.8860	0.8231	979.2	980.2	981.0		
199.9193	0.8192	979.2	980.2	981.0		
199.9527	0.8262	979.1	980.2	981.0		
199.9860	0.8223	979.2	980.2	981.0		
200.0193	0.8140	979.2	980.2	981.0		
200.0527	0.8218	979.1	980.2	981.0		
200.0860	0.8253	979.1	980.2	981.0		
200.1193	0.8275	979.1	980.2	981.0		
200.1527	0.8275	979.1	980.2	980.9		
200.1860	0.8266	979.0	980.2	981.0		
200.2193	0.8227	979.1	980.2	981.0		
200.2527	0.8293	979.2	980.3	981.0		
200.2860	0.8293	979.2	980.2	981.1		
200.3193	0.8275	979.1	980.2	981.0		
200.3527	0.8288	979.1	980.2	980.9		
200.3860	0.8240	979.2	980.3	981.0		
200.4193	0.8244	979.2	980.3	981.1		
200.4527	0.8314	979.1	980.3	981.1		
200.4860	0.8284	979.2	980.3	981.1		
200.5193	0.8279	979.1	980.2	981.0		
200.5527	0.8227	979.2	980.2	981.0		
200.5860	0.8328	979.1	980.2	981.0		
200.6193	0.8297	979.1	980.2	981.1		
200.6527	0.8236	979.2	980.3	981.0		
200.6860	0.8336	979.1	980.2	981.0		
200.7193	0.8297	979.1	980.2	980.9		
200.7527	0.8376	979.1	980.2	980.9		
200.7860	0.8284	979.0	980.2	981.0		
200.8193	0.8345	979.1	980.2	981.0		
200.8527	0.8301	979.2	980.3	981.0		
200.8860	0.8284	979.1	980.2	980.9		
200.9193	0.8306	979.1	980.2	981.1		
200.9527	0.8284	979.0	980.2	980.9		
200.9860	0.8332	979.1	980.1	980.9		
201.0193	0.8297	979.1	980.2	980.9		
201.0527	0.8284	979.1	980.2	981.0		
201.0860	0.8306	979.1	980.2	980.9		
201.1193	0.8306	979.1	980.2	981.0		
201.1527	0.8380	979.2	980.3	981.1		
201.1860	0.8306	979.2	980.2	981.0		
201.2193	0.8258	979.2	980.3	981.1		
201.2527	0.8371	979.2	980.2	981.1		
201.2860	0.8371	979.1	980.2	981.0		
201.3193	0.8319	979.1	980.2	981.0		
201.3527	0.8349	979.1	980.2	981.0		
201.3860	0.8389	979.1	980.2	981.0		
201.4193	0.8384	979.0	980.1	980.9		
201.4527	0.8336	979.2	980.2	981.0		
201.4860	0.8266	979.2	980.2	981.0		
201.5193	0.8332	979.1	980.3	981.0		
201.5527	0.8336	979.2	980.2	981.0		
201.5860	0.8262	979.1	980.2	981.0		
201.6193	0.8380	979.0	980.2	981.0		
201.6527	0.8319	979.1	980.2	980.9		
201.6860	0.8319	979.1	980.2	981.0		
201.7193	0.8319	979.2	980.3	981.0		
201.7527	0.8349	979.1	980.2	981.0		
201.7860	0.8328	979.1	980.2	981.0		
201.8193	0.8376	979.0	980.1	980.9		
201.8527	0.8336	979.1	980.2	981.0		
201.8860	0.8376	979.1	980.2	980.9		
201.9193	0.8310	979.0	980.2	980.9		
201.9527	0.8411	979.1	980.2	981.0		
201.9860	0.8262	979.2	980.2	981.0		
202.0193	0.8349	979.1	980.2	981.0		
202.0527	0.8437	979.1	980.3	981.0		
202.0860	0.8271	979.1	980.2	981.0		
202.1193	0.8319	979.1	980.2	981.0		
202.1527	0.8341	979.1	980.2	980.9		
202.1860	0.8380	979.0	980.1	980.8		
202.2193	0.8288	979.0	980.1	980.8		
202.2527	0.8345	979.0	980.2	980.9		
202.2860	0.8341	979.1	980.2	981.0		
202.3193	0.8354	979.2	980.3	981.1		
202.3527	0.8323	979.1	980.2	981.0		
202.3860	0.8397	979.1	980.2	981.0		
202.4193	0.8402	979.1	980.3	981.1		
202.4527	0.8362	979.1	980.2	980.9		
202.4860	0.8406	979.0	980.1	980.9		
202.5193	0.8376	979.1	980.2	981.0		
202.5527	0.8411	979.1	980.2	981.0		
202.5860	0.8376	979.1	980.2	981.0		
202.6193	0.8489	979.1	980.1	980.9		
202.6527	0.8332	979.1	980.2	981.0		
202.6860	0.8341	979.1	980.2	980.9		
202.7193	0.8332	979.1	980.3	981.0		
202.7527	0.8384	979.1	980.2	981.0		
202.7860	0.8393	979.1	980.3	981.0		
202.8193	0.8397	979.1	980.3	981.0		
202.8527	0.8446	979.1	980.2	980.9		
202.8860	0.8362	979.0	980.2	980.9		
202.9193	0.8411	979.1	980.2	980.9		
202.9527	0.8362	979.1	980.3	981.0		
202.9860	0.8380	979.0	980.2	981.0		
203.0193	0.8397	979.1	980.3	981.0		
203.0527	0.8384	979.1	980.2	981.0		
203.0860	0.8419	979.1	980.2	980.9		
203.1193	0.8424	979.1	980.2	981.0		
203.1527	0.8406	979.1	980.2	981.0		
203.1860	0.8367	979.0	980.2	980.9		
203.2193	0.8463	979.1	980.2	980.9		
203.2527	0.8446	979.1	980.2	981.0		
203.2860	0.8402	979.0	980.2	981.0		
203.3193	0.8481	979.1	980.2	981.0		
203.3527	0.8328	979.1	980.2	981.0		
203.3860	0.8406	979.1	980.2	981.0		
203.4193	0.8402	979.1	980.2	980.9		
203.4527	0.8397	979.1	980.2	981.0		
203.4860	0.8397	979.1	980.2	981.0		
203.5193	0.8411	979.1	980.2	981.0		
203.5527	0.8415	979.1	980.2	981.0		
203.5860	0.8459	979.1	980.2	981.0		
203.6193	0.8481	979.2	980.2	981.0		
203.6527	0.8380	979.1	980.2	981.0		
203.6860	0.8406	979.2	980.2	981.0		
203.7193	0.8376	979.0	980.2	980.9		
203.7527	0.8393	979.2	980.2	981.0		
203.7860	0.8415	979.1	980.2	980.9		
203.8193	0.8406	979.1	980.2	980.9		
203.8527	0.8446	979.1	980.2	980.9		
203.8860	0.8481	979.0	980.2	980.9		
203.9193	0.8498	979.1	980.3	981.1		
203.9527	0.8446	979.1	980.2	981.0		
203.9860	0.8424	979.1	980.1	980.9		
204.0193	0.8432	979.1	980.2	981.0		
204.0527	0.8376	979.1	980.2	981.0		
204.0860	0.8472	979.1	980.2	981.0		
204.1193	0.8432	979.0	980.1	980.9		
204.1527	0.8454	979.1	980.2	980.9		
204.1860	0.8472	979.0	980.2	980.9		
204.2193	0.8424	979.2	980.2	981.1		
204.2527	0.8459	979.1	980.2	981.0		
204.2860	0.8494	979.0	980.2	981.0		
204.3193	0.8389	979.2	980.2	981.0		
204.3527	0.8459	979.0	980.2	980.9		
204.3860	0.8502	979.1	980.2	981.0		
204.4193	0.8459	979.1	980.3	981.0		
204.4527	0.8441	979.1	980.2	981.0		
204.4860	0.8384	979.1	980.2	981.0		
204.5193	0.8441	979.1	980.2	980.9		
204.5527	0.8494	979.1	980.2	981.0		
204.5860	0.8463	979.1	980.2	980.9		
204.6193	0.8472	979.1	980.2	981.0		
204.6527	0.8577	979.1	980.2	981.0		
204.6860	0.8441	979.1	980.2	980.9		
204.7193	0.8485	979.1	980.2	980.9		
204.7527	0.8507	979.1	980.2	981.0		
204.7860	0.8502	979.1	980.1	980.9		
204.8193	0.8590	979.1	980.2	981.0		
204.8527	0.8498	979.1	980.2	981.0		
204.8860	0.8515	979.1	980.2	981.1		
204.9193	0.8472	979.2	980.2	981.1		
204.9527	0.8476	979.1	980.2	981.0		
204.9860	0.8481	979.0	980.2	981.0		
205.0193	0.8542	979.1	980.2	981.0		
205.0527	0.8485	979.1	980.2	981.0		
205.0860	0.8564	979.1	980.2	981.0		
205.1193	0.8550	979.1	980.2	981.0		
205.1527	0.8511	979.2	980.2	981.0		
205.1860	0.8577	979.1	980.2	981.0		
205.2193	0.8542	979.1	980.2	980.9		
205.2527	0.8515	979.2	980.2	981.0		
205.2860	0.8515	979.1	980.2	981.0		
205.3193	0.8533	979.1	980.2	981.0		
205.3527	0.8454	979.0	980.2	981.0		
205.3860	0.8498	979.1	980.2	981.0		
205.4193	0.8481	979.1	980.2	981.0		
205.4527	0.8481	979.2	980.3	981.0		
205.4860	0.8542	979.1	980.2	981.0		
205.5193	0.8559	979.1	980.2	981.0		
205.5527	0.8502	979.1	980.2	981.0		
205.5860	0.8467	979.1	980.2	981.0		
205.6193	0.8494	979.1	980.2	981.0		
205.6527	0.8607	979.1	980.2	981.0		
205.6860	0.8494	979.0	980.2	980.9		
205.7193	0.8542	979.1	980.2	981.0		
205.7527	0.8515	979.1	980.2	981.0		
205.7860	0.8585	979.2	980.2	981.0		
205.8193	0.8494	979.1	980.2	981.0		
205.8527	0.8498	979.2	980.2	981.0		
205.8860	0.8520	979.1	980.2	980.9		
205.9193	0.8585	979.1	980.2	981.0		
205.9527	0.8520	979.1	980.2	981.0		
205.9860	0.8564	979.1	980.2	981.0		
206.0193	0.8494	979.1	980.3	981.1		
206.0527	0.8520	979.1	980.2	981.0		
206.0860	0.8585	979.1	980.2	981.0		
206.1193	0.8529	979.1	980.2	981.0		
206.1527	0.8564	979.1	980.2	981.0		
206.1860	0.8542	979.1	980.2	981.0		
206.2193	0.8590	979.0	980.2	981.1		
206.2527	0.8559	979.1	980.2	981.0		
206.2860	0.8542	979.0	980.1	980.9		
206.3193	0.8612	979.1	980.2	981.0		
206.3527	0.8616	979.2	980.2	981.0		
206.3860	0.8507	979.1	980.2	981.0		
206.4193	0.8533	979.1	980.2	981.0		
206.4527	0.8502	979.1	980.2	981.0		
206.4860	0.8577	979.1	980.1	980.9		
206.5193	0.8603	979.1	980.2	981.0		
206.5527	0.8559	979.1	980.2	980.9		
206.5860	0.8594	979.1	980.2	981.0		
206.6193	0.8555	979.2	980.2	981.1		
206.6527	0.8533	979.1	980.2	981.1		
206.6860	0.8577	979.1	980.2	981.0		
206.7193	0.8568	979.1	980.2	981.0		
206.7527	0.8660	979.2	980.2	981.0		
206.7860	0.8546	979.2	980.2	981.1		
206.8193	0.8620	979.1	980.2	981.0		
206.8527	0.8529	979.0	980.2	981.0		
206.8860	0.8559	979.0	980.1	980.9		
206.9193	0.8634	979.1	980.2	981.0		
206.9527	0.8542	979.2	980.3	981.1		
206.9860	0.8616	979.1	980.2	981.0		
207.0193	0.8590	979.1	980.2	981.0		
207.0527	0.8533	979.2	980.2	981.1		
207.0860	0.8590	979.1	980.2	981.0		
207.1193	0.8612	979.1	980.2	981.1		
207.1527	0.8594	979.1	980.2	981.0		
207.1860	0.8572	979.1	980.2	980.9		
207.2193	0.8703	979.1	980.2	981.0		
207.2527	0.8629	979.1	980.2	981.0		
207.2860	0.8577	979.1	980.2	981.0		
207.3193	0.8590	979.1	980.2	981.1		
207.3527	0.8555	979.2	980.3	981.1		
207.3860	0.8612	979.1	980.2	981.0		
207.4193	0.8625	979.2	980.3	981.0		
207.4527	0.8655	979.1	980.1	980.9		
207.4860	0.8616	979.1	980.3	981.1		
207.5193	0.8651	979.1	980.2	981.0		
207.5527	0.8590	979.1	980.2	981.0		
207.5860	0.8625	979.2	980.2	981.0		
207.6193	0.8550	979.2	980.3	981.2		
207.6527	0.8673	979.1	980.3	981.0		
207.6860	0.8599	979.1	980.2	981.1		
207.7193	0.8634	979.1	980.1	980.9		
207.7527	0.8634	979.1	980.2	981.0		
207.7860	0.8612	979.1	980.2	981.0		
207.8193	0.8638	979.1	980.2	981.0		
207.8527	0.8673	979.2	980.3	981.0		
207.8860	0.8629	979.2	980.2	981.0		
207.9193	0.8555	979.2	980.2	981.0		
207.9527	0.8695	979.1	980.2	981.0		
207.9860	0.8629	979.2	980.3	981.0		
208.0193	0.8677	979.1	980.2	981.0		
208.0527	0.8655	979.0	980.2	980.9		
208.0860	0.8703	979.1	980.2	980.9		
208.1193	0.8612	979.1	980.3	981.1		
208.1527	0.8686	979.2	980.2	981.0		
208.1860	0.8655	979.1	980.2	981.0		
208.2193	0.8668	979.2	980.3	981.1		
208.2527	0.8616	979.1	980.2	981.0		
208.2860	0.8682	979.1	980.2	981.0		
208.3193	0.8647	979.1	980.1	980.9		
208.3527	0.8629	979.1	980.1	980.9		
208.3860	0.8577	979.1	980.3	981.0		
208.4193	0.8682	979.2	980.2	981.0		
208.4527	0.8625	979.1	980.2	981.0		
208.4860	0.8612	979.1	980.2	981.0		
208.5193	0.8590	979.1	980.2	981.0		
208.5527	0.8660	979.1	980.2	981.0		
208.5860	0.8752	979.2	980.3	981.1		
208.6193	0.8577	979.1	980.1	980.9		
208.6527	0.8677	979.1	980.1	981.0		
208.6860	0.8647	979.0	980.1	980.9		
208.7193	0.8655	979.1	980.2	981.0		
208.7527	0.8690	979.1	980.2	980.9		
208.7860	0.8695	979.1	980.2	981.0		
208.8193	0.8717	979.2	980.3	981.0		
208.8527	0.8664	979.2	980.2	981.0		
208.8860	0.8638	979.1	980.1	980.9		
208.9193	0.8738	979.2	980.2	981.1		
208.9527	0.8642	979.1	980.2	980.9		
208.9860	0.8664	979.2	980.3	981.1		
209.0193	0.8668	979.1	980.2	981.0		
209.0527	0.8634	979.1	980.3	981.1		
209.0860	0.8677	979.1	980.2	981.1		
209.1193	0.8690	979.1	980.2	981.0		
209.1527	0.8655	979.1	980.2	981.0		
209.1860	0.8826	979.1	980.2	981.1		
209.2193	0.8773	979.2	980.2	981.0		
209.2527	0.8703	979.0	980.1	980.8		
209.2860	0.8717	979.0	980.2	980.9		
209.3193	0.8703	979.0	980.2	981.0		
209.3527	0.8747	979.0	980.2	980.9		
209.3860	0.8686	979.1	980.2	981.0		
209.4193	0.8734	979.1	980.2	981.0		
209.4527	0.8747	979.2	980.3	981.1		
209.4860	0.8782	979.1	980.2	981.0		
209.5193	0.8708	979.1	980.2	981.0		
209.5527	0.8721	979.1	980.2	981.0		
209.5860	0.8695	979.1	980.2	980.9		
209.6193	0.8682	979.0	980.2	980.9		
209.6527	0.8808	979.1	980.2	981.0		
209.6860	0.8725	979.1	980.2	981.0		
209.7193	0.8703	979.1	980.2	981.0		
209.7527	0.8734	979.1	980.2	981.0		
209.7860	0.8738	979.2	980.3	981.0		
209.8193	0.8843	979.1	980.3	981.1		
209.8527	0.8765	979.1	980.2	981.0		
209.8860	0.8690	979.1	980.2	981.0		
209.9193	0.8712	979.1	980.1	980.9		
209.9527	0.8756	979.0	980.1	980.9		
209.9860	0.8787	979.1	980.2	981.0		
210.0193	0.8734	979.1	980.2	981.0		
210.0527	0.8734	979.1	980.2	980.9		
210.0860	0.8712	979.1	980.2	981.0		
210.1193	0.8734	979.2	980.2	981.1		
210.1527	0.8721	979.1	980.2	981.0		
210.1860	0.8821	979.1	980.2	981.0		
210.2193	0.8795	979.0	980.2	981.0		
210.2527	0.8787	979.1	980.2	980.9		
210.2860	0.8725	979.0	980.2	981.0		
210.3193	0.8734	979.1	980.2	981.0		
210.3527	0.8712	979.1	980.2	981.0		
210.3860	0.8721	979.1	980.2	981.0		
210.4193	0.8743	979.1	980.2	981.0		
210.4527	0.8738	979.1	980.2	981.0		
210.4860	0.8791	979.1	980.2	980.9		
210.5193	0.8734	979.1	980.2	981.0		
210.5527	0.8830	979.1	980.2	981.0		
210.5860	0.8738	979.1	980.2	981.0		
210.6193	0.8717	979.1	980.3	981.1		
210.6527	0.8708	979.2	980.3	981.0		
210.6860	0.8839	979.2	980.2	981.0		
210.7193	0.8804	979.1	980.2	981.0		
210.7527	0.8765	979.1	980.2	981.0		
210.7860	0.8752	979.1	980.2	981.0		
210.8193	0.8839	979.1	980.2	981.0		
210.8527	0.8773	979.0	980.2	981.0		
210.8860	0.8813	979.2	980.2	981.1		
210.9193	0.8756	979.1	980.2	981.0		
210.9527	0.8787	979.1	980.2	981.0		
210.9860	0.8782	979.1	980.2	981.0		
211.0193	0.8787	979.1	980.2	981.0		
211.0527	0.8826	979.2	980.2	981.0		
211.0860	0.8839	979.0	980.1	980.9		
211.1193	0.8826	979.1	980.2	981.0		
211.1527	0.8791	979.1	980.2	981.0		
211.1860	0.8800	979.1	980.1	981.0		
211.2193	0.8791	979.1	980.2	981.0		
211.2527	0.8826	979.0	980.1	980.9		
211.2860	0.8791	979.1	980.2	981.0		
211.3193	0.8843	979.1	980.2	981.0		
211.3527	0.8839	979.1	980.1	980.9		
211.3860	0.8804	979.1	980.1	980.9		
211.4193	0.8813	979.1	980.2	981.0		
211.4527	0.8795	979.1	980.2	981.0		
211.4860	0.8765	979.1	980.2	981.0		
211.5193	0.8891	979.0	980.1	980.9		
211.5527	0.8791	979.1	980.2	980.9		
211.5860	0.8773	979.1	980.2	981.0		
211.6193	0.8821	979.1	980.2	981.0		
211.6527	0.8852	979.1	980.2	981.0		
211.6860	0.8817	979.1	980.2	981.0		
211.7193	0.8848	979.1	980.2	980.9		
211.7527	0.8896	979.0	980.2	981.0		
211.7860	0.8773	979.1	980.2	981.1		
211.8193	0.8756	979.2	980.2	981.0		
211.8527	0.8830	979.2	980.1	980.9		
211.8860	0.8730	979.1	980.2	981.0		
211.9193	0.8734	979.2	980.2	981.0		
211.9527	0.8843	979.2	980.3	981.0		
211.9860	0.8795	979.1	980.3	981.0		
212.0193	0.8830	979.1	980.2	981.0		
212.0527	0.8856	979.1	980.2	980.9		
212.0860	0.8848	979.1	980.2	981.0		
212.1193	0.8874	979.1	980.2	980.9		
212.1527	0.8913	979.1	980.2	981.0		
212.1860	0.8839	979.1	980.2	981.0		
212.2193	0.8848	979.1	980.1	980.9		
212.2527	0.8839	979.2	980.2	981.1		
212.2860	0.8765	979.1	980.2	981.0		
212.3193	0.8839	979.2	980.2	981.0		
212.3527	0.8891	979.1	980.1	980.9		
212.3860	0.8874	979.1	980.2	981.0		
212.4193	0.8843	979.0	980.1	980.9		
212.4527	0.8918	979.1	980.2	980.9		
212.4860	0.8848	979.1	980.1	981.0		
212.5193	0.8760	979.1	980.3	981.1		
212.5527	0.8795	979.2	980.3	981.1		
212.5860	0.8835	979.2	980.2	981.0		
212.6193	0.8905	979.1	980.1	981.0		
212.6527	0.8865	979.1	980.2	981.0		
212.6860	0.8861	979.0	980.1	981.0		
212.7193	0.8865	979.1	980.2	981.0		
212.7527	0.8852	979.0	980.1	981.0		
212.7860	0.8856	979.1	980.3	981.1		
212.8193	0.8835	979.1	980.1	981.0		
212.8527	0.8865	979.0	980.1	980.9		
212.8860	0.8878	979.1	980.1	981.0		
212.9193	0.8843	979.2	980.2	981.0		
212.9527	0.8874	979.1	980.2	981.0		
212.9860	0.8983	979.0	980.1	980.9		
213.0193	0.8935	979.1	980.1	981.0		
213.0527	0.8905	979.1	980.2	981.0		
213.0860	0.8900	979.0	980.2	981.0		
213.1193	0.8883	979.1	980.2	981.0		
213.1527	0.8909	979.1	980.2	981.1		
213.1860	0.8935	979.1	980.1	980.9		
213.2193	0.8852	979.1	980.1	980.9		
213.2527	0.8992	979.0	980.1	980.9		
213.2860	0.8891	979.0	980.1	980.9		
213.3193	0.8913	979.1	980.2	981.0		
213.3527	0.8852	979.2	980.2	981.0		
213.3860	0.8883	979.1	980.2	981.0		
213.4193	0.8891	979.1	980.2	981.0		
213.4527	0.8896	979.1	980.2	980.9		
213.4860	0.8909	979.2	980.2	981.0		
213.5193	0.8922	979.1	980.2	981.0		
213.5527	0.8874	979.1	980.2	980.9		
213.5860	0.8905	979.1	980.1	981.0		
213.6193	0.8891	979.0	980.1	981.0		
213.6527	0.8883	979.1	980.2	981.0		
213.6860	0.8926	979.0	980.2	981.0		
213.7193	0.8988	979.0	980.2	981.0		
213.7527	0.8918	979.1	980.2	981.0		
213.7860	0.8905	979.1	980.2	981.0		
213.8193	0.8918	979.1	980.1	981.0		
213.8527	0.8909	979.2	980.2	981.0		
213.8860	0.8891	979.1	980.1	981.0		
213.9193	0.8931	979.0	980.2	980.9		
213.9527	0.8817	979.0	980.2	980.9		
213.9860	0.8970	979.1	980.2	981.0		
214.0193	0.8966	979.0	980.2	981.0		
214.0527	0.8926	979.1	980.2	981.0		
214.0860	0.8931	979.1	980.1	980.9		
214.1193	0.8926	979.1	980.2	981.0		
214.1527	0.8874	979.1	980.1	981.0		
214.1860	0.8931	979.1	980.2	980.9		
214.2193	0.8913	979.1	980.1	980.9		
214.2527	0.8935	979.0	980.2	980.9		
214.2860	0.8957	979.0	980.2	980.9		
214.3193	0.8918	979.0	980.2	981.0		
214.3527	0.8883	979.1	980.2	981.0		
214.3860	0.8966	979.1	980.2	981.0		
214.4193	0.8926	979.1	980.2	981.0		
214.4527	0.8944	979.1	980.1	981.0		
214.4860	0.8922	979.1	980.2	981.0		
214.5193	0.8974	979.0	980.1	980.9		
214.5527	0.9014	979.1	980.2	981.0		
214.5860	0.8992	979.0	980.2	980.9		
214.6193	0.8913	979.2	980.2	981.0		
214.6527	0.9001	979.1	980.2	981.0		
214.6860	0.9001	979.1	980.2	981.0		
214.7193	0.8935	979.1	980.2	981.0		
214.7527	0.8909	979.0	980.1	980.9		
214.7860	0.8926	979.1	980.2	980.9		
214.8193	0.8970	979.0	980.2	980.9		
214.8527	0.9001	979.1	980.2	981.0		
214.8860	0.8966	979.1	980.2	981.0		
214.9193	0.8966	979.1	980.2	980.9		
214.9527	0.8966	979.2	980.2	981.1		
214.9860	0.8909	979.1	980.2	981.0		
215.0193	0.8935	979.2	980.2	981.1		
215.0527	0.9001	979.1	980.2	981.0		
215.0860	0.9005	979.1	980.2	980.9		
215.1193	0.9023	979.1	980.2	981.0		
215.1527	0.8979	979.1	980.2	981.0		
215.1860	0.9001	979.1	980.2	981.0		
215.2193	0.8961	979.1	980.2	981.0		
215.2527	0.9018	979.1	980.2	981.0		
215.2860	0.9005	979.1	980.2	981.0		
215.3193	0.9023	979.1	980.3	981.0		
215.3527	0.9075	979.1	980.2	981.1		
215.3860	0.9027	979.1	980.2	981.1		
215.4193	0.9018	979.1	980.2	981.1		
215.4527	0.9027	979.1	980.2	981.0		
215.4860	0.8974	979.2	980.2	981.0		
215.5193	0.9027	979.1	980.2	981.0		
215.5527	0.9027	979.2	980.2	981.0		
215.5860	0.8944	979.2	980.2	981.0		
215.6193	0.8979	979.1	980.1	980.9		
215.6527	0.8970	979.1	980.2	981.0		
215.6860	0.9088	979.1	980.2	981.0		
215.7193	0.9014	979.1	980.3	981.1		
215.7527	0.9079	979.1	980.2	981.0		
215.7860	0.9040	979.2	980.3	981.1		
215.8193	0.9018	979.1	980.2	981.0		
215.8527	0.9044	979.0	980.1	981.0		
215.8860	0.9058	979.1	980.3	981.1		
215.9193	0.9062	979.2	980.3	981.0		
215.9527	0.9009	979.1	980.2	981.0		
215.9860	0.9101	979.1	980.2	980.9		
216.0193	0.9044	979.1	980.2	981.0		
216.0527	0.9066	979.1	980.2	981.1		
216.0860	0.8996	979.1	980.1	980.9		
216.1193	0.9009	979.0	980.2	981.0		
216.1527	0.9005	979.2	980.2	981.1		
216.1860	0.8996	979.1	980.2	981.0		
216.2193	0.9044	979.1	980.3	981.1		
216.2527	0.9062	979.1	980.2	980.9		
216.2860	0.9114	979.1	980.2	981.0		
216.3193	0.9084	979.0	980.1	981.0		
216.3527	0.9049	979.0	980.1	980.9		
216.3860	0.9049	979.1	980.2	981.1		
216.4193	0.9101	979.1	980.2	981.0		
216.4527	0.8996	979.1	980.2	981.0		
216.4860	0.8992	979.2	980.2	981.1		
216.5193	0.9088	979.2	980.2	981.0		
216.5527	0.9079	979.1	980.2	981.0		
216.5860	0.9097	979.0	980.1	980.9		
216.6193	0.9079	979.1	980.2	981.0		
216.6527	0.9044	979.1	980.2	981.0		
216.6860	0.9027	979.1	980.2	981.0		
216.7193	0.9009	979.1	980.1	980.9		
216.7527	0.9066	979.2	980.3	981.1		
216.7860	0.9053	979.1	980.2	981.1		
216.8193	0.9110	979.1	980.3	981.1		
216.8527	0.9075	979.1	980.2	981.0		
216.8860	0.9088	979.1	980.2	981.0		
216.9193	0.9101	979.1	980.1	981.0		
216.9527	0.9027	979.1	980.2	981.0		
216.9860	0.9119	979.1	980.2	981.0		
217.0193	0.9084	979.2	980.2	981.0		
217.0527	0.9066	979.1	980.2	981.0		
217.0860	0.9088	979.1	980.2	981.0		
217.1193	0.9119	979.1	980.2	981.0		
217.1527	0.9084	979.2	980.3	981.1		
217.1860	0.9127	979.2	980.2	981.1		
217.2193	0.9079	979.2	980.3	981.1		
217.2527	0.9101	979.2	980.3	981.1		
217.2860	0.9119	979.1	980.2	981.0		
217.3193	0.9154	979.1	980.2	981.0		
217.3527	0.9141	979.0	980.2	981.0		
217.3860	0.9119	979.1	980.2	981.0		
217.4193	0.9044	979.1	980.2	981.0		
217.4527	0.9110	979.2	980.2	981.1		
217.4860	0.9141	979.1	980.1	981.0		
217.5193	0.9158	979.1	980.2	981.0		
217.5527	0.9084	979.1	980.2	981.1		
217.5860	0.9132	979.1	980.2	981.0		
217.6193	0.9084	979.1	980.1	981.0		
217.6527	0.9101	979.2	980.3	981.1		
217.6860	0.9106	979.1	980.2	981.0		
217.7193	0.9114	979.1	980.1	980.9		
217.7527	0.9097	979.1	980.2	981.0		
217.7860	0.9119	979.1	980.1	980.9		
217.8193	0.9197	979.1	980.2	981.0		
217.8527	0.9167	979.1	980.2	981.0		
217.8860	0.9106	979.2	980.2	980.9		
217.9193	0.9197	979.0	980.1	980.9		
217.9527	0.9132	979.2	980.3	981.1		
217.9860	0.9079	979.3	980.3	981.1		
218.0193	0.9193	979.2	980.2	981.0		
218.0527	0.9097	979.1	980.2	980.9		
218.0860	0.9123	979.1	980.2	981.0		
218.1193	0.9193	979.1	980.2	981.0		
218.1527	0.9141	979.1	980.2	981.0		
218.1860	0.9167	979.1	980.2	981.0		
218.2193	0.9154	979.2	980.2	981.0		
218.2527	0.9145	979.1	980.2	980.9		
218.2860	0.9237	979.2	980.3	981.1		
218.3193	0.9219	979.1	980.2	981.0		
218.3527	0.9193	979.0	980.1	980.9		
218.3860	0.9228	979.1	980.2	980.9		
218.4193	0.9114	979.1	980.1	980.9		
218.4527	0.9241	979.1	980.2	981.0		
218.4860	0.9106	979.2	980.2	981.0		
218.5193	0.9141	979.2	980.2	981.1		
218.5527	0.9285	979.2	980.2	981.0		
218.5860	0.9141	979.1	980.2	981.0		
218.6193	0.9154	979.0	980.2	981.0		
218.6527	0.9136	979.1	980.2	980.9		
218.6860	0.9219	979.0	980.2	981.0		
218.7193	0.9110	979.1	980.2	981.0		
218.7527	0.9145	979.2	980.2	981.0		
218.7860	0.9110	979.2	980.3	981.1		
218.8193	0.9167	979.2	980.2	981.1		
218.8527	0.9136	979.1	980.2	981.0		
218.8860	0.9189	979.1	980.2	981.0		
218.9193	0.9211	979.1	980.2	981.0		
218.9527	0.9162	979.1	980.2	981.0		
218.9860	0.9119	979.1	980.2	981.0		
219.0193	0.9171	979.1	980.3	981.1		
219.0527	0.9289	979.1	980.2	981.0		
219.0860	0.9189	979.2	980.2	981.0		
219.1193	0.9202	979.2	980.2	981.0		
219.1527	0.9184	979.1	980.1	980.9		
219.1860	0.9237	979.1	980.1	981.0		
219.2193	0.9289	979.1	980.2	981.0		
219.2527	0.9176	979.0	980.2	981.0		
219.2860	0.9215	979.1	980.2	981.1		
219.3193	0.9211	979.1	980.2	981.0		
219.3527	0.9114	979.2	980.2	981.0		
219.3860	0.9193	979.1	980.2	981.0		
219.4193	0.9294	979.0	980.2	981.0		
219.4527	0.9232	979.1	980.2	981.0		
219.4860	0.9149	979.1	980.2	980.9		
219.5193	0.9202	979.0	980.2	981.0		
219.5527	0.9267	979.1	980.2	981.0		
219.5860	0.9224	979.1	980.2	981.0		
219.6193	0.9272	979.1	980.2	981.0		
219.6527	0.9211	979.1	980.2	981.0		
219.6860	0.9189	979.1	980.3	981.1		
219.7193	0.9259	979.1	980.2	981.0		
219.7527	0.9189	979.1	980.2	981.1		
219.7860	0.9280	979.1	980.1	980.9		
219.8193	0.9254	979.0	980.1	981.0		
219.8527	0.9189	979.1	980.2	981.0		
219.8860	0.9219	979.1	980.2	981.1		
219.9193	0.9219	979.1	980.2	981.1		
219.9527	0.9202	979.1	980.2	981.0		
219.9860	0.9259	979.1	980.2	981.0		
220.0193	0.9311	979.0	980.1	980.9		
220.0527	0.9250	979.1	980.2	981.0		
220.0860	0.9302	979.1	980.2	981.1		
220.1193	0.9263	979.1	980.2	981.0		
220.1527	0.9202	979.1	980.2	981.0		
220.1860	0.9237	979.1	980.2	981.0		
220.2193	0.9206	979.2	980.2	981.0		
220.2527	0.9245	979.1	980.2	980.9		
220.2860	0.9189	979.1	980.3	981.0		
220.3193	0.9272	979.0	980.2	981.0		
220.3527	0.9237	979.1	980.2	981.0		
220.3860	0.9263	979.1	980.2	981.0		
220.4193	0.9320	979.1	980.2	980.9		
220.4527	0.9302	979.1	980.2	981.0		
220.4860	0.9320	979.1	980.3	981.1		
220.5193	0.9280	979.1	980.2	981.0		
220.5527	0.9333	979.2	980.3	981.1		
220.5860	0.9224	979.1	980.2	981.0		
220.6193	0.9215	979.0	980.1	981.0		
220.6527	0.9289	979.0	980.2	980.9		
220.6860	0.9333	979.1	980.1	980.9		
220.7193	0.9298	979.2	980.3	981.1		
220.7527	0.9307	979.1	980.2	981.0		
220.7860	0.9241	979.2	980.3	981.1		
220.8193	0.9311	979.2	980.2	981.1		
220.8527	0.9276	979.2	980.3	981.1		
220.8860	0.9250	979.1	980.2	981.0		
220.9193	0.9324	979.1	980.2	981.0		
220.9527	0.9337	979.0	980.2	981.0		
220.9860	0.9245	979.2	980.2	981.0		
221.0193	0.9307	979.1	980.1	980.9		
221.0527	0.9254	979.2	980.2	981.0		
221.0860	0.9272	979.2	980.2	981.1		
221.1193	0.9285	979.2	980.3	981.2		
221.1527	0.9307	979.2	980.2	981.0		
221.1860	0.9294	979.2	980.2	981.0		
221.2193	0.9259	979.2	980.2	981.0		
221.2527	0.9333	979.0	980.2	981.0		
221.2860	0.9298	979.1	980.2	981.0		
221.3193	0.9385	979.1	980.2	981.1		
221.3527	0.9390	979.1	980.3	981.1		
221.3860	0.9289	979.1	980.2	981.0		
221.4193	0.9276	979.2	980.3	981.1		
221.4527	0.9394	979.1	980.2	981.0		
221.4860	0.9394	979.2	980.2	981.0		
221.5193	0.9311	979.1	980.2	981.0		
221.5527	0.9298	979.1	980.2	981.0		
221.5860	0.9324	979.1	980.3	981.1		
221.6193	0.9289	979.1	980.2	981.0		
221.6527	0.9272	979.0	980.2	981.0		
221.6860	0.9364	979.1	980.2	981.0		
221.7193	0.9263	979.1	980.2	981.1		
221.7527	0.9329	979.1	980.2	981.0		
221.7860	0.9398	979.1	980.2	981.0		
221.8193	0.9324	979.1	980.2	981.0		
221.8527	0.9289	979.0	980.2	980.9		
221.8860	0.9324	979.1	980.2	981.0		
221.9193	0.9372	979.1	980.2	981.0		
221.9527	0.9355	979.1	980.2	981.1		
221.9860	0.9337	979.2	980.3	981.1		
222.0193	0.9385	979.2	980.2	981.0		
222.0527	0.9289	979.1	980.2	981.1		
222.0860	0.9307	979.2	980.2	981.0		
222.1193	0.9403	979.1	980.2	981.0		
222.1527	0.9433	979.1	980.2	981.1		
222.1860	0.9390	979.1	980.2	981.0		
222.2193	0.9342	979.1	980.1	981.0		
222.2527	0.9364	979.2	980.2	981.0		
222.2860	0.9447	979.1	980.2	981.0		
222.3193	0.9311	979.1	980.2	981.0		
222.3527	0.9337	979.1	980.1	980.9		
222.3860	0.9473	979.1	980.1	981.0		
222.4193	0.9333	979.1	980.2	980.9		
222.4527	0.9416	979.1	980.2	981.0		
222.4860	0.9355	979.0	980.1	980.9		
222.5193	0.9377	979.1	980.2	981.0		
222.5527	0.9390	979.1	980.3	981.1		
222.5860	0.9333	979.1	980.2	981.0		
222.6193	0.9364	979.1	980.2	981.0		
222.6527	0.9385	979.2	980.2	981.1		
222.6860	0.9333	979.1	980.2	981.0		
222.7193	0.9429	979.2	980.3	981.1		
222.7527	0.9403	979.1	980.2	981.0		
222.7860	0.9412	979.1	980.2	981.0		
222.8193	0.9412	979.0	980.2	981.0		
222.8527	0.9403	979.1	980.2	980.9		
222.8860	0.9490	979.1	980.2	981.1		
222.9193	0.9442	979.1	980.3	981.1		
222.9527	0.9398	979.2	980.2	981.1		
222.9860	0.9433	979.2	980.3	981.2		
223.0193	0.9433	979.1	980.2	981.0		
223.0527	0.9337	979.1	980.2	981.0		
223.0860	0.9482	979.1	980.2	981.0		
223.1193	0.9521	979.1	980.2	981.1		
223.1527	0.9377	979.1	980.3	981.1		
223.1860	0.9381	979.2	980.2	981.1		
223.2193	0.9464	979.1	980.2	981.1		
223.2527	0.9455	979.1	980.2	981.0		
223.2860	0.9346	979.1	980.2	981.0		
223.3193	0.9407	979.2	980.1	981.0		
223.3527	0.9455	979.1	980.2	981.0		
223.3860	0.9429	979.1	980.2	981.0		
223.4193	0.9451	979.0	980.1	981.0		
223.4527	0.9447	979.2	980.2	981.0		
223.4860	0.9499	979.2	980.2	981.1		
223.5193	0.9398	979.1	980.2	981.1		
223.5527	0.9455	979.2	980.3	981.1		
223.5860	0.9512	979.1	980.2	981.0		
223.6193	0.9438	979.1	980.2	981.0		
223.6527	0.9355	979.1	980.2	981.0		
223.6860	0.9438	979.1	980.2	981.1		
223.7193	0.9473	979.1	980.2	981.0		
223.7527	0.9403	979.1	980.2	981.0		
223.7860	0.9482	979.2	980.2	981.0		
223.8193	0.9460	979.1	980.2	981.0		
223.8527	0.9433	979.1	980.1	980.9		
223.8860	0.9416	979.1	980.2	981.0		
223.9193	0.9468	979.1	980.2	980.9		
223.9527	0.9451	979.1	980.2	980.9		
223.9860	0.9517	979.2	980.2	981.0		
224.0193	0.9416	979.1	980.2	981.0		
224.0527	0.9490	979.2	980.3	981.2		
224.0860	0.9447	979.2	980.2	981.1		
224.1193	0.9447	979.1	980.1	981.0		
224.1527	0.9390	979.2	980.3	981.1		
224.1860	0.9438	979.1	980.2	981.0		
224.2193	0.9495	979.1	980.2	981.0		
224.2527	0.9530	979.2	980.3	981.1		
224.2860	0.9495	979.1	980.2	981.0		
224.3193	0.9451	979.2	980.2	981.1		
224.3527	0.9433	979.2	980.2	981.1		
224.3860	0.9525	979.1	980.2	981.0		
224.4193	0.9503	979.2	980.2	981.1		
224.4527	0.9455	979.2	980.2	981.0		
224.4860	0.9460	979.1	980.1	980.9		
224.5193	0.9477	979.1	980.2	981.0		
224.5527	0.9512	979.1	980.1	981.0		
224.5860	0.9573	979.1	980.2	981.1		
224.6193	0.9495	979.1	980.2	981.0		
224.6527	0.9499	979.1	980.2	981.1		
224.6860	0.9438	979.2	980.2	981.1		
224.7193	0.9468	979.2	980.2	981.1		
224.7527	0.9455	979.2	980.2	981.0		
224.7860	0.9490	979.1	980.2	981.0		
224.8193	0.9517	979.1	980.2	981.0		
224.8527	0.9482	979.2	980.2	981.0		
224.8860	0.9486	979.1	980.1	981.0		
224.9193	0.9547	979.1	980.2	981.0		
224.9527	0.9551	979.1	980.2	981.1		
224.9860	0.9578	979.1	980.2	981.1		
225.0193	0.9508	979.1	980.1	981.0		
225.0527	0.9556	979.2	980.2	981.0		
225.0860	0.9517	979.2	980.2	981.0		
225.1193	0.9495	979.1	980.2	981.0		
225.1527	0.9534	979.2	980.3	981.1		
225.1860	0.9530	979.1	980.2	981.0		
225.2193	0.9547	979.1	980.2	981.0		
225.2527	0.9556	979.0	980.1	981.0		
225.2860	0.9595	979.1	980.2	981.0		
225.3193	0.9508	979.1	980.2	981.1		
225.3527	0.9578	979.1	980.3	981.0		
225.3860	0.9482	979.1	980.2	981.0		
225.4193	0.9578	979.1	980.2	981.1		
225.4527	0.9473	979.1	980.2	981.0		
225.4860	0.9543	979.2	980.2	981.0		
225.5193	0.9551	979.1	980.2	981.1		
225.5527	0.9582	979.1	980.3	981.1		
225.5860	0.9635	979.0	980.2	981.0		
225.6193	0.9508	979.1	980.2	981.1		
225.6527	0.9586	979.1	980.2	981.1		
225.6860	0.9551	979.1	980.2	981.0		
225.7193	0.9556	979.1	980.2	980.9		
225.7527	0.9547	979.2	980.2	981.0		
225.7860	0.9530	979.2	980.1	980.9		
225.8193	0.9582	979.1	980.1	980.9		
225.8527	0.9630	979.1	980.2	981.0		
225.8860	0.9538	979.1	980.1	980.9		
225.9193	0.9569	979.1	980.2	981.1		
225.9527	0.9538	979.2	980.2	981.1		
225.9860	0.9499	979.1	980.2	981.1		
226.0193	0.9586	979.1	980.2	981.0		
226.0527	0.9530	979.1	980.1	981.0		
226.0860	0.9547	979.1	980.2	981.0		
226.1193	0.9530	979.1	980.2	981.0		
226.1527	0.9626	979.1	980.1	981.0		
226.1860	0.9521	979.0	980.1	980.9		
226.2193	0.9525	979.1	980.2	981.0		
226.2527	0.9565	979.2	980.3	981.2		
226.2860	0.9560	979.1	980.2	981.1		
226.3193	0.9560	979.1	980.1	981.0		
226.3527	0.9551	979.1	980.2	981.0		
226.3860	0.9604	979.1	980.2	981.1		
226.4193	0.9608	979.2	980.2	981.1		
226.4527	0.9508	979.1	980.2	981.0		
226.4860	0.9613	979.1	980.2	981.0		
226.5193	0.9635	979.1	980.2	981.0		
226.5527	0.9621	979.1	980.2	981.1		
226.5860	0.9617	979.2	980.2	981.0		
226.6193	0.9608	979.2	980.3	981.1		
226.6527	0.9600	979.2	980.4	981.2		
226.6860	0.9551	979.2	980.3	981.2		
226.7193	0.9613	979.1	980.2	981.1		
226.7527	0.9595	979.1	980.2	981.0		
226.7860	0.9635	979.1	980.2	981.0		
226.8193	0.9683	979.2	980.2	981.0		
226.8527	0.9613	979.1	980.2	981.0		
226.8860	0.9630	979.2	980.3	981.0		
226.9193	0.9604	979.2	980.2	981.0		
226.9527	0.9656	979.1	980.1	981.0		
226.9860	0.9591	979.2	980.2	981.0		
227.0193	0.9635	979.2	980.2	981.0		
227.0527	0.9670	979.1	980.3	981.0		
227.0860	0.9630	979.0	980.2	981.0		
227.1193	0.9687	979.0	980.1	981.0		
227.1527	0.9656	979.1	980.2	981.0		
227.1860	0.9600	979.1	980.2	981.1		
227.2193	0.9639	979.2	980.2	981.0		
227.2527	0.9643	979.1	980.2	981.2		
227.2860	0.9617	979.1	980.2	981.2		
227.3193	0.9604	979.2	980.3	981.1		
227.3527	0.9674	979.1	980.2	981.0		
227.3860	0.9630	979.1	980.2	981.0		
227.4193	0.9713	979.1	980.2	981.1		
227.4527	0.9678	979.1	980.2	981.0		
227.4860	0.9722	979.2	980.2	981.0		
227.5193	0.9687	979.1	980.2	981.0		
227.5527	0.9639	979.1	980.2	981.0		
227.5860	0.9630	979.2	980.3	981.2		
227.6193	0.9621	979.1	980.2	981.0		
227.6527	0.9696	979.1	980.2	981.0		
227.6860	0.9718	979.2	980.3	981.2		
227.7193	0.9665	979.1	980.2	981.0		
227.7527	0.9674	979.1	980.1	981.0		
227.7860	0.9674	979.1	980.2	981.1		
227.8193	0.9643	979.1	980.2	981.1		
227.8527	0.9704	979.2	980.3	981.1		
227.8860	0.9713	979.2	980.2	981.1		
227.9193	0.9674	979.2	980.3	981.2		
227.9527	0.9656	979.1	980.2	981.0		
227.9860	0.9678	979.2	980.2	981.0		
228.0193	0.9687	979.2	980.2	981.1		
228.0527	0.9696	979.1	980.2	981.1		
228.0860	0.9626	979.1	980.2	981.0		
228.1193	0.9748	979.2	980.2	981.2		
228.1527	0.9639	979.2	980.2	981.1		
228.1860	0.9665	979.2	980.3	981.1		
228.2193	0.9700	979.1	980.1	981.0		
228.2527	0.9709	979.1	980.2	980.9		
228.2860	0.9665	979.1	980.2	981.0		
228.3193	0.9726	979.1	980.2	981.0		
228.3527	0.9722	979.1	980.2	981.1		
228.3860	0.9683	979.1	980.2	981.1		
228.4193	0.9687	979.2	980.3	981.1		
228.4527	0.9652	979.2	980.2	981.1		
228.4860	0.9652	979.2	980.2	981.1		
228.5193	0.9674	979.2	980.2	981.1		
228.5527	0.9691	979.1	980.2	981.0		
228.5860	0.9718	979.1	980.2	981.1		
228.6193	0.9766	979.1	980.2	981.1		
228.6527	0.9709	979.1	980.2	981.0		
228.6860	0.9744	979.1	980.2	980.9		
228.7193	0.9744	979.1	980.2	981.1		
228.7527	0.9691	979.1	980.2	981.0		
228.7860	0.9700	979.1	980.2	981.1		
228.8193	0.9735	979.2	980.2	981.1		
228.8527	0.9761	979.2	980.2	981.0		
228.8860	0.9731	979.1	980.2	981.1		
228.9193	0.9753	979.1	980.2	981.1		
228.9527	0.9665	979.1	980.3	981.1		
228.9860	0.9792	979.1	980.2	981.1		
229.0193	0.9709	979.2	980.3	981.1		
229.0527	0.9744	979.2	980.2	981.0		
229.0860	0.9753	979.1	980.2	981.1		
229.1193	0.9678	979.1	980.1	981.0		
229.1527	0.9691	979.2	980.2	981.0		
229.1860	0.9801	979.1	980.2	981.1		
229.2193	0.9753	979.1	980.2	981.0		
229.2527	0.9788	979.1	980.2	981.0		
229.2860	0.9753	979.0	980.2	981.0		
229.3193	0.9731	979.1	980.2	981.1		
229.3527	0.9691	979.2	980.2	981.0		
229.3860	0.9766	979.1	980.1	981.0		
229.4193	0.9796	979.1	980.2	981.1		
229.4527	0.9783	979.1	980.2	981.1		
229.4860	0.9691	979.1	980.2	981.0		
229.5193	0.9774	979.1	980.3	981.1		
229.5527	0.9774	979.2	980.2	981.1		
229.5860	0.9766	979.1	980.2	981.0		
229.6193	0.9770	979.1	980.2	981.0		
229.6527	0.9753	979.2	980.3	981.1		
229.6860	0.9809	979.2	980.2	981.0		
229.7193	0.9735	979.1	980.2	981.0		
229.7527	0.9788	979.1	980.2	981.0		
229.7860	0.9783	979.1	980.2	981.0		
229.8193	0.9757	979.1	980.2	981.0		
229.8527	0.9748	979.1	980.2	981.0		
229.8860	0.9726	979.1	980.2	981.0		
229.9193	0.9844	979.0	980.1	981.0		
229.9527	0.9805	979.1	980.2	981.1		
229.9860	0.9888	979.1	980.2	981.0		
230.0193	0.9805	979.1	980.2	981.1		
230.0527	0.9731	979.1	980.3	981.1		
230.0860	0.9809	979.1	980.2	981.1		
230.1193	0.9779	979.0	980.2	981.0		
230.1527	0.9726	979.1	980.2	981.0		
230.1860	0.9779	979.1	980.2	981.0		
230.2193	0.9805	979.1	980.2	981.0		
230.2527	0.9801	979.1	980.2	981.1		
230.2860	0.9796	979.1	980.2	981.0		
230.3193	0.9779	979.2	980.2	981.0		
230.3527	0.9770	979.1	980.2	981.1		
230.3860	0.9783	979.1	980.2	981.0		
230.4193	0.9753	979.1	980.2	981.1		
230.4527	0.9766	979.1	980.2	981.0		
230.4860	0.9805	979.1	980.2	981.0		
230.5193	0.9853	979.1	980.3	981.0		
230.5527	0.9888	979.1	980.2	981.1		
230.5860	0.9779	979.1	980.2	981.1		
230.6193	0.9827	979.1	980.2	981.0		
230.6527	0.9801	979.2	980.2	981.1		
230.6860	0.9844	979.1	980.3	981.1		
230.7193	0.9857	979.2	980.2	981.1		
230.7527	0.9831	979.1	980.2	981.0		
230.7860	0.9801	979.1	980.2	981.1		
230.8193	0.9836	979.0	980.2	981.1		
230.8527	0.9901	979.1	980.2	981.1		
230.8860	0.9805	979.2	980.2	981.0		
230.9193	0.9871	979.2	980.2	981.0		
230.9527	0.9866	979.1	980.2	981.0		
230.9860	0.9844	979.1	980.2	981.0		
231.0193	0.9840	979.1	980.2	981.0		
231.0527	0.9844	979.1	980.2	981.0		
231.0860	0.9879	979.1	980.2	981.1		
231.1193	0.9879	979.1	980.2	981.0		
231.1527	0.9836	979.1	980.2	981.1		
231.1860	0.9831	979.1	980.2	981.0		
231.2193	0.9927	979.1	980.2	981.1		
231.2527	0.9871	979.1	980.2	981.0		
231.2860	0.9923	979.2	980.2	981.1		
231.3193	0.9853	979.1	980.2	981.1		
231.3527	0.9892	979.1	980.2	981.1		
231.3860	0.9888	979.1	980.2	981.1		
231.4193	0.9927	979.2	980.2	981.1		
231.4527	0.9888	979.2	980.3	981.1		
231.4860	0.9796	979.1	980.2	981.1		
231.5193	0.9871	979.1	980.2	981.0		
231.5527	0.9945	979.2	980.2	981.1		
231.5860	0.9857	979.1	980.2	981.0		
231.6193	0.9910	979.2	980.2	981.0		
231.6527	0.9875	979.1	980.2	981.0		
231.6860	0.9857	979.1	980.2	981.1		
231.7193	0.9997	979.0	980.2	981.0		
231.7527	0.9914	979.1	980.2	981.0		
231.7860	0.9871	979.1	980.2	981.0		
231.8193	0.9853	979.1	980.2	981.1		
231.8527	0.9849	979.1	980.2	981.1		
231.8860	0.9818	979.2	980.2	981.0		
231.9193	0.9823	979.2	980.3	981.1		
231.9527	0.9849	979.1	980.3	981.1		
231.9860	0.9901	979.1	980.2	981.0		
232.0193	0.9901	979.1	980.2	981.0		
232.0527	0.9897	979.1	980.2	981.0		
232.0860	0.9844	979.1	980.2	981.1		
232.1193	0.9884	979.2	980.3	981.1		
232.1527	0.9884	979.2	980.3	981.1		
232.1860	0.9906	979.1	980.2	981.0		
232.2193	0.9840	979.1	980.2	981.0		
232.2527	0.9949	979.1	980.2	981.0		
232.2860	0.9949	979.1	980.2	981.0		
232.3193	0.9901	979.1	980.2	981.0		
232.3527	0.9901	979.1	980.2	981.0		
232.3860	0.9936	979.1	980.2	981.1		
232.4193	0.9945	979.1	980.2	981.1		
232.4527	0.9844	979.1	980.2	981.1		
232.4860	0.9862	979.2	980.2	981.1		
232.5193	0.9945	979.2	980.2	981.1		
232.5527	0.9997	979.1	980.2	981.1		
232.5860	0.9954	979.2	980.2	981.0		
232.6193	0.9949	979.1	980.2	981.0		
232.6527	0.9932	979.1	980.2	981.0		
232.6860	1.0024	979.0	980.1	981.0		
232.7193	0.9989	979.2	980.3	981.0		
232.7527	0.9910	979.1	980.2	981.0		
232.7860	0.9844	979.2	980.3	981.1		
232.8193	0.9923	979.2	980.3	981.1		
232.8527	0.9875	979.1	980.2	981.1		
232.8860	0.9923	979.1	980.1	980.9		
232.9193	0.9949	979.1	980.2	981.0		
232.9527	0.9997	979.1	980.2	981.1		
232.9860	0.9993	979.1	980.2	981.0		
233.0193	0.9941	979.1	980.2	981.0		
233.0527	0.9923	979.0	980.2	980.9		
233.0860	0.9976	979.1	980.2	981.0		
233.1193	0.9976	979.2	980.2	981.0		
233.1527	0.9954	979.1	980.2	981.0		
233.1860	0.9879	979.1	980.2	981.0		
233.2193	0.9962	979.1	980.2	981.1		
233.2527	0.9954	979.1	980.2	981.0		
233.2860	1.0032	979.1	980.2	981.0		
233.3193	1.0024	979.1	980.2	981.0		
233.3527	0.9980	979.2	980.2	981.1		
233.3860	1.0045	979.1	980.2	981.0		
233.4193	0.9997	979.2	980.3	981.1		
233.4527	0.9958	979.1	980.1	980.9		
233.4860	1.0028	979.1	980.2	981.1		
233.5193	0.9962	979.1	980.2	981.0		
233.5527	0.9919	979.0	980.1	980.9		
233.5860	0.9945	979.1	980.2	981.0		
233.6193	1.0120	979.1	980.2	981.0		
233.6527	0.9997	979.1	980.2	980.9		
233.6860	0.9962	979.1	980.2	981.0		
233.7193	0.9989	979.2	980.2	981.1		
233.7527	1.0037	979.1	980.3	981.1		
233.7860	0.9971	979.1	980.2	981.1		
233.8193	0.9945	979.1	980.2	981.0		
233.8527	1.0041	979.1	980.2	981.0		
233.8860	1.0010	979.1	980.2	981.0		
233.9193	1.0050	979.0	980.2	981.0		
233.9527	1.0045	979.1	980.3	981.2		
233.9860	0.9989	979.1	980.2	981.0		
234.0193	1.0015	979.2	980.2	981.1		
234.0527	0.9971	979.1	980.2	981.1		
234.0860	1.0050	979.2	980.2	981.1		
234.1193	1.0041	979.1	980.2	981.1		
234.1527	1.0045	979.2	980.2	981.0		
234.1860	0.9976	979.0	980.1	981.0		
234.2193	1.0019	979.1	980.2	981.0		
234.2527	1.0032	979.0	980.2	981.1		
234.2860	0.9958	979.1	980.2	981.0		
234.3193	0.9989	979.1	980.2	981.1		
234.3527	1.0059	979.1	980.2	981.1		
234.3860	0.9958	979.2	980.2	981.1		
234.4193	0.9980	979.2	980.3	981.1		
234.4527	1.0050	979.2	980.2	981.1		
234.4860	1.0076	979.1	980.2	981.0		
234.5193	1.0059	979.0	980.2	980.9		
234.5527	1.0089	979.1	980.2	981.0		
234.5860	1.0041	979.1	980.2	981.1		
234.6193	1.0080	979.1	980.3	981.1		
234.6527	0.9962	979.1	980.2	981.1		
234.6860	1.0028	979.1	980.2	981.0		
234.7193	1.0024	979.1	980.3	981.2		
234.7527	1.0045	979.1	980.2	981.0		
234.7860	1.0080	979.1	980.2	981.0		
234.8193	1.0080	979.1	980.1	981.0		
234.8527	1.0059	979.1	980.2	981.0		
234.8860	1.0102	979.0	980.1	981.0		
234.9193	1.0089	979.1	980.2	981.0		
234.9527	1.0002	979.2	980.3	981.1		
234.9860	0.9958	979.2	980.2	981.2		
235.0193	1.0063	979.1	980.2	981.1		
235.0527	1.0098	979.2	980.2	981.1		
235.0860	1.0072	979.1	980.2	981.1		
235.1193	1.0045	979.1	980.2	981.1		
235.1527	1.0063	979.1	980.2	981.0		
235.1860	1.0028	979.1	980.2	981.0		
235.2193	0.9980	979.1	980.2	981.0		
235.2527	1.0076	979.2	980.2	981.0		
235.2860	1.0115	979.1	980.2	981.0		
235.3193	1.0067	979.1	980.2	981.1		
235.3527	1.0063	979.1	980.2	981.0		
235.3860	1.0063	979.1	980.2	981.1		
235.4193	1.0059	979.1	980.2	981.0		
235.4527	1.0163	979.1	980.2	981.1		
235.4860	1.0181	979.1	980.2	981.0		
235.5193	1.0089	979.1	980.2	981.1		
235.5527	1.0177	979.1	980.2	981.1		
235.5860	1.0054	979.2	980.2	981.1		
235.6193	1.0041	979.2	980.3	981.1		
235.6527	1.0080	979.2	980.2	981.1		
235.6860	1.0111	979.2	980.2	981.1		
235.7193	1.0129	979.2	980.3	981.1		
235.7527	1.0185	979.0	980.2	981.0		
235.7860	1.0142	979.1	980.2	981.0		
235.8193	1.0045	979.1	980.2	981.0		
235.8527	1.0120	979.1	980.2	981.1		
235.8860	1.0115	979.1	980.2	981.0		
235.9193	1.0102	979.2	980.2	981.1		
235.9527	1.0072	979.2	980.2	981.1		
235.9860	1.0107	979.2	980.2	981.0		
236.0193	1.0163	979.1	980.1	980.9		
236.0527	1.0115	979.1	980.2	981.0		
236.0860	1.0168	979.1	980.2	981.0		
236.1193	1.0194	979.1	980.2	981.1		
236.1527	1.0216	979.2	980.2	981.1		
236.1860	1.0111	979.2	980.2	981.1		
236.2193	1.0045	979.2	980.2	981.1		
236.2527	1.0133	979.2	980.2	981.0		
236.2860	1.0190	979.1	980.2	981.1		
236.3193	1.0111	979.2	980.2	981.1		
236.3527	1.0172	979.1	980.2	981.0		
236.3860	1.0129	979.1	980.2	981.0		
236.4193	1.0120	979.1	980.2	981.1		
236.4527	1.0198	979.2	980.2	981.0		
236.4860	1.0194	979.1	980.2	981.0		
236.5193	1.0098	979.0	980.2	981.0		
236.5527	1.0159	979.1	980.2	981.0		
236.5860	1.0168	979.1	980.2	981.1		
236.6193	1.0159	979.2	980.3	981.1		
236.6527	1.0181	979.0	980.1	981.0		
236.6860	1.0181	979.1	980.2	981.0		
236.7193	1.0172	979.1	980.2	981.0		
236.7527	1.0155	979.1	980.2	981.0		
236.7860	1.0181	979.1	980.2	981.1		
236.8193	1.0137	979.1	980.2	981.1		
236.8527	1.0255	979.1	980.1	981.0		
236.8860	1.0229	979.1	980.2	981.0		
236.9193	1.0172	979.1	980.2	981.1		
236.9527	1.0085	979.2	980.3	981.0		
236.9860	1.0212	979.1	980.2	981.0		
237.0193	1.0198	979.1	980.2	981.0		
237.0527	1.0190	979.1	980.2	981.0		
237.0860	1.0177	979.2	980.3	981.1		
237.1193	1.0185	979.2	980.2	981.0		
237.1527	1.0220	979.2	980.2	981.1		
237.1860	1.0181	979.1	980.2	981.1		
237.2193	1.0159	979.1	980.1	981.0		
237.2527	1.0172	979.1	980.2	981.1		
237.2860	1.0155	979.1	980.2	981.0		
237.3193	1.0137	979.1	980.2	981.0		
237.3527	1.0137	979.0	980.2	981.0		
237.3860	1.0168	979.1	980.2	981.0		
237.4193	1.0295	979.1	980.2	981.1		
237.4527	1.0107	979.2	980.2	981.1		
237.4860	1.0163	979.1	980.2	981.0		
237.5193	1.0198	979.1	980.2	981.0		
237.5527	1.0225	979.1	980.2	980.9		
237.5860	1.0181	979.1	980.2	981.0		
237.6193	1.0321	979.1	980.2	981.0		
237.6527	1.0146	979.1	980.2	981.0		
237.6860	1.0220	979.1	980.2	981.0		
237.7193	1.0198	979.2	980.2	981.0		
237.7527	1.0185	979.2	980.2	981.0		
237.7860	1.0273	979.0	980.2	981.0		
237.8193	1.0220	979.1	980.1	981.0		
237.8527	1.0347	979.0	980.1	980.9		
237.8860	1.0233	979.1	980.2	981.0		
237.9193	1.0177	979.1	980.2	981.0		
237.9527	1.0264	979.2	980.2	981.0		
237.9860	1.0194	979.1	980.2	981.1		
238.0193	1.0251	979.2	980.3	981.1		
238.0527	1.0277	979.1	980.2	981.0		
238.0860	1.0255	979.2	980.2	981.2		
238.1193	1.0198	979.1	980.2	981.1		
238.1527	1.0251	979.1	980.2	981.1		
238.1860	1.0216	979.1	980.2	981.1		
238.2193	1.0273	979.1	980.2	981.0		
238.2527	1.0212	979.1	980.2	981.0		
238.2860	1.0277	979.2	980.3	981.2		
238.3193	1.0242	979.2	980.2	981.0		
238.3527	1.0277	979.1	980.2	981.1		
238.3860	1.0229	979.1	980.2	981.0		
238.4193	1.0273	979.1	980.2	981.0		
238.4527	1.0286	979.1	980.2	981.0		
238.4860	1.0229	979.1	980.2	981.0		
238.5193	1.0220	979.1	980.2	981.0		
238.5527	1.0290	979.1	980.2	981.1		
238.5860	1.0251	979.1	980.2	981.1		
238.6193	1.0264	979.2	980.2	981.1		
238.6527	1.0343	979.1	980.2	981.1		
238.6860	1.0251	979.1	980.2	980.9		
238.7193	1.0312	979.2	980.2	981.0		
238.7527	1.0260	979.1	980.2	981.0		
238.7860	1.0255	979.1	980.2	981.1		
238.8193	1.0286	979.1	980.1	981.0		
238.8527	1.0334	979.1	980.2	981.0		
238.8860	1.0290	979.1	980.2	981.0		
238.9193	1.0308	979.2	980.2	981.1		
238.9527	1.0330	979.2	980.3	981.0		
238.9860	1.0395	979.1	980.2	981.0		
239.0193	1.0343	979.1	980.2	981.0		
239.0527	1.0225	979.1	980.2	981.0		
239.0860	1.0308	979.1	980.3	981.1		
239.1193	1.0273	979.2	980.2	981.1		
239.1527	1.0299	979.2	980.2	981.1		
239.1860	1.0343	979.2	980.3	981.1		
239.2193	1.0268	979.2	980.2	981.1		
239.2527	1.0347	979.1	980.2	981.0		
239.2860	1.0282	979.1	980.2	981.1		
239.3193	1.0321	979.2	980.3	981.2		
239.3527	1.0334	979.1	980.2	981.0		
239.3860	1.0295	979.1	980.2	981.0		
239.4193	1.0334	979.1	980.2	981.0		
239.4527	1.0198	979.2	980.2	981.0		
239.4860	1.0273	979.1	980.3	981.0		
239.5193	1.0430	979.1	980.3	981.1		
239.5527	1.0286	979.2	980.2	981.0		
239.5860	1.0351	979.1	980.2	981.1		
239.6193	1.0338	979.1	980.1	981.0		
239.6527	1.0356	979.1	980.3	981.0		
239.6860	1.0277	979.1	980.2	981.0		
239.7193	1.0369	979.1	980.2	981.0		
239.7527	1.0334	979.1	980.2	981.1		
239.7860	1.0351	979.2	980.2	981.1		
239.8193	1.0286	979.2	980.2	981.1		
239.8527	1.0347	979.1	980.3	981.1		
239.8860	1.0378	979.2	980.3	981.1		
239.9193	1.0295	979.2	980.2	981.1		
239.9527	1.0351	979.0	980.1	981.0		
239.9860	1.0373	979.1	980.2	981.0		
240.0193	1.0360	979.0	980.2	981.0		
240.0527	1.0343	979.1	980.2	981.1		
240.0860	1.0408	979.2	980.2	981.1		
240.1193	1.0378	979.1	980.2	981.0		
240.1527	1.0316	979.2	980.3	981.1		
240.1860	1.0347	979.1	980.2	981.0		
240.2193	1.0395	979.1	980.2	981.1		
240.2527	1.0417	979.1	980.2	981.1		
240.2860	1.0378	979.1	980.2	981.1		
240.3193	1.0391	979.1	980.2	981.0		
240.3527	1.0386	979.2	980.2	981.1		
240.3860	1.0365	979.1	980.2	981.1		
240.4193	1.0347	979.2	980.3	981.2		
240.4527	1.0382	979.2	980.2	981.1		
240.4860	1.0391	979.2	980.2	981.1		
240.5193	1.0373	979.1	980.3	981.1		
240.5527	1.0413	979.1	980.2	981.0		
240.5860	1.0421	979.2	980.3	981.1		
240.6193	1.0417	979.1	980.2	981.0		
240.6527	1.0386	979.1	980.2	981.1		
240.6860	1.0360	979.1	980.2	981.1		
240.7193	1.0395	979.1	980.2	981.1		
240.7527	1.0386	979.1	980.2	981.1		
240.7860	1.0338	979.2	980.2	981.1		
240.8193	1.0343	979.1	980.2	981.1		
240.8527	1.0395	979.0	980.2	981.0		
240.8860	1.0413	979.1	980.3	981.0		
240.9193	1.0465	979.2	980.2	981.1		
240.9527	1.0430	979.1	980.2	981.1		
240.9860	1.0343	979.1	980.2	981.1		
241.0193	1.0413	979.2	980.3	981.1		
241.0527	1.0448	979.2	980.2	981.1		
241.0860	1.0430	979.1	980.2	981.0		
241.1193	1.0435	979.2	980.2	981.1		
241.1527	1.0417	979.1	980.2	981.0		
241.1860	1.0439	979.1	980.2	981.1		
241.2193	1.0395	979.1	980.3	981.2		
241.2527	1.0417	979.2	980.2	981.1		
241.2860	1.0400	979.2	980.2	981.1		
241.3193	1.0417	979.2	980.3	981.1		
241.3527	1.0413	979.2	980.3	981.0		
241.3860	1.0395	979.1	980.2	981.0		
241.4193	1.0461	979.1	980.2	981.0		
241.4527	1.0435	979.1	980.2	981.0		
241.4860	1.0452	979.0	980.2	981.0		
241.5193	1.0386	979.1	980.3	981.1		
241.5527	1.0391	979.2	980.3	981.2		
241.5860	1.0395	979.1	980.2	981.1		
241.6193	1.0491	979.2	980.3	981.2		
241.6527	1.0448	979.2	980.3	981.1		
241.6860	1.0439	979.2	980.2	981.1		
241.7193	1.0531	979.2	980.3	981.1		
241.7527	1.0430	979.2	980.2	981.1		
241.7860	1.0369	979.2	980.3	981.1		
241.8193	1.0452	979.1	980.2	981.0		
241.8527	1.0452	979.1	980.2	981.0		
241.8860	1.0465	979.1	980.2	981.1		
241.9193	1.0452	979.1	980.2	981.1		
241.9527	1.0478	979.2	980.3	981.1		
241.9860	1.0478	979.2	980.2	981.1		
242.0193	1.0448	979.2	980.3	981.1		
242.0527	1.0465	979.2	980.3	981.1		
242.0860	1.0465	979.2	980.3	981.1		
242.1193	1.0465	979.1	980.2	981.0		
242.1527	1.0496	979.1	980.2	981.0		
242.1860	1.0474	979.1	980.2	981.0		
242.2193	1.0509	979.2	980.2	981.1		
242.2527	1.0421	979.1	980.2	981.1		
242.2860	1.0430	979.1	980.2	981.1		
242.3193	1.0443	979.2	980.2	981.0		
242.3527	1.0518	979.1	980.2	981.0		
242.3860	1.0496	979.2	980.2	981.1		
242.4193	1.0478	979.0	980.1	981.0		
242.4527	1.0491	979.1	980.2	981.1		
242.4860	1.0443	979.2	980.3	981.1		
242.5193	1.0491	979.1	980.2	981.0		
242.5527	1.0518	979.2	980.1	981.0		
242.5860	1.0535	979.1	980.2	981.0		
242.6193	1.0548	979.2	980.2	981.0		
242.6527	1.0500	979.1	980.2	981.0		
242.6860	1.0518	979.1	980.2	981.0		
242.7193	1.0500	979.1	980.2	981.0		
242.7527	1.0465	979.2	980.3	981.1		
242.7860	1.0539	979.1	980.2	981.1		
242.8193	1.0500	979.2	980.2	981.1		
242.8527	1.0570	979.2	980.3	981.1		
242.8860	1.0522	979.1	980.2	981.0		
242.9193	1.0513	979.1	980.2	981.0		
242.9527	1.0504	979.1	980.2	981.1		
242.9860	1.0566	979.2	980.2	981.1		
243.0193	1.0596	979.1	980.2	981.0		
243.0527	1.0583	979.0	980.2	981.0		
243.0860	1.0583	979.2	980.2	981.1		
243.1193	1.0535	979.2	980.2	981.1		
243.1527	1.0526	979.1	980.2	981.1		
243.1860	1.0478	979.2	980.2	981.1		
243.2193	1.0526	979.2	980.2	981.0		
243.2527	1.0605	979.1	980.2	981.1		
243.2860	1.0609	979.2	980.3	981.1		
243.3193	1.0535	979.1	980.2	981.0		
243.3527	1.0496	979.1	980.2	981.0		
243.3860	1.0526	979.2	980.2	981.0		
243.4193	1.0513	979.2	980.2	981.2		
243.4527	1.0605	979.2	980.2	981.1		
243.4860	1.0570	979.2	980.2	981.1		
243.5193	1.0531	979.2	980.2	981.1		
243.5527	1.0548	979.2	980.2	981.1		
243.5860	1.0561	979.2	980.3	981.1		
243.6193	1.0596	979.1	980.2	981.1		
243.6527	1.0548	979.2	980.2	981.2		
243.6860	1.0596	979.2	980.2	981.0		
243.7193	1.0583	979.2	980.2	981.1		
243.7527	1.0478	979.2	980.2	981.1		
243.7860	1.0579	979.1	980.2	981.0		
243.8193	1.0548	979.1	980.2	981.1		
243.8527	1.0566	979.1	980.3	981.1		
243.8860	1.0583	979.1	980.2	981.0		
243.9193	1.0509	979.1	980.2	981.0		
243.9527	1.0513	979.1	980.2	981.1		
243.9860	1.0522	979.2	980.3	981.1		
244.0193	1.0592	979.2	980.2	981.1		
244.0527	1.0579	979.2	980.3	981.1		
244.0860	1.0544	979.2	980.2	981.1		
244.1193	1.0609	979.2	980.2	981.0		
244.1527	1.0609	979.1	980.1	981.0		
244.1860	1.0526	979.1	980.3	981.1		
244.2193	1.0588	979.2	980.3	981.1		
244.2527	1.0627	979.2	980.2	981.1		
244.2860	1.0509	979.2	980.2	981.1		
244.3193	1.0618	979.2	980.2	981.1		
244.3527	1.0548	979.2	980.2	981.1		
244.3860	1.0535	979.1	980.1	981.0		
244.4193	1.0596	979.2	980.3	981.1		
244.4527	1.0566	979.1	980.2	981.1		
244.4860	1.0640	979.1	980.2	981.1		
244.5193	1.0653	979.1	980.2	981.0		
244.5527	1.0653	979.1	980.2	981.0		
244.5860	1.0636	979.1	980.2	981.1		
244.6193	1.0666	979.1	980.2	981.0		
244.6527	1.0566	979.1	980.1	981.0		
244.6860	1.0684	979.1	980.2	981.0		
244.7193	1.0640	979.2	980.3	981.1		
244.7527	1.0605	979.2	980.3	981.1		
244.7860	1.0671	979.2	980.2	981.1		
244.8193	1.0631	979.1	980.2	981.0		
244.8527	1.0609	979.0	980.2	981.0		
244.8860	1.0588	979.1	980.2	981.0		
244.9193	1.0644	979.0	980.2	981.1		
244.9527	1.0636	979.0	980.1	981.0		
244.9860	1.0666	979.1	980.1	981.0		
245.0193	1.0719	979.2	980.3	981.1		
245.0527	1.0666	979.2	980.3	981.1		
245.0860	1.0588	979.2	980.2	981.1		
245.1193	1.0601	979.2	980.2	981.0		
245.1527	1.0662	979.1	980.2	981.1		
245.1860	1.0622	979.1	980.2	981.1		
245.2193	1.0710	979.1	980.2	981.1		
245.2527	1.0719	979.1	980.2	981.0		
245.2860	1.0601	979.2	980.2	981.1		
245.3193	1.0640	979.2	980.2	981.1		
245.3527	1.0675	979.1	980.2	981.1		
245.3860	1.0684	979.2	980.2	981.1		
245.4193	1.0627	979.2	980.2	981.1		
245.4527	1.0706	979.1	980.2	981.0		
245.4860	1.0596	979.2	980.2	981.1		
245.5193	1.0605	979.0	980.2	981.0		
245.5527	1.0627	979.1	980.2	981.0		
245.5860	1.0631	979.1	980.2	981.0		
245.6193	1.0706	979.2	980.2	981.0		
245.6527	1.0636	979.2	980.3	981.1		
245.6860	1.0727	979.2	980.2	981.1		
245.7193	1.0653	979.1	980.2	981.0		
245.7527	1.0749	979.2	980.2	981.0		
245.7860	1.0723	979.2	980.3	981.1		
245.8193	1.0749	979.1	980.2	981.0		
245.8527	1.0701	979.2	980.3	981.1		
245.8860	1.0701	979.2	980.3	981.1		
245.9193	1.0710	979.2	980.2	981.1		
245.9527	1.0679	979.1	980.2	981.0		
245.9860	1.0666	979.2	980.2	981.0		
246.0193	1.0692	979.2	980.2	981.0		
246.0527	1.0622	979.1	980.2	981.0		
246.0860	1.0775	979.1	980.1	981.0		
246.1193	1.0789	979.1	980.2	981.0		
246.1527	1.0614	979.2	980.2	981.0		
246.1860	1.0723	979.1	980.2	981.0		
246.2193	1.0745	979.2	980.2	981.1		
246.2527	1.0653	979.2	980.2	981.1		
246.2860	1.0701	979.1	980.2	981.0		
246.3193	1.0741	979.1	980.2	981.0		
246.3527	1.0749	979.2	980.2	981.0		
246.3860	1.0644	979.1	980.2	981.0		
246.4193	1.0666	979.1	980.2	981.1		
246.4527	1.0697	979.1	980.2	981.0		
246.4860	1.0675	979.1	980.2	981.0		
246.5193	1.0666	979.1	980.2	981.1		
246.5527	1.0727	979.2	980.2	981.0		
246.5860	1.0758	979.1	980.1	981.0		
246.6193	1.0692	979.1	980.2	981.0		
246.6527	1.0789	979.1	980.2	981.0		
246.6860	1.0758	979.1	980.2	981.0		
246.7193	1.0697	979.1	980.2	981.0		
246.7527	1.0710	979.2	980.2	981.0		
246.7860	1.0732	979.1	980.3	981.1		
246.8193	1.0762	979.2	980.2	981.1		
246.8527	1.0784	979.1	980.2	981.0		
246.8860	1.0771	979.2	980.2	981.0		
246.9193	1.0697	979.1	980.2	981.0		
246.9527	1.0754	979.1	980.2	981.1		
246.9860	1.0815	979.1	980.2	981.1		
247.0193	1.0793	979.1	980.2	981.0		
247.0527	1.0872	979.1	980.3	981.1		
247.0860	1.0771	979.2	980.3	981.1		
247.1193	1.0754	979.2	980.2	981.1		
247.1527	1.0762	979.2	980.3	981.1		
247.1860	1.0706	979.1	980.2	981.0		
247.2193	1.0824	979.1	980.2	981.0		
247.2527	1.0806	979.1	980.2	981.0		
247.2860	1.0767	979.0	980.2	981.0		
247.3193	1.0710	979.1	980.2	981.0		
247.3527	1.0771	979.1	980.2	981.0		
247.3860	1.0775	979.0	980.1	981.0		
247.4193	1.0697	979.2	980.3	981.0		
247.4527	1.0810	979.2	980.1	981.1		
247.4860	1.0719	979.1	980.2	981.0		
247.5193	1.0841	979.1	980.2	981.0		
247.5527	1.0736	979.1	980.2	981.1		
247.5860	1.0810	979.2	980.3	981.2		
247.6193	1.0767	979.2	980.3	981.1		
247.6527	1.0810	979.2	980.3	981.1		
247.6860	1.0762	979.1	980.2	981.0		
247.7193	1.0802	979.1	980.2	981.0		
247.7527	1.0723	979.2	980.2	981.0		
247.7860	1.0780	979.1	980.2	981.0		
247.8193	1.0758	979.2	980.2	981.1		
247.8527	1.0758	979.1	980.2	981.1		
247.8860	1.0832	979.1	980.2	981.0		
247.9193	1.0797	979.1	980.3	981.0		
247.9527	1.0741	979.1	980.2	981.1		
247.9860	1.0797	979.1	980.2	981.1		
248.0193	1.0780	979.1	980.1	981.0		
248.0527	1.0845	979.1	980.2	981.0		
248.0860	1.0797	979.1	980.2	981.1		
248.1193	1.0784	979.2	980.2	981.0		
248.1527	1.0806	979.2	980.3	981.1		
248.1860	1.0867	979.1	980.2	981.0		
248.2193	1.0863	979.1	980.2	981.0		
248.2527	1.0894	979.1	980.2	981.0		
248.2860	1.0920	979.1	980.2	981.0		
248.3193	1.0806	979.1	980.2	981.1		
248.3527	1.0810	979.1	980.2	981.0		
248.3860	1.0780	979.2	980.3	981.1		
248.4193	1.0867	979.2	980.2	981.1		
248.4527	1.0832	979.2	980.2	981.1		
248.4860	1.0767	979.1	980.1	981.0		
248.5193	1.0824	979.1	980.2	981.0		
248.5527	1.0828	979.1	980.2	981.0		
248.5860	1.0824	979.1	980.2	981.1		
248.6193	1.0797	979.2	980.3	981.2		
248.6527	1.0780	979.2	980.3	981.1		
248.6860	1.0832	979.2	980.2	981.1		
248.7193	1.0793	979.1	980.3	981.0		
248.7527	1.0898	979.1	980.2	981.0		
248.7860	1.0859	979.1	980.2	981.0		
248.8193	1.0933	979.1	980.1	981.0		
248.8527	1.0824	979.1	980.1	980.9		
248.8860	1.0894	979.1	980.2	981.0		
248.9193	1.0810	979.1	980.2	981.1		
248.9527	1.0850	979.1	980.2	981.1		
248.9860	1.0907	979.1	980.2	981.0		
249.0193	1.0894	979.2	980.2	981.1		
249.0527	1.0859	979.2	980.3	981.2		
249.0860	1.0867	979.1	980.2	981.1		
249.1193	1.0828	979.2	980.2	981.0		
249.1527	1.0885	979.1	980.3	981.1		
249.1860	1.0889	979.1	980.2	981.1		
249.2193	1.0894	979.1	980.1	981.0		
249.2527	1.0907	979.1	980.2	981.0		
249.2860	1.0894	979.1	980.2	981.1		
249.3193	1.0845	979.1	980.1	981.0		
249.3527	1.0859	979.2	980.2	981.1		
249.3860	1.0850	979.1	980.2	981.1		
249.4193	1.0942	979.1	980.2	981.1		
249.4527	1.0924	979.1	980.2	981.0		
249.4860	1.0933	979.1	980.2	981.1		
249.5193	1.0946	979.2	980.2	981.1		
249.5527	1.0889	979.2	980.3	981.1		
249.5860	1.0898	979.1	980.1	981.0		
249.6193	1.0894	979.1	980.2	981.0		
249.6527	1.0950	979.2	980.2	981.0		
249.6860	1.0933	979.2	980.3	981.1		
249.7193	1.0933	979.2	980.2	981.0		
249.7527	1.0920	979.2	980.2	981.0		
249.7860	1.0920	979.1	980.3	981.1		
249.8193	1.0937	979.1	980.2	981.1		
249.8527	1.0924	979.1	980.2	981.0		
249.8860	1.0959	979.1	980.2	981.1		
249.9193	1.0963	979.1	980.2	981.1		
249.9527	1.0907	979.2	980.2	981.1		
249.9860	1.0832	979.2	980.1	981.0		
250.0193	1.0898	979.1	980.2	981.0		
250.0527	1.0876	979.1	980.2	981.0		
250.0860	1.0990	979.1	980.2	981.1		
250.1193	1.0933	979.1	980.2	981.0		
250.1527	1.0942	979.2	980.2	981.1		
250.1860	1.0972	979.1	980.2	981.1		
250.2193	1.0946	979.1	980.2	981.1		
250.2527	1.0867	979.1	980.2	981.1		
250.2860	1.0933	979.2	980.2	981.0		
250.3193	1.0998	979.1	980.2	981.1		
250.3527	1.0963	979.2	980.2	981.0		
250.3860	1.0854	979.2	980.2	981.1		
250.4193	1.0950	979.2	980.2	981.0		
250.4527	1.0972	979.1	980.2	981.1		
250.4860	1.0933	979.1	980.2	981.0		
250.5193	1.0907	979.1	980.2	981.0		
250.5527	1.0863	979.1	980.2	981.0		
250.5860	1.0920	979.1	980.2	981.0		
250.6193	1.1029	979.1	980.2	981.1		
250.6527	1.0990	979.2	980.2	981.1		
250.6860	1.0990	979.2	980.2	981.0		
250.7193	1.1007	979.2	980.2	981.0		
250.7527	1.0928	979.1	980.1	981.0		
250.7860	1.1003	979.1	980.3	981.1		
250.8193	1.1047	979.1	980.2	981.1		
250.8527	1.0972	979.2	980.2	981.1		
250.8860	1.0924	979.2	980.2	981.1		
250.9193	1.0981	979.2	980.2	981.1		
250.9527	1.0968	979.2	980.2	981.0		
250.9860	1.0950	979.1	980.1	981.0		
251.0193	1.0998	979.1	980.1	980.9		
251.0527	1.0950	979.1	980.2	981.0		
251.0860	1.0963	979.2	980.3	981.1		
251.1193	1.1077	979.1	980.2	981.1		
251.1527	1.0994	979.1	980.2	981.1		
251.1860	1.0963	979.1	980.2	981.1		
251.2193	1.1025	979.1	980.1	981.0		
251.2527	1.1042	979.2	980.2	981.0		
251.2860	1.1020	979.1	980.2	981.1		
251.3193	1.1025	979.1	980.2	981.1		
251.3527	1.0994	979.1	980.2	981.1		
251.3860	1.1029	979.1	980.2	981.0		
251.4193	1.1055	979.1	980.2	981.1		
251.4527	1.0972	979.1	980.2	981.0		
251.4860	1.1012	979.1	980.2	981.0		
251.5193	1.1012	979.1	980.1	981.0		
251.5527	1.1007	979.2	980.2	981.0		
251.5860	1.1103	979.1	980.1	981.0		
251.6193	1.1108	979.2	980.2	981.1		
251.6527	1.1029	979.2	980.2	981.0		
251.6860	1.1025	979.1	980.2	981.0		
251.7193	1.1060	979.1	980.2	981.1		
251.7527	1.1042	979.1	980.2	981.0		
251.7860	1.1051	979.1	980.2	981.1		
251.8193	1.1025	979.1	980.2	981.0		
251.8527	1.1055	979.2	980.3	981.1		
251.8860	1.1007	979.2	980.2	981.1		
251.9193	1.1060	979.2	980.2	981.0		
251.9527	1.0990	979.1	980.1	981.1		
251.9860	1.1042	979.1	980.1	981.1		
252.0193	1.1081	979.2	980.2	981.0		
252.0527	1.1068	979.1	980.2	981.0		
252.0860	1.1064	979.1	980.2	981.0		
252.1193	1.1033	979.1	980.2	981.0		
252.1527	1.1003	979.2	980.2	981.0		
252.1860	1.0998	979.2	980.2	981.1		
252.2193	1.1029	979.2	980.2	981.1		
252.2527	1.1073	979.2	980.2	981.0		
252.2860	1.1038	979.2	980.2	981.1		
252.3193	1.1055	979.2	980.2	981.0		
252.3527	1.1029	979.1	980.2	981.0		
252.3860	1.1108	979.1	980.1	981.0		
252.4193	1.1025	979.2	980.2	981.1		
252.4527	1.1134	979.1	980.2	981.0		
252.4860	1.1086	979.1	980.2	981.1		
252.5193	1.0981	979.1	980.2	981.1		
252.5527	1.0998	979.1	980.2	981.0		
252.5860	1.1130	979.1	980.2	981.0		
252.6193	1.1125	979.1	980.1	980.9		
252.6527	1.1165	979.1	980.2	981.1		
252.6860	1.1130	979.2	980.2	981.0		
252.7193	1.1151	979.1	980.2	981.0		
252.7527	1.1099	979.2	980.3	981.1		
252.7860	1.1108	979.2	980.3	981.1		
252.8193	1.1103	979.1	980.2	981.1		
252.8527	1.1095	979.2	980.3	981.1		
252.8860	1.1130	979.2	980.2	981.1		
252.9193	1.1108	979.2	980.2	981.0		
252.9527	1.1055	979.2	980.2	981.0		
252.9860	1.1095	979.1	980.2	981.0		
253.0193	1.1060	979.1	980.2	981.0		
253.0527	1.1121	979.2	980.3	981.0		
253.0860	1.1121	979.2	980.3	981.0		
253.1193	1.1138	979.2	980.2	981.1		
253.1527	1.1182	979.2	980.3	981.1		
253.1860	1.1060	979.2	980.3	981.1		
253.2193	1.1086	979.2	980.2	981.1		
253.2527	1.1112	979.1	980.2	981.1		
253.2860	1.1165	979.1	980.2	981.0		
253.3193	1.1095	979.1	980.2	981.1		
253.3527	1.1073	979.1	980.2	981.1		
253.3860	1.1055	979.1	980.2	981.0		
253.4193	1.1156	979.1	980.2	981.1		
253.4527	1.1090	979.1	980.2	981.1		
253.4860	1.1191	979.1	980.2	981.1		
253.5193	1.1151	979.2	980.2	981.1		
253.5527	1.1130	979.3	980.3	981.2		
253.5860	1.1112	979.2	980.3	981.1		
253.6193	1.1103	979.2	980.2	981.0		
253.6527	1.1099	979.2	980.3	981.1		
253.6860	1.1147	979.1	980.2	981.1		
253.7193	1.1073	979.1	980.2	981.0		
253.7527	1.1160	979.1	980.2	981.0		
253.7860	1.1173	979.1	980.2	981.1		
253.8193	1.1165	979.2	980.2	981.0		
253.8527	1.1160	979.1	980.2	981.0		
253.8860	1.1064	979.3	980.3	981.2		
253.9193	1.1130	979.2	980.2	981.2		
253.9527	1.1116	979.2	980.2	981.1		
253.9860	1.1182	979.1	980.2	981.0		
254.0193	1.1143	979.1	980.2	981.0		
254.0527	1.1151	979.1	980.2	981.0		
254.0860	1.1173	979.1	980.2	981.0		
254.1193	1.1143	979.1	980.2	981.1		
254.1527	1.1173	979.1	980.2	981.0		
254.1860	1.1173	979.2	980.3	981.2		
254.2193	1.1213	979.2	980.2	981.1		
254.2527	1.1147	979.2	980.2	981.1		
254.2860	1.1121	979.2	980.2	981.1		
254.3193	1.1173	979.1	980.2	981.0		
254.3527	1.1143	979.1	980.2	981.0		
254.3860	1.1182	979.1	980.2	981.0		
254.4193	1.1204	979.1	980.2	981.0		
254.4527	1.1191	979.1	980.2	981.0		
254.4860	1.1186	979.1	980.2	981.0		
254.5193	1.1178	979.1	980.2	981.1		
254.5527	1.1178	979.1	980.1	981.0		
254.5860	1.1151	979.2	980.3	981.1		
254.6193	1.1191	979.3	980.4	981.3		
254.6527	1.1191	979.3	980.3	981.3		
254.6860	1.1182	979.2	980.3	981.2		
254.7193	1.1169	979.2	980.2	981.1		
254.7527	1.1182	979.2	980.2	981.0		
254.7860	1.1165	979.1	980.2	981.0		
254.8193	1.1182	979.1	980.2	981.0		
254.8527	1.1248	979.1	980.2	981.1		
254.8860	1.1138	979.2	980.2	981.1		
254.9193	1.1191	979.2	980.2	981.1		
254.9527	1.1287	979.2	980.2	981.1		
254.9860	1.1221	979.2	980.3	981.1		
255.0193	1.1278	979.1	980.2	981.1		
255.0527	1.1213	979.2	980.3	981.1		
255.0860	1.1239	979.1	980.2	981.0		
255.1193	1.1269	979.1	980.2	981.0		
255.1527	1.1248	979.1	980.2	981.0		
255.1860	1.1191	979.2	980.2	981.0		
255.2193	1.1213	979.2	980.2	981.1		
255.2527	1.1226	979.2	980.3	981.2		
255.2860	1.1304	979.2	980.3	981.1		
255.3193	1.1287	979.1	980.2	981.1		
255.3527	1.1243	979.2	980.3	981.1		
255.3860	1.1230	979.1	980.2	981.0		
255.4193	1.1283	979.1	980.1	981.0		
255.4527	1.1234	979.1	980.2	981.1		
255.4860	1.1243	979.2	980.3	981.1		
255.5193	1.1217	979.2	980.3	981.1		
255.5527	1.1186	979.2	980.2	981.1		
255.5860	1.1287	979.2	980.2	981.1		
255.6193	1.1256	979.2	980.2	981.1		
255.6527	1.1357	979.2	980.2	981.1		
255.6860	1.1331	979.2	980.3	981.1		
255.7193	1.1243	979.2	980.2	981.1		
255.7527	1.1287	979.1	980.3	981.1		
255.7860	1.1217	979.2	980.2	981.1		
255.8193	1.1200	979.1	980.2	981.1		
255.8527	1.1274	979.2	980.2	981.1		
255.8860	1.1213	979.1	980.2	981.0		
255.9193	1.1234	979.2	980.3	981.1		
255.9527	1.1239	979.1	980.2	981.1		
255.9860	1.1200	979.2	980.2	981.0		
256.0193	1.1326	979.2	980.2	981.1		
256.0527	1.1265	979.2	980.3	981.1		
256.0860	1.1331	979.2	980.3	981.1		
256.1193	1.1361	979.2	980.3	981.0		
256.1527	1.1243	979.2	980.3	981.1		
256.1860	1.1287	979.2	980.3	981.1		
256.2193	1.1269	979.1	980.2	981.1		
256.2527	1.1300	979.1	980.2	981.1		
256.2860	1.1278	979.2	980.3	981.1		
256.3193	1.1265	979.2	980.3	981.1		
256.3527	1.1357	979.3	980.2	981.1		
256.3860	1.1374	979.3	980.4	981.2		
256.4193	1.1309	979.1	980.3	981.0		
256.4527	1.1300	979.1	980.2	981.0		
256.4860	1.1313	979.2	980.3	981.1		
256.5193	1.1269	979.1	980.2	981.0		
256.5527	1.1291	979.1	980.2	981.0		
256.5860	1.1331	979.1	980.2	981.1		
256.6193	1.1278	979.1	980.2	981.1		
256.6527	1.1278	979.2	980.3	981.1		
256.6860	1.1304	979.2	980.3	981.1		
256.7193	1.1353	979.2	980.3	981.1		
256.7527	1.1287	979.2	980.3	981.3		
256.7860	1.1344	979.2	980.3	981.1		
256.8193	1.1344	979.2	980.2	981.1		
256.8527	1.1418	979.1	980.2	981.0		
256.8860	1.1344	979.1	980.2	981.0		
256.9193	1.1304	979.2	980.3	981.1		
256.9527	1.1326	979.2	980.2	981.1		
256.9860	1.1287	979.2	980.3	981.1		
257.0193	1.1322	979.2	980.2	981.0		
257.0527	1.1392	979.2	980.2	981.0		
257.0860	1.1296	979.2	980.2	981.1		
257.1193	1.1396	979.2	980.2	981.0		
257.1527	1.1339	979.1	980.2	981.1		
257.1860	1.1405	979.1	980.1	981.0		
257.2193	1.1357	979.0	980.2	981.0		
257.2527	1.1344	979.1	980.2	981.0		
257.2860	1.1357	979.2	980.2	981.1		
257.3193	1.1326	979.2	980.2	981.1		
257.3527	1.1405	979.1	980.2	981.0		
257.3860	1.1392	979.2	980.2	981.0		
257.4193	1.1379	979.2	980.3	981.1		
257.4527	1.1322	979.2	980.3	981.1		
257.4860	1.1331	979.2	980.2	981.0		
257.5193	1.1366	979.2	980.3	981.1		
257.5527	1.1339	979.2	980.2	981.1		
257.5860	1.1357	979.2	980.2	981.1		
257.6193	1.1405	979.2	980.2	981.1		
257.6527	1.1409	979.2	980.3	981.0		
257.6860	1.1422	979.1	980.2	981.0		
257.7193	1.1422	979.2	980.2	981.0		
257.7527	1.1348	979.2	980.2	981.1		
257.7860	1.1396	979.2	980.3	981.1		
257.8193	1.1418	979.2	980.3	981.1		
257.8527	1.1366	979.2	980.2	981.1		
257.8860	1.1436	979.2	980.2	981.1		
257.9193	1.1344	979.2	980.3	981.1		
257.9527	1.1361	979.2	980.2	981.0		
257.9860	1.1392	979.1	980.2	981.1		
258.0193	1.1374	979.1	980.3	981.1		
258.0527	1.1444	979.2	980.3	981.1		
258.0860	1.1436	979.1	980.2	981.0		
258.1193	1.1409	979.1	980.2	981.1		
258.1527	1.1475	979.2	980.2	981.1		
258.1860	1.1418	979.2	980.3	981.1		
258.2193	1.1436	979.1	980.2	981.1		
258.2527	1.1466	979.1	980.2	981.0		
258.2860	1.1497	979.1	980.2	981.1		
258.3193	1.1431	979.1	980.2	981.1		
258.3527	1.1436	979.1	980.2	981.1		
258.3860	1.1457	979.1	980.2	981.0		
258.4193	1.1471	979.1	980.2	981.1		
258.4527	1.1466	979.1	980.2	981.1		
258.4860	1.1501	979.1	980.3	981.1		
258.5193	1.1387	979.2	980.2	981.1		
258.5527	1.1414	979.2	980.2	981.0		
258.5860	1.1440	979.1	980.2	981.0		
258.6193	1.1396	979.1	980.2	981.0		
258.6527	1.1453	979.1	980.2	981.1		
258.6860	1.1558	979.1	980.2	981.0		
258.7193	1.1484	979.1	980.2	981.0		
258.7527	1.1431	979.2	980.2	981.0		
258.7860	1.1444	979.1	980.2	981.0		
258.8193	1.1401	979.1	980.2	981.1		
258.8527	1.1361	979.2	980.2	981.1		
258.8860	1.1475	979.1	980.2	981.0		
258.9193	1.1409	979.1	980.2	981.0		
258.9527	1.1536	979.1	980.2	981.0		
258.9860	1.1497	979.1	980.2	981.0		
259.0193	1.1519	979.1	980.2	981.1		
259.0527	1.1492	979.2	980.3	981.1		
259.0860	1.1453	979.2	980.3	981.1		
259.1193	1.1475	979.2	980.3	981.1		
259.1527	1.1422	979.2	980.3	981.1		
259.1860	1.1449	979.1	980.2	981.0		
259.2193	1.1453	979.1	980.2	981.0		
259.2527	1.1510	979.1	980.2	981.0		
259.2860	1.1567	979.1	980.2	981.0		
259.3193	1.1497	979.2	980.2	981.2		
259.3527	1.1527	979.3	980.3	981.3		
259.3860	1.1523	979.2	980.3	981.1		
259.4193	1.1554	979.2	980.3	981.1		
259.4527	1.1488	979.1	980.2	981.2		
259.4860	1.1436	979.2	980.2	981.1		
259.5193	1.1610	979.1	980.2	981.1		
259.5527	1.1497	979.1	980.2	981.0		
259.5860	1.1488	979.1	980.2	981.1		
259.6193	1.1567	979.1	980.2	981.0		
259.6527	1.1532	979.1	980.2	981.0		
259.6860	1.1479	979.2	980.2	981.1		
259.7193	1.1514	979.2	980.2	981.1		
259.7527	1.1519	979.2	980.2	981.1		
259.7860	1.1523	979.2	980.3	981.2		
259.8193	1.1562	979.2	980.2	981.1		
259.8527	1.1545	979.1	980.2	981.1		
259.8860	1.1501	979.1	980.2	981.0		
259.9193	1.1615	979.1	980.3	981.1		
259.9527	1.1549	979.2	980.2	981.1		
259.9860	1.1471	979.2	980.2	981.0		
260.0193	1.1514	979.2	980.3	981.2		
260.0527	1.1562	979.2	980.3	981.1		
260.0860	1.1532	979.2	980.2	981.0		
260.1193	1.1554	979.1	980.2	981.0		
260.1527	1.1580	979.1	980.2	981.1		
260.1860	1.1562	979.2	980.3	981.1		
260.2193	1.1580	979.1	980.2	981.1		
260.2527	1.1571	979.2	980.2	981.0		
260.2860	1.1575	979.1	980.2	981.0		
260.3193	1.1549	979.2	980.2	981.2		
260.3527	1.1610	979.2	980.2	981.1		
260.3860	1.1532	979.3	980.3	981.1		
260.4193	1.1554	979.2	980.2	981.0		
260.4527	1.1567	979.1	980.2	981.1		
260.4860	1.1567	979.2	980.3	981.1		
260.5193	1.1593	979.1	980.2	981.0		
260.5527	1.1545	979.1	980.2	981.1		
260.5860	1.1575	979.2	980.3	981.2		
260.6193	1.1532	979.2	980.2	981.1		
260.6527	1.1567	979.2	980.2	981.1		
260.6860	1.1575	979.2	980.2	981.1		
260.7193	1.1632	979.2	980.2	981.1		
260.7527	1.1680	979.1	980.2	981.0		
260.7860	1.1589	979.2	980.2	981.0		
260.8193	1.1554	979.1	980.2	981.0		
260.8527	1.1606	979.1	980.2	981.0		
260.8860	1.1593	979.2	980.2	981.1		
260.9193	1.1536	979.3	980.3	981.2		
260.9527	1.1654	979.2	980.2	981.1		
260.9860	1.1624	979.2	980.3	981.1		
261.0193	1.1667	979.1	980.3	981.1		
261.0527	1.1654	979.2	980.2	981.2		
261.0860	1.1685	979.2	980.2	981.0		
261.1193	1.1619	979.1	980.2	981.0		
261.1527	1.1597	979.2	980.2	981.1		
261.1860	1.1606	979.2	980.3	981.1		
261.2193	1.1558	979.1	980.2	981.2		
261.2527	1.1650	979.2	980.2	981.1		
261.2860	1.1602	979.2	980.3	981.1		
261.3193	1.1641	979.3	980.4	981.2		
261.3527	1.1606	979.2	980.3	981.2		
261.3860	1.1707	979.2	980.3	981.1		
261.4193	1.1663	979.1	980.1	981.0		
261.4527	1.1742	979.2	980.3	981.1		
261.4860	1.1645	979.1	980.2	981.0		
261.5193	1.1632	979.2	980.2	981.0		
261.5527	1.1589	979.2	980.2	981.1		
261.5860	1.1619	979.2	980.3	981.2		
261.6193	1.1676	979.2	980.3	981.1		
261.6527	1.1737	979.1	980.2	981.0		
261.6860	1.1645	979.1	980.2	981.0		
261.7193	1.1645	979.2	980.3	981.2		
261.7527	1.1654	979.2	980.4	981.3		
261.7860	1.1654	979.2	980.4	981.3		
261.8193	1.1650	979.2	980.2	981.1		
261.8527	1.1602	979.2	980.2	981.1		
261.8860	1.1667	979.2	980.3	981.1		
261.9193	1.1637	979.2	980.2	981.1		
261.9527	1.1689	979.1	980.1	981.0		
261.9860	1.1645	979.1	980.1	981.0		
262.0193	1.1667	979.1	980.2	981.0		
262.0527	1.1720	979.1	980.2	981.1		
262.0860	1.1777	979.1	980.2	981.1		
262.1193	1.1624	979.2	980.2	981.1		
262.1527	1.1755	979.1	980.2	981.1		
262.1860	1.1707	979.2	980.2	981.1		
262.2193	1.1663	979.2	980.3	981.1		
262.2527	1.1645	979.3	980.3	981.1		
262.2860	1.1641	979.2	980.2	981.1		
262.3193	1.1707	979.2	980.2	981.1		
262.3527	1.1654	979.1	980.2	981.0		
262.3860	1.1641	979.2	980.2	981.0		
262.4193	1.1698	979.2	980.2	981.1		
262.4527	1.1693	979.3	980.3	981.2		
262.4860	1.1641	979.2	980.3	981.2		
262.5193	1.1689	979.2	980.3	981.2		
262.5527	1.1715	979.2	980.3	981.1		
262.5860	1.1737	979.1	980.2	981.0		
262.6193	1.1768	979.2	980.3	981.2		
262.6527	1.1637	979.2	980.3	981.2		
262.6860	1.1781	979.3	980.3	981.2		
262.7193	1.1685	979.2	980.3	981.3		
262.7527	1.1794	979.2	980.3	981.1		
262.7860	1.1772	979.2	980.2	981.0		
262.8193	1.1707	979.2	980.2	981.1		
262.8527	1.1750	979.2	980.3	981.2		
262.8860	1.1724	979.1	980.2	981.1		
262.9193	1.1720	979.1	980.1	981.0		
262.9527	1.1702	979.1	980.2	981.1		
262.9860	1.1698	979.3	980.3	981.3		
263.0193	1.1777	979.2	980.2	981.2		
263.0527	1.1663	979.2	980.2	981.1		
263.0860	1.1733	979.2	980.2	981.1		
263.1193	1.1746	979.1	980.2	981.0		
263.1527	1.1772	979.1	980.1	981.0		
263.1860	1.1777	979.2	980.3	981.1		
263.2193	1.1794	979.2	980.3	981.2		
263.2527	1.1798	979.2	980.2	981.2		
263.2860	1.1720	979.2	980.2	981.1		
263.3193	1.1724	979.2	980.1	980.9		
263.3527	1.1711	979.2	980.3	981.3		
263.3860	1.1798	979.1	980.2	981.1		
263.4193	1.1720	979.2	980.3	981.2		
263.4527	1.1790	979.2	980.3	981.2		
263.4860	1.1886	979.3	980.3	981.2		
263.5193	1.1720	979.2	980.3	981.2		
263.5527	1.1742	979.3	980.3	981.1		
263.5860	1.1838	979.2	980.3	981.1		
263.6193	1.1807	979.1	980.2	981.0		
263.6527	1.1794	979.2	980.2	981.1		
263.6860	1.1855	979.3	980.2	981.1		
263.7193	1.1825	979.1	980.2	981.0		
263.7527	1.1790	979.1	980.2	981.1		
263.7860	1.1785	979.2	980.3	981.1		
263.8193	1.1798	979.3	980.4	981.2		
263.8527	1.1803	979.3	980.3	981.2		
263.8860	1.1881	979.2	980.3	981.2		
263.9193	1.1829	979.2	980.2	981.1		
263.9527	1.1842	979.2	980.2	981.1		
263.9860	1.1781	979.2	980.3	981.1		
264.0193	1.1838	979.2	980.2	981.1		
264.0527	1.1833	979.2	980.2	981.0		
264.0860	1.1842	979.2	980.2	981.1		
264.1193	1.1812	979.2	980.3	981.1		
264.1527	1.1772	979.2	980.2	981.1		
264.1860	1.1790	979.3	980.3	981.1		
264.2193	1.1833	979.1	980.2	981.1		
264.2527	1.1881	979.2	980.2	981.1		
264.2860	1.1877	979.1	980.2	981.0		
264.3193	1.1916	979.2	980.3	981.1		
264.3527	1.1833	979.1	980.2	981.1		
264.3860	1.1903	979.1	980.2	981.1		
264.4193	1.1855	979.2	980.2	981.1		
264.4527	1.1798	979.2	980.2	981.1		
264.4860	1.1807	979.2	980.2	981.1		
264.5193	1.1790	979.2	980.2	981.0		
264.5527	1.1777	979.2	980.2	981.0		
264.5860	1.1816	979.1	980.3	981.0		
264.6193	1.1820	979.2	980.3	981.1		
264.6527	1.1895	979.2	980.3	981.1		
264.6860	1.1877	979.2	980.3	981.1		
264.7193	1.1873	979.2	980.3	981.1		
264.7527	1.1842	979.1	980.2	981.1		
264.7860	1.1807	979.2	980.3	981.2		
264.8193	1.1812	979.2	980.3	981.2		
264.8527	1.1825	979.2	980.3	981.1		
264.8860	1.1842	979.2	980.3	981.1		
264.9193	1.1895	979.2	980.2	981.1		
264.9527	1.1881	979.2	980.3	981.2		
264.9860	1.1965	979.2	980.2	981.0		
265.0193	1.1973	979.2	980.2	981.0		
265.0527	1.1886	979.1	980.2	981.1		
265.0860	1.1890	979.2	980.2	981.1		
265.1193	1.1921	979.2	980.2	981.0		
265.1527	1.1825	979.1	980.2	981.1		
265.1860	1.1846	979.2	980.2	981.0		
265.2193	1.1978	979.2	980.2	981.0		
265.2527	1.1943	979.1	980.2	981.0		
265.2860	1.1846	979.1	980.2	981.0		
265.3193	1.1995	979.1	980.2	981.0		
265.3527	1.1956	979.2	980.3	981.2		
265.3860	1.1899	979.2	980.3	981.2		
265.4193	1.1938	979.2	980.2	981.0		
265.4527	1.1956	979.2	980.2	981.1		
265.4860	1.1925	979.2	980.3	981.2		
265.5193	1.1951	979.3	980.3	981.3		
265.5527	1.1838	979.2	980.3	981.1		
265.5860	1.1890	979.2	980.2	981.1		
265.6193	1.1978	979.1	980.2	981.0		
265.6527	1.1943	979.1	980.2	981.1		
265.6860	1.1895	979.1	980.2	981.0		
265.7193	1.1956	979.2	980.3	981.1		
265.7527	1.1916	979.3	980.3	981.2		
265.7860	1.1912	979.1	980.2	981.0		
265.8193	1.1903	979.2	980.2	981.1		
265.8527	1.1916	979.2	980.3	981.3		
265.8860	1.1995	979.2	980.2	981.1		
265.9193	1.1960	979.2	980.2	981.1		
265.9527	1.1973	979.2	980.3	981.1		
265.9860	1.2004	979.2	980.2	981.1		
266.0193	1.1956	979.2	980.2	981.1		
266.0527	1.1925	979.2	980.3	981.1		
266.0860	1.1960	979.2	980.3	981.2		
266.1193	1.2004	979.2	980.3	981.1		
266.1527	1.1912	979.1	980.2	981.1		
266.1860	1.1943	979.2	980.2	981.1		
266.2193	1.1973	979.2	980.2	981.0		
266.2527	1.1943	979.2	980.2	981.1		
266.2860	1.1912	979.2	980.2	981.1		
266.3193	1.1960	979.2	980.2	981.1		
266.3527	1.1938	979.2	980.2	981.2		
266.3860	1.1890	979.2	980.3	981.1		
266.4193	1.1978	979.2	980.2	981.0		
266.4527	1.2074	979.2	980.2	981.0		
266.4860	1.1999	979.1	980.3	981.1		
266.5193	1.1951	979.2	980.2	981.1		
266.5527	1.1951	979.2	980.2	981.1		
266.5860	1.1969	979.2	980.3	981.1		
266.6193	1.1916	979.2	980.2	981.1		
266.6527	1.2008	979.2	980.2	981.1		
266.6860	1.2013	979.1	980.2	981.0		
266.7193	1.1973	979.2	980.3	981.2		
266.7527	1.2004	979.2	980.3	981.2		
266.7860	1.2030	979.2	980.3	981.1		
266.8193	1.2069	979.1	980.3	981.1		
266.8527	1.1951	979.2	980.3	981.1		
266.8860	1.1960	979.2	980.3	981.1		
266.9193	1.1999	979.2	980.3	981.2		
266.9527	1.2013	979.2	980.2	981.2		
266.9860	1.1951	979.2	980.2	981.1		
267.0193	1.2026	979.2	980.2	981.0		
267.0527	1.1960	979.1	980.2	981.1		
267.0860	1.2113	979.1	980.2	981.1		
267.1193	1.1991	979.2	980.2	981.1		
267.1527	1.2026	979.2	980.2	981.1		
267.1860	1.2056	979.2	980.2	981.1		
267.2193	1.1965	979.2	980.2	981.1		
267.2527	1.2034	979.2	980.2	981.1		
267.2860	1.1947	979.1	980.1	981.0		
267.3193	1.2004	979.1	980.2	981.0		
267.3527	1.2017	979.2	980.3	981.2		
267.3860	1.2004	979.2	980.3	981.1		
267.4193	1.2069	979.2	980.2	981.1		
267.4527	1.2113	979.2	980.2	981.1		
267.4860	1.2113	979.2	980.2	981.1		
267.5193	1.2026	979.2	980.2	981.1		
267.5527	1.1965	979.2	980.2	981.1		
267.5860	1.2021	979.2	980.2	981.0		
267.6193	1.2078	979.1	980.2	981.0		
267.6527	1.2048	979.1	980.2	981.1		
267.6860	1.2026	979.1	980.2	981.1		
267.7193	1.2056	979.1	980.2	981.1		
267.7527	1.2069	979.1	980.2	981.0		
267.7860	1.2126	979.1	980.3	981.0		
267.8193	1.2026	979.2	980.3	981.2		
267.8527	1.2056	979.2	980.3	981.1		
267.8860	1.2126	979.2	980.2	981.2		
267.9193	1.2048	979.2	980.3	981.1		
267.9527	1.2030	979.3	980.4	981.2		
267.9860	1.2048	979.2	980.3	981.1		
268.0193	1.2113	979.2	980.3	981.2		
268.0527	1.2131	979.1	980.2	981.1		
268.0860	1.2100	979.2	980.3	981.1		
268.1193	1.2061	979.2	980.2	981.1		
268.1527	1.2069	979.2	980.2	981.0		
268.1860	1.2126	979.2	980.2	981.0		
268.2193	1.2034	979.1	980.2	981.1		
268.2527	1.2139	979.2	980.2	981.1		
268.2860	1.2048	979.2	980.3	981.1		
268.3193	1.2118	979.1	980.2	981.0		
268.3527	1.2017	979.2	980.3	981.1		
268.3860	1.2126	979.2	980.3	981.3		
268.4193	1.2069	979.2	980.3	981.2		
268.4527	1.2100	979.2	980.3	981.1		
268.4860	1.2187	979.2	980.3	981.2		
268.5193	1.2078	979.2	980.2	981.1		
268.5527	1.2026	979.2	980.3	981.1		
268.5860	1.2113	979.2	980.2	981.1		
268.6193	1.2065	979.1	980.2	981.1		
268.6527	1.2126	979.1	980.2	981.1		
268.6860	1.2183	979.1	980.1	981.0		
268.7193	1.2113	979.2	980.2	981.1		
268.7527	1.2065	979.2	980.3	981.2		
268.7860	1.2100	979.2	980.3	981.1		
268.8193	1.2122	979.2	980.2	981.0		
268.8527	1.2122	979.2	980.2	981.1		
268.8860	1.2170	979.2	980.2	981.0		
268.9193	1.2179	979.2	980.2	981.1		
268.9527	1.2174	979.1	980.2	981.1		
268.9860	1.2179	979.1	980.2	981.1		
269.0193	1.2166	979.2	980.2	981.1		
269.0527	1.2065	979.2	980.3	981.1		
269.0860	1.2179	979.2	980.3	981.2		
269.1193	1.2126	979.3	980.3	981.2		
269.1527	1.2183	979.2	980.2	981.1		
269.1860	1.2240	979.2	980.2	981.2		
269.2193	1.2209	979.1	980.3	981.2		
269.2527	1.2183	979.1	980.3	981.1		
269.2860	1.2170	979.2	980.3	981.1		
269.3193	1.2170	979.2	980.2	981.1		
269.3527	1.2170	979.2	980.2	981.1		
269.3860	1.2183	979.2	980.2	981.1		
269.4193	1.2205	979.2	980.2	981.2		
269.4527	1.2187	979.2	980.2	981.0		
269.4860	1.2253	979.2	980.2	981.0		
269.5193	1.2196	979.2	980.2	981.1		
269.5527	1.2187	979.1	980.2	981.1		
269.5860	1.2161	979.2	980.3	981.2		
269.6193	1.2187	979.2	980.2	981.1		
269.6527	1.2166	979.1	980.2	981.1		
269.6860	1.2240	979.2	980.2	981.1		
269.7193	1.2148	979.2	980.2	981.1		
269.7527	1.2205	979.3	980.2	981.1		
269.7860	1.2271	979.3	980.3	981.2		
269.8193	1.2292	979.2	980.2	981.2		
269.8527	1.2205	979.2	980.3	981.2		
269.8860	1.2240	979.2	980.2	981.1		
269.9193	1.2288	979.2	980.2	981.1		
269.9527	1.2209	979.2	980.2	981.0		
269.9860	1.2209	979.2	980.2	981.2		
270.0193	1.2275	979.3	980.3	981.2		
270.0527	1.2275	979.2	980.3	981.2		
270.0860	1.2209	979.1	980.2	981.1		
270.1193	1.2227	979.2	980.3	981.2		
270.1527	1.2284	979.3	980.3	981.2		
270.1860	1.2231	979.3	980.3	981.1		
270.2193	1.2227	979.2	980.2	981.1		
270.2527	1.2327	979.3	980.2	981.1		
270.2860	1.2174	979.3	980.3	981.2		
270.3193	1.2196	979.2	980.3	981.1		
270.3527	1.2222	979.2	980.2	981.1		
270.3860	1.2244	979.2	980.2	981.1		
270.4193	1.2266	979.2	980.2	981.1		
270.4527	1.2314	979.2	980.3	981.1		
270.4860	1.2262	979.2	980.3	981.2		
270.5193	1.2227	979.2	980.2	981.1		
270.5527	1.2222	979.2	980.2	981.2		
270.5860	1.2222	979.3	980.3	981.1		
270.6193	1.2305	979.2	980.3	981.1		
270.6527	1.2257	979.2	980.2	981.1		
270.6860	1.2305	979.2	980.2	981.1		
270.7193	1.2358	979.2	980.2	981.1		
270.7527	1.2231	979.2	980.3	981.2		
270.7860	1.2266	979.3	980.2	981.1		
270.8193	1.2257	979.3	980.2	981.1		
270.8527	1.2196	979.2	980.3	981.1		
270.8860	1.2266	979.2	980.2	981.1		
270.9193	1.2305	979.3	980.3	981.2		
270.9527	1.2288	979.2	980.2	981.1		
270.9860	1.2249	979.1	980.2	981.0		
271.0193	1.2310	979.1	980.2	981.1		
271.0527	1.2305	979.2	980.2	981.1		
271.0860	1.2266	979.2	980.3	981.2		
271.1193	1.2375	979.3	980.2	981.2		
271.1527	1.2323	979.2	980.3	981.1		
271.1860	1.2314	979.2	980.3	981.2		
271.2193	1.2305	979.3	980.3	981.1		
271.2527	1.2305	979.2	980.2	981.1		
271.2860	1.2345	979.2	980.2	981.1		
271.3193	1.2362	979.2	980.3	981.1		
271.3527	1.2336	979.2	980.3	981.1		
271.3860	1.2301	979.1	980.2	981.1		
271.4193	1.2284	979.3	980.3	981.1		
271.4527	1.2279	979.2	980.3	981.1		
271.4860	1.2292	979.3	980.3	981.2		
271.5193	1.2367	979.2	980.2	981.2		
271.5527	1.2288	979.2	980.3	981.2		
271.5860	1.2310	979.2	980.2	981.1		
271.6193	1.2332	979.2	980.3	981.2		
271.6527	1.2402	979.2	980.3	981.2		
271.6860	1.2336	979.2	980.2	981.1		
271.7193	1.2314	979.3	980.3	981.2		
271.7527	1.2367	979.2	980.2	981.1		
271.7860	1.2441	979.2	980.2	981.1		
271.8193	1.2323	979.2	980.2	981.1		
271.8527	1.2332	979.2	980.2	981.1		
271.8860	1.2336	979.2	980.3	981.1		
271.9193	1.2354	979.2	980.3	981.1		
271.9527	1.2437	979.2	980.3	981.1		
271.9860	1.2371	979.2	980.2	981.0		
272.0193	1.2424	979.3	980.3	981.1		
272.0527	1.2384	979.2	980.2	981.2		
272.0860	1.2358	979.2	980.3	981.2		
272.1193	1.2397	979.3	980.2	981.1		
272.1527	1.2240	979.2	980.3	981.1		
272.1860	1.2380	979.2	980.3	981.1		
272.2193	1.2349	979.2	980.3	981.1		
272.2527	1.2384	979.1	980.2	981.1		
272.2860	1.2375	979.2	980.3	981.1		
272.3193	1.2314	979.2	980.3	981.1		
272.3527	1.2358	979.2	980.3	981.1		
272.3860	1.2406	979.2	980.3	981.2		
272.4193	1.2323	979.3	980.2	981.2		
272.4527	1.2397	979.2	980.3	981.1		
272.4860	1.2345	979.2	980.3	981.0		
272.5193	1.2358	979.2	980.3	981.2		
272.5527	1.2375	979.2	980.3	981.2		
272.5860	1.2384	979.2	980.2	981.1		
272.6193	1.2397	979.2	980.2	981.1		
272.6527	1.2410	979.2	980.2	981.1		
272.6860	1.2397	979.2	980.3	981.1		
272.7193	1.2480	979.1	980.2	981.0		
272.7527	1.2402	979.2	980.2	981.1		
272.7860	1.2384	979.2	980.2	981.1		
272.8193	1.2458	979.2	980.3	981.1		
272.8527	1.2445	979.2	980.3	981.1		
272.8860	1.2332	979.3	980.3	981.2		
272.9193	1.2428	979.2	980.2	981.0		
272.9527	1.2480	979.2	980.3	981.1		
272.9860	1.2476	979.2	980.3	981.2		
273.0193	1.2498	979.2	980.3	981.1		
273.0527	1.2393	979.2	980.2	981.1		
273.0860	1.2428	979.2	980.3	981.1		
273.1193	1.2419	979.2	980.3	981.2		
273.1527	1.2397	979.2	980.3	981.2		
273.1860	1.2454	979.2	980.3	981.1		
273.2193	1.2445	979.2	980.2	981.0		
273.2527	1.2432	979.2	980.2	981.0		
273.2860	1.2467	979.2	980.3	981.1		
273.3193	1.2458	979.2	980.2	981.1		
273.3527	1.2450	979.2	980.2	981.1		
273.3860	1.2511	979.2	980.3	981.1		
273.4193	1.2502	979.2	980.2	981.0		
273.4527	1.2445	979.1	980.2	981.1		
273.4860	1.2458	979.3	980.2	981.2		
273.5193	1.2485	979.3	980.3	981.2		
273.5527	1.2432	979.2	980.2	981.1		
273.5860	1.2520	979.3	980.3	981.1		
273.6193	1.2445	979.2	980.2	981.0		
273.6527	1.2498	979.2	980.3	981.2		
273.6860	1.2463	979.2	980.2	981.0		
273.7193	1.2489	979.2	980.3	981.1		
273.7527	1.2498	979.2	980.3	981.2		
273.7860	1.2467	979.3	980.3	981.1		
273.8193	1.2463	979.3	980.3	981.1		
273.8527	1.2463	979.2	980.3	981.1		
273.8860	1.2550	979.2	980.3	981.1		
273.9193	1.2467	979.2	980.3	981.1		
273.9527	1.2546	979.2	980.3	981.1		
273.9860	1.2502	979.2	980.3	981.2		
274.0193	1.2542	979.2	980.3	981.1		
274.0527	1.2493	979.2	980.2	981.0		
274.0860	1.2485	979.3	980.3	981.1		
274.1193	1.2472	979.2	980.2	981.1		
274.1527	1.2546	979.3	980.3	981.1		
274.1860	1.2507	979.3	980.3	981.2		
274.2193	1.2515	979.2	980.3	981.1		
274.2527	1.2638	979.2	980.3	981.1		
274.2860	1.2555	979.2	980.2	981.1		
274.3193	1.2616	979.1	980.3	981.2		
274.3527	1.2664	979.3	980.3	981.2		
274.3860	1.2590	979.2	980.2	981.1		
274.4193	1.2550	979.2	980.3	981.2		
274.4527	1.2511	979.2	980.3	981.1		
274.4860	1.2611	979.2	980.3	981.1		
274.5193	1.2528	979.2	980.3	981.1		
274.5527	1.2550	979.2	980.3	981.1		
274.5860	1.2695	979.3	980.3	981.2		
274.6193	1.2550	979.2	980.2	981.0		
274.6527	1.2572	979.3	980.3	981.2		
274.6860	1.2520	979.3	980.3	981.2		
274.7194	1.2555	979.3	980.3	981.2		
274.7527	1.2603	979.3	980.3	981.2		
274.7860	1.2546	979.3	980.3	981.1		
274.8194	1.2572	979.2	980.2	981.1		
274.8527	1.2568	979.3	980.2	981.1		
274.8860	1.2572	979.2	980.3	981.1		
274.9194	1.2603	979.2	980.3	981.1		
274.9527	1.2603	979.1	980.2	981.1		
274.9860	1.2629	979.2	980.2	981.1		
275.0194	1.2629	979.2	980.2	981.1		
275.0527	1.2563	979.3	980.3	981.2		
275.0860	1.2576	979.2	980.2	981.1		
275.1194	1.2594	979.2	980.2	981.1		
275.1527	1.2620	979.2	980.2	981.1		
275.1860	1.2603	979.2	980.3	981.1		
275.2194	1.2607	979.2	980.3	981.2		
275.2527	1.2581	979.2	980.3	981.2		
275.2860	1.2655	979.2	980.2	981.2		
275.3194	1.2699	979.2	980.3	981.2		
275.3527	1.2607	979.3	980.3	981.1		
275.3860	1.2528	979.3	980.2	981.1		
275.4194	1.2581	979.2	980.2	981.1		
275.4527	1.2607	979.2	980.3	981.2		
275.4860	1.2633	979.3	980.3	981.1		
275.5194	1.2620	979.2	980.3	981.1		
275.5527	1.2603	979.2	980.3	981.2		
275.5860	1.2686	979.3	980.3	981.1		
275.6194	1.2690	979.1	980.2	981.1		
275.6527	1.2633	979.3	980.3	981.1		
275.6860	1.2607	979.2	980.3	981.2		
275.7194	1.2629	979.2	980.2	981.1		
275.7527	1.2646	979.2	980.2	981.1		
275.7860	1.2607	979.2	980.2	981.1		
275.8194	1.2668	979.3	980.3	981.1		
275.8527	1.2629	979.2	980.3	981.1		
275.8860	1.2603	979.2	980.3	981.2		
275.9194	1.2686	979.1	980.2	981.1		
275.9527	1.2668	979.2	980.3	981.2		
275.9860	1.2664	979.3	980.3	981.2		
276.0194	1.2603	979.3	980.3	981.2		
276.0527	1.2673	979.2	980.3	981.2		
276.0860	1.2708	979.2	980.3	981.1		
276.1194	1.2677	979.3	980.3	981.2		
276.1527	1.2660	979.2	980.3	981.1		
276.1860	1.2660	979.2	980.2	981.1		
276.2194	1.2673	979.2	980.3	981.1		
276.2527	1.2764	979.2	980.3	981.2		
276.2860	1.2708	979.2	980.2	981.1		
276.3194	1.2729	979.3	980.3	981.2		
276.3527	1.2668	979.2	980.2	981.2		
276.3860	1.2673	979.2	980.2	981.2		
276.4194	1.2616	979.3	980.3	981.2		
276.4527	1.2677	979.2	980.2	981.1		
276.4860	1.2747	979.2	980.2	981.2		
276.5194	1.2773	979.2	980.2	981.1		
276.5527	1.2681	979.2	980.2	981.1		
276.5860	1.2677	979.2	980.2	981.1		
276.6194	1.2778	979.2	980.3	981.1		
276.6527	1.2769	979.3	980.3	981.2		
276.6860	1.2743	979.2	980.2	981.1		
276.7194	1.2756	979.3	980.2	981.1		
276.7527	1.2712	979.3	980.2	981.1		
276.7860	1.2791	979.1	980.2	981.1		
276.8194	1.2830	979.2	980.2	981.1		
276.8527	1.2734	979.2	980.3	981.2		
276.8860	1.2782	979.2	980.2	981.1		
276.9194	1.2782	979.1	980.3	981.1		
276.9527	1.2795	979.2	980.3	981.2		
276.9860	1.2804	979.3	980.3	981.1		
277.0194	1.2782	979.3	980.2	981.1		
277.0527	1.2729	979.3	980.3	981.2		
277.0860	1.2791	979.2	980.2	981.1		
277.1194	1.2782	979.1	980.2	981.1		
277.1527	1.2699	979.3	980.3	981.1		
277.1860	1.2813	979.3	980.3	981.2		
277.2194	1.2743	979.2	980.3	981.1		
277.2527	1.2808	979.3	980.3	981.1		
277.2860	1.2769	979.3	980.3	981.2		
277.3194	1.2773	979.3	980.3	981.2		
277.3527	1.2743	979.2	980.2	981.1		
277.3860	1.2764	979.2	980.2	981.1		
277.4194	1.2725	979.3	980.3	981.1		
277.4527	1.2751	979.3	980.3	981.1		
277.4860	1.2756	979.2	980.2	981.1		
277.5194	1.2773	979.2	980.3	981.1		
277.5527	1.2821	979.2	980.2	981.1		
277.5860	1.2896	979.2	980.2	981.1		
277.6194	1.2799	979.2	980.2	981.1		
277.6527	1.2743	979.3	980.3	981.1		
277.6860	1.2865	979.3	980.3	981.1		
277.7194	1.2865	979.2	980.3	981.1		
277.7527	1.2843	979.2	980.2	981.1		
277.7860	1.2843	979.2	980.2	981.1		
277.8194	1.2826	979.2	980.2	981.1		
277.8527	1.2786	979.2	980.3	981.1		
277.8860	1.2791	979.2	980.2	981.1		
277.9194	1.2856	979.3	980.3	981.1		
277.9527	1.2826	979.3	980.3	981.2		
277.9860	1.2773	979.2	980.2	981.1		
278.0194	1.2839	979.2	980.3	981.2		
278.0527	1.2865	979.3	980.3	981.2		
278.0860	1.2834	979.2	980.2	981.1		
278.1194	1.2826	979.2	980.2	981.0		
278.1527	1.2848	979.2	980.2	981.1		
278.1860	1.2786	979.2	980.2	981.1		
278.2194	1.2878	979.2	980.2	981.1		
278.2527	1.2813	979.1	980.2	981.1		
278.2860	1.2804	979.2	980.3	981.1		
278.3194	1.2830	979.2	980.2	981.2		
278.3527	1.2948	979.3	980.2	981.2		
278.3860	1.2896	979.3	980.3	981.2		
278.4194	1.2891	979.3	980.3	981.2		
278.4527	1.2808	979.2	980.2	981.1		
278.4860	1.2896	979.2	980.2	981.1		
278.5194	1.2865	979.1	980.3	981.1		
278.5527	1.2791	979.2	980.2	981.1		
278.5860	1.2913	979.2	980.2	981.1		
278.6194	1.2904	979.2	980.2	981.1		
278.6527	1.2856	979.2	980.2	981.2		
278.6860	1.2896	979.3	980.3	981.1		
278.7194	1.2856	979.2	980.3	981.2		
278.7527	1.2869	979.2	980.2	981.1		
278.7860	1.2869	979.3	980.3	981.2		
278.8194	1.2900	979.2	980.2	981.0		
278.8527	1.2931	979.2	980.2	981.1		
278.8860	1.2891	979.2	980.2	981.1		
278.9194	1.2896	979.2	980.2	981.2		
278.9527	1.2882	979.2	980.2	981.1		
278.9860	1.2856	979.3	980.3	981.2		
279.0194	1.2900	979.3	980.3	981.2		
279.0527	1.2878	979.3	980.3	981.1		
279.0860	1.2891	979.3	980.2	981.2		
279.1194	1.2878	979.2	980.2	981.2		
279.1527	1.2952	979.2	980.3	981.1		
279.1860	1.2939	979.2	980.3	981.2		
279.2194	1.2931	979.2	980.3	981.1		
279.2527	1.3005	979.2	980.3	981.2		
279.2860	1.2952	979.2	980.2	981.1		
279.3194	1.2900	979.2	980.2	981.1		
279.3527	1.2952	979.2	980.2	981.1		
279.3860	1.2935	979.2	980.2	981.1		
279.4194	1.2856	979.3	980.3	981.2		
279.4527	1.2935	979.3	980.4	981.3		
279.4860	1.3022	979.2	980.3	981.1		
279.5194	1.2957	979.2	980.2	981.2		
279.5527	1.2913	979.2	980.2	981.1		
279.5860	1.2926	979.2	980.2	981.1		
279.6194	1.2935	979.1	980.2	981.0		
279.6527	1.2957	979.2	980.3	981.2		
279.6860	1.2957	979.2	980.2	981.1		
279.7194	1.2966	979.2	980.3	981.2		
279.7527	1.2948	979.2	980.3	981.2		
279.7860	1.2917	979.2	980.2	981.1		
279.8194	1.2948	979.2	980.2	981.0		
279.8527	1.3005	979.2	980.3	981.1		
279.8860	1.3022	979.2	980.3	981.1		
279.9194	1.2979	979.3	980.2	981.1		
279.9527	1.2961	979.2	980.2	981.1		
279.9860	1.2957	979.2	980.2	981.2		
280.0194	1.2926	979.3	980.3	981.1		
280.0527	1.3031	979.3	980.3	981.2		
280.0860	1.3001	979.2	980.3	981.2		
280.1194	1.2979	979.2	980.2	981.1		
280.1527	1.3022	979.3	980.2	981.1		
280.1860	1.3088	979.2	980.3	981.1		
280.2194	1.3044	979.2	980.3	981.1		
280.2527	1.3040	979.2	980.2	981.1		
280.2860	1.3014	979.2	980.3	981.2		
280.3194	1.3088	979.3	980.3	981.2		
280.3527	1.2944	979.2	980.3	981.1		
280.3860	1.2983	979.3	980.3	981.1		
280.4194	1.3001	979.3	980.2	981.2		
280.4527	1.3005	979.2	980.2	981.1		
280.4860	1.3005	979.3	980.3	981.1		
280.5194	1.3049	979.3	980.3	981.2		
280.5527	1.3053	979.1	980.2	981.1		
280.5860	1.2939	979.1	980.2	981.0		
280.6194	1.3079	979.2	980.2	981.1		
280.6527	1.3092	979.2	980.2	981.1		
280.6860	1.2900	979.3	980.3	981.1		
280.7194	1.2979	979.3	980.3	981.2		
280.7527	1.3009	979.3	980.3	981.2		
280.7860	1.2987	979.2	980.2	981.2		
280.8194	1.3027	979.3	980.2	981.1		
280.8527	1.3035	979.3	980.3	981.1		
280.8860	1.3044	979.3	980.3	981.2		
280.9194	1.3070	979.2	980.3	981.1		
280.9527	1.3053	979.2	980.2	981.1		
280.9860	1.3167	979.2	980.3	981.1		
281.0194	1.3057	979.3	980.2	981.2		
281.0527	1.3049	979.2	980.2	981.1		
281.0860	1.3031	979.2	980.2	981.1		
281.1194	1.3040	979.3	980.3	981.1		
281.1527	1.2992	979.3	980.2	981.1		
281.1860	1.3027	979.2	980.2	981.1		
281.2194	1.3075	979.2	980.2	981.1		
281.2527	1.3009	979.2	980.2	981.1		
281.2860	1.3079	979.2	980.3	981.1		
281.3194	1.3062	979.2	980.2	981.1		
281.3527	1.3105	979.2	980.2	981.1		
281.3860	1.3035	979.2	980.2	981.1		
281.4194	1.3057	979.3	980.3	981.2		
281.4527	1.3035	979.3	980.3	981.1		
281.4860	1.3105	979.3	980.2	981.1		
281.5194	1.3145	979.2	980.2	981.1		
281.5527	1.3110	979.2	980.2	981.1		
281.5860	1.3127	979.2	980.2	981.1		
281.6194	1.3040	979.2	980.2	981.1		
281.6527	1.3149	979.2	980.2	981.1		
281.6860	1.3188	979.2	980.3	981.2		
281.7194	1.3167	979.3	980.3	981.2		
281.7527	1.3119	979.3	980.3	981.2		
281.7860	1.3079	979.3	980.3	981.1		
281.8194	1.3123	979.3	980.3	981.1		
281.8527	1.3132	979.2	980.2	981.2		
281.8860	1.3132	979.3	980.3	981.2		
281.9194	1.3197	979.1	980.2	981.1		
281.9527	1.3202	979.2	980.2	981.1		
281.9860	1.3149	979.3	980.3	981.1		
282.0194	1.3057	979.3	980.3	981.1		
282.0527	1.3136	979.2	980.3	981.2		
282.0860	1.3127	979.2	980.2	981.1		
282.1194	1.3149	979.3	980.3	981.1		
282.1527	1.3188	979.3	980.2	981.2		
282.1860	1.3171	979.3	980.2	981.1		
282.2194	1.3127	979.2	980.2	981.1		
282.2527	1.3184	979.2	980.3	981.1		
282.2860	1.3188	979.2	980.2	981.1		
282.3194	1.3197	979.2	980.3	981.2		
282.3527	1.3088	979.3	980.3	981.2		
282.3860	1.3167	979.2	980.2	981.1		
282.4194	1.3145	979.2	980.2	981.1		
282.4527	1.3154	979.2	980.2	981.1		
282.4860	1.3132	979.3	980.3	981.1		
282.5194	1.3145	979.2	980.2	981.1		
282.5527	1.3228	979.2	980.2	981.1		
282.5860	1.3228	979.2	980.2	981.0		
282.6194	1.3193	979.2	980.3	981.1		
282.6527	1.3215	979.2	980.2	981.1		
282.6860	1.3149	979.3	980.3	981.2		
282.7194	1.3293	979.2	980.2	981.1		
282.7527	1.3140	979.2	980.2	981.0		
282.7860	1.3272	979.2	980.2	981.1		
282.8194	1.3228	979.2	980.3	981.1		
282.8527	1.3171	979.3	980.3	981.2		
282.8860	1.3206	979.2	980.3	981.2		
282.9194	1.3245	979.2	980.2	981.1		
282.9527	1.3245	979.2	980.2	981.1		
282.9860	1.3193	979.2	980.2	981.1		
283.0194	1.3210	979.3	980.3	981.2		
283.0527	1.3241	979.2	980.2	981.1		
283.0860	1.3188	979.2	980.2	981.1		
283.1194	1.3154	979.2	980.2	981.1		
283.1527	1.3206	979.2	980.2	981.1		
283.1860	1.3202	979.2	980.3	981.1		
283.2194	1.3298	979.3	980.3	981.1		
283.2527	1.3250	979.3	980.2	981.1		
283.2860	1.3237	979.2	980.2	981.1		
283.3194	1.3237	979.3	980.3	981.1		
283.3527	1.3272	979.3	980.3	981.2		
283.3860	1.3302	979.3	980.2	981.1		
283.4194	1.3237	979.3	980.3	981.1		
283.4527	1.3272	979.3	980.2	981.1		
283.4860	1.3237	979.2	980.3	981.1		
283.5194	1.3241	979.2	980.3	981.1		
283.5527	1.3263	979.3	980.4	981.3		
283.5860	1.3289	979.3	980.4	981.4		
283.6194	1.3223	979.3	980.3	981.2		
283.6527	1.3241	979.3	980.4	981.3		
283.6860	1.3267	979.2	980.3	981.2		
283.7194	1.3272	979.2	980.2	981.1		
283.7527	1.3232	979.2	980.3	981.1		
283.7860	1.3197	979.2	980.2	981.1		
283.8194	1.3293	979.2	980.3	981.1		
283.8527	1.3337	979.2	980.3	981.2		
283.8860	1.3280	979.3	980.3	981.1		
283.9194	1.3245	979.3	980.2	981.1		
283.9527	1.3298	979.3	980.2	981.1		
283.9860	1.3245	979.2	980.2	981.1		
284.0194	1.3293	979.2	980.3	981.1		
284.0527	1.3355	979.2	980.3	981.2		
284.0860	1.3298	979.3	980.2	981.1		
284.1194	1.3324	979.2	980.2	981.2		
284.1527	1.3254	979.3	980.3	981.2		
284.1860	1.3320	979.3	980.3	981.1		
284.2194	1.3267	979.2	980.2	981.1		
284.2527	1.3307	979.4	980.3	981.1		
284.2860	1.3241	979.3	980.3	981.1		
284.3194	1.3346	979.3	980.3	981.2		
284.3527	1.3398	979.2	980.2	981.1		
284.3860	1.3302	979.3	980.3	981.1		
284.4194	1.3298	979.3	980.3	981.1		
284.4527	1.3333	979.3	980.3	981.2		
284.4860	1.3337	979.4	980.3	981.2		
284.5194	1.3210	979.3	980.3	981.1		
284.5527	1.3302	979.3	980.3	981.2		
284.5860	1.3311	979.3	980.3	981.2		
284.6194	1.3245	979.4	980.3	981.2		
284.6527	1.3337	979.2	980.2	981.1		
284.6860	1.3315	979.2	980.3	981.2		
284.7194	1.3280	979.1	980.2	981.2		
284.7527	1.3276	979.2	980.3	981.1		
284.7860	1.3355	979.2	980.2	981.1		
284.8194	1.3337	979.3	980.2	981.1		
284.8527	1.3346	979.3	980.3	981.2		
284.8860	1.3359	979.3	980.3	981.2		
284.9194	1.3363	979.3	980.3	981.2		
284.9527	1.3381	979.2	980.2	981.1		
284.9860	1.3376	979.3	980.3	981.2		
285.0194	1.3368	979.2	980.3	981.1		
285.0527	1.3433	979.3	980.3	981.1		
285.0860	1.3433	979.3	980.3	981.1		
285.1194	1.3438	979.3	980.2	981.1		
285.1527	1.3398	979.3	980.3	981.2		
285.1860	1.3333	979.2	980.3	981.2		
285.2194	1.3385	979.2	980.2	981.1		
285.2527	1.3455	979.3	980.3	981.2		
285.2860	1.3420	979.2	980.3	981.2		
285.3194	1.3350	979.3	980.3	981.2		
285.3527	1.3442	979.3	980.2	981.2		
285.3860	1.3385	979.2	980.3	981.1		
285.4194	1.3324	979.3	980.2	981.1		
285.4527	1.3464	979.2	980.3	981.2		
285.4860	1.3363	979.3	980.3	981.2		
285.5194	1.3407	979.2	980.3	981.2		
285.5527	1.3473	979.3	980.2	981.1		
285.5860	1.3433	979.3	980.3	981.2		
285.6194	1.3394	979.3	980.2	981.1		
285.6527	1.3394	979.3	980.3	981.2		
285.6860	1.3420	979.3	980.3	981.1		
285.7194	1.3451	979.3	980.3	981.1		
285.7527	1.3490	979.3	980.3	981.2		
285.7860	1.3429	979.2	980.2	981.1		
285.8194	1.3416	979.2	980.3	981.2		
285.8527	1.3433	979.2	980.2	981.1		
285.8860	1.3516	979.3	980.2	981.2		
285.9194	1.3368	979.3	980.3	981.2		
285.9527	1.3433	979.2	980.2	981.2		
285.9860	1.3376	979.3	980.3	981.1		
286.0194	1.3460	979.2	980.2	981.1		
286.0527	1.3512	979.3	980.3	981.2		
286.0860	1.3438	979.3	980.3	981.2		
286.1194	1.3451	979.2	980.2	981.1		
286.1527	1.3468	979.3	980.3	981.1		
286.1860	1.3455	979.2	980.3	981.1		
286.2194	1.3534	979.2	980.3	981.1		
286.2527	1.3477	979.2	980.2	981.1		
286.2860	1.3547	979.2	980.3	981.1		
286.3194	1.3481	979.2	980.3	981.2		
286.3527	1.3425	979.3	980.4	981.2		
286.3860	1.3460	979.3	980.3	981.2		
286.4194	1.3425	979.3	980.3	981.2		
286.4527	1.3503	979.3	980.3	981.1		
286.4860	1.3442	979.3	980.3	981.1		
286.5194	1.3604	979.3	980.3	981.1		
286.5527	1.3499	979.2	980.3	981.1		
286.5860	1.3508	979.2	980.3	981.1		
286.6194	1.3499	979.3	980.3	981.1		
286.6527	1.3525	979.2	980.3	981.1		
286.6860	1.3455	979.3	980.3	981.1		
286.7194	1.3451	979.2	980.3	981.1		
286.7527	1.3551	979.3	980.3	981.2		
286.7860	1.3525	979.2	980.2	981.1		
286.8194	1.3490	979.3	980.3	981.2		
286.8527	1.3543	979.3	980.2	981.1		
286.8860	1.3516	979.2	980.2	981.0		
286.9194	1.3560	979.2	980.2	981.2		
286.9527	1.3516	979.2	980.3	981.1		
286.9860	1.3613	979.2	980.3	981.2		
287.0194	1.3569	979.2	980.3	981.2		
287.0527	1.3525	979.3	980.3	981.2		
287.0860	1.3490	979.3	980.3	981.2		
287.1194	1.3468	979.3	980.2	981.1		
287.1527	1.3556	979.3	980.3	981.2		
287.1860	1.3551	979.3	980.3	981.1		
287.2194	1.3534	979.2	980.3	981.1		
287.2527	1.3490	979.3	980.3	981.2		
287.2860	1.3634	979.3	980.2	981.1		
287.3194	1.3499	979.3	980.3	981.2		
287.3527	1.3626	979.3	980.3	981.1		
287.3860	1.3525	979.3	980.3	981.2		
287.4194	1.3582	979.2	980.2	981.1		
287.4527	1.3599	979.3	980.3	981.1		
287.4860	1.3525	979.3	980.2	981.1		
287.5194	1.3617	979.2	980.3	981.2		
287.5527	1.3569	979.3	980.3	981.2		
287.5860	1.3613	979.3	980.3	981.1		
287.6194	1.3578	979.3	980.3	981.2		
287.6527	1.3582	979.4	980.3	981.2		
287.6860	1.3591	979.3	980.3	981.2		
287.7194	1.3608	979.3	980.3	981.2		
287.7527	1.3521	979.2	980.3	981.1		
287.7860	1.3608	979.3	980.3	981.2		
287.8194	1.3569	979.3	980.3	981.2		
287.8527	1.3639	979.3	980.3	981.2		
287.8860	1.3564	979.3	980.3	981.2		
287.9194	1.3621	979.4	980.3	981.2		
287.9527	1.3661	979.3	980.3	981.2		
287.9860	1.3613	979.3	980.3	981.2		
288.0194	1.3647	979.3	980.3	981.2		
288.0527	1.3643	979.3	980.3	981.1		
288.0860	1.3630	979.2	980.3	981.1		
288.1194	1.3722	979.2	980.3	981.1		
288.1527	1.3586	979.3	980.3	981.2		
288.1860	1.3656	979.2	980.2	981.2		
288.2194	1.3643	979.3	980.3	981.2		
288.2527	1.3665	979.3	980.2	981.1		
288.2860	1.3661	979.3	980.3	981.2		
288.3194	1.3661	979.3	980.3	981.2		
288.3527	1.3608	979.2	980.3	981.2		
288.3860	1.3713	979.3	980.2	981.1		
288.4194	1.3569	979.2	980.3	981.1		
288.4527	1.3582	979.3	980.3	981.2		
288.4860	1.3691	979.2	980.3	981.1		
288.5194	1.3647	979.4	980.4	981.3		
288.5527	1.3656	979.3	980.3	981.2		
288.5860	1.3621	979.2	980.3	981.1		
288.6194	1.3674	979.3	980.3	981.2		
288.6527	1.3722	979.2	980.2	981.1		
288.6860	1.3621	979.3	980.3	981.2		
288.7194	1.3665	979.4	980.4	981.2		
288.7527	1.3608	979.3	980.3	981.2		
288.7860	1.3661	979.3	980.3	981.1		
288.8194	1.3682	979.3	980.3	981.1		
288.8527	1.3682	979.3	980.3	981.2		
288.8860	1.3739	979.3	980.3	981.2		
288.9194	1.3669	979.3	980.3	981.2		
288.9527	1.3722	979.3	980.3	981.1		
288.9860	1.3735	979.3	980.3	981.2		
289.0194	1.3752	979.2	980.2	981.1		
289.0527	1.3696	979.3	980.3	981.2		
289.0860	1.3669	979.2	980.3	981.1		
289.1194	1.3687	979.3	980.3	981.2		
289.1527	1.3748	979.3	980.3	981.3		
289.1860	1.3744	979.3	980.3	981.2		
289.2194	1.3700	979.2	980.3	981.1		
289.2527	1.3696	979.3	980.3	981.2		
289.2860	1.3713	979.3	980.3	981.2		
289.3194	1.3739	979.3	980.3	981.2		
289.3527	1.3669	979.3	980.3	981.2		
289.3860	1.3731	979.3	980.3	981.2		
289.4194	1.3774	979.3	980.3	981.1		
289.4527	1.3709	979.3	980.3	981.1		
289.4860	1.3805	979.3	980.3	981.2		
289.5194	1.3766	979.3	980.3	981.2		
289.5527	1.3774	979.3	980.3	981.2		
289.5860	1.3757	979.3	980.3	981.2		
289.6194	1.3796	979.3	980.3	981.2		
289.6527	1.3748	979.3	980.3	981.2		
289.6860	1.3731	979.3	980.3	981.1		
289.7194	1.3822	979.3	980.3	981.2		
289.7527	1.3766	979.3	980.3	981.2		
289.7860	1.3739	979.3	980.3	981.2		
289.8194	1.3739	979.3	980.3	981.3		
289.8527	1.3805	979.3	980.3	981.2		
289.8860	1.3800	979.3	980.3	981.2		
289.9194	1.3809	979.2	980.2	981.1		
289.9527	1.3748	979.2	980.3	981.1		
289.9860	1.3809	979.3	980.3	981.2		
290.0194	1.3853	979.3	980.3	981.2		
290.0527	1.3735	979.3	980.3	981.2		
290.0860	1.3809	979.3	980.3	981.2		
290.1194	1.3879	979.3	980.3	981.2		
290.1527	1.3822	979.2	980.2	981.2		
290.1860	1.3779	979.3	980.3	981.2		
290.2194	1.3831	979.2	980.3	981.2		
290.2527	1.3857	979.3	980.3	981.2		
290.2860	1.3752	979.3	980.3	981.2		
290.3194	1.3814	979.2	980.3	981.2		
290.3527	1.3809	979.2	980.2	981.1		
290.3860	1.3857	979.3	980.3	981.2		
290.4194	1.3779	979.3	980.3	981.2		
290.4527	1.3792	979.3	980.3	981.1		
290.4860	1.3875	979.3	980.3	981.2		
290.5194	1.3735	979.3	980.3	981.2		
290.5527	1.3844	979.3	980.3	981.2		
290.5860	1.3840	979.3	980.4	981.2		
290.6194	1.3879	979.2	980.3	981.1		
290.6527	1.3796	979.2	980.3	981.1		
290.6860	1.3879	979.2	980.3	981.2		
290.7194	1.3779	979.3	980.3	981.2		
290.7527	1.3857	979.3	980.3	981.2		
290.7860	1.3910	979.4	980.3	981.2		
290.8194	1.3884	979.3	980.4	981.3		
290.8527	1.3853	979.3	980.3	981.2		
290.8860	1.3853	979.2	980.3	981.1		
290.9194	1.3796	979.3	980.3	981.2		
290.9527	1.3857	979.3	980.3	981.2		
290.9860	1.3936	979.2	980.3	981.2		
291.0194	1.3779	979.3	980.3	981.2		
291.0527	1.3862	979.3	980.3	981.1		
291.0860	1.3932	979.2	980.2	981.1		
291.1194	1.3923	979.2	980.3	981.1		
291.1527	1.3910	979.3	980.3	981.2		
291.1860	1.3919	979.3	980.2	981.2		
291.2194	1.3862	979.3	980.4	981.3		
291.2527	1.3866	979.2	980.3	981.1		
291.2860	1.3879	979.3	980.2	981.1		
291.3194	1.3796	979.3	980.3	981.1		
291.3527	1.3905	979.2	980.2	981.1		
291.3860	1.3923	979.3	980.3	981.2		
291.4194	1.3862	979.3	980.3	981.3		
291.4527	1.3914	979.3	980.3	981.2		
291.4860	1.3914	979.2	980.2	981.2		
291.5194	1.3949	979.3	980.3	981.1		
291.5527	1.3866	979.3	980.3	981.2		
291.5860	1.3923	979.3	980.3	981.2		
291.6194	1.3905	979.2	980.3	981.1		
291.6527	1.3962	979.2	980.2	981.1		
291.6860	1.3932	979.2	980.1	980.9		
291.7194	1.3945	979.3	980.3	981.1		
291.7527	1.3914	979.3	980.3	981.1		
291.7860	1.4015	979.3	980.3	981.2		
291.8194	1.3923	979.3	980.3	981.2		
291.8527	1.3945	979.2	980.3	981.1		
291.8860	1.3962	979.3	980.3	981.2		
291.9194	1.4006	979.2	980.3	981.1		
291.9527	1.3919	979.3	980.2	981.1		
291.9860	1.3945	979.2	980.3	981.1		
292.0194	1.3936	979.4	980.3	981.2		
292.0527	1.3984	979.3	980.3	981.2		
292.0860	1.4076	979.3	980.2	981.1		
292.1194	1.3888	979.2	980.3	981.2		
292.1527	1.3988	979.3	980.3	981.2		
292.1860	1.3997	979.2	980.2	981.1		
292.2194	1.4058	979.2	980.2	981.2		
292.2527	1.3980	979.3	980.3	981.2		
292.2860	1.3927	979.3	980.2	981.2		
292.3194	1.4028	979.4	980.3	981.2		
292.3527	1.3984	979.3	980.3	981.2		
292.3860	1.4063	979.2	980.2	981.1		
292.4194	1.4063	979.3	980.3	981.2		
292.4527	1.3940	979.2	980.2	981.1		
292.4860	1.4037	979.3	980.3	981.2		
292.5194	1.3980	979.3	980.2	981.2		
292.5527	1.4019	979.3	980.3	981.2		
292.5860	1.4002	979.3	980.3	981.1		
292.6194	1.3975	979.3	980.3	981.2		
292.6527	1.4054	979.2	980.3	981.1		
292.6860	1.4050	979.2	980.2	981.1		
292.7194	1.4010	979.2	980.3	981.2		
292.7527	1.4019	979.2	980.3	981.2		
292.7860	1.3953	979.3	980.3	981.2		
292.8194	1.4089	979.4	980.3	981.2		
292.8527	1.4063	979.3	980.3	981.2		
292.8860	1.4002	979.3	980.4	981.3		
292.9194	1.4067	979.2	980.3	981.2		
292.9527	1.4085	979.3	980.3	981.2		
292.9860	1.4085	979.3	980.2	981.1		
293.0194	1.4023	979.3	980.3	981.1		
293.0527	1.4098	979.3	980.3	981.2		
293.0860	1.4133	979.3	980.3	981.2		
293.1194	1.4072	979.2	980.2	981.1		
293.1527	1.4006	979.2	980.2	981.1		
293.1860	1.4028	979.3	980.3	981.2		
293.2194	1.4106	979.3	980.3	981.2		
293.2527	1.4019	979.3	980.3	981.2		
293.2860	1.4159	979.4	980.3	981.2		
293.3194	1.4006	979.4	980.4	981.2		
293.3527	1.4076	979.3	980.3	981.2		
293.3860	1.4128	979.2	980.2	981.2		
293.4194	1.4120	979.2	980.3	981.2		
293.4527	1.4102	979.2	980.3	981.2		
293.4860	1.4146	979.3	980.4	981.3		
293.5194	1.4229	979.3	980.3	981.3		
293.5527	1.4124	979.3	980.3	981.2		
293.5860	1.4089	979.3	980.3	981.2		
293.6194	1.4045	979.2	980.2	981.2		
293.6527	1.4089	979.2	980.2	981.1		
293.6860	1.4203	979.2	980.3	981.2		
293.7194	1.4128	979.3	980.4	981.3		
293.7527	1.4124	979.3	980.4	981.3		
293.7860	1.4089	979.3	980.2	981.2		
293.8194	1.4168	979.3	980.3	981.2		
293.8527	1.4128	979.3	980.3	981.2		
293.8860	1.4102	979.3	980.2	981.2		
293.9194	1.4111	979.3	980.3	981.2		
293.9527	1.4181	979.3	980.3	981.2		
293.9860	1.4133	979.3	980.3	981.2		
294.0194	1.4067	979.3	980.3	981.2		
294.0527	1.4155	979.4	980.3	981.2		
294.0860	1.4133	979.3	980.3	981.2		
294.1194	1.4133	979.3	980.3	981.1		
294.1527	1.4207	979.3	980.2	981.1		
294.1860	1.4216	979.3	980.4	981.3		
294.2194	1.4225	979.3	980.4	981.3		
294.2527	1.4058	979.3	980.3	981.3		
294.2860	1.4106	979.3	980.4	981.3		
294.3194	1.4063	979.3	980.4	981.3		
294.3527	1.4203	979.2	980.3	981.2		
294.3860	1.4106	979.3	980.3	981.2		
294.4194	1.4251	979.2	980.3	981.1		
294.4527	1.4172	979.3	980.3	981.2		
294.4860	1.4133	979.3	980.3	981.3		
294.5194	1.4141	979.3	980.3	981.2		
294.5527	1.4273	979.3	980.4	981.4		
294.5860	1.4168	979.3	980.3	981.3		
294.6194	1.4194	979.3	980.3	981.2		
294.6527	1.4281	979.2	980.3	981.3		
294.6860	1.4194	979.3	980.3	981.2		
294.7194	1.4194	979.3	980.3	981.1		
294.7527	1.4176	979.3	980.3	981.2		
294.7860	1.4181	979.3	980.3	981.3		
294.8194	1.4203	979.3	980.3	981.2		
294.8527	1.4168	979.3	980.3	981.1		
294.8860	1.4133	979.3	980.3	981.2		
294.9194	1.4251	979.3	980.3	981.2		
294.9527	1.4264	979.3	980.3	981.2		
294.9860	1.4273	979.3	980.3	981.2		
295.0194	1.4294	979.3	980.3	981.2		
295.0527	1.4233	979.3	980.3	981.2		
295.0860	1.4264	979.3	980.3	981.2		
295.1194	1.4321	979.3	980.3	981.2		
295.1527	1.4233	979.2	980.2	981.2		
295.1860	1.4281	979.3	980.2	981.1		
295.2194	1.4242	979.3	980.3	981.1		
295.2527	1.4238	979.4	980.4	981.2		
295.2860	1.4264	979.3	980.4	981.3		
295.3194	1.4303	979.3	980.4	981.4		
295.3527	1.4251	979.3	980.3	981.2		
295.3860	1.4242	979.3	980.3	981.2		
295.4194	1.4233	979.2	980.3	981.2		
295.4527	1.4290	979.2	980.2	981.1		
295.4860	1.4207	979.2	980.2	981.1		
295.5194	1.4329	979.4	980.4	981.4		
295.5527	1.4238	979.4	980.4	981.3		
295.5860	1.4286	979.3	980.3	981.2		
295.6194	1.4233	979.2	980.3	981.2		
295.6527	1.4277	979.3	980.3	981.2		
295.6860	1.4268	979.3	980.3	981.3		
295.7194	1.4281	979.3	980.3	981.3		
295.7527	1.4268	979.3	980.3	981.2		
295.7860	1.4386	979.3	980.3	981.2		
295.8194	1.4312	979.3	980.2	981.3		
295.8527	1.4211	979.3	980.3	981.2		
295.8860	1.4246	979.3	980.3	981.3		
295.9194	1.4426	979.3	980.3	981.3		
295.9527	1.4338	979.3	980.2	981.2		
295.9860	1.4391	979.2	980.3	981.2		
296.0194	1.4316	979.3	980.4	981.2		
296.0527	1.4312	979.4	980.3	981.2		
296.0860	1.4321	979.3	980.3	981.3		
296.1194	1.4312	979.4	980.3	981.2		
296.1527	1.4325	979.4	980.4	981.4		
296.1860	1.4364	979.3	980.3	981.2		
296.2194	1.4303	979.3	980.3	981.3		
296.2527	1.4412	979.3	980.3	981.2		
296.2860	1.4325	979.2	980.2	981.1		
296.3194	1.4308	979.4	980.4	981.4		
296.3527	1.4404	979.4	980.4	981.4		
296.3860	1.4351	979.3	980.3	981.3		
296.4194	1.4360	979.4	980.4	981.3		
296.4527	1.4408	979.4	980.3	981.2		
296.4860	1.4452	979.3	980.3	981.2		
296.5194	1.4456	979.3	980.3	981.2		
296.5527	1.4399	979.3	980.3	981.2		
296.5860	1.4356	979.4	980.4	981.2		
296.6194	1.4334	979.3	980.3	981.2		
296.6527	1.4364	979.4	980.3	981.3		
296.6860	1.4343	979.3	980.3	981.2		
296.7194	1.4404	979.3	980.2	981.2		
296.7527	1.4347	979.3	980.2	981.2		
296.7860	1.4369	979.2	980.2	981.2		
296.8194	1.4347	979.2	980.3	981.2		
296.8527	1.4386	979.3	980.3	981.2		
296.8860	1.4408	979.3	980.3	981.2		
296.9194	1.4447	979.3	980.3	981.2		
296.9527	1.4364	979.3	980.3	981.2		
296.9860	1.4386	979.3	980.2	981.1		
297.0194	1.4378	979.4	980.3	981.2		
297.0527	1.4382	979.3	980.3	981.2		
297.0860	1.4474	979.3	980.3	981.2		
297.1194	1.4417	979.2	980.3	981.2		
297.1527	1.4461	979.3	980.3	981.3		
297.1860	1.4382	979.3	980.3	981.1		
297.2194	1.4443	979.3	980.3	981.2		
297.2527	1.4404	979.2	980.3	981.2		
297.2860	1.4434	979.4	980.3	981.2		
297.3194	1.4421	979.3	980.3	981.2		
297.3527	1.4461	979.3	980.3	981.2		
297.3860	1.4447	979.3	980.2	981.2		
297.4194	1.4347	979.3	980.3	981.2		
297.4527	1.4482	979.2	980.3	981.2		
297.4860	1.4443	979.3	980.3	981.2		
297.5194	1.4443	979.4	980.3	981.3		
297.5527	1.4526	979.4	980.4	981.4		
297.5860	1.4478	979.4	980.4	981.4		
297.6194	1.4439	979.4	980.3	981.2		
297.6527	1.4469	979.3	980.3	981.2		
297.6860	1.4456	979.3	980.3	981.2		
297.7194	1.4522	979.3	980.4	981.3		
297.7527	1.4500	979.2	980.2	981.2		
297.7860	1.4487	979.3	980.3	981.2		
297.8194	1.4504	979.3	980.3	981.3		
297.8527	1.4456	979.3	980.3	981.3		
297.8860	1.4456	979.4	980.3	981.2		
297.9194	1.4461	979.4	980.3	981.3		
297.9527	1.4513	979.4	980.3	981.2		
297.9860	1.4522	979.3	980.2	981.2		
298.0194	1.4552	979.3	980.3	981.2		
298.0527	1.4504	979.3	980.3	981.3		
298.0860	1.4614	979.3	980.3	981.2		
298.1194	1.4461	979.3	980.3	981.2		
298.1527	1.4461	979.4	980.3	981.3		
298.1860	1.4478	979.3	980.3	981.3		
298.2194	1.4504	979.4	980.4	981.3		
298.2527	1.4491	979.3	980.3	981.2		
298.2860	1.4548	979.3	980.3	981.2		
298.3194	1.4526	979.3	980.4	981.3		
298.3527	1.4600	979.3	980.3	981.2		
298.3860	1.4583	979.3	980.3	981.2		
298.4194	1.4539	979.3	980.3	981.2		
298.4527	1.4565	979.3	980.3	981.2		
298.4860	1.4544	979.4	980.4	981.3		
298.5194	1.4587	979.3	980.3	981.4		
298.5527	1.4535	979.3	980.2	981.2		
298.5860	1.4504	979.3	980.3	981.2		
298.6194	1.4535	979.2	980.3	981.2		
298.6527	1.4605	979.3	980.3	981.3		
298.6860	1.4548	979.3	980.3	981.2		
298.7194	1.4631	979.3	980.3	981.3		
298.7527	1.4500	979.4	980.3	981.3		
298.7860	1.4504	979.4	980.4	981.3		
298.8194	1.4579	979.4	980.3	981.3		
298.8527	1.4635	979.3	980.3	981.2		
298.8860	1.4609	979.4	980.4	981.4		
298.9194	1.4679	979.3	980.2	981.2		
298.9527	1.4622	979.4	980.4	981.3		
298.9860	1.4574	979.3	980.4	981.3		
299.0194	1.4644	979.3	980.3	981.3		
299.0527	1.4579	979.3	980.3	981.3		
299.0860	1.4552	979.3	980.2	981.1		
299.1194	1.4592	979.3	980.3	981.1		
299.1527	1.4653	979.4	980.3	981.3		
299.1860	1.4587	979.3	980.2	981.2		
299.2194	1.4635	979.3	980.3	981.2		
299.2527	1.4622	979.3	980.3	981.3		
299.2860	1.4666	979.2	980.3	981.2		
299.3194	1.4692	979.3	980.2	981.2		
299.3527	1.4679	979.3	980.3	981.2		
299.3860	1.4583	979.4	980.4	981.3		
299.4194	1.4684	979.3	980.3	981.3		
299.4527	1.4635	979.4	980.3	981.3		
299.4860	1.4675	979.3	980.3	981.3		
299.5194	1.4679	979.3	980.4	981.4		
299.5527	1.4635	979.4	980.4	981.4		
299.5860	1.4640	979.3	980.3	981.3		
299.6194	1.4666	979.3	980.3	981.4		
299.6527	1.4666	979.4	980.4	981.4		
299.6860	1.4587	979.4	980.4	981.4		
299.7194	1.4662	979.3	980.3	981.3		
299.7527	1.4662	979.3	980.4	981.4		
299.7860	1.4662	979.4	980.4	981.3		
299.8194	1.4710	979.3	980.4	981.4		
299.8527	1.4653	979.3	980.3	981.3		
299.8860	1.4732	979.3	980.2	981.3		
299.9194	1.4727	979.4	980.4	981.4		
299.9527	1.4609	979.3	980.4	981.4		
299.9860	1.4653	979.4	980.3	981.3		
300.0194	1.4670	979.4	980.4	981.4		
300.0527	1.4635	979.3	980.3	981.4		
300.0860	1.4684	979.3	980.4	981.4		
300.1194	1.4679	979.3	980.3	981.3		
300.1527	1.4692	979.3	980.3	981.4		
300.1860	1.4762	979.3	980.3	981.3		
300.2194	1.4745	979.3	980.3	981.4		
300.2527	1.4727	979.3	980.4	981.4		
300.2860	1.4771	979.3	980.3	981.4		
300.3194	1.4657	979.4	980.3	981.4		
300.3527	1.4692	979.3	980.2	981.2		
300.3860	1.4775	979.3	980.3	981.4		
300.4194	1.4802	979.3	980.3	981.3		
300.4527	1.4802	979.3	980.3	981.2		
300.4860	1.4679	979.3	980.3	981.3		
300.5194	1.4745	979.4	980.4	981.4		
300.5527	1.4736	979.3	980.4	981.4		
300.5860	1.4705	979.4	980.4	981.5		
300.6194	1.4806	979.3	980.3	981.4		
300.6527	1.4810	979.4	980.3	981.5		
300.6860	1.4745	979.3	980.3	981.5		
300.7194	1.4793	979.3	980.4	981.5		
300.7527	1.4758	979.4	980.3	981.5		
300.7860	1.4810	979.3	980.4	981.4		
300.8194	1.4771	979.3	980.3	981.4		
300.8527	1.4841	979.3	980.3	981.4		
300.8860	1.4797	979.3	980.3	981.4		
300.9194	1.4762	979.4	980.4	981.4		
300.9527	1.4797	979.3	980.2	981.3		
300.9860	1.4780	979.3	980.3	981.3		
301.0194	1.4806	979.3	980.3	981.5		
301.0527	1.4753	979.3	980.3	981.5		
301.0860	1.4828	979.3	980.3	981.4		
301.1194	1.4828	979.3	980.3	981.4		
301.1527	1.4810	979.4	980.4	981.5		
301.1860	1.4889	979.3	980.3	981.4		
301.2194	1.4797	979.4	980.3	981.4		
301.2527	1.4828	979.4	980.4	981.5		
301.2860	1.4885	979.4	980.4	981.5		
301.3194	1.4775	979.4	980.3	981.5		
301.3527	1.4784	979.4	980.3	981.5		
301.3860	1.4841	979.4	980.3	981.5		
301.4194	1.4802	979.3	980.3	981.5		
301.4527	1.4767	979.3	980.4	981.5		
301.4860	1.4876	979.3	980.3	981.5		
301.5194	1.4758	979.3	980.3	981.5		
301.5527	1.4854	979.4	980.3	981.4		
301.5860	1.4780	979.4	980.3	981.4		
301.6194	1.4854	979.4	980.3	981.4		
301.6527	1.4902	979.4	980.3	981.5		
301.6860	1.4898	979.4	980.3	981.5		
301.7194	1.4885	979.3	980.3	981.4		
301.7527	1.4898	979.4	980.4	981.5		
301.7860	1.4854	979.2	980.2	981.3		
301.8194	1.4780	979.4	980.4	981.6		
301.8527	1.4893	979.4	980.4	981.5		
301.8860	1.4810	979.4	980.3	981.5		
301.9194	1.4937	979.4	980.3	981.5		
301.9527	1.4920	979.3	980.3	981.4		
301.9860	1.4941	979.3	980.2	981.4		
302.0194	1.4863	979.3	980.3	981.4		
302.0527	1.4920	979.3	980.3	981.4		
302.0860	1.4889	979.3	980.3	981.4		
302.1194	1.4955	979.3	980.3	981.5		
302.1527	1.4902	979.4	980.3	981.5		
302.1860	1.4893	979.4	980.4	981.6		
302.2194	1.4863	979.4	980.4	981.5		
302.2527	1.4889	979.4	980.4	981.5		
302.2860	1.4867	979.4	980.4	981.6		
302.3194	1.4950	979.4	980.4	981.6		
302.3527	1.4880	979.3	980.3	981.4		
302.3860	1.4972	979.3	980.3	981.5		
302.4194	1.4959	979.3	980.3	981.5		
302.4527	1.4950	979.3	980.3	981.5		
302.4860	1.4915	979.3	980.3	981.5		
302.5194	1.4920	979.4	980.3	981.5		
302.5527	1.4924	979.4	980.4	981.5		
302.5860	1.5046	979.4	980.3	981.5		
302.6194	1.4911	979.4	980.3	981.6		
302.6527	1.4889	979.3	980.4	981.5		
302.6860	1.4950	979.2	980.3	981.4		
302.7194	1.4920	979.3	980.3	981.4		
302.7527	1.4941	979.3	980.4	981.6		
302.7860	1.5024	979.3	980.3	981.5		
302.8194	1.4955	979.4	980.4	981.6		
302.8527	1.4906	979.4	980.3	981.5		
302.8860	1.4976	979.3	980.3	981.5		
302.9194	1.4950	979.4	980.4	981.6		
302.9527	1.4998	979.4	980.4	981.7		
302.9860	1.5038	979.4	980.4	981.6		
303.0194	1.4941	979.3	980.3	981.5		
303.0527	1.5090	979.3	980.3	981.6		
303.0860	1.4981	979.3	980.4	981.5		
303.1194	1.5038	979.3	980.3	981.6		
303.1527	1.4941	979.3	980.3	981.5		
303.1860	1.4968	979.4	980.3	981.5		
303.2194	1.4946	979.4	980.3	981.5		
303.2527	1.5016	979.4	980.4	981.5		
303.2860	1.4976	979.3	980.3	981.5		
303.3194	1.5042	979.3	980.3	981.6		
303.3527	1.5003	979.3	980.3	981.5		
303.3860	1.5042	979.3	980.3	981.5		
303.4194	1.5042	979.3	980.3	981.5		
303.4527	1.5099	979.3	980.3	981.6		
303.4860	1.5042	979.3	980.3	981.5		
303.5194	1.5003	979.4	980.4	981.6		
303.5527	1.5029	979.4	980.3	981.6		
303.5860	1.5081	979.3	980.3	981.5		
303.6194	1.5086	979.3	980.3	981.5		
303.6527	1.5103	979.3	980.3	981.5		
303.6860	1.5020	979.4	980.4	981.6		
303.7194	1.5059	979.3	980.3	981.4		
303.7527	1.5064	979.3	980.3	981.6		
303.7860	1.5108	979.3	980.3	981.5		
303.8194	1.5068	979.3	980.3	981.6		
303.8527	1.5033	979.3	980.3	981.5		
303.8860	1.5007	979.4	980.3	981.7		
303.9194	1.5042	979.3	980.3	981.6		
303.9527	1.5090	979.3	980.3	981.6		
303.9860	1.5051	979.3	980.3	981.6		
304.0194	1.5134	979.3	980.3	981.5		
304.0527	1.5112	979.3	980.4	981.5		
304.0860	1.5090	979.3	980.3	981.6		
304.1194	1.5077	979.3	980.2	981.5		
304.1527	1.5055	979.4	980.3	981.6		
304.1860	1.5024	979.3	980.3	981.6		
304.2194	1.5094	979.3	980.3	981.5		
304.2527	1.5086	979.3	980.3	981.6		
304.2860	1.5094	979.4	980.4	981.6		
304.3194	1.5116	979.3	980.3	981.5		
304.3527	1.5121	979.3	980.3	981.6		
304.3860	1.5086	979.3	980.3	981.6		
304.4194	1.5064	979.3	980.3	981.6		
304.4527	1.5182	979.5	980.5	981.8		
304.4860	1.5164	979.4	980.4	981.7		
304.5194	1.5099	979.3	980.3	981.5		
304.5527	1.5125	979.3	980.3	981.5		
304.5860	1.5138	979.3	980.3	981.6		
304.6194	1.5156	979.2	980.3	981.6		
304.6527	1.5134	979.4	980.3	981.5		
304.6860	1.5199	979.2	980.2	981.4		
304.7194	1.5143	979.3	980.3	981.6		
304.7527	1.5169	979.2	980.2	981.4		
304.7860	1.5094	979.3	980.3	981.6		
304.8194	1.5182	979.4	980.3	981.6		
304.8527	1.5182	979.3	980.3	981.6		
304.8860	1.5160	979.3	980.2	981.5		
304.9194	1.5138	979.3	980.3	981.5		
304.9527	1.5204	979.3	980.3	981.6		
304.9860	1.5191	979.3	980.4	981.6		
305.0194	1.5177	979.3	980.4	981.6		
305.0527	1.5121	979.4	980.3	981.6		
305.0860	1.5186	979.3	980.3	981.5		
305.1194	1.5125	979.4	980.3	981.6		
305.1527	1.5177	979.2	980.2	981.5		
305.1860	1.5182	979.3	980.3	981.6		
305.2194	1.5191	979.3	980.3	981.6		
305.2527	1.5239	979.3	980.3	981.6		
305.2860	1.5195	979.3	980.4	981.6		
305.3194	1.5252	979.2	980.3	981.6		
305.3527	1.5208	979.2	980.2	981.5		
305.3860	1.5230	979.4	980.4	981.6		
305.4194	1.5217	979.3	980.2	981.6		
305.4527	1.5269	979.3	980.3	981.6		
305.4860	1.5247	979.4	980.4	981.7		
305.5194	1.5300	979.3	980.3	981.6		
305.5527	1.5265	979.3	980.2	981.5		
305.5860	1.5265	979.2	980.3	981.6		
305.6194	1.5217	979.4	980.3	981.6		
305.6527	1.5125	979.3	980.3	981.5		
305.6860	1.5243	979.3	980.3	981.6		
305.7194	1.5239	979.4	980.4	981.7		
305.7527	1.5212	979.4	980.4	981.7		
305.7860	1.5313	979.3	980.4	981.7		
305.8194	1.5239	979.3	980.3	981.7		
305.8527	1.5221	979.3	980.3	981.5		
305.8860	1.5282	979.4	980.3	981.6		
305.9194	1.5365	979.3	980.3	981.6		
305.9527	1.5252	979.4	980.3	981.6		
305.9860	1.5291	979.3	980.3	981.6		
306.0194	1.5322	979.3	980.3	981.6		
306.0527	1.5291	979.3	980.3	981.5		
306.0860	1.5291	979.3	980.2	981.6		
306.1194	1.5300	979.3	980.3	981.6		
306.1527	1.5278	979.3	980.3	981.6		
306.1860	1.5239	979.4	980.3	981.6		
306.2194	1.5313	979.3	980.3	981.6		
306.2527	1.5252	979.4	980.4	981.7		
306.2860	1.5313	979.2	980.3	981.6		
306.3194	1.5344	979.3	980.3	981.7		
306.3527	1.5296	979.3	980.3	981.7		
306.3860	1.5361	979.3	980.3	981.6		
306.4194	1.5282	979.4	980.3	981.6		
306.4527	1.5326	979.4	980.3	981.7		
306.4860	1.5352	979.3	980.3	981.6		
306.5194	1.5296	979.4	980.4	981.6		
306.5527	1.5352	979.3	980.3	981.6		
306.5860	1.5352	979.3	980.3	981.7		
306.6194	1.5405	979.3	980.3	981.6		
306.6527	1.5387	979.4	980.3	981.7		
306.6860	1.5405	979.3	980.3	981.7		
306.7194	1.5466	979.4	980.4	981.7		
306.7527	1.5287	979.3	980.3	981.6		
306.7860	1.5435	979.2	980.2	981.5		
306.8194	1.5304	979.3	980.3	981.6		
306.8527	1.5304	979.3	980.3	981.6		
306.8860	1.5462	979.4	980.3	981.7		
306.9194	1.5409	979.4	980.3	981.7		
306.9527	1.5357	979.3	980.2	981.7		
306.9860	1.5309	979.3	980.3	981.7		
307.0194	1.5374	979.3	980.2	981.5		
307.0527	1.5383	979.3	980.2	981.6		
307.0860	1.5387	979.3	980.2	981.6		
307.1194	1.5392	979.3	980.4	981.8		
307.1527	1.5383	979.4	980.4	981.8		
307.1860	1.5475	979.4	980.4	981.8		
307.2194	1.5431	979.3	980.3	981.7		
307.2527	1.5427	979.3	980.2	981.5		
307.2860	1.5449	979.3	980.2	981.6		
307.3194	1.5400	979.4	980.3	981.6		
307.3527	1.5418	979.5	980.5	982.0		
307.3860	1.5409	979.4	980.4	981.8		
307.4194	1.5457	979.4	980.4	981.7		
307.4527	1.5501	979.2	980.3	981.6		
307.4860	1.5400	979.3	980.3	981.7		
307.5194	1.5492	979.4	980.3	981.7		
307.5527	1.5383	979.4	980.3	981.7		
307.5860	1.5435	979.3	980.3	981.7		
307.6194	1.5453	979.4	980.4	981.7		
307.6527	1.5449	979.3	980.3	981.7		
307.6860	1.5427	979.3	980.3	981.7		
307.7194	1.5444	979.3	980.3	981.7		
307.7527	1.5475	979.3	980.3	981.6		
307.7860	1.5418	979.3	980.3	981.6		
307.8194	1.5440	979.4	980.4	981.7		
307.8527	1.5414	979.4	980.3	981.6		
307.8860	1.5479	979.4	980.3	981.8		
307.9194	1.5505	979.4	980.4	981.7		
307.9527	1.5501	979.3	980.3	981.6		
307.9860	1.5510	979.4	980.3	981.6		
308.0194	1.5483	979.3	980.2	981.5		
308.0527	1.5405	979.3	980.3	981.6		
308.0860	1.5523	979.3	980.3	981.6		
308.1194	1.5588	979.3	980.3	981.7		
308.1527	1.5540	979.4	980.3	981.7		
308.1860	1.5466	979.4	980.3	981.7		
308.2194	1.5602	979.4	980.4	981.7		
308.2527	1.5479	979.4	980.3	981.7		
308.2860	1.5545	979.2	980.3	981.6		
308.3194	1.5444	979.3	980.3	981.6		
308.3527	1.5470	979.3	980.3	981.7		
308.3860	1.5623	979.3	980.3	981.7		
308.4194	1.5488	979.4	980.4	981.8		
308.4527	1.5532	979.4	980.4	981.8		
308.4860	1.5545	979.3	980.3	981.7		
308.5194	1.5593	979.3	980.3	981.6		
308.5527	1.5593	979.3	980.3	981.6		
308.5860	1.5588	979.3	980.3	981.6		
308.6194	1.5567	979.3	980.3	981.6		
308.6527	1.5518	979.4	980.4	981.7		
308.6860	1.5553	979.3	980.3	981.7		
308.7194	1.5449	979.3	980.3	981.7		
308.7527	1.5501	979.3	980.4	981.7		
308.7860	1.5680	979.3	980.3	981.7		
308.8194	1.5628	979.3	980.4	981.7		
308.8527	1.5588	979.4	980.3	981.6		
308.8860	1.5615	979.3	980.3	981.7		
308.9194	1.5571	979.3	980.3	981.7		
308.9527	1.5571	979.4	980.4	981.7		
308.9860	1.5602	979.4	980.3	981.7		
309.0194	1.5558	979.3	980.4	981.7		
309.0527	1.5571	979.3	980.3	981.6		
309.0860	1.5588	979.4	980.3	981.7		
309.1194	1.5667	979.3	980.3	981.6		
309.1527	1.5606	979.3	980.3	981.7		
309.1860	1.5619	979.3	980.4	981.8		
309.2194	1.5571	979.4	980.3	981.7		
309.2527	1.5641	979.4	980.3	981.7		
309.2860	1.5654	979.3	980.3	981.7		
309.3194	1.5680	979.3	980.3	981.7		
309.3527	1.5680	979.2	980.3	981.7		
309.3860	1.5663	979.3	980.3	981.7		
309.4194	1.5575	979.3	980.3	981.6		
309.4527	1.5689	979.4	980.4	981.7		
309.4860	1.5610	979.4	980.4	981.7		
309.5194	1.5641	979.4	980.4	981.7		
309.5527	1.5645	979.3	980.3	981.6		
309.5860	1.5658	979.4	980.4	981.6		
309.6194	1.5676	979.3	980.3	981.6		
309.6527	1.5733	979.3	980.4	981.8		
309.6860	1.5706	979.4	980.4	981.8		
309.7194	1.5628	979.3	980.4	981.7		
309.7527	1.5706	979.4	980.4	981.7		
309.7860	1.5663	979.3	980.3	981.7		
309.8194	1.5689	979.4	980.4	981.7		
309.8527	1.5724	979.2	980.3	981.6		
309.8860	1.5755	979.2	980.2	981.6		
309.9194	1.5746	979.2	980.3	981.7		
309.9527	1.5658	979.3	980.3	981.7		
309.9860	1.5619	979.4	980.3	981.7		
310.0194	1.5728	979.3	980.4	981.8		
310.0527	1.5676	979.4	980.3	981.6		
310.0860	1.5658	979.4	980.4	981.8		
310.1194	1.5715	979.4	980.3	981.6		
310.1527	1.5733	979.3	980.3	981.6		
310.1860	1.5689	979.3	980.3	981.7		
310.2194	1.5733	979.3	980.3	981.7		
310.2527	1.5746	979.4	980.4	981.7		
310.2860	1.5733	979.3	980.3	981.7		
310.3194	1.5776	979.3	980.3	981.7		
310.3527	1.5698	979.4	980.4	981.7		
310.3860	1.5728	979.3	980.3	981.7		
310.4194	1.5720	979.4	980.3	981.7		
310.4527	1.5728	979.3	980.3	981.7		
310.4860	1.5763	979.3	980.3	981.7		
310.5194	1.5720	979.3	980.4	981.8		
310.5527	1.5641	979.3	980.3	981.7		
310.5860	1.5750	979.4	980.3	981.7		
310.6194	1.5781	979.4	980.4	981.8		
310.6527	1.5776	979.4	980.3	981.7		
310.6860	1.5759	979.4	980.4	981.8		
310.7194	1.5816	979.4	980.3	981.7		
310.7527	1.5755	979.4	980.4	981.8		
310.7860	1.5772	979.4	980.4	981.8		
310.8194	1.5846	979.4	980.4	981.8		
310.8527	1.5728	979.4	980.4	981.8		
310.8860	1.5776	979.3	980.4	981.7		
310.9194	1.5824	979.4	980.3	981.7		
310.9527	1.5789	979.3	980.2	981.6		
310.9860	1.5824	979.3	980.3	981.6		
311.0194	1.5838	979.3	980.3	981.7		
311.0527	1.5807	979.4	980.4	981.7		
311.0860	1.5798	979.4	980.3	981.7		
311.1194	1.5789	979.3	980.4	981.8		
311.1527	1.5741	979.3	980.4	981.7		
311.1860	1.5741	979.4	980.3	981.7		
311.2194	1.5785	979.4	980.4	981.8		
311.2527	1.5868	979.4	980.3	981.8		
311.2860	1.5816	979.4	980.3	981.7		
311.3194	1.5864	979.4	980.4	981.7		
311.3527	1.5798	979.3	980.3	981.7		
311.3860	1.5807	979.4	980.3	981.7		
311.4194	1.5746	979.3	980.3	981.7		
311.4527	1.5842	979.4	980.3	981.7		
311.4860	1.5755	979.4	980.3	981.8		
311.5194	1.5807	979.3	980.3	981.7		
311.5527	1.5868	979.3	980.3	981.7		
311.5860	1.5877	979.3	980.3	981.7		
311.6194	1.5807	979.4	980.4	981.8		
311.6527	1.5899	979.3	980.3	981.7		
311.6860	1.5846	979.4	980.4	981.8		
311.7194	1.5881	979.4	980.4	981.8		
311.7527	1.5864	979.4	980.3	981.7		
311.7860	1.5842	979.3	980.3	981.7		
311.8194	1.5912	979.3	980.3	981.7		
311.8527	1.5877	979.3	980.3	981.7		
311.8860	1.5864	979.3	980.3	981.6		
311.9194	1.5881	979.4	980.4	981.8		
311.9527	1.5973	979.4	980.3	981.7		
311.9860	1.5873	979.4	980.3	981.7		
312.0194	1.5977	979.4	980.3	981.7		
312.0527	1.5942	979.3	980.3	981.6		
312.0860	1.5995	979.4	980.3	981.7		
312.1194	1.5916	979.4	980.4	981.8		
312.1527	1.5890	979.4	980.4	981.8		
312.1860	1.5942	979.3	980.3	981.7		
312.2194	1.5938	979.4	980.3	981.7		
312.2527	1.6004	979.4	980.4	981.8		
312.2860	1.5960	979.4	980.4	981.8		
312.3194	1.5859	979.4	980.3	981.8		
312.3527	1.5912	979.3	980.3	981.6		
312.3860	1.5947	979.3	980.3	981.6		
312.4194	1.6030	979.3	980.4	981.8		
312.4527	1.5908	979.3	980.4	981.8		
312.4860	1.5921	979.3	980.3	981.8		
312.5194	1.6008	979.3	980.3	981.8		
312.5527	1.5938	979.4	980.3	981.7		
312.5860	1.5991	979.3	980.3	981.7		
312.6194	1.5938	979.2	980.2	981.6		
312.6527	1.5973	979.3	980.3	981.7		
312.6860	1.5964	979.3	980.3	981.7		
312.7194	1.5986	979.3	980.3	981.8		
312.7527	1.5977	979.4	980.4	981.8		
312.7860	1.5921	979.5	980.4	981.9		
312.8194	1.6021	979.4	980.3	981.8		
312.8527	1.5986	979.3	980.4	981.7		
312.8860	1.5995	979.3	980.3	981.8		
312.9194	1.6030	979.3	980.3	981.7		
312.9527	1.5956	979.3	980.3	981.7		
312.9860	1.6026	979.3	980.3	981.7		
313.0194	1.6034	979.4	980.4	981.8		
313.0527	1.6008	979.4	980.4	981.7		
313.0860	1.5969	979.5	980.4	981.8		
313.1194	1.6047	979.4	980.3	981.7		
313.1527	1.5977	979.3	980.4	981.7		
313.1860	1.6109	979.3	980.3	981.7		
313.2194	1.6034	979.4	980.4	981.7		
313.2527	1.6061	979.4	980.4	981.8		
313.2860	1.6052	979.4	980.4	981.8		
313.3194	1.6030	979.3	980.3	981.7		
313.3527	1.6126	979.4	980.4	981.9		
313.3860	1.6100	979.4	980.4	981.8		
313.4194	1.6113	979.4	980.4	981.8		
313.4527	1.6082	979.4	980.4	981.8		
313.4860	1.6109	979.3	980.4	981.7		
313.5194	1.6061	979.3	980.3	981.8		
313.5527	1.6227	979.4	980.4	981.7		
313.5860	1.6095	979.4	980.3	981.7		
313.6194	1.6069	979.3	980.3	981.7		
313.6527	1.6043	979.5	980.4	981.8		
313.6860	1.6117	979.4	980.4	981.8		
313.7194	1.6095	979.4	980.4	981.8		
313.7527	1.6113	979.4	980.4	981.8		
313.7860	1.6148	979.3	980.4	981.7		
313.8194	1.6139	979.4	980.3	981.7		
313.8527	1.6113	979.3	980.3	981.7		
313.8860	1.6069	979.4	980.4	981.8		
313.9194	1.6104	979.4	980.4	981.8		
313.9527	1.6095	979.4	980.4	981.7		
313.9860	1.6117	979.4	980.3	981.7		
314.0194	1.6235	979.4	980.4	981.8		
314.0527	1.6257	979.4	980.4	981.8		
314.0860	1.6161	979.4	980.4	981.9		
314.1194	1.6144	979.4	980.4	981.8		
314.1527	1.6187	979.4	980.4	981.8		
314.1860	1.6122	979.3	980.4	981.8		
314.2194	1.6179	979.4	980.4	981.8		
314.2527	1.6130	979.5	980.4	981.8		
314.2860	1.6130	979.4	980.3	981.7		
314.3194	1.6209	979.4	980.3	981.7		
314.3527	1.6104	979.3	980.3	981.7		
314.3860	1.6240	979.3	980.3	981.8		
314.4194	1.6117	979.4	980.3	981.8		
314.4527	1.6222	979.4	980.4	981.8		
314.4860	1.6192	979.4	980.4	981.9		
314.5194	1.6170	979.4	980.3	981.8		
314.5527	1.6144	979.3	980.3	981.7		
314.5860	1.6139	979.3	980.3	981.6		
314.6194	1.6148	979.3	980.4	981.7		
314.6527	1.6257	979.3	980.3	981.8		
314.6860	1.6257	979.4	980.4	981.9		
314.7194	1.6196	979.4	980.4	981.9		
314.7527	1.6218	979.4	980.4	981.8		
314.7860	1.6270	979.5	980.4	981.7		
314.8194	1.6200	979.5	980.4	981.8		
314.8527	1.6235	979.4	980.3	981.7		
314.8860	1.6222	979.4	980.3	981.7		
314.9194	1.6301	979.4	980.3	981.7		
314.9527	1.6196	979.3	980.4	981.8		
314.9860	1.6152	979.4	980.3	981.7		
315.0194	1.6179	979.4	980.4	981.8		
315.0527	1.6192	979.5	980.4	981.8		
315.0860	1.6253	979.4	980.3	981.8		
315.1194	1.6240	979.4	980.3	981.8		
315.1527	1.6305	979.4	980.4	981.8		
315.1860	1.6275	979.4	980.4	981.8		
315.2194	1.6235	979.3	980.3	981.7		
315.2527	1.6375	979.3	980.3	981.8		
315.2860	1.6262	979.4	980.4	981.9		
315.3194	1.6213	979.4	980.4	981.7		
315.3527	1.6205	979.4	980.4	981.8		
315.3860	1.6257	979.4	980.4	981.9		
315.4194	1.6266	979.4	980.3	981.8		
315.4527	1.6327	979.4	980.3	981.8		
315.4860	1.6318	979.4	980.3	981.7		
315.5194	1.6283	979.3	980.3	981.7		
315.5527	1.6410	979.4	980.4	981.8		
315.5860	1.6332	979.5	980.4	981.7		
315.6194	1.6310	979.3	980.3	981.8		
315.6527	1.6266	979.4	980.4	981.8		
315.6860	1.6305	979.4	980.4	981.8		
315.7194	1.6327	979.4	980.4	981.8		
315.7527	1.6275	979.4	980.4	981.7		
315.7860	1.6279	979.3	980.3	981.8		
315.8194	1.6388	979.4	980.4	981.8		
315.8527	1.6384	979.4	980.4	981.8		
315.8860	1.6358	979.4	980.3	981.8		
315.9194	1.6318	979.4	980.4	981.8		
315.9527	1.6353	979.4	980.3	981.7		
315.9860	1.6310	979.4	980.4	981.8		
316.0194	1.6336	979.3	980.3	981.7		
316.0527	1.6467	979.3	980.3	981.7		
316.0860	1.6366	979.4	980.4	981.7		
316.1194	1.6257	979.4	980.4	981.8		
316.1527	1.6423	979.4	980.3	981.7		
316.1860	1.6358	979.4	980.4	981.8		
316.2194	1.6410	979.4	980.4	981.8		
316.2527	1.6362	979.4	980.3	981.7		
316.2860	1.6388	979.3	980.3	981.8		
316.3194	1.6450	979.3	980.3	981.7		
316.3527	1.6366	979.3	980.4	981.7		
316.3860	1.6410	979.3	980.3	981.8		
316.4194	1.6502	979.4	980.4	981.8		
316.4527	1.6353	979.4	980.3	981.8		
316.4860	1.6419	979.4	980.3	981.8		
316.5194	1.6393	979.4	980.4	981.8		
316.5527	1.6432	979.4	980.4	981.8		
316.5860	1.6450	979.4	980.3	981.8		
316.6194	1.6480	979.3	980.3	981.7		
316.6527	1.6432	979.3	980.3	981.8		
316.6860	1.6415	979.3	980.3	981.8		
316.7194	1.6388	979.4	980.4	981.8		
316.7527	1.6419	979.4	980.4	981.8		
316.7860	1.6415	979.4	980.3	981.7		
316.8194	1.6406	979.4	980.3	981.7		
316.8527	1.6428	979.4	980.4	981.8		
316.8860	1.6366	979.4	980.4	981.8		
316.9194	1.6476	979.4	980.4	981.8		
316.9527	1.6406	979.4	980.3	981.7		
316.9860	1.6476	979.4	980.4	981.8		
317.0194	1.6498	979.5	980.4	981.8		
317.0527	1.6454	979.4	980.4	981.7		
317.0860	1.6546	979.4	980.3	981.7		
317.1194	1.6458	979.4	980.4	981.8		
317.1527	1.6506	979.4	980.4	981.8		
317.1860	1.6515	979.4	980.4	981.7		
317.2194	1.6589	979.4	980.4	981.8		
317.2527	1.6489	979.4	980.3	981.7		
317.2860	1.6515	979.4	980.3	981.8		
317.3194	1.6511	979.4	980.4	981.8		
317.3527	1.6489	979.4	980.3	981.8		
317.3860	1.6524	979.4	980.4	981.8		
317.4194	1.6576	979.4	980.4	981.8		
317.4527	1.6480	979.4	980.3	981.8		
317.4860	1.6519	979.5	980.4	981.9		
317.5194	1.6502	979.4	980.4	981.8		
317.5527	1.6502	979.4	980.4	981.8		
317.5860	1.6498	979.3	980.3	981.7		
317.6194	1.6537	979.3	980.3	981.7		
317.6527	1.6489	979.3	980.3	981.7		
317.6860	1.6519	979.3	980.3	981.7		
317.7194	1.6541	979.4	980.3	981.8		
317.7527	1.6585	979.4	980.3	981.7		
317.7860	1.6541	979.4	980.4	981.8		
317.8194	1.6524	979.5	980.4	981.9		
317.8527	1.6493	979.4	980.4	981.8		
317.8860	1.6576	979.4	980.3	981.7		
317.9194	1.6546	979.4	980.4	981.8		
317.9527	1.6554	979.4	980.4	981.8		
317.9860	1.6493	979.3	980.4	981.7		
318.0194	1.6589	979.4	980.4	981.7		
318.0527	1.6572	979.3	980.3	981.7		
318.0860	1.6581	979.4	980.3	981.8		
318.1194	1.6541	979.4	980.3	981.7		
318.1527	1.6568	979.5	980.4	981.8		
318.1860	1.6546	979.4	980.4	981.8		
318.2194	1.6568	979.4	980.4	981.8		
318.2527	1.6611	979.4	980.4	981.8		
318.2860	1.6638	979.4	980.4	981.8		
318.3194	1.6629	979.4	980.4	981.8		
318.3527	1.6568	979.3	980.3	981.7		
318.3860	1.6659	979.4	980.4	981.9		
318.4194	1.6677	979.4	980.4	981.9		
318.4527	1.6638	979.4	980.3	981.8		
318.4860	1.6638	979.4	980.3	981.8		
318.5194	1.6681	979.4	980.4	981.9		
318.5527	1.6699	979.4	980.4	981.8		
318.5860	1.6668	979.4	980.4	981.8		
318.6194	1.6651	979.3	980.4	981.8		
318.6527	1.6642	979.3	980.4	981.8		
318.6860	1.6777	979.3	980.3	981.8		
318.7194	1.6681	979.4	980.4	981.8		
318.7527	1.6664	979.5	980.5	981.9		
318.7860	1.6716	979.4	980.3	981.8		
318.8194	1.6638	979.4	980.3	981.8		
318.8527	1.6633	979.4	980.3	981.8		
318.8860	1.6681	979.4	980.3	981.8		
318.9194	1.6664	979.4	980.3	981.8		
318.9527	1.6668	979.4	980.4	982.0		
318.9860	1.6642	979.5	980.4	981.9		
319.0194	1.6760	979.4	980.4	981.9		
319.0527	1.6734	979.4	980.4	981.8		
319.0860	1.6712	979.4	980.4	981.8		
319.1194	1.6716	979.3	980.3	981.7		
319.1527	1.6703	979.4	980.4	981.8		
319.1860	1.6747	979.3	980.4	981.8		
319.2194	1.6716	979.4	980.3	981.7		
319.2527	1.6729	979.4	980.4	981.8		
319.2860	1.6716	979.3	980.3	981.8		
319.3194	1.6716	979.4	980.3	981.8		
319.3527	1.6629	979.4	980.4	981.9		
319.3860	1.6742	979.4	980.3	981.8		
319.4194	1.6834	979.4	980.3	981.8		
319.4527	1.6812	979.4	980.4	981.8		
319.4860	1.6764	979.4	980.3	981.8		
319.5194	1.6786	979.4	980.3	981.8		
319.5527	1.6847	979.3	980.3	981.8		
319.5860	1.6699	979.4	980.4	981.9		
319.6194	1.6795	979.4	980.4	981.8		
319.6527	1.6795	979.4	980.4	981.9		
319.6860	1.6760	979.4	980.4	981.8		
319.7194	1.6769	979.5	980.4	981.9		
319.7527	1.6751	979.5	980.4	981.8		
319.7860	1.6791	979.4	980.4	981.8		
319.8194	1.6808	979.4	980.4	981.8		
319.8527	1.6782	979.4	980.3	981.7		
319.8860	1.6852	979.4	980.4	981.8		
319.9194	1.6786	979.4	980.4	981.8		
319.9527	1.6843	979.3	980.4	981.8		
319.9860	1.6847	979.4	980.3	981.7		
320.0194	1.6799	979.4	980.4	981.8		
320.0527	1.6786	979.5	980.4	981.9		
320.0860	1.6860	979.4	980.4	981.8		
320.1194	1.6821	979.4	980.4	981.8		
320.1527	1.6882	979.4	980.4	981.9		
320.1860	1.6786	979.4	980.4	981.7		
320.2194	1.6900	979.4	980.4	981.9		
320.2527	1.6821	979.5	980.4	981.9		
320.2860	1.6917	979.5	980.4	981.9		
320.3194	1.6843	979.4	980.4	981.9		
320.3527	1.6869	979.5	980.5	981.9		
320.3860	1.6852	979.4	980.4	981.8		
320.4194	1.6760	979.4	980.4	981.8		
320.4527	1.6900	979.4	980.4	981.8		
320.4860	1.6895	979.4	980.4	981.8		
320.5194	1.6804	979.4	980.3	981.8		
320.5527	1.6817	979.3	980.3	981.7		
320.5860	1.6860	979.3	980.4	981.8		
320.6194	1.6948	979.4	980.4	981.9		
320.6527	1.6821	979.4	980.4	981.8		
320.6860	1.6860	979.5	980.4	981.8		
320.7194	1.6926	979.5	980.4	981.8		
320.7527	1.6917	979.4	980.4	981.8		
320.7860	1.6930	979.4	980.3	981.7		
320.8194	1.6952	979.4	980.4	981.8		
320.8527	1.6878	979.4	980.4	981.9		
320.8860	1.6865	979.4	980.3	981.7		
320.9194	1.6830	979.5	980.4	981.8		
320.9527	1.6909	979.4	980.3	981.8		
320.9860	1.6939	979.5	980.4	981.8		
321.0194	1.6904	979.3	980.3	981.8		
321.0527	1.6961	979.4	980.3	981.7		
321.0860	1.6965	979.4	980.3	981.8		
321.1194	1.6952	979.4	980.3	981.7		
321.1527	1.7018	979.4	980.4	981.9		
321.1860	1.6965	979.4	980.4	981.8		
321.2194	1.6952	979.4	980.4	981.8		
321.2527	1.6965	979.5	980.5	981.9		
321.2860	1.6935	979.4	980.4	981.8		
321.3194	1.6944	979.4	980.4	981.9		
321.3527	1.6957	979.5	980.4	981.9		
321.3860	1.6895	979.4	980.4	981.8		
321.4194	1.6970	979.4	980.3	981.8		
321.4527	1.6961	979.4	980.4	981.8		
321.4860	1.6987	979.4	980.4	981.8		
321.5194	1.7031	979.3	980.3	981.7		
321.5527	1.7035	979.4	980.4	981.9		
321.5860	1.7013	979.4	980.4	981.9		
321.6194	1.7044	979.4	980.4	981.8		
321.6527	1.6939	979.4	980.4	981.8		
321.6860	1.7005	979.5	980.4	981.8		
321.7194	1.7048	979.3	980.3	981.8		
321.7527	1.7022	979.4	980.4	981.8		
321.7860	1.7018	979.4	980.3	981.7		
321.8194	1.7162	979.4	980.3	981.8		
321.8527	1.7048	979.4	980.3	981.8		
321.8860	1.7066	979.4	980.3	981.7		
321.9194	1.7057	979.6	980.5	981.9		
321.9527	1.7035	979.3	980.3	981.7		
321.9860	1.6944	979.3	980.3	981.7		
322.0194	1.7018	979.4	980.4	981.8		
322.0527	1.7101	979.4	980.4	981.9		
322.0860	1.7040	979.5	980.4	981.8		
322.1194	1.6952	979.4	980.4	981.9		
322.1527	1.7027	979.5	980.4	981.8		
322.1860	1.7013	979.4	980.3	981.8		
322.2194	1.7097	979.4	980.3	981.8		
322.2527	1.7062	979.4	980.4	981.8		
322.2860	1.7075	979.3	980.3	981.8		
322.3194	1.7035	979.4	980.4	981.8		
322.3527	1.7013	979.4	980.4	981.8		
322.3860	1.7092	979.4	980.3	981.8		
322.4194	1.7131	979.5	980.5	981.9		
322.4527	1.7101	979.4	980.4	981.8		
322.4860	1.7075	979.4	980.3	981.8		
322.5194	1.7075	979.4	980.3	981.7		
322.5527	1.7092	979.3	980.4	981.8		
322.5860	1.7166	979.3	980.3	981.7		
322.6194	1.7197	979.3	980.3	981.7		
322.6527	1.7210	979.4	980.4	981.9		
322.6860	1.7166	979.4	980.4	981.8		
322.7194	1.7162	979.4	980.4	981.8		
322.7527	1.7180	979.4	980.4	981.9		
322.7860	1.7145	979.4	980.4	981.8		
322.8194	1.7105	979.3	980.3	981.7		
322.8527	1.7166	979.3	980.3	981.7		
322.8860	1.7158	979.4	980.4	981.8		
322.9194	1.7197	979.3	980.3	981.8		
322.9527	1.7140	979.4	980.4	981.9		
322.9860	1.7092	979.5	980.4	981.9		
323.0194	1.7131	979.4	980.4	981.8		
323.0527	1.7180	979.4	980.4	981.8		
323.0860	1.7166	979.5	980.5	981.8		
323.1194	1.7123	979.5	980.4	981.7		
323.1527	1.7193	979.5	980.4	981.8		
323.1860	1.7184	979.4	980.4	981.8		
323.2194	1.7105	979.4	980.4	981.8		
323.2527	1.7145	979.4	980.4	981.8		
323.2860	1.7136	979.4	980.4	981.7		
323.3194	1.7197	979.3	980.3	981.7		
323.3527	1.7228	979.4	980.4	981.8		
323.3860	1.7280	979.4	980.3	981.8		
323.4194	1.7215	979.5	980.5	981.9		
323.4527	1.7180	979.5	980.4	981.8		
323.4860	1.7158	979.4	980.4	981.8		
323.5194	1.7324	979.4	980.3	981.8		
323.5527	1.7197	979.5	980.4	981.8		
323.5860	1.7215	979.4	980.3	981.7		
323.6194	1.7254	979.4	980.3	981.7		
323.6527	1.7245	979.5	980.4	981.9		
323.6860	1.7298	979.5	980.5	981.8		
323.7194	1.7280	979.5	980.4	981.8		
323.7527	1.7293	979.4	980.4	981.7		
323.7860	1.7245	979.4	980.4	981.8		
323.8194	1.7206	979.4	980.4	981.8		
323.8527	1.7250	979.4	980.4	981.8		
323.8860	1.7271	979.4	980.4	981.8		
323.9194	1.7306	979.3	980.4	981.7		
323.9527	1.7284	979.4	980.4	981.8		
323.9860	1.7289	979.4	980.4	981.7		
324.0194	1.7311	979.4	980.3	981.8		
324.0527	1.7416	979.5	980.4	981.9		
324.0860	1.7293	979.4	980.4	981.8		
324.1194	1.7267	979.4	980.3	981.7		
324.1527	1.7346	979.4	980.3	981.7		
324.1860	1.7328	979.5	980.4	981.8		
324.2194	1.7359	979.4	980.4	981.9		
324.2527	1.7306	979.4	980.5	981.9		
324.2860	1.7376	979.4	980.4	981.9		
324.3194	1.7350	979.4	980.4	981.8		
324.3527	1.7289	979.4	980.3	981.8		
324.3860	1.7315	979.4	980.4	981.8		
324.4194	1.7346	979.5	980.4	981.9		
324.4527	1.7385	979.5	980.4	981.8		
324.4860	1.7306	979.4	980.4	981.8		
324.5194	1.7376	979.4	980.4	981.8		
324.5527	1.7368	979.4	980.4	981.8		
324.5860	1.7381	979.4	980.4	981.7		
324.6194	1.7363	979.4	980.3	981.8		
324.6527	1.7398	979.4	980.4	981.9		
324.6860	1.7398	979.5	980.4	981.8		
324.7194	1.7306	979.4	980.3	981.7		
324.7527	1.7368	979.4	980.4	981.8		
324.7860	1.7389	979.5	980.4	981.8		
324.8194	1.7394	979.4	980.4	981.8		
324.8527	1.7477	979.5	980.4	981.9		
324.8860	1.7433	979.4	980.3	981.7		
324.9194	1.7420	979.3	980.3	981.7		
324.9527	1.7420	979.4	980.4	981.9		
324.9860	1.7416	979.4	980.3	981.7		
325.0194	1.7437	979.4	980.4	981.8		
325.0527	1.7464	979.4	980.4	981.8		
325.0860	1.7481	979.4	980.4	981.8		
325.1194	1.7420	979.4	980.4	981.8		
325.1527	1.7481	979.4	980.4	981.8		
325.1860	1.7385	979.3	980.4	981.7		
325.2194	1.7416	979.4	980.4	981.8		
325.2527	1.7411	979.4	980.4	981.8		
325.2860	1.7464	979.4	980.3	981.8		
325.3194	1.7416	979.4	980.4	981.8		
325.3527	1.7420	979.4	980.4	981.8		
325.3860	1.7451	979.4	980.3	981.7		
325.4194	1.7472	979.5	980.4	981.8		
325.4527	1.7459	979.5	980.5	981.8		
325.4860	1.7507	979.5	980.3	981.8		
325.5194	1.7472	979.5	980.4	981.9		
325.5527	1.7516	979.5	980.4	981.8		
325.5860	1.7455	979.4	980.4	981.8		
325.6194	1.7564	979.4	980.4	981.9		
325.6527	1.7503	979.4	980.4	981.8		
325.6860	1.7420	979.4	980.4	981.8		
325.7194	1.7477	979.5	980.4	981.8		
325.7527	1.7529	979.5	980.5	981.9		
325.7860	1.7586	979.4	980.4	981.8		
325.8194	1.7455	979.4	980.4	981.8		
325.8527	1.7442	979.4	980.4	981.8		
325.8860	1.7538	979.4	980.4	981.8		
325.9194	1.7521	979.4	980.4	981.7		
325.9527	1.7494	979.3	980.3	981.7		
325.9860	1.7512	979.3	980.4	981.8		
326.0194	1.7551	979.4	980.4	981.8		
326.0527	1.7560	979.3	980.4	981.8		
326.0860	1.7569	979.5	980.4	981.8		
326.1194	1.7464	979.5	980.5	981.8		
326.1527	1.7599	979.4	980.4	981.8		
326.1860	1.7577	979.4	980.4	981.8		
326.2194	1.7516	979.4	980.4	981.8		
326.2527	1.7599	979.5	980.4	981.8		
326.2860	1.7634	979.4	980.4	981.8		
326.3194	1.7529	979.4	980.4	981.8		
326.3527	1.7512	979.4	980.4	981.7		
326.3860	1.7573	979.4	980.4	981.8		
326.4194	1.7700	979.4	980.5	981.9		
326.4527	1.7573	979.4	980.4	981.9		
326.4860	1.7608	979.4	980.4	981.8		
326.5194	1.7542	979.5	980.4	981.8		
326.5527	1.7582	979.5	980.4	981.8		
326.5860	1.7656	979.4	980.4	981.8		
326.6194	1.7547	979.4	980.4	981.7		
326.6527	1.7590	979.4	980.5	981.8		
326.6860	1.7687	979.4	980.5	981.8		
326.7194	1.7678	979.4	980.4	981.9		
326.7527	1.7617	979.4	980.5	981.8		
326.7860	1.7687	979.4	980.4	981.8		
326.8194	1.7643	979.4	980.4	981.9		
326.8527	1.7634	979.5	980.4	981.8		
326.8860	1.7630	979.5	980.4	981.8		
326.9194	1.7682	979.5	980.5	981.8		
326.9527	1.7726	979.4	980.4	981.8		
326.9860	1.7770	979.4	980.4	981.8		
327.0194	1.7704	979.4	980.4	981.8		
327.0527	1.7660	979.3	980.4	981.7		
327.0860	1.7743	979.4	980.4	981.8		
327.1194	1.7700	979.4	980.5	981.8		
327.1527	1.7660	979.5	980.5	981.9		
327.1860	1.7757	979.5	980.5	981.9		
327.2194	1.7778	979.4	980.4	981.9		
327.2527	1.7743	979.5	980.6	981.9		
327.2860	1.7700	979.4	980.4	981.8		
327.3194	1.7691	979.5	980.5	981.8		
327.3527	1.7761	979.5	980.5	981.8		
327.3860	1.7713	979.4	980.5	981.8		
327.4194	1.7787	979.5	980.4	981.8		
327.4527	1.7800	979.3	980.4	981.8		
327.4860	1.7639	979.4	980.4	981.8		
327.5194	1.7700	979.4	980.4	981.9		
327.5527	1.7739	979.5	980.5	981.8		
327.5860	1.7669	979.5	980.4	981.8		
327.6194	1.7704	979.5	980.5	981.8		
327.6527	1.7752	979.5	980.5	981.8		
327.6860	1.7678	979.5	980.6	981.8		
327.7194	1.7774	979.4	980.5	981.8		
327.7527	1.7752	979.5	980.5	981.9		
327.7860	1.7743	979.5	980.5	981.8		
327.8194	1.7735	979.4	980.5	981.7		
327.8527	1.7774	979.4	980.5	981.8		
327.8860	1.7783	979.4	980.5	981.8		
327.9194	1.7748	979.5	980.5	981.9		
327.9527	1.7774	979.5	980.5	981.8		
327.9860	1.7770	979.5	980.4	981.9		
328.0194	1.7818	979.4	980.5	981.8		
328.0527	1.7757	979.4	980.5	981.8		
328.0860	1.7809	979.4	980.4	981.8		
328.1194	1.7831	979.5	980.4	981.8		
328.1527	1.7752	979.4	980.5	981.8		
328.1860	1.7761	979.4	980.4	981.8		
328.2194	1.7835	979.5	980.5	981.9		
328.2527	1.7757	979.3	980.3	981.7		
328.2860	1.7840	979.4	980.4	981.8		
328.3194	1.7752	979.5	980.4	981.8		
328.3527	1.7805	979.5	980.5	981.8		
328.3860	1.7840	979.5	980.5	981.8		
328.4194	1.7844	979.5	980.5	981.8		
328.4527	1.7862	979.4	980.5	981.8		
328.4860	1.7892	979.5	980.5	981.8		
328.5194	1.7896	979.4	980.5	981.8		
328.5527	1.7857	979.5	980.5	981.8		
328.5860	1.7883	979.5	980.4	981.8		
328.6194	1.7896	979.5	980.4	981.7		
328.6527	1.7910	979.4	980.4	981.8		
328.6860	1.7905	979.4	980.4	981.8		
328.7194	1.7914	979.5	980.5	981.9		
328.7527	1.7892	979.5	980.5	981.8		
328.7860	1.7883	979.4	980.5	981.8		
328.8194	1.7910	979.4	980.4	981.8		
328.8527	1.7940	979.4	980.4	981.8		
328.8860	1.7905	979.4	980.4	981.8		
328.9194	1.8001	979.4	980.5	981.8		
328.9527	1.7975	979.5	980.4	981.9		
328.9860	1.7914	979.6	980.5	981.8		
329.0194	1.7892	979.5	980.5	981.8		
329.0527	1.7953	979.5	980.5	981.9		
329.0860	1.7975	979.5	980.5	981.8		
329.1194	1.7988	979.4	980.5	981.9		
329.1527	1.7958	979.5	980.6	981.9		
329.1860	1.7993	979.5	980.5	981.8		
329.2194	1.7931	979.5	980.5	981.8		
329.2527	1.7888	979.5	980.5	981.8		
329.2860	1.7993	979.4	980.4	981.8		
329.3194	1.7953	979.4	980.5	981.8		
329.3527	1.8032	979.4	980.5	981.8		
329.3860	1.8067	979.5	980.5	981.8		
329.4194	1.8010	979.5	980.5	981.8		
329.4527	1.8054	979.5	980.5	981.8		
329.4860	1.8019	979.5	980.5	981.8		
329.5194	1.7958	979.5	980.4	981.8		
329.5527	1.8067	979.6	980.5	981.8		
329.5860	1.7988	979.5	980.5	981.8		
329.6194	1.8041	979.5	980.5	981.8		
329.6527	1.7966	979.4	980.4	981.7		
329.6860	1.8001	979.5	980.5	981.9		
329.7194	1.8089	979.5	980.5	981.8		
329.7527	1.8063	979.5	980.5	981.9		
329.7860	1.7975	979.5	980.5	981.8		
329.8194	1.8010	979.5	980.5	981.8		
329.8527	1.8041	979.5	980.5	981.8		
329.8860	1.8141	979.5	980.5	981.9		
329.9194	1.8058	979.5	980.5	981.8		
329.9527	1.8036	979.5	980.5	981.8		
329.9860	1.8084	979.6	980.5	981.8		
330.0194	1.8089	979.5	980.5	981.8		
330.0527	1.8054	979.6	980.5	981.9		
330.0860	1.8089	979.5	980.5	981.9		
330.1194	1.8015	979.4	980.5	981.8		
330.1527	1.8071	979.5	980.5	981.9		
330.1860	1.8084	979.5	980.5	981.8		
330.2194	1.8172	979.5	980.5	981.8		
330.2527	1.8124	979.5	980.5	981.8		
330.2860	1.8189	979.6	980.6	982.0		
330.3194	1.8124	979.6	980.5	981.8		
330.3527	1.8084	979.6	980.5	981.8		
330.3860	1.8111	979.6	980.5	981.8		
330.4194	1.8194	979.5	980.5	981.7		
330.4527	1.8159	979.5	980.4	981.7		
330.4860	1.8150	979.5	980.5	981.7		
330.5194	1.8172	979.5	980.5	981.8		
330.5527	1.8137	979.5	980.5	981.8		
330.5860	1.8154	979.5	980.5	981.8		
330.6194	1.8146	979.6	980.5	981.9		
330.6527	1.8159	979.6	980.5	981.8		
330.6860	1.8159	979.6	980.5	981.8		
330.7194	1.8133	979.5	980.5	981.8		
330.7527	1.8211	979.4	980.5	981.8		
330.7860	1.8189	979.4	980.5	981.8		
330.8194	1.8150	979.5	980.5	981.9		
330.8527	1.8237	979.5	980.5	981.8		
330.8860	1.8189	979.5	980.6	981.9		
330.9194	1.8237	979.5	980.5	981.9		
330.9527	1.8220	979.5	980.5	981.8		
330.9860	1.8246	979.5	980.5	981.9		
331.0194	1.8181	979.5	980.5	981.8		
331.0527	1.8163	979.6	980.5	981.9		
331.0860	1.8194	979.6	980.6	981.9		
331.1194	1.8211	979.5	980.5	981.8		
331.1527	1.8211	979.5	980.5	981.8		
331.1860	1.8141	979.5	980.5	981.7		
331.2194	1.8251	979.5	980.5	981.8		
331.2527	1.8242	979.5	980.5	981.9		
331.2860	1.8211	979.5	980.5	981.8		
331.3194	1.8224	979.6	980.5	981.8		
331.3527	1.8181	979.6	980.6	981.8		
331.3860	1.8233	979.6	980.5	981.9		
331.4194	1.8251	979.6	980.5	981.8		
331.4527	1.8281	979.5	980.5	981.8		
331.4860	1.8334	979.6	980.6	981.9		
331.5194	1.8307	979.4	980.5	981.8		
331.5527	1.8321	979.5	980.4	981.8		
331.5860	1.8294	979.6	980.6	981.9		
331.6194	1.8259	979.6	980.6	981.9		
331.6527	1.8364	979.6	980.5	981.9		
331.6860	1.8364	979.5	980.5	981.8		
331.7194	1.8321	979.5	980.5	981.8		
331.7527	1.8307	979.6	980.5	981.9		
331.7860	1.8277	979.6	980.5	981.8		
331.8194	1.8360	979.4	980.5	981.8		
331.8527	1.8351	979.5	980.5	981.8		
331.8860	1.8321	979.5	980.5	981.8		
331.9194	1.8290	979.6	980.5	981.9		
331.9527	1.8246	979.5	980.4	981.7		
331.9860	1.8338	979.6	980.5	981.8		
332.0194	1.8364	979.5	980.5	981.8		
332.0527	1.8321	979.5	980.5	981.7		
332.0860	1.8369	979.5	980.5	981.8		
332.1194	1.8456	979.6	980.5	981.8		
332.1527	1.8316	979.6	980.5	981.8		
332.1860	1.8360	979.4	980.5	981.7		
332.2194	1.8452	979.5	980.6	981.8		
332.2527	1.8404	979.5	980.5	981.8		
332.2860	1.8360	979.5	980.5	981.8		
332.3194	1.8338	979.5	980.5	981.8		
332.3527	1.8382	979.6	980.6	981.9		
332.3860	1.8321	979.5	980.5	981.9		
332.4194	1.8377	979.6	980.6	981.9		
332.4527	1.8325	979.6	980.6	982.0		
332.4860	1.8347	979.4	980.5	981.8		
332.5194	1.8456	979.5	980.5	981.8		
332.5527	1.8408	979.5	980.5	981.7		
332.5860	1.8504	979.5	980.5	981.8		
332.6194	1.8469	979.5	980.5	981.9		
332.6527	1.8434	979.5	980.5	981.8		
332.6860	1.8355	979.5	980.6	981.9		
332.7194	1.8404	979.6	980.5	981.9		
332.7527	1.8390	979.5	980.5	981.8		
332.7860	1.8404	979.5	980.5	981.8		
332.8194	1.8452	979.5	980.5	981.9		
332.8527	1.8495	979.6	980.5	981.9		
332.8860	1.8482	979.6	980.6	981.8		
332.9194	1.8443	979.5	980.5	981.9		
332.9527	1.8500	979.5	980.4	981.8		
332.9860	1.8465	979.5	980.4	981.8		
333.0194	1.8439	979.5	980.5	981.8		
333.0527	1.8482	979.6	980.5	981.8		
333.0860	1.8508	979.5	980.5	981.7		
333.1194	1.8517	979.6	980.6	981.9		
333.1527	1.8465	979.5	980.6	981.8		
333.1860	1.8557	979.5	980.5	981.8		
333.2194	1.8500	979.5	980.5	981.8		
333.2527	1.8561	979.6	980.6	981.9		
333.2860	1.8478	979.6	980.6	981.9		
333.3194	1.8587	979.6	980.5	981.8		
333.3527	1.8557	979.5	980.5	981.8		
333.3860	1.8495	979.5	980.5	981.8		
333.4194	1.8565	979.5	980.5	981.8		
333.4527	1.8609	979.6	980.5	981.8		
333.4860	1.8526	979.5	980.6	981.8		
333.5194	1.8526	979.5	980.5	981.8		
333.5527	1.8552	979.5	980.5	981.8		
333.5860	1.8552	979.5	980.5	981.8		
333.6194	1.8487	979.5	980.5	981.8		
333.6527	1.8434	979.5	980.5	981.8		
333.6860	1.8504	979.7	980.6	982.0		
333.7194	1.8539	979.5	980.6	981.9		
333.7527	1.8627	979.5	980.5	981.8		
333.7860	1.8561	979.6	980.6	981.9		
333.8194	1.8552	979.6	980.6	981.9		
333.8527	1.8570	979.6	980.6	981.9		
333.8860	1.8561	979.6	980.5	981.8		
333.9194	1.8500	979.6	980.6	981.9		
333.9527	1.8495	979.5	980.6	981.8		
333.9860	1.8592	979.6	980.6	981.9		
334.0194	1.8666	979.6	980.6	981.9		
334.0527	1.8635	979.5	980.6	981.9		
334.0860	1.8688	979.5	980.5	981.7		
334.1194	1.8679	979.6	980.6	981.9		
334.1527	1.8592	979.4	980.6	981.8		
334.1860	1.8618	979.5	980.6	981.8		
334.2194	1.8618	979.5	980.5	981.8		
334.2527	1.8600	979.5	980.5	981.8		
334.2860	1.8574	979.6	980.6	981.8		
334.3194	1.8618	979.5	980.5	981.8		
334.3527	1.8675	979.6	980.5	981.8		
334.3860	1.8749	979.5	980.5	981.8		
334.4194	1.8683	979.6	980.6	981.8		
334.4527	1.8727	979.5	980.6	981.9		
334.4860	1.8657	979.5	980.5	981.8		
334.5194	1.8701	979.6	980.5	981.8		
334.5527	1.8640	979.6	980.5	981.8		
334.5860	1.8618	979.6	980.6	981.9		
334.6194	1.8622	979.6	980.5	981.8		
334.6527	1.8666	979.6	980.6	981.9		
334.6860	1.8701	979.6	980.6	981.9		
334.7194	1.8701	979.5	980.5	981.8		
334.7527	1.8727	979.6	980.6	981.8		
334.7860	1.8705	979.6	980.6	981.8		
334.8194	1.8727	979.6	980.6	981.8		
334.8527	1.8670	979.5	980.4	981.7		
334.8860	1.8727	979.5	980.5	981.8		
334.9194	1.8705	979.6	980.5	981.8		
334.9527	1.8696	979.6	980.6	981.9		
334.9860	1.8731	979.6	980.6	981.9		
335.0194	1.8731	979.6	980.5	981.8		
335.0527	1.8727	979.5	980.5	981.8		
335.0860	1.8775	979.5	980.5	981.8		
335.1194	1.8749	979.5	980.5	981.8		
335.1527	1.8701	979.5	980.5	981.8		
335.1860	1.8845	979.5	980.5	981.8		
335.2194	1.8814	979.5	980.5	981.8		
335.2527	1.8771	979.6	980.6	981.9		
335.2860	1.8854	979.6	980.7	982.0		
335.3194	1.8849	979.5	980.5	981.7		
335.3527	1.8788	979.5	980.5	981.8		
335.3860	1.8823	979.6	980.5	981.8		
335.4194	1.8867	979.6	980.5	981.8		
335.4527	1.8775	979.5	980.5	981.9		
335.4860	1.8898	979.5	980.5	981.8		
335.5194	1.8797	979.5	980.5	981.8		
335.5527	1.8823	979.6	980.7	982.1		
335.5860	1.8771	979.5	980.5	981.8		
335.6194	1.8924	979.5	980.6	981.8		
335.6527	1.8911	979.6	980.5	981.8		
335.6860	1.8893	979.6	980.6	981.9		
335.7194	1.8867	979.6	980.6	981.9		
335.7527	1.8867	979.5	980.5	981.7		
335.7860	1.8854	979.6	980.6	981.8		
335.8194	1.8889	979.6	980.5	981.8		
335.8527	1.8902	979.5	980.5	981.8		
335.8860	1.8893	979.5	980.5	981.8		
335.9194	1.8893	979.6	980.6	981.8		
335.9527	1.8854	979.6	980.5	981.8		
335.9860	1.8919	979.6	980.6	981.8		
336.0194	1.8871	979.6	980.5	981.8		
336.0527	1.8841	979.6	980.5	981.7		
336.0860	1.8898	979.5	980.5	981.7		
336.1194	1.8946	979.5	980.5	981.9		
336.1527	1.9002	979.6	980.6	981.9		
336.1860	1.8928	979.3	980.1	981.2		
336.2194	1.8919	979.2	980.0	981.1		
336.2527	1.8889	979.3	980.1	981.2		
336.2860	1.8884	979.3	980.1	981.3		
336.3194	1.8981	979.3	980.1	981.2		
336.3527	1.8924	979.2	979.9	981.0		
336.3860	1.8954	979.1	979.9	980.9		
336.4194	1.8924	979.1	979.9	981.0		
336.4527	1.8928	979.1	979.9	981.0		
336.4860	1.8937	979.1	979.9	981.0		
336.5194	1.9046	979.3	980.0	981.0		
336.5527	1.8994	979.3	980.0	981.0		
336.5860	1.9138	979.3	980.0	981.1		
336.6194	1.9002	979.2	980.0	981.1		
336.6527	1.8989	979.3	980.0	981.1		
336.6860	1.9011	979.3	980.0	981.1		
336.7194	1.8967	979.2	980.0	981.0		
336.7527	1.8946	979.3	980.0	981.0		
336.7860	1.8985	979.3	980.0	981.1		
336.8194	1.8950	979.3	980.0	981.0		
336.8527	1.8981	979.2	980.0	981.0		
336.8860	1.9099	979.2	980.0	981.1		
336.9194	1.8946	979.3	980.1	981.1		
336.9527	1.8981	979.2	979.9	981.0		
336.9860	1.9086	979.2	979.9	981.0		
337.0194	1.9099	979.2	979.9	981.0		
337.0527	1.9072	979.2	980.0	981.1		
337.0860	1.9011	979.2	979.9	981.1		
337.1194	1.9024	979.2	979.9	981.0		
337.1527	1.9011	979.2	980.0	981.1		
337.1860	1.9051	979.1	979.9	980.9		
337.2194	1.9046	979.2	979.9	981.0		
337.2527	1.9107	979.2	979.9	981.1		
337.2860	1.9042	979.2	980.0	981.0		
337.3194	1.9072	979.2	979.9	981.0		
337.3527	1.9094	979.3	980.0	981.1		
337.3860	1.9081	979.2	980.0	981.1		
337.4194	1.9129	979.2	980.0	981.1		
337.4527	1.9103	979.1	980.0	981.1		
337.4860	1.9112	979.2	979.9	981.0		
337.5194	1.9138	979.2	979.9	981.0		
337.5527	1.9138	979.1	979.9	981.0		
337.5860	1.9099	979.3	980.0	981.0		
337.6194	1.9138	979.2	979.9	981.0		
337.6527	1.9164	979.2	980.0	981.0		
337.6860	1.9186	979.2	980.0	981.1		
337.7194	1.9182	979.1	979.9	981.0		
337.7527	1.9155	979.1	979.9	981.0		
337.7860	1.9107	979.2	979.9	981.0		
337.8194	1.9173	979.3	979.9	980.9		
337.8527	1.9134	979.2	980.0	981.0		
337.8860	1.9190	979.3	980.0	981.1		
337.9194	1.9160	979.2	980.0	981.0		
337.9527	1.9134	979.2	980.0	981.0		
337.9860	1.9239	979.1	979.9	981.0		
338.0194	1.9190	979.2	979.9	981.0		
338.0527	1.9256	979.2	979.9	981.0		
338.0860	1.9112	979.3	980.0	981.1		
338.1194	1.9234	979.2	979.9	981.1		
338.1527	1.9186	979.2	980.0	981.1		
338.1860	1.9230	979.2	979.9	981.0		
338.2194	1.9155	979.2	979.9	981.0		
338.2527	1.9234	979.2	980.0	981.1		
338.2860	1.9230	979.2	980.0	981.1		
338.3194	1.9247	979.2	980.0	981.0		
338.3527	1.9265	979.2	979.9	981.0		
338.3860	1.9195	979.3	980.0	981.1		
338.4194	1.9256	979.2	979.9	981.0		
338.4527	1.9169	979.2	979.9	981.0		
338.4860	1.9300	979.2	980.0	981.1		
338.5194	1.9225	979.2	980.0	981.1		
338.5527	1.9291	979.2	980.0	981.0		
338.5860	1.9339	979.3	979.9	981.1		
338.6194	1.9287	979.2	980.0	981.1		
338.6527	1.9269	979.1	979.9	981.0		
338.6860	1.9322	979.2	979.9	981.0		
338.7194	1.9313	979.2	979.9	981.0		
338.7527	1.9252	979.2	979.9	981.0		
338.7860	1.9308	979.2	979.9	981.0		
338.8194	1.9269	979.2	980.0	981.1		
338.8527	1.9295	979.2	979.9	981.0		
338.8860	1.9322	979.3	980.1	981.2		
338.9194	1.9326	979.3	979.9	981.0		
338.9527	1.9291	979.2	979.9	981.0		
338.9860	1.9357	979.1	979.9	981.0		
339.0194	1.9278	979.2	980.0	981.1		
339.0527	1.9357	979.3	980.0	981.1		
339.0860	1.9378	979.2	980.0	981.0		
339.1194	1.9413	979.2	979.9	981.0		
339.1527	1.9383	979.2	979.9	981.0		
339.1860	1.9330	979.2	980.0	981.1		
339.2194	1.9422	979.2	980.0	981.0		
339.2527	1.9335	979.2	980.0	981.1		
339.2860	1.9357	979.2	979.9	981.0		
339.3194	1.9440	979.3	979.9	981.0		
339.3527	1.9413	979.2	979.9	980.9		
339.3860	1.9483	979.2	979.9	981.0		
339.4194	1.9400	979.2	979.9	981.0		
339.4527	1.9413	979.1	979.9	981.0		
339.4860	1.9435	979.3	980.0	981.0		
339.5194	1.9426	979.2	979.9	980.9		
339.5527	1.9426	979.2	979.9	981.0		
339.5860	1.9431	979.2	979.9	981.0		
339.6194	1.9435	979.2	980.0	981.1		
339.6527	1.9527	979.3	980.0	981.1		
339.6860	1.9549	979.2	980.0	981.1		
339.7194	1.9475	979.2	980.0	981.1		
339.7527	1.9444	979.3	980.0	981.0		
339.7860	1.9501	979.2	980.0	981.0		
339.8194	1.9461	979.2	980.0	981.0		
339.8527	1.9496	979.3	979.9	981.1		
339.8860	1.9492	979.2	979.9	981.0		
339.9194	1.9518	979.3	980.0	981.1		
339.9527	1.9475	979.2	979.9	981.1		
339.9860	1.9514	979.2	980.0	981.0		
340.0194	1.9553	979.2	979.9	981.0		
340.0527	1.9527	979.2	979.9	981.0		
340.0860	1.9531	979.3	979.9	981.0		
340.1194	1.9514	979.3	979.9	981.0		
340.1527	1.9466	979.3	979.9	981.0		
340.1860	1.9527	979.2	980.0	981.1		
340.2194	1.9514	979.2	980.0	981.1		
340.2527	1.9575	979.2	980.0	981.1		
340.2860	1.9422	979.2	979.9	981.0		
340.3194	1.9549	979.3	980.0	981.1		
340.3527	1.9470	979.3	980.0	981.1		
340.3860	1.9466	979.3	980.0	981.1		
340.4194	1.9579	979.3	980.0	981.0		
340.4527	1.9566	979.2	979.9	980.9		
340.4860	1.9562	979.1	979.9	980.9		
340.5194	1.9641	979.3	979.9	981.0		
340.5527	1.9523	979.2	979.9	980.9		
340.5860	1.9575	979.2	979.9	981.0		
340.6194	1.9636	979.2	979.9	981.0		
340.6527	1.9610	979.2	979.9	981.0		
340.6860	1.9606	979.2	979.9	981.0		
340.7194	1.9575	979.3	979.9	981.0		
340.7527	1.9645	979.2	979.9	981.1		
340.7860	1.9558	979.4	980.1	981.1		
340.8194	1.9575	979.2	980.0	981.1		
340.8527	1.9641	979.3	980.0	981.1		
340.8860	1.9628	979.2	980.0	981.1		
340.9194	1.9667	979.2	979.9	981.0		
340.9527	1.9558	979.3	979.9	981.1		
340.9860	1.9614	979.3	980.0	981.1		
341.0194	1.9597	979.3	980.0	981.1		
341.0527	1.9632	979.3	980.0	981.1		
341.0860	1.9684	979.2	979.9	981.1		
341.1194	1.9706	979.2	980.0	981.0		
341.1527	1.9667	979.2	980.0	981.0		
341.1860	1.9684	979.1	979.9	980.9		
341.2194	1.9658	979.2	979.9	981.0		
341.2527	1.9658	979.2	980.0	981.0		
341.2860	1.9671	979.2	979.9	981.0		
341.3194	1.9706	979.2	979.9	981.0		
341.3527	1.9676	979.2	979.9	980.9		
341.3860	1.9746	979.2	980.1	981.2		
341.4194	1.9715	979.2	980.0	981.1		
341.4527	1.9772	979.3	980.0	981.0		
341.4860	1.9663	979.2	979.9	981.0		
341.5194	1.9776	979.3	980.0	981.1		
341.5527	1.9711	979.2	980.0	981.0		
341.5860	1.9693	979.3	980.0	981.0		
341.6194	1.9680	979.2	979.9	980.9		
341.6527	1.9776	979.2	979.9	981.0		
341.6860	1.9754	979.3	980.0	981.2		
341.7194	1.9842	979.2	980.0	981.0		
341.7527	1.9837	979.2	980.0	981.0		
341.7860	1.9798	979.3	980.0	981.1		
341.8194	1.9802	979.2	980.0	981.1		
341.8527	1.9737	979.3	980.0	981.0		
341.8860	1.9781	979.2	980.0	981.0		
341.9194	1.9781	979.3	980.0	981.0		
341.9527	1.9807	979.3	979.9	981.1		
341.9860	1.9859	979.3	980.0	981.0		
342.0194	1.9811	979.2	980.0	981.0		
342.0527	1.9811	979.2	980.0	981.1		
342.0860	1.9868	979.2	980.0	981.1		
342.1194	1.9811	979.2	980.0	981.1		
342.1527	1.9837	979.3	980.0	981.1		
342.1860	1.9877	979.3	980.0	981.1		
342.2194	1.9842	979.2	980.0	981.1		
342.2527	1.9820	979.2	980.0	981.0		
342.2860	1.9846	979.2	980.0	981.1		
342.3194	1.9868	979.2	980.0	981.0		
342.3527	1.9855	979.3	980.0	981.0		
342.3860	1.9794	979.2	979.9	981.0		
342.4194	1.9833	979.2	979.9	981.1		
342.4527	1.9912	979.2	980.0	981.0		
342.4860	1.9837	979.2	979.9	981.0		
342.5194	1.9842	979.2	980.0	981.0		
342.5527	1.9872	979.2	979.9	980.9		
342.5860	1.9934	979.2	980.0	981.0		
342.6194	1.9942	979.2	979.9	981.0		
342.6527	1.9899	979.3	980.0	981.2		
342.6860	1.9934	979.2	980.0	981.1		
342.7194	1.9955	979.2	979.9	981.1		
342.7527	1.9934	979.3	979.9	981.0		
342.7860	1.9920	979.2	979.9	981.1		
342.8194	1.9916	979.3	980.0	981.2		
342.8527	1.9907	979.2	979.9	981.0		
342.8860	1.9934	979.2	979.9	981.0		
342.9194	1.9894	979.2	980.0	981.0		
342.9527	1.9947	979.2	979.9	981.1		
342.9860	1.9990	979.2	979.9	981.0		
343.0194	1.9912	979.3	980.0	981.1		
343.0527	1.9973	979.3	980.0	981.0		
343.0860	1.9951	979.2	979.9	981.0		
343.1194	1.9903	979.3	979.9	981.0		
343.1527	2.0003	979.3	980.1	981.1		
343.1860	2.0038	979.3	980.0	981.1		
343.2194	1.9969	979.3	980.0	981.2		
343.2527	1.9903	979.3	980.0	981.0		
343.2860	2.0052	979.2	980.0	981.1		
343.3194	2.0003	979.2	980.0	981.1		
343.3527	2.0003	979.2	980.0	981.0		
343.3860	2.0056	979.2	980.0	981.0		
343.4194	1.9982	979.3	979.9	981.0		
343.4527	2.0073	979.3	980.0	981.1		
343.4860	1.9973	979.2	979.9	981.0		
343.5194	2.0052	979.2	980.0	981.1		
343.5527	2.0043	979.3	980.1	981.1		
343.5860	2.0078	979.3	980.1	981.1		
343.6194	2.0047	979.2	979.9	981.1		
343.6527	2.0078	979.2	980.0	981.1		
343.6860	2.0056	979.3	980.0	981.0		
343.7194	2.0122	979.2	979.9	980.9		
343.7527	2.0100	979.2	979.9	981.0		
343.7860	2.0034	979.3	980.0	981.1		
343.8194	2.0117	979.2	980.0	981.1		
343.8527	2.0100	979.1	979.9	980.8		
343.8860	2.0065	979.2	979.9	981.0		
343.9194	2.0069	979.3	980.0	981.0		
343.9527	2.0100	979.2	980.0	981.0		
343.9860	2.0187	979.2	980.0	981.0		
344.0194	2.0165	979.2	980.0	981.1		
344.0527	2.0165	979.3	980.1	981.3		
344.0860	2.0117	979.3	980.0	981.1		
344.1194	2.0122	979.3	980.0	981.1		
344.1527	2.0178	979.3	980.0	981.1		
344.1860	2.0191	979.2	979.9	981.0		
344.2194	2.0231	979.2	980.0	981.0		
344.2527	2.0244	979.3	980.0	981.1		
344.2860	2.0117	979.3	980.1	981.1		
344.3194	2.0187	979.3	979.9	980.9		
344.3527	2.0148	979.2	979.9	981.0		
344.3860	2.0183	979.3	980.0	981.1		
344.4194	2.0143	979.3	980.0	981.1		
344.4527	2.0161	979.2	980.0	981.1		
344.4860	2.0253	979.2	979.9	981.1		
344.5194	2.0183	979.2	980.0	981.1		
344.5527	2.0178	979.2	979.9	981.0		
344.5860	2.0222	979.3	980.0	981.1		
344.6194	2.0196	979.3	980.0	981.1		
344.6527	2.0240	979.3	980.0	981.2		
344.6860	2.0143	979.4	980.0	981.3		
344.7194	2.0240	979.3	980.0	981.1		
344.7527	2.0283	979.2	980.0	981.1		
344.7860	2.0231	979.3	980.1	981.2		
344.8194	2.0266	979.3	980.0	981.2		
344.8527	2.0257	979.3	980.0	981.1		
344.8860	2.0161	979.3	980.0	981.1		
344.9194	2.0244	979.4	980.0	981.1		
344.9527	2.0275	979.3	980.0	981.1		
344.9860	2.0257	979.3	980.1	981.2		
345.0194	2.0327	979.3	980.0	981.1		
345.0527	2.0288	979.3	980.0	981.1		
345.0860	2.0231	979.2	980.0	981.1		
345.1194	2.0248	979.2	979.9	981.1		
345.1527	2.0275	979.3	980.0	981.1		
345.1860	2.0288	979.2	980.0	981.0		
345.2194	2.0301	979.3	979.9	981.0		
345.2527	2.0261	979.2	979.9	981.0		
345.2860	2.0187	979.2	980.0	981.1		
345.3194	2.0309	979.2	979.9	981.0		
345.3527	2.0375	979.2	979.9	981.0		
345.3860	2.0318	979.3	980.0	981.1		
345.4194	2.0384	979.2	980.0	981.1		
345.4527	2.0419	979.3	980.0	981.2		
345.4860	2.0301	979.3	980.0	981.1		
345.5194	2.0384	979.2	980.0	981.0		
345.5527	2.0375	979.2	979.9	981.0		
345.5860	2.0419	979.2	979.9	981.0		
345.6194	2.0349	979.1	980.0	981.1		
345.6527	2.0375	979.3	980.1	981.1		
345.6860	2.0371	979.3	980.1	981.2		
345.7194	2.0371	979.3	980.0	981.1		
345.7527	2.0375	979.3	980.0	981.1		
345.7860	2.0305	979.2	980.0	981.0		
345.8194	2.0436	979.2	979.9	981.1		
345.8527	2.0406	979.2	979.9	981.0		
345.8860	2.0384	979.2	979.9	981.1		
345.9194	2.0406	979.2	980.0	981.0		
345.9527	2.0379	979.2	980.0	981.1		
345.9860	2.0480	979.3	979.9	981.1		
346.0194	2.0358	979.2	980.0	981.1		
346.0527	2.0406	979.3	980.0	981.1		
346.0860	2.0436	979.3	979.9	981.1		
346.1194	2.0414	979.2	980.0	981.0		
346.1527	2.0454	979.3	980.0	981.0		
346.1860	2.0436	979.2	980.0	981.1		
346.2194	2.0471	979.2	979.9	981.0		
346.2527	2.0401	979.3	980.0	981.1		
346.2860	2.0432	979.3	980.1	981.1		
346.3194	2.0458	979.2	980.0	981.1		
346.3527	2.0340	979.2	979.9	981.0		
346.3860	2.0497	979.3	980.0	981.1		
346.4194	2.0506	979.2	980.0	981.1		
346.4527	2.0572	979.2	979.9	981.0		
346.4860	2.0550	979.2	980.0	981.0		
346.5194	2.0524	979.3	980.0	981.1		
346.5527	2.0441	979.2	980.0	981.1		
346.5860	2.0524	979.3	979.9	981.1		
346.6194	2.0493	979.2	980.0	981.1		
346.6527	2.0506	979.3	980.0	981.1		
346.6861	2.0502	979.1	979.9	980.9		
346.7194	2.0515	979.2	979.9	980.9		
346.7527	2.0506	979.2	980.0	981.1		
346.7861	2.0497	979.3	980.0	981.0		
346.8194	2.0567	979.2	980.0	981.1		
346.8527	2.0602	979.3	980.0	981.1		
346.8861	2.0546	979.3	979.9	981.1		
346.9194	2.0607	979.3	980.0	981.1		
346.9527	2.0441	979.3	980.0	981.0		
346.9861	2.0576	979.3	979.9	981.0		
347.0194	2.0594	979.2	979.9	981.0		
347.0527	2.0546	979.2	979.9	981.0		
347.0861	2.0559	979.3	980.0	981.1		
347.1194	2.0585	979.2	980.0	981.0		
347.1527	2.0615	979.3	980.1	981.1		
347.1861	2.0581	979.2	980.0	981.1		
347.2194	2.0537	979.2	980.0	981.1		
347.2527	2.0646	979.4	980.1	981.2		
347.2861	2.0650	979.3	980.0	981.1		
347.3194	2.0707	979.3	980.0	981.1		
347.3527	2.0633	979.3	980.0	981.0		
347.3861	2.0581	979.2	980.0	981.0		
347.4194	2.0642	979.3	980.0	981.1		
347.4527	2.0629	979.2	979.9	981.0		
347.4861	2.0703	979.2	979.9	981.1		
347.5194	2.0637	979.2	980.0	981.1		
347.5527	2.0633	979.3	980.0	981.1		
347.5861	2.0659	979.2	979.9	981.0		
347.6194	2.0664	979.3	980.0	981.0		
347.6527	2.0734	979.3	980.0	981.1		
347.6861	2.0681	979.3	980.0	981.0		
347.7194	2.0720	979.2	979.9	981.0		
347.7527	2.0650	979.3	980.1	981.1		
347.7861	2.0725	979.2	980.0	981.1		
347.8194	2.0720	979.2	979.9	981.0		
347.8527	2.0751	979.3	980.0	981.1		
347.8861	2.0782	979.3	980.0	981.1		
347.9194	2.0751	979.3	980.0	981.0		
347.9527	2.0768	979.3	980.0	981.1		
347.9861	2.0734	979.3	979.9	980.9		
348.0194	2.0716	979.3	979.9	980.9		
348.0527	2.0734	979.2	979.9	980.9		
348.0861	2.0738	979.2	980.0	980.9		
348.1194	2.0790	979.3	979.9	981.0		
348.1527	2.0755	979.2	980.0	981.1		
348.1861	2.0786	979.2	980.0	981.1		
348.2194	2.0782	979.2	979.9	981.0		
348.2527	2.0843	979.2	979.9	981.1		
348.2861	2.0782	979.3	980.1	981.1		
348.3194	2.0869	979.3	980.0	981.1		
348.3527	2.0803	979.3	979.9	981.0		
348.3861	2.0725	979.3	979.9	981.1		
348.4194	2.0865	979.3	979.9	981.0		
348.4527	2.0856	979.2	980.0	981.0		
348.4861	2.0790	979.2	979.9	981.0		
348.5194	2.0812	979.2	980.0	981.1		
348.5527	2.0895	979.2	979.9	981.0		
348.5861	2.0803	979.2	980.0	981.1		
348.6194	2.0830	979.3	980.0	981.0		
348.6527	2.0812	979.3	980.0	981.1		
348.6861	2.0799	979.2	979.9	981.0		
348.7194	2.0952	979.3	980.0	981.0		
348.7527	2.0847	979.2	980.0	981.0		
348.7861	2.0856	979.2	980.0	981.0		
348.8194	2.0891	979.3	980.0	981.0		
348.8527	2.0917	979.2	980.0	981.0		
348.8861	2.0887	979.2	980.0	981.0		
348.9194	2.0904	979.2	979.9	981.1		
348.9527	2.0908	979.2	980.0	981.1		
348.9861	2.0935	979.2	980.0	981.1		
349.0194	2.0913	979.3	980.0	981.0		
349.0527	2.0908	979.3	979.9	981.0		
349.0861	2.0935	979.4	980.0	981.1		
349.1194	2.0935	979.3	980.0	981.1		
349.1527	2.0948	979.3	980.0	981.1		
349.1861	2.0948	979.2	979.9	981.0		
349.2194	2.1013	979.3	980.1	981.2		
349.2527	2.0926	979.3	980.0	981.1		
349.2861	2.0996	979.3	980.0	981.1		
349.3194	2.0978	979.4	980.0	981.1		
349.3527	2.1022	979.3	979.9	981.0		
349.3861	2.0974	979.3	980.0	981.1		
349.4194	2.1000	979.2	979.9	981.1		
349.4527	2.0987	979.2	979.9	981.0		
349.4861	2.1009	979.2	980.0	981.0		
349.5194	2.0991	979.3	980.0	981.0		
349.5527	2.0930	979.3	980.0	981.1		
349.5861	2.1066	979.3	980.0	981.1		
349.6194	2.1074	979.3	980.0	981.1		
349.6527	2.0987	979.3	980.0	981.1		
349.6861	2.1035	979.3	980.0	981.0		
349.7194	2.1035	979.3	980.0	981.0		
349.7527	2.1114	979.2	980.0	981.0		
349.7861	2.1105	979.3	980.0	981.0		
349.8194	2.1061	979.3	980.0	981.1		
349.8527	2.1035	979.2	980.0	981.0		
349.8861	2.1048	979.3	980.0	981.0		
349.9194	2.1066	979.2	979.9	981.0		
349.9527	2.1005	979.3	980.0	981.0		
349.9861	2.1105	979.3	980.0	981.0		
350.0194	2.1053	979.3	980.0	981.0		
350.0527	2.1070	979.3	979.9	981.0		
350.0861	2.1105	979.3	980.1	981.1		
350.1194	2.1061	979.2	980.0	981.1		
350.1527	2.1083	979.2	980.0	981.0		
350.1861	2.1109	979.3	980.0	981.1		
350.2194	2.1123	979.3	980.1	981.1		
350.2527	2.1070	979.2	979.9	981.0		
350.2861	2.1114	979.3	980.0	981.0		
350.3194	2.1149	979.2	979.9	981.0		
350.3527	2.1074	979.3	980.0	981.1		
350.3861	2.1158	979.4	980.1	981.1		
350.4194	2.1140	979.3	980.0	981.1		
350.4527	2.1114	979.3	980.0	981.1		
350.4861	2.1153	979.3	980.0	981.0		
350.5194	2.1048	979.3	979.9	981.0		
350.5527	2.1162	979.2	980.0	981.1		
350.5861	2.1144	979.3	980.0	981.1		
350.6194	2.1201	979.3	980.0	981.1		
350.6527	2.1232	979.3	980.0	981.1		
350.6861	2.1175	979.2	980.0	981.0		
350.7194	2.1140	979.3	980.0	981.1		
350.7527	2.1188	979.3	980.0	981.1		
350.7861	2.1144	979.4	980.0	981.1		
350.8194	2.1236	979.3	980.0	981.1		
350.8527	2.1241	979.3	980.1	981.1		
350.8861	2.1197	979.3	979.9	981.0		
350.9194	2.1236	979.2	980.0	981.1		
350.9527	2.1219	979.3	980.0	981.1		
350.9861	2.1179	979.3	980.0	981.1		
351.0194	2.1219	979.3	980.0	981.1		
351.0527	2.1241	979.3	980.0	981.1		
351.0861	2.1236	979.3	979.9	981.0		
351.1194	2.1241	979.3	980.0	981.0		
351.1527	2.1267	979.3	979.9	981.1		
351.1861	2.1306	979.3	980.0	981.1		
351.2194	2.1241	979.3	980.0	981.1		
351.2527	2.1276	979.3	980.0	981.0		
351.2861	2.1267	979.3	980.0	981.1		
351.3194	2.1293	979.3	980.0	981.0		
351.3527	2.1328	979.2	979.9	981.0		
351.3861	2.1346	979.3	980.0	981.1		
351.4194	2.1341	979.3	980.0	981.0		
351.4527	2.1315	979.3	980.0	981.0		
351.4861	2.1380	979.2	980.0	981.1		
351.5194	2.1354	979.2	980.0	981.0		
351.5527	2.1324	979.3	980.0	981.1		
351.5861	2.1359	979.3	980.0	981.1		
351.6194	2.1424	979.2	980.0	981.0		
351.6527	2.1319	979.3	980.0	981.0		
351.6861	2.1337	979.3	980.0	981.1		
351.7194	2.1389	979.3	979.9	981.0		
351.7527	2.1380	979.3	980.1	981.1		
351.7861	2.1328	979.4	980.1	981.1		
351.8194	2.1372	979.4	980.1	981.1		
351.8527	2.1407	979.3	980.0	981.0		
351.8861	2.1350	979.3	980.0	981.0		
351.9194	2.1455	979.3	979.9	981.0		
351.9527	2.1402	979.3	980.0	981.1		
351.9861	2.1437	979.3	980.0	981.1		
352.0194	2.1389	979.3	980.0	981.0		
352.0527	2.1350	979.3	979.9	981.0		
352.0861	2.1450	979.2	979.9	981.0		
352.1194	2.1446	979.2	979.9	981.0		
352.1527	2.1319	979.3	980.0	981.0		
352.1861	2.1450	979.3	980.0	981.1		
352.2194	2.1485	979.4	980.0	981.0		
352.2527	2.1359	979.3	980.0	981.0		
352.2861	2.1429	979.3	980.0	981.0		
352.3194	2.1494	979.3	980.0	981.1		
352.3527	2.1442	979.3	980.0	981.1		
352.3861	2.1512	979.3	980.0	981.1		
352.4194	2.1485	979.3	980.0	981.1		
352.4527	2.1450	979.3	980.0	981.1		
352.4861	2.1481	979.3	980.0	981.1		
352.5194	2.1433	979.3	980.0	981.1		
352.5527	2.1433	979.3	980.0	981.1		
352.5861	2.1499	979.3	980.0	981.1		
352.6194	2.1529	979.2	980.0	981.1		
352.6527	2.1542	979.2	980.0	981.0		
352.6861	2.1485	979.2	979.9	981.0		
352.7194	2.1603	979.2	980.0	981.0		
352.7527	2.1512	979.3	980.0	981.0		
352.7861	2.1573	979.3	980.0	981.0		
352.8194	2.1551	979.3	980.0	981.1		
352.8527	2.1494	979.4	980.0	981.1		
352.8861	2.1638	979.3	980.0	981.0		
352.9194	2.1590	979.2	979.9	980.9		
352.9527	2.1599	979.3	980.0	981.1		
352.9861	2.1568	979.2	979.9	981.0		
353.0194	2.1621	979.3	980.0	981.0		
353.0527	2.1634	979.3	980.0	981.0		
353.0861	2.1612	979.3	980.0	981.0		
353.1194	2.1630	979.5	980.2	981.6		
353.1527	2.1656	979.6	980.2	981.5		
353.1861	2.1617	979.6	980.2	981.3		
353.2194	2.1634	979.6	980.1	981.2		
353.2527	2.1630	979.6	980.1	981.2		
353.2861	2.1630	979.5	980.0	981.1		
353.3194	2.1695	979.6	980.1	981.3		
353.3527	2.1643	979.6	980.1	981.4		
353.3861	2.1660	979.7	980.2	981.4		
353.4194	2.1686	979.6	980.1	981.3		
353.4527	2.1586	979.7	980.2	981.4		
353.4861	2.1673	979.7	980.2	981.4		
353.5194	2.1634	979.6	980.2	981.3		
353.5527	2.1695	979.5	980.0	981.1		
353.5861	2.1739	979.6	980.2	981.5		
353.6194	2.1730	979.6	980.2	981.4		
353.6527	2.1665	979.6	980.1	981.3		
353.6861	2.1791	979.6	980.1	981.3		
353.7194	2.1783	979.6	980.2	981.3		
353.7527	2.1774	979.7	980.2	981.4		
353.7861	2.1743	979.7	980.2	981.4		
353.8194	2.1813	979.7	980.2	981.4		
353.8527	2.1752	979.6	980.1	981.3		
353.8861	2.1866	979.6	980.2	981.3		
353.9194	2.1778	979.5	980.2	981.3		
353.9527	2.1818	979.6	980.1	981.3		
353.9861	2.1826	979.6	980.1	981.3		
354.0194	2.1778	979.6	980.2	981.3		
354.0527	2.1713	979.6	980.2	981.3		
354.0861	2.1848	979.6	980.2	981.3		
354.1194	2.1770	979.6	980.2	981.4		
354.1527	2.1813	979.6	980.2	981.3		
354.1861	2.1905	979.6	980.2	981.4		
354.2194	2.1805	979.6	980.2	981.4		
354.2527	2.1818	979.6	980.2	981.3		
354.2861	2.1783	979.7	980.2	981.4		
354.3194	2.1888	979.6	980.1	981.3		
354.3527	2.1909	979.7	980.2	981.3		
354.3861	2.1879	979.6	980.1	981.2		
354.4194	2.1879	979.6	980.2	981.3		
354.4527	2.1857	979.6	980.2	981.4		
354.4861	2.1888	979.6	980.2	981.4		
354.5194	2.1787	979.6	980.1	981.3		
354.5527	2.1861	979.6	980.1	981.3		
354.5861	2.1839	979.6	980.1	981.2		
354.6194	2.1839	979.7	980.3	981.5		
354.6527	2.1826	979.7	980.3	981.4		
354.6861	2.1831	979.6	980.2	981.2		
354.7194	2.1901	979.6	980.1	981.3		
354.7527	2.1927	979.7	980.2	981.4		
354.7861	2.1918	979.6	980.2	981.3		
354.8194	2.1883	979.6	980.2	981.3		
354.8527	2.1949	979.7	980.2	981.4		
354.8861	2.1923	979.6	980.2	981.3		
354.9194	2.1918	979.6	980.2	981.4		
354.9527	2.1984	979.6	980.2	981.3		
354.9861	2.1971	979.7	980.2	981.4		
355.0194	2.1857	979.6	980.2	981.3		
355.0527	2.1988	979.6	980.2	981.3		
355.0861	2.2058	979.6	980.2	981.3		
355.1194	2.2006	979.5	980.1	981.2		
355.1527	2.1992	979.7	980.3	981.4		
355.1861	2.2019	979.7	980.2	981.4		
355.2194	2.2023	979.6	980.1	981.3		
355.2527	2.1997	979.6	980.1	981.3		
355.2861	2.2076	979.6	980.2	981.4		
355.3194	2.2006	979.6	980.2	981.4		
355.3527	2.2084	979.6	980.2	981.3		
355.3861	2.2080	979.6	980.2	981.4		
355.4194	2.2001	979.6	980.2	981.4		
355.4527	2.1966	979.6	980.2	981.5		
355.4861	2.1997	979.6	980.3	981.4		
355.5194	2.2106	979.6	980.2	981.3		
355.5527	2.2027	979.6	980.1	981.3		
355.5861	2.2106	979.6	980.1	981.3		
355.6194	2.2089	979.6	980.2	981.5		
355.6527	2.2027	979.6	980.3	981.5		
355.6861	2.2106	979.6	980.2	981.4		
355.7194	2.2049	979.6	980.2	981.4		
355.7527	2.1992	979.6	980.2	981.3		
355.7861	2.2093	979.6	980.1	981.4		
355.8194	2.2115	979.6	980.2	981.4		
355.8527	2.2102	979.6	980.2	981.4		
355.8861	2.2137	979.5	980.1	981.3		
355.9194	2.2163	979.6	980.2	981.3		
355.9527	2.2128	979.6	980.1	981.3		
355.9861	2.2159	979.7	980.2	981.5		
356.0194	2.2185	979.7	980.2	981.4		
356.0527	2.2159	979.7	980.2	981.4		
356.0861	2.2159	979.6	980.2	981.4		
356.1194	2.2150	979.5	980.2	981.4		
356.1527	2.2207	979.7	980.2	981.4		
356.1861	2.2176	979.6	980.2	981.3		
356.2194	2.2167	979.6	980.1	981.3		
356.2527	2.2167	979.6	980.2	981.4		
356.2861	2.2198	979.6	980.1	981.3		
356.3194	2.2229	979.6	980.2	981.3		
356.3527	2.2163	979.5	980.1	981.3		
356.3861	2.2185	979.6	980.1	981.4		
356.4194	2.2264	979.6	980.2	981.4		
356.4527	2.2303	979.6	980.2	981.4		
356.4861	2.2220	979.6	980.2	981.3		
356.5194	2.2268	979.6	980.2	981.4		
356.5527	2.2229	979.6	980.2	981.4		
356.5861	2.2294	979.6	980.2	981.4		
356.6194	2.2246	979.6	980.2	981.3		
356.6527	2.2233	979.6	980.2	981.3		
356.6861	2.2215	979.6	980.2	981.3		
356.7194	2.2272	979.6	980.2	981.4		
356.7527	2.2220	979.7	980.3	981.4		
356.7861	2.2268	979.6	980.2	981.3		
356.8194	2.2259	979.6	980.2	981.4		
356.8527	2.2242	979.8	980.3	981.5		
356.8861	2.2373	979.7	980.3	981.4		
356.9194	2.2351	979.7	980.2	981.4		
356.9527	2.2281	979.6	980.3	981.4		
356.9861	2.2421	979.7	980.3	981.4		
357.0194	2.2281	979.6	980.2	981.4		
357.0527	2.2333	979.6	980.2	981.4		
357.0861	2.2342	979.6	980.3	981.5		
357.1194	2.2382	979.6	980.2	981.4		
357.1527	2.2355	979.7	980.3	981.5		
357.1861	2.2294	979.7	980.2	981.5		
357.2194	2.2438	979.6	980.2	981.4		
357.2527	2.2355	979.6	980.2	981.4		
357.2861	2.2382	979.7	980.2	981.4		
357.3194	2.2355	979.6	980.2	981.4		
357.3527	2.2368	979.6	980.2	981.4		
357.3861	2.2434	979.7	980.2	981.4		
357.4194	2.2434	979.7	980.2	981.4		
357.4527	2.2373	979.6	980.2	981.4		
357.4861	2.2456	979.7	980.3	981.4		
357.5194	2.2517	979.6	980.2	981.4		
357.5527	2.2417	979.5	980.2	981.3		
357.5861	2.2460	979.7	980.2	981.4		
357.6194	2.2535	979.6	980.2	981.4		
357.6527	2.2482	979.6	980.2	981.4		
357.6861	2.2486	979.7	980.2	981.4		
357.7194	2.2495	979.6	980.3	981.4		
357.7527	2.2469	979.6	980.2	981.4		
357.7861	2.2535	979.6	980.2	981.3		
357.8194	2.2412	979.6	980.3	981.5		
357.8527	2.2504	979.7	980.3	981.4		
357.8861	2.2500	979.6	980.2	981.3		
357.9194	2.2465	979.7	980.3	981.5		
357.9527	2.2469	979.6	980.2	981.3		
357.9861	2.2613	979.7	980.3	981.5		
358.0194	2.2548	979.6	980.3	981.5		
358.0527	2.2465	979.6	980.2	981.3		
358.0861	2.2521	979.7	980.3	981.5		
358.1194	2.2556	979.6	980.2	981.4		
358.1527	2.2469	979.3	979.8	980.6		
358.1861	2.2635	979.3	979.8	980.7		
358.2194	2.2565	979.3	979.8	980.7		
358.2527	2.2583	979.2	979.6	980.5		
358.2861	2.2521	979.3	979.6	980.5		
358.3194	2.2596	979.3	979.7	980.7		
358.3527	2.2565	979.2	979.6	980.6		
358.3861	2.2583	979.3	979.7	980.6		
358.4194	2.2635	979.3	979.7	980.7		
358.4527	2.2661	979.3	979.7	980.6		
358.4861	2.2539	979.3	979.7	980.6		
358.5194	2.2565	979.3	979.7	980.6		
358.5527	2.2622	979.3	979.7	980.7		
358.5861	2.2631	979.3	979.7	980.6		
358.6194	2.2674	979.3	979.6	980.5		
358.6527	2.2548	979.3	979.6	980.6		
358.6861	2.2574	979.4	979.7	980.7		
358.7194	2.2679	979.3	979.7	980.6		
358.7527	2.2604	979.3	979.6	980.6		
358.7861	2.2639	979.3	979.7	980.6		
358.8194	2.2618	979.3	979.6	980.6		
358.8527	2.2653	979.2	979.6	980.5		
358.8861	2.2701	979.3	979.6	980.5		
358.9194	2.2635	979.3	979.6	980.6		
358.9527	2.2692	979.2	979.7	980.6		
358.9861	2.2701	979.3	979.6	980.5		
359.0194	2.2622	979.2	979.6	980.5		
359.0527	2.2661	979.4	979.7	980.6		
359.0861	2.2674	979.3	979.6	980.6		
359.1194	2.2757	979.3	979.7	980.6		
359.1527	2.2731	979.3	979.6	980.6		
359.1861	2.2753	979.2	979.6	980.6		
359.2194	2.2740	979.3	979.6	980.5		
359.2527	2.2701	979.2	979.6	980.5		
359.2861	2.2723	979.3	979.6	980.5		
359.3194	2.2740	979.3	979.7	980.7		
359.3527	2.2801	979.3	979.7	980.6		
359.3861	2.2814	979.3	979.7	980.6		
359.4194	2.2810	979.3	979.7	980.5		
359.4527	2.2810	979.3	979.7	980.6		
359.4861	2.2775	979.2	979.7	980.7		
359.5194	2.2757	979.3	979.7	980.7		
359.5527	2.2788	979.3	979.8	980.7		
359.5861	2.2806	979.4	979.7	980.7		
359.6194	2.2744	979.4	979.8	980.7		
359.6527	2.2858	979.3	979.7	980.6		
359.6861	2.2845	979.2	979.7	980.5		
359.7194	2.2924	979.2	979.6	980.5		
359.7527	2.2784	979.2	979.6	980.5		
359.7861	2.2823	979.3	979.6	980.6		
359.8194	2.2823	979.2	979.7	980.6		
359.8527	2.2827	979.2	979.6	980.6		
359.8861	2.2827	979.3	979.7	980.6		
359.9194	2.2950	979.2	979.6	980.6		
359.9527	2.2867	979.2	979.6	980.6		
359.9861	2.2919	979.2	979.6	980.6		
360.0194	2.2880	979.2	979.6	980.7		
360.0527	2.2941	979.3	979.6	980.6		
360.0861	2.2945	979.3	979.6	980.5		
360.1194	2.2897	979.3	979.6	980.6		
360.1527	2.2967	979.3	979.7	980.6		
360.1861	2.2928	979.3	979.6	980.6		
360.2194	2.2902	979.3	979.7	980.7		
360.2527	2.2945	979.3	979.8	980.8		
360.2861	2.2937	979.2	979.7	980.6		
360.3194	2.2963	979.3	979.7	980.6		
360.3527	2.2954	979.4	979.8	980.7		
360.3861	2.2959	979.3	979.7	980.7		
360.4194	2.2959	979.3	979.7	980.6		
360.4527	2.3024	979.3	979.7	980.6		
360.4861	2.2945	979.3	979.7	980.7		
360.5194	2.3033	979.4	979.7	980.7		
360.5527	2.2941	979.4	979.8	980.8		
360.5861	2.2976	979.2	979.6	980.6		
360.6194	2.3007	979.4	979.8	980.9		
360.6527	2.3029	979.4	979.8	980.7		
360.6861	2.3015	979.3	979.6	980.6		
360.7194	2.2959	979.3	979.7	980.7		
360.7527	2.3029	979.2	979.6	980.6		
360.7861	2.3063	979.2	979.7	980.6		
360.8194	2.3015	979.3	979.6	980.6		
360.8527	2.3112	979.3	979.7	980.7		
360.8861	2.3037	979.3	979.7	980.7		
360.9194	2.3094	979.4	979.8	980.8		
360.9527	2.3068	979.3	979.7	980.7		
360.9861	2.3033	979.3	979.6	980.6		
361.0194	2.3077	979.3	979.7	980.6		
361.0527	2.3085	979.2	979.7	980.6		
361.0861	2.3037	979.3	979.7	980.6		
361.1194	2.3147	979.3	979.7	980.7		
361.1527	2.3164	979.3	979.7	980.7		
361.1861	2.3190	979.3	979.7	980.6		
361.2194	2.3129	979.3	979.6	980.7		
361.2527	2.3090	979.3	979.7	980.7		
361.2861	2.3155	979.3	979.8	980.7		
361.3194	2.3147	979.3	979.8	980.7		
361.3527	2.3195	979.3	979.7	980.7		
361.3861	2.3094	979.3	979.8	980.7		
361.4194	2.3142	979.3	979.7	980.6		
361.4527	2.3212	979.4	979.7	980.6		
361.4861	2.3216	979.4	979.7	980.7		
361.5194	2.3199	979.4	979.8	980.7		
361.5527	2.3251	979.3	979.7	980.6		
361.5861	2.3300	979.2	979.6	980.6		
361.6194	2.3160	979.3	979.7	980.7		
361.6527	2.3230	979.2	979.7	980.6		
361.6861	2.3177	979.3	979.7	980.6		
361.7194	2.3094	979.3	979.7	980.6		
361.7527	2.3212	979.2	979.7	980.6		
361.7861	2.3203	979.4	979.7	980.7		
361.8194	2.3291	979.3	979.7	980.7		
361.8527	2.3225	979.3	979.7	980.7		
361.8861	2.3173	979.3	979.7	980.6		
361.9194	2.3278	979.2	979.7	980.6		
361.9527	2.3247	979.2	979.7	980.7		
361.9861	2.3234	979.3	979.7	980.7		
362.0194	2.3269	979.3	979.7	980.7		
362.0527	2.3190	979.3	979.8	980.7		
362.0861	2.3300	979.3	979.7	980.7		
362.1194	2.3260	979.3	979.7	980.6		
362.1527	2.3330	979.3	979.6	980.6		
362.1861	2.3326	979.3	979.7	980.7		
362.2194	2.3383	979.2	979.7	980.6		
362.2527	2.3321	979.4	979.8	980.7		
362.2861	2.3369	979.4	979.7	980.7		
362.3194	2.3330	979.3	979.8	980.7		
362.3527	2.3334	979.3	979.8	980.7		
362.3861	2.3387	979.4	979.8	980.7		
362.4194	2.3396	979.3	979.7	980.7		
362.4527	2.3365	979.3	979.7	980.7		
362.4861	2.3286	979.3	979.7	980.7		
362.5194	2.3291	979.3	979.8	980.7		
362.5527	2.3352	979.4	979.7	980.7		
362.5861	2.3387	979.3	979.7	980.7		
362.6194	2.3422	979.3	979.8	980.7		
362.6527	2.3431	979.2	979.8	980.7		
362.6861	2.3387	979.3	979.7	980.7		
362.7194	2.3374	979.3	979.7	980.7		
362.7527	2.3391	979.3	979.7	980.7		
362.7861	2.3483	979.3	979.8	980.7		
362.8194	2.3492	979.4	979.8	980.8		
362.8527	2.3439	979.4	979.8	980.8		
362.8861	2.3435	979.4	979.8	980.7		
362.9194	2.3422	979.3	979.7	980.6		
362.9527	2.3418	979.3	979.7	980.6		
362.9861	2.3422	979.3	979.7	980.7		
363.0194	2.3549	979.3	979.7	980.7		
363.0527	2.3413	979.3	979.7	980.6		
363.0861	2.3527	979.3	979.7	980.6		
363.1194	2.3492	979.3	979.7	980.7		
363.1527	2.3496	979.4	979.7	980.7		
363.1861	2.3496	979.3	979.7	980.6		
363.2194	2.3483	979.3	979.7	980.6		
363.2527	2.3466	979.3	979.8	980.7		
363.2861	2.3505	979.4	979.8	980.8		
363.3194	2.3536	979.4	979.8	980.8		
363.3527	2.3461	979.4	979.8	980.7		
363.3861	2.3492	979.4	979.8	980.7		
363.4194	2.3531	979.3	979.7	980.7		
363.4527	2.3553	979.3	979.7	980.7		
363.4861	2.3527	979.3	979.8	980.8		
363.5194	2.3557	979.2	979.7	980.7		
363.5527	2.3549	979.3	979.8	980.8		
363.5861	2.3575	979.3	979.8	980.8		
363.6194	2.3588	979.3	979.7	980.6		
363.6527	2.3610	979.3	979.7	980.7		
363.6861	2.3632	979.4	979.8	980.7		
363.7194	2.3588	979.4	979.8	980.7		
363.7527	2.3606	979.4	979.8	980.8		
363.7861	2.3745	979.3	979.8	980.8		
363.8194	2.3601	979.4	979.7	980.7		
363.8527	2.3627	979.4	979.8	980.8		
363.8861	2.3571	979.3	979.7	980.7		
363.9194	2.3675	979.3	979.7	980.7		
363.9527	2.3693	979.4	979.8	980.8		
363.9861	2.3627	979.3	979.7	980.7		
364.0194	2.3623	979.3	979.7	980.7		
364.0527	2.3667	979.3	979.7	980.7		
364.0861	2.3645	979.3	979.7	980.7		
364.1194	2.3636	979.3	979.7	980.7		
364.1527	2.3636	979.4	979.8	980.8		
364.1861	2.3658	979.3	979.8	980.7		
364.2194	2.3719	979.3	979.7	980.7		
364.2527	2.3785	979.3	979.7	980.7		
364.2861	2.3759	979.3	979.7	980.7		
364.3194	2.3658	979.3	979.8	980.7		
364.3527	2.3706	979.3	979.7	980.6		
364.3861	2.3750	979.3	979.7	980.7		
364.4194	2.3732	979.3	979.8	980.7		
364.4527	2.3741	979.3	979.7	980.7		
364.4861	2.3859	979.4	979.8	980.8		
364.5194	2.3724	979.3	979.8	980.7		
364.5527	2.3719	979.3	979.7	980.7		
364.5861	2.3741	979.4	979.8	980.8		
364.6194	2.3737	979.3	979.8	980.8		
364.6527	2.3719	979.4	979.8	980.8		
364.6861	2.3772	979.3	979.7	980.7		
364.7194	2.3837	979.4	979.8	980.8		
364.7527	2.3807	979.4	979.8	980.7		
364.7861	2.3828	979.3	979.8	980.7		
364.8194	2.3877	979.3	979.8	980.8		
364.8527	2.3802	979.3	979.7	980.7		
364.8861	2.3793	979.4	979.8	980.8		
364.9194	2.3859	979.3	979.8	980.8		
364.9527	2.3894	979.4	979.8	980.8		
364.9861	2.3907	979.3	979.7	980.7		
365.0194	2.3820	979.4	979.8	980.7		
365.0527	2.3929	979.3	979.7	980.7		
365.0861	2.3859	979.4	979.7	980.7		
365.1194	2.3907	979.3	979.6	980.5		
365.1527	2.3929	979.3	979.8	980.7		
365.1861	2.3973	979.3	979.8	980.8		
365.2194	2.3938	979.3	979.8	980.7		
365.2527	2.3981	979.3	979.8	980.7		
365.2861	2.3894	979.4	979.8	980.7		
365.3194	2.3912	979.4	979.8	980.8		
365.3527	2.3946	979.4	979.9	980.9		
365.3861	2.3960	979.4	979.7	980.6		
365.4194	2.4021	979.3	979.7	980.7		
365.4527	2.3881	979.3	979.7	980.7		
365.4861	2.3929	979.4	979.9	980.9		
365.5194	2.3990	979.3	979.9	980.8		
365.5527	2.3995	979.3	979.7	980.6		
365.5861	2.4021	979.3	979.8	980.8		
365.6194	2.3925	979.3	979.8	980.7		
365.6527	2.3995	979.2	979.6	980.5		
365.6861	2.3960	979.3	979.8	980.7		
365.7194	2.3977	979.4	979.8	980.8		
365.7527	2.3990	979.3	979.8	980.8		
365.7861	2.3990	979.4	979.8	980.8		
365.8194	2.4060	979.4	979.7	980.7		
365.8527	2.4003	979.3	979.7	980.7		
365.8861	2.4025	979.3	979.7	980.7		
365.9194	2.3999	979.3	979.8	980.8		
365.9527	2.4051	979.4	979.8	980.8		
365.9861	2.4003	979.4	979.8	980.7		
366.0194	2.4113	979.3	979.8	980.7		
366.0527	2.4139	979.3	979.7	980.7		
366.0861	2.4073	979.3	979.7	980.7		
366.1194	2.4056	979.3	979.8	980.8		
366.1527	2.4078	979.4	979.8	980.8		
366.1861	2.4130	979.3	979.8	980.7		
366.2194	2.4086	979.4	979.8	980.8		
366.2527	2.4034	979.3	979.8	980.7		
366.2861	2.4121	979.3	979.7	980.7		
366.3194	2.4169	979.3	979.7	980.6		
366.3527	2.4156	979.3	979.8	980.7		
366.3861	2.4121	979.4	979.8	980.8		
366.4194	2.4169	979.4	979.9	980.9		
366.4527	2.4244	979.4	979.9	980.8		
366.4861	2.4222	979.4	979.8	980.8		
366.5194	2.4231	979.4	979.8	980.8		
366.5527	2.4183	979.2	979.8	980.7		
366.5861	2.4231	979.3	979.8	980.8		
366.6194	2.4235	979.3	979.8	980.8		
366.6527	2.4204	979.4	979.9	980.9		
366.6861	2.4222	979.4	979.8	980.7		
366.7194	2.4257	979.4	979.8	980.8		
366.7527	2.4266	979.3	979.7	980.7		
366.7861	2.4252	979.3	979.8	980.7		
366.8194	2.4261	979.3	979.8	980.7		
366.8527	2.4287	979.4	979.9	980.8		
366.8861	2.4318	979.2	979.7	980.6		
366.9194	2.4322	979.4	979.8	980.8		
366.9527	2.4292	979.4	979.9	980.9		
366.9861	2.4331	979.3	979.8	980.8		
367.0194	2.4248	979.3	979.8	980.7		
367.0527	2.4309	979.3	979.8	980.7		
367.0861	2.4283	979.4	979.8	980.8		
367.1194	2.4274	979.4	979.9	980.8		
367.1527	2.4314	979.4	979.9	980.8		
367.1861	2.4336	979.4	979.8	980.8		
367.2194	2.4340	979.5	979.9	980.8		
367.2527	2.4362	979.3	979.7	980.7		
367.2861	2.4384	979.3	979.7	980.7		
367.3194	2.4366	979.3	979.8	980.8		
367.3527	2.4318	979.3	979.8	980.8		
367.3861	2.4423	979.3	979.7	980.8		
367.4194	2.4384	979.3	979.8	980.7		
367.4527	2.4379	979.4	979.8	980.8		
367.4861	2.4414	979.3	979.9	980.8		
367.5194	2.4371	979.3	979.8	980.9		
367.5527	2.4296	979.3	979.9	980.9		
367.5861	2.4392	979.4	979.8	980.8		
367.6194	2.4340	979.3	979.8	980.8		
367.6527	2.4423	979.4	979.8	980.8		
367.6861	2.4427	979.3	979.7	980.7		
367.7194	2.4484	979.4	979.8	980.8		
367.7527	2.4440	979.4	979.9	980.8		
367.7861	2.4475	979.4	979.8	980.8		
367.8194	2.4462	979.4	979.8	980.9		
367.8527	2.4537	979.4	979.8	980.8		
367.8861	2.4458	979.4	979.8	980.8		
367.9194	2.4427	979.4	979.8	980.7		
367.9527	2.4558	979.4	979.8	980.8		
367.9861	2.4454	979.4	979.8	980.8		
368.0194	2.4541	979.3	979.8	980.7		
368.0527	2.4484	979.4	979.9	980.8		
368.0861	2.4489	979.4	979.8	980.8		
368.1194	2.4454	979.2	979.6	980.6		
368.1527	2.4467	979.3	979.8	980.8		
368.1861	2.4524	979.4	979.9	980.8		
368.2194	2.4589	979.4	979.8	980.8		
368.2527	2.4480	979.4	979.8	980.8		
368.2861	2.4642	979.4	979.8	980.7		
368.3194	2.4510	979.3	979.8	980.7		
368.3527	2.4558	979.3	979.8	980.7		
368.3861	2.4550	979.3	979.8	980.8		
368.4194	2.4484	979.3	979.8	980.8		
368.4527	2.4554	979.4	979.8	980.8		
368.4861	2.4567	979.4	979.9	980.8		
368.5194	2.4576	979.4	979.8	980.8		
368.5527	2.4589	979.3	979.8	980.8		
368.5861	2.4602	979.3	979.8	980.7		
368.6194	2.4593	979.4	979.9	980.9		
368.6527	2.4668	979.5	979.9	980.8		
368.6861	2.4716	979.3	979.8	980.7		
368.7194	2.4659	979.3	979.8	980.8		
368.7527	2.4633	979.3	979.8	980.8		
368.7861	2.4659	979.3	979.8	980.8		
368.8194	2.4742	979.4	979.8	981.0		
368.8527	2.4729	979.4	979.8	980.8		
368.8861	2.4677	979.4	979.8	980.9		
368.9194	2.4742	979.3	979.8	980.8		
368.9527	2.4668	979.3	979.8	980.7		
368.9861	2.4672	979.4	979.8	980.7		
369.0194	2.4685	979.4	979.8	980.8		
369.0527	2.4755	979.4	979.8	980.8		
369.0861	2.4681	979.4	979.8	980.7		
369.1194	2.4733	979.4	979.8	980.9		
369.1527	2.4799	979.4	979.8	980.8		
369.1861	2.4834	979.3	979.7	980.8		
369.2194	2.4795	979.4	979.9	980.9		
369.2527	2.4751	979.4	979.8	980.9		
369.2861	2.4790	979.4	979.8	980.8		
369.3194	2.4755	979.4	979.8	980.8		
369.3527	2.4786	979.4	979.9	981.1		
369.3861	2.4786	979.4	979.9	981.0		
369.4194	2.4856	979.3	979.8	980.9		
369.4527	2.4755	979.3	979.8	980.8		
369.4861	2.4755	979.3	979.8	980.9		
369.5194	2.4808	979.3	979.8	980.8		
369.5527	2.4851	979.3	979.7	980.6		
369.5861	2.4816	979.4	979.8	980.8		
369.6194	2.4786	979.4	979.8	980.8		
369.6527	2.4838	979.4	979.8	980.9		
369.6861	2.4851	979.4	979.8	980.8		
369.7194	2.4847	979.3	979.7	980.7		
369.7527	2.4891	979.4	979.8	980.8		
369.7861	2.4830	979.3	979.8	980.8		
369.8194	2.4895	979.3	979.8	980.8		
369.8527	2.4917	979.4	979.8	980.9		
369.8861	2.4895	979.4	979.9	980.9		
369.9194	2.4891	979.4	979.8	980.8		
369.9527	2.4847	979.4	979.9	980.9		
369.9861	2.4851	979.3	979.8	980.8		
370.0194	2.4948	979.3	979.8	980.8		
370.0527	2.4965	979.4	979.9	981.0		
370.0861	2.4864	979.4	979.9	980.9		
370.1194	2.4948	979.4	979.8	980.9		
370.1527	2.4873	979.4	979.9	980.9		
370.1861	2.4830	979.3	979.8	980.8		
370.2194	2.5026	979.3	979.8	980.8		
370.2527	2.4987	979.5	979.8	980.7		
370.2861	2.4987	979.4	979.9	980.9		
370.3194	2.5048	979.3	979.8	980.8		
370.3527	2.4943	979.3	979.8	980.7		
370.3861	2.4974	979.4	979.8	980.7		
370.4194	2.5044	979.3	979.8	980.8		
370.4527	2.4996	979.3	979.8	980.8		
370.4861	2.5013	979.4	979.8	980.8		
370.5194	2.5061	979.3	979.8	980.8		
370.5527	2.5052	979.3	979.7	980.8		
370.5861	2.5009	979.3	979.8	980.8		
370.6194	2.5070	979.4	979.8	980.8		
370.6527	2.5061	979.4	979.8	980.8		
370.6861	2.5131	979.4	979.8	980.8		
370.7194	2.5074	979.4	979.8	980.8		
370.7527	2.5061	979.4	979.8	980.8		
370.7861	2.5048	979.4	979.8	980.8		
370.8194	2.5096	979.4	979.9	980.8		
370.8527	2.5114	979.3	979.8	980.7		
370.8861	2.5070	979.3	979.8	980.7		
370.9194	2.5118	979.3	979.8	980.8		
370.9527	2.5149	979.4	979.9	980.9		
370.9861	2.5136	979.5	979.8	980.8		
371.0194	2.5083	979.3	979.7	980.7		
371.0527	2.5179	979.4	979.8	980.9		
371.0861	2.5175	979.3	979.8	980.8		
371.1194	2.5079	979.3	979.7	980.7		
371.1527	2.5214	979.3	979.8	980.8		
371.1861	2.5131	979.3	979.8	980.8		
371.2194	2.5175	979.4	979.8	980.9		
371.2527	2.5227	979.3	979.8	980.9		
371.2861	2.5162	979.4	979.8	980.9		
371.3194	2.5105	979.3	979.8	980.8		
371.3527	2.5236	979.3	979.8	980.8		
371.3861	2.5249	979.4	979.8	980.8		
371.4194	2.5219	979.3	979.8	980.8		
371.4527	2.5289	979.3	979.8	980.9		
371.4861	2.5284	979.3	979.8	980.9		
371.5194	2.5236	979.3	979.8	980.8		
371.5527	2.5280	979.3	979.7	980.7		
371.5861	2.5323	979.4	979.8	980.8		
371.6194	2.5332	979.4	979.8	980.8		
371.6527	2.5262	979.4	979.8	980.9		
371.6861	2.5258	979.4	979.8	980.9		
371.7194	2.5297	979.2	979.7	980.8		
371.7527	2.5310	979.3	979.8	980.8		
371.7861	2.5280	979.3	979.8	980.8		
371.8194	2.5367	979.3	979.8	980.7		
371.8527	2.5258	979.3	979.7	980.8		
371.8861	2.5350	979.3	979.8	980.9		
371.9194	2.5407	979.3	979.8	980.8		
371.9527	2.5363	979.4	979.8	980.9		
371.9861	2.5345	979.4	979.9	980.9		
372.0194	2.5345	979.4	979.8	980.9		
372.0527	2.5337	979.4	979.8	980.8		
372.0861	2.5363	979.4	979.8	980.8		
372.1194	2.5385	979.4	979.8	980.8		
372.1527	2.5428	979.3	979.8	980.8		
372.1861	2.5398	979.4	979.8	980.8		
372.2194	2.5437	979.5	979.8	980.9		
372.2527	2.5420	979.3	979.9	981.0		
372.2861	2.5433	979.3	979.8	980.8		
372.3194	2.5511	979.3	979.8	980.9		
372.3527	2.5459	979.3	979.8	980.8		
372.3861	2.5485	979.4	979.8	980.8		
372.4194	2.5385	979.3	979.8	980.8		
372.4527	2.5459	979.4	979.8	980.9		
372.4861	2.5481	979.4	979.8	980.9		
372.5194	2.5516	979.4	979.8	980.8		
372.5527	2.5450	979.3	979.8	980.8		
372.5861	2.5428	979.3	979.8	980.8		
372.6194	2.5476	979.3	979.8	980.9		
372.6527	2.5459	979.3	979.8	980.8		
372.6861	2.5468	979.4	979.8	980.8		
372.7194	2.5546	979.4	979.8	980.8		
372.7527	2.5551	979.4	979.8	980.8		
372.7861	2.5442	979.5	979.8	980.8		
372.8194	2.5529	979.4	979.8	980.8		
372.8527	2.5560	979.4	979.9	980.8		
372.8861	2.5529	979.4	979.9	980.8		
372.9194	2.5503	979.3	979.9	980.9		
372.9527	2.5533	979.3	979.8	980.8		
372.9861	2.5634	979.3	979.8	980.8		
373.0194	2.5608	979.3	979.7	980.7		
373.0527	2.5533	979.3	979.7	980.7		
373.0861	2.5660	979.4	979.8	980.8		
373.1194	2.5603	979.3	979.8	980.8		
373.1527	2.5568	979.3	979.8	980.8		
373.1861	2.5542	979.3	979.8	980.7		
373.2194	2.5638	979.3	979.8	980.8		
373.2527	2.5774	979.4	980.0	981.1		
373.2861	2.5616	979.3	979.9	980.9		
373.3194	2.5678	979.4	979.9	980.9		
373.3527	2.5695	979.4	979.9	980.9		
373.3861	2.5647	979.4	979.9	980.8		
373.4194	2.5695	979.4	979.8	980.9		
373.4527	2.5673	979.4	979.8	980.8		
373.4861	2.5643	979.4	979.8	980.8		
373.5194	2.5678	979.3	979.8	980.7		
373.5527	2.5730	979.3	979.9	980.9		
373.5861	2.5704	979.4	979.9	980.9		
373.6194	2.5739	979.3	979.8	980.8		
373.6527	2.5721	979.4	979.8	980.9		
373.6861	2.5686	979.4	979.8	980.8		
373.7194	2.5756	979.4	979.9	980.9		
373.7527	2.5730	979.4	979.8	980.9		
373.7861	2.5791	979.3	979.8	980.7		
373.8194	2.5765	979.3	979.8	980.9		
373.8527	2.5743	979.3	979.8	980.9		
373.8861	2.5800	979.3	979.8	980.8		
373.9194	2.5774	979.4	979.8	980.8		
373.9527	2.5809	979.4	979.8	980.9		
373.9861	2.5809	979.3	979.8	980.8		
374.0194	2.5743	979.4	979.8	980.8		
374.0527	2.5887	979.4	979.8	980.9		
374.0861	2.5870	979.3	979.8	980.8		
374.1194	2.5861	979.3	979.8	980.8		
374.1527	2.5866	979.4	979.7	980.8		
374.1861	2.5870	979.3	979.8	980.8		
374.2194	2.5870	979.4	979.9	980.9		
374.2527	2.5957	979.4	979.9	980.9		
374.2861	2.5901	979.4	979.8	980.9		
374.3194	2.5874	979.3	979.8	980.8		
374.3527	2.5970	979.3	979.8	980.9		
374.3861	2.5857	979.3	979.8	980.9		
374.4194	2.6019	979.4	979.8	980.9		
374.4527	2.5918	979.4	979.9	980.9		
374.4861	2.5839	979.4	979.8	980.9		
374.5194	2.5887	979.3	979.7	980.8		
374.5527	2.5997	979.3	979.8	980.8		
374.5861	2.5944	979.4	979.9	980.9		
374.6194	2.5944	979.3	979.8	980.9		
374.6527	2.6054	979.4	979.8	980.9		
374.6861	2.5953	979.4	979.8	980.8		
374.7194	2.5970	979.3	979.8	980.8		
374.7527	2.5940	979.3	979.8	980.8		
374.7861	2.6054	979.3	979.8	980.9		
374.8194	2.6014	979.4	979.9	981.0		
374.8527	2.5970	979.4	979.8	980.8		
374.8861	2.6010	979.4	979.9	980.9		
374.9194	2.6097	979.4	979.8	980.8		
374.9527	2.6014	979.4	979.8	980.8		
374.9861	2.6054	979.4	979.8	980.8		
375.0194	2.6014	979.3	979.7	980.7		
375.0527	2.6010	979.3	979.8	980.8		
375.0861	2.6106	979.3	979.8	980.7		
375.1194	2.6084	979.2	979.8	980.8		
375.1527	2.6084	979.4	979.8	980.8		
375.1861	2.6115	979.4	979.8	980.9		
375.2194	2.6102	979.4	979.8	980.8		
375.2527	2.6032	979.4	979.8	980.9		
375.2861	2.6163	979.4	979.8	980.9		
375.3194	2.6224	979.3	979.8	980.7		
375.3527	2.6150	979.3	979.8	980.9		
375.3861	2.6123	979.3	979.8	980.9		
375.4194	2.6067	979.3	979.8	980.8		
375.4527	2.6180	979.3	979.7	980.8		
375.4861	2.6172	979.3	979.8	980.8		
375.5194	2.6088	979.4	979.8	980.8		
375.5527	2.6075	979.3	979.8	980.8		
375.5861	2.6176	979.3	979.8	980.8		
375.6194	2.6128	979.3	979.8	980.8		
375.6527	2.6224	979.4	979.9	980.9		
375.6861	2.6211	979.4	979.9	980.9		
375.7194	2.6167	979.3	979.8	980.8		
375.7527	2.6255	979.3	979.9	980.8		
375.7861	2.6263	979.4	979.9	981.0		
375.8194	2.6224	979.4	979.8	980.8		
375.8527	2.6180	979.4	979.9	980.9		
375.8861	2.6202	979.3	979.8	980.9		
375.9194	2.6325	979.4	979.8	980.9		
375.9527	2.6290	979.4	979.8	980.9		
375.9861	2.6259	979.3	979.8	980.8		
376.0194	2.6276	979.4	979.9	980.9		
376.0527	2.6272	979.3	979.8	980.8		
376.0861	2.6285	979.3	979.8	980.8		
376.1194	2.6259	979.3	979.8	980.8		
376.1527	2.6329	979.3	979.8	980.8		
376.1861	2.6342	979.3	979.8	980.8		
376.2194	2.6250	979.4	979.9	980.8		
376.2527	2.6368	979.3	979.8	980.8		
376.2861	2.6373	979.3	979.8	980.9		
376.3194	2.6329	979.3	979.7	980.8		
376.3527	2.6268	979.4	979.8	980.8		
376.3861	2.6351	979.3	979.8	980.8		
376.4194	2.6364	979.2	979.7	980.8		
376.4527	2.6399	979.3	979.8	980.8		
376.4861	2.6416	979.3	979.8	980.7		
376.5194	2.6412	979.3	979.8	980.8		
376.5527	2.6338	979.4	979.8	980.8		
376.5861	2.6373	979.3	979.8	980.8		
376.6194	2.6464	979.3	979.8	980.8		
376.6527	2.6504	979.3	979.9	980.8		
376.6861	2.6364	979.3	979.8	980.8		
376.7194	2.6473	979.3	979.9	980.9		
376.7527	2.6399	979.2	979.7	980.7		
376.7861	2.6469	979.4	979.8	980.8		
376.8194	2.6526	979.4	979.8	980.8		
376.8527	2.6534	979.4	979.8	980.8		
376.8861	2.6517	979.4	979.8	980.7		
376.9194	2.6561	979.3	979.8	980.8		
376.9527	2.6547	979.3	979.8	980.7		
376.9861	2.6517	979.4	979.9	980.9		
377.0194	2.6491	979.3	979.8	980.8		
377.0527	2.6539	979.3	979.8	980.8		
377.0861	2.6547	979.3	979.7	980.8		
377.1194	2.6635	979.2	979.7	980.7		
377.1527	2.6521	979.3	979.8	980.8		
377.1861	2.6534	979.3	979.8	980.8		
377.2194	2.6547	979.4	979.9	980.9		
377.2527	2.6591	979.4	979.9	980.9		
377.2861	2.6622	979.3	979.8	980.8		
377.3194	2.6674	979.3	979.8	980.8		
377.3527	2.6574	979.3	979.7	980.7		
377.3861	2.6617	979.3	979.8	980.8		
377.4194	2.6547	979.3	979.8	980.8		
377.4527	2.6635	979.4	979.8	980.8		
377.4861	2.6644	979.4	979.8	980.9		
377.5194	2.6644	979.3	979.8	980.8		
377.5527	2.6670	979.3	979.8	980.8		
377.5861	2.6714	979.3	979.8	980.8		
377.6194	2.6644	979.3	979.8	980.8		
377.6527	2.6652	979.3	979.8	980.8		
377.6861	2.6722	979.7	979.9	980.9		
377.7194	2.6639	979.7	980.0	980.9		
377.7527	2.6740	979.5	979.8	980.7		
377.7861	2.6683	979.4	979.8	980.8		
377.8194	2.6718	979.1	979.6	980.7		
377.8527	2.6735	979.0	979.6	980.6		
377.8861	2.6784	979.2	979.7	980.7		
377.9194	2.6731	979.2	979.7	980.8		
377.9527	2.6740	979.3	979.7	980.7		
377.9861	2.6749	979.3	979.8	980.9		
378.0194	2.6731	979.3	979.8	980.8		
378.0527	2.6757	979.3	979.8	980.8		
378.0861	2.6722	979.3	979.8	980.8		
378.1194	2.6757	979.3	979.9	981.0		
378.1527	2.6832	979.4	979.9	980.8		
378.1861	2.6749	979.3	979.8	980.8		
378.2194	2.6788	979.3	979.8	980.8		
378.2527	2.6818	979.3	979.8	980.8		
378.2861	2.6814	979.4	979.8	980.8		
378.3194	2.6805	979.4	979.8	980.8		
378.3527	2.6910	979.3	979.8	980.8		
378.3861	2.6853	979.3	979.8	980.7		
378.4194	2.6832	979.3	979.8	980.8		
378.4527	2.6897	979.4	979.8	980.9		
378.4861	2.6888	979.3	979.8	980.8		
378.5194	2.6858	979.4	979.9	980.9		
378.5527	2.6958	979.3	979.7	980.8		
378.5861	2.6910	979.3	979.8	980.8		
378.6194	2.6853	979.5	979.9	981.0		
378.6527	2.6893	979.4	979.9	980.8		
378.6861	2.6976	979.3	979.8	980.8		
378.7194	2.6976	979.3	979.8	980.8		
378.7527	2.6897	979.3	979.8	980.8		
378.7861	2.6993	979.3	979.8	980.8		
378.8194	2.7006	979.3	979.8	980.8		
378.8527	2.6937	979.3	979.8	980.8		
378.8861	2.6928	979.4	979.8	980.8		
378.9194	2.6893	979.3	979.8	980.7		
378.9527	2.6958	979.3	979.8	980.8		
378.9861	2.7006	979.3	979.8	980.8		
379.0194	2.6998	979.3	979.8	980.9		
379.0527	2.6954	979.3	979.8	980.8		
379.0861	2.6945	979.4	979.8	980.8		
379.1194	2.7059	979.4	979.9	981.0		
379.1527	2.7006	979.4	979.8	980.9		
379.1861	2.7094	979.3	979.9	980.9		
379.2194	2.7041	979.3	979.8	980.8		
379.2527	2.7050	979.3	979.8	980.7		
379.2861	2.7041	979.4	979.8	980.9		
379.3194	2.7151	979.3	979.9	980.8		
379.3527	2.7107	979.3	979.8	980.9		
379.3861	2.7120	979.4	979.8	980.9		
379.4194	2.7129	979.3	979.8	980.9		
379.4527	2.7129	979.4	979.8	980.8		
379.4861	2.7028	979.3	979.7	980.8		
379.5194	2.7129	979.3	979.8	980.8		
379.5527	2.7124	979.3	979.7	980.7		
379.5861	2.7142	979.3	979.8	980.9		
379.6194	2.7124	979.4	979.8	980.8		
379.6527	2.7168	979.3	979.8	980.8		
379.6861	2.7133	979.3	979.8	980.8		
379.7194	2.7186	979.4	979.9	980.9		
379.7527	2.7199	979.4	979.9	980.8		
379.7861	2.7238	979.4	979.8	980.9		
379.8194	2.7107	979.5	979.8	980.8		
379.8527	2.7164	979.3	979.8	980.8		
379.8861	2.7216	979.3	979.8	980.8		
379.9194	2.7256	979.3	979.8	980.8		
379.9527	2.7326	979.3	979.8	980.8		
379.9861	2.7238	979.3	979.8	980.8		
380.0194	2.7260	979.3	979.8	980.7		
380.0527	2.7247	979.3	979.8	980.8		
380.0861	2.7234	979.4	979.8	980.8		
380.1194	2.7273	979.3	979.8	980.8		
380.1527	2.7229	979.5	979.9	980.9		
380.1861	2.7260	979.3	979.8	980.7		
380.2194	2.7330	979.3	979.8	980.8		
380.2527	2.7339	979.4	979.8	980.8		
380.2861	2.7347	979.3	979.8	980.9		
380.3194	2.7356	979.3	979.7	980.8		
380.3527	2.7374	979.3	979.8	980.8		
380.3861	2.7356	979.4	979.8	980.8		
380.4194	2.7356	979.3	979.8	980.8		
380.4527	2.7365	979.4	979.8	980.8		
380.4861	2.7339	979.3	979.8	980.8		
380.5194	2.7422	979.3	979.7	980.8		
380.5527	2.7382	979.4	979.8	980.9		
380.5861	2.7304	979.4	979.7	980.8		
380.6194	2.7361	979.4	979.8	980.8		
380.6527	2.7352	979.4	979.8	980.8		
380.6861	2.7387	979.3	979.8	980.7		
380.7194	2.7457	979.3	979.8	980.8		
380.7527	2.7479	979.4	979.8	980.8		
380.7861	2.7391	979.3	979.8	980.8		
380.8194	2.7549	979.3	979.8	980.8		
380.8527	2.7426	979.3	979.8	980.9		
380.8861	2.7500	979.4	979.9	980.9		
380.9194	2.7509	979.3	979.8	980.9		
380.9527	2.7575	979.4	979.9	980.8		
380.9861	2.7457	979.4	979.8	980.8		
381.0194	2.7553	979.3	979.7	980.7		
381.0527	2.7514	979.4	979.8	980.8		
381.0861	2.7465	979.4	979.8	980.8		
381.1194	2.7518	979.4	979.8	980.7		
381.1527	2.7483	979.3	979.8	980.8		
381.1861	2.7452	979.2	979.7	980.6		
381.2194	2.7549	979.3	979.7	980.7		
381.2527	2.7605	979.4	979.8	980.7		
381.2861	2.7570	979.3	979.8	980.7		
381.3194	2.7618	979.3	979.8	980.8		
381.3527	2.7632	979.3	979.8	980.8		
381.3861	2.7610	979.3	979.8	980.8		
381.4194	2.7645	979.4	979.8	980.8		
381.4527	2.7702	979.4	979.9	981.0		
381.4861	2.7653	979.4	979.9	980.8		
381.5194	2.7684	979.3	979.7	980.7		
381.5527	2.7658	979.2	979.7	980.7		
381.5861	2.7706	979.3	979.8	980.7		
381.6194	2.7640	979.3	979.8	980.7		
381.6527	2.7592	979.3	979.7	980.7		
381.6861	2.7662	979.4	979.8	980.8		
381.7194	2.7588	979.3	979.8	980.7		
381.7527	2.7640	979.4	979.8	980.8		
381.7861	2.7741	979.4	979.8	980.8		
381.8194	2.7706	979.4	979.8	980.8		
381.8527	2.7667	979.3	979.8	980.8		
381.8861	2.7706	979.3	979.8	980.8		
381.9194	2.7688	979.4	979.8	980.8		
381.9527	2.7627	979.3	979.8	980.8		
381.9861	2.7745	979.3	979.8	980.8		
382.0194	2.7806	979.4	979.8	980.8		
382.0527	2.7872	979.3	979.8	980.8		
382.0861	2.7715	979.3	979.8	980.8		
382.1194	2.7811	979.3	979.8	980.7		
382.1527	2.7785	979.3	979.8	980.8		
382.1861	2.7789	979.4	979.8	980.8		
382.2194	2.7815	979.3	979.8	980.8		
382.2527	2.7889	979.3	979.8	980.8		
382.2861	2.7798	979.3	979.8	980.8		
382.3194	2.7938	979.3	979.8	980.7		
382.3527	2.7885	979.3	979.8	980.8		
382.3861	2.7894	979.3	979.8	980.8		
382.4194	2.7811	979.3	979.8	980.8		
382.4527	2.7806	979.3	979.8	980.8		
382.4861	2.7885	979.4	979.8	980.9		
382.5194	2.7999	979.3	979.8	980.8		
382.5527	2.7806	979.3	979.8	980.8		
382.5861	2.7907	979.3	979.8	980.8		
382.6194	2.7903	979.3	979.8	980.7		
382.6527	2.7903	979.3	979.7	980.6		
382.6861	2.7898	979.3	979.8	980.8		
382.7194	2.7889	979.3	979.8	980.7		
382.7527	2.7994	979.3	979.8	980.8		
382.7861	2.7951	979.4	979.8	980.9		
382.8194	2.7973	979.3	979.8	980.8		
382.8527	2.7929	979.3	979.8	980.8		
382.8861	2.7981	979.3	979.8	980.8		
382.9194	2.7964	979.3	979.8	980.8		
382.9527	2.8060	979.3	979.8	980.8		
382.9861	2.8095	979.3	979.8	980.8		
383.0194	2.8034	979.3	979.8	980.8		
383.0527	2.7994	979.4	979.9	980.8		
383.0861	2.7990	979.4	979.8	980.8		
383.1194	2.8008	979.4	979.9	980.9		
383.1527	2.8082	979.4	979.9	980.9		
383.1861	2.8069	979.3	979.9	980.9		
383.2194	2.8060	979.3	979.8	980.8		
383.2527	2.8073	979.4	979.8	980.8		
383.2861	2.8086	979.4	979.9	980.8		
383.3194	2.8091	979.3	979.8	980.7		
383.3527	2.8064	979.3	979.7	980.7		
383.3861	2.8086	979.3	979.7	980.7		
383.4194	2.8169	979.3	979.8	980.8		
383.4527	2.8121	979.3	979.8	980.7		
383.4861	2.8139	979.3	979.8	980.8		
383.5194	2.8147	979.3	979.8	980.8		
383.5527	2.8209	979.3	979.8	980.8		
383.5861	2.8169	979.3	979.8	980.7		
383.6194	2.8204	979.3	979.8	980.8		
383.6527	2.8195	979.3	979.8	980.8		
383.6861	2.8174	979.3	979.8	980.8		
383.7194	2.8209	979.4	979.8	980.8		
383.7527	2.8191	979.4	979.8	980.9		
383.7861	2.8187	979.4	979.9	980.8		
383.8194	2.8252	979.3	979.7	980.7		
383.8527	2.8209	979.3	979.8	980.8		
383.8861	2.8257	979.3	979.8	980.8		
383.9194	2.8287	979.5	980.0	981.1		
383.9527	2.8279	979.4	980.0	981.0		
383.9861	2.8274	979.4	979.9	981.0		
384.0194	2.8305	979.3	979.8	980.8		
384.0527	2.8362	979.3	979.8	980.8		
384.0861	2.8309	979.3	979.8	980.8		
384.1194	2.8344	979.3	979.8	980.8		
384.1527	2.8309	979.4	979.8	980.8		
384.1861	2.8279	979.3	979.8	980.9		
384.2194	2.8348	979.3	979.8	980.8		
384.2527	2.8348	979.3	979.8	980.8		
384.2861	2.8353	979.3	979.8	980.9		
384.3194	2.8397	979.3	979.8	980.8		
384.3527	2.8357	979.4	979.9	980.9		
384.3861	2.8353	979.4	979.9	980.8		
384.4194	2.8458	979.3	979.8	980.7		
384.4527	2.8423	979.3	979.8	980.8		
384.4861	2.8388	979.4	979.8	980.8		
384.5194	2.8432	979.3	979.8	980.8		
384.5527	2.8405	979.3	979.8	980.8		
384.5861	2.8414	979.3	979.8	980.8		
384.6194	2.8418	979.4	979.8	980.9		
384.6527	2.8449	979.3	979.8	980.8		
384.6861	2.8467	979.4	979.9	980.9		
384.7194	2.8467	979.3	979.8	980.8		
384.7527	2.8624	979.3	979.8	980.8		
384.7861	2.8563	979.3	979.7	980.7		
384.8194	2.8453	979.3	979.8	980.8		
384.8527	2.8550	979.2	979.8	980.8		
384.8861	2.8567	979.3	979.8	980.7		
384.9194	2.8550	979.4	979.8	980.8		
384.9527	2.8541	979.4	979.8	980.8		
384.9861	2.8501	979.3	979.9	980.9		
385.0194	2.8550	979.3	979.9	980.8		
385.0527	2.8554	979.3	979.8	980.8		
385.0861	2.8532	979.3	979.8	980.8		
385.1194	2.8633	979.3	979.8	980.8		
385.1527	2.8628	979.4	979.8	980.8		
385.1861	2.8554	979.2	979.7	980.8		
385.2194	2.8659	979.3	979.8	980.8		
385.2527	2.8571	979.3	979.8	980.8		
385.2861	2.8536	979.5	979.9	980.9		
385.3194	2.8628	979.4	979.8	980.8		
385.3527	2.8615	979.4	979.9	980.8		
385.3861	2.8663	979.2	979.8	980.7		
385.4194	2.8646	979.4	979.8	980.8		
385.4527	2.8694	979.4	979.9	980.8		
385.4861	2.8711	979.4	979.9	980.9		
385.5194	2.8633	979.3	979.8	980.8		
385.5527	2.8711	979.3	979.8	980.8		
385.5861	2.8637	979.4	979.8	980.8		
385.6194	2.8768	979.4	979.9	980.9		
385.6527	2.8716	979.3	979.7	980.7		
385.6861	2.8681	979.3	979.8	980.8		
385.7194	2.8759	979.3	979.8	980.8		
385.7527	2.8838	979.3	979.8	980.8		
385.7861	2.8768	979.3	979.8	980.8		
385.8194	2.8851	979.3	979.8	980.8		
385.8527	2.8838	979.3	979.7	980.7		
385.8861	2.8829	979.3	979.8	980.8		
385.9194	2.8816	979.3	979.9	980.9		
385.9527	2.8886	979.3	979.8	980.7		
385.9861	2.8781	979.3	979.8	980.8		
386.0194	2.8860	979.4	979.8	980.8		
386.0527	2.8825	979.4	979.9	980.8		
386.0861	2.8816	979.4	979.8	980.8		
386.1194	2.8978	979.2	979.7	980.8		
386.1527	2.8834	979.3	979.8	980.7		
386.1861	2.8926	979.4	979.8	980.9		
386.2194	2.8917	979.4	980.0	980.9		
386.2527	2.8882	979.4	979.9	980.9		
386.2861	2.8891	979.4	979.9	980.9		
386.3194	2.8899	979.3	979.8	980.8		
386.3527	2.8991	979.3	979.8	980.8		
386.3861	2.9004	979.3	979.8	980.8		
386.4194	2.8956	979.3	979.8	980.8		
386.4527	2.8974	979.3	979.8	980.9		
386.4861	2.8978	979.4	979.8	980.8		
386.5194	2.8969	979.3	979.8	980.7		
386.5527	2.8960	979.3	979.8	980.7		
386.5861	2.9022	979.3	979.7	980.7		
386.6194	2.8947	979.4	979.9	980.9		
386.6527	2.9026	979.4	979.9	981.0		
386.6861	2.9105	979.4	979.9	980.9		
386.7194	2.9039	979.4	979.9	981.0		
386.7527	2.9030	979.4	979.9	980.9		
386.7861	2.9035	979.4	979.9	980.9		
386.8194	2.9061	979.4	979.9	980.9		
386.8527	2.9079	979.4	979.8	980.8		
386.8861	2.9070	979.4	979.9	980.8		
386.9194	2.9127	979.4	979.8	980.8		
386.9527	2.9030	979.4	979.9	980.9		
386.9861	2.9070	979.4	979.9	980.9		
387.0194	2.9148	979.4	979.8	980.9		
387.0527	2.9074	979.4	979.8	980.8		
387.0861	2.9144	979.3	979.8	980.8		
387.1194	2.9148	979.3	979.8	980.8		
387.1527	2.9205	979.3	979.8	980.8		
387.1861	2.9188	979.4	979.9	980.9		
387.2194	2.9135	979.4	979.9	980.9		
387.2527	2.9183	979.3	979.9	980.9		
387.2861	2.9157	979.4	979.8	980.9		
387.3194	2.9201	979.4	979.8	980.8		
387.3527	2.9144	979.4	979.9	980.9		
387.3861	2.9205	979.4	979.8	980.9		
387.4194	2.9240	979.4	979.9	980.9		
387.4527	2.9223	979.4	979.8	980.8		
387.4861	2.9315	979.3	979.9	980.8		
387.5194	2.9249	979.3	979.8	980.8		
387.5527	2.9332	979.4	979.9	980.9		
387.5861	2.9262	979.4	979.8	980.9		
387.6194	2.9236	979.4	979.8	980.8		
387.6527	2.9293	979.4	979.8	980.8		
387.6861	2.9288	979.4	979.8	980.9		
387.7194	2.9345	979.4	979.9	980.9		
387.7527	2.9345	979.4	979.9	980.9		
387.7861	2.9315	979.4	979.8	980.8		
387.8194	2.9380	979.5	979.8	980.9		
387.8527	2.9354	979.4	979.8	980.8		
387.8861	2.9345	979.4	979.8	980.8		
387.9194	2.9406	979.4	979.9	980.9		
387.9527	2.9310	979.4	979.9	980.9		
387.9861	2.9393	979.3	979.8	980.8		
388.0194	2.9389	979.4	979.9	980.9		
388.0527	2.9411	979.4	979.9	980.8		
388.0861	2.9472	979.5	980.0	980.9		
388.1194	2.9454	979.4	979.8	980.8		
388.1527	2.9419	979.3	979.8	980.8		
388.1861	2.9441	979.4	979.9	981.0		
388.2194	2.9472	979.4	979.9	980.9		
388.2527	2.9446	979.4	979.8	980.8		
388.2861	2.9468	979.4	979.8	980.8		
388.3194	2.9428	979.3	979.7	980.7		
388.3527	2.9389	979.3	979.8	980.7		
388.3861	2.9468	979.4	979.8	980.8		
388.4194	2.9481	979.4	979.9	980.9		
388.4527	2.9516	979.4	979.9	980.9		
388.4861	2.9542	979.4	979.9	980.8		
388.5194	2.9568	979.3	979.9	980.8		
388.5527	2.9559	979.3	979.8	980.8		
388.5861	2.9599	979.4	979.8	980.8		
388.6194	2.9581	979.3	979.8	980.8		
388.6527	2.9586	979.3	979.7	980.7		
388.6861	2.9529	979.4	979.8	980.8		
388.7194	2.9599	979.4	979.8	980.8		
388.7527	2.9590	979.4	979.9	980.9		
388.7861	2.9616	979.4	980.0	980.9		
388.8194	2.9677	979.3	979.9	980.9		
388.8527	2.9621	979.4	979.9	980.9		
388.8861	2.9612	979.4	979.9	980.9		
388.9194	2.9660	979.3	979.8	980.8		
388.9527	2.9642	979.3	979.8	980.8		
388.9861	2.9874	979.3	979.8	980.8		
389.0194	2.9695	979.4	979.9	980.9		
389.0527	2.9699	979.3	979.8	980.8		
389.0861	2.9686	979.4	979.8	980.8		
389.1194	2.9564	979.3	979.8	980.9		
389.1527	2.9660	979.4	979.8	980.8		
389.1861	2.9778	979.4	979.8	980.8		
389.2194	2.9730	979.4	979.9	980.8		
389.2527	2.9839	979.3	979.8	980.8		
389.2861	2.9752	979.4	979.8	980.8		
389.3194	2.9725	979.3	979.8	980.8		
389.3527	2.9844	979.4	979.9	980.9		
389.3861	2.9791	979.4	979.8	980.8		
389.4194	2.9782	979.3	979.9	980.9		
389.4527	2.9795	979.4	979.9	980.9		
389.4861	2.9787	979.3	979.8	980.8		
389.5194	2.9813	979.4	979.8	980.9		
389.5527	2.9795	979.4	979.8	980.9		
389.5861	2.9795	979.3	979.8	980.9		
389.6194	2.9931	979.4	979.8	980.8		
389.6527	2.9839	979.4	979.8	980.8		
389.6861	2.9839	979.4	979.8	980.8		
389.7194	2.9896	979.3	979.8	980.8		
389.7527	2.9865	979.4	979.8	980.8		
389.7861	2.9909	979.4	979.8	980.8		
389.8194	2.9940	979.5	979.9	980.9		
389.8527	2.9865	979.4	979.9	980.9		
389.8861	2.9944	979.3	979.9	980.8		
389.9194	3.0014	979.3	979.8	980.8		
389.9527	2.9983	979.3	979.8	980.8		
389.9861	2.9975	979.3	979.8	980.8		
390.0194	3.0010	979.4	979.8	980.8		
390.0527	2.9997	979.3	979.8	980.8		
390.0861	2.9988	979.3	979.8	980.8		
390.1194	2.9905	979.3	979.8	980.8		
390.1527	3.0001	979.3	979.8	980.8		
390.1861	2.9979	979.4	979.8	980.8		
390.2194	3.0062	979.4	979.9	980.9		
390.2527	2.9992	979.3	979.8	980.8		
390.2861	3.0058	979.4	979.9	980.9		
390.3194	3.0062	979.4	979.9	980.9		
390.3527	3.0075	979.3	979.8	980.8		
390.3861	3.0145	979.4	979.8	980.8		
390.4194	3.0110	979.3	979.8	980.7		
390.4527	3.0088	979.4	979.8	980.8		
390.4861	3.0115	979.3	979.9	980.9		
390.5194	3.0066	979.3	979.8	980.8		
390.5527	3.0058	979.3	979.9	980.9		
390.5861	3.0084	979.4	979.8	980.8		
390.6194	3.0141	979.3	979.8	980.7		
390.6527	3.0141	979.3	979.8	980.9		
390.6861	3.0189	979.4	979.9	980.9		
390.7194	3.0189	979.3	979.9	980.9		
390.7527	3.0119	979.3	979.8	980.8		
390.7861	3.0206	979.3	979.8	980.8		
390.8194	3.0237	979.4	979.9	980.8		
390.8527	3.0184	979.4	979.9	980.9		
390.8861	3.0219	979.3	979.9	980.9		
390.9194	3.0206	979.3	979.8	980.8		
390.9527	3.0285	979.4	979.9	980.9		
390.9861	3.0132	979.4	979.9	980.9		
391.0194	3.0281	979.4	979.8	980.8		
391.0527	3.0233	979.3	979.8	980.7		
391.0861	3.0263	979.3	979.8	980.8		
391.1194	3.0228	979.4	979.8	980.8		
391.1527	3.0307	979.3	979.8	980.8		
391.1861	3.0381	979.4	979.9	980.9		
391.2194	3.0368	979.4	979.8	980.8		
391.2527	3.0298	979.3	979.9	980.9		
391.2861	3.0381	979.4	979.9	980.9		
391.3194	3.0289	979.4	979.8	980.8		
391.3527	3.0368	979.3	979.8	980.8		
391.3861	3.0285	979.3	979.9	980.8		
391.4194	3.0320	979.4	979.8	980.8		
391.4527	3.0307	979.4	979.9	980.9		
391.4861	3.0386	979.4	979.9	980.9		
391.5194	3.0399	979.3	979.8	980.8		
391.5527	3.0342	979.4	979.8	980.8		
391.5861	3.0412	979.4	979.9	980.9		
391.6194	3.0438	979.3	979.8	980.8		
391.6527	3.0530	979.4	979.8	980.8		
391.6861	3.0451	979.4	979.9	980.9		
391.7194	3.0495	979.4	979.8	980.8		
391.7527	3.0495	979.4	979.9	980.9		
391.7861	3.0460	979.4	979.8	980.8		
391.8194	3.0490	979.3	979.8	980.9		
391.8527	3.0447	979.4	979.8	980.8		
391.8861	3.0438	979.4	979.8	980.8		
391.9194	3.0473	979.4	979.8	980.8		
391.9527	3.0451	979.4	979.8	980.8		
391.9861	3.0534	979.4	979.8	980.8		
392.0194	3.0517	979.4	979.8	980.8		
392.0527	3.0525	979.4	979.9	980.8		
392.0861	3.0748	979.4	979.8	980.8		
392.1194	3.0574	979.3	979.8	980.7		
392.1527	3.0556	979.4	979.8	980.8		
392.1861	3.0674	979.3	979.8	980.7		
392.2194	3.0705	979.3	979.8	980.8		
392.2527	3.0560	979.4	979.8	980.9		
392.2861	3.0556	979.4	979.8	980.8		
392.3194	3.0534	979.4	979.9	980.9		
392.3527	3.0604	979.5	979.8	980.8		
392.3861	3.0626	979.4	979.9	980.9		
392.4194	3.0731	979.5	979.9	980.9		
392.4527	3.0674	979.4	979.8	980.8		
392.4861	3.0657	979.4	979.9	980.8		
392.5194	3.0648	979.3	979.8	980.9		
392.5527	3.0718	979.4	979.9	980.9		
392.5861	3.0696	979.4	979.8	980.8		
392.6194	3.0731	979.4	979.8	980.8		
392.6527	3.0727	979.5	979.9	980.9		
392.6861	3.0722	979.5	979.9	980.8		
392.7194	3.0831	979.3	979.8	980.8		
392.7527	3.0753	979.3	979.8	980.7		
392.7861	3.0740	979.4	979.9	980.9		
392.8194	3.0783	979.3	979.8	980.8		
392.8527	3.0827	979.3	979.8	980.8		
392.8861	3.0845	979.3	979.8	980.8		
392.9194	3.0827	979.3	979.8	980.8		
392.9527	3.0914	979.5	980.0	981.1		
392.9861	3.0810	979.4	979.9	980.9		
393.0194	3.0836	979.4	979.9	980.9		
393.0527	3.0770	979.4	979.9	980.9		
393.0861	3.0897	979.4	979.9	980.9		
393.1194	3.0958	979.4	979.9	980.9		
393.1527	3.0845	979.4	979.9	980.9		
393.1861	3.0888	979.3	979.7	980.6		
393.2194	3.0853	979.3	979.8	980.8		
393.2527	3.0910	979.3	979.8	980.8		
393.2861	3.0980	979.3	979.8	980.8		
393.3194	3.1019	979.4	979.8	980.9		
393.3527	3.0976	979.5	979.9	980.9		
393.3861	3.1037	979.4	979.9	980.8		
393.4194	3.0980	979.4	979.9	980.8		
393.4527	3.0967	979.4	979.9	980.9		
393.4861	3.0976	979.4	979.9	980.9		
393.5194	3.1006	979.4	979.8	980.8		
393.5527	3.1085	979.4	979.8	980.8		
393.5861	3.0993	979.4	979.8	980.8		
393.6194	3.1111	979.3	979.8	980.8		
393.6527	3.0976	979.4	979.8	980.8		
393.6861	3.1033	979.4	979.9	980.9		
393.7194	3.1089	979.4	979.9	980.9		
393.7527	3.1094	979.3	979.8	980.9		
393.7861	3.1094	979.4	979.8	980.8		
393.8194	3.1050	979.4	979.8	980.8		
393.8527	3.1133	979.4	979.8	980.8		
393.8861	3.1129	979.4	979.8	980.8		
393.9194	3.1124	979.4	979.8	980.8		
393.9527	3.1120	979.4	979.8	980.7		
393.9861	3.1194	979.4	979.9	980.9		
394.0194	3.1186	979.4	979.8	980.8		
394.0527	3.1181	979.4	979.8	980.8		
394.0861	3.1120	979.4	979.9	980.8		
394.1194	3.1155	979.4	979.9	980.9		
394.1527	3.1146	979.4	979.9	980.8		
394.1861	3.1216	979.4	979.9	980.9		
394.2194	3.1260	979.4	979.8	980.8		
394.2527	3.1304	979.3	979.8	980.8		
394.2861	3.1264	979.3	979.8	980.8		
394.3194	3.1242	979.4	979.9	980.9		
394.3527	3.1207	979.4	979.9	980.9		
394.3861	3.1277	979.4	979.8	980.8		
394.4194	3.1299	979.3	979.8	980.8		
394.4527	3.1282	979.4	979.8	980.8		
394.4861	3.1360	979.4	979.9	980.9		
394.5194	3.1273	979.3	979.8	980.8		
394.5527	3.1308	979.4	979.9	980.9		
394.5861	3.1317	979.3	979.8	980.8		
394.6194	3.1277	979.3	979.8	980.8		
394.6527	3.1290	979.5	979.9	981.0		
394.6861	3.1295	979.4	979.9	980.9		
394.7194	3.1343	979.4	979.9	980.8		
394.7527	3.1400	979.4	979.8	980.8		
394.7861	3.1395	979.3	979.8	980.8		
394.8194	3.1443	979.4	979.8	980.8		
394.8527	3.1474	979.4	979.8	980.8		
394.8861	3.1343	979.3	979.8	980.7		
394.9194	3.1452	979.3	979.8	980.9		
394.9527	3.1465	979.3	979.8	980.8		
394.9861	3.1465	979.4	979.9	981.0		
395.0194	3.1474	979.3	979.8	980.8		
395.0527	3.1474	979.4	979.8	980.8		
395.0861	3.1566	979.3	979.8	980.8		
395.1194	3.1505	979.3	979.8	980.9		
395.1527	3.1535	979.4	979.8	980.9		
395.1861	3.1588	979.3	979.8	980.8		
395.2194	3.1570	979.4	979.9	980.9		
395.2527	3.1535	979.4	979.8	980.8		
395.2861	3.1570	979.4	979.8	980.8		
395.3194	3.1518	979.4	979.8	980.9		
395.3527	3.1618	979.4	979.8	980.9		
395.3861	3.1583	979.3	979.8	980.7		
395.4194	3.1588	979.3	979.8	980.9		
395.4527	3.1596	979.3	979.8	980.9		
395.4861	3.1627	979.4	979.8	980.8		
395.5194	3.1605	979.4	979.8	980.8		
395.5527	3.1671	979.4	979.8	980.8		
395.5861	3.1636	979.5	979.9	980.8		
395.6194	3.1693	979.4	979.8	980.7		
395.6527	3.1649	979.4	979.9	980.8		
395.6861	3.1662	979.4	979.9	980.9		
395.7194	3.1780	979.4	979.9	980.8		
395.7527	3.1693	979.3	979.8	980.8		
395.7861	3.1728	979.3	979.8	980.8		
395.8194	3.1763	979.4	979.9	980.9		
395.8527	3.1754	979.4	979.9	981.0		
395.8861	3.1758	979.4	979.8	980.8		
395.9194	3.1776	979.4	979.9	980.9		
395.9527	3.1802	979.4	979.8	980.8		
395.9861	3.1771	979.4	979.9	980.9		
396.0194	3.1798	979.3	979.8	980.8		
396.0527	3.1728	979.3	979.9	980.8		
396.0861	3.1824	979.3	979.8	980.8		
396.1194	3.1802	979.4	979.9	980.8		
396.1527	3.1850	979.4	979.8	980.8		
396.1861	3.1806	979.3	979.8	980.8		
396.2194	3.1881	979.4	979.9	980.9		
396.2527	3.1894	979.4	979.9	980.9		
396.2861	3.1933	979.3	979.8	980.8		
396.3194	3.1920	979.3	979.8	980.8		
396.3527	3.1876	979.4	979.8	980.9		
396.3861	3.1872	979.3	979.8	980.9		
396.4194	3.1951	979.4	979.8	980.8		
396.4527	3.1920	979.3	979.8	980.8		
396.4861	3.1959	979.4	979.9	980.9		
396.5194	3.1955	979.3	979.8	980.8		
396.5527	3.1999	979.2	979.7	980.7		
396.5861	3.1981	979.3	979.8	980.8		
396.6194	3.2029	979.3	979.8	980.8		
396.6527	3.2073	979.5	979.9	980.9		
396.6861	3.2038	979.4	979.9	980.9		
396.7194	3.2003	979.4	979.8	980.9		
396.7527	3.2016	979.5	979.9	980.9		
396.7861	3.1985	979.4	979.8	980.8		
396.8194	3.2108	979.3	979.7	980.7		
396.8527	3.2034	979.4	979.9	980.9		
396.8861	3.2099	979.3	979.8	980.8		
396.9194	3.2073	979.3	979.8	980.8		
396.9527	3.2060	979.4	979.9	980.9		
396.9861	3.2029	979.4	979.8	980.8		
397.0194	3.2125	979.5	979.8	980.9		
397.0527	3.2095	979.4	979.8	980.8		
397.0861	3.2165	979.4	979.9	980.8		
397.1194	3.2121	979.4	979.9	980.9		
397.1527	3.2182	979.4	979.9	980.9		
397.1861	3.2191	979.4	979.8	980.8		
397.2194	3.2195	979.4	979.8	980.9		
397.2527	3.2270	979.3	979.8	980.8		
397.2861	3.2160	979.4	979.8	980.8		
397.3194	3.2204	979.3	979.8	980.8		
397.3527	3.2291	979.4	979.8	980.9		
397.3861	3.2283	979.5	979.8	980.8		
397.4194	3.2274	979.4	979.8	980.9		
397.4527	3.2274	979.4	979.9	980.9		
397.4861	3.2278	979.4	979.8	980.8		
397.5194	3.2204	979.4	979.8	980.8		
397.5527	3.2305	979.4	979.8	980.8		
397.5861	3.2309	979.3	979.8	980.8		
397.6194	3.2283	979.3	979.8	980.9		
397.6527	3.2348	979.5	979.8	980.9		
397.6861	3.2361	979.4	979.8	980.8		
397.7194	3.2313	979.4	979.8	980.8		
397.7527	3.2335	979.3	979.8	980.7		
397.7861	3.2287	979.3	979.7	980.7		
397.8194	3.2366	979.4	979.7	980.7		
397.8527	3.2392	979.3	979.8	980.8		
397.8861	3.2462	979.4	979.8	980.8		
397.9194	3.2475	979.3	979.8	980.8		
397.9527	3.2414	979.5	980.0	981.2		
397.9861	3.2436	979.5	980.0	981.2		
398.0194	3.2375	979.5	980.0	981.0		
398.0527	3.2523	979.3	979.8	980.8		
398.0861	3.2501	979.3	979.8	980.8		
398.1194	3.2528	979.3	979.8	980.7		
398.1527	3.2523	979.5	979.9	981.0		
398.1861	3.2593	979.3	979.8	980.8		
398.2194	3.2497	979.4	979.8	980.8		
398.2527	3.2528	979.5	980.0	981.1		
398.2861	3.2436	979.5	979.9	980.9		
398.3194	3.2462	979.4	979.9	980.8		
398.3527	3.2488	979.4	979.8	980.9		
398.3861	3.2632	979.4	979.9	980.8		
398.4194	3.2637	979.5	979.9	980.9		
398.4527	3.2611	979.4	979.8	980.8		
398.4861	3.2576	979.4	979.9	980.8		
398.5194	3.2567	979.4	979.9	980.9		
398.5527	3.2606	979.4	979.9	981.0		
398.5861	3.2615	979.4	979.9	980.9		
398.6194	3.2589	979.4	979.9	980.9		
398.6527	3.2667	979.4	979.8	980.8		
398.6861	3.2637	979.5	980.0	981.0		
398.7194	3.2624	979.4	979.8	980.9		
398.7527	3.2694	979.5	979.8	980.8		
398.7861	3.2729	979.3	979.8	980.8		
398.8194	3.2750	979.4	979.8	980.9		
398.8527	3.2829	979.3	979.8	980.8		
398.8861	3.2812	979.3	979.9	980.9		
398.9194	3.2772	979.4	979.9	980.9		
398.9527	3.2777	979.4	979.8	980.9		
398.9861	3.2750	979.5	979.9	980.9		
399.0194	3.2764	979.5	979.9	980.9		
399.0527	3.2742	979.4	979.8	980.8		
399.0861	3.2842	979.4	979.8	980.8		
399.1194	3.2790	979.4	979.8	980.8		
399.1527	3.2851	979.4	979.8	980.8		
399.1861	3.2842	979.4	979.8	980.8		
399.2194	3.2943	979.3	979.8	980.8		
399.2527	3.2908	979.3	979.8	980.8		
399.2861	3.2956	979.4	979.9	980.9		
399.3194	3.2943	979.5	979.8	980.8		
399.3527	3.2873	979.5	979.9	980.9		
399.3861	3.2921	979.6	980.1	981.2		
399.4194	3.2938	979.5	979.9	980.9		
399.4527	3.2925	979.4	979.8	980.8		
399.4861	3.2943	979.4	979.9	980.8		
399.5194	3.2982	979.3	979.8	980.7		
399.5527	3.3030	979.4	979.8	980.8		
399.5861	3.3013	979.4	979.9	980.8		
399.6194	3.2965	979.4	979.9	980.8		
399.6527	3.3013	979.4	979.9	980.8		
399.6861	3.3035	979.4	979.9	980.8		
399.7194	3.2925	979.4	979.9	980.9		
399.7527	3.3074	979.5	979.9	980.9		
399.7861	3.3078	979.4	979.9	980.9		
399.8194	3.3065	979.4	979.9	980.9		
399.8527	3.3065	979.5	979.9	980.8		
399.8861	3.3074	979.4	979.8	980.8		
399.9194	3.3096	979.4	979.8	980.8		
399.9527	3.3140	979.4	979.8	980.9		
399.9861	3.3188	979.4	979.9	980.8		
400.0194	3.3122	979.4	979.9	980.8		
400.0527	3.3183	979.4	979.8	980.9		
400.0861	3.3126	979.4	979.8	980.8		
400.1194	3.3201	979.4	979.8	980.8		
400.1527	3.3236	979.5	979.9	980.9		
400.1861	3.3236	979.3	979.7	980.7		
400.2194	3.3157	979.4	979.9	981.0		
400.2527	3.3188	979.4	979.9	980.8		
400.2861	3.3227	979.4	979.8	980.8		
400.3194	3.3244	979.4	979.8	980.8		
400.3527	3.3249	979.4	979.9	980.8		
400.3861	3.3218	979.4	979.9	980.9		
400.4194	3.3314	979.5	979.9	980.8		
400.4527	3.3249	979.5	979.9	980.9		
400.4861	3.3358	979.4	979.9	980.9		
400.5194	3.3244	979.4	979.8	980.8		
400.5527	3.3362	979.4	979.9	980.8		
400.5861	3.3306	979.4	979.9	980.9		
400.6194	3.3432	979.4	979.9	980.9		
400.6527	3.3393	979.4	979.8	980.9		
400.6861	3.3323	979.4	979.9	980.9		
400.7194	3.3345	979.4	979.9	980.9		
400.7527	3.3371	979.4	979.8	980.9		
400.7861	3.3437	979.4	979.8	980.8		
400.8194	3.3459	979.4	979.8	980.8		
400.8527	3.3437	979.4	979.9	980.9		
400.8861	3.3581	979.4	979.8	980.9		
400.9194	3.3437	979.4	979.9	980.9		
400.9527	3.3432	979.4	979.9	980.9		
400.9861	3.3476	979.4	979.8	980.9		
401.0194	3.3402	979.5	979.9	981.0		
401.0527	3.3515	979.5	979.8	980.8		
401.0861	3.3481	979.5	979.8	980.9		
401.1194	3.3542	979.5	979.8	980.8		
401.1527	3.3533	979.5	979.9	980.8		
401.1861	3.3550	979.4	979.8	980.7		
401.2194	3.3559	979.4	979.8	980.8		
401.2527	3.3625	979.5	979.9	980.8		
401.2861	3.3585	979.5	979.9	980.9		
401.3194	3.3638	979.4	979.8	980.8		
401.3527	3.3594	979.4	979.9	980.9		
401.3861	3.3664	979.4	979.8	980.8		
401.4194	3.3607	979.4	979.8	980.9		
401.4527	3.3572	979.5	979.9	980.9		
401.4861	3.3682	979.5	979.9	980.8		
401.5194	3.3620	979.5	979.9	980.9		
401.5527	3.3660	979.4	979.8	980.8		
401.5861	3.3682	979.4	979.8	980.8		
401.6194	3.3695	979.4	980.0	981.0		
401.6527	3.3717	979.4	979.9	980.9		
401.6861	3.3817	979.4	979.8	980.9		
401.7194	3.3804	979.4	979.9	980.8		
401.7527	3.3795	979.4	979.8	980.8		
401.7861	3.3734	979.3	979.8	980.7		
401.8194	3.3782	979.4	979.9	980.9		
401.8527	3.3760	979.4	979.9	980.9		
401.8861	3.3804	979.5	979.9	980.9		
401.9194	3.3804	979.4	979.9	980.9		
401.9527	3.3856	979.4	979.8	980.8		
401.9861	3.3856	979.4	979.9	980.9		
402.0194	3.3835	979.4	979.8	980.8		
402.0527	3.3817	979.5	979.9	981.1		
402.0861	3.3817	979.5	979.9	980.9		
402.1194	3.3817	979.5	979.8	980.9		
402.1527	3.3813	979.5	979.8	980.9		
402.1861	3.3974	979.4	979.8	980.8		
402.2194	3.3900	979.5	979.9	980.8		
402.2527	3.3909	979.4	979.9	980.9		
402.2861	3.3944	979.5	979.8	980.9		
402.3194	3.3891	979.4	979.9	980.9		
402.3527	3.3931	979.4	979.9	980.9		
402.3861	3.4005	979.4	979.7	980.7		
402.4194	3.4040	979.5	979.9	980.9		
402.4527	3.3979	979.4	979.8	980.8		
402.4861	3.4071	979.4	979.8	980.9		
402.5194	3.4001	979.3	979.8	980.8		
402.5527	3.4088	979.4	979.9	980.9		
402.5861	3.4049	979.5	979.8	980.8		
402.6194	3.4114	979.4	979.9	980.8		
402.6527	3.4084	979.3	979.8	980.7		
402.6861	3.3992	979.4	979.9	980.9		
402.7194	3.4036	979.5	979.9	980.9		
402.7527	3.4136	979.4	979.9	980.9		
402.7861	3.4127	979.5	979.9	980.9		
402.8194	3.4101	979.5	979.9	980.9		
402.8527	3.4127	979.4	979.8	980.8		
402.8861	3.4162	979.4	979.8	980.8		
402.9194	3.4132	979.5	979.9	980.9		
402.9527	3.4132	979.5	979.9	980.9		
402.9861	3.4298	979.4	979.8	980.9		
403.0194	3.4141	979.3	979.8	980.8		
403.0527	3.4206	979.4	979.8	980.8		
403.0861	3.4241	979.4	979.8	980.8		
403.1194	3.4224	979.4	979.7	980.8		
403.1527	3.4272	979.4	979.8	980.8		
403.1861	3.4228	979.5	979.8	980.8		
403.2194	3.4276	979.4	979.8	980.8		
403.2527	3.4267	979.5	979.9	980.8		
403.2861	3.4276	979.4	979.9	980.8		
403.3194	3.4272	979.4	979.8	980.8		
403.3527	3.4324	979.4	979.8	980.8		
403.3861	3.4337	979.4	979.9	980.8		
403.4194	3.4311	979.4	979.9	980.9		
403.4527	3.4390	979.4	979.8	980.8		
403.4861	3.4346	979.4	979.8	980.9		
403.5194	3.4381	979.4	979.9	980.9		
403.5527	3.4368	979.4	979.8	980.9		
403.5861	3.4455	979.4	979.8	980.8		
403.6194	3.4477	979.4	979.8	980.9		
403.6527	3.4420	979.4	979.9	980.8		
403.6861	3.4385	979.5	979.9	980.9		
403.7194	3.4464	979.4	979.7	980.8		
403.7527	3.4442	979.6	979.8	980.8		
403.7861	3.4490	979.6	979.9	980.8		
403.8194	3.4495	979.5	979.9	980.9		
403.8527	3.4521	979.3	979.8	980.8		
403.8861	3.4538	979.5	979.9	980.8		
403.9194	3.4543	979.5	979.8	980.9		
403.9527	3.4499	979.4	979.8	980.9		
403.9861	3.4560	979.4	979.8	980.9		
404.0194	3.4613	979.4	979.8	980.7		
404.0527	3.4630	979.3	979.7	980.7		
404.0861	3.4591	979.4	979.8	980.8		
404.1194	3.4687	979.5	979.9	980.8		
404.1527	3.4630	980.2	980.4	981.1		
404.1861	3.4547	979.8	980.1	981.0		
404.2194	3.4600	979.6	979.9	980.8		
404.2527	3.4687	979.4	979.8	980.8		
404.2861	3.4656	979.5	979.9	980.9		
404.3194	3.4722	978.9	979.6	980.6		
404.3527	3.4696	979.0	979.6	980.7		
404.3861	3.4674	979.2	979.7	980.7		
404.4194	3.4748	979.3	979.8	980.9		
404.4527	3.4753	979.4	979.8	980.8		
404.4861	3.4661	979.4	979.9	981.0		
404.5194	3.4744	979.5	979.9	980.8		
404.5527	3.4713	979.5	979.9	980.9		
404.5861	3.4774	979.5	979.9	980.8		
404.6194	3.4687	979.4	979.8	980.7		
404.6527	3.4809	979.5	979.8	980.8		
404.6861	3.4818	979.4	979.9	980.9		
404.7194	3.4814	979.4	979.9	980.9		
404.7527	3.4906	979.4	979.8	980.8		
404.7861	3.4844	979.5	979.9	980.9		
404.8194	3.4910	979.5	979.9	980.9		
404.8527	3.4892	979.5	979.8	980.8		
404.8861	3.4853	979.4	979.8	980.9		
404.9194	3.4923	979.5	979.8	980.8		
404.9527	3.4958	979.5	979.9	980.9		
404.9861	3.4976	979.4	979.9	980.8		
405.0194	3.5054	979.4	979.8	980.8		
405.0527	3.4927	979.5	979.9	980.9		
405.0861	3.4919	979.4	979.8	980.7		
405.1194	3.4910	979.5	979.8	980.7		
405.1527	3.4936	979.4	979.8	980.7		
405.1861	3.4997	979.5	979.9	980.8		
405.2194	3.5006	979.4	979.9	980.8		
405.2527	3.5063	979.3	979.7	980.7		
405.2861	3.5111	979.4	979.8	980.8		
405.3194	3.5015	979.4	979.8	980.9		
405.3527	3.5006	979.5	979.9	980.8		
405.3861	3.5098	979.5	979.9	980.9		
405.4194	3.5085	979.5	979.9	980.9		
405.4527	3.5089	979.4	979.8	980.8		
405.4861	3.5150	979.4	979.8	980.7		
405.5194	3.5137	979.4	979.8	980.8		
405.5527	3.5085	979.4	979.9	980.8		
405.5861	3.5129	979.4	979.8	980.8		
405.6194	3.5264	979.5	979.9	980.8		
405.6527	3.5203	979.5	979.9	980.9		
405.6861	3.5177	979.5	979.9	980.9		
405.7194	3.5229	979.4	979.8	980.7		
405.7527	3.5168	979.4	979.8	980.8		
405.7861	3.5212	979.4	979.9	980.8		
405.8194	3.5233	979.4	979.8	980.7		
405.8527	3.5255	980.2	980.3	981.2		
405.8861	3.5181	979.8	980.1	980.9		
405.9194	3.5334	979.4	979.9	980.8		
405.9527	3.5369	979.2	979.7	980.7		
405.9861	3.5303	979.7	979.9	980.8		
406.0194	3.5255	978.9	979.6	980.7		
406.0527	3.5295	979.2	979.7	980.8		
406.0861	3.5325	979.3	979.7	980.8		
406.1194	3.5351	979.4	979.8	980.8		
406.1527	3.5347	979.4	979.8	980.8		
406.1861	3.5391	979.5	979.8	980.8		
406.2194	3.5456	979.4	979.8	980.8		
406.2527	3.5400	979.4	979.8	980.9		
406.2861	3.5443	979.5	979.9	980.8		
406.3194	3.5404	979.4	979.9	980.8		
406.3527	3.5369	979.5	979.9	980.8		
406.3861	3.5491	979.5	979.8	980.8		
406.4194	3.5478	979.5	979.9	980.8		
406.4527	3.5469	979.5	979.8	980.7		
406.4861	3.5592	979.4	979.8	980.8		
406.5194	3.5539	979.4	979.9	980.8		
406.5527	3.5570	979.4	979.8	980.8		
406.5861	3.5566	979.4	979.9	980.8		
406.6194	3.5605	979.4	979.9	980.8		
406.6527	3.5557	979.5	979.9	980.9		
406.6861	3.5513	979.4	979.8	980.9		
406.7194	3.5596	979.4	979.8	980.8		
406.7527	3.5548	979.3	979.8	980.8		
406.7861	3.5644	979.4	979.8	980.8		
406.8194	3.5657	979.3	979.8	980.8		
406.8527	3.5644	979.4	979.9	980.8		
406.8861	3.5662	979.5	979.9	980.9		
406.9194	3.5706	979.4	979.8	980.8		
406.9527	3.5692	979.4	979.8	980.7		
406.9861	3.5692	979.4	979.9	980.9		
407.0194	3.5745	979.4	979.8	980.8		
407.0527	3.5810	979.5	979.8	980.8		
407.0861	3.5657	979.4	979.9	980.8		
407.1194	3.5789	979.4	979.8	980.8		
407.1527	3.5710	979.5	979.9	980.8		
407.1861	3.5775	979.5	979.8	980.8		
407.2194	3.5828	979.5	979.8	980.8		
407.2527	3.5780	979.4	979.8	980.8		
407.2861	3.5920	979.4	979.9	980.8		
407.3194	3.5894	979.5	979.9	980.8		
407.3527	3.5828	979.4	979.9	980.8		
407.3861	3.5885	979.5	979.9	980.8		
407.4194	3.5942	979.5	979.9	980.8		
407.4527	3.5933	979.4	979.8	980.8		
407.4861	3.5797	979.4	979.9	980.8		
407.5194	3.5915	979.4	979.8	980.8		
407.5527	3.5955	979.5	979.8	980.8		
407.5861	3.5990	980.3	980.3	981.1		
407.6194	3.5985	979.9	980.1	981.0		
407.6527	3.5902	979.6	980.0	980.9		
407.6861	3.5972	979.1	979.7	980.7		
407.7194	3.6012	979.7	980.0	980.9		
407.7527	3.6060	979.7	980.0	980.9		
407.7861	3.6025	979.6	979.9	980.8		
407.8194	3.5994	979.5	979.9	980.8		
407.8527	3.5998	979.5	979.9	980.9		
407.8861	3.6012	979.4	979.8	980.8		
407.9194	3.6068	979.4	979.8	980.8		
407.9527	3.6007	979.4	979.8	980.9		
407.9861	3.6077	979.5	979.9	980.9		
408.0194	3.6116	979.4	979.8	980.8		
408.0527	3.6186	979.3	979.7	980.7		
408.0861	3.6116	979.4	979.8	980.8		
408.1194	3.6204	979.3	979.8	980.9		
408.1527	3.6182	979.8	980.1	981.0		
408.1861	3.6239	979.7	980.0	981.0		
408.2194	3.6108	979.6	980.0	980.9		
408.2527	3.6256	979.6	979.8	980.8		
408.2861	3.6138	979.7	980.0	980.9		
408.3194	3.6221	979.7	980.1	981.0		
408.3527	3.6252	979.2	979.8	980.8		
408.3861	3.6326	979.6	979.9	980.8		
408.4194	3.6300	979.3	979.8	980.7		
408.4527	3.6243	979.2	979.7	980.8		
408.4861	3.6322	979.5	979.9	980.8		
408.5194	3.6344	979.3	979.8	980.7		
408.5527	3.6344	979.3	979.7	980.7		
408.5861	3.6313	979.7	980.0	981.0		
408.6194	3.6283	979.6	980.0	980.9		
408.6527	3.6405	979.5	979.9	980.9		
408.6861	3.6339	979.5	979.9	980.9		
408.7194	3.6357	979.5	979.9	980.8		
408.7527	3.6326	979.3	979.8	980.8		
408.7861	3.6383	979.4	979.8	980.8		
408.8194	3.6405	979.4	979.8	980.7		
408.8527	3.6510	979.4	979.8	980.9		
408.8861	3.6510	979.3	979.8	980.8		
408.9194	3.6449	979.3	979.8	980.8		
408.9527	3.6484	979.3	979.8	980.8		
408.9861	3.6519	979.4	979.8	980.8		
409.0194	3.6449	979.9	980.3	981.1		
409.0527	3.6540	979.7	980.0	981.0		
409.0861	3.6554	979.7	980.0	980.9		
409.1194	3.6584	979.7	980.0	980.9		
409.1527	3.6510	979.3	979.8	980.8		
409.1861	3.6580	979.5	979.9	980.9		
409.2194	3.6514	979.6	979.9	980.8		
409.2527	3.6514	979.4	979.8	980.8		
409.2861	3.6571	979.2	979.7	980.7		
409.3194	3.6589	979.3	979.8	980.8		
409.3527	3.6645	980.1	980.1	980.9		
409.3861	3.6672	979.8	980.1	981.0		
409.4194	3.6654	979.6	980.0	980.9		
409.4527	3.6654	979.6	980.0	980.9		
409.4861	3.6724	979.4	979.9	980.8		
409.5194	3.6663	979.3	979.8	980.8		
409.5527	3.6715	979.4	979.9	980.8		
409.5861	3.6724	979.3	979.8	980.8		
409.6194	3.6803	979.2	979.7	980.8		
409.6527	3.6728	979.7	980.0	980.9		
409.6861	3.6742	979.4	979.8	980.8		
409.7194	3.6781	979.4	979.8	980.8		
409.7527	3.6855	979.2	979.7	980.8		
409.7861	3.6864	979.6	980.0	980.9		
409.8194	3.6895	979.9	980.1	981.0		
409.8527	3.6829	979.8	980.1	981.0		
409.8861	3.6842	979.5	979.9	980.9		
409.9194	3.6903	979.5	980.0	980.9		
409.9527	3.6908	979.3	979.8	980.8		
409.9861	3.6912	979.3	979.8	980.8		
410.0194	3.6982	979.3	979.8	980.8		
410.0527	3.6930	979.6	980.0	980.9		
410.0861	3.6890	979.8	980.0	980.9		
410.1194	3.6930	979.6	979.9	980.9		
410.1527	3.6925	979.3	979.8	980.7		
410.1861	3.6978	979.7	980.0	981.0		
410.2194	3.6965	979.5	980.0	980.9		
410.2527	3.6995	979.5	979.9	980.8		
410.2861	3.7034	979.7	980.0	980.9		
410.3194	3.7052	979.5	980.0	980.9		
410.3527	3.7074	979.8	980.1	981.0		
410.3861	3.7113	979.6	980.0	980.9		
410.4194	3.7118	979.4	979.9	980.9		
410.4527	3.7183	979.4	979.8	980.8		
410.4861	3.7091	979.2	979.7	980.7		
410.5194	3.7131	979.3	979.8	980.8		
410.5527	3.7091	979.6	980.0	980.8		
410.5861	3.7091	980.0	980.1	981.0		
410.6194	3.7139	979.6	980.0	980.9		
410.6527	3.7244	979.5	980.1	981.2		
410.6861	3.7253	979.3	979.9	980.9		
410.7194	3.7113	979.3	979.8	980.9		
410.7527	3.7288	979.5	980.0	980.9		
410.7861	3.7183	979.4	979.9	980.7		
410.8194	3.7271	979.7	980.0	980.9		
410.8527	3.7305	979.1	979.7	980.8		
410.8861	3.7345	979.1	979.8	980.9		
410.9194	3.7297	979.7	980.0	981.0		
410.9527	3.7332	979.5	980.0	980.9		
410.9861	3.7301	979.5	980.0	981.0		
411.0194	3.7292	979.1	979.8	980.9		
411.0527	3.7332	979.4	979.9	980.9		
411.0861	3.7367	979.5	979.9	980.9		
411.1194	3.7354	979.5	979.9	980.9		
411.1527	3.7345	979.3	979.8	980.8		
411.1861	3.7402	979.1	979.7	980.7		
411.2194	3.7406	980.2	980.3	981.1		
411.2527	3.7441	979.8	980.1	980.9		
411.2861	3.7472	979.6	980.0	980.9		
411.3194	3.7463	979.5	979.9	980.8		
411.3527	3.7524	979.9	980.1	980.9		
411.3861	3.7568	979.6	980.0	980.9		
411.4194	3.7563	979.4	979.8	980.8		
411.4527	3.7515	979.5	980.0	980.9		
411.4861	3.7511	979.6	980.0	980.9		
411.5194	3.7590	979.6	980.0	981.0		
411.5527	3.7520	979.5	979.9	980.9		
411.5861	3.7620	979.4	979.9	980.9		
411.6194	3.7607	979.4	979.9	980.9		
411.6527	3.7546	979.6	979.9	980.9		
411.6861	3.7673	979.6	980.0	980.9		
411.7194	3.7747	979.5	980.0	980.9		
411.7527	3.7651	979.6	980.0	980.9		
411.7861	3.7699	979.6	980.0	981.0		
411.8194	3.7664	979.5	979.9	980.9		
411.8527	3.7756	979.6	979.9	981.0		
411.8861	3.7677	979.4	979.9	980.9		
411.9194	3.7738	979.6	980.0	981.1		
411.9527	3.7625	979.6	980.0	981.0		
411.9861	3.7734	979.6	980.0	980.9		
412.0194	3.7743	979.5	979.9	980.9		
412.0527	3.7747	979.5	979.9	981.0		
412.0861	3.7804	979.6	980.0	980.9		
412.1194	3.7786	979.6	980.0	981.0		
412.1527	3.7808	979.5	979.9	980.9		
412.1861	3.7760	979.5	979.9	980.9		
412.2194	3.7896	979.6	980.0	980.9		
412.2527	3.7887	979.6	980.0	980.9		
412.2861	3.7948	979.6	979.9	980.9		
412.3194	3.7839	979.6	980.0	980.9		
412.3527	3.7896	979.7	979.9	980.9		
412.3861	3.7952	979.6	979.9	980.9		
412.4194	3.7909	979.7	980.0	980.9		
412.4527	3.7926	979.5	979.9	980.9		
412.4861	3.7966	979.7	980.0	980.9		
412.5194	3.8027	979.6	979.9	980.9		
412.5527	3.8018	979.7	980.0	981.0		
412.5861	3.8027	979.6	979.9	980.9		
412.6194	3.8018	979.6	980.0	980.9		
412.6527	3.8040	979.6	979.9	980.9		
412.6861	3.8088	979.5	979.9	980.9		
412.7194	3.8079	979.6	979.9	980.9		
412.7527	3.8018	979.7	980.0	980.9		
412.7861	3.8101	979.6	979.9	981.0		
412.8194	3.8105	979.7	980.0	980.9		
412.8527	3.8110	979.7	980.0	981.0		
412.8861	3.8171	979.6	980.0	980.9		
412.9194	3.8132	979.6	979.9	980.9		
412.9527	3.8245	979.7	980.0	980.9		
412.9861	3.8140	979.7	980.0	981.0		
413.0194	3.8184	979.6	980.0	980.9		
413.0527	3.8254	979.5	979.9	980.9		
413.0861	3.8193	979.7	980.0	980.9		
413.1194	3.8272	979.6	980.0	980.9		
413.1527	3.8315	979.5	979.9	980.9		
413.1861	3.8232	979.6	979.9	980.9		
413.2194	3.8372	979.6	980.0	981.0		
413.2527	3.8210	979.7	979.9	980.9		
413.2861	3.8285	979.6	979.9	980.9		
413.3194	3.8280	979.7	979.9	980.9		
413.3527	3.8416	979.6	979.9	980.9		
413.3861	3.8293	979.5	979.9	980.8		
413.4194	3.8420	979.5	979.9	980.9		
413.4527	3.8376	979.6	979.9	980.9		
413.4861	3.8372	979.6	979.9	980.9		
413.5194	3.8429	979.6	980.0	980.9		
413.5527	3.8385	979.6	980.0	980.9		
413.5861	3.8486	979.6	979.9	980.9		
413.6194	3.8425	979.5	979.9	980.8		
413.6527	3.8398	979.5	979.9	980.8		
413.6861	3.8416	979.6	979.9	980.9		
413.7194	3.8551	979.7	979.9	980.9		
413.7527	3.8564	979.6	979.9	980.9		
413.7861	3.8499	979.7	979.9	980.9		
413.8194	3.8560	979.6	979.9	980.8		
413.8527	3.8534	979.5	979.8	980.7		
413.8861	3.8604	979.6	979.9	980.9		
413.9194	3.8595	979.6	979.9	980.8		
413.9527	3.8560	979.6	979.9	980.9		
413.9861	3.8647	979.6	979.9	980.8		
414.0194	3.8656	979.5	979.9	980.8		
414.0527	3.8630	979.6	979.9	980.8		
414.0861	3.8639	979.5	979.9	980.8		
414.1194	3.8647	979.6	979.9	981.0		
414.1527	3.8752	979.6	979.9	980.9		
414.1861	3.8687	979.6	979.9	980.9		
414.2194	3.8678	979.7	979.9	980.9		
414.2527	3.8739	979.6	979.9	980.9		
414.2861	3.8748	979.6	979.9	980.8		
414.3194	3.8752	979.5	979.8	980.8		
414.3527	3.8783	979.5	979.9	980.9		
414.3861	3.8774	979.6	980.0	980.9		
414.4194	3.8866	979.6	979.9	980.8		
414.4527	3.8809	979.6	979.9	980.8		
414.4861	3.8897	979.9	980.3	981.7		
414.5194	3.8818	979.7	980.1	981.1		
414.5527	3.8901	979.6	980.0	981.0		
414.5861	3.8940	979.6	979.9	980.8		
414.6194	3.8879	979.6	979.8	980.7		
414.6527	3.8844	979.6	979.9	980.8		
414.6861	3.8980	979.7	980.1	981.1		
414.7194	3.8884	979.5	979.8	980.7		
414.7527	3.8984	979.5	979.8	980.7		
414.7861	3.8945	979.5	979.8	980.8		
414.8194	3.8953	979.6	979.9	980.9		
414.8527	3.8927	979.6	979.9	980.8		
414.8861	3.9041	979.6	979.9	980.8		
414.9194	3.9067	979.7	979.9	980.9		
414.9527	3.9085	979.6	979.9	980.8		
414.9861	3.8988	979.6	979.9	980.9		
415.0194	3.9198	979.6	979.9	980.8		
415.0527	3.9102	979.6	979.9	980.9		
415.0861	3.9120	979.6	979.9	980.8		
415.1194	3.9168	979.6	980.1	981.2		
415.1527	3.9067	979.8	980.1	981.0		
415.1861	3.9194	979.6	979.9	980.8		
415.2194	3.9207	979.6	979.8	980.8		
415.2527	3.9198	979.6	979.9	980.8		
415.2861	3.9334	979.6	979.9	980.8		
415.3194	3.9277	979.6	979.9	980.8		
415.3527	3.9268	979.7	980.0	981.0		
415.3861	3.9290	979.6	979.9	980.9		
415.4194	3.9259	979.6	979.9	980.9		
415.4527	3.9329	979.7	979.9	980.9		
415.4861	3.9308	979.6	979.9	980.9		
415.5194	3.9255	979.6	979.9	980.8		
415.5527	3.9268	979.6	980.0	980.9		
415.5861	3.9299	979.6	979.9	980.8		
415.6194	3.9308	979.6	979.9	980.9		
415.6527	3.9417	979.8	980.1	981.0		
415.6861	3.9404	979.7	980.0	980.9		
415.7194	3.9430	979.7	980.0	980.9		
415.7527	3.9408	979.5	979.9	980.8		
415.7861	3.9421	979.6	979.9	980.8		
415.8194	3.9478	979.5	979.9	980.8		
415.8527	3.9421	979.6	979.9	980.9		
415.8861	3.9552	979.6	980.0	980.9		
415.9194	3.9456	979.7	980.0	980.8		
415.9527	3.9482	979.6	979.9	980.9		
415.9861	3.9531	979.6	980.0	980.9		
416.0194	3.9522	979.7	979.9	980.9		
416.0527	3.9609	979.7	979.9	980.9		
416.0861	3.9570	979.6	979.9	980.9		
416.1194	3.9544	979.6	979.9	980.8		
416.1527	3.9596	979.5	979.8	980.8		
416.1861	3.9653	979.5	979.9	980.9		
416.2194	3.9587	979.6	979.9	980.7		
416.2527	3.9631	979.6	979.9	980.9		
416.2861	3.9644	979.6	979.9	980.9		
416.3194	3.9710	979.7	980.1	981.2		
416.3527	3.9666	979.7	980.0	981.0		
416.3861	3.9767	979.6	979.9	980.9		
416.4194	3.9762	979.6	979.9	980.8		
416.4527	3.9767	979.5	979.8	980.8		
416.4861	3.9767	979.5	979.9	980.9		
416.5194	3.9802	979.6	979.9	980.8		
416.5527	3.9762	979.6	979.9	980.9		
416.5861	3.9889	979.6	979.8	980.8		
416.6194	3.9828	979.6	979.9	980.9		
416.6527	3.9767	979.7	980.1	981.0		
416.6861	3.9837	979.5	979.9	980.9		
416.7194	3.9924	979.6	980.0	980.9		
416.7527	3.9893	979.6	979.9	980.9		
416.7861	3.9863	979.6	979.9	980.8		
416.8194	3.9946	979.6	979.9	980.8		
416.8527	3.9920	979.5	979.8	980.8		
416.8861	3.9946	979.6	979.9	980.8		
416.9194	3.9963	979.6	979.9	980.9		
416.9527	3.9985	979.6	979.9	980.8		
416.9861	4.0029	979.6	979.8	980.8		
417.0194	3.9990	979.6	979.9	980.8		
417.0527	4.0042	979.5	979.8	980.8		
417.0861	4.0029	979.5	979.9	980.8		
417.1194	4.0064	979.6	979.9	980.9		
417.1527	4.0129	979.6	979.9	980.9		
417.1861	4.0112	979.6	979.8	980.8		
417.2194	4.0051	979.6	980.0	981.1		
417.2527	4.0125	979.8	980.0	981.0		
417.2861	4.0042	979.6	979.9	980.9		
417.3194	4.0147	979.5	979.9	980.8		
417.3527	4.0099	979.6	979.9	980.9		
417.3861	4.0143	979.6	979.9	980.8		
417.4194	4.0156	979.6	979.9	980.8		
417.4527	4.0160	979.5	979.9	980.8		
417.4861	4.0226	979.6	979.9	980.8		
417.5194	4.0278	979.6	979.9	980.9		
417.5527	4.0278	979.6	979.9	981.0		
417.5861	4.0230	979.6	979.9	980.9		
417.6194	4.0256	979.7	979.9	980.9		
417.6527	4.0221	979.7	979.9	980.9		
417.6861	4.0344	979.6	979.9	980.9		
417.7194	4.0422	979.6	979.9	980.8		
417.7527	4.0352	979.5	979.8	980.8		
417.7861	4.0300	979.5	979.9	980.8		
417.8194	4.0344	979.6	979.9	980.9		
417.8527	4.0427	979.6	979.9	980.9		
417.8861	4.0444	979.6	979.8	980.8		
417.9194	4.0431	979.6	979.9	980.9		
417.9527	4.0462	979.5	979.8	980.8		
417.9861	4.0418	979.5	979.8	980.8		
418.0194	4.0457	979.4	979.8	980.8		
418.0527	4.0514	979.6	979.9	980.8		
418.0861	4.0488	979.5	979.8	980.8		
418.1194	4.0532	979.5	979.8	980.8		
418.1527	4.0588	979.5	979.9	980.9		
418.1861	4.0505	979.5	979.8	980.9		
418.2194	4.0527	979.5	979.9	980.9		
418.2527	4.0558	979.5	979.9	980.9		
418.2861	4.0615	979.5	979.8	980.8		
418.3194	4.0671	979.6	979.9	980.9		
418.3527	4.0667	979.8	979.9	980.9		
418.3861	4.0706	979.8	980.1	980.9		
418.4194	4.0619	979.2	979.7	980.7		
418.4527	4.0706	979.5	979.8	980.8		
418.4861	4.0689	979.6	979.8	980.9		
418.5194	4.0733	979.6	979.8	980.8		
418.5527	4.0759	979.5	979.9	980.8		
418.5861	4.0702	979.6	980.0	980.9		
418.6194	4.0750	979.5	979.9	980.9		
418.6527	4.0833	979.5	979.9	980.9		
418.6861	4.0781	979.5	979.8	980.8		
418.7194	4.0824	979.6	979.9	980.9		
418.7527	4.0890	979.6	979.8	980.8		
418.7861	4.0864	979.5	979.8	980.8		
418.8194	4.0838	979.6	979.9	980.9		
418.8527	4.0912	979.6	979.9	980.8		
418.8861	4.0820	979.6	979.9	980.8		
418.9194	4.0886	979.6	979.9	980.9		
418.9527	4.0929	979.5	979.9	980.9		
418.9861	4.0969	979.5	979.9	980.8		
419.0194	4.0951	979.6	979.9	980.8		
419.0527	4.0942	979.6	979.8	980.8		
419.0861	4.0956	979.6	979.9	980.9		
419.1194	4.0947	979.5	979.8	980.8		
419.1527	4.1052	979.5	979.9	980.8		
419.1861	4.1017	979.6	979.8	980.8		
419.2194	4.1074	979.5	979.9	980.9		
419.2527	4.1069	979.6	980.0	981.0		
419.2861	4.1139	979.6	979.9	980.9		
419.3194	4.1266	979.6	979.9	980.9		
419.3527	4.1135	979.6	979.9	980.8		
419.3861	4.1117	979.6	979.9	980.9		
419.4194	4.1192	979.8	980.0	980.8		
419.4527	4.1196	979.7	979.9	980.8		
419.4861	4.1157	979.7	979.9	980.9		
419.5194	4.1314	979.6	979.9	980.9		
419.5527	4.1248	979.6	979.9	980.8		
419.5861	4.1279	979.5	979.9	980.9		
419.6194	4.1301	979.4	979.9	980.8		
419.6527	4.1314	979.6	979.9	980.8		
419.6861	4.1349	979.6	980.0	980.9		
419.7194	4.1358	979.5	979.9	980.8		
419.7527	4.1340	979.6	979.8	980.8		
419.7861	4.1314	979.5	979.9	980.8		
419.8194	4.1415	979.6	979.9	980.9		
419.8527	4.1388	979.5	979.8	980.8		
419.8861	4.1401	980.2	980.2	981.1		
419.9194	4.1358	980.0	980.0	980.8		
419.9527	4.1428	979.6	979.9	980.8		
419.9861	4.1458	979.8	980.0	980.9		
420.0194	4.1511	979.8	980.0	981.0		
420.0527	4.1528	979.1	979.6	980.7		
420.0861	4.1568	979.2	979.6	980.8		
420.1194	4.1436	979.4	979.7	980.8		
420.1527	4.1537	979.5	979.9	980.9		
420.1861	4.1576	979.5	979.8	980.9		
420.2194	4.1541	979.5	979.8	980.9		
420.2527	4.1646	979.5	979.8	980.8		
420.2861	4.1589	979.5	979.8	980.8		
420.3194	4.1694	979.5	979.8	980.8		
420.3527	4.1659	979.5	979.8	980.8		
420.3861	4.1681	979.5	979.8	980.8		
420.4194	4.1690	979.6	979.9	980.9		
420.4527	4.1629	979.9	980.1	981.2		
420.4861	4.1734	980.0	980.2	981.0		
420.5194	4.1716	979.7	979.9	981.0		
420.5527	4.1729	979.6	979.9	980.9		
420.5861	4.1721	979.4	979.8	980.8		
420.6194	4.1721	979.5	979.9	980.9		
420.6527	4.1747	979.6	979.9	980.8		
420.6861	4.1777	979.3	979.6	980.7		
420.7194	4.1804	979.4	979.8	980.9		
420.7527	4.1795	979.4	979.8	980.8		
420.7861	4.1944	980.5	980.3	981.1		
420.8194	4.1900	980.0	980.1	981.0		
420.8527	4.1882	979.2	979.7	980.7		
420.8861	4.1909	979.3	979.7	980.7		
420.9194	4.1852	979.4	979.8	980.7		
420.9527	4.1992	979.4	979.8	980.9		
420.9861	4.2031	980.0	980.2	981.1		
421.0194	4.2000	979.9	980.0	981.0		
421.0527	4.1961	979.7	979.9	980.9		
421.0861	4.2013	979.2	979.6	980.7		
421.1194	4.1961	979.3	979.7	980.7		
421.1527	4.2040	979.4	979.8	980.8		
421.1861	4.2101	979.5	979.7	980.7		
421.2194	4.2114	979.5	979.8	980.8		
421.2527	4.2136	979.5	979.9	980.9		
421.2861	4.2153	979.6	979.9	980.8		
421.3194	4.2101	979.6	979.9	980.8		
421.3527	4.2180	979.5	979.8	980.8		
421.3861	4.2162	979.5	979.8	980.8		
421.4194	4.2193	979.5	979.9	980.9		
421.4527	4.2188	979.6	979.9	980.9		
421.4861	4.2228	979.6	979.8	980.8		
421.5194	4.2280	979.7	979.9	980.9		
421.5527	4.2232	979.6	979.9	980.9		
421.5861	4.2298	979.6	979.9	980.9		
421.6194	4.2298	979.6	979.9	980.9		
421.6527	4.2232	979.7	979.9	980.9		
421.6861	4.2315	979.6	979.9	980.9		
421.7194	4.2346	979.6	980.0	980.9		
421.7527	4.2389	979.6	979.9	980.8		
421.7861	4.2341	979.5	979.9	980.9		
421.8194	4.2411	979.7	979.9	980.9		
421.8527	4.2359	980.0	980.0	980.9		
421.8861	4.2398	979.6	979.8	980.8		
421.9194	4.2455	979.6	979.9	980.9		
421.9527	4.2442	979.6	979.8	980.8		
421.9861	4.2416	979.6	979.8	980.8		
422.0194	4.2481	979.6	979.9	980.8		
422.0527	4.2590	979.6	979.8	980.8		
422.0861	4.2556	979.6	979.9	980.8		
422.1194	4.2556	979.6	979.8	980.8		
422.1527	4.2612	979.5	979.8	980.8		
422.1861	4.2560	979.5	979.9	980.8		
422.2194	4.2560	979.5	979.8	980.8		
422.2527	4.2617	979.7	980.1	981.1		
422.2861	4.2647	979.6	979.9	980.8		
422.3194	4.2682	979.6	979.9	980.8		
422.3527	4.2722	979.6	979.9	980.8		
422.3861	4.2687	979.6	979.8	980.7		
422.4194	4.2669	979.8	980.1	981.3		
422.4527	4.2730	979.6	979.9	980.8		
422.4861	4.2730	979.6	979.9	980.9		
422.5194	4.2813	979.6	979.8	980.9		
422.5527	4.2800	979.6	979.9	980.9		
422.5861	4.2748	979.7	979.9	980.9		
422.6194	4.2805	979.7	979.9	980.9		
422.6527	4.2835	979.7	980.0	981.1		
422.6861	4.2796	979.7	979.9	980.9		
422.7194	4.2910	979.6	979.9	980.9		
422.7527	4.2896	979.6	979.9	980.9		
422.7861	4.2931	979.6	979.8	980.9		
422.8194	4.2980	979.6	979.9	980.9		
422.8527	4.2980	979.6	979.8	980.8		
422.8861	4.3001	979.5	979.8	980.8		
422.9194	4.2988	979.7	979.9	981.0		
422.9527	4.2980	979.6	979.9	980.9		
422.9861	4.3028	980.2	980.1	981.0		
423.0194	4.3015	980.0	980.1	981.0		
423.0527	4.3181	979.8	980.0	980.9		
423.0861	4.3111	979.6	979.9	980.9		
423.1194	4.3019	979.6	979.9	980.8		
423.1527	4.3089	979.7	979.9	980.9		
423.1861	4.3185	979.6	979.9	981.0		
423.2194	4.3154	979.7	979.9	980.9		
423.2527	4.3124	979.7	979.9	980.9		
423.2861	4.3181	979.7	979.9	980.9		
423.3194	4.3194	979.6	980.0	980.9		
423.3527	4.3237	979.6	979.9	980.9		
423.3861	4.3224	979.6	979.9	980.9		
423.4194	4.3272	979.6	979.9	980.9		
423.4527	4.3307	979.6	979.9	980.9		
423.4861	4.3281	979.6	979.9	980.9		
423.5194	4.3290	979.7	979.9	980.9		
423.5527	4.3277	979.6	979.8	980.8		
423.5861	4.3386	979.7	980.0	981.0		
423.6194	4.3355	979.7	979.9	980.9		
423.6527	4.3386	979.8	980.0	980.9		
423.6861	4.3364	979.7	979.9	980.9		
423.7194	4.3460	979.6	979.9	980.9		
423.7527	4.3504	979.6	979.9	980.9		
423.7861	4.3487	979.5	979.9	980.8		
423.8194	4.3478	979.6	979.9	980.8		
423.8527	4.3491	979.6	979.9	980.9		
423.8861	4.3565	979.7	980.0	980.9		
423.9194	4.3526	979.6	979.9	980.8		
423.9527	4.3530	979.5	979.9	980.9		
423.9861	4.3587	979.6	979.9	980.9		
424.0194	4.3548	979.6	979.9	980.9		
424.0527	4.3574	979.7	980.0	981.0		
424.0861	4.3644	979.9	980.0	980.9		
424.1194	4.3635	979.8	980.0	981.0		
424.1527	4.3670	979.7	979.9	980.9		
424.1861	4.3666	979.6	979.9	980.9		
424.2194	4.3718	979.7	979.9	980.9		
424.2527	4.3714	979.6	979.9	980.9		
424.2861	4.3788	979.7	979.9	980.9		
424.3194	4.3797	979.7	979.9	980.9		
424.3527	4.3727	979.6	979.9	980.9		
424.3861	4.3801	979.8	980.0	981.0		
424.4194	4.3758	979.8	980.0	980.9		
424.4527	4.3810	979.7	979.9	980.9		
424.4861	4.3753	979.7	980.0	980.9		
424.5194	4.3788	979.8	980.0	980.9		
424.5527	4.3867	979.7	979.9	980.8		
424.5861	4.3863	979.7	979.9	980.9		
424.6194	4.3967	979.7	979.9	980.8		
424.6527	4.4024	979.7	980.0	980.9		
424.6861	4.4007	979.7	980.0	981.0		
424.7194	4.3946	979.7	980.0	981.0		
424.7527	4.3985	979.7	980.0	980.9		
424.7861	4.3985	979.6	980.0	981.0		
424.8194	4.4068	979.6	979.9	981.0		
424.8527	4.4055	979.6	979.9	980.9		
424.8861	4.4086	979.7	980.0	981.0		
424.9194	4.4086	979.7	979.9	980.9		
424.9527	4.4116	979.7	979.9	981.0		
424.9861	4.4147	979.7	979.9	980.9		
425.0194	4.4151	979.7	979.9	980.9		
425.0527	4.4155	979.7	980.0	980.9		
425.0861	4.4155	979.6	979.9	980.9		
425.1194	4.4151	979.6	980.0	980.9		
425.1527	4.4208	979.6	979.9	980.9		
425.1861	4.4300	979.6	979.9	980.9		
425.2194	4.4234	979.6	979.9	980.9		
425.2527	4.4304	979.7	979.9	980.9		
425.2861	4.4265	979.7	979.9	980.8		
425.3194	4.4230	979.7	979.9	980.8		
425.3527	4.4295	979.7	979.9	980.9		
425.3861	4.4295	979.8	980.0	980.9		
425.4194	4.4365	979.6	980.0	980.9		
425.4527	4.4392	979.7	980.0	980.9		
425.4861	4.4378	979.7	979.9	980.9		
425.5194	4.4418	979.7	979.9	980.9		
425.5527	4.4418	979.6	979.9	980.9		
425.5861	4.4488	979.7	980.0	980.9		
425.6194	4.4475	979.7	980.0	980.9		
425.6527	4.4523	979.6	979.9	980.9		
425.6861	4.4510	979.7	980.0	981.0		
425.7194	4.4518	979.7	980.0	980.9		
425.7527	4.4588	979.7	980.0	980.9		
425.7861	4.4610	979.8	979.9	980.9		
425.8194	4.4593	979.7	979.9	981.0		
425.8527	4.4597	979.7	979.9	980.9		
425.8861	4.4579	979.8	980.0	981.0		
425.9194	4.4684	979.6	980.0	980.9		
425.9527	4.4654	979.8	980.0	981.0		
425.9861	4.4737	979.6	979.9	980.9		
426.0194	4.4684	979.6	979.9	980.9		
426.0527	4.4767	979.6	979.9	980.9		
426.0861	4.4776	979.7	980.0	981.0		
426.1194	4.4798	979.7	979.9	980.9		
426.1527	4.4750	979.7	979.9	980.9		
426.1861	4.4794	979.7	979.9	980.9		
426.2194	4.4802	979.7	979.9	980.9		
426.2527	4.4916	979.6	979.9	980.9		
426.2861	4.4785	979.7	980.0	980.9		
426.3194	4.4850	979.7	980.0	981.0		
426.3527	4.4864	979.7	979.9	981.0		
426.3861	4.4964	979.7	979.9	980.9		
426.4194	4.4929	979.7	980.0	981.0		
426.4527	4.4942	979.8	980.0	981.0		
426.4861	4.4986	979.8	979.9	980.9		
426.5194	4.5130	979.8	980.0	981.0		
426.5527	4.4964	979.7	979.9	980.9		
426.5861	4.5038	979.7	979.9	980.9		
426.6194	4.5095	979.7	980.0	981.0		
426.6527	4.5126	979.6	979.9	980.9		
426.6861	4.5113	979.6	979.9	980.9		
426.7194	4.5122	979.6	979.9	980.9		
426.7527	4.5226	979.6	979.8	980.9		
426.7861	4.5156	979.6	979.9	980.9		
426.8194	4.5213	979.7	979.9	980.9		
426.8527	4.5170	979.5	979.8	980.8		
426.8861	4.5248	979.6	979.9	980.9		
426.9194	4.5248	979.6	979.9	981.0		
426.9527	4.5244	979.6	979.9	981.0		
426.9861	4.5222	979.7	979.8	980.8		
427.0194	4.5165	979.7	980.0	981.0		
427.0527	4.5340	979.6	979.8	980.9		
427.0861	4.5344	979.6	979.8	980.8		
427.1194	4.5471	979.6	979.8	980.8		
427.1527	4.5388	979.7	979.9	980.9		
427.1861	4.5458	979.7	980.0	981.0		
427.2194	4.5371	979.6	979.9	980.8		
427.2527	4.5458	979.7	979.9	980.9		
427.2861	4.5362	979.6	979.9	980.9		
427.3194	4.5379	979.7	979.9	980.9		
427.3527	4.5480	979.8	979.9	981.0		
427.3861	4.5515	979.8	980.2	981.3		
427.4194	4.5528	979.8	980.0	981.0		
427.4527	4.5546	979.7	980.0	981.0		
427.4861	4.5537	979.8	980.0	981.0		
427.5194	4.5611	979.8	980.0	981.0		
427.5527	4.5559	979.8	979.9	981.0		
427.5861	4.5633	979.7	979.9	981.0		
427.6194	4.5563	979.7	980.0	981.0		
427.6527	4.5690	979.7	980.0	980.9		
427.6861	4.5838	979.7	979.9	980.9		
427.7194	4.5694	979.7	980.0	980.9		
427.7527	4.5725	979.7	979.9	980.9		
427.7861	4.5786	979.7	979.9	980.9		
427.8194	4.5760	979.7	980.0	981.0		
427.8527	4.5764	979.7	980.0	981.0		
427.8861	4.5738	979.7	980.0	981.0		
427.9194	4.5847	979.8	979.9	981.0		
427.9527	4.5887	979.7	980.0	980.9		
427.9861	4.5869	979.7	979.9	980.8		
428.0194	4.5917	979.6	979.9	980.9		
428.0527	4.5900	979.6	979.9	980.9		
428.0861	4.5943	979.7	980.0	981.0		
428.1194	4.5900	979.7	980.0	980.9		
428.1527	4.5965	979.8	980.0	980.9		
428.1861	4.6022	979.7	979.9	980.9		
428.2194	4.5913	979.7	979.9	980.8		
428.2527	4.6101	979.7	979.9	980.8		
428.2861	4.6070	979.6	979.9	980.9		
428.3194	4.6040	979.7	979.9	980.8		
428.3527	4.6092	979.7	980.0	980.9		
428.3861	4.6057	979.7	980.0	980.9		
428.4194	4.6088	979.8	980.0	981.0		
428.4527	4.6175	979.7	979.8	980.9		
428.4861	4.6210	979.8	979.9	980.9		
428.5194	4.6175	979.7	979.9	980.9		
428.5527	4.6219	979.7	980.0	980.9		
428.5861	4.6223	979.7	979.9	981.0		
428.6194	4.6245	979.7	979.9	980.9		
428.6527	4.6341	979.8	980.0	980.9		
428.6861	4.6346	979.8	980.0	981.0		
428.7194	4.6276	979.8	980.0	980.9		
428.7527	4.6376	979.8	980.0	981.0		
428.7861	4.6398	979.8	980.0	980.9		
428.8194	4.6411	979.8	980.0	980.9		
428.8527	4.6429	979.6	979.9	980.9		
428.8861	4.6402	979.7	979.9	980.9		
428.9194	4.6389	979.7	980.0	980.9		
428.9527	4.6407	979.8	979.9	980.9		
428.9861	4.6547	979.8	979.9	980.9		
429.0194	4.6459	979.8	979.9	980.9		
429.0527	4.6516	979.7	979.9	980.9		
429.0861	4.6625	979.7	979.9	980.9		
429.1194	4.6590	979.7	980.0	981.0		
429.1527	4.6542	979.7	980.0	980.9		
429.1861	4.6652	979.7	980.0	981.0		
429.2194	4.6612	979.7	979.9	980.8		
429.2527	4.6652	979.7	979.9	980.8		
429.2861	4.6638	979.7	979.9	980.9		
429.3194	4.6743	979.7	979.9	980.9		
429.3527	4.6660	979.8	980.0	981.0		
429.3861	4.6756	979.7	980.0	980.9		
429.4194	4.6844	979.7	979.9	980.9		
429.4527	4.6778	979.6	979.9	980.8		
429.4861	4.6778	979.7	979.9	980.8		
429.5194	4.6870	979.7	980.0	980.9		
429.5527	4.6765	979.8	980.0	981.0		
429.5861	4.6787	979.8	980.0	980.9		
429.6194	4.6918	979.7	980.0	981.0		
429.6527	4.6936	979.7	979.9	980.9		
429.6861	4.6958	979.7	979.9	980.9		
429.7194	4.6949	979.6	979.9	980.9		
429.7527	4.6923	979.7	979.9	980.9		
429.7861	4.6962	979.7	979.9	980.9		
429.8194	4.7006	979.7	979.9	980.9		
429.8527	4.7023	979.8	979.9	980.8		
429.8861	4.7006	979.8	980.0	980.9		
429.9194	4.7058	979.7	980.0	980.9		
429.9527	4.7097	979.8	980.0	980.9		
429.9861	4.7084	979.7	979.9	980.9		
430.0194	4.7128	979.7	979.9	980.9		
430.0527	4.7141	979.7	979.9	980.9		
430.0861	4.7176	979.6	979.9	980.9		
430.1194	4.7137	979.7	980.0	981.0		
430.1527	4.7237	979.7	979.9	980.9		
430.1861	4.7229	979.8	980.0	981.0		
430.2194	4.7342	979.7	979.9	980.9		
430.2527	4.7303	979.7	979.9	980.9		
430.2861	4.7294	979.7	979.9	980.8		
430.3194	4.7290	979.7	980.0	980.9		
430.3527	4.7360	979.8	979.9	980.9		
430.3861	4.7325	979.8	980.0	980.9		
430.4194	4.7373	979.7	980.0	980.9		
430.4527	4.7460	979.8	980.0	980.9		
430.4861	4.7425	979.8	980.0	981.0		
430.5194	4.7390	979.7	980.0	980.9		
430.5527	4.7482	979.7	979.9	980.9		
430.5861	4.7539	979.7	980.0	980.9		
430.6194	4.7491	979.8	980.0	981.0		
430.6527	4.7513	979.8	980.0	981.0		
430.6861	4.7535	979.8	980.0	981.0		
430.7194	4.7613	979.8	980.0	981.0		
430.7527	4.7674	979.7	979.9	980.9		
430.7861	4.7653	979.7	979.9	980.9		
430.8194	4.7644	979.7	980.0	980.9		
430.8527	4.7679	979.8	979.9	981.0		
430.8861	4.7749	979.7	980.0	980.9		
430.9194	4.7749	979.7	980.0	980.9		
430.9527	4.7784	979.7	980.0	980.9		
430.9861	4.7792	979.8	980.0	980.9		
431.0194	4.7771	979.7	980.0	980.9		
431.0527	4.7806	979.7	979.9	980.9		
431.0861	4.7832	979.7	980.0	980.9		
431.1194	4.7889	979.8	980.0	980.9		
431.1527	4.7836	979.9	980.0	981.0		
431.1861	4.7849	979.8	980.0	980.9		
431.2194	4.7941	979.8	980.0	980.9		
431.2527	4.7932	979.7	980.0	981.0		
431.2861	4.7919	979.8	980.0	981.1		
431.3194	4.8050	979.8	980.0	980.9		
431.3527	4.7989	979.8	980.0	980.9		
431.3861	4.7989	979.8	980.0	981.0		
431.4194	4.8081	979.7	979.9	980.9		
431.4527	4.8055	979.8	980.0	980.9		
431.4861	4.8103	979.7	980.0	980.9		
431.5194	4.8037	979.8	980.0	980.9		
431.5527	4.8125	979.8	980.0	981.0		
431.5861	4.8147	979.8	980.0	981.0		
431.6194	4.8186	979.8	980.0	981.0		
431.6527	4.8107	979.8	980.0	980.9		
431.6861	4.8230	979.7	979.9	980.8		
431.7194	4.8190	979.9	980.0	980.9		
431.7527	4.8260	979.8	980.0	980.9		
431.7861	4.8230	979.7	980.0	980.9		
431.8194	4.8313	979.7	980.0	980.9		
431.8527	4.8374	979.7	979.9	980.8		
431.8861	4.8321	979.7	979.9	980.9		
431.9194	4.8339	979.8	980.0	980.9		
431.9527	4.8343	979.9	980.0	981.0		
431.9861	4.8413	979.8	980.0	981.0		
432.0194	4.8400	979.8	980.0	981.0		
432.0527	4.8391	979.7	980.0	981.0		
432.0861	4.8453	979.7	980.0	981.0		
432.1194	4.8457	979.7	980.0	980.9		
432.1527	4.8487	979.7	979.9	980.9		
432.1861	4.8536	979.8	980.0	981.0		
432.2194	4.8544	979.8	979.9	980.9		
432.2527	4.8544	979.8	979.9	980.9		
432.2861	4.8562	979.8	980.0	980.9		
432.3194	4.8584	979.8	979.9	980.8		
432.3527	4.8627	979.7	979.9	980.9		
432.3861	4.8754	979.7	979.9	980.8		
432.4194	4.8658	979.8	980.0	981.0		
432.4527	4.8728	979.7	979.9	980.9		
432.4861	4.8719	979.7	980.0	980.9		
432.5194	4.8780	979.8	980.0	981.0		
432.5527	4.8815	979.8	980.0	981.0		
432.5861	4.8824	979.8	980.0	981.0		
432.6194	4.8815	979.8	980.0	980.9		
432.6527	4.8946	979.8	980.0	980.9		
432.6861	4.8916	979.8	980.0	981.0		
432.7194	4.8868	979.8	980.0	981.0		
432.7527	4.8916	979.7	980.0	980.9		
432.7861	4.9025	979.8	980.0	980.9		
432.8194	4.8946	979.7	980.0	981.1		
432.8527	4.8968	979.7	979.9	980.9		
432.8861	4.8977	979.7	980.0	981.0		
432.9194	4.9104	979.5	979.9	980.8		
432.9527	4.9069	979.6	979.9	980.8		
432.9861	4.9104	979.6	979.9	980.8		
433.0194	4.9121	979.6	979.8	980.8		
433.0527	4.9169	979.6	979.8	980.8		
433.0861	4.9161	979.6	979.8	980.8		
433.1194	4.9169	979.7	979.8	980.7		
433.1527	4.9204	979.6	979.8	980.8		
433.1861	4.9226	979.6	979.9	980.8		
433.2194	4.9235	979.6	979.8	980.8		
433.2527	4.9274	979.6	979.8	980.7		
433.2861	4.9287	979.6	979.9	980.8		
433.3194	4.9331	979.6	979.9	980.8		
433.3527	4.9379	979.6	979.9	980.9		
433.3861	4.9388	979.6	979.9	980.8		
433.4194	4.9388	979.6	979.9	980.8		
433.4527	4.9423	979.7	979.9	980.9		
433.4861	4.9432	979.6	979.8	980.8		
433.5194	4.9445	979.6	979.8	980.8		
433.5527	4.9506	979.6	979.8	980.7		
433.5861	4.9458	979.6	979.9	980.9		
433.6194	4.9528	979.6	979.8	980.7		
433.6527	4.9524	979.7	979.9	980.8		
433.6861	4.9611	979.6	979.8	980.7		
433.7194	4.9633	979.7	980.0	981.0		
433.7527	4.9681	979.6	979.9	980.8		
433.7861	4.9633	979.6	979.9	980.8		
433.8194	4.9672	979.6	979.8	980.8		
433.8527	4.9642	979.6	979.8	980.8		
433.8861	4.9677	979.6	979.8	980.7		
433.9194	4.9738	979.6	979.8	980.8		
433.9527	4.9781	979.6	979.8	980.8		
433.9861	4.9764	979.6	979.8	980.8		
434.0194	4.9838	979.7	979.9	980.9		
434.0527	4.9856	979.6	979.9	980.9		
434.0861	4.9913	979.6	979.9	980.8		
434.1194	4.9856	979.7	979.9	980.9		
434.1527	4.9930	979.7	979.9	980.9		
434.1861	4.9913	979.6	979.9	980.8		
434.2194	4.9856	979.6	979.9	980.8		
434.2527	5.0004	979.6	979.9	980.8		
434.2861	5.0026	979.6	979.9	980.8		
434.3194	5.0035	979.6	979.8	980.8		
434.3527	5.0039	979.6	979.9	980.8		
434.3861	5.0096	979.7	979.8	980.8		
434.4194	5.0066	979.7	979.9	980.8		
434.4527	5.0083	979.7	979.8	980.7		
434.4861	5.0131	979.6	979.8	980.7		
434.5194	5.0127	979.6	979.9	980.7		
434.5527	5.0184	979.7	979.9	980.9		
434.5861	5.0267	979.5	979.8	980.8		
434.6194	5.0245	979.6	979.9	980.8		
434.6527	5.0262	979.7	979.9	980.8		
434.6861	5.0271	979.6	979.8	980.7		
434.7194	5.0232	979.6	979.9	980.8		
434.7527	5.0315	979.7	979.8	980.7		
434.7861	5.0407	979.7	979.9	980.9		
434.8194	5.0398	979.6	979.8	980.7		
434.8527	5.0367	979.5	979.8	980.8		
434.8861	5.0415	979.6	979.8	980.7		
434.9194	5.0393	979.6	979.9	980.8		
434.9527	5.0468	979.6	979.9	980.9		
434.9861	5.0481	979.8	980.1	981.1		
435.0194	5.0503	979.7	980.0	980.9		
435.0527	5.0525	979.6	979.8	980.8		
435.0861	5.0573	979.6	979.9	980.7		
435.1194	5.0551	979.6	979.9	980.9		
435.1527	5.0503	979.7	979.9	980.8		
435.1861	5.0669	979.6	979.9	980.8		
435.2194	5.0673	979.7	979.9	980.8		
435.2527	5.0686	979.8	979.8	980.8		
435.2861	5.0717	979.7	979.8	980.8		
435.3194	5.0734	979.6	979.8	980.8		
435.3527	5.0699	979.6	979.9	980.8		
435.3861	5.0756	979.7	979.9	980.8		
435.4194	5.0748	979.6	979.8	980.8		
435.4527	5.0778	979.7	979.9	980.9		
435.4861	5.0896	979.7	979.9	981.0		
435.5194	5.0874	979.7	980.0	980.9		
435.5527	5.0905	979.7	980.0	980.9		
435.5861	5.0909	979.7	979.9	980.9		
435.6194	5.1049	979.6	979.8	980.8		
435.6527	5.0909	979.7	979.9	980.9		
435.6861	5.0992	979.7	979.8	980.8		
435.7194	5.1045	979.7	979.9	980.9		
435.7527	5.1049	979.8	980.0	980.9		
435.7861	5.1093	979.7	979.9	980.9		
435.8194	5.1040	979.7	979.9	980.8		
435.8527	5.1088	979.6	979.9	980.8		
435.8861	5.1119	979.6	979.8	980.8		
435.9194	5.1193	979.8	979.9	980.8		
435.9527	5.1158	979.8	980.1	981.1		
435.9861	5.1215	979.7	980.0	981.0		
436.0194	5.1298	979.6	979.9	980.8		
436.0527	5.1355	979.6	979.9	980.9		
436.0861	5.1285	979.7	979.9	980.8		
436.1194	5.1246	979.7	979.9	980.9		
436.1527	5.1285	979.7	979.9	980.9		
436.1861	5.1351	979.7	979.9	980.8		
436.2194	5.1281	979.7	980.0	980.9		
436.2527	5.1390	979.8	979.9	980.9		
436.2861	5.1360	979.8	979.9	980.9		
436.3194	5.1355	979.7	979.9	980.9		
436.3527	5.1504	979.8	980.0	980.9		
436.3861	5.1399	979.7	979.9	980.8		
436.4194	5.1513	979.7	980.0	980.9		
436.4527	5.1495	979.6	979.8	980.8		
436.4861	5.1521	979.7	979.9	980.9		
436.5194	5.1495	979.8	979.9	981.0		
436.5527	5.1652	979.7	979.9	980.9		
436.5861	5.1582	979.8	980.0	980.9		
436.6194	5.1692	979.7	979.9	980.9		
436.6527	5.1692	979.7	979.9	980.9		
436.6861	5.1705	979.6	979.9	980.8		
436.7194	5.1709	979.6	979.9	980.9		
436.7527	5.1727	979.6	979.9	980.9		
436.7861	5.1897	979.7	980.0	980.9		
436.8194	5.1827	979.8	980.1	981.0		
436.8527	5.1897	979.7	980.0	980.9		
436.8861	5.1945	979.7	980.0	980.9		
436.9194	5.1971	979.6	979.9	980.8		
436.9527	5.1932	979.8	979.9	980.9		
436.9861	5.1862	979.7	979.9	980.9		
437.0194	5.1919	979.8	979.9	980.9		
437.0527	5.1937	979.8	980.0	980.9		
437.0861	5.2011	979.7	980.0	980.9		
437.1194	5.2011	979.6	979.8	980.8		
437.1527	5.2103	979.7	979.9	980.8		
437.1861	5.2190	979.7	979.9	981.0		
437.2194	5.2081	979.7	979.9	980.9		
437.2527	5.2173	979.7	980.0	980.8		
437.2861	5.2199	979.7	979.9	980.9		
437.3194	5.2256	979.8	979.9	980.9		
437.3527	5.2260	979.7	979.9	980.8		
437.3861	5.2273	979.7	979.9	980.9		
437.4194	5.2212	979.7	979.9	980.9		
437.4527	5.2382	979.7	980.0	981.0		
437.4861	5.2352	979.8	980.0	981.0		
437.5194	5.2378	979.8	979.9	980.9		
437.5527	5.2343	979.7	979.9	980.9		
437.5861	5.2356	979.7	979.9	980.9		
437.6194	5.2509	979.6	979.9	980.8		
437.6527	5.2483	979.7	979.9	980.9		
437.6861	5.2518	979.7	979.9	980.9		
437.7194	5.2544	979.8	979.9	980.9		
437.7527	5.2553	979.7	980.0	980.9		
437.7861	5.2575	979.7	979.9	980.9		
437.8194	5.2597	979.6	979.9	980.8		
437.8527	5.2579	979.7	979.9	980.8		
437.8861	5.2636	979.7	979.9	980.9		
437.9194	5.2645	979.8	979.9	980.9		
437.9527	5.2653	979.8	979.9	980.9		
437.9861	5.2715	979.7	979.9	980.9		
438.0194	5.2706	979.7	980.0	980.9		
438.0527	5.2680	979.7	979.9	980.9		
438.0861	5.2789	979.8	979.9	980.9		
438.1194	5.2789	979.7	979.9	980.9		
438.1527	5.2859	979.7	979.9	980.8		
438.1861	5.2885	979.7	979.9	980.9		
438.2194	5.2924	979.8	980.0	981.0		
438.2527	5.2986	979.7	979.9	980.9		
438.2861	5.2977	979.7	979.9	980.9		
438.3194	5.2990	979.8	980.0	981.0		
438.3527	5.2977	979.7	979.9	980.9		
438.3861	5.3016	979.7	979.9	980.9		
438.4194	5.2994	979.7	979.9	980.9		
438.4527	5.3112	979.7	979.8	980.9		
438.4861	5.3143	979.8	979.9	980.9		
438.5194	5.3126	979.9	980.0	981.0		
438.5527	5.3156	979.8	980.0	980.8		
438.5861	5.3156	979.7	979.9	981.0		
438.6194	5.3235	979.8	979.9	980.9		
438.6527	5.3257	979.8	980.0	980.9		
438.6861	5.3174	979.8	980.0	980.9		
438.7194	5.3265	979.8	980.0	980.9		
438.7527	5.3366	979.8	979.9	980.9		
438.7861	5.3296	979.7	979.9	980.9		
438.8194	5.3362	979.6	979.9	980.9		
438.8527	5.3432	979.7	979.9	980.9		
438.8861	5.3388	979.7	979.9	980.9		
438.9194	5.3436	979.7	979.9	980.9		
438.9527	5.3558	979.7	979.8	980.8		
438.9861	5.3453	979.7	979.9	980.9		
439.0194	5.3563	979.7	979.9	980.9		
439.0527	5.3510	979.7	979.9	980.9		
439.0861	5.3589	979.8	980.0	980.9		
439.1194	5.3580	979.7	979.9	980.8		
439.1527	5.3602	979.7	979.9	980.9		
439.1861	5.3685	979.7	979.9	980.8		
439.2194	5.3689	979.6	979.9	980.8		
439.2527	5.3685	979.8	979.9	980.8		
439.2861	5.3698	979.7	979.9	980.9		
439.3194	5.3803	979.8	979.9	980.9		
439.3527	5.3803	979.8	980.0	981.0		
439.3861	5.3860	979.7	979.9	980.9		
439.4194	5.3816	979.7	979.9	980.8		
439.4527	5.3947	979.6	979.9	980.9		
439.4861	5.3921	979.7	979.8	980.8		
439.5194	5.3930	979.6	979.9	980.8		
439.5527	5.3930	979.7	980.0	981.0		
439.5861	5.4009	979.7	980.0	980.9		
439.6194	5.4092	979.7	979.8	980.8		
439.6527	5.4109	979.7	979.9	980.9		
439.6861	5.4065	979.7	980.0	980.9		
439.7194	5.4009	979.7	979.9	980.9		
439.7527	5.4048	979.7	979.8	980.8		
439.7861	5.4140	979.6	979.9	980.9		
439.8194	5.4131	979.8	979.9	980.8		
439.8527	5.4113	979.8	980.0	980.9		
439.8861	5.4232	979.7	979.9	980.8		
439.9194	5.4245	979.7	979.9	980.8		
439.9527	5.4288	979.8	980.0	980.9		
439.9861	5.4323	979.7	979.9	980.8		
440.0194	5.4310	979.7	979.9	980.9		
440.0527	5.4358	979.8	979.9	980.9		
440.0861	5.4406	979.7	979.9	980.9		
440.1194	5.4424	979.8	979.9	980.9		
440.1527	5.4446	979.8	979.9	980.9		
440.1861	5.4546	979.7	979.9	980.8		
440.2194	5.4481	979.7	979.9	980.9		
440.2527	5.4577	979.7	979.9	980.9		
440.2861	5.4603	979.7	979.9	980.9		
440.3194	5.4677	979.7	979.9	980.8		
440.3527	5.4625	979.7	979.9	980.8		
440.3861	5.4704	979.7	979.9	980.9		
440.4194	5.4717	979.8	980.0	980.9		
440.4527	5.4774	979.8	979.9	980.9		
440.4861	5.4734	979.8	979.9	980.9		
440.5194	5.4765	979.8	979.9	980.9		
440.5527	5.4830	979.8	979.9	980.8		
440.5861	5.4852	979.7	979.9	980.8		
440.6194	5.4787	979.7	979.9	980.8		
440.6527	5.4913	979.7	979.9	980.8		
440.6861	5.4962	979.7	979.9	980.8		
440.7194	5.4957	979.8	979.9	980.9		
440.7527	5.4970	979.8	980.0	980.8		
440.7861	5.5093	979.7	979.9	980.8		
440.8194	5.4988	979.7	979.8	980.8		
440.8527	5.5080	979.7	979.9	980.9		
440.8861	5.5027	979.7	979.9	980.9		
440.9194	5.5036	979.8	979.9	980.9		
440.9527	5.5158	979.8	979.9	980.9		
440.9861	5.5171	979.7	979.9	980.8		
441.0194	5.5128	979.7	979.9	980.8		
441.0527	5.5180	979.7	979.9	980.8		
441.0861	5.5219	979.7	979.9	980.8		
441.1194	5.5215	979.7	979.9	980.9		
441.1527	5.5268	979.7	979.9	980.9		
441.1861	5.5316	979.7	979.9	980.9		
441.2194	5.5386	979.7	979.9	980.8		
441.2527	5.5407	979.8	980.0	980.9		
441.2861	5.5368	979.7	979.9	980.8		
441.3194	5.5490	979.7	979.9	980.9		
441.3527	5.5455	979.7	979.9	980.9		
441.3861	5.5482	979.7	979.9	980.9		
441.4194	5.5482	979.8	980.0	980.9		
441.4527	5.5464	979.8	979.9	980.9		
441.4861	5.5600	979.7	979.9	980.9		
441.5194	5.5595	979.7	979.9	980.8		
441.5527	5.5670	979.7	979.8	980.8		
441.5861	5.5713	979.7	979.8	980.8		
441.6194	5.5683	979.6	979.9	980.8		
441.6527	5.5692	979.7	979.9	980.8		
441.6861	5.5740	979.7	979.9	980.9		
441.7194	5.5735	979.7	979.9	980.9		
441.7527	5.5775	979.7	979.9	980.9		
441.7861	5.5919	979.7	979.9	980.8		
441.8194	5.5814	979.7	979.9	980.8		
441.8527	5.5901	979.7	979.9	980.8		
441.8861	5.5853	979.7	979.9	980.8		
441.9194	5.5958	979.8	979.9	980.9		
441.9527	5.5958	979.7	979.9	980.9		
441.9861	5.5949	979.8	980.0	980.9		
442.0194	5.6046	979.7	979.9	980.9		
442.0527	5.6085	979.8	979.9	980.9		
442.0861	5.6124	979.7	979.9	980.9		
442.1194	5.6129	979.8	979.9	980.8		
442.1527	5.6137	979.8	979.9	980.9		
442.1861	5.6190	979.7	979.9	980.8		
442.2194	5.6194	979.7	979.9	980.9		
442.2527	5.6159	979.8	979.9	980.9		
442.2861	5.6255	979.8	979.9	980.9		
442.3194	5.6190	979.7	979.9	980.9		
442.3527	5.6347	979.7	979.9	980.9		
442.3861	5.6387	979.7	979.9	980.9		
442.4194	5.6352	979.8	980.0	980.9		
442.4527	5.6387	979.7	979.9	980.8		
442.4861	5.6404	979.8	979.9	980.9		
442.5194	5.6408	979.8	979.9	980.8		
442.5527	5.6548	979.7	979.9	980.9		
442.5861	5.6592	979.7	979.9	980.8		
442.6194	5.6522	979.7	980.0	980.9		
442.6527	5.6618	979.8	980.0	981.0		
442.6861	5.6575	979.8	979.9	981.0		
442.7194	5.6579	979.7	979.9	980.9		
442.7527	5.6710	979.7	979.9	980.9		
442.7861	5.6745	979.7	979.9	980.8		
442.8194	5.6784	979.8	980.0	980.9		
442.8527	5.6754	979.8	980.0	980.9		
442.8861	5.6741	979.7	979.9	980.9		
442.9194	5.6815	979.7	979.9	980.9		
442.9527	5.6929	979.6	979.9	980.8		
442.9861	5.6872	979.6	979.8	980.8		
443.0194	5.6911	979.7	979.9	980.9		
443.0527	5.6916	979.7	979.9	980.9		
443.0861	5.6990	979.7	979.9	980.9		
443.1194	5.7025	979.8	979.9	980.8		
443.1527	5.7095	979.9	980.0	980.9		
443.1861	5.7082	979.7	979.9	980.9		
443.2194	5.7095	979.7	979.9	980.9		
443.2527	5.7125	979.7	979.9	980.8		
443.2861	5.7204	979.9	980.0	981.0		
443.3194	5.7195	979.9	980.0	980.9		
443.3527	5.7274	979.8	979.9	980.9		
443.3861	5.7318	979.8	980.0	981.0		
443.4194	5.7309	979.8	979.9	980.9		
443.4527	5.7340	979.8	980.0	980.9		
443.4861	5.7375	979.7	979.9	980.9		
443.5194	5.7484	979.7	979.9	980.9		
443.5527	5.7388	979.8	979.9	980.8		
443.5861	5.7427	979.8	979.9	980.9		
443.6194	5.7410	979.8	979.9	980.9		
443.6527	5.7475	979.8	980.0	980.9		
443.6861	5.7536	979.8	980.0	980.9		
443.7194	5.7571	979.7	979.9	980.9		
443.7527	5.7606	979.7	979.9	980.9		
443.7861	5.7711	979.8	979.9	980.9		
443.8194	5.7641	979.7	979.9	980.9		
443.8527	5.7759	979.7	979.9	980.9		
443.8861	5.7737	979.8	979.9	980.9		
443.9194	5.7764	979.7	979.9	980.9		
443.9527	5.7886	979.7	979.9	980.8		
443.9861	5.7772	979.6	979.8	980.9		
444.0194	5.7851	979.6	979.8	980.8		
444.0527	5.7860	979.7	979.9	980.9		
444.0861	5.7873	979.8	979.9	980.9		
444.1194	5.7921	979.8	980.0	980.9		
444.1527	5.7952	979.8	980.0	980.9		
444.1861	5.7987	979.8	979.9	980.8		
444.2194	5.7987	979.7	979.9	980.8		
444.2527	5.8008	979.7	979.9	980.9		
444.2861	5.8105	979.7	979.9	980.8		
444.3194	5.8170	979.7	979.8	980.9		
444.3527	5.8161	979.7	979.9	980.9		
444.3861	5.8126	979.7	980.0	980.9		
444.4194	5.8271	979.7	979.9	980.8		
444.4527	5.8231	979.8	979.9	980.9		
444.4861	5.8236	979.8	979.9	980.8		
444.5194	5.8244	979.8	979.9	980.8		
444.5527	5.8336	979.8	979.9	980.9		
444.5861	5.8323	979.8	979.9	980.9		
444.6194	5.8406	979.8	979.9	980.9		
444.6527	5.8419	979.8	979.9	980.9		
444.6861	5.8533	979.7	979.9	980.9		
444.7194	5.8498	979.8	980.0	981.0		
444.7527	5.8550	979.8	979.9	980.8		
444.7861	5.8529	979.7	979.9	980.9		
444.8194	5.8634	979.8	979.9	980.9		
444.8527	5.8590	979.7	979.9	980.9		
444.8861	5.8651	979.8	980.0	980.9		
444.9194	5.8642	979.7	979.9	980.8		
444.9527	5.8769	979.7	979.9	980.8		
444.9861	5.8782	979.7	979.9	980.8		
445.0194	5.8787	979.7	979.9	980.9		
445.0527	5.8883	979.8	979.9	980.9		
445.0861	5.8957	979.7	980.0	980.9		
445.1194	5.8878	979.7	979.9	980.8		
445.1527	5.8953	979.8	980.0	980.9		
445.1861	5.8988	979.8	980.0	981.0		
445.2194	5.9005	979.9	979.9	980.9		
445.2527	5.8944	979.8	980.0	981.0		
445.2861	5.9023	979.7	979.9	980.9		
445.3194	5.9044	979.8	979.9	980.9		
445.3527	5.9053	979.8	979.9	980.9		
445.3861	5.9136	979.6	979.8	980.7		
445.4194	5.9141	979.8	979.9	980.9		
445.4527	5.9215	979.8	979.9	980.9		
445.4861	5.9259	979.8	979.9	980.9		
445.5194	5.9320	979.9	980.0	980.8		
445.5527	5.9320	979.7	979.9	980.9		
445.5861	5.9320	979.8	980.0	980.9		
445.6194	5.9368	979.7	979.8	980.8		
445.6527	5.9324	979.7	979.8	980.8		
445.6861	5.9473	979.7	979.9	980.8		
445.7194	5.9565	979.8	979.9	980.9		
445.7527	5.9495	979.8	979.9	980.8		
445.7861	5.9495	979.7	979.9	980.8		
445.8194	5.9473	979.8	979.9	980.8		
445.8527	5.9565	979.7	979.9	980.8		
445.8861	5.9635	979.8	979.9	980.9		
445.9194	5.9678	979.8	980.0	980.9		
445.9527	5.9674	979.7	979.9	980.9		
445.9861	5.9744	979.8	979.9	980.9		
446.0194	5.9739	979.8	979.9	980.9		
446.0527	5.9801	979.8	979.9	980.9		
446.0861	5.9840	979.8	979.9	980.9		
446.1194	5.9827	979.8	979.9	980.9		
446.1527	5.9906	979.7	979.9	980.8		
446.1861	5.9879	979.7	979.9	980.9		
446.2194	5.9906	979.8	980.0	981.0		
446.2527	5.9993	979.8	980.0	981.0		
446.2861	6.0006	979.8	979.9	980.9		
446.3194	6.0085	979.8	979.9	980.9		
446.3527	6.0063	979.8	979.9	980.8		
446.3861	6.0107	979.7	979.8	980.9		
446.4194	6.0159	979.8	980.0	981.0		
446.4527	6.0207	979.7	979.9	980.9		
446.4861	6.0295	979.8	979.9	980.9		
446.5194	6.0295	979.7	979.8	980.8		
446.5527	6.0255	979.8	979.9	980.9		
446.5861	6.0268	979.7	979.9	980.8		
446.6194	6.0343	979.8	979.9	980.9		
446.6527	6.0421	979.9	980.0	980.9		
446.6861	6.0421	979.8	979.9	980.9		
446.7194	6.0413	979.9	979.9	981.0		
446.7527	6.0518	979.9	979.9	980.9		
446.7861	6.0496	979.8	979.9	980.9		
446.8194	6.0561	979.8	979.9	980.8		
446.8527	6.0570	979.8	979.9	980.8		
446.8861	6.0574	979.8	979.9	980.8		
446.9194	6.0692	979.8	979.9	980.8		
446.9527	6.0723	979.7	979.9	980.8		
446.9861	6.0745	979.9	980.3	981.4		
447.0194	6.0771	979.7	980.0	981.1		
447.0527	6.0810	979.8	980.0	981.1		
447.0861	6.0815	979.8	980.0	981.0		
447.1194	6.0876	979.7	979.9	980.9		
447.1527	6.0928	979.9	980.0	980.8		
447.1861	6.0845	979.8	979.9	980.9		
447.2194	6.0907	979.8	979.9	980.8		
447.2527	6.1020	979.8	979.9	980.9		
447.2861	6.0994	979.8	979.9	980.9		
447.3194	6.1077	979.7	979.8	980.8		
447.3527	6.1116	979.8	979.9	980.7		
447.3861	6.1121	979.8	980.0	980.9		
447.4194	6.1200	979.8	979.9	980.8		
447.4527	6.1151	979.9	979.9	980.9		
447.4861	6.1200	979.9	979.9	980.9		
447.5194	6.1200	979.8	980.0	980.9		
447.5527	6.1269	979.8	980.0	980.9		
447.5861	6.1322	979.8	979.9	980.9		
447.6194	6.1374	979.8	979.9	980.9		
447.6527	6.1418	979.8	979.9	980.8		
447.6861	6.1466	979.8	979.9	980.8		
447.7194	6.1444	979.7	979.9	980.9		
447.7527	6.1540	979.9	980.0	981.0		
447.7861	6.1536	979.9	980.0	980.9		
447.8194	6.1527	979.8	979.9	980.9		
447.8527	6.1637	979.8	979.9	980.8		
447.8861	6.1593	979.7	979.9	980.8		
447.9194	6.1650	979.8	979.9	980.9		
447.9527	6.1803	979.7	979.9	980.9		
447.9861	6.1777	979.8	979.9	980.8		
448.0194	6.1715	979.8	980.0	980.9		
448.0527	6.1886	979.7	979.9	980.9		
448.0861	6.1890	979.8	979.8	980.8		
448.1194	6.1851	979.8	979.9	980.9		
448.1527	6.1895	979.8	979.9	980.9		
448.1861	6.1986	979.9	979.9	980.9		
448.2194	6.2048	979.8	979.9	980.8		
448.2527	6.2061	979.8	980.0	980.9		
448.2861	6.2091	979.7	979.9	980.8		
448.3194	6.2026	979.8	979.9	980.9		
448.3527	6.2183	979.8	979.9	980.9		
448.3861	6.2152	979.7	979.9	980.8		
448.4194	6.2288	979.7	979.9	980.9		
448.4527	6.2236	979.8	979.9	980.9		
448.4861	6.2327	979.9	980.0	981.0		
448.5194	6.2271	979.8	980.0	981.0		
448.5527	6.2410	979.8	980.0	981.0		
448.5861	6.2375	979.9	980.0	981.0		
448.6194	6.2375	979.9	979.9	981.0		
448.6527	6.2467	979.8	979.9	980.8		
448.6861	6.2515	979.8	979.9	980.9		
448.7194	6.2607	979.8	979.9	980.9		
448.7527	6.2594	979.8	979.9	980.9		
448.7861	6.2695	979.8	979.9	980.9		
448.8194	6.2598	979.8	979.9	980.8		
448.8527	6.2673	979.7	979.8	980.8		
448.8861	6.2642	980.0	980.0	981.0		
448.9194	6.2743	979.8	979.9	980.9		
448.9527	6.2773	979.9	980.0	980.9		
448.9861	6.2782	979.8	979.9	980.9		
449.0194	6.2852	979.9	980.0	981.0		
449.0527	6.2917	979.8	980.0	980.9		
449.0861	6.2996	979.8	979.9	980.8		
449.1194	6.2922	979.7	979.9	980.8		
449.1527	6.2996	979.9	980.0	980.8		
449.1861	6.3031	979.9	980.0	980.9		
449.2194	6.3044	979.9	980.0	980.9		
449.2527	6.3136	979.8	980.0	980.9		
449.2861	6.3162	979.8	979.9	980.9		
449.3194	6.3250	979.7	979.9	980.9		
449.3527	6.3171	979.8	979.9	980.9		
449.3861	6.3272	979.8	979.9	980.9		
449.4194	6.3298	979.8	979.9	980.9		
449.4527	6.3289	979.8	979.9	980.9		
449.4861	6.3372	979.9	979.9	980.9		
449.5194	6.3521	979.8	979.9	980.9		
449.5527	6.3394	979.8	979.9	980.9		
449.5861	6.3411	979.8	979.9	980.9		
449.6194	6.3490	979.9	979.9	980.8		
449.6527	6.3617	979.9	980.1	981.0		
449.6861	6.3529	979.8	979.9	980.9		
449.7194	6.3595	979.8	980.0	980.9		
449.7527	6.3639	979.9	979.9	980.9		
449.7861	6.3709	979.9	979.9	980.8		
449.8194	6.3748	979.9	979.9	980.8		
449.8527	6.3739	979.8	980.0	980.8		
449.8861	6.3879	979.9	980.0	980.9		
449.9194	6.3866	979.8	980.0	980.9		
449.9527	6.3975	979.8	979.9	980.9		
449.9861	6.3888	979.9	980.0	980.9		
450.0194	6.3967	979.9	980.0	981.1		
450.0527	6.4045	979.8	980.0	980.9		
450.0861	6.4015	979.8	980.0	980.9		
450.1194	6.4085	979.8	979.9	980.9		
450.1527	6.4093	979.8	979.9	980.8		
450.1861	6.4155	979.9	979.9	980.9		
450.2194	6.4233	979.9	979.9	980.9		
450.2527	6.4194	979.9	979.9	980.9		
450.2861	6.4277	979.8	979.9	980.9		
450.3194	6.4325	979.8	980.0	981.0		
450.3527	6.4360	979.8	979.9	980.8		
450.3861	6.4399	979.9	979.9	980.9		
450.4194	6.4439	979.8	980.0	980.9		
450.4527	6.4544	979.9	980.0	981.0		
450.4861	6.4509	979.8	979.9	980.9		
450.5194	6.4614	979.8	979.9	981.0		
450.5527	6.4522	979.8	979.9	980.9		
450.5861	6.4649	979.8	979.9	980.9		
450.6194	6.4657	979.8	979.9	980.9		
450.6527	6.4705	979.8	979.9	980.9		
450.6861	6.4718	979.8	980.0	981.0		
450.7194	6.4780	979.9	980.0	981.0		
450.7527	6.4885	979.8	979.9	980.9		
450.7861	6.4933	979.9	979.9	980.8		
450.8194	6.4889	979.9	979.9	981.0		
450.8527	6.5038	979.8	979.9	980.9		
450.8861	6.5024	979.9	979.9	980.9		
450.9194	6.5108	979.9	980.0	980.9		
450.9527	6.5016	979.8	980.0	981.0		
450.9861	6.5064	979.8	979.9	980.9		
451.0194	6.5217	979.8	979.9	980.9		
451.0527	6.5182	979.8	979.9	980.9		
451.0861	6.5230	979.9	980.0	981.1		
451.1194	6.5282	979.8	979.9	980.9		
451.1527	6.5322	979.9	979.9	980.9		
451.1861	6.5313	979.8	979.8	980.9		
451.2194	6.5330	979.8	979.9	980.9		
451.2527	6.5387	979.8	979.9	980.8		
451.2861	6.5453	979.9	979.9	981.0		
451.3194	6.5405	979.9	980.0	980.9		
451.3527	6.5501	979.9	979.9	980.9		
451.3861	6.5584	979.8	979.9	980.9		
451.4194	6.5584	979.9	980.0	981.0		
451.4527	6.5636	979.8	979.9	980.9		
451.4861	6.5733	979.7	979.9	980.9		
451.5194	6.5693	979.8	979.9	980.8		
451.5527	6.5663	979.8	979.9	980.8		
451.5861	6.5811	979.8	979.9	981.0		
451.6194	6.5803	979.8	980.0	980.9		
451.6527	6.5912	979.8	980.0	980.9		
451.6861	6.5921	979.9	980.0	981.0		
451.7194	6.5947	979.9	980.0	981.0		
451.7527	6.5969	979.9	980.0	981.0		
451.7861	6.6148	979.9	980.0	981.0		
451.8194	6.6034	979.9	980.0	980.9		
451.8527	6.6095	979.9	979.9	980.9		
451.8861	6.6095	979.9	979.9	980.9		
451.9194	6.6179	979.9	979.9	980.9		
451.9527	6.6253	979.9	980.0	980.9		
451.9861	6.6248	979.9	979.9	980.9		
452.0194	6.6305	979.8	979.9	980.9		
452.0527	6.6262	979.8	979.9	980.9		
452.0861	6.6410	979.9	980.0	980.9		
452.1194	6.6419	979.9	979.9	980.9		
452.1527	6.6454	979.9	979.9	980.8		
452.1861	6.6502	979.8	979.9	980.9		
452.2194	6.6659	979.9	980.0	980.9		
452.2527	6.6642	979.9	980.0	980.9		
452.2861	6.6611	979.8	980.0	980.9		
452.3194	6.6594	979.8	980.0	981.0		
452.3527	6.6668	979.8	979.9	980.9		
452.3861	6.6769	979.9	979.9	980.9		
452.4194	6.6839	979.9	979.9	980.9		
452.4527	6.6900	979.9	979.9	980.9		
452.4861	6.6922	979.8	979.9	980.8		
452.5194	6.6922	979.9	980.1	981.0		
452.5527	6.6926	979.8	980.0	980.9		
452.5861	6.7000	979.9	979.9	980.9		
452.6194	6.7083	979.9	979.9	981.0		
452.6527	6.7110	980.0	980.0	981.1		
452.6861	6.7075	980.0	980.0	981.0		
452.7194	6.7166	979.9	980.0	981.0		
452.7527	6.7197	979.9	979.9	980.9		
452.7861	6.7223	979.8	979.9	980.9		
452.8194	6.7289	979.8	979.9	980.9		
452.8527	6.7302	979.9	979.9	980.9		
452.8861	6.7407	979.9	980.0	980.9		
452.9194	6.7403	980.2	980.1	980.9		
452.9527	6.7486	980.0	980.0	980.9		
452.9861	6.7512	980.0	979.9	980.8		
453.0194	6.7551	979.9	979.9	980.8		
453.0527	6.7621	979.9	979.9	980.9		
453.0861	6.7674	979.8	979.9	980.9		
453.1194	6.7652	979.9	979.9	980.9		
453.1527	6.7787	979.9	980.0	980.9		
453.1861	6.7835	979.9	979.9	980.8		
453.2194	6.7761	979.8	979.9	980.9		
453.2527	6.7805	980.0	979.9	980.8		
453.2861	6.7862	979.9	980.0	980.9		
453.3194	6.7923	979.9	979.9	980.8		
453.3527	6.7958	979.8	980.0	981.0		
453.3861	6.8001	979.9	979.9	980.9		
453.4194	6.7962	979.9	979.9	980.9		
453.4527	6.8124	979.9	979.9	980.8		
453.4861	6.8154	979.9	980.0	981.0		
453.5194	6.8211	980.0	979.9	980.8		
453.5527	6.8246	980.0	980.0	980.9		
453.5861	6.8251	979.8	979.9	980.7		
453.6194	6.8351	979.9	979.9	980.9		
453.6527	6.8355	979.9	980.0	980.9		
453.6861	6.8355	979.9	980.0	980.9		
453.7194	6.8439	979.9	979.9	980.9		
453.7527	6.8478	979.9	979.9	980.9		
453.7861	6.8508	979.8	979.9	980.8		
453.8194	6.8482	979.8	979.9	980.8		
453.8527	6.8666	980.0	980.0	980.8		
453.8861	6.8679	979.8	979.8	980.8		
453.9194	6.8692	979.9	979.9	980.8		
453.9527	6.8771	979.8	980.0	980.8		
453.9861	6.8810	979.9	980.0	980.9		
454.0194	6.8871	980.0	980.0	980.9		
454.0527	6.8954	980.0	980.0	980.9		
454.0861	6.8946	980.0	980.0	981.0		
454.1194	6.9020	979.9	980.0	981.0		
454.1527	6.9016	979.9	980.0	980.9		
454.1861	6.9068	979.9	980.0	981.0		
454.2194	6.9099	980.0	980.0	980.9		
454.2527	6.9134	979.9	980.0	980.9		
454.2861	6.9169	979.9	980.0	980.9		
454.3194	6.9225	980.0	979.9	980.9		
454.3527	6.9304	980.0	980.0	980.9		
454.3861	6.9252	979.9	980.0	980.8		
454.4194	6.9291	979.9	980.0	980.9		
454.4527	6.9413	979.9	980.0	980.9		
454.4861	6.9488	979.9	979.9	980.9		
454.5194	6.9470	980.0	980.0	980.9		
454.5527	6.9457	980.0	980.0	981.0		
454.5861	6.9601	980.0	980.0	980.9		
454.6194	6.9545	979.9	979.9	980.9		
454.6527	6.9619	980.0	980.0	981.0		
454.6861	6.9693	979.9	980.0	981.0		
454.7194	6.9724	980.0	980.0	980.9		
454.7527	6.9763	979.9	980.0	980.9		
454.7861	6.9855	979.9	979.9	980.8		
454.8194	6.9877	980.0	980.0	980.9		
454.8527	6.9864	980.0	979.9	980.9		
454.8861	6.9960	979.9	980.0	980.9		
454.9194	6.9973	979.9	980.0	980.9		
454.9527	7.0117	979.8	979.9	980.9		
454.9861	7.0152	979.9	979.9	980.9		
455.0194	7.0126	979.8	979.8	980.8		
455.0527	7.0222	979.9	979.9	980.9		
455.0861	7.0279	979.8	979.9	980.8		
455.1194	7.0240	980.0	980.0	980.9		
455.1527	7.0309	979.9	979.9	980.8		
455.1861	7.0401	980.0	980.0	980.8		
455.2194	7.0441	980.0	980.0	980.9		
455.2527	7.0432	979.9	980.0	980.9		
455.2861	7.0563	979.8	979.9	980.8		
455.3194	7.0550	979.9	980.0	981.0		
455.3527	7.0690	980.0	980.0	980.9		
455.3861	7.0716	980.0	980.0	980.9		
455.4194	7.0799	980.0	980.0	980.9		
455.4527	7.0755	980.0	980.0	981.0		
455.4861	7.0895	979.9	980.0	980.9		
455.5194	7.0830	979.9	979.9	980.9		
455.5527	7.0869	979.9	980.0	980.9		
455.5861	7.0987	980.0	980.0	981.0		
455.6194	7.0917	980.0	980.0	980.9		
455.6527	7.0996	979.9	979.9	980.8		
455.6861	7.1114	980.0	980.0	980.9		
455.7194	7.1048	980.0	980.0	980.8		
455.7527	7.1227	980.0	980.1	981.0		
455.7861	7.1197	980.0	980.0	980.9		
455.8194	7.1293	979.9	979.9	980.8		
455.8527	7.1337	979.9	980.0	980.9		
455.8861	7.1359	980.0	980.0	980.9		
455.9194	7.1415	980.0	980.0	980.9		
455.9527	7.1407	980.0	980.0	981.0		
455.9861	7.1547	980.0	980.0	980.9		
456.0194	7.1599	980.0	980.0	981.0		
456.0527	7.1634	979.9	980.0	980.9		
456.0861	7.1730	980.0	980.0	980.8		
456.1194	7.1686	980.0	980.0	980.9		
456.1527	7.1844	979.9	979.9	980.8		
456.1861	7.1761	979.9	980.0	980.9		
456.2194	7.1857	980.0	980.0	980.9		
456.2527	7.1892	979.9	980.0	980.8		
456.2861	7.1975	979.9	980.0	980.9		
456.3194	7.1940	979.9	979.9	980.8		
456.3527	7.2019	980.1	980.0	980.9		
456.3861	7.2049	980.0	980.1	980.9		
456.4194	7.2089	980.0	980.0	980.9		
456.4527	7.2220	980.0	980.0	980.9		
456.4861	7.2159	980.0	980.1	981.1		
456.5194	7.2194	979.9	980.0	980.9		
456.5527	7.2333	979.9	980.0	980.9		
456.5861	7.2312	979.9	980.0	980.8		
456.6194	7.2373	979.9	980.0	980.9		
456.6527	7.2486	980.1	980.1	981.0		
456.6861	7.2434	980.0	980.0	980.9		
456.7194	7.2478	980.0	980.0	980.9		
456.7527	7.2556	980.0	979.9	980.8		
456.7861	7.2679	980.0	980.0	980.8		
456.8194	7.2648	980.0	980.0	980.8		
456.8527	7.2779	980.0	980.1	980.9		
456.8861	7.2867	979.9	980.0	980.8		
456.9194	7.2932	980.0	980.0	980.9		
456.9527	7.2819	979.9	980.0	980.9		
456.9861	7.2954	980.0	980.0	980.9		
457.0194	7.3020	980.0	980.0	980.9		
457.0527	7.3024	980.0	980.0	980.9		
457.0861	7.3094	980.0	980.0	980.8		
457.1194	7.3072	980.0	979.9	980.9		
457.1527	7.3234	980.0	980.0	980.9		
457.1861	7.3190	980.0	980.0	980.9		
457.2194	7.3273	980.0	980.0	980.8		
457.2527	7.3352	979.9	980.0	980.8		
457.2861	7.3404	980.0	980.0	980.9		
457.3194	7.3426	980.0	980.0	980.9		
457.3527	7.3466	980.0	979.9	980.8		
457.3861	7.3492	980.0	980.0	981.0		
457.4194	7.3654	980.0	980.0	980.9		
457.4527	7.3671	980.1	980.1	981.0		
457.4861	7.3671	980.0	979.9	980.8		
457.5194	7.3807	980.0	980.0	981.0		
457.5527	7.3772	979.9	980.0	980.9		
457.5861	7.3846	980.0	980.0	980.9		
457.6194	7.3898	980.0	980.0	980.8		
457.6527	7.3929	980.0	980.0	980.9		
457.6861	7.4060	980.0	980.0	980.9		
457.7194	7.3960	979.9	980.0	980.8		
457.7527	7.4148	979.9	979.9	980.8		
457.7861	7.4169	979.9	980.1	980.9		
457.8194	7.4231	979.9	980.0	980.9		
457.8527	7.4209	980.0	980.0	980.9		
457.8861	7.4261	980.0	980.0	981.0		
457.9194	7.4274	980.0	980.0	980.9		
457.9527	7.4379	980.1	980.0	980.8		
457.9861	7.4502	980.0	980.0	980.8		
458.0194	7.4532	980.0	980.0	980.8		
458.0527	7.4554	980.0	980.1	981.0		
458.0861	7.4580	980.0	980.0	980.9		
458.1194	7.4620	979.9	980.0	980.9		
458.1527	7.4663	980.0	980.0	980.9		
458.1861	7.4751	980.0	980.0	981.0		
458.2194	7.4825	980.0	980.0	980.9		
458.2527	7.4908	979.9	980.0	980.9		
458.2861	7.4856	980.0	980.0	981.0		
458.3194	7.4987	979.9	980.0	980.8		
458.3527	7.5066	980.0	980.0	980.9		
458.3861	7.5022	980.1	980.1	981.0		
458.4194	7.5087	980.0	980.0	980.8		
458.4527	7.5144	980.0	980.0	980.9		
458.4861	7.5280	980.0	980.0	980.9		
458.5194	7.5372	980.0	980.0	980.9		
458.5527	7.5372	980.0	980.0	980.9		
458.5861	7.5341	980.0	980.0	980.9		
458.6194	7.5328	980.1	980.1	980.9		
458.6527	7.5481	980.0	980.0	980.9		
458.6861	7.5533	980.0	980.0	980.9		
458.7194	7.5542	980.1	980.0	980.9		
458.7527	7.5664	980.1	980.1	980.9		
458.7861	7.5739	980.0	980.1	980.9		
458.8194	7.5765	980.0	980.0	980.9		
458.8527	7.5787	980.0	980.0	980.9		
458.8861	7.5852	979.9	980.0	980.9		
458.9194	7.5909	980.1	980.1	980.9		
458.9527	7.5957	980.0	980.0	980.9		
458.9861	7.6054	980.0	980.0	980.8		
459.0194	7.6080	980.0	980.0	980.9		
459.0527	7.6150	980.0	980.0	980.9		
459.0861	7.6167	980.1	980.1	981.0		
459.1194	7.6246	980.1	980.0	981.0		
459.1527	7.6303	980.0	980.0	981.0		
459.1861	7.6285	980.0	980.0	980.9		
459.2194	7.6482	980.0	980.0	980.9		
459.2527	7.6469	980.0	980.0	980.9		
459.2861	7.6574	980.1	980.0	980.9		
459.3194	7.6578	980.1	980.1	981.0		
459.3527	7.6578	980.0	980.0	980.8		
459.3861	7.6727	980.1	980.1	981.0		
459.4194	7.6670	980.1	980.0	980.9		
459.4527	7.6727	980.0	980.0	980.9		
459.4861	7.6775	980.1	980.0	980.9		
459.5194	7.6897	980.1	980.0	980.9		
459.5527	7.6893	980.0	980.0	980.8		
459.5861	7.6985	980.0	980.0	980.9		
459.6194	7.6993	980.1	980.0	980.9		
459.6527	7.7046	980.0	980.1	981.0		
459.6861	7.7177	980.2	980.2	981.0		
459.7194	7.7243	980.0	980.0	980.8		
459.7527	7.7343	980.0	980.0	981.0		
459.7861	7.7361	979.9	980.0	980.8		
459.8194	7.7334	980.0	980.0	980.9		
459.8527	7.7413	979.9	980.0	980.9		
459.8861	7.7461	980.0	980.1	981.0		
459.9194	7.7636	980.0	980.1	981.0		
459.9527	7.7662	980.0	980.1	980.9		
459.9861	7.7723	979.9	980.0	980.8		
460.0194	7.7745	980.0	980.0	980.8		
460.0527	7.7793	980.0	980.1	981.0		
460.0861	7.7889	979.9	980.0	980.9		
460.1194	7.7907	980.0	980.0	980.8		
460.1527	7.7933	979.9	980.0	980.9		
460.1861	7.7973	980.0	980.0	980.9		
460.2194	7.8139	980.0	980.0	980.9		
460.2527	7.8082	980.0	980.0	980.9		
460.2861	7.8226	980.0	980.0	980.9		
460.3194	7.8287	979.9	980.0	980.8		
460.3527	7.8283	979.9	980.0	980.9		
460.3861	7.8375	980.0	979.9	980.8		
460.4194	7.8397	980.0	980.0	980.9		
460.4527	7.8493	980.0	980.0	981.0		
460.4861	7.8545	980.0	980.0	980.8		
460.5194	7.8602	979.9	980.0	980.9		
460.5527	7.8620	979.9	980.0	980.8		
460.5861	7.8729	979.9	980.0	980.8		
460.6194	7.8738	979.9	980.0	980.8		
460.6527	7.8799	980.0	980.1	980.9		
460.6861	7.8926	980.0	980.0	980.9		
460.7194	7.9017	979.9	980.0	980.8		
460.7527	7.9035	979.9	980.0	980.9		
460.7861	7.9087	980.0	980.0	980.9		
460.8194	7.9135	979.9	980.0	980.9		
460.8527	7.9022	980.0	980.0	981.0		
460.8861	7.9188	979.9	979.9	980.8		
460.9194	7.9249	980.0	980.0	980.8		
460.9527	7.9328	980.0	980.0	980.9		
460.9861	7.9315	980.0	980.1	980.9		
461.0194	7.9511	980.0	980.0	980.9		
461.0527	7.9529	980.0	980.0	980.9		
461.0861	7.9660	980.0	980.0	980.8		
461.1194	7.9673	980.0	979.9	980.9		
461.1527	7.9677	979.9	980.0	980.8		
461.1861	7.9760	980.0	980.0	980.9		
461.2194	7.9813	980.0	980.0	980.9		
461.2527	7.9883	980.0	980.0	980.9		
461.2861	7.9883	980.0	980.0	980.8		
461.3194	7.9966	979.9	979.9	980.8		
461.3527	8.0158	979.9	980.0	980.8		
461.3861	8.0066	980.0	980.0	980.8		
461.4194	8.0141	980.0	979.9	980.8		
461.4527	8.0298	980.1	980.0	980.8		
461.4861	8.0289	980.0	980.0	980.9		
461.5194	8.0307	980.0	980.0	980.8		
461.5527	8.0416	979.9	979.9	980.8		
461.5861	8.0530	980.0	980.0	980.9		
461.6194	8.0469	980.0	980.0	980.8		
461.6527	8.0574	980.0	980.0	980.9		
461.6861	8.0600	980.0	980.0	980.8		
461.7194	8.0674	980.0	980.0	980.9		
461.7527	8.0871	980.0	980.0	980.8		
461.7861	8.0836	980.1	980.1	981.0		
461.8194	8.0893	980.0	980.0	980.9		
461.8527	8.0923	980.0	980.0	980.9		
461.8861	8.1037	980.0	979.9	980.8		
461.9194	8.1102	980.0	980.0	980.8		
461.9527	8.1098	979.9	979.9	980.8		
461.9861	8.1234	980.0	979.9	980.8		
462.0194	8.1234	979.9	979.9	980.8		
462.0527	8.1321	979.9	979.9	980.7		
462.0861	8.1500	979.9	979.9	980.8		
462.1194	8.1487	980.0	980.1	980.8		
462.1527	8.1522	980.0	980.0	980.8		
462.1861	8.1535	980.1	980.0	980.9		
462.2194	8.1688	980.0	980.0	980.8		
462.2527	8.1745	980.1	980.0	980.9		
462.2861	8.1837	980.0	980.0	980.9		
462.3194	8.1811	980.1	980.0	980.9		
462.3527	8.1846	980.0	980.0	980.9		
462.3861	8.1955	980.1	980.0	980.9		
462.4194	8.1968	980.0	980.0	980.9		
462.4527	8.1994	980.1	980.0	980.9		
462.4861	8.2265	980.0	980.0	980.8		
462.5194	8.2270	980.1	980.0	980.8		
462.5527	8.2335	980.0	980.0	980.8		
462.5861	8.2318	980.0	980.0	980.8		
462.6194	8.2396	980.0	980.0	980.9		
462.6527	8.2444	980.0	979.9	980.8		
462.6861	8.2466	980.0	979.9	980.8		
462.7194	8.2628	980.0	979.9	980.8		
462.7527	8.2628	980.0	980.0	980.9		
462.7861	8.2755	980.0	980.0	980.9		
462.8194	8.2781	980.0	979.9	980.8		
462.8527	8.2864	980.0	980.0	980.9		
462.8861	8.3035	980.1	980.0	980.8		
462.9194	8.2965	980.0	980.0	980.9		
462.9527	8.3109	980.0	980.0	980.8		
462.9861	8.3153	980.1	980.0	980.9		
463.0194	8.3192	980.0	980.0	980.9		
463.0527	8.3227	980.0	980.0	980.8		
463.0861	8.3332	980.1	980.1	980.9		
463.1194	8.3367	980.2	980.1	980.9		
463.1527	8.3463	980.1	980.0	980.9		
463.1861	8.3437	980.1	980.1	980.9		
463.2194	8.3572	980.1	980.0	980.9		
463.2527	8.3668	980.0	980.0	980.9		
463.2861	8.3778	980.0	980.0	980.8		
463.3194	8.3708	980.1	980.0	980.8		
463.3527	8.3813	980.1	980.0	980.9		
463.3861	8.3856	980.1	980.0	980.9		
463.4194	8.3935	980.1	980.0	980.9		
463.4527	8.3957	980.1	980.0	980.8		
463.4861	8.4202	980.1	980.0	980.8		
463.5194	8.4092	980.0	979.9	980.8		
463.5527	8.4280	980.0	980.0	980.8		
463.5861	8.4232	980.0	980.0	980.8		
463.6194	8.4324	980.0	979.9	980.8		
463.6527	8.4447	980.0	980.0	980.9		
463.6861	8.4543	980.1	980.0	980.9		
463.7194	8.4613	980.1	980.0	980.8		
463.7527	8.4722	980.1	980.0	980.8		
463.7861	8.4591	980.1	980.0	980.9		
463.8194	8.4783	980.1	980.0	980.8		
463.8527	8.4910	980.0	979.9	980.9		
463.8861	8.4980	980.0	979.9	980.8		
463.9194	8.4958	980.1	980.0	980.9		
463.9527	8.5146	980.0	980.0	980.8		
463.9861	8.5129	980.0	980.0	980.8		
464.0194	8.5172	980.1	980.1	981.1		
464.0527	8.5207	980.1	980.0	980.9		
464.0861	8.5277	980.0	980.0	980.9		
464.1194	8.5316	980.1	980.0	980.8		
464.1527	8.5435	980.1	980.1	981.0		
464.1861	8.5509	980.1	980.0	980.9		
464.2194	8.5553	980.0	980.0	980.9		
464.2527	8.5631	980.0	980.0	980.8		
464.2861	8.5741	980.0	980.0	980.8		
464.3194	8.5775	980.0	980.0	980.9		
464.3527	8.5876	980.0	980.0	980.8		
464.3861	8.5933	980.1	980.0	980.9		
464.4194	8.6112	980.0	980.0	980.7		
464.4527	8.6025	980.1	980.1	980.9		
464.4861	8.6173	980.0	980.0	980.8		
464.5194	8.6274	980.1	980.0	980.8		
464.5527	8.6309	980.1	980.1	981.0		
464.5861	8.6344	980.1	980.1	980.9		
464.6194	8.6409	980.1	980.1	980.9		
464.6527	8.6536	980.1	980.0	980.8		
464.6861	8.6532	980.1	980.0	980.8		
464.7194	8.6637	980.1	980.0	980.8		
464.7527	8.6685	980.1	980.0	980.8		
464.7861	8.6750	980.0	980.0	980.8		
464.8194	8.6846	980.1	980.0	980.8		
464.8527	8.6925	980.1	980.0	980.8		
464.8861	8.7043	980.1	980.0	980.8		
464.9194	8.7043	980.1	980.0	980.9		
464.9527	8.7135	980.1	980.0	980.8		
464.9861	8.7284	980.1	980.0	980.8		
465.0194	8.7275	980.1	980.0	980.8		
465.0527	8.7389	980.1	980.0	980.8		
465.0861	8.7511	980.1	980.0	980.9		
465.1194	8.7520	980.0	980.0	980.9		
465.1527	8.7660	980.1	980.0	980.8		
465.1861	8.7625	980.1	980.0	980.8		
465.2194	8.7712	980.1	980.0	980.9		
465.2527	8.7843	980.2	980.1	980.9		
465.2861	8.7887	980.2	980.0	980.9		
465.3194	8.7970	980.1	980.1	980.9		
465.3527	8.8035	980.1	980.0	980.9		
465.3861	8.8088	980.1	980.1	981.0		
465.4194	8.8101	980.1	980.0	980.9		
465.4527	8.8324	980.1	980.0	980.9		
465.4861	8.8385	980.1	980.0	980.8		
465.5194	8.8433	980.1	980.0	980.9		
465.5527	8.8508	980.1	980.0	980.8		
465.5861	8.8621	980.1	980.0	980.9		
465.6194	8.8595	980.2	980.0	980.9		
465.6527	8.8717	980.1	980.0	980.8		
465.6861	8.8757	980.1	980.0	980.7		
465.7194	8.8774	980.2	980.0	980.8		
465.7527	8.8892	980.1	980.0	980.8		
465.7861	8.8997	980.1	980.0	980.8		
465.8194	8.9015	980.1	980.0	980.8		
465.8527	8.9207	980.1	980.0	980.8		
465.8861	8.9190	980.2	980.0	980.8		
465.9194	8.9316	980.1	980.1	981.1		
465.9527	8.9373	980.1	980.0	980.9		
465.9861	8.9478	980.1	979.9	980.7		
466.0194	8.9535	980.0	980.0	980.8		
466.0527	8.9526	980.1	980.0	980.9		
466.0861	8.9675	980.2	980.0	980.9		
466.1194	8.9819	980.1	980.1	980.8		
466.1527	8.9841	980.1	980.1	980.9		
466.1861	8.9876	980.0	980.0	980.9		
466.2194	9.0042	980.1	980.0	980.9		
466.2527	9.0046	980.1	980.0	980.9		
466.2861	9.0068	980.2	980.0	980.8		
466.3194	9.0217	980.1	980.0	980.7		
466.3527	9.0274	980.1	979.9	980.8		
466.3861	9.0374	980.1	980.0	980.8		
466.4194	9.0422	980.1	980.0	980.9		
466.4527	9.0602	980.1	980.0	980.9		
466.4861	9.0567	980.2	980.0	981.0		
466.5194	9.0720	980.1	980.0	980.8		
466.5527	9.0781	980.1	980.0	980.8		
466.5861	9.0811	980.1	979.9	980.8		
466.6194	9.0934	980.1	979.9	980.7		
466.6528	9.0995	980.1	980.1	981.0		
466.6861	9.1034	980.2	980.1	980.9		
466.7194	9.1200	980.1	980.0	980.9		
466.7528	9.1288	980.2	980.0	980.9		
466.7861	9.1275	980.2	980.1	980.9		
466.8194	9.1410	980.1	980.0	980.9		
466.8528	9.1515	980.1	980.0	980.8		
466.8861	9.1603	980.1	980.0	980.8		
466.9194	9.1681	980.1	980.0	980.8		
466.9528	9.1786	980.1	979.9	980.8		
466.9861	9.1764	980.2	980.1	980.9		
467.0194	9.1847	980.2	980.0	980.8		
467.0528	9.1996	980.2	980.0	980.8		
467.0861	9.2022	980.3	980.2	980.9		
467.1194	9.2118	980.2	980.0	980.8		
467.1528	9.2232	980.2	980.0	980.9		
467.1861	9.2324	980.2	980.1	981.0		
467.2194	9.2341	980.1	980.0	980.9		
467.2528	9.2411	980.2	980.1	980.9		
467.2861	9.2590	980.2	980.0	980.9		
467.3194	9.2612	980.2	980.1	980.9		
467.3528	9.2674	980.1	980.0	980.8		
467.3861	9.2792	980.1	980.0	980.8		
467.4194	9.2901	980.1	980.0	980.8		
467.4528	9.2984	980.1	980.0	980.8		
467.4861	9.3150	980.2	980.0	980.8		
467.5194	9.3137	980.1	980.0	980.8		
467.5528	9.3194	980.1	980.0	980.8		
467.5861	9.3277	980.2	980.0	980.8		
467.6194	9.3386	980.2	980.0	980.8		
467.6528	9.3430	980.2	980.1	980.8		
467.6861	9.3530	980.2	980.0	980.8		
467.7194	9.3635	980.2	980.0	980.8		
467.7528	9.3640	980.2	980.1	981.0		
467.7861	9.3766	980.1	980.0	980.8		
467.8194	9.3915	980.1	980.0	980.8		
467.8528	9.3941	980.1	980.0	980.8		
467.8861	9.3998	980.2	980.1	980.9		
467.9194	9.4155	980.2	980.0	980.9		
467.9528	9.4177	980.2	980.1	980.8		
467.9861	9.4357	980.1	980.0	980.8		
468.0194	9.4383	980.1	980.1	980.9		
468.0528	9.4518	980.2	980.0	980.9		
468.0861	9.4566	980.1	980.1	980.9		
468.1194	9.4641	980.2	980.0	980.8		
468.1528	9.4724	980.2	980.0	980.8		
468.1861	9.4824	980.2	980.0	980.8		
468.2194	9.4877	980.2	980.0	980.8		
468.2528	9.4942	980.2	980.0	980.8		
468.2861	9.5078	980.2	980.0	980.8		
468.3194	9.5161	980.2	980.0	980.9		
468.3528	9.5261	980.2	980.0	980.8		
468.3861	9.5397	980.1	980.0	980.7		
468.4194	9.5388	980.2	980.1	980.8		
468.4528	9.5581	980.1	980.0	980.8		
468.4861	9.5550	980.2	980.1	980.8		
468.5194	9.5777	980.1	980.0	980.9		
468.5528	9.5838	980.1	980.0	980.8		
468.5861	9.5917	980.1	980.0	980.8		
468.6194	9.6031	980.2	980.0	980.9		
468.6528	9.6118	980.3	980.1	980.8		
468.6861	9.6114	980.2	980.1	980.9		
468.7194	9.6184	980.1	980.0	980.9		
468.7528	9.6324	980.2	980.1	980.9		
468.7861	9.6442	980.2	980.0	980.8		
468.8194	9.6525	980.3	980.1	980.9		
468.8528	9.6656	980.2	980.0	980.8		
468.8861	9.6778	980.2	980.0	980.8		
468.9194	9.6756	980.2	980.0	980.8		
468.9528	9.6874	980.2	980.0	980.8		
468.9861	9.6971	980.3	980.2	980.9		
469.0194	9.7045	980.2	980.1	980.9		
469.0528	9.7172	980.1	980.0	980.8		
469.0861	9.7268	980.2	980.1	980.9		
469.1194	9.7351	980.1	980.1	980.9		
469.1528	9.7403	980.2	980.1	980.9		
469.1861	9.7552	980.2	980.0	980.8		
469.2194	9.7648	980.2	980.0	980.8		
469.2528	9.7762	980.1	980.1	980.9		
469.2861	9.7832	980.2	980.1	980.8		
469.3194	9.7941	980.2	980.0	980.8		
469.3528	9.8059	980.2	980.0	980.9		
469.3861	9.8164	980.2	980.1	980.9		
469.4194	9.8212	980.2	980.1	981.0		
469.4528	9.8273	980.3	980.1	980.9		
469.4861	9.8383	980.2	980.1	980.9		
469.5194	9.8487	980.3	980.1	980.9		
469.5528	9.8571	980.2	980.0	980.8		
469.5861	9.8680	980.5	980.1	981.0		
469.6194	9.8780	980.2	980.1	980.8		
469.6528	9.8855	980.3	980.1	980.9		
469.6861	9.8955	980.2	980.0	980.8		
469.7194	9.9043	980.2	980.0	980.8		
469.7528	9.9178	980.2	980.1	980.9		
469.7861	9.9318	980.2	980.0	980.8		
469.8194	9.9287	980.2	980.1	980.9		
469.8528	9.9467	980.3	980.1	980.9		
469.8861	9.9489	980.2	980.0	980.8		
469.9194	9.9598	980.3	980.0	980.8		
469.9528	9.9668	980.2	980.0	980.8		
469.9861	9.9742	980.3	980.1	980.9		
470.0194	9.9904	980.3	980.0	980.8		
470.0528	10.0013	980.3	980.0	980.9		
470.0861	10.0118	980.3	980.1	980.9		
470.1194	10.0249	980.3	980.1	980.8		
470.1528	10.0367	980.3	980.1	980.8		
470.1861	10.0463	980.2	980.1	980.9		
470.2194	10.0581	980.3	980.0	980.8		
470.2528	10.0568	980.2	980.1	980.9		
470.2861	10.0721	980.2	980.1	980.9		
470.3194	10.0796	980.3	980.2	981.0		
470.3528	10.0970	980.2	980.1	980.9		
470.3861	10.0970	980.2	980.1	980.8		
470.4194	10.1097	980.4	980.1	980.9		
470.4528	10.1224	980.3	980.1	980.9		
470.4861	10.1272	980.2	980.1	980.8		
470.5194	10.1408	980.2	980.0	980.8		
470.5528	10.1552	980.2	980.1	980.8		
470.5861	10.1635	980.3	980.1	980.9		
470.6194	10.1661	980.2	980.1	980.8		
470.6528	10.1840	980.3	980.1	980.9		
470.6861	10.1976	980.3	980.1	980.9		
470.7194	10.2028	980.4	980.1	980.8		
470.7528	10.2194	980.3	980.1	980.9		
470.7861	10.2334	980.3	980.2	981.0		
470.8194	10.2396	980.3	980.2	980.9		
470.8528	10.2400	980.3	980.2	980.9		
470.8861	10.2570	980.3	980.1	980.9		
470.9194	10.2640	980.3	980.1	980.9		
470.9528	10.2767	980.3	980.1	980.8		
470.9861	10.2793	980.2	980.1	980.9		
471.0194	10.2968	980.3	980.1	980.9		
471.0528	10.3082	980.4	980.1	980.9		
471.0861	10.3108	980.4	980.1	980.9		
471.1194	10.3287	980.3	980.2	980.9		
471.1528	10.3414	980.4	980.2	980.9		
471.1861	10.3440	980.3	980.1	980.8		
471.2194	10.3698	980.3	980.1	980.9		
471.2528	10.3698	980.3	980.2	981.0		
471.2861	10.3825	980.2	980.0	980.8		
471.3194	10.3886	980.4	980.2	980.9		
471.3528	10.4074	980.2	980.1	980.8		
471.3861	10.4087	980.2	980.1	980.8		
471.4194	10.4336	980.4	980.1	980.9		
471.4528	10.4402	980.4	980.2	981.0		
471.4861	10.4503	980.4	980.1	981.0		
471.5194	10.4594	980.4	980.1	980.8		
471.5528	10.4673	980.3	980.1	980.9		
471.5861	10.4774	980.2	980.0	980.7		
471.6194	10.4970	980.3	980.1	980.9		
471.6528	10.4992	980.4	980.2	980.9		
471.6861	10.5163	980.4	980.1	980.9		
471.7194	10.5298	980.3	980.1	980.9		
471.7528	10.5355	980.3	980.1	980.9		
471.7861	10.5469	980.3	980.2	980.9		
471.8194	10.5678	980.4	980.2	981.0		
471.8528	10.5757	980.2	980.2	981.0		
471.8861	10.5783	980.3	980.2	980.9		
471.9194	10.5998	980.2	980.2	980.9		
471.9528	10.6081	980.3	980.2	981.0		
471.9861	10.6159	980.2	980.1	981.0		
472.0194	10.6373	980.3	980.1	981.0		
472.0528	10.6435	980.3	980.1	980.9		
472.0861	10.6483	980.3	980.2	981.0		
472.1194	10.6684	980.3	980.1	980.9		
472.1528	10.6749	980.4	980.1	980.9		
472.1861	10.6802	980.3	980.2	980.9		
472.2194	10.6959	980.3	980.1	980.9		
472.2528	10.7077	980.3	980.2	980.9		
472.2861	10.7265	980.3	980.2	980.9		
472.3194	10.7296	980.3	980.2	981.0		
472.3528	10.7471	980.3	980.1	980.9		
472.3861	10.7563	980.3	980.1	981.0		
472.4194	10.7659	980.3	980.1	980.9		
472.4528	10.7847	980.3	980.1	980.9		
472.4861	10.7921	980.3	980.2	981.0		
472.5194	10.8065	980.3	980.1	980.9		
472.5528	10.8231	980.4	980.2	981.0		
472.5861	10.8288	980.3	980.2	981.0		
472.6194	10.8419	980.3	980.2	980.9		
472.6528	10.8520	980.3	980.2	980.9		
472.6861	10.8651	980.2	980.1	980.9		
472.7194	10.8664	980.3	980.2	981.0		
472.7528	10.8800	980.3	980.2	980.9		
472.7861	10.8966	980.3	980.1	980.9		
472.8194	10.9062	980.3	980.2	980.9		
472.8528	10.9237	980.3	980.1	980.9		
472.8861	10.9285	980.4	980.2	981.0		
472.9194	10.9394	980.3	980.1	980.8		
472.9528	10.9543	980.3	980.1	980.9		
472.9861	10.9661	980.3	980.2	980.9		
473.0194	10.9840	980.3	980.1	980.9		
473.0528	10.9967	980.3	980.2	981.0		
473.0861	11.0124	980.3	980.2	980.9		
473.1194	11.0137	980.3	980.1	980.9		
473.1528	11.0338	980.4	980.1	980.9		
473.1861	11.0378	980.4	980.2	981.0		
473.2194	11.0557	980.4	980.1	980.9		
473.2528	11.0618	980.4	980.2	980.9		
473.2861	11.0797	980.4	980.1	980.9		
473.3194	11.0950	980.4	980.2	981.0		
473.3528	11.1138	980.4	980.2	980.9		
473.3861	11.1283	980.3	980.2	980.9		
473.4194	11.1339	980.4	980.1	981.0		
473.4528	11.1462	980.4	980.2	981.0		
473.4861	11.1632	980.3	980.1	980.9		
473.5194	11.1785	980.4	980.2	980.9		
473.5528	11.1873	980.4	980.2	980.9		
473.5861	11.1969	980.4	980.1	980.9		
473.6194	11.2161	980.3	980.1	980.8		
473.6528	11.2262	980.4	980.2	980.9		
473.6861	11.2454	980.4	980.2	981.0		
473.7194	11.2507	980.4	980.2	980.9		
473.7528	11.2616	980.3	980.2	980.9		
473.7861	11.2795	980.4	980.2	981.0		
473.8194	11.2861	980.4	980.2	981.0		
473.8528	11.3014	980.3	980.1	980.8		
473.8861	11.3149	980.4	980.2	980.9		
473.9194	11.3315	980.4	980.1	980.9		
473.9528	11.3442	980.4	980.2	980.9		
473.9861	11.3573	980.4	980.2	980.9		
474.0194	11.3661	980.4	980.2	980.8		
474.0528	11.3857	980.3	980.2	981.0		
474.0861	11.4006	980.4	980.1	980.9		
474.1194	11.4093	980.4	980.2	980.9		
474.1528	11.4286	980.4	980.2	981.0		
474.1861	11.4404	980.4	980.2	980.9		
474.2194	11.4635	980.4	980.2	981.0		
474.2528	11.4662	980.5	980.3	981.0		
474.2861	11.4815	980.5	980.3	981.0		
474.3194	11.4841	980.5	980.3	981.0		
474.3528	11.5068	980.5	980.3	981.0		
474.3861	11.5191	980.4	980.2	980.9		
474.4194	11.5370	980.5	980.3	981.0		
474.4528	11.5501	980.4	980.2	980.9		
474.4861	11.5636	980.3	980.1	980.8		
474.5194	11.5728	980.3	980.1	980.8		
474.5528	11.5934	980.4	980.1	980.8		
474.5861	11.6047	980.4	980.2	980.9		
474.6194	11.6130	980.4	980.2	981.0		
474.6528	11.6332	980.4	980.2	980.9		
474.6861	11.6454	980.4	980.2	981.0		
474.7194	11.6629	980.4	980.2	980.9		
474.7528	11.6777	980.4	980.2	980.9		
474.7861	11.6847	980.4	980.2	981.0		
474.8194	11.7105	980.3	980.2	980.9		
474.8528	11.7232	980.4	980.2	981.0		
474.8861	11.7407	980.4	980.3	981.0		
474.9194	11.7538	980.5	980.3	981.0		
474.9528	11.7652	980.5	980.3	981.0		
474.9861	11.7796	980.5	980.2	981.0		
475.0194	11.7966	980.4	980.2	980.9		
475.0528	11.8133	980.4	980.1	980.9		
475.0861	11.8286	980.4	980.1	980.9		
475.1194	11.8412	980.4	980.2	980.9		
475.1528	11.8543	980.5	980.3	981.0		
475.1861	11.8705	980.5	980.3	981.0		
475.2194	11.8876	980.4	980.3	981.0		
475.2528	11.8972	980.4	980.2	981.0		
475.2861	11.9212	980.4	980.2	980.9		
475.3194	11.9343	980.4	980.2	980.9		
475.3528	11.9457	980.4	980.2	980.9		
475.3861	11.9610	980.4	980.2	980.9		
475.4194	11.9741	980.3	980.1	980.8		
475.4528	11.9920	980.4	980.1	980.8		
475.4861	12.0056	980.4	980.1	980.9		
475.5194	12.0222	980.5	980.2	980.9		
475.5528	12.0423	980.5	980.2	981.0		
475.5861	12.0537	980.5	980.2	980.9		
475.6194	12.0782	980.5	980.3	980.9		
475.6528	12.0974	980.4	980.2	980.9		
475.6861	12.1096	980.4	980.2	980.9		
475.7194	12.1271	980.4	980.3	981.0		
475.7528	12.1385	980.4	980.2	980.9		
475.7861	12.1499	980.5	980.2	981.0		
475.8194	12.1691	980.5	980.2	980.9		
475.8528	12.1896	980.5	980.3	980.9		
475.8861	12.1979	980.6	980.3	980.9		
475.9194	12.2180	980.4	980.2	981.0		
475.9528	12.2360	980.4	980.2	980.8		
475.9861	12.2521	980.4	980.1	980.8		
476.0194	12.2714	980.4	980.2	980.9		
476.0528	12.2779	980.4	980.2	981.0		
476.0861	12.2985	980.5	980.3	981.0		
476.1194	12.3142	980.5	980.3	981.0		
476.1528	12.3282	980.6	980.2	980.9		
476.1861	12.3457	980.5	980.2	980.9		
476.2194	12.3719	980.4	980.2	980.9		
476.2528	12.3859	980.5	980.3	980.9		
476.2861	12.3990	980.5	980.2	980.9		
476.3194	12.4056	980.5	980.2	980.9		
476.3528	12.4318	980.5	980.2	980.9		
476.3861	12.4532	980.4	980.1	980.9		
476.4194	12.4725	980.5	980.2	980.9		
476.4528	12.4860	980.5	980.2	980.9		
476.4861	12.5101	980.5	980.2	980.9		
476.5194	12.5162	980.4	980.2	980.9		
476.5528	12.5323	980.5	980.3	980.9		
476.5861	12.5599	980.5	980.3	981.0		
476.6194	12.5721	980.5	980.2	981.0		
476.6528	12.5914	980.6	980.4	981.0		
476.6861	12.6027	980.5	980.3	981.0		
476.7194	12.6338	980.6	980.3	981.0		
476.7528	12.6416	980.6	980.3	981.0		
476.7861	12.6609	980.6	980.3	981.0		
476.8194	12.6805	980.5	980.2	980.9		
476.8528	12.6967	980.5	980.2	981.0		
476.8861	12.7120	980.6	980.3	980.9		
476.9194	12.7374	980.6	980.3	981.0		
476.9528	12.7492	980.7	980.3	980.9		
476.9861	12.7658	980.6	980.3	980.9		
477.0194	12.7907	980.5	980.3	980.9		
477.0528	12.8091	980.6	980.4	981.0		
477.0861	12.8244	980.5	980.3	980.9		
477.1194	12.8484	980.5	980.2	980.8		
477.1528	12.8624	980.6	980.4	981.0		
477.1861	12.8812	980.6	980.3	981.1		
477.2194	12.8947	980.6	980.3	981.0		
477.2528	12.9240	980.6	980.2	980.9		
477.2861	12.9336	980.5	980.3	980.9		
477.3194	12.9590	980.5	980.3	980.9		
477.3528	12.9830	980.5	980.3	981.1		
477.3861	12.9940	980.5	980.4	981.0		
477.4194	13.0176	980.5	980.3	980.9		
477.4528	13.0407	980.6	980.3	980.9		
477.4861	13.0569	980.6	980.3	980.9		
477.5194	13.0831	980.6	980.3	980.8		
477.5528	13.0936	980.6	980.3	981.0		
477.5861	13.1107	980.5	980.2	980.9		
477.6194	13.1277	980.6	980.3	980.9		
477.6528	13.1470	980.5	980.3	980.9		
477.6861	13.1649	980.6	980.3	980.9		
477.7194	13.1920	980.6	980.3	981.0		
477.7528	13.2060	980.6	980.3	980.9		
477.7861	13.2353	980.6	980.3	980.8		
477.8194	13.2510	980.5	980.3	980.9		
477.8528	13.2694	980.5	980.3	980.9		
477.8861	13.2917	980.5	980.3	980.9		
477.9194	13.3096	980.5	980.2	980.8		
477.9528	13.3319	980.5	980.2	980.9		
477.9861	13.3498	980.6	980.3	981.0		
478.0194	13.3690	980.7	980.3	981.0		
478.0528	13.3988	980.6	980.3	980.8		
478.0861	13.4206	980.5	980.3	980.9		
478.1194	13.4377	980.6	980.3	980.9		
478.1528	13.4648	980.6	980.3	980.9		
478.1861	13.4840	980.6	980.4	981.0		
478.2194	13.5067	980.6	980.3	981.0		
478.2528	13.5247	980.6	980.4	981.2		
478.2861	13.5491	980.6	980.4	981.2		
478.3194	13.5671	980.6	980.4	981.0		
478.3528	13.5924	980.5	980.3	981.0		
478.3861	13.6160	980.5	980.3	981.0		
478.4194	13.6379	980.5	980.3	981.1		
478.4528	13.6562	980.6	980.3	981.1		
478.4861	13.6825	980.6	980.4	981.1		
478.5194	13.7087	980.6	980.3	981.0		
478.5528	13.7262	980.6	980.4	981.0		
478.5861	13.7520	980.6	980.4	981.0		
478.6194	13.7756	980.6	980.4	981.1		
478.6528	13.7931	980.6	980.3	981.0		
478.6861	13.8114	980.6	980.3	981.0		
478.7194	13.8376	980.6	980.4	981.1		
478.7528	13.8595	980.6	980.3	980.9		
478.7861	13.8892	980.6	980.4	981.0		
478.8194	13.9098	980.7	980.4	981.0		
478.8528	13.9299	980.7	980.4	980.9		
478.8861	13.9552	980.6	980.3	980.9		
478.9194	13.9775	980.6	980.4	981.0		
478.9528	14.0016	980.6	980.3	980.9		
478.9861	14.0243	980.6	980.4	981.0		
479.0194	14.0553	980.6	980.4	981.1		
479.0528	14.0755	980.7	980.3	981.0		
479.0861	14.1026	980.6	980.3	981.0		
479.1194	14.1288	980.6	980.4	981.1		
479.1528	14.1463	980.6	980.4	980.9		
479.1861	14.1830	980.6	980.3	980.9		
479.2194	14.2083	980.6	980.3	980.9		
479.2528	14.2206	980.6	980.3	981.0		
479.2811	14.2652	980.7	980.5	981.1		
479.3144	14.2730	980.6	980.4	981.0		
479.3478	14.2993	980.6	980.4	981.0		
479.3811	14.3290	980.6	980.3	980.9		
479.4144	14.3434	980.6	980.4	981.1		
479.4476	14.3898	980.6	980.4	981.0		
479.4809	14.3946	980.6	980.4	981.0		
479.5143	14.4291	980.6	980.3	980.9		
479.5476	14.4470	980.6	980.4	980.9		
479.5809	14.4920	980.7	980.4	981.0		
479.6142	14.5117	980.7	980.4	981.0		
479.6475	14.5353	980.7	980.5	981.1		
479.6809	14.5633	980.7	980.5	981.1		
479.7142	14.5956	980.6	980.4	981.0		
479.7475	14.6114	980.6	980.5	981.0		
479.7809	14.6346	980.7	980.4	981.0		
479.8142	14.6625	980.7	980.4	981.0		
479.8438	14.7067	980.6	980.4	981.0		
479.8771	14.7272	980.6	980.4	981.1		
479.9104	14.7526	980.6	980.4	981.0		
479.9438	14.7827	980.6	980.4	981.0		
479.9771	14.8046	980.6	980.4	981.0		
480.0104	14.8313	980.6	980.4	980.9		
480.0438	14.8662	980.6	980.4	981.0		
480.0771	14.8881	980.7	980.4	981.0		
480.1071	14.9353	980.7	980.5	981.1		
480.1404	14.9524	980.6	980.4	981.0		
480.1737	14.9799	980.6	980.4	981.0		
480.2071	15.0096	980.7	980.4	981.0		
480.2404	15.0433	980.6	980.4	981.1		
480.2737	15.0717	980.6	980.5	981.1		
480.3071	15.1010	980.7	980.4	981.0		
480.3404	15.1329	980.7	980.4	981.0		
480.3737	15.1652	980.7	980.5	981.1		
480.4071	15.1919	980.7	980.5	981.1		
480.4404	15.2234	980.7	980.5	981.1		
480.4737	15.2500	980.6	980.4	981.0		
480.5071	15.2802	980.6	980.5	981.0		
480.5357	15.3248	980.6	980.4	980.9		
480.5690	15.3488	980.7	980.5	981.1		
480.6023	15.3768	980.7	980.5	981.0		
480.6349	15.4232	980.8	980.5	981.1		
480.6682	15.4459	980.6	980.4	981.0		
480.7016	15.4791	980.7	980.5	981.0		
480.7349	15.5084	980.7	980.5	981.0		
480.7682	15.5425	980.7	980.4	981.0		
480.8016	15.5748	980.7	980.5	981.0		
480.8283	15.6194	980.7	980.5	981.2		
480.8617	15.6404	980.7	980.4	981.1		
480.8950	15.6806	980.7	980.4	981.0		
480.9283	15.7020	980.6	980.4	980.9		
480.9518	15.7462	980.7	980.4	981.0		
480.9851	15.7772	980.6	980.5	981.0		
481.0184	15.8052	980.6	980.5	981.0		
481.0489	15.8494	980.7	980.5	981.0		
481.0822	15.8773	980.7	980.5	981.0		
481.1139	15.9211	980.7	980.5	981.0		
481.1472	15.9455	980.7	980.6	981.1		
481.1800	15.9897	980.7	980.5	981.0		
481.2133	16.0150	980.7	980.5	981.1		
481.2430	16.0605	980.7	980.5	981.1		
481.2763	16.0885	980.7	980.5	981.0		
481.3089	16.1335	980.7	980.6	981.1		
481.3422	16.1540	980.8	980.5	981.1		
481.3648	16.1991	980.7	980.5	980.9		
481.3982	16.2305	980.7	980.5	981.0		
481.4302	16.2778	980.6	980.5	981.0		
481.4635	16.3022	980.8	980.5	981.1		
481.4888	16.3460	980.9	980.6	981.2		
481.5221	16.3840	980.8	980.6	981.2		
481.5507	16.4286	980.9	980.5	981.1		
481.5840	16.4596	980.8	980.6	981.2		
481.6134	16.5033	980.8	980.6	981.1		
481.6467	16.5387	980.8	980.6	981.2		
481.6770	16.5851	980.7	980.5	981.1		
481.7103	16.6144	980.8	980.5	981.1		
481.7365	16.6589	980.8	980.6	981.2		
481.7699	16.6865	980.8	980.6	981.1		
481.7941	16.7306	980.8	980.6	981.1		
481.8263	16.7743	980.9	980.6	981.2		
481.8540	16.8220	980.8	980.6	981.1		
481.8874	16.8478	980.7	980.6	981.1		
481.9107	16.8924	980.7	980.6	981.0		
481.9401	16.9383	980.7	980.5	981.1		
481.9734	16.9684	980.7	980.5	981.0		
481.9973	17.0130	980.8	980.6	981.2		
482.0255	17.0576	980.8	980.6	981.1		
482.0584	17.1022	980.8	980.5	981.0		
482.0890	17.1464	980.8	980.6	981.1		
482.1196	17.1905	980.7	980.5	981.1		
482.1500	17.2342	980.7	980.6	981.1		
482.1738	17.2788	980.8	980.6	981.1		
482.2045	17.3234	980.8	980.6	981.0		
482.2320	17.3697	980.8	980.6	981.1		
482.2607	17.4161	980.8	980.6	981.1		
482.2904	17.4611	980.7	980.6	981.1		
482.3177	17.5052	980.9	980.7	981.2		
482.3455	17.5498	980.8	980.6	981.1		
482.3706	17.5940	980.9	980.7	981.1		
482.3994	17.6381	980.7	980.6	981.1		
482.4281	17.6818	980.8	980.6	981.1		
482.4503	17.7286	981.0	980.8	981.2		
482.4773	17.7723	981.0	980.8	981.3		
482.5044	17.8165	980.8	980.6	981.1		
482.5307	17.8615	980.9	980.7	981.1		
482.5534	17.9065	980.9	980.7	981.1		
482.5749	17.9507	980.9	980.6	981.1		
482.6016	17.9962	980.8	980.6	981.1		
482.6260	18.0429	980.9	980.7	981.1		
482.6488	18.0884	980.9	980.7	981.1		
482.6746	18.1360	980.8	980.6	981.1		
482.7001	18.1802	980.8	980.6	981.1		
482.7239	18.2248	980.8	980.7	981.1		
482.7435	18.2702	980.8	980.6	981.1		
482.7681	18.3148	980.9	980.7	981.1		
482.7911	18.3590	980.8	980.6	981.1		
482.8123	18.4062	980.8	980.7	981.1		
482.8333	18.4508	980.8	980.7	981.1		
482.8563	18.4958	980.9	980.7	981.1		
482.8768	18.5395	980.8	980.6	981.0		
482.8947	18.5841	980.9	980.6	981.1		
482.9168	18.6287	980.8	980.6	981.0		
482.9369	18.6728	980.9	980.7	981.1		
482.9540	18.7166	980.8	980.7	981.0		
482.9752	18.7633	980.7	980.6	981.1		
482.9946	18.8088	980.8	980.7	981.1		
483.0154	18.8543	980.9	980.7	981.1		
483.0324	18.9023	980.8	980.8	981.2		
483.0535	18.9469	980.8	980.8	981.1		
483.0712	18.9911	980.9	981.2	981.1		
483.0867	19.0352	980.8	981.2	981.1		
483.1067	19.0789	980.9	981.2	981.0		
483.1240	19.1231	980.9	981.2	981.1		
483.1418	19.1672	980.8	981.2	981.1		
483.1593	19.2110	980.8	981.2	981.1		
483.1737	19.2551	980.8	981.2	981.0		
483.1905	19.2988	980.8	981.2	981.1		
483.2075	19.3439	980.9	981.2	981.1		
483.2247	19.3906	980.8	981.4	981.4		
483.2393	19.4343	980.9	981.3	981.2		
483.2566	19.4794	980.9	981.2	981.1		
483.2699	19.5240	980.8	981.3	981.2		
483.2879	19.5690	980.9	981.3	981.2		
483.3018	19.6127	980.9	981.2	981.1		
483.3170	19.6577	980.9	981.3	981.2		
483.3315	19.7023	980.9	981.2	981.1		
483.3454	19.7465	981.0	981.2	981.1		
483.3602	19.7906	980.9	981.3	981.2		
483.3734	19.8348	980.9	981.2	981.1		
483.3870	19.8811	980.8	981.2	981.0		
483.4002	19.9252	980.9	981.2	981.0		
483.4152	19.9694	980.9	981.3	981.1		
483.4270	20.0140	980.9	981.3	981.0		
483.4391	20.0590	980.9	981.3	981.0		
483.4525	20.1027	980.9	981.3	981.1		
483.4644	20.1478	980.8	981.2	981.1		
483.4774	20.1915	980.8	981.2	981.0		
483.4900	20.2369	980.8	981.2	981.0		
483.5004	20.2811	980.7	981.2	981.1		
483.5129	20.3300	980.8	981.2	981.0		
483.5264	20.3742	980.8	981.2	981.0		
483.5364	20.4188	980.9	981.2	981.1		
483.5492	20.4629	980.8	981.3	981.0		
483.5594	20.5084	980.9	981.3	981.1		
483.5714	20.5552	980.9	981.3	981.1		
483.5818	20.5989	980.9	981.2	981.1		
483.5921	20.6443	980.8	981.3	981.1		
483.6030	20.6885	980.9	981.3	981.1		
483.6119	20.7331	980.9	981.3	981.1		
483.6220	20.7772	980.9	981.3	981.1		
483.6323	20.8209	981.0	981.4	981.1		
483.6410	20.8660	981.0	981.3	981.1		
483.6510	20.9106	981.1	981.4	981.1		
483.6604	20.9560	981.0	981.3	981.1		
483.6695	21.0010	980.9	981.3	981.1		
483.6786	21.0469	980.9	981.3	981.1		
483.6881	21.0915	980.9	981.3	981.1		
483.6965	21.1357	981.0	981.4	981.1		
483.7048	21.1803	980.9	981.3	981.1		
483.7131	21.2244	980.9	981.3	981.1		
483.7214	21.2699	981.0	981.4	981.1		
483.7293	21.3136	981.0	981.5	981.2		
483.7379	21.3613	980.8	981.3	981.1		
483.7457	21.4072	980.9	981.3	981.1		
483.7537	21.4522	981.0	981.5	981.3		
483.7615	21.4981	980.9	981.4	981.1		
483.7690	21.5453	980.9	981.4	981.1		
483.7764	21.5908	981.0	981.4	981.1		
483.7840	21.6362	981.0	981.5	981.2		
483.7906	21.6799	981.0	981.5	981.3		
483.7979	21.7245	981.0	981.4	981.2		
483.8035	21.7730	981.0	981.5	981.1		
483.8116	21.8176	980.9	981.4	981.1		
483.8169	21.8622	980.9	981.4	981.1		
483.8235	21.9072	980.9	981.4	981.1		
483.8300	21.9523	981.0	981.4	981.1		
483.8362	21.9964	980.9	981.5	981.2		
483.8419	22.0406	980.9	981.4	981.2		
483.8473	22.0852	980.9	981.5	981.1		
483.8538	22.1311	980.9	981.4	981.0		
483.8597	22.1752	981.0	981.5	981.2		
483.8651	22.2224	980.9	981.5	981.1		
483.8712	22.2670	981.0	981.5	981.2		
483.8757	22.3120	981.0	981.5	981.3		
483.8814	22.3601	981.0	981.6	981.3		
483.8867	22.4043	980.9	981.5	981.2		
483.8913	22.4489	981.0	981.5	981.2		
483.8965	22.4952	981.1	981.5	981.1		
483.9019	22.5393	981.1	981.5	981.1		
483.9063	22.5857	981.1	981.5	981.1		
483.9106	22.6311	981.1	981.5	981.1		
483.9157	22.6792	981.1	981.5	981.2		
483.9203	22.7243	981.1	981.5	981.2		
483.9250	22.7693	981.2	981.6	981.1		
483.9291	22.8161	981.3	981.5	981.1		
483.9333	22.8602	981.3	981.6	981.1		
483.9371	22.9044	981.3	981.6	981.2		
483.9412	22.9498	981.4	981.6	981.1		
483.9451	22.9957	981.4	981.6	981.2		
483.9493	23.0394	981.3	981.6	981.2		
483.9528	23.0836	981.3	981.6	981.2		
483.9568	23.1290	981.4	981.7	981.3		
483.9599	23.1728	981.4	981.6	981.3		
483.9635	23.2169	981.3	981.6	981.2		
483.9667	23.2606	981.4	981.6	981.2		
483.9697	23.3048	981.4	981.6	981.2		
483.9725	23.3520	981.4	981.6	981.2		
483.9765	23.3961	981.4	981.6	981.2		
483.9796	23.4398	981.5	981.7	981.2		
483.9828	23.4857	981.4	981.6	981.2		
483.9856	23.5330	981.4	981.7	981.2		
483.9887	23.5793	981.4	981.6	981.2		
483.9914	23.6243	981.4	981.6	981.1		
483.9939	23.6689	981.3	981.6	981.1		
483.9966	23.7170	981.4	981.6	981.1		
483.9995	23.7625	981.4	981.6	981.1		
484.0023	23.8092	981.4	981.6	981.1		
484.0043	23.8529	981.4	981.6	981.1		
484.0072	23.8980	981.4	981.6	981.2		
484.0095	23.9447	981.3	981.6	981.2		
484.0120	23.9889	981.4	981.6	981.2		
484.0139	24.0326	981.4	981.6	981.2		
484.0162	24.0772	981.4	981.6	981.2		
484.0181	24.1222	981.4	981.7	981.3		
484.0201	24.1677	981.4	981.7	981.4		
484.0223	24.2123	981.5	981.7	981.3		
484.0242	24.2564	981.4	981.7	981.3		
484.0260	24.3006	981.5	981.7	981.3		
484.0278	24.3460	981.4	981.7	981.2		
484.0298	24.3902	981.4	981.6	981.1		
484.0312	24.4383	981.3	981.6	981.1		
484.0333	24.4824	981.3	981.6	981.1		
484.0349	24.5296	981.2	981.5	981.0		
484.0367	24.5755	981.3	981.6	981.1		
484.0383	24.6206	981.3	981.6	981.1		
484.0398	24.6660	981.3	981.6	981.1		
484.0411	24.7111	981.3	981.6	981.1		
484.0426	24.7548	981.4	981.6	981.1		
484.0439	24.7989	981.4	981.6	981.1		
484.0453	24.8431	981.4	981.7	981.2		
484.0466	24.8877	981.4	981.7	981.1		
484.0475	24.9318	981.4	981.6	981.1		
484.0488	24.9768	981.4	981.7	981.1		
484.0502	25.0210	981.4	981.7	981.1		
484.0513	25.0656	981.4	981.7	981.1		
484.0524	25.1106	981.4	981.7	981.1		
484.0534	25.1561	981.5	981.7	981.1		
484.0545	25.2011	981.5	981.7	981.1		
484.0554	25.2487	981.4	981.7	981.2		
484.0562	25.2929	981.3	981.7	981.2		
484.0572	25.3383	981.3	981.7	981.3		
484.0580	25.3825	981.4	981.8	981.2		
484.0588	25.4319	981.3	981.8	981.4		
484.0599	25.4778	981.4	981.8	981.4		
484.0605	25.5224	981.4	981.8	981.4		
484.0612	25.5700	981.3	981.9	981.4		
484.0620	25.6155	981.3	981.9	981.4		
484.0627	25.6601	981.4	981.9	981.4		
484.0633	25.7073	981.4	981.9	981.5		
484.0639	25.7545	981.4	981.9	981.5		
484.0644	25.8000	981.4	981.9	981.5		
484.0649	25.8454	981.4	982.0	981.5		
484.0654	25.8896	981.4	981.9	981.4		
484.0658	25.9359	981.4	981.9	981.4		
484.0662	25.9809	981.4	981.9	981.4		
484.0666	26.0277	981.4	982.0	981.5		
484.0669	26.0719	981.5	982.0	981.4		
484.0672	26.1182	981.5	982.0	981.4		
484.0675	26.1632	981.5	982.0	981.4		
484.0677	26.2109	981.5	982.0	981.4		
484.0679	26.2563	981.5	982.0	981.5		
484.0680	26.3088	981.5	982.0	981.4		
484.0682	26.3578	981.5	982.0	981.4		
484.0683	26.4072	981.5	982.0	981.5		
484.0684	26.4701	981.5	982.0	981.5		
484.0684	26.5247	981.6	982.0	981.5		
						
						
						
						
						
						
						
						
						
						
						
						
						
						
						
						
						
						
						
						
						
						
						
						
						
						
						
						
						
						
						
						
						
						
						
						
						
						
						
						
						
						
						
						
						
						
						
						
						
						
						
						
						
						
						
						
						
						
						
						
						
						
						
						
						
						
						
						
						
						
						
						
						
						
						
						
						
						
						
						
						
						
						
						
						
						
						
						
						
						
						
						
						
						
						
						
						
						
						
						
						
						
						
						
						
						
						
						
						
						
						
						
						
						
						
						
						
						
						
						
						
						
