BAM 5.2 Vh5205_C-94.LIS						
------------------------------------						
ENTRY	SYMBOL	UNIT		* Information common to all tests		
Date of test start			18.10.23 9:14 AM			
Test ID			Vh5205_C-94			
Test standard			DIN EN ISO 204:2019-4	*		
Specified temperature	T	°C	980	*		
Type of loading			Tension	*		
Initial stress	Ro	MPa	140			
Material Identifier			CMSX-6	*		
Manufacturing process description as-tested material			Single Crystal Investment Casting from a Vacuum Induction Refined Ingot and subsequent Heat Treatment (annealed and aged).	*		
Single crystal orientation 		°	2.7			
Test piece type I			Specimen according to DIN EN ISO 204:2019-4	*		
Test piece type II			Round cross section	*		
Test piece type III			Smooth test piece	*		
Sensor type - Contacting method			High-Temperature Axial Extensometer	*		
Measurement set-up			One-sided	*		
Minimum test piece diameter at room temperature	D	mm	5.99			
Reference length to calculate percentage elongations	Lr = Lo	mm	24.0			
Reference length to calculate percentage extensions	Lr = Le	mm	22.5			
Heating time		h	1.74			
Soak time		h	1.82			
Test duration	t	h	1011			
Creep rupture time	tu	h	Not applicable			
Percentage elongation after creep fracture	Au	%	Not applicable			
Percentage reduction of area after creep fracture	Zu	%	Not applicable			
Percentage total extension	et	%	0.944			
Percentage initial total extension	eti	%	0.156			
Percentage elastic extension	ee	%	0.156			
Percentage initial plastic extension	ei	%	0			
Percentage plastic extension	ep	%	0.788			
Percentage creep extension	ef	%	0.788			
						
						
[data]						
Elapsed time from end of loading	Percentage creep extension	Corrected measured temperature - Top	Corrected measured temperature - Middle	Corrected measured temperature - Bottom		
t	ef	Tc	Tc	Tc		
h	%	°C	°C	°C		
0.0000	0.0000	981.8	979.5	979.9		
0.0014	0.0022	981.9	979.5	979.8		
0.0023	0.0160	982.0	979.5	979.7		
0.0037	0.0107	981.9	979.5	979.6		
0.0051	0.0124	981.9	979.4	979.6		
0.0065	0.0115	981.8	979.3	979.5		
0.0078	0.0049	981.7	979.3	979.5		
0.0092	0.0098	981.6	979.3	979.4		
0.0106	0.0009	981.6	979.2	979.4		
0.0120	0.0036	981.5	979.2	979.3		
0.0134	0.0115	981.5	979.2	979.3		
0.0148	0.0102	981.4	979.1	979.3		
0.0162	0.0075	981.3	979.1	979.4		
0.0176	0.0155	981.2	979.1	979.4		
0.0190	0.0075	981.2	979.1	979.5		
0.0203	0.0102	981.2	979.1	979.5		
0.0217	0.0098	981.2	979.1	979.6		
0.0231	0.0107	981.2	979.1	979.7		
0.0245	0.0098	981.2	979.2	979.7		
0.0259	0.0089	981.1	979.2	979.7		
0.0273	0.0173	981.2	979.1	979.7		
0.0287	0.0044	981.2	979.1	979.7		
0.0301	0.0120	981.1	979.2	979.7		
0.0315	0.0071	981.2	979.2	979.7		
0.0328	0.0098	981.2	979.2	979.7		
0.0342	0.0115	981.2	979.2	979.8		
0.0356	0.0142	981.2	979.2	979.8		
0.0370	0.0093	981.2	979.2	979.8		
0.0384	0.0036	981.2	979.2	979.8		
0.0398	0.0102	981.2	979.2	979.8		
0.0412	0.0178	981.2	979.2	979.8		
0.0426	0.0169	981.2	979.3	979.9		
0.0440	0.0151	981.2	979.3	980.0		
0.0453	0.0164	981.3	979.4	980.2		
0.0467	0.0142	981.3	979.5	980.3		
0.0634	0.0115	981.4	979.6	980.3		
0.0801	0.0186	981.4	979.6	980.5		
0.0967	0.0111	981.4	979.6	980.4		
0.1134	0.0129	981.4	979.6	980.5		
0.1301	0.0178	981.4	979.7	980.5		
0.1467	0.0107	981.4	979.7	980.5		
0.1634	0.0155	981.4	979.7	980.5		
0.1801	0.0147	981.4	979.6	980.5		
0.1967	0.0186	981.4	979.7	980.5		
0.2134	0.0124	981.4	979.7	980.6		
0.2301	0.0169	981.4	979.7	980.6		
0.2467	0.0107	981.4	979.7	980.5		
0.2634	0.0164	981.4	979.7	980.5		
0.2801	0.0120	981.4	979.7	980.5		
0.2967	0.0124	981.4	979.7	980.6		
0.3134	0.0173	981.4	979.7	980.5		
0.3301	0.0151	981.4	979.6	980.5		
0.3467	0.0124	981.3	979.6	980.4		
0.3634	0.0120	981.4	979.7	980.5		
0.3801	0.0133	981.4	979.6	980.5		
0.3967	0.0129	981.4	979.7	980.5		
0.4134	0.0115	981.3	979.7	980.5		
0.4301	0.0164	981.3	979.6	980.5		
0.4467	0.0115	981.3	979.6	980.5		
0.4634	0.0164	981.2	979.6	980.5		
0.4801	0.0213	981.2	979.6	980.4		
0.4967	0.0164	981.2	979.6	980.5		
0.5134	0.0173	981.2	979.6	980.4		
0.5301	0.0195	981.3	979.6	980.5		
0.5467	0.0169	981.3	979.6	980.4		
0.5634	0.0257	981.2	979.6	980.5		
0.5801	0.0195	981.3	979.6	980.5		
0.5967	0.0218	981.3	979.6	980.5		
0.6134	0.0164	981.3	979.7	980.5		
0.6301	0.0160	981.3	979.7	980.5		
0.6467	0.0240	981.2	979.6	980.5		
0.6634	0.0200	981.3	979.6	980.4		
0.6801	0.0244	981.3	979.6	980.5		
0.6967	0.0280	981.2	979.6	980.5		
0.7134	0.0129	981.3	979.6	980.5		
0.7301	0.0124	981.3	979.6	980.5		
0.7467	0.0209	981.3	979.6	980.5		
0.7634	0.0235	981.3	979.7	980.5		
0.7801	0.0200	981.3	979.6	980.5		
0.7967	0.0133	981.3	979.6	980.5		
0.8134	0.0297	981.3	979.6	980.5		
0.8301	0.0115	981.3	979.6	980.5		
0.8467	0.0147	981.2	979.6	980.4		
0.8634	0.0218	981.3	979.6	980.4		
0.8801	0.0200	981.2	979.6	980.5		
0.8967	0.0235	981.2	979.5	980.4		
0.9134	0.0191	981.2	979.6	980.4		
0.9301	0.0249	981.2	979.6	980.4		
0.9467	0.0240	981.2	979.6	980.4		
0.9634	0.0213	981.2	979.6	980.5		
0.9801	0.0231	981.1	979.6	980.5		
0.9967	0.0218	981.3	979.6	980.4		
1.0134	0.0151	981.2	979.6	980.5		
1.0301	0.0249	981.2	979.5	980.4		
1.0467	0.0178	981.2	979.6	980.5		
1.0634	0.0231	981.1	979.5	980.4		
1.0801	0.0302	981.2	979.6	980.5		
1.0967	0.0240	981.2	979.6	980.5		
1.1134	0.0155	981.2	979.5	980.5		
1.1301	0.0257	981.2	979.6	980.4		
1.1467	0.0182	981.2	979.6	980.5		
1.1634	0.0200	981.2	979.6	980.5		
1.1801	0.0151	981.2	979.5	980.4		
1.1967	0.0275	981.2	979.6	980.5		
1.2134	0.0200	981.2	979.6	980.4		
1.2301	0.0178	981.2	979.6	980.5		
1.2467	0.0200	981.2	979.6	980.5		
1.2634	0.0226	981.2	979.6	980.5		
1.2801	0.0266	981.3	979.6	980.5		
1.2967	0.0164	981.2	979.6	980.5		
1.3134	0.0178	981.2	979.6	980.4		
1.3301	0.0257	981.3	979.6	980.5		
1.3467	0.0186	981.3	979.6	980.5		
1.3634	0.0257	981.3	979.6	980.4		
1.3801	0.0178	981.2	979.6	980.4		
1.3967	0.0164	981.1	979.5	980.4		
1.4134	0.0235	981.2	979.6	980.4		
1.4301	0.0257	981.1	979.5	980.4		
1.4467	0.0213	981.2	979.5	980.4		
1.4634	0.0213	981.2	979.5	980.4		
1.4801	0.0204	981.1	979.6	980.4		
1.4967	0.0231	981.2	979.5	980.4		
1.5134	0.0284	981.1	979.6	980.5		
1.5301	0.0209	981.1	979.6	980.5		
1.5467	0.0249	981.1	979.6	980.5		
1.5634	0.0169	981.1	979.6	980.5		
1.5801	0.0231	981.2	979.6	980.6		
1.5967	0.0262	981.2	979.6	980.5		
1.6134	0.0191	981.2	979.6	980.4		
1.6301	0.0169	981.3	979.6	980.5		
1.6467	0.0200	981.2	979.5	980.4		
1.6634	0.0178	981.2	979.6	980.4		
1.6801	0.0195	981.2	979.6	980.5		
1.6967	0.0297	981.2	979.6	980.5		
1.7134	0.0182	981.2	979.6	980.4		
1.7301	0.0240	981.2	979.6	980.5		
1.7467	0.0302	981.2	979.6	980.4		
1.7634	0.0222	981.2	979.6	980.4		
1.7801	0.0271	981.2	979.6	980.5		
1.7967	0.0204	981.3	979.6	980.5		
1.8134	0.0253	981.1	979.6	980.6		
1.8301	0.0218	981.2	979.6	980.5		
1.8467	0.0249	981.1	979.6	980.5		
1.8634	0.0222	981.2	979.6	980.4		
1.8801	0.0209	981.2	979.5	980.4		
1.8967	0.0213	981.1	979.6	980.4		
1.9134	0.0271	981.1	979.5	980.4		
1.9301	0.0257	981.2	979.6	980.5		
1.9467	0.0235	981.1	979.5	980.4		
1.9634	0.0209	981.1	979.5	980.4		
1.9801	0.0226	981.1	979.6	980.5		
1.9967	0.0333	981.1	979.6	980.5		
2.0134	0.0218	981.1	979.5	980.4		
2.0301	0.0342	981.1	979.6	980.4		
2.0467	0.0324	981.1	979.5	980.5		
2.0634	0.0222	981.1	979.5	980.4		
2.0801	0.0244	981.1	979.5	980.5		
2.0967	0.0209	981.2	979.6	980.5		
2.1134	0.0182	981.2	979.6	980.4		
2.1301	0.0186	981.2	979.6	980.5		
2.1467	0.0284	981.1	979.5	980.4		
2.1634	0.0195	981.1	979.5	980.4		
2.1801	0.0302	981.2	979.5	980.4		
2.1967	0.0302	981.9	979.9	980.6		
2.2134	0.0213	981.7	979.9	980.6		
2.2301	0.0244	981.7	979.9	980.7		
2.2467	0.0244	981.6	979.9	980.6		
2.2634	0.0231	981.7	979.9	980.5		
2.2801	0.0271	981.7	979.9	980.6		
2.2967	0.0200	981.7	979.9	980.6		
2.3801	0.0275	981.8	980.0	980.6		
2.4634	0.0209	981.8	980.0	980.7		
2.5467	0.0195	981.8	979.9	980.7		
2.6301	0.0253	981.7	980.0	980.7		
2.7134	0.0218	981.7	979.9	980.6		
2.7967	0.0280	981.8	980.0	980.7		
2.8801	0.0266	981.7	979.9	980.6		
2.9634	0.0204	981.7	979.9	980.6		
3.0467	0.0311	981.7	979.9	980.6		
3.1301	0.0249	981.7	979.9	980.7		
3.2134	0.0235	981.6	979.9	980.6		
3.2967	0.0333	981.7	980.0	980.6		
3.3801	0.0315	981.7	980.0	980.7		
3.4634	0.0271	981.8	980.0	980.7		
3.5467	0.0293	981.7	979.9	980.6		
3.6301	0.0253	981.8	980.0	980.6		
3.7134	0.0293	981.7	980.0	980.6		
3.7967	0.0333	981.6	979.9	980.6		
3.8801	0.0262	981.7	979.9	980.6		
3.9634	0.0262	981.8	980.0	980.7		
4.0467	0.0315	981.7	980.0	980.7		
4.1301	0.0293	981.6	979.9	980.6		
4.2134	0.0426	981.7	979.9	980.6		
4.2967	0.0346	981.7	979.9	980.6		
4.3801	0.0240	981.7	980.0	980.6		
4.4634	0.0249	981.7	979.9	980.6		
4.5467	0.0320	981.6	979.9	980.6		
4.6301	0.0289	981.7	980.0	980.6		
4.7134	0.0262	981.6	979.8	980.6		
4.7967	0.0280	981.5	979.9	980.6		
4.8801	0.0377	981.6	979.9	980.6		
4.9634	0.0320	981.6	979.9	980.6		
5.0467	0.0244	981.7	980.0	980.6		
5.1301	0.0333	981.5	979.9	980.5		
5.2134	0.0266	981.6	979.9	980.5		
5.2967	0.0311	981.6	979.9	980.6		
5.3801	0.0351	981.7	980.0	980.7		
5.4634	0.0284	981.6	980.0	980.7		
5.5467	0.0391	981.6	979.9	980.6		
5.6301	0.0275	981.7	980.0	980.7		
5.7134	0.0333	981.7	980.0	980.5		
5.7967	0.0337	981.6	979.9	980.6		
5.8801	0.0355	981.6	979.9	980.6		
5.9634	0.0329	981.6	979.9	980.6		
6.0467	0.0462	981.6	979.9	980.6		
6.1301	0.0329	981.6	980.0	980.6		
6.2134	0.0302	981.6	979.9	980.6		
6.2967	0.0413	981.7	979.9	980.6		
6.3801	0.0431	981.6	980.0	980.6		
6.4634	0.0391	981.6	979.9	980.6		
6.5467	0.0368	981.6	980.0	980.6		
6.6301	0.0293	981.6	980.0	980.7		
6.7134	0.0342	981.7	980.0	980.6		
6.7967	0.0373	981.6	979.9	980.6		
6.8801	0.0333	981.6	980.0	980.6		
6.9634	0.0329	981.6	979.9	980.7		
7.0467	0.0386	981.5	979.9	980.6		
7.1301	0.0337	981.6	980.0	980.6		
7.2134	0.0333	981.7	980.0	980.7		
7.2967	0.0377	981.6	980.0	980.7		
7.3801	0.0337	981.6	980.0	980.6		
7.4634	0.0351	981.6	980.0	980.6		
7.5467	0.0355	981.6	980.0	980.6		
7.6301	0.0377	981.6	980.0	980.6		
7.7134	0.0293	981.7	980.0	980.6		
7.7967	0.0395	981.6	979.9	980.5		
7.8801	0.0333	981.6	980.0	980.5		
7.9634	0.0337	981.6	979.9	980.6		
8.0467	0.0346	981.6	979.9	980.5		
8.1301	0.0360	981.6	979.9	980.6		
8.2134	0.0404	981.6	980.0	980.6		
8.2967	0.0471	981.6	980.0	980.6		
8.3801	0.0417	981.6	980.0	980.6		
8.4634	0.0400	981.6	979.9	980.7		
8.5467	0.0368	981.6	980.0	980.6		
8.6301	0.0373	981.6	979.9	980.5		
8.7134	0.0408	981.6	980.0	980.6		
8.7967	0.0404	981.6	980.0	980.7		
8.8801	0.0435	981.6	979.9	980.6		
8.9634	0.0346	981.5	979.9	980.6		
9.0467	0.0337	981.6	979.9	980.6		
9.1301	0.0364	982.0	980.2	980.8		
9.2134	0.0382	981.6	980.0	980.5		
9.2967	0.0417	981.6	979.9	980.6		
9.3801	0.0426	981.6	979.9	980.6		
9.4634	0.0355	981.7	980.0	980.6		
9.5467	0.0346	981.6	980.0	980.6		
9.6301	0.0337	981.6	980.0	980.7		
9.7134	0.0346	981.6	979.9	980.6		
9.7967	0.0395	981.5	979.9	980.5		
9.8801	0.0440	981.5	979.9	980.5		
9.9634	0.0413	981.6	980.0	980.6		
10.0467	0.0484	981.5	980.0	980.6		
10.1301	0.0346	981.7	980.0	980.6		
10.2134	0.0351	981.6	980.1	980.6		
10.2967	0.0457	981.6	980.0	980.7		
10.3801	0.0435	981.6	980.0	980.6		
10.4634	0.0386	981.6	980.0	980.6		
10.5467	0.0484	981.6	980.0	980.6		
10.6301	0.0457	981.6	980.0	980.6		
10.7134	0.0462	981.6	980.0	980.6		
10.7967	0.0471	981.6	980.0	980.5		
10.8801	0.0400	981.6	980.0	980.6		
10.9634	0.0400	981.5	980.0	980.6		
11.0467	0.0484	981.5	979.9	980.5		
11.1301	0.0457	981.6	980.0	980.6		
11.2134	0.0457	981.6	980.0	980.6		
11.2967	0.0448	981.5	980.0	980.6		
11.3801	0.0413	981.5	980.0	980.6		
11.4634	0.0440	981.5	980.0	980.6		
11.5467	0.0395	981.6	980.0	980.6		
11.6301	0.0333	981.6	980.0	980.6		
11.7134	0.0413	981.7	980.0	980.6		
11.7967	0.0422	981.6	979.9	980.6		
11.8801	0.0417	981.6	980.0	980.6		
11.9634	0.0471	981.6	980.0	980.6		
12.0467	0.0435	981.6	980.0	980.6		
12.1301	0.0329	981.6	980.0	980.6		
12.2134	0.0475	981.6	980.0	980.7		
12.2967	0.0368	981.6	980.0	980.6		
12.3801	0.0395	981.6	980.0	980.5		
12.4634	0.0488	981.6	980.0	980.5		
12.5467	0.0408	981.5	979.9	980.5		
12.6301	0.0417	981.6	980.0	980.6		
12.7134	0.0506	981.6	979.9	980.5		
12.7967	0.0462	981.5	980.0	980.6		
12.8801	0.0440	981.6	980.0	980.6		
12.9634	0.0457	981.5	979.9	980.5		
13.0467	0.0524	981.6	980.0	980.5		
13.1301	0.0435	981.7	980.1	980.8		
13.2134	0.0444	981.6	980.0	980.7		
13.2967	0.0462	981.6	980.0	980.6		
13.3801	0.0466	982.0	980.3	980.7		
13.4634	0.0457	981.6	980.1	980.8		
13.5467	0.0395	981.2	979.8	980.5		
13.6301	0.0426	981.6	980.0	980.7		
13.7134	0.0493	981.6	980.0	980.5		
13.7967	0.0555	981.6	980.0	980.6		
13.8801	0.0524	981.7	980.0	980.6		
13.9634	0.0408	981.6	980.0	980.6		
14.0467	0.0519	981.6	980.0	980.6		
14.1301	0.0417	981.6	980.0	980.6		
14.2134	0.0457	981.6	980.0	980.6		
14.2967	0.0440	981.6	980.0	980.6		
14.3801	0.0475	981.7	980.1	980.7		
14.4634	0.0408	981.7	980.1	980.7		
14.5467	0.0404	981.7	980.1	980.7		
14.6301	0.0440	981.7	980.0	980.6		
14.7134	0.0462	981.6	980.0	980.6		
14.7967	0.0524	981.7	980.1	980.7		
14.8801	0.0506	981.7	980.1	980.7		
14.9634	0.0524	981.6	980.0	980.7		
15.0467	0.0457	981.7	980.1	980.7		
15.1301	0.0488	981.7	980.1	980.7		
15.2134	0.0484	981.7	980.1	980.7		
15.2967	0.0493	981.7	980.0	980.6		
15.3801	0.0462	981.6	980.1	980.7		
15.4634	0.0506	981.6	980.0	980.6		
15.5467	0.0537	981.6	980.1	980.7		
15.6301	0.0506	981.7	980.0	980.7		
15.7134	0.0502	981.7	980.1	980.7		
15.7967	0.0537	981.6	980.1	980.6		
15.8801	0.0475	981.6	980.0	980.6		
15.9634	0.0484	981.6	980.1	980.6		
16.0467	0.0488	981.7	980.1	980.7		
16.1301	0.0528	981.6	980.0	980.7		
16.2134	0.0506	981.6	980.1	980.7		
16.2967	0.0511	981.6	980.1	980.7		
16.3801	0.0590	981.7	980.1	980.7		
16.4634	0.0506	981.7	980.0	980.6		
16.5467	0.0444	981.6	980.0	980.5		
16.6301	0.0497	981.6	980.0	980.5		
16.7134	0.0435	981.6	980.0	980.6		
16.7967	0.0475	981.6	980.1	980.6		
16.8801	0.0524	981.6	980.1	980.6		
16.9634	0.0475	981.7	980.1	980.7		
17.0467	0.0506	981.6	980.1	980.7		
17.1301	0.0475	981.6	980.1	980.7		
17.2134	0.0568	981.7	980.1	980.7		
17.2967	0.0462	981.7	980.0	980.6		
17.3801	0.0528	981.7	980.1	980.6		
17.4634	0.0471	981.6	980.0	980.5		
17.5467	0.0630	981.6	980.1	980.6		
17.6301	0.0555	981.6	980.1	980.6		
17.7134	0.0604	981.5	980.0	980.6		
17.7967	0.0550	981.7	980.1	980.7		
17.8801	0.0537	981.7	980.1	980.7		
17.9634	0.0542	981.6	980.1	980.7		
18.0467	0.0475	981.6	980.0	980.6		
18.1301	0.0546	981.7	980.0	980.7		
18.2134	0.0497	981.6	980.1	980.7		
18.2967	0.0564	981.6	980.1	980.7		
18.3801	0.0475	981.7	980.1	980.7		
18.4634	0.0573	981.6	980.0	980.6		
18.5467	0.0550	981.6	980.0	980.6		
18.6301	0.0559	981.7	980.0	980.6		
18.7134	0.0542	981.7	980.1	980.6		
18.7967	0.0546	981.7	980.1	980.7		
18.8801	0.0524	981.7	980.0	980.6		
18.9634	0.0519	981.6	980.0	980.5		
19.0467	0.0582	981.6	980.0	980.6		
19.1301	0.0519	981.6	980.0	980.6		
19.2134	0.0577	981.6	980.0	980.6		
19.2967	0.0599	981.6	980.0	980.6		
19.3801	0.0577	981.6	980.0	980.5		
19.4634	0.0617	981.7	980.1	980.6		
19.5467	0.0604	981.6	980.0	980.6		
19.6301	0.0493	981.6	980.0	980.5		
19.7134	0.0555	981.7	980.1	980.6		
19.7967	0.0644	981.7	980.1	980.6		
19.8801	0.0582	981.8	980.1	980.7		
19.9634	0.0542	981.6	980.0	980.6		
20.0467	0.0564	981.7	980.1	980.7		
20.1301	0.0511	981.7	980.1	980.7		
20.2134	0.0582	981.7	980.1	980.7		
20.2967	0.0617	981.6	980.0	980.7		
20.3801	0.0559	981.6	980.0	980.6		
20.4634	0.0559	981.7	980.1	980.7		
20.5467	0.0661	981.7	980.1	980.7		
20.6301	0.0511	981.7	980.1	980.7		
20.7134	0.0546	981.8	980.2	980.8		
20.7967	0.0590	981.7	980.1	980.6		
20.8801	0.0586	981.7	980.1	980.6		
20.9634	0.0595	981.7	980.1	980.7		
21.0467	0.0573	981.7	980.1	980.7		
21.1301	0.0595	981.7	980.1	980.7		
21.2134	0.0577	981.8	980.1	980.7		
21.2967	0.0511	981.7	980.1	980.7		
21.3801	0.0550	981.7	980.1	980.6		
21.4634	0.0586	981.7	980.1	980.7		
21.5467	0.0608	981.7	980.1	980.7		
21.6301	0.0644	981.7	980.1	980.7		
21.7134	0.0586	981.7	980.1	980.6		
21.7967	0.0613	981.6	980.0	980.6		
21.8801	0.0701	981.7	980.1	980.7		
21.9634	0.0568	981.6	980.1	980.7		
22.0467	0.0613	981.7	980.0	980.7		
22.1301	0.0661	981.7	980.1	980.7		
22.2134	0.0613	981.8	980.2	980.8		
22.2967	0.0506	981.7	980.0	980.6		
22.3801	0.0626	981.7	980.1	980.6		
22.4634	0.0622	981.6	980.0	980.6		
22.5467	0.0608	981.6	980.0	980.6		
22.6301	0.0599	981.7	980.0	980.7		
22.7134	0.0617	981.7	980.1	980.7		
22.7967	0.0506	981.7	980.1	980.6		
22.8801	0.0639	981.7	980.1	980.6		
22.9634	0.0648	981.7	980.1	980.6		
23.0467	0.0653	981.6	980.1	980.6		
23.1301	0.0675	981.6	980.1	980.6		
23.2134	0.0635	981.6	980.1	980.7		
23.2967	0.0648	981.6	980.0	980.6		
23.3801	0.0635	981.6	980.0	980.6		
23.4634	0.0613	981.7	980.1	980.7		
23.5467	0.0595	981.7	980.0	980.6		
23.6301	0.0644	981.6	980.1	980.7		
23.7134	0.0724	981.6	980.1	980.7		
23.7967	0.0599	981.6	980.1	980.7		
23.8801	0.0635	981.8	980.2	980.7		
23.9634	0.0630	981.7	980.1	980.7		
24.0467	0.0657	981.7	980.1	980.6		
24.1301	0.0724	981.6	980.1	980.7		
24.2134	0.0724	981.7	980.1	980.7		
24.2967	0.0675	981.8	980.1	980.7		
24.3801	0.0608	981.8	980.1	980.7		
24.4634	0.0684	981.7	980.1	980.7		
24.5467	0.0693	981.6	980.0	980.6		
24.6301	0.0657	981.7	980.1	980.7		
24.7134	0.0568	981.7	980.1	980.7		
24.7967	0.0710	981.6	980.0	980.6		
24.8801	0.0644	981.8	980.1	980.6		
24.9634	0.0613	981.6	980.1	980.7		
25.0467	0.0728	981.7	980.1	980.7		
25.1301	0.0675	981.6	980.0	980.6		
25.2134	0.0661	981.7	980.1	980.7		
25.2967	0.0630	981.7	980.1	980.7		
25.3801	0.0750	981.6	980.0	980.6		
25.4634	0.0586	981.7	980.1	980.6		
25.5467	0.0622	981.7	980.1	980.5		
25.6301	0.0644	981.6	980.0	980.6		
25.7134	0.0701	981.6	980.0	980.6		
25.7967	0.0670	981.7	980.2	980.7		
25.8801	0.0666	981.7	980.1	980.7		
25.9634	0.0679	981.7	980.1	980.6		
26.0467	0.0772	981.7	980.1	980.7		
26.1301	0.0710	981.7	980.1	980.7		
26.2134	0.0679	981.7	980.0	980.6		
26.2967	0.0684	981.7	980.1	980.6		
26.3801	0.0679	981.8	980.1	980.6		
26.4634	0.0710	981.7	980.0	980.6		
26.5467	0.0715	981.6	980.0	980.6		
26.6301	0.0661	981.6	980.0	980.6		
26.7134	0.0728	981.6	980.0	980.6		
26.7967	0.0724	981.5	980.0	980.6		
26.8801	0.0693	981.6	980.1	980.6		
26.9634	0.0644	981.6	980.1	980.6		
27.0467	0.0701	981.6	980.0	980.6		
27.1301	0.0750	981.7	980.2	980.7		
27.2134	0.0688	981.7	980.1	980.6		
27.2967	0.0741	981.6	980.0	980.6		
27.3801	0.0724	981.6	980.0	980.6		
27.4634	0.0737	981.7	980.0	980.6		
27.5467	0.0675	981.7	980.0	980.6		
27.6301	0.0670	981.7	980.1	980.5		
27.7134	0.0724	981.6	980.0	980.5		
27.7967	0.0746	981.6	980.1	980.7		
27.8801	0.0710	981.7	980.1	980.7		
27.9634	0.0733	981.7	980.1	980.7		
28.0467	0.0644	981.8	980.1	980.6		
28.1301	0.0715	981.8	980.1	980.6		
28.2134	0.0710	981.7	980.1	980.6		
28.2967	0.0715	981.6	980.0	980.6		
28.3801	0.0688	981.6	980.1	980.6		
28.4634	0.0786	981.7	980.1	980.6		
28.5467	0.0693	981.7	980.1	980.7		
28.6301	0.0777	981.8	980.1	980.7		
28.7134	0.0635	981.7	980.1	980.7		
28.7967	0.0755	981.7	980.1	980.7		
28.8801	0.0741	981.7	980.1	980.7		
28.9634	0.0710	981.7	980.1	980.6		
29.0467	0.0812	981.6	980.1	980.7		
29.1301	0.0724	981.7	980.1	980.7		
29.2134	0.0804	981.7	980.1	980.7		
29.2967	0.0777	981.6	980.1	980.6		
29.3801	0.0799	981.8	980.1	980.7		
29.4634	0.0764	981.7	980.0	980.6		
29.5467	0.0746	981.8	980.1	980.7		
29.6301	0.0697	981.6	980.0	980.5		
29.7134	0.0750	981.7	980.0	980.6		
29.7967	0.0839	981.6	980.0	980.6		
29.8801	0.0733	981.7	980.0	980.6		
29.9634	0.0755	981.7	980.1	980.7		
30.0467	0.0746	981.7	980.1	980.7		
30.1301	0.0724	981.7	980.1	980.6		
30.2134	0.0746	981.7	980.1	980.6		
30.2967	0.0741	981.7	980.1	980.6		
30.3801	0.0737	981.8	980.1	980.7		
30.4634	0.0693	981.7	980.1	980.6		
30.5467	0.0710	981.8	980.1	980.8		
30.6301	0.0755	981.7	980.1	980.6		
30.7134	0.0733	981.7	980.1	980.7		
30.7967	0.0728	981.7	980.1	980.7		
30.8801	0.0777	981.7	980.1	980.7		
30.9634	0.0719	981.7	980.1	980.7		
31.0467	0.0826	981.7	980.1	980.7		
31.1301	0.0768	981.7	980.0	980.6		
31.2134	0.0741	981.7	980.1	980.7		
31.2967	0.0764	981.6	980.1	980.7		
31.3801	0.0799	981.7	980.1	980.6		
31.4634	0.0781	981.7	980.1	980.7		
31.5467	0.0812	981.7	980.1	980.7		
31.6301	0.0786	981.8	980.1	980.7		
31.7134	0.0750	981.7	980.1	980.7		
31.7967	0.0830	981.7	980.1	980.7		
31.8801	0.0772	981.7	980.1	980.6		
31.9634	0.0808	981.8	980.2	980.7		
32.0467	0.0804	981.7	980.0	980.6		
32.1301	0.0790	981.7	980.0	980.6		
32.2134	0.0795	981.7	980.1	980.6		
32.2967	0.0768	981.7	980.1	980.6		
32.3801	0.0835	981.7	980.0	980.6		
32.4634	0.0839	981.7	980.1	980.7		
32.5467	0.0821	981.7	980.1	980.6		
32.6301	0.0808	981.8	980.1	980.7		
32.7134	0.0750	981.7	980.0	980.6		
32.7967	0.0759	981.7	980.1	980.5		
32.8801	0.0701	981.8	980.2	980.6		
32.9634	0.0786	981.7	980.1	980.6		
33.0467	0.0812	981.7	980.1	980.6		
33.1301	0.0812	981.7	980.1	980.7		
33.2134	0.0795	981.7	980.1	980.7		
33.2967	0.0892	981.7	980.1	980.5		
33.3801	0.0848	981.7	980.1	980.7		
33.4634	0.0812	981.7	980.1	980.7		
33.5467	0.0883	981.7	980.1	980.7		
33.6301	0.0826	981.7	980.1	980.7		
33.7134	0.0835	981.7	980.1	980.6		
33.7967	0.0915	981.8	980.1	980.7		
33.8801	0.0857	981.7	980.1	980.7		
33.9634	0.0848	981.8	980.1	980.7		
34.0467	0.0852	981.7	980.0	980.6		
34.1301	0.0906	981.7	980.1	980.6		
34.2134	0.0883	981.8	980.1	980.7		
34.2967	0.0892	981.7	980.1	980.6		
34.3801	0.0906	981.8	980.1	980.7		
34.4634	0.0883	981.7	980.0	980.6		
34.5467	0.0821	981.7	980.1	980.6		
34.6301	0.0826	981.8	980.1	980.7		
34.7134	0.0897	981.7	980.1	980.7		
34.7967	0.0892	981.8	980.2	980.7		
34.8801	0.0866	981.8	980.1	980.7		
34.9634	0.0879	981.7	980.1	980.6		
35.0467	0.0879	981.7	980.0	980.5		
35.1301	0.0830	981.6	980.0	980.4		
35.2134	0.0928	981.7	980.1	980.7		
35.2968	0.0906	981.7	980.0	980.7		
35.3801	0.0928	981.7	980.0	980.7		
35.4634	0.0915	981.7	980.1	980.6		
35.5468	0.0852	981.7	980.1	980.6		
35.6301	0.0959	981.7	980.1	980.7		
35.7134	0.0799	981.8	980.3	981.0		
35.7968	0.0870	981.7	980.1	980.7		
35.8801	0.0915	981.7	980.1	980.7		
35.9634	0.0848	981.8	980.1	980.8		
36.0468	0.0879	981.7	980.1	980.7		
36.1301	0.0799	981.7	980.1	980.8		
36.2134	0.0821	981.8	980.2	980.8		
36.2968	0.0923	981.8	980.1	980.6		
36.3801	0.0915	981.8	980.2	980.7		
36.4634	0.0852	981.8	980.1	980.6		
36.5468	0.0830	981.7	980.1	980.7		
36.6301	0.0901	981.7	980.1	980.7		
36.7134	0.0915	981.7	980.1	980.7		
36.7968	0.0906	981.7	980.1	980.7		
36.8801	0.0839	981.8	980.1	980.7		
36.9634	0.0906	981.7	980.1	980.7		
37.0468	0.0937	981.7	980.1	980.7		
37.1301	0.0852	981.8	980.2	980.7		
37.2134	0.0790	981.8	980.1	980.7		
37.2968	0.0866	981.8	980.1	980.5		
37.3801	0.0937	981.8	980.1	980.6		
37.4634	0.0932	981.8	980.1	980.7		
37.5468	0.0857	981.8	980.2	980.7		
37.6301	0.0950	981.8	980.1	980.6		
37.7134	0.0932	981.8	980.1	980.7		
37.7968	0.0950	981.7	980.0	980.6		
37.8801	0.0937	981.7	980.1	980.6		
37.9634	0.0892	981.8	980.3	980.8		
38.0468	0.0866	981.8	980.1	980.7		
38.1301	0.0994	981.7	980.0	980.6		
38.2134	0.0959	981.8	980.2	980.8		
38.2968	0.1003	981.8	980.2	980.7		
38.3801	0.0892	981.7	980.1	980.6		
38.4634	0.0879	981.7	980.2	980.7		
38.5468	0.0919	981.8	980.2	980.7		
38.6301	0.1052	981.7	980.1	980.7		
38.7134	0.0950	981.8	980.2	980.8		
38.7968	0.0954	981.8	980.3	980.9		
38.8801	0.0923	981.8	980.1	980.6		
38.9634	0.0923	981.9	980.1	980.6		
39.0468	0.0906	981.8	980.1	980.7		
39.1301	0.0919	981.8	980.1	980.6		
39.2134	0.0954	981.7	980.1	980.7		
39.2968	0.0954	981.8	980.2	980.7		
39.3801	0.0870	981.7	980.2	980.7		
39.4634	0.0950	981.8	980.1	980.7		
39.5468	0.0941	981.7	980.1	980.7		
39.6301	0.0981	981.7	980.1	980.6		
39.7134	0.0959	981.8	980.1	980.7		
39.7968	0.0946	981.8	980.1	980.7		
39.8801	0.0981	981.8	980.2	980.7		
39.9634	0.0990	981.8	980.1	980.7		
40.0468	0.0919	981.7	980.1	980.6		
40.1301	0.0999	981.7	980.0	980.5		
40.2134	0.0888	981.8	980.2	980.8		
40.2968	0.0954	981.9	980.2	980.8		
40.3801	0.0923	981.8	980.1	980.7		
40.4634	0.0946	981.8	980.1	980.6		
40.5468	0.0959	981.8	980.2	980.7		
40.6301	0.0968	981.7	980.1	980.6		
40.7134	0.0919	981.8	980.2	980.7		
40.7968	0.0990	981.9	980.1	980.6		
40.8801	0.1003	981.8	980.1	980.7		
40.9634	0.0959	981.8	980.1	980.8		
41.0468	0.0963	981.8	980.1	980.7		
41.1301	0.1061	981.8	980.2	980.8		
41.2134	0.0977	981.8	980.2	980.8		
41.2968	0.0888	981.8	980.1	980.6		
41.3801	0.0937	981.8	980.1	980.7		
41.4634	0.0919	981.9	980.2	980.7		
41.5468	0.0950	981.8	980.1	980.7		
41.6301	0.0954	981.8	980.1	980.6		
41.7134	0.1003	981.8	980.1	980.7		
41.7968	0.0977	981.9	980.2	980.7		
41.8801	0.1021	981.8	980.2	980.7		
41.9634	0.0972	981.8	980.1	980.7		
42.0468	0.0994	981.9	980.1	980.7		
42.1301	0.0981	981.8	980.2	980.7		
42.2134	0.1017	981.8	980.1	980.8		
42.2968	0.0941	982.0	980.2	980.8		
42.3801	0.0977	981.9	980.2	980.8		
42.4634	0.0977	981.8	980.1	980.7		
42.5468	0.1003	981.9	980.1	980.7		
42.6301	0.1030	981.9	980.3	980.9		
42.7134	0.1057	981.8	980.1	980.8		
42.7968	0.0986	981.8	980.1	980.7		
42.8801	0.1052	981.8	980.1	980.7		
42.9634	0.0959	981.8	980.1	980.7		
43.0468	0.0990	981.8	980.1	980.7		
43.1301	0.0919	981.8	980.2	980.7		
43.2134	0.0977	981.9	980.2	980.7		
43.2968	0.0994	981.9	980.1	980.8		
43.3801	0.1079	981.8	980.2	980.7		
43.4634	0.1017	982.0	980.2	980.8		
43.5468	0.1003	981.9	980.2	980.7		
43.6301	0.0932	981.8	980.2	980.8		
43.7134	0.1017	981.8	980.1	980.7		
43.7968	0.1079	981.8	980.2	980.7		
43.8801	0.1052	981.8	980.2	980.8		
43.9634	0.0990	981.8	980.3	980.9		
44.0468	0.0963	981.7	980.2	980.7		
44.1301	0.0946	981.9	980.2	980.8		
44.2134	0.0994	981.8	980.2	980.7		
44.2968	0.1034	981.9	980.2	980.7		
44.3801	0.1030	981.7	980.2	980.7		
44.4634	0.1061	981.8	980.3	980.8		
44.5468	0.1061	981.7	980.2	980.8		
44.6301	0.1065	981.8	980.2	980.8		
44.7134	0.1039	981.8	980.2	980.8		
44.7968	0.1141	981.8	980.1	980.7		
44.8801	0.0994	981.7	980.2	980.8		
44.9634	0.1092	981.8	980.2	980.7		
45.0468	0.1061	981.8	980.2	980.8		
45.1301	0.1008	981.8	980.2	980.7		
45.2134	0.0990	981.7	980.1	980.7		
45.2968	0.1097	981.8	980.2	980.7		
45.3801	0.0977	981.8	980.2	980.7		
45.4634	0.1065	981.7	980.1	980.6		
45.5468	0.1114	981.7	980.2	980.8		
45.6301	0.1012	981.8	980.2	980.8		
45.7134	0.1012	981.8	980.1	980.8		
45.7968	0.1048	981.7	980.2	980.8		
45.8801	0.1034	981.7	980.2	980.7		
45.9634	0.1128	981.7	980.2	980.8		
46.0468	0.1105	981.7	980.1	980.7		
46.1301	0.1008	981.7	980.2	980.7		
46.2134	0.0999	981.9	980.3	980.8		
46.2968	0.1017	981.9	980.3	980.9		
46.3801	0.1110	981.8	980.3	980.8		
46.4634	0.1026	981.8	980.3	980.8		
46.5468	0.1052	981.7	980.2	980.8		
46.6301	0.1048	981.8	980.3	980.8		
46.7134	0.1114	981.7	980.2	980.7		
46.7968	0.1043	981.7	980.1	980.7		
46.8801	0.1128	981.7	980.2	980.7		
46.9634	0.1017	981.7	980.2	980.7		
47.0468	0.1097	981.7	980.2	980.7		
47.1301	0.1079	981.8	980.2	980.7		
47.2134	0.1110	981.7	980.2	980.7		
47.2968	0.1057	981.8	980.2	980.7		
47.3801	0.1110	981.8	980.2	980.8		
47.4634	0.1021	981.8	980.2	980.7		
47.5468	0.1052	981.8	980.2	980.7		
47.6301	0.1088	981.8	980.2	980.7		
47.7134	0.1074	981.7	980.2	980.7		
47.7968	0.1057	981.7	980.2	980.8		
47.8801	0.1150	981.8	980.1	980.7		
47.9634	0.1105	981.7	980.2	980.8		
48.0468	0.1132	981.7	980.2	980.7		
48.1301	0.1145	981.8	980.2	980.7		
48.2134	0.1074	981.7	980.2	980.7		
48.2968	0.1128	981.9	980.3	980.8		
48.3801	0.1057	981.7	980.2	980.7		
48.4634	0.1030	981.7	980.1	980.7		
48.5468	0.1141	981.7	980.2	980.7		
48.6301	0.1132	981.8	980.3	980.9		
48.7134	0.1119	981.8	980.2	980.8		
48.7968	0.1141	981.7	980.2	980.7		
48.8801	0.1048	981.7	980.2	980.7		
48.9634	0.1097	981.7	980.1	980.7		
49.0468	0.1176	981.7	980.2	980.7		
49.1301	0.1057	981.8	980.2	980.8		
49.2134	0.1017	981.8	980.2	980.7		
49.2968	0.1074	981.8	980.2	980.8		
49.3801	0.1145	981.7	980.2	980.8		
49.4634	0.1132	981.7	980.2	980.7		
49.5468	0.1114	981.8	980.3	980.9		
49.6301	0.1123	981.7	980.0	980.5		
49.7134	0.1137	981.7	980.2	980.8		
49.7968	0.1141	981.7	980.2	980.8		
49.8801	0.1190	981.7	980.2	980.7		
49.9634	0.1132	981.7	980.2	980.8		
50.0468	0.1172	981.7	980.1	980.7		
50.1301	0.1145	981.8	980.2	980.8		
50.2134	0.1137	981.7	980.2	980.7		
50.2968	0.1252	981.8	980.3	980.9		
50.3801	0.1168	981.8	980.2	980.8		
50.4634	0.1168	981.8	980.2	980.8		
50.5468	0.1168	981.7	980.2	980.8		
50.6301	0.1150	981.7	980.2	980.7		
50.7134	0.1185	981.8	980.2	980.8		
50.7968	0.1252	981.7	980.2	980.8		
50.8801	0.1168	981.7	980.2	980.7		
50.9634	0.1203	981.7	980.2	980.8		
51.0468	0.1163	981.7	980.2	980.8		
51.1301	0.1128	981.7	980.2	980.7		
51.2134	0.1208	981.6	980.1	980.7		
51.2968	0.1132	981.7	980.1	980.7		
51.3801	0.1168	981.7	980.2	980.7		
51.4634	0.1141	981.7	980.2	980.8		
51.5468	0.1176	981.7	980.1	980.7		
51.6301	0.1159	981.8	980.2	980.8		
51.7134	0.1163	981.7	980.2	980.7		
51.7968	0.1141	981.7	980.1	980.7		
51.8801	0.1230	981.8	980.2	980.8		
51.9634	0.1194	981.7	980.2	980.7		
52.0468	0.1194	981.8	980.2	980.8		
52.1301	0.1181	981.7	980.1	980.7		
52.2134	0.1203	981.7	980.2	980.8		
52.2968	0.1181	981.7	980.1	980.6		
52.3801	0.1270	981.7	980.1	980.5		
52.4634	0.1168	981.7	980.1	980.7		
52.5468	0.1176	981.7	980.2	980.7		
52.6301	0.1145	981.7	980.2	980.8		
52.7134	0.1190	981.7	980.2	980.7		
52.7968	0.1181	981.7	980.1	980.7		
52.8801	0.1065	981.6	980.1	980.7		
52.9634	0.1057	981.7	980.2	980.7		
53.0468	0.1163	982.4	980.6	980.9		
53.1301	0.1225	981.5	980.0	980.6		
53.2134	0.1176	981.6	980.2	980.7		
53.2968	0.1225	981.7	980.2	980.8		
53.3801	0.1234	981.6	980.1	980.7		
53.4634	0.1181	981.7	980.2	980.8		
53.5468	0.1212	981.7	980.1	980.7		
53.6301	0.1141	981.7	980.2	980.8		
53.7134	0.1212	981.7	980.2	980.8		
53.7968	0.1163	981.8	980.3	980.9		
53.8801	0.1283	981.7	980.2	980.7		
53.9634	0.1256	981.7	980.1	980.7		
54.0468	0.1256	981.7	980.2	980.7		
54.1301	0.1230	981.8	980.2	980.8		
54.2134	0.1154	981.7	980.2	980.7		
54.2968	0.1190	981.6	980.1	980.5		
54.3801	0.1132	981.7	980.2	980.8		
54.4634	0.1234	981.8	980.2	980.8		
54.5468	0.1208	981.7	980.2	980.8		
54.6301	0.1261	981.7	980.2	980.7		
54.7134	0.1270	981.7	980.2	980.7		
54.7968	0.1208	981.7	980.1	980.7		
54.8801	0.1230	981.8	980.2	980.7		
54.9634	0.1216	981.8	980.2	980.8		
55.0468	0.1336	981.7	980.2	980.7		
55.1301	0.1243	981.7	980.2	980.8		
55.2134	0.1199	981.7	980.2	980.8		
55.2968	0.1150	981.8	980.2	980.8		
55.3801	0.1239	981.8	980.2	980.7		
55.4634	0.1181	981.7	980.1	980.7		
55.5468	0.1212	981.7	980.2	980.7		
55.6301	0.1270	981.8	980.2	980.8		
55.7134	0.1248	981.7	980.1	980.7		
55.7968	0.1345	981.7	980.1	980.7		
55.8801	0.1248	981.7	980.2	980.8		
55.9634	0.1270	981.7	980.2	980.8		
56.0468	0.1398	981.7	980.2	980.7		
56.1301	0.1239	981.6	980.1	980.7		
56.2134	0.1225	981.8	980.3	980.9		
56.2968	0.1216	981.7	980.2	980.7		
56.3801	0.1234	981.7	980.1	980.7		
56.4634	0.1279	981.7	980.2	980.7		
56.5468	0.1287	981.7	980.2	980.7		
56.6301	0.1283	981.7	980.1	980.7		
56.7134	0.1172	981.8	980.2	980.6		
56.7968	0.1176	981.8	980.2	980.7		
56.8801	0.1279	981.7	980.2	980.7		
56.9634	0.1221	981.7	980.1	980.7		
57.0468	0.1248	981.6	980.1	980.8		
57.1301	0.1279	981.7	980.2	980.8		
57.2134	0.1261	981.7	980.2	980.7		
57.2968	0.1243	981.7	980.2	980.7		
57.3801	0.1234	981.7	980.2	980.7		
57.4634	0.1279	981.8	980.3	980.9		
57.5468	0.1296	981.8	980.3	980.9		
57.6301	0.1367	981.7	980.2	980.8		
57.7134	0.1296	981.7	980.2	980.8		
57.7968	0.1301	981.7	980.2	980.8		
57.8801	0.1310	981.7	980.1	980.6		
57.9634	0.1252	981.7	980.2	980.6		
58.0468	0.1199	981.7	980.2	980.8		
58.1301	0.1279	981.8	980.3	980.8		
58.2134	0.1336	981.8	980.3	980.8		
58.2968	0.1305	981.7	980.2	980.8		
58.3801	0.1279	981.7	980.2	980.8		
58.4634	0.1301	981.8	980.3	980.8		
58.5468	0.1265	981.6	980.2	980.7		
58.6301	0.1350	981.7	980.2	980.8		
58.7134	0.1274	981.7	980.2	980.7		
58.7968	0.1279	981.7	980.2	980.8		
58.8801	0.1310	981.7	980.2	980.8		
58.9634	0.1323	981.8	980.3	980.8		
59.0468	0.1203	981.6	980.1	980.7		
59.1301	0.1252	981.6	980.1	980.7		
59.2134	0.1190	981.9	980.3	980.8		
59.2968	0.1265	981.7	980.2	980.7		
59.3801	0.1287	981.7	980.2	980.7		
59.4634	0.1274	981.7	980.1	980.7		
59.5468	0.1292	981.7	980.2	980.7		
59.6301	0.1372	981.7	980.2	980.8		
59.7134	0.1314	981.8	980.2	980.8		
59.7968	0.1319	981.7	980.2	980.8		
59.8801	0.1292	981.7	980.2	980.7		
59.9634	0.1319	981.7	980.2	980.8		
60.0468	0.1305	981.8	980.2	980.9		
60.1301	0.1363	981.7	980.2	980.8		
60.2134	0.1181	981.8	980.3	980.8		
60.2968	0.1274	981.8	980.2	980.7		
60.3801	0.1274	981.8	980.2	980.7		
60.4634	0.1265	981.7	980.2	980.7		
60.5468	0.1336	981.8	980.3	980.9		
60.6301	0.1314	981.8	980.2	980.8		
60.7134	0.1323	981.7	980.2	980.7		
60.7968	0.1279	981.7	980.1	980.7		
60.8801	0.1390	981.7	980.2	980.7		
60.9634	0.1341	981.7	980.2	980.7		
61.0468	0.1319	981.8	980.2	980.8		
61.1301	0.1358	981.7	980.2	980.8		
61.2134	0.1314	981.7	980.2	980.7		
61.2968	0.1283	981.7	980.2	980.7		
61.3801	0.1385	981.8	980.3	980.8		
61.4634	0.1323	981.8	980.2	980.6		
61.5468	0.1341	981.8	980.3	980.8		
61.6301	0.1314	981.7	980.2	980.7		
61.7134	0.1341	981.6	980.2	980.7		
61.7968	0.1301	981.7	980.1	980.8		
61.8801	0.1363	981.7	980.2	980.8		
61.9634	0.1358	981.7	980.2	980.8		
62.0468	0.1323	981.7	980.2	980.8		
62.1301	0.1319	981.8	980.3	980.8		
62.2134	0.1430	981.8	980.2	980.8		
62.2968	0.1385	981.7	980.2	980.8		
62.3801	0.1327	981.8	980.2	980.7		
62.4634	0.1341	981.8	980.2	980.7		
62.5468	0.1323	981.8	980.2	980.7		
62.6301	0.1367	981.8	980.2	980.8		
62.7134	0.1341	981.8	980.3	981.0		
62.7968	0.1332	981.7	980.2	980.8		
62.8801	0.1301	981.8	980.2	980.7		
62.9634	0.1341	981.7	980.2	980.7		
63.0468	0.1354	981.8	980.2	980.8		
63.1301	0.1447	981.8	980.2	980.8		
63.2134	0.1350	981.8	980.3	980.8		
63.2968	0.1319	981.8	980.3	980.9		
63.3801	0.1354	981.7	980.1	980.7		
63.4634	0.1345	981.7	980.2	980.7		
63.5468	0.1403	981.8	980.2	980.7		
63.6301	0.1385	981.8	980.3	980.8		
63.7134	0.1332	981.7	980.2	980.7		
63.7968	0.1390	981.8	980.2	980.8		
63.8801	0.1407	981.8	980.3	980.9		
63.9634	0.1367	981.7	980.2	980.8		
64.0468	0.1372	981.7	980.2	980.8		
64.1301	0.1372	981.8	980.2	980.8		
64.2134	0.1461	981.7	980.2	980.8		
64.2968	0.1465	981.8	980.2	980.8		
64.3801	0.1452	981.7	980.3	980.8		
64.4634	0.1403	981.8	980.2	980.7		
64.5468	0.1447	981.8	980.2	980.7		
64.6301	0.1456	981.8	980.3	980.8		
64.7134	0.1434	981.8	980.3	980.8		
64.7968	0.1403	981.8	980.3	980.8		
64.8801	0.1385	981.7	980.3	980.8		
64.9634	0.1421	981.7	980.2	980.8		
65.0468	0.1332	981.7	980.2	980.7		
65.1301	0.1332	981.8	980.3	980.9		
65.2134	0.1394	981.7	980.2	980.7		
65.2968	0.1354	981.8	980.3	980.8		
65.3801	0.1407	981.8	980.2	980.9		
65.4634	0.1376	981.8	980.2	980.8		
65.5468	0.1412	981.7	980.2	980.9		
65.6301	0.1314	981.8	980.2	980.8		
65.7134	0.1350	981.8	980.2	980.8		
65.7968	0.1403	981.7	980.2	980.7		
65.8801	0.1434	981.8	980.2	980.8		
65.9634	0.1447	981.7	980.2	980.8		
66.0468	0.1390	981.8	980.3	980.9		
66.1301	0.1469	981.7	980.2	980.8		
66.2134	0.1354	981.7	980.2	980.8		
66.2968	0.1381	981.7	980.3	980.9		
66.3801	0.1509	981.8	980.3	980.8		
66.4634	0.1367	981.7	980.2	980.7		
66.5468	0.1425	981.8	980.2	980.8		
66.6301	0.1425	981.8	980.2	980.8		
66.7134	0.1483	981.7	980.2	980.8		
66.7968	0.1407	981.7	980.2	980.8		
66.8801	0.1354	981.7	980.2	980.8		
66.9634	0.1469	981.8	980.2	980.8		
67.0468	0.1430	981.8	980.3	980.8		
67.1301	0.1443	982.1	980.4	980.9		
67.2134	0.1492	981.8	980.3	980.8		
67.2968	0.1501	981.7	980.2	980.8		
67.3801	0.1407	981.8	980.2	980.8		
67.4634	0.1465	981.7	980.2	980.7		
67.5468	0.1407	981.7	980.2	980.8		
67.6301	0.1332	981.8	980.3	980.8		
67.7134	0.1394	981.7	980.2	980.6		
67.7968	0.1447	981.8	980.2	980.8		
67.8801	0.1523	981.8	980.3	980.8		
67.9634	0.1501	981.7	980.2	980.8		
68.0468	0.1421	981.7	980.3	980.8		
68.1301	0.1376	981.8	980.2	980.8		
68.2134	0.1452	981.7	980.2	980.8		
68.2968	0.1443	981.8	980.2	980.8		
68.3801	0.1456	981.7	980.1	980.7		
68.4634	0.1461	981.7	980.2	980.8		
68.5468	0.1536	981.7	980.1	980.7		
68.6301	0.1452	981.8	980.2	980.7		
68.7134	0.1509	981.7	980.2	980.8		
68.7968	0.1483	981.7	980.2	980.7		
68.8801	0.1443	981.7	980.2	980.8		
68.9634	0.1447	981.7	980.2	980.8		
69.0468	0.1376	981.8	980.3	980.8		
69.1301	0.1434	981.7	980.1	980.6		
69.2134	0.1461	981.8	980.2	980.7		
69.2968	0.1447	981.7	980.2	980.8		
69.3801	0.1474	981.7	980.2	980.7		
69.4634	0.1603	981.7	980.1	980.7		
69.5468	0.1456	981.8	980.3	980.8		
69.6301	0.1487	981.7	980.3	980.8		
69.7134	0.1416	981.7	980.2	980.7		
69.7968	0.1425	981.8	980.3	980.8		
69.8801	0.1492	981.7	980.2	980.9		
69.9634	0.1461	981.7	980.3	980.8		
70.0468	0.1545	981.8	980.2	980.8		
70.1301	0.1394	981.8	980.2	980.7		
70.2134	0.1438	981.8	980.2	980.7		
70.2968	0.1478	981.7	980.2	980.7		
70.3801	0.1461	981.7	980.2	980.7		
70.4634	0.1483	981.7	980.3	980.8		
70.5468	0.1514	981.8	980.3	980.9		
70.6301	0.1518	981.8	980.2	980.8		
70.7134	0.1447	981.8	980.3	980.9		
70.7968	0.1469	981.7	980.2	980.8		
70.8801	0.1501	981.7	980.1	980.7		
70.9634	0.1465	981.8	980.3	980.8		
71.0468	0.1465	981.8	980.3	980.8		
71.1301	0.1461	981.7	980.3	980.7		
71.2134	0.1492	981.7	980.3	980.8		
71.2968	0.1443	981.8	980.2	980.8		
71.3801	0.1501	981.7	980.2	980.7		
71.4634	0.1509	981.8	980.2	980.7		
71.5468	0.1434	981.7	980.2	980.7		
71.6301	0.1487	981.8	980.1	980.8		
71.7134	0.1576	981.7	980.2	980.7		
71.7968	0.1501	981.7	980.2	980.7		
71.8801	0.1501	981.8	980.2	980.8		
71.9634	0.1536	981.8	980.3	980.8		
72.0468	0.1567	981.8	980.3	980.8		
72.1301	0.1514	981.7	980.2	980.7		
72.2134	0.1572	981.8	980.2	980.7		
72.2968	0.1438	981.8	980.2	980.8		
72.3801	0.1505	981.8	980.2	980.8		
72.4634	0.1514	981.8	980.4	981.1		
72.5468	0.1532	981.9	980.4	981.0		
72.6301	0.1616	981.7	980.2	980.8		
72.7134	0.1536	981.8	980.3	980.8		
72.7968	0.1492	981.8	980.2	980.8		
72.8801	0.1549	981.7	980.1	980.7		
72.9634	0.1469	981.8	980.3	980.8		
73.0468	0.1505	981.7	980.2	980.7		
73.1301	0.1541	981.7	980.3	980.9		
73.2134	0.1572	981.8	980.2	980.8		
73.2968	0.1514	981.8	980.2	980.7		
73.3801	0.1545	981.8	980.2	980.8		
73.4634	0.1536	981.8	980.2	980.8		
73.5468	0.1518	981.8	980.2	980.8		
73.6301	0.1580	981.8	980.2	980.8		
73.7134	0.1514	981.7	980.2	980.8		
73.7968	0.1505	981.8	980.2	980.8		
73.8801	0.1563	981.7	980.2	980.8		
73.9634	0.1598	981.7	980.1	980.7		
74.0468	0.1589	981.8	980.2	980.9		
74.1301	0.1536	981.8	980.1	980.7		
74.2134	0.1545	981.8	980.2	980.8		
74.2968	0.1541	981.7	980.2	980.8		
74.3801	0.1563	981.8	980.3	980.8		
74.4634	0.1563	981.8	980.2	980.7		
74.5468	0.1532	981.7	980.2	980.8		
74.6301	0.1554	981.8	980.2	980.8		
74.7134	0.1558	981.7	980.1	980.7		
74.7968	0.1612	981.8	980.2	980.8		
74.8801	0.1567	981.8	980.2	980.8		
74.9634	0.1554	981.9	980.3	980.9		
75.0468	0.1541	981.8	980.2	980.8		
75.1301	0.1501	981.7	980.2	980.7		
75.2134	0.1638	981.7	980.2	980.8		
75.2968	0.1594	981.8	980.3	980.8		
75.3801	0.1643	981.8	980.2	980.8		
75.4634	0.1536	981.8	980.2	980.7		
75.5468	0.1594	981.8	980.2	980.7		
75.6301	0.1545	981.8	980.3	980.8		
75.7134	0.1549	981.8	980.2	980.8		
75.7968	0.1554	981.8	980.2	980.8		
75.8801	0.1563	981.7	980.2	980.8		
75.9634	0.1567	981.8	980.2	980.8		
76.0468	0.1603	981.8	980.2	980.8		
76.1301	0.1603	981.8	980.2	980.7		
76.2134	0.1616	981.7	980.2	980.7		
76.2968	0.1567	981.8	980.2	980.8		
76.3801	0.1572	981.9	980.3	980.9		
76.4634	0.1665	981.8	980.1	980.7		
76.5468	0.1598	981.7	980.2	980.7		
76.6301	0.1549	981.8	980.3	980.8		
76.7134	0.1625	981.8	980.2	980.8		
76.7968	0.1541	981.8	980.2	980.8		
76.8801	0.1678	981.8	980.3	980.9		
76.9634	0.1643	981.8	980.3	980.8		
77.0468	0.1545	981.8	980.3	980.7		
77.1301	0.1594	981.8	980.2	980.7		
77.2134	0.1629	981.7	980.2	980.7		
77.2968	0.1527	981.7	980.2	980.7		
77.3801	0.1598	981.9	980.2	980.8		
77.4634	0.1585	981.7	980.1	980.7		
77.5468	0.1678	981.7	980.2	980.7		
77.6301	0.1598	981.8	980.2	980.8		
77.7134	0.1660	981.8	980.2	980.8		
77.7968	0.1669	981.8	980.3	980.9		
77.8801	0.1656	981.8	980.2	980.7		
77.9634	0.1647	981.9	980.4	980.9		
78.0468	0.1665	981.8	980.2	980.7		
78.1301	0.1731	981.8	980.3	980.9		
78.2134	0.1665	981.8	980.3	980.9		
78.2968	0.1598	981.8	980.2	980.7		
78.3801	0.1576	981.8	980.2	980.8		
78.4634	0.1678	981.8	980.4	981.1		
78.5468	0.1629	981.8	980.3	980.8		
78.6301	0.1647	981.8	980.3	980.9		
78.7134	0.1612	981.9	980.3	980.9		
78.7968	0.1647	981.8	980.3	980.9		
78.8801	0.1647	981.8	980.2	980.7		
78.9634	0.1647	981.8	980.3	980.8		
79.0468	0.1647	981.8	980.3	981.0		
79.1301	0.1651	981.9	980.3	980.9		
79.2134	0.1660	981.9	980.4	980.9		
79.2968	0.1634	981.9	980.3	980.8		
79.3801	0.1723	981.9	980.3	980.9		
79.4634	0.1620	981.8	980.3	980.9		
79.5468	0.1678	981.9	980.4	980.9		
79.6301	0.1589	981.9	980.4	981.0		
79.7134	0.1643	982.0	980.4	980.9		
79.7968	0.1678	981.9	980.4	980.9		
79.8801	0.1576	981.8	980.4	980.9		
79.9634	0.1629	981.8	980.4	980.9		
80.0468	0.1647	981.9	980.3	980.9		
80.1301	0.1678	982.0	980.5	981.1		
80.2134	0.1683	981.9	980.3	980.9		
80.2968	0.1616	982.0	980.3	980.8		
80.3801	0.1616	981.9	980.3	980.9		
80.4634	0.1669	981.9	980.3	980.8		
80.5468	0.1656	981.9	980.4	980.9		
80.6301	0.1656	981.9	980.4	980.9		
80.7134	0.1749	981.9	980.3	980.9		
80.7968	0.1665	982.0	980.5	981.0		
80.8801	0.1558	982.0	980.5	981.1		
80.9634	0.1629	981.9	980.4	980.9		
81.0468	0.1647	981.9	980.4	980.9		
81.1301	0.1634	982.0	980.4	980.9		
81.2134	0.1616	981.9	980.4	980.9		
81.2968	0.1647	982.0	980.5	980.9		
81.3801	0.1731	981.9	980.3	980.8		
81.4634	0.1705	981.8	980.4	980.9		
81.5468	0.1643	981.9	980.5	981.1		
81.6301	0.1665	981.9	980.4	980.9		
81.7134	0.1731	981.9	980.3	980.9		
81.7968	0.1696	981.9	980.3	980.9		
81.8801	0.1660	981.9	980.3	980.8		
81.9634	0.1651	981.9	980.3	980.9		
82.0468	0.1660	982.0	980.4	980.9		
82.1301	0.1643	981.9	980.3	980.8		
82.2134	0.1758	982.0	980.4	980.9		
82.2968	0.1749	981.9	980.2	980.7		
82.3801	0.1771	981.9	980.4	980.8		
82.4634	0.1745	982.0	980.4	980.8		
82.5468	0.1767	981.9	980.3	980.9		
82.6301	0.1674	981.9	980.4	980.9		
82.7134	0.1669	981.9	980.4	980.9		
82.7968	0.1762	981.9	980.3	980.8		
82.8801	0.1634	981.9	980.4	980.9		
82.9634	0.1620	981.9	980.3	980.7		
83.0468	0.1731	981.9	980.3	980.8		
83.1301	0.1629	981.8	980.3	980.8		
83.2135	0.1674	981.9	980.3	980.8		
83.2968	0.1740	981.9	980.4	980.9		
83.3801	0.1740	981.9	980.3	980.9		
83.4635	0.1776	981.9	980.4	980.9		
83.5468	0.1691	981.8	980.3	980.9		
83.6301	0.1705	981.8	980.3	980.9		
83.7135	0.1678	981.9	980.4	980.9		
83.7968	0.1700	981.9	980.4	980.9		
83.8801	0.1691	981.9	980.3	980.8		
83.9635	0.1754	981.8	980.3	980.7		
84.0468	0.1745	981.8	980.3	980.8		
84.1301	0.1767	981.8	980.3	980.9		
84.2135	0.1714	981.9	980.3	980.9		
84.2968	0.1700	981.9	980.3	980.8		
84.3801	0.1758	981.9	980.3	980.9		
84.4635	0.1723	981.9	980.3	980.9		
84.5468	0.1771	981.9	980.3	980.9		
84.6301	0.1705	981.9	980.3	980.8		
84.7135	0.1767	981.9	980.4	980.8		
84.7968	0.1736	981.9	980.3	980.9		
84.8801	0.1691	981.8	980.3	980.9		
84.9635	0.1736	981.9	980.3	980.8		
85.0468	0.1727	981.9	980.3	980.9		
85.1301	0.1749	981.9	980.4	980.9		
85.2135	0.1789	981.8	980.3	980.8		
85.2968	0.1683	982.0	980.4	980.9		
85.3801	0.1718	981.9	980.3	980.7		
85.4635	0.1709	981.8	980.3	980.8		
85.5468	0.1687	981.9	980.4	980.9		
85.6301	0.1714	981.8	980.3	980.9		
85.7135	0.1736	981.8	980.3	980.8		
85.7968	0.1798	981.9	980.4	980.9		
85.8801	0.1811	981.9	980.4	980.9		
85.9635	0.1754	982.0	980.5	981.0		
86.0468	0.1731	981.9	980.3	980.9		
86.1301	0.1771	981.8	980.3	980.8		
86.2135	0.1745	981.9	980.3	980.8		
86.2968	0.1798	981.8	980.3	980.9		
86.3801	0.1771	981.8	980.3	980.8		
86.4635	0.1878	981.8	980.3	980.8		
86.5468	0.1842	981.8	980.3	980.8		
86.6301	0.1758	981.7	980.2	980.7		
86.7135	0.1789	981.9	980.3	980.9		
86.7968	0.1745	981.9	980.3	980.7		
86.8801	0.1767	981.9	980.3	980.9		
86.9635	0.1709	981.8	980.3	980.8		
87.0468	0.1851	981.8	980.3	981.0		
87.1301	0.1789	981.8	980.3	980.8		
87.2135	0.1780	981.9	980.4	980.9		
87.2968	0.1825	981.8	980.3	980.8		
87.3801	0.1811	981.9	980.4	980.9		
87.4635	0.1887	981.9	980.3	980.9		
87.5468	0.1798	981.8	980.3	980.7		
87.6301	0.1789	981.8	980.3	980.7		
87.7135	0.1807	981.9	980.4	981.0		
87.7968	0.1785	981.8	980.3	980.9		
87.8801	0.1873	981.8	980.3	980.8		
87.9635	0.1749	981.8	980.3	980.8		
88.0468	0.1749	981.9	980.3	980.8		
88.1301	0.1785	981.9	980.2	980.8		
88.2135	0.1802	981.8	980.3	980.8		
88.2968	0.1767	981.8	980.4	980.9		
88.3801	0.1798	981.8	980.3	980.9		
88.4635	0.1816	981.9	980.4	980.9		
88.5468	0.1825	981.8	980.3	980.9		
88.6301	0.1820	981.9	980.4	981.0		
88.7135	0.1785	981.9	980.3	980.8		
88.7968	0.1785	981.9	980.3	980.9		
88.8801	0.1811	981.9	980.4	980.9		
88.9635	0.1816	981.8	980.3	980.9		
89.0468	0.1829	981.9	980.3	980.8		
89.1301	0.1825	981.9	980.3	980.8		
89.2135	0.1856	981.9	980.4	980.9		
89.2968	0.1794	981.9	980.4	980.8		
89.3801	0.1807	981.9	980.4	980.9		
89.4635	0.1825	981.9	980.4	980.9		
89.5468	0.1820	981.9	980.3	980.8		
89.6301	0.1816	981.8	980.3	980.8		
89.7135	0.1851	981.9	980.3	980.8		
89.7968	0.1869	981.9	980.4	980.8		
89.8801	0.1829	981.9	980.4	980.9		
89.9635	0.1891	981.8	980.4	980.9		
90.0468	0.1758	981.9	980.3	980.8		
90.1301	0.1865	981.8	980.3	980.8		
90.2135	0.1918	981.9	980.3	980.8		
90.2968	0.1811	981.8	980.3	980.7		
90.3801	0.1847	981.8	980.3	980.8		
90.4635	0.1825	981.9	980.3	980.8		
90.5468	0.1816	981.9	980.3	980.8		
90.6301	0.1856	981.9	980.3	980.8		
90.7135	0.1856	981.8	980.3	980.9		
90.7968	0.1869	981.9	980.3	980.8		
90.8801	0.1838	981.9	980.4	981.0		
90.9635	0.1851	981.9	980.3	980.8		
91.0468	0.1838	981.9	980.3	980.8		
91.1301	0.1825	981.9	980.4	980.8		
91.2135	0.1807	981.9	980.3	980.8		
91.2968	0.1882	981.9	980.4	980.9		
91.3801	0.1802	981.9	980.4	980.9		
91.4635	0.1842	981.8	980.3	980.8		
91.5468	0.1869	981.9	980.4	980.9		
91.6301	0.1825	981.8	980.3	980.8		
91.7135	0.1882	981.8	980.3	980.9		
91.7968	0.1918	981.9	980.4	980.8		
91.8801	0.1816	981.8	980.3	980.7		
91.9635	0.1869	981.8	980.4	980.7		
92.0468	0.1891	981.8	980.3	980.8		
92.1301	0.1842	981.8	980.3	980.8		
92.2135	0.1887	981.9	980.4	980.9		
92.2968	0.1834	981.8	980.4	980.9		
92.3801	0.1905	981.8	980.3	980.8		
92.4635	0.1825	981.9	980.3	980.8		
92.5468	0.1887	981.8	980.4	980.9		
92.6301	0.1958	981.8	980.3	980.8		
92.7135	0.1878	981.9	980.4	980.8		
92.7968	0.1873	981.8	980.3	980.8		
92.8801	0.1940	981.9	980.3	980.8		
92.9635	0.1847	982.0	980.4	980.8		
93.0468	0.1882	981.8	980.3	980.8		
93.1301	0.1953	981.8	980.3	980.8		
93.2135	0.1931	981.9	980.3	980.9		
93.2968	0.1896	981.8	980.3	980.8		
93.3801	0.1922	981.9	980.4	980.9		
93.4635	0.1847	981.9	980.3	980.8		
93.5468	0.1869	981.8	980.3	980.8		
93.6301	0.1842	981.8	980.3	980.8		
93.7135	0.1913	981.9	980.4	980.9		
93.7968	0.1922	981.8	980.3	980.8		
93.8801	0.1931	982.0	980.3	980.8		
93.9635	0.1882	981.9	980.3	980.8		
94.0468	0.1940	981.8	980.3	980.8		
94.1301	0.1940	981.8	980.3	980.8		
94.2135	0.1838	981.8	980.3	980.8		
94.2968	0.1887	981.8	980.3	980.9		
94.3801	0.1865	982.0	980.4	980.9		
94.4635	0.1887	982.0	980.4	980.9		
94.5468	0.1967	981.6	980.1	980.7		
94.6301	0.1940	981.7	980.2	980.8		
94.7135	0.1913	981.8	980.3	980.8		
94.7968	0.1949	982.0	980.5	981.1		
94.8801	0.1865	981.9	980.3	980.8		
94.9635	0.2011	981.9	980.4	980.9		
95.0468	0.1900	981.7	980.2	980.7		
95.1301	0.1873	981.8	980.2	980.8		
95.2135	0.1860	981.8	980.2	980.6		
95.2968	0.1860	981.8	980.3	980.9		
95.3801	0.2002	981.8	980.3	980.8		
95.4635	0.1878	981.7	980.2	980.7		
95.5468	0.1909	981.8	980.3	980.9		
95.6301	0.1882	981.8	980.2	980.8		
95.7135	0.1927	981.9	980.3	980.8		
95.7968	0.1900	981.8	980.2	980.7		
95.8801	0.1980	981.8	980.2	980.8		
95.9635	0.1860	981.8	980.2	980.7		
96.0468	0.1949	981.9	980.4	981.0		
96.1301	0.1900	981.9	980.3	980.8		
96.2135	0.1913	981.9	980.3	980.7		
96.2968	0.1922	981.8	980.3	980.8		
96.3801	0.1909	981.8	980.2	980.7		
96.4635	0.1900	981.8	980.2	980.7		
96.5468	0.1882	982.0	980.4	980.9		
96.6301	0.1896	981.9	980.3	980.8		
96.7135	0.1953	981.9	980.3	981.0		
96.7968	0.1913	981.8	980.3	980.8		
96.8801	0.1967	981.9	980.3	980.8		
96.9635	0.2011	981.8	980.3	980.9		
97.0468	0.1913	981.9	980.3	980.8		
97.1301	0.1953	981.9	980.3	980.8		
97.2135	0.1953	981.8	980.3	980.8		
97.2968	0.1949	981.9	980.4	980.9		
97.3801	0.1922	981.9	980.3	980.9		
97.4635	0.1905	982.0	980.4	980.9		
97.5468	0.1976	981.9	980.4	980.9		
97.6301	0.1940	981.9	980.3	980.8		
97.7135	0.2002	981.9	980.3	980.8		
97.7968	0.1918	981.9	980.3	980.8		
97.8801	0.1958	982.0	980.5	981.0		
97.9635	0.1958	981.9	980.4	980.9		
98.0468	0.1913	981.9	980.4	980.9		
98.1301	0.1971	981.9	980.3	980.8		
98.2135	0.1967	981.9	980.4	980.9		
98.2968	0.2020	981.8	980.3	980.9		
98.3801	0.1967	981.9	980.3	980.9		
98.4635	0.1971	981.9	980.3	980.9		
98.5468	0.1962	981.9	980.4	980.8		
98.6301	0.1989	981.9	980.4	980.9		
98.7135	0.1958	982.0	980.4	980.9		
98.7968	0.2038	981.9	980.4	980.8		
98.8801	0.2011	981.9	980.4	980.9		
98.9635	0.1998	981.9	980.3	980.8		
99.0468	0.1989	981.9	980.3	980.9		
99.1301	0.1882	981.9	980.4	980.9		
99.2135	0.1976	981.9	980.3	980.8		
99.2968	0.1913	981.9	980.4	980.9		
99.3801	0.1971	981.9	980.3	980.9		
99.4635	0.2135	981.9	980.3	980.9		
99.5468	0.1993	981.9	980.4	980.9		
99.6301	0.1971	981.9	980.3	980.8		
99.7135	0.1971	981.9	980.3	980.8		
99.7968	0.2011	981.9	980.3	980.8		
99.8801	0.1922	982.0	980.4	981.0		
99.9635	0.2029	981.8	980.3	980.8		
100.0468	0.2016	981.9	980.4	980.9		
100.1301	0.1980	981.9	980.3	980.8		
100.2135	0.1989	981.8	980.3	980.8		
100.2968	0.2060	981.9	980.3	980.8		
100.3801	0.2002	981.8	980.3	980.8		
100.4635	0.1984	981.9	980.3	980.9		
100.5468	0.1958	981.9	980.3	980.8		
100.6301	0.1989	982.0	980.3	980.8		
100.7135	0.1993	981.9	980.3	980.8		
100.7968	0.1971	981.9	980.4	981.0		
100.8801	0.2007	981.9	980.4	980.9		
100.9635	0.2024	982.0	980.4	980.9		
101.0468	0.1953	981.9	980.3	980.8		
101.1301	0.2047	981.8	980.3	980.7		
101.2135	0.2047	981.9	980.3	980.8		
101.2968	0.2011	981.9	980.4	980.9		
101.3801	0.1976	981.9	980.3	980.9		
101.4635	0.2002	981.9	980.3	980.8		
101.5468	0.2042	981.9	980.3	980.8		
101.6301	0.2060	981.8	980.3	980.8		
101.7135	0.2064	981.9	980.3	980.8		
101.7968	0.2029	981.8	980.3	980.8		
101.8801	0.2042	981.9	980.3	980.9		
101.9635	0.2087	981.9	980.4	980.9		
102.0468	0.1967	981.9	980.3	980.9		
102.1301	0.2042	981.9	980.4	980.9		
102.2135	0.2082	981.8	980.3	980.8		
102.2968	0.1993	981.9	980.3	980.8		
102.3801	0.2042	981.9	980.3	980.9		
102.4635	0.2016	981.9	980.3	980.8		
102.5468	0.2047	981.9	980.3	980.8		
102.6301	0.1984	981.9	980.4	980.9		
102.7135	0.2091	981.9	980.4	980.9		
102.7968	0.2082	981.9	980.3	980.8		
102.8801	0.2131	982.0	980.4	980.9		
102.9635	0.2047	981.9	980.3	980.7		
103.0468	0.1989	981.9	980.3	980.8		
103.1301	0.2020	981.8	980.3	980.8		
103.2135	0.2055	981.9	980.3	980.9		
103.2968	0.2038	981.9	980.4	980.9		
103.3801	0.2082	981.9	980.4	980.9		
103.4635	0.2069	981.9	980.3	980.7		
103.5468	0.2087	981.9	980.3	980.8		
103.6301	0.2082	981.9	980.4	980.9		
103.7135	0.2042	981.9	980.3	980.9		
103.7968	0.2029	981.9	980.3	980.8		
103.8801	0.1998	981.9	980.3	980.8		
103.9635	0.2064	981.9	980.4	980.8		
104.0468	0.2104	981.9	980.3	980.8		
104.1301	0.1993	981.8	980.3	980.8		
104.2135	0.2100	981.9	980.3	980.8		
104.2968	0.1958	981.9	980.4	980.9		
104.3801	0.1980	981.9	980.3	980.8		
104.4635	0.2029	981.9	980.3	980.7		
104.5468	0.2091	981.8	980.3	980.8		
104.6301	0.2051	981.8	980.3	980.8		
104.7135	0.2024	981.8	980.3	980.8		
104.7968	0.2033	981.9	980.4	980.8		
104.8801	0.2073	981.9	980.3	980.8		
104.9635	0.2104	981.9	980.3	980.8		
105.0468	0.2073	981.9	980.4	980.9		
105.1301	0.2029	981.8	980.3	980.8		
105.2135	0.2127	981.8	980.4	980.9		
105.2968	0.2055	981.9	980.3	980.9		
105.3801	0.2064	981.9	980.4	980.9		
105.4635	0.2073	981.9	980.3	980.8		
105.5468	0.2055	982.0	980.5	981.2		
105.6301	0.2087	981.9	980.3	980.8		
105.7135	0.2047	981.9	980.3	980.8		
105.7968	0.2073	981.8	980.3	980.8		
105.8801	0.2127	981.9	980.4	980.9		
105.9635	0.2078	981.9	980.3	980.8		
106.0468	0.2073	981.9	980.3	980.8		
106.1301	0.2149	981.9	980.3	980.7		
106.2135	0.2016	982.0	980.4	980.9		
106.2968	0.2038	981.9	980.4	980.9		
106.3801	0.2153	982.0	980.5	980.9		
106.4635	0.2095	981.9	980.3	980.8		
106.5468	0.2069	981.9	980.4	980.8		
106.6301	0.2029	981.9	980.3	980.8		
106.7135	0.2091	981.9	980.3	980.8		
106.7968	0.2064	981.9	980.3	980.8		
106.8801	0.2127	981.9	980.3	980.8		
106.9635	0.2091	982.0	980.4	980.8		
107.0468	0.2078	982.0	980.4	980.8		
107.1301	0.2109	981.9	980.4	980.8		
107.2135	0.2087	981.9	980.4	980.8		
107.2968	0.2024	982.0	980.4	981.0		
107.3801	0.2104	981.9	980.4	980.9		
107.4635	0.1993	981.9	980.4	980.8		
107.5468	0.2131	982.0	980.4	980.9		
107.6301	0.2091	981.9	980.4	980.9		
107.7135	0.2064	982.0	980.4	980.9		
107.7968	0.2149	982.0	980.3	980.8		
107.8801	0.2122	982.0	980.4	980.9		
107.9635	0.2095	981.9	980.4	980.8		
108.0468	0.2082	982.0	980.4	980.8		
108.1301	0.2038	981.9	980.4	980.9		
108.2135	0.2166	982.0	980.4	980.9		
108.2968	0.2024	982.0	980.4	980.9		
108.3801	0.2024	981.9	980.4	980.8		
108.4635	0.2118	982.0	980.5	980.9		
108.5468	0.2100	981.9	980.3	980.8		
108.6301	0.2095	981.9	980.4	980.9		
108.7135	0.2095	981.8	980.3	980.8		
108.7968	0.2095	981.9	980.4	980.8		
108.8801	0.2122	981.9	980.4	980.9		
108.9635	0.2109	981.9	980.4	980.9		
109.0468	0.2131	981.9	980.3	980.8		
109.1301	0.2100	981.9	980.3	980.7		
109.2135	0.2198	981.8	980.3	980.6		
109.2968	0.2158	981.9	980.3	980.9		
109.3801	0.2135	982.0	980.5	981.0		
109.4635	0.2118	981.9	980.4	980.9		
109.5468	0.2113	981.9	980.3	980.8		
109.6301	0.2162	981.9	980.3	980.8		
109.7135	0.2144	982.0	980.4	980.9		
109.7968	0.2069	981.9	980.3	980.8		
109.8801	0.2100	981.9	980.4	980.8		
109.9635	0.2193	981.9	980.3	980.8		
110.0468	0.2087	981.9	980.3	980.8		
110.1301	0.2140	981.8	980.3	980.8		
110.2135	0.2149	981.9	980.3	980.7		
110.2968	0.2140	982.0	980.4	980.8		
110.3801	0.2158	981.9	980.3	980.9		
110.4635	0.2073	981.9	980.3	980.8		
110.5468	0.2135	982.0	980.4	980.9		
110.6301	0.2175	982.0	980.4	980.9		
110.7135	0.2153	981.9	980.3	980.9		
110.7968	0.2189	981.9	980.3	980.9		
110.8801	0.2095	981.9	980.4	980.8		
110.9635	0.2095	981.9	980.4	980.8		
111.0468	0.2166	982.0	980.3	980.9		
111.1301	0.2144	981.9	980.4	980.8		
111.2135	0.2215	981.9	980.4	980.8		
111.2968	0.2109	981.9	980.4	980.9		
111.3801	0.2144	981.9	980.4	980.8		
111.4635	0.2140	981.9	980.3	980.8		
111.5468	0.2211	982.0	980.5	980.9		
111.6301	0.2118	982.0	980.4	980.9		
111.7135	0.2131	981.9	980.4	980.9		
111.7968	0.2135	982.0	980.4	980.8		
111.8801	0.2180	981.9	980.3	980.8		
111.9635	0.2104	981.9	980.4	980.9		
112.0468	0.2158	982.0	980.4	980.8		
112.1301	0.2135	982.0	980.4	980.7		
112.2135	0.2153	981.9	980.4	980.9		
112.2968	0.2193	982.0	980.4	980.9		
112.3801	0.2193	982.0	980.4	980.8		
112.4635	0.2238	981.9	980.3	980.8		
112.5468	0.2184	982.0	980.4	980.9		
112.6301	0.2127	982.0	980.4	980.9		
112.7135	0.2122	982.0	980.4	980.8		
112.7968	0.2149	981.9	980.3	980.8		
112.8801	0.2202	981.9	980.3	980.8		
112.9635	0.2171	982.0	980.4	980.8		
113.0468	0.2171	982.0	980.3	980.8		
113.1301	0.2238	981.9	980.4	980.8		
113.2135	0.2193	981.9	980.4	980.9		
113.2968	0.2277	981.9	980.4	980.9		
113.3801	0.2122	981.9	980.3	980.8		
113.4635	0.2153	982.0	980.4	980.8		
113.5468	0.2144	982.0	980.3	980.7		
113.6301	0.2211	982.0	980.4	980.9		
113.7135	0.2211	981.9	980.4	980.8		
113.7968	0.2206	981.9	980.3	980.8		
113.8801	0.2184	981.9	980.3	980.9		
113.9635	0.2175	982.0	980.4	980.9		
114.0468	0.2211	982.0	980.4	980.9		
114.1301	0.2140	981.9	980.4	980.8		
114.2135	0.2162	981.9	980.3	980.8		
114.2968	0.2127	981.9	980.3	980.8		
114.3801	0.2140	982.0	980.4	980.9		
114.4635	0.2202	981.9	980.3	980.9		
114.5468	0.2224	981.9	980.4	980.9		
114.6301	0.2149	981.9	980.3	980.9		
114.7135	0.2175	982.0	980.3	980.8		
114.7968	0.2189	981.9	980.3	980.8		
114.8801	0.2211	982.0	980.4	980.8		
114.9635	0.2273	981.9	980.4	980.8		
115.0468	0.2184	981.9	980.4	980.8		
115.1301	0.2224	982.0	980.4	980.9		
115.2135	0.2131	981.9	980.4	980.9		
115.2968	0.2189	981.9	980.3	980.8		
115.3801	0.2269	981.9	980.3	980.9		
115.4635	0.2238	981.9	980.3	980.8		
115.5468	0.2246	981.9	980.3	980.9		
115.6301	0.2242	981.9	980.4	980.8		
115.7135	0.2149	982.0	980.4	980.9		
115.7968	0.2175	982.0	980.4	980.8		
115.8801	0.2224	981.9	980.3	980.8		
115.9635	0.2180	982.0	980.4	980.9		
116.0468	0.2224	981.9	980.4	980.9		
116.1301	0.2224	981.9	980.3	980.9		
116.2135	0.2166	981.9	980.3	980.8		
116.2968	0.2153	981.9	980.4	980.9		
116.3801	0.2189	981.9	980.4	980.9		
116.4635	0.2175	981.9	980.4	980.8		
116.5468	0.2180	981.9	980.3	980.8		
116.6301	0.2202	981.9	980.3	980.8		
116.7135	0.2162	981.9	980.4	980.8		
116.7968	0.2211	981.9	980.4	980.9		
116.8801	0.2273	981.9	980.3	980.8		
116.9635	0.2202	981.9	980.3	980.8		
117.0468	0.2229	981.9	980.3	980.9		
117.1301	0.2184	981.8	980.3	980.8		
117.2135	0.2246	982.0	980.5	981.0		
117.2968	0.2277	982.0	980.4	980.9		
117.3801	0.2211	982.0	980.4	980.9		
117.4635	0.2202	981.8	980.3	980.8		
117.5468	0.2242	981.9	980.3	980.7		
117.6301	0.2184	981.9	980.3	980.8		
117.7135	0.2309	981.9	980.3	980.8		
117.7968	0.2166	981.9	980.4	980.9		
117.8801	0.2220	981.9	980.4	980.8		
117.9635	0.2260	981.9	980.3	980.9		
118.0468	0.2193	981.9	980.3	980.8		
118.1301	0.2255	981.9	980.3	980.8		
118.2135	0.2166	981.9	980.4	980.9		
118.2968	0.2153	982.0	980.3	980.9		
118.3801	0.2206	981.9	980.3	980.8		
118.4635	0.2251	982.0	980.4	980.9		
118.5468	0.2246	981.9	980.4	980.9		
118.6301	0.2260	981.9	980.3	980.8		
118.7135	0.2260	982.1	980.6	981.4		
118.7968	0.2180	982.0	980.4	980.9		
118.8801	0.2220	982.0	980.3	980.8		
118.9635	0.2238	982.0	980.3	980.8		
119.0468	0.2304	981.9	980.3	980.8		
119.1301	0.2335	981.8	980.3	980.7		
119.2135	0.2273	981.9	980.3	980.8		
119.2968	0.2251	981.9	980.4	981.0		
119.3801	0.2198	982.0	980.3	980.8		
119.4635	0.2291	981.9	980.3	980.8		
119.5468	0.2322	981.9	980.3	980.7		
119.6301	0.2291	981.9	980.3	980.9		
119.7135	0.2291	981.8	980.2	980.7		
119.7968	0.2286	981.9	980.3	980.8		
119.8801	0.2220	981.9	980.3	980.7		
119.9635	0.2269	981.8	980.3	980.8		
120.0468	0.2233	981.9	980.3	980.8		
120.1301	0.2291	981.9	980.3	980.8		
120.2135	0.2304	981.9	980.3	980.8		
120.2968	0.2273	981.9	980.3	980.8		
120.3801	0.2238	981.9	980.4	980.8		
120.4635	0.2224	981.9	980.3	980.7		
120.5468	0.2260	982.0	980.4	980.9		
120.6301	0.2340	981.9	980.4	980.9		
120.7135	0.2295	981.9	980.3	980.9		
120.7968	0.2238	981.9	980.3	980.9		
120.8801	0.2242	981.9	980.4	980.8		
120.9635	0.2269	982.0	980.3	980.8		
121.0468	0.2375	981.9	980.2	980.8		
121.1301	0.2286	981.9	980.3	980.8		
121.2135	0.2273	981.9	980.4	980.9		
121.2968	0.2215	981.8	980.3	980.8		
121.3801	0.2238	982.0	980.4	980.8		
121.4635	0.2277	981.9	980.3	980.8		
121.5468	0.2322	981.8	980.3	980.8		
121.6301	0.2260	981.9	980.3	980.8		
121.7135	0.2295	981.8	980.2	980.8		
121.7968	0.2331	981.9	980.3	980.8		
121.8801	0.2215	981.9	980.3	980.8		
121.9635	0.2291	982.0	980.3	980.8		
122.0468	0.2251	981.9	980.3	980.8		
122.1301	0.2273	981.9	980.3	980.7		
122.2135	0.2357	981.9	980.3	980.9		
122.2968	0.2273	982.0	980.4	980.8		
122.3801	0.2260	981.9	980.3	980.8		
122.4635	0.2304	981.9	980.2	980.7		
122.5468	0.2282	981.9	980.3	980.8		
122.6301	0.2313	981.9	980.3	980.8		
122.7135	0.2255	981.8	980.3	980.8		
122.7968	0.2255	981.9	980.3	980.8		
122.8801	0.2273	981.9	980.4	980.8		
122.9635	0.2282	981.9	980.4	980.9		
123.0468	0.2260	981.8	980.3	980.8		
123.1301	0.2273	981.9	980.4	980.9		
123.2135	0.2304	981.9	980.3	980.8		
123.2968	0.2375	981.9	980.3	980.8		
123.3801	0.2362	981.9	980.4	980.9		
123.4635	0.2273	981.9	980.3	980.8		
123.5468	0.2229	982.0	980.4	980.9		
123.6301	0.2331	981.9	980.4	980.9		
123.7135	0.2220	981.8	980.3	980.9		
123.7968	0.2331	982.0	980.4	980.8		
123.8801	0.2300	981.9	980.4	980.9		
123.9635	0.2335	981.9	980.3	980.9		
124.0468	0.2353	981.9	980.3	980.8		
124.1301	0.2357	981.9	980.3	980.8		
124.2135	0.2286	981.9	980.3	980.9		
124.2968	0.2304	981.9	980.4	980.8		
124.3801	0.2371	981.8	980.4	980.8		
124.4635	0.2375	981.9	980.4	980.8		
124.5468	0.2286	981.9	980.3	980.8		
124.6301	0.2269	981.8	980.3	980.7		
124.7135	0.2406	981.9	980.4	980.9		
124.7968	0.2317	981.9	980.3	980.9		
124.8801	0.2340	982.0	980.4	980.9		
124.9635	0.2309	981.9	980.4	980.8		
125.0468	0.2255	981.9	980.3	980.8		
125.1301	0.2291	982.0	980.4	980.8		
125.2135	0.2388	981.9	980.4	980.9		
125.2968	0.2335	981.9	980.4	980.9		
125.3801	0.2322	981.9	980.3	980.8		
125.4635	0.2317	982.0	980.4	980.9		
125.5468	0.2349	981.9	980.4	980.9		
125.6301	0.2406	981.9	980.3	980.8		
125.7135	0.2402	981.9	980.3	980.9		
125.7968	0.2251	981.8	980.3	980.8		
125.8801	0.2344	981.9	980.3	980.8		
125.9635	0.2402	982.3	980.6	980.9		
126.0468	0.2397	982.0	980.4	980.8		
126.1301	0.2353	981.9	980.3	980.8		
126.2135	0.2349	981.9	980.5	981.1		
126.2968	0.2344	981.8	980.3	980.9		
126.3801	0.2357	981.8	980.3	980.9		
126.4635	0.2326	982.0	980.4	980.8		
126.5468	0.2335	981.9	980.3	980.8		
126.6301	0.2357	982.0	980.3	980.8		
126.7135	0.2393	982.0	980.3	980.8		
126.7968	0.2375	981.8	980.3	980.8		
126.8801	0.2371	981.9	980.3	980.8		
126.9635	0.2397	981.9	980.3	980.7		
127.0468	0.2313	981.9	980.4	980.9		
127.1301	0.2233	981.9	980.3	980.8		
127.2135	0.2335	981.9	980.4	980.9		
127.2968	0.2331	981.9	980.3	980.7		
127.3801	0.2309	981.9	980.4	980.9		
127.4635	0.2442	981.9	980.3	980.8		
127.5468	0.2371	981.8	980.3	980.8		
127.6301	0.2349	981.9	980.4	980.9		
127.7135	0.2366	981.9	980.3	980.8		
127.7968	0.2366	981.9	980.3	980.8		
127.8801	0.2420	981.9	980.3	980.8		
127.9635	0.2362	981.9	980.3	980.7		
128.0468	0.2388	981.8	980.3	980.8		
128.1301	0.2388	981.9	980.3	980.8		
128.2135	0.2331	981.8	980.3	980.8		
128.2968	0.2397	981.9	980.3	980.8		
128.3801	0.2326	981.9	980.3	980.8		
128.4635	0.2388	981.9	980.4	980.8		
128.5468	0.2344	981.8	980.3	980.8		
128.6301	0.2393	981.9	980.3	980.8		
128.7135	0.2397	981.9	980.4	980.8		
128.7968	0.2393	981.8	980.3	980.8		
128.8801	0.2442	981.9	980.2	980.7		
128.9635	0.2357	981.8	980.3	980.7		
129.0468	0.2459	981.9	980.4	980.9		
129.1301	0.2380	981.9	980.3	980.8		
129.2135	0.2313	981.9	980.3	980.7		
129.2968	0.2344	981.9	980.3	980.7		
129.3801	0.2388	981.8	980.3	980.8		
129.4635	0.2433	981.9	980.4	980.9		
129.5468	0.2442	982.0	980.5	981.0		
129.6301	0.2424	981.9	980.4	980.9		
129.7135	0.2397	982.0	980.4	980.9		
129.7968	0.2433	981.9	980.3	980.8		
129.8801	0.2388	981.9	980.3	980.8		
129.9635	0.2446	981.9	980.2	980.7		
130.0468	0.2397	981.9	980.4	980.9		
130.1301	0.2357	981.9	980.3	980.7		
130.2135	0.2317	981.9	980.3	980.8		
130.2968	0.2384	981.9	980.4	980.9		
130.3801	0.2375	981.9	980.3	980.8		
130.4635	0.2388	981.9	980.3	980.9		
130.5468	0.2340	981.9	980.3	980.8		
130.6301	0.2380	981.9	980.3	980.7		
130.7135	0.2366	981.9	980.4	980.8		
130.7968	0.2388	982.0	980.3	980.9		
130.8801	0.2428	981.9	980.3	980.8		
130.9635	0.2362	981.9	980.3	980.8		
131.0468	0.2428	981.9	980.3	980.9		
131.1301	0.2428	982.0	980.4	980.9		
131.2135	0.2428	981.9	980.3	980.8		
131.2968	0.2486	982.0	980.4	980.9		
131.3801	0.2388	981.9	980.3	980.8		
131.4635	0.2357	981.9	980.3	980.8		
131.5468	0.2437	981.9	980.3	980.8		
131.6301	0.2402	981.9	980.3	980.7		
131.7135	0.2428	981.9	980.3	980.8		
131.7968	0.2353	981.9	980.3	980.8		
131.8801	0.2331	981.9	980.3	980.8		
131.9635	0.2388	982.0	980.4	980.8		
132.0468	0.2433	981.9	980.3	980.8		
132.1301	0.2464	981.9	980.3	980.8		
132.2135	0.2437	982.0	980.4	980.8		
132.2968	0.2482	981.9	980.3	980.8		
132.3801	0.2433	981.9	980.3	980.8		
132.4635	0.2455	981.9	980.3	980.9		
132.5468	0.2406	981.9	980.3	980.8		
132.6301	0.2388	981.9	980.3	980.8		
132.7135	0.2366	981.9	980.3	980.8		
132.7968	0.2468	981.9	980.3	980.8		
132.8801	0.2402	981.9	980.3	980.8		
132.9635	0.2464	981.9	980.3	980.8		
133.0468	0.2393	981.9	980.4	980.8		
133.1301	0.2486	982.0	980.4	980.9		
133.2135	0.2380	981.9	980.4	980.8		
133.2968	0.2411	981.9	980.3	980.8		
133.3801	0.2513	981.9	980.3	980.8		
133.4635	0.2406	982.0	980.3	980.8		
133.5468	0.2424	981.9	980.4	980.8		
133.6301	0.2388	981.8	980.3	980.7		
133.7135	0.2402	981.9	980.3	980.8		
133.7968	0.2437	981.9	980.4	980.9		
133.8801	0.2468	981.9	980.4	980.9		
133.9635	0.2433	981.9	980.3	980.9		
134.0468	0.2451	981.9	980.3	980.8		
134.1301	0.2415	982.0	980.4	980.8		
134.2135	0.2468	981.9	980.3	980.7		
134.2968	0.2451	981.9	980.3	980.9		
134.3801	0.2415	981.9	980.4	980.8		
134.4635	0.2459	982.0	980.4	981.0		
134.5468	0.2415	981.8	980.3	980.7		
134.6301	0.2477	981.8	980.3	980.8		
134.7135	0.2437	981.8	980.3	980.8		
134.7968	0.2482	981.8	980.4	980.8		
134.8801	0.2517	981.9	980.3	980.8		
134.9635	0.2446	982.0	980.5	980.9		
135.0468	0.2495	981.9	980.4	980.9		
135.1301	0.2433	981.8	980.3	980.8		
135.2135	0.2428	981.9	980.4	980.9		
135.2968	0.2442	982.0	980.4	980.9		
135.3801	0.2433	981.9	980.3	980.8		
135.4635	0.2495	981.9	980.4	980.8		
135.5468	0.2468	981.9	980.2	980.8		
135.6301	0.2388	981.9	980.3	980.8		
135.7135	0.2473	982.0	980.4	981.0		
135.7968	0.2411	981.9	980.3	980.9		
135.8801	0.2411	981.9	980.3	980.9		
135.9635	0.2477	981.9	980.3	980.9		
136.0468	0.2495	981.9	980.3	980.8		
136.1301	0.2513	982.0	980.4	980.9		
136.2135	0.2415	981.9	980.4	980.9		
136.2968	0.2415	981.9	980.4	981.0		
136.3801	0.2437	981.9	980.4	980.9		
136.4635	0.2464	981.9	980.4	980.9		
136.5468	0.2393	981.9	980.3	980.8		
136.6301	0.2464	981.9	980.3	980.9		
136.7135	0.2486	981.9	980.3	980.7		
136.7968	0.2433	982.0	980.4	980.9		
136.8801	0.2468	981.9	980.3	980.8		
136.9635	0.2544	981.9	980.3	981.0		
137.0468	0.2459	981.9	980.4	980.9		
137.1301	0.2482	981.9	980.4	980.9		
137.2135	0.2437	981.8	980.3	980.8		
137.2968	0.2499	981.9	980.5	981.0		
137.3801	0.2499	981.9	980.4	980.9		
137.4635	0.2491	982.0	980.4	980.9		
137.5468	0.2428	982.0	980.4	980.9		
137.6301	0.2433	981.8	980.4	980.8		
137.7135	0.2468	981.9	980.3	980.7		
137.7968	0.2468	981.9	980.4	980.8		
137.8801	0.2459	982.0	980.4	980.8		
137.9635	0.2513	982.0	980.4	980.9		
138.0468	0.2411	981.8	980.3	980.8		
138.1301	0.2482	982.0	980.3	980.8		
138.2135	0.2584	981.8	980.3	980.8		
138.2968	0.2451	981.9	980.4	980.9		
138.3801	0.2406	981.9	980.3	980.7		
138.4635	0.2495	981.9	980.3	980.7		
138.5468	0.2451	982.0	980.4	980.8		
138.6301	0.2531	981.9	980.4	980.9		
138.7135	0.2499	981.9	980.3	980.8		
138.7968	0.2486	981.9	980.4	980.8		
138.8801	0.2473	981.9	980.3	980.8		
138.9635	0.2526	982.0	980.4	980.9		
139.0468	0.2535	982.0	980.4	980.9		
139.1301	0.2495	982.0	980.4	980.9		
139.2135	0.2491	981.9	980.4	980.8		
139.2968	0.2535	981.9	980.3	980.8		
139.3801	0.2437	981.9	980.4	980.9		
139.4635	0.2499	982.0	980.3	980.8		
139.5468	0.2531	981.8	980.3	980.8		
139.6301	0.2459	982.0	980.4	980.9		
139.7135	0.2464	981.9	980.4	980.8		
139.7968	0.2517	981.8	980.3	980.7		
139.8801	0.2486	981.9	980.4	980.9		
139.9635	0.2482	981.9	980.4	980.8		
140.0468	0.2517	981.9	980.4	980.8		
140.1301	0.2473	981.9	980.4	980.9		
140.2135	0.2451	981.9	980.3	980.9		
140.2968	0.2531	981.9	980.4	980.9		
140.3801	0.2428	982.0	980.4	980.8		
140.4635	0.2544	981.9	980.3	980.8		
140.5468	0.2459	981.9	980.4	980.8		
140.6301	0.2499	981.9	980.3	980.8		
140.7135	0.2442	981.9	980.4	980.9		
140.7968	0.2522	981.8	980.2	980.8		
140.8801	0.2437	982.0	980.5	981.0		
140.9635	0.2464	982.0	980.4	980.9		
141.0468	0.2504	981.9	980.3	980.8		
141.1301	0.2566	981.9	980.3	980.8		
141.2135	0.2531	982.0	980.4	980.9		
141.2968	0.2424	981.9	980.3	980.9		
141.3801	0.2517	981.9	980.3	980.9		
141.4635	0.2544	981.9	980.3	980.8		
141.5468	0.2539	981.9	980.3	980.8		
141.6301	0.2473	981.9	980.3	980.8		
141.7135	0.2562	981.9	980.3	980.8		
141.7968	0.2588	981.9	980.3	980.8		
141.8801	0.2482	981.8	980.4	980.9		
141.9635	0.2539	981.9	980.4	980.9		
142.0468	0.2593	981.9	980.3	980.8		
142.1301	0.2464	981.9	980.3	980.8		
142.2135	0.2539	981.9	980.3	980.8		
142.2968	0.2504	981.9	980.3	980.8		
142.3801	0.2499	981.9	980.3	980.8		
142.4635	0.2459	982.0	980.4	980.9		
142.5468	0.2584	981.9	980.4	981.0		
142.6301	0.2517	981.9	980.3	980.8		
142.7135	0.2477	981.9	980.3	980.8		
142.7968	0.2495	982.0	980.4	980.8		
142.8801	0.2499	981.9	980.3	980.8		
142.9635	0.2544	981.9	980.3	980.9		
143.0468	0.2557	981.9	980.4	980.8		
143.1301	0.2513	981.9	980.4	980.9		
143.2135	0.2535	981.9	980.3	980.7		
143.2968	0.2499	982.0	980.4	980.9		
143.3801	0.2575	981.9	980.3	980.8		
143.4635	0.2562	981.9	980.3	980.8		
143.5468	0.2579	981.8	980.3	980.8		
143.6301	0.2584	981.8	980.3	980.9		
143.7135	0.2486	981.9	980.3	980.8		
143.7968	0.2526	982.0	980.3	980.8		
143.8801	0.2584	982.0	980.4	980.8		
143.9635	0.2513	981.8	980.3	980.8		
144.0468	0.2539	981.9	980.3	980.8		
144.1301	0.2584	982.0	980.4	980.8		
144.2135	0.2566	981.9	980.4	980.8		
144.2968	0.2513	981.9	980.3	980.9		
144.3801	0.2557	981.9	980.3	980.9		
144.4635	0.2557	981.9	980.3	980.8		
144.5468	0.2517	981.9	980.5	981.1		
144.6301	0.2517	981.9	980.3	980.8		
144.7135	0.2548	981.9	980.3	980.8		
144.7968	0.2548	981.8	980.3	980.8		
144.8801	0.2597	981.9	980.3	980.8		
144.9635	0.2513	981.8	980.3	980.8		
145.0468	0.2544	981.8	980.3	980.8		
145.1301	0.2531	981.9	980.3	980.8		
145.2135	0.2539	981.9	980.4	980.8		
145.2968	0.2486	981.9	980.3	980.8		
145.3801	0.2579	981.8	980.3	980.8		
145.4635	0.2575	981.9	980.4	981.0		
145.5468	0.2491	981.9	980.3	980.8		
145.6301	0.2544	981.9	980.3	980.8		
145.7135	0.2597	981.8	980.3	980.9		
145.7968	0.2579	981.7	980.2	980.7		
145.8801	0.2544	981.9	980.3	980.9		
145.9635	0.2664	981.9	980.3	980.8		
146.0468	0.2557	981.9	980.4	981.0		
146.1301	0.2650	981.9	980.4	980.9		
146.2135	0.2539	981.9	980.4	980.8		
146.2968	0.2544	981.9	980.4	980.9		
146.3801	0.2579	982.0	980.4	980.9		
146.4635	0.2610	981.8	980.3	980.7		
146.5468	0.2668	981.9	980.4	980.9		
146.6301	0.2579	981.9	980.3	980.9		
146.7135	0.2602	981.9	980.3	980.8		
146.7968	0.2584	981.9	980.3	980.8		
146.8801	0.2593	981.8	980.3	980.7		
146.9635	0.2544	981.9	980.4	980.8		
147.0468	0.2606	981.9	980.3	980.8		
147.1301	0.2579	981.8	980.3	980.8		
147.2135	0.2535	982.0	980.4	980.9		
147.2968	0.2615	982.0	980.4	980.8		
147.3801	0.2544	981.9	980.4	980.8		
147.4635	0.2619	981.9	980.4	980.9		
147.5468	0.2579	981.9	980.3	980.9		
147.6301	0.2544	981.9	980.3	980.8		
147.7135	0.2544	982.0	980.4	980.9		
147.7968	0.2642	981.9	980.3	980.8		
147.8801	0.2606	981.8	980.3	980.8		
147.9635	0.2633	981.9	980.4	981.0		
148.0468	0.2539	981.9	980.3	980.9		
148.1301	0.2584	981.8	980.3	980.8		
148.2135	0.2548	981.9	980.4	980.9		
148.2968	0.2633	981.9	980.4	980.9		
148.3801	0.2575	981.8	980.3	980.9		
148.4635	0.2579	982.0	980.3	980.8		
148.5468	0.2562	982.0	980.4	980.8		
148.6301	0.2610	981.9	980.4	980.9		
148.7135	0.2610	981.9	980.3	980.7		
148.7968	0.2610	981.9	980.4	980.8		
148.8801	0.2673	981.8	980.3	980.9		
148.9635	0.2575	982.0	980.4	980.8		
149.0468	0.2557	981.9	980.4	980.9		
149.1301	0.2624	981.9	980.3	980.8		
149.2135	0.2615	981.8	980.3	980.8		
149.2968	0.2690	981.9	980.3	980.8		
149.3801	0.2650	981.8	980.3	980.8		
149.4635	0.2557	981.9	980.3	980.8		
149.5468	0.2597	982.0	980.4	980.9		
149.6301	0.2602	981.9	980.3	980.8		
149.7135	0.2637	981.9	980.3	980.8		
149.7968	0.2659	981.9	980.4	981.0		
149.8801	0.2584	981.8	980.3	980.8		
149.9635	0.2619	981.9	980.3	980.9		
150.0468	0.2526	981.9	980.3	980.9		
150.1301	0.2659	981.8	980.3	980.8		
150.2135	0.2637	981.8	980.2	980.7		
150.2968	0.2646	981.9	980.4	980.8		
150.3801	0.2602	982.0	980.3	980.9		
150.4635	0.2637	982.0	980.4	980.9		
150.5468	0.2730	981.9	980.3	980.9		
150.6301	0.2615	981.8	980.3	980.7		
150.7135	0.2646	981.8	980.2	980.7		
150.7968	0.2610	982.0	980.4	981.0		
150.8801	0.2628	982.0	980.3	980.8		
150.9635	0.2677	981.9	980.4	980.9		
151.0468	0.2628	981.9	980.3	980.9		
151.1301	0.2602	981.9	980.4	981.0		
151.2135	0.2677	982.0	980.4	981.0		
151.2968	0.2588	982.0	980.4	981.0		
151.3801	0.2610	981.9	980.3	980.8		
151.4635	0.2579	981.9	980.4	980.9		
151.5468	0.2575	982.0	980.5	981.0		
151.6301	0.2637	981.9	980.3	980.9		
151.7135	0.2673	981.9	980.4	981.0		
151.7968	0.2642	981.9	980.4	981.0		
151.8801	0.2673	981.9	980.4	980.9		
151.9635	0.2713	981.9	980.3	980.8		
152.0468	0.2668	982.1	980.5	981.2		
152.1301	0.2584	982.0	980.4	981.0		
152.2135	0.2686	981.9	980.4	980.9		
152.2968	0.2752	982.0	980.4	980.8		
152.3801	0.2677	981.9	980.4	980.9		
152.4635	0.2633	982.1	980.5	981.0		
152.5468	0.2681	982.1	980.5	981.1		
152.6301	0.2615	982.0	980.5	980.9		
152.7135	0.2690	982.0	980.4	981.0		
152.7968	0.2726	982.0	980.5	981.0		
152.8801	0.2624	982.0	980.4	981.0		
152.9635	0.2664	982.2	980.5	981.1		
153.0468	0.2642	982.0	980.3	980.8		
153.1301	0.2677	982.0	980.5	981.1		
153.2135	0.2650	982.0	980.5	981.0		
153.2968	0.2650	982.0	980.4	980.9		
153.3801	0.2673	982.0	980.4	980.9		
153.4635	0.2677	982.3	980.6	981.0		
153.5468	0.2717	982.3	980.6	981.0		
153.6301	0.2633	981.8	980.2	980.8		
153.7135	0.2708	981.9	980.4	981.0		
153.7968	0.2637	981.9	980.3	980.8		
153.8801	0.2673	982.0	980.4	981.0		
153.9635	0.2695	982.0	980.5	981.1		
154.0468	0.2642	982.0	980.5	981.1		
154.1301	0.2668	982.0	980.5	981.0		
154.2135	0.2597	982.0	980.5	981.0		
154.2968	0.2602	981.9	980.4	981.0		
154.3801	0.2664	982.0	980.4	981.0		
154.4635	0.2642	981.9	980.4	980.9		
154.5468	0.2650	982.0	980.5	981.1		
154.6301	0.2757	982.0	980.4	981.0		
154.7135	0.2646	981.9	980.4	980.9		
154.7968	0.2748	982.0	980.4	981.0		
154.8801	0.2659	982.0	980.5	981.0		
154.9635	0.2655	982.0	980.5	981.0		
155.0468	0.2713	981.9	980.4	980.9		
155.1301	0.2668	982.0	980.4	981.0		
155.2135	0.2677	982.0	980.4	981.0		
155.2968	0.2619	981.9	980.4	980.9		
155.3801	0.2784	982.1	980.5	981.0		
155.4635	0.2673	982.0	980.4	981.0		
155.5468	0.2695	982.0	980.4	980.9		
155.6301	0.2602	982.0	980.4	980.9		
155.7135	0.2619	982.0	980.4	980.9		
155.7968	0.2659	982.0	980.5	981.0		
155.8801	0.2677	982.0	980.5	981.0		
155.9635	0.2704	982.1	980.5	981.0		
156.0468	0.2673	982.0	980.4	981.0		
156.1301	0.2735	982.0	980.4	980.9		
156.2135	0.2708	981.9	980.4	980.8		
156.2968	0.2677	982.0	980.4	980.9		
156.3801	0.2730	982.1	980.5	981.1		
156.4635	0.2704	982.0	980.4	980.9		
156.5468	0.2704	982.0	980.4	980.8		
156.6301	0.2744	982.0	980.4	980.9		
156.7135	0.2699	981.9	980.4	981.0		
156.7968	0.2752	982.1	980.5	981.0		
156.8801	0.2690	982.0	980.5	981.0		
156.9635	0.2726	982.0	980.5	981.0		
157.0468	0.2673	981.9	980.5	981.0		
157.1301	0.2748	982.0	980.4	981.0		
157.2135	0.2637	982.1	980.4	980.9		
157.2968	0.2726	982.0	980.4	981.0		
157.3801	0.2730	981.9	980.3	980.9		
157.4635	0.2708	981.9	980.4	980.9		
157.5468	0.2744	982.0	980.5	981.0		
157.6301	0.2708	982.0	980.5	981.0		
157.7135	0.2650	982.0	980.4	981.0		
157.7968	0.2668	982.0	980.5	980.9		
157.8801	0.2730	981.9	980.4	980.8		
157.9635	0.2713	981.9	980.5	981.0		
158.0468	0.2686	982.0	980.6	981.0		
158.1301	0.2739	982.0	980.5	981.0		
158.2135	0.2730	981.9	980.4	980.9		
158.2968	0.2686	982.0	980.5	981.0		
158.3801	0.2739	981.9	980.5	981.1		
158.4635	0.2708	982.0	980.5	981.1		
158.5468	0.2748	982.0	980.6	981.1		
158.6301	0.2784	982.0	980.4	980.9		
158.7135	0.2810	982.0	980.5	981.0		
158.7968	0.2713	982.0	980.4	981.0		
158.8801	0.2690	982.0	980.5	981.1		
158.9635	0.2668	982.0	980.4	981.0		
159.0468	0.2713	981.9	980.4	980.9		
159.1301	0.2766	982.0	980.4	981.0		
159.2135	0.2775	981.9	980.4	980.9		
159.2968	0.2761	982.0	980.3	980.9		
159.3801	0.2677	982.0	980.5	980.9		
159.4635	0.2739	982.0	980.4	980.9		
159.5468	0.2717	982.0	980.4	980.9		
159.6301	0.2846	982.0	980.4	980.9		
159.7135	0.2708	982.0	980.4	980.9		
159.7968	0.2730	982.0	980.4	980.9		
159.8801	0.2757	982.0	980.4	981.0		
159.9635	0.2695	981.9	980.4	980.9		
160.0468	0.2761	982.1	980.5	981.0		
160.1301	0.2677	982.0	980.4	980.9		
160.2135	0.2739	981.9	980.4	980.9		
160.2968	0.2650	981.9	980.4	980.9		
160.3801	0.2681	981.9	980.4	980.9		
160.4635	0.2744	982.0	980.5	981.0		
160.5468	0.2686	982.0	980.4	980.9		
160.6301	0.2819	982.0	980.3	980.8		
160.7135	0.2713	982.0	980.5	981.0		
160.7968	0.2752	982.0	980.4	981.0		
160.8801	0.2801	982.0	980.5	981.0		
160.9635	0.2752	981.9	980.4	980.9		
161.0468	0.2726	981.9	980.5	980.9		
161.1301	0.2699	982.0	980.4	980.9		
161.2135	0.2801	982.0	980.4	981.0		
161.2968	0.2788	981.9	980.4	980.9		
161.3801	0.2752	981.9	980.4	980.9		
161.4635	0.2810	982.0	980.3	980.8		
161.5468	0.2757	982.0	980.4	980.9		
161.6301	0.2770	981.9	980.4	980.9		
161.7135	0.2784	982.0	980.4	980.9		
161.7968	0.2761	982.0	980.4	980.9		
161.8801	0.2761	981.9	980.4	980.9		
161.9635	0.2704	981.9	980.4	980.9		
162.0468	0.2739	982.0	980.4	980.9		
162.1301	0.2779	982.0	980.4	980.9		
162.2135	0.2770	982.1	980.5	981.0		
162.2968	0.2766	981.9	980.4	980.8		
162.3801	0.2721	981.9	980.4	981.0		
162.4635	0.2726	982.0	980.4	980.9		
162.5468	0.2815	982.0	980.5	981.1		
162.6301	0.2757	981.9	980.4	980.9		
162.7135	0.2739	981.8	980.3	980.8		
162.7968	0.2757	981.9	980.4	980.9		
162.8801	0.2726	981.9	980.4	980.8		
162.9635	0.2730	982.0	980.5	981.0		
163.0468	0.2828	981.9	980.3	980.8		
163.1301	0.2766	981.9	980.4	980.8		
163.2135	0.2775	981.9	980.4	980.9		
163.2968	0.2713	981.9	980.4	980.9		
163.3801	0.2779	982.0	980.4	980.9		
163.4635	0.2801	981.9	980.4	980.9		
163.5468	0.2797	981.9	980.4	981.0		
163.6301	0.2752	982.0	980.4	980.8		
163.7135	0.2704	982.0	980.4	980.9		
163.7968	0.2721	981.9	980.3	980.8		
163.8801	0.2819	981.9	980.4	980.9		
163.9635	0.2784	981.9	980.4	980.9		
164.0468	0.2713	982.0	980.4	981.0		
164.1301	0.2752	982.0	980.4	980.9		
164.2135	0.2775	982.0	980.3	980.9		
164.2968	0.2806	981.9	980.4	981.0		
164.3801	0.2792	981.9	980.4	980.9		
164.4635	0.2730	982.0	980.4	980.9		
164.5468	0.2766	981.9	980.4	980.8		
164.6301	0.2788	981.9	980.4	980.8		
164.7135	0.2788	982.0	980.4	981.0		
164.7968	0.2677	982.0	980.4	980.9		
164.8801	0.2810	982.0	980.4	980.8		
164.9635	0.2757	982.0	980.4	980.9		
165.0468	0.2748	981.9	980.4	981.0		
165.1301	0.2770	982.0	980.4	980.9		
165.2135	0.2788	982.1	980.5	981.0		
165.2968	0.2744	981.9	980.3	980.8		
165.3801	0.2806	981.8	980.3	980.8		
165.4635	0.2828	981.9	980.3	980.8		
165.5468	0.2792	982.0	980.4	980.9		
165.6301	0.2695	981.9	980.4	980.9		
165.7135	0.2770	981.9	980.3	980.8		
165.7968	0.2779	981.9	980.4	980.9		
165.8801	0.2761	981.9	980.3	980.8		
165.9635	0.2766	982.0	980.4	980.9		
166.0468	0.2797	982.0	980.3	980.9		
166.1301	0.2850	981.9	980.4	980.8		
166.2135	0.2810	981.9	980.4	980.9		
166.2968	0.2832	982.0	980.4	980.9		
166.3801	0.2855	982.0	980.4	980.9		
166.4635	0.2761	981.9	980.4	980.9		
166.5468	0.2828	981.9	980.4	980.9		
166.6301	0.2779	981.9	980.3	980.8		
166.7135	0.2815	981.9	980.3	980.9		
166.7968	0.2837	981.9	980.3	980.8		
166.8801	0.2855	982.0	980.4	980.9		
166.9635	0.2846	982.0	980.4	980.9		
167.0468	0.2828	982.0	980.4	980.9		
167.1301	0.2744	982.0	980.4	981.0		
167.2135	0.2806	982.0	980.4	980.9		
167.2968	0.2806	982.0	980.4	980.9		
167.3801	0.2828	981.9	980.3	980.9		
167.4635	0.2775	981.9	980.3	980.9		
167.5468	0.2863	982.0	980.4	980.9		
167.6301	0.2855	981.9	980.4	980.9		
167.7135	0.2868	981.9	980.3	980.9		
167.7968	0.2801	982.0	980.4	980.9		
167.8801	0.2779	982.0	980.4	981.0		
167.9635	0.2841	982.0	980.4	980.9		
168.0468	0.2930	981.9	980.4	980.9		
168.1301	0.2890	982.0	980.4	980.9		
168.2135	0.2895	982.1	980.5	981.0		
168.2968	0.2837	982.0	980.4	980.9		
168.3801	0.2863	981.9	980.4	980.9		
168.4635	0.2846	981.9	980.4	980.9		
168.5468	0.2819	981.9	980.3	980.9		
168.6301	0.2757	982.0	980.4	980.9		
168.7135	0.2850	981.9	980.4	980.9		
168.7968	0.2846	982.0	980.5	981.0		
168.8801	0.2828	981.9	980.3	980.8		
168.9635	0.2855	982.0	980.4	980.9		
169.0468	0.2841	982.0	980.4	980.9		
169.1301	0.2846	982.0	980.4	980.8		
169.2135	0.2801	981.9	980.4	980.9		
169.2968	0.2855	982.0	980.4	980.9		
169.3801	0.2788	981.9	980.3	980.9		
169.4635	0.2801	982.0	980.3	980.9		
169.5468	0.2828	981.9	980.3	980.9		
169.6301	0.2828	982.0	980.4	980.9		
169.7135	0.2788	982.0	980.3	980.9		
169.7968	0.2859	982.0	980.4	980.9		
169.8801	0.2828	982.0	980.4	980.9		
169.9635	0.2841	981.9	980.3	980.8		
170.0468	0.2881	981.9	980.4	980.9		
170.1301	0.2877	982.0	980.4	980.9		
170.2135	0.2868	981.9	980.3	980.8		
170.2968	0.2846	982.0	980.4	980.9		
170.3801	0.2815	981.9	980.3	980.8		
170.4635	0.2824	981.9	980.3	980.9		
170.5468	0.2797	982.0	980.4	980.9		
170.6301	0.2837	982.0	980.4	980.9		
170.7135	0.2886	982.0	980.4	981.0		
170.7968	0.2797	982.0	980.4	980.9		
170.8801	0.2912	982.0	980.4	980.9		
170.9635	0.2855	981.9	980.4	980.9		
171.0468	0.2886	981.9	980.4	980.9		
171.1301	0.2828	982.0	980.4	980.9		
171.2135	0.2846	981.9	980.4	980.8		
171.2968	0.2912	981.9	980.3	980.8		
171.3801	0.2912	981.9	980.4	980.9		
171.4635	0.2868	982.0	980.4	980.9		
171.5468	0.2855	982.0	980.4	981.0		
171.6301	0.2877	981.9	980.3	980.9		
171.7135	0.2855	982.0	980.4	981.0		
171.7968	0.2908	982.0	980.4	980.9		
171.8801	0.2943	981.9	980.3	980.9		
171.9635	0.2810	982.0	980.4	980.9		
172.0468	0.2797	981.9	980.4	980.8		
172.1301	0.2806	981.9	980.3	980.7		
172.2135	0.2908	981.9	980.4	981.0		
172.2968	0.2961	982.0	980.3	980.9		
172.3801	0.2850	982.0	980.3	980.9		
172.4635	0.2832	982.0	980.4	980.9		
172.5468	0.2863	982.0	980.4	980.9		
172.6301	0.2895	982.0	980.4	980.9		
172.7135	0.2908	982.0	980.4	980.9		
172.7968	0.2859	981.9	980.4	980.9		
172.8801	0.2886	982.0	980.4	981.0		
172.9635	0.2868	982.0	980.4	980.9		
173.0468	0.2939	982.0	980.4	981.0		
173.1301	0.2890	982.0	980.4	980.8		
173.2135	0.2957	982.0	980.3	980.9		
173.2968	0.2948	982.0	980.4	981.0		
173.3801	0.2886	982.0	980.4	980.9		
173.4635	0.2841	981.9	980.4	980.9		
173.5468	0.2841	982.0	980.4	981.0		
173.6301	0.2890	981.9	980.3	980.8		
173.7135	0.2948	982.0	980.3	980.9		
173.7968	0.2890	982.0	980.4	980.9		
173.8801	0.2846	982.1	980.4	980.9		
173.9635	0.2859	982.0	980.4	980.8		
174.0468	0.2850	981.9	980.4	980.9		
174.1301	0.2859	981.9	980.4	980.9		
174.2135	0.2863	981.9	980.4	980.9		
174.2968	0.2784	981.9	980.4	980.9		
174.3801	0.2837	981.9	980.4	980.9		
174.4635	0.2837	981.9	980.3	980.9		
174.5468	0.2917	981.9	980.3	980.9		
174.6301	0.2881	981.9	980.4	980.9		
174.7135	0.2872	982.0	980.4	980.9		
174.7968	0.2837	981.9	980.4	980.9		
174.8801	0.2828	981.9	980.3	980.8		
174.9635	0.2957	981.9	980.4	980.9		
175.0468	0.2921	981.9	980.4	980.9		
175.1301	0.2837	982.0	980.4	980.9		
175.2135	0.2930	982.1	980.4	980.9		
175.2968	0.2841	981.9	980.4	980.9		
175.3801	0.2966	981.9	980.3	980.9		
175.4635	0.2846	981.9	980.5	981.0		
175.5468	0.2912	982.0	980.4	980.9		
175.6301	0.2877	981.9	980.3	980.8		
175.7135	0.2881	981.9	980.4	980.8		
175.7968	0.2912	981.9	980.4	980.9		
175.8801	0.2886	981.9	980.4	981.0		
175.9635	0.2908	982.0	980.4	981.0		
176.0468	0.2859	982.0	980.4	980.9		
176.1301	0.2926	982.0	980.3	980.8		
176.2135	0.2872	982.0	980.4	980.9		
176.2968	0.2903	982.0	980.4	980.9		
176.3801	0.2926	981.9	980.4	980.9		
176.4635	0.2970	982.0	980.4	980.9		
176.5468	0.2908	981.9	980.4	980.9		
176.6301	0.2912	981.9	980.4	980.9		
176.7135	0.2930	981.8	980.3	980.8		
176.7968	0.2832	981.9	980.3	980.9		
176.8801	0.2841	981.9	980.4	980.9		
176.9635	0.2877	982.0	980.4	980.9		
177.0468	0.2890	981.9	980.3	980.9		
177.1301	0.2952	981.9	980.4	980.9		
177.2135	0.2890	982.0	980.4	980.9		
177.2968	0.2868	981.9	980.4	980.9		
177.3801	0.2855	982.0	980.3	980.9		
177.4635	0.2895	982.0	980.4	981.0		
177.5468	0.2872	982.0	980.4	980.9		
177.6301	0.2908	981.9	980.4	980.9		
177.7135	0.2948	982.0	980.4	980.9		
177.7968	0.2921	982.0	980.5	980.9		
177.8801	0.2899	981.9	980.4	980.9		
177.9635	0.2957	981.9	980.4	980.9		
178.0468	0.2886	981.8	980.4	980.9		
178.1301	0.2877	981.9	980.4	980.9		
178.2135	0.2912	981.9	980.4	980.9		
178.2968	0.2912	982.0	980.4	981.0		
178.3801	0.2917	981.9	980.3	980.9		
178.4635	0.2886	982.0	980.4	980.9		
178.5468	0.2943	981.9	980.4	980.9		
178.6301	0.2921	981.9	980.3	980.9		
178.7135	0.2912	982.0	980.4	980.9		
178.7968	0.2957	982.0	980.4	980.9		
178.8801	0.2935	981.9	980.4	980.9		
178.9635	0.2952	982.0	980.4	981.0		
179.0468	0.2966	981.9	980.3	980.9		
179.1301	0.2881	982.0	980.4	981.0		
179.2135	0.2895	982.0	980.4	980.9		
179.2968	0.2912	981.9	980.4	980.9		
179.3801	0.2983	981.9	980.3	980.8		
179.4635	0.2917	981.9	980.3	980.9		
179.5468	0.2917	982.0	980.4	980.9		
179.6301	0.2912	982.0	980.4	980.9		
179.7135	0.2974	982.0	980.4	980.8		
179.7968	0.2988	982.1	980.7	981.2		
179.8801	0.2961	981.9	980.3	980.8		
179.9635	0.3032	981.9	980.3	980.9		
180.0468	0.2863	982.0	980.4	980.9		
180.1301	0.2966	981.9	980.5	981.0		
180.2135	0.2930	981.9	980.4	981.0		
180.2968	0.2939	981.9	980.4	980.9		
180.3801	0.2903	981.9	980.4	980.9		
180.4635	0.2952	982.0	980.4	981.0		
180.5468	0.2970	981.8	980.3	980.8		
180.6301	0.3046	981.9	980.3	980.9		
180.7135	0.2899	982.0	980.4	980.9		
180.7968	0.2921	982.0	980.4	981.0		
180.8801	0.2952	982.0	980.4	981.0		
180.9635	0.2939	981.9	980.4	980.9		
181.0468	0.2930	981.9	980.4	980.9		
181.1301	0.2921	982.0	980.5	981.0		
181.2135	0.2970	981.9	980.4	980.9		
181.2968	0.2895	982.0	980.4	981.0		
181.3801	0.2939	981.9	980.4	980.9		
181.4635	0.2988	982.0	980.4	980.9		
181.5468	0.2943	981.9	980.4	980.9		
181.6301	0.2948	982.0	980.4	981.0		
181.7135	0.2926	982.0	980.4	980.9		
181.7968	0.2912	981.9	980.3	980.9		
181.8801	0.2952	981.9	980.4	981.0		
181.9635	0.2983	981.9	980.4	980.9		
182.0468	0.2930	981.9	980.4	980.8		
182.1301	0.2952	981.9	980.4	981.0		
182.2135	0.3050	981.9	980.4	980.8		
182.2968	0.2983	982.0	980.5	981.1		
182.3801	0.2899	982.0	980.4	980.9		
182.4635	0.2939	982.0	980.4	981.0		
182.5468	0.3041	982.0	980.4	980.9		
182.6301	0.2974	981.9	980.4	980.9		
182.7135	0.2970	981.9	980.4	980.9		
182.7968	0.3001	982.0	980.4	981.0		
182.8801	0.3006	981.9	980.4	981.0		
182.9635	0.2903	982.0	980.4	980.9		
183.0468	0.2899	982.0	980.5	981.2		
183.1301	0.2939	982.0	980.5	981.1		
183.2135	0.3019	982.0	980.4	981.0		
183.2968	0.2912	982.0	980.4	981.0		
183.3801	0.2992	982.0	980.5	980.9		
183.4635	0.2961	982.0	980.4	980.9		
183.5468	0.2926	982.0	980.4	981.0		
183.6301	0.2970	981.9	980.4	981.0		
183.7135	0.2983	981.9	980.4	980.9		
183.7968	0.2997	981.9	980.4	980.8		
183.8801	0.2935	982.0	980.4	980.8		
183.9635	0.2948	981.9	980.3	980.9		
184.0468	0.2957	981.8	980.4	980.9		
184.1301	0.2966	981.9	980.4	980.9		
184.2135	0.2912	982.0	980.3	980.8		
184.2968	0.3028	982.0	980.4	980.9		
184.3801	0.2961	981.9	980.4	980.9		
184.4635	0.3019	981.9	980.4	980.9		
184.5468	0.2966	982.0	980.4	980.9		
184.6301	0.2895	982.0	980.5	980.9		
184.7135	0.2974	981.9	980.3	980.8		
184.7968	0.2948	981.9	980.4	980.9		
184.8801	0.3032	982.0	980.4	980.9		
184.9635	0.2961	982.0	980.5	981.0		
185.0468	0.2974	982.1	980.4	980.9		
185.1301	0.2979	981.9	980.3	980.8		
185.2135	0.2957	981.9	980.4	980.9		
185.2968	0.3041	982.0	980.4	980.9		
185.3801	0.3072	981.9	980.4	980.9		
185.4635	0.2966	982.0	980.4	981.0		
185.5468	0.2935	982.0	980.4	980.8		
185.6301	0.3032	982.0	980.5	981.0		
185.7135	0.2930	981.9	980.3	980.9		
185.7968	0.3006	982.0	980.4	980.9		
185.8801	0.3028	982.0	980.4	980.9		
185.9635	0.2948	982.0	980.4	981.0		
186.0468	0.2881	981.9	980.4	980.8		
186.1301	0.2970	981.9	980.4	980.9		
186.2135	0.2961	982.0	980.5	981.0		
186.2968	0.3001	982.0	980.4	981.0		
186.3801	0.2912	982.0	980.4	980.9		
186.4635	0.2979	982.0	980.4	980.9		
186.5468	0.2966	981.9	980.4	980.8		
186.6301	0.2988	981.9	980.4	980.9		
186.7135	0.2952	982.0	980.4	981.0		
186.7968	0.2957	982.0	980.4	980.9		
186.8801	0.2970	981.9	980.4	980.8		
186.9635	0.2997	981.9	980.3	980.9		
187.0468	0.3032	981.9	980.4	980.9		
187.1301	0.3037	982.0	980.3	980.9		
187.2135	0.2988	982.0	980.4	980.9		
187.2968	0.3041	982.0	980.4	980.9		
187.3801	0.3037	981.9	980.4	980.9		
187.4635	0.2939	981.9	980.4	980.9		
187.5468	0.3014	982.0	980.4	980.9		
187.6301	0.2926	982.0	980.4	980.9		
187.7135	0.3014	981.9	980.4	980.9		
187.7968	0.3006	981.9	980.4	980.9		
187.8801	0.2952	982.0	980.4	980.9		
187.9635	0.2957	982.1	980.4	981.0		
188.0468	0.3001	981.9	980.3	980.8		
188.1301	0.3050	982.0	980.3	981.0		
188.2135	0.3054	981.9	980.4	980.9		
188.2968	0.3032	982.0	980.4	980.9		
188.3801	0.2970	982.0	980.3	980.8		
188.4635	0.3037	982.0	980.4	980.9		
188.5468	0.3010	982.0	980.4	980.9		
188.6301	0.3014	981.9	980.4	980.9		
188.7135	0.3028	982.0	980.5	980.9		
188.7968	0.2935	982.0	980.4	980.9		
188.8801	0.2917	981.9	980.3	980.8		
188.9635	0.3041	982.0	980.4	981.0		
189.0468	0.3032	981.9	980.4	980.9		
189.1301	0.2983	982.0	980.4	980.9		
189.2135	0.3023	982.0	980.3	980.9		
189.2968	0.3001	981.8	980.2	980.8		
189.3801	0.2943	982.0	980.4	980.9		
189.4635	0.2943	982.0	980.4	980.9		
189.5468	0.2979	982.0	980.4	980.8		
189.6301	0.2966	982.0	980.5	981.1		
189.7135	0.3014	982.0	980.4	980.9		
189.7968	0.2988	981.9	980.4	980.9		
189.8801	0.2930	981.9	980.4	980.9		
189.9635	0.2930	982.0	980.4	980.9		
190.0468	0.2997	981.9	980.4	980.9		
190.1301	0.2974	981.9	980.4	980.9		
190.2135	0.3032	982.0	980.4	980.9		
190.2968	0.3054	982.1	980.5	981.0		
190.3801	0.3037	982.0	980.4	980.9		
190.4635	0.3019	982.0	980.4	980.9		
190.5468	0.2988	981.9	980.4	980.9		
190.6301	0.3014	982.0	980.4	981.0		
190.7135	0.3117	982.0	980.4	981.0		
190.7968	0.2997	981.9	980.4	981.0		
190.8801	0.2952	981.9	980.4	980.9		
190.9635	0.3059	982.1	980.5	981.1		
191.0468	0.3023	982.0	980.4	980.9		
191.1301	0.3077	981.9	980.4	980.9		
191.2135	0.3019	981.9	980.4	980.9		
191.2968	0.3054	981.9	980.3	980.9		
191.3801	0.3028	982.0	980.5	980.9		
191.4635	0.3050	982.0	980.5	981.0		
191.5468	0.2988	981.9	980.4	980.9		
191.6301	0.3046	982.0	980.4	981.0		
191.7135	0.3077	982.0	980.4	980.9		
191.7968	0.3001	982.0	980.4	980.9		
191.8801	0.3006	982.0	980.4	980.9		
191.9635	0.2988	982.0	980.4	980.9		
192.0468	0.2997	982.0	980.4	980.9		
192.1301	0.3063	982.0	980.4	981.0		
192.2135	0.3046	982.1	980.4	980.9		
192.2968	0.3050	982.0	980.4	981.0		
192.3801	0.3028	981.9	980.4	980.9		
192.4635	0.3006	982.1	980.4	980.9		
192.5468	0.3099	982.1	980.5	981.0		
192.6301	0.3010	981.9	980.4	980.9		
192.7135	0.3041	982.0	980.4	981.0		
192.7968	0.3050	982.0	980.4	981.0		
192.8801	0.3094	982.0	980.4	980.9		
192.9635	0.3059	982.0	980.5	981.0		
193.0468	0.3014	981.9	980.4	980.9		
193.1301	0.3085	981.9	980.4	980.9		
193.2135	0.3006	982.0	980.4	981.0		
193.2968	0.3050	982.1	980.5	981.0		
193.3801	0.3063	982.0	980.4	980.9		
193.4635	0.3054	982.0	980.5	981.0		
193.5468	0.3121	982.0	980.4	980.9		
193.6301	0.3041	982.0	980.4	980.9		
193.7135	0.3090	982.0	980.5	981.0		
193.7968	0.3019	982.0	980.4	980.8		
193.8801	0.3161	981.9	980.4	980.9		
193.9635	0.2997	982.0	980.4	980.9		
194.0468	0.3028	982.1	980.5	981.0		
194.1301	0.3050	982.0	980.4	981.0		
194.2135	0.3037	982.0	980.4	980.9		
194.2968	0.2983	982.0	980.5	981.0		
194.3801	0.3072	982.0	980.5	981.0		
194.4635	0.3023	982.0	980.4	981.0		
194.5468	0.3068	982.0	980.4	980.9		
194.6301	0.3059	982.0	980.4	980.9		
194.7135	0.3050	981.9	980.4	981.0		
194.7968	0.3068	982.0	980.4	980.9		
194.8801	0.3032	982.0	980.5	980.9		
194.9635	0.3046	982.0	980.5	981.0		
195.0468	0.3054	982.0	980.4	980.9		
195.1301	0.3085	981.9	980.4	980.9		
195.2135	0.3041	982.0	980.4	980.9		
195.2968	0.3068	982.0	980.4	980.9		
195.3801	0.3099	982.0	980.4	981.0		
195.4635	0.3050	982.0	980.5	980.9		
195.5468	0.3090	982.0	980.4	981.0		
195.6301	0.3059	982.0	980.4	980.9		
195.7135	0.3001	982.1	980.5	981.0		
195.7968	0.3125	982.0	980.4	980.9		
195.8801	0.3112	982.0	980.4	980.9		
195.9635	0.3063	981.9	980.4	980.9		
196.0468	0.3143	982.0	980.4	980.9		
196.1301	0.3023	982.0	980.5	981.1		
196.2135	0.3068	981.9	980.3	980.8		
196.2968	0.3090	981.9	980.4	980.9		
196.3801	0.3117	982.0	980.4	981.0		
196.4635	0.3063	981.9	980.4	980.9		
196.5468	0.3014	982.0	980.4	980.9		
196.6301	0.3099	982.0	980.5	981.0		
196.7135	0.2988	981.9	980.4	980.9		
196.7968	0.3090	982.0	980.4	981.0		
196.8801	0.2943	981.9	980.4	980.9		
196.9635	0.3028	982.0	980.4	980.9		
197.0468	0.3077	981.9	980.4	980.9		
197.1301	0.3085	982.0	980.4	980.9		
197.2135	0.3094	981.9	980.3	980.8		
197.2968	0.3054	982.0	980.4	981.0		
197.3801	0.3090	981.9	980.4	980.9		
197.4635	0.3090	981.9	980.4	980.8		
197.5468	0.3099	982.0	980.5	981.0		
197.6301	0.3094	981.9	980.4	980.9		
197.7135	0.3099	981.9	980.4	980.9		
197.7968	0.3046	981.9	980.4	980.9		
197.8801	0.3046	982.0	980.4	980.9		
197.9635	0.3148	982.0	980.4	981.0		
198.0468	0.3028	981.9	980.4	980.9		
198.1301	0.3081	981.9	980.3	980.9		
198.2135	0.3112	981.9	980.3	980.9		
198.2968	0.3072	982.0	980.4	980.9		
198.3801	0.3117	981.9	980.4	981.0		
198.4635	0.3081	981.9	980.3	980.9		
198.5468	0.3072	981.9	980.4	980.9		
198.6301	0.3085	981.9	980.4	981.0		
198.7135	0.3037	982.0	980.4	980.9		
198.7968	0.3152	982.0	980.4	980.9		
198.8801	0.3121	981.9	980.4	980.9		
198.9635	0.3143	981.9	980.3	980.9		
199.0468	0.3081	982.0	980.4	981.0		
199.1301	0.3072	982.0	980.4	981.0		
199.2135	0.3094	982.0	980.4	980.9		
199.2968	0.3001	981.9	980.4	980.9		
199.3801	0.3094	982.0	980.4	981.0		
199.4635	0.3054	982.0	980.5	981.0		
199.5468	0.3037	982.0	980.4	980.9		
199.6301	0.3117	981.9	980.4	980.9		
199.7135	0.3152	982.0	980.4	980.9		
199.7968	0.3090	982.0	980.4	980.9		
199.8801	0.3117	982.0	980.5	980.9		
199.9635	0.3152	982.0	980.4	980.9		
200.0468	0.3152	982.0	980.4	981.0		
200.1301	0.3068	981.9	980.4	980.9		
200.2135	0.3139	982.0	980.5	981.0		
200.2968	0.3050	982.0	980.5	981.0		
200.3801	0.3134	982.0	980.5	981.0		
200.4635	0.3108	982.0	980.4	981.0		
200.5468	0.3201	982.0	980.4	981.0		
200.6301	0.3121	982.0	980.4	980.9		
200.7135	0.3108	982.0	980.3	980.9		
200.7968	0.3108	982.0	980.4	980.8		
200.8801	0.3179	981.9	980.4	981.0		
200.9635	0.3085	982.0	980.4	980.9		
201.0468	0.3099	982.1	980.5	981.0		
201.1301	0.3112	981.9	980.4	980.9		
201.2135	0.3112	982.0	980.4	981.0		
201.2968	0.3156	982.0	980.4	980.9		
201.3801	0.3099	982.0	980.4	980.9		
201.4635	0.3174	982.0	980.4	980.9		
201.5468	0.3050	982.1	980.4	981.0		
201.6301	0.3125	982.1	980.4	980.9		
201.7135	0.3085	982.0	980.4	981.0		
201.7968	0.3099	982.0	980.4	981.0		
201.8801	0.3134	981.9	980.4	980.9		
201.9635	0.3099	982.0	980.5	981.0		
202.0468	0.3099	982.2	980.5	981.1		
202.1301	0.3134	982.0	980.4	980.8		
202.2135	0.3125	982.0	980.5	981.0		
202.2968	0.3117	982.0	980.5	981.1		
202.3801	0.3112	982.1	980.5	981.0		
202.4635	0.3077	982.0	980.5	981.1		
202.5468	0.3094	981.9	980.4	980.9		
202.6301	0.3143	981.9	980.4	980.9		
202.7135	0.3117	982.0	980.4	981.0		
202.7968	0.3130	982.0	980.4	981.0		
202.8801	0.3125	982.0	980.5	981.0		
202.9635	0.3112	982.0	980.4	981.0		
203.0468	0.3072	982.0	980.4	980.9		
203.1301	0.3161	982.0	980.4	981.0		
203.2135	0.3117	982.1	980.5	981.0		
203.2968	0.3139	982.1	980.4	981.0		
203.3802	0.3134	982.0	980.4	980.9		
203.4635	0.3108	982.0	980.5	981.1		
203.5468	0.3205	982.0	980.4	981.0		
203.6302	0.3152	982.0	980.5	981.0		
203.7135	0.3099	982.0	980.5	981.0		
203.7968	0.3112	981.9	980.4	980.8		
203.8802	0.3094	981.9	980.4	980.9		
203.9635	0.3152	982.0	980.4	981.0		
204.0468	0.3121	982.1	980.5	981.0		
204.1302	0.3081	982.0	980.4	981.0		
204.2135	0.3143	982.0	980.4	981.0		
204.2968	0.3134	982.0	980.4	981.0		
204.3802	0.3148	982.0	980.5	981.0		
204.4635	0.3143	982.1	980.5	981.1		
204.5468	0.3072	982.1	980.5	981.0		
204.6302	0.3152	981.9	980.4	980.9		
204.7135	0.3148	982.0	980.4	980.9		
204.7968	0.3201	981.9	980.3	980.9		
204.8802	0.3170	982.1	980.4	981.0		
204.9635	0.3179	982.0	980.4	981.0		
205.0468	0.3117	982.0	980.5	981.0		
205.1302	0.3152	982.0	980.5	981.0		
205.2135	0.3134	982.0	980.5	981.0		
205.2968	0.3148	982.0	980.4	980.9		
205.3802	0.3099	982.0	980.5	981.0		
205.4635	0.3148	982.0	980.5	980.9		
205.5468	0.3125	982.0	980.5	981.0		
205.6302	0.3152	982.0	980.4	981.0		
205.7135	0.3125	982.1	980.5	981.1		
205.7968	0.3236	982.1	980.5	981.0		
205.8802	0.3068	982.0	980.4	980.9		
205.9635	0.3192	982.0	980.5	981.0		
206.0468	0.3139	982.0	980.5	981.0		
206.1302	0.3170	982.0	980.5	981.0		
206.2135	0.3125	982.0	980.5	981.0		
206.2968	0.3219	982.0	980.5	981.0		
206.3802	0.3139	981.9	980.5	981.0		
206.4635	0.3174	982.0	980.4	981.0		
206.5468	0.3117	982.1	980.5	981.0		
206.6302	0.3156	982.1	980.4	981.0		
206.7135	0.3205	982.0	980.4	981.0		
206.7968	0.3210	981.9	980.5	981.0		
206.8802	0.3188	982.1	980.4	980.9		
206.9635	0.3125	982.1	980.4	980.9		
207.0468	0.3037	982.1	980.5	981.0		
207.1302	0.3192	982.0	980.5	980.9		
207.2135	0.3201	982.0	980.5	981.0		
207.2968	0.3139	982.0	980.5	981.0		
207.3802	0.3196	982.1	980.5	981.0		
207.4635	0.3121	982.0	980.4	980.9		
207.5468	0.3210	982.0	980.5	981.0		
207.6302	0.3165	982.0	980.5	981.0		
207.7135	0.3245	982.1	980.4	980.9		
207.7968	0.3196	981.9	980.4	980.9		
207.8802	0.3112	982.0	980.4	980.9		
207.9635	0.3081	982.0	980.5	980.9		
208.0468	0.3130	982.0	980.5	981.0		
208.1302	0.3263	982.0	980.4	980.9		
208.2135	0.3148	982.0	980.5	981.0		
208.2968	0.3156	982.0	980.4	981.0		
208.3802	0.3196	982.0	980.5	981.0		
208.4635	0.3125	982.0	980.5	981.0		
208.5468	0.3170	982.0	980.5	981.0		
208.6302	0.3183	982.0	980.5	981.0		
208.7135	0.3125	982.0	980.4	981.0		
208.7968	0.3103	982.0	980.4	980.9		
208.8802	0.3192	982.0	980.4	981.0		
208.9635	0.3130	982.0	980.5	980.9		
209.0468	0.3219	982.0	980.4	980.9		
209.1302	0.3201	982.0	980.4	981.0		
209.2135	0.3236	982.0	980.4	981.0		
209.2968	0.3192	982.0	980.4	980.9		
209.3802	0.3156	982.1	980.5	981.0		
209.4635	0.3170	982.0	980.5	981.0		
209.5468	0.3165	982.0	980.5	981.0		
209.6302	0.3139	981.9	980.4	980.9		
209.7135	0.3241	982.0	980.4	980.9		
209.7968	0.3196	982.0	980.4	980.9		
209.8802	0.3281	982.0	980.5	981.0		
209.9635	0.3196	982.0	980.4	981.0		
210.0468	0.3192	982.1	980.5	981.0		
210.1302	0.3125	981.9	980.4	980.9		
210.2135	0.3232	982.0	980.4	980.9		
210.2968	0.3210	982.0	980.4	980.9		
210.3802	0.3196	981.9	980.4	981.0		
210.4635	0.3148	981.9	980.4	980.9		
210.5468	0.3179	982.1	980.4	981.0		
210.6302	0.3250	982.0	980.4	980.9		
210.7135	0.3267	981.9	980.4	980.9		
210.7968	0.3228	981.8	980.3	980.9		
210.8802	0.3143	981.9	980.3	980.8		
210.9635	0.3094	982.0	980.4	980.8		
211.0468	0.3170	981.9	980.4	980.9		
211.1302	0.3214	981.9	980.4	980.9		
211.2135	0.3214	981.9	980.3	980.9		
211.2968	0.3236	982.0	980.4	981.0		
211.3802	0.3112	982.0	980.4	980.9		
211.4635	0.3210	981.9	980.4	980.9		
211.5468	0.3192	981.9	980.4	980.9		
211.6302	0.3174	981.9	980.3	980.9		
211.7135	0.3077	981.9	980.3	980.9		
211.7968	0.3108	982.0	980.5	980.9		
211.8802	0.3152	981.9	980.3	980.8		
211.9635	0.3228	982.0	980.5	981.0		
212.0468	0.3201	981.9	980.4	980.9		
212.1302	0.3254	982.0	980.4	980.9		
212.2135	0.3121	982.1	980.4	981.0		
212.2968	0.3294	982.0	980.4	981.0		
212.3802	0.3232	981.9	980.3	980.9		
212.4635	0.3196	982.0	980.4	981.0		
212.5468	0.3165	982.0	980.4	980.9		
212.6302	0.3223	981.9	980.3	980.9		
212.7135	0.3143	982.0	980.4	980.8		
212.7968	0.3201	981.9	980.4	980.9		
212.8802	0.3183	982.0	980.4	980.9		
212.9635	0.3236	981.9	980.4	980.9		
213.0468	0.3205	981.9	980.4	980.9		
213.1302	0.3223	982.0	980.4	980.9		
213.2135	0.3183	981.9	980.4	980.9		
213.2968	0.3219	982.0	980.4	980.9		
213.3802	0.3236	982.0	980.4	981.0		
213.4635	0.3210	981.9	980.3	980.9		
213.5468	0.3219	981.9	980.4	981.0		
213.6302	0.3210	981.9	980.3	980.8		
213.7135	0.3148	982.0	980.3	980.9		
213.7968	0.3161	982.0	980.3	980.9		
213.8802	0.3219	982.0	980.4	980.9		
213.9635	0.3205	982.0	980.4	981.0		
214.0468	0.3254	982.0	980.4	980.9		
214.1302	0.3223	982.1	980.5	980.9		
214.2135	0.3250	982.0	980.4	980.9		
214.2968	0.3223	982.0	980.4	980.9		
214.3802	0.3156	981.9	980.4	980.9		
214.4635	0.3143	982.1	980.4	981.0		
214.5468	0.3179	982.1	980.4	980.9		
214.6302	0.3210	982.1	980.4	980.9		
214.7135	0.3219	981.9	980.4	980.9		
214.7968	0.3267	982.0	980.4	980.9		
214.8802	0.3179	982.0	980.4	980.9		
214.9635	0.3214	982.0	980.4	980.8		
215.0468	0.3228	982.0	980.4	980.8		
215.1302	0.3214	981.9	980.4	980.8		
215.2135	0.3254	981.9	980.4	980.8		
215.2968	0.3228	982.0	980.5	981.0		
215.3802	0.3192	982.0	980.4	980.9		
215.4635	0.3294	982.0	980.5	981.0		
215.5468	0.3165	982.0	980.4	980.9		
215.6302	0.3228	981.8	980.3	980.9		
215.7135	0.3223	982.0	980.5	981.0		
215.7968	0.3183	982.0	980.4	980.9		
215.8802	0.3165	981.9	980.4	980.9		
215.9635	0.3263	982.0	980.4	981.0		
216.0468	0.3250	981.9	980.4	980.9		
216.1302	0.3219	982.0	980.4	980.9		
216.2135	0.3201	981.9	980.4	980.9		
216.2968	0.3254	981.9	980.3	980.9		
216.3802	0.3152	981.9	980.4	980.9		
216.4635	0.3241	982.0	980.4	981.0		
216.5468	0.3241	982.0	980.4	980.9		
216.6302	0.3183	982.0	980.4	980.9		
216.7135	0.3214	981.9	980.4	981.0		
216.7968	0.3214	981.9	980.4	980.9		
216.8802	0.3290	982.0	980.4	980.9		
216.9635	0.3285	981.9	980.4	981.0		
217.0468	0.3312	982.0	980.4	980.9		
217.1302	0.3214	981.9	980.4	980.9		
217.2135	0.3228	981.9	980.4	980.9		
217.2968	0.3285	982.0	980.4	980.9		
217.3802	0.3245	982.0	980.5	981.0		
217.4635	0.3232	981.9	980.4	980.9		
217.5468	0.3228	981.9	980.4	980.9		
217.6302	0.3299	981.9	980.4	980.9		
217.7135	0.3228	982.0	980.4	980.9		
217.7968	0.3241	981.9	980.4	980.9		
217.8802	0.3272	981.9	980.4	980.9		
217.9635	0.3263	981.9	980.4	980.9		
218.0468	0.3179	981.9	980.4	980.9		
218.1302	0.3294	982.0	980.4	980.9		
218.2135	0.3196	982.0	980.4	980.9		
218.2968	0.3263	982.0	980.4	981.0		
218.3802	0.3214	982.0	980.4	980.9		
218.4635	0.3192	982.0	980.4	980.9		
218.5468	0.3196	982.0	980.5	980.9		
218.6302	0.3312	982.0	980.4	980.9		
218.7135	0.3281	981.9	980.4	980.9		
218.7968	0.3228	982.0	980.5	981.0		
218.8802	0.3232	982.0	980.4	980.9		
218.9635	0.3263	982.0	980.4	980.9		
219.0468	0.3267	981.9	980.4	980.9		
219.1302	0.3223	982.0	980.4	981.0		
219.2135	0.3307	981.9	980.4	980.9		
219.2968	0.3223	982.0	980.4	980.9		
219.3802	0.3196	982.0	980.4	980.9		
219.4635	0.3312	982.0	980.4	980.9		
219.5468	0.3303	981.8	980.3	980.9		
219.6302	0.3276	981.9	980.4	981.0		
219.7135	0.3250	982.0	980.5	981.0		
219.7968	0.3201	982.0	980.4	980.9		
219.8802	0.3267	982.0	980.3	980.9		
219.9635	0.3267	981.9	980.3	980.9		
220.0468	0.3214	981.9	980.4	980.9		
220.1302	0.3228	981.9	980.4	981.0		
220.2135	0.3245	982.0	980.4	980.9		
220.2968	0.3259	981.9	980.4	980.8		
220.3802	0.3263	981.9	980.4	980.9		
220.4635	0.3276	981.9	980.4	980.9		
220.5468	0.3236	981.9	980.4	980.9		
220.6302	0.3259	981.9	980.4	980.9		
220.7135	0.3281	981.9	980.3	980.9		
220.7968	0.3223	981.9	980.4	980.9		
220.8802	0.3321	981.9	980.4	981.0		
220.9635	0.3236	982.0	980.4	980.9		
221.0468	0.3196	982.0	980.4	980.9		
221.1302	0.3228	981.9	980.3	980.9		
221.2135	0.3205	981.8	980.3	980.9		
221.2968	0.3267	981.9	980.3	980.8		
221.3802	0.3245	982.0	980.4	980.9		
221.4635	0.3223	981.9	980.4	980.9		
221.5468	0.3281	981.9	980.3	980.9		
221.6302	0.3312	981.9	980.4	980.8		
221.7135	0.3179	982.0	980.4	980.9		
221.7968	0.3267	982.0	980.4	980.9		
221.8802	0.3223	982.1	980.4	980.9		
221.9635	0.3263	981.8	980.3	980.8		
222.0468	0.3263	981.6	980.2	980.8		
222.1302	0.3259	982.0	980.3	980.9		
222.2135	0.3285	981.9	980.3	980.8		
222.2968	0.3285	982.0	980.4	980.9		
222.3802	0.3263	981.9	980.4	981.0		
222.4635	0.3276	981.9	980.3	980.9		
222.5468	0.3259	981.9	980.4	980.9		
222.6302	0.3316	982.0	980.4	980.9		
222.7135	0.3276	981.9	980.3	980.7		
222.7968	0.3294	981.9	980.3	980.9		
222.8802	0.3250	981.9	980.3	980.8		
222.9635	0.3281	982.0	980.4	980.9		
223.0468	0.3272	982.0	980.4	980.8		
223.1302	0.3263	981.9	980.4	980.8		
223.2135	0.3294	981.9	980.4	980.9		
223.2968	0.3272	981.9	980.3	980.8		
223.3802	0.3267	981.9	980.4	980.9		
223.4635	0.3228	981.9	980.4	980.9		
223.5468	0.3272	981.9	980.3	980.9		
223.6302	0.3272	981.9	980.4	981.0		
223.7135	0.3254	981.9	980.4	980.9		
223.7968	0.3290	981.9	980.4	980.8		
223.8802	0.3299	982.0	980.4	980.9		
223.9635	0.3299	981.9	980.4	980.8		
224.0468	0.3272	981.9	980.4	980.8		
224.1302	0.3312	981.9	980.4	980.9		
224.2135	0.3285	981.9	980.4	980.9		
224.2968	0.3281	982.0	980.4	981.0		
224.3802	0.3236	982.0	980.4	980.9		
224.4635	0.3316	981.9	980.3	980.9		
224.5468	0.3250	981.9	980.4	980.9		
224.6302	0.3241	981.9	980.4	980.9		
224.7135	0.3272	981.9	980.4	981.0		
224.7968	0.3325	982.0	980.4	980.9		
224.8802	0.3272	981.9	980.4	980.9		
224.9635	0.3303	981.9	980.4	980.9		
225.0468	0.3228	982.0	980.4	980.9		
225.1302	0.3290	982.0	980.4	980.9		
225.2135	0.3303	981.9	980.3	980.9		
225.2968	0.3228	981.8	980.4	980.9		
225.3802	0.3294	981.9	980.4	980.9		
225.4635	0.3276	981.9	980.4	980.9		
225.5468	0.3254	981.9	980.4	980.9		
225.6302	0.3236	982.0	980.4	980.8		
225.7135	0.3241	981.9	980.4	980.9		
225.7968	0.3263	981.9	980.4	980.9		
225.8802	0.3272	982.0	980.4	980.8		
225.9635	0.3285	981.9	980.4	980.9		
226.0468	0.3330	981.9	980.3	980.9		
226.1302	0.3343	982.0	980.4	980.9		
226.2135	0.3312	981.9	980.4	980.9		
226.2968	0.3267	982.0	980.5	981.0		
226.3802	0.3285	982.0	980.4	980.9		
226.4635	0.3276	982.0	980.4	980.8		
226.5468	0.3339	981.9	980.4	980.8		
226.6302	0.3276	981.9	980.4	980.9		
226.7135	0.3361	982.0	980.4	980.9		
226.7968	0.3299	981.9	980.4	980.9		
226.8802	0.3312	982.0	980.4	980.9		
226.9635	0.3259	981.9	980.4	980.9		
227.0468	0.3263	982.0	980.4	980.9		
227.1302	0.3267	981.9	980.4	980.9		
227.2135	0.3321	982.0	980.4	981.0		
227.2968	0.3316	982.0	980.4	980.9		
227.3802	0.3387	981.9	980.4	980.9		
227.4635	0.3374	982.0	980.4	980.9		
227.5468	0.3383	982.0	980.4	980.9		
227.6302	0.3325	981.9	980.4	980.9		
227.7135	0.3312	982.0	980.5	981.0		
227.7968	0.3219	982.0	980.4	980.9		
227.8802	0.3356	982.0	980.4	980.9		
227.9635	0.3290	982.0	980.5	981.0		
228.0468	0.3307	981.9	980.4	980.9		
228.1302	0.3263	982.0	980.4	980.9		
228.2135	0.3290	982.0	980.4	980.9		
228.2968	0.3299	981.9	980.3	980.9		
228.3802	0.3294	981.9	980.4	980.9		
228.4635	0.3290	982.0	980.4	980.9		
228.5468	0.3387	982.0	980.4	980.9		
228.6302	0.3254	982.0	980.4	980.9		
228.7135	0.3290	982.0	980.4	980.9		
228.7968	0.3321	982.0	980.4	980.9		
228.8802	0.3290	982.0	980.5	981.0		
228.9635	0.3352	982.0	980.4	980.9		
229.0468	0.3316	981.9	980.4	980.8		
229.1302	0.3254	982.0	980.4	980.9		
229.2135	0.3281	981.9	980.4	980.9		
229.2968	0.3339	982.0	980.4	980.9		
229.3802	0.3330	982.0	980.4	981.0		
229.4635	0.3285	982.0	980.4	980.8		
229.5468	0.3307	982.0	980.4	980.9		
229.6302	0.3414	982.0	980.4	980.9		
229.7135	0.3325	981.7	980.3	980.9		
229.7968	0.3330	981.9	980.3	980.8		
229.8802	0.3307	982.0	980.4	981.0		
229.9635	0.3299	982.0	980.4	980.9		
230.0468	0.3290	981.9	980.4	980.9		
230.1302	0.3307	981.9	980.4	980.9		
230.2135	0.3392	982.1	980.5	980.9		
230.2968	0.3330	982.0	980.4	981.0		
230.3802	0.3303	981.9	980.4	981.0		
230.4635	0.3303	982.0	980.5	981.0		
230.5468	0.3263	982.0	980.4	980.9		
230.6302	0.3316	981.9	980.4	981.0		
230.7135	0.3330	982.0	980.4	980.9		
230.7968	0.3294	981.9	980.3	980.8		
230.8802	0.3370	982.0	980.4	981.0		
230.9635	0.3325	981.9	980.5	981.1		
231.0468	0.3370	982.0	980.4	981.0		
231.1302	0.3245	982.0	980.4	980.9		
231.2135	0.3405	982.0	980.4	980.9		
231.2968	0.3361	982.0	980.4	980.9		
231.3802	0.3339	981.9	980.4	980.9		
231.4635	0.3232	982.0	980.4	980.9		
231.5468	0.3290	982.1	980.4	980.9		
231.6302	0.3330	982.0	980.4	980.9		
231.7135	0.3401	981.9	980.4	981.0		
231.7968	0.3392	981.9	980.4	980.9		
231.8802	0.3321	981.9	980.4	981.0		
231.9635	0.3347	982.0	980.5	981.0		
232.0468	0.3316	981.9	980.4	980.9		
232.1302	0.3325	982.0	980.4	980.9		
232.2135	0.3330	982.0	980.4	980.9		
232.2968	0.3401	982.0	980.4	981.0		
232.3802	0.3281	982.0	980.5	981.0		
232.4635	0.3330	982.0	980.4	980.9		
232.5468	0.3330	981.9	980.4	980.9		
232.6302	0.3423	982.0	980.4	981.0		
232.7135	0.3352	981.9	980.4	980.9		
232.7968	0.3303	982.1	980.5	980.9		
232.8802	0.3325	982.0	980.4	980.9		
232.9635	0.3361	982.0	980.4	980.9		
233.0468	0.3294	982.0	980.5	981.0		
233.1302	0.3325	982.0	980.4	980.9		
233.2135	0.3347	982.1	980.5	980.9		
233.2968	0.3378	982.0	980.4	980.9		
233.3802	0.3347	982.0	980.4	980.9		
233.4635	0.3285	981.9	980.4	981.0		
233.5468	0.3361	982.0	980.4	980.9		
233.6302	0.3294	982.0	980.4	981.0		
233.7135	0.3352	982.0	980.4	980.9		
233.7968	0.3330	982.0	980.4	980.9		
233.8802	0.3361	982.0	980.4	980.9		
233.9635	0.3330	982.0	980.4	980.9		
234.0468	0.3312	982.0	980.5	980.9		
234.1302	0.3307	982.0	980.5	981.0		
234.2135	0.3267	982.0	980.5	980.9		
234.2968	0.3307	982.0	980.4	980.9		
234.3802	0.3361	982.0	980.4	980.9		
234.4635	0.3410	982.0	980.4	980.9		
234.5468	0.3312	982.1	980.5	980.9		
234.6302	0.3343	982.0	980.4	980.9		
234.7135	0.3343	981.9	980.4	981.0		
234.7968	0.3330	982.0	980.4	980.9		
234.8802	0.3290	982.0	980.4	981.0		
234.9635	0.3343	982.0	980.5	981.0		
235.0468	0.3325	982.0	980.4	980.9		
235.1302	0.3383	982.0	980.4	980.9		
235.2135	0.3401	981.9	980.4	980.9		
235.2968	0.3378	981.9	980.4	981.0		
235.3802	0.3245	982.0	980.4	980.9		
235.4635	0.3401	982.0	980.5	981.0		
235.5468	0.3312	982.0	980.4	980.9		
235.6302	0.3365	982.0	980.4	981.0		
235.7135	0.3383	982.0	980.4	980.9		
235.7968	0.3374	982.0	980.4	980.9		
235.8802	0.3303	982.0	980.4	980.9		
235.9635	0.3299	982.0	980.4	980.9		
236.0468	0.3423	982.0	980.4	980.9		
236.1302	0.3361	982.0	980.5	981.0		
236.2135	0.3401	982.0	980.4	980.9		
236.2968	0.3321	982.0	980.5	981.0		
236.3802	0.3370	982.0	980.4	980.9		
236.4635	0.3321	981.9	980.4	980.8		
236.5468	0.3374	982.0	980.5	980.9		
236.6302	0.3401	982.0	980.4	980.8		
236.7135	0.3414	982.0	980.4	980.9		
236.7968	0.3374	982.0	980.4	980.9		
236.8802	0.3387	982.0	980.4	980.9		
236.9635	0.3445	982.0	980.4	981.0		
237.0468	0.3378	981.9	980.4	980.9		
237.1302	0.3325	981.9	980.4	980.9		
237.2135	0.3294	982.1	980.5	981.0		
237.2968	0.3401	982.0	980.4	980.9		
237.3802	0.3365	982.0	980.5	981.0		
237.4635	0.3410	982.0	980.4	980.9		
237.5468	0.3347	982.0	980.5	981.0		
237.6302	0.3334	982.0	980.4	981.0		
237.7135	0.3378	982.0	980.4	980.9		
237.7968	0.3405	982.0	980.4	980.9		
237.8802	0.3365	982.0	980.4	980.9		
237.9635	0.3370	982.0	980.4	980.9		
238.0468	0.3401	982.0	980.4	981.0		
238.1302	0.3343	982.0	980.4	980.9		
238.2135	0.3347	982.0	980.5	981.0		
238.2968	0.3378	982.0	980.4	980.9		
238.3802	0.3374	982.0	980.4	980.9		
238.4635	0.3303	982.1	980.5	980.9		
238.5468	0.3325	982.1	980.5	980.9		
238.6302	0.3370	982.0	980.4	980.9		
238.7135	0.3374	982.0	980.4	980.9		
238.7968	0.3356	981.9	980.3	980.9		
238.8802	0.3365	982.1	980.5	981.0		
238.9635	0.3396	982.0	980.5	981.0		
239.0468	0.3418	981.9	980.4	980.9		
239.1302	0.3418	981.9	980.4	980.9		
239.2135	0.3410	982.0	980.4	981.0		
239.2968	0.3392	982.0	980.5	981.0		
239.3802	0.3334	982.0	980.5	981.0		
239.4635	0.3374	981.9	980.3	980.9		
239.5468	0.3450	981.9	980.3	980.8		
239.6302	0.3432	982.0	980.5	981.0		
239.7135	0.3374	982.1	980.5	981.0		
239.7968	0.3365	982.1	980.4	980.9		
239.8802	0.3387	981.9	980.3	980.8		
239.9635	0.3401	982.0	980.4	980.9		
240.0468	0.3374	981.9	980.4	980.9		
240.1302	0.3339	982.0	980.4	980.9		
240.2135	0.3325	981.9	980.3	980.8		
240.2968	0.3401	981.9	980.4	980.9		
240.3802	0.3432	982.0	980.4	980.8		
240.4635	0.3410	982.0	980.4	981.0		
240.5468	0.3356	982.1	980.5	981.1		
240.6302	0.3387	982.0	980.4	980.9		
240.7135	0.3378	982.0	980.4	980.9		
240.7968	0.3445	982.0	980.5	981.0		
240.8802	0.3441	982.1	980.5	981.0		
240.9635	0.3405	982.0	980.5	981.0		
241.0468	0.3445	982.1	980.5	980.9		
241.1302	0.3410	981.9	980.4	980.9		
241.2135	0.3321	982.0	980.5	980.9		
241.2968	0.3454	982.0	980.4	980.9		
241.3802	0.3378	982.1	980.5	981.0		
241.4635	0.3396	982.1	980.5	981.0		
241.5468	0.3405	982.0	980.4	980.9		
241.6302	0.3405	982.0	980.5	981.0		
241.7135	0.3339	982.0	980.4	981.0		
241.7968	0.3387	982.1	980.5	981.0		
241.8802	0.3418	982.1	980.4	981.0		
241.9635	0.3343	982.1	980.5	981.0		
242.0468	0.3410	982.0	980.4	981.0		
242.1302	0.3339	982.0	980.5	981.0		
242.2135	0.3370	982.0	980.4	980.9		
242.2968	0.3396	982.0	980.4	980.9		
242.3802	0.3454	982.0	980.5	981.0		
242.4635	0.3454	982.0	980.5	981.0		
242.5468	0.3396	982.1	980.4	981.0		
242.6302	0.3387	982.1	980.5	981.0		
242.7135	0.3441	982.0	980.4	980.9		
242.7968	0.3410	982.0	980.5	980.9		
242.8802	0.3378	982.0	980.5	981.0		
242.9635	0.3356	982.0	980.5	980.9		
243.0468	0.3476	982.0	980.5	981.0		
243.1302	0.3401	982.0	980.4	980.9		
243.2135	0.3361	982.0	980.5	980.9		
243.2968	0.3387	982.0	980.5	981.0		
243.3802	0.3418	982.0	980.5	981.0		
243.4635	0.3370	982.1	980.5	981.0		
243.5468	0.3396	982.0	980.5	981.0		
243.6302	0.3392	982.0	980.4	980.9		
243.7135	0.3383	982.0	980.5	981.0		
243.7968	0.3361	982.0	980.5	980.9		
243.8802	0.3410	982.1	980.5	981.0		
243.9635	0.3405	982.0	980.4	981.0		
244.0468	0.3423	982.0	980.5	981.0		
244.1302	0.3432	982.1	980.5	980.9		
244.2135	0.3494	982.0	980.4	981.0		
244.2968	0.3378	982.1	980.5	980.9		
244.3802	0.3454	982.0	980.5	980.9		
244.4635	0.3463	982.0	980.4	981.0		
244.5468	0.3343	982.0	980.5	981.0		
244.6302	0.3392	982.1	980.5	981.0		
244.7135	0.3410	982.0	980.5	981.0		
244.7968	0.3481	982.0	980.4	980.9		
244.8802	0.3410	982.0	980.4	981.0		
244.9635	0.3352	982.0	980.4	981.0		
245.0468	0.3476	982.0	980.5	981.0		
245.1302	0.3423	982.1	980.5	981.0		
245.2135	0.3494	982.0	980.4	980.9		
245.2968	0.3458	982.0	980.4	981.0		
245.3802	0.3374	982.0	980.5	981.1		
245.4635	0.3387	982.0	980.5	980.9		
245.5468	0.3450	982.0	980.5	980.9		
245.6302	0.3445	982.0	980.5	980.9		
245.7135	0.3463	982.0	980.4	981.0		
245.7968	0.3401	982.0	980.4	980.9		
245.8802	0.3441	982.0	980.4	980.9		
245.9635	0.3458	982.0	980.4	980.9		
246.0468	0.3387	982.0	980.4	980.9		
246.1302	0.3441	982.0	980.5	981.0		
246.2135	0.3374	982.1	980.6	981.1		
246.2968	0.3396	982.1	980.5	981.0		
246.3802	0.3463	982.0	980.4	981.0		
246.4635	0.3392	982.0	980.5	981.0		
246.5468	0.3476	982.0	980.4	981.0		
246.6302	0.3512	982.1	980.5	981.1		
246.7135	0.3450	982.0	980.4	980.9		
246.7968	0.3392	982.0	980.5	981.1		
246.8802	0.3427	982.1	980.5	981.1		
246.9635	0.3467	982.0	980.5	980.9		
247.0468	0.3450	982.0	980.5	981.0		
247.1302	0.3365	982.1	980.5	981.0		
247.2135	0.3387	982.1	980.5	981.0		
247.2968	0.3472	982.1	980.4	981.0		
247.3802	0.3458	982.0	980.5	981.0		
247.4635	0.3476	982.0	980.4	981.0		
247.5468	0.3392	982.1	980.5	981.1		
247.6302	0.3467	982.1	980.5	981.0		
247.7135	0.3427	982.0	980.4	980.9		
247.7968	0.3498	982.0	980.4	980.9		
247.8802	0.3463	982.0	980.5	981.0		
247.9635	0.3454	982.0	980.4	981.0		
248.0468	0.3423	982.0	980.5	980.9		
248.1302	0.3410	982.0	980.5	981.0		
248.2135	0.3441	982.0	980.5	981.0		
248.2968	0.3507	982.0	980.4	981.0		
248.3802	0.3432	982.0	980.4	980.9		
248.4635	0.3410	982.0	980.5	980.9		
248.5468	0.3432	982.0	980.4	980.9		
248.6302	0.3441	982.0	980.5	981.0		
248.7135	0.3467	982.0	980.5	981.0		
248.7968	0.3445	982.1	980.5	981.0		
248.8802	0.3476	982.0	980.5	981.0		
248.9635	0.3485	982.0	980.4	980.9		
249.0468	0.3498	982.0	980.5	981.0		
249.1302	0.3467	982.0	980.4	980.9		
249.2135	0.3432	982.0	980.5	981.0		
249.2968	0.3427	982.0	980.5	980.9		
249.3802	0.3418	982.0	980.5	980.9		
249.4635	0.3405	982.0	980.5	980.9		
249.5468	0.3467	982.0	980.5	981.0		
249.6302	0.3494	982.1	980.5	980.9		
249.7135	0.3538	982.0	980.4	980.9		
249.7968	0.3503	982.0	980.4	980.9		
249.8802	0.3418	982.0	980.3	980.8		
249.9635	0.3450	982.1	980.5	981.0		
250.0468	0.3458	982.0	980.5	981.0		
250.1302	0.3454	982.0	980.5	981.0		
250.2135	0.3414	982.0	980.4	980.9		
250.2968	0.3427	982.0	980.4	980.9		
250.3802	0.3445	982.0	980.4	980.9		
250.4635	0.3405	982.0	980.4	980.9		
250.5468	0.3436	982.0	980.4	980.9		
250.6302	0.3498	982.0	980.4	980.9		
250.7135	0.3410	982.1	980.5	981.0		
250.7968	0.3427	982.1	980.4	980.9		
250.8802	0.3507	982.0	980.4	981.0		
250.9635	0.3489	982.1	980.5	981.1		
251.0468	0.3476	982.0	980.4	981.0		
251.1302	0.3467	982.0	980.4	980.9		
251.2135	0.3450	982.0	980.4	980.9		
251.2968	0.3454	982.0	980.4	980.9		
251.3802	0.3481	982.1	980.4	981.0		
251.4635	0.3489	982.1	980.4	981.0		
251.5468	0.3472	982.0	980.4	981.0		
251.6302	0.3485	982.0	980.4	980.9		
251.7135	0.3467	982.1	980.5	981.0		
251.7968	0.3396	982.0	980.5	981.0		
251.8802	0.3494	982.0	980.5	981.0		
251.9635	0.3489	982.0	980.4	980.9		
252.0468	0.3489	982.0	980.4	980.9		
252.1302	0.3458	982.1	980.5	981.0		
252.2135	0.3445	982.0	980.4	980.9		
252.2968	0.3543	982.0	980.4	980.9		
252.3802	0.3463	982.0	980.5	980.9		
252.4635	0.3436	982.0	980.4	981.0		
252.5468	0.3525	982.0	980.4	981.0		
252.6302	0.3445	982.0	980.5	981.0		
252.7135	0.3494	982.1	980.4	980.9		
252.7968	0.3494	982.0	980.4	980.9		
252.8802	0.3494	982.0	980.5	981.0		
252.9635	0.3481	982.0	980.4	980.9		
253.0468	0.3521	982.0	980.4	981.0		
253.1302	0.3458	982.1	980.5	981.0		
253.2135	0.3498	982.1	980.5	980.9		
253.2968	0.3410	982.1	980.4	981.0		
253.3802	0.3476	982.1	980.5	981.0		
253.4635	0.3454	982.0	980.5	981.0		
253.5468	0.3516	982.1	980.4	980.9		
253.6302	0.3458	982.1	980.4	980.9		
253.7135	0.3507	982.0	980.4	980.9		
253.7968	0.3445	982.1	980.5	980.9		
253.8802	0.3410	982.0	980.5	980.9		
253.9635	0.3441	982.0	980.5	981.0		
254.0468	0.3476	982.0	980.4	980.9		
254.1302	0.3489	982.1	980.5	980.9		
254.2135	0.3489	982.0	980.4	980.9		
254.2968	0.3512	982.0	980.5	981.0		
254.3802	0.3507	982.1	980.4	980.9		
254.4635	0.3463	982.1	980.4	980.9		
254.5468	0.3436	982.0	980.5	980.9		
254.6302	0.3521	982.0	980.5	981.0		
254.7135	0.3441	982.0	980.5	981.0		
254.7968	0.3489	982.1	980.4	981.0		
254.8802	0.3450	982.1	980.5	980.9		
254.9635	0.3467	982.1	980.4	980.9		
255.0468	0.3485	982.0	980.4	981.0		
255.1302	0.3507	982.1	980.5	981.0		
255.2135	0.3503	982.0	980.5	981.0		
255.2968	0.3534	982.1	980.5	981.0		
255.3802	0.3503	982.1	980.5	980.9		
255.4635	0.3547	982.0	980.5	980.9		
255.5468	0.3507	982.0	980.4	980.9		
255.6302	0.3512	982.0	980.4	980.9		
255.7135	0.3538	982.0	980.4	981.0		
255.7968	0.3418	982.0	980.4	980.8		
255.8802	0.3489	982.0	980.4	980.9		
255.9635	0.3489	982.0	980.4	980.9		
256.0468	0.3521	982.1	980.5	981.0		
256.1302	0.3481	982.1	980.5	981.0		
256.2135	0.3445	982.1	980.5	981.0		
256.2968	0.3578	982.0	980.4	980.9		
256.3802	0.3476	982.0	980.4	980.9		
256.4635	0.3485	982.0	980.4	980.9		
256.5468	0.3445	982.0	980.4	981.0		
256.6302	0.3427	982.1	980.5	981.0		
256.7135	0.3503	982.0	980.4	980.8		
256.7968	0.3441	982.0	980.4	980.9		
256.8802	0.3503	982.0	980.4	981.0		
256.9635	0.3578	982.0	980.5	980.9		
257.0468	0.3521	982.0	980.4	980.9		
257.1302	0.3489	982.1	980.4	981.0		
257.2135	0.3489	982.0	980.5	981.0		
257.2968	0.3538	982.0	980.4	980.9		
257.3802	0.3485	982.0	980.4	980.9		
257.4635	0.3436	982.0	980.4	980.9		
257.5468	0.3525	982.0	980.5	980.9		
257.6302	0.3476	982.0	980.4	980.9		
257.7135	0.3489	982.0	980.4	980.9		
257.7968	0.3503	982.0	980.4	981.0		
257.8802	0.3485	982.0	980.4	980.8		
257.9635	0.3489	982.0	980.4	980.8		
258.0468	0.3547	982.1	980.4	980.9		
258.1302	0.3521	982.0	980.4	981.0		
258.2135	0.3467	982.0	980.4	981.0		
258.2968	0.3543	982.0	980.4	980.9		
258.3802	0.3441	982.0	980.4	980.9		
258.4635	0.3556	982.0	980.4	980.9		
258.5468	0.3529	982.0	980.4	981.0		
258.6302	0.3494	982.0	980.4	980.9		
258.7135	0.3494	982.0	980.5	981.0		
258.7968	0.3538	982.1	980.4	980.9		
258.8802	0.3512	982.0	980.4	980.9		
258.9635	0.3445	982.0	980.4	980.9		
259.0468	0.3565	982.0	980.5	981.0		
259.1302	0.3543	982.0	980.5	981.0		
259.2135	0.3472	982.0	980.4	980.9		
259.2968	0.3543	982.0	980.4	980.9		
259.3802	0.3445	982.0	980.4	980.9		
259.4635	0.3574	982.0	980.4	981.0		
259.5468	0.3521	982.0	980.5	981.0		
259.6302	0.3494	982.0	980.4	980.9		
259.7135	0.3547	982.1	980.5	981.0		
259.7968	0.3556	982.0	980.4	980.9		
259.8802	0.3498	982.1	980.5	980.9		
259.9635	0.3560	982.1	980.5	981.0		
260.0468	0.3587	982.1	980.4	980.9		
260.1302	0.3481	982.1	980.5	981.0		
260.2135	0.3547	982.1	980.4	980.9		
260.2968	0.3543	982.0	980.4	980.9		
260.3802	0.3485	982.0	980.5	980.9		
260.4635	0.3552	982.1	980.4	980.9		
260.5468	0.3543	982.0	980.4	980.9		
260.6302	0.3534	982.0	980.4	981.0		
260.7135	0.3592	982.0	980.4	980.9		
260.7968	0.3587	982.0	980.4	980.9		
260.8802	0.3560	982.0	980.4	980.9		
260.9635	0.3596	982.1	980.5	981.0		
261.0468	0.3587	982.0	980.4	980.9		
261.1302	0.3538	982.0	980.4	980.9		
261.2135	0.3494	982.0	980.5	980.9		
261.2968	0.3556	982.1	980.5	981.0		
261.3802	0.3547	982.0	980.4	980.9		
261.4635	0.3578	982.0	980.4	981.0		
261.5468	0.3494	982.0	980.4	981.0		
261.6302	0.3547	982.0	980.4	981.0		
261.7135	0.3507	982.1	980.4	980.9		
261.7968	0.3614	982.1	980.5	981.0		
261.8802	0.3534	982.0	980.4	980.8		
261.9635	0.3516	982.0	980.5	981.0		
262.0468	0.3556	981.9	980.4	981.0		
262.1302	0.3543	982.0	980.4	980.9		
262.2135	0.3521	982.0	980.5	981.0		
262.2968	0.3614	982.0	980.5	981.0		
262.3802	0.3565	982.0	980.4	981.0		
262.4635	0.3556	982.0	980.4	981.0		
262.5468	0.3556	982.0	980.5	981.0		
262.6302	0.3543	982.0	980.4	980.9		
262.7135	0.3543	982.0	980.4	980.9		
262.7968	0.3552	982.0	980.4	981.0		
262.8802	0.3521	982.0	980.5	980.9		
262.9635	0.3507	982.1	980.4	980.9		
263.0468	0.3503	982.1	980.5	981.0		
263.1302	0.3587	982.0	980.4	981.0		
263.2135	0.3529	982.0	980.5	980.9		
263.2968	0.3521	982.0	980.4	980.9		
263.3802	0.3485	982.0	980.4	980.9		
263.4635	0.3512	982.1	980.4	980.9		
263.5468	0.3450	982.0	980.4	980.9		
263.6302	0.3578	982.0	980.5	981.0		
263.7135	0.3596	982.0	980.4	980.9		
263.7968	0.3596	982.1	980.4	980.9		
263.8802	0.3538	982.0	980.4	980.9		
263.9635	0.3498	982.1	980.4	980.9		
264.0468	0.3529	982.0	980.4	981.0		
264.1302	0.3552	982.0	980.5	981.0		
264.2135	0.3560	982.1	980.5	981.0		
264.2968	0.3507	982.1	980.4	981.0		
264.3802	0.3476	982.0	980.4	980.9		
264.4635	0.3645	982.0	980.4	980.9		
264.5468	0.3507	982.0	980.4	981.0		
264.6302	0.3556	982.1	980.5	981.0		
264.7135	0.3609	982.1	980.5	980.9		
264.7968	0.3529	982.0	980.4	980.9		
264.8802	0.3565	982.0	980.4	980.9		
264.9635	0.3560	982.0	980.4	980.9		
265.0468	0.3618	982.1	980.5	981.1		
265.1302	0.3538	982.0	980.4	981.0		
265.2135	0.3547	982.0	980.4	981.0		
265.2968	0.3609	982.0	980.5	980.9		
265.3802	0.3600	982.0	980.4	981.0		
265.4635	0.3578	982.2	980.5	981.1		
265.5468	0.3481	982.0	980.4	980.9		
265.6302	0.3552	982.0	980.4	980.9		
265.7135	0.3556	982.0	980.4	980.9		
265.7968	0.3569	982.1	980.5	981.0		
265.8802	0.3565	982.1	980.5	980.9		
265.9635	0.3592	982.1	980.4	980.9		
266.0468	0.3623	982.0	980.4	981.0		
266.1302	0.3556	982.1	980.5	981.1		
266.2135	0.3618	982.0	980.4	981.0		
266.2968	0.3538	982.0	980.4	980.9		
266.3802	0.3569	982.0	980.5	981.0		
266.4635	0.3658	982.0	980.3	980.9		
266.5468	0.3543	982.1	980.4	980.9		
266.6302	0.3565	982.1	980.4	980.9		
266.7135	0.3534	982.0	980.4	981.0		
266.7968	0.3569	982.0	980.5	980.9		
266.8802	0.3645	982.0	980.4	981.0		
266.9635	0.3560	982.0	980.4	980.9		
267.0468	0.3605	982.0	980.4	980.9		
267.1302	0.3538	982.1	980.4	981.0		
267.2135	0.3578	981.9	980.3	980.8		
267.2968	0.3596	982.0	980.5	981.0		
267.3802	0.3498	982.1	980.5	981.0		
267.4635	0.3507	982.1	980.4	981.0		
267.5468	0.3592	982.1	980.4	980.9		
267.6302	0.3614	982.0	980.4	980.9		
267.7135	0.3592	982.1	980.5	981.1		
267.7968	0.3476	982.0	980.5	981.0		
267.8802	0.3565	982.1	980.5	980.9		
267.9635	0.3569	982.1	980.5	981.1		
268.0468	0.3556	982.0	980.5	981.0		
268.1302	0.3516	982.0	980.4	980.9		
268.2135	0.3516	982.1	980.5	981.0		
268.2968	0.3587	982.1	980.4	980.9		
268.3802	0.3596	982.0	980.5	981.0		
268.4635	0.3552	982.0	980.5	981.0		
268.5468	0.3623	982.0	980.5	981.0		
268.6302	0.3534	982.1	980.5	981.0		
268.7135	0.3556	982.1	980.4	981.0		
268.7968	0.3618	982.0	980.4	980.9		
268.8802	0.3534	982.1	980.5	981.0		
268.9635	0.3627	982.1	980.5	981.0		
269.0468	0.3645	982.1	980.5	981.0		
269.1302	0.3503	982.0	980.5	980.9		
269.2135	0.3636	982.0	980.4	980.9		
269.2968	0.3627	982.0	980.4	980.9		
269.3802	0.3587	982.1	980.6	981.2		
269.4635	0.3614	982.1	980.4	981.0		
269.5468	0.3618	982.0	980.4	980.9		
269.6302	0.3592	982.0	980.4	980.9		
269.7135	0.3556	982.1	980.5	981.0		
269.7968	0.3592	982.0	980.4	981.0		
269.8802	0.3534	982.1	980.5	981.0		
269.9635	0.3640	982.1	980.4	980.9		
270.0468	0.3583	982.0	980.4	980.9		
270.1302	0.3592	982.1	980.4	980.9		
270.2135	0.3623	982.0	980.4	980.9		
270.2968	0.3578	982.1	980.5	981.0		
270.3802	0.3574	982.1	980.5	980.9		
270.4635	0.3596	982.0	980.5	981.0		
270.5468	0.3578	982.0	980.4	981.0		
270.6302	0.3627	982.1	980.4	980.9		
270.7135	0.3569	982.0	980.5	980.9		
270.7968	0.3654	982.0	980.4	980.9		
270.8802	0.3574	982.0	980.4	980.9		
270.9635	0.3636	982.0	980.4	980.9		
271.0468	0.3587	982.1	980.4	981.0		
271.1302	0.3578	982.1	980.5	981.0		
271.2135	0.3565	982.0	980.4	980.9		
271.2968	0.3614	982.0	980.5	980.9		
271.3802	0.3623	982.0	980.4	981.0		
271.4635	0.3614	982.0	980.5	981.0		
271.5468	0.3605	982.0	980.4	980.9		
271.6302	0.3623	982.1	980.5	981.0		
271.7135	0.3614	982.0	980.5	981.0		
271.7968	0.3632	982.1	980.4	980.9		
271.8802	0.3614	982.1	980.5	981.0		
271.9635	0.3618	982.0	980.4	980.9		
272.0468	0.3574	982.0	980.4	981.0		
272.1302	0.3587	982.0	980.4	981.0		
272.2135	0.3671	982.0	980.4	980.9		
272.2968	0.3614	982.1	980.5	981.0		
272.3802	0.3667	982.1	980.5	980.9		
272.4635	0.3649	982.0	980.4	981.0		
272.5468	0.3592	982.0	980.5	981.0		
272.6302	0.3592	982.0	980.5	981.0		
272.7135	0.3614	982.2	980.5	981.1		
272.7968	0.3578	982.0	980.5	981.0		
272.8802	0.3623	982.0	980.5	981.0		
272.9635	0.3654	982.1	980.5	981.0		
273.0468	0.3689	982.0	980.4	981.0		
273.1302	0.3600	982.0	980.5	981.0		
273.2135	0.3605	982.1	980.5	981.0		
273.2968	0.3587	982.1	980.5	981.0		
273.3802	0.3689	982.0	980.4	980.9		
273.4635	0.3694	982.0	980.5	981.0		
273.5468	0.3632	982.1	980.5	980.9		
273.6302	0.3663	982.1	980.5	980.9		
273.7135	0.3623	982.1	980.4	980.9		
273.7968	0.3703	982.0	980.4	980.9		
273.8802	0.3676	982.0	980.4	981.0		
273.9635	0.3627	982.1	980.5	981.0		
274.0468	0.3676	982.0	980.4	980.9		
274.1302	0.3685	982.0	980.5	980.9		
274.2135	0.3654	982.0	980.4	980.9		
274.2968	0.3614	982.1	980.5	981.0		
274.3802	0.3645	982.1	980.5	980.9		
274.4635	0.3636	982.0	980.5	980.9		
274.5468	0.3596	982.0	980.5	981.0		
274.6302	0.3685	982.1	980.4	981.0		
274.7135	0.3636	982.0	980.4	981.0		
274.7968	0.3698	982.1	980.5	981.0		
274.8802	0.3636	982.1	980.5	980.9		
274.9635	0.3618	981.9	980.4	980.9		
275.0468	0.3556	982.0	980.5	981.0		
275.1302	0.3667	982.0	980.5	981.0		
275.2135	0.3676	982.1	980.6	981.3		
275.2968	0.3614	982.0	980.4	980.9		
275.3802	0.3689	982.0	980.3	980.9		
275.4635	0.3658	982.1	980.4	981.0		
275.5468	0.3605	982.0	980.5	981.0		
275.6302	0.3671	982.1	980.6	981.0		
275.7135	0.3667	982.1	980.4	980.9		
275.7968	0.3600	982.0	980.4	980.9		
275.8802	0.3663	982.0	980.4	980.9		
275.9635	0.3636	982.1	980.5	981.1		
276.0468	0.3667	982.1	980.4	981.0		
276.1302	0.3578	982.1	980.5	980.9		
276.2135	0.3671	982.0	980.4	980.9		
276.2968	0.3605	982.0	980.5	981.0		
276.3802	0.3596	982.1	980.5	981.0		
276.4635	0.3587	982.2	980.5	981.0		
276.5468	0.3632	982.1	980.5	981.0		
276.6302	0.3609	982.0	980.4	981.0		
276.7135	0.3663	982.1	980.5	981.0		
276.7968	0.3676	982.0	980.5	981.0		
276.8802	0.3596	982.1	980.5	981.0		
276.9635	0.3632	982.1	980.5	981.0		
277.0468	0.3636	982.0	980.4	980.9		
277.1302	0.3734	982.0	980.5	981.0		
277.2135	0.3623	982.1	980.6	981.1		
277.2968	0.3689	982.1	980.5	981.0		
277.3802	0.3649	982.1	980.5	981.0		
277.4635	0.3667	982.0	980.4	980.9		
277.5468	0.3632	982.0	980.4	981.0		
277.6302	0.3676	982.1	980.4	981.0		
277.7135	0.3756	982.1	980.4	981.0		
277.7968	0.3623	982.1	980.5	981.0		
277.8802	0.3645	982.0	980.5	981.0		
277.9635	0.3600	982.0	980.4	980.9		
278.0468	0.3640	982.0	980.4	980.9		
278.1302	0.3605	982.1	980.5	981.0		
278.2135	0.3707	982.1	980.5	981.0		
278.2968	0.3707	982.1	980.5	981.0		
278.3802	0.3676	982.0	980.5	981.0		
278.4635	0.3756	982.0	980.5	981.0		
278.5468	0.3667	982.1	980.5	981.0		
278.6302	0.3658	982.1	980.5	981.0		
278.7135	0.3649	982.1	980.5	981.0		
278.7968	0.3605	982.1	980.5	980.9		
278.8802	0.3618	982.2	980.5	981.1		
278.9635	0.3645	982.1	980.5	981.0		
279.0468	0.3716	982.1	980.5	981.0		
279.1302	0.3774	982.1	980.5	981.0		
279.2135	0.3711	982.1	980.5	981.1		
279.2968	0.3720	982.1	980.5	981.0		
279.3802	0.3680	982.1	980.5	980.9		
279.4635	0.3667	982.1	980.5	981.0		
279.5468	0.3685	982.1	980.5	981.0		
279.6302	0.3685	982.0	980.4	981.0		
279.7135	0.3725	982.1	980.5	981.0		
279.7968	0.3627	982.1	980.4	981.1		
279.8802	0.3658	982.1	980.5	981.0		
279.9635	0.3667	982.1	980.5	980.9		
280.0468	0.3694	982.1	980.5	981.0		
280.1302	0.3654	982.0	980.5	981.0		
280.2135	0.3680	982.2	980.6	981.0		
280.2968	0.3618	982.1	980.5	981.1		
280.3802	0.3676	982.0	980.4	980.9		
280.4635	0.3578	982.0	980.5	981.0		
280.5468	0.3658	982.1	980.5	981.0		
280.6302	0.3592	982.1	980.5	981.1		
280.7135	0.3685	982.1	980.5	981.0		
280.7968	0.3716	982.1	980.5	981.0		
280.8802	0.3725	982.1	980.5	981.0		
280.9635	0.3729	982.1	980.5	981.1		
281.0468	0.3636	982.1	980.5	981.0		
281.1302	0.3680	982.2	980.6	981.1		
281.2135	0.3623	982.1	980.4	981.0		
281.2968	0.3645	982.1	980.5	980.9		
281.3802	0.3636	982.1	980.5	981.0		
281.4635	0.3649	982.1	980.5	981.0		
281.5468	0.3689	982.2	980.5	981.0		
281.6302	0.3632	982.1	980.5	980.9		
281.7135	0.3685	982.0	980.5	981.0		
281.7968	0.3649	982.0	980.5	981.0		
281.8802	0.3685	982.1	980.5	981.0		
281.9635	0.3698	982.1	980.5	981.0		
282.0468	0.3707	982.1	980.5	981.0		
282.1302	0.3645	982.0	980.5	981.0		
282.2135	0.3671	982.1	980.5	981.1		
282.2968	0.3689	982.1	980.5	981.0		
282.3802	0.3605	982.2	980.6	981.0		
282.4635	0.3680	982.1	980.4	980.9		
282.5468	0.3725	982.1	980.5	981.0		
282.6302	0.3676	982.1	980.5	981.0		
282.7135	0.3614	982.1	980.5	981.0		
282.7968	0.3667	982.2	980.5	981.1		
282.8802	0.3703	982.1	980.5	981.0		
282.9635	0.3760	982.1	980.5	981.0		
283.0468	0.3632	982.2	980.5	981.0		
283.1302	0.3658	982.1	980.5	981.0		
283.2135	0.3640	982.1	980.5	981.0		
283.2968	0.3685	982.0	980.5	981.0		
283.3802	0.3632	982.1	980.5	981.0		
283.4635	0.3703	982.1	980.5	981.0		
283.5468	0.3658	982.2	980.5	981.0		
283.6302	0.3636	982.0	980.4	981.0		
283.7135	0.3711	982.1	980.5	981.0		
283.7968	0.3680	982.1	980.5	981.0		
283.8802	0.3703	982.1	980.5	981.0		
283.9635	0.3671	982.2	980.5	981.0		
284.0468	0.3671	982.1	980.5	981.0		
284.1302	0.3716	982.1	980.5	981.0		
284.2135	0.3658	982.1	980.5	981.0		
284.2968	0.3645	982.1	980.5	981.1		
284.3802	0.3703	982.1	980.5	980.9		
284.4635	0.3765	982.1	980.5	981.1		
284.5468	0.3614	982.0	980.4	981.0		
284.6302	0.3698	982.0	980.4	981.0		
284.7135	0.3640	982.1	980.5	981.0		
284.7968	0.3751	982.1	980.4	980.9		
284.8802	0.3649	982.0	980.5	981.0		
284.9635	0.3703	982.1	980.5	981.0		
285.0468	0.3725	982.2	980.5	981.0		
285.1302	0.3680	982.2	980.5	981.1		
285.2135	0.3738	982.1	980.5	981.0		
285.2968	0.3707	982.1	980.4	981.0		
285.3802	0.3720	982.1	980.4	981.0		
285.4635	0.3680	982.1	980.5	981.0		
285.5468	0.3658	982.1	980.5	980.9		
285.6302	0.3729	982.1	980.4	981.0		
285.7135	0.3703	982.1	980.5	980.9		
285.7968	0.3716	982.1	980.4	981.0		
285.8802	0.3707	982.0	980.5	981.0		
285.9635	0.3747	982.1	980.5	981.0		
286.0468	0.3694	982.0	980.4	980.9		
286.1302	0.3680	982.1	980.5	981.1		
286.2135	0.3667	982.1	980.5	981.0		
286.2968	0.3720	982.2	980.5	981.1		
286.3802	0.3747	982.1	980.5	981.1		
286.4635	0.3698	982.0	980.4	980.9		
286.5468	0.3787	982.1	980.5	981.0		
286.6302	0.3671	982.1	980.5	981.0		
286.7135	0.3716	982.1	980.5	981.0		
286.7968	0.3800	982.0	980.4	980.9		
286.8802	0.3654	982.1	980.5	981.0		
286.9635	0.3751	982.1	980.5	981.0		
287.0468	0.3649	982.1	980.5	981.0		
287.1302	0.3778	982.0	980.5	981.0		
287.2135	0.3778	982.1	980.4	981.0		
287.2968	0.3720	982.1	980.5	981.0		
287.3802	0.3707	982.1	980.4	980.9		
287.4635	0.3738	982.0	980.5	981.0		
287.5468	0.3707	982.0	980.5	981.0		
287.6302	0.3765	982.1	980.5	981.0		
287.7135	0.3743	982.1	980.5	981.0		
287.7968	0.3769	982.1	980.5	980.9		
287.8802	0.3765	982.0	980.4	980.9		
287.9635	0.3707	982.0	980.4	981.0		
288.0468	0.3778	982.1	980.5	981.0		
288.1302	0.3711	982.1	980.4	981.0		
288.2135	0.3663	982.1	980.5	981.0		
288.2968	0.3782	982.0	980.4	980.9		
288.3802	0.3778	982.0	980.4	981.0		
288.4635	0.3729	982.2	980.5	981.0		
288.5468	0.3831	982.1	980.5	981.0		
288.6302	0.3747	982.1	980.5	981.0		
288.7135	0.3720	982.1	980.5	981.0		
288.7968	0.3791	982.1	980.4	981.0		
288.8802	0.3725	982.0	980.4	981.0		
288.9635	0.3738	982.1	980.5	981.0		
289.0468	0.3814	982.2	980.6	981.1		
289.1302	0.3774	982.2	980.5	981.0		
289.2135	0.3720	982.1	980.6	981.0		
289.2968	0.3716	982.0	980.4	981.0		
289.3802	0.3707	982.0	980.4	981.0		
289.4635	0.3703	982.1	980.4	981.0		
289.5468	0.3734	982.1	980.5	981.0		
289.6302	0.3769	982.0	980.5	980.9		
289.7135	0.3703	982.1	980.4	980.9		
289.7968	0.3774	982.0	980.4	980.9		
289.8802	0.3747	982.2	980.5	981.1		
289.9635	0.3782	982.1	980.5	981.0		
290.0468	0.3707	982.0	980.4	980.8		
290.1302	0.3778	982.1	980.5	981.1		
290.2135	0.3787	982.1	980.5	981.1		
290.2968	0.3707	982.1	980.5	980.9		
290.3802	0.3685	982.1	980.4	981.0		
290.4635	0.3756	982.1	980.5	981.0		
290.5468	0.3791	982.1	980.5	981.1		
290.6302	0.3729	982.1	980.5	981.0		
290.7135	0.3716	982.1	980.5	981.0		
290.7968	0.3791	982.0	980.5	981.0		
290.8802	0.3747	982.1	980.5	981.0		
290.9635	0.3734	982.1	980.5	981.0		
291.0468	0.3747	982.1	980.5	980.9		
291.1302	0.3756	982.1	980.5	981.0		
291.2135	0.3760	982.1	980.4	981.0		
291.2968	0.3782	982.2	980.5	981.0		
291.3802	0.3725	982.1	980.5	981.1		
291.4635	0.3862	982.2	980.5	981.0		
291.5468	0.3809	982.1	980.5	980.9		
291.6302	0.3729	982.1	980.5	981.1		
291.7135	0.3711	982.1	980.4	981.0		
291.7968	0.3725	982.0	980.5	981.0		
291.8802	0.3774	982.1	980.5	981.0		
291.9635	0.3729	982.1	980.5	981.0		
292.0468	0.3711	982.2	980.5	981.0		
292.1302	0.3729	982.1	980.5	981.0		
292.2135	0.3853	982.0	980.3	980.9		
292.2968	0.3734	982.1	980.4	981.0		
292.3802	0.3791	982.1	980.5	981.1		
292.4635	0.3738	982.1	980.5	981.0		
292.5468	0.3734	982.0	980.4	980.9		
292.6302	0.3760	982.1	980.5	981.0		
292.7135	0.3774	982.1	980.5	981.0		
292.7968	0.3743	982.2	980.5	981.0		
292.8802	0.3751	982.1	980.4	981.0		
292.9635	0.3809	982.1	980.5	981.0		
293.0468	0.3791	982.1	980.5	981.0		
293.1302	0.3671	982.2	980.5	981.0		
293.2135	0.3765	982.1	980.4	981.0		
293.2968	0.3743	982.1	980.5	981.0		
293.3802	0.3743	982.0	980.5	981.0		
293.4635	0.3769	982.1	980.5	980.9		
293.5468	0.3760	982.2	980.5	981.1		
293.6302	0.3756	982.2	980.5	981.1		
293.7135	0.3778	982.1	980.5	981.0		
293.7968	0.3822	982.1	980.5	981.0		
293.8802	0.3774	982.1	980.5	981.0		
293.9635	0.3791	982.2	980.5	981.0		
294.0468	0.3822	982.2	980.5	981.0		
294.1302	0.3782	982.2	980.5	981.0		
294.2135	0.3814	982.1	980.5	981.0		
294.2968	0.3738	982.1	980.4	981.0		
294.3802	0.3787	982.1	980.5	981.0		
294.4635	0.3711	982.1	980.4	980.9		
294.5468	0.3791	982.0	980.4	981.0		
294.6302	0.3720	982.1	980.5	981.0		
294.7135	0.3787	982.1	980.5	981.0		
294.7968	0.3716	982.2	980.5	981.0		
294.8802	0.3796	982.0	980.4	980.9		
294.9635	0.3800	982.1	980.5	980.9		
295.0468	0.3796	982.2	980.6	981.1		
295.1302	0.3787	982.1	980.5	981.0		
295.2135	0.3778	982.2	980.5	981.0		
295.2968	0.3756	982.1	980.5	981.0		
295.3802	0.3800	982.1	980.5	981.1		
295.4635	0.3765	982.2	980.5	981.0		
295.5468	0.3738	982.1	980.5	981.0		
295.6302	0.3800	982.1	980.5	981.0		
295.7135	0.3809	982.1	980.5	981.0		
295.7968	0.3782	982.1	980.5	981.0		
295.8802	0.3774	982.1	980.5	981.0		
295.9635	0.3743	982.2	980.5	981.0		
296.0468	0.3725	982.1	980.5	981.0		
296.1302	0.3845	982.1	980.4	980.9		
296.2135	0.3774	982.1	980.5	981.0		
296.2968	0.3871	982.2	980.5	981.1		
296.3802	0.3889	982.1	980.5	981.0		
296.4635	0.3751	982.1	980.5	981.0		
296.5468	0.3769	982.0	980.4	980.9		
296.6302	0.3818	982.1	980.5	981.0		
296.7135	0.3858	982.2	980.5	981.0		
296.7968	0.3814	982.1	980.4	980.9		
296.8802	0.3782	982.1	980.4	981.0		
296.9635	0.3791	982.1	980.5	981.0		
297.0468	0.3822	982.0	980.4	981.0		
297.1302	0.3800	982.3	980.6	981.2		
297.2135	0.3774	982.1	980.5	981.0		
297.2968	0.3818	982.1	980.4	980.9		
297.3802	0.3862	982.0	980.4	981.0		
297.4635	0.3814	982.1	980.5	981.0		
297.5468	0.3822	982.0	980.4	980.8		
297.6302	0.3774	982.2	980.5	981.0		
297.7135	0.3782	982.2	980.5	981.0		
297.7968	0.3818	982.1	980.5	981.0		
297.8802	0.3791	982.1	980.5	981.0		
297.9635	0.3760	982.1	980.5	981.0		
298.0468	0.3800	982.1	980.5	981.0		
298.1302	0.3827	982.1	980.5	981.0		
298.2135	0.3725	982.2	980.5	980.9		
298.2968	0.3756	982.1	980.5	981.0		
298.3802	0.3853	982.1	980.5	981.0		
298.4635	0.3814	982.1	980.5	981.0		
298.5468	0.3898	982.1	980.5	981.0		
298.6302	0.3778	982.1	980.5	981.1		
298.7135	0.3707	982.1	980.5	981.0		
298.7968	0.3858	982.1	980.5	980.9		
298.8802	0.3782	982.0	980.5	981.0		
298.9635	0.3853	982.0	980.4	980.9		
299.0468	0.3853	982.1	980.5	980.9		
299.1302	0.3840	982.1	980.5	981.0		
299.2135	0.3791	982.1	980.5	981.0		
299.2968	0.3805	982.1	980.4	980.9		
299.3802	0.3818	982.1	980.4	980.9		
299.4635	0.3845	982.0	980.5	981.0		
299.5468	0.3836	982.1	980.5	981.0		
299.6302	0.3800	982.1	980.5	981.0		
299.7135	0.3707	982.0	980.5	981.0		
299.7968	0.3853	982.1	980.5	981.0		
299.8802	0.3774	982.0	980.4	980.9		
299.9635	0.3818	982.1	980.4	981.0		
300.0468	0.3827	982.1	980.5	981.0		
300.1302	0.3849	982.1	980.5	981.0		
300.2135	0.3831	982.1	980.5	981.0		
300.2969	0.3760	982.1	980.5	981.0		
300.3802	0.3885	982.1	980.5	981.0		
300.4635	0.3831	982.0	980.4	981.0		
300.5469	0.3778	982.1	980.5	981.0		
300.6302	0.3840	982.1	980.5	981.0		
300.7135	0.3818	982.1	980.5	980.9		
300.7969	0.3849	982.0	980.4	981.0		
300.8802	0.3925	982.1	980.5	981.0		
300.9635	0.3889	982.1	980.4	981.0		
301.0469	0.3791	982.1	980.5	981.0		
301.1302	0.3814	982.2	980.5	981.0		
301.2135	0.3853	982.1	980.5	981.0		
301.2969	0.3818	982.0	980.5	981.0		
301.3802	0.3756	982.1	980.4	980.9		
301.4635	0.3818	982.1	980.5	981.0		
301.5469	0.3831	982.1	980.5	980.9		
301.6302	0.3840	982.0	980.5	980.9		
301.7135	0.3822	982.0	980.4	980.9		
301.7969	0.3876	982.1	980.5	980.9		
301.8802	0.3800	982.1	980.5	981.0		
301.9635	0.3831	982.1	980.5	980.9		
302.0469	0.3880	982.1	980.5	981.0		
302.1302	0.3845	982.1	980.5	981.0		
302.2135	0.3871	982.1	980.5	981.0		
302.2969	0.3827	982.1	980.5	981.0		
302.3802	0.3853	982.1	980.4	980.9		
302.4635	0.3840	982.1	980.5	981.0		
302.5469	0.3805	982.1	980.5	981.0		
302.6302	0.3782	982.2	980.5	981.0		
302.7135	0.3885	982.1	980.5	980.9		
302.7969	0.3889	982.1	980.5	981.0		
302.8802	0.3862	982.1	980.5	981.0		
302.9635	0.3840	982.1	980.5	981.0		
303.0469	0.3787	982.1	980.5	980.9		
303.1302	0.3845	982.1	980.4	980.9		
303.2135	0.3858	982.0	980.4	981.0		
303.2969	0.3774	982.1	980.5	980.9		
303.3802	0.3907	982.1	980.4	981.0		
303.4635	0.3814	982.1	980.4	981.0		
303.5469	0.3738	982.1	980.4	981.0		
303.6302	0.3800	982.1	980.5	980.9		
303.7135	0.3840	982.0	980.4	980.9		
303.7969	0.3827	982.0	980.5	981.0		
303.8802	0.3845	982.1	980.4	981.0		
303.9635	0.3849	982.1	980.5	981.0		
304.0469	0.3831	982.1	980.4	980.8		
304.1302	0.3840	982.1	980.4	981.0		
304.2135	0.3791	982.1	980.5	981.0		
304.2969	0.3796	982.1	980.4	980.9		
304.3802	0.3831	982.1	980.4	980.9		
304.4635	0.3845	982.1	980.4	980.9		
304.5469	0.3871	982.0	980.4	981.0		
304.6302	0.3933	982.0	980.4	981.0		
304.7135	0.3756	982.1	980.5	980.9		
304.7969	0.3849	982.0	980.4	980.9		
304.8802	0.3925	982.0	980.4	980.9		
304.9635	0.3885	982.1	980.5	981.0		
305.0469	0.3880	982.1	980.5	981.0		
305.1302	0.3898	982.0	980.4	980.9		
305.2135	0.3893	982.1	980.4	980.9		
305.2969	0.3805	982.1	980.5	981.0		
305.3802	0.3800	982.0	980.5	981.0		
305.4635	0.3791	982.1	980.5	981.0		
305.5469	0.3889	982.1	980.4	980.9		
305.6302	0.3787	982.1	980.5	981.0		
305.7135	0.3809	982.1	980.5	980.9		
305.7969	0.3916	982.1	980.5	981.0		
305.8802	0.3893	982.1	980.4	980.9		
305.9635	0.3862	982.1	980.5	981.0		
306.0469	0.3938	982.1	980.5	981.1		
306.1302	0.3880	982.0	980.5	980.9		
306.2135	0.3827	982.1	980.4	980.9		
306.2969	0.3902	982.1	980.4	980.9		
306.3802	0.3845	982.1	980.5	981.0		
306.4635	0.3849	982.1	980.5	980.9		
306.5469	0.3876	982.1	980.5	981.0		
306.6302	0.3885	982.1	980.5	981.0		
306.7135	0.3827	982.0	980.4	981.0		
306.7969	0.3885	982.1	980.4	980.9		
306.8802	0.3796	982.1	980.5	980.9		
306.9635	0.3925	982.1	980.5	981.0		
307.0469	0.3862	982.1	980.5	981.0		
307.1302	0.3822	982.1	980.5	980.9		
307.2135	0.3849	982.1	980.5	981.0		
307.2969	0.3831	982.1	980.5	980.9		
307.3802	0.3871	982.1	980.5	980.9		
307.4635	0.3885	982.0	980.4	980.9		
307.5469	0.3902	982.1	980.5	981.0		
307.6302	0.3885	982.0	980.4	980.9		
307.7135	0.3845	982.1	980.5	981.0		
307.7969	0.3845	982.1	980.5	980.9		
307.8802	0.3893	982.1	980.5	981.0		
307.9635	0.3925	982.0	980.4	980.9		
308.0469	0.3889	982.1	980.5	980.9		
308.1302	0.3871	982.0	980.4	980.9		
308.2135	0.3862	982.1	980.5	981.0		
308.2969	0.3876	982.1	980.4	980.9		
308.3802	0.3956	982.1	980.4	980.9		
308.4635	0.3885	982.1	980.5	980.9		
308.5469	0.3862	982.1	980.5	981.0		
308.6302	0.3809	982.1	980.4	980.9		
308.7135	0.3889	982.0	980.4	980.9		
308.7969	0.3871	982.1	980.4	980.9		
308.8802	0.3933	982.1	980.4	981.0		
308.9635	0.3889	982.1	980.5	980.9		
309.0469	0.3871	982.1	980.4	981.0		
309.1302	0.3818	982.1	980.5	980.9		
309.2135	0.3805	982.1	980.4	980.9		
309.2969	0.3849	982.0	980.4	980.9		
309.3802	0.3853	982.1	980.4	980.9		
309.4635	0.3920	982.1	980.4	980.9		
309.5469	0.3951	982.0	980.4	980.9		
309.6302	0.3907	982.0	980.4	980.9		
309.7135	0.3876	982.1	980.5	981.0		
309.7969	0.3880	982.1	980.5	980.9		
309.8802	0.3898	982.0	980.4	980.9		
309.9635	0.3862	982.1	980.4	980.9		
310.0469	0.3902	982.1	980.5	981.0		
310.1302	0.3827	982.0	980.4	980.9		
310.2135	0.3956	982.0	980.4	980.9		
310.2969	0.3876	982.1	980.5	980.9		
310.3802	0.3880	982.0	980.4	980.9		
310.4635	0.3809	982.1	980.5	981.0		
310.5469	0.3858	982.1	980.5	980.9		
310.6302	0.3911	982.0	980.4	980.9		
310.7135	0.3876	982.1	980.5	981.0		
310.7969	0.3840	982.1	980.5	980.9		
310.8802	0.3938	982.1	980.5	980.9		
310.9635	0.3893	981.9	980.3	980.8		
311.0469	0.3916	982.0	980.4	980.8		
311.1302	0.3889	982.0	980.4	980.9		
311.2135	0.3889	982.2	980.4	980.9		
311.2969	0.3920	982.1	980.4	981.0		
311.3802	0.3920	982.0	980.4	980.9		
311.4635	0.3907	982.1	980.4	980.9		
311.5469	0.3853	982.1	980.4	980.9		
311.6302	0.3862	981.9	980.4	980.9		
311.7135	0.3853	982.1	980.4	980.8		
311.7969	0.3885	982.1	980.5	981.0		
311.8802	0.3956	982.0	980.4	980.8		
311.9635	0.3973	982.0	980.4	980.9		
312.0469	0.3920	982.0	980.4	981.0		
312.1302	0.3951	982.0	980.4	980.9		
312.2135	0.3987	982.2	980.5	981.0		
312.2969	0.3885	982.1	980.4	980.9		
312.3802	0.3853	982.1	980.4	981.0		
312.4635	0.3991	982.0	980.4	980.9		
312.5469	0.3916	982.0	980.4	981.0		
312.6302	0.3911	982.1	980.5	981.0		
312.7135	0.3893	982.1	980.4	980.9		
312.7969	0.3978	982.1	980.5	981.0		
312.8802	0.3898	982.1	980.4	980.9		
312.9635	0.3916	982.0	980.4	980.9		
313.0469	0.3885	982.0	980.4	980.9		
313.1302	0.3933	982.1	980.4	980.9		
313.2135	0.3902	982.1	980.4	981.0		
313.2969	0.3947	982.0	980.5	981.0		
313.3802	0.3960	982.1	980.4	980.9		
313.4635	0.3893	982.2	980.5	981.1		
313.5469	0.3876	982.1	980.4	980.9		
313.6302	0.3849	982.1	980.4	980.9		
313.7135	0.3867	982.1	980.4	980.9		
313.7969	0.3956	982.1	980.4	980.9		
313.8802	0.3933	982.1	980.5	980.9		
313.9635	0.3938	982.1	980.5	980.9		
314.0469	0.3889	982.0	980.4	980.9		
314.1302	0.3960	982.1	980.4	980.9		
314.2135	0.3956	982.1	980.4	981.0		
314.2969	0.3942	982.0	980.3	980.8		
314.3802	0.3880	982.1	980.4	980.9		
314.4635	0.3938	982.0	980.4	981.0		
314.5469	0.3885	982.1	980.4	981.0		
314.6302	0.3942	982.1	980.4	980.9		
314.7135	0.3969	982.0	980.4	980.9		
314.7969	0.3942	982.1	980.4	981.0		
314.8802	0.3893	982.1	980.4	980.9		
314.9635	0.3938	982.1	980.4	980.9		
315.0469	0.3987	982.1	980.4	980.9		
315.1302	0.3938	982.1	980.4	980.9		
315.2135	0.3902	982.1	980.5	981.0		
315.2969	0.3973	982.0	980.4	980.9		
315.3802	0.3902	982.2	980.4	980.9		
315.4635	0.3911	982.0	980.4	980.8		
315.5469	0.3911	982.0	980.4	980.9		
315.6302	0.3942	982.2	980.5	981.0		
315.7135	0.3947	982.1	980.4	980.9		
315.7969	0.3973	982.1	980.5	981.0		
315.8802	0.3902	982.0	980.4	980.9		
315.9635	0.3978	982.0	980.4	980.9		
316.0469	0.4000	982.1	980.4	980.9		
316.1302	0.3987	982.1	980.4	980.9		
316.2135	0.3925	982.0	980.4	980.9		
316.2969	0.3942	982.1	980.5	980.9		
316.3802	0.4000	982.1	980.5	981.0		
316.4635	0.3973	982.1	980.4	980.9		
316.5469	0.3911	982.1	980.5	981.0		
316.6302	0.3951	982.2	980.4	981.0		
316.7135	0.3951	982.0	980.4	980.9		
316.7969	0.3933	982.0	980.4	980.9		
316.8802	0.3973	982.2	980.5	981.0		
316.9635	0.3969	982.1	980.4	980.9		
317.0469	0.3973	982.0	980.3	980.8		
317.1302	0.3991	982.1	980.4	980.9		
317.2135	0.3960	982.0	980.4	980.9		
317.2969	0.3942	982.0	980.4	981.0		
317.3802	0.3907	982.1	980.4	980.9		
317.4635	0.3947	982.0	980.4	980.9		
317.5469	0.3978	982.1	980.4	980.9		
317.6302	0.3916	982.1	980.4	980.8		
317.7135	0.3916	982.1	980.4	980.9		
317.7969	0.3929	982.1	980.4	980.9		
317.8802	0.3920	982.1	980.4	980.9		
317.9635	0.3956	982.0	980.4	980.9		
318.0469	0.3951	982.1	980.5	980.9		
318.1302	0.3960	982.2	980.5	981.0		
318.2135	0.3996	982.1	980.5	981.0		
318.2969	0.3982	982.0	980.4	980.9		
318.3802	0.3942	982.1	980.4	980.9		
318.4635	0.3956	982.1	980.5	981.0		
318.5469	0.3885	982.0	980.4	981.0		
318.6302	0.3889	982.1	980.4	980.9		
318.7135	0.3925	982.0	980.4	980.9		
318.7969	0.3973	982.1	980.4	980.9		
318.8802	0.4004	982.0	980.4	981.0		
318.9635	0.3938	982.1	980.5	981.1		
319.0469	0.3964	982.1	980.4	980.9		
319.1302	0.3947	982.0	980.4	980.9		
319.2135	0.3969	982.1	980.4	980.9		
319.2969	0.4000	982.0	980.4	981.0		
319.3802	0.3987	982.1	980.4	980.9		
319.4635	0.3947	982.1	980.4	980.9		
319.5469	0.3956	982.1	980.4	980.9		
319.6302	0.4018	982.0	980.4	980.9		
319.7135	0.3871	982.0	980.4	980.9		
319.7969	0.3942	982.1	980.5	981.0		
319.8802	0.4000	982.1	980.4	980.9		
319.9635	0.3964	982.1	980.4	980.9		
320.0469	0.4036	982.1	980.4	980.9		
320.1302	0.4031	982.1	980.5	980.9		
320.2135	0.4013	982.1	980.4	981.0		
320.2969	0.3973	982.0	980.4	980.9		
320.3802	0.3982	982.1	980.4	980.9		
320.4635	0.4040	982.0	980.4	980.9		
320.5469	0.4009	982.1	980.4	980.9		
320.6302	0.3973	982.1	980.5	981.0		
320.7135	0.4098	982.2	980.4	981.0		
320.7969	0.3969	982.0	980.4	980.8		
320.8802	0.3982	982.0	980.4	981.0		
320.9635	0.4009	982.1	980.5	981.0		
321.0469	0.3982	982.1	980.3	980.8		
321.1302	0.4004	982.1	980.4	981.0		
321.2135	0.4027	982.1	980.5	981.0		
321.2969	0.3933	982.0	980.4	981.0		
321.3802	0.3982	982.1	980.4	980.9		
321.4635	0.3991	982.1	980.5	980.9		
321.5469	0.3964	982.1	980.5	981.0		
321.6302	0.4018	982.0	980.4	981.0		
321.7135	0.3947	982.1	980.5	981.0		
321.7969	0.3969	982.1	980.4	980.9		
321.8802	0.4027	982.1	980.5	981.0		
321.9635	0.3902	982.1	980.4	981.0		
322.0469	0.4013	982.1	980.5	981.0		
322.1302	0.3973	982.2	980.5	981.0		
322.2135	0.3947	982.1	980.5	980.9		
322.2969	0.3907	982.2	980.5	980.9		
322.3802	0.4009	982.2	980.5	981.0		
322.4635	0.3942	982.1	980.5	981.0		
322.5469	0.4022	982.1	980.5	981.0		
322.6302	0.3969	982.1	980.5	981.0		
322.7135	0.4013	982.1	980.5	981.0		
322.7969	0.3942	982.1	980.5	980.9		
322.8802	0.3964	982.2	980.5	980.9		
322.9635	0.3969	982.2	980.5	980.9		
323.0469	0.3947	982.2	980.5	981.0		
323.1302	0.4013	982.1	980.5	981.0		
323.2135	0.4004	982.1	980.4	980.9		
323.2969	0.3911	982.1	980.5	980.9		
323.3802	0.4031	982.1	980.5	981.1		
323.4635	0.4027	982.2	980.5	981.0		
323.5469	0.4000	982.1	980.4	980.9		
323.6302	0.4040	982.1	980.4	980.9		
323.7135	0.3951	982.1	980.4	980.9		
323.7969	0.4044	982.1	980.5	981.0		
323.8802	0.4022	982.2	980.5	981.0		
323.9635	0.3893	982.1	980.5	981.0		
324.0469	0.4062	982.1	980.5	980.9		
324.1302	0.3964	982.1	980.5	981.0		
324.2135	0.3978	982.2	980.6	981.0		
324.2969	0.3942	982.1	980.5	981.0		
324.3802	0.4018	982.2	980.4	980.9		
324.4635	0.3902	982.1	980.5	980.9		
324.5469	0.3969	982.2	980.5	980.9		
324.6302	0.4013	982.1	980.5	981.0		
324.7135	0.4044	982.1	980.5	980.9		
324.7969	0.4022	982.0	980.4	980.9		
324.8802	0.3947	982.1	980.5	981.0		
324.9635	0.3929	982.1	980.5	980.9		
325.0469	0.4000	982.1	980.5	980.9		
325.1302	0.4120	982.1	980.4	980.9		
325.2135	0.4018	982.1	980.4	981.0		
325.2969	0.4067	982.1	980.5	981.0		
325.3802	0.3951	982.2	980.6	981.1		
325.4635	0.3987	982.1	980.5	980.9		
325.5469	0.3987	982.1	980.5	981.0		
325.6302	0.4040	982.1	980.5	980.9		
325.7135	0.4022	982.2	980.5	981.0		
325.7969	0.4031	982.1	980.5	981.0		
325.8802	0.4000	982.2	980.5	980.9		
325.9635	0.4022	982.1	980.5	980.9		
326.0469	0.3996	982.1	980.4	980.9		
326.1302	0.4013	982.1	980.5	980.9		
326.2135	0.4049	982.1	980.5	981.0		
326.2969	0.3889	982.2	980.4	981.0		
326.3802	0.3951	982.2	980.5	981.0		
326.4635	0.3996	982.1	980.5	981.0		
326.5469	0.4018	982.1	980.4	980.9		
326.6302	0.4031	982.1	980.4	981.0		
326.7135	0.4013	982.1	980.4	981.0		
326.7969	0.4040	982.2	980.5	981.0		
326.8802	0.4031	982.2	980.4	980.9		
326.9635	0.3991	982.1	980.4	980.9		
327.0469	0.4004	982.2	980.5	981.0		
327.1302	0.3991	982.1	980.5	981.0		
327.2135	0.3956	982.1	980.5	981.0		
327.2969	0.3982	982.2	980.5	981.0		
327.3802	0.4031	982.1	980.5	980.9		
327.4635	0.3982	982.1	980.5	981.0		
327.5469	0.3991	982.1	980.5	981.1		
327.6302	0.3956	982.1	980.5	980.9		
327.7135	0.3956	982.1	980.5	981.0		
327.7969	0.4000	982.2	980.5	981.0		
327.8802	0.3956	982.2	980.5	980.9		
327.9635	0.3964	982.1	980.5	980.9		
328.0469	0.4031	982.1	980.5	980.9		
328.1302	0.3960	982.0	980.5	981.0		
328.2135	0.4027	982.2	980.5	981.0		
328.2969	0.3951	982.1	980.5	980.9		
328.3802	0.4044	982.1	980.5	980.9		
328.4635	0.3960	982.1	980.5	981.0		
328.5469	0.3987	982.0	980.5	981.0		
328.6302	0.3973	982.2	980.5	981.0		
328.7135	0.4053	982.1	980.5	981.0		
328.7969	0.4009	982.0	980.4	980.9		
328.8802	0.3973	982.0	980.4	980.9		
328.9635	0.4053	982.1	980.5	980.9		
329.0469	0.4009	982.2	980.5	981.0		
329.1302	0.4000	982.1	980.5	980.9		
329.2135	0.4098	982.1	980.4	980.9		
329.2969	0.4036	982.1	980.3	980.9		
329.3802	0.4049	982.1	980.5	981.0		
329.4635	0.3996	982.0	980.5	981.0		
329.5469	0.4040	982.2	980.5	981.0		
329.6302	0.4013	982.2	980.5	981.0		
329.7135	0.4031	982.1	980.5	981.1		
329.7969	0.3978	982.2	980.5	981.0		
329.8802	0.4031	982.0	980.4	980.9		
329.9635	0.4022	982.1	980.4	981.0		
330.0469	0.4049	982.2	980.5	981.0		
330.1302	0.4018	982.1	980.4	980.9		
330.2135	0.3996	982.0	980.4	981.0		
330.2969	0.4018	982.0	980.4	981.0		
330.3802	0.4018	982.1	980.5	981.0		
330.4635	0.3964	982.1	980.4	980.9		
330.5469	0.4000	982.1	980.5	980.9		
330.6302	0.4084	982.1	980.5	981.0		
330.7135	0.4000	982.1	980.5	981.0		
330.7969	0.4027	982.2	980.5	981.1		
330.8802	0.3996	982.2	980.5	981.0		
330.9635	0.3996	982.1	980.5	980.9		
331.0469	0.3987	982.1	980.5	981.0		
331.1302	0.3978	982.1	980.5	981.0		
331.2135	0.3987	982.1	980.5	980.9		
331.2969	0.3973	982.2	980.5	981.0		
331.3802	0.4000	982.2	980.5	981.0		
331.4635	0.3982	982.1	980.4	980.8		
331.5469	0.4071	982.1	980.4	980.9		
331.6302	0.3951	982.2	980.5	981.0		
331.7135	0.3969	982.2	980.6	981.0		
331.7969	0.4102	982.1	980.4	980.9		
331.8802	0.4022	982.0	980.4	981.0		
331.9635	0.3969	982.1	980.4	981.0		
332.0469	0.4031	982.1	980.4	980.9		
332.1302	0.4004	982.2	980.5	981.0		
332.2135	0.4031	982.0	980.4	980.9		
332.2969	0.4027	982.1	980.5	980.9		
332.3802	0.4022	982.1	980.4	981.0		
332.4635	0.4044	982.1	980.5	981.0		
332.5469	0.4013	982.2	980.5	981.0		
332.6302	0.4000	982.2	980.5	981.0		
332.7135	0.3991	982.1	980.4	980.8		
332.7969	0.3996	982.0	980.4	980.9		
332.8802	0.4018	982.0	980.5	980.9		
332.9635	0.4044	982.2	980.5	981.0		
333.0469	0.3973	982.1	980.5	981.0		
333.1302	0.4013	982.1	980.4	980.9		
333.2135	0.4013	982.2	980.5	981.0		
333.2969	0.3951	982.1	980.5	981.0		
333.3802	0.3951	982.2	980.6	981.1		
333.4635	0.4058	982.2	980.4	981.0		
333.5469	0.3916	982.2	980.5	981.0		
333.6302	0.4049	982.1	980.5	980.9		
333.7135	0.4040	982.1	980.5	980.9		
333.7969	0.4044	982.1	980.5	980.9		
333.8802	0.4018	982.1	980.5	980.9		
333.9635	0.4040	982.2	980.4	980.9		
334.0469	0.4031	982.2	980.6	981.2		
334.1302	0.4053	982.1	980.5	981.0		
334.2135	0.3960	982.1	980.4	981.0		
334.2969	0.4044	982.2	980.6	981.1		
334.3802	0.4004	982.1	980.4	980.9		
334.4635	0.4000	982.1	980.4	980.9		
334.5469	0.4022	982.1	980.4	981.0		
334.6302	0.3951	982.2	980.5	981.0		
334.7135	0.4031	982.1	980.4	980.9		
334.7969	0.4009	982.1	980.5	980.9		
334.8802	0.4031	982.1	980.5	981.0		
334.9635	0.4071	982.1	980.5	981.0		
335.0469	0.4040	982.2	980.5	981.1		
335.1302	0.4027	982.2	980.5	981.0		
335.2135	0.4044	982.1	980.5	981.0		
335.2969	0.4062	982.1	980.5	981.0		
335.3802	0.4022	982.1	980.4	980.9		
335.4635	0.4018	982.1	980.4	980.9		
335.5469	0.4004	982.2	980.5	981.0		
335.6302	0.4053	982.1	980.5	981.0		
335.7135	0.3964	982.1	980.5	981.0		
335.7969	0.3987	982.1	980.5	981.0		
335.8802	0.3973	982.1	980.5	980.9		
335.9635	0.3996	982.1	980.4	980.9		
336.0469	0.4000	982.1	980.5	980.9		
336.1302	0.3960	982.1	980.5	981.0		
336.2135	0.4115	982.1	980.4	980.9		
336.2969	0.4089	982.1	980.4	980.9		
336.3802	0.4071	982.1	980.4	980.9		
336.4635	0.4071	982.0	980.4	980.9		
336.5469	0.4151	982.1	980.4	980.9		
336.6302	0.4004	982.2	980.4	981.0		
336.7135	0.4031	982.1	980.5	980.9		
336.7969	0.4080	982.1	980.5	981.1		
336.8802	0.4111	982.1	980.5	981.0		
336.9635	0.4036	982.2	980.5	981.0		
337.0469	0.3973	982.1	980.5	980.9		
337.1302	0.4027	982.2	980.5	981.1		
337.2135	0.4129	982.2	980.5	981.1		
337.2969	0.4080	982.1	980.5	981.0		
337.3802	0.3973	982.2	980.5	980.9		
337.4635	0.4071	982.1	980.5	980.9		
337.5469	0.4062	982.1	980.5	980.9		
337.6302	0.4080	982.1	980.5	981.0		
337.7135	0.4018	982.1	980.5	980.9		
337.7969	0.4049	982.2	980.5	981.0		
337.8802	0.4000	982.1	980.5	981.0		
337.9635	0.3987	982.2	980.5	980.9		
338.0469	0.4075	982.2	980.5	981.0		
338.1302	0.4062	982.2	980.5	981.1		
338.2135	0.4013	982.1	980.4	980.9		
338.2969	0.4080	982.1	980.5	981.0		
338.3802	0.4049	982.1	980.5	981.0		
338.4635	0.4058	982.1	980.5	981.0		
338.5469	0.4058	982.2	980.5	981.0		
338.6302	0.4044	982.1	980.5	981.0		
338.7135	0.4098	982.1	980.4	980.9		
338.7969	0.4049	982.1	980.4	981.0		
338.8802	0.4013	982.2	980.5	981.0		
338.9635	0.4022	982.2	980.5	981.0		
339.0469	0.4018	982.2	980.5	980.9		
339.1302	0.4058	982.2	980.5	981.1		
339.2135	0.3991	982.1	980.5	981.0		
339.2969	0.4102	982.2	980.5	981.0		
339.3802	0.3996	982.2	980.5	981.0		
339.4635	0.4102	982.1	980.5	981.0		
339.5469	0.4115	982.2	980.5	981.0		
339.6302	0.3969	982.1	980.4	980.9		
339.7135	0.4080	982.2	980.5	981.0		
339.7969	0.4058	982.2	980.5	981.0		
339.8802	0.4067	982.2	980.5	981.0		
339.9635	0.4058	982.1	980.4	981.0		
340.0469	0.3982	982.2	980.6	981.0		
340.1302	0.4040	982.1	980.4	980.9		
340.2135	0.4018	982.1	980.5	981.0		
340.2969	0.4089	982.1	980.4	980.9		
340.3802	0.4062	982.3	980.5	981.0		
340.4635	0.4102	982.1	980.4	980.8		
340.5469	0.4053	982.1	980.5	980.9		
340.6302	0.4067	982.1	980.4	980.9		
340.7135	0.4009	982.1	980.4	980.9		
340.7969	0.4022	982.2	980.5	981.1		
340.8802	0.4058	982.1	980.5	980.9		
340.9635	0.4075	982.1	980.4	981.0		
341.0469	0.4009	982.1	980.5	981.0		
341.1302	0.4098	982.2	980.5	981.0		
341.2135	0.4031	982.2	980.5	981.0		
341.2969	0.4115	982.2	980.5	981.1		
341.3802	0.4067	982.1	980.4	980.9		
341.4635	0.4013	982.1	980.5	981.0		
341.5469	0.4044	982.1	980.4	980.9		
341.6302	0.4107	982.2	980.5	981.0		
341.7135	0.3978	982.2	980.5	981.0		
341.7969	0.4075	982.2	980.5	981.0		
341.8802	0.4080	982.1	980.5	981.0		
341.9635	0.4075	982.1	980.5	981.0		
342.0469	0.4040	982.1	980.5	980.9		
342.1302	0.4053	982.2	980.5	981.1		
342.2135	0.4084	982.2	980.4	980.9		
342.2969	0.4080	982.1	980.5	981.0		
342.3802	0.4107	982.2	980.5	981.0		
342.4635	0.4049	982.2	980.5	981.0		
342.5469	0.4027	982.1	980.5	981.0		
342.6302	0.4107	982.1	980.4	980.9		
342.7135	0.4111	982.0	980.4	980.8		
342.7969	0.4062	982.1	980.5	980.9		
342.8802	0.4040	982.1	980.5	981.0		
342.9635	0.4040	982.1	980.4	981.0		
343.0469	0.4018	982.2	980.5	981.0		
343.1302	0.4102	982.1	980.5	980.9		
343.2135	0.4084	982.1	980.5	981.0		
343.2969	0.4075	982.1	980.5	981.0		
343.3802	0.4115	982.1	980.4	980.9		
343.4635	0.4027	982.0	980.4	980.9		
343.5469	0.4084	982.2	980.5	981.0		
343.6302	0.4080	982.1	980.5	981.0		
343.7135	0.4009	982.2	980.5	980.9		
343.7969	0.4093	982.2	980.6	981.0		
343.8802	0.4124	982.0	980.4	980.9		
343.9635	0.4098	982.1	980.5	981.0		
344.0469	0.4093	982.2	980.5	981.0		
344.1302	0.4049	982.1	980.5	981.0		
344.2135	0.4031	982.2	980.5	981.0		
344.2969	0.4062	982.1	980.4	980.9		
344.3802	0.4178	982.1	980.5	980.9		
344.4635	0.4058	982.1	980.5	981.0		
344.5469	0.3996	982.2	980.5	981.0		
344.6302	0.4018	982.2	980.6	981.0		
344.7135	0.4098	982.2	980.5	981.0		
344.7969	0.4031	982.2	980.5	981.1		
344.8802	0.4107	982.0	980.4	980.9		
344.9635	0.4102	982.1	980.5	981.0		
345.0469	0.4129	982.1	980.4	980.9		
345.1302	0.4142	982.1	980.5	981.0		
345.2135	0.4129	982.1	980.4	980.9		
345.2969	0.4098	982.1	980.5	981.0		
345.3802	0.4107	982.1	980.4	980.9		
345.4635	0.4133	982.1	980.4	980.9		
345.5469	0.4036	982.1	980.5	981.0		
345.6302	0.4133	982.1	980.5	980.9		
345.7135	0.4036	982.1	980.5	981.0		
345.7969	0.4107	982.2	980.5	981.0		
345.8802	0.4084	982.1	980.5	980.9		
345.9635	0.4102	982.1	980.5	980.9		
346.0469	0.4089	982.2	980.5	981.1		
346.1302	0.4089	982.1	980.5	981.0		
346.2135	0.4013	982.1	980.5	980.9		
346.2969	0.4111	982.2	980.5	981.0		
346.3802	0.4058	982.2	980.5	980.9		
346.4635	0.4018	982.1	980.6	981.1		
346.5469	0.4084	982.2	980.5	981.1		
346.6302	0.4075	982.1	980.4	980.9		
346.7135	0.4089	982.3	980.5	981.0		
346.7969	0.4053	982.2	980.5	981.0		
346.8802	0.4124	982.1	980.4	980.9		
346.9635	0.4120	982.1	980.4	981.0		
347.0469	0.4129	982.1	980.4	981.0		
347.1302	0.4200	982.2	980.6	981.0		
347.2135	0.4098	982.1	980.5	980.9		
347.2969	0.4075	982.1	980.5	980.9		
347.3802	0.4120	982.1	980.5	981.0		
347.4635	0.4186	982.2	980.6	981.0		
347.5469	0.4075	982.1	980.5	981.1		
347.6302	0.4133	982.2	980.5	981.0		
347.7135	0.4142	982.2	980.5	981.0		
347.7969	0.4044	982.1	980.5	980.9		
347.8802	0.4124	982.1	980.5	981.0		
347.9635	0.4031	982.1	980.5	980.9		
348.0469	0.4067	982.1	980.5	980.9		
348.1302	0.4058	982.2	980.5	981.0		
348.2135	0.4075	982.2	980.5	981.0		
348.2969	0.4075	982.2	980.6	981.1		
348.3802	0.4044	982.1	980.5	981.0		
348.4635	0.4089	982.2	980.5	981.0		
348.5469	0.4142	982.1	980.5	981.0		
348.6302	0.4102	982.1	980.5	980.9		
348.7135	0.4058	982.2	980.6	981.1		
348.7969	0.4089	982.2	980.5	981.0		
348.8802	0.4075	982.2	980.5	981.0		
348.9635	0.4115	982.2	980.5	981.1		
349.0469	0.4173	982.1	980.5	981.0		
349.1302	0.4133	982.2	980.5	981.1		
349.2135	0.4120	982.2	980.6	981.1		
349.2969	0.4151	982.2	980.5	981.1		
349.3802	0.4098	982.1	980.5	981.0		
349.4635	0.4058	982.2	980.5	981.0		
349.5469	0.4111	982.0	980.5	981.0		
349.6302	0.4200	982.2	980.5	981.0		
349.7135	0.4124	982.2	980.5	981.0		
349.7969	0.4093	982.2	980.5	981.0		
349.8802	0.4049	982.2	980.5	981.0		
349.9635	0.4133	982.2	980.5	981.0		
350.0469	0.4102	982.1	980.5	981.0		
350.1302	0.4084	982.1	980.5	981.0		
350.2135	0.4089	982.2	980.5	981.0		
350.2969	0.4138	982.1	980.5	981.0		
350.3802	0.4107	982.2	980.5	981.0		
350.4635	0.4120	982.1	980.5	981.0		
350.5469	0.4133	982.1	980.5	981.0		
350.6302	0.4098	982.1	980.5	981.0		
350.7135	0.4147	982.2	980.5	981.0		
350.7969	0.4129	982.1	980.5	980.9		
350.8802	0.4062	982.1	980.5	981.0		
350.9635	0.4218	982.2	980.5	981.0		
351.0469	0.4124	982.2	980.5	981.0		
351.1302	0.4178	982.1	980.5	980.9		
351.2135	0.4133	982.1	980.5	980.9		
351.2969	0.4209	982.1	980.4	980.9		
351.3802	0.4093	982.1	980.5	980.9		
351.4635	0.4169	982.1	980.5	981.0		
351.5469	0.4191	982.1	980.4	980.9		
351.6302	0.4058	982.1	980.5	980.9		
351.7135	0.4093	982.2	980.5	981.0		
351.7969	0.4151	982.2	980.6	981.0		
351.8802	0.4080	982.1	980.5	981.0		
351.9635	0.4129	982.1	980.5	981.1		
352.0469	0.4147	982.1	980.5	981.0		
352.1302	0.4147	982.1	980.5	981.0		
352.2135	0.4138	982.0	980.4	980.9		
352.2969	0.4182	982.2	980.5	981.1		
352.3802	0.4089	982.2	980.6	981.1		
352.4635	0.4107	982.2	980.5	981.0		
352.5469	0.4169	982.2	980.5	981.0		
352.6302	0.4147	982.1	980.5	981.0		
352.7135	0.4129	982.0	980.4	980.9		
352.7969	0.4142	982.1	980.5	981.0		
352.8802	0.4151	982.2	980.5	981.0		
352.9635	0.4178	982.2	980.5	981.0		
353.0469	0.4115	982.2	980.6	981.0		
353.1302	0.4204	982.1	980.5	981.0		
353.2135	0.4120	982.2	980.5	981.0		
353.2969	0.4124	982.2	980.6	981.1		
353.3802	0.4129	982.2	980.5	981.1		
353.4635	0.4142	982.2	980.5	981.0		
353.5469	0.4173	982.1	980.5	981.0		
353.6302	0.4200	982.1	980.5	981.0		
353.7135	0.4111	982.2	980.5	981.0		
353.7969	0.4053	982.2	980.5	981.0		
353.8802	0.4155	982.2	980.5	981.1		
353.9635	0.4124	982.1	980.5	981.0		
354.0469	0.4142	982.1	980.5	981.1		
354.1302	0.4160	982.1	980.5	981.0		
354.2135	0.4115	982.1	980.5	981.0		
354.2969	0.4155	982.2	980.5	981.0		
354.3802	0.4093	982.1	980.5	981.0		
354.4635	0.4124	982.1	980.5	981.1		
354.5469	0.4173	982.1	980.4	981.0		
354.6302	0.4075	982.2	980.5	981.0		
354.7135	0.4133	982.1	980.4	980.9		
354.7969	0.4160	982.1	980.5	981.0		
354.8802	0.4173	982.1	980.5	981.0		
354.9635	0.4200	982.1	980.5	981.1		
355.0469	0.4084	982.1	980.5	981.0		
355.1302	0.4062	982.2	980.5	981.0		
355.2135	0.4115	982.2	980.5	981.0		
355.2969	0.4173	982.1	980.5	981.0		
355.3802	0.4142	982.2	980.5	981.0		
355.4635	0.4173	982.1	980.5	981.0		
355.5469	0.4164	982.2	980.6	981.1		
355.6302	0.4169	982.2	980.5	981.0		
355.7135	0.4147	982.2	980.6	981.0		
355.7969	0.4173	982.1	980.5	981.0		
355.8802	0.4222	982.2	980.5	981.1		
355.9635	0.4093	982.1	980.5	981.0		
356.0469	0.4160	982.2	980.5	981.1		
356.1302	0.4124	982.2	980.4	980.9		
356.2135	0.4169	982.2	980.6	981.0		
356.2969	0.4257	982.1	980.5	981.1		
356.3802	0.4120	982.1	980.5	981.1		
356.4635	0.4115	982.1	980.5	981.0		
356.5469	0.4160	982.2	980.5	981.1		
356.6302	0.4093	982.1	980.5	981.0		
356.7135	0.4178	982.2	980.5	981.0		
356.7969	0.4155	982.1	980.5	981.0		
356.8802	0.4107	982.3	980.7	981.3		
356.9635	0.4111	982.2	980.5	981.0		
357.0469	0.4160	982.2	980.5	981.1		
357.1302	0.4173	982.1	980.5	980.9		
357.2135	0.4142	982.1	980.4	980.9		
357.2969	0.4062	982.2	980.5	981.0		
357.3802	0.4120	982.1	980.5	980.9		
357.4635	0.4138	982.1	980.5	981.0		
357.5469	0.4147	982.1	980.5	981.0		
357.6302	0.4044	982.1	980.5	981.0		
357.7135	0.4147	982.2	980.6	981.1		
357.7969	0.4111	982.2	980.6	981.0		
357.8802	0.4253	982.1	980.5	981.0		
357.9635	0.4209	982.1	980.6	981.1		
358.0469	0.4257	982.1	980.5	981.0		
358.1302	0.4084	982.2	980.5	981.0		
358.2135	0.4093	982.2	980.5	981.0		
358.2969	0.4160	982.2	980.6	981.0		
358.3802	0.4160	982.1	980.4	980.9		
358.4635	0.4147	982.2	980.5	981.0		
358.5469	0.4138	982.1	980.5	981.0		
358.6302	0.4147	982.1	980.5	980.9		
358.7135	0.4173	982.1	980.5	981.0		
358.7969	0.4218	982.1	980.4	980.9		
358.8802	0.4169	982.1	980.5	981.0		
358.9635	0.4142	982.1	980.5	981.0		
359.0469	0.4129	982.1	980.5	981.0		
359.1302	0.4164	982.1	980.5	981.0		
359.2135	0.4213	982.1	980.3	980.9		
359.2969	0.4235	982.1	980.4	981.0		
359.3802	0.4133	982.2	980.5	981.0		
359.4635	0.4178	982.2	980.6	981.1		
359.5469	0.4142	982.2	980.5	981.0		
359.6302	0.4191	982.1	980.5	981.0		
359.7135	0.4075	982.2	980.5	981.0		
359.7969	0.4160	982.2	980.5	981.0		
359.8802	0.4129	982.1	980.5	981.0		
359.9635	0.4178	982.1	980.5	980.9		
360.0469	0.4160	982.2	980.6	981.1		
360.1302	0.4142	982.2	980.5	981.1		
360.2135	0.4200	982.1	980.4	980.7		
360.2969	0.4164	982.2	980.5	980.9		
360.3802	0.4244	982.1	980.5	981.1		
360.4635	0.4195	982.2	980.5	981.0		
360.5469	0.4186	982.2	980.5	981.0		
360.6302	0.4133	982.0	980.4	980.9		
360.7135	0.4071	982.1	980.4	980.8		
360.7969	0.4151	982.1	980.6	981.1		
360.8802	0.4191	982.2	980.6	981.1		
360.9635	0.4218	982.2	980.5	981.0		
361.0469	0.4053	982.1	980.5	981.0		
361.1302	0.4204	982.1	980.5	981.0		
361.2135	0.4191	982.1	980.5	981.0		
361.2969	0.4160	982.2	980.6	981.1		
361.3802	0.4173	982.2	980.5	981.0		
361.4635	0.4155	982.1	980.5	981.0		
361.5469	0.4155	982.1	980.5	981.0		
361.6302	0.4129	982.2	980.6	981.1		
361.7135	0.4155	982.2	980.5	980.9		
361.7969	0.4173	982.2	980.5	981.0		
361.8802	0.4160	982.1	980.5	981.0		
361.9635	0.4186	982.2	980.7	981.3		
362.0469	0.4200	982.1	980.5	980.9		
362.1302	0.4191	982.1	980.5	981.0		
362.2135	0.4191	982.2	980.5	981.0		
362.2969	0.4240	982.1	980.5	981.0		
362.3802	0.4240	982.1	980.5	981.0		
362.4635	0.4164	982.1	980.4	980.8		
362.5469	0.4182	982.1	980.4	980.8		
362.6302	0.4067	982.2	980.5	981.0		
362.7135	0.4191	982.2	980.6	981.1		
362.7969	0.4133	982.2	980.5	981.0		
362.8802	0.4266	982.1	980.5	981.0		
362.9635	0.4200	982.0	980.4	980.9		
363.0469	0.4120	982.1	980.5	981.0		
363.1302	0.4200	982.1	980.5	980.9		
363.2135	0.4115	982.1	980.5	981.0		
363.2969	0.4155	982.2	980.5	981.0		
363.3802	0.4120	982.1	980.5	981.0		
363.4635	0.4200	982.2	980.5	980.9		
363.5469	0.4226	982.2	980.5	981.0		
363.6302	0.4271	982.2	980.5	981.0		
363.7135	0.4222	982.2	980.6	981.0		
363.7969	0.4235	982.1	980.5	981.0		
363.8802	0.4191	982.1	980.5	981.1		
363.9635	0.4226	982.2	980.6	981.1		
364.0469	0.4151	982.2	980.5	980.9		
364.1302	0.4182	982.2	980.6	980.9		
364.2135	0.4186	982.2	980.6	981.0		
364.2969	0.4155	982.3	980.6	981.0		
364.3802	0.4240	982.2	980.5	981.0		
364.4635	0.4266	982.3	980.7	981.1		
364.5469	0.4226	982.2	980.6	981.1		
364.6302	0.4231	982.2	980.5	980.9		
364.7135	0.4235	982.2	980.5	981.1		
364.7969	0.4218	982.1	980.5	981.0		
364.8802	0.4200	982.2	980.5	981.0		
364.9635	0.4200	982.2	980.6	981.1		
365.0469	0.4169	982.1	980.5	981.0		
365.1302	0.4151	982.3	980.7	981.2		
365.2135	0.4191	982.2	980.6	981.0		
365.2969	0.4280	982.2	980.6	981.1		
365.3802	0.4155	982.2	980.6	981.1		
365.4635	0.4213	982.1	980.5	981.0		
365.5469	0.4164	982.2	980.5	981.0		
365.6302	0.4200	982.1	980.4	980.9		
365.7135	0.4186	982.2	980.5	980.9		
365.7969	0.4186	982.2	980.5	981.0		
365.8802	0.4129	982.2	980.6	981.1		
365.9635	0.4262	982.2	980.6	981.1		
366.0469	0.4244	982.2	980.6	981.1		
366.1302	0.4257	982.1	980.6	981.1		
366.2135	0.4218	982.2	980.5	981.1		
366.2969	0.4231	982.2	980.6	981.1		
366.3802	0.4200	982.2	980.6	981.1		
366.4635	0.4186	982.4	980.9	981.6		
366.5469	0.4218	982.2	980.6	981.1		
366.6302	0.4275	982.2	980.6	981.1		
366.7135	0.4160	982.2	980.6	981.1		
366.7969	0.4186	982.3	980.6	981.0		
366.8802	0.4213	982.3	980.6	981.0		
366.9635	0.4240	982.2	980.5	981.1		
367.0469	0.4253	982.2	980.6	981.0		
367.1302	0.4257	982.2	980.5	980.9		
367.2135	0.4195	982.2	980.5	981.0		
367.2969	0.4173	982.2	980.6	981.0		
367.3802	0.4164	982.2	980.6	981.0		
367.4635	0.4244	982.3	980.6	981.1		
367.5469	0.4191	982.2	980.5	981.1		
367.6302	0.4195	982.2	980.6	981.1		
367.7135	0.4244	982.2	980.5	981.0		
367.7969	0.4115	982.3	980.6	981.1		
367.8802	0.4231	982.3	980.6	981.1		
367.9635	0.4173	982.2	980.6	981.0		
368.0469	0.4213	982.2	980.6	981.1		
368.1302	0.4178	982.2	980.6	981.1		
368.2135	0.4182	982.3	980.6	981.1		
368.2969	0.4209	982.2	980.5	980.9		
368.3802	0.4262	982.2	980.5	981.0		
368.4635	0.4213	982.3	980.7	981.4		
368.5469	0.4218	982.3	980.8	981.3		
368.6302	0.4240	982.2	980.5	981.1		
368.7135	0.4191	982.2	980.4	980.9		
368.7969	0.4195	982.2	980.6	981.1		
368.8802	0.4195	982.2	980.6	981.1		
368.9635	0.4155	982.2	980.5	981.0		
369.0469	0.4173	982.2	980.5	981.0		
369.1302	0.4173	982.3	980.6	981.0		
369.2135	0.4235	982.2	980.6	981.1		
369.2969	0.4271	982.1	980.5	981.1		
369.3802	0.4226	982.2	980.6	981.1		
369.4635	0.4222	982.3	980.6	981.1		
369.5469	0.4231	982.2	980.6	981.1		
369.6302	0.4244	982.1	980.5	981.0		
369.7135	0.4218	982.2	980.5	981.1		
369.7969	0.4262	982.2	980.6	981.1		
369.8802	0.4249	982.2	980.5	981.0		
369.9635	0.4213	982.2	980.6	981.0		
370.0469	0.4226	982.4	980.9	981.4		
370.1302	0.4213	982.3	980.6	981.1		
370.2135	0.4266	982.3	980.6	981.1		
370.2969	0.4253	982.2	980.5	981.0		
370.3802	0.4293	982.3	980.7	981.2		
370.4635	0.4271	982.3	980.7	981.2		
370.5469	0.4235	982.2	980.6	981.1		
370.6302	0.4244	982.2	980.6	981.1		
370.7135	0.4302	982.3	980.6	981.1		
370.7969	0.4200	982.3	980.6	981.1		
370.8802	0.4280	982.2	980.6	981.1		
370.9635	0.4271	982.3	980.6	981.0		
371.0469	0.4231	982.3	980.6	981.1		
371.1302	0.4218	982.2	980.6	981.1		
371.2135	0.4271	982.2	980.6	981.1		
371.2969	0.4213	982.2	980.6	981.0		
371.3802	0.4262	982.2	980.6	981.0		
371.4635	0.4164	982.2	980.6	981.0		
371.5469	0.4271	982.1	980.6	981.1		
371.6302	0.4271	982.2	980.6	981.1		
371.7135	0.4209	982.2	980.6	981.0		
371.7969	0.4235	982.2	980.6	981.1		
371.8802	0.4249	982.2	980.6	981.1		
371.9635	0.4200	982.2	980.6	981.1		
372.0469	0.4320	982.2	980.6	981.2		
372.1302	0.4235	982.2	980.6	981.1		
372.2135	0.4253	982.2	980.6	981.1		
372.2969	0.4151	982.3	980.7	981.1		
372.3802	0.4178	982.2	980.6	981.1		
372.4635	0.4253	982.2	980.6	981.1		
372.5469	0.4262	982.2	980.6	981.1		
372.6302	0.4293	982.2	980.6	981.0		
372.7135	0.4275	982.2	980.6	981.1		
372.7969	0.4222	982.3	980.6	981.0		
372.8802	0.4204	982.2	980.6	981.1		
372.9635	0.4186	982.2	980.5	981.0		
373.0469	0.4262	982.2	980.6	981.0		
373.1302	0.4218	982.2	980.5	981.0		
373.2135	0.4218	982.3	980.7	981.1		
373.2969	0.4297	982.2	980.6	981.1		
373.3802	0.4195	982.3	980.6	981.0		
373.4635	0.4244	982.2	980.5	981.0		
373.5469	0.4200	982.2	980.5	981.0		
373.6302	0.4253	982.2	980.6	981.0		
373.7135	0.4266	982.2	980.6	981.0		
373.7969	0.4262	982.2	980.6	981.2		
373.8802	0.4235	982.2	980.6	981.1		
373.9635	0.4271	982.2	980.6	981.1		
374.0469	0.4222	982.3	980.7	981.1		
374.1302	0.4226	982.3	980.6	981.1		
374.2135	0.4200	982.2	980.6	981.1		
374.2969	0.4240	982.2	980.6	981.1		
374.3802	0.4231	982.2	980.6	981.1		
374.4635	0.4360	982.3	980.7	981.2		
374.5469	0.4235	982.2	980.6	981.1		
374.6302	0.4271	982.2	980.6	981.0		
374.7135	0.4249	982.2	980.5	981.0		
374.7969	0.4315	982.2	980.6	981.1		
374.8802	0.4209	982.1	980.6	981.0		
374.9635	0.4297	982.3	980.6	981.1		
375.0469	0.4244	982.3	980.6	981.0		
375.1302	0.4244	982.2	980.6	981.0		
375.2135	0.4289	982.2	980.6	981.0		
375.2969	0.4262	982.2	980.6	981.2		
375.3802	0.4302	982.3	980.6	981.1		
375.4635	0.4249	982.2	980.5	981.0		
375.5469	0.4266	982.2	980.5	981.0		
375.6302	0.4213	982.2	980.6	981.0		
375.7135	0.4266	982.2	980.5	981.0		
375.7969	0.4231	982.2	980.6	981.1		
375.8802	0.4195	982.3	980.6	981.0		
375.9635	0.4315	982.2	980.5	981.0		
376.0469	0.4297	982.2	980.5	981.0		
376.1302	0.4266	982.1	980.5	981.0		
376.2135	0.4284	982.2	980.6	981.1		
376.2969	0.4200	982.2	980.6	981.0		
376.3802	0.4182	982.3	980.6	981.1		
376.4635	0.4284	982.2	980.6	981.0		
376.5469	0.4235	982.2	980.6	981.1		
376.6302	0.4306	982.2	980.6	981.0		
376.7135	0.4253	982.1	980.5	981.0		
376.7969	0.4280	982.2	980.6	981.1		
376.8802	0.4218	982.2	980.6	981.1		
376.9635	0.4231	982.2	980.6	981.0		
377.0469	0.4355	982.2	980.6	981.0		
377.1302	0.4280	982.3	980.6	981.1		
377.2135	0.4275	982.2	980.5	980.9		
377.2969	0.4306	982.1	980.6	981.1		
377.3802	0.4302	982.2	980.6	981.1		
377.4635	0.4320	982.2	980.5	981.0		
377.5469	0.4222	982.2	980.6	981.1		
377.6302	0.4200	982.2	980.6	981.0		
377.7135	0.4209	982.2	980.5	981.0		
377.7969	0.4244	982.2	980.5	981.0		
377.8802	0.4240	982.2	980.6	981.1		
377.9635	0.4320	982.2	980.5	981.0		
378.0469	0.4284	982.3	980.6	981.1		
378.1302	0.4231	982.2	980.5	981.0		
378.2135	0.4213	982.2	980.5	981.0		
378.2969	0.4306	982.2	980.6	981.1		
378.3802	0.4253	982.1	980.4	981.0		
378.4635	0.4329	982.1	980.5	981.0		
378.5469	0.4302	982.2	980.5	981.0		
378.6302	0.4342	982.2	980.5	981.0		
378.7135	0.4240	982.2	980.6	981.0		
378.7969	0.4311	982.2	980.5	981.0		
378.8802	0.4275	982.2	980.6	981.1		
378.9635	0.4351	982.2	980.6	981.0		
379.0469	0.4275	982.2	980.6	981.0		
379.1302	0.4249	982.2	980.5	981.0		
379.2135	0.4226	982.2	980.5	981.0		
379.2969	0.4293	982.2	980.6	981.0		
379.3802	0.4280	982.2	980.6	981.1		
379.4635	0.4271	982.2	980.6	981.0		
379.5469	0.4315	982.2	980.6	981.1		
379.6302	0.4320	982.2	980.5	981.0		
379.7135	0.4275	982.2	980.5	981.0		
379.7969	0.4333	982.3	980.5	981.0		
379.8802	0.4293	982.2	980.5	981.0		
379.9635	0.4360	982.1	980.6	981.1		
380.0469	0.4320	982.2	980.6	981.1		
380.1302	0.4289	982.2	980.5	981.1		
380.2135	0.4289	982.2	980.6	981.1		
380.2969	0.4266	982.2	980.5	981.0		
380.3802	0.4275	982.2	980.6	981.0		
380.4635	0.4249	982.2	980.6	981.0		
380.5469	0.4320	982.2	980.6	981.0		
380.6302	0.4235	982.1	980.5	981.0		
380.7135	0.4342	982.2	980.5	981.0		
380.7969	0.4240	982.2	980.6	981.1		
380.8802	0.4306	982.2	980.6	981.1		
380.9635	0.4231	982.2	980.6	981.1		
381.0469	0.4289	982.2	980.6	981.1		
381.1302	0.4311	982.2	980.6	981.0		
381.2135	0.4293	982.2	980.6	981.1		
381.2969	0.4306	982.2	980.5	981.0		
381.3802	0.4333	982.1	980.5	981.0		
381.4635	0.4266	982.2	980.5	980.9		
381.5469	0.4240	982.3	980.7	981.1		
381.6302	0.4186	982.2	980.5	981.0		
381.7135	0.4302	982.2	980.6	981.0		
381.7969	0.4342	982.2	980.6	981.1		
381.8802	0.4324	982.1	980.6	981.0		
381.9635	0.4324	982.2	980.5	981.0		
382.0469	0.4262	982.2	980.6	981.0		
382.1302	0.4280	982.2	980.5	981.0		
382.2135	0.4297	982.3	980.6	981.1		
382.2969	0.4262	982.2	980.6	981.1		
382.3802	0.4320	982.2	980.6	981.0		
382.4635	0.4351	982.2	980.6	981.1		
382.5469	0.4333	982.2	980.5	981.0		
382.6302	0.4271	982.2	980.5	981.0		
382.7135	0.4355	982.2	980.5	981.0		
382.7969	0.4346	982.1	980.6	981.1		
382.8802	0.4311	982.2	980.6	981.2		
382.9635	0.4368	982.3	980.6	981.2		
383.0469	0.4302	982.2	980.5	981.0		
383.1302	0.4302	982.2	980.6	981.0		
383.2135	0.4324	982.2	980.6	981.1		
383.2969	0.4302	982.2	980.6	981.0		
383.3802	0.4284	982.3	980.5	981.1		
383.4635	0.4253	982.2	980.5	981.0		
383.5469	0.4373	982.2	980.5	981.0		
383.6302	0.4266	982.2	980.6	981.1		
383.7135	0.4306	982.2	980.6	981.1		
383.7969	0.4235	982.2	980.5	981.0		
383.8802	0.4324	982.2	980.5	981.0		
383.9635	0.4244	982.1	980.5	980.9		
384.0469	0.4342	982.2	980.5	981.0		
384.1302	0.4346	982.2	980.6	981.0		
384.2135	0.4297	982.3	980.6	981.0		
384.2969	0.4266	982.3	980.6	981.0		
384.3802	0.4289	982.1	980.5	981.0		
384.4635	0.4400	982.2	980.5	981.1		
384.5469	0.4324	982.1	980.5	980.9		
384.6302	0.4306	982.2	980.5	981.1		
384.7135	0.4293	982.2	980.6	981.0		
384.7969	0.4262	982.2	980.5	980.9		
384.8802	0.4360	982.1	980.5	981.0		
384.9635	0.4368	982.2	980.5	981.0		
385.0469	0.4289	982.2	980.5	981.0		
385.1302	0.4400	982.2	980.6	981.1		
385.2135	0.4324	982.2	980.5	981.0		
385.2969	0.4297	982.1	980.5	981.0		
385.3802	0.4280	982.2	980.6	981.1		
385.4635	0.4289	982.1	980.5	981.0		
385.5469	0.4360	982.2	980.5	981.0		
385.6302	0.4351	982.2	980.5	981.0		
385.7135	0.4293	982.1	980.5	981.0		
385.7969	0.4302	982.2	980.5	981.1		
385.8802	0.4289	982.2	980.5	981.0		
385.9635	0.4226	982.2	980.5	981.0		
386.0469	0.4231	982.1	980.5	981.0		
386.1302	0.4289	982.3	980.6	981.0		
386.2135	0.4320	982.2	980.5	981.0		
386.2969	0.4297	982.2	980.5	980.9		
386.3802	0.4333	982.2	980.5	981.1		
386.4635	0.4253	982.3	980.6	981.1		
386.5469	0.4413	982.2	980.5	981.0		
386.6302	0.4306	982.2	980.5	981.1		
386.7135	0.4329	982.2	980.6	981.0		
386.7969	0.4266	982.2	980.5	981.0		
386.8802	0.4351	982.2	980.5	981.0		
386.9635	0.4306	982.1	980.5	981.0		
387.0469	0.4400	982.2	980.6	981.1		
387.1302	0.4364	982.2	980.6	981.1		
387.2135	0.4302	982.2	980.6	981.1		
387.2969	0.4364	982.2	980.5	981.0		
387.3802	0.4302	982.1	980.5	980.9		
387.4635	0.4253	982.2	980.5	981.0		
387.5469	0.4333	982.2	980.6	981.1		
387.6302	0.4249	982.3	980.6	981.1		
387.7135	0.4320	982.2	980.6	981.2		
387.7969	0.4324	982.3	980.6	981.1		
387.8802	0.4346	982.1	980.5	981.0		
387.9635	0.4333	982.2	980.6	981.1		
388.0469	0.4333	982.2	980.5	981.0		
388.1302	0.4297	982.2	980.5	981.0		
388.2135	0.4284	982.2	980.5	981.0		
388.2969	0.4351	982.3	980.6	981.0		
388.3802	0.4342	982.1	980.5	981.0		
388.4635	0.4329	982.1	980.6	981.0		
388.5469	0.4284	982.2	980.5	981.0		
388.6302	0.4337	982.1	980.5	981.0		
388.7135	0.4395	982.2	980.5	981.1		
388.7969	0.4297	982.2	980.5	981.0		
388.8802	0.4280	982.2	980.5	981.0		
388.9635	0.4280	982.2	980.6	981.0		
389.0469	0.4377	982.1	980.5	981.0		
389.1302	0.4315	982.1	980.5	981.0		
389.2135	0.4297	982.3	980.6	981.0		
389.2969	0.4342	982.3	980.6	981.1		
389.3802	0.4368	982.3	980.6	981.1		
389.4635	0.4342	982.2	980.5	981.0		
389.5469	0.4386	982.1	980.5	981.0		
389.6302	0.4453	982.2	980.5	981.0		
389.7135	0.4284	982.2	980.6	981.0		
389.7969	0.4262	982.3	980.6	981.1		
389.8802	0.4306	982.2	980.5	980.9		
389.9635	0.4377	982.2	980.6	981.0		
390.0469	0.4395	982.1	980.5	981.0		
390.1302	0.4377	982.1	980.5	981.0		
390.2135	0.4293	982.2	980.5	981.0		
390.2969	0.4337	982.3	980.5	981.0		
390.3802	0.4284	982.3	980.6	981.0		
390.4635	0.4368	982.2	980.6	981.1		
390.5469	0.4342	982.2	980.5	980.9		
390.6302	0.4337	982.2	980.6	981.0		
390.7135	0.4297	982.2	980.5	981.0		
390.7969	0.4320	982.2	980.5	981.0		
390.8802	0.4284	982.2	980.5	981.0		
390.9635	0.4386	982.1	980.5	981.1		
391.0469	0.4417	982.2	980.5	981.1		
391.1302	0.4404	982.3	980.6	981.1		
391.2135	0.4342	982.2	980.5	981.0		
391.2969	0.4284	982.3	980.6	981.1		
391.3802	0.4280	982.2	980.6	981.0		
391.4635	0.4320	982.3	980.7	981.1		
391.5469	0.4355	982.2	980.6	981.1		
391.6302	0.4417	982.1	980.5	981.0		
391.7135	0.4342	982.3	980.5	981.1		
391.7969	0.4302	982.2	980.5	981.0		
391.8802	0.4368	982.2	980.5	981.0		
391.9635	0.4306	982.3	980.6	981.1		
392.0469	0.4293	982.2	980.5	981.0		
392.1302	0.4320	982.2	980.6	981.0		
392.2135	0.4333	982.2	980.6	981.0		
392.2969	0.4368	982.2	980.5	981.0		
392.3802	0.4329	982.2	980.6	981.1		
392.4635	0.4337	982.3	980.6	981.1		
392.5469	0.4377	982.2	980.6	981.0		
392.6302	0.4364	982.2	980.6	981.0		
392.7135	0.4440	982.2	980.5	981.0		
392.7969	0.4351	982.3	980.5	981.0		
392.8802	0.4337	982.3	980.6	981.0		
392.9635	0.4351	982.3	980.6	981.0		
393.0469	0.4435	982.4	980.9	981.5		
393.1302	0.4386	982.1	980.4	980.9		
393.2135	0.4360	982.2	980.6	981.0		
393.2969	0.4293	982.3	980.6	981.1		
393.3802	0.4382	982.3	980.6	981.1		
393.4635	0.4364	982.3	980.6	981.0		
393.5469	0.4377	982.2	980.5	981.0		
393.6302	0.4346	982.2	980.5	980.9		
393.7135	0.4360	982.2	980.5	981.0		
393.7969	0.4266	982.2	980.5	981.1		
393.8802	0.4302	982.2	980.6	981.0		
393.9635	0.4377	982.2	980.6	981.0		
394.0469	0.4373	982.2	980.5	981.0		
394.1302	0.4333	982.1	980.5	981.0		
394.2135	0.4386	982.2	980.6	981.0		
394.2969	0.4373	982.2	980.5	981.0		
394.3802	0.4306	982.2	980.6	981.0		
394.4635	0.4306	982.2	980.5	980.9		
394.5469	0.4404	982.2	980.6	981.1		
394.6302	0.4329	982.3	980.6	981.0		
394.7135	0.4408	982.2	980.5	981.1		
394.7969	0.4342	982.2	980.6	981.1		
394.8802	0.4337	982.2	980.6	981.1		
394.9635	0.4408	982.2	980.6	981.1		
395.0469	0.4360	982.2	980.5	981.0		
395.1302	0.4320	982.3	980.6	981.0		
395.2135	0.4311	982.3	980.6	981.0		
395.2969	0.4448	982.2	980.5	981.0		
395.3802	0.4333	982.2	980.5	981.0		
395.4635	0.4408	982.2	980.6	981.1		
395.5469	0.4457	982.2	980.5	981.0		
395.6302	0.4475	982.2	980.5	981.0		
395.7135	0.4426	982.3	980.7	981.2		
395.7969	0.4311	982.1	980.5	980.9		
395.8802	0.4413	982.1	980.5	980.9		
395.9635	0.4404	982.2	980.6	981.1		
396.0469	0.4386	982.2	980.6	981.1		
396.1302	0.4351	982.2	980.6	981.0		
396.2135	0.4320	982.2	980.5	980.9		
396.2969	0.4377	982.2	980.5	980.9		
396.3802	0.4426	982.2	980.5	981.1		
396.4635	0.4528	982.2	980.6	981.1		
396.5469	0.4329	982.2	980.5	981.0		
396.6302	0.4289	982.2	980.6	981.0		
396.7135	0.4400	982.3	980.6	981.0		
396.7969	0.4382	982.2	980.6	981.0		
396.8802	0.4355	982.2	980.6	981.1		
396.9635	0.4408	982.2	980.6	981.1		
397.0469	0.4457	982.2	980.7	981.1		
397.1302	0.4408	982.2	980.6	981.0		
397.2135	0.4346	982.2	980.6	981.0		
397.2969	0.4404	982.1	980.6	981.1		
397.3802	0.4400	982.2	980.5	981.0		
397.4635	0.4368	982.3	980.5	981.0		
397.5469	0.4404	982.2	980.5	981.0		
397.6302	0.4368	982.1	980.6	981.1		
397.7135	0.4475	982.2	980.6	981.1		
397.7969	0.4342	982.2	980.6	981.0		
397.8802	0.4400	982.3	980.6	981.0		
397.9635	0.4435	982.3	980.6	981.0		
398.0469	0.4377	982.2	980.6	981.1		
398.1302	0.4400	982.2	980.5	981.0		
398.2135	0.4373	982.3	980.7	981.1		
398.2969	0.4337	982.2	980.6	981.1		
398.3802	0.4395	982.2	980.5	981.0		
398.4635	0.4364	982.2	980.5	981.0		
398.5469	0.4435	982.3	980.6	981.1		
398.6302	0.4457	982.2	980.6	981.1		
398.7135	0.4404	982.2	980.6	981.1		
398.7969	0.4386	982.2	980.6	981.0		
398.8802	0.4444	982.2	980.5	981.0		
398.9635	0.4351	982.3	980.6	981.0		
399.0469	0.4422	982.3	980.6	981.1		
399.1302	0.4413	982.2	980.6	981.1		
399.2135	0.4342	982.3	980.8	981.3		
399.2969	0.4311	982.2	980.5	981.0		
399.3802	0.4440	982.2	980.6	981.1		
399.4635	0.4426	982.2	980.6	981.0		
399.5469	0.4417	982.2	980.6	981.1		
399.6302	0.4444	982.2	980.5	981.0		
399.7135	0.4408	982.2	980.5	981.0		
399.7969	0.4391	982.3	980.6	981.2		
399.8802	0.4404	982.2	980.6	981.1		
399.9635	0.4360	982.3	980.6	981.2		
400.0469	0.4453	982.2	980.5	981.1		
400.1302	0.4377	982.2	980.6	981.1		
400.2135	0.4395	982.3	980.6	981.1		
400.2969	0.4440	982.2	980.5	980.9		
400.3802	0.4382	982.2	980.6	981.0		
400.4635	0.4457	982.3	980.6	981.0		
400.5469	0.4466	982.2	980.5	981.0		
400.6302	0.4382	982.3	980.6	981.1		
400.7135	0.4400	982.3	980.6	981.1		
400.7969	0.4422	982.3	980.6	981.0		
400.8802	0.4386	982.3	980.6	981.0		
400.9635	0.4440	982.2	980.6	981.0		
401.0469	0.4422	982.3	980.6	981.1		
401.1302	0.4342	982.3	980.6	981.1		
401.2135	0.4391	982.1	980.5	981.0		
401.2969	0.4413	982.3	980.7	981.2		
401.3802	0.4408	982.2	980.6	981.1		
401.4635	0.4426	982.2	980.6	981.1		
401.5469	0.4417	982.3	980.6	981.1		
401.6302	0.4386	982.3	980.6	981.1		
401.7135	0.4453	982.2	980.6	981.0		
401.7969	0.4475	982.3	980.7	981.2		
401.8802	0.4346	982.3	980.7	981.1		
401.9635	0.4422	982.3	980.7	981.1		
402.0469	0.4475	982.2	980.5	981.1		
402.1302	0.4413	982.3	980.7	981.2		
402.2135	0.4422	982.2	980.5	981.0		
402.2969	0.4497	982.2	980.6	981.1		
402.3802	0.4355	982.3	980.6	981.1		
402.4635	0.4417	982.2	980.6	981.1		
402.5469	0.4364	982.2	980.6	981.0		
402.6302	0.4413	982.2	980.5	981.0		
402.7135	0.4360	982.3	980.6	981.1		
402.7969	0.4426	982.2	980.6	981.1		
402.8802	0.4360	982.3	980.7	981.1		
402.9635	0.4435	982.3	980.6	981.0		
403.0469	0.4431	982.3	980.6	981.1		
403.1302	0.4453	982.3	980.6	981.1		
403.2135	0.4484	982.2	980.6	981.1		
403.2969	0.4479	982.2	980.6	981.2		
403.3802	0.4497	982.2	980.6	981.2		
403.4635	0.4408	982.2	980.6	981.1		
403.5469	0.4400	982.4	980.8	981.3		
403.6302	0.4426	982.3	980.6	981.1		
403.7135	0.4391	982.3	980.6	981.1		
403.7969	0.4528	982.2	980.6	981.1		
403.8802	0.4422	982.3	980.7	981.1		
403.9635	0.4448	982.3	980.6	981.1		
404.0469	0.4408	982.2	980.6	981.1		
404.1302	0.4382	982.3	980.6	981.1		
404.2135	0.4431	982.3	980.6	981.1		
404.2969	0.4413	982.3	980.7	981.2		
404.3802	0.4351	982.2	980.5	981.0		
404.4635	0.4417	982.3	980.7	981.2		
404.5469	0.4337	982.2	980.7	981.1		
404.6302	0.4346	982.4	980.7	981.1		
404.7135	0.4426	982.3	980.6	981.1		
404.7969	0.4422	982.2	980.6	981.1		
404.8802	0.4444	982.2	980.6	981.1		
404.9635	0.4395	982.2	980.6	981.1		
405.0469	0.4431	982.3	980.6	981.1		
405.1302	0.4413	982.3	980.6	981.1		
405.2135	0.4453	982.4	980.7	981.1		
405.2969	0.4435	982.2	980.6	981.0		
405.3802	0.4404	982.3	980.7	981.2		
405.4635	0.4355	982.3	980.6	981.1		
405.5469	0.4453	982.2	980.6	981.0		
405.6302	0.4435	982.3	980.6	981.0		
405.7135	0.4444	982.3	980.6	981.0		
405.7969	0.4333	982.3	980.6	981.1		
405.8802	0.4453	982.3	980.6	981.1		
405.9635	0.4368	982.3	980.6	981.1		
406.0469	0.4426	982.2	980.5	981.0		
406.1302	0.4404	982.2	980.6	981.0		
406.2135	0.4368	982.3	980.6	981.1		
406.2969	0.4400	982.4	980.7	981.1		
406.3802	0.4355	982.2	980.4	980.7		
406.4635	0.4426	982.2	980.5	981.0		
406.5469	0.4400	982.3	980.6	981.1		
406.6302	0.4417	982.2	980.5	980.9		
406.7135	0.4475	982.3	980.6	981.1		
406.7969	0.4440	982.3	980.6	981.0		
406.8802	0.4360	982.2	980.6	980.9		
406.9635	0.4386	982.3	980.5	980.9		
407.0469	0.4453	982.2	980.6	981.0		
407.1302	0.4506	982.3	980.6	981.1		
407.2135	0.4448	982.2	980.6	981.1		
407.2969	0.4515	982.3	980.6	981.1		
407.3802	0.4444	982.3	980.6	981.0		
407.4635	0.4475	982.2	980.5	981.0		
407.5469	0.4377	982.2	980.6	981.1		
407.6302	0.4413	982.2	980.6	981.0		
407.7135	0.4426	982.3	980.6	981.1		
407.7969	0.4413	982.3	980.6	981.1		
407.8802	0.4355	982.3	980.5	981.0		
407.9635	0.4413	982.2	980.6	981.0		
408.0469	0.4497	982.2	980.6	981.0		
408.1302	0.4417	982.1	980.5	981.0		
408.2135	0.4440	982.3	980.6	981.1		
408.2969	0.4484	982.3	980.6	981.0		
408.3802	0.4386	982.2	980.6	981.0		
408.4635	0.4400	982.2	980.5	980.9		
408.5469	0.4408	982.2	980.5	981.0		
408.6302	0.4395	982.2	980.5	980.9		
408.7135	0.4511	982.2	980.6	981.0		
408.7969	0.4395	982.3	980.6	981.0		
408.8802	0.4417	982.2	980.5	981.0		
408.9635	0.4426	982.2	980.5	980.9		
409.0469	0.4444	982.2	980.5	981.0		
409.1302	0.4404	982.3	980.6	981.2		
409.2135	0.4395	982.3	980.6	981.1		
409.2969	0.4373	982.3	980.6	981.0		
409.3802	0.4368	982.2	980.5	981.0		
409.4635	0.4497	982.2	980.6	981.0		
409.5469	0.4311	982.2	980.5	981.0		
409.6302	0.4479	982.3	980.6	981.1		
409.7135	0.4426	982.3	980.5	981.0		
409.7969	0.4408	982.2	980.5	981.0		
409.8802	0.4435	982.1	980.5	981.0		
409.9635	0.4440	982.2	980.5	981.1		
410.0469	0.4386	982.2	980.6	981.1		
410.1302	0.4408	982.3	980.6	981.0		
410.2135	0.4404	982.2	980.5	981.0		
410.2969	0.4400	982.2	980.5	981.0		
410.3802	0.4488	982.3	980.5	981.0		
410.4635	0.4413	982.1	980.5	981.1		
410.5469	0.4440	982.2	980.5	981.0		
410.6302	0.4471	982.3	980.5	981.0		
410.7135	0.4391	982.3	980.6	981.1		
410.7969	0.4426	982.2	980.6	981.1		
410.8802	0.4462	982.2	980.5	981.0		
410.9635	0.4528	982.2	980.5	980.9		
411.0469	0.4391	982.2	980.5	981.0		
411.1302	0.4471	982.3	980.5	981.0		
411.2135	0.4475	982.2	980.6	981.0		
411.2969	0.4462	982.2	980.5	981.0		
411.3802	0.4453	982.3	980.6	981.2		
411.4635	0.4435	982.2	980.5	981.0		
411.5469	0.4422	982.2	980.5	980.9		
411.6302	0.4488	982.3	980.6	981.1		
411.7135	0.4506	982.3	980.5	981.0		
411.7969	0.4457	982.3	980.6	981.1		
411.8802	0.4395	982.2	980.6	981.1		
411.9635	0.4431	982.3	980.6	981.1		
412.0469	0.4346	982.3	980.6	981.1		
412.1302	0.4426	982.2	980.6	981.0		
412.2135	0.4493	982.2	980.6	981.0		
412.2969	0.4373	982.2	980.6	981.0		
412.3802	0.4422	982.2	980.6	981.1		
412.4635	0.4435	982.2	980.5	981.0		
412.5469	0.4479	982.3	980.6	981.1		
412.6302	0.4422	982.3	980.6	981.1		
412.7135	0.4475	982.2	980.5	981.0		
412.7969	0.4422	982.2	980.5	981.0		
412.8802	0.4417	982.2	980.5	980.9		
412.9635	0.4426	982.2	980.5	981.0		
413.0469	0.4404	982.2	980.6	981.0		
413.1302	0.4453	982.2	980.5	981.1		
413.2135	0.4444	982.2	980.5	981.0		
413.2969	0.4453	982.3	980.6	981.0		
413.3802	0.4479	982.2	980.5	981.0		
413.4635	0.4444	982.3	980.6	981.2		
413.5469	0.4426	982.3	980.6	981.1		
413.6302	0.4466	982.2	980.5	981.0		
413.7135	0.4453	982.2	980.6	981.1		
413.7969	0.4435	982.3	980.6	981.1		
413.8802	0.4408	982.3	980.6	981.1		
413.9635	0.4444	982.2	980.6	981.0		
414.0469	0.4400	982.3	980.5	981.1		
414.1302	0.4417	982.2	980.6	981.0		
414.2135	0.4471	982.3	980.6	981.1		
414.2969	0.4488	982.2	980.6	981.0		
414.3802	0.4466	982.3	980.6	981.1		
414.4635	0.4462	982.2	980.5	981.0		
414.5469	0.4479	982.3	980.6	981.1		
414.6302	0.4475	982.1	980.5	981.0		
414.7135	0.4448	982.2	980.5	981.1		
414.7969	0.4448	982.2	980.5	981.0		
414.8802	0.4404	982.2	980.6	981.1		
414.9635	0.4448	982.2	980.6	981.1		
415.0469	0.4435	982.2	980.6	981.1		
415.1302	0.4453	982.3	980.6	981.2		
415.2135	0.4395	982.2	980.5	981.0		
415.2969	0.4422	982.2	980.5	981.1		
415.3802	0.4400	982.2	980.6	981.0		
415.4635	0.4413	982.3	980.6	981.0		
415.5469	0.4448	982.3	980.6	981.0		
415.6302	0.4426	982.2	980.6	981.0		
415.7135	0.4408	982.2	980.6	981.1		
415.7969	0.4466	982.2	980.5	981.0		
415.8802	0.4444	982.1	980.5	981.0		
415.9635	0.4511	982.3	980.5	981.0		
416.0469	0.4457	982.3	980.6	981.0		
416.1302	0.4462	982.2	980.5	981.0		
416.2135	0.4493	982.2	980.5	981.0		
416.2969	0.4373	982.2	980.6	981.0		
416.3802	0.4426	982.2	980.6	981.1		
416.4635	0.4413	982.2	980.5	981.0		
416.5469	0.4448	982.3	980.6	981.1		
416.6302	0.4462	982.3	980.6	981.1		
416.7135	0.4475	982.3	980.6	981.0		
416.7969	0.4502	982.2	980.6	981.1		
416.8802	0.4453	982.2	980.6	981.0		
416.9635	0.4391	982.1	980.5	980.9		
417.0469	0.4475	982.3	980.6	981.1		
417.1302	0.4479	982.3	980.6	981.0		
417.2135	0.4475	982.2	980.6	981.0		
417.2969	0.4466	982.3	980.6	981.1		
417.3802	0.4493	982.2	980.6	981.2		
417.4635	0.4422	982.2	980.6	981.0		
417.5469	0.4435	982.3	980.6	981.0		
417.6302	0.4417	982.3	980.7	981.1		
417.7135	0.4448	982.2	980.5	981.0		
417.7969	0.4448	982.3	980.7	981.2		
417.8802	0.4475	982.2	980.6	981.1		
417.9635	0.4422	982.1	980.5	981.0		
418.0469	0.4488	982.3	980.5	981.0		
418.1302	0.4435	982.2	980.5	981.0		
418.2135	0.4413	982.2	980.6	981.1		
418.2969	0.4444	982.2	980.5	981.0		
418.3802	0.4511	982.2	980.6	981.0		
418.4635	0.4471	982.2	980.6	981.1		
418.5469	0.4466	982.2	980.6	981.1		
418.6302	0.4457	982.3	980.6	981.0		
418.7135	0.4457	982.2	980.5	980.9		
418.7969	0.4519	982.2	980.5	980.9		
418.8802	0.4426	982.2	980.5	981.0		
418.9635	0.4466	982.2	980.5	981.0		
419.0469	0.4488	982.2	980.5	981.0		
419.1302	0.4502	982.2	980.5	981.0		
419.2135	0.4462	982.3	980.5	981.0		
419.2969	0.4408	982.2	980.5	981.0		
419.3802	0.4426	982.2	980.6	981.0		
419.4635	0.4457	982.2	980.6	981.0		
419.5469	0.4391	982.2	980.6	981.0		
419.6302	0.4471	982.2	980.5	981.0		
419.7135	0.4448	982.3	980.6	981.1		
419.7969	0.4444	982.2	980.5	981.0		
419.8802	0.4435	982.2	980.6	981.0		
419.9635	0.4506	982.2	980.6	981.1		
420.0469	0.4426	982.2	980.5	981.0		
420.1302	0.4511	982.2	980.5	980.9		
420.2136	0.4413	982.2	980.5	980.9		
420.2969	0.4417	982.2	980.5	980.9		
420.3802	0.4462	982.2	980.6	981.1		
420.4636	0.4404	982.1	980.5	980.9		
420.5469	0.4453	982.2	980.6	981.0		
420.6302	0.4453	982.4	980.7	981.3		
420.7136	0.4431	982.3	980.6	981.0		
420.7969	0.4431	982.2	980.6	981.0		
420.8802	0.4395	982.2	980.6	981.1		
420.9636	0.4435	982.2	980.6	981.2		
421.0469	0.4475	982.2	980.7	981.2		
421.1302	0.4479	982.3	980.6	981.0		
421.2136	0.4493	982.2	980.5	981.0		
421.2969	0.4422	982.2	980.6	981.0		
421.3802	0.4506	982.1	980.5	980.9		
421.4636	0.4484	982.2	980.6	981.1		
421.5469	0.4506	982.3	980.6	981.1		
421.6302	0.4475	982.2	980.5	981.0		
421.7136	0.4417	982.2	980.6	981.0		
421.7969	0.4440	982.3	980.6	981.1		
421.8802	0.4426	982.3	980.7	981.1		
421.9636	0.4417	982.2	980.5	980.9		
422.0469	0.4493	982.3	980.7	981.1		
422.1302	0.4377	982.2	980.5	981.0		
422.2136	0.4466	982.2	980.5	981.0		
422.2969	0.4444	982.2	980.6	981.0		
422.3802	0.4479	982.2	980.6	981.1		
422.4636	0.4493	982.3	980.7	981.3		
422.5469	0.4404	982.2	980.5	980.9		
422.6302	0.4466	982.2	980.5	981.0		
422.7136	0.4493	982.3	980.7	981.1		
422.7969	0.4422	982.3	980.6	981.1		
422.8802	0.4550	982.3	980.6	981.1		
422.9636	0.4462	982.2	980.6	981.1		
423.0469	0.4444	982.3	980.6	981.1		
423.1302	0.4475	982.5	981.2	981.8		
423.2136	0.4453	982.3	980.7	981.2		
423.2969	0.4440	982.3	980.6	981.2		
423.3802	0.4519	982.1	980.3	980.7		
423.4636	0.4506	982.2	980.5	980.9		
423.5469	0.4502	982.1	980.4	980.8		
423.6302	0.4471	982.3	980.6	981.1		
423.7136	0.4493	982.2	980.4	980.9		
423.7969	0.4488	982.2	980.5	981.0		
423.8802	0.4355	982.2	980.5	981.0		
423.9636	0.4488	982.2	980.6	981.1		
424.0469	0.4519	982.3	980.6	981.1		
424.1302	0.4426	982.2	980.5	981.0		
424.2136	0.4457	982.3	980.6	981.0		
424.2969	0.4377	982.2	980.6	981.0		
424.3802	0.4448	982.2	980.5	981.0		
424.4636	0.4440	982.2	980.6	981.1		
424.5469	0.4488	982.2	980.6	981.1		
424.6302	0.4453	982.2	980.6	981.0		
424.7136	0.4488	982.2	980.5	981.0		
424.7969	0.4457	982.2	980.5	981.0		
424.8802	0.4493	982.2	980.5	981.0		
424.9636	0.4404	982.2	980.5	981.0		
425.0469	0.4479	982.1	980.5	980.8		
425.1302	0.4524	982.2	980.6	981.0		
425.2136	0.4519	982.2	980.6	981.1		
425.2969	0.4497	982.2	980.7	981.1		
425.3802	0.4528	982.2	980.5	981.0		
425.4636	0.4488	982.2	980.5	980.9		
425.5469	0.4466	982.2	980.5	981.0		
425.6302	0.4466	982.2	980.6	981.0		
425.7136	0.4440	982.2	980.6	981.0		
425.7969	0.4511	982.3	980.6	981.1		
425.8802	0.4444	982.3	980.6	981.0		
425.9636	0.4440	982.3	980.6	981.0		
426.0469	0.4550	982.2	980.6	981.1		
426.1302	0.4457	982.2	980.6	981.1		
426.2136	0.4493	982.3	980.6	981.2		
426.2969	0.4493	982.3	980.6	981.1		
426.3802	0.4475	982.3	980.5	981.0		
426.4636	0.4484	982.1	980.5	981.0		
426.5469	0.4515	982.2	980.6	981.1		
426.6302	0.4426	982.2	980.5	981.0		
426.7136	0.4493	982.2	980.5	981.0		
426.7969	0.4417	982.2	980.6	981.1		
426.8802	0.4559	982.2	980.5	980.9		
426.9636	0.4506	982.2	980.5	981.0		
427.0469	0.4457	982.3	980.7	981.2		
427.1302	0.4475	982.2	980.5	981.0		
427.2136	0.4475	982.2	980.5	981.0		
427.2969	0.4577	982.2	980.6	981.0		
427.3802	0.4488	982.3	980.6	981.1		
427.4636	0.4479	982.2	980.5	981.0		
427.5469	0.4457	982.3	980.5	981.0		
427.6302	0.4524	982.2	980.6	981.1		
427.7136	0.4519	982.3	980.6	981.1		
427.7969	0.4515	982.2	980.5	981.0		
427.8802	0.4426	982.2	980.6	981.0		
427.9636	0.4524	982.2	980.5	981.0		
428.0469	0.4404	982.2	980.6	981.1		
428.1302	0.4475	982.3	980.6	981.1		
428.2136	0.4471	982.2	980.6	981.0		
428.2969	0.4448	982.2	980.6	981.1		
428.3802	0.4457	982.2	980.5	981.0		
428.4636	0.4493	982.2	980.5	981.0		
428.5469	0.4519	982.3	980.6	981.0		
428.6302	0.4448	982.3	980.6	981.1		
428.7136	0.4546	982.2	980.6	981.0		
428.7969	0.4493	982.2	980.6	981.1		
428.8802	0.4502	982.3	980.7	981.2		
428.9636	0.4484	982.3	980.6	981.1		
429.0469	0.4448	982.3	980.6	981.1		
429.1302	0.4448	982.3	980.5	981.0		
429.2136	0.4457	982.2	980.6	981.0		
429.2969	0.4484	982.2	980.6	981.0		
429.3802	0.4466	982.3	980.6	981.1		
429.4636	0.4528	982.3	980.6	981.1		
429.5469	0.4555	982.2	980.6	981.0		
429.6302	0.4506	982.3	980.6	981.1		
429.7136	0.4457	982.3	980.5	981.0		
429.7969	0.4488	982.4	980.7	981.2		
429.8802	0.4519	982.3	980.6	981.1		
429.9636	0.4533	982.2	980.6	981.0		
430.0469	0.4542	982.3	980.6	981.1		
430.1302	0.4546	982.2	980.5	981.1		
430.2136	0.4457	982.4	980.6	981.1		
430.2969	0.4457	982.3	980.6	981.1		
430.3802	0.4555	982.3	980.6	981.1		
430.4636	0.4457	982.2	980.6	981.0		
430.5469	0.4519	982.2	980.6	981.0		
430.6302	0.4506	982.3	980.6	981.1		
430.7136	0.4475	982.3	980.5	981.0		
430.7969	0.4528	982.3	980.6	981.1		
430.8802	0.4475	982.3	980.6	981.0		
430.9636	0.4493	982.3	980.6	981.0		
431.0469	0.4568	982.3	980.6	981.1		
431.1302	0.4519	982.2	980.6	981.1		
431.2136	0.4506	982.2	980.6	981.1		
431.2969	0.4497	982.3	980.6	981.1		
431.3802	0.4457	982.2	980.5	981.0		
431.4636	0.4524	982.2	980.6	981.1		
431.5469	0.4479	982.2	980.6	981.1		
431.6302	0.4457	982.3	980.6	981.1		
431.7136	0.4586	982.2	980.6	981.1		
431.7969	0.4511	982.2	980.5	981.0		
431.8802	0.4568	982.2	980.5	981.1		
431.9636	0.4506	982.3	980.6	981.1		
432.0469	0.4519	982.3	980.5	981.0		
432.1302	0.4448	982.3	980.6	981.1		
432.2136	0.4493	982.3	980.6	981.1		
432.2969	0.4550	982.2	980.5	981.0		
432.3802	0.4497	982.3	980.6	981.1		
432.4636	0.4564	982.2	980.6	981.0		
432.5469	0.4444	982.2	980.6	981.1		
432.6302	0.4426	982.2	980.5	981.0		
432.7136	0.4511	982.3	980.6	981.1		
432.7969	0.4462	982.3	980.7	981.1		
432.8802	0.4462	982.3	980.6	981.1		
432.9636	0.4471	982.3	980.6	981.1		
433.0469	0.4466	982.2	980.6	981.1		
433.1302	0.4506	982.2	980.6	981.2		
433.2136	0.4542	982.2	980.6	981.1		
433.2969	0.4519	982.1	980.5	980.9		
433.3802	0.4502	982.4	980.7	981.2		
433.4636	0.4466	982.3	980.6	981.0		
433.5469	0.4488	982.2	980.7	981.1		
433.6302	0.4493	982.3	980.6	981.1		
433.7136	0.4577	982.3	980.5	981.1		
433.7969	0.4506	982.3	980.6	981.1		
433.8802	0.4488	982.2	980.6	981.0		
433.9636	0.4515	982.3	980.6	981.1		
434.0469	0.4506	982.2	980.6	981.1		
434.1302	0.4564	982.2	980.6	981.1		
434.2136	0.4524	982.2	980.5	981.1		
434.2969	0.4559	982.3	980.6	981.1		
434.3802	0.4502	982.2	980.6	981.0		
434.4636	0.4550	982.3	980.6	981.1		
434.5469	0.4448	982.2	980.5	981.0		
434.6302	0.4488	982.3	980.5	981.0		
434.7136	0.4533	982.2	980.6	981.1		
434.7969	0.4533	982.3	980.6	981.2		
434.8802	0.4426	982.3	980.6	981.1		
434.9636	0.4519	982.3	980.6	981.0		
435.0469	0.4466	982.3	980.6	981.0		
435.1302	0.4533	982.2	980.6	981.1		
435.2136	0.4559	982.3	980.6	981.2		
435.2969	0.4533	982.3	980.6	981.0		
435.3802	0.4511	982.1	980.5	981.0		
435.4636	0.4524	982.2	980.5	981.1		
435.5469	0.4568	982.2	980.5	981.0		
435.6302	0.4524	982.2	980.6	981.0		
435.7136	0.4506	982.2	980.5	981.0		
435.7969	0.4519	982.2	980.5	981.0		
435.8802	0.4493	982.1	980.5	980.9		
435.9636	0.4564	982.2	980.5	981.0		
436.0469	0.4577	982.2	980.6	981.1		
436.1302	0.4537	982.2	980.5	981.0		
436.2136	0.4524	982.2	980.5	981.0		
436.2969	0.4533	982.3	980.6	981.0		
436.3802	0.4471	982.2	980.6	981.0		
436.4636	0.4479	982.2	980.6	981.1		
436.5469	0.4506	982.3	980.6	981.0		
436.6302	0.4582	982.3	980.6	981.1		
436.7136	0.4542	982.2	980.6	981.1		
436.7969	0.4550	982.3	980.6	981.1		
436.8802	0.4497	982.3	980.5	981.0		
436.9636	0.4457	982.3	980.5	981.1		
437.0469	0.4506	982.3	980.6	981.1		
437.1302	0.4457	982.3	980.6	981.1		
437.2136	0.4519	982.3	980.6	981.0		
437.2969	0.4506	982.3	980.6	981.1		
437.3802	0.4506	982.2	980.6	981.1		
437.4636	0.4559	982.1	980.5	981.0		
437.5469	0.4555	982.2	980.6	981.0		
437.6302	0.4386	982.2	980.5	981.0		
437.7136	0.4519	982.2	980.6	981.0		
437.7969	0.4546	982.2	980.6	981.1		
437.8802	0.4568	982.2	980.6	981.1		
437.9636	0.4550	982.2	980.6	981.0		
438.0469	0.4546	982.2	980.6	981.0		
438.1302	0.4515	982.3	980.6	981.0		
438.2136	0.4564	982.2	980.6	981.0		
438.2969	0.4546	982.3	980.6	981.1		
438.3802	0.4511	982.3	980.6	981.1		
438.4636	0.4573	982.2	980.6	981.0		
438.5469	0.4537	982.3	980.6	981.1		
438.6302	0.4502	982.3	980.6	981.0		
438.7136	0.4511	982.3	980.6	981.0		
438.7969	0.4582	982.2	980.5	981.0		
438.8802	0.4515	982.3	980.6	981.1		
438.9636	0.4590	982.2	980.5	981.1		
439.0469	0.4630	982.2	980.5	981.1		
439.1302	0.4542	982.3	980.6	981.1		
439.2136	0.4555	982.3	980.6	981.1		
439.2969	0.4457	982.2	980.6	981.1		
439.3802	0.4511	982.2	980.5	981.0		
439.4636	0.4533	982.3	980.6	981.1		
439.5469	0.4533	982.2	980.5	981.0		
439.6302	0.4604	982.3	980.6	981.1		
439.7136	0.4519	982.3	980.6	981.0		
439.7969	0.4502	982.2	980.6	981.1		
439.8802	0.4546	982.2	980.6	981.0		
439.9636	0.4564	982.3	980.6	981.0		
440.0469	0.4502	982.2	980.6	981.0		
440.1302	0.4546	982.3	980.6	981.1		
440.2136	0.4497	982.3	980.6	981.1		
440.2969	0.4613	982.3	980.6	981.1		
440.3802	0.4511	982.2	980.5	981.0		
440.4636	0.4661	982.3	980.6	981.1		
440.5469	0.4533	982.2	980.6	981.1		
440.6302	0.4577	982.3	980.6	981.1		
440.7136	0.4550	982.2	980.5	981.0		
440.7969	0.4542	982.3	980.6	981.1		
440.8802	0.4542	982.3	980.5	981.0		
440.9636	0.4582	982.3	980.7	981.1		
441.0469	0.4493	982.2	980.6	981.0		
441.1302	0.4590	982.3	980.6	981.0		
441.2136	0.4564	982.2	980.5	981.0		
441.2969	0.4502	982.3	980.6	981.1		
441.3802	0.4604	982.2	980.6	981.1		
441.4636	0.4577	982.2	980.6	981.1		
441.5469	0.4524	982.3	980.6	981.0		
441.6302	0.4644	982.3	980.6	981.0		
441.7136	0.4582	982.3	980.6	981.1		
441.7969	0.4537	982.3	980.6	981.1		
441.8802	0.4568	982.3	980.6	981.0		
441.9636	0.4622	982.1	980.5	981.0		
442.0469	0.4555	982.3	980.6	981.1		
442.1302	0.4511	982.3	980.6	981.0		
442.2136	0.4524	982.2	980.5	981.0		
442.2969	0.4595	982.2	980.6	981.0		
442.3802	0.4506	982.3	980.6	981.1		
442.4636	0.4604	982.3	980.6	981.0		
442.5469	0.4564	982.3	980.6	981.1		
442.6302	0.4515	982.2	980.6	981.0		
442.7136	0.4568	982.2	980.6	981.1		
442.7969	0.4555	982.2	980.6	981.1		
442.8802	0.4639	982.2	980.6	981.1		
442.9636	0.4519	982.2	980.5	980.9		
443.0469	0.4506	982.3	980.6	981.1		
443.1302	0.4582	982.2	980.6	981.0		
443.2136	0.4613	982.3	980.6	981.1		
443.2969	0.4586	982.2	980.6	981.1		
443.3802	0.4595	982.2	980.6	981.1		
443.4636	0.4577	982.2	980.5	981.0		
443.5469	0.4568	982.3	980.6	981.1		
443.6302	0.4550	982.3	980.5	981.0		
443.7136	0.4608	982.3	980.6	981.1		
443.7969	0.4546	982.3	980.6	981.1		
443.8802	0.4559	982.2	980.5	981.0		
443.9636	0.4657	982.3	980.6	981.1		
444.0469	0.4568	982.3	980.6	981.0		
444.1302	0.4608	982.2	980.6	981.0		
444.2136	0.4586	982.3	980.7	981.1		
444.2969	0.4573	982.2	980.6	981.1		
444.3802	0.4555	982.3	980.6	981.1		
444.4636	0.4466	982.3	980.6	981.0		
444.5469	0.4555	982.3	980.6	981.1		
444.6302	0.4577	982.3	980.6	981.0		
444.7136	0.4653	982.2	980.6	981.0		
444.7969	0.4546	982.3	980.6	981.1		
444.8802	0.4528	982.2	980.6	981.1		
444.9636	0.4582	982.2	980.5	981.0		
445.0469	0.4595	982.2	980.6	981.1		
445.1302	0.4559	982.2	980.6	981.0		
445.2136	0.4577	982.3	980.6	981.1		
445.2969	0.4582	982.3	980.6	981.0		
445.3802	0.4568	982.3	980.6	981.1		
445.4636	0.4564	982.2	980.6	981.1		
445.5469	0.4617	982.3	980.6	981.1		
445.6302	0.4582	982.2	980.6	981.1		
445.7136	0.4622	982.3	980.6	981.1		
445.7969	0.4608	982.2	980.6	981.0		
445.8802	0.4604	982.2	980.6	981.1		
445.9636	0.4617	982.2	980.6	981.0		
446.0469	0.4626	982.2	980.5	981.0		
446.1302	0.4582	982.2	980.6	981.1		
446.2136	0.4595	982.2	980.5	981.0		
446.2969	0.4622	982.3	980.6	981.1		
446.3802	0.4564	982.2	980.6	981.0		
446.4636	0.4661	982.2	980.5	981.0		
446.5469	0.4604	982.2	980.6	981.1		
446.6302	0.4586	982.2	980.6	981.0		
446.7136	0.4533	982.2	980.6	981.0		
446.7969	0.4599	982.3	980.6	981.0		
446.8802	0.4573	982.2	980.5	981.0		
446.9636	0.4573	982.2	980.6	981.0		
447.0469	0.4613	982.2	980.5	980.9		
447.1302	0.4639	982.2	980.6	981.1		
447.2136	0.4639	982.4	980.6	981.1		
447.2969	0.4559	982.3	980.6	981.0		
447.3802	0.4608	982.2	980.6	981.0		
447.4636	0.4613	982.2	980.5	980.9		
447.5469	0.4608	982.2	980.5	981.0		
447.6302	0.4630	982.2	980.5	981.0		
447.7136	0.4693	982.3	980.5	980.9		
447.7969	0.4648	982.3	980.6	981.1		
447.8802	0.4639	982.2	980.6	981.0		
447.9636	0.4546	982.2	980.5	981.0		
448.0469	0.4626	982.2	980.6	981.0		
448.1302	0.4635	982.2	980.5	980.9		
448.2136	0.4586	982.3	980.6	981.0		
448.2969	0.4573	982.3	980.5	981.0		
448.3802	0.4724	982.2	980.5	981.0		
448.4636	0.4590	982.2	980.5	981.0		
448.5469	0.4626	982.3	980.6	981.0		
448.6302	0.4573	982.2	980.5	981.0		
448.7136	0.4599	982.3	980.5	981.0		
448.7969	0.4617	982.2	980.5	981.0		
448.8802	0.4568	982.2	980.5	980.9		
448.9636	0.4617	982.2	980.5	981.0		
449.0469	0.4639	982.2	980.5	981.0		
449.1302	0.4675	982.3	980.5	981.0		
449.2136	0.4582	982.3	980.5	981.0		
449.2969	0.4630	982.3	980.6	981.1		
449.3802	0.4590	982.2	980.5	980.9		
449.4636	0.4661	982.2	980.5	981.0		
449.5469	0.4670	982.3	980.6	981.0		
449.6302	0.4622	982.2	980.5	981.0		
449.7136	0.4608	982.2	980.5	981.0		
449.7969	0.4577	982.3	980.5	981.0		
449.8802	0.4622	982.3	980.6	981.1		
449.9636	0.4635	982.3	980.5	981.0		
450.0469	0.4604	982.1	980.5	980.9		
450.1302	0.4555	982.2	980.5	981.0		
450.2136	0.4555	982.2	980.5	981.0		
450.2969	0.4537	982.3	980.5	980.9		
450.3802	0.4577	982.3	980.6	981.0		
450.4636	0.4639	982.2	980.6	981.0		
450.5469	0.4559	982.2	980.5	981.0		
450.6302	0.4644	982.2	980.5	981.0		
450.7136	0.4635	982.2	980.5	981.0		
450.7969	0.4635	982.2	980.5	980.9		
450.8802	0.4715	982.3	980.6	981.0		
450.9636	0.4635	982.3	980.5	981.0		
451.0469	0.4635	982.3	980.6	981.0		
451.1302	0.4604	982.2	980.5	980.9		
451.2136	0.4661	982.1	980.5	980.9		
451.2969	0.4630	982.3	980.6	981.1		
451.3802	0.4608	982.2	980.6	981.0		
451.4636	0.4666	982.2	980.5	981.0		
451.5469	0.4657	982.3	980.5	981.0		
451.6302	0.4657	982.2	980.5	981.0		
451.7136	0.4622	982.2	980.5	981.1		
451.7969	0.4590	982.2	980.5	981.1		
451.8802	0.4622	982.2	980.5	981.0		
451.9636	0.4661	982.2	980.5	980.9		
452.0469	0.4635	982.3	980.5	981.0		
452.1302	0.4715	982.2	980.5	981.0		
452.2136	0.4622	982.2	980.6	981.0		
452.2969	0.4639	982.3	980.6	981.0		
452.3802	0.4693	982.1	980.5	981.0		
452.4636	0.4630	982.3	980.6	981.1		
452.5469	0.4639	982.3	980.5	980.9		
452.6302	0.4670	982.3	980.6	981.1		
452.7136	0.4648	982.2	980.5	981.0		
452.7969	0.4666	982.3	980.6	981.0		
452.8802	0.4644	982.2	980.5	981.0		
452.9636	0.4670	982.3	980.6	981.1		
453.0469	0.4613	982.2	980.5	981.0		
453.1302	0.4666	982.1	980.5	981.0		
453.2136	0.4626	982.3	980.6	981.1		
453.2969	0.4613	982.2	980.6	981.0		
453.3802	0.4666	982.3	980.6	981.1		
453.4636	0.4582	982.3	980.5	981.0		
453.5469	0.4590	982.3	980.6	981.0		
453.6302	0.4639	982.2	980.6	981.0		
453.7136	0.4608	982.2	980.5	981.0		
453.7969	0.4679	982.3	980.5	981.0		
453.8802	0.4622	982.3	980.5	980.9		
453.9636	0.4626	982.2	980.5	980.9		
454.0469	0.4630	982.2	980.5	980.9		
454.1302	0.4666	982.2	980.6	981.0		
454.2136	0.4630	982.2	980.6	981.0		
454.2969	0.4701	982.2	980.5	981.0		
454.3802	0.4608	982.3	980.6	981.0		
454.4636	0.4657	982.2	980.5	981.0		
454.5469	0.4670	982.2	980.6	981.1		
454.6302	0.4595	982.2	980.5	981.0		
454.7136	0.4608	982.2	980.5	981.0		
454.7969	0.4626	982.3	980.6	980.9		
454.8802	0.4648	982.2	980.4	980.8		
454.9636	0.4626	982.2	980.4	980.9		
455.0469	0.4715	982.1	980.5	981.0		
455.1302	0.4701	982.2	980.5	981.0		
455.2136	0.4644	982.3	980.5	981.0		
455.2969	0.4693	982.3	980.5	981.0		
455.3802	0.4648	982.2	980.5	981.0		
455.4636	0.4661	982.2	980.5	981.0		
455.5469	0.4728	982.2	980.6	981.0		
455.6302	0.4639	982.2	980.6	981.0		
455.7136	0.4648	982.2	980.5	981.0		
455.7969	0.4715	982.2	980.5	981.0		
455.8802	0.4675	982.2	980.5	981.0		
455.9636	0.4648	982.2	980.5	981.1		
456.0469	0.4684	982.2	980.5	981.0		
456.1302	0.4639	982.2	980.5	981.0		
456.2136	0.4697	982.3	980.6	981.1		
456.2969	0.4688	982.2	980.5	981.0		
456.3802	0.4679	982.2	980.5	980.9		
456.4636	0.4644	982.2	980.6	981.0		
456.5469	0.4746	982.2	980.5	981.0		
456.6302	0.4639	982.2	980.5	980.9		
456.7136	0.4684	982.2	980.5	981.0		
456.7969	0.4622	982.2	980.6	981.0		
456.8802	0.4661	982.2	980.5	980.9		
456.9636	0.4639	982.3	980.5	981.0		
457.0469	0.4684	982.2	980.5	981.0		
457.1302	0.4675	982.2	980.5	981.0		
457.2136	0.4715	982.2	980.5	981.0		
457.2969	0.4728	982.3	980.5	981.0		
457.3802	0.4719	982.2	980.5	981.0		
457.4636	0.4666	982.2	980.5	981.0		
457.5469	0.4737	982.2	980.4	980.9		
457.6302	0.4715	982.3	980.5	981.0		
457.7136	0.4608	982.2	980.5	981.0		
457.7969	0.4701	982.2	980.5	981.0		
457.8802	0.4697	982.2	980.6	981.0		
457.9636	0.4701	982.3	980.6	981.1		
458.0469	0.4688	982.2	980.5	981.0		
458.1302	0.4701	982.3	980.6	981.1		
458.2136	0.4679	982.3	980.5	981.1		
458.2969	0.4670	982.2	980.5	981.0		
458.3802	0.4693	982.3	980.5	980.9		
458.4636	0.4715	982.2	980.5	981.0		
458.5469	0.4684	982.2	980.5	981.0		
458.6302	0.4613	982.2	980.5	981.0		
458.7136	0.4693	982.3	980.6	981.0		
458.7969	0.4679	982.2	980.5	981.0		
458.8802	0.4679	982.2	980.6	981.0		
458.9636	0.4688	982.2	980.5	981.0		
459.0469	0.4679	982.2	980.5	981.0		
459.1302	0.4670	982.2	980.5	981.0		
459.2136	0.4724	982.3	980.5	980.9		
459.2969	0.4724	982.2	980.6	981.0		
459.3802	0.4715	982.2	980.5	981.0		
459.4636	0.4617	982.3	980.6	981.0		
459.5469	0.4772	982.3	980.5	981.0		
459.6302	0.4693	982.2	980.5	981.0		
459.7136	0.4719	982.2	980.5	981.0		
459.7969	0.4706	982.3	980.5	981.0		
459.8802	0.4635	982.3	980.5	981.0		
459.9636	0.4706	982.3	980.5	980.9		
460.0469	0.4661	982.2	980.5	981.0		
460.1302	0.4719	982.2	980.5	981.0		
460.2136	0.4679	982.2	980.5	981.0		
460.2969	0.4661	982.2	980.5	981.1		
460.3802	0.4719	982.2	980.5	981.1		
460.4636	0.4675	982.2	980.5	981.0		
460.5469	0.4688	982.2	980.5	981.0		
460.6302	0.4790	982.2	980.6	981.0		
460.7136	0.4693	982.2	980.5	981.0		
460.7969	0.4706	982.3	980.5	981.0		
460.8802	0.4710	982.2	980.5	980.9		
460.9636	0.4777	982.3	980.6	981.1		
461.0469	0.4808	982.3	980.5	981.0		
461.1302	0.4693	982.2	980.5	981.0		
461.2136	0.4635	982.3	980.5	981.0		
461.2969	0.4626	982.3	980.6	981.0		
461.3802	0.4741	982.2	980.5	980.9		
461.4636	0.4670	982.2	980.5	981.0		
461.5469	0.4586	982.2	980.5	981.0		
461.6302	0.4701	982.3	980.6	981.0		
461.7136	0.4764	982.3	980.5	980.9		
461.7969	0.4710	982.3	980.5	981.0		
461.8802	0.4679	982.2	980.5	981.0		
461.9636	0.4706	982.2	980.5	981.0		
462.0469	0.4821	982.2	980.5	980.9		
462.1302	0.4733	982.3	980.6	981.1		
462.2136	0.4701	982.2	980.5	981.0		
462.2969	0.4719	982.2	980.6	981.0		
462.3802	0.4764	982.2	980.5	980.9		
462.4636	0.4759	982.3	980.6	981.0		
462.5469	0.4710	982.1	980.5	981.0		
462.6302	0.4648	982.2	980.5	981.0		
462.7136	0.4701	982.3	980.5	981.0		
462.7969	0.4706	982.2	980.5	981.0		
462.8802	0.4719	982.3	980.5	980.9		
462.9636	0.4768	982.2	980.5	981.0		
463.0469	0.4706	982.2	980.5	981.0		
463.1302	0.4697	982.2	980.5	981.0		
463.2136	0.4697	982.3	980.6	981.0		
463.2969	0.4733	982.2	980.6	981.0		
463.3802	0.4737	982.3	980.5	981.0		
463.4636	0.4710	982.2	980.5	981.0		
463.5469	0.4688	982.3	980.5	981.0		
463.6302	0.4693	982.3	980.5	981.0		
463.7136	0.4750	982.3	980.5	981.0		
463.7969	0.4733	982.3	980.5	981.1		
463.8802	0.4684	982.2	980.5	981.0		
463.9636	0.4728	982.2	980.5	981.0		
464.0469	0.4741	982.2	980.5	981.0		
464.1302	0.4706	982.2	980.5	980.9		
464.2136	0.4661	982.2	980.5	980.9		
464.2969	0.4648	982.2	980.5	981.0		
464.3802	0.4706	982.2	980.5	980.9		
464.4636	0.4737	982.2	980.5	981.0		
464.5469	0.4684	982.3	980.5	980.9		
464.6302	0.4724	982.2	980.5	980.9		
464.7136	0.4688	982.3	980.5	981.0		
464.7969	0.4746	982.2	980.5	980.9		
464.8802	0.4724	982.2	980.6	981.0		
464.9636	0.4719	982.2	980.5	981.0		
465.0469	0.4688	982.4	980.6	981.1		
465.1302	0.4684	982.2	980.5	980.9		
465.2136	0.4741	982.2	980.5	980.9		
465.2969	0.4728	982.3	980.6	981.0		
465.3802	0.4764	982.2	980.5	980.9		
465.4636	0.4701	982.2	980.6	981.0		
465.5469	0.4728	982.2	980.5	981.0		
465.6302	0.4795	982.2	980.5	981.0		
465.7136	0.4777	982.2	980.5	981.0		
465.7969	0.4728	982.2	980.5	981.0		
465.8802	0.4755	982.2	980.5	981.0		
465.9636	0.4693	982.2	980.5	981.0		
466.0469	0.4666	982.3	980.5	980.9		
466.1302	0.4715	982.3	980.5	981.0		
466.2136	0.4777	982.2	980.5	980.9		
466.2969	0.4737	982.2	980.5	980.9		
466.3802	0.4750	982.2	980.5	981.0		
466.4636	0.4688	982.2	980.5	981.0		
466.5469	0.4715	982.2	980.5	981.0		
466.6302	0.4719	982.2	980.5	981.0		
466.7136	0.4746	982.2	980.5	980.9		
466.7969	0.4750	982.2	980.4	980.9		
466.8802	0.4777	982.3	980.5	981.0		
466.9636	0.4710	982.2	980.5	980.9		
467.0469	0.4772	982.2	980.5	981.0		
467.1302	0.4670	982.2	980.5	981.0		
467.2136	0.4759	982.2	980.6	981.0		
467.2969	0.4693	982.1	980.5	980.9		
467.3802	0.4764	982.3	980.5	981.0		
467.4636	0.4746	982.3	980.5	980.9		
467.5469	0.4728	982.2	980.5	980.9		
467.6302	0.4777	982.2	980.5	981.0		
467.7136	0.4759	982.2	980.5	981.0		
467.7969	0.4755	982.3	980.6	981.1		
467.8802	0.4799	982.3	980.5	981.0		
467.9636	0.4737	982.2	980.5	980.9		
468.0469	0.4715	982.2	980.4	980.8		
468.1302	0.4733	982.1	980.5	980.9		
468.2136	0.4781	982.2	980.6	981.0		
468.2969	0.4786	982.3	980.6	981.1		
468.3802	0.4755	982.3	980.5	981.0		
468.4636	0.4737	982.3	980.5	981.0		
468.5469	0.4799	982.3	980.5	981.0		
468.6302	0.4768	982.2	980.5	980.9		
468.7136	0.4804	982.2	980.5	981.0		
468.7969	0.4755	982.3	980.6	981.0		
468.8802	0.4790	982.1	980.5	980.9		
468.9636	0.4799	982.3	980.6	981.1		
469.0469	0.4750	982.2	980.5	981.0		
469.1302	0.4728	982.1	980.5	981.0		
469.2136	0.4706	982.2	980.6	981.0		
469.2969	0.4777	982.3	980.5	981.0		
469.3802	0.4812	982.2	980.5	980.9		
469.4636	0.4661	982.3	980.5	981.0		
469.5469	0.4830	982.3	980.6	981.1		
469.6302	0.4768	982.2	980.5	980.9		
469.7136	0.4844	982.2	980.5	981.0		
469.7969	0.4746	982.3	980.5	981.0		
469.8802	0.4755	982.3	980.5	981.0		
469.9636	0.4821	982.2	980.5	980.9		
470.0469	0.4777	982.2	980.5	980.9		
470.1302	0.4728	982.2	980.5	981.0		
470.2136	0.4733	982.2	980.5	981.0		
470.2969	0.4746	982.2	980.4	980.9		
470.3802	0.4737	982.3	980.5	981.0		
470.4636	0.4670	982.2	980.5	981.0		
470.5469	0.4701	982.3	980.5	980.9		
470.6302	0.4821	982.2	980.5	981.0		
470.7136	0.4870	982.2	980.5	981.0		
470.7969	0.4812	982.3	980.5	981.0		
470.8802	0.4764	982.2	980.5	981.0		
470.9636	0.4804	982.2	980.5	980.9		
471.0469	0.4728	982.3	980.5	981.0		
471.1302	0.4706	982.2	980.5	980.9		
471.2136	0.4772	982.2	980.5	980.9		
471.2969	0.4839	982.2	980.5	980.9		
471.3802	0.4759	982.2	980.5	981.0		
471.4636	0.4750	982.3	980.6	981.0		
471.5469	0.4795	982.3	980.5	981.0		
471.6302	0.4755	982.2	980.5	980.9		
471.7136	0.4777	982.2	980.5	981.0		
471.7969	0.4755	982.3	980.5	981.0		
471.8802	0.4781	982.2	980.5	981.0		
471.9636	0.4804	982.3	980.5	981.0		
472.0469	0.4728	982.3	980.6	981.0		
472.1302	0.4764	982.2	980.4	980.9		
472.2136	0.4777	982.3	980.5	981.0		
472.2969	0.4750	982.2	980.5	981.0		
472.3802	0.4795	982.3	980.5	980.9		
472.4636	0.4759	982.2	980.5	980.9		
472.5469	0.4799	982.3	980.5	980.9		
472.6302	0.4799	982.2	980.5	980.9		
472.7136	0.4786	982.2	980.5	981.0		
472.7969	0.4777	982.2	980.5	981.0		
472.8802	0.4719	982.2	980.5	980.9		
472.9636	0.4759	982.2	980.5	981.0		
473.0469	0.4795	982.3	980.6	981.0		
473.1302	0.4733	982.3	980.5	981.0		
473.2136	0.4808	982.2	980.5	981.0		
473.2969	0.4799	982.2	980.5	980.9		
473.3802	0.4750	982.3	980.5	980.9		
473.4636	0.4883	982.3	980.6	981.0		
473.5469	0.4879	982.2	980.6	981.0		
473.6302	0.4817	982.2	980.5	981.0		
473.7136	0.4781	982.2	980.5	981.0		
473.7969	0.4808	982.3	980.5	981.0		
473.8802	0.4764	982.2	980.5	981.0		
473.9636	0.4835	982.2	980.5	981.0		
474.0469	0.4781	982.2	980.6	981.0		
474.1302	0.4755	982.2	980.5	981.0		
474.2136	0.4777	982.2	980.6	981.0		
474.2969	0.4817	982.2	980.6	981.1		
474.3802	0.4804	982.3	980.5	981.0		
474.4636	0.4746	982.3	980.6	981.1		
474.5469	0.4830	982.3	980.5	980.9		
474.6302	0.4764	982.2	980.5	981.0		
474.7136	0.4688	982.2	980.5	981.0		
474.7969	0.4786	982.2	980.5	981.0		
474.8802	0.4795	982.2	980.5	981.0		
474.9636	0.4710	982.3	980.5	981.0		
475.0469	0.4812	982.4	980.7	981.1		
475.1302	0.4866	982.2	980.5	981.0		
475.2136	0.4755	982.2	980.5	981.0		
475.2969	0.4755	982.2	980.5	980.9		
475.3802	0.4759	982.3	980.5	981.0		
475.4636	0.4768	982.3	980.6	981.1		
475.5469	0.4808	982.3	980.5	980.9		
475.6302	0.4781	982.2	980.5	980.9		
475.7136	0.4821	982.3	980.5	981.0		
475.7969	0.4795	982.2	980.5	981.0		
475.8802	0.4812	982.2	980.5	980.9		
475.9636	0.4844	982.3	980.5	981.0		
476.0469	0.4808	982.3	980.6	981.1		
476.1302	0.4746	982.3	980.5	981.0		
476.2136	0.4835	982.3	980.6	981.0		
476.2969	0.4781	982.2	980.5	981.0		
476.3802	0.4852	982.2	980.5	981.0		
476.4636	0.4830	982.2	980.5	981.0		
476.5469	0.4844	982.3	980.5	980.9		
476.6302	0.4786	982.3	980.5	981.0		
476.7136	0.4821	982.2	980.5	981.0		
476.7969	0.4821	982.2	980.5	981.0		
476.8802	0.4875	982.2	980.6	981.0		
476.9636	0.4839	982.3	980.6	981.0		
477.0469	0.4777	982.3	980.6	981.0		
477.1302	0.4755	982.2	980.6	981.0		
477.2136	0.4875	982.2	980.5	981.0		
477.2969	0.4755	982.2	980.5	981.0		
477.3802	0.4772	982.3	980.6	981.0		
477.4636	0.4764	982.2	980.5	981.0		
477.5469	0.4795	982.2	980.5	980.9		
477.6302	0.4852	982.2	980.5	981.0		
477.7136	0.4817	982.2	980.5	980.9		
477.7969	0.4857	982.2	980.5	980.9		
477.8802	0.4804	982.3	980.6	981.2		
477.9636	0.4812	982.2	980.5	980.9		
478.0469	0.4808	982.2	980.6	981.0		
478.1302	0.4844	982.2	980.5	981.0		
478.2136	0.4808	982.3	980.5	981.0		
478.2969	0.4781	982.2	980.5	981.0		
478.3802	0.4799	982.2	980.5	980.9		
478.4636	0.4835	982.3	980.6	981.1		
478.5469	0.4830	982.2	980.5	981.0		
478.6302	0.4821	982.3	980.5	981.0		
478.7136	0.4772	982.2	980.5	980.9		
478.7969	0.4844	982.3	980.5	981.0		
478.8802	0.4817	982.2	980.5	981.0		
478.9636	0.4835	982.3	980.6	981.0		
479.0469	0.4835	982.1	980.5	980.9		
479.1302	0.4870	982.2	980.5	980.9		
479.2136	0.4817	982.2	980.5	981.0		
479.2969	0.4808	982.2	980.5	981.0		
479.3802	0.4772	982.3	980.6	981.0		
479.4636	0.4848	982.2	980.5	981.0		
479.5469	0.4804	982.2	980.5	981.0		
479.6302	0.4866	982.1	980.5	981.0		
479.7136	0.4795	982.2	980.5	981.0		
479.7969	0.4777	982.2	980.5	981.0		
479.8802	0.4772	982.1	980.5	980.9		
479.9636	0.4835	982.2	980.5	981.0		
480.0469	0.4857	982.2	980.5	981.0		
480.1302	0.4888	982.2	980.5	981.0		
480.2136	0.4777	982.3	980.5	981.0		
480.2969	0.4781	982.3	980.5	980.9		
480.3802	0.4844	982.2	980.5	981.0		
480.4636	0.4857	982.2	980.5	981.0		
480.5469	0.4857	982.2	980.5	981.0		
480.6302	0.4808	982.2	980.5	981.0		
480.7136	0.4817	982.2	980.5	980.9		
480.7969	0.4795	982.2	980.5	980.9		
480.8802	0.4901	982.1	980.5	981.0		
480.9636	0.4812	982.2	980.5	981.0		
481.0469	0.4746	982.3	980.5	981.0		
481.1302	0.4861	982.3	980.5	981.0		
481.2136	0.4892	982.2	980.5	981.0		
481.2969	0.4919	982.2	980.5	981.0		
481.3802	0.4839	982.2	980.5	981.0		
481.4636	0.4804	982.3	980.5	981.0		
481.5469	0.4817	982.2	980.5	980.9		
481.6302	0.4897	982.2	980.5	981.0		
481.7136	0.4861	982.4	980.6	981.1		
481.7969	0.4888	982.3	980.5	981.0		
481.8802	0.4808	982.3	980.5	981.0		
481.9636	0.4879	982.3	980.6	981.0		
482.0469	0.4835	982.3	980.6	981.0		
482.1302	0.4817	982.2	980.5	981.0		
482.2136	0.4795	982.2	980.5	981.0		
482.2969	0.4826	982.3	980.6	981.0		
482.3802	0.4844	982.3	980.6	981.1		
482.4636	0.4786	982.2	980.5	981.0		
482.5469	0.4812	982.3	980.6	981.0		
482.6302	0.4839	982.3	980.5	981.0		
482.7136	0.4866	982.2	980.6	981.0		
482.7969	0.4852	982.2	980.5	981.0		
482.8802	0.4830	982.1	980.4	980.9		
482.9636	0.4852	982.3	980.6	981.0		
483.0469	0.4870	982.3	980.6	981.0		
483.1302	0.4915	982.2	980.5	981.0		
483.2136	0.4857	982.3	980.6	981.0		
483.2969	0.4804	982.3	980.6	981.1		
483.3802	0.4861	982.3	980.5	980.9		
483.4636	0.4915	982.2	980.5	980.9		
483.5469	0.4866	982.2	980.5	981.1		
483.6302	0.4861	982.3	980.6	981.0		
483.7136	0.4844	982.3	980.6	981.1		
483.7969	0.4866	982.4	980.6	981.0		
483.8802	0.4866	982.4	980.6	981.0		
483.9636	0.4941	982.2	980.5	981.0		
484.0469	0.4883	982.3	980.6	981.0		
484.1302	0.4888	982.2	980.5	981.0		
484.2136	0.4764	982.2	980.6	981.1		
484.2969	0.4937	982.3	980.6	980.9		
484.3802	0.4852	982.2	980.5	981.0		
484.4636	0.4866	982.2	980.5	981.0		
484.5469	0.4852	982.3	980.6	981.0		
484.6302	0.4861	982.2	980.5	981.0		
484.7136	0.4848	982.3	980.6	981.0		
484.7969	0.4915	982.2	980.6	981.0		
484.8802	0.4804	982.3	980.5	981.0		
484.9636	0.4817	982.3	980.5	980.9		
485.0469	0.4812	982.3	980.5	981.0		
485.1302	0.4888	982.2	980.5	980.9		
485.2136	0.4861	982.2	980.4	980.9		
485.2969	0.4897	982.3	980.5	981.0		
485.3802	0.4848	982.3	980.6	981.0		
485.4636	0.4892	982.2	980.5	980.9		
485.5469	0.4901	982.2	980.5	980.9		
485.6302	0.4941	982.3	980.6	981.0		
485.7136	0.4852	982.2	980.5	981.0		
485.7969	0.4861	982.2	980.6	981.0		
485.8802	0.4883	982.2	980.5	980.9		
485.9636	0.4844	982.1	980.4	980.9		
486.0469	0.4919	982.2	980.5	980.9		
486.1302	0.4861	982.2	980.5	980.9		
486.2136	0.4892	982.2	980.5	980.9		
486.2969	0.4901	982.3	980.5	981.0		
486.3802	0.4839	982.1	980.5	981.0		
486.4636	0.4848	982.2	980.5	980.9		
486.5469	0.4906	982.3	980.5	981.0		
486.6302	0.4897	982.1	980.4	980.9		
486.7136	0.4875	982.2	980.5	980.9		
486.7969	0.4888	982.3	980.5	981.0		
486.8802	0.4866	982.2	980.5	981.0		
486.9636	0.4901	982.2	980.5	981.0		
487.0469	0.4879	982.3	980.5	981.0		
487.1302	0.4817	982.3	980.5	980.9		
487.2136	0.4781	982.2	980.5	980.9		
487.2969	0.4954	982.2	980.6	980.9		
487.3802	0.4923	982.3	980.6	981.1		
487.4636	0.4919	982.3	980.6	981.0		
487.5469	0.4932	982.3	980.6	980.9		
487.6302	0.4883	982.3	980.6	981.0		
487.7136	0.4954	982.2	980.6	981.0		
487.7969	0.4901	982.2	980.5	981.0		
487.8802	0.4901	982.2	980.6	981.0		
487.9636	0.4830	982.3	980.6	981.0		
488.0469	0.4839	982.3	980.5	980.9		
488.1302	0.4844	982.2	980.5	980.9		
488.2136	0.4892	982.3	980.5	981.0		
488.2969	0.4804	982.2	980.6	980.9		
488.3802	0.4888	982.3	980.5	981.0		
488.4636	0.4870	982.3	980.6	981.0		
488.5469	0.4941	982.2	980.5	981.0		
488.6302	0.4857	982.2	980.5	981.0		
488.7136	0.4888	982.4	980.6	981.1		
488.7969	0.4941	982.3	980.6	981.0		
488.8802	0.4901	982.3	980.6	981.0		
488.9636	0.4835	982.3	980.5	981.0		
489.0469	0.4923	982.2	980.5	980.9		
489.1302	0.4804	982.2	980.6	981.0		
489.2136	0.4906	982.3	980.6	981.0		
489.2969	0.4857	982.3	980.5	981.0		
489.3802	0.4812	982.3	980.6	981.0		
489.4636	0.4857	982.3	980.5	981.0		
489.5469	0.4830	982.2	980.5	980.9		
489.6302	0.4861	982.3	980.6	981.0		
489.7136	0.4915	982.2	980.5	980.9		
489.7969	0.4919	982.3	980.6	981.0		
489.8802	0.4915	982.2	980.5	980.9		
489.9636	0.4879	982.2	980.6	980.9		
490.0469	0.4870	982.2	980.6	981.0		
490.1302	0.4928	982.3	980.5	981.0		
490.2136	0.4923	982.3	980.6	981.1		
490.2969	0.4941	982.3	980.6	981.0		
490.3802	0.4897	982.3	980.5	980.9		
490.4636	0.4848	982.2	980.5	980.9		
490.5469	0.5003	982.2	980.5	981.0		
490.6302	0.4910	982.3	980.6	981.0		
490.7136	0.4835	982.3	980.6	981.0		
490.7969	0.4892	982.3	980.6	981.0		
490.8802	0.4901	982.2	980.5	980.9		
490.9636	0.4892	982.3	980.6	981.0		
491.0469	0.4883	982.2	980.5	980.9		
491.1302	0.4932	982.2	980.5	980.9		
491.2136	0.4910	982.3	980.6	981.1		
491.2969	0.4919	982.2	980.5	980.9		
491.3802	0.4919	982.2	980.5	980.9		
491.4636	0.4879	982.3	980.6	981.0		
491.5469	0.4852	982.3	980.5	981.0		
491.6302	0.4875	982.3	980.6	981.0		
491.7136	0.4892	982.2	980.5	980.9		
491.7969	0.4892	982.3	980.5	981.0		
491.8802	0.4866	982.2	980.4	980.9		
491.9636	0.4981	982.2	980.5	981.0		
492.0469	0.4950	982.3	980.6	981.1		
492.1302	0.4879	982.3	980.5	981.0		
492.2136	0.4883	982.3	980.5	981.0		
492.2969	0.4861	982.2	980.5	980.9		
492.3803	0.4901	982.2	980.6	981.0		
492.4636	0.4977	982.2	980.5	981.0		
492.5469	0.4932	982.3	980.5	981.0		
492.6303	0.4839	982.3	980.5	980.9		
492.7136	0.4946	982.2	980.5	980.9		
492.7969	0.4937	982.2	980.5	980.9		
492.8803	0.4999	982.3	980.5	981.0		
492.9636	0.4879	982.2	980.6	981.0		
493.0469	0.4897	982.3	980.6	981.0		
493.1303	0.4901	982.4	980.5	981.0		
493.2136	0.4910	982.3	980.6	981.0		
493.2969	0.4910	982.2	980.5	980.9		
493.3803	0.4906	982.3	980.5	981.0		
493.4636	0.4861	982.3	980.6	981.0		
493.5469	0.4897	982.3	980.5	981.0		
493.6303	0.4954	982.2	980.5	981.0		
493.7136	0.4941	982.2	980.5	981.0		
493.7969	0.4901	982.3	980.5	981.0		
493.8803	0.4941	982.3	980.5	980.9		
493.9636	0.4892	982.3	980.5	980.9		
494.0469	0.4968	982.3	980.5	981.0		
494.1303	0.4883	982.2	980.5	981.0		
494.2136	0.5003	982.3	980.5	981.0		
494.2969	0.4932	982.3	980.6	981.1		
494.3803	0.4923	982.3	980.5	981.0		
494.4636	0.4888	982.3	980.6	981.0		
494.5469	0.4870	982.3	980.6	980.9		
494.6303	0.4950	982.3	980.5	980.9		
494.7136	0.4990	982.2	980.6	981.0		
494.7969	0.4932	982.2	980.5	981.0		
494.8803	0.4941	982.3	980.5	981.0		
494.9636	0.4946	982.3	980.6	981.0		
495.0469	0.4866	982.2	980.5	980.9		
495.1303	0.4954	982.3	980.5	981.0		
495.2136	0.4928	982.2	980.5	980.9		
495.2969	0.4932	982.2	980.5	981.0		
495.3803	0.4959	982.4	980.6	981.0		
495.4636	0.4852	982.3	980.6	981.0		
495.5469	0.4928	982.3	980.5	981.0		
495.6303	0.4941	982.2	980.5	981.0		
495.7136	0.4915	982.3	980.5	981.0		
495.7969	0.4866	982.4	980.6	981.1		
495.8803	0.4915	982.3	980.6	980.9		
495.9636	0.4923	982.3	980.6	980.9		
496.0469	0.4901	982.3	980.6	981.1		
496.1303	0.4901	982.3	980.6	980.9		
496.2136	0.4972	982.2	980.5	981.0		
496.2969	0.4946	982.3	980.5	981.0		
496.3803	0.4972	982.4	980.5	981.0		
496.4636	0.4937	982.3	980.5	981.0		
496.5469	0.4954	982.2	980.5	981.0		
496.6303	0.4906	982.3	980.6	981.0		
496.7136	0.4844	982.3	980.5	981.0		
496.7969	0.4852	982.4	980.5	981.0		
496.8803	0.4883	982.3	980.6	981.0		
496.9636	0.4950	982.2	980.5	980.9		
497.0469	0.4946	982.3	980.6	981.0		
497.1303	0.4897	982.3	980.5	981.0		
497.2136	0.4972	982.2	980.5	980.9		
497.2969	0.4923	982.3	980.6	980.9		
497.3803	0.4963	982.3	980.5	980.9		
497.4636	0.4950	982.3	980.6	981.1		
497.5469	0.4990	982.3	980.5	980.9		
497.6303	0.4968	982.3	980.6	981.0		
497.7136	0.4963	982.3	980.5	980.9		
497.7969	0.4959	982.3	980.6	981.0		
497.8803	0.4977	982.2	980.5	980.9		
497.9636	0.4946	982.3	980.5	981.0		
498.0469	0.4968	982.3	980.6	981.1		
498.1303	0.4897	982.2	980.5	980.9		
498.2136	0.4928	982.3	980.6	980.9		
498.2969	0.4915	982.3	980.5	981.0		
498.3803	0.4937	982.2	980.6	981.1		
498.4636	0.5021	982.3	980.5	981.0		
498.5469	0.4994	982.3	980.5	981.0		
498.6303	0.4906	982.3	980.5	981.0		
498.7136	0.4919	982.4	980.5	981.0		
498.7969	0.4932	982.3	980.5	981.0		
498.8803	0.4950	982.2	980.5	980.9		
498.9636	0.5021	982.2	980.5	981.0		
499.0469	0.4954	982.2	980.5	981.0		
499.1303	0.4812	982.2	980.5	981.0		
499.2136	0.5043	982.3	980.5	981.0		
499.2969	0.4981	982.3	980.6	981.0		
499.3803	0.4937	982.2	980.5	981.0		
499.4636	0.5012	982.3	980.6	981.0		
499.5469	0.4888	982.2	980.5	980.9		
499.6303	0.4866	982.2	980.5	980.9		
499.7136	0.4954	982.3	980.5	980.9		
499.7969	0.4972	982.3	980.5	981.0		
499.8803	0.4950	982.3	980.6	981.1		
499.9636	0.4919	982.2	980.5	981.0		
500.0469	0.4906	982.3	980.5	980.9		
500.1303	0.4986	982.3	980.5	981.0		
500.2136	0.4844	982.3	980.5	981.0		
500.2969	0.4875	982.3	980.5	980.9		
500.3803	0.4959	982.3	980.6	981.0		
500.4636	0.4888	982.3	980.5	980.9		
500.5469	0.4959	982.4	980.5	980.9		
500.6303	0.4986	982.3	980.5	980.9		
500.7136	0.4977	982.2	980.5	980.9		
500.7969	0.4981	982.2	980.5	980.9		
500.8803	0.4923	982.3	980.6	981.0		
500.9636	0.4919	982.3	980.6	981.1		
501.0469	0.4968	982.2	980.5	980.9		
501.1303	0.4959	982.2	980.5	980.8		
501.2136	0.4986	982.3	980.6	981.0		
501.2969	0.4883	982.2	980.5	981.0		
501.3803	0.4941	982.3	980.5	980.9		
501.4636	0.4968	982.3	980.6	981.0		
501.5469	0.4963	982.2	980.4	980.8		
501.6303	0.4959	982.2	980.5	981.0		
501.7136	0.4941	982.2	980.6	981.0		
501.7969	0.4977	982.2	980.6	981.0		
501.8803	0.4923	982.3	980.5	980.9		
501.9636	0.4972	982.3	980.5	980.9		
502.0469	0.4928	982.2	980.5	981.0		
502.1303	0.4923	982.2	980.5	980.9		
502.2136	0.4941	982.3	980.5	981.0		
502.2969	0.4959	982.2	980.5	980.9		
502.3803	0.4915	982.3	980.5	981.0		
502.4636	0.4999	982.2	980.5	981.0		
502.5469	0.4999	982.3	980.6	981.0		
502.6303	0.5026	982.3	980.5	980.9		
502.7136	0.4977	982.2	980.5	980.9		
502.7969	0.4968	982.3	980.5	980.9		
502.8803	0.4990	982.3	980.5	981.0		
502.9636	0.4959	982.2	980.5	981.0		
503.0469	0.4954	982.2	980.5	981.0		
503.1303	0.4990	982.2	980.5	980.9		
503.2136	0.4963	982.2	980.5	980.9		
503.2969	0.4963	982.2	980.5	981.0		
503.3803	0.4959	982.3	980.6	981.0		
503.4636	0.4946	982.3	980.6	981.0		
503.5469	0.4937	982.3	980.5	981.0		
503.6303	0.5057	982.3	980.5	980.9		
503.7136	0.4986	982.2	980.5	980.9		
503.7969	0.4915	982.3	980.6	981.1		
503.8803	0.4950	982.3	980.6	980.9		
503.9636	0.4932	982.3	980.5	980.9		
504.0469	0.4937	982.2	980.5	980.9		
504.1303	0.4954	982.2	980.5	980.9		
504.2136	0.4866	982.2	980.5	980.9		
504.2969	0.4941	982.4	980.6	981.0		
504.3803	0.4999	982.2	980.5	980.9		
504.4636	0.4972	982.2	980.5	981.0		
504.5469	0.4986	982.2	980.5	981.0		
504.6303	0.4946	982.2	980.5	980.9		
504.7136	0.4932	982.3	980.6	981.0		
504.7969	0.4946	982.2	980.4	980.9		
504.8803	0.5017	982.2	980.5	980.9		
504.9636	0.4941	982.2	980.5	981.0		
505.0469	0.4968	982.3	980.6	980.9		
505.1303	0.4923	982.2	980.5	980.9		
505.2136	0.4968	982.3	980.5	980.9		
505.2969	0.4986	982.2	980.5	980.9		
505.3803	0.5079	982.2	980.4	980.9		
505.4636	0.5003	982.2	980.5	981.0		
505.5469	0.4968	982.2	980.4	980.9		
505.6303	0.5003	982.2	980.5	980.9		
505.7136	0.4981	982.2	980.5	980.9		
505.7969	0.5017	982.3	980.6	981.0		
505.8803	0.5017	982.3	980.5	981.0		
505.9636	0.5065	982.3	980.5	981.0		
506.0469	0.4946	982.3	980.5	980.9		
506.1303	0.5008	982.2	980.4	980.9		
506.2136	0.4990	982.2	980.5	981.0		
506.2969	0.4928	982.3	980.6	981.0		
506.3803	0.4994	982.3	980.6	981.0		
506.4636	0.5034	982.2	980.5	980.9		
506.5469	0.4950	982.2	980.5	981.1		
506.6303	0.5057	982.2	980.5	980.9		
506.7136	0.4937	982.4	980.5	981.0		
506.7969	0.4950	982.3	980.5	980.9		
506.8803	0.5003	982.2	980.5	980.9		
506.9636	0.4999	982.2	980.5	981.0		
507.0469	0.4968	982.2	980.5	980.9		
507.1303	0.5034	982.3	980.6	981.1		
507.2136	0.5021	982.3	980.5	980.9		
507.2969	0.4999	982.3	980.5	980.9		
507.3803	0.5039	982.2	980.5	980.9		
507.4636	0.5012	982.2	980.4	980.8		
507.5469	0.4928	982.3	980.4	980.9		
507.6303	0.4968	982.3	980.5	980.9		
507.7136	0.5012	982.2	980.5	981.0		
507.7969	0.4977	982.3	980.6	980.9		
507.8803	0.5003	982.3	980.6	981.0		
507.9636	0.4906	982.3	980.5	981.0		
508.0469	0.4968	982.3	980.5	980.9		
508.1303	0.4963	982.2	980.6	980.9		
508.2136	0.4959	982.3	980.5	981.0		
508.2969	0.4999	982.3	980.6	981.0		
508.3803	0.4977	982.3	980.4	980.9		
508.4636	0.5012	982.2	980.5	980.9		
508.5469	0.4968	982.2	980.5	980.9		
508.6303	0.4990	982.3	980.5	980.9		
508.7136	0.4954	982.3	980.6	981.1		
508.7969	0.4994	982.2	980.4	980.9		
508.8803	0.4941	982.3	980.5	981.0		
508.9636	0.5110	982.3	980.5	980.9		
509.0469	0.5070	982.2	980.5	980.9		
509.1303	0.4990	982.2	980.5	980.9		
509.2136	0.4928	982.2	980.5	980.9		
509.2969	0.5008	982.2	980.5	980.9		
509.3803	0.4990	982.3	980.5	980.9		
509.4636	0.5012	982.3	980.5	980.9		
509.5469	0.5034	982.2	980.5	980.9		
509.6303	0.4968	982.2	980.4	980.9		
509.7136	0.4999	982.2	980.5	980.8		
509.7969	0.5168	982.2	980.4	980.8		
509.8803	0.4999	982.2	980.5	980.9		
509.9636	0.5026	982.2	980.4	981.0		
510.0469	0.4968	982.3	980.5	980.9		
510.1303	0.4990	982.3	980.5	980.9		
510.2136	0.4999	982.2	980.5	980.9		
510.2969	0.4977	982.2	980.5	980.9		
510.3803	0.4981	982.2	980.5	981.0		
510.4636	0.5012	982.3	980.5	980.9		
510.5469	0.5003	982.3	980.5	980.9		
510.6303	0.5092	982.2	980.4	980.9		
510.7136	0.5043	982.3	980.4	980.9		
510.7969	0.5052	982.2	980.4	980.9		
510.8803	0.4972	982.2	980.4	980.9		
510.9636	0.4954	982.3	980.5	981.0		
511.0469	0.4959	982.2	980.4	980.9		
511.1303	0.4950	982.2	980.5	980.9		
511.2136	0.5065	982.2	980.5	980.9		
511.2969	0.5030	982.2	980.5	980.9		
511.3803	0.5034	982.3	980.5	980.9		
511.4636	0.5003	982.3	980.5	980.8		
511.5469	0.5026	982.2	980.5	980.9		
511.6303	0.5008	982.2	980.4	980.9		
511.7136	0.5070	982.2	980.5	981.0		
511.7969	0.4950	982.2	980.5	981.0		
511.8803	0.5012	982.2	980.4	980.9		
511.9636	0.5057	982.2	980.5	980.9		
512.0469	0.5043	982.3	980.5	980.9		
512.1303	0.5026	982.2	980.5	980.9		
512.2136	0.5039	982.1	980.4	980.8		
512.2969	0.4968	982.3	980.6	981.0		
512.3803	0.5034	982.2	980.5	980.9		
512.4636	0.4990	982.2	980.4	980.8		
512.5469	0.5008	982.2	980.4	980.9		
512.6303	0.5070	982.2	980.5	981.0		
512.7136	0.5012	982.2	980.5	980.9		
512.7969	0.4954	982.2	980.4	980.8		
512.8803	0.5034	982.2	980.4	980.8		
512.9636	0.5003	982.2	980.5	980.9		
513.0469	0.5026	982.2	980.4	980.9		
513.1303	0.4959	982.2	980.5	981.0		
513.2136	0.4994	982.2	980.4	980.7		
513.2969	0.4986	982.2	980.4	980.8		
513.3803	0.5057	982.2	980.5	981.0		
513.4636	0.5070	982.2	980.4	980.9		
513.5469	0.5057	982.3	980.5	980.9		
513.6303	0.5017	982.2	980.5	980.9		
513.7136	0.4981	982.2	980.5	980.9		
513.7969	0.5008	982.1	980.4	980.8		
513.8803	0.5030	982.3	980.7	981.3		
513.9636	0.5003	982.3	980.6	981.0		
514.0469	0.5012	982.2	980.5	980.9		
514.1303	0.5003	982.2	980.4	980.9		
514.2136	0.5088	982.2	980.4	980.8		
514.2969	0.4999	982.2	980.4	980.9		
514.3803	0.5012	982.2	980.5	981.0		
514.4636	0.4986	982.2	980.5	981.0		
514.5469	0.4981	982.3	980.6	980.9		
514.6303	0.5043	982.2	980.5	981.0		
514.7136	0.5026	982.2	980.5	980.9		
514.7969	0.5003	982.2	980.5	980.9		
514.8803	0.5039	982.3	980.5	980.9		
514.9636	0.5003	982.3	980.6	981.0		
515.0469	0.5052	982.3	980.5	980.9		
515.1303	0.5079	982.2	980.5	980.9		
515.2136	0.5074	982.2	980.5	980.9		
515.2969	0.5074	982.3	980.6	981.0		
515.3803	0.5065	982.3	980.6	981.0		
515.4636	0.5026	982.3	980.5	980.9		
515.5469	0.5017	982.3	980.5	980.9		
515.6303	0.4999	982.3	980.5	980.9		
515.7136	0.5034	982.2	980.5	980.9		
515.7969	0.5065	982.3	980.5	980.9		
515.8803	0.5008	982.3	980.5	980.9		
515.9636	0.4875	982.3	980.5	981.0		
516.0469	0.5079	982.3	980.5	981.0		
516.1303	0.5008	982.2	980.5	981.0		
516.2136	0.5026	982.2	980.6	981.0		
516.2969	0.5008	982.3	980.5	981.0		
516.3803	0.5052	982.2	980.6	980.9		
516.4636	0.5119	982.3	980.6	981.0		
516.5469	0.5065	982.2	980.5	980.9		
516.6303	0.5008	982.3	980.5	981.0		
516.7136	0.5074	982.2	980.5	980.9		
516.7969	0.5061	982.3	980.5	981.1		
516.8803	0.5026	982.3	980.5	981.0		
516.9636	0.5074	982.2	980.5	981.0		
517.0469	0.5043	982.2	980.5	980.9		
517.1303	0.5039	982.3	980.6	981.0		
517.2136	0.5030	982.1	980.5	980.9		
517.2969	0.5048	982.3	980.5	981.0		
517.3803	0.5101	982.3	980.6	981.0		
517.4636	0.4986	982.2	980.5	980.9		
517.5469	0.5003	982.2	980.5	980.9		
517.6303	0.4981	982.2	980.5	981.0		
517.7136	0.4959	982.3	980.6	981.0		
517.7969	0.5026	982.4	980.6	981.1		
517.8803	0.5039	982.3	980.5	980.9		
517.9636	0.5052	982.3	980.5	980.9		
518.0469	0.5026	982.2	980.6	981.0		
518.1303	0.4954	982.3	980.5	981.0		
518.2136	0.5043	982.3	980.5	980.9		
518.2969	0.4963	982.2	980.5	980.9		
518.3803	0.5061	982.3	980.5	981.0		
518.4636	0.5128	982.2	980.5	981.0		
518.5469	0.5061	982.3	980.5	980.9		
518.6303	0.4999	982.2	980.5	980.9		
518.7136	0.5017	982.2	980.5	981.0		
518.7969	0.5061	982.3	980.5	980.9		
518.8803	0.5052	982.2	980.5	980.9		
518.9636	0.5043	982.2	980.5	980.8		
519.0469	0.5105	982.2	980.5	981.0		
519.1303	0.5017	982.3	980.6	981.0		
519.2136	0.4990	982.3	980.6	981.0		
519.2969	0.4946	982.3	980.5	980.9		
519.3803	0.5065	982.2	980.5	980.9		
519.4636	0.5017	982.2	980.5	981.0		
519.5469	0.5061	982.2	980.6	981.0		
519.6303	0.5039	982.3	980.6	981.0		
519.7136	0.5039	982.3	980.6	981.1		
519.7969	0.5030	982.3	980.5	980.9		
519.8803	0.5034	982.3	980.5	980.9		
519.9636	0.5070	982.3	980.6	981.0		
520.0469	0.5092	982.3	980.6	981.1		
520.1303	0.5052	982.2	980.5	980.9		
520.2136	0.5092	982.4	980.6	981.0		
520.2969	0.5052	982.3	980.6	981.0		
520.3803	0.5092	982.2	980.5	980.9		
520.4636	0.5145	982.2	980.6	981.0		
520.5469	0.5070	982.2	980.5	980.9		
520.6303	0.5012	982.3	980.6	981.0		
520.7136	0.5065	982.3	980.5	980.9		
520.7969	0.5048	982.2	980.5	980.9		
520.8803	0.5030	982.3	980.6	981.0		
520.9636	0.5101	982.3	980.5	981.0		
521.0469	0.5030	982.2	980.5	980.9		
521.1303	0.5008	982.3	980.5	981.0		
521.2136	0.5048	982.3	980.6	980.9		
521.2969	0.5097	982.3	980.5	980.9		
521.3803	0.5039	982.2	980.5	980.9		
521.4636	0.5039	982.2	980.5	980.9		
521.5469	0.5017	982.2	980.5	980.9		
521.6303	0.5110	982.3	980.6	981.0		
521.7136	0.5061	982.3	980.6	981.0		
521.7969	0.5052	982.3	980.5	980.9		
521.8803	0.5008	982.3	980.5	980.9		
521.9636	0.5052	982.2	980.5	980.9		
522.0469	0.5061	982.3	980.5	980.9		
522.1303	0.5119	982.3	980.5	981.0		
522.2136	0.4977	982.3	980.5	980.9		
522.2969	0.5194	982.2	980.5	981.0		
522.3803	0.5052	982.2	980.5	980.9		
522.4636	0.5061	982.2	980.5	981.0		
522.5469	0.5003	982.4	980.6	981.0		
522.6303	0.5026	982.3	980.6	981.0		
522.7136	0.4977	982.2	980.5	980.9		
522.7969	0.5074	982.2	980.5	980.9		
522.8803	0.5017	982.2	980.5	981.0		
522.9636	0.5065	982.3	980.5	981.0		
523.0469	0.4994	982.3	980.6	981.0		
523.1303	0.5114	982.2	980.5	980.9		
523.2136	0.5048	982.2	980.5	980.9		
523.2969	0.5079	982.3	980.6	981.0		
523.3803	0.5070	982.2	980.5	980.8		
523.4636	0.5088	982.3	980.5	981.0		
523.5469	0.5048	982.3	980.5	981.0		
523.6303	0.5159	982.2	980.5	980.9		
523.7136	0.5101	982.2	980.5	980.9		
523.7969	0.5061	982.2	980.5	981.0		
523.8803	0.5039	982.2	980.5	980.9		
523.9636	0.5039	982.3	980.5	980.9		
524.0469	0.5061	982.2	980.5	980.9		
524.1303	0.4994	982.3	980.6	980.9		
524.2136	0.5043	982.3	980.6	981.0		
524.2969	0.5057	982.4	980.6	981.0		
524.3803	0.5065	982.3	980.6	981.0		
524.4636	0.5150	982.3	980.6	981.0		
524.5469	0.5057	982.2	980.6	980.9		
524.6303	0.5034	982.3	980.5	981.0		
524.7136	0.5057	982.3	980.6	981.0		
524.7969	0.5043	982.3	980.6	980.9		
524.8803	0.5083	982.3	980.5	980.9		
524.9636	0.5083	982.2	980.5	981.0		
525.0469	0.5048	982.2	980.5	980.9		
525.1303	0.5070	982.3	980.6	981.0		
525.2136	0.5017	982.3	980.5	980.9		
525.2969	0.5088	982.2	980.5	980.8		
525.3803	0.5110	982.2	980.5	980.9		
525.4636	0.5137	982.2	980.5	981.0		
525.5469	0.5026	982.3	980.5	980.9		
525.6303	0.5039	982.3	980.5	981.0		
525.7136	0.5110	982.2	980.5	980.9		
525.7969	0.5074	982.2	980.5	980.9		
525.8803	0.5150	982.3	980.6	981.1		
525.9636	0.5074	982.3	980.6	981.0		
526.0469	0.5052	982.3	980.6	981.0		
526.1303	0.5119	982.2	980.5	980.9		
526.2136	0.5101	982.3	980.5	980.9		
526.2969	0.5119	982.2	980.5	980.9		
526.3803	0.5039	982.3	980.5	981.0		
526.4636	0.5065	982.3	980.5	980.9		
526.5469	0.5159	982.3	980.5	980.9		
526.6303	0.5074	982.2	980.5	980.9		
526.7136	0.5070	982.3	980.6	981.0		
526.7969	0.5048	982.3	980.5	980.9		
526.8803	0.5083	982.2	980.5	980.9		
526.9636	0.5141	982.3	980.5	980.9		
527.0469	0.5088	982.3	980.6	980.9		
527.1303	0.5074	982.2	980.5	980.8		
527.2136	0.5105	982.3	980.5	981.0		
527.2969	0.5052	982.3	980.6	981.0		
527.3803	0.5065	982.2	980.5	980.9		
527.4636	0.5092	982.2	980.6	981.0		
527.5469	0.5034	982.2	980.5	980.9		
527.6303	0.5132	982.3	980.5	980.8		
527.7136	0.5061	982.3	980.5	980.9		
527.7969	0.4986	982.2	980.5	981.0		
527.8803	0.5088	982.3	980.6	980.9		
527.9636	0.5061	982.3	980.5	980.9		
528.0469	0.5003	982.3	980.5	980.9		
528.1303	0.5030	982.3	980.5	981.0		
528.2136	0.5132	982.2	980.6	981.0		
528.2969	0.5132	982.2	980.5	981.0		
528.3803	0.5012	982.3	980.5	981.0		
528.4636	0.5012	982.3	980.6	981.0		
528.5469	0.5132	982.3	980.5	980.9		
528.6303	0.5123	982.3	980.5	981.0		
528.7136	0.5088	982.2	980.5	981.0		
528.7969	0.5110	982.3	980.5	981.0		
528.8803	0.5101	982.3	980.5	980.9		
528.9636	0.5176	982.2	980.5	980.9		
529.0469	0.5101	982.2	980.5	981.0		
529.1303	0.5105	982.3	980.6	981.0		
529.2136	0.5070	982.3	980.5	980.9		
529.2969	0.5057	982.3	980.5	980.9		
529.3803	0.5088	982.2	980.5	980.9		
529.4636	0.5137	982.2	980.5	981.0		
529.5469	0.5132	982.2	980.5	980.9		
529.6303	0.5110	982.3	980.5	981.0		
529.7136	0.5043	982.3	980.6	980.9		
529.7969	0.5110	982.3	980.6	980.9		
529.8803	0.5119	982.2	980.5	980.9		
529.9636	0.5097	982.2	980.6	981.0		
530.0469	0.5057	982.3	980.5	981.0		
530.1303	0.5141	982.2	980.6	981.0		
530.2136	0.5008	982.3	980.5	981.0		
530.2969	0.5159	982.3	980.6	981.1		
530.3803	0.5079	982.3	980.5	980.9		
530.4636	0.5079	982.3	980.6	981.0		
530.5469	0.5061	982.3	980.6	981.0		
530.6303	0.5083	982.3	980.6	981.0		
530.7136	0.5110	982.3	980.5	980.9		
530.7969	0.5141	982.2	980.6	981.0		
530.8803	0.5061	982.3	980.5	980.9		
530.9636	0.5172	982.3	980.5	980.9		
531.0469	0.5083	982.4	980.6	981.1		
531.1303	0.5065	982.3	980.6	981.1		
531.2136	0.4999	982.3	980.5	981.0		
531.2969	0.5026	982.3	980.6	981.0		
531.3803	0.5119	982.3	980.5	981.0		
531.4636	0.5101	982.2	980.5	980.9		
531.5469	0.5114	982.4	980.7	981.1		
531.6303	0.5043	982.3	980.6	980.9		
531.7136	0.5043	982.3	980.6	981.0		
531.7969	0.5110	982.3	980.6	981.0		
531.8803	0.5105	982.3	980.5	981.0		
531.9636	0.5132	982.3	980.6	981.0		
532.0469	0.5123	982.3	980.6	981.1		
532.1303	0.4986	982.3	980.6	981.0		
532.2136	0.5052	982.2	980.5	980.9		
532.2969	0.5176	982.2	980.6	981.0		
532.3803	0.5083	982.3	980.5	980.9		
532.4636	0.5154	982.4	980.6	981.0		
532.5469	0.5145	982.4	980.6	981.0		
532.6303	0.5052	982.3	980.6	981.0		
532.7136	0.5061	982.3	980.6	981.1		
532.7969	0.5154	982.3	980.6	981.1		
532.8803	0.5128	982.4	980.6	981.0		
532.9636	0.5092	982.4	980.5	981.0		
533.0469	0.5216	982.3	980.6	981.0		
533.1303	0.5088	982.2	980.5	981.0		
533.2136	0.5141	982.3	980.6	981.1		
533.2969	0.5145	982.4	980.6	981.1		
533.3803	0.5114	982.3	980.5	980.9		
533.4636	0.5239	982.3	980.6	981.0		
533.5469	0.5097	982.3	980.5	981.0		
533.6303	0.5199	982.3	980.6	981.0		
533.7136	0.5128	982.4	980.6	981.1		
533.7969	0.5123	982.4	980.6	981.0		
533.8803	0.5065	982.2	980.5	980.9		
533.9636	0.5132	982.2	980.6	980.9		
534.0469	0.5119	982.3	980.6	981.0		
534.1303	0.5150	982.3	980.6	981.0		
534.2136	0.5154	982.3	980.6	981.0		
534.2969	0.5123	982.3	980.6	980.9		
534.3803	0.5079	982.2	980.5	981.0		
534.4636	0.5154	982.3	980.6	980.9		
534.5469	0.5083	982.3	980.5	981.0		
534.6303	0.5088	982.3	980.5	980.9		
534.7136	0.5145	982.3	980.6	981.1		
534.7969	0.5203	982.2	980.5	981.0		
534.8803	0.5221	982.3	980.6	981.0		
534.9636	0.5074	982.3	980.6	981.0		
535.0469	0.5128	982.3	980.5	980.9		
535.1303	0.5088	982.3	980.6	980.9		
535.2136	0.5163	982.2	980.6	981.0		
535.2969	0.5150	982.2	980.6	981.0		
535.3803	0.5092	982.3	980.6	981.0		
535.4636	0.5083	982.3	980.6	981.0		
535.5469	0.5145	982.3	980.6	980.9		
535.6303	0.5070	982.2	980.6	981.0		
535.7136	0.5114	982.2	980.5	981.0		
535.7969	0.5092	982.3	980.5	981.0		
535.8803	0.5092	982.3	980.6	981.0		
535.9636	0.5137	982.2	980.5	980.9		
536.0469	0.5123	982.2	980.5	980.9		
536.1303	0.5105	982.3	980.6	981.0		
536.2136	0.5083	982.3	980.6	981.1		
536.2969	0.5101	982.3	980.6	980.9		
536.3803	0.5128	982.3	980.5	980.9		
536.4636	0.5119	982.3	980.6	981.0		
536.5469	0.5128	982.3	980.5	981.0		
536.6303	0.5119	982.3	980.6	981.1		
536.7136	0.5097	982.4	980.6	981.0		
536.7969	0.5145	982.3	980.5	980.9		
536.8803	0.5194	982.3	980.6	981.0		
536.9636	0.5159	982.3	980.6	980.9		
537.0469	0.5159	982.3	980.6	981.0		
537.1303	0.5110	982.3	980.6	981.0		
537.2136	0.5110	982.4	980.6	981.0		
537.2969	0.5097	982.3	980.5	981.0		
537.3803	0.5137	982.3	980.6	981.0		
537.4636	0.5176	982.3	980.6	981.0		
537.5469	0.5159	982.2	980.5	981.0		
537.6303	0.5043	982.3	980.6	981.1		
537.7136	0.5114	982.3	980.5	981.0		
537.7969	0.5074	982.3	980.6	981.0		
537.8803	0.5154	982.2	980.5	981.0		
537.9636	0.5114	982.2	980.6	981.0		
538.0469	0.5172	982.3	980.5	981.0		
538.1303	0.5119	982.4	980.6	981.1		
538.2136	0.5154	982.3	980.5	981.0		
538.2969	0.5154	982.3	980.5	980.9		
538.3803	0.5083	982.2	980.5	980.9		
538.4636	0.5203	982.3	980.5	981.0		
538.5469	0.5145	982.3	980.5	981.0		
538.6303	0.5168	982.3	980.5	981.0		
538.7136	0.5199	982.3	980.6	981.0		
538.7969	0.5150	982.3	980.5	981.0		
538.8803	0.5101	982.3	980.5	981.0		
538.9636	0.5132	982.3	980.5	981.0		
539.0469	0.5088	982.3	980.6	981.1		
539.1303	0.5065	982.3	980.6	981.0		
539.2136	0.5137	982.3	980.6	980.9		
539.2969	0.5128	982.3	980.5	981.0		
539.3803	0.5216	982.4	980.6	981.0		
539.4636	0.5159	982.3	980.6	981.0		
539.5469	0.5052	982.3	980.5	980.9		
539.6303	0.5181	982.3	980.5	980.9		
539.7136	0.5123	982.2	980.5	981.0		
539.7969	0.5119	982.3	980.5	981.0		
539.8803	0.5159	982.4	980.6	981.0		
539.9636	0.5154	982.3	980.5	980.9		
540.0469	0.5172	982.3	980.5	980.9		
540.1303	0.5199	982.2	980.5	981.0		
540.2136	0.5154	982.3	980.5	981.0		
540.2969	0.5114	982.3	980.6	981.0		
540.3803	0.5168	982.3	980.5	981.0		
540.4636	0.5190	982.3	980.6	980.9		
540.5469	0.5159	982.2	980.6	981.0		
540.6303	0.5132	982.2	980.5	980.9		
540.7136	0.5212	982.2	980.5	981.0		
540.7969	0.5230	982.3	980.5	980.9		
540.8803	0.5079	982.3	980.6	981.0		
540.9636	0.5141	982.2	980.5	980.9		
541.0469	0.5181	982.3	980.5	980.9		
541.1303	0.5194	982.2	980.5	981.0		
541.2136	0.5101	982.3	980.6	981.0		
541.2969	0.5154	982.3	980.5	980.9		
541.3803	0.5194	982.2	980.5	981.0		
541.4636	0.5159	982.2	980.6	981.0		
541.5469	0.5168	982.2	980.5	980.9		
541.6303	0.5137	982.2	980.5	980.9		
541.7136	0.5172	982.3	980.6	981.0		
541.7969	0.5141	982.3	980.6	981.0		
541.8803	0.5176	982.3	980.6	981.0		
541.9636	0.5194	982.3	980.6	981.0		
542.0469	0.5123	982.3	980.7	981.1		
542.1303	0.5119	982.3	980.6	981.0		
542.2136	0.5185	982.3	980.6	981.0		
542.2969	0.5132	982.2	980.6	980.9		
542.3803	0.5199	982.3	980.5	981.0		
542.4636	0.5159	982.3	980.6	981.1		
542.5469	0.5150	982.3	980.5	981.0		
542.6303	0.5132	982.3	980.6	981.1		
542.7136	0.5154	982.3	980.6	981.0		
542.7969	0.5208	982.3	980.6	981.0		
542.8803	0.5159	982.3	980.5	981.0		
542.9636	0.5145	982.3	980.6	981.0		
543.0469	0.5239	982.3	980.5	980.9		
543.1303	0.5230	982.2	980.5	980.9		
543.2136	0.5141	982.3	980.6	981.0		
543.2969	0.5185	982.3	980.6	981.0		
543.3803	0.5168	982.3	980.6	981.0		
543.4636	0.5208	982.2	980.5	980.9		
543.5469	0.5137	982.3	980.5	980.9		
543.6303	0.5128	982.3	980.5	981.0		
543.7136	0.5163	982.3	980.5	981.0		
543.7969	0.5150	982.3	980.5	980.9		
543.8803	0.5185	982.3	980.6	981.1		
543.9636	0.5141	982.3	980.5	981.0		
544.0469	0.5119	982.2	980.5	980.9		
544.1303	0.5256	982.2	980.5	980.9		
544.2136	0.5159	982.3	980.6	981.0		
544.2969	0.5154	982.2	980.5	980.9		
544.3803	0.5199	982.3	980.5	981.0		
544.4636	0.5225	982.3	980.5	981.0		
544.5469	0.5194	982.3	980.6	981.0		
544.6303	0.5208	982.3	980.6	980.9		
544.7136	0.5194	982.3	980.5	980.9		
544.7969	0.5163	982.3	980.6	981.1		
544.8803	0.5150	982.3	980.6	981.0		
544.9636	0.5132	982.2	980.5	980.8		
545.0469	0.5083	982.3	980.6	981.0		
545.1303	0.5150	982.3	980.6	981.0		
545.2136	0.5216	982.3	980.6	981.0		
545.2969	0.5141	982.2	980.5	980.9		
545.3803	0.5172	982.4	980.6	981.1		
545.4636	0.5132	982.3	980.5	980.9		
545.5469	0.5221	982.3	980.6	981.0		
545.6303	0.5185	982.3	980.5	980.9		
545.7136	0.5212	982.2	980.5	981.0		
545.7969	0.5145	982.4	980.6	981.0		
545.8803	0.5137	982.2	980.5	980.9		
545.9636	0.5114	982.3	980.6	980.9		
546.0469	0.5190	982.3	980.5	981.0		
546.1303	0.5221	982.3	980.5	981.0		
546.2136	0.5265	982.2	980.5	980.9		
546.2969	0.5137	982.3	980.5	981.0		
546.3803	0.5239	982.4	980.6	981.0		
546.4636	0.5159	982.3	980.5	980.9		
546.5469	0.5185	982.3	980.5	981.0		
546.6303	0.5194	982.3	980.5	980.9		
546.7136	0.5230	982.3	980.6	981.0		
546.7969	0.5203	982.3	980.6	981.0		
546.8803	0.5190	982.2	980.5	980.9		
546.9636	0.5181	982.3	980.6	981.0		
547.0469	0.5154	982.3	980.6	981.0		
547.1303	0.5185	982.4	980.6	981.0		
547.2136	0.5185	982.2	980.4	980.8		
547.2969	0.5194	982.3	980.6	980.9		
547.3803	0.5212	982.3	980.6	981.0		
547.4636	0.5190	982.3	980.6	981.0		
547.5469	0.5145	982.3	980.6	981.0		
547.6303	0.5114	982.3	980.5	980.9		
547.7136	0.5154	982.3	980.5	981.0		
547.7969	0.5208	982.2	980.5	980.9		
547.8803	0.5199	982.3	980.5	981.0		
547.9636	0.5185	982.3	980.6	981.0		
548.0469	0.5150	982.3	980.6	981.0		
548.1303	0.5185	982.2	980.5	980.9		
548.2136	0.5234	982.3	980.5	981.0		
548.2969	0.5190	982.3	980.6	981.0		
548.3803	0.5203	982.2	980.5	980.9		
548.4636	0.5221	982.3	980.5	981.0		
548.5469	0.5123	982.3	980.6	981.0		
548.6303	0.5230	982.3	980.6	980.9		
548.7136	0.5234	982.3	980.5	981.0		
548.7969	0.5150	982.3	980.5	980.9		
548.8803	0.5225	982.3	980.6	981.1		
548.9636	0.5212	982.3	980.5	981.0		
549.0469	0.5225	982.2	980.5	980.9		
549.1303	0.5243	982.3	980.5	981.0		
549.2136	0.5172	982.3	980.6	981.1		
549.2969	0.5190	982.3	980.5	981.0		
549.3803	0.5230	982.3	980.6	981.0		
549.4636	0.5128	982.3	980.6	981.0		
549.5469	0.5225	982.2	980.5	980.8		
549.6303	0.5176	982.3	980.5	981.0		
549.7136	0.5119	982.3	980.6	981.0		
549.7969	0.5172	982.3	980.5	980.9		
549.8803	0.5203	982.3	980.6	981.0		
549.9636	0.5141	982.3	980.5	981.0		
550.0469	0.5190	982.3	980.5	981.0		
550.1303	0.5225	982.4	980.7	981.1		
550.2136	0.5128	982.3	980.5	981.0		
550.2969	0.5185	982.3	980.5	980.9		
550.3803	0.5199	982.2	980.5	980.9		
550.4636	0.5190	982.3	980.6	981.0		
550.5469	0.5154	982.3	980.6	981.0		
550.6303	0.5194	982.3	980.5	980.9		
550.7136	0.5185	982.2	980.6	981.0		
550.7969	0.5185	982.3	980.6	981.0		
550.8803	0.5181	982.2	980.5	980.9		
550.9636	0.5168	982.3	980.5	981.0		
551.0469	0.5212	982.3	980.5	980.9		
551.1303	0.5163	982.3	980.6	981.0		
551.2136	0.5239	982.2	980.5	980.9		
551.2969	0.5185	982.3	980.5	981.0		
551.3803	0.5252	982.3	980.5	981.0		
551.4636	0.5203	982.3	980.6	981.0		
551.5469	0.5225	982.3	980.6	981.0		
551.6303	0.5216	982.3	980.6	981.0		
551.7136	0.5190	982.4	980.6	981.0		
551.7969	0.5230	982.4	980.6	981.0		
551.8803	0.5216	982.3	980.6	981.0		
551.9636	0.5203	982.3	980.6	981.0		
552.0469	0.5194	982.2	980.6	981.0		
552.1303	0.5132	982.3	980.6	981.0		
552.2136	0.5194	982.3	980.6	981.0		
552.2969	0.5190	982.3	980.5	980.9		
552.3803	0.5216	982.3	980.6	981.1		
552.4636	0.5194	982.3	980.6	981.0		
552.5469	0.5176	982.3	980.6	981.0		
552.6303	0.5248	982.4	980.6	981.0		
552.7136	0.5141	982.3	980.5	980.9		
552.7969	0.5248	982.3	980.6	981.0		
552.8803	0.5194	982.2	980.5	981.0		
552.9636	0.5252	982.3	980.6	981.0		
553.0469	0.5265	982.3	980.6	981.0		
553.1303	0.5190	982.3	980.6	980.9		
553.2136	0.5270	982.3	980.5	980.9		
553.2969	0.5216	982.3	980.6	981.0		
553.3803	0.5176	982.3	980.6	981.0		
553.4636	0.5216	982.4	980.6	981.1		
553.5469	0.5154	982.3	980.6	981.0		
553.6303	0.5296	982.3	980.6	981.0		
553.7136	0.5181	982.2	980.6	981.0		
553.7969	0.5172	982.4	980.6	981.1		
553.8803	0.5119	982.4	980.6	981.0		
553.9636	0.5203	982.2	980.5	981.0		
554.0469	0.5181	982.3	980.5	981.0		
554.1303	0.5239	982.3	980.6	981.1		
554.2136	0.5181	982.3	980.5	981.0		
554.2969	0.5221	982.3	980.6	981.0		
554.3803	0.5225	982.3	980.6	981.0		
554.4636	0.5212	982.2	980.6	981.0		
554.5469	0.5256	982.3	980.5	981.0		
554.6303	0.5287	982.3	980.5	981.1		
554.7136	0.5292	982.3	980.5	981.0		
554.7969	0.5234	982.2	980.6	981.0		
554.8803	0.5256	982.3	980.5	981.0		
554.9636	0.5279	982.3	980.6	981.0		
555.0469	0.5216	982.3	980.6	980.9		
555.1303	0.5230	982.3	980.6	981.0		
555.2136	0.5203	982.3	980.5	980.9		
555.2969	0.5274	982.2	980.5	981.0		
555.3803	0.5216	982.3	980.6	981.1		
555.4636	0.5265	982.3	980.6	981.0		
555.5469	0.5256	982.4	980.6	981.0		
555.6303	0.5243	982.3	980.6	981.0		
555.7136	0.5265	982.3	980.6	980.9		
555.7969	0.5176	982.3	980.5	980.9		
555.8803	0.5283	982.3	980.6	981.0		
555.9636	0.5265	982.4	980.6	981.0		
556.0469	0.5256	982.3	980.5	981.0		
556.1303	0.5256	982.3	980.6	981.0		
556.2136	0.5190	982.3	980.5	981.0		
556.2969	0.5159	982.3	980.6	981.0		
556.3803	0.5296	982.3	980.5	981.0		
556.4636	0.5283	982.3	980.6	981.0		
556.5469	0.5283	982.3	980.6	981.0		
556.6303	0.5194	982.3	980.5	981.0		
556.7136	0.5216	982.3	980.6	981.0		
556.7969	0.5132	982.2	980.6	981.0		
556.8803	0.5301	982.3	980.5	980.9		
556.9636	0.5292	982.4	980.6	981.0		
557.0469	0.5208	982.3	980.5	981.0		
557.1303	0.5216	982.4	980.6	981.0		
557.2136	0.5212	982.4	980.5	981.0		
557.2969	0.5221	982.3	980.6	981.0		
557.3803	0.5252	982.3	980.6	981.0		
557.4636	0.5194	982.3	980.5	980.9		
557.5469	0.5176	982.4	980.6	981.0		
557.6303	0.5239	982.2	980.5	980.9		
557.7136	0.5274	982.3	980.5	981.0		
557.7969	0.5270	982.2	980.5	981.0		
557.8803	0.5119	982.2	980.5	981.0		
557.9636	0.5270	982.4	980.5	981.0		
558.0469	0.5163	982.2	980.5	981.0		
558.1303	0.5239	982.2	980.5	980.9		
558.2136	0.5221	982.3	980.6	981.0		
558.2969	0.5176	982.3	980.5	980.9		
558.3803	0.5248	982.3	980.5	981.0		
558.4636	0.5185	982.3	980.6	981.0		
558.5469	0.5185	982.3	980.5	980.9		
558.6303	0.5296	982.2	980.5	981.0		
558.7136	0.5221	982.3	980.5	981.0		
558.7969	0.5230	982.3	980.6	981.0		
558.8803	0.5216	982.3	980.5	981.0		
558.9636	0.5265	982.3	980.5	981.0		
559.0469	0.5199	982.2	980.5	980.9		
559.1303	0.5159	982.3	980.6	981.0		
559.2136	0.5212	982.4	980.6	981.0		
559.2969	0.5230	982.2	980.5	980.9		
559.3803	0.5252	982.2	980.5	981.0		
559.4636	0.5239	982.3	980.6	981.0		
559.5469	0.5292	982.3	980.5	980.9		
559.6303	0.5185	982.3	980.5	981.0		
559.7136	0.5252	982.3	980.5	981.0		
559.7969	0.5176	982.3	980.6	980.9		
559.8803	0.5234	982.2	980.6	981.0		
559.9636	0.5239	982.3	980.5	981.0		
560.0469	0.5256	982.3	980.5	981.0		
560.1303	0.5203	982.3	980.6	981.0		
560.2136	0.5261	982.3	980.5	980.9		
560.2969	0.5287	982.3	980.5	981.0		
560.3803	0.5274	982.2	980.5	981.0		
560.4636	0.5274	982.3	980.6	981.0		
560.5469	0.5256	982.3	980.6	981.0		
560.6303	0.5243	982.3	980.6	980.9		
560.7136	0.5287	982.4	980.6	980.9		
560.7969	0.5194	982.3	980.5	981.0		
560.8803	0.5279	982.2	980.6	981.0		
560.9636	0.5314	982.2	980.5	981.0		
561.0469	0.5234	982.3	980.6	981.0		
561.1303	0.5301	982.2	980.5	980.9		
561.2136	0.5261	982.1	980.4	980.9		
561.2969	0.5270	982.2	980.5	980.9		
561.3803	0.5256	982.3	980.6	981.0		
561.4636	0.5203	982.3	980.5	981.0		
561.5469	0.5208	982.2	980.5	980.9		
561.6303	0.5261	982.2	980.5	980.9		
561.7136	0.5216	982.2	980.6	981.0		
561.7969	0.5292	982.2	980.5	981.0		
561.8803	0.5270	982.3	980.5	981.0		
561.9636	0.5234	982.3	980.5	981.0		
562.0469	0.5212	982.2	980.5	980.9		
562.1303	0.5279	982.4	980.6	981.1		
562.2136	0.5185	982.3	980.6	981.0		
562.2969	0.5239	982.2	980.5	980.9		
562.3803	0.5252	982.2	980.5	980.9		
562.4636	0.5234	982.3	980.5	980.9		
562.5469	0.5256	982.2	980.5	980.9		
562.6303	0.5230	982.3	980.6	981.0		
562.7136	0.5350	982.2	980.5	981.0		
562.7969	0.5261	982.3	980.6	981.0		
562.8803	0.5248	982.4	980.6	981.0		
562.9636	0.5230	982.3	980.5	980.9		
563.0469	0.5305	982.2	980.5	980.9		
563.1303	0.5243	982.3	980.6	981.0		
563.2136	0.5270	982.3	980.5	981.0		
563.2969	0.5239	982.3	980.5	981.0		
563.3803	0.5261	982.4	980.6	981.0		
563.4636	0.5203	982.3	980.5	980.9		
563.5469	0.5283	982.3	980.6	981.0		
563.6303	0.5287	982.2	980.5	981.0		
563.7136	0.5287	982.3	980.5	981.0		
563.7969	0.5234	982.3	980.6	980.9		
563.8803	0.5234	982.3	980.5	980.9		
563.9636	0.5230	982.3	980.6	981.0		
564.0469	0.5296	982.2	980.5	981.0		
564.1303	0.5239	982.2	980.5	981.0		
564.2136	0.5296	982.4	980.6	981.0		
564.2969	0.5279	982.3	980.5	981.0		
564.3803	0.5296	982.2	980.4	980.9		
564.4636	0.5390	982.2	980.5	980.9		
564.5469	0.5274	982.2	980.5	980.9		
564.6303	0.5336	982.3	980.5	981.0		
564.7136	0.5327	982.3	980.6	981.0		
564.7969	0.5252	982.3	980.6	981.1		
564.8803	0.5358	982.4	980.6	981.0		
564.9636	0.5358	982.3	980.6	981.0		
565.0469	0.5270	982.2	980.5	980.9		
565.1303	0.5225	982.3	980.5	980.9		
565.2136	0.5287	982.2	980.5	981.0		
565.2969	0.5261	982.3	980.6	981.1		
565.3803	0.5287	982.3	980.6	981.0		
565.4636	0.5270	982.2	980.5	980.9		
565.5469	0.5305	982.2	980.5	980.9		
565.6303	0.5296	982.2	980.5	980.9		
565.7136	0.5332	982.3	980.6	980.9		
565.7969	0.5243	982.3	980.6	981.0		
565.8803	0.5234	982.3	980.5	980.9		
565.9636	0.5301	982.3	980.5	981.0		
566.0469	0.5354	982.3	980.5	981.0		
566.1303	0.5314	982.2	980.5	980.9		
566.2136	0.5203	982.2	980.5	981.0		
566.2969	0.5190	982.4	980.5	981.0		
566.3803	0.5208	982.3	980.6	981.0		
566.4636	0.5323	982.2	980.5	980.9		
566.5469	0.5256	982.3	980.5	980.9		
566.6303	0.5265	982.2	980.5	981.0		
566.7136	0.5243	982.3	980.6	981.0		
566.7969	0.5305	982.3	980.5	981.0		
566.8803	0.5221	982.2	980.5	980.9		
566.9636	0.5296	982.2	980.5	980.9		
567.0469	0.5270	982.1	980.5	980.9		
567.1303	0.5225	982.2	980.6	981.0		
567.2136	0.5248	982.2	980.5	981.0		
567.2969	0.5301	982.2	980.5	980.9		
567.3803	0.5239	982.3	980.6	980.9		
567.4636	0.5252	982.2	980.5	980.9		
567.5469	0.5292	982.2	980.5	980.9		
567.6303	0.5287	982.2	980.5	981.0		
567.7136	0.5287	982.2	980.5	980.9		
567.7969	0.5265	982.3	980.6	981.0		
567.8803	0.5230	982.4	980.6	981.0		
567.9636	0.5279	982.3	980.5	980.9		
568.0469	0.5270	982.2	980.5	980.9		
568.1303	0.5363	982.2	980.5	980.9		
568.2136	0.5216	982.2	980.5	981.0		
568.2969	0.5363	982.2	980.5	981.0		
568.3803	0.5301	982.3	980.5	980.9		
568.4636	0.5323	982.3	980.5	981.0		
568.5469	0.5314	982.2	980.5	980.9		
568.6303	0.5239	982.2	980.5	980.9		
568.7136	0.5319	982.2	980.5	980.9		
568.7969	0.5283	982.3	980.5	981.0		
568.8803	0.5176	982.3	980.6	981.0		
568.9636	0.5270	982.4	980.6	981.0		
569.0469	0.5323	982.2	980.5	980.9		
569.1303	0.5292	982.2	980.5	980.9		
569.2136	0.5252	982.2	980.5	980.9		
569.2969	0.5296	982.2	980.5	980.9		
569.3803	0.5327	982.2	980.5	980.9		
569.4636	0.5314	982.3	980.5	981.0		
569.5469	0.5319	982.3	980.5	981.0		
569.6303	0.5287	982.3	980.5	980.9		
569.7136	0.5301	982.2	980.4	980.9		
569.7969	0.5261	982.2	980.5	980.9		
569.8803	0.5252	982.2	980.5	980.9		
569.9636	0.5367	982.3	980.5	981.0		
570.0469	0.5310	982.3	980.5	980.9		
570.1303	0.5305	982.2	980.5	981.0		
570.2136	0.5341	982.2	980.5	980.9		
570.2969	0.5341	982.3	980.6	981.1		
570.3803	0.5212	982.2	980.5	980.9		
570.4636	0.5279	982.3	980.5	981.0		
570.5469	0.5292	982.2	980.5	980.9		
570.6303	0.5305	982.2	980.5	980.9		
570.7136	0.5319	982.3	980.6	980.9		
570.7969	0.5252	982.2	980.5	981.0		
570.8803	0.5256	982.3	980.5	981.0		
570.9636	0.5270	982.2	980.6	980.9		
571.0469	0.5336	982.3	980.6	981.0		
571.1303	0.5243	982.3	980.5	980.9		
571.2136	0.5292	982.2	980.5	980.9		
571.2969	0.5270	982.2	980.5	980.9		
571.3803	0.5292	982.2	980.6	981.0		
571.4636	0.5319	982.3	980.5	980.9		
571.5469	0.5292	982.3	980.6	981.0		
571.6303	0.5332	982.3	980.5	980.9		
571.7136	0.5332	982.2	980.5	980.9		
571.7969	0.5283	982.2	980.5	980.9		
571.8803	0.5287	982.2	980.5	980.9		
571.9636	0.5341	982.3	980.6	981.0		
572.0469	0.5323	982.3	980.5	980.9		
572.1303	0.5265	982.2	980.5	981.0		
572.2136	0.5261	982.2	980.5	980.9		
572.2969	0.5323	982.3	980.5	981.0		
572.3803	0.5248	982.2	980.5	980.9		
572.4636	0.5336	982.2	980.6	981.0		
572.5469	0.5310	982.2	980.5	980.9		
572.6303	0.5283	982.4	980.6	980.9		
572.7136	0.5305	982.3	980.6	981.0		
572.7969	0.5310	982.2	980.5	981.0		
572.8803	0.5327	982.2	980.5	980.9		
572.9636	0.5252	982.3	980.6	981.0		
573.0469	0.5323	982.3	980.6	981.0		
573.1303	0.5323	982.3	980.6	981.0		
573.2136	0.5283	982.4	980.6	981.0		
573.2969	0.5314	982.2	980.5	980.9		
573.3803	0.5279	982.4	980.6	981.1		
573.4636	0.5248	982.3	980.6	981.0		
573.5469	0.5327	982.2	980.5	980.9		
573.6303	0.5314	982.2	980.5	980.9		
573.7136	0.5279	982.3	980.5	980.9		
573.7969	0.5296	982.3	980.6	981.0		
573.8803	0.5256	982.3	980.6	980.9		
573.9636	0.5367	982.2	980.6	981.0		
574.0469	0.5319	982.2	980.5	981.0		
574.1303	0.5314	982.3	980.6	981.0		
574.2136	0.5310	982.3	980.6	981.0		
574.2969	0.5301	982.4	980.6	981.0		
574.3803	0.5296	982.2	980.5	980.9		
574.4636	0.5292	982.2	980.5	980.9		
574.5469	0.5292	982.3	980.5	981.0		
574.6303	0.5287	982.3	980.5	981.0		
574.7136	0.5430	982.3	980.5	981.0		
574.7969	0.5279	982.4	980.5	980.9		
574.8803	0.5279	982.2	980.5	980.9		
574.9636	0.5358	982.1	980.4	980.8		
575.0469	0.5265	982.2	980.5	980.9		
575.1303	0.5270	982.3	980.5	981.0		
575.2136	0.5261	982.3	980.5	981.0		
575.2969	0.5234	982.2	980.4	980.8		
575.3803	0.5319	982.2	980.6	981.1		
575.4636	0.5358	982.3	980.6	981.0		
575.5469	0.5376	982.3	980.5	981.0		
575.6303	0.5292	982.3	980.5	980.9		
575.7136	0.5283	982.3	980.6	981.0		
575.7969	0.5283	982.2	980.5	980.9		
575.8803	0.5363	982.2	980.5	980.9		
575.9636	0.5270	982.2	980.5	980.9		
576.0469	0.5292	982.3	980.5	981.0		
576.1303	0.5261	982.3	980.5	981.0		
576.2136	0.5305	982.3	980.6	981.0		
576.2969	0.5319	982.2	980.5	981.0		
576.3803	0.5367	982.1	980.5	980.9		
576.4636	0.5336	982.3	980.6	981.0		
576.5469	0.5327	982.3	980.5	980.9		
576.6303	0.5292	982.3	980.6	980.9		
576.7136	0.5350	982.3	980.5	980.9		
576.7969	0.5274	982.2	980.5	981.0		
576.8803	0.5350	982.3	980.6	981.0		
576.9636	0.5279	982.3	980.5	980.9		
577.0469	0.5345	982.3	980.5	981.0		
577.1303	0.5372	982.2	980.5	981.0		
577.2136	0.5332	982.3	980.6	981.0		
577.2969	0.5345	982.2	980.5	981.0		
577.3803	0.5385	982.3	980.5	981.0		
577.4636	0.5345	982.3	980.5	980.9		
577.5469	0.5305	982.3	980.6	981.0		
577.6303	0.5270	982.2	980.5	980.9		
577.7136	0.5314	982.3	980.5	981.0		
577.7969	0.5265	982.2	980.5	980.9		
577.8803	0.5243	982.3	980.6	981.0		
577.9636	0.5345	982.2	980.5	980.8		
578.0469	0.5323	982.2	980.6	980.9		
578.1303	0.5336	982.3	980.6	981.0		
578.2136	0.5287	982.2	980.5	981.0		
578.2969	0.5358	982.2	980.5	980.8		
578.3803	0.5301	982.3	980.6	981.1		
578.4636	0.5225	982.3	980.6	981.0		
578.5469	0.5292	982.3	980.5	980.8		
578.6303	0.5336	982.2	980.5	980.9		
578.7136	0.5345	982.3	980.6	981.0		
578.7969	0.5310	982.3	980.5	980.9		
578.8803	0.5319	982.3	980.6	980.9		
578.9636	0.5319	982.3	980.5	980.9		
579.0469	0.5372	982.3	980.5	980.9		
579.1303	0.5350	982.3	980.5	980.9		
579.2136	0.5310	982.2	980.5	981.0		
579.2969	0.5270	982.3	980.6	981.0		
579.3803	0.5310	982.3	980.5	981.0		
579.4636	0.5363	982.3	980.5	980.9		
579.5469	0.5345	982.3	980.5	980.9		
579.6303	0.5252	982.2	980.4	980.9		
579.7136	0.5345	982.2	980.5	980.9		
579.7969	0.5336	982.3	980.5	981.0		
579.8803	0.5345	982.3	980.5	980.9		
579.9636	0.5372	982.2	980.5	980.9		
580.0469	0.5301	982.3	980.5	980.9		
580.1303	0.5296	982.2	980.5	980.9		
580.2136	0.5385	982.2	980.5	980.9		
580.2969	0.5283	982.4	980.6	981.0		
580.3803	0.5319	982.3	980.6	981.0		
580.4636	0.5319	982.3	980.5	981.0		
580.5469	0.5327	982.2	980.5	980.9		
580.6303	0.5376	982.2	980.4	980.9		
580.7136	0.5310	982.2	980.4	980.9		
580.7969	0.5319	982.3	980.5	981.1		
580.8803	0.5345	982.3	980.6	981.1		
580.9636	0.5367	982.2	980.6	981.0		
581.0469	0.5407	982.3	980.5	980.9		
581.1303	0.5310	982.2	980.5	981.0		
581.2136	0.5265	982.2	980.5	980.9		
581.2969	0.5305	982.3	980.6	981.0		
581.3803	0.5332	982.3	980.6	981.0		
581.4636	0.5367	982.3	980.6	980.9		
581.5469	0.5301	982.2	980.5	981.0		
581.6303	0.5341	982.2	980.6	980.9		
581.7136	0.5336	982.3	980.6	980.9		
581.7969	0.5381	982.3	980.5	980.9		
581.8803	0.5279	982.3	980.5	980.9		
581.9636	0.5292	982.3	980.5	981.0		
582.0469	0.5372	982.2	980.5	980.9		
582.1303	0.5305	982.3	980.5	981.0		
582.2136	0.5292	982.3	980.5	981.0		
582.2969	0.5358	982.3	980.6	981.0		
582.3803	0.5305	982.3	980.5	981.0		
582.4636	0.5341	982.2	980.5	980.9		
582.5469	0.5341	982.3	980.6	981.0		
582.6303	0.5367	982.3	980.5	981.0		
582.7136	0.5310	982.3	980.6	981.1		
582.7969	0.5372	982.3	980.5	980.9		
582.8803	0.5367	982.3	980.5	981.0		
582.9636	0.5350	982.3	980.6	981.0		
583.0469	0.5332	982.2	980.5	980.9		
583.1303	0.5323	982.3	980.6	980.9		
583.2136	0.5425	982.3	980.6	981.0		
583.2969	0.5279	982.3	980.6	981.0		
583.3803	0.5367	982.3	980.6	981.0		
583.4636	0.5421	982.2	980.5	981.0		
583.5469	0.5385	982.2	980.5	981.0		
583.6303	0.5323	982.3	980.6	981.1		
583.7136	0.5314	982.3	980.6	981.0		
583.7969	0.5314	982.3	980.5	981.0		
583.8803	0.5421	982.3	980.6	981.0		
583.9636	0.5398	982.3	980.6	981.0		
584.0469	0.5456	982.2	980.5	980.9		
584.1303	0.5390	982.2	980.5	981.0		
584.2136	0.5421	982.3	980.5	980.9		
584.2969	0.5319	982.4	980.6	981.1		
584.3803	0.5305	982.3	980.5	981.0		
584.4636	0.5345	982.2	980.5	980.9		
584.5469	0.5381	982.2	980.5	981.0		
584.6303	0.5425	982.2	980.5	981.0		
584.7136	0.5367	982.3	980.6	981.0		
584.7969	0.5327	982.3	980.5	981.0		
584.8803	0.5283	982.4	980.6	981.0		
584.9636	0.5336	982.3	980.6	981.1		
585.0469	0.5421	982.3	980.6	981.0		
585.1303	0.5372	982.2	980.5	981.0		
585.2136	0.5345	982.3	980.6	981.0		
585.2969	0.5341	982.2	980.6	981.0		
585.3803	0.5336	982.4	980.6	981.0		
585.4636	0.5305	982.3	980.5	980.9		
585.5469	0.5358	982.2	980.5	981.0		
585.6303	0.5358	982.3	980.5	980.9		
585.7136	0.5363	982.3	980.6	981.0		
585.7969	0.5310	982.3	980.5	980.9		
585.8803	0.5310	982.3	980.6	980.9		
585.9636	0.5301	982.3	980.5	980.9		
586.0469	0.5358	982.3	980.6	981.0		
586.1303	0.5341	982.2	980.5	981.0		
586.2136	0.5381	982.3	980.6	980.9		
586.2969	0.5358	982.2	980.5	980.9		
586.3803	0.5438	982.2	980.5	981.0		
586.4636	0.5430	982.3	980.5	980.9		
586.5469	0.5336	982.4	980.7	981.1		
586.6303	0.5363	982.3	980.6	981.0		
586.7136	0.5287	982.3	980.6	981.0		
586.7969	0.5376	982.3	980.6	981.0		
586.8803	0.5372	982.2	980.5	981.0		
586.9636	0.5287	982.3	980.6	981.0		
587.0469	0.5394	982.3	980.6	981.0		
587.1303	0.5372	982.3	980.6	981.0		
587.2136	0.5421	982.3	980.6	981.0		
587.2969	0.5301	982.3	980.6	981.0		
587.3803	0.5327	982.3	980.6	981.0		
587.4636	0.5354	982.3	980.5	981.0		
587.5469	0.5354	982.3	980.6	981.0		
587.6303	0.5363	982.3	980.5	981.0		
587.7136	0.5430	982.3	980.6	981.1		
587.7969	0.5430	982.2	980.6	981.0		
587.8803	0.5336	982.3	980.5	981.0		
587.9636	0.5319	982.3	980.5	980.9		
588.0469	0.5403	982.3	980.6	981.0		
588.1303	0.5358	982.3	980.6	981.0		
588.2136	0.5385	982.3	980.6	981.1		
588.2969	0.5390	982.3	980.6	981.0		
588.3803	0.5367	982.3	980.5	980.9		
588.4636	0.5363	982.2	980.5	980.9		
588.5469	0.5474	982.3	980.5	981.0		
588.6303	0.5336	982.3	980.5	981.0		
588.7136	0.5372	982.3	980.5	980.9		
588.7969	0.5452	982.3	980.5	981.0		
588.8803	0.5403	982.3	980.4	981.0		
588.9636	0.5381	982.3	980.6	981.0		
589.0469	0.5381	982.3	980.5	980.9		
589.1303	0.5345	982.2	980.5	980.9		
589.2136	0.5461	982.3	980.6	981.0		
589.2969	0.5363	982.2	980.5	980.9		
589.3803	0.5421	982.3	980.5	981.0		
589.4636	0.5492	982.3	980.6	981.0		
589.5469	0.5421	982.2	980.5	980.9		
589.6303	0.5292	982.3	980.5	980.9		
589.7136	0.5407	982.3	980.5	981.0		
589.7969	0.5354	982.3	980.6	981.0		
589.8803	0.5403	982.3	980.6	981.0		
589.9636	0.5354	982.3	980.6	981.0		
590.0469	0.5412	982.3	980.6	981.0		
590.1303	0.5363	982.3	980.5	980.9		
590.2136	0.5372	982.2	980.6	980.9		
590.2969	0.5376	982.3	980.6	981.0		
590.3803	0.5452	982.3	980.6	981.0		
590.4636	0.5390	982.3	980.5	981.0		
590.5469	0.5376	982.3	980.6	981.0		
590.6303	0.5319	982.4	980.6	981.0		
590.7136	0.5407	982.3	980.5	981.0		
590.7969	0.5416	982.3	980.6	981.0		
590.8803	0.5332	982.3	980.6	981.0		
590.9636	0.5407	982.3	980.5	980.9		
591.0469	0.5438	982.3	980.5	981.0		
591.1303	0.5341	982.4	980.6	981.1		
591.2136	0.5367	982.4	980.6	981.0		
591.2969	0.5314	982.3	980.6	981.0		
591.3803	0.5434	982.3	980.6	981.0		
591.4636	0.5452	982.2	980.5	980.9		
591.5469	0.5381	982.3	980.5	980.9		
591.6303	0.5381	982.3	980.6	980.9		
591.7136	0.5416	982.3	980.5	980.9		
591.7969	0.5425	982.2	980.5	981.0		
591.8803	0.5394	982.3	980.5	981.0		
591.9636	0.5421	982.3	980.6	981.0		
592.0469	0.5385	982.2	980.6	980.9		
592.1303	0.5381	982.3	980.6	981.0		
592.2136	0.5305	982.4	980.6	981.0		
592.2969	0.5403	982.3	980.6	981.0		
592.3803	0.5416	982.3	980.5	981.0		
592.4636	0.5465	982.2	980.5	981.0		
592.5469	0.5332	982.3	980.5	981.0		
592.6303	0.5434	982.4	980.6	981.0		
592.7136	0.5345	982.4	980.6	981.1		
592.7969	0.5398	982.3	980.6	981.0		
592.8803	0.5381	982.2	980.5	981.0		
592.9636	0.5434	982.2	980.5	981.0		
593.0469	0.5412	982.3	980.5	981.0		
593.1303	0.5385	982.3	980.5	981.0		
593.2136	0.5412	982.4	980.6	981.0		
593.2969	0.5434	982.3	980.5	980.9		
593.3803	0.5398	982.3	980.5	981.0		
593.4636	0.5430	982.3	980.5	981.0		
593.5469	0.5421	982.3	980.6	981.0		
593.6303	0.5527	982.3	980.5	981.0		
593.7136	0.5372	982.2	980.5	980.9		
593.7969	0.5350	982.4	980.6	981.0		
593.8803	0.5248	982.4	980.6	981.0		
593.9636	0.5372	982.2	980.5	980.9		
594.0469	0.5394	982.2	980.5	980.8		
594.1303	0.5385	982.2	980.5	980.9		
594.2136	0.5398	982.2	980.5	981.0		
594.2969	0.5394	982.3	980.5	981.0		
594.3803	0.5305	982.3	980.5	981.0		
594.4636	0.5376	982.3	980.5	980.9		
594.5469	0.5314	982.2	980.4	980.9		
594.6303	0.5385	982.3	980.5	981.0		
594.7136	0.5407	982.2	980.5	980.9		
594.7969	0.5367	982.2	980.5	980.9		
594.8803	0.5456	982.3	980.5	981.0		
594.9636	0.5372	982.2	980.5	980.9		
595.0469	0.5403	982.2	980.5	981.0		
595.1303	0.5323	982.2	980.5	980.9		
595.2136	0.5403	982.2	980.5	981.0		
595.2969	0.5381	982.3	980.5	981.0		
595.3803	0.5345	982.2	980.5	980.9		
595.4636	0.5425	982.3	980.5	981.0		
595.5469	0.5456	982.3	980.5	980.9		
595.6303	0.5430	982.3	980.5	980.9		
595.7136	0.5443	982.1	980.5	980.9		
595.7969	0.5354	982.2	980.6	981.0		
595.8803	0.5381	982.3	980.5	980.9		
595.9636	0.5407	982.3	980.6	981.0		
596.0469	0.5412	982.3	980.5	980.9		
596.1303	0.5363	982.2	980.5	980.9		
596.2136	0.5434	982.2	980.4	980.8		
596.2969	0.5310	982.2	980.5	980.9		
596.3803	0.5367	982.3	980.6	981.0		
596.4636	0.5332	982.3	980.5	981.0		
596.5469	0.5376	982.4	980.6	980.9		
596.6303	0.5425	982.3	980.5	980.9		
596.7136	0.5381	982.3	980.6	980.9		
596.7969	0.5421	982.2	980.5	980.9		
596.8803	0.5447	982.2	980.5	981.0		
596.9636	0.5416	982.2	980.5	981.0		
597.0469	0.5367	982.4	980.6	981.0		
597.1303	0.5434	982.3	980.5	980.9		
597.2136	0.5496	982.2	980.6	981.0		
597.2969	0.5496	982.3	980.6	981.0		
597.3803	0.5407	982.2	980.5	980.9		
597.4636	0.5403	982.3	980.5	981.0		
597.5469	0.5394	982.4	980.5	980.9		
597.6303	0.5434	982.3	980.5	981.0		
597.7136	0.5363	982.3	980.5	980.9		
597.7969	0.5403	982.3	980.6	981.0		
597.8803	0.5354	982.2	980.5	980.9		
597.9636	0.5456	982.3	980.6	981.0		
598.0469	0.5469	982.4	980.6	981.1		
598.1303	0.5407	982.3	980.6	980.9		
598.2136	0.5447	982.3	980.5	980.9		
598.2969	0.5381	982.2	980.5	980.9		
598.3803	0.5385	982.2	980.5	980.9		
598.4636	0.5478	982.3	980.6	981.0		
598.5469	0.5398	982.3	980.7	981.1		
598.6303	0.5363	982.3	980.6	981.0		
598.7136	0.5443	982.3	980.6	981.0		
598.7969	0.5452	982.3	980.6	981.0		
598.8803	0.5438	982.2	980.5	981.0		
598.9636	0.5394	982.2	980.6	981.0		
599.0469	0.5376	982.3	980.6	981.0		
599.1303	0.5469	982.4	980.6	981.0		
599.2136	0.5416	982.3	980.6	981.0		
599.2969	0.5407	982.3	980.5	980.9		
599.3803	0.5385	982.3	980.6	981.0		
599.4636	0.5403	982.3	980.6	981.0		
599.5469	0.5350	982.3	980.5	981.0		
599.6303	0.5438	982.4	980.6	981.0		
599.7136	0.5456	982.3	980.6	981.0		
599.7969	0.5509	982.2	980.5	981.0		
599.8803	0.5527	982.4	980.6	981.0		
599.9636	0.5447	982.3	980.6	981.1		
600.0469	0.5385	982.2	980.6	981.0		
600.1303	0.5358	982.3	980.6	981.0		
600.2136	0.5385	982.3	980.6	981.0		
600.2969	0.5443	982.3	980.6	981.0		
600.3803	0.5496	982.4	980.6	981.1		
600.4636	0.5452	982.3	980.6	981.0		
600.5469	0.5376	982.2	980.5	981.0		
600.6303	0.5381	982.4	980.6	981.1		
600.7136	0.5398	982.3	980.6	981.0		
600.7969	0.5438	982.3	980.6	981.0		
600.8803	0.5443	982.3	980.6	981.0		
600.9636	0.5509	982.2	980.5	980.9		
601.0469	0.5407	982.3	980.6	981.0		
601.1303	0.5381	982.4	980.5	981.0		
601.2136	0.5447	982.3	980.6	980.9		
601.2969	0.5376	982.2	980.5	980.9		
601.3803	0.5478	982.2	980.5	980.9		
601.4636	0.5367	982.2	980.5	980.9		
601.5469	0.5354	982.3	980.6	980.9		
601.6303	0.5372	982.4	980.6	981.1		
601.7136	0.5501	982.4	980.6	981.0		
601.7969	0.5430	982.3	980.6	981.0		
601.8803	0.5456	982.3	980.6	981.0		
601.9636	0.5478	982.3	980.6	981.0		
602.0469	0.5456	982.4	980.6	981.0		
602.1303	0.5430	982.3	980.6	981.0		
602.2136	0.5438	982.3	980.6	981.0		
602.2969	0.5412	982.3	980.5	981.0		
602.3803	0.5447	982.3	980.6	981.0		
602.4636	0.5438	982.3	980.5	981.0		
602.5469	0.5478	982.3	980.5	981.0		
602.6303	0.5407	982.3	980.6	981.0		
602.7136	0.5376	982.3	980.5	981.0		
602.7969	0.5412	982.3	980.6	981.0		
602.8803	0.5509	982.3	980.5	981.0		
602.9636	0.5430	982.3	980.6	981.0		
603.0469	0.5416	982.3	980.5	980.9		
603.1303	0.5407	982.2	980.5	980.8		
603.2136	0.5523	982.2	980.5	981.0		
603.2969	0.5443	982.2	980.6	981.0		
603.3803	0.5394	982.3	980.5	981.0		
603.4636	0.5447	982.3	980.5	981.0		
603.5469	0.5492	982.3	980.6	981.0		
603.6303	0.5407	982.3	980.6	981.0		
603.7136	0.5438	982.3	980.6	981.0		
603.7969	0.5403	982.2	980.5	980.9		
603.8803	0.5478	982.3	980.5	980.9		
603.9636	0.5483	982.3	980.5	981.0		
604.0469	0.5465	982.3	980.6	980.9		
604.1303	0.5536	982.3	980.6	980.9		
604.2136	0.5469	982.3	980.6	981.0		
604.2969	0.5518	982.3	980.6	981.0		
604.3803	0.5509	982.3	980.6	981.0		
604.4636	0.5372	982.3	980.5	980.9		
604.5469	0.5487	982.3	980.6	981.0		
604.6303	0.5434	982.2	980.5	980.9		
604.7136	0.5465	982.3	980.6	981.0		
604.7969	0.5461	982.2	980.6	981.0		
604.8803	0.5425	982.3	980.5	980.9		
604.9636	0.5447	982.4	980.6	981.0		
605.0469	0.5478	982.2	980.5	981.0		
605.1303	0.5434	982.2	980.6	981.0		
605.2136	0.5483	982.2	980.5	981.0		
605.2969	0.5447	982.3	980.6	981.0		
605.3803	0.5407	982.3	980.5	981.0		
605.4636	0.5421	982.4	980.6	981.0		
605.5469	0.5461	982.3	980.6	981.0		
605.6303	0.5461	982.3	980.6	981.0		
605.7136	0.5469	982.3	980.6	981.0		
605.7969	0.5394	982.2	980.5	981.0		
605.8803	0.5496	982.4	980.7	981.2		
605.9636	0.5478	982.3	980.6	981.0		
606.0469	0.5430	982.3	980.6	981.0		
606.1303	0.5341	982.3	980.5	980.9		
606.2136	0.5469	982.3	980.6	981.0		
606.2969	0.5483	982.2	980.5	980.9		
606.3803	0.5478	982.3	980.5	981.0		
606.4636	0.5443	982.3	980.5	980.9		
606.5469	0.5443	982.3	980.5	980.9		
606.6303	0.5478	982.2	980.6	981.1		
606.7136	0.5492	982.3	980.5	980.9		
606.7969	0.5501	982.3	980.5	980.9		
606.8803	0.5425	982.3	980.5	980.9		
606.9636	0.5478	982.3	980.6	981.0		
607.0469	0.5461	982.2	980.5	980.9		
607.1303	0.5505	982.3	980.5	981.0		
607.2136	0.5456	982.2	980.5	980.9		
607.2969	0.5452	982.2	980.5	980.9		
607.3803	0.5461	982.2	980.5	980.9		
607.4636	0.5443	982.3	980.5	980.9		
607.5469	0.5487	982.3	980.5	980.9		
607.6303	0.5496	982.2	980.5	980.8		
607.7136	0.5483	982.2	980.5	980.9		
607.7969	0.5434	982.2	980.5	981.0		
607.8803	0.5536	982.3	980.5	981.0		
607.9636	0.5492	982.3	980.5	980.9		
608.0469	0.5478	982.2	980.5	980.8		
608.1303	0.5425	982.3	980.6	981.0		
608.2136	0.5478	982.3	980.6	981.0		
608.2969	0.5434	982.2	980.5	980.9		
608.3803	0.5465	982.3	980.5	980.9		
608.4636	0.5438	982.3	980.5	981.0		
608.5469	0.5514	982.2	980.5	980.8		
608.6303	0.5461	982.1	980.4	980.8		
608.7136	0.5541	982.2	980.4	980.8		
608.7969	0.5483	982.2	980.6	981.0		
608.8803	0.5527	982.3	980.5	980.9		
608.9636	0.5478	982.2	980.5	980.9		
609.0469	0.5438	982.2	980.5	980.8		
609.1303	0.5541	982.2	980.5	980.9		
609.2136	0.5465	982.4	980.6	981.0		
609.2969	0.5456	982.2	980.6	981.0		
609.3803	0.5549	982.3	980.5	980.9		
609.4636	0.5434	982.3	980.5	980.9		
609.5469	0.5381	982.3	980.5	980.9		
609.6303	0.5514	982.3	980.5	980.9		
609.7136	0.5532	982.3	980.5	980.9		
609.7969	0.5487	982.4	980.8	981.3		
609.8803	0.5434	982.3	980.6	981.0		
609.9636	0.5545	982.1	980.3	980.5		
610.0469	0.5483	982.3	980.5	981.0		
610.1303	0.5487	982.2	980.5	980.8		
610.2136	0.5461	982.3	980.8	981.3		
610.2969	0.5469	982.3	980.6	981.1		
610.3803	0.5456	982.3	980.5	980.9		
610.4636	0.5532	982.3	980.5	980.9		
610.5469	0.5576	982.3	980.6	981.0		
610.6303	0.5438	982.4	980.6	981.0		
610.7136	0.5469	982.3	980.6	980.9		
610.7969	0.5509	982.3	980.6	980.9		
610.8803	0.5474	982.3	980.5	980.9		
610.9636	0.5518	982.3	980.6	981.1		
611.0469	0.5509	982.3	980.6	981.0		
611.1303	0.5576	982.3	980.5	980.9		
611.2136	0.5505	982.4	980.6	981.0		
611.2969	0.5501	982.2	980.6	980.9		
611.3803	0.5572	982.3	980.6	981.0		
611.4636	0.5509	982.3	980.5	980.9		
611.5469	0.5430	982.3	980.6	981.0		
611.6303	0.5514	982.3	980.6	981.0		
611.7136	0.5496	982.3	980.5	981.0		
611.7969	0.5345	982.4	980.6	981.0		
611.8803	0.5469	982.3	980.5	980.9		
611.9636	0.5563	982.3	980.5	981.0		
612.0469	0.5447	982.2	980.5	981.0		
612.1303	0.5456	982.3	980.5	981.0		
612.2136	0.5505	982.3	980.6	981.0		
612.2969	0.5514	982.3	980.5	981.0		
612.3803	0.5469	982.4	980.6	981.0		
612.4636	0.5572	982.3	980.6	981.0		
612.5469	0.5421	982.2	980.5	980.9		
612.6303	0.5456	982.3	980.5	980.9		
612.7136	0.5478	982.3	980.5	981.0		
612.7969	0.5469	982.3	980.5	980.9		
612.8803	0.5554	982.3	980.5	981.0		
612.9636	0.5474	982.3	980.6	981.0		
613.0469	0.5456	982.3	980.6	981.0		
613.1303	0.5505	982.3	980.5	981.0		
613.2136	0.5514	982.3	980.5	981.0		
613.2969	0.5478	982.3	980.6	981.0		
613.3803	0.5549	982.3	980.5	981.0		
613.4636	0.5465	982.3	980.6	981.1		
613.5469	0.5514	982.3	980.6	981.0		
613.6303	0.5487	982.3	980.6	980.9		
613.7136	0.5461	982.3	980.6	981.0		
613.7969	0.5496	982.3	980.6	981.0		
613.8803	0.5496	982.3	980.5	980.9		
613.9636	0.5487	982.4	980.6	981.0		
614.0469	0.5452	982.4	980.6	980.9		
614.1303	0.5545	982.3	980.5	980.9		
614.2136	0.5465	982.3	980.6	981.0		
614.2969	0.5438	982.3	980.5	981.0		
614.3803	0.5492	982.3	980.5	980.9		
614.4636	0.5536	982.3	980.6	981.0		
614.5469	0.5541	982.3	980.6	980.9		
614.6303	0.5443	982.5	980.8	981.2		
614.7136	0.5487	982.4	980.6	980.9		
614.7969	0.5518	982.3	980.5	980.9		
614.8803	0.5563	982.3	980.6	981.0		
614.9636	0.5532	982.3	980.6	981.0		
615.0469	0.5505	982.3	980.6	981.0		
615.1303	0.5478	982.3	980.6	980.9		
615.2136	0.5478	982.4	980.6	981.0		
615.2969	0.5527	982.2	980.5	980.9		
615.3803	0.5505	982.3	980.6	981.0		
615.4636	0.5554	982.2	980.5	980.9		
615.5469	0.5461	982.3	980.5	981.0		
615.6303	0.5505	982.3	980.5	981.0		
615.7136	0.5469	982.3	980.5	981.0		
615.7969	0.5545	982.3	980.6	981.0		
615.8803	0.5438	982.2	980.5	980.8		
615.9636	0.5541	982.2	980.5	981.0		
616.0469	0.5536	982.3	980.5	981.0		
616.1303	0.5492	982.4	980.6	981.0		
616.2136	0.5469	982.3	980.5	981.0		
616.2969	0.5452	982.3	980.5	980.9		
616.3803	0.5549	982.2	980.5	980.9		
616.4636	0.5492	982.2	980.6	980.9		
616.5469	0.5452	982.3	980.5	981.0		
616.6303	0.5478	982.3	980.6	981.0		
616.7136	0.5452	982.3	980.5	980.9		
616.7969	0.5478	982.3	980.5	981.0		
616.8803	0.5492	982.3	980.5	980.9		
616.9636	0.5536	982.2	980.5	980.9		
617.0469	0.5518	982.3	980.6	981.0		
617.1303	0.5496	982.3	980.5	981.0		
617.2136	0.5572	982.3	980.5	981.0		
617.2969	0.5589	982.3	980.6	980.9		
617.3803	0.5549	982.3	980.6	980.9		
617.4636	0.5447	982.3	980.6	981.0		
617.5469	0.5549	982.3	980.5	980.9		
617.6303	0.5523	982.2	980.5	981.0		
617.7136	0.5461	982.4	980.6	981.0		
617.7969	0.5514	982.3	980.6	981.0		
617.8803	0.5567	982.3	980.6	980.9		
617.9636	0.5541	982.3	980.6	980.9		
618.0469	0.5554	982.3	980.6	981.0		
618.1303	0.5594	982.3	980.5	981.0		
618.2136	0.5452	982.4	980.6	981.0		
618.2969	0.5496	982.3	980.6	981.0		
618.3803	0.5585	982.3	980.6	981.0		
618.4636	0.5594	982.3	980.5	981.0		
618.5469	0.5563	982.4	980.6	981.0		
618.6303	0.5514	982.3	980.6	980.9		
618.7136	0.5487	982.4	980.6	981.0		
618.7969	0.5554	982.3	980.6	981.0		
618.8803	0.5523	982.3	980.5	980.9		
618.9636	0.5541	982.3	980.5	981.0		
619.0469	0.5527	982.3	980.6	981.0		
619.1303	0.5469	982.3	980.5	981.0		
619.2136	0.5545	982.4	980.6	981.1		
619.2969	0.5572	982.4	980.6	981.0		
619.3803	0.5501	982.3	980.6	981.0		
619.4636	0.5580	982.3	980.6	981.1		
619.5469	0.5576	982.3	980.6	981.0		
619.6303	0.5523	982.3	980.6	981.0		
619.7136	0.5430	982.3	980.6	981.0		
619.7969	0.5567	982.3	980.6	981.0		
619.8803	0.5514	982.4	980.6	981.0		
619.9636	0.5563	982.3	980.6	981.0		
620.0469	0.5549	982.3	980.5	980.9		
620.1303	0.5518	982.2	980.5	980.9		
620.2136	0.5536	982.3	980.6	981.0		
620.2969	0.5585	982.3	980.6	981.0		
620.3803	0.5598	982.3	980.6	981.0		
620.4636	0.5563	982.4	980.6	981.0		
620.5469	0.5536	982.4	980.6	981.0		
620.6303	0.5523	982.3	980.5	980.9		
620.7136	0.5505	982.3	980.5	981.0		
620.7969	0.5505	982.3	980.6	980.9		
620.8803	0.5518	982.3	980.5	981.0		
620.9636	0.5523	982.3	980.6	981.0		
621.0469	0.5492	982.2	980.5	980.8		
621.1303	0.5536	982.2	980.5	980.9		
621.2136	0.5598	982.3	980.6	981.0		
621.2969	0.5554	982.3	980.6	981.0		
621.3803	0.5532	982.3	980.6	981.0		
621.4636	0.5567	982.3	980.6	981.0		
621.5469	0.5532	982.3	980.6	981.0		
621.6303	0.5589	982.3	980.6	981.0		
621.7136	0.5492	982.4	980.6	981.1		
621.7969	0.5509	982.3	980.6	981.0		
621.8803	0.5536	982.3	980.6	981.0		
621.9636	0.5532	982.3	980.6	981.0		
622.0469	0.5501	982.3	980.5	981.0		
622.1303	0.5567	982.4	980.5	981.0		
622.2136	0.5461	982.4	980.6	981.0		
622.2969	0.5483	982.3	980.6	981.0		
622.3803	0.5620	982.3	980.6	981.0		
622.4636	0.5585	982.3	980.5	981.0		
622.5469	0.5545	982.3	980.6	980.9		
622.6303	0.5554	982.3	980.6	981.0		
622.7136	0.5523	982.4	980.7	981.2		
622.7969	0.5541	982.3	980.6	981.0		
622.8803	0.5518	982.3	980.5	981.0		
622.9636	0.5505	982.3	980.6	981.0		
623.0469	0.5580	982.2	980.5	980.9		
623.1303	0.5558	982.3	980.5	980.9		
623.2136	0.5598	982.3	980.6	981.0		
623.2969	0.5558	982.3	980.5	980.9		
623.3803	0.5545	982.4	980.6	981.1		
623.4636	0.5545	982.3	980.5	981.0		
623.5469	0.5545	982.2	980.5	980.9		
623.6303	0.5545	982.3	980.5	981.0		
623.7136	0.5496	982.3	980.6	981.0		
623.7969	0.5554	982.3	980.6	981.0		
623.8803	0.5532	982.4	980.6	981.1		
623.9636	0.5496	982.3	980.6	981.0		
624.0469	0.5514	982.2	980.5	980.9		
624.1303	0.5594	982.2	980.5	980.7		
624.2136	0.5563	982.6	981.1	981.8		
624.2969	0.5523	982.2	980.3	980.7		
624.3803	0.5496	982.4	980.6	981.0		
624.4636	0.5456	982.2	980.4	980.8		
624.5469	0.5554	982.2	980.5	980.9		
624.6303	0.5576	982.3	980.6	981.0		
624.7136	0.5612	982.2	980.5	980.9		
624.7969	0.5505	982.3	980.6	981.0		
624.8803	0.5545	982.4	980.6	980.9		
624.9636	0.5492	982.3	980.6	981.0		
625.0469	0.5545	982.3	980.6	981.0		
625.1303	0.5527	982.3	980.6	981.0		
625.2136	0.5647	982.4	980.5	981.0		
625.2969	0.5532	982.3	980.6	981.0		
625.3803	0.5509	982.3	980.5	981.0		
625.4636	0.5563	982.3	980.5	981.0		
625.5469	0.5558	982.3	980.5	981.0		
625.6303	0.5509	982.3	980.6	981.0		
625.7136	0.5545	982.4	980.6	981.0		
625.7969	0.5567	982.3	980.6	981.0		
625.8803	0.5536	982.3	980.6	981.0		
625.9636	0.5638	982.3	980.6	981.1		
626.0469	0.5607	982.3	980.5	981.0		
626.1303	0.5509	982.4	980.6	981.0		
626.2136	0.5541	982.2	980.5	980.9		
626.2969	0.5572	982.4	980.6	981.0		
626.3803	0.5589	982.3	980.6	981.0		
626.4636	0.5532	982.3	980.6	981.0		
626.5469	0.5554	982.4	980.6	981.0		
626.6303	0.5523	982.3	980.5	980.9		
626.7136	0.5567	982.3	980.5	980.9		
626.7969	0.5585	982.3	980.6	981.0		
626.8803	0.5549	982.3	980.6	981.0		
626.9636	0.5585	982.3	980.6	981.0		
627.0469	0.5527	982.4	980.7	981.1		
627.1303	0.5541	982.3	980.6	981.0		
627.2136	0.5572	982.2	980.5	980.9		
627.2969	0.5594	982.3	980.6	981.0		
627.3803	0.5589	982.3	980.5	981.0		
627.4636	0.5572	982.4	980.6	981.0		
627.5469	0.5576	982.4	980.6	981.0		
627.6303	0.5576	982.3	980.6	981.0		
627.7136	0.5492	982.3	980.5	981.0		
627.7969	0.5545	982.2	980.5	980.9		
627.8803	0.5585	982.2	980.5	981.0		
627.9636	0.5594	982.3	980.6	981.0		
628.0469	0.5594	982.3	980.5	980.8		
628.1303	0.5612	982.3	980.6	980.9		
628.2136	0.5612	982.2	980.5	980.9		
628.2969	0.5687	982.3	980.6	981.0		
628.3803	0.5589	982.3	980.6	981.0		
628.4636	0.5594	982.3	980.6	981.1		
628.5469	0.5585	982.3	980.6	981.0		
628.6303	0.5598	982.3	980.6	981.0		
628.7136	0.5567	982.2	980.5	980.9		
628.7969	0.5580	982.3	980.5	981.0		
628.8803	0.5572	982.3	980.5	980.9		
628.9636	0.5545	982.2	980.5	980.9		
629.0469	0.5669	982.3	980.5	980.9		
629.1303	0.5638	982.3	980.5	981.0		
629.2136	0.5594	982.2	980.5	980.9		
629.2969	0.5430	982.4	980.6	981.1		
629.3803	0.5518	982.3	980.6	981.1		
629.4636	0.5580	982.3	980.6	981.0		
629.5469	0.5541	982.3	980.5	980.9		
629.6303	0.5607	982.3	980.5	981.0		
629.7136	0.5549	982.3	980.6	981.0		
629.7969	0.5643	982.3	980.5	981.0		
629.8803	0.5563	982.4	980.5	980.9		
629.9636	0.5523	982.4	980.6	981.0		
630.0469	0.5603	982.3	980.6	981.0		
630.1303	0.5589	982.3	980.5	981.0		
630.2136	0.5580	982.3	980.5	980.9		
630.2969	0.5549	982.4	980.6	981.0		
630.3803	0.5558	982.3	980.5	980.9		
630.4636	0.5572	982.4	980.6	981.0		
630.5469	0.5638	982.3	980.6	981.0		
630.6303	0.5665	982.3	980.6	981.0		
630.7136	0.5549	982.3	980.5	981.0		
630.7969	0.5572	982.3	980.5	981.0		
630.8803	0.5527	982.3	980.6	981.0		
630.9636	0.5532	982.3	980.6	981.0		
631.0469	0.5572	982.3	980.6	981.0		
631.1303	0.5589	982.4	980.7	981.1		
631.2136	0.5576	982.3	980.5	981.0		
631.2969	0.5603	982.3	980.6	981.0		
631.3803	0.5496	982.4	980.6	981.0		
631.4636	0.5549	982.4	980.6	981.0		
631.5469	0.5563	982.3	980.5	980.9		
631.6303	0.5585	982.3	980.6	980.9		
631.7136	0.5572	982.3	980.6	981.0		
631.7969	0.5518	982.4	980.6	981.1		
631.8803	0.5572	982.4	980.6	981.0		
631.9636	0.5545	982.3	980.6	980.9		
632.0469	0.5620	982.2	980.5	981.0		
632.1303	0.5549	982.3	980.6	981.0		
632.2136	0.5580	982.3	980.5	981.0		
632.2969	0.5643	982.3	980.6	981.0		
632.3803	0.5478	982.4	980.7	981.0		
632.4636	0.5572	982.2	980.4	980.7		
632.5469	0.5598	982.2	980.5	981.0		
632.6303	0.5580	982.3	980.5	980.9		
632.7136	0.5603	982.4	980.6	981.0		
632.7969	0.5549	982.4	980.6	981.1		
632.8803	0.5620	982.4	980.6	981.0		
632.9636	0.5585	982.3	980.6	981.0		
633.0469	0.5580	982.3	980.5	980.9		
633.1303	0.5634	982.3	980.6	981.0		
633.2136	0.5567	982.3	980.6	981.1		
633.2969	0.5620	982.4	980.6	981.1		
633.3803	0.5589	982.3	980.5	980.9		
633.4636	0.5585	982.3	980.6	981.0		
633.5469	0.5580	982.3	980.5	981.0		
633.6303	0.5554	982.3	980.6	981.0		
633.7136	0.5660	982.2	980.6	980.9		
633.7969	0.5558	982.2	980.5	980.9		
633.8803	0.5634	982.4	980.6	981.1		
633.9636	0.5594	982.3	980.6	980.9		
634.0469	0.5567	982.3	980.5	980.9		
634.1303	0.5629	982.2	980.6	981.0		
634.2136	0.5696	982.2	980.5	981.0		
634.2969	0.5625	982.3	980.6	981.0		
634.3803	0.5576	982.3	980.6	981.0		
634.4636	0.5638	982.3	980.6	981.0		
634.5469	0.5505	982.2	980.6	981.0		
634.6303	0.5563	982.2	980.6	981.0		
634.7136	0.5505	982.3	980.6	981.0		
634.7969	0.5563	982.3	980.6	981.0		
634.8803	0.5612	982.3	980.5	981.0		
634.9636	0.5620	982.3	980.5	981.0		
635.0469	0.5576	982.2	980.5	981.0		
635.1303	0.5656	982.4	980.6	981.0		
635.2136	0.5700	982.3	980.6	981.0		
635.2969	0.5589	982.3	980.6	981.0		
635.3803	0.5576	982.3	980.6	981.0		
635.4636	0.5634	982.3	980.6	981.0		
635.5469	0.5589	982.3	980.5	981.0		
635.6303	0.5518	982.3	980.5	981.0		
635.7136	0.5598	982.3	980.5	981.0		
635.7969	0.5541	982.4	980.6	981.0		
635.8803	0.5634	982.3	980.5	980.9		
635.9636	0.5620	982.3	980.6	981.0		
636.0469	0.5607	982.3	980.5	981.0		
636.1303	0.5603	982.4	980.6	981.1		
636.2136	0.5678	982.3	980.6	981.0		
636.2969	0.5607	982.3	980.6	981.0		
636.3803	0.5558	982.3	980.5	980.9		
636.4636	0.5665	982.3	980.5	980.9		
636.5469	0.5638	982.2	980.5	980.9		
636.6303	0.5616	982.4	980.5	981.0		
636.7136	0.5674	982.3	980.6	981.0		
636.7969	0.5634	982.3	980.6	980.9		
636.8803	0.5541	982.3	980.6	981.0		
636.9636	0.5678	982.3	980.5	980.9		
637.0469	0.5678	982.3	980.6	981.1		
637.1303	0.5651	982.3	980.6	981.1		
637.2136	0.5634	982.4	980.6	981.0		
637.2969	0.5656	982.3	980.5	980.9		
637.3803	0.5638	982.3	980.6	981.0		
637.4636	0.5660	982.2	980.5	981.0		
637.5469	0.5647	982.2	980.5	981.0		
637.6303	0.5678	982.4	980.7	981.1		
637.7136	0.5589	982.3	980.6	981.0		
637.7969	0.5607	982.2	980.5	980.9		
637.8803	0.5558	982.3	980.6	981.0		
637.9636	0.5594	982.3	980.6	981.0		
638.0469	0.5634	982.4	980.6	981.0		
638.1303	0.5683	982.3	980.6	981.0		
638.2136	0.5620	982.3	980.6	981.0		
638.2969	0.5651	982.4	980.6	981.0		
638.3803	0.5643	982.3	980.6	981.0		
638.4636	0.5629	982.2	980.5	980.9		
638.5469	0.5620	982.2	980.5	981.0		
638.6303	0.5549	982.4	980.6	981.0		
638.7136	0.5643	982.4	980.5	980.9		
638.7969	0.5638	982.4	980.6	981.0		
638.8803	0.5629	982.3	980.5	980.9		
638.9636	0.5643	982.3	980.5	981.0		
639.0469	0.5594	982.3	980.6	981.0		
639.1303	0.5687	982.2	980.5	980.9		
639.2136	0.5629	982.4	980.6	981.0		
639.2969	0.5616	982.3	980.5	981.0		
639.3803	0.5634	982.2	980.5	981.0		
639.4636	0.5647	982.2	980.5	980.9		
639.5469	0.5629	982.3	980.6	981.0		
639.6303	0.5607	982.3	980.6	981.0		
639.7136	0.5625	982.3	980.6	981.0		
639.7969	0.5616	982.2	980.5	980.9		
639.8803	0.5634	982.3	980.5	981.0		
639.9636	0.5638	982.3	980.5	981.0		
640.0469	0.5607	982.3	980.6	981.0		
640.1303	0.5647	982.3	980.6	981.0		
640.2136	0.5598	982.3	980.6	981.0		
640.2969	0.5620	982.4	980.6	981.0		
640.3803	0.5580	982.2	980.5	980.9		
640.4636	0.5638	982.2	980.5	981.0		
640.5469	0.5638	982.3	980.5	981.0		
640.6303	0.5674	982.4	980.6	981.0		
640.7136	0.5638	982.4	980.6	981.0		
640.7969	0.5616	982.3	980.6	980.9		
640.8803	0.5678	982.3	980.5	981.0		
640.9636	0.5660	982.3	980.6	981.1		
641.0469	0.5634	982.3	980.6	981.0		
641.1303	0.5629	982.3	980.6	981.0		
641.2136	0.5629	982.3	980.5	981.0		
641.2969	0.5687	982.2	980.5	980.9		
641.3803	0.5643	982.2	980.5	981.0		
641.4636	0.5665	982.3	980.6	981.1		
641.5469	0.5634	982.3	980.6	981.0		
641.6303	0.5634	982.3	980.6	981.0		
641.7136	0.5660	982.3	980.6	981.0		
641.7969	0.5643	982.3	980.6	981.0		
641.8803	0.5638	982.3	980.6	981.0		
641.9636	0.5723	982.3	980.5	981.0		
642.0469	0.5678	982.3	980.6	980.9		
642.1303	0.5572	982.4	980.6	980.9		
642.2136	0.5643	982.3	980.6	981.0		
642.2969	0.5607	982.3	980.6	981.0		
642.3803	0.5643	982.3	980.6	981.0		
642.4636	0.5678	982.3	980.6	981.0		
642.5469	0.5603	982.3	980.5	980.9		
642.6303	0.5683	982.4	980.6	981.0		
642.7136	0.5696	982.3	980.6	980.9		
642.7969	0.5651	982.2	980.5	981.0		
642.8803	0.5634	982.3	980.6	981.0		
642.9636	0.5634	982.3	980.5	981.0		
643.0469	0.5674	982.3	980.6	981.0		
643.1303	0.5634	982.3	980.5	980.9		
643.2136	0.5660	982.3	980.6	981.0		
643.2969	0.5674	982.4	980.7	981.1		
643.3803	0.5598	982.3	980.6	981.0		
643.4636	0.5691	982.4	980.6	981.0		
643.5469	0.5647	982.3	980.6	981.0		
643.6303	0.5638	982.3	980.6	981.0		
643.7136	0.5669	982.3	980.6	980.9		
643.7969	0.5709	982.3	980.5	980.9		
643.8803	0.5620	982.3	980.5	981.0		
643.9636	0.5683	982.3	980.5	980.9		
644.0469	0.5678	982.3	980.6	981.0		
644.1303	0.5660	982.3	980.6	981.1		
644.2136	0.5647	982.3	980.6	981.0		
644.2969	0.5683	982.3	980.5	981.0		
644.3803	0.5643	982.3	980.6	980.9		
644.4636	0.5660	982.3	980.6	981.0		
644.5469	0.5723	982.4	980.5	981.0		
644.6303	0.5714	982.3	980.6	981.1		
644.7136	0.5612	982.3	980.5	981.0		
644.7969	0.5643	982.4	980.6	981.0		
644.8803	0.5585	982.2	980.6	980.9		
644.9636	0.5616	982.3	980.6	981.0		
645.0469	0.5656	982.3	980.6	981.0		
645.1303	0.5700	982.3	980.6	981.1		
645.2136	0.5647	982.4	980.6	981.1		
645.2969	0.5705	982.2	980.5	981.0		
645.3803	0.5660	982.3	980.5	981.0		
645.4636	0.5714	982.3	980.5	980.9		
645.5469	0.5696	982.3	980.6	981.0		
645.6303	0.5651	982.3	980.5	981.0		
645.7136	0.5634	982.3	980.5	981.0		
645.7969	0.5656	982.3	980.6	981.0		
645.8803	0.5643	982.3	980.5	981.1		
645.9636	0.5660	982.3	980.6	981.0		
646.0469	0.5656	982.4	980.6	981.0		
646.1303	0.5754	982.3	980.5	980.9		
646.2136	0.5740	982.3	980.6	981.1		
646.2969	0.5660	982.3	980.5	981.0		
646.3803	0.5647	982.3	980.6	981.0		
646.4636	0.5651	982.3	980.5	980.9		
646.5469	0.5736	982.2	980.5	981.0		
646.6303	0.5678	982.3	980.6	980.9		
646.7136	0.5651	982.2	980.5	981.0		
646.7969	0.5745	982.3	980.5	981.0		
646.8803	0.5718	982.3	980.5	980.9		
646.9636	0.5656	982.3	980.5	980.9		
647.0469	0.5660	982.2	980.5	980.9		
647.1303	0.5683	982.3	980.6	981.1		
647.2136	0.5705	982.3	980.5	981.0		
647.2969	0.5572	982.3	980.5	980.9		
647.3803	0.5758	982.3	980.5	981.0		
647.4636	0.5647	982.3	980.5	981.0		
647.5469	0.5643	982.3	980.5	981.0		
647.6303	0.5678	982.4	980.6	981.0		
647.7136	0.5758	982.2	980.5	981.0		
647.7969	0.5714	982.2	980.5	980.9		
647.8803	0.5665	982.3	980.5	980.9		
647.9636	0.5660	982.4	980.6	981.0		
648.0469	0.5700	982.4	980.5	981.0		
648.1303	0.5665	982.3	980.5	981.0		
648.2136	0.5691	982.3	980.5	980.9		
648.2969	0.5660	982.3	980.5	981.0		
648.3803	0.5665	982.3	980.5	980.9		
648.4636	0.5691	982.3	980.5	981.0		
648.5469	0.5683	982.3	980.5	980.9		
648.6303	0.5647	982.2	980.5	980.9		
648.7136	0.5714	982.3	980.6	981.0		
648.7969	0.5771	982.4	980.6	981.1		
648.8803	0.5660	982.3	980.6	981.0		
648.9636	0.5740	982.3	980.6	981.0		
649.0469	0.5696	982.3	980.5	981.0		
649.1303	0.5687	982.4	980.5	981.0		
649.2136	0.5745	982.4	980.5	980.9		
649.2969	0.5683	982.3	980.5	981.0		
649.3803	0.5762	982.2	980.5	980.9		
649.4636	0.5727	982.3	980.5	980.9		
649.5469	0.5678	982.3	980.6	981.0		
649.6303	0.5651	982.4	980.6	981.0		
649.7136	0.5687	982.3	980.5	981.0		
649.7969	0.5683	982.3	980.5	980.9		
649.8803	0.5762	982.3	980.5	981.0		
649.9636	0.5705	982.3	980.5	981.0		
650.0469	0.5723	982.3	980.5	980.9		
650.1303	0.5651	982.3	980.5	980.9		
650.2136	0.5700	982.2	980.5	980.9		
650.2969	0.5651	982.2	980.5	980.9		
650.3803	0.5687	982.3	980.6	981.0		
650.4636	0.5691	982.3	980.5	981.0		
650.5469	0.5714	982.2	980.5	980.9		
650.6303	0.5718	982.2	980.5	981.0		
650.7136	0.5723	982.3	980.5	981.0		
650.7969	0.5709	982.3	980.6	981.0		
650.8803	0.5674	982.3	980.5	981.0		
650.9636	0.5674	982.2	980.5	980.9		
651.0469	0.5838	982.3	980.5	981.0		
651.1303	0.5723	982.3	980.5	981.0		
651.2136	0.5660	982.3	980.6	981.0		
651.2969	0.5678	982.3	980.5	980.9		
651.3803	0.5709	982.3	980.5	980.9		
651.4636	0.5674	982.2	980.5	981.0		
651.5469	0.5705	982.3	980.6	981.0		
651.6303	0.5656	982.3	980.6	981.0		
651.7136	0.5678	982.3	980.5	981.0		
651.7969	0.5678	982.2	980.5	980.8		
651.8803	0.5723	982.3	980.5	981.0		
651.9636	0.5727	982.3	980.5	980.9		
652.0469	0.5714	982.3	980.6	981.0		
652.1303	0.5705	982.3	980.6	981.0		
652.2136	0.5643	982.3	980.5	981.0		
652.2969	0.5674	982.3	980.5	980.9		
652.3803	0.5740	982.3	980.5	981.0		
652.4636	0.5740	982.4	980.6	981.0		
652.5469	0.5714	982.2	980.5	980.9		
652.6303	0.5780	982.2	980.5	980.9		
652.7136	0.5740	982.3	980.5	981.0		
652.7969	0.5745	982.3	980.6	981.0		
652.8803	0.5740	982.3	980.5	980.9		
652.9636	0.5727	982.4	980.6	981.0		
653.0469	0.5634	982.2	980.6	980.9		
653.1303	0.5700	982.3	980.6	981.0		
653.2136	0.5705	982.3	980.5	980.9		
653.2969	0.5687	982.3	980.6	981.0		
653.3803	0.5709	982.4	980.6	981.0		
653.4636	0.5771	982.3	980.5	981.0		
653.5469	0.5776	982.4	980.6	981.0		
653.6303	0.5776	982.3	980.6	981.0		
653.7136	0.5669	982.3	980.6	981.0		
653.7969	0.5700	982.3	980.6	981.0		
653.8803	0.5718	982.3	980.5	980.9		
653.9636	0.5749	982.3	980.6	981.0		
654.0469	0.5709	982.2	980.5	981.0		
654.1303	0.5731	982.3	980.6	981.1		
654.2136	0.5762	982.3	980.6	981.0		
654.2969	0.5700	982.4	980.6	981.0		
654.3803	0.5776	982.3	980.6	981.0		
654.4636	0.5807	982.3	980.5	980.9		
654.5469	0.5776	982.4	980.6	981.0		
654.6303	0.5740	982.3	980.6	981.0		
654.7136	0.5825	982.3	980.6	981.0		
654.7969	0.5794	982.3	980.5	980.9		
654.8803	0.5736	982.2	980.5	980.9		
654.9636	0.5816	982.3	980.5	981.0		
655.0469	0.5647	982.3	980.6	981.0		
655.1303	0.5749	982.2	980.5	980.9		
655.2136	0.5780	982.3	980.5	981.0		
655.2969	0.5740	982.2	980.5	980.9		
655.3803	0.5727	982.3	980.5	981.0		
655.4636	0.5758	982.4	980.6	981.0		
655.5469	0.5736	982.4	980.5	980.9		
655.6303	0.5776	982.3	980.6	981.0		
655.7136	0.5700	982.3	980.5	980.9		
655.7969	0.5794	982.3	980.6	981.0		
655.8803	0.5731	982.4	980.6	981.0		
655.9636	0.5736	982.3	980.6	981.0		
656.0469	0.5825	982.2	980.6	981.0		
656.1303	0.5789	982.3	980.6	981.0		
656.2136	0.5762	982.3	980.5	981.0		
656.2969	0.5731	982.3	980.5	981.0		
656.3803	0.5749	982.3	980.6	981.0		
656.4636	0.5749	982.3	980.5	980.8		
656.5469	0.5802	982.3	980.5	980.9		
656.6303	0.5794	982.2	980.5	980.8		
656.7136	0.5705	982.3	980.6	981.0		
656.7969	0.5749	982.3	980.5	981.0		
656.8803	0.5749	982.3	980.5	980.9		
656.9636	0.5789	982.4	980.7	981.1		
657.0469	0.5771	982.4	980.7	981.0		
657.1303	0.5749	982.3	980.5	981.0		
657.2136	0.5829	982.4	980.6	980.9		
657.2969	0.5789	982.3	980.5	980.9		
657.3803	0.5807	982.3	980.5	981.1		
657.4636	0.5731	982.2	980.6	981.0		
657.5469	0.5745	982.3	980.6	981.0		
657.6303	0.5740	982.3	980.5	980.9		
657.7136	0.5780	982.3	980.6	980.9		
657.7969	0.5762	982.3	980.6	981.0		
657.8803	0.5745	982.3	980.6	981.0		
657.9636	0.5762	982.3	980.5	980.9		
658.0469	0.5789	982.3	980.6	981.0		
658.1303	0.5758	982.3	980.6	980.9		
658.2136	0.5825	982.4	980.7	981.0		
658.2969	0.5860	982.3	980.6	980.9		
658.3803	0.5736	982.4	980.5	981.0		
658.4636	0.5838	982.2	980.5	980.9		
658.5469	0.5767	982.3	980.6	981.0		
658.6303	0.5794	982.3	980.6	981.0		
658.7136	0.5807	982.3	980.6	981.0		
658.7969	0.5674	982.3	980.6	981.0		
658.8803	0.5749	982.4	980.6	981.0		
658.9636	0.5842	982.2	980.5	980.9		
659.0469	0.5807	982.4	980.6	980.9		
659.1303	0.5785	982.3	980.6	981.0		
659.2136	0.5776	982.3	980.6	981.0		
659.2969	0.5776	982.3	980.6	980.9		
659.3803	0.5789	982.3	980.6	981.0		
659.4636	0.5767	982.2	980.5	981.0		
659.5469	0.5847	982.3	980.6	981.0		
659.6303	0.5723	982.3	980.5	981.0		
659.7136	0.5794	982.4	980.6	981.0		
659.7969	0.5780	982.3	980.5	981.0		
659.8803	0.5749	982.3	980.5	980.9		
659.9636	0.5785	982.3	980.6	981.0		
660.0469	0.5825	982.3	980.6	981.1		
660.1303	0.5807	982.4	980.6	981.0		
660.2136	0.5767	982.4	980.6	981.0		
660.2970	0.5789	982.3	980.5	981.0		
660.3803	0.5829	982.3	980.5	981.0		
660.4636	0.5798	982.3	980.6	981.0		
660.5470	0.5842	982.2	980.5	980.9		
660.6303	0.5749	982.4	980.6	981.0		
660.7136	0.5691	982.3	980.6	980.9		
660.7970	0.5754	982.2	980.5	980.9		
660.8803	0.5745	982.3	980.5	981.0		
660.9636	0.5771	982.2	980.5	980.9		
661.0470	0.5767	982.3	980.6	981.0		
661.1303	0.5807	982.3	980.6	980.9		
661.2136	0.5767	982.3	980.6	981.0		
661.2970	0.5829	982.3	980.5	981.0		
661.3803	0.5789	982.3	980.5	981.0		
661.4636	0.5829	982.4	980.6	980.9		
661.5470	0.5798	982.4	980.6	981.0		
661.6303	0.5723	982.3	980.5	980.9		
661.7136	0.5829	982.3	980.5	981.0		
661.7970	0.5811	982.3	980.6	981.0		
661.8803	0.5780	982.3	980.5	981.0		
661.9636	0.5847	982.4	980.6	981.0		
662.0470	0.5834	982.3	980.5	981.0		
662.1303	0.5802	982.4	980.6	981.1		
662.2136	0.5762	982.2	980.6	981.0		
662.2970	0.5776	982.3	980.6	981.0		
662.3803	0.5829	982.3	980.6	981.0		
662.4636	0.5807	982.3	980.6	981.0		
662.5470	0.5820	982.3	980.5	981.0		
662.6303	0.5785	982.3	980.5	981.0		
662.7136	0.5825	982.3	980.5	980.9		
662.7970	0.5834	982.3	980.5	981.0		
662.8803	0.5794	982.3	980.6	981.0		
662.9636	0.5745	982.3	980.6	981.0		
663.0470	0.5811	982.3	980.6	981.0		
663.1303	0.5789	982.3	980.6	981.0		
663.2136	0.5789	982.3	980.6	981.0		
663.2970	0.5816	982.3	980.6	981.0		
663.3803	0.5811	982.3	980.5	980.9		
663.4636	0.5714	982.3	980.5	980.9		
663.5470	0.5856	982.4	980.6	981.0		
663.6303	0.5794	982.3	980.6	980.9		
663.7136	0.5878	982.3	980.5	981.0		
663.7970	0.5771	982.3	980.5	980.9		
663.8803	0.5794	982.3	980.6	981.0		
663.9636	0.5825	982.3	980.6	980.9		
664.0470	0.5834	982.3	980.5	981.0		
664.1303	0.5794	982.2	980.5	981.0		
664.2136	0.5842	982.3	980.6	981.0		
664.2970	0.5825	982.4	980.6	981.0		
664.3803	0.5811	982.4	980.6	981.0		
664.4636	0.5869	982.2	980.5	980.9		
664.5470	0.5794	982.3	980.7	981.0		
664.6303	0.5794	982.3	980.6	981.0		
664.7136	0.5807	982.3	980.6	981.0		
664.7970	0.5829	982.4	980.6	980.9		
664.8803	0.5762	982.3	980.5	980.9		
664.9636	0.5802	982.3	980.6	980.9		
665.0470	0.5816	982.3	980.6	980.9		
665.1303	0.5869	982.3	980.6	981.1		
665.2136	0.5829	982.3	980.6	981.0		
665.2970	0.5807	982.4	980.7	981.0		
665.3803	0.5847	982.4	980.6	981.0		
665.4636	0.5811	982.3	980.5	981.0		
665.5470	0.5842	982.3	980.6	980.9		
665.6303	0.5794	982.3	980.5	980.9		
665.7136	0.5780	982.3	980.6	981.0		
665.7970	0.5829	982.4	980.6	981.0		
665.8803	0.5780	982.3	980.6	980.9		
665.9636	0.5922	982.3	980.6	981.0		
666.0470	0.5820	982.3	980.5	980.9		
666.1303	0.5829	982.3	980.6	981.0		
666.2136	0.5825	982.3	980.6	981.0		
666.2970	0.5865	982.3	980.6	980.9		
666.3803	0.5838	982.2	980.6	981.0		
666.4636	0.5780	982.3	980.6	981.0		
666.5470	0.5767	982.3	980.6	980.9		
666.6303	0.5825	982.4	980.6	981.0		
666.7136	0.5771	982.3	980.6	980.9		
666.7970	0.5811	982.2	980.5	980.9		
666.8803	0.5851	982.3	980.5	980.9		
666.9636	0.5838	982.3	980.6	980.9		
667.0470	0.5825	982.3	980.5	980.9		
667.1303	0.5842	982.3	980.5	981.0		
667.2136	0.5856	982.2	980.5	980.9		
667.2970	0.5829	982.3	980.6	981.0		
667.3803	0.5816	982.3	980.5	980.9		
667.4636	0.5842	982.3	980.5	980.9		
667.5470	0.5816	982.4	980.6	981.0		
667.6303	0.5816	982.2	980.4	980.8		
667.7136	0.5838	982.3	980.5	981.0		
667.7970	0.5856	982.3	980.6	981.1		
667.8803	0.5865	982.3	980.6	981.1		
667.9636	0.5718	982.4	980.5	981.0		
668.0470	0.5820	982.4	980.6	981.0		
668.1303	0.5865	982.3	980.5	980.9		
668.2136	0.5873	982.3	980.5	980.9		
668.2970	0.5856	982.3	980.5	981.0		
668.3803	0.5909	982.4	980.7	981.1		
668.4636	0.5829	982.3	980.6	980.9		
668.5470	0.5860	982.3	980.6	981.0		
668.6303	0.5842	982.3	980.5	980.9		
668.7136	0.5869	982.4	980.6	981.0		
668.7970	0.5856	982.3	980.6	980.9		
668.8803	0.5847	982.3	980.5	980.9		
668.9636	0.5834	982.3	980.6	981.0		
669.0470	0.5829	982.3	980.5	980.9		
669.1303	0.5860	982.4	980.7	981.0		
669.2136	0.5842	982.3	980.5	981.0		
669.2970	0.5891	982.3	980.6	980.9		
669.3803	0.5865	982.4	980.6	981.0		
669.4636	0.5856	982.3	980.5	980.9		
669.5470	0.5878	982.2	980.5	980.9		
669.6303	0.5891	982.3	980.5	980.9		
669.7136	0.5860	982.3	980.5	980.9		
669.7970	0.5825	982.3	980.5	981.0		
669.8803	0.5834	982.3	980.6	980.9		
669.9636	0.5847	982.3	980.5	980.9		
670.0470	0.5936	982.3	980.5	980.9		
670.1303	0.5931	982.3	980.5	980.9		
670.2136	0.5945	982.4	980.7	981.1		
670.2970	0.5834	982.4	980.5	980.9		
670.3803	0.5856	982.2	980.5	980.8		
670.4636	0.5896	982.2	980.5	980.9		
670.5470	0.5860	982.3	980.5	980.9		
670.6303	0.5900	982.3	980.5	980.9		
670.7136	0.5807	982.4	980.6	981.0		
670.7970	0.5834	982.2	980.5	980.8		
670.8803	0.5847	982.3	980.5	981.0		
670.9636	0.5887	982.2	980.5	981.0		
671.0470	0.5891	982.3	980.5	980.8		
671.1303	0.5891	982.3	980.6	981.0		
671.2136	0.5851	982.3	980.5	980.9		
671.2970	0.5905	982.2	980.5	980.9		
671.3803	0.5865	982.3	980.5	980.9		
671.4636	0.5869	982.2	980.5	980.9		
671.5470	0.5860	982.3	980.5	981.0		
671.6303	0.5794	982.3	980.5	980.9		
671.7136	0.5807	982.3	980.5	980.9		
671.7970	0.5865	982.2	980.4	980.8		
671.8803	0.5842	982.2	980.5	980.9		
671.9636	0.5949	982.3	980.5	980.9		
672.0470	0.5847	982.3	980.5	981.0		
672.1303	0.5918	982.2	980.5	981.0		
672.2136	0.5856	982.3	980.6	981.0		
672.2970	0.5847	982.2	980.5	980.8		
672.3803	0.5882	982.3	980.6	980.9		
672.4636	0.5865	982.3	980.5	981.0		
672.5470	0.5909	982.3	980.5	981.0		
672.6303	0.5869	982.3	980.5	980.9		
672.7136	0.5856	982.3	980.5	980.9		
672.7970	0.5878	982.2	980.6	980.9		
672.8803	0.5882	982.3	980.5	981.0		
672.9636	0.5820	982.3	980.5	980.9		
673.0470	0.5842	982.3	980.5	980.9		
673.1303	0.5873	982.3	980.5	980.9		
673.2136	0.5931	982.3	980.6	981.0		
673.2970	0.5971	982.3	980.5	980.8		
673.3803	0.5913	982.3	980.5	981.0		
673.4636	0.5816	982.4	980.5	981.0		
673.5470	0.5940	982.2	980.5	980.8		
673.6303	0.5909	982.3	980.5	980.9		
673.7136	0.5945	982.3	980.5	980.9		
673.7970	0.5927	982.2	980.4	980.9		
673.8803	0.5860	982.3	980.5	980.9		
673.9636	0.5936	982.3	980.5	980.9		
674.0470	0.5851	982.3	980.5	981.0		
674.1303	0.5856	982.3	980.5	981.0		
674.2136	0.5931	982.3	980.5	981.0		
674.2970	0.5887	982.4	980.6	981.0		
674.3803	0.5851	982.3	980.5	980.9		
674.4636	0.5856	982.3	980.5	980.9		
674.5470	0.5931	982.3	980.5	981.0		
674.6303	0.5936	982.3	980.5	981.0		
674.7136	0.5882	982.3	980.6	980.9		
674.7970	0.5820	982.2	980.5	980.9		
674.8803	0.5834	982.2	980.5	981.0		
674.9636	0.5940	982.3	980.6	981.0		
675.0470	0.5869	982.3	980.6	981.0		
675.1303	0.5851	982.3	980.5	980.9		
675.2136	0.5802	982.5	980.8	981.4		
675.2970	0.5918	982.3	980.5	980.9		
675.3803	0.5958	982.3	980.4	980.8		
675.4636	0.5891	982.3	980.5	980.9		
675.5470	0.5971	982.3	980.6	980.9		
675.6303	0.5865	982.4	980.5	981.0		
675.7136	0.5918	982.4	980.5	980.9		
675.7970	0.5918	982.3	980.5	980.8		
675.8803	0.5891	982.3	980.6	981.0		
675.9636	0.5922	982.2	980.5	980.9		
676.0470	0.5931	982.4	980.6	981.0		
676.1303	0.5878	982.3	980.5	981.0		
676.2136	0.5989	982.2	980.4	980.8		
676.2970	0.5927	982.3	980.6	980.9		
676.3803	0.5900	982.3	980.5	981.0		
676.4636	0.5882	982.3	980.5	980.9		
676.5470	0.5869	982.4	980.5	980.9		
676.6303	0.5856	982.3	980.6	981.0		
676.7136	0.5967	982.3	980.5	980.9		
676.7970	0.5869	982.3	980.5	980.9		
676.8803	0.5900	982.2	980.5	981.0		
676.9636	0.5856	982.3	980.5	980.9		
677.0470	0.5829	982.3	980.5	980.9		
677.1303	0.5896	982.4	980.6	980.9		
677.2136	0.5900	982.3	980.5	980.9		
677.2970	0.5962	982.3	980.6	981.0		
677.3803	0.5936	982.2	980.5	980.9		
677.4636	0.5834	982.3	980.5	980.9		
677.5470	0.5825	982.3	980.5	980.9		
677.6303	0.5905	982.2	980.5	980.9		
677.7136	0.5918	982.3	980.5	981.0		
677.7970	0.5936	982.2	980.5	980.9		
677.8803	0.5936	982.4	980.5	981.0		
677.9636	0.5865	982.4	980.6	981.0		
678.0470	0.5891	982.3	980.5	980.8		
678.1303	0.5900	982.2	980.5	980.9		
678.2136	0.5927	982.2	980.5	980.9		
678.2970	0.5922	982.2	980.5	980.9		
678.3803	0.5909	982.3	980.6	980.9		
678.4636	0.5909	982.4	980.6	981.0		
678.5470	0.5842	982.2	980.5	980.9		
678.6303	0.5873	982.3	980.5	981.0		
678.7136	0.5931	982.3	980.5	980.9		
678.7970	0.5967	982.3	980.5	980.9		
678.8803	0.5927	982.3	980.5	980.9		
678.9636	0.5909	982.3	980.5	980.9		
679.0470	0.5927	982.3	980.5	980.9		
679.1303	0.5913	982.3	980.6	981.0		
679.2136	0.5962	982.3	980.5	980.9		
679.2970	0.5922	982.3	980.5	980.9		
679.3803	0.5980	982.3	980.5	980.8		
679.4636	0.5922	982.3	980.5	980.9		
679.5470	0.5931	982.3	980.5	980.9		
679.6303	0.5971	982.3	980.6	981.0		
679.7136	0.6007	982.2	980.5	980.9		
679.7970	0.5945	982.3	980.6	980.9		
679.8803	0.5940	982.4	980.5	980.9		
679.9636	0.5865	982.4	980.6	981.0		
680.0470	0.5900	982.3	980.5	980.9		
680.1303	0.5936	982.2	980.5	980.8		
680.2136	0.5993	982.3	980.6	981.0		
680.2970	0.5878	982.3	980.5	981.0		
680.3803	0.5878	982.3	980.5	980.9		
680.4636	0.5918	982.2	980.5	980.9		
680.5470	0.5940	982.2	980.5	980.9		
680.6303	0.5945	982.2	980.5	980.8		
680.7136	0.5918	982.3	980.5	980.9		
680.7970	0.5949	982.3	980.5	980.9		
680.8803	0.5887	982.3	980.5	981.0		
680.9636	0.5913	982.3	980.5	980.9		
681.0470	0.5940	982.2	980.5	980.9		
681.1303	0.5918	982.2	980.5	980.9		
681.2136	0.5922	982.3	980.5	981.0		
681.2970	0.5958	982.3	980.6	980.9		
681.3803	0.5940	982.4	980.6	981.0		
681.4636	0.5909	982.3	980.5	980.8		
681.5470	0.5931	982.2	980.5	980.9		
681.6303	0.5918	982.2	980.4	980.8		
681.7136	0.6042	982.2	980.4	980.8		
681.7970	0.5945	982.2	980.5	981.0		
681.8803	0.5962	982.3	980.5	981.0		
681.9636	0.5882	982.3	980.5	981.0		
682.0470	0.5949	982.2	980.5	980.9		
682.1303	0.5949	982.2	980.5	980.9		
682.2136	0.5962	982.3	980.5	980.9		
682.2970	0.5940	982.3	980.5	980.9		
682.3803	0.5976	982.2	980.5	980.9		
682.4636	0.5882	982.4	980.7	981.1		
682.5470	0.5882	982.3	980.6	981.0		
682.6303	0.5993	982.3	980.6	981.0		
682.7136	0.5918	982.3	980.5	980.9		
682.7970	0.5976	982.3	980.5	980.9		
682.8803	0.5865	982.3	980.5	981.0		
682.9636	0.5936	982.4	980.5	980.9		
683.0470	0.5927	982.3	980.5	981.0		
683.1303	0.5958	982.3	980.6	981.0		
683.2136	0.5989	982.4	980.6	980.9		
683.2970	0.5949	982.3	980.6	981.0		
683.3803	0.5936	982.3	980.5	980.9		
683.4636	0.5998	982.3	980.5	980.9		
683.5470	0.5882	982.4	980.6	980.9		
683.6303	0.5909	982.3	980.6	980.9		
683.7136	0.5958	982.3	980.6	980.9		
683.7970	0.5909	982.2	980.5	980.9		
683.8803	0.5989	982.2	980.5	981.0		
683.9636	0.5971	982.3	980.5	981.0		
684.0470	0.5989	982.3	980.5	980.9		
684.1303	0.5896	982.3	980.5	980.9		
684.2136	0.5936	982.3	980.5	980.9		
684.2970	0.5945	982.3	980.5	981.0		
684.3803	0.5971	982.3	980.5	980.9		
684.4636	0.5909	982.3	980.4	980.8		
684.5470	0.5962	982.3	980.5	980.9		
684.6303	0.5878	982.2	980.5	980.9		
684.7136	0.5958	982.2	980.5	980.9		
684.7970	0.5989	982.2	980.5	980.9		
684.8803	0.5913	982.4	980.5	981.0		
684.9636	0.5900	982.3	980.5	980.9		
685.0470	0.5922	982.3	980.6	980.9		
685.1303	0.5945	982.3	980.6	981.0		
685.2136	0.5967	982.2	980.5	980.9		
685.2970	0.6024	982.2	980.5	980.9		
685.3803	0.5882	982.3	980.6	980.9		
685.4636	0.5918	982.3	980.6	980.9		
685.5470	0.5949	982.3	980.5	980.9		
685.6303	0.5949	982.3	980.6	980.9		
685.7136	0.5905	982.3	980.5	980.9		
685.7970	0.5927	982.2	980.5	980.9		
685.8803	0.5900	982.3	980.6	980.9		
685.9636	0.5984	982.4	980.6	981.0		
686.0470	0.5976	982.3	980.6	981.0		
686.1303	0.5945	982.3	980.5	980.8		
686.2136	0.5976	982.2	980.5	980.8		
686.2970	0.5842	982.3	980.6	981.0		
686.3803	0.5936	982.3	980.5	980.9		
686.4636	0.5882	982.4	980.7	981.0		
686.5470	0.5913	982.4	980.5	980.9		
686.6303	0.5976	982.3	980.5	980.9		
686.7136	0.5984	982.2	980.5	981.0		
686.7970	0.5989	982.4	980.6	981.0		
686.8803	0.5905	982.3	980.6	981.0		
686.9636	0.5922	982.4	980.6	980.9		
687.0470	0.5945	982.3	980.5	980.9		
687.1303	0.5909	982.3	980.6	980.9		
687.2136	0.5949	982.3	980.6	980.9		
687.2970	0.6047	982.3	980.5	980.9		
687.3803	0.5971	982.3	980.5	980.9		
687.4636	0.5976	982.4	980.6	981.0		
687.5470	0.5936	982.3	980.6	980.9		
687.6303	0.6002	982.3	980.5	980.9		
687.7136	0.6047	982.3	980.5	980.9		
687.7970	0.6024	982.3	980.5	980.9		
687.8803	0.5958	982.4	980.5	981.0		
687.9636	0.5949	982.3	980.6	981.0		
688.0470	0.5945	982.3	980.5	980.8		
688.1303	0.5931	982.3	980.5	980.9		
688.2136	0.5958	982.2	980.5	980.9		
688.2970	0.6002	982.3	980.6	981.0		
688.3803	0.6002	982.3	980.5	980.9		
688.4636	0.5936	982.4	980.6	980.9		
688.5470	0.5949	982.3	980.5	980.9		
688.6303	0.5953	982.2	980.5	981.0		
688.7136	0.6007	982.3	980.5	981.0		
688.7970	0.5918	982.3	980.5	980.9		
688.8803	0.5931	982.3	980.5	980.9		
688.9636	0.5958	982.3	980.5	980.9		
689.0470	0.5905	982.3	980.5	980.9		
689.1303	0.5945	982.3	980.6	980.9		
689.2136	0.5993	982.3	980.5	980.9		
689.2970	0.5909	982.3	980.5	980.9		
689.3803	0.5989	982.3	980.5	980.9		
689.4636	0.5980	982.3	980.5	980.8		
689.5470	0.5984	982.2	980.5	980.9		
689.6303	0.6007	982.2	980.5	980.9		
689.7136	0.5949	982.2	980.5	980.9		
689.7970	0.5949	982.3	980.5	980.9		
689.8803	0.5998	982.4	980.6	981.0		
689.9636	0.6038	982.2	980.5	980.8		
690.0470	0.5945	982.2	980.5	980.9		
690.1303	0.5962	982.3	980.6	981.0		
690.2136	0.6047	982.3	980.5	980.9		
690.2970	0.5945	982.3	980.5	980.9		
690.3803	0.5913	982.2	980.5	980.8		
690.4636	0.5927	982.3	980.5	980.9		
690.5470	0.5971	982.3	980.5	981.0		
690.6303	0.6029	982.3	980.5	980.9		
690.7136	0.5949	982.2	980.5	980.9		
690.7970	0.5993	982.4	980.6	980.9		
690.8803	0.6011	982.4	980.6	981.1		
690.9636	0.5931	982.2	980.6	981.0		
691.0470	0.5967	982.3	980.5	980.9		
691.1303	0.5976	982.3	980.5	980.9		
691.2136	0.5967	982.3	980.5	981.0		
691.2970	0.5945	982.3	980.5	980.9		
691.3803	0.5962	982.2	980.6	980.9		
691.4636	0.5909	982.3	980.5	980.9		
691.5470	0.5984	982.3	980.5	981.0		
691.6303	0.5998	982.3	980.6	981.0		
691.7136	0.5851	982.3	980.5	980.9		
691.7970	0.5945	982.3	980.5	980.9		
691.8803	0.5984	982.2	980.4	980.8		
691.9636	0.5949	982.2	980.5	981.0		
692.0470	0.5922	982.3	980.5	980.9		
692.1303	0.5945	982.3	980.6	981.0		
692.2136	0.5873	982.3	980.5	980.9		
692.2970	0.5945	982.3	980.5	980.9		
692.3803	0.5971	982.3	980.5	980.9		
692.4636	0.6033	982.3	980.5	980.9		
692.5470	0.5949	982.3	980.5	980.9		
692.6303	0.5962	982.4	980.6	980.9		
692.7136	0.6073	982.3	980.5	980.8		
692.7970	0.5980	982.3	980.5	980.9		
692.8803	0.5998	982.3	980.5	980.9		
692.9636	0.6051	982.4	980.6	981.0		
693.0470	0.5913	982.3	980.5	980.9		
693.1303	0.5998	982.4	980.6	981.0		
693.2136	0.5967	982.4	980.6	980.9		
693.2970	0.6011	982.3	980.6	980.9		
693.3803	0.6038	982.2	980.5	980.9		
693.4636	0.5980	982.3	980.5	980.9		
693.5470	0.5984	982.4	980.6	980.9		
693.6303	0.5998	982.4	980.6	981.0		
693.7136	0.5945	982.3	980.6	980.9		
693.7970	0.6038	982.3	980.6	981.0		
693.8803	0.6024	982.2	980.5	981.0		
693.9636	0.6002	982.3	980.6	980.9		
694.0470	0.5971	982.4	980.5	980.9		
694.1303	0.5927	982.3	980.6	981.0		
694.2136	0.6020	982.3	980.5	980.9		
694.2970	0.5971	982.3	980.5	980.9		
694.3803	0.5998	982.4	980.6	981.0		
694.4636	0.5980	982.4	980.6	981.0		
694.5470	0.5989	982.3	980.6	980.9		
694.6303	0.6029	982.3	980.6	980.9		
694.7136	0.6100	982.4	980.6	981.0		
694.7970	0.5967	982.3	980.6	981.0		
694.8803	0.5922	982.3	980.6	981.0		
694.9636	0.5989	982.3	980.5	980.9		
695.0470	0.6002	982.3	980.6	980.9		
695.1303	0.5962	982.3	980.5	980.9		
695.2136	0.6002	982.3	980.6	981.0		
695.2970	0.5993	982.4	980.6	981.0		
695.3803	0.6038	982.4	980.5	981.0		
695.4636	0.5998	982.3	980.6	980.9		
695.5470	0.6051	982.2	980.5	980.9		
695.6303	0.5958	982.3	980.6	981.0		
695.7136	0.6011	982.3	980.5	980.9		
695.7970	0.6033	982.2	980.5	980.9		
695.8803	0.5984	982.3	980.5	980.9		
695.9636	0.5993	982.3	980.6	981.0		
696.0470	0.6020	982.4	980.6	981.0		
696.1303	0.6060	982.3	980.5	980.9		
696.2136	0.5958	982.3	980.5	980.9		
696.2970	0.5971	982.4	980.6	981.0		
696.3803	0.5971	982.4	980.6	981.1		
696.4636	0.5984	982.3	980.5	980.9		
696.5470	0.6051	982.3	980.5	980.9		
696.6303	0.6055	982.3	980.6	981.1		
696.7136	0.6055	982.3	980.6	981.0		
696.7970	0.5953	982.3	980.5	980.9		
696.8803	0.6024	982.4	980.5	981.0		
696.9636	0.5927	982.3	980.5	981.0		
697.0470	0.5976	982.3	980.4	980.8		
697.1303	0.5993	982.3	980.6	981.0		
697.2136	0.6002	982.3	980.5	980.9		
697.2970	0.6029	982.4	980.6	981.1		
697.3803	0.5967	982.4	980.6	981.0		
697.4636	0.5945	982.3	980.5	980.9		
697.5470	0.6042	982.3	980.6	980.9		
697.6303	0.6007	982.4	980.6	981.0		
697.7136	0.6073	982.4	980.6	981.1		
697.7970	0.6029	982.3	980.6	981.0		
697.8803	0.6029	982.4	980.6	981.0		
697.9636	0.5976	982.4	980.6	981.0		
698.0470	0.6073	982.4	980.6	981.0		
698.1303	0.6060	982.4	980.6	981.0		
698.2136	0.6042	982.3	980.6	981.0		
698.2970	0.6060	982.3	980.6	981.1		
698.3803	0.6055	982.4	980.6	981.0		
698.4636	0.6038	982.4	980.6	981.0		
698.5470	0.5998	982.3	980.5	981.0		
698.6303	0.6109	982.4	980.6	980.9		
698.7136	0.6042	982.3	980.6	981.0		
698.7970	0.6113	982.3	980.5	981.0		
698.8803	0.6104	982.3	980.6	981.1		
698.9636	0.6073	982.4	980.6	981.0		
699.0470	0.5980	982.4	980.6	981.0		
699.1303	0.6078	982.3	980.6	981.0		
699.2136	0.6060	982.3	980.6	981.1		
699.2970	0.6042	982.4	980.6	981.1		
699.3803	0.6055	982.4	980.7	981.1		
699.4636	0.5976	982.4	980.6	981.0		
699.5470	0.6047	982.4	980.6	981.0		
699.6303	0.6038	982.4	980.5	981.0		
699.7136	0.6011	982.4	980.7	981.1		
699.7970	0.5971	982.3	980.6	981.0		
699.8803	0.6069	982.5	980.7	981.1		
699.9636	0.6002	982.3	980.6	981.0		
700.0470	0.6078	982.4	980.6	981.0		
700.1303	0.5962	982.4	980.7	981.1		
700.2136	0.6051	982.5	980.6	981.0		
700.2970	0.5998	982.4	980.6	981.0		
700.3803	0.6091	982.3	980.6	981.0		
700.4636	0.6069	982.3	980.6	981.0		
700.5470	0.6047	982.3	980.6	981.0		
700.6303	0.6069	982.4	980.6	981.1		
700.7136	0.5980	982.4	980.6	981.1		
700.7970	0.6087	982.4	980.6	981.0		
700.8803	0.6055	982.3	980.6	981.0		
700.9636	0.5940	982.3	980.6	981.0		
701.0470	0.6038	982.4	980.6	981.0		
701.1303	0.6055	982.4	980.6	980.9		
701.2136	0.6047	982.4	980.6	981.0		
701.2970	0.6087	982.3	980.6	981.0		
701.3803	0.6087	982.3	980.6	981.0		
701.4636	0.6091	982.4	980.6	981.0		
701.5470	0.6082	982.4	980.6	981.0		
701.6303	0.6060	982.4	980.7	981.1		
701.7136	0.5993	982.4	980.6	981.0		
701.7970	0.6047	982.3	980.5	981.0		
701.8803	0.6051	982.3	980.6	981.0		
701.9636	0.5984	982.4	980.6	981.0		
702.0470	0.6095	982.4	980.6	981.0		
702.1303	0.6042	982.4	980.6	981.0		
702.2136	0.6073	982.3	980.6	981.0		
702.2970	0.6055	982.4	980.6	981.0		
702.3803	0.6038	982.3	980.6	981.0		
702.4636	0.6064	982.3	980.6	981.0		
702.5470	0.6055	982.5	980.7	981.2		
702.6303	0.6002	982.4	980.7	981.1		
702.7136	0.6033	982.4	980.6	981.1		
702.7970	0.5998	982.4	980.6	981.0		
702.8803	0.5936	982.4	980.6	981.0		
702.9636	0.6118	982.4	980.6	981.0		
703.0470	0.6011	982.4	980.6	981.0		
703.1303	0.6073	982.4	980.6	981.0		
703.2136	0.6011	982.4	980.7	981.1		
703.2970	0.6024	982.3	980.6	981.0		
703.3803	0.6091	982.3	980.6	981.0		
703.4636	0.6091	982.3	980.5	980.9		
703.5470	0.6024	982.4	980.6	981.0		
703.6303	0.6038	982.4	980.5	980.9		
703.7136	0.6069	982.4	980.6	981.0		
703.7970	0.6055	982.4	980.7	981.0		
703.8803	0.6118	982.4	980.7	981.1		
703.9636	0.6069	982.4	980.6	981.0		
704.0470	0.6047	982.3	980.6	981.0		
704.1303	0.6042	982.4	980.6	981.0		
704.2136	0.6042	982.5	980.7	981.0		
704.2970	0.6038	982.3	980.7	981.1		
704.3803	0.6113	982.3	980.6	981.0		
704.4636	0.6055	982.4	980.6	981.0		
704.5470	0.6091	982.4	980.6	981.0		
704.6303	0.6038	982.4	980.7	981.0		
704.7136	0.6060	982.4	980.6	981.0		
704.7970	0.6087	982.3	980.6	980.9		
704.8803	0.6051	982.3	980.6	981.0		
704.9636	0.6162	982.5	980.7	981.1		
705.0470	0.6091	982.4	980.6	981.0		
705.1303	0.6082	982.3	980.6	981.1		
705.2136	0.6073	982.4	980.7	981.1		
705.2970	0.6042	982.4	980.6	981.0		
705.3803	0.6140	982.3	980.5	980.9		
705.4636	0.6082	982.4	980.6	981.0		
705.5470	0.6011	982.3	980.6	981.0		
705.6303	0.6042	982.4	980.6	981.0		
705.7136	0.6038	982.5	980.6	981.0		
705.7970	0.5940	982.3	980.6	980.9		
705.8803	0.6100	982.3	980.6	981.0		
705.9636	0.6078	982.3	980.6	981.0		
706.0470	0.6127	982.3	980.6	981.0		
706.1303	0.6113	982.4	980.6	981.0		
706.2136	0.6073	982.5	980.6	981.1		
706.2970	0.5993	982.4	980.6	981.0		
706.3803	0.6082	982.4	980.6	980.9		
706.4636	0.6140	982.3	980.6	981.0		
706.5470	0.6073	982.3	980.6	981.0		
706.6303	0.6144	982.3	980.6	981.0		
706.7136	0.6069	982.4	980.6	981.0		
706.7970	0.6064	982.4	980.6	980.9		
706.8803	0.6055	982.3	980.6	981.0		
706.9636	0.6038	982.3	980.6	981.0		
707.0470	0.6069	982.3	980.6	980.9		
707.1303	0.5998	982.3	980.5	980.9		
707.2136	0.6144	982.3	980.6	981.0		
707.2970	0.5922	982.4	980.7	981.1		
707.3803	0.5993	982.4	980.7	981.0		
707.4636	0.5967	982.4	980.6	981.0		
707.5470	0.6095	982.3	980.6	981.0		
707.6303	0.6175	982.4	980.6	981.0		
707.7136	0.6078	982.4	980.6	981.0		
707.7970	0.6002	982.4	980.6	981.0		
707.8803	0.6078	982.4	980.6	981.0		
707.9636	0.6095	982.3	980.6	981.0		
708.0470	0.6153	982.3	980.5	980.9		
708.1303	0.5998	982.4	980.6	981.0		
708.2136	0.6078	982.3	980.6	981.0		
708.2970	0.6095	982.3	980.6	981.0		
708.3803	0.6073	982.4	980.6	981.0		
708.4636	0.6064	982.4	980.6	981.0		
708.5470	0.6127	982.4	980.6	981.0		
708.6303	0.6140	982.3	980.6	981.0		
708.7136	0.6158	982.4	980.6	981.0		
708.7970	0.6038	982.4	980.6	981.0		
708.8803	0.6109	982.3	980.5	981.0		
708.9636	0.6033	982.4	980.6	981.0		
709.0470	0.6078	982.4	980.6	981.0		
709.1303	0.6104	982.3	980.6	980.9		
709.2136	0.6135	982.4	980.6	981.0		
709.2970	0.6051	982.4	980.6	980.9		
709.3803	0.6127	982.4	980.6	981.0		
709.4636	0.6069	982.4	980.6	981.0		
709.5470	0.6113	982.5	980.6	981.0		
709.6303	0.6064	982.4	980.6	981.0		
709.7136	0.6118	982.3	980.6	980.9		
709.7970	0.6024	982.3	980.6	980.9		
709.8803	0.6100	982.3	980.6	981.1		
709.9636	0.6095	982.3	980.6	980.9		
710.0470	0.5984	982.3	980.5	980.9		
710.1303	0.6038	982.4	980.6	981.0		
710.2136	0.6055	982.5	980.9	981.3		
710.2970	0.6095	982.3	980.5	980.8		
710.3803	0.6113	982.4	980.6	981.0		
710.4636	0.6162	982.3	980.6	980.9		
710.5470	0.6051	982.4	980.5	980.9		
710.6303	0.6024	982.4	980.6	980.9		
710.7136	0.6131	982.4	980.6	981.0		
710.7970	0.6113	982.3	980.6	981.0		
710.8803	0.6029	982.3	980.5	981.0		
710.9636	0.6100	982.3	980.5	980.9		
711.0470	0.6113	982.4	980.7	981.1		
711.1303	0.6002	982.4	980.6	981.1		
711.2136	0.6087	982.5	980.7	981.1		
711.2970	0.6078	982.4	980.6	980.9		
711.3803	0.6069	982.3	980.6	981.0		
711.4636	0.6109	982.4	980.7	981.0		
711.5470	0.6109	982.4	980.6	981.0		
711.6303	0.6113	982.4	980.6	981.0		
711.7136	0.6073	982.4	980.6	981.0		
711.7970	0.6078	982.5	980.7	981.1		
711.8803	0.6109	982.4	980.6	981.0		
711.9636	0.6064	982.4	980.6	981.0		
712.0470	0.6091	982.4	980.6	981.0		
712.1303	0.6051	982.4	980.6	981.0		
712.2136	0.6109	982.4	980.6	981.0		
712.2970	0.6042	982.4	980.6	981.0		
712.3803	0.6042	982.3	980.6	980.9		
712.4636	0.6144	982.4	980.6	981.0		
712.5470	0.6087	982.4	980.6	981.0		
712.6303	0.6153	982.4	980.6	981.0		
712.7136	0.6144	982.4	980.6	981.1		
712.7970	0.5980	982.4	980.7	981.1		
712.8803	0.6100	982.4	980.6	981.0		
712.9636	0.6095	982.4	980.6	980.9		
713.0470	0.6082	982.3	980.6	981.0		
713.1303	0.6135	982.4	980.6	981.0		
713.2136	0.6055	982.3	980.6	981.0		
713.2970	0.6073	982.4	980.7	981.1		
713.3803	0.6038	982.4	980.6	981.0		
713.4636	0.6002	982.3	980.6	980.9		
713.5470	0.6100	982.3	980.6	981.0		
713.6303	0.6100	982.4	980.6	980.9		
713.7136	0.6087	982.3	980.6	981.0		
713.7970	0.6140	982.5	980.6	981.1		
713.8803	0.6042	982.4	980.6	981.0		
713.9636	0.6095	982.3	980.6	980.9		
714.0470	0.6073	982.3	980.5	980.9		
714.1303	0.6158	982.3	980.6	980.9		
714.2136	0.6118	982.4	980.6	981.0		
714.2970	0.6060	982.5	980.7	981.1		
714.3803	0.6153	982.4	980.6	981.0		
714.4636	0.6118	982.3	980.6	981.0		
714.5470	0.6206	982.3	980.5	980.9		
714.6303	0.6118	982.4	980.7	981.1		
714.7136	0.6131	982.3	980.6	981.0		
714.7970	0.6078	982.4	980.6	981.0		
714.8803	0.6087	982.4	980.6	981.0		
714.9636	0.6113	982.4	980.6	980.9		
715.0470	0.6162	982.4	980.6	981.0		
715.1303	0.6055	982.4	980.6	980.9		
715.2136	0.6100	982.3	980.6	981.0		
715.2970	0.6033	982.4	980.7	981.0		
715.3803	0.6060	982.5	980.6	981.0		
715.4636	0.6109	982.3	980.6	981.0		
715.5470	0.6109	982.4	980.6	981.0		
715.6303	0.6047	982.4	980.6	981.0		
715.7136	0.6118	982.3	980.5	981.0		
715.7970	0.6091	982.3	980.6	981.0		
715.8803	0.6051	982.4	980.6	981.0		
715.9636	0.6087	982.4	980.6	980.9		
716.0470	0.6073	982.4	980.6	981.0		
716.1303	0.6118	982.3	980.6	980.9		
716.2136	0.6113	982.4	980.7	981.0		
716.2970	0.6135	982.3	980.6	981.0		
716.3803	0.6113	982.4	980.6	981.0		
716.4636	0.6091	982.4	980.7	981.1		
716.5470	0.6064	982.4	980.6	980.9		
716.6303	0.6153	982.3	980.5	980.9		
716.7136	0.6095	982.3	980.5	981.0		
716.7970	0.6060	982.4	980.7	981.0		
716.8803	0.6024	982.3	980.5	981.0		
716.9636	0.6087	982.5	980.7	981.1		
717.0470	0.6073	982.5	980.7	981.0		
717.1303	0.6171	982.4	980.7	981.0		
717.2136	0.6127	982.3	980.6	981.0		
717.2970	0.6095	982.3	980.6	981.0		
717.3803	0.6038	982.4	980.6	980.9		
717.4636	0.6135	982.4	980.6	981.0		
717.5470	0.6135	982.4	980.6	980.9		
717.6303	0.6029	982.4	980.6	980.9		
717.7136	0.6087	982.4	980.6	981.1		
717.7970	0.6087	982.4	980.6	981.0		
717.8803	0.6140	982.3	980.6	981.0		
717.9636	0.6087	982.4	980.5	981.0		
718.0470	0.6175	982.3	980.6	980.9		
718.1303	0.6127	982.4	980.6	981.0		
718.2136	0.6091	982.4	980.6	981.0		
718.2970	0.6153	982.3	980.6	981.0		
718.3803	0.5998	982.4	980.6	981.0		
718.4636	0.6104	982.4	980.6	981.0		
718.5470	0.6051	982.4	980.6	981.0		
718.6303	0.6109	982.3	980.5	980.9		
718.7136	0.6175	982.5	980.7	981.1		
718.7970	0.6122	982.3	980.6	981.0		
718.8803	0.6042	982.4	980.6	981.0		
718.9636	0.6100	982.4	980.6	981.1		
719.0470	0.6095	982.3	980.6	980.9		
719.1303	0.6082	982.3	980.6	981.0		
719.2136	0.6118	982.4	980.6	981.0		
719.2970	0.6087	982.3	980.6	981.0		
719.3803	0.6060	982.3	980.6	980.9		
719.4636	0.6127	982.4	980.5	981.0		
719.5470	0.6109	982.4	980.6	981.0		
719.6303	0.6078	982.4	980.5	980.9		
719.7136	0.6153	982.3	980.5	980.9		
719.7970	0.6118	982.3	980.5	981.0		
719.8803	0.6166	982.4	980.5	981.0		
719.9636	0.6140	982.4	980.6	981.0		
720.0470	0.6078	982.3	980.6	981.0		
720.1303	0.6113	982.3	980.6	980.9		
720.2136	0.6131	982.4	980.6	981.0		
720.2970	0.6184	982.3	980.6	981.0		
720.3803	0.6135	982.4	980.6	981.1		
720.4636	0.6100	982.4	980.6	981.1		
720.5470	0.6202	982.3	980.5	980.9		
720.6303	0.6104	982.3	980.6	981.0		
720.7136	0.6131	982.3	980.6	981.0		
720.7970	0.6095	982.4	980.6	981.1		
720.8803	0.6087	982.4	980.6	981.0		
720.9636	0.6082	982.4	980.6	981.0		
721.0470	0.6131	982.3	980.6	980.9		
721.1303	0.6202	982.3	980.5	980.9		
721.2136	0.6135	982.4	980.6	981.0		
721.2970	0.6135	982.3	980.6	981.0		
721.3803	0.6198	982.4	980.6	981.0		
721.4636	0.6069	982.4	980.6	981.0		
721.5470	0.6109	982.4	980.6	981.0		
721.6303	0.6127	982.3	980.5	981.0		
721.7136	0.6193	982.4	980.5	980.9		
721.7970	0.6127	982.4	980.6	981.0		
721.8803	0.6073	982.3	980.6	981.0		
721.9636	0.6095	982.4	980.6	981.0		
722.0470	0.6104	982.4	980.6	981.0		
722.1303	0.6153	982.3	980.5	981.0		
722.2136	0.6091	982.5	980.6	981.0		
722.2970	0.6100	982.3	980.6	981.0		
722.3803	0.6153	982.4	980.6	981.0		
722.4636	0.6198	982.3	980.6	980.9		
722.5470	0.6131	982.4	980.6	980.9		
722.6303	0.6153	982.4	980.6	980.9		
722.7136	0.6113	982.3	980.5	980.9		
722.7970	0.6198	982.4	980.6	980.9		
722.8803	0.6189	982.3	980.6	980.9		
722.9636	0.6104	982.4	980.7	981.1		
723.0470	0.6100	982.5	980.6	981.0		
723.1303	0.6118	982.3	980.6	980.9		
723.2136	0.6198	982.3	980.5	980.9		
723.2970	0.6171	982.4	980.6	981.0		
723.3803	0.6113	982.4	980.6	981.0		
723.4636	0.6149	982.4	980.6	981.0		
723.5470	0.6127	982.3	980.5	980.9		
723.6303	0.6135	982.3	980.6	981.0		
723.7136	0.6140	982.4	980.6	980.9		
723.7970	0.6184	982.3	980.7	981.1		
723.8803	0.6171	982.4	980.6	981.0		
723.9636	0.6162	982.3	980.6	981.0		
724.0470	0.6091	982.4	980.6	980.9		
724.1303	0.6104	982.4	980.6	981.0		
724.2136	0.6100	982.3	980.6	981.0		
724.2970	0.6193	982.4	980.6	981.0		
724.3803	0.6193	982.3	980.6	980.9		
724.4636	0.6153	982.3	980.5	980.9		
724.5470	0.6140	982.4	980.6	981.0		
724.6303	0.6162	982.3	980.5	980.9		
724.7136	0.6198	982.3	980.5	980.9		
724.7970	0.6149	982.3	980.5	980.9		
724.8803	0.6153	982.3	980.5	981.0		
724.9636	0.6158	982.4	980.6	981.0		
725.0470	0.6016	982.4	980.6	980.9		
725.1303	0.6206	982.3	980.6	980.9		
725.2136	0.6175	982.4	980.6	980.9		
725.2970	0.6140	982.3	980.6	981.0		
725.3803	0.6153	982.4	980.6	981.0		
725.4636	0.6162	982.3	980.6	981.0		
725.5470	0.6104	982.4	980.6	981.0		
725.6303	0.6184	982.3	980.6	981.0		
725.7136	0.6224	982.4	980.6	980.9		
725.7970	0.6060	982.4	980.6	981.0		
725.8803	0.6033	982.3	980.6	980.9		
725.9636	0.6104	982.3	980.6	980.9		
726.0470	0.6091	982.3	980.6	980.9		
726.1303	0.6153	982.3	980.5	980.9		
726.2136	0.6211	982.3	980.6	980.9		
726.2970	0.6153	982.2	980.5	980.9		
726.3803	0.6175	982.4	980.6	981.0		
726.4636	0.6171	982.3	980.5	980.9		
726.5470	0.6140	982.3	980.5	980.9		
726.6303	0.6118	982.4	980.6	981.0		
726.7136	0.6113	982.3	980.5	980.9		
726.7970	0.6220	982.4	980.5	980.9		
726.8803	0.6171	982.3	980.5	980.9		
726.9636	0.6149	982.4	980.6	981.0		
727.0470	0.6251	982.3	980.5	980.9		
727.1303	0.6175	982.4	980.6	981.0		
727.2136	0.6140	982.4	980.6	980.9		
727.2970	0.6171	982.4	980.6	981.0		
727.3803	0.6153	982.3	980.5	980.9		
727.4636	0.6202	982.4	980.5	980.9		
727.5470	0.6100	982.4	980.6	981.0		
727.6303	0.6158	982.4	980.6	981.0		
727.7136	0.6149	982.4	980.6	981.0		
727.7970	0.6104	982.3	980.6	981.0		
727.8803	0.6109	982.3	980.5	980.9		
727.9636	0.6180	982.3	980.6	980.9		
728.0470	0.6229	982.3	980.6	981.0		
728.1303	0.6211	982.4	980.5	981.0		
728.2136	0.6149	982.4	980.6	981.0		
728.2970	0.6153	982.3	980.6	981.0		
728.3803	0.6175	982.3	980.5	980.9		
728.4636	0.6162	982.3	980.6	981.0		
728.5470	0.6193	982.3	980.6	980.9		
728.6303	0.6095	982.3	980.5	980.9		
728.7136	0.6189	982.3	980.5	980.9		
728.7970	0.6082	982.4	980.7	981.0		
728.8803	0.6189	982.4	980.7	981.0		
728.9636	0.6131	982.4	980.6	981.0		
729.0470	0.6206	982.3	980.6	980.9		
729.1303	0.6202	982.3	980.6	980.9		
729.2136	0.6135	982.3	980.6	981.0		
729.2970	0.6087	982.3	980.5	980.9		
729.3803	0.6113	982.4	980.5	980.9		
729.4636	0.6118	982.4	980.6	980.9		
729.5470	0.6095	982.3	980.5	980.9		
729.6303	0.6175	982.3	980.6	981.0		
729.7136	0.6082	982.3	980.6	980.9		
729.7970	0.6211	982.3	980.6	980.9		
729.8803	0.6158	982.4	980.6	981.0		
729.9636	0.6149	982.4	980.6	981.0		
730.0470	0.6184	982.4	980.6	981.0		
730.1303	0.6220	982.3	980.5	980.9		
730.2136	0.6135	982.3	980.6	981.0		
730.2970	0.6193	982.3	980.5	980.9		
730.3803	0.6140	982.3	980.5	980.9		
730.4636	0.6184	982.4	980.6	981.0		
730.5470	0.6211	982.3	980.6	981.0		
730.6303	0.6171	982.4	980.6	980.9		
730.7136	0.6144	982.3	980.6	980.9		
730.7970	0.6202	982.2	980.6	980.9		
730.8803	0.6144	982.3	980.6	981.0		
730.9636	0.6144	982.4	980.6	980.9		
731.0470	0.6246	982.4	980.5	980.9		
731.1303	0.6118	982.3	980.6	980.9		
731.2136	0.6206	982.3	980.6	981.0		
731.2970	0.6175	982.3	980.5	980.9		
731.3803	0.6153	982.3	980.5	980.9		
731.4636	0.6144	982.4	980.6	981.1		
731.5470	0.6162	982.3	980.5	980.9		
731.6303	0.6220	982.2	980.4	980.8		
731.7136	0.6171	982.3	980.5	980.9		
731.7970	0.6184	982.4	980.6	980.9		
731.8803	0.6202	982.3	980.5	980.9		
731.9636	0.6242	982.3	980.5	980.9		
732.0470	0.6269	982.3	980.6	981.0		
732.1303	0.6118	982.4	980.6	980.9		
732.2136	0.6140	982.5	980.6	981.1		
732.2970	0.6069	982.3	980.6	980.9		
732.3803	0.6122	982.3	980.6	980.9		
732.4636	0.6211	982.4	980.6	981.0		
732.5470	0.6206	982.3	980.6	981.0		
732.6303	0.6162	982.4	980.6	981.0		
732.7136	0.6135	982.4	980.6	981.0		
732.7970	0.6193	982.3	980.5	980.9		
732.8803	0.6189	982.4	980.6	981.0		
732.9636	0.6189	982.4	980.6	981.0		
733.0470	0.6184	982.4	980.6	981.0		
733.1303	0.6189	982.3	980.6	981.0		
733.2136	0.6224	982.4	980.5	981.0		
733.2970	0.6166	982.4	980.6	981.0		
733.3803	0.6277	982.3	980.5	980.9		
733.4636	0.6175	982.3	980.6	980.8		
733.5470	0.6131	982.3	980.6	980.9		
733.6303	0.6149	982.3	980.6	980.9		
733.7136	0.6202	982.4	980.6	980.9		
733.7970	0.6135	982.4	980.6	981.0		
733.8803	0.6242	982.4	980.5	980.9		
733.9636	0.6215	982.2	980.5	980.8		
734.0470	0.6211	982.5	980.8	981.3		
734.1303	0.6171	982.4	980.6	981.0		
734.2136	0.6260	982.3	980.5	980.9		
734.2970	0.6206	982.3	980.5	980.9		
734.3803	0.6127	982.4	980.6	981.0		
734.4636	0.6189	982.4	980.6	981.0		
734.5470	0.6224	982.4	980.6	981.0		
734.6303	0.6166	982.3	980.6	980.9		
734.7136	0.6135	982.4	980.6	981.0		
734.7970	0.6215	982.3	980.5	980.9		
734.8803	0.6095	982.3	980.6	980.9		
734.9636	0.6153	982.3	980.6	980.9		
735.0470	0.6242	982.3	980.6	981.0		
735.1303	0.6229	982.3	980.5	980.9		
735.2136	0.6220	982.3	980.6	980.9		
735.2970	0.6162	982.4	980.6	980.9		
735.3803	0.6215	982.3	980.5	980.9		
735.4636	0.6251	982.4	980.5	980.9		
735.5470	0.6180	982.4	980.6	981.1		
735.6303	0.6180	982.4	980.6	980.9		
735.7136	0.6198	982.3	980.5	980.9		
735.7970	0.6162	982.3	980.5	980.9		
735.8803	0.6189	982.3	980.5	980.9		
735.9636	0.6215	982.3	980.5	980.9		
736.0470	0.6158	982.3	980.6	980.9		
736.1303	0.6229	982.4	980.6	981.0		
736.2136	0.6180	982.4	980.6	980.9		
736.2970	0.6220	982.4	980.6	980.9		
736.3803	0.6198	982.3	980.5	980.9		
736.4636	0.6113	982.3	980.5	980.9		
736.5470	0.6189	982.4	980.6	981.0		
736.6303	0.6189	982.3	980.5	980.9		
736.7136	0.6206	982.3	980.6	980.9		
736.7970	0.6184	982.3	980.5	980.8		
736.8803	0.6202	982.3	980.6	980.9		
736.9636	0.6198	982.4	980.6	981.0		
737.0470	0.6255	982.4	980.6	981.0		
737.1303	0.6260	982.3	980.5	980.8		
737.2136	0.6184	982.4	980.6	980.9		
737.2970	0.6171	982.4	980.7	981.1		
737.3803	0.6193	982.4	980.6	981.0		
737.4636	0.6313	982.3	980.5	980.9		
737.5470	0.6304	982.4	980.5	981.0		
737.6303	0.6229	982.4	980.6	981.0		
737.7136	0.6233	982.3	980.6	981.0		
737.7970	0.6184	982.3	980.5	980.9		
737.8803	0.6166	982.4	980.5	980.8		
737.9636	0.6189	982.3	980.5	980.9		
738.0470	0.6269	982.3	980.5	980.9		
738.1303	0.6238	982.3	980.5	980.9		
738.2136	0.6135	982.4	980.6	980.9		
738.2970	0.6202	982.4	980.5	980.9		
738.3803	0.6189	982.4	980.6	980.9		
738.4636	0.6180	982.4	980.6	981.0		
738.5470	0.6184	982.3	980.5	980.9		
738.6303	0.6220	982.3	980.6	980.9		
738.7136	0.6286	982.3	980.6	981.0		
738.7970	0.6198	982.4	980.6	981.0		
738.8803	0.6224	982.3	980.5	980.9		
738.9636	0.6246	982.3	980.5	980.9		
739.0470	0.6202	982.3	980.5	980.9		
739.1303	0.6149	982.4	980.6	980.9		
739.2136	0.6184	982.4	980.6	980.9		
739.2970	0.6149	982.4	980.6	980.9		
739.3803	0.6273	982.4	980.6	980.9		
739.4636	0.6149	982.3	980.6	981.0		
739.5470	0.6224	982.3	980.6	980.9		
739.6303	0.6193	982.3	980.5	980.9		
739.7136	0.6198	982.3	980.6	980.9		
739.7970	0.6229	982.3	980.6	980.9		
739.8803	0.6215	982.4	980.6	981.0		
739.9636	0.6149	982.4	980.6	981.0		
740.0470	0.6251	982.3	980.5	980.9		
740.1303	0.6189	982.3	980.6	980.9		
740.2136	0.6286	982.3	980.6	980.9		
740.2970	0.6162	982.3	980.5	980.9		
740.3803	0.6255	982.3	980.6	981.0		
740.4636	0.6206	982.3	980.6	980.9		
740.5470	0.6193	982.4	980.5	980.9		
740.6303	0.6171	982.4	980.6	980.9		
740.7136	0.6255	982.3	980.5	980.9		
740.7970	0.6202	982.3	980.5	980.9		
740.8803	0.6264	982.3	980.6	980.9		
740.9636	0.6255	982.4	980.6	981.0		
741.0470	0.6087	982.2	980.5	980.9		
741.1303	0.6149	982.4	980.6	981.0		
741.2136	0.6162	982.4	980.6	980.9		
741.2970	0.6251	982.3	980.5	980.9		
741.3803	0.6277	982.3	980.5	980.9		
741.4636	0.6264	982.3	980.5	980.9		
741.5470	0.6193	982.3	980.6	980.9		
741.6303	0.6215	982.4	980.7	981.0		
741.7136	0.6184	982.4	980.6	981.0		
741.7970	0.6153	982.3	980.5	980.8		
741.8803	0.6220	982.3	980.6	980.9		
741.9636	0.6206	982.3	980.5	980.9		
742.0470	0.6269	982.3	980.6	980.9		
742.1303	0.6206	982.4	980.6	981.0		
742.2136	0.6286	982.3	980.6	980.9		
742.2970	0.6317	982.4	980.5	981.0		
742.3803	0.6175	982.4	980.6	980.9		
742.4636	0.6171	982.3	980.5	980.7		
742.5470	0.6149	982.3	980.6	980.8		
742.6303	0.6180	982.3	980.5	980.9		
742.7136	0.6202	982.3	980.5	980.9		
742.7970	0.6260	982.3	980.5	980.9		
742.8803	0.6255	982.3	980.6	981.0		
742.9636	0.6242	982.2	980.5	980.9		
743.0470	0.6224	982.4	980.6	981.0		
743.1303	0.6229	982.4	980.6	980.9		
743.2136	0.6162	982.3	980.6	980.9		
743.2970	0.6215	982.3	980.5	980.8		
743.3803	0.6211	982.3	980.5	980.9		
743.4636	0.6255	982.3	980.5	980.9		
743.5470	0.6193	982.3	980.5	980.9		
743.6303	0.6171	982.3	980.5	980.9		
743.7136	0.6220	982.4	980.6	980.9		
743.7970	0.6206	982.4	980.6	980.9		
743.8803	0.6166	982.4	980.6	981.0		
743.9636	0.6193	982.4	980.5	980.8		
744.0470	0.6206	982.2	980.5	980.9		
744.1303	0.6233	982.3	980.6	981.0		
744.2136	0.6198	982.4	980.5	980.9		
744.2970	0.6238	982.2	980.6	980.9		
744.3803	0.6233	982.3	980.5	980.9		
744.4636	0.6260	982.3	980.5	980.9		
744.5470	0.6180	982.4	980.6	980.9		
744.6303	0.6304	982.3	980.5	980.8		
744.7136	0.6166	982.3	980.6	981.0		
744.7970	0.6277	982.3	980.5	980.9		
744.8803	0.6264	982.2	980.5	980.9		
744.9636	0.6246	982.4	980.6	980.9		
745.0470	0.6215	982.3	980.5	980.9		
745.1303	0.6211	982.2	980.4	980.8		
745.2136	0.6304	982.3	980.6	980.9		
745.2970	0.6344	982.3	980.5	981.0		
745.3803	0.6224	982.2	980.4	980.8		
745.4636	0.6215	982.3	980.5	980.9		
745.5470	0.6238	982.4	980.6	981.0		
745.6303	0.6171	982.4	980.6	981.0		
745.7136	0.6233	982.3	980.6	980.9		
745.7970	0.6273	982.2	980.5	980.8		
745.8803	0.6229	982.3	980.5	980.8		
745.9636	0.6277	982.3	980.5	980.9		
746.0470	0.6193	982.3	980.5	980.9		
746.1303	0.6175	982.4	980.5	980.9		
746.2136	0.6282	982.3	980.5	980.8		
746.2970	0.6229	982.3	980.6	980.9		
746.3803	0.6206	982.3	980.6	981.0		
746.4636	0.6269	982.3	980.5	980.9		
746.5470	0.6269	982.3	980.5	980.9		
746.6303	0.6246	982.4	980.5	980.9		
746.7136	0.6220	982.4	980.5	980.9		
746.7970	0.6166	982.3	980.5	980.8		
746.8803	0.6251	982.2	980.5	980.8		
746.9636	0.6229	982.2	980.5	980.9		
747.0470	0.6277	982.3	980.6	981.0		
747.1303	0.6189	982.3	980.6	981.0		
747.2136	0.6224	982.4	980.7	981.1		
747.2970	0.6251	982.4	980.6	981.0		
747.3803	0.6269	982.3	980.5	980.9		
747.4636	0.6184	982.3	980.5	980.9		
747.5470	0.6282	982.4	980.6	981.0		
747.6303	0.6233	982.3	980.6	980.9		
747.7136	0.6220	982.3	980.6	980.9		
747.7970	0.6233	982.4	980.6	980.9		
747.8803	0.6189	982.4	980.6	980.9		
747.9636	0.6211	982.3	980.5	980.9		
748.0470	0.6273	982.4	980.6	981.0		
748.1303	0.6269	982.4	980.6	980.9		
748.2136	0.6300	982.3	980.6	981.0		
748.2970	0.6255	982.3	980.6	980.9		
748.3803	0.6220	982.4	980.6	980.9		
748.4636	0.6309	982.5	980.6	980.9		
748.5470	0.6255	982.3	980.6	980.9		
748.6303	0.6246	982.3	980.6	980.9		
748.7136	0.6260	982.3	980.5	980.9		
748.7970	0.6251	982.4	980.6	981.1		
748.8803	0.6344	982.3	980.6	981.0		
748.9636	0.6353	982.4	980.6	981.0		
749.0470	0.6304	982.3	980.6	980.9		
749.1303	0.6282	982.4	980.6	980.9		
749.2136	0.6286	982.3	980.6	981.0		
749.2970	0.6238	982.4	980.6	981.0		
749.3803	0.6291	982.3	980.6	981.0		
749.4636	0.6331	982.3	980.5	980.9		
749.5470	0.6260	982.3	980.6	981.0		
749.6303	0.6264	982.3	980.5	980.9		
749.7136	0.6144	982.4	980.6	980.9		
749.7970	0.6229	982.3	980.5	980.9		
749.8803	0.6260	982.3	980.5	980.8		
749.9636	0.6286	982.4	980.6	980.9		
750.0470	0.6193	982.4	980.6	981.0		
750.1303	0.6251	982.3	980.5	980.9		
750.2136	0.6224	982.4	980.6	981.0		
750.2970	0.6317	982.4	980.5	980.9		
750.3803	0.6277	982.4	980.5	980.9		
750.4636	0.6229	982.3	980.5	980.9		
750.5470	0.6251	982.3	980.6	980.9		
750.6303	0.6260	982.3	980.6	981.0		
750.7136	0.6238	982.4	980.6	981.0		
750.7970	0.6189	982.4	980.6	981.1		
750.8803	0.6180	982.4	980.6	981.0		
750.9636	0.6277	982.3	980.5	980.8		
751.0470	0.6193	982.3	980.6	980.9		
751.1303	0.6277	982.3	980.6	980.9		
751.2136	0.6277	982.3	980.5	981.0		
751.2970	0.6246	982.4	980.5	980.9		
751.3803	0.6260	982.4	980.5	980.9		
751.4636	0.6322	982.3	980.5	980.9		
751.5470	0.6304	982.3	980.6	981.0		
751.6303	0.6295	982.3	980.6	981.0		
751.7136	0.6380	982.4	980.6	980.9		
751.7970	0.6286	982.3	980.5	981.0		
751.8803	0.6304	982.3	980.5	980.9		
751.9636	0.6313	982.4	980.6	981.0		
752.0470	0.6251	982.4	980.6	981.0		
752.1303	0.6184	982.4	980.5	980.9		
752.2136	0.6264	982.4	980.7	980.9		
752.2970	0.6224	982.4	980.6	980.9		
752.3803	0.6344	982.3	980.5	980.8		
752.4636	0.6344	982.4	980.6	981.0		
752.5470	0.6238	982.4	980.6	981.0		
752.6303	0.6322	982.4	980.9	981.6		
752.7136	0.6295	982.3	980.5	980.8		
752.7970	0.6242	982.3	980.6	981.0		
752.8803	0.6242	982.3	980.5	980.9		
752.9636	0.6251	982.4	980.6	980.9		
753.0470	0.6220	982.3	980.5	980.9		
753.1303	0.6238	982.3	980.5	980.9		
753.2136	0.6357	982.3	980.5	980.9		
753.2970	0.6211	982.3	980.5	981.0		
753.3803	0.6335	982.3	980.5	980.9		
753.4636	0.6291	982.4	980.6	981.0		
753.5470	0.6286	982.4	980.6	981.0		
753.6303	0.6277	982.3	980.5	980.8		
753.7136	0.6184	982.4	980.5	980.9		
753.7970	0.6180	982.4	980.6	980.9		
753.8803	0.6282	982.4	980.6	980.9		
753.9636	0.6304	982.4	980.6	980.9		
754.0470	0.6238	982.3	980.5	981.0		
754.1303	0.6317	982.3	980.5	980.9		
754.2136	0.6331	982.3	980.6	981.0		
754.2970	0.6255	982.3	980.6	981.0		
754.3803	0.6246	982.4	980.6	981.0		
754.4636	0.6202	982.4	980.6	981.0		
754.5470	0.6291	982.3	980.5	980.9		
754.6303	0.6260	982.2	980.5	980.8		
754.7136	0.6264	982.3	980.5	980.9		
754.7970	0.6260	982.3	980.5	980.9		
754.8803	0.6304	982.3	980.5	981.0		
754.9636	0.6238	982.3	980.5	980.9		
755.0470	0.6255	982.3	980.5	980.8		
755.1303	0.6229	982.3	980.6	981.0		
755.2136	0.6326	982.3	980.5	980.9		
755.2970	0.6366	982.2	980.5	980.9		
755.3803	0.6313	982.3	980.6	980.9		
755.4636	0.6326	982.4	980.6	981.0		
755.5470	0.6282	982.3	980.5	980.9		
755.6303	0.6264	982.4	980.5	980.9		
755.7136	0.6171	982.4	980.6	981.0		
755.7970	0.6344	982.3	980.5	980.9		
755.8803	0.6313	982.3	980.5	980.9		
755.9636	0.6295	982.4	980.6	980.9		
756.0470	0.6264	982.3	980.6	980.9		
756.1303	0.6260	982.3	980.5	980.9		
756.2136	0.6269	982.3	980.5	980.9		
756.2970	0.6309	982.3	980.6	981.0		
756.3803	0.6251	982.3	980.6	980.9		
756.4636	0.6198	982.3	980.5	980.8		
756.5470	0.6317	982.4	980.6	981.1		
756.6303	0.6317	982.3	980.5	981.0		
756.7136	0.6317	982.4	980.6	981.0		
756.7970	0.6269	982.3	980.6	981.0		
756.8803	0.6260	982.3	980.5	980.9		
756.9636	0.6211	982.3	980.5	980.9		
757.0470	0.6273	982.4	980.5	980.8		
757.1303	0.6313	982.3	980.6	980.9		
757.2136	0.6300	982.3	980.6	981.0		
757.2970	0.6371	982.4	980.6	980.9		
757.3803	0.6300	982.4	980.6	981.0		
757.4636	0.6260	982.4	980.6	981.0		
757.5470	0.6211	982.3	980.6	981.0		
757.6303	0.6309	982.3	980.5	980.8		
757.7136	0.6295	982.4	980.6	981.0		
757.7970	0.6264	982.4	980.6	981.0		
757.8803	0.6255	982.4	980.5	980.8		
757.9636	0.6335	982.4	980.6	980.9		
758.0470	0.6286	982.3	980.5	980.9		
758.1303	0.6238	982.4	980.5	980.9		
758.2136	0.6246	982.3	980.6	980.9		
758.2970	0.6340	982.4	980.7	981.1		
758.3803	0.6273	982.4	980.5	980.9		
758.4636	0.6282	982.3	980.5	980.8		
758.5470	0.6309	982.3	980.5	980.9		
758.6303	0.6371	982.3	980.5	980.9		
758.7136	0.6309	982.3	980.6	980.9		
758.7970	0.6246	982.4	980.6	981.0		
758.8803	0.6313	982.4	980.5	980.9		
758.9636	0.6269	982.3	980.5	980.9		
759.0470	0.6273	982.3	980.5	980.9		
759.1303	0.6340	982.3	980.5	980.9		
759.2136	0.6331	982.3	980.6	981.0		
759.2970	0.6317	982.4	980.6	981.0		
759.3803	0.6277	982.3	980.5	980.9		
759.4636	0.6357	982.3	980.5	980.8		
759.5470	0.6295	982.2	980.5	980.9		
759.6303	0.6242	982.4	980.7	981.2		
759.7136	0.6322	982.4	980.6	981.0		
759.7970	0.6366	982.4	980.6	981.0		
759.8803	0.6166	982.3	980.5	980.9		
759.9636	0.6295	982.4	980.6	980.9		
760.0470	0.6362	982.3	980.5	980.8		
760.1303	0.6224	982.3	980.5	980.9		
760.2136	0.6309	982.3	980.6	980.9		
760.2970	0.6255	982.3	980.6	981.0		
760.3803	0.6295	982.3	980.5	980.9		
760.4636	0.6309	982.3	980.6	981.0		
760.5470	0.6322	982.4	980.6	980.9		
760.6303	0.6309	982.3	980.6	980.9		
760.7136	0.6277	982.3	980.5	980.9		
760.7970	0.6371	982.3	980.5	980.9		
760.8803	0.6331	982.4	980.6	980.9		
760.9636	0.6269	982.3	980.6	981.0		
761.0470	0.6313	982.3	980.5	980.9		
761.1303	0.6238	982.3	980.5	980.9		
761.2136	0.6282	982.3	980.5	980.9		
761.2970	0.6371	982.3	980.6	981.0		
761.3803	0.6264	982.3	980.5	981.0		
761.4636	0.6326	982.3	980.6	980.9		
761.5470	0.6238	982.3	980.5	980.9		
761.6303	0.6269	982.4	980.7	981.0		
761.7136	0.6326	982.3	980.5	980.9		
761.7970	0.6371	982.2	980.5	980.9		
761.8803	0.6264	982.3	980.5	980.9		
761.9636	0.6309	982.4	980.6	981.0		
762.0470	0.6277	982.3	980.6	981.0		
762.1303	0.6406	982.3	980.5	980.9		
762.2136	0.6331	982.3	980.5	981.0		
762.2970	0.6340	982.3	980.6	981.1		
762.3803	0.6224	982.4	980.6	981.0		
762.4636	0.6322	982.4	980.6	980.9		
762.5470	0.6282	982.3	980.6	981.0		
762.6303	0.6326	982.3	980.5	980.9		
762.7136	0.6255	982.3	980.5	980.8		
762.7970	0.6277	982.3	980.6	980.9		
762.8803	0.6331	982.4	980.6	981.1		
762.9636	0.6255	982.4	980.6	981.0		
763.0470	0.6251	982.4	980.6	981.0		
763.1303	0.6277	982.4	980.5	980.9		
763.2136	0.6322	982.3	980.5	980.9		
763.2970	0.6264	982.4	980.6	981.0		
763.3803	0.6304	982.4	980.6	981.0		
763.4636	0.6366	982.4	980.5	981.0		
763.5470	0.6309	982.5	980.7	981.0		
763.6303	0.6260	982.3	980.6	981.0		
763.7136	0.6269	982.4	980.6	981.0		
763.7970	0.6335	982.3	980.6	981.0		
763.8803	0.6313	982.3	980.6	981.0		
763.9636	0.6331	982.3	980.6	981.0		
764.0470	0.6415	982.4	980.6	980.9		
764.1303	0.6313	982.4	980.6	981.0		
764.2136	0.6357	982.3	980.6	981.0		
764.2970	0.6282	982.4	980.6	980.9		
764.3803	0.6233	982.4	980.7	981.0		
764.4636	0.6255	982.4	980.6	980.9		
764.5470	0.6322	982.3	980.6	981.0		
764.6303	0.6326	982.4	980.6	981.1		
764.7136	0.6353	982.3	980.6	980.9		
764.7970	0.6335	982.3	980.5	980.9		
764.8803	0.6384	982.3	980.6	981.0		
764.9636	0.6371	982.4	980.6	981.0		
765.0470	0.6322	982.3	980.5	980.9		
765.1303	0.6242	982.3	980.5	980.9		
765.2136	0.6340	982.3	980.6	980.9		
765.2970	0.6211	982.3	980.6	980.9		
765.3803	0.6380	982.4	980.6	981.0		
765.4636	0.6331	982.3	980.6	981.0		
765.5470	0.6362	982.4	980.6	981.0		
765.6303	0.6295	982.4	980.6	981.0		
765.7136	0.6380	982.4	980.6	981.0		
765.7970	0.6326	982.3	980.6	980.9		
765.8803	0.6313	982.3	980.6	981.0		
765.9636	0.6220	982.4	980.6	981.0		
766.0470	0.6313	982.4	980.7	981.0		
766.1303	0.6313	982.4	980.7	980.9		
766.2136	0.6371	982.3	980.6	980.9		
766.2970	0.6331	982.4	980.6	981.0		
766.3803	0.6344	982.3	980.6	981.0		
766.4636	0.6277	982.3	980.6	981.0		
766.5470	0.6273	982.4	980.6	981.0		
766.6303	0.6286	982.4	980.6	980.9		
766.7136	0.6300	982.4	980.6	981.1		
766.7970	0.6304	982.4	980.6	981.0		
766.8803	0.6326	982.3	980.6	981.0		
766.9636	0.6335	982.3	980.5	981.0		
767.0470	0.6286	982.4	980.6	980.9		
767.1303	0.6411	982.3	980.6	981.0		
767.2136	0.6269	982.3	980.6	981.0		
767.2970	0.6300	982.3	980.6	981.0		
767.3803	0.6277	982.4	980.6	981.0		
767.4636	0.6344	982.3	980.6	980.9		
767.5470	0.6362	982.3	980.6	981.0		
767.6303	0.6304	982.4	980.6	981.1		
767.7136	0.6375	982.3	980.5	981.0		
767.7970	0.6326	982.4	980.6	981.0		
767.8803	0.6371	982.4	980.6	981.0		
767.9636	0.6273	982.3	980.5	981.0		
768.0470	0.6344	982.3	980.5	981.0		
768.1303	0.6304	982.3	980.5	981.0		
768.2136	0.6300	982.4	980.6	981.0		
768.2970	0.6313	982.3	980.6	981.1		
768.3803	0.6335	982.4	980.6	981.0		
768.4636	0.6366	982.4	980.6	981.0		
768.5470	0.6371	982.4	980.5	981.0		
768.6303	0.6411	982.4	980.6	981.0		
768.7136	0.6304	982.4	980.6	981.0		
768.7970	0.6309	982.4	980.6	980.9		
768.8803	0.6380	982.3	980.6	981.0		
768.9636	0.6357	982.4	980.6	981.0		
769.0470	0.6317	982.3	980.6	981.0		
769.1303	0.6273	982.3	980.7	981.0		
769.2136	0.6397	982.4	980.6	981.1		
769.2970	0.6313	982.4	980.6	980.9		
769.3803	0.6313	982.4	980.6	981.0		
769.4636	0.6353	982.4	980.6	981.0		
769.5470	0.6437	982.3	980.5	980.9		
769.6303	0.6371	982.3	980.5	981.0		
769.7136	0.6340	982.3	980.6	981.0		
769.7970	0.6322	982.4	980.6	981.0		
769.8803	0.6322	982.4	980.6	980.9		
769.9636	0.6322	982.3	980.6	981.0		
770.0470	0.6340	982.3	980.6	980.9		
770.1303	0.6335	982.4	980.6	981.0		
770.2136	0.6357	982.4	980.6	981.0		
770.2970	0.6295	982.4	980.6	981.1		
770.3803	0.6282	982.3	980.6	980.9		
770.4636	0.6357	982.3	980.6	981.0		
770.5470	0.6340	982.4	980.6	981.0		
770.6303	0.6322	982.3	980.6	981.0		
770.7136	0.6366	982.4	980.6	981.0		
770.7970	0.6326	982.4	980.6	981.0		
770.8803	0.6371	982.4	980.6	981.0		
770.9636	0.6349	982.3	980.6	981.0		
771.0470	0.6455	982.3	980.6	981.0		
771.1303	0.6291	982.4	980.7	981.1		
771.2136	0.6317	982.4	980.6	981.0		
771.2970	0.6317	982.4	980.6	981.0		
771.3803	0.6335	982.4	980.6	981.0		
771.4636	0.6366	982.4	980.7	981.0		
771.5470	0.6317	982.4	980.7	981.1		
771.6303	0.6340	982.4	980.6	981.1		
771.7136	0.6340	982.3	980.6	980.9		
771.7970	0.6340	982.3	980.5	980.9		
771.8803	0.6349	982.3	980.6	980.9		
771.9636	0.6353	982.3	980.6	981.0		
772.0470	0.6366	982.3	980.6	981.0		
772.1303	0.6353	982.3	980.6	981.0		
772.2136	0.6340	982.3	980.6	980.9		
772.2970	0.6406	982.4	980.6	981.0		
772.3803	0.6357	982.3	980.6	981.0		
772.4636	0.6375	982.4	980.6	981.0		
772.5470	0.6335	982.3	980.6	981.0		
772.6303	0.6371	982.3	980.6	981.0		
772.7136	0.6282	982.4	980.6	980.9		
772.7970	0.6309	982.4	980.6	981.0		
772.8803	0.6424	982.3	980.6	981.0		
772.9636	0.6397	982.3	980.6	981.0		
773.0470	0.6366	982.4	980.6	981.1		
773.1303	0.6420	982.3	980.6	981.0		
773.2136	0.6402	982.4	980.6	981.0		
773.2970	0.6384	982.3	980.6	981.0		
773.3803	0.6331	982.3	980.6	981.0		
773.4636	0.6309	982.4	980.6	980.9		
773.5470	0.6415	982.3	980.5	980.9		
773.6303	0.6335	982.3	980.6	981.0		
773.7136	0.6402	982.3	980.6	981.0		
773.7970	0.6344	982.3	980.5	980.9		
773.8803	0.6397	982.4	980.6	981.0		
773.9636	0.6415	982.4	980.7	981.0		
774.0470	0.6371	982.3	980.6	980.9		
774.1303	0.6384	982.3	980.5	980.9		
774.2136	0.6362	982.3	980.5	980.9		
774.2970	0.6375	982.3	980.5	980.9		
774.3803	0.6380	982.3	980.6	981.0		
774.4636	0.6393	982.4	980.6	980.9		
774.5470	0.6380	982.3	980.6	980.9		
774.6303	0.6384	982.3	980.5	980.8		
774.7136	0.6415	982.3	980.6	980.9		
774.7970	0.6486	982.4	980.6	981.0		
774.8803	0.6388	982.4	980.5	980.9		
774.9636	0.6362	982.3	980.5	981.0		
775.0470	0.6326	982.3	980.5	980.8		
775.1303	0.6349	982.4	980.6	981.0		
775.2136	0.6428	982.4	980.6	981.0		
775.2970	0.6455	982.3	980.5	980.9		
775.3803	0.6362	982.3	980.6	981.0		
775.4636	0.6344	982.3	980.5	980.9		
775.5470	0.6393	982.3	980.6	980.9		
775.6303	0.6362	982.3	980.5	981.0		
775.7136	0.6384	982.3	980.6	980.9		
775.7970	0.6366	982.3	980.6	981.0		
775.8803	0.6380	982.3	980.6	981.0		
775.9636	0.6344	982.4	980.6	980.9		
776.0470	0.6380	982.4	980.6	980.9		
776.1303	0.6393	982.4	980.6	981.0		
776.2136	0.6433	982.3	980.5	980.9		
776.2970	0.6415	982.4	980.6	981.0		
776.3803	0.6384	982.3	980.6	980.9		
776.4636	0.6420	982.4	980.6	980.9		
776.5470	0.6362	982.4	980.6	981.0		
776.6303	0.6304	982.4	980.6	981.0		
776.7136	0.6380	982.3	980.5	980.9		
776.7970	0.6388	982.3	980.6	981.0		
776.8803	0.6411	982.4	980.7	981.0		
776.9636	0.6388	982.4	980.6	981.0		
777.0470	0.6402	982.4	980.6	981.1		
777.1303	0.6331	982.3	980.6	980.9		
777.2136	0.6371	982.3	980.6	981.0		
777.2970	0.6451	982.4	980.6	981.0		
777.3803	0.6331	982.3	980.6	980.9		
777.4636	0.6388	982.4	980.6	981.0		
777.5470	0.6335	982.4	980.6	981.0		
777.6303	0.6411	982.3	980.5	980.9		
777.7136	0.6482	982.3	980.6	981.0		
777.7970	0.6402	982.4	980.6	981.0		
777.8803	0.6371	982.4	980.7	981.1		
777.9636	0.6393	982.4	980.6	980.9		
778.0470	0.6353	982.4	980.6	981.0		
778.1303	0.6353	982.4	980.6	980.9		
778.2136	0.6393	982.4	980.6	981.0		
778.2970	0.6411	982.4	980.6	981.0		
778.3803	0.6349	982.3	980.6	981.0		
778.4636	0.6433	982.3	980.6	981.0		
778.5470	0.6393	982.3	980.6	981.0		
778.6303	0.6397	982.3	980.5	980.9		
778.7136	0.6380	982.4	980.6	980.9		
778.7970	0.6362	982.4	980.7	981.1		
778.8803	0.6411	982.4	980.6	981.0		
778.9636	0.6446	982.3	980.5	981.0		
779.0470	0.6344	982.4	980.6	981.0		
779.1303	0.6375	982.4	980.6	981.0		
779.2136	0.6495	982.4	980.6	981.0		
779.2970	0.6406	982.4	980.6	981.0		
779.3803	0.6397	982.3	980.6	981.0		
779.4636	0.6437	982.3	980.5	980.9		
779.5470	0.6393	982.4	980.6	981.0		
779.6303	0.6393	982.4	980.6	981.0		
779.7136	0.6371	982.3	980.6	980.9		
779.7970	0.6442	982.3	980.6	980.9		
779.8803	0.6393	982.4	980.6	981.0		
779.9636	0.6473	982.3	980.5	980.9		
780.0470	0.6437	982.3	980.6	980.9		
780.1303	0.6402	982.4	980.6	981.0		
780.2136	0.6300	982.4	980.6	981.0		
780.2970	0.6411	982.3	980.6	981.0		
780.3803	0.6491	982.4	980.6	981.1		
780.4636	0.6415	982.4	980.6	981.0		
780.5470	0.6397	982.4	980.6	981.0		
780.6303	0.6388	982.4	980.6	981.0		
780.7136	0.6357	982.4	980.6	980.9		
780.7970	0.6433	982.3	980.6	980.9		
780.8803	0.6393	982.3	980.6	981.0		
780.9636	0.6486	982.4	980.6	981.0		
781.0470	0.6437	982.4	980.6	981.0		
781.1303	0.6397	982.4	980.6	981.0		
781.2136	0.6357	982.4	980.6	980.9		
781.2970	0.6415	982.4	980.6	981.0		
781.3803	0.6482	982.4	980.6	981.0		
781.4636	0.6406	982.4	980.6	981.0		
781.5470	0.6402	982.4	980.6	981.0		
781.6303	0.6402	982.4	980.6	980.9		
781.7136	0.6428	982.4	980.6	981.0		
781.7970	0.6424	982.5	980.6	981.1		
781.8803	0.6384	982.4	980.6	980.9		
781.9636	0.6402	982.4	980.6	981.0		
782.0470	0.6388	982.4	980.6	980.9		
782.1303	0.6393	982.3	980.5	980.9		
782.2136	0.6482	982.3	980.5	980.9		
782.2970	0.6380	982.4	980.7	981.0		
782.3803	0.6388	982.4	980.6	980.9		
782.4636	0.6455	982.3	980.6	981.0		
782.5470	0.6504	982.4	980.6	981.1		
782.6303	0.6451	982.3	980.6	981.0		
782.7136	0.6424	982.3	980.5	980.9		
782.7970	0.6446	982.3	980.5	981.0		
782.8803	0.6451	982.4	980.6	981.0		
782.9636	0.6388	982.3	980.6	980.9		
783.0470	0.6446	982.3	980.7	980.9		
783.1303	0.6464	982.4	980.6	981.0		
783.2136	0.6428	982.3	980.5	981.0		
783.2970	0.6442	982.4	980.6	981.0		
783.3803	0.6522	982.4	980.6	981.0		
783.4636	0.6473	982.3	980.5	981.0		
783.5470	0.6482	982.4	980.6	981.0		
783.6303	0.6428	982.3	980.6	980.9		
783.7136	0.6482	982.4	980.6	980.9		
783.7970	0.6442	982.3	980.6	980.9		
783.8803	0.6464	982.3	980.6	981.0		
783.9636	0.6522	982.4	980.6	981.0		
784.0470	0.6375	982.4	980.6	981.0		
784.1303	0.6446	982.4	980.5	981.0		
784.2136	0.6397	982.3	980.5	980.9		
784.2970	0.6437	982.3	980.5	980.9		
784.3803	0.6464	982.4	980.5	981.0		
784.4636	0.6446	982.4	980.6	981.0		
784.5470	0.6446	982.4	980.6	981.0		
784.6303	0.6451	982.4	980.6	980.9		
784.7136	0.6491	982.3	980.6	981.0		
784.7970	0.6437	982.5	981.0	981.5		
784.8803	0.6468	982.3	980.5	980.8		
784.9636	0.6495	982.3	980.5	980.8		
785.0470	0.6482	982.5	980.6	980.9		
785.1303	0.6513	982.5	980.9	981.5		
785.2136	0.6420	982.2	980.5	980.9		
785.2970	0.6451	982.3	980.5	980.9		
785.3803	0.6433	982.2	980.4	980.9		
785.4636	0.6433	982.3	980.5	980.9		
785.5470	0.6442	982.4	980.7	981.1		
785.6303	0.6451	982.3	980.5	980.9		
785.7136	0.6491	982.3	980.6	981.0		
785.7970	0.6486	982.3	980.5	980.9		
785.8803	0.6553	982.3	980.5	981.0		
785.9636	0.6464	982.3	980.5	980.9		
786.0470	0.6455	982.3	980.5	980.9		
786.1303	0.6504	982.4	980.5	980.9		
786.2136	0.6415	982.3	980.4	980.9		
786.2970	0.6486	982.4	980.6	981.0		
786.3803	0.6513	982.2	980.5	980.9		
786.4636	0.6504	982.2	980.5	980.8		
786.5470	0.6451	982.4	980.5	980.9		
786.6303	0.6446	982.2	980.5	980.8		
786.7136	0.6477	982.3	980.5	980.8		
786.7970	0.6553	982.3	980.5	980.9		
786.8803	0.6495	982.3	980.5	980.9		
786.9636	0.6491	982.3	980.5	980.8		
787.0470	0.6424	982.3	980.5	980.9		
787.1303	0.6420	982.3	980.5	980.8		
787.2136	0.6442	982.2	980.5	980.9		
787.2970	0.6531	982.2	980.5	980.9		
787.3803	0.6517	982.3	980.6	981.0		
787.4636	0.6459	982.2	980.5	980.9		
787.5470	0.6526	982.4	980.6	981.0		
787.6303	0.6437	982.3	980.4	980.8		
787.7136	0.6464	982.3	980.5	980.9		
787.7970	0.6482	982.3	980.5	980.9		
787.8803	0.6517	982.3	980.5	980.9		
787.9636	0.6451	982.2	980.5	980.8		
788.0470	0.6508	982.3	980.5	980.9		
788.1303	0.6482	982.3	980.5	980.9		
788.2136	0.6428	982.2	980.4	980.8		
788.2970	0.6531	982.2	980.4	980.8		
788.3803	0.6482	982.2	980.4	980.8		
788.4636	0.6531	982.4	980.5	980.9		
788.5470	0.6508	982.2	980.4	980.9		
788.6303	0.6504	982.3	980.5	981.0		
788.7136	0.6451	982.3	980.5	980.9		
788.7970	0.6486	982.3	980.4	980.9		
788.8803	0.6491	982.2	980.4	980.8		
788.9636	0.6473	982.3	980.5	980.9		
789.0470	0.6446	982.2	980.5	980.8		
789.1303	0.6544	982.3	980.5	981.0		
789.2136	0.6557	982.3	980.5	980.9		
789.2970	0.6486	982.3	980.5	980.9		
789.3803	0.6513	982.3	980.4	980.8		
789.4636	0.6473	982.3	980.4	980.8		
789.5470	0.6495	982.2	980.4	980.9		
789.6303	0.6539	982.3	980.5	980.9		
789.7136	0.6459	982.3	980.5	980.9		
789.7970	0.6504	982.3	980.5	980.8		
789.8803	0.6544	982.3	980.4	980.8		
789.9636	0.6402	982.3	980.5	980.8		
790.0470	0.6428	982.4	980.5	980.9		
790.1303	0.6477	982.3	980.5	980.9		
790.2136	0.6557	982.2	980.5	980.9		
790.2970	0.6455	982.3	980.5	980.9		
790.3803	0.6508	982.3	980.4	980.8		
790.4636	0.6517	982.3	980.5	981.0		
790.5470	0.6495	982.3	980.4	980.9		
790.6303	0.6482	982.3	980.5	980.8		
790.7136	0.6451	982.2	980.5	980.8		
790.7970	0.6588	982.2	980.4	980.8		
790.8803	0.6499	982.2	980.4	980.8		
790.9636	0.6486	982.2	980.5	980.8		
791.0470	0.6482	982.3	980.5	980.9		
791.1303	0.6548	982.3	980.5	980.9		
791.2136	0.6464	982.3	980.5	980.8		
791.2970	0.6508	982.3	980.5	980.9		
791.3803	0.6557	982.3	980.5	980.8		
791.4636	0.6526	982.2	980.4	980.8		
791.5470	0.6433	982.3	980.5	980.9		
791.6303	0.6437	982.3	980.5	980.8		
791.7136	0.6442	982.3	980.5	980.9		
791.7970	0.6553	982.2	980.4	980.8		
791.8803	0.6531	982.2	980.4	980.8		
791.9636	0.6579	982.2	980.4	980.8		
792.0470	0.6397	982.2	980.4	980.7		
792.1303	0.6508	982.3	980.5	980.8		
792.2136	0.6513	982.3	980.4	980.9		
792.2970	0.6548	982.3	980.4	980.8		
792.3803	0.6526	982.3	980.4	980.8		
792.4636	0.6446	982.3	980.5	980.9		
792.5470	0.6495	982.3	980.4	980.8		
792.6303	0.6508	982.2	980.5	980.8		
792.7136	0.6539	982.2	980.5	980.8		
792.7970	0.6464	982.2	980.5	980.8		
792.8803	0.6482	982.3	980.5	980.9		
792.9636	0.6566	982.3	980.4	980.8		
793.0470	0.6486	982.2	980.3	980.7		
793.1303	0.6477	982.3	980.4	980.8		
793.2136	0.6548	982.2	980.4	980.8		
793.2970	0.6544	982.3	980.5	980.8		
793.3803	0.6539	982.3	980.5	980.8		
793.4636	0.6522	982.2	980.4	980.7		
793.5470	0.6548	982.2	980.4	980.8		
793.6303	0.6539	982.3	980.5	980.8		
793.7136	0.6544	982.2	980.4	980.8		
793.7970	0.6486	982.2	980.4	980.8		
793.8803	0.6593	982.3	980.4	980.8		
793.9636	0.6539	982.3	980.4	980.8		
794.0470	0.6566	982.2	980.4	980.8		
794.1303	0.6579	982.2	980.5	980.9		
794.2136	0.6602	982.2	980.4	980.8		
794.2970	0.6486	982.3	980.5	980.9		
794.3803	0.6566	982.2	980.4	980.8		
794.4636	0.6548	982.2	980.4	980.8		
794.5470	0.6535	982.1	980.4	980.8		
794.6303	0.6588	982.3	980.6	981.2		
794.7136	0.6491	982.3	980.4	980.9		
794.7970	0.6584	982.3	980.4	980.8		
794.8803	0.6593	982.2	980.4	980.8		
794.9636	0.6624	982.3	980.4	980.8		
795.0470	0.6522	982.3	980.5	980.9		
795.1303	0.6513	982.2	980.4	980.8		
795.2136	0.6522	982.3	980.5	980.9		
795.2970	0.6535	982.3	980.4	980.8		
795.3803	0.6477	982.2	980.4	980.7		
795.4636	0.6531	982.2	980.5	980.8		
795.5470	0.6508	982.3	980.5	980.9		
795.6303	0.6562	982.3	980.5	980.9		
795.7136	0.6544	982.2	980.4	980.8		
795.7970	0.6548	982.3	980.5	980.8		
795.8803	0.6610	982.3	980.4	980.8		
795.9636	0.6557	982.3	980.4	980.9		
796.0470	0.6499	982.2	980.4	980.9		
796.1303	0.6522	982.3	980.5	980.9		
796.2136	0.6548	982.3	980.5	980.8		
796.2970	0.6615	982.2	980.4	980.9		
796.3803	0.6637	982.3	980.5	980.9		
796.4636	0.6562	982.4	980.5	980.9		
796.5470	0.6535	982.3	980.4	980.8		
796.6303	0.6562	982.2	980.4	980.7		
796.7136	0.6633	982.2	980.5	980.8		
796.7970	0.6570	982.2	980.5	980.9		
796.8803	0.6575	982.3	980.5	980.9		
796.9636	0.6531	982.3	980.6	980.9		
797.0470	0.6522	982.3	980.5	980.8		
797.1303	0.6508	982.2	980.5	980.9		
797.2136	0.6535	982.2	980.4	980.8		
797.2970	0.6610	982.2	980.5	980.8		
797.3803	0.6593	982.3	980.5	980.8		
797.4636	0.6593	982.3	980.5	980.9		
797.5470	0.6562	982.2	980.4	980.8		
797.6303	0.6513	982.2	980.5	980.9		
797.7136	0.6584	982.3	980.5	980.9		
797.7970	0.6508	982.3	980.5	980.9		
797.8803	0.6690	982.3	980.5	980.8		
797.9636	0.6597	982.3	980.4	980.8		
798.0470	0.6544	982.3	980.4	980.8		
798.1303	0.6610	982.2	980.5	980.9		
798.2136	0.6602	982.3	980.5	980.8		
798.2970	0.6557	982.3	980.5	980.9		
798.3803	0.6610	982.4	980.5	980.9		
798.4636	0.6597	982.2	980.4	980.9		
798.5470	0.6588	982.3	980.4	980.8		
798.6303	0.6553	982.2	980.4	980.9		
798.7136	0.6544	982.3	980.4	980.8		
798.7970	0.6579	982.3	980.5	980.8		
798.8803	0.6570	982.3	980.4	980.7		
798.9636	0.6610	982.3	980.4	980.8		
799.0470	0.6619	982.3	980.5	980.8		
799.1303	0.6535	982.3	980.6	980.9		
799.2136	0.6606	982.3	980.4	980.8		
799.2970	0.6646	982.3	980.5	980.8		
799.3803	0.6610	982.2	980.4	980.8		
799.4636	0.6597	982.3	980.4	980.8		
799.5470	0.6655	982.3	980.4	980.9		
799.6303	0.6579	982.2	980.4	980.9		
799.7136	0.6602	982.3	980.5	980.8		
799.7970	0.6526	982.3	980.4	980.8		
799.8803	0.6642	982.3	980.5	980.8		
799.9636	0.6584	982.2	980.4	980.8		
800.0470	0.6597	982.2	980.5	980.9		
800.1303	0.6562	982.3	980.5	980.9		
800.2136	0.6535	982.3	980.4	980.8		
800.2970	0.6593	982.2	980.4	980.8		
800.3803	0.6624	982.2	980.4	980.9		
800.4636	0.6615	982.2	980.4	980.8		
800.5470	0.6517	982.1	980.4	980.8		
800.6303	0.6606	982.2	980.4	980.8		
800.7136	0.6535	982.3	980.5	980.8		
800.7970	0.6588	982.3	980.4	980.8		
800.8803	0.6597	982.2	980.4	980.8		
800.9636	0.6593	982.2	980.4	980.9		
801.0470	0.6579	982.2	980.4	980.8		
801.1303	0.6637	982.3	980.5	980.8		
801.2136	0.6593	982.3	980.4	980.8		
801.2970	0.6619	982.3	980.4	980.9		
801.3803	0.6624	982.2	980.4	980.8		
801.4636	0.6602	982.3	980.5	980.9		
801.5470	0.6610	982.3	980.5	980.8		
801.6303	0.6584	982.3	980.4	980.8		
801.7136	0.6579	982.2	980.3	980.8		
801.7970	0.6650	982.2	980.4	980.8		
801.8803	0.6659	982.2	980.5	980.9		
801.9636	0.6659	982.2	980.5	980.8		
802.0470	0.6655	982.2	980.5	980.8		
802.1303	0.6562	982.2	980.4	980.8		
802.2136	0.6562	982.3	980.5	980.8		
802.2970	0.6593	982.3	980.4	980.7		
802.3803	0.6588	982.3	980.4	980.9		
802.4636	0.6664	982.3	980.5	980.9		
802.5470	0.6619	982.3	980.5	980.8		
802.6303	0.6610	982.3	980.4	980.8		
802.7136	0.6602	982.3	980.4	980.8		
802.7970	0.6584	982.3	980.4	980.7		
802.8803	0.6615	982.2	980.4	980.7		
802.9636	0.6588	982.2	980.4	980.8		
803.0470	0.6575	982.2	980.4	980.8		
803.1303	0.6642	982.2	980.3	980.8		
803.2136	0.6646	982.3	980.5	980.8		
803.2970	0.6668	982.2	980.4	980.8		
803.3803	0.6593	982.2	980.4	980.8		
803.4636	0.6695	982.2	980.4	980.7		
803.5470	0.6699	982.2	980.4	980.8		
803.6303	0.6677	982.2	980.4	980.9		
803.7136	0.6633	982.2	980.4	980.8		
803.7970	0.6646	982.2	980.5	980.9		
803.8803	0.6677	982.3	980.4	980.8		
803.9636	0.6624	982.4	980.4	980.7		
804.0470	0.6659	982.3	980.5	980.8		
804.1303	0.6633	982.1	980.4	980.8		
804.2136	0.6602	982.2	980.5	980.9		
804.2970	0.6677	982.2	980.4	980.8		
804.3803	0.6539	982.3	980.4	980.8		
804.4636	0.6615	982.2	980.4	980.8		
804.5470	0.6646	982.3	980.4	980.8		
804.6303	0.6531	982.1	980.4	980.7		
804.7136	0.6633	982.2	980.5	980.8		
804.7970	0.6602	982.2	980.5	980.8		
804.8803	0.6664	982.3	980.5	980.9		
804.9636	0.6588	982.3	980.5	980.8		
805.0470	0.6699	982.2	980.4	980.8		
805.1303	0.6642	982.3	980.4	980.8		
805.2136	0.6677	982.3	980.4	980.8		
805.2970	0.6673	982.3	980.4	980.8		
805.3803	0.6615	982.3	980.4	980.9		
805.4636	0.6677	982.3	980.4	980.8		
805.5470	0.6633	982.2	980.4	980.8		
805.6303	0.6619	982.2	980.3	980.7		
805.7136	0.6673	982.2	980.4	980.8		
805.7970	0.6610	982.3	980.5	980.8		
805.8803	0.6597	982.3	980.4	980.8		
805.9636	0.6704	982.2	980.4	980.8		
806.0470	0.6677	982.3	980.5	980.8		
806.1303	0.6602	982.2	980.4	980.8		
806.2136	0.6761	982.3	980.4	980.8		
806.2970	0.6642	982.1	980.4	980.7		
806.3803	0.6713	982.3	980.5	980.9		
806.4636	0.6650	982.2	980.5	980.8		
806.5470	0.6619	982.3	980.4	980.8		
806.6303	0.6633	982.2	980.4	980.8		
806.7136	0.6681	982.3	980.5	980.8		
806.7970	0.6699	982.3	980.4	980.8		
806.8803	0.6739	982.3	980.5	980.9		
806.9636	0.6615	982.3	980.5	980.9		
807.0470	0.6699	982.3	980.5	980.8		
807.1303	0.6695	982.2	980.3	980.7		
807.2136	0.6699	982.3	980.5	980.8		
807.2970	0.6699	982.3	980.4	980.8		
807.3803	0.6695	982.2	980.4	980.8		
807.4636	0.6659	982.2	980.4	980.8		
807.5470	0.6677	982.1	980.3	980.7		
807.6303	0.6628	982.3	980.4	980.8		
807.7136	0.6584	982.3	980.5	980.8		
807.7970	0.6602	982.2	980.4	980.8		
807.8803	0.6624	982.2	980.4	980.8		
807.9636	0.6593	982.2	980.4	980.8		
808.0470	0.6619	982.1	980.4	980.8		
808.1303	0.6610	982.2	980.4	980.8		
808.2136	0.6642	982.2	980.4	980.8		
808.2970	0.6610	982.3	980.4	980.8		
808.3803	0.6690	982.2	980.4	980.8		
808.4636	0.6704	982.2	980.4	980.8		
808.5470	0.6668	982.1	980.3	980.8		
808.6303	0.6677	982.2	980.4	980.8		
808.7136	0.6708	982.3	980.5	980.8		
808.7970	0.6633	982.3	980.5	980.8		
808.8803	0.6677	982.3	980.5	980.9		
808.9636	0.6708	982.2	980.4	980.8		
809.0470	0.6610	982.3	980.4	980.7		
809.1303	0.6642	982.2	980.5	980.8		
809.2136	0.6704	982.2	980.4	980.8		
809.2970	0.6642	982.3	980.5	980.9		
809.3803	0.6681	982.3	980.4	980.9		
809.4636	0.6650	982.3	980.5	980.8		
809.5470	0.6646	982.3	980.5	980.8		
809.6303	0.6650	982.2	980.4	980.8		
809.7136	0.6717	982.2	980.4	980.8		
809.7970	0.6579	982.3	980.5	980.9		
809.8803	0.6681	982.3	980.5	980.8		
809.9636	0.6593	982.3	980.5	980.8		
810.0470	0.6655	982.3	980.5	980.9		
810.1303	0.6659	982.2	980.4	980.8		
810.2136	0.6677	982.1	980.3	980.8		
810.2970	0.6704	982.2	980.4	980.8		
810.3803	0.6602	982.2	980.4	980.8		
810.4636	0.6664	982.3	980.5	980.9		
810.5470	0.6562	982.2	980.5	980.8		
810.6303	0.6717	982.2	980.4	980.8		
810.7136	0.6637	982.2	980.4	980.8		
810.7970	0.6699	982.2	980.4	980.8		
810.8803	0.6677	982.2	980.4	980.8		
810.9636	0.6695	982.3	980.5	980.9		
811.0470	0.6637	982.3	980.4	980.7		
811.1303	0.6713	982.2	980.5	980.8		
811.2136	0.6664	982.2	980.4	980.8		
811.2970	0.6766	982.2	980.5	980.9		
811.3803	0.6664	982.2	980.5	980.9		
811.4636	0.6677	982.3	980.4	980.8		
811.5470	0.6695	982.2	980.4	980.8		
811.6303	0.6735	982.3	980.5	980.8		
811.7136	0.6686	982.2	980.4	980.8		
811.7970	0.6673	982.3	980.5	980.8		
811.8803	0.6717	982.2	980.4	980.8		
811.9636	0.6681	982.3	980.5	980.9		
812.0470	0.6673	982.2	980.4	980.8		
812.1303	0.6708	982.2	980.4	980.8		
812.2136	0.6677	982.2	980.4	980.9		
812.2970	0.6624	982.3	980.5	980.9		
812.3803	0.6735	982.3	980.4	980.9		
812.4636	0.6717	982.3	980.4	980.8		
812.5470	0.6704	982.2	980.4	980.7		
812.6303	0.6610	982.2	980.4	980.8		
812.7136	0.6721	982.2	980.4	980.8		
812.7970	0.6766	982.2	980.5	980.8		
812.8803	0.6673	982.3	980.5	980.9		
812.9636	0.6730	982.3	980.5	980.9		
813.0470	0.6677	982.3	980.4	980.8		
813.1303	0.6739	982.2	980.4	980.8		
813.2136	0.6690	982.3	980.5	980.8		
813.2970	0.6659	982.2	980.5	980.9		
813.3803	0.6748	982.2	980.4	980.8		
813.4636	0.6659	982.3	980.5	980.9		
813.5470	0.6766	982.2	980.4	980.8		
813.6303	0.6730	982.3	980.4	980.8		
813.7136	0.6659	982.3	980.5	980.9		
813.7970	0.6602	982.3	980.4	980.8		
813.8803	0.6699	982.3	980.5	980.8		
813.9636	0.6699	982.2	980.4	980.8		
814.0470	0.6690	982.2	980.4	980.8		
814.1303	0.6757	982.2	980.4	980.8		
814.2136	0.6668	982.3	980.4	980.8		
814.2970	0.6717	982.2	980.4	980.8		
814.3803	0.6677	982.1	980.4	980.8		
814.4636	0.6752	982.2	980.4	980.8		
814.5470	0.6713	982.3	980.4	980.9		
814.6303	0.6659	982.3	980.5	980.8		
814.7136	0.6664	982.2	980.4	980.9		
814.7970	0.6735	982.3	980.5	980.9		
814.8803	0.6690	982.1	980.4	980.8		
814.9636	0.6690	982.3	980.4	980.8		
815.0470	0.6713	982.3	980.5	980.8		
815.1303	0.6713	982.2	980.5	980.8		
815.2136	0.6704	982.2	980.4	980.8		
815.2970	0.6668	982.3	980.5	980.8		
815.3803	0.6761	982.2	980.4	980.8		
815.4636	0.6677	982.2	980.4	980.8		
815.5470	0.6721	982.2	980.4	980.8		
815.6303	0.6713	982.3	980.5	980.8		
815.7136	0.6766	982.4	980.5	980.9		
815.7970	0.6726	982.3	980.5	980.8		
815.8803	0.6721	982.3	980.4	980.8		
815.9636	0.6730	982.3	980.4	980.8		
816.0470	0.6673	982.3	980.5	980.9		
816.1303	0.6708	982.3	980.4	980.8		
816.2136	0.6699	982.2	980.5	980.8		
816.2970	0.6646	982.2	980.5	980.8		
816.3803	0.6699	982.3	980.5	980.8		
816.4636	0.6628	982.2	980.4	980.8		
816.5470	0.6770	982.2	980.4	980.7		
816.6303	0.6721	982.2	980.4	980.7		
816.7136	0.6690	982.3	980.5	980.9		
816.7970	0.6757	982.2	980.5	980.9		
816.8803	0.6664	982.2	980.5	980.9		
816.9636	0.6708	982.3	980.5	980.8		
817.0470	0.6695	982.2	980.5	980.8		
817.1303	0.6668	982.2	980.4	980.9		
817.2136	0.6699	982.3	980.5	980.8		
817.2970	0.6748	982.2	980.4	980.8		
817.3803	0.6726	982.2	980.4	980.8		
817.4636	0.6726	982.3	980.4	980.7		
817.5470	0.6673	982.3	980.5	980.8		
817.6303	0.6681	982.2	980.4	980.7		
817.7136	0.6726	982.2	980.5	980.9		
817.7970	0.6757	982.3	980.6	981.0		
817.8803	0.6739	982.2	980.4	980.7		
817.9636	0.6757	982.2	980.4	980.8		
818.0470	0.6717	982.3	980.5	980.9		
818.1303	0.6717	982.4	980.5	980.9		
818.2136	0.6730	982.3	980.4	980.7		
818.2970	0.6717	982.2	980.5	980.8		
818.3803	0.6650	982.3	980.5	980.7		
818.4636	0.6775	982.2	980.3	980.7		
818.5470	0.6735	982.2	980.4	980.8		
818.6303	0.6713	982.3	980.5	980.9		
818.7136	0.6726	982.4	980.5	980.8		
818.7970	0.6708	982.3	980.4	980.8		
818.8803	0.6708	982.2	980.4	980.8		
818.9636	0.6673	982.2	980.4	980.8		
819.0470	0.6717	982.2	980.4	980.8		
819.1303	0.6695	982.2	980.4	980.8		
819.2136	0.6726	982.2	980.5	980.7		
819.2970	0.6730	982.3	980.4	980.8		
819.3803	0.6735	982.2	980.4	980.8		
819.4636	0.6713	982.2	980.4	980.7		
819.5470	0.6690	982.3	980.5	980.7		
819.6303	0.6713	982.2	980.5	980.8		
819.7136	0.6739	982.2	980.4	980.8		
819.7970	0.6686	982.2	980.4	980.7		
819.8803	0.6730	982.2	980.4	980.8		
819.9636	0.6677	982.1	980.3	980.7		
820.0470	0.6735	982.2	980.4	980.8		
820.1303	0.6717	982.2	980.5	980.8		
820.2136	0.6766	982.2	980.4	980.9		
820.2970	0.6708	982.2	980.4	980.7		
820.3803	0.6664	982.3	980.4	980.7		
820.4636	0.6730	982.3	980.5	980.8		
820.5470	0.6677	982.2	980.4	980.7		
820.6303	0.6699	982.2	980.4	980.8		
820.7136	0.6708	982.2	980.4	980.8		
820.7970	0.6717	982.3	980.4	980.7		
820.8803	0.6695	982.2	980.4	980.8		
820.9636	0.6739	982.2	980.5	980.8		
821.0470	0.6757	982.3	980.4	980.8		
821.1303	0.6792	982.2	980.4	980.8		
821.2136	0.6686	982.2	980.4	980.7		
821.2970	0.6717	982.2	980.4	980.7		
821.3803	0.6677	982.2	980.5	980.8		
821.4636	0.6686	982.3	980.5	980.7		
821.5470	0.6735	982.3	980.4	980.8		
821.6303	0.6730	982.2	980.4	980.8		
821.7136	0.6757	982.2	980.4	980.7		
821.7970	0.6730	982.3	980.4	980.8		
821.8803	0.6704	982.3	980.4	980.8		
821.9636	0.6766	982.3	980.5	980.8		
822.0470	0.6713	982.3	980.4	980.7		
822.1303	0.6775	982.2	980.4	980.8		
822.2136	0.6708	982.2	980.4	980.7		
822.2970	0.6792	982.2	980.5	980.8		
822.3803	0.6797	982.2	980.4	980.8		
822.4636	0.6659	982.3	980.4	980.8		
822.5470	0.6810	982.2	980.4	980.8		
822.6303	0.6752	982.2	980.4	980.7		
822.7136	0.6766	982.3	980.5	980.9		
822.7970	0.6695	982.1	980.3	980.6		
822.8803	0.6744	982.2	980.4	980.7		
822.9636	0.6770	982.2	980.4	980.7		
823.0470	0.6761	982.2	980.4	980.8		
823.1303	0.6757	982.2	980.4	980.7		
823.2136	0.6726	982.3	980.5	980.8		
823.2970	0.6770	982.3	980.4	980.7		
823.3803	0.6704	982.3	980.5	980.8		
823.4636	0.6752	982.2	980.4	980.8		
823.5470	0.6748	982.2	980.4	980.8		
823.6303	0.6735	982.2	980.4	980.8		
823.7136	0.6766	982.2	980.4	980.8		
823.7970	0.6677	982.1	980.3	980.7		
823.8803	0.6726	982.1	980.3	980.7		
823.9636	0.6721	982.2	980.4	980.7		
824.0470	0.6739	982.2	980.4	980.7		
824.1303	0.6708	982.3	980.4	980.8		
824.2136	0.6779	982.3	980.5	980.8		
824.2970	0.6770	982.3	980.4	980.8		
824.3803	0.6713	982.2	980.4	980.7		
824.4636	0.6721	982.2	980.4	980.8		
824.5470	0.6775	982.2	980.4	980.9		
824.6303	0.6784	982.2	980.4	980.8		
824.7136	0.6730	982.2	980.4	980.8		
824.7970	0.6761	982.2	980.4	980.7		
824.8803	0.6801	982.2	980.4	980.7		
824.9636	0.6819	982.2	980.4	980.8		
825.0470	0.6757	982.2	980.4	980.7		
825.1303	0.6757	982.2	980.4	980.8		
825.2136	0.6752	982.2	980.4	980.7		
825.2970	0.6779	982.2	980.4	980.8		
825.3803	0.6735	982.2	980.4	980.8		
825.4636	0.6695	982.2	980.4	980.7		
825.5470	0.6726	982.2	980.4	980.8		
825.6303	0.6713	982.1	980.4	980.7		
825.7136	0.6704	982.3	980.4	980.7		
825.7970	0.6766	982.2	980.4	980.7		
825.8803	0.6761	982.3	980.5	980.9		
825.9636	0.6730	982.2	980.4	980.7		
826.0470	0.6797	982.1	980.4	980.7		
826.1303	0.6761	982.2	980.5	980.8		
826.2136	0.6757	982.3	980.5	980.9		
826.2970	0.6766	982.2	980.5	980.8		
826.3803	0.6784	982.2	980.4	980.8		
826.4636	0.6801	982.2	980.4	980.8		
826.5470	0.6770	982.2	980.4	980.7		
826.6303	0.6779	982.2	980.5	980.8		
826.7136	0.6730	982.3	980.5	980.8		
826.7970	0.6797	982.2	980.3	980.7		
826.8803	0.6775	982.2	980.4	980.7		
826.9636	0.6779	982.3	980.4	980.8		
827.0470	0.6784	982.1	980.4	980.7		
827.1303	0.6713	982.2	980.4	980.7		
827.2136	0.6824	982.3	980.4	980.8		
827.2970	0.6797	982.1	980.4	980.7		
827.3803	0.6752	982.2	980.4	980.7		
827.4636	0.6761	982.1	980.4	980.8		
827.5470	0.6810	982.2	980.4	980.7		
827.6303	0.6744	982.1	980.4	980.7		
827.7136	0.6797	982.2	980.4	980.8		
827.7970	0.6775	982.3	980.4	980.8		
827.8803	0.6748	982.3	980.4	980.7		
827.9636	0.6806	982.2	980.3	980.7		
828.0470	0.6752	982.2	980.4	980.6		
828.1303	0.6806	982.2	980.4	980.7		
828.2136	0.6770	982.1	980.4	980.7		
828.2970	0.6757	982.2	980.3	980.7		
828.3803	0.6699	982.2	980.4	980.8		
828.4636	0.6779	982.3	980.4	980.8		
828.5470	0.6739	982.3	980.4	980.7		
828.6303	0.6855	982.2	980.3	980.6		
828.7136	0.6779	982.2	980.4	980.8		
828.7970	0.6841	982.2	980.4	980.7		
828.8803	0.6757	982.2	980.3	980.7		
828.9636	0.6761	982.1	980.3	980.7		
829.0470	0.6779	982.2	980.4	980.7		
829.1303	0.6810	982.2	980.4	980.8		
829.2136	0.6841	982.2	980.4	980.7		
829.2970	0.6752	982.2	980.4	980.7		
829.3803	0.6788	982.2	980.5	980.7		
829.4636	0.6792	982.2	980.3	980.7		
829.5470	0.6832	982.2	980.4	980.8		
829.6303	0.6810	982.3	980.4	980.8		
829.7136	0.6717	982.3	980.4	980.8		
829.7970	0.6779	982.2	980.4	980.7		
829.8803	0.6735	982.2	980.4	980.7		
829.9636	0.6797	982.2	980.4	980.8		
830.0470	0.6735	982.2	980.4	980.7		
830.1303	0.6855	982.2	980.4	980.8		
830.2136	0.6784	982.3	980.4	980.7		
830.2970	0.6775	982.1	980.4	980.7		
830.3803	0.6775	982.2	980.4	980.7		
830.4636	0.6770	982.2	980.4	980.7		
830.5470	0.6779	982.3	980.5	980.8		
830.6303	0.6775	982.2	980.4	980.7		
830.7136	0.6761	982.2	980.4	980.7		
830.7970	0.6819	982.2	980.4	980.7		
830.8803	0.6801	982.2	980.3	980.7		
830.9636	0.6739	982.2	980.3	980.7		
831.0470	0.6739	982.1	980.4	980.7		
831.1303	0.6779	982.2	980.4	980.7		
831.2136	0.6770	982.3	980.4	980.8		
831.2970	0.6735	982.2	980.4	980.8		
831.3803	0.6810	982.2	980.4	980.7		
831.4636	0.6713	982.1	980.4	980.7		
831.5470	0.6797	982.2	980.4	980.8		
831.6303	0.6788	982.2	980.4	980.7		
831.7136	0.6766	982.2	980.4	980.8		
831.7970	0.6890	982.2	980.4	980.7		
831.8803	0.6770	982.2	980.5	980.7		
831.9636	0.6841	982.2	980.4	980.7		
832.0470	0.6779	982.3	980.4	980.7		
832.1303	0.6779	982.2	980.4	980.8		
832.2136	0.6766	982.2	980.4	980.7		
832.2970	0.6792	982.2	980.4	980.7		
832.3803	0.6855	982.2	980.4	980.8		
832.4636	0.6792	982.2	980.4	980.7		
832.5470	0.6779	982.2	980.4	980.8		
832.6303	0.6819	982.3	980.4	980.8		
832.7136	0.6695	982.2	980.4	980.7		
832.7970	0.6730	982.2	980.4	980.8		
832.8803	0.6752	982.0	980.3	980.6		
832.9636	0.6815	982.3	980.4	980.8		
833.0470	0.6806	982.2	980.3	980.7		
833.1303	0.6881	982.2	980.5	980.8		
833.2136	0.6726	982.2	980.4	980.7		
833.2970	0.6713	982.2	980.4	980.7		
833.3803	0.6819	982.3	980.4	980.8		
833.4636	0.6784	982.2	980.4	980.7		
833.5470	0.6801	982.2	980.4	980.8		
833.6303	0.6779	982.3	980.4	980.8		
833.7136	0.6828	982.2	980.4	980.7		
833.7970	0.6832	982.2	980.4	980.8		
833.8803	0.6779	982.3	980.4	980.8		
833.9636	0.6686	982.3	980.4	980.7		
834.0470	0.6810	982.2	980.4	980.7		
834.1303	0.6752	982.2	980.4	980.7		
834.2136	0.6810	982.2	980.4	980.8		
834.2970	0.6872	982.3	980.4	980.7		
834.3803	0.6837	982.2	980.4	980.8		
834.4636	0.6788	982.2	980.4	980.7		
834.5470	0.6828	982.3	980.4	980.8		
834.6303	0.6739	982.3	980.4	980.7		
834.7136	0.6846	982.2	980.4	980.7		
834.7970	0.6757	982.2	980.4	980.8		
834.8803	0.6752	982.2	980.4	980.7		
834.9636	0.6775	982.2	980.4	980.8		
835.0470	0.6784	982.2	980.4	980.8		
835.1303	0.6784	982.2	980.3	980.7		
835.2136	0.6819	982.3	980.4	980.8		
835.2970	0.6766	982.3	980.5	980.8		
835.3803	0.6735	982.2	980.4	980.7		
835.4636	0.6739	982.2	980.4	980.7		
835.5470	0.6761	982.3	980.5	980.9		
835.6303	0.6788	982.3	980.5	980.8		
835.7136	0.6815	982.3	980.4	980.8		
835.7970	0.6846	982.2	980.4	980.7		
835.8803	0.6775	982.3	980.4	980.7		
835.9636	0.6797	982.3	980.4	980.8		
836.0470	0.6770	982.1	980.3	980.7		
836.1303	0.6810	982.3	980.4	980.8		
836.2136	0.6810	982.3	980.4	980.8		
836.2970	0.6837	982.3	980.4	980.8		
836.3803	0.6739	982.3	980.4	980.8		
836.4636	0.6779	982.3	980.5	980.9		
836.5470	0.6828	982.3	980.5	980.8		
836.6303	0.6784	982.2	980.4	980.8		
836.7136	0.6797	982.2	980.4	980.8		
836.7970	0.6748	982.2	980.4	980.8		
836.8803	0.6837	982.2	980.5	980.8		
836.9636	0.6717	982.2	980.4	980.8		
837.0470	0.6850	982.2	980.3	980.8		
837.1303	0.6815	982.3	980.5	980.8		
837.2136	0.6815	982.3	980.4	980.7		
837.2970	0.6819	982.3	980.5	980.8		
837.3803	0.6779	982.2	980.5	980.8		
837.4636	0.6824	982.3	980.5	980.8		
837.5470	0.6828	982.2	980.4	980.8		
837.6303	0.6806	982.3	980.5	980.9		
837.7136	0.6824	982.2	980.4	980.7		
837.7970	0.6846	982.2	980.4	980.7		
837.8803	0.6801	982.3	980.4	980.8		
837.9636	0.6752	982.2	980.4	980.7		
838.0470	0.6850	982.3	980.5	980.8		
838.1303	0.6850	982.2	980.4	980.7		
838.2136	0.6797	982.3	980.4	980.8		
838.2970	0.6850	982.2	980.4	980.7		
838.3803	0.6872	982.2	980.4	980.8		
838.4636	0.6775	982.2	980.4	980.7		
838.5470	0.6788	982.2	980.4	980.8		
838.6303	0.6784	982.3	980.5	980.9		
838.7136	0.6810	982.2	980.5	980.7		
838.7970	0.6846	982.3	980.5	980.8		
838.8803	0.6766	982.3	980.4	980.8		
838.9636	0.6748	982.3	980.5	980.9		
839.0470	0.6832	982.3	980.4	980.8		
839.1303	0.6881	982.3	980.4	980.8		
839.2136	0.6784	982.2	980.4	980.7		
839.2970	0.6903	982.2	980.4	980.8		
839.3803	0.6757	982.2	980.4	980.7		
839.4636	0.6806	982.2	980.4	980.8		
839.5470	0.6735	982.3	980.4	980.7		
839.6303	0.6739	982.2	980.4	980.7		
839.7136	0.6788	982.2	980.4	980.8		
839.7970	0.6841	982.2	980.4	980.7		
839.8803	0.6841	982.2	980.3	980.7		
839.9636	0.6806	982.2	980.4	980.8		
840.0470	0.6832	982.2	980.4	980.8		
840.1303	0.6832	982.2	980.5	980.8		
840.2136	0.6868	982.2	980.4	980.7		
840.2970	0.6837	982.3	980.5	980.8		
840.3803	0.6863	982.2	980.4	980.8		
840.4636	0.6779	982.3	980.4	980.8		
840.5470	0.6806	982.3	980.4	980.8		
840.6303	0.6815	982.3	980.5	980.9		
840.7136	0.6784	982.3	980.4	980.8		
840.7970	0.6748	982.3	980.4	980.8		
840.8803	0.6797	982.2	980.4	980.7		
840.9636	0.6850	982.2	980.4	980.8		
841.0470	0.6806	982.3	980.5	980.8		
841.1303	0.6757	982.2	980.4	980.8		
841.2136	0.6824	982.2	980.4	980.8		
841.2970	0.6815	982.3	980.4	980.8		
841.3803	0.6859	982.3	980.4	980.7		
841.4636	0.6797	982.2	980.4	980.7		
841.5470	0.6828	982.3	980.4	980.7		
841.6303	0.6877	982.2	980.4	980.7		
841.7136	0.6788	982.3	980.4	980.8		
841.7970	0.6810	982.2	980.4	980.7		
841.8803	0.6877	982.2	980.4	980.8		
841.9636	0.6890	982.3	980.5	980.7		
842.0470	0.6863	982.3	980.5	980.8		
842.1303	0.6859	982.2	980.4	980.8		
842.2136	0.6748	982.3	980.4	980.8		
842.2970	0.6846	982.3	980.5	980.8		
842.3803	0.6757	982.3	980.4	980.7		
842.4636	0.6775	982.1	980.3	980.7		
842.5470	0.6841	982.2	980.4	980.8		
842.6303	0.6801	982.2	980.4	980.7		
842.7136	0.6841	982.3	980.4	980.8		
842.7970	0.6863	982.2	980.4	980.8		
842.8803	0.6815	982.3	980.5	980.8		
842.9636	0.6779	982.2	980.4	980.8		
843.0470	0.6797	982.3	980.5	980.8		
843.1303	0.6806	982.3	980.4	980.7		
843.2136	0.6846	982.3	980.4	980.8		
843.2970	0.6837	982.2	980.5	980.7		
843.3803	0.6770	982.2	980.5	980.8		
843.4636	0.6828	982.3	980.4	980.8		
843.5470	0.6859	982.2	980.4	980.8		
843.6303	0.6815	982.2	980.4	980.8		
843.7136	0.6797	982.3	980.6	980.8		
843.7970	0.6824	982.3	980.4	980.7		
843.8803	0.6850	982.2	980.4	980.7		
843.9636	0.6819	982.2	980.3	980.7		
844.0470	0.6824	982.2	980.4	980.8		
844.1303	0.6792	982.3	980.4	980.8		
844.2136	0.6863	982.3	980.4	980.8		
844.2970	0.6903	982.2	980.3	980.6		
844.3803	0.6779	982.3	980.4	980.7		
844.4636	0.6824	982.2	980.4	980.8		
844.5470	0.6815	982.3	980.4	980.7		
844.6303	0.6788	982.3	980.4	980.7		
844.7136	0.6863	982.2	980.3	980.7		
844.7970	0.6748	982.2	980.4	980.7		
844.8803	0.6797	982.2	980.4	980.7		
844.9636	0.6872	982.2	980.4	980.8		
845.0470	0.6850	982.1	980.4	980.8		
845.1303	0.6832	982.2	980.4	980.8		
845.2136	0.6877	982.3	980.4	980.8		
845.2970	0.6868	982.2	980.4	980.8		
845.3803	0.6863	982.1	980.3	980.7		
845.4636	0.6828	982.3	980.4	980.8		
845.5470	0.6801	982.2	980.3	980.7		
845.6303	0.6841	982.2	980.4	980.7		
845.7136	0.6806	982.2	980.5	980.8		
845.7970	0.6815	982.3	980.5	980.8		
845.8803	0.6806	982.3	980.4	980.8		
845.9636	0.6770	982.3	980.4	980.7		
846.0470	0.6770	982.2	980.4	980.7		
846.1303	0.6819	982.3	980.4	980.8		
846.2136	0.6788	982.2	980.4	980.8		
846.2970	0.6877	982.2	980.4	980.8		
846.3803	0.6841	982.3	980.5	980.9		
846.4636	0.6841	982.2	980.3	980.6		
846.5470	0.6819	982.2	980.4	980.8		
846.6303	0.6837	982.2	980.3	980.6		
846.7136	0.6766	982.2	980.3	980.8		
846.7970	0.6752	982.3	980.5	980.9		
846.8803	0.6775	982.2	980.3	980.7		
846.9636	0.6757	982.2	980.4	980.7		
847.0470	0.6863	982.3	980.4	980.8		
847.1303	0.6872	982.2	980.4	980.8		
847.2136	0.6850	982.1	980.2	980.6		
847.2970	0.6837	982.2	980.4	980.8		
847.3803	0.6863	982.3	980.4	980.8		
847.4636	0.6815	982.3	980.3	980.6		
847.5470	0.6792	982.3	980.4	980.9		
847.6303	0.6846	982.2	980.4	980.8		
847.7136	0.6859	982.2	980.4	980.8		
847.7970	0.6886	982.2	980.4	980.7		
847.8803	0.6846	982.3	980.4	980.7		
847.9636	0.6855	982.2	980.4	980.7		
848.0470	0.6850	982.3	980.5	980.8		
848.1303	0.6792	982.3	980.4	980.8		
848.2136	0.6841	982.3	980.4	980.7		
848.2970	0.6792	982.2	980.4	980.6		
848.3803	0.6881	982.2	980.4	980.8		
848.4636	0.6850	982.2	980.4	980.7		
848.5470	0.6952	982.3	980.5	980.9		
848.6303	0.6770	982.3	980.4	980.8		
848.7136	0.6917	982.3	980.5	980.9		
848.7970	0.6824	982.2	980.4	980.8		
848.8803	0.6846	982.2	980.4	980.7		
848.9636	0.6788	982.2	980.4	980.7		
849.0470	0.6855	982.2	980.4	980.8		
849.1303	0.6810	982.2	980.4	980.7		
849.2136	0.6877	982.3	980.5	980.8		
849.2970	0.6846	982.2	980.4	980.7		
849.3803	0.6779	982.2	980.4	980.8		
849.4636	0.6806	982.3	980.5	980.9		
849.5470	0.6863	982.3	980.4	980.8		
849.6303	0.6810	982.3	980.4	980.8		
849.7136	0.6779	982.2	980.4	980.7		
849.7970	0.6832	982.2	980.4	980.8		
849.8803	0.6917	982.2	980.4	980.7		
849.9636	0.6877	982.2	980.4	980.8		
850.0470	0.6881	982.1	980.3	980.7		
850.1303	0.6863	982.2	980.4	980.9		
850.2136	0.6815	982.2	980.4	980.8		
850.2970	0.6806	982.3	980.4	980.8		
850.3803	0.6859	982.3	980.5	980.8		
850.4636	0.6824	982.2	980.4	980.8		
850.5470	0.6890	982.2	980.4	980.7		
850.6303	0.6846	982.3	980.4	980.7		
850.7136	0.6859	982.2	980.4	980.8		
850.7970	0.6757	982.2	980.4	980.7		
850.8803	0.6881	982.2	980.4	980.7		
850.9636	0.6770	982.3	980.4	980.8		
851.0470	0.6770	982.3	980.5	980.8		
851.1303	0.6899	982.2	980.4	980.6		
851.2136	0.6841	982.3	980.5	980.9		
851.2970	0.6917	982.2	980.4	980.8		
851.3803	0.6828	982.2	980.4	980.7		
851.4636	0.6863	982.2	980.4	980.8		
851.5470	0.6846	982.2	980.4	980.8		
851.6303	0.6850	982.3	980.4	980.8		
851.7136	0.6850	982.2	980.5	980.8		
851.7970	0.6886	982.2	980.4	980.8		
851.8803	0.6846	982.2	980.4	980.8		
851.9636	0.6810	982.2	980.4	980.8		
852.0470	0.6868	982.3	980.4	980.8		
852.1303	0.6908	982.2	980.5	980.8		
852.2137	0.6935	982.2	980.5	980.8		
852.2970	0.6868	982.2	980.5	980.8		
852.3803	0.6850	982.2	980.4	980.8		
852.4637	0.6828	982.3	980.5	980.7		
852.5470	0.6846	982.2	980.4	980.8		
852.6303	0.6850	982.2	980.4	980.8		
852.7137	0.6912	982.3	980.4	980.8		
852.7970	0.6832	982.2	980.4	980.8		
852.8803	0.6770	982.2	980.4	980.7		
852.9637	0.6832	982.3	980.5	980.8		
853.0470	0.6824	982.2	980.4	980.7		
853.1303	0.6828	982.2	980.4	980.7		
853.2137	0.6850	982.2	980.4	980.8		
853.2970	0.6983	982.2	980.4	980.8		
853.3803	0.6828	982.3	980.4	980.8		
853.4637	0.6890	982.2	980.4	980.8		
853.5470	0.6917	982.3	980.4	980.8		
853.6303	0.6806	982.3	980.5	980.8		
853.7137	0.6775	982.2	980.4	980.8		
853.7970	0.6846	982.2	980.4	980.7		
853.8803	0.6903	982.2	980.4	980.8		
853.9637	0.6824	982.2	980.4	980.7		
854.0470	0.6824	982.3	980.4	980.8		
854.1303	0.6863	982.2	980.4	980.7		
854.2137	0.6841	982.2	980.4	980.8		
854.2970	0.6899	982.3	980.4	980.8		
854.3803	0.6824	982.2	980.4	980.8		
854.4637	0.6850	982.3	980.4	980.8		
854.5470	0.6846	982.2	980.5	980.8		
854.6303	0.6855	982.3	980.5	980.8		
854.7137	0.6899	982.2	980.4	980.8		
854.7970	0.6872	982.2	980.4	980.8		
854.8803	0.6908	982.2	980.4	980.8		
854.9637	0.6859	982.3	980.5	980.8		
855.0470	0.6868	982.2	980.5	980.9		
855.1303	0.6890	982.2	980.4	980.7		
855.2137	0.6895	982.3	980.5	980.8		
855.2970	0.6868	982.3	980.4	980.8		
855.3803	0.6850	982.2	980.4	980.8		
855.4637	0.6815	982.3	980.5	980.8		
855.5470	0.6943	982.2	980.4	980.8		
855.6303	0.6877	982.2	980.4	980.8		
855.7137	0.6895	982.2	980.5	980.8		
855.7970	0.6806	982.2	980.4	980.8		
855.8803	0.6828	982.1	980.4	980.7		
855.9637	0.6886	982.2	980.4	980.8		
856.0470	0.6850	982.2	980.4	980.8		
856.1303	0.6855	982.2	980.4	980.7		
856.2137	0.6886	982.2	980.4	980.8		
856.2970	0.6855	982.2	980.4	980.8		
856.3803	0.6859	982.2	980.5	980.8		
856.4637	0.6872	982.2	980.4	980.8		
856.5470	0.6859	982.3	980.5	980.8		
856.6303	0.6819	982.2	980.4	980.7		
856.7137	0.6895	982.2	980.4	980.8		
856.7970	0.6841	982.3	980.5	980.9		
856.8803	0.6899	982.3	980.5	980.8		
856.9637	0.6872	982.3	980.4	980.8		
857.0470	0.6903	982.2	980.4	980.7		
857.1303	0.6824	982.2	980.4	980.7		
857.2137	0.6837	982.3	980.5	980.9		
857.2970	0.6850	982.2	980.4	980.7		
857.3803	0.6886	982.3	980.5	980.8		
857.4637	0.6903	982.2	980.4	980.8		
857.5470	0.6899	982.2	980.5	980.8		
857.6303	0.6863	982.2	980.4	980.8		
857.7137	0.6819	982.2	980.4	980.7		
857.7970	0.6872	982.2	980.5	980.9		
857.8803	0.6899	982.2	980.5	980.8		
857.9637	0.6890	982.1	980.4	980.8		
858.0470	0.6952	982.2	980.5	980.7		
858.1303	0.6863	982.3	980.5	980.7		
858.2137	0.6886	982.2	980.4	980.8		
858.2970	0.6948	982.3	980.5	980.8		
858.3803	0.6921	982.3	980.5	980.8		
858.4637	0.6863	982.2	980.4	980.8		
858.5470	0.6863	982.3	980.4	980.8		
858.6303	0.6784	982.3	980.6	980.9		
858.7137	0.6886	982.2	980.5	980.7		
858.7970	0.6846	982.2	980.4	980.7		
858.8803	0.6935	982.3	980.4	980.7		
858.9637	0.6806	982.3	980.5	980.9		
859.0470	0.6890	982.2	980.4	980.7		
859.1303	0.6908	982.2	980.4	980.8		
859.2137	0.6917	982.1	980.4	980.8		
859.2970	0.6841	982.3	980.5	980.9		
859.3803	0.6921	982.3	980.5	980.8		
859.4637	0.6917	982.2	980.5	980.8		
859.5470	0.6877	982.3	980.5	980.8		
859.6303	0.6935	982.2	980.4	980.8		
859.7137	0.6921	982.3	980.4	980.8		
859.7970	0.6863	982.3	980.5	980.7		
859.8803	0.6837	982.2	980.4	980.8		
859.9637	0.6868	982.2	980.4	980.7		
860.0470	0.6890	982.3	980.5	980.8		
860.1303	0.6890	982.3	980.5	980.8		
860.2137	0.6890	982.3	980.4	980.8		
860.2970	0.6828	982.2	980.4	980.8		
860.3803	0.6903	982.2	980.5	980.8		
860.4637	0.6886	982.2	980.5	980.9		
860.5470	0.6806	982.2	980.5	980.8		
860.6303	0.6832	982.3	980.5	980.7		
860.7137	0.6837	982.3	980.5	980.8		
860.7970	0.6886	982.3	980.5	980.8		
860.8803	0.6895	982.2	980.4	980.8		
860.9637	0.6846	982.1	980.3	980.7		
861.0470	0.6819	982.2	980.4	980.8		
861.1303	0.6930	982.2	980.4	980.8		
861.2137	0.6903	982.2	980.4	980.7		
861.2970	0.6948	982.3	980.4	980.8		
861.3803	0.6930	982.2	980.5	980.9		
861.4637	0.6992	982.3	980.4	980.8		
861.5470	0.6935	982.2	980.4	980.7		
861.6303	0.6908	982.3	980.4	980.8		
861.7137	0.6886	982.3	980.5	980.9		
861.7970	0.6912	982.2	980.4	980.8		
861.8803	0.6908	982.2	980.4	980.8		
861.9637	0.6930	982.3	980.4	980.8		
862.0470	0.6863	982.3	980.4	980.8		
862.1303	0.6828	982.2	980.4	980.8		
862.2137	0.6939	982.3	980.5	980.8		
862.2970	0.6863	982.2	980.4	980.8		
862.3803	0.6921	982.1	980.4	980.8		
862.4637	0.6912	982.2	980.3	980.7		
862.5470	0.6895	982.3	980.4	980.8		
862.6303	0.6903	982.3	980.5	980.8		
862.7137	0.6877	982.3	980.5	980.9		
862.7970	0.6908	982.4	980.4	980.8		
862.8803	0.6903	982.2	980.4	980.7		
862.9637	0.6943	982.2	980.4	980.8		
863.0470	0.7019	982.3	980.4	980.8		
863.1303	0.6868	982.2	980.4	980.8		
863.2137	0.6899	982.2	980.4	980.8		
863.2970	0.6895	982.3	980.5	980.8		
863.3803	0.6846	982.3	980.4	980.8		
863.4637	0.6850	982.2	980.5	980.8		
863.5470	0.7050	982.2	980.5	980.8		
863.6303	0.6890	982.3	980.5	980.8		
863.7137	0.6988	982.2	980.4	980.8		
863.7970	0.7023	982.2	980.4	980.8		
863.8803	0.6926	982.3	980.5	980.7		
863.9637	0.6895	982.2	980.5	980.9		
864.0470	0.6917	982.3	980.5	980.9		
864.1303	0.6930	982.4	980.5	980.9		
864.2137	0.6912	982.3	980.5	980.7		
864.2970	0.6917	982.3	980.5	980.8		
864.3803	0.6939	982.1	980.5	980.8		
864.4637	0.6939	982.3	980.4	980.8		
864.5470	0.6868	982.2	980.4	980.8		
864.6303	0.6926	982.4	980.5	980.9		
864.7137	0.6988	982.3	980.5	980.9		
864.7970	0.6890	982.1	980.4	980.7		
864.8803	0.6943	982.2	980.4	980.8		
864.9637	0.6930	982.3	980.4	980.9		
865.0470	0.6983	982.3	980.4	980.9		
865.1303	0.6966	982.3	980.4	980.8		
865.2137	0.6957	982.2	980.4	980.8		
865.2970	0.6886	982.3	980.4	980.8		
865.3803	0.6939	982.3	980.5	980.9		
865.4637	0.6868	982.2	980.5	980.8		
865.5470	0.6908	982.2	980.4	980.8		
865.6303	0.6939	982.2	980.5	980.8		
865.7137	0.6948	982.3	980.4	980.8		
865.7970	0.6952	982.2	980.4	980.8		
865.8803	0.6970	982.2	980.4	980.7		
865.9637	0.6957	982.3	980.4	980.8		
866.0470	0.6997	982.2	980.3	980.7		
866.1303	0.6974	982.2	980.4	980.8		
866.2137	0.6943	982.3	980.5	980.9		
866.2970	0.6983	982.3	980.5	980.8		
866.3803	0.7001	982.2	980.4	980.8		
866.4637	0.7050	982.2	980.4	980.8		
866.5470	0.7014	982.2	980.5	980.8		
866.6303	0.6997	982.2	980.4	980.8		
866.7137	0.6939	982.2	980.4	980.9		
866.7970	0.6935	982.3	980.4	980.7		
866.8803	0.6917	982.3	980.5	980.8		
866.9637	0.6979	982.3	980.5	980.8		
867.0470	0.7001	982.2	980.4	980.8		
867.1303	0.6930	982.3	980.4	980.8		
867.2137	0.6939	982.3	980.4	980.8		
867.2970	0.6935	982.2	980.5	980.9		
867.3803	0.6961	982.2	980.4	980.8		
867.4637	0.6930	982.3	980.4	980.9		
867.5470	0.6886	982.2	980.4	980.7		
867.6303	0.6899	982.2	980.4	980.7		
867.7137	0.6948	982.3	980.4	980.8		
867.7970	0.6966	982.2	980.5	980.8		
867.8803	0.6921	982.2	980.4	980.8		
867.9637	0.6952	982.3	980.4	980.8		
868.0470	0.6988	982.3	980.4	980.8		
868.1303	0.6930	982.3	980.4	980.8		
868.2137	0.6908	982.2	980.4	980.7		
868.2970	0.6961	982.3	980.4	980.8		
868.3803	0.6961	982.2	980.4	980.8		
868.4637	0.6961	982.3	980.5	980.8		
868.5470	0.6966	982.2	980.4	980.8		
868.6303	0.7019	982.3	980.5	980.9		
868.7137	0.6908	982.2	980.5	980.7		
868.7970	0.6974	982.2	980.4	980.8		
868.8803	0.6943	982.3	980.4	980.8		
868.9637	0.7006	982.2	980.4	980.8		
869.0470	0.7041	982.3	980.4	980.8		
869.1303	0.6961	982.3	980.4	980.8		
869.2137	0.6961	982.3	980.5	980.8		
869.2970	0.7019	982.3	980.4	980.8		
869.3803	0.6966	982.2	980.4	980.8		
869.4637	0.7032	982.3	980.5	980.8		
869.5470	0.7014	982.3	980.5	980.9		
869.6303	0.6992	982.3	980.5	980.8		
869.7137	0.6979	982.2	980.4	980.8		
869.7970	0.6935	982.3	980.4	980.7		
869.8803	0.6917	982.2	980.4	980.8		
869.9637	0.6983	982.3	980.5	980.8		
870.0470	0.6997	982.2	980.4	980.8		
870.1303	0.6992	982.2	980.4	980.8		
870.2137	0.7028	982.3	980.5	980.8		
870.2970	0.6966	982.2	980.4	980.8		
870.3803	0.6983	982.2	980.4	980.8		
870.4637	0.7032	982.2	980.4	980.8		
870.5470	0.6979	982.2	980.4	980.8		
870.6303	0.6988	982.2	980.4	980.7		
870.7137	0.6957	982.3	980.4	980.7		
870.7970	0.6948	982.3	980.5	980.9		
870.8803	0.6983	982.3	980.4	980.7		
870.9637	0.7006	982.3	980.5	980.9		
871.0470	0.7046	982.2	980.4	980.8		
871.1303	0.6961	982.2	980.5	980.9		
871.2137	0.7019	982.3	980.4	980.8		
871.2970	0.7072	982.3	980.4	980.8		
871.3803	0.7041	982.2	980.4	980.7		
871.4637	0.6903	982.2	980.4	980.8		
871.5470	0.7037	982.2	980.4	980.8		
871.6303	0.6992	982.2	980.4	980.8		
871.7137	0.6966	982.3	980.5	980.8		
871.7970	0.7010	982.2	980.5	980.8		
871.8803	0.7072	982.3	980.5	980.8		
871.9637	0.7019	982.3	980.5	980.8		
872.0470	0.7014	982.2	980.4	980.8		
872.1303	0.7010	982.2	980.4	980.7		
872.2137	0.6970	982.2	980.4	980.7		
872.2970	0.7001	982.1	980.4	980.8		
872.3803	0.7063	982.2	980.4	980.8		
872.4637	0.6992	982.2	980.5	980.8		
872.5470	0.7001	982.2	980.4	980.8		
872.6303	0.6992	982.3	980.5	980.8		
872.7137	0.7001	982.2	980.5	980.7		
872.7970	0.6952	982.2	980.4	980.8		
872.8803	0.6979	982.1	980.4	980.8		
872.9637	0.7090	982.2	980.4	980.8		
873.0470	0.7050	982.2	980.4	980.8		
873.1303	0.6943	982.2	980.4	980.7		
873.2137	0.7054	982.3	980.5	980.9		
873.2970	0.7001	982.3	980.4	980.8		
873.3803	0.7037	982.3	980.5	980.8		
873.4637	0.6992	982.2	980.4	980.8		
873.5470	0.7050	982.2	980.4	980.8		
873.6303	0.7037	982.3	980.4	980.8		
873.7137	0.7117	982.2	980.5	980.9		
873.7970	0.6957	982.4	980.5	980.8		
873.8803	0.6952	982.1	980.4	980.7		
873.9637	0.7019	982.3	980.5	980.8		
874.0470	0.7037	982.2	980.4	980.8		
874.1303	0.7059	982.2	980.5	980.8		
874.2137	0.7037	982.3	980.5	980.9		
874.2970	0.6939	982.2	980.5	980.8		
874.3803	0.6957	982.3	980.4	980.8		
874.4637	0.6957	982.3	980.5	980.8		
874.5470	0.7010	982.4	980.5	980.8		
874.6303	0.7032	982.2	980.5	980.8		
874.7137	0.6983	982.2	980.4	980.8		
874.7970	0.6961	982.2	980.4	980.8		
874.8803	0.7010	982.2	980.3	980.7		
874.9637	0.7028	982.3	980.5	980.9		
875.0470	0.7094	982.2	980.4	980.8		
875.1303	0.7072	982.2	980.4	980.8		
875.2137	0.7077	982.3	980.5	980.9		
875.2970	0.6983	982.3	980.4	980.9		
875.3803	0.7063	982.2	980.5	980.8		
875.4637	0.7037	982.3	980.5	980.8		
875.5470	0.7028	982.3	980.4	980.8		
875.6303	0.6966	982.3	980.5	980.8		
875.7137	0.7099	982.3	980.4	980.8		
875.7970	0.7063	982.2	980.4	980.8		
875.8803	0.7112	982.3	980.5	980.9		
875.9637	0.7068	982.2	980.5	980.8		
876.0470	0.6979	982.3	980.5	980.8		
876.1303	0.7059	982.3	980.4	980.8		
876.2137	0.7032	982.3	980.4	980.9		
876.2970	0.7090	982.3	980.5	980.8		
876.3803	0.7072	982.2	980.4	980.7		
876.4637	0.7019	982.3	980.4	980.8		
876.5470	0.7090	982.2	980.4	980.8		
876.6303	0.7032	982.3	980.5	980.8		
876.7137	0.6997	982.3	980.5	980.8		
876.7970	0.7046	982.3	980.4	980.8		
876.8803	0.6979	982.2	980.5	980.8		
876.9637	0.7006	982.3	980.5	980.8		
877.0470	0.7037	982.3	980.4	980.8		
877.1303	0.7059	982.2	980.4	980.7		
877.2137	0.7037	982.3	980.5	980.8		
877.2970	0.7019	982.3	980.5	980.9		
877.3803	0.6992	982.2	980.4	980.8		
877.4637	0.7134	982.2	980.4	980.8		
877.5470	0.7077	982.3	980.4	980.8		
877.6303	0.7046	982.2	980.5	980.8		
877.7137	0.7019	982.2	980.4	980.8		
877.7970	0.6974	982.2	980.5	980.9		
877.8803	0.7152	982.3	980.5	980.8		
877.9637	0.7028	982.2	980.4	980.7		
878.0470	0.7068	982.2	980.5	980.8		
878.1303	0.7063	982.3	980.4	980.8		
878.2137	0.7014	982.2	980.5	980.8		
878.2970	0.7050	982.2	980.5	980.8		
878.3803	0.7059	982.3	980.4	980.8		
878.4637	0.7041	982.2	980.4	980.8		
878.5470	0.7019	982.2	980.4	980.8		
878.6303	0.6966	982.4	980.5	980.8		
878.7137	0.7050	982.3	980.5	980.8		
878.7970	0.7068	982.2	980.4	980.7		
878.8803	0.7103	982.2	980.4	980.8		
878.9637	0.6997	982.3	980.5	980.8		
879.0470	0.7068	982.2	980.4	980.9		
879.1303	0.7063	982.3	980.4	980.8		
879.2137	0.6992	982.3	980.5	980.8		
879.2970	0.7063	982.3	980.5	980.8		
879.3803	0.7054	982.3	980.4	980.8		
879.4637	0.7063	982.3	980.5	980.8		
879.5470	0.7041	982.2	980.5	980.8		
879.6303	0.7037	982.2	980.4	980.8		
879.7137	0.7046	982.2	980.4	980.7		
879.7970	0.7090	982.3	980.4	980.8		
879.8803	0.7183	982.3	980.5	980.8		
879.9637	0.7054	982.2	980.5	980.8		
880.0470	0.7068	982.2	980.4	980.8		
880.1303	0.7059	982.2	980.5	980.8		
880.2137	0.7112	982.2	980.4	980.8		
880.2970	0.7028	982.2	980.5	980.9		
880.3803	0.7103	982.3	980.4	980.8		
880.4637	0.7041	982.3	980.4	980.8		
880.5470	0.7037	982.2	980.4	980.8		
880.6303	0.7081	982.3	980.4	980.8		
880.7137	0.7117	982.2	980.5	980.8		
880.7970	0.7117	982.2	980.4	980.8		
880.8803	0.7068	982.2	980.4	980.8		
880.9637	0.7094	982.2	980.5	980.8		
881.0470	0.7103	982.3	980.5	980.8		
881.1303	0.7032	982.3	980.5	980.8		
881.2137	0.7037	982.2	980.4	980.8		
881.2970	0.7041	982.3	980.5	980.8		
881.3803	0.7134	982.3	980.5	980.8		
881.4637	0.7077	982.2	980.4	980.8		
881.5470	0.7108	982.2	980.5	980.8		
881.6303	0.7139	982.3	980.5	980.8		
881.7137	0.7032	982.2	980.5	980.8		
881.7970	0.7112	982.3	980.5	980.8		
881.8803	0.7041	982.2	980.4	980.8		
881.9637	0.7050	982.2	980.4	980.7		
882.0470	0.7108	982.3	980.4	980.8		
882.1303	0.7121	982.2	980.4	980.8		
882.2137	0.7063	982.3	980.5	980.8		
882.2970	0.7072	982.3	980.4	980.8		
882.3803	0.7170	982.2	980.4	980.8		
882.4637	0.7121	982.2	980.4	980.8		
882.5470	0.7041	982.2	980.5	980.7		
882.6303	0.7023	982.2	980.5	980.8		
882.7137	0.7068	982.2	980.4	980.8		
882.7970	0.7072	982.1	980.4	980.8		
882.8803	0.7054	982.3	980.5	980.8		
882.9637	0.7059	982.2	980.4	980.7		
883.0470	0.7023	982.2	980.4	980.8		
883.1303	0.7050	982.3	980.4	980.7		
883.2137	0.7081	982.2	980.4	980.8		
883.2970	0.7063	982.2	980.5	980.8		
883.3803	0.7028	982.2	980.4	980.8		
883.4637	0.7139	982.2	980.4	980.8		
883.5470	0.7148	982.2	980.5	980.9		
883.6303	0.7077	982.3	980.5	980.9		
883.7137	0.7077	982.2	980.4	980.8		
883.7970	0.7041	982.3	980.4	980.8		
883.8803	0.7085	982.3	980.4	980.7		
883.9637	0.7090	982.3	980.4	980.8		
884.0470	0.7121	982.2	980.4	980.8		
884.1303	0.7130	982.2	980.5	980.9		
884.2137	0.7156	982.3	980.5	980.9		
884.2970	0.7130	982.2	980.5	980.8		
884.3803	0.7108	982.2	980.5	980.9		
884.4637	0.7130	982.2	980.5	980.9		
884.5470	0.7041	982.3	980.5	980.9		
884.6303	0.7188	982.3	980.5	981.0		
884.7137	0.7068	982.3	980.4	980.8		
884.7970	0.7072	982.3	980.4	980.7		
884.8803	0.7099	982.3	980.4	980.8		
884.9637	0.7050	982.3	980.5	980.7		
885.0470	0.7041	982.3	980.5	980.9		
885.1303	0.7085	982.2	980.4	980.7		
885.2137	0.7121	982.3	980.4	980.8		
885.2970	0.7081	982.3	980.5	980.8		
885.3803	0.7174	982.3	980.5	980.9		
885.4637	0.7099	982.3	980.4	980.8		
885.5470	0.7103	982.2	980.4	980.9		
885.6303	0.7068	982.2	980.5	980.8		
885.7137	0.7117	982.3	980.5	980.9		
885.7970	0.7094	982.3	980.5	980.9		
885.8803	0.7130	982.2	980.5	980.8		
885.9637	0.7108	982.2	980.4	980.7		
886.0470	0.7068	982.3	980.5	980.8		
886.1303	0.7094	982.2	980.5	980.8		
886.2137	0.7134	982.3	980.5	980.8		
886.2970	0.7085	982.3	980.5	980.8		
886.3803	0.7121	982.3	980.5	980.9		
886.4637	0.7117	982.3	980.5	980.9		
886.5470	0.7117	982.2	980.5	980.9		
886.6303	0.7077	982.3	980.5	980.9		
886.7137	0.7072	982.3	980.6	981.0		
886.7970	0.7161	982.3	980.5	980.8		
886.8803	0.7143	982.3	980.5	980.9		
886.9637	0.7143	982.3	980.6	980.9		
887.0470	0.7179	982.2	980.5	980.9		
887.1303	0.7130	982.2	980.4	980.8		
887.2137	0.7077	982.3	980.5	980.9		
887.2970	0.7183	982.3	980.5	980.8		
887.3803	0.7112	982.3	980.5	980.9		
887.4637	0.7148	982.3	980.5	980.8		
887.5470	0.7090	982.3	980.5	980.9		
887.6303	0.7121	982.3	980.5	980.9		
887.7137	0.7125	982.3	980.5	980.8		
887.7970	0.7108	982.3	980.5	980.9		
887.8803	0.7117	982.2	980.5	980.8		
887.9637	0.7148	982.3	980.5	980.9		
888.0470	0.7063	982.4	980.7	981.2		
888.1303	0.7174	982.3	980.4	980.7		
888.2137	0.7148	982.4	980.9	981.3		
888.2970	0.7134	982.3	980.5	980.8		
888.3803	0.7179	982.3	980.5	980.8		
888.4637	0.7125	982.3	980.6	980.8		
888.5470	0.7156	982.3	980.5	980.8		
888.6303	0.7112	982.3	980.5	980.8		
888.7137	0.7068	982.3	980.5	980.9		
888.7970	0.7143	982.3	980.5	980.9		
888.8803	0.7143	982.3	980.5	980.8		
888.9637	0.7050	982.3	980.5	980.9		
889.0470	0.7165	982.2	980.5	980.9		
889.1303	0.7117	982.3	980.5	980.8		
889.2137	0.7112	982.3	980.5	980.8		
889.2970	0.7117	982.2	980.5	980.8		
889.3803	0.7125	982.3	980.5	980.8		
889.4637	0.7090	982.2	980.4	980.8		
889.5470	0.7068	982.2	980.5	980.9		
889.6303	0.7165	982.3	980.5	981.0		
889.7137	0.7103	982.3	980.5	980.9		
889.7970	0.7125	982.3	980.5	980.9		
889.8803	0.7179	982.3	980.5	980.9		
889.9637	0.7148	982.2	980.4	980.9		
890.0470	0.7125	982.3	980.5	980.8		
890.1303	0.7143	982.3	980.5	980.9		
890.2137	0.7068	982.3	980.5	980.9		
890.2970	0.7156	982.3	980.5	980.9		
890.3803	0.7130	982.3	980.5	980.9		
890.4637	0.7094	982.3	980.5	980.9		
890.5470	0.7148	982.3	980.5	980.9		
890.6303	0.7134	982.3	980.6	980.9		
890.7137	0.7210	982.3	980.5	980.8		
890.7970	0.7077	982.3	980.5	980.8		
890.8803	0.7148	982.2	980.4	980.8		
890.9637	0.7143	982.3	980.5	980.8		
891.0470	0.7094	982.3	980.5	980.8		
891.1303	0.7099	982.4	980.6	981.0		
891.2137	0.7156	982.3	980.5	980.8		
891.2970	0.7072	982.3	980.5	980.9		
891.3803	0.7077	982.3	980.5	980.9		
891.4637	0.7170	982.3	980.5	980.8		
891.5470	0.7121	982.3	980.5	980.8		
891.6303	0.7112	982.3	980.5	980.9		
891.7137	0.7117	982.3	980.5	980.8		
891.7970	0.7165	982.3	980.5	980.9		
891.8803	0.7161	982.4	980.6	981.0		
891.9637	0.7090	982.3	980.5	980.9		
892.0470	0.7117	982.3	980.5	980.9		
892.1303	0.7134	982.3	980.5	980.9		
892.2137	0.7108	982.3	980.5	980.8		
892.2970	0.7188	982.4	980.5	980.9		
892.3803	0.7165	982.2	980.5	980.8		
892.4637	0.7148	982.4	980.5	980.9		
892.5470	0.7174	982.3	980.5	980.9		
892.6303	0.7219	982.3	980.5	980.8		
892.7137	0.7183	982.2	980.4	980.8		
892.7970	0.7117	982.4	980.5	980.9		
892.8803	0.7094	982.3	980.5	980.8		
892.9637	0.7094	982.2	980.4	980.8		
893.0470	0.7081	982.2	980.5	980.8		
893.1303	0.7210	982.2	980.4	980.8		
893.2137	0.7117	982.2	980.5	980.8		
893.2970	0.7121	982.3	980.5	980.9		
893.3803	0.7210	982.3	980.5	981.0		
893.4637	0.7188	982.3	980.5	980.9		
893.5470	0.7174	982.3	980.5	980.8		
893.6303	0.7214	982.3	980.5	980.8		
893.7137	0.7170	982.2	980.5	980.9		
893.7970	0.7125	982.3	980.5	980.8		
893.8803	0.7121	982.3	980.6	980.9		
893.9637	0.7077	982.3	980.5	980.9		
894.0470	0.7152	982.2	980.5	980.8		
894.1303	0.7179	982.4	980.5	981.0		
894.2137	0.7192	982.3	980.5	980.9		
894.2970	0.7161	982.3	980.5	980.8		
894.3803	0.7099	982.3	980.6	980.8		
894.4637	0.7174	982.2	980.5	980.8		
894.5470	0.7094	982.3	980.5	980.8		
894.6303	0.7125	982.3	980.5	980.9		
894.7137	0.7134	982.3	980.5	980.9		
894.7970	0.7050	982.2	980.5	980.8		
894.8803	0.7090	982.2	980.4	980.9		
894.9637	0.7059	982.3	980.5	980.8		
895.0470	0.7094	982.4	980.5	980.8		
895.1303	0.7125	982.3	980.5	980.8		
895.2137	0.7085	982.3	980.5	980.9		
895.2970	0.7210	982.3	980.5	980.8		
895.3803	0.7183	982.3	980.5	980.9		
895.4637	0.7170	982.3	980.5	980.9		
895.5470	0.7179	982.3	980.5	980.8		
895.6303	0.7077	982.2	980.4	980.8		
895.7137	0.7174	982.3	980.5	980.8		
895.7970	0.7094	982.3	980.4	980.8		
895.8803	0.7108	982.3	980.5	980.9		
895.9637	0.7125	982.3	980.5	980.9		
896.0470	0.7130	982.2	980.5	980.9		
896.1303	0.7192	982.3	980.6	980.9		
896.2137	0.7125	982.3	980.4	980.7		
896.2970	0.7134	982.3	980.5	980.9		
896.3803	0.7099	982.3	980.5	980.9		
896.4637	0.7134	982.3	980.5	980.9		
896.5470	0.7143	982.3	980.6	980.9		
896.6303	0.7267	982.3	980.5	981.0		
896.7137	0.7192	982.2	980.4	980.8		
896.7970	0.7179	982.3	980.5	980.8		
896.8803	0.7228	982.4	980.5	980.9		
896.9637	0.7108	982.3	980.4	980.6		
897.0470	0.7192	982.3	980.5	980.8		
897.1303	0.7183	982.3	980.5	980.9		
897.2137	0.7099	982.3	980.5	980.9		
897.2970	0.7130	982.2	980.4	980.8		
897.3803	0.7121	982.2	980.4	980.8		
897.4637	0.7121	982.3	980.4	980.8		
897.5470	0.7179	982.3	980.4	980.7		
897.6303	0.7183	982.3	980.5	980.9		
897.7137	0.7148	982.3	980.5	980.9		
897.7970	0.7236	982.3	980.4	980.8		
897.8803	0.7148	982.3	980.4	980.7		
897.9637	0.7156	982.3	980.5	980.8		
898.0470	0.7192	982.3	980.4	980.7		
898.1303	0.7245	982.3	980.5	980.8		
898.2137	0.7156	982.3	980.5	980.8		
898.2970	0.7139	982.2	980.4	980.8		
898.3803	0.7183	982.4	980.6	981.0		
898.4637	0.7174	982.3	980.5	980.9		
898.5470	0.7170	982.2	980.5	980.8		
898.6303	0.7183	982.3	980.5	980.8		
898.7137	0.7161	982.2	980.5	980.8		
898.7970	0.7121	982.2	980.4	980.8		
898.8803	0.7276	982.3	980.5	980.9		
898.9637	0.7232	982.3	980.5	980.8		
899.0470	0.7188	982.2	980.5	980.8		
899.1303	0.7139	982.3	980.5	980.9		
899.2137	0.7205	982.3	980.5	980.8		
899.2970	0.7165	982.2	980.4	980.8		
899.3803	0.7183	982.3	980.5	980.8		
899.4637	0.7125	982.2	980.4	980.8		
899.5470	0.7179	982.3	980.4	980.8		
899.6303	0.7188	982.3	980.5	980.8		
899.7137	0.7156	982.3	980.4	980.8		
899.7970	0.7192	982.2	980.5	980.8		
899.8803	0.7152	982.3	980.5	980.8		
899.9637	0.7103	982.2	980.5	980.8		
900.0470	0.7139	982.3	980.5	980.9		
900.1303	0.7165	982.3	980.4	980.8		
900.2137	0.7223	982.2	980.4	980.7		
900.2970	0.7174	982.3	980.4	980.8		
900.3803	0.7254	982.3	980.5	980.7		
900.4637	0.7161	982.4	980.5	981.0		
900.5470	0.7112	982.2	980.5	980.8		
900.6303	0.7188	982.2	980.4	980.7		
900.7137	0.7183	982.3	980.5	980.8		
900.7970	0.7192	982.3	980.5	980.8		
900.8803	0.7148	982.2	980.4	980.8		
900.9637	0.7179	982.3	980.5	980.9		
901.0470	0.7219	982.3	980.5	980.8		
901.1303	0.7179	982.2	980.4	980.8		
901.2137	0.7125	982.3	980.4	980.8		
901.2970	0.7201	982.3	980.5	980.9		
901.3803	0.7245	982.2	980.4	980.8		
901.4637	0.7241	982.3	980.6	980.9		
901.5470	0.7205	982.3	980.5	980.8		
901.6303	0.7130	982.3	980.5	980.9		
901.7137	0.7192	982.3	980.5	980.8		
901.7970	0.7223	982.3	980.5	980.8		
901.8803	0.7228	982.3	980.4	980.8		
901.9637	0.7156	982.2	980.5	980.9		
902.0470	0.7174	982.2	980.5	980.9		
902.1303	0.7219	982.3	980.4	980.8		
902.2137	0.7148	982.3	980.5	980.9		
902.2970	0.7196	982.3	980.5	980.9		
902.3803	0.7259	982.2	980.5	980.8		
902.4637	0.7179	982.3	980.5	980.8		
902.5470	0.7183	982.3	980.5	980.8		
902.6303	0.7192	982.3	980.4	980.8		
902.7137	0.7263	982.3	980.4	980.8		
902.7970	0.7188	982.2	980.5	980.8		
902.8803	0.7143	982.2	980.4	980.8		
902.9637	0.7219	982.3	980.5	980.8		
903.0470	0.7228	982.3	980.5	980.9		
903.1303	0.7205	982.2	980.5	980.8		
903.2137	0.7245	982.2	980.5	980.8		
903.2970	0.7188	982.3	980.5	980.8		
903.3803	0.7139	982.3	980.5	980.8		
903.4637	0.7094	982.3	980.5	980.8		
903.5470	0.7254	982.3	980.5	980.9		
903.6303	0.7241	982.3	980.5	980.8		
903.7137	0.7170	982.2	980.4	980.8		
903.7970	0.7219	982.3	980.4	980.8		
903.8803	0.7276	982.3	980.5	980.8		
903.9637	0.7219	982.3	980.5	980.7		
904.0470	0.7210	982.2	980.4	980.8		
904.1303	0.7170	982.2	980.5	980.8		
904.2137	0.7121	982.3	980.5	980.8		
904.2970	0.7179	982.3	980.5	980.9		
904.3803	0.7276	982.3	980.5	980.8		
904.4637	0.7192	982.2	980.5	980.9		
904.5470	0.7188	982.3	980.5	980.8		
904.6303	0.7192	982.2	980.5	980.9		
904.7137	0.7179	982.3	980.4	980.8		
904.7970	0.7232	982.3	980.5	980.8		
904.8803	0.7272	982.3	980.5	980.8		
904.9637	0.7210	982.2	980.4	980.8		
905.0470	0.7148	982.2	980.5	980.8		
905.1303	0.7170	982.3	980.5	980.8		
905.2137	0.7228	982.3	980.5	980.8		
905.2970	0.7276	982.3	980.5	980.8		
905.3803	0.7254	982.3	980.5	980.9		
905.4637	0.7201	982.3	980.4	980.8		
905.5470	0.7210	982.3	980.5	980.8		
905.6303	0.7299	982.2	980.5	980.8		
905.7137	0.7228	982.3	980.5	980.8		
905.7970	0.7219	982.2	980.4	980.7		
905.8803	0.7232	982.2	980.5	980.7		
905.9637	0.7210	982.3	980.6	981.0		
906.0470	0.7267	982.2	980.4	980.8		
906.1303	0.7276	982.3	980.5	980.8		
906.2137	0.7267	982.3	980.5	980.8		
906.2970	0.7232	982.3	980.5	980.9		
906.3803	0.7196	982.3	980.5	980.8		
906.4637	0.7241	982.2	980.4	980.7		
906.5470	0.7254	982.3	980.4	980.8		
906.6303	0.7228	982.3	980.5	980.8		
906.7137	0.7196	982.3	980.4	980.8		
906.7970	0.7245	982.3	980.5	980.8		
906.8803	0.7183	982.2	980.4	980.8		
906.9637	0.7156	982.2	980.4	980.8		
907.0470	0.7188	982.1	980.4	980.8		
907.1303	0.7214	982.2	980.5	980.8		
907.2137	0.7254	982.3	980.4	980.8		
907.2970	0.7232	982.3	980.5	980.8		
907.3803	0.7241	982.3	980.5	980.8		
907.4637	0.7232	982.2	980.4	980.7		
907.5470	0.7192	982.2	980.5	980.8		
907.6303	0.7174	982.2	980.4	980.7		
907.7137	0.7245	982.3	980.5	980.8		
907.7970	0.7170	982.2	980.4	980.8		
907.8803	0.7210	982.3	980.5	980.8		
907.9637	0.7210	982.2	980.5	980.8		
908.0470	0.7294	982.3	980.5	980.9		
908.1303	0.7188	982.3	980.5	980.9		
908.2137	0.7241	982.2	980.4	980.8		
908.2970	0.7299	982.2	980.4	980.8		
908.3803	0.7236	982.2	980.4	980.7		
908.4637	0.7352	982.3	980.5	980.8		
908.5470	0.7188	982.3	980.4	980.8		
908.6303	0.7254	982.2	980.4	980.8		
908.7137	0.7250	982.3	980.4	980.9		
908.7970	0.7285	982.2	980.5	980.8		
908.8803	0.7143	982.3	980.4	980.8		
908.9637	0.7312	982.3	980.5	980.7		
909.0470	0.7205	982.2	980.4	980.7		
909.1303	0.7276	982.3	980.5	980.8		
909.2137	0.7228	982.2	980.4	980.8		
909.2970	0.7219	982.2	980.5	980.8		
909.3803	0.7263	982.3	980.5	980.9		
909.4637	0.7223	982.3	980.4	980.7		
909.5470	0.7267	982.2	980.5	980.8		
909.6303	0.7179	982.3	980.5	980.8		
909.7137	0.7223	982.2	980.4	980.8		
909.7970	0.7201	982.3	980.4	980.8		
909.8803	0.7259	982.3	980.5	980.9		
909.9637	0.7201	982.3	980.6	980.9		
910.0470	0.7219	982.3	980.5	980.9		
910.1303	0.7290	982.3	980.5	980.8		
910.2137	0.7205	982.3	980.5	980.8		
910.2970	0.7223	982.4	980.5	980.9		
910.3803	0.7219	982.3	980.5	980.9		
910.4637	0.7339	982.2	980.4	980.8		
910.5470	0.7263	982.2	980.4	980.8		
910.6303	0.7214	982.3	980.5	980.8		
910.7137	0.7259	982.2	980.4	980.8		
910.7970	0.7312	982.3	980.5	980.8		
910.8803	0.7303	982.3	980.5	980.8		
910.9637	0.7143	982.3	980.5	980.9		
911.0470	0.7205	982.2	980.4	980.8		
911.1303	0.7170	982.3	980.5	980.9		
911.2137	0.7174	982.2	980.4	980.9		
911.2970	0.7201	982.3	980.5	980.8		
911.3803	0.7201	982.2	980.4	980.8		
911.4637	0.7236	982.2	980.5	980.8		
911.5470	0.7192	982.3	980.5	980.9		
911.6303	0.7254	982.2	980.4	980.7		
911.7137	0.7219	982.3	980.5	980.8		
911.7970	0.7228	982.3	980.5	980.8		
911.8803	0.7174	982.3	980.5	980.9		
911.9637	0.7281	982.3	980.5	980.8		
912.0470	0.7201	982.2	980.4	980.8		
912.1303	0.7219	982.3	980.5	980.8		
912.2137	0.7259	982.3	980.5	980.9		
912.2970	0.7281	982.2	980.4	980.8		
912.3803	0.7299	982.2	980.4	980.7		
912.4637	0.7303	982.2	980.4	980.8		
912.5470	0.7325	982.3	980.5	980.9		
912.6303	0.7241	982.3	980.5	980.8		
912.7137	0.7241	982.2	980.4	980.8		
912.7970	0.7232	982.2	980.5	980.8		
912.8803	0.7232	982.2	980.5	980.8		
912.9637	0.7205	982.3	980.5	980.8		
913.0470	0.7267	982.2	980.5	980.8		
913.1303	0.7254	982.3	980.4	980.9		
913.2137	0.7281	982.2	980.5	980.8		
913.2970	0.7290	982.2	980.4	980.7		
913.3803	0.7281	982.2	980.4	980.8		
913.4637	0.7267	982.2	980.5	980.8		
913.5470	0.7223	982.2	980.5	980.8		
913.6303	0.7307	982.3	980.5	980.9		
913.7137	0.7259	982.3	980.5	980.8		
913.7970	0.7228	982.3	980.5	980.9		
913.8803	0.7316	982.2	980.4	980.8		
913.9637	0.7307	982.3	980.5	980.8		
914.0470	0.7267	982.2	980.5	980.8		
914.1303	0.7210	982.3	980.5	980.8		
914.2137	0.7210	982.3	980.5	980.9		
914.2970	0.7294	982.3	980.5	980.8		
914.3803	0.7205	982.3	980.5	980.8		
914.4637	0.7254	982.3	980.5	980.8		
914.5470	0.7285	982.2	980.4	980.8		
914.6303	0.7343	982.2	980.5	980.8		
914.7137	0.7165	982.3	980.5	980.9		
914.7970	0.7330	982.2	980.4	980.8		
914.8803	0.7232	982.3	980.5	980.7		
914.9637	0.7259	982.3	980.5	980.8		
915.0470	0.7245	982.3	980.5	980.9		
915.1303	0.7188	982.3	980.5	980.8		
915.2137	0.7267	982.3	980.5	980.8		
915.2970	0.7276	982.2	980.4	980.8		
915.3803	0.7192	982.3	980.5	980.9		
915.4637	0.7330	982.3	980.5	980.9		
915.5470	0.7241	982.2	980.5	980.8		
915.6303	0.7374	982.3	980.5	980.8		
915.7137	0.7223	982.2	980.5	980.7		
915.7970	0.7241	982.3	980.5	980.9		
915.8803	0.7152	982.3	980.5	980.8		
915.9637	0.7259	982.3	980.5	980.8		
916.0470	0.7263	982.3	980.5	980.8		
916.1303	0.7236	982.3	980.5	980.8		
916.2137	0.7285	982.2	980.4	980.8		
916.2970	0.7312	982.3	980.4	980.8		
916.3803	0.7214	982.3	980.5	980.8		
916.4637	0.7383	982.2	980.4	980.8		
916.5470	0.7303	982.3	980.5	980.9		
916.6303	0.7267	982.3	980.5	980.8		
916.7137	0.7245	982.3	980.4	980.8		
916.7970	0.7254	982.2	980.4	980.8		
916.8803	0.7281	982.2	980.4	980.8		
916.9637	0.7272	982.2	980.4	980.8		
917.0470	0.7267	982.2	980.4	980.8		
917.1303	0.7236	982.2	980.4	980.8		
917.2137	0.7267	982.2	980.5	980.8		
917.2970	0.7316	982.2	980.4	980.8		
917.3803	0.7383	982.3	980.5	980.8		
917.4637	0.7272	982.2	980.5	980.7		
917.5470	0.7267	982.2	980.5	980.8		
917.6303	0.7321	982.3	980.5	980.8		
917.7137	0.7272	982.2	980.4	980.8		
917.7970	0.7352	982.2	980.4	980.9		
917.8803	0.7294	982.2	980.5	980.8		
917.9637	0.7316	982.2	980.5	980.8		
918.0470	0.7232	982.2	980.4	980.7		
918.1303	0.7361	982.2	980.5	980.7		
918.2137	0.7312	982.2	980.4	980.7		
918.2970	0.7236	982.3	980.5	980.8		
918.3803	0.7259	982.2	980.5	980.8		
918.4637	0.7276	982.3	980.5	980.8		
918.5470	0.7290	982.2	980.5	980.8		
918.6303	0.7219	982.2	980.4	980.8		
918.7137	0.7303	982.2	980.4	980.7		
918.7970	0.7263	982.3	980.5	980.8		
918.8803	0.7321	982.2	980.4	980.8		
918.9637	0.7316	982.3	980.4	980.8		
919.0470	0.7339	982.3	980.5	980.8		
919.1303	0.7312	982.3	980.5	980.8		
919.2137	0.7263	982.2	980.4	980.7		
919.2970	0.7241	982.2	980.4	980.8		
919.3803	0.7321	982.2	980.4	980.8		
919.4637	0.7263	982.3	980.5	980.8		
919.5470	0.7285	982.2	980.5	980.8		
919.6303	0.7312	982.2	980.4	980.8		
919.7137	0.7347	982.2	980.4	980.8		
919.7970	0.7312	982.2	980.4	980.8		
919.8803	0.7436	982.2	980.4	980.8		
919.9637	0.7334	982.2	980.4	980.7		
920.0470	0.7259	982.3	980.5	980.8		
920.1303	0.7232	982.2	980.5	980.8		
920.2137	0.7254	982.2	980.4	980.7		
920.2970	0.7312	982.3	980.4	980.8		
920.3803	0.7299	982.2	980.4	980.8		
920.4637	0.7263	982.3	980.5	980.8		
920.5470	0.7321	982.2	980.5	980.8		
920.6303	0.7285	982.2	980.4	980.7		
920.7137	0.7325	982.3	980.4	980.8		
920.7970	0.7303	982.3	980.5	980.8		
920.8803	0.7241	982.2	980.5	980.8		
920.9637	0.7245	982.3	980.5	980.8		
921.0470	0.7325	982.2	980.5	980.7		
921.1303	0.7276	982.2	980.5	980.8		
921.2137	0.7321	982.3	980.5	980.8		
921.2970	0.7299	982.2	980.5	980.9		
921.3803	0.7290	982.2	980.4	980.8		
921.4637	0.7241	982.3	980.5	980.8		
921.5470	0.7303	982.3	980.5	980.8		
921.6303	0.7290	982.3	980.5	980.9		
921.7137	0.7294	982.3	980.5	980.8		
921.7970	0.7294	982.2	980.5	980.7		
921.8803	0.7259	982.2	980.5	980.8		
921.9637	0.7210	982.2	980.5	980.8		
922.0470	0.7325	982.3	980.5	980.8		
922.1303	0.7330	982.3	980.5	980.8		
922.2137	0.7299	982.2	980.5	980.9		
922.2970	0.7245	982.3	980.5	980.8		
922.3803	0.7370	982.3	980.5	980.8		
922.4637	0.7285	982.2	980.5	980.8		
922.5470	0.7325	982.3	980.5	980.8		
922.6303	0.7307	982.2	980.5	980.7		
922.7137	0.7361	982.3	980.5	980.8		
922.7970	0.7276	982.2	980.4	980.7		
922.8803	0.7347	982.2	980.4	980.8		
922.9637	0.7276	982.3	980.5	980.8		
923.0470	0.7374	982.2	980.4	980.9		
923.1303	0.7290	982.2	980.5	980.8		
923.2137	0.7378	982.3	980.5	980.9		
923.2970	0.7361	982.3	980.5	980.7		
923.3803	0.7299	982.2	980.4	980.8		
923.4637	0.7325	982.2	980.4	980.7		
923.5470	0.7290	982.3	980.5	980.8		
923.6303	0.7299	982.3	980.5	980.9		
923.7137	0.7267	982.3	980.4	980.8		
923.7970	0.7405	982.3	980.5	980.8		
923.8803	0.7259	982.2	980.5	980.9		
923.9637	0.7401	982.3	980.5	980.8		
924.0470	0.7343	982.2	980.5	980.9		
924.1303	0.7330	982.3	980.5	980.9		
924.2137	0.7303	982.3	980.5	980.8		
924.2970	0.7352	982.2	980.5	980.7		
924.3804	0.7347	982.2	980.5	980.8		
924.4637	0.7236	982.2	980.4	980.7		
924.5470	0.7290	982.3	980.4	980.7		
924.6304	0.7330	982.2	980.4	980.8		
924.7137	0.7299	982.3	980.5	980.9		
924.7970	0.7330	982.2	980.4	980.8		
924.8804	0.7281	982.3	980.5	980.9		
924.9637	0.7303	982.3	980.4	980.8		
925.0470	0.7334	982.3	980.5	980.8		
925.1304	0.7285	982.3	980.5	980.8		
925.2137	0.7321	982.3	980.5	980.9		
925.2970	0.7361	982.2	980.5	980.8		
925.3804	0.7205	982.2	980.5	980.8		
925.4637	0.7285	982.3	980.5	980.8		
925.5470	0.7325	982.3	980.4	980.8		
925.6304	0.7343	982.3	980.5	980.8		
925.7137	0.7290	982.2	980.5	980.8		
925.7970	0.7307	982.2	980.4	980.8		
925.8804	0.7232	982.2	980.4	980.7		
925.9637	0.7339	982.3	980.4	980.8		
926.0470	0.7361	982.3	980.4	980.8		
926.1304	0.7316	982.3	980.5	980.8		
926.2137	0.7316	982.2	980.5	980.8		
926.2970	0.7285	982.3	980.5	980.8		
926.3804	0.7396	982.2	980.4	980.8		
926.4637	0.7303	982.3	980.5	980.8		
926.5470	0.7347	982.2	980.4	980.7		
926.6304	0.7343	982.2	980.5	980.8		
926.7137	0.7370	982.2	980.4	980.8		
926.7970	0.7281	982.3	980.4	980.8		
926.8804	0.7321	982.3	980.6	980.9		
926.9637	0.7365	982.3	980.5	980.8		
927.0470	0.7330	982.2	980.4	980.8		
927.1304	0.7370	982.2	980.5	980.8		
927.2137	0.7405	982.2	980.5	980.8		
927.2970	0.7334	982.2	980.5	980.8		
927.3804	0.7281	982.3	980.5	980.8		
927.4637	0.7316	982.2	980.4	980.8		
927.5470	0.7356	982.2	980.4	980.8		
927.6304	0.7396	982.3	980.5	980.8		
927.7137	0.7383	982.2	980.4	980.8		
927.7970	0.7316	982.3	980.5	980.8		
927.8804	0.7290	982.3	980.5	980.9		
927.9637	0.7276	982.2	980.4	980.8		
928.0470	0.7228	982.2	980.4	980.8		
928.1304	0.7370	982.2	980.4	980.7		
928.2137	0.7361	982.3	980.5	980.8		
928.2970	0.7321	982.3	980.5	980.8		
928.3804	0.7343	982.2	980.4	980.8		
928.4637	0.7281	982.3	980.4	980.8		
928.5470	0.7334	982.2	980.4	980.7		
928.6304	0.7361	982.2	980.4	980.8		
928.7137	0.7321	982.3	980.5	980.9		
928.7970	0.7378	982.3	980.4	980.8		
928.8804	0.7383	982.2	980.4	980.8		
928.9637	0.7276	982.2	980.5	980.8		
929.0470	0.7334	982.1	980.4	980.7		
929.1304	0.7414	982.3	980.5	980.8		
929.2137	0.7347	982.3	980.5	980.7		
929.2970	0.7281	982.3	980.5	980.8		
929.3804	0.7441	982.3	980.4	980.8		
929.4637	0.7352	982.3	980.4	980.9		
929.5470	0.7396	982.3	980.5	980.8		
929.6304	0.7339	982.3	980.5	980.8		
929.7137	0.7414	982.2	980.4	980.7		
929.7970	0.7294	982.2	980.4	980.8		
929.8804	0.7272	982.2	980.4	980.7		
929.9637	0.7334	982.3	980.4	980.8		
930.0470	0.7387	982.3	980.5	980.8		
930.1304	0.7356	982.2	980.4	980.7		
930.2137	0.7361	982.2	980.4	980.8		
930.2970	0.7330	982.3	980.5	980.8		
930.3804	0.7316	982.2	980.4	980.7		
930.4637	0.7321	982.2	980.4	980.7		
930.5470	0.7343	982.3	980.5	980.8		
930.6304	0.7383	982.2	980.4	980.8		
930.7137	0.7285	982.3	980.5	980.8		
930.7970	0.7378	982.3	980.4	980.8		
930.8804	0.7339	982.3	980.4	980.8		
930.9637	0.7356	982.3	980.4	980.9		
931.0470	0.7378	982.2	980.4	980.7		
931.1304	0.7374	982.2	980.4	980.7		
931.2137	0.7330	982.2	980.4	980.8		
931.2970	0.7312	982.3	980.5	980.8		
931.3804	0.7281	982.2	980.4	980.8		
931.4637	0.7232	982.2	980.5	980.8		
931.5470	0.7334	982.2	980.4	980.7		
931.6304	0.7272	982.2	980.4	980.8		
931.7137	0.7330	982.2	980.4	980.7		
931.7970	0.7330	982.1	980.4	980.7		
931.8804	0.7370	982.2	980.4	980.8		
931.9637	0.7294	982.2	980.4	980.8		
932.0470	0.7370	982.2	980.4	980.8		
932.1304	0.7325	982.2	980.4	980.8		
932.2137	0.7334	982.2	980.5	980.8		
932.2970	0.7370	982.2	980.4	980.7		
932.3804	0.7307	982.2	980.5	980.8		
932.4637	0.7316	982.2	980.4	980.8		
932.5470	0.7347	982.3	980.4	980.8		
932.6304	0.7352	982.2	980.4	980.8		
932.7137	0.7378	982.3	980.5	980.8		
932.7970	0.7392	982.2	980.4	980.8		
932.8804	0.7254	982.3	980.4	980.8		
932.9637	0.7365	982.2	980.5	980.8		
933.0470	0.7423	982.3	980.4	980.7		
933.1304	0.7356	982.3	980.4	980.7		
933.2137	0.7303	982.2	980.4	980.7		
933.2970	0.7321	982.3	980.4	980.7		
933.3804	0.7343	982.3	980.5	980.8		
933.4637	0.7432	982.3	980.4	980.7		
933.5470	0.7347	982.3	980.5	980.9		
933.6304	0.7321	982.3	980.5	980.8		
933.7137	0.7312	982.3	980.5	980.8		
933.7970	0.7321	982.3	980.5	980.8		
933.8804	0.7441	982.2	980.4	980.8		
933.9637	0.7387	982.2	980.4	980.7		
934.0470	0.7299	982.3	980.5	980.8		
934.1304	0.7365	982.3	980.5	980.8		
934.2137	0.7387	982.2	980.4	980.8		
934.2970	0.7312	982.3	980.5	980.8		
934.3804	0.7401	982.2	980.4	980.8		
934.4637	0.7423	982.3	980.4	980.7		
934.5470	0.7343	982.3	980.4	980.8		
934.6304	0.7334	982.2	980.4	980.8		
934.7137	0.7356	982.3	980.5	980.8		
934.7970	0.7361	982.2	980.5	980.8		
934.8804	0.7427	982.3	980.5	980.8		
934.9637	0.7507	982.2	980.4	980.7		
935.0470	0.7410	982.2	980.4	980.7		
935.1304	0.7330	982.3	980.4	980.6		
935.2137	0.7285	982.2	980.5	980.8		
935.2970	0.7339	982.2	980.4	980.7		
935.3804	0.7334	982.3	980.4	980.8		
935.4637	0.7356	982.1	980.4	980.8		
935.5470	0.7401	982.3	980.5	980.8		
935.6304	0.7339	982.2	980.5	980.8		
935.7137	0.7374	982.2	980.4	980.7		
935.7970	0.7432	982.2	980.5	980.8		
935.8804	0.7423	982.2	980.4	980.7		
935.9637	0.7330	982.2	980.4	980.7		
936.0470	0.7374	982.2	980.4	980.8		
936.1304	0.7374	982.3	980.4	980.8		
936.2137	0.7352	982.3	980.5	980.8		
936.2970	0.7370	982.3	980.5	980.8		
936.3804	0.7325	982.2	980.4	980.8		
936.4637	0.7458	982.2	980.4	980.8		
936.5470	0.7405	982.2	980.4	980.8		
936.6304	0.7378	982.3	980.4	980.7		
936.7137	0.7383	982.2	980.5	980.8		
936.7970	0.7418	982.3	980.4	980.8		
936.8804	0.7387	982.2	980.5	980.8		
936.9637	0.7383	982.3	980.4	980.7		
937.0470	0.7423	982.2	980.5	980.8		
937.1304	0.7432	982.3	980.4	980.8		
937.2137	0.7410	982.3	980.5	980.8		
937.2970	0.7370	982.3	980.5	980.9		
937.3804	0.7365	982.2	980.4	980.7		
937.4637	0.7321	982.2	980.4	980.8		
937.5470	0.7378	982.3	980.5	980.8		
937.6304	0.7396	982.3	980.5	980.9		
937.7137	0.7387	982.2	980.4	980.8		
937.7970	0.7347	982.2	980.4	980.7		
937.8804	0.7387	982.3	980.4	980.8		
937.9637	0.7387	982.2	980.4	980.7		
938.0470	0.7392	982.2	980.4	980.7		
938.1304	0.7378	982.2	980.4	980.7		
938.2137	0.7290	982.3	980.5	980.8		
938.2970	0.7361	982.2	980.3	980.7		
938.3804	0.7401	982.3	980.4	980.8		
938.4637	0.7339	982.2	980.4	980.8		
938.5470	0.7396	982.3	980.5	980.8		
938.6304	0.7494	982.3	980.5	980.8		
938.7137	0.7450	982.2	980.4	980.7		
938.7970	0.7401	982.3	980.4	980.7		
938.8804	0.7378	982.1	980.4	980.7		
938.9637	0.7387	982.2	980.4	980.8		
939.0470	0.7334	982.2	980.4	980.8		
939.1304	0.7361	982.2	980.3	980.7		
939.2137	0.7450	982.2	980.4	980.8		
939.2970	0.7423	982.2	980.4	980.8		
939.3804	0.7485	982.2	980.4	980.7		
939.4637	0.7361	982.2	980.4	980.7		
939.5470	0.7387	982.3	980.5	980.9		
939.6304	0.7365	982.3	980.5	980.8		
939.7137	0.7281	982.3	980.5	980.8		
939.7970	0.7405	982.3	980.4	980.8		
939.8804	0.7339	982.2	980.4	980.7		
939.9637	0.7383	982.2	980.3	980.6		
940.0470	0.7387	982.3	980.6	980.9		
940.1304	0.7312	982.2	980.5	980.8		
940.2137	0.7450	982.1	980.4	980.8		
940.2970	0.7361	982.2	980.5	980.8		
940.3804	0.7387	982.3	980.5	980.8		
940.4637	0.7343	982.2	980.4	980.8		
940.5470	0.7485	982.2	980.5	980.9		
940.6304	0.7458	982.3	980.5	980.8		
940.7137	0.7401	982.2	980.4	980.7		
940.7970	0.7352	982.3	980.5	980.8		
940.8804	0.7339	982.4	980.4	980.9		
940.9637	0.7356	982.3	980.5	980.8		
941.0470	0.7405	982.3	980.5	980.8		
941.1304	0.7423	982.2	980.4	980.8		
941.2137	0.7405	982.2	980.4	980.7		
941.2970	0.7352	982.3	980.5	980.8		
941.3804	0.7405	982.3	980.5	980.9		
941.4637	0.7387	982.3	980.4	980.7		
941.5470	0.7418	982.2	980.4	980.8		
941.6304	0.7405	982.3	980.5	980.8		
941.7137	0.7401	982.2	980.5	980.8		
941.7970	0.7378	982.2	980.4	980.8		
941.8804	0.7370	982.2	980.5	980.8		
941.9637	0.7383	982.2	980.4	980.7		
942.0470	0.7405	982.2	980.4	980.8		
942.1304	0.7436	982.2	980.4	980.8		
942.2137	0.7405	982.2	980.5	980.8		
942.2970	0.7427	982.2	980.5	980.7		
942.3804	0.7418	982.2	980.4	980.7		
942.4637	0.7436	982.2	980.4	980.7		
942.5470	0.7405	982.2	980.4	980.8		
942.6304	0.7392	982.3	980.4	980.7		
942.7137	0.7347	982.3	980.5	980.8		
942.7970	0.7374	982.3	980.5	980.8		
942.8804	0.7401	982.2	980.4	980.8		
942.9637	0.7392	982.2	980.4	980.8		
943.0470	0.7383	982.2	980.4	980.7		
943.1304	0.7299	982.2	980.4	980.7		
943.2137	0.7467	982.3	980.4	980.8		
943.2970	0.7423	982.3	980.5	980.8		
943.3804	0.7458	982.2	980.5	980.9		
943.4637	0.7374	982.2	980.4	980.7		
943.5470	0.7418	982.2	980.4	980.7		
943.6304	0.7374	982.2	980.5	980.7		
943.7137	0.7432	982.2	980.5	980.8		
943.7970	0.7405	982.2	980.5	980.7		
943.8804	0.7352	982.3	980.5	980.8		
943.9637	0.7481	982.2	980.5	980.8		
944.0470	0.7401	982.3	980.5	980.8		
944.1304	0.7356	982.2	980.4	980.8		
944.2137	0.7392	982.3	980.4	980.8		
944.2970	0.7414	982.3	980.5	980.8		
944.3804	0.7392	982.3	980.4	980.8		
944.4637	0.7445	982.2	980.4	980.8		
944.5470	0.7441	982.3	980.5	980.8		
944.6304	0.7352	982.2	980.4	980.7		
944.7137	0.7401	982.2	980.4	980.7		
944.7970	0.7378	982.2	980.4	980.7		
944.8804	0.7383	982.2	980.4	980.8		
944.9637	0.7370	982.2	980.4	980.8		
945.0470	0.7405	982.2	980.4	980.7		
945.1304	0.7458	982.2	980.4	980.7		
945.2137	0.7418	982.3	980.5	980.8		
945.2970	0.7387	982.3	980.4	980.8		
945.3804	0.7387	982.3	980.5	980.8		
945.4637	0.7423	982.3	980.4	980.8		
945.5470	0.7432	982.2	980.4	980.7		
945.6304	0.7489	982.3	980.4	980.8		
945.7137	0.7432	982.4	980.5	980.8		
945.7970	0.7432	982.3	980.5	980.8		
945.8804	0.7383	982.2	980.4	980.8		
945.9637	0.7458	982.2	980.4	980.7		
946.0470	0.7410	982.3	980.5	980.8		
946.1304	0.7423	982.2	980.4	980.7		
946.2137	0.7467	982.3	980.4	980.7		
946.2970	0.7441	982.3	980.5	980.8		
946.3804	0.7481	982.2	980.4	980.7		
946.4637	0.7414	982.3	980.5	980.8		
946.5470	0.7352	982.2	980.4	980.7		
946.6304	0.7410	982.2	980.4	980.7		
946.7137	0.7441	982.3	980.5	980.8		
946.7970	0.7432	982.2	980.4	980.7		
946.8804	0.7432	982.2	980.4	980.7		
946.9637	0.7383	982.2	980.4	980.8		
947.0470	0.7489	982.2	980.4	980.8		
947.1304	0.7441	982.2	980.4	980.8		
947.2137	0.7365	982.3	980.5	980.8		
947.2970	0.7392	982.3	980.5	980.9		
947.3804	0.7410	982.2	980.4	980.8		
947.4637	0.7356	982.3	980.5	980.8		
947.5470	0.7432	982.2	980.4	980.7		
947.6304	0.7410	982.3	980.4	980.8		
947.7137	0.7427	982.3	980.4	980.8		
947.7970	0.7441	982.2	980.4	980.7		
947.8804	0.7427	982.2	980.4	980.7		
947.9637	0.7383	982.2	980.4	980.7		
948.0470	0.7432	982.3	980.5	980.8		
948.1304	0.7410	982.3	980.4	980.8		
948.2137	0.7330	982.3	980.4	980.8		
948.2970	0.7343	982.3	980.5	980.8		
948.3804	0.7485	982.3	980.4	980.7		
948.4637	0.7463	982.2	980.4	980.7		
948.5470	0.7436	982.3	980.5	980.8		
948.6304	0.7427	982.2	980.4	980.7		
948.7137	0.7476	982.2	980.5	980.8		
948.7970	0.7521	982.2	980.4	980.8		
948.8804	0.7423	982.3	980.5	980.8		
948.9637	0.7361	982.3	980.4	980.8		
949.0470	0.7414	982.2	980.4	980.7		
949.1304	0.7370	982.2	980.4	980.8		
949.2137	0.7423	982.2	980.3	980.6		
949.2970	0.7383	982.2	980.4	980.7		
949.3804	0.7463	982.2	980.4	980.8		
949.4637	0.7401	982.2	980.4	980.7		
949.5470	0.7454	982.3	980.5	980.8		
949.6304	0.7454	982.3	980.4	980.8		
949.7137	0.7450	982.3	980.5	980.8		
949.7970	0.7445	982.3	980.4	980.8		
949.8804	0.7414	982.3	980.5	980.8		
949.9637	0.7378	982.3	980.5	980.9		
950.0470	0.7485	982.3	980.5	980.8		
950.1304	0.7405	982.3	980.5	980.8		
950.2137	0.7432	982.3	980.5	980.9		
950.2970	0.7485	982.3	980.5	980.9		
950.3804	0.7401	982.2	980.4	980.7		
950.4637	0.7418	982.3	980.5	980.8		
950.5470	0.7427	982.3	980.4	980.7		
950.6304	0.7454	982.3	980.5	980.8		
950.7137	0.7503	982.3	980.5	980.8		
950.7970	0.7481	982.3	980.5	980.8		
950.8804	0.7516	982.2	980.5	980.7		
950.9637	0.7525	982.3	980.5	980.8		
951.0470	0.7405	982.3	980.6	980.8		
951.1304	0.7410	982.3	980.5	980.9		
951.2137	0.7405	982.3	980.5	980.8		
951.2970	0.7489	982.2	980.4	980.8		
951.3804	0.7432	982.3	980.5	980.9		
951.4637	0.7458	982.3	980.5	980.9		
951.5470	0.7521	982.3	980.4	980.8		
951.6304	0.7405	982.2	980.4	980.8		
951.7137	0.7454	982.3	980.5	980.8		
951.7970	0.7556	982.2	980.5	980.8		
951.8804	0.7472	982.2	980.4	980.8		
951.9637	0.7414	982.3	980.4	980.7		
952.0470	0.7401	982.2	980.4	980.8		
952.1304	0.7414	982.2	980.4	980.8		
952.2137	0.7507	982.3	980.4	980.8		
952.2970	0.7503	982.2	980.5	980.8		
952.3804	0.7427	982.2	980.5	980.8		
952.4637	0.7485	982.2	980.5	980.8		
952.5470	0.7481	982.3	980.5	980.9		
952.6304	0.7405	982.2	980.4	980.8		
952.7137	0.7485	982.2	980.5	980.8		
952.7970	0.7414	982.3	980.5	980.7		
952.8804	0.7370	982.2	980.4	980.8		
952.9637	0.7498	982.3	980.5	980.9		
953.0470	0.7410	982.2	980.4	980.8		
953.1304	0.7414	982.2	980.4	980.8		
953.2137	0.7463	982.2	980.4	980.8		
953.2970	0.7432	982.2	980.4	980.8		
953.3804	0.7441	982.2	980.4	980.8		
953.4637	0.7494	982.2	980.4	980.8		
953.5470	0.7467	982.3	980.5	980.9		
953.6304	0.7383	982.2	980.5	980.9		
953.7137	0.7441	982.2	980.5	980.8		
953.7970	0.7494	982.2	980.4	980.8		
953.8804	0.7450	982.3	980.5	980.7		
953.9637	0.7450	982.3	980.5	980.8		
954.0470	0.7445	982.3	980.5	980.9		
954.1304	0.7427	982.3	980.5	980.8		
954.2137	0.7512	982.3	980.5	980.8		
954.2970	0.7423	982.3	980.5	980.8		
954.3804	0.7543	982.3	980.5	980.9		
954.4637	0.7450	982.3	980.4	980.8		
954.5470	0.7441	982.3	980.5	980.8		
954.6304	0.7538	982.2	980.5	980.8		
954.7137	0.7481	982.3	980.5	980.8		
954.7970	0.7560	982.3	980.5	980.8		
954.8804	0.7476	982.2	980.5	980.8		
954.9637	0.7529	982.3	980.5	980.8		
955.0470	0.7467	982.2	980.5	980.8		
955.1304	0.7494	982.3	980.5	980.8		
955.2137	0.7414	982.2	980.4	980.7		
955.2970	0.7481	982.3	980.5	980.9		
955.3804	0.7472	982.3	980.5	980.9		
955.4637	0.7472	982.3	980.4	980.8		
955.5470	0.7441	982.2	980.4	980.8		
955.6304	0.7494	982.3	980.5	980.9		
955.7137	0.7494	982.3	980.5	980.8		
955.7970	0.7516	982.3	980.5	980.8		
955.8804	0.7512	982.2	980.5	980.8		
955.9637	0.7467	982.3	980.4	980.7		
956.0470	0.7392	982.3	980.5	980.8		
956.1304	0.7503	982.3	980.5	980.8		
956.2137	0.7463	982.3	980.5	980.8		
956.2970	0.7458	982.2	980.4	980.8		
956.3804	0.7450	982.2	980.5	980.8		
956.4637	0.7481	982.3	980.5	980.9		
956.5470	0.7485	982.3	980.4	980.7		
956.6304	0.7512	982.3	980.4	980.8		
956.7137	0.7529	982.3	980.5	980.8		
956.7970	0.7481	982.3	980.5	980.8		
956.8804	0.7538	982.3	980.5	980.8		
956.9637	0.7418	982.3	980.5	980.9		
957.0470	0.7489	982.3	980.5	980.8		
957.1304	0.7441	982.2	980.5	980.8		
957.2137	0.7454	982.3	980.5	980.9		
957.2970	0.7445	982.3	980.5	980.8		
957.3804	0.7423	982.2	980.4	980.8		
957.4637	0.7401	982.3	980.5	980.9		
957.5470	0.7489	982.3	980.5	980.9		
957.6304	0.7450	982.3	980.5	980.8		
957.7137	0.7463	982.3	980.5	980.8		
957.7970	0.7481	982.2	980.4	980.8		
957.8804	0.7467	982.3	980.5	980.8		
957.9637	0.7534	982.3	980.5	980.8		
958.0470	0.7507	982.2	980.5	980.8		
958.1304	0.7454	982.2	980.5	980.8		
958.2137	0.7436	982.2	980.4	980.8		
958.2970	0.7516	982.2	980.4	980.7		
958.3804	0.7516	982.2	980.4	980.7		
958.4637	0.7600	982.2	980.4	980.7		
958.5470	0.7481	982.2	980.5	980.8		
958.6304	0.7485	982.3	980.5	980.8		
958.7137	0.7485	982.2	980.5	980.8		
958.7970	0.7467	982.2	980.5	980.8		
958.8804	0.7476	982.2	980.4	980.8		
958.9637	0.7538	982.2	980.4	980.7		
959.0470	0.7454	982.3	980.4	980.6		
959.1304	0.7441	982.2	980.4	980.7		
959.2137	0.7472	982.2	980.5	980.8		
959.2970	0.7472	982.2	980.4	980.7		
959.3804	0.7485	982.2	980.5	980.8		
959.4637	0.7458	982.2	980.4	980.8		
959.5470	0.7503	982.3	980.5	980.8		
959.6304	0.7481	982.2	980.4	980.8		
959.7137	0.7547	982.2	980.4	980.8		
959.7970	0.7454	982.3	980.5	980.8		
959.8804	0.7481	982.3	980.4	980.8		
959.9637	0.7503	982.2	980.4	980.7		
960.0470	0.7521	982.2	980.4	980.8		
960.1304	0.7494	982.2	980.4	980.9		
960.2137	0.7512	982.3	980.4	980.7		
960.2970	0.7423	982.3	980.5	980.8		
960.3804	0.7521	982.3	980.4	980.8		
960.4637	0.7552	982.2	980.4	980.7		
960.5470	0.7560	982.3	980.4	980.8		
960.6304	0.7547	982.3	980.4	980.8		
960.7137	0.7463	982.2	980.4	980.7		
960.7970	0.7463	982.3	980.4	980.6		
960.8804	0.7445	982.3	980.5	980.8		
960.9637	0.7485	982.2	980.4	980.7		
961.0470	0.7472	982.3	980.5	980.8		
961.1304	0.7454	982.2	980.4	980.7		
961.2137	0.7498	982.2	980.4	980.8		
961.2970	0.7498	982.3	980.4	980.8		
961.3804	0.7463	982.3	980.5	980.8		
961.4637	0.7543	982.2	980.4	980.7		
961.5470	0.7627	982.2	980.4	980.8		
961.6304	0.7498	982.2	980.4	980.8		
961.7137	0.7534	982.2	980.4	980.7		
961.7970	0.7525	982.2	980.4	980.8		
961.8804	0.7552	982.3	980.4	980.8		
961.9637	0.7467	982.2	980.4	980.7		
962.0470	0.7463	982.3	980.5	980.8		
962.1304	0.7427	982.2	980.3	980.7		
962.2137	0.7516	982.2	980.4	980.8		
962.2970	0.7516	982.3	980.4	980.8		
962.3804	0.7521	982.2	980.4	980.8		
962.4637	0.7503	982.2	980.4	980.8		
962.5470	0.7569	982.2	980.4	980.8		
962.6304	0.7498	982.3	980.4	980.8		
962.7137	0.7436	982.2	980.4	980.7		
962.7970	0.7507	982.2	980.4	980.8		
962.8804	0.7556	982.2	980.4	980.7		
962.9637	0.7454	982.2	980.4	980.7		
963.0470	0.7503	982.1	980.3	980.7		
963.1304	0.7450	982.3	980.5	980.8		
963.2137	0.7534	982.3	980.5	980.8		
963.2970	0.7547	982.2	980.4	980.7		
963.3804	0.7489	982.3	980.5	980.8		
963.4637	0.7574	982.2	980.3	980.6		
963.5470	0.7454	982.2	980.4	980.8		
963.6304	0.7516	982.2	980.4	980.7		
963.7137	0.7538	982.3	980.5	980.7		
963.7970	0.7605	982.1	980.3	980.7		
963.8804	0.7614	982.2	980.5	980.8		
963.9637	0.7472	982.2	980.4	980.8		
964.0470	0.7494	982.3	980.4	980.8		
964.1304	0.7458	982.2	980.4	980.7		
964.2137	0.7583	982.2	980.4	980.7		
964.2970	0.7547	982.3	980.5	980.8		
964.3804	0.7489	982.2	980.4	980.7		
964.4637	0.7592	982.2	980.4	980.7		
964.5470	0.7560	982.2	980.4	980.7		
964.6304	0.7481	982.3	980.4	980.9		
964.7137	0.7578	982.2	980.4	980.8		
964.7970	0.7596	982.3	980.4	980.8		
964.8804	0.7596	982.1	980.3	980.7		
964.9637	0.7565	982.2	980.4	980.7		
965.0470	0.7547	982.2	980.4	980.8		
965.1304	0.7489	982.2	980.4	980.7		
965.2137	0.7538	982.3	980.4	980.7		
965.2970	0.7445	982.2	980.4	980.7		
965.3804	0.7552	982.2	980.4	980.8		
965.4637	0.7472	982.3	980.5	980.8		
965.5470	0.7543	982.2	980.4	980.7		
965.6304	0.7507	982.2	980.4	980.8		
965.7137	0.7569	982.2	980.4	980.7		
965.7970	0.7503	982.2	980.4	980.7		
965.8804	0.7609	982.2	980.4	980.8		
965.9637	0.7614	982.3	980.4	980.8		
966.0470	0.7596	982.3	980.4	980.8		
966.1304	0.7516	982.2	980.3	980.6		
966.2137	0.7587	982.3	980.4	980.8		
966.2970	0.7552	982.2	980.4	980.8		
966.3804	0.7543	982.2	980.4	980.7		
966.4637	0.7556	982.1	980.4	980.8		
966.5470	0.7587	982.3	980.4	980.8		
966.6304	0.7569	982.2	980.3	980.7		
966.7137	0.7592	982.3	980.4	980.8		
966.7970	0.7529	982.2	980.4	980.7		
966.8804	0.7538	982.1	980.3	980.7		
966.9637	0.7467	982.3	980.5	980.8		
967.0470	0.7525	982.2	980.3	980.6		
967.1304	0.7614	982.3	980.4	980.7		
967.2137	0.7592	982.3	980.4	980.8		
967.2970	0.7565	982.3	980.5	980.8		
967.3804	0.7538	982.3	980.4	980.8		
967.4637	0.7556	982.2	980.4	980.8		
967.5470	0.7609	982.2	980.4	980.8		
967.6304	0.7623	982.2	980.4	980.7		
967.7137	0.7578	982.3	980.4	980.8		
967.7970	0.7565	982.2	980.4	980.8		
967.8804	0.7574	982.4	980.5	980.9		
967.9637	0.7521	982.3	980.4	980.8		
968.0470	0.7574	982.3	980.4	980.8		
968.1304	0.7596	982.2	980.4	980.7		
968.2137	0.7605	982.3	980.4	980.8		
968.2970	0.7605	982.1	980.4	980.7		
968.3804	0.7565	982.2	980.4	980.7		
968.4637	0.7592	982.1	980.4	980.7		
968.5470	0.7578	982.2	980.5	980.8		
968.6304	0.7560	982.2	980.4	980.8		
968.7137	0.7600	982.1	980.4	980.7		
968.7970	0.7578	982.3	980.4	980.8		
968.8804	0.7560	982.2	980.4	980.7		
968.9637	0.7529	982.3	980.4	980.7		
969.0470	0.7552	982.3	980.5	980.7		
969.1304	0.7627	982.3	980.4	980.7		
969.2137	0.7618	982.3	980.5	980.8		
969.2970	0.7609	982.2	980.4	980.8		
969.3804	0.7516	982.2	980.4	980.7		
969.4637	0.7556	982.3	980.4	980.8		
969.5470	0.7538	982.3	980.4	980.8		
969.6304	0.7623	982.3	980.4	980.8		
969.7137	0.7623	982.2	980.5	980.9		
969.7970	0.7640	982.2	980.4	980.8		
969.8804	0.7640	982.2	980.4	980.8		
969.9637	0.7600	982.2	980.5	980.8		
970.0470	0.7600	982.4	980.4	980.8		
970.1304	0.7583	982.3	980.5	980.8		
970.2137	0.7583	982.3	980.5	980.8		
970.2970	0.7565	982.3	980.5	980.7		
970.3804	0.7649	982.2	980.4	980.8		
970.4637	0.7583	982.2	980.4	980.8		
970.5470	0.7525	982.2	980.4	980.8		
970.6304	0.7543	982.3	980.4	980.8		
970.7137	0.7609	982.3	980.4	980.8		
970.7970	0.7538	982.2	980.4	980.8		
970.8804	0.7578	982.3	980.4	980.7		
970.9637	0.7596	982.2	980.4	980.8		
971.0470	0.7552	982.2	980.4	980.7		
971.1304	0.7618	982.3	980.4	980.8		
971.2137	0.7623	982.3	980.4	980.8		
971.2970	0.7627	982.2	980.4	980.8		
971.3804	0.7623	982.2	980.4	980.8		
971.4637	0.7640	982.2	980.4	980.8		
971.5470	0.7596	982.2	980.4	980.8		
971.6304	0.7552	982.2	980.4	980.8		
971.7137	0.7689	982.2	980.4	980.8		
971.7970	0.7574	982.2	980.4	980.8		
971.8804	0.7614	982.3	980.4	980.8		
971.9637	0.7605	982.3	980.4	980.8		
972.0470	0.7685	982.2	980.3	980.7		
972.1304	0.7609	982.2	980.4	980.8		
972.2137	0.7627	982.3	980.5	980.9		
972.2970	0.7623	982.2	980.5	980.9		
972.3804	0.7632	982.3	980.5	980.8		
972.4637	0.7560	982.2	980.3	980.7		
972.5470	0.7587	982.3	980.4	980.7		
972.6304	0.7583	982.3	980.5	980.8		
972.7137	0.7676	982.3	980.5	980.8		
972.7970	0.7596	982.2	980.5	980.8		
972.8804	0.7596	982.3	980.5	980.9		
972.9637	0.7640	982.2	980.4	980.8		
973.0470	0.7600	982.3	980.4	980.9		
973.1304	0.7632	982.2	980.4	980.8		
973.2137	0.7587	982.2	980.5	980.8		
973.2970	0.7618	982.3	980.4	980.8		
973.3804	0.7623	982.2	980.4	980.8		
973.4637	0.7600	982.2	980.4	980.8		
973.5470	0.7583	982.4	980.5	980.9		
973.6304	0.7592	982.2	980.4	980.7		
973.7137	0.7654	982.3	980.4	980.9		
973.7970	0.7565	982.2	980.5	980.9		
973.8804	0.7587	982.2	980.5	980.8		
973.9637	0.7609	982.3	980.4	980.8		
974.0470	0.7596	982.2	980.4	980.8		
974.1304	0.7658	982.2	980.4	980.8		
974.2137	0.7614	982.3	980.5	980.8		
974.2970	0.7605	982.3	980.4	980.8		
974.3804	0.7600	982.2	980.4	980.7		
974.4637	0.7667	982.2	980.4	980.8		
974.5470	0.7671	982.2	980.4	980.8		
974.6304	0.7605	982.2	980.4	980.9		
974.7137	0.7605	982.2	980.4	980.8		
974.7970	0.7632	982.3	980.4	980.8		
974.8804	0.7707	982.1	980.3	980.7		
974.9637	0.7640	982.2	980.4	980.8		
975.0470	0.7574	982.2	980.4	980.7		
975.1304	0.7618	982.3	980.4	980.8		
975.2137	0.7583	982.3	980.5	980.8		
975.2970	0.7654	982.2	980.4	980.8		
975.3804	0.7640	982.2	980.4	980.8		
975.4637	0.7614	982.2	980.4	980.8		
975.5470	0.7694	982.2	980.4	980.8		
975.6304	0.7623	982.3	980.4	980.8		
975.7137	0.7618	982.3	980.4	980.9		
975.7970	0.7667	982.3	980.5	980.8		
975.8804	0.7592	982.2	980.4	980.8		
975.9637	0.7525	982.2	980.4	980.8		
976.0470	0.7614	982.3	980.4	980.8		
976.1304	0.7587	982.3	980.4	980.8		
976.2137	0.7574	982.2	980.4	980.7		
976.2970	0.7600	982.2	980.4	980.8		
976.3804	0.7667	982.2	980.4	980.7		
976.4637	0.7663	982.2	980.4	980.8		
976.5470	0.7605	982.2	980.4	980.8		
976.6304	0.7614	982.2	980.4	980.7		
976.7137	0.7583	982.2	980.4	980.8		
976.7970	0.7689	982.2	980.4	980.8		
976.8804	0.7649	982.2	980.4	980.8		
976.9637	0.7640	982.2	980.4	980.8		
977.0470	0.7658	982.2	980.4	980.7		
977.1304	0.7636	982.3	980.5	980.8		
977.2137	0.7578	982.3	980.5	980.8		
977.2970	0.7618	982.3	980.4	980.8		
977.3804	0.7658	982.3	980.5	980.7		
977.4637	0.7640	982.3	980.4	980.8		
977.5470	0.7614	982.3	980.4	980.8		
977.6304	0.7654	982.3	980.4	980.8		
977.7137	0.7645	982.3	980.5	980.9		
977.7970	0.7627	982.2	980.5	980.9		
977.8804	0.7685	982.2	980.4	980.8		
977.9637	0.7640	982.3	980.5	980.8		
978.0470	0.7632	982.3	980.4	980.8		
978.1304	0.7654	982.2	980.4	980.8		
978.2137	0.7725	982.2	980.4	980.8		
978.2970	0.7583	982.3	980.5	980.8		
978.3804	0.7609	982.3	980.4	980.7		
978.4637	0.7605	982.3	980.5	980.7		
978.5470	0.7654	982.3	980.5	980.8		
978.6304	0.7578	982.2	980.4	980.7		
978.7137	0.7636	982.3	980.5	980.9		
978.7970	0.7569	982.3	980.4	980.8		
978.8804	0.7640	982.3	980.5	980.8		
978.9637	0.7663	982.2	980.3	980.7		
979.0470	0.7596	982.2	980.4	980.7		
979.1304	0.7640	982.2	980.4	980.7		
979.2137	0.7605	982.2	980.4	980.8		
979.2970	0.7600	982.3	980.4	980.8		
979.3804	0.7614	982.2	980.5	980.9		
979.4637	0.7667	982.2	980.3	980.7		
979.5470	0.7654	982.2	980.4	980.8		
979.6304	0.7663	982.3	980.4	980.8		
979.7137	0.7667	982.2	980.4	980.7		
979.7970	0.7711	982.2	980.4	980.9		
979.8804	0.7680	982.2	980.4	980.7		
979.9637	0.7703	982.2	980.4	980.8		
980.0470	0.7649	982.2	980.4	980.8		
980.1304	0.7698	982.2	980.4	980.7		
980.2137	0.7738	982.2	980.4	980.8		
980.2970	0.7680	982.3	980.5	980.8		
980.3804	0.7596	982.3	980.4	980.8		
980.4637	0.7632	982.2	980.4	980.7		
980.5470	0.7640	982.4	980.5	980.8		
980.6304	0.7640	982.3	980.4	980.8		
980.7137	0.7676	982.2	980.4	980.8		
980.7970	0.7645	982.2	980.3	980.7		
980.8804	0.7694	982.3	980.4	980.8		
980.9637	0.7609	982.3	980.5	980.8		
981.0470	0.7676	982.2	980.4	980.7		
981.1304	0.7649	982.2	980.4	980.8		
981.2137	0.7711	982.2	980.4	980.8		
981.2970	0.7711	982.3	980.4	980.8		
981.3804	0.7649	982.2	980.4	980.8		
981.4637	0.7667	982.3	980.4	980.8		
981.5470	0.7627	982.3	980.4	980.8		
981.6304	0.7649	982.1	980.4	980.7		
981.7137	0.7640	982.2	980.4	980.7		
981.7970	0.7632	982.2	980.4	980.7		
981.8804	0.7743	982.2	980.4	980.8		
981.9637	0.7654	982.2	980.4	980.8		
982.0470	0.7671	982.2	980.4	980.8		
982.1304	0.7636	982.3	980.4	980.7		
982.2137	0.7716	982.3	980.4	980.8		
982.2970	0.7698	982.3	980.4	980.8		
982.3804	0.7600	982.3	980.4	980.8		
982.4637	0.7640	982.2	980.4	980.7		
982.5470	0.7689	982.3	980.4	980.8		
982.6304	0.7654	982.2	980.4	980.7		
982.7137	0.7765	982.3	980.4	980.7		
982.7970	0.7689	982.2	980.3	980.7		
982.8804	0.7738	982.2	980.4	980.7		
982.9637	0.7632	982.2	980.4	980.7		
983.0470	0.7667	982.3	980.5	980.9		
983.1304	0.7627	982.3	980.4	980.8		
983.2137	0.7614	982.2	980.4	980.8		
983.2970	0.7667	982.2	980.4	980.8		
983.3804	0.7694	982.2	980.4	980.7		
983.4637	0.7623	982.1	980.4	980.8		
983.5470	0.7698	982.2	980.4	980.8		
983.6304	0.7791	982.2	980.4	980.8		
983.7137	0.7685	982.2	980.4	980.8		
983.7970	0.7663	982.3	980.5	980.8		
983.8804	0.7645	982.2	980.4	980.8		
983.9637	0.7627	982.2	980.4	980.7		
984.0470	0.7658	982.3	980.5	980.8		
984.1304	0.7711	982.2	980.4	980.7		
984.2137	0.7671	982.3	980.4	980.8		
984.2970	0.7707	982.3	980.4	980.8		
984.3804	0.7720	982.3	980.4	980.8		
984.4637	0.7676	982.2	980.4	980.8		
984.5470	0.7809	982.2	980.4	980.7		
984.6304	0.7694	982.2	980.4	980.8		
984.7137	0.7751	982.2	980.5	980.8		
984.7970	0.7627	982.3	980.5	980.8		
984.8804	0.7600	982.2	980.4	980.7		
984.9637	0.7627	982.2	980.4	980.8		
985.0470	0.7694	982.2	980.4	980.7		
985.1304	0.7760	982.2	980.4	980.7		
985.2137	0.7694	982.2	980.4	980.8		
985.2970	0.7703	982.3	980.5	980.9		
985.3804	0.7769	982.2	980.4	980.8		
985.4637	0.7751	982.2	980.4	980.8		
985.5470	0.7734	982.3	980.4	980.8		
985.6304	0.7774	982.3	980.5	980.9		
985.7137	0.7738	982.2	980.3	980.8		
985.7970	0.7654	982.3	980.5	980.8		
985.8804	0.7725	982.3	980.4	980.8		
985.9637	0.7738	982.2	980.4	980.8		
986.0470	0.7707	982.2	980.4	980.8		
986.1304	0.7698	982.2	980.4	980.8		
986.2137	0.7707	982.2	980.4	980.7		
986.2970	0.7694	982.3	980.4	980.8		
986.3804	0.7747	982.3	980.5	980.9		
986.4637	0.7698	982.2	980.4	980.8		
986.5470	0.7738	982.2	980.4	980.7		
986.6304	0.7765	982.2	980.5	980.8		
986.7137	0.7689	982.2	980.4	980.7		
986.7970	0.7711	982.2	980.4	980.8		
986.8804	0.7711	982.2	980.4	980.8		
986.9637	0.7729	982.3	980.4	980.7		
987.0470	0.7787	982.2	980.4	980.8		
987.1304	0.7751	982.2	980.4	980.8		
987.2137	0.7720	982.2	980.3	980.8		
987.2970	0.7618	982.2	980.4	980.7		
987.3804	0.7694	982.4	980.5	980.8		
987.4637	0.7658	982.2	980.4	980.7		
987.5470	0.7711	982.2	980.4	980.7		
987.6304	0.7707	982.3	980.4	980.7		
987.7137	0.7729	982.2	980.4	980.7		
987.7970	0.7738	982.2	980.5	980.9		
987.8804	0.7809	982.2	980.4	980.8		
987.9637	0.7667	982.3	980.4	980.8		
988.0470	0.7729	982.2	980.4	980.8		
988.1304	0.7703	982.3	980.4	980.8		
988.2137	0.7743	982.2	980.4	980.8		
988.2970	0.7751	982.3	980.5	980.9		
988.3804	0.7694	982.2	980.4	980.7		
988.4637	0.7711	982.2	980.4	980.7		
988.5470	0.7694	982.2	980.4	980.7		
988.6304	0.7725	982.1	980.3	980.7		
988.7137	0.7747	982.1	980.3	980.7		
988.7970	0.7667	982.2	980.4	980.8		
988.8804	0.7734	982.2	980.4	980.8		
988.9637	0.7725	982.1	980.4	980.9		
989.0470	0.7782	982.2	980.4	980.8		
989.1304	0.7747	982.2	980.3	980.7		
989.2137	0.7796	982.1	980.3	980.7		
989.2970	0.7707	982.2	980.4	980.7		
989.3804	0.7747	982.3	980.4	980.8		
989.4637	0.7787	982.2	980.4	980.7		
989.5470	0.7734	982.2	980.4	980.7		
989.6304	0.7707	982.2	980.4	980.8		
989.7137	0.7747	982.2	980.4	980.7		
989.7970	0.7711	982.1	980.3	980.8		
989.8804	0.7738	982.2	980.5	980.9		
989.9637	0.7751	982.2	980.4	980.8		
990.0470	0.7747	982.1	980.4	980.8		
990.1304	0.7689	982.2	980.3	980.6		
990.2137	0.7751	982.3	980.4	980.7		
990.2970	0.7751	982.3	980.5	980.7		
990.3804	0.7645	982.2	980.5	980.8		
990.4637	0.7751	982.3	980.4	980.8		
990.5470	0.7774	982.2	980.3	980.7		
990.6304	0.7734	982.2	980.3	980.7		
990.7137	0.7694	982.2	980.4	980.8		
990.7970	0.7787	982.2	980.5	980.8		
990.8804	0.7782	982.2	980.4	980.7		
990.9637	0.7747	982.2	980.4	980.7		
991.0470	0.7765	982.2	980.4	980.7		
991.1304	0.7796	982.2	980.4	980.7		
991.2137	0.7676	982.2	980.4	980.7		
991.2970	0.7791	982.3	980.4	980.8		
991.3804	0.7774	982.2	980.4	980.7		
991.4637	0.7805	982.2	980.4	980.7		
991.5470	0.7809	982.3	980.4	980.8		
991.6304	0.7782	982.2	980.3	980.7		
991.7137	0.7769	982.3	980.4	980.8		
991.7970	0.7707	982.2	980.4	980.7		
991.8804	0.7782	982.3	980.4	980.8		
991.9637	0.7805	982.2	980.3	980.8		
992.0470	0.7725	982.3	980.5	980.9		
992.1304	0.7774	982.2	980.5	980.8		
992.2137	0.7743	982.2	980.4	980.7		
992.2970	0.7800	982.2	980.3	980.7		
992.3804	0.7734	982.2	980.4	980.7		
992.4637	0.7836	982.2	980.4	980.8		
992.5470	0.7756	982.3	980.4	980.7		
992.6304	0.7747	982.3	980.4	980.8		
992.7137	0.7791	982.3	980.4	980.8		
992.7970	0.7716	982.2	980.4	980.8		
992.8804	0.7756	982.2	980.4	980.7		
992.9637	0.7782	982.1	980.3	980.7		
993.0470	0.7743	982.2	980.4	980.8		
993.1304	0.7840	982.2	980.4	980.7		
993.2137	0.7729	982.2	980.3	980.7		
993.2970	0.7729	982.2	980.3	980.8		
993.3804	0.7738	982.2	980.3	980.7		
993.4637	0.7747	982.2	980.3	980.7		
993.5470	0.7809	982.1	980.3	980.7		
993.6304	0.7743	982.2	980.4	980.7		
993.7137	0.7738	982.2	980.4	980.7		
993.7970	0.7698	982.1	980.4	980.7		
993.8804	0.7680	982.2	980.4	980.7		
993.9637	0.7756	982.2	980.4	980.8		
994.0470	0.7729	982.2	980.3	980.7		
994.1304	0.7774	982.2	980.3	980.8		
994.2137	0.7756	982.2	980.3	980.8		
994.2970	0.7805	982.1	980.3	980.7		
994.3804	0.7809	982.2	980.3	980.7		
994.4637	0.7756	982.2	980.4	980.7		
994.5470	0.7760	982.3	980.4	980.7		
994.6304	0.7729	982.2	980.4	980.7		
994.7137	0.7769	982.2	980.4	980.8		
994.7970	0.7747	982.2	980.4	980.7		
994.8804	0.7800	982.1	980.3	980.6		
994.9637	0.7738	982.2	980.4	980.7		
995.0470	0.7751	982.2	980.3	980.8		
995.1304	0.7849	982.2	980.4	980.8		
995.2137	0.7769	982.3	980.4	980.8		
995.2970	0.7849	982.2	980.3	980.7		
995.3804	0.7774	982.1	980.3	980.7		
995.4637	0.7774	982.2	980.4	980.8		
995.5470	0.7756	982.2	980.3	980.8		
995.6304	0.7760	982.1	980.3	980.7		
995.7137	0.7853	982.2	980.4	980.7		
995.7970	0.7765	982.2	980.4	980.7		
995.8804	0.7743	982.2	980.4	980.7		
995.9637	0.7827	982.2	980.4	980.8		
996.0470	0.7791	982.2	980.4	980.8		
996.1304	0.7862	982.2	980.3	980.7		
996.2137	0.7765	982.2	980.4	980.7		
996.2970	0.7787	982.1	980.3	980.7		
996.3804	0.7756	982.2	980.3	980.7		
996.4637	0.7822	982.1	980.4	980.7		
996.5470	0.7809	982.1	980.3	980.7		
996.6304	0.7760	982.2	980.3	980.7		
996.7137	0.7796	982.2	980.4	980.8		
996.7970	0.7853	982.2	980.3	980.7		
996.8804	0.7751	982.1	980.3	980.7		
996.9637	0.7818	982.2	980.3	980.7		
997.0470	0.7685	982.2	980.4	980.7		
997.1304	0.7734	982.2	980.4	980.7		
997.2137	0.7791	982.3	980.4	980.7		
997.2970	0.7756	982.2	980.3	980.7		
997.3804	0.7814	982.1	980.3	980.6		
997.4637	0.7774	982.2	980.4	980.7		
997.5470	0.7840	982.1	980.3	980.7		
997.6304	0.7805	982.1	980.3	980.7		
997.7137	0.7778	982.2	980.3	980.7		
997.7970	0.7765	982.2	980.4	980.8		
997.8804	0.7791	982.2	980.3	980.7		
997.9637	0.7805	982.1	980.3	980.7		
998.0470	0.7796	982.2	980.4	980.7		
998.1304	0.7729	982.2	980.4	980.7		
998.2137	0.7840	982.2	980.4	980.8		
998.2970	0.7814	982.2	980.4	980.7		
998.3804	0.7845	982.3	980.4	980.8		
998.4637	0.7849	982.2	980.4	980.8		
998.5470	0.7836	982.2	980.3	980.7		
998.6304	0.7756	982.2	980.4	980.8		
998.7137	0.7845	982.3	980.4	980.8		
998.7970	0.7885	982.3	980.4	980.7		
998.8804	0.7769	982.2	980.4	980.7		
998.9637	0.7814	982.2	980.5	980.8		
999.0470	0.7778	982.2	980.4	980.8		
999.1304	0.7809	982.2	980.4	980.7		
999.2137	0.7827	982.2	980.4	980.8		
999.2970	0.7809	982.2	980.3	980.7		
999.3804	0.7836	982.2	980.3	980.7		
999.4637	0.7774	982.1	980.4	980.7		
999.5470	0.7880	982.2	980.4	980.7		
999.6304	0.7809	982.2	980.4	980.7		
999.7137	0.7800	982.1	980.3	980.6		
999.7970	0.7778	982.2	980.4	980.7		
999.8804	0.7796	982.1	980.3	980.7		
999.9637	0.7840	982.3	980.4	980.8		
1000.0470	0.7818	982.2	980.4	980.7		
1000.1304	0.7778	982.2	980.4	980.8		
1000.2137	0.7805	982.2	980.4	980.8		
1000.2970	0.7800	982.2	980.4	980.7		
1000.3804	0.7689	982.2	980.4	980.7		
1000.4637	0.7814	982.3	980.5	980.7		
1000.5470	0.7831	982.2	980.5	980.7		
1000.6304	0.7831	982.2	980.4	980.7		
1000.7137	0.7849	982.3	980.4	980.7		
1000.7970	0.7862	982.2	980.4	980.7		
1000.8804	0.7867	982.2	980.4	980.7		
1000.9637	0.7840	982.2	980.4	980.8		
1001.0470	0.7853	982.2	980.4	980.7		
1001.1304	0.7880	982.2	980.4	980.8		
1001.2137	0.7849	982.2	980.3	980.7		
1001.2970	0.7836	982.2	980.4	980.8		
1001.3804	0.7765	982.2	980.4	980.8		
1001.4637	0.7858	982.2	980.4	980.7		
1001.5470	0.7836	982.2	980.4	980.7		
1001.6304	0.7831	982.3	980.4	980.7		
1001.7137	0.7787	982.2	980.4	980.7		
1001.7970	0.7871	982.2	980.4	980.8		
1001.8804	0.7836	982.1	980.3	980.7		
1001.9637	0.7791	982.2	980.4	980.8		
1002.0470	0.7805	982.1	980.4	980.7		
1002.1304	0.7889	982.2	980.3	980.7		
1002.2137	0.7805	982.2	980.3	980.7		
1002.2970	0.7805	982.2	980.4	980.8		
1002.3804	0.7791	982.3	980.4	980.7		
1002.4637	0.7743	982.2	980.4	980.6		
1002.5470	0.7853	982.2	980.4	980.7		
1002.6304	0.7867	982.3	980.4	980.6		
1002.7137	0.7774	982.2	980.4	980.7		
1002.7970	0.7885	982.3	980.4	980.8		
1002.8804	0.7800	982.2	980.4	980.7		
1002.9637	0.7871	982.2	980.4	980.8		
1003.0470	0.7867	982.2	980.4	980.8		
1003.1304	0.7858	982.2	980.4	980.6		
1003.2137	0.7778	982.2	980.3	980.6		
1003.2970	0.7760	982.3	980.4	980.7		
1003.3804	0.7765	982.2	980.4	980.7		
1003.4637	0.7800	982.2	980.4	980.7		
1003.5470	0.7916	982.2	980.4	980.8		
1003.6304	0.7796	982.3	980.4	980.7		
1003.7137	0.7862	982.2	980.4	980.8		
1003.7970	0.7822	982.2	980.4	980.8		
1003.8804	0.7831	982.2	980.3	980.7		
1003.9637	0.7849	982.2	980.4	980.7		
1004.0470	0.7876	982.2	980.4	980.7		
1004.1304	0.7867	982.2	980.4	980.7		
1004.2137	0.7867	982.3	980.4	980.8		
1004.2970	0.7827	982.3	980.5	980.8		
1004.3804	0.7853	982.2	980.3	980.7		
1004.4637	0.7840	982.2	980.4	980.6		
1004.5470	0.7867	982.2	980.4	980.7		
1004.6304	0.7840	982.2	980.4	980.8		
1004.7137	0.7889	982.3	980.4	980.7		
1004.7970	0.7907	982.2	980.3	980.7		
1004.8804	0.7849	982.1	980.3	980.7		
1004.9637	0.7805	982.2	980.4	980.7		
1005.0470	0.7809	982.3	980.3	980.7		
1005.1304	0.7853	982.2	980.4	980.7		
1005.2137	0.7858	982.2	980.3	980.7		
1005.2970	0.7858	982.2	980.3	980.7		
1005.3804	0.7898	982.2	980.3	980.7		
1005.4637	0.7845	982.2	980.4	980.8		
1005.5470	0.7853	982.2	980.4	980.7		
1005.6304	0.7805	982.3	980.4	980.8		
1005.7137	0.7942	982.1	980.4	980.8		
1005.7970	0.7938	982.2	980.4	980.7		
1005.8804	0.7876	982.1	980.3	980.7		
1005.9637	0.7902	982.2	980.4	980.8		
1006.0470	0.7867	982.3	980.5	980.9		
1006.1304	0.7907	982.1	980.4	980.7		
1006.2137	0.7849	982.2	980.4	980.8		
1006.2970	0.7916	982.1	980.3	980.7		
1006.3804	0.7845	982.2	980.4	980.8		
1006.4637	0.7916	982.3	980.4	980.8		
1006.5470	0.7885	982.1	980.3	980.6		
1006.6304	0.7902	982.3	980.4	980.7		
1006.7137	0.7858	982.2	980.4	980.7		
1006.7970	0.7898	982.2	980.4	980.7		
1006.8804	0.7911	982.1	980.4	980.7		
1006.9637	0.7765	982.1	980.4	980.7		
1007.0470	0.7858	982.3	980.4	980.8		
1007.1304	0.7867	982.2	980.3	980.7		
1007.2137	0.7893	982.2	980.4	980.8		
1007.2970	0.7889	982.2	980.4	980.7		
1007.3804	0.7845	982.3	980.4	980.8		
1007.4637	0.7853	982.2	980.4	980.7		
1007.5470	0.7862	982.2	980.3	980.8		
1007.6304	0.7880	982.2	980.3	980.8		
1007.7137	0.7889	982.2	980.4	980.7		
1007.7970	0.7867	982.3	980.4	980.7		
1007.8804	0.7876	982.2	980.3	980.7		
1007.9637	0.7867	982.2	980.4	980.7		
1008.0470	0.7849	982.2	980.4	980.7		
1008.1304	0.7849	982.2	980.4	980.8		
1008.2137	0.7867	982.2	980.4	980.7		
1008.2970	0.7849	982.2	980.4	980.8		
1008.3804	0.7840	982.3	980.4	980.8		
1008.4637	0.7858	982.3	980.4	980.8		
1008.5470	0.7853	982.2	980.3	980.7		
1008.6304	0.7907	982.1	980.3	980.7		
1008.7137	0.7867	982.2	980.3	980.7		
1008.7970	0.7867	982.1	980.4	980.7		
1008.8804	0.7925	982.2	980.4	980.8		
1008.9637	0.7827	982.2	980.4	980.8		
1009.0470	0.7800	982.1	980.3	980.7		
1009.1304	0.7774	982.2	980.3	980.6		
1009.2137	0.7893	982.2	980.4	980.7		
1009.2970	0.7845	982.3	980.4	980.7		
1009.3804	0.7898	982.3	980.5	980.7		
1009.4637	0.7893	982.2	980.4	980.7		
1009.5470	0.7902	982.2	980.4	980.7		
1009.6304	0.7907	982.2	980.4	980.8		
1009.7137	0.7893	982.2	980.4	980.7		
1009.7970	0.7916	982.2	980.4	980.7		
1009.8804	0.7880	982.1	980.4	980.7		
1009.9637	0.7925	982.1	980.4	980.7		
1010.0470	0.7893	982.2	980.4	980.8		
1010.1304	0.7805	982.2	980.4	980.8		
1010.2137	0.7827	982.3	980.4	980.8		
1010.2970	0.7916	982.2	980.4	980.7		
1010.3804	0.7893	982.2	980.4	980.8		
1010.4637	0.7920	982.2	980.4	980.7		
1010.5470	0.7898	982.2	980.4	980.7		
1010.6304	0.7916	982.2	980.4	980.8		
1010.7137	0.7862	982.2	980.4	980.8		
1010.7970	0.7862	982.3	980.4	980.8		
1010.8607	0.7867	982.3	980.4	980.7		
1010.8621	0.7951	982.3	980.4	980.8		
1010.8635	0.7911	982.3	980.4	980.8		
1010.8649	0.7885	980.9	979.4	979.1		
						
						
						
						
						
						
						
						
						
						
						
						
						
						
						
						
						
						
						
						
						
						
						
						
						
						
						
						
						
						
						
						
						
						
						
						
						
						
						
						
						
						
						
						
						
						
						
						
						
						
						
						
						
						
						
						
						
						
						
						
						
						
						
						
						
						
						
						
						
						
						
						
						
						
						
						
						
						
						
						
						
						
						
						
						
						
						
						
						
						
						
						
						
						
						
						
						
						
						
						
						
						
						
						
						
						
						
						
						
						
						
						
						
						
						
						
						
						
						
						
						
						
						
						
						
						
						
						
						
						
						
						
						
						
						
						
						
						
						
						
						
						
						
						
						
						
						
						
						
						
						
						
						
						
						
						
						
						
						
						
						
						
						
						
						
						
						
						
						
						
						
						
						
						
						
						
						
						
						
						
						
						
						
						
						
						
						
						
						
						
						
						
						
						
						
						
						
						
						
						
						
						
						
						
						
						
						
						
						
						
						
						
						
						
						
						
						
						
						
						
						
						
						
						
						
						
						
						
						
						
						
						
						
						
						
						
						
						
						
						
						
						
						
						
						
						
						
						
						
						
						
						
						
						
						
						
						
						
						
						
						
						
						
						
						
						
						
						
						
						
						
						
						
						
						
						
						
						
						
						
						
						
						
						
						
						
						
						
						
						
						
						
						
						
						
						
						
						
						
						
						
						
						
						
						
						
						
						
						
						
						
						
						
						
						
						
						
						
						
						
						
						
						
						
						
						
						
						
						
						
						
						
						
						
						
						
						
						
						
						
						
						
						
						
						
						
						
						
						
						
						
						
						
						
						
						
						
						
						
						
						
						
						
						
						
						
						
