BAM 5.2 Vh5205_C-82.LIS						
------------------------------------						
ENTRY	SYMBOL	UNIT		* Information common to all tests		
Date of test start			13.3.23 9:53 AM			
Test ID			Vh5205_C-82			
Test standard			DIN EN ISO 204:2019-4	*		
Specified temperature	T	°C	980	*		
Type of loading			Tension	*		
Initial stress	Ro	MPa	200			
Material Identifier			CMSX-6	*		
Manufacturing process description as-tested material			Single Crystal Investment Casting from a Vacuum Induction Refined Ingot and subsequent Heat Treatment (annealed and aged).	*		
Single crystal orientation 		°	3			
Test piece type I			Specimen according to DIN EN ISO 204:2019-4	*		
Test piece type II			Round cross section	*		
Test piece type III			Smooth test piece	*		
Sensor type - Contacting method			High-Temperature Axial Extensometer	*		
Measurement set-up			One-sided	*		
Minimum test piece diameter at room temperature	D	mm	6.00			
Reference length to calculate percentage elongations	Lr = Lo	mm	23.8			
Reference length to calculate percentage extensions	Lr = Le	mm	22.8			
Heating time		h	1.67			
Soak time		h	1.88			
Test duration	t	h	180			
Creep rupture time	tu	h	180			
Percentage elongation after creep fracture	Au	%	28			
Percentage reduction of area after creep fracture	Zu	%	56			
Percentage total extension	et	%	28.800			
Percentage initial total extension	eti	%	0.251			
Percentage elastic extension	ee	%	0.242			
Percentage initial plastic extension	ei	%	0.009			
Percentage plastic extension	ep	%	28.500			
Percentage creep extension	ef	%	28.500			
						
						
[data]						
Elapsed time from end of loading	Percentage creep extension	Corrected measured temperature - Top	Corrected measured temperature - Middle	Corrected measured temperature - Bottom		
t	ef	Tc	Tc	Tc		
h	%	°C	°C	°C		
0.0000	0.0000	981.2	980.5	980.8		
0.0014	0.0145	981.3	980.5	980.9		
0.0014	0.0066	981.4	980.5	980.9		
0.0028	0.0022	981.4	980.6	981.1		
0.0042	0.0101	981.4	980.7	981.4		
0.0056	0.0088	981.3	980.8	981.7		
0.0070	0.0053	981.3	980.9	982.1		
0.0084	0.0092	981.2	981.1	982.4		
0.0098	0.0141	981.2	981.2	982.7		
0.0112	0.0119	981.1	981.4	983.0		
0.0125	0.0114	981.1	981.5	983.3		
0.0139	0.0180	981.1	981.6	983.5		
0.0153	0.0132	981.0	981.7	983.6		
0.0167	0.0132	981.0	981.7	983.6		
0.0181	0.0176	981.0	981.8	983.6		
0.0195	0.0229	981.0	981.7	983.4		
0.0362	0.0163	980.4	980.2	981.6		
0.0528	0.0154	980.4	980.5	981.8		
0.0695	0.0229	980.3	980.3	981.8		
0.0862	0.0224	980.1	980.2	981.5		
0.1028	0.0272	980.0	980.1	981.5		
0.1195	0.0237	980.1	980.2	981.7		
0.1362	0.0321	980.0	980.0	981.6		
0.1528	0.0272	980.1	980.3	981.8		
0.1695	0.0325	980.2	980.3	981.8		
0.1862	0.0281	980.1	980.2	981.7		
0.2028	0.0343	980.0	980.1	981.7		
0.2195	0.0237	980.0	980.1	981.7		
0.2362	0.0387	980.1	980.1	981.5		
0.2528	0.0299	980.0	980.1	981.6		
0.2695	0.0435	980.0	979.9	981.4		
0.2862	0.0316	980.0	980.1	981.6		
0.3028	0.0334	980.0	980.1	981.6		
0.3195	0.0325	980.0	980.1	981.6		
0.3362	0.0308	980.0	980.0	981.5		
0.3528	0.0404	980.2	980.6	982.4		
0.3695	0.0400	980.1	980.3	981.9		
0.3862	0.0409	980.2	980.4	981.9		
0.4028	0.0352	980.0	980.3	981.8		
0.4195	0.0448	980.1	980.3	981.8		
0.4362	0.0382	980.3	980.3	981.8		
0.4528	0.0448	980.4	980.4	981.8		
0.4695	0.0413	980.3	980.4	981.8		
0.4862	0.0475	980.3	980.3	981.8		
0.5028	0.0483	980.2	980.2	981.8		
0.5195	0.0488	980.1	980.2	981.7		
0.5362	0.0475	980.1	980.1	981.7		
0.5528	0.0479	980.1	980.2	981.8		
0.5695	0.0444	980.1	980.2	981.6		
0.5862	0.0470	980.1	980.1	981.7		
0.6028	0.0479	980.0	980.1	981.6		
0.6195	0.0510	980.1	980.2	981.8		
0.6362	0.0492	980.1	980.2	981.7		
0.6528	0.0448	980.1	980.2	981.7		
0.6695	0.0510	980.0	980.1	981.7		
0.6862	0.0466	980.0	980.1	981.7		
0.7028	0.0611	980.0	980.2	981.7		
0.7195	0.0514	980.0	980.2	981.7		
0.7362	0.0541	980.1	980.3	981.8		
0.7528	0.0519	980.1	980.2	981.8		
0.7695	0.0519	980.0	980.2	981.7		
0.7862	0.0532	980.0	980.2	981.7		
0.8028	0.0554	980.1	980.2	981.7		
0.8195	0.0549	980.0	980.2	981.7		
0.8362	0.0593	980.1	980.2	981.8		
0.8528	0.0646	980.1	980.2	981.7		
0.8695	0.0527	980.0	980.2	981.8		
0.8862	0.0593	980.1	980.2	981.7		
0.9028	0.0580	980.0	980.2	981.7		
0.9195	0.0602	980.0	980.1	981.7		
0.9362	0.0562	980.0	980.1	981.7		
0.9528	0.0580	980.0	980.1	981.7		
0.9695	0.0567	980.0	980.1	981.7		
0.9862	0.0606	980.0	980.2	981.8		
1.0028	0.0549	980.1	980.2	981.7		
1.0195	0.0615	980.0	980.1	981.7		
1.0362	0.0580	980.0	980.2	981.7		
1.0528	0.0501	980.0	980.1	981.7		
1.0695	0.0646	980.0	980.1	981.7		
1.0862	0.0576	980.0	980.2	981.7		
1.1028	0.0554	980.0	980.1	981.7		
1.1195	0.0642	980.0	980.2	981.8		
1.1362	0.0686	980.0	980.1	981.7		
1.1528	0.0642	979.9	980.1	981.7		
1.1695	0.0646	980.0	980.1	981.7		
1.1862	0.0628	980.0	980.2	981.8		
1.2028	0.0606	980.0	980.2	981.7		
1.2195	0.0655	980.0	980.2	981.8		
1.2362	0.0620	980.0	980.2	981.8		
1.2528	0.0677	980.0	980.2	981.8		
1.2695	0.0637	980.0	980.2	981.7		
1.2862	0.0703	979.9	980.1	981.8		
1.3028	0.0633	980.0	980.1	981.7		
1.3195	0.0672	980.0	980.2	981.8		
1.3362	0.0716	980.0	980.2	981.7		
1.3528	0.0642	980.0	980.2	981.8		
1.3695	0.0725	980.0	980.2	981.8		
1.3862	0.0672	980.0	980.2	981.7		
1.4028	0.0628	980.3	980.3	981.8		
1.4195	0.0716	980.2	980.3	981.9		
1.4362	0.0708	980.2	980.2	981.8		
1.4528	0.0668	980.2	980.3	981.9		
1.4695	0.0708	980.1	980.2	981.8		
1.4862	0.0611	980.0	980.2	981.8		
1.5028	0.0642	980.0	980.2	981.8		
1.5195	0.0699	980.0	980.2	981.7		
1.5362	0.0686	980.0	980.2	981.7		
1.5528	0.0756	980.1	980.2	981.8		
1.5695	0.0646	980.0	980.2	981.8		
1.5862	0.0708	980.0	980.1	981.7		
1.6028	0.0729	980.0	980.2	981.8		
1.6195	0.0690	980.0	980.2	981.8		
1.6362	0.0773	979.9	980.2	981.8		
1.6528	0.0769	980.0	980.2	981.7		
1.6695	0.0787	979.9	980.2	981.8		
1.6862	0.0778	980.0	980.2	981.8		
1.7028	0.0681	980.0	980.2	981.8		
1.7195	0.0694	979.9	980.2	981.8		
1.7362	0.0795	980.0	980.1	981.8		
1.7528	0.0747	979.9	980.1	981.7		
1.7695	0.0879	979.9	980.2	981.8		
1.7862	0.0712	979.9	980.1	981.7		
1.8028	0.0765	980.2	980.3	981.9		
1.8195	0.0769	980.1	980.3	981.8		
1.8362	0.0844	980.1	980.2	981.8		
1.8528	0.0791	980.0	980.2	981.8		
1.8695	0.0791	980.1	980.2	981.8		
1.8862	0.0760	980.0	980.2	981.8		
1.9028	0.0778	980.1	980.2	981.8		
1.9195	0.0765	980.0	980.2	981.7		
1.9362	0.0817	980.0	980.1	981.8		
1.9528	0.0756	980.0	980.2	981.8		
1.9695	0.0800	980.0	980.3	981.9		
1.9862	0.0769	980.0	980.2	981.8		
2.0028	0.0782	979.9	980.1	981.7		
2.0195	0.0782	980.0	980.2	981.8		
2.0362	0.0826	980.0	980.1	981.7		
2.0528	0.0874	979.9	980.2	981.8		
2.0695	0.0787	979.9	980.2	981.8		
2.0862	0.0896	980.2	980.4	981.9		
2.1028	0.0835	980.1	980.3	981.8		
2.1195	0.0782	980.0	980.2	981.7		
2.1362	0.0826	980.0	980.2	981.8		
2.1528	0.0853	980.0	980.3	981.9		
2.1695	0.0817	980.1	980.3	982.0		
2.1862	0.0826	979.9	980.2	981.8		
2.2028	0.0870	980.0	980.2	981.8		
2.2195	0.0853	979.9	980.1	981.8		
2.2362	0.0853	979.9	980.1	981.8		
2.2528	0.0813	980.0	980.1	981.8		
2.2695	0.0831	980.1	980.3	982.0		
2.2862	0.0804	980.0	980.3	981.9		
2.3028	0.0905	980.1	980.2	981.9		
2.3195	0.0896	980.0	980.3	981.9		
2.3362	0.0874	980.0	980.2	981.8		
2.3528	0.0826	980.0	980.2	981.8		
2.3695	0.0866	980.0	980.2	981.8		
2.3862	0.0896	980.0	980.1	981.7		
2.4028	0.0839	980.0	980.1	981.7		
2.4195	0.0844	980.0	980.1	981.7		
2.4362	0.0866	980.1	980.2	981.7		
2.4528	0.0874	980.0	980.2	981.8		
2.4695	0.0954	980.0	980.2	981.8		
2.4862	0.0874	980.0	980.2	981.8		
2.5028	0.0822	980.0	980.2	981.9		
2.5195	0.0914	980.0	980.3	981.8		
2.5362	0.0954	980.0	980.2	981.9		
2.5528	0.0857	980.0	980.2	981.8		
2.5695	0.0888	980.0	980.2	981.8		
2.5862	0.0984	979.9	980.1	981.8		
2.6028	0.0901	979.9	980.1	981.8		
2.6195	0.0932	980.0	980.2	981.8		
2.6362	0.0901	980.0	980.3	981.9		
2.6528	0.0892	980.0	980.2	981.9		
2.6695	0.0923	980.0	980.4	982.1		
2.6862	0.0910	980.0	980.3	982.0		
2.7028	0.0945	980.0	980.3	982.0		
2.7195	0.1015	979.9	980.2	981.9		
2.7362	0.0958	980.1	980.3	981.9		
2.7528	0.0962	980.1	980.2	981.8		
2.7695	0.0984	980.1	980.2	981.9		
2.7862	0.0914	980.1	980.2	981.9		
2.8028	0.0945	979.9	980.1	981.8		
2.8195	0.0896	980.0	980.3	981.9		
2.8362	0.0940	980.0	980.2	981.8		
2.8528	0.0932	980.0	980.2	981.8		
2.8695	0.0976	979.9	980.2	981.8		
2.8862	0.1020	980.1	980.2	981.8		
2.9028	0.0962	980.0	980.2	981.8		
2.9195	0.0989	980.0	980.2	981.8		
2.9362	0.0958	979.9	980.2	981.8		
2.9528	0.0989	979.9	980.2	981.8		
2.9695	0.0980	980.2	980.3	981.9		
2.9862	0.0958	980.1	980.3	981.9		
3.0028	0.0980	980.1	980.3	982.0		
3.0195	0.0945	980.0	980.2	981.8		
3.0362	0.1011	980.0	980.3	981.9		
3.0528	0.0993	980.0	980.3	981.9		
3.0695	0.1046	979.8	980.2	981.7		
3.0862	0.0993	980.0	980.1	981.8		
3.1028	0.1033	979.9	980.2	981.9		
3.1195	0.0962	979.9	980.2	981.8		
3.1362	0.1068	980.0	980.2	981.9		
3.1528	0.0949	979.9	980.2	981.8		
3.1695	0.0976	980.0	980.2	981.9		
3.1862	0.0940	979.9	980.2	981.8		
3.2028	0.1055	980.0	980.2	981.9		
3.2195	0.0971	980.0	980.2	981.9		
3.2362	0.1002	980.0	980.2	981.9		
3.2528	0.0993	980.0	980.2	981.8		
3.2695	0.0958	980.1	980.3	981.9		
3.2862	0.1002	980.0	980.2	981.8		
3.3028	0.1011	980.0	980.2	981.8		
3.3195	0.0976	979.9	980.3	981.9		
3.3362	0.1081	980.1	980.3	982.0		
3.3528	0.1059	980.1	980.2	981.9		
3.3695	0.1011	980.0	980.2	981.8		
3.3862	0.1046	980.0	980.3	981.9		
3.4028	0.1037	979.9	980.2	981.8		
3.4195	0.0989	980.0	980.3	981.8		
3.4362	0.1055	980.0	980.2	981.9		
3.4528	0.1046	980.0	980.2	981.9		
3.4695	0.1055	980.0	980.2	981.9		
3.4862	0.1020	979.9	980.2	981.8		
3.5028	0.1055	980.0	980.2	981.9		
3.5195	0.1081	979.9	980.2	981.9		
3.5362	0.1041	980.0	980.2	981.9		
3.5528	0.1063	979.9	980.2	981.9		
3.5695	0.1055	980.0	980.2	981.9		
3.5862	0.1085	980.0	980.2	982.0		
3.6028	0.1160	979.9	980.2	981.8		
3.6195	0.1129	980.0	980.2	981.9		
3.6362	0.1103	980.0	980.2	981.8		
3.6528	0.1055	980.0	980.3	982.0		
3.6695	0.1099	980.0	980.2	981.9		
3.6862	0.1094	980.1	980.3	982.0		
3.7028	0.1041	980.0	980.2	981.8		
3.7195	0.1059	980.0	980.3	982.0		
3.7362	0.1046	980.0	980.2	981.9		
3.7528	0.1063	980.0	980.2	981.9		
3.7695	0.1125	980.0	980.2	982.0		
3.7862	0.1081	980.0	980.2	981.9		
3.8028	0.1147	980.0	980.2	981.8		
3.8195	0.1041	980.0	980.3	981.9		
3.8362	0.1107	980.0	980.2	981.8		
3.8528	0.1187	980.0	980.2	981.9		
3.8695	0.1081	979.9	980.2	981.8		
3.8862	0.1033	980.0	980.2	981.8		
3.9028	0.1147	980.0	980.2	981.9		
3.9195	0.1121	980.0	980.3	981.9		
3.9362	0.1103	980.0	980.2	981.9		
3.9528	0.1107	980.0	980.3	981.9		
3.9695	0.1160	980.0	980.2	981.9		
3.9862	0.1041	980.0	980.2	982.0		
4.0028	0.1169	980.0	980.3	981.9		
4.0195	0.1138	980.0	980.2	981.9		
4.0362	0.1178	979.9	980.2	981.9		
4.0528	0.1138	980.0	980.3	981.9		
4.0695	0.1103	980.0	980.2	981.9		
4.0862	0.1081	980.0	980.2	981.8		
4.1028	0.1138	980.0	980.2	981.9		
4.1195	0.1147	980.0	980.2	981.9		
4.1362	0.1165	979.9	980.2	981.8		
4.1528	0.1129	980.1	980.2	981.9		
4.1695	0.1165	980.0	980.3	981.9		
4.1862	0.1213	980.0	980.2	981.9		
4.2028	0.1129	980.1	980.3	981.9		
4.2195	0.1182	980.0	980.2	981.8		
4.2362	0.1138	980.0	980.2	981.9		
4.2528	0.1178	980.0	980.2	981.9		
4.2695	0.1239	980.2	980.4	982.2		
4.2862	0.1121	980.0	980.2	981.8		
4.3028	0.1235	980.0	980.2	981.9		
4.3195	0.1178	980.0	980.2	981.9		
4.3362	0.1191	980.0	980.3	981.9		
4.3528	0.1187	980.0	980.3	981.9		
4.3695	0.1169	980.0	980.2	981.9		
4.3862	0.1173	980.0	980.2	981.9		
4.4028	0.1226	980.0	980.2	981.8		
4.4195	0.1217	980.0	980.3	981.9		
4.4362	0.1230	980.0	980.2	981.9		
4.4528	0.1248	980.0	980.2	981.9		
4.4695	0.1261	980.0	980.2	981.9		
4.4862	0.1129	980.0	980.2	981.9		
4.5028	0.1283	980.0	980.2	981.9		
4.5195	0.1261	980.0	980.3	981.9		
4.5362	0.1213	979.9	980.2	981.9		
4.5528	0.1244	979.9	980.2	981.9		
4.5695	0.1208	979.9	980.2	981.9		
4.5862	0.1226	979.9	980.3	981.9		
4.6028	0.1235	980.0	980.3	982.0		
4.6195	0.1187	980.0	980.2	981.9		
4.6362	0.1235	980.0	980.2	982.0		
4.6528	0.1191	980.0	980.2	981.9		
4.6695	0.1182	980.1	980.3	981.9		
4.6862	0.1235	980.0	980.2	982.0		
4.7028	0.1230	980.0	980.2	982.0		
4.7195	0.1222	980.1	980.2	981.9		
4.7362	0.1261	980.0	980.3	981.9		
4.7528	0.1230	980.0	980.2	981.8		
4.7695	0.1200	980.0	980.2	981.9		
4.7862	0.1230	980.0	980.2	981.9		
4.8028	0.1266	980.0	980.2	981.9		
4.8195	0.1257	980.0	980.2	981.9		
4.8362	0.1305	980.0	980.2	981.8		
4.8528	0.1222	979.9	980.2	981.8		
4.8695	0.1204	980.0	980.3	982.0		
4.8862	0.1222	979.9	980.2	981.9		
4.9028	0.1239	980.0	980.2	981.9		
4.9195	0.1274	980.0	980.2	982.0		
4.9362	0.1261	980.0	980.2	981.9		
4.9528	0.1261	980.4	980.4	982.0		
4.9695	0.1222	980.3	980.4	982.0		
4.9862	0.1292	980.2	980.4	982.0		
5.0028	0.1235	980.1	980.3	981.9		
5.0195	0.1349	980.1	980.3	982.0		
5.0362	0.1230	980.0	980.3	982.0		
5.0528	0.1296	980.0	980.3	982.0		
5.0695	0.1266	980.0	980.2	981.9		
5.0862	0.1244	980.0	980.3	982.0		
5.1028	0.1349	980.0	980.3	982.0		
5.1195	0.1200	980.0	980.3	982.0		
5.1362	0.1301	980.0	980.2	981.9		
5.1528	0.1318	980.0	980.2	981.9		
5.1695	0.1274	980.0	980.3	982.0		
5.1862	0.1217	980.1	980.2	981.9		
5.2028	0.1305	980.0	980.3	982.0		
5.2195	0.1323	980.1	980.3	982.0		
5.2362	0.1283	980.1	980.3	981.9		
5.2528	0.1310	980.0	980.2	981.9		
5.2695	0.1296	980.0	980.3	982.0		
5.2862	0.1340	980.0	980.2	981.9		
5.3028	0.1345	979.9	980.2	981.9		
5.3195	0.1397	979.9	980.2	981.8		
5.3362	0.1406	980.2	980.3	982.0		
5.3528	0.1318	980.1	980.3	981.9		
5.3695	0.1362	980.0	980.2	981.9		
5.3862	0.1353	980.0	980.4	982.2		
5.4028	0.1305	980.0	980.3	982.0		
5.4195	0.1345	980.1	980.4	982.0		
5.4362	0.1367	979.9	980.3	982.0		
5.4528	0.1270	980.0	980.3	982.0		
5.4695	0.1305	979.9	980.3	982.0		
5.4862	0.1323	979.9	980.3	982.0		
5.5028	0.1332	980.0	980.2	981.9		
5.5195	0.1353	980.0	980.3	982.0		
5.5362	0.1446	980.0	980.3	982.0		
5.5528	0.1362	980.0	980.2	982.0		
5.5695	0.1375	980.1	980.4	982.0		
5.5862	0.1415	980.0	980.3	982.0		
5.6028	0.1327	980.0	980.3	982.0		
5.6195	0.1274	979.9	980.3	981.9		
5.6362	0.1362	979.9	980.2	981.9		
5.6528	0.1345	979.9	980.2	982.0		
5.6695	0.1336	979.9	980.2	981.9		
5.6862	0.1336	979.9	980.2	981.9		
5.7028	0.1248	980.0	980.2	981.9		
5.7195	0.1375	980.2	980.3	982.0		
5.7362	0.1301	980.1	980.4	981.9		
5.7528	0.1305	980.1	980.3	981.9		
5.7695	0.1375	980.1	980.3	982.0		
5.7862	0.1349	980.0	980.3	981.9		
5.8028	0.1384	980.0	980.2	981.9		
5.8195	0.1402	980.1	980.3	981.9		
5.8362	0.1296	979.9	980.2	981.9		
5.8528	0.1296	980.0	980.2	981.8		
5.8695	0.1345	980.0	980.2	981.8		
5.8862	0.1349	979.9	980.2	981.9		
5.9028	0.1380	980.0	980.2	981.9		
5.9195	0.1384	980.0	980.3	982.0		
5.9362	0.1380	980.0	980.3	982.0		
5.9528	0.1415	980.0	980.3	982.1		
5.9695	0.1455	980.0	980.3	982.0		
5.9862	0.1411	980.0	980.3	982.0		
6.0028	0.1384	980.0	980.3	981.9		
6.0195	0.1437	980.1	980.3	982.0		
6.0362	0.1428	980.0	980.3	982.0		
6.0528	0.1428	980.0	980.2	982.0		
6.0695	0.1415	980.1	980.3	982.0		
6.0862	0.1411	980.0	980.3	982.0		
6.1028	0.1411	980.0	980.3	982.0		
6.1195	0.1358	980.0	980.4	982.0		
6.1362	0.1433	980.1	980.4	982.1		
6.1528	0.1323	980.0	980.3	982.0		
6.1695	0.1455	980.1	980.3	982.0		
6.1862	0.1353	980.0	980.2	981.9		
6.2028	0.1367	980.0	980.3	981.9		
6.2195	0.1393	980.0	980.3	981.9		
6.2362	0.1446	980.0	980.3	981.9		
6.2528	0.1323	980.0	980.2	981.9		
6.2695	0.1428	980.1	980.3	982.0		
6.2862	0.1477	980.1	980.3	982.0		
6.3028	0.1424	980.0	980.3	982.0		
6.3195	0.1428	980.0	980.2	981.9		
6.3362	0.1459	980.1	980.3	982.0		
6.3528	0.1459	980.0	980.3	982.0		
6.3695	0.1463	980.0	980.3	982.0		
6.3862	0.1389	980.0	980.3	982.0		
6.4028	0.1424	980.0	980.3	981.9		
6.4195	0.1428	979.9	980.3	982.0		
6.4362	0.1419	980.1	980.2	981.9		
6.4528	0.1441	980.0	980.3	982.1		
6.4695	0.1494	980.1	980.3	982.0		
6.4862	0.1494	980.0	980.3	982.0		
6.5028	0.1494	980.1	980.3	982.0		
6.5195	0.1428	980.0	980.3	982.0		
6.5362	0.1450	980.0	980.3	982.0		
6.5528	0.1437	980.0	980.4	982.0		
6.5695	0.1477	980.1	980.3	982.0		
6.5862	0.1503	980.0	980.3	982.1		
6.6028	0.1551	980.1	980.3	982.0		
6.6195	0.1516	980.1	980.3	982.1		
6.6362	0.1415	980.0	980.3	982.1		
6.6528	0.1433	980.0	980.3	982.0		
6.6695	0.1428	979.9	980.3	982.0		
6.6862	0.1490	980.0	980.3	981.9		
6.7028	0.1494	980.0	980.3	981.9		
6.7195	0.1411	980.0	980.3	982.0		
6.7362	0.1441	980.0	980.3	982.0		
6.7528	0.1490	980.0	980.2	981.8		
6.7695	0.1446	980.1	980.3	982.0		
6.7862	0.1472	980.0	980.3	982.1		
6.8028	0.1481	980.1	980.3	981.9		
6.8195	0.1529	980.1	980.3	982.0		
6.8362	0.1485	980.1	980.3	982.0		
6.8528	0.1507	980.1	980.3	982.0		
6.8695	0.1494	980.0	980.2	981.9		
6.8862	0.1512	980.1	980.3	982.0		
6.9028	0.1560	980.0	980.3	982.0		
6.9195	0.1512	980.0	980.3	981.9		
6.9362	0.1520	980.0	980.3	982.1		
6.9528	0.1520	980.0	980.3	982.1		
6.9695	0.1551	980.1	980.4	982.1		
6.9862	0.1525	980.0	980.3	982.0		
7.0028	0.1534	980.0	980.3	982.0		
7.0195	0.1512	980.0	980.3	982.0		
7.0362	0.1547	980.0	980.3	982.0		
7.0528	0.1542	980.0	980.3	982.0		
7.0695	0.1499	980.0	980.3	982.0		
7.0862	0.1472	980.1	980.3	982.0		
7.1028	0.1591	980.0	980.4	982.1		
7.1195	0.1529	980.1	980.4	982.0		
7.1362	0.1529	980.0	980.3	982.0		
7.1528	0.1512	980.0	980.3	982.0		
7.1695	0.1547	980.0	980.3	982.0		
7.1862	0.1542	980.1	980.4	982.1		
7.2028	0.1477	980.1	980.3	982.0		
7.2195	0.1573	980.1	980.3	982.1		
7.2362	0.1578	980.0	980.3	982.0		
7.2528	0.1525	980.0	980.3	982.0		
7.2695	0.1551	980.0	980.3	981.9		
7.2862	0.1551	980.1	980.3	982.0		
7.3028	0.1578	980.3	980.4	982.0		
7.3195	0.1441	980.2	980.4	982.0		
7.3362	0.1578	980.3	980.5	982.2		
7.3528	0.1538	980.2	980.4	982.0		
7.3695	0.1485	980.1	980.4	982.0		
7.3862	0.1674	980.1	980.4	982.0		
7.4028	0.1564	980.1	980.4	982.0		
7.4195	0.1600	980.1	980.4	982.0		
7.4362	0.1512	980.0	980.3	982.0		
7.4528	0.1547	980.0	980.3	981.9		
7.4695	0.1622	980.0	980.3	982.0		
7.4862	0.1639	980.0	980.3	981.9		
7.5028	0.1556	980.0	980.3	982.0		
7.5195	0.1591	980.0	980.3	982.0		
7.5362	0.1591	980.0	980.3	981.9		
7.5528	0.1657	980.0	980.3	982.0		
7.5695	0.1595	980.1	980.3	982.1		
7.5862	0.1564	980.0	980.3	982.0		
7.6028	0.1551	980.0	980.3	982.0		
7.6195	0.1569	980.1	980.4	982.0		
7.6362	0.1582	980.0	980.3	982.1		
7.6528	0.1622	980.0	980.3	982.0		
7.6695	0.1586	980.0	980.4	982.1		
7.6862	0.1613	979.9	980.2	981.9		
7.7028	0.1652	980.0	980.3	982.1		
7.7195	0.1670	980.0	980.3	982.1		
7.7362	0.1525	980.0	980.3	982.0		
7.7528	0.1617	980.0	980.3	982.0		
7.7695	0.1639	980.0	980.3	982.0		
7.7862	0.1595	980.0	980.2	981.9		
7.8028	0.1560	980.0	980.3	982.0		
7.8195	0.1635	980.0	980.3	982.0		
7.8362	0.1573	980.0	980.2	982.0		
7.8528	0.1661	980.0	980.3	982.0		
7.8695	0.1613	980.0	980.2	981.9		
7.8862	0.1569	980.0	980.3	982.0		
7.9028	0.1608	980.2	980.4	982.1		
7.9195	0.1582	980.2	980.4	982.1		
7.9362	0.1578	980.1	980.4	982.0		
7.9528	0.1630	980.1	980.4	982.0		
7.9695	0.1635	980.0	980.3	982.0		
7.9862	0.1683	980.0	980.3	982.0		
8.0028	0.1604	980.1	980.4	982.0		
8.0195	0.1714	980.1	980.3	982.0		
8.0362	0.1556	980.0	980.3	982.0		
8.0528	0.1604	980.0	980.4	982.1		
8.0695	0.1547	980.0	980.3	982.0		
8.0862	0.1648	980.0	980.3	982.0		
8.1028	0.1657	980.0	980.3	982.0		
8.1195	0.1604	980.0	980.3	982.1		
8.1362	0.1714	980.1	980.3	982.0		
8.1528	0.1674	979.9	980.3	982.0		
8.1695	0.1661	979.9	980.3	982.1		
8.1862	0.1670	979.9	980.3	982.0		
8.2028	0.1617	980.0	980.3	982.0		
8.2195	0.1648	980.0	980.4	982.1		
8.2362	0.1665	980.0	980.3	982.0		
8.2528	0.1679	980.0	980.3	982.0		
8.2695	0.1679	980.0	980.3	982.0		
8.2862	0.1692	980.0	980.3	982.1		
8.3028	0.1670	980.0	980.3	982.0		
8.3195	0.1687	980.0	980.3	982.0		
8.3362	0.1674	980.1	980.3	982.1		
8.3528	0.1639	980.0	980.3	982.0		
8.3695	0.1630	980.1	980.3	982.0		
8.3862	0.1727	980.1	980.3	982.0		
8.4028	0.1679	980.2	980.3	982.1		
8.4195	0.1692	980.1	980.3	982.0		
8.4362	0.1657	980.1	980.4	982.1		
8.4528	0.1670	980.1	980.3	982.0		
8.4695	0.1679	980.1	980.3	981.9		
8.4862	0.1696	980.0	980.3	982.0		
8.5028	0.1665	980.0	980.3	982.0		
8.5195	0.1709	980.0	980.3	982.0		
8.5362	0.1578	980.1	980.4	982.1		
8.5528	0.1727	980.1	980.3	982.0		
8.5695	0.1696	980.1	980.4	982.1		
8.5862	0.1705	980.0	980.3	982.0		
8.6028	0.1696	980.0	980.3	982.1		
8.6195	0.1718	980.1	980.4	982.1		
8.6362	0.1679	980.0	980.4	982.1		
8.6528	0.1723	980.0	980.3	982.0		
8.6695	0.1723	980.0	980.3	982.1		
8.6862	0.1692	980.1	980.3	982.1		
8.7028	0.1740	980.0	980.3	982.0		
8.7195	0.1731	980.1	980.3	982.1		
8.7362	0.1718	980.1	980.3	982.1		
8.7528	0.1657	980.0	980.3	982.0		
8.7695	0.1723	980.0	980.3	982.0		
8.7862	0.1727	980.0	980.3	982.0		
8.8028	0.1736	980.0	980.3	982.0		
8.8195	0.1679	980.1	980.4	982.1		
8.8362	0.1701	980.0	980.3	982.0		
8.8528	0.1696	980.1	980.4	982.1		
8.8695	0.1731	980.1	980.4	982.1		
8.8862	0.1740	980.0	980.3	982.0		
8.9028	0.1705	980.1	980.3	982.1		
8.9195	0.1683	980.1	980.4	982.0		
8.9362	0.1709	980.1	980.4	982.1		
8.9528	0.1771	980.1	980.2	981.9		
8.9695	0.1819	980.0	980.3	982.0		
8.9862	0.1714	980.1	980.4	982.0		
9.0028	0.1771	980.1	980.4	982.1		
9.0195	0.1736	980.1	980.3	982.0		
9.0362	0.1683	980.1	980.4	982.1		
9.0528	0.1784	980.0	980.4	982.1		
9.0695	0.1841	980.1	980.3	982.1		
9.0862	0.1745	980.1	980.3	982.0		
9.1028	0.1705	980.1	980.4	982.0		
9.1195	0.1731	980.0	980.3	982.0		
9.1362	0.1806	980.1	980.3	982.1		
9.1528	0.1723	980.0	980.3	982.0		
9.1695	0.1784	980.0	980.4	982.0		
9.1862	0.1780	980.0	980.3	982.0		
9.2028	0.1824	980.0	980.3	982.0		
9.2195	0.1731	980.5	980.5	982.2		
9.2362	0.1815	980.3	980.5	982.2		
9.2528	0.1749	980.3	980.5	982.2		
9.2695	0.1753	980.1	980.4	982.2		
9.2862	0.1771	980.1	980.4	982.1		
9.3028	0.1837	980.2	980.4	982.1		
9.3195	0.1837	980.2	980.5	982.2		
9.3362	0.1824	980.0	980.3	982.0		
9.3528	0.1872	980.0	980.4	982.0		
9.3695	0.1797	980.0	980.3	982.0		
9.3862	0.1784	980.0	980.3	982.1		
9.4028	0.1780	980.1	980.4	982.1		
9.4195	0.1859	980.0	980.3	982.1		
9.4362	0.1745	980.1	980.4	982.2		
9.4528	0.1784	980.1	980.3	982.0		
9.4695	0.1780	980.1	980.4	982.1		
9.4862	0.1745	980.0	980.3	982.0		
9.5028	0.1872	980.1	980.3	982.1		
9.5195	0.1780	980.0	980.2	982.0		
9.5362	0.1841	980.2	980.4	982.2		
9.5528	0.1806	980.1	980.4	982.0		
9.5695	0.1859	980.1	980.4	982.1		
9.5862	0.1740	980.0	980.3	982.0		
9.6028	0.1846	980.1	980.3	982.1		
9.6195	0.1740	980.1	980.4	982.1		
9.6362	0.1841	980.0	980.3	982.1		
9.6528	0.1793	980.0	980.3	982.0		
9.6695	0.1819	980.1	980.4	982.1		
9.6862	0.1797	980.0	980.3	982.0		
9.7028	0.1885	980.0	980.4	982.1		
9.7195	0.1859	980.1	980.4	982.1		
9.7362	0.1876	980.1	980.4	982.1		
9.7528	0.1854	980.4	980.5	982.1		
9.7695	0.1824	980.1	980.4	982.1		
9.7862	0.1872	980.1	980.4	982.1		
9.8028	0.1811	980.1	980.4	982.1		
9.8195	0.1846	980.0	980.4	982.1		
9.8362	0.1876	980.0	980.4	982.0		
9.8528	0.1881	980.0	980.3	982.0		
9.8695	0.1806	979.9	980.2	981.9		
9.8862	0.1846	979.9	980.3	982.0		
9.9028	0.1890	979.9	980.2	982.0		
9.9195	0.1859	980.2	980.4	982.1		
9.9362	0.1876	980.1	980.4	982.1		
9.9528	0.1881	980.1	980.4	982.1		
9.9695	0.1828	980.1	980.4	982.1		
9.9862	0.1793	980.1	980.4	982.1		
10.0028	0.1934	980.1	980.3	982.1		
10.0195	0.1890	980.1	980.4	982.1		
10.0362	0.1898	980.1	980.3	982.1		
10.0528	0.1846	980.2	980.4	982.1		
10.0695	0.1850	980.1	980.4	982.1		
10.0862	0.1846	980.1	980.4	982.1		
10.1028	0.1863	980.1	980.3	982.1		
10.1195	0.1828	980.1	980.4	982.1		
10.1362	0.1815	980.1	980.4	982.1		
10.1528	0.1806	980.1	980.4	982.1		
10.1695	0.1841	980.1	980.3	982.0		
10.1862	0.1850	980.1	980.4	982.1		
10.2028	0.1837	980.1	980.4	982.1		
10.2195	0.1850	980.1	980.3	982.0		
10.2362	0.1837	980.1	980.4	982.0		
10.2528	0.1890	980.1	980.3	982.0		
10.2695	0.1841	980.0	980.3	982.0		
10.2862	0.1881	980.1	980.4	982.0		
10.3028	0.1872	980.0	980.4	982.1		
10.3195	0.1841	980.1	980.3	982.1		
10.3362	0.1894	980.0	980.3	982.0		
10.3528	0.1841	980.0	980.4	982.0		
10.3695	0.1898	980.0	980.3	982.0		
10.3862	0.1982	980.0	980.3	982.0		
10.4028	0.1876	980.1	980.3	982.1		
10.4195	0.1929	980.1	980.3	982.0		
10.4362	0.1973	980.1	980.4	982.1		
10.4528	0.1881	980.0	980.3	982.0		
10.4695	0.1934	980.0	980.3	982.0		
10.4862	0.1903	980.1	980.4	982.1		
10.5028	0.1890	980.0	980.3	982.1		
10.5195	0.1894	980.0	980.3	982.0		
10.5362	0.1894	980.0	980.3	982.0		
10.5528	0.1920	980.1	980.4	982.2		
10.5695	0.1964	980.1	980.4	982.2		
10.5862	0.1916	980.1	980.4	982.2		
10.6028	0.2035	980.1	980.4	982.1		
10.6195	0.1938	980.1	980.4	982.1		
10.6362	0.1841	980.2	980.4	982.2		
10.6528	0.1907	980.0	980.4	982.2		
10.6695	0.1863	980.1	980.5	982.2		
10.6862	0.1903	980.0	980.4	982.0		
10.7028	0.1929	980.1	980.3	982.1		
10.7195	0.1912	980.1	980.4	982.1		
10.7362	0.1969	980.1	980.3	982.0		
10.7528	0.1938	980.1	980.3	982.1		
10.7695	0.1872	980.1	980.3	982.1		
10.7862	0.1938	980.1	980.3	982.0		
10.8028	0.1920	980.2	980.4	982.1		
10.8195	0.1863	980.2	980.4	982.1		
10.8362	0.1890	980.1	980.4	982.1		
10.8528	0.1960	980.1	980.4	982.0		
10.8695	0.1903	980.1	980.3	981.9		
10.8862	0.1929	980.2	980.4	982.0		
10.9028	0.1907	980.0	980.3	981.9		
10.9195	0.1863	980.0	980.3	982.0		
10.9362	0.2004	980.1	980.3	981.9		
10.9528	0.1995	980.1	980.4	982.1		
10.9695	0.1947	980.1	980.4	982.0		
10.9862	0.1912	980.1	980.4	982.0		
11.0028	0.2004	980.0	980.3	982.0		
11.0195	0.1938	980.1	980.4	982.1		
11.0362	0.1991	980.1	980.3	982.0		
11.0528	0.1916	980.0	980.3	982.1		
11.0695	0.2017	980.1	980.4	982.1		
11.0862	0.1969	980.1	980.4	982.0		
11.1028	0.2013	980.1	980.3	982.1		
11.1195	0.2021	980.0	980.4	982.0		
11.1362	0.2026	980.1	980.4	982.2		
11.1528	0.1942	980.0	980.4	982.1		
11.1695	0.2026	980.1	980.4	982.0		
11.1862	0.2017	980.3	980.4	982.1		
11.2028	0.1960	980.3	980.5	982.1		
11.2195	0.1986	980.1	980.4	982.2		
11.2362	0.1916	980.1	980.4	982.1		
11.2528	0.2021	980.0	980.4	982.1		
11.2695	0.1995	980.1	980.4	982.1		
11.2862	0.2061	980.0	980.4	982.1		
11.3028	0.2030	980.0	980.3	982.0		
11.3195	0.1947	980.1	980.4	982.1		
11.3362	0.2061	980.1	980.4	982.2		
11.3528	0.1986	980.1	980.4	982.1		
11.3695	0.2017	980.1	980.4	982.1		
11.3862	0.2017	980.1	980.4	982.1		
11.4028	0.2030	980.0	980.4	982.2		
11.4195	0.2008	980.1	980.4	982.2		
11.4362	0.1951	980.1	980.4	982.1		
11.4528	0.2043	980.0	980.4	982.1		
11.4695	0.2061	980.1	980.4	982.1		
11.4862	0.2048	980.1	980.5	982.2		
11.5028	0.2013	980.1	980.4	982.1		
11.5195	0.2021	980.1	980.4	982.1		
11.5362	0.2109	980.1	980.4	982.2		
11.5528	0.1978	980.1	980.4	982.2		
11.5695	0.1973	980.2	980.4	982.1		
11.5862	0.2021	980.2	980.4	982.1		
11.6028	0.2017	980.2	980.4	982.1		
11.6195	0.1903	980.2	980.4	982.0		
11.6362	0.1956	980.2	980.4	982.1		
11.6528	0.1995	980.2	980.4	982.1		
11.6695	0.2043	980.1	980.4	982.0		
11.6862	0.2017	980.1	980.4	982.0		
11.7028	0.2065	980.1	980.4	982.1		
11.7195	0.2004	980.2	980.4	982.1		
11.7362	0.1960	980.1	980.4	982.1		
11.7528	0.2083	980.1	980.4	982.1		
11.7695	0.2039	980.1	980.4	982.1		
11.7862	0.2017	980.1	980.4	982.1		
11.8028	0.2030	980.1	980.3	982.0		
11.8195	0.2109	980.1	980.4	982.1		
11.8362	0.2065	980.1	980.4	982.1		
11.8528	0.2070	980.1	980.4	982.1		
11.8695	0.2070	980.1	980.4	982.0		
11.8862	0.2052	980.1	980.4	982.1		
11.9028	0.2043	980.2	980.4	982.2		
11.9195	0.2035	980.1	980.4	982.1		
11.9362	0.2127	980.1	980.4	982.1		
11.9528	0.2083	980.1	980.5	982.1		
11.9695	0.2048	980.1	980.4	982.1		
11.9862	0.2105	980.1	980.4	982.1		
12.0028	0.2087	980.1	980.4	982.2		
12.0195	0.2166	980.1	980.4	982.2		
12.0362	0.2043	980.1	980.4	982.1		
12.0528	0.2021	980.2	980.4	982.1		
12.0695	0.2061	980.1	980.5	982.2		
12.0862	0.2096	980.2	980.5	982.2		
12.1028	0.2052	980.2	980.4	982.2		
12.1195	0.2123	980.2	980.4	982.1		
12.1362	0.2057	980.1	980.3	982.1		
12.1528	0.2087	980.1	980.4	982.0		
12.1695	0.2101	980.1	980.3	982.1		
12.1862	0.2043	980.1	980.4	982.1		
12.2028	0.2114	980.2	980.4	982.1		
12.2195	0.2083	980.1	980.3	982.1		
12.2362	0.2109	980.1	980.3	982.0		
12.2528	0.2096	980.1	980.3	982.0		
12.2695	0.2026	980.2	980.4	982.1		
12.2862	0.2074	980.1	980.4	982.0		
12.3028	0.2048	980.2	980.4	982.1		
12.3195	0.2114	980.2	980.4	982.1		
12.3362	0.2118	980.1	980.4	982.1		
12.3528	0.2083	980.1	980.4	982.1		
12.3695	0.2193	980.1	980.4	982.1		
12.3862	0.2140	980.0	980.4	982.1		
12.4028	0.2123	980.2	980.4	982.1		
12.4195	0.2158	980.1	980.4	982.1		
12.4362	0.2039	980.1	980.4	982.2		
12.4528	0.2131	980.1	980.4	982.2		
12.4695	0.2065	980.2	980.5	982.1		
12.4862	0.2131	980.3	980.5	982.2		
12.5028	0.2114	980.2	980.5	982.2		
12.5195	0.2136	980.2	980.5	982.2		
12.5362	0.2162	980.1	980.4	982.1		
12.5528	0.2092	980.1	980.4	982.2		
12.5695	0.2162	980.1	980.4	982.2		
12.5862	0.2127	980.1	980.4	982.1		
12.6028	0.2123	980.1	980.4	982.2		
12.6195	0.2171	980.1	980.4	982.2		
12.6362	0.2180	980.2	980.4	982.2		
12.6528	0.2118	980.1	980.4	982.1		
12.6695	0.2083	980.1	980.4	982.1		
12.6862	0.2153	980.1	980.4	982.1		
12.7028	0.2149	980.1	980.4	982.2		
12.7195	0.2162	980.1	980.4	982.1		
12.7362	0.2162	980.2	980.4	982.1		
12.7528	0.2136	980.1	980.4	982.1		
12.7695	0.2118	980.1	980.4	982.1		
12.7862	0.2144	980.2	980.4	982.1		
12.8028	0.2144	980.1	980.3	982.1		
12.8195	0.2171	980.2	980.5	982.2		
12.8362	0.2123	980.2	980.4	982.1		
12.8528	0.2171	980.1	980.3	982.1		
12.8695	0.2219	980.1	980.4	982.0		
12.8862	0.2175	980.2	980.4	982.1		
12.9028	0.2197	980.1	980.4	982.1		
12.9195	0.2136	980.1	980.4	982.1		
12.9362	0.2158	980.2	980.4	982.2		
12.9528	0.2237	980.1	980.4	982.1		
12.9695	0.2215	980.2	980.4	982.0		
12.9862	0.2144	980.1	980.4	982.1		
13.0028	0.2166	980.1	980.4	982.2		
13.0195	0.2193	980.1	980.4	982.1		
13.0362	0.2180	980.1	980.5	982.2		
13.0528	0.2175	980.1	980.4	982.0		
13.0695	0.2232	980.2	980.4	982.1		
13.0862	0.2074	980.1	980.4	982.1		
13.1028	0.2171	980.1	980.4	982.1		
13.1195	0.2206	980.1	980.5	982.2		
13.1362	0.2184	980.1	980.4	982.0		
13.1528	0.2184	980.1	980.4	982.1		
13.1695	0.2228	980.1	980.4	982.1		
13.1862	0.2206	980.1	980.4	982.1		
13.2028	0.2184	980.1	980.5	982.2		
13.2195	0.2241	980.1	980.4	982.1		
13.2362	0.2272	980.1	980.4	982.1		
13.2528	0.2224	980.1	980.4	982.2		
13.2695	0.2215	980.1	980.4	982.1		
13.2862	0.2254	980.1	980.4	982.1		
13.3028	0.2250	980.1	980.4	982.2		
13.3195	0.2237	980.1	980.5	982.2		
13.3362	0.2210	980.1	980.4	982.1		
13.3528	0.2162	980.1	980.4	982.2		
13.3695	0.2307	980.2	980.4	982.2		
13.3862	0.2144	980.1	980.4	982.1		
13.4028	0.2276	980.2	980.5	982.2		
13.4195	0.2180	980.1	980.4	982.1		
13.4362	0.2237	980.1	980.4	982.1		
13.4528	0.2158	980.1	980.4	982.1		
13.4695	0.2254	980.1	980.4	982.1		
13.4862	0.2197	980.6	980.6	982.1		
13.5028	0.2232	980.4	980.6	982.2		
13.5195	0.2215	980.3	980.5	982.1		
13.5362	0.2193	980.2	980.5	982.2		
13.5528	0.2184	980.2	980.5	982.1		
13.5695	0.2215	980.1	980.4	982.1		
13.5862	0.2272	980.1	980.4	982.0		
13.6028	0.2184	980.1	980.4	982.1		
13.6195	0.2228	980.1	980.3	982.1		
13.6362	0.2175	980.1	980.5	982.2		
13.6528	0.2228	980.1	980.4	982.1		
13.6695	0.2281	980.1	980.4	982.1		
13.6862	0.2259	980.1	980.4	982.1		
13.7028	0.2254	980.1	980.4	982.1		
13.7195	0.2250	980.1	980.4	982.1		
13.7362	0.2285	980.1	980.4	982.2		
13.7528	0.2272	980.0	980.4	982.1		
13.7695	0.2250	980.1	980.4	982.1		
13.7862	0.2281	980.2	980.5	982.2		
13.8028	0.2281	980.1	980.4	982.1		
13.8195	0.2219	980.2	980.5	982.2		
13.8362	0.2210	980.2	980.5	982.2		
13.8528	0.2290	980.1	980.4	982.1		
13.8695	0.2219	980.2	980.4	982.1		
13.8862	0.2206	980.1	980.3	982.1		
13.9028	0.2237	980.2	980.4	982.2		
13.9195	0.2175	980.1	980.4	982.1		
13.9362	0.2272	980.2	980.4	982.1		
13.9528	0.2338	980.2	980.4	982.1		
13.9695	0.2180	980.2	980.4	982.1		
13.9862	0.2193	980.1	980.4	982.2		
14.0028	0.2250	980.2	980.4	982.1		
14.0195	0.2232	980.1	980.4	982.1		
14.0362	0.2246	980.2	980.4	982.1		
14.0528	0.2311	980.1	980.4	982.1		
14.0695	0.2246	980.1	980.4	982.1		
14.0862	0.2268	980.2	980.4	982.1		
14.1028	0.2241	980.1	980.4	982.1		
14.1195	0.2246	980.1	980.4	982.1		
14.1362	0.2263	980.1	980.4	982.1		
14.1528	0.2241	980.1	980.4	982.1		
14.1695	0.2303	980.2	980.5	982.2		
14.1862	0.2333	980.0	980.4	982.1		
14.2028	0.2320	980.1	980.5	982.2		
14.2195	0.2347	980.2	980.5	982.1		
14.2362	0.2320	980.1	980.5	982.2		
14.2528	0.2298	980.2	980.4	982.2		
14.2695	0.2386	980.2	980.4	982.2		
14.2862	0.2320	980.1	980.5	982.2		
14.3028	0.2320	980.1	980.4	982.1		
14.3195	0.2250	980.2	980.4	982.1		
14.3362	0.2333	980.2	980.4	982.2		
14.3528	0.2241	980.2	980.4	982.1		
14.3695	0.2338	980.2	980.5	982.2		
14.3862	0.2232	980.1	980.4	982.1		
14.4028	0.2303	980.1	980.4	982.2		
14.4195	0.2259	980.1	980.4	982.1		
14.4362	0.2290	980.1	980.4	982.1		
14.4528	0.2250	980.3	980.5	982.2		
14.4695	0.2364	980.3	980.5	982.2		
14.4862	0.2272	980.2	980.5	982.2		
14.5028	0.2268	980.2	980.5	982.2		
14.5195	0.2325	980.2	980.4	982.2		
14.5362	0.2320	980.3	980.5	982.2		
14.5528	0.2333	980.1	980.4	982.1		
14.5695	0.2386	980.1	980.4	982.1		
14.5862	0.2281	980.1	980.4	982.0		
14.6028	0.2342	980.1	980.4	982.1		
14.6195	0.2232	980.1	980.4	982.1		
14.6362	0.2364	980.1	980.4	982.1		
14.6528	0.2320	980.1	980.4	982.2		
14.6695	0.2329	980.1	980.4	982.2		
14.6862	0.2263	980.2	980.4	982.1		
14.7028	0.2298	980.1	980.4	982.1		
14.7195	0.2364	980.1	980.4	982.0		
14.7362	0.2364	980.3	980.5	982.2		
14.7528	0.2329	980.2	980.4	982.1		
14.7695	0.2439	980.2	980.4	982.1		
14.7862	0.2355	980.1	980.4	982.1		
14.8028	0.2342	980.2	980.5	982.2		
14.8195	0.2320	980.1	980.4	982.1		
14.8362	0.2386	980.1	980.4	982.1		
14.8528	0.2377	980.2	980.5	982.1		
14.8695	0.2338	980.2	980.4	982.2		
14.8862	0.2338	980.1	980.4	982.1		
14.9028	0.2430	980.1	980.4	982.2		
14.9195	0.2303	980.1	980.5	982.2		
14.9362	0.2360	980.2	980.4	982.1		
14.9528	0.2303	980.1	980.4	982.1		
14.9695	0.2413	980.1	980.4	982.0		
14.9862	0.2382	980.1	980.4	982.1		
15.0028	0.2320	980.1	980.4	982.1		
15.0195	0.2399	980.1	980.4	982.1		
15.0362	0.2439	980.1	980.3	982.1		
15.0528	0.2399	980.1	980.4	982.1		
15.0695	0.2465	980.1	980.4	982.1		
15.0862	0.2338	980.1	980.4	982.1		
15.1028	0.2329	980.1	980.4	982.1		
15.1195	0.2333	980.2	980.4	982.2		
15.1362	0.2386	980.2	980.5	982.2		
15.1528	0.2329	980.2	980.4	982.1		
15.1695	0.2360	980.2	980.5	982.2		
15.1862	0.2373	980.2	980.4	982.1		
15.2028	0.2404	980.1	980.4	982.2		
15.2195	0.2465	980.2	980.5	982.2		
15.2362	0.2386	980.1	980.5	982.2		
15.2528	0.2391	980.2	980.4	982.1		
15.2695	0.2456	980.2	980.4	982.1		
15.2862	0.2470	980.1	980.4	982.1		
15.3028	0.2439	980.1	980.4	982.0		
15.3195	0.2408	980.2	980.5	982.0		
15.3362	0.2369	980.2	980.5	982.1		
15.3528	0.2443	980.2	980.5	982.1		
15.3695	0.2465	980.2	980.5	982.1		
15.3862	0.2404	980.1	980.5	982.1		
15.4028	0.2404	980.1	980.4	982.1		
15.4195	0.2395	980.2	980.4	982.1		
15.4362	0.2426	980.2	980.5	982.1		
15.4528	0.2382	980.1	980.4	982.1		
15.4695	0.2505	980.1	980.4	982.1		
15.4862	0.2355	980.1	980.4	982.1		
15.5028	0.2470	980.1	980.4	982.1		
15.5195	0.2272	980.3	980.4	982.1		
15.5362	0.2404	980.3	980.6	982.3		
15.5528	0.2448	980.2	980.5	982.2		
15.5695	0.2364	980.2	980.5	982.2		
15.5862	0.2435	980.2	980.4	982.2		
15.6028	0.2351	980.3	980.5	982.2		
15.6195	0.2413	980.2	980.4	982.1		
15.6362	0.2377	980.2	980.4	982.1		
15.6528	0.2448	980.0	980.3	982.1		
15.6695	0.2399	980.2	980.4	982.2		
15.6862	0.2456	980.2	980.4	982.1		
15.7028	0.2421	980.2	980.4	982.1		
15.7195	0.2399	980.2	980.4	982.1		
15.7362	0.2404	980.2	980.4	982.1		
15.7528	0.2448	980.1	980.4	982.1		
15.7695	0.2474	980.1	980.5	982.1		
15.7862	0.2413	980.2	980.4	982.1		
15.8028	0.2465	980.1	980.4	982.1		
15.8195	0.2478	980.1	980.4	982.1		
15.8362	0.2430	980.2	980.4	982.1		
15.8528	0.2386	980.1	980.4	982.1		
15.8695	0.2492	980.2	980.5	982.1		
15.8862	0.2456	980.1	980.4	982.1		
15.9028	0.2452	980.1	980.4	982.1		
15.9195	0.2456	980.2	980.4	982.2		
15.9362	0.2448	980.2	980.4	982.1		
15.9528	0.2439	980.2	980.4	982.2		
15.9695	0.2487	980.2	980.5	982.2		
15.9862	0.2430	980.2	980.4	982.2		
16.0028	0.2478	980.2	980.5	982.2		
16.0195	0.2448	980.2	980.4	982.1		
16.0362	0.2435	980.2	980.5	982.2		
16.0528	0.2518	980.1	980.4	982.1		
16.0695	0.2483	980.2	980.5	982.1		
16.0862	0.2443	980.2	980.4	982.1		
16.1028	0.2461	980.2	980.5	982.3		
16.1195	0.2505	980.2	980.5	982.2		
16.1362	0.2461	980.2	980.5	982.2		
16.1528	0.2514	980.2	980.4	982.2		
16.1695	0.2399	980.2	980.4	982.1		
16.1862	0.2351	980.2	980.4	982.1		
16.2028	0.2395	980.2	980.5	982.1		
16.2195	0.2474	980.1	980.4	982.1		
16.2362	0.2540	980.2	980.5	982.2		
16.2528	0.2514	980.2	980.4	982.1		
16.2695	0.2531	980.2	980.4	982.1		
16.2862	0.2518	980.1	980.4	982.1		
16.3028	0.2413	980.1	980.4	982.1		
16.3195	0.2448	980.1	980.4	982.1		
16.3362	0.2566	980.1	980.3	982.1		
16.3528	0.2500	980.1	980.4	982.1		
16.3695	0.2514	980.1	980.4	982.1		
16.3862	0.2540	980.1	980.3	982.1		
16.4028	0.2602	980.2	980.4	982.1		
16.4195	0.2492	980.2	980.4	982.2		
16.4362	0.2553	980.1	980.4	982.1		
16.4528	0.2580	980.1	980.5	982.2		
16.4695	0.2584	980.1	980.4	982.1		
16.4862	0.2531	980.2	980.5	982.2		
16.5028	0.2553	980.1	980.4	982.2		
16.5195	0.2518	980.1	980.5	982.2		
16.5362	0.2527	980.0	980.4	982.1		
16.5528	0.2456	980.5	980.6	982.3		
16.5695	0.2461	980.5	980.6	982.2		
16.5862	0.2531	980.4	980.6	982.3		
16.6028	0.2470	980.3	980.6	982.2		
16.6195	0.2522	980.3	980.5	982.2		
16.6362	0.2474	980.5	980.6	982.3		
16.6528	0.2505	980.2	980.5	982.1		
16.6695	0.2487	980.3	980.5	982.2		
16.6862	0.2483	980.2	980.4	982.2		
16.7028	0.2588	980.2	980.4	982.1		
16.7195	0.2514	980.2	980.5	982.1		
16.7362	0.2522	980.3	980.4	982.1		
16.7528	0.2637	980.2	980.3	982.0		
16.7695	0.2544	980.1	980.4	982.1		
16.7862	0.2518	980.1	980.4	982.0		
16.8028	0.2628	980.1	980.4	982.1		
16.8195	0.2645	980.0	980.4	982.1		
16.8362	0.2518	980.1	980.4	982.2		
16.8528	0.2465	980.1	980.4	982.1		
16.8695	0.2531	980.0	980.3	982.1		
16.8862	0.2544	980.0	980.4	982.2		
16.9028	0.2584	980.0	980.4	982.2		
16.9195	0.2562	980.3	980.5	982.2		
16.9362	0.2553	980.2	980.5	982.2		
16.9528	0.2562	980.0	980.4	982.2		
16.9695	0.2531	980.1	980.4	982.1		
16.9862	0.2615	980.1	980.4	982.2		
17.0028	0.2615	980.1	980.4	982.1		
17.0195	0.2527	980.1	980.4	982.2		
17.0362	0.2597	980.1	980.4	982.2		
17.0528	0.2562	980.1	980.4	982.1		
17.0695	0.2628	980.2	980.4	982.1		
17.0862	0.2623	980.1	980.4	982.1		
17.1028	0.2558	980.1	980.4	982.2		
17.1195	0.2553	980.1	980.4	982.2		
17.1362	0.2580	980.1	980.3	982.0		
17.1528	0.2558	980.2	980.4	982.0		
17.1695	0.2584	980.3	980.5	982.1		
17.1862	0.2544	980.3	980.5	982.2		
17.2028	0.2518	980.2	980.5	982.1		
17.2195	0.2584	980.3	980.4	982.1		
17.2362	0.2571	980.1	980.4	982.1		
17.2528	0.2536	980.1	980.5	982.2		
17.2695	0.2549	980.1	980.4	982.1		
17.2862	0.2558	980.2	980.5	982.2		
17.3028	0.2580	980.1	980.4	982.1		
17.3195	0.2527	980.1	980.4	982.2		
17.3362	0.2632	980.2	980.5	982.2		
17.3528	0.2575	980.1	980.4	982.2		
17.3695	0.2610	980.1	980.4	982.1		
17.3862	0.2584	980.2	980.5	982.2		
17.4028	0.2597	980.2	980.5	982.3		
17.4195	0.2588	980.2	980.5	982.3		
17.4362	0.2602	980.1	980.5	982.3		
17.4528	0.2632	980.1	980.5	982.3		
17.4695	0.2623	980.1	980.4	982.2		
17.4862	0.2628	980.1	980.5	982.2		
17.5028	0.2584	980.1	980.4	982.2		
17.5195	0.2654	980.1	980.3	982.1		
17.5362	0.2650	980.1	980.3	982.1		
17.5528	0.2628	980.1	980.3	982.0		
17.5695	0.2558	980.1	980.4	982.1		
17.5862	0.2707	980.1	980.3	982.0		
17.6028	0.2637	980.5	980.6	982.3		
17.6195	0.2650	980.4	980.5	982.2		
17.6362	0.2645	980.3	980.5	982.2		
17.6528	0.2602	980.2	980.5	982.2		
17.6695	0.2623	980.2	980.4	982.1		
17.6862	0.2549	980.2	980.4	982.1		
17.7028	0.2623	980.1	980.5	982.1		
17.7195	0.2637	980.1	980.5	982.1		
17.7362	0.2641	980.1	980.3	982.1		
17.7528	0.2645	980.1	980.4	982.0		
17.7695	0.2698	980.0	980.3	982.1		
17.7862	0.2593	980.1	980.4	982.2		
17.8028	0.2672	980.1	980.4	982.1		
17.8195	0.2663	980.1	980.4	982.2		
17.8362	0.2575	980.2	980.5	982.2		
17.8528	0.2676	980.1	980.5	982.1		
17.8695	0.2672	980.1	980.5	982.2		
17.8862	0.2676	980.2	980.5	982.2		
17.9028	0.2623	980.4	980.5	982.2		
17.9195	0.2637	980.2	980.5	982.2		
17.9362	0.2742	980.2	980.4	982.2		
17.9528	0.2685	980.2	980.5	982.2		
17.9695	0.2597	980.2	980.4	982.1		
17.9862	0.2676	980.2	980.4	982.1		
18.0028	0.2694	980.1	980.4	982.2		
18.0195	0.2610	980.1	980.4	982.1		
18.0362	0.2606	980.2	980.4	982.2		
18.0528	0.2685	980.1	980.4	982.1		
18.0695	0.2645	980.2	980.4	982.1		
18.0862	0.2610	980.2	980.4	982.2		
18.1028	0.2733	980.2	980.4	982.1		
18.1195	0.2659	980.2	980.4	982.2		
18.1362	0.2615	980.3	980.5	982.3		
18.1528	0.2681	980.1	980.4	982.0		
18.1695	0.2760	980.3	980.5	982.2		
18.1862	0.2747	980.2	980.5	982.1		
18.2028	0.2698	980.2	980.5	982.1		
18.2195	0.2716	980.2	980.5	982.1		
18.2362	0.2703	980.2	980.4	982.2		
18.2528	0.2689	980.1	980.4	982.1		
18.2695	0.2672	980.2	980.4	982.2		
18.2862	0.2615	980.1	980.4	982.2		
18.3028	0.2689	980.2	980.5	982.2		
18.3195	0.2641	980.2	980.4	982.2		
18.3362	0.2716	980.2	980.5	982.3		
18.3528	0.2681	980.2	980.5	982.2		
18.3695	0.2681	980.2	980.5	982.2		
18.3862	0.2663	980.2	980.4	982.2		
18.4028	0.2742	980.1	980.5	982.2		
18.4195	0.2729	980.2	980.4	982.2		
18.4362	0.2685	980.2	980.5	982.2		
18.4528	0.2747	980.2	980.5	982.1		
18.4695	0.2667	980.1	980.4	982.2		
18.4862	0.2711	980.2	980.4	982.2		
18.5028	0.2742	980.1	980.4	982.2		
18.5195	0.2654	980.2	980.4	982.2		
18.5362	0.2663	980.1	980.4	982.1		
18.5528	0.2610	980.2	980.5	982.2		
18.5695	0.2610	980.2	980.4	982.1		
18.5862	0.2685	980.2	980.5	982.2		
18.6028	0.2685	980.1	980.4	982.1		
18.6195	0.2637	980.2	980.4	982.2		
18.6362	0.2755	980.1	980.4	982.1		
18.6528	0.2707	980.2	980.4	982.1		
18.6695	0.2694	980.1	980.4	982.1		
18.6862	0.2632	980.1	980.4	982.1		
18.7028	0.2681	980.2	980.4	982.2		
18.7195	0.2769	980.2	980.4	982.1		
18.7362	0.2769	980.1	980.4	982.1		
18.7528	0.2751	980.1	980.5	982.2		
18.7695	0.2747	980.2	980.4	982.2		
18.7862	0.2637	980.1	980.4	982.1		
18.8028	0.2777	980.1	980.4	982.2		
18.8195	0.2751	980.1	980.4	982.1		
18.8362	0.2659	980.1	980.4	982.2		
18.8528	0.2777	980.1	980.4	982.2		
18.8695	0.2786	980.1	980.4	982.1		
18.8862	0.2685	980.1	980.4	982.1		
18.9028	0.2672	980.1	980.4	982.1		
18.9195	0.2663	980.2	980.4	982.2		
18.9362	0.2733	980.2	980.4	982.1		
18.9528	0.2769	980.1	980.4	982.1		
18.9695	0.2795	980.1	980.4	982.2		
18.9862	0.2799	980.2	980.5	982.3		
19.0028	0.2698	980.3	980.5	982.2		
19.0195	0.2790	980.2	980.5	982.2		
19.0362	0.2720	980.2	980.5	982.2		
19.0528	0.2773	980.2	980.5	982.1		
19.0695	0.2769	980.2	980.5	982.1		
19.0862	0.2786	980.1	980.4	982.2		
19.1028	0.2769	980.2	980.4	982.2		
19.1195	0.2804	980.1	980.5	982.2		
19.1362	0.2755	980.2	980.4	982.1		
19.1528	0.2764	980.1	980.4	982.1		
19.1695	0.2843	980.2	980.4	982.2		
19.1862	0.2795	980.1	980.4	982.1		
19.2028	0.2742	980.1	980.4	982.2		
19.2195	0.2782	980.2	980.4	982.2		
19.2362	0.2760	980.1	980.4	982.1		
19.2528	0.2782	980.1	980.4	982.2		
19.2695	0.2843	980.2	980.5	982.2		
19.2862	0.2790	980.1	980.4	982.1		
19.3028	0.2747	980.1	980.4	982.2		
19.3195	0.2672	980.0	980.3	982.0		
19.3362	0.2790	980.1	980.4	982.1		
19.3528	0.2773	980.1	980.4	982.1		
19.3695	0.2914	980.2	980.4	982.1		
19.3862	0.2782	980.2	980.4	982.2		
19.4028	0.2786	980.1	980.4	982.1		
19.4195	0.2751	980.2	980.4	982.1		
19.4362	0.2733	980.1	980.4	982.2		
19.4528	0.2676	980.0	980.4	982.1		
19.4695	0.2755	980.1	980.3	982.0		
19.4862	0.2865	980.1	980.4	982.2		
19.5028	0.2747	980.1	980.4	982.1		
19.5195	0.2812	980.1	980.4	982.2		
19.5362	0.2777	980.1	980.4	982.1		
19.5528	0.2751	980.1	980.4	982.2		
19.5695	0.2843	980.1	980.4	982.1		
19.5862	0.2843	980.5	980.6	982.2		
19.6028	0.2834	980.3	980.5	982.2		
19.6195	0.2821	980.2	980.5	982.2		
19.6362	0.2843	980.2	980.5	982.2		
19.6528	0.2826	980.2	980.4	982.2		
19.6695	0.2865	980.1	980.4	982.2		
19.6862	0.2782	980.2	980.5	982.2		
19.7028	0.2804	980.1	980.4	982.2		
19.7195	0.2852	980.2	980.5	982.2		
19.7362	0.2878	980.1	980.5	982.3		
19.7528	0.2755	980.2	980.4	982.2		
19.7695	0.2782	980.2	980.4	982.2		
19.7862	0.2777	980.1	980.4	982.1		
19.8028	0.2782	980.2	980.5	982.2		
19.8195	0.2834	980.2	980.5	982.2		
19.8362	0.2817	980.1	980.4	982.1		
19.8528	0.2795	980.1	980.4	982.2		
19.8695	0.2755	980.1	980.4	982.1		
19.8862	0.2878	980.2	980.4	982.2		
19.9028	0.2843	980.3	980.5	982.2		
19.9195	0.2769	980.2	980.4	982.1		
19.9362	0.2843	980.2	980.5	982.2		
19.9528	0.2760	980.2	980.4	982.1		
19.9695	0.2795	980.2	980.4	982.2		
19.9862	0.2896	980.1	980.4	982.1		
20.0028	0.2887	980.2	980.4	982.2		
20.0195	0.2852	980.1	980.3	982.1		
20.0362	0.2883	980.2	980.4	982.1		
20.0528	0.2887	980.1	980.4	982.1		
20.0695	0.2931	980.2	980.4	982.1		
20.0862	0.2883	980.1	980.4	982.1		
20.1028	0.2839	980.1	980.4	982.1		
20.1195	0.2812	980.2	980.5	982.2		
20.1362	0.2834	980.2	980.5	982.2		
20.1528	0.2830	980.2	980.4	982.2		
20.1695	0.2830	980.2	980.4	982.1		
20.1862	0.2738	980.1	980.4	982.2		
20.2028	0.2790	980.2	980.4	982.1		
20.2195	0.2856	980.1	980.4	982.2		
20.2362	0.2777	980.1	980.3	982.1		
20.2528	0.2900	980.5	980.6	982.2		
20.2695	0.2865	980.2	980.5	982.2		
20.2862	0.2839	980.2	980.4	982.1		
20.3028	0.2856	980.3	980.5	982.2		
20.3195	0.2918	980.2	980.4	982.1		
20.3362	0.2861	980.3	980.5	982.2		
20.3528	0.2918	980.2	980.5	982.2		
20.3695	0.2918	980.2	980.4	982.1		
20.3862	0.2918	980.1	980.4	982.2		
20.4028	0.2878	980.1	980.4	982.1		
20.4195	0.2852	980.1	980.4	982.1		
20.4362	0.2905	980.1	980.4	982.1		
20.4528	0.2922	980.1	980.4	982.1		
20.4695	0.2878	980.1	980.3	982.1		
20.4862	0.2821	980.1	980.4	982.2		
20.5028	0.2843	980.1	980.4	982.1		
20.5195	0.2900	980.1	980.3	982.1		
20.5362	0.2914	980.1	980.3	982.1		
20.5528	0.2830	980.2	980.4	982.2		
20.5695	0.2909	980.3	980.5	982.2		
20.5862	0.2896	980.1	980.4	982.2		
20.6028	0.2892	980.2	980.4	982.1		
20.6195	0.2896	980.1	980.4	982.1		
20.6362	0.2927	980.2	980.4	982.2		
20.6528	0.2892	980.1	980.4	982.1		
20.6695	0.2905	980.1	980.5	982.1		
20.6862	0.2979	980.2	980.4	982.2		
20.7028	0.2892	980.1	980.5	982.2		
20.7195	0.2997	980.1	980.3	982.1		
20.7362	0.2900	980.1	980.3	982.1		
20.7528	0.2949	980.1	980.4	982.1		
20.7695	0.2896	980.1	980.3	982.1		
20.7862	0.2931	980.3	980.3	982.1		
20.8028	0.2918	980.2	980.4	982.1		
20.8195	0.2896	980.2	980.4	982.1		
20.8362	0.2940	980.0	980.0	981.4		
20.8528	0.2922	979.9	979.9	981.5		
20.8695	0.2935	979.9	979.8	981.3		
20.8862	0.2979	980.0	980.0	981.5		
20.9028	0.2909	979.8	979.8	981.3		
20.9195	0.2927	979.9	979.8	981.4		
20.9362	0.2834	979.8	979.9	981.4		
20.9528	0.2988	979.9	979.8	981.4		
20.9695	0.2918	979.8	979.8	981.3		
20.9862	0.2944	979.8	979.9	981.4		
21.0028	0.2927	979.8	979.8	981.4		
21.0195	0.2944	979.8	979.8	981.4		
21.0362	0.2892	979.9	979.8	981.4		
21.0528	0.2865	979.9	979.8	981.3		
21.0695	0.2878	979.9	979.7	981.3		
21.0862	0.2861	979.9	979.8	981.3		
21.1028	0.2878	979.9	979.8	981.3		
21.1195	0.2900	979.8	979.8	981.3		
21.1362	0.2874	979.9	979.8	981.3		
21.1528	0.2922	979.8	979.7	981.3		
21.1695	0.2883	979.9	979.8	981.3		
21.1862	0.2935	979.9	979.8	981.3		
21.2028	0.2966	979.9	979.8	981.2		
21.2195	0.2962	979.9	979.8	981.3		
21.2362	0.2962	979.9	979.8	981.3		
21.2528	0.2935	979.8	979.8	981.3		
21.2695	0.2931	979.8	979.8	981.3		
21.2862	0.2988	979.8	979.8	981.3		
21.3028	0.2953	979.9	979.9	981.4		
21.3195	0.2988	979.9	979.8	981.3		
21.3362	0.3028	979.9	979.8	981.3		
21.3528	0.2927	979.8	979.8	981.3		
21.3695	0.2861	979.8	979.8	981.3		
21.3862	0.2865	979.9	979.8	981.3		
21.4028	0.2949	979.8	979.7	981.3		
21.4195	0.2957	979.8	979.8	981.3		
21.4362	0.2896	979.8	979.8	981.2		
21.4528	0.2984	979.9	979.8	981.3		
21.4695	0.2979	979.9	979.7	981.2		
21.4862	0.2878	979.8	979.8	981.3		
21.5028	0.3001	979.8	979.7	981.2		
21.5195	0.2979	979.8	979.7	981.2		
21.5362	0.3072	979.7	979.7	981.2		
21.5528	0.2971	979.9	979.8	981.3		
21.5695	0.2962	979.8	979.7	981.2		
21.5862	0.2993	979.8	979.8	981.4		
21.6028	0.3006	979.8	979.7	981.2		
21.6195	0.2931	979.8	979.7	981.1		
21.6362	0.2966	979.8	979.7	981.2		
21.6528	0.2993	979.8	979.7	981.2		
21.6695	0.3015	979.8	979.7	981.3		
21.6862	0.2966	979.8	979.8	981.3		
21.7028	0.2918	979.8	979.7	981.2		
21.7195	0.2997	979.9	979.7	981.2		
21.7362	0.2971	979.8	979.8	981.3		
21.7528	0.3019	979.9	979.7	981.2		
21.7695	0.2944	979.8	979.6	981.2		
21.7862	0.3023	979.8	979.7	981.2		
21.8028	0.3059	979.8	979.6	981.2		
21.8195	0.2966	979.8	979.7	981.2		
21.8362	0.3010	979.7	979.7	981.2		
21.8528	0.2957	979.8	979.7	981.2		
21.8695	0.3050	979.7	979.6	981.1		
21.8862	0.2993	979.8	979.7	981.2		
21.9028	0.3067	979.8	979.6	981.2		
21.9195	0.3050	979.9	979.6	981.2		
21.9362	0.2979	979.8	979.7	981.2		
21.9528	0.2922	979.8	979.7	981.2		
21.9695	0.3019	979.8	979.6	981.1		
21.9862	0.2971	979.8	979.6	981.1		
22.0028	0.2993	979.8	979.7	981.2		
22.0195	0.3089	979.8	979.7	981.2		
22.0362	0.3072	979.9	979.7	981.2		
22.0528	0.2975	979.9	979.7	981.2		
22.0695	0.2940	979.8	979.7	981.2		
22.0862	0.3045	979.8	979.7	981.1		
22.1028	0.3015	979.8	979.7	981.1		
22.1195	0.3041	979.8	979.6	981.1		
22.1362	0.3015	979.8	979.7	981.1		
22.1528	0.3015	979.8	979.7	981.2		
22.1695	0.3059	979.8	979.7	981.2		
22.1862	0.2988	979.7	979.7	981.2		
22.2028	0.3050	979.8	979.8	981.2		
22.2195	0.3072	979.7	979.8	981.3		
22.2362	0.3019	979.7	979.7	981.2		
22.2528	0.2966	979.9	979.8	981.2		
22.2695	0.3085	979.9	979.7	981.2		
22.2862	0.2993	979.8	979.7	981.2		
22.3028	0.3041	979.9	979.7	981.2		
22.3195	0.3063	979.8	979.8	981.2		
22.3362	0.3063	979.9	979.7	981.2		
22.3528	0.3059	979.8	979.6	981.1		
22.3695	0.2988	979.8	979.6	981.1		
22.3862	0.3054	979.8	979.6	981.1		
22.4028	0.3037	979.8	979.6	981.2		
22.4195	0.3059	979.7	979.6	981.1		
22.4362	0.3045	979.8	979.7	981.1		
22.4528	0.2979	979.7	979.6	981.1		
22.4695	0.3102	979.7	979.6	981.1		
22.4862	0.3094	979.7	979.6	981.2		
22.5028	0.3129	979.8	979.7	981.2		
22.5195	0.3081	979.7	979.7	981.2		
22.5362	0.3155	979.8	979.7	981.2		
22.5528	0.2993	979.7	979.6	981.1		
22.5695	0.3063	979.7	979.7	981.2		
22.5862	0.3019	979.7	979.7	981.2		
22.6028	0.3059	979.8	979.7	981.1		
22.6195	0.3102	979.7	979.6	981.1		
22.6362	0.3006	979.7	979.6	981.1		
22.6528	0.3059	980.0	979.7	981.2		
22.6695	0.3006	979.9	979.7	981.1		
22.6862	0.3037	979.7	979.6	981.0		
22.7028	0.3059	979.8	979.7	981.2		
22.7195	0.3076	979.9	979.7	981.2		
22.7362	0.3019	979.8	979.7	981.2		
22.7528	0.3094	979.7	979.6	981.1		
22.7695	0.3146	979.7	979.6	981.1		
22.7862	0.3081	979.7	979.6	981.1		
22.8028	0.3067	979.7	979.7	981.1		
22.8195	0.3116	979.7	979.6	981.2		
22.8362	0.3081	979.8	979.6	981.1		
22.8528	0.3146	979.8	979.6	981.1		
22.8695	0.3120	979.8	979.5	981.0		
22.8862	0.3124	979.9	979.7	981.1		
22.9028	0.3094	979.8	979.6	981.1		
22.9195	0.3067	979.9	979.7	981.2		
22.9362	0.3085	979.8	979.8	981.2		
22.9528	0.3006	979.9	979.8	981.3		
22.9695	0.3111	979.8	979.8	981.3		
22.9862	0.3160	979.9	979.8	981.3		
23.0028	0.3102	979.9	979.7	981.2		
23.0195	0.3142	979.9	979.8	981.3		
23.0362	0.3111	979.8	979.8	981.2		
23.0528	0.3138	979.8	979.7	981.2		
23.0695	0.3072	979.8	979.7	981.3		
23.0862	0.3094	979.8	979.8	981.2		
23.1028	0.3124	979.8	979.8	981.3		
23.1195	0.3133	979.7	979.7	981.2		
23.1362	0.3146	979.8	979.7	981.2		
23.1528	0.3195	979.7	979.7	981.2		
23.1695	0.3037	979.8	979.6	981.1		
23.1862	0.3204	979.8	979.6	981.1		
23.2028	0.3098	979.8	979.7	981.2		
23.2195	0.3107	979.8	979.7	981.2		
23.2362	0.3076	979.9	979.7	981.1		
23.2528	0.3067	979.8	979.7	981.2		
23.2695	0.3142	979.7	979.5	980.9		
23.2862	0.3164	979.7	979.5	980.9		
23.3028	0.3173	979.6	979.3	980.7		
23.3195	0.3138	979.8	979.5	980.9		
23.3362	0.3129	979.7	979.5	981.1		
23.3528	0.3168	979.9	980.1	981.6		
23.3695	0.3195	979.9	979.8	981.4		
23.3862	0.3199	979.7	979.6	981.1		
23.4028	0.3138	979.8	979.8	981.4		
23.4195	0.3217	979.8	979.8	981.4		
23.4362	0.3116	979.7	979.7	981.1		
23.4528	0.3164	979.7	979.6	981.1		
23.4695	0.3067	979.7	979.6	981.0		
23.4862	0.3085	979.8	979.5	981.1		
23.5028	0.3164	979.7	979.7	981.1		
23.5195	0.3252	979.9	979.7	981.1		
23.5362	0.3146	979.8	979.7	981.2		
23.5528	0.3124	979.8	979.7	981.2		
23.5695	0.3081	979.9	979.7	981.2		
23.5862	0.3160	979.8	979.7	981.2		
23.6028	0.3173	979.8	979.7	981.1		
23.6195	0.3173	979.8	979.7	981.2		
23.6362	0.3186	979.8	979.7	981.1		
23.6528	0.3221	979.7	979.5	981.1		
23.6695	0.3287	979.7	979.6	981.1		
23.6862	0.3199	979.8	979.6	981.1		
23.7028	0.3195	979.7	979.5	981.0		
23.7195	0.3089	979.7	979.6	981.2		
23.7362	0.3164	979.8	979.7	981.2		
23.7528	0.3160	979.8	979.7	981.2		
23.7695	0.3186	980.0	979.7	981.2		
23.7862	0.3142	979.9	979.7	981.2		
23.8028	0.3138	979.8	979.7	981.2		
23.8195	0.3124	979.9	979.8	981.3		
23.8362	0.3072	979.9	979.7	981.2		
23.8528	0.3221	979.8	979.7	981.2		
23.8695	0.3116	979.9	979.7	981.2		
23.8862	0.3217	979.8	979.7	981.2		
23.9028	0.3155	979.8	979.7	981.1		
23.9195	0.3195	979.8	979.7	981.2		
23.9362	0.3252	980.0	979.8	981.2		
23.9528	0.3190	979.9	979.8	981.2		
23.9695	0.3217	979.9	979.7	981.2		
23.9862	0.3199	979.8	979.8	981.3		
24.0028	0.3138	979.8	979.7	981.1		
24.0195	0.3230	979.8	979.7	981.2		
24.0362	0.3199	979.8	979.7	981.2		
24.0528	0.3146	979.8	979.7	981.2		
24.0695	0.3212	979.8	979.7	981.2		
24.0862	0.3204	979.8	979.7	981.2		
24.1028	0.3221	979.7	979.5	981.0		
24.1195	0.3252	979.7	979.6	981.2		
24.1362	0.3195	979.7	979.6	981.0		
24.1528	0.3138	979.8	979.7	981.2		
24.1695	0.3230	979.8	979.6	981.1		
24.1862	0.3186	979.8	979.7	981.2		
24.2028	0.3269	979.8	979.7	981.2		
24.2195	0.3182	979.8	979.7	981.1		
24.2362	0.3296	979.7	979.7	981.1		
24.2528	0.3182	979.8	979.7	981.2		
24.2695	0.3256	979.8	979.7	981.2		
24.2862	0.3309	979.8	979.7	981.2		
24.3028	0.3204	979.7	979.7	981.2		
24.3195	0.3261	979.8	979.7	981.1		
24.3362	0.3138	979.8	979.7	981.2		
24.3528	0.3252	979.9	979.7	981.1		
24.3695	0.3124	979.8	979.6	981.1		
24.3862	0.3252	979.7	979.6	981.1		
24.4028	0.3274	979.8	979.6	981.1		
24.4195	0.3221	979.8	979.6	981.1		
24.4362	0.3190	979.8	979.6	981.1		
24.4528	0.3212	979.8	979.6	981.1		
24.4695	0.3256	979.7	979.6	981.1		
24.4862	0.3212	979.8	979.7	981.1		
24.5028	0.3226	979.8	979.6	981.1		
24.5195	0.3204	979.8	979.7	981.2		
24.5362	0.3239	979.8	979.7	981.2		
24.5528	0.3247	979.7	979.6	981.2		
24.5695	0.3212	979.8	979.7	981.1		
24.5862	0.3283	979.8	979.6	981.2		
24.6028	0.3274	979.7	979.7	981.2		
24.6195	0.3287	979.8	979.7	981.1		
24.6362	0.3186	979.9	979.7	981.2		
24.6528	0.3199	979.9	979.7	981.2		
24.6695	0.3278	979.8	979.6	981.2		
24.6862	0.3173	979.9	979.7	981.2		
24.7028	0.3151	980.0	979.7	981.2		
24.7195	0.3221	979.9	979.7	981.2		
24.7362	0.3283	979.9	979.7	981.1		
24.7528	0.3217	979.9	979.7	981.2		
24.7695	0.3278	979.9	979.7	981.2		
24.7862	0.3190	979.8	979.7	981.1		
24.8028	0.3226	979.9	979.7	981.1		
24.8195	0.3327	979.8	979.7	981.1		
24.8362	0.3287	979.8	979.7	981.2		
24.8528	0.3300	979.8	979.7	981.1		
24.8695	0.3247	979.8	979.7	981.2		
24.8862	0.3278	979.8	979.7	981.2		
24.9028	0.3283	979.8	979.7	981.1		
24.9195	0.3313	979.7	979.6	981.1		
24.9362	0.3291	979.8	979.7	981.3		
24.9528	0.3269	979.8	980.0	981.7		
24.9695	0.3331	980.0	979.9	981.4		
24.9862	0.3278	980.0	980.0	981.5		
25.0028	0.3327	980.0	979.8	981.4		
25.0195	0.3269	980.0	979.9	981.3		
25.0362	0.3269	980.0	979.8	981.2		
25.0528	0.3252	979.9	979.9	981.4		
25.0695	0.3226	979.9	979.7	981.2		
25.0862	0.3291	979.9	979.7	981.2		
25.1028	0.3296	979.9	979.7	981.2		
25.1195	0.3283	979.9	979.7	981.2		
25.1362	0.3305	979.9	979.7	981.1		
25.1528	0.3344	979.8	979.7	981.2		
25.1695	0.3331	979.8	979.8	981.2		
25.1862	0.3384	979.7	979.7	981.2		
25.2028	0.3340	979.9	979.7	981.2		
25.2195	0.3313	980.0	979.8	981.2		
25.2362	0.3349	979.8	979.7	981.2		
25.2528	0.3327	979.8	979.7	981.2		
25.2695	0.3362	979.8	979.7	981.2		
25.2862	0.3252	979.7	979.6	981.1		
25.3028	0.3366	979.9	979.7	981.2		
25.3195	0.3234	980.0	979.7	981.2		
25.3362	0.3291	980.0	979.8	981.3		
25.3528	0.3349	979.9	979.7	981.2		
25.3695	0.3344	979.9	979.7	981.1		
25.3862	0.3357	979.8	979.6	981.1		
25.4028	0.3340	979.9	979.6	981.1		
25.4195	0.3340	979.8	979.7	981.1		
25.4362	0.3309	979.8	979.6	981.1		
25.4528	0.3305	979.7	979.6	981.1		
25.4695	0.3335	979.8	979.6	981.1		
25.4862	0.3296	979.7	979.6	981.1		
25.5028	0.3327	979.8	979.7	981.1		
25.5195	0.3313	979.8	979.6	981.2		
25.5362	0.3388	979.8	979.6	981.2		
25.5528	0.3340	979.8	979.7	981.2		
25.5695	0.3331	979.7	979.6	981.1		
25.5862	0.3327	979.8	979.7	981.2		
25.6028	0.3357	979.8	979.6	981.1		
25.6195	0.3357	979.8	979.6	981.1		
25.6362	0.3335	980.1	979.8	981.1		
25.6528	0.3344	980.0	979.7	981.1		
25.6695	0.3384	979.9	979.7	981.1		
25.6862	0.3340	979.9	979.7	981.2		
25.7028	0.3252	979.8	979.6	981.1		
25.7195	0.3366	979.8	979.6	981.1		
25.7362	0.3375	979.8	979.6	981.1		
25.7528	0.3349	979.7	979.6	981.2		
25.7695	0.3393	979.8	979.6	981.1		
25.7862	0.3393	979.8	979.7	981.2		
25.8028	0.3384	979.8	979.7	981.2		
25.8195	0.3384	979.8	979.7	981.1		
25.8362	0.3318	979.8	979.6	981.1		
25.8528	0.3371	979.8	979.6	981.2		
25.8695	0.3388	979.8	979.7	981.2		
25.8862	0.3349	979.8	979.6	981.2		
25.9028	0.3362	979.9	979.6	981.1		
25.9195	0.3349	979.9	979.7	981.2		
25.9362	0.3371	980.0	979.7	981.2		
25.9528	0.3305	979.9	979.7	981.1		
25.9695	0.3331	979.9	979.7	981.1		
25.9862	0.3366	979.8	979.7	981.2		
26.0028	0.3283	979.8	979.6	981.1		
26.0195	0.3327	979.8	979.7	981.1		
26.0362	0.3313	979.8	979.6	981.2		
26.0528	0.3335	979.8	979.7	981.1		
26.0695	0.3450	979.8	979.6	981.1		
26.0862	0.3340	979.7	979.6	981.0		
26.1028	0.3410	979.8	979.7	981.1		
26.1195	0.3375	979.9	979.8	981.3		
26.1362	0.3397	979.8	979.7	981.2		
26.1528	0.3432	979.8	979.7	981.2		
26.1695	0.3357	979.8	979.6	981.2		
26.1862	0.3414	979.9	979.7	981.1		
26.2028	0.3414	979.8	979.7	981.2		
26.2195	0.3401	979.8	979.6	981.1		
26.2362	0.3379	979.7	979.6	981.0		
26.2528	0.3406	979.7	979.6	981.1		
26.2695	0.3428	979.8	979.6	981.1		
26.2862	0.3362	979.9	979.6	981.0		
26.3028	0.3291	979.7	979.6	981.0		
26.3195	0.3406	979.8	979.6	981.1		
26.3362	0.3349	979.8	979.6	981.1		
26.3528	0.3379	979.9	979.6	981.1		
26.3695	0.3393	979.8	979.6	981.0		
26.3862	0.3366	979.8	979.6	981.1		
26.4028	0.3322	979.8	979.7	981.1		
26.4195	0.3441	979.8	979.6	981.0		
26.4362	0.3467	979.8	979.6	981.1		
26.4528	0.3397	979.8	979.6	981.1		
26.4695	0.3458	979.8	979.6	981.1		
26.4862	0.3410	979.8	979.6	981.1		
26.5028	0.3423	979.8	979.6	981.1		
26.5195	0.3344	979.7	979.6	981.1		
26.5362	0.3436	979.8	979.6	981.1		
26.5528	0.3340	979.7	979.6	981.0		
26.5695	0.3340	979.8	979.6	981.2		
26.5862	0.3436	979.8	979.6	981.1		
26.6028	0.3362	979.8	979.5	981.0		
26.6195	0.3489	979.8	979.6	981.1		
26.6362	0.3436	979.8	979.6	981.1		
26.6528	0.3454	979.7	979.6	981.1		
26.6695	0.3445	979.8	979.6	981.1		
26.6862	0.3397	979.8	979.6	981.1		
26.7028	0.3476	979.8	979.6	981.1		
26.7195	0.3454	979.8	979.7	981.2		
26.7362	0.3423	979.7	979.6	981.1		
26.7528	0.3371	979.8	979.6	981.1		
26.7695	0.3397	980.0	979.7	981.2		
26.7862	0.3406	980.0	979.8	981.2		
26.8028	0.3489	980.0	979.7	981.3		
26.8195	0.3401	979.9	979.7	981.2		
26.8362	0.3410	979.9	979.7	981.2		
26.8528	0.3494	979.9	979.7	981.2		
26.8695	0.3401	979.8	979.7	981.1		
26.8862	0.3463	979.9	979.7	981.2		
26.9028	0.3454	979.9	979.7	981.1		
26.9195	0.3494	979.9	979.7	981.1		
26.9362	0.3454	979.7	979.6	981.1		
26.9528	0.3436	979.8	979.6	981.1		
26.9695	0.3454	979.8	979.7	981.2		
26.9862	0.3498	979.7	979.6	981.1		
27.0028	0.3498	979.7	979.6	981.0		
27.0195	0.3564	979.8	979.7	981.2		
27.0362	0.3379	979.7	979.6	981.1		
27.0528	0.3436	979.7	979.6	981.1		
27.0695	0.3476	979.7	979.6	981.1		
27.0862	0.3516	979.8	979.7	981.2		
27.1028	0.3476	979.8	979.7	981.1		
27.1195	0.3502	979.7	979.6	981.1		
27.1362	0.3467	979.8	979.7	981.1		
27.1528	0.3436	979.8	979.6	981.1		
27.1695	0.3454	980.0	979.7	981.2		
27.1862	0.3458	979.9	979.7	981.1		
27.2028	0.3507	979.9	979.7	981.1		
27.2195	0.3489	979.9	979.7	981.2		
27.2362	0.3428	979.8	979.7	981.2		
27.2528	0.3414	979.9	979.7	981.1		
27.2695	0.3498	979.9	979.7	981.1		
27.2862	0.3432	979.8	979.6	981.0		
27.3028	0.3485	979.8	979.6	981.0		
27.3195	0.3551	979.8	979.6	981.2		
27.3362	0.3507	979.7	979.7	981.1		
27.3528	0.3546	979.7	979.6	981.1		
27.3695	0.3538	979.8	979.7	981.1		
27.3862	0.3494	979.7	979.6	981.1		
27.4028	0.3432	979.7	979.6	981.1		
27.4195	0.3507	979.9	979.7	981.2		
27.4362	0.3573	979.8	979.7	981.2		
27.4528	0.3472	979.7	979.6	981.1		
27.4695	0.3476	979.8	979.6	981.1		
27.4862	0.3546	979.9	979.6	981.1		
27.5028	0.3516	979.6	979.6	981.1		
27.5195	0.3472	979.8	979.6	981.1		
27.5362	0.3498	979.7	979.6	981.1		
27.5528	0.3494	979.7	979.6	981.1		
27.5695	0.3502	979.6	979.6	981.1		
27.5862	0.3529	979.7	979.5	981.0		
27.6028	0.3498	979.7	979.5	981.1		
27.6195	0.3529	979.7	979.5	981.1		
27.6362	0.3529	979.8	979.6	981.0		
27.6528	0.3573	979.7	979.6	981.1		
27.6695	0.3489	979.8	979.6	981.1		
27.6862	0.3560	979.8	979.6	981.1		
27.7028	0.3533	979.9	979.7	981.2		
27.7195	0.3573	979.8	979.6	981.1		
27.7362	0.3564	979.8	979.6	981.1		
27.7528	0.3494	979.9	979.8	981.2		
27.7695	0.3529	979.8	979.7	981.1		
27.7862	0.3502	979.8	979.7	981.1		
27.8028	0.3555	979.9	979.8	981.2		
27.8195	0.3551	979.8	979.7	981.1		
27.8362	0.3529	979.8	979.7	981.2		
27.8528	0.3551	979.8	979.7	981.2		
27.8695	0.3564	979.8	979.7	981.1		
27.8862	0.3476	979.8	979.7	981.2		
27.9028	0.3595	979.8	979.6	981.1		
27.9195	0.3586	979.9	979.7	981.1		
27.9362	0.3472	979.9	979.7	981.1		
27.9528	0.3485	979.9	979.7	981.1		
27.9695	0.3472	979.8	979.7	981.1		
27.9862	0.3388	979.8	979.6	981.1		
28.0028	0.3485	979.9	979.7	981.1		
28.0195	0.3551	979.9	979.7	981.1		
28.0362	0.3467	979.9	979.7	981.1		
28.0528	0.3581	979.8	979.7	981.1		
28.0695	0.3529	979.9	979.7	981.1		
28.0862	0.3647	979.8	979.6	981.0		
28.1028	0.3538	979.8	979.7	981.1		
28.1195	0.3551	979.8	979.7	981.1		
28.1362	0.3577	979.7	979.6	981.1		
28.1528	0.3573	979.7	979.6	981.1		
28.1695	0.3568	979.8	979.7	981.1		
28.1862	0.3656	979.6	979.6	981.1		
28.2028	0.3555	979.9	979.8	981.1		
28.2195	0.3661	979.9	979.7	981.2		
28.2362	0.3608	979.8	979.7	981.1		
28.2528	0.3608	979.9	979.7	981.2		
28.2695	0.3586	979.8	979.8	981.2		
28.2862	0.3568	979.8	979.7	981.1		
28.3028	0.3581	979.8	979.7	981.1		
28.3195	0.3573	979.8	979.6	981.1		
28.3362	0.3652	979.8	979.7	981.1		
28.3528	0.3617	979.8	979.6	981.1		
28.3695	0.3555	979.8	979.6	981.1		
28.3862	0.3555	979.8	979.6	981.1		
28.4028	0.3498	979.8	979.6	981.1		
28.4195	0.3665	979.8	979.6	981.1		
28.4362	0.3476	979.8	979.6	981.1		
28.4528	0.3533	979.8	979.7	981.1		
28.4695	0.3573	979.8	979.6	981.1		
28.4862	0.3568	979.8	979.6	981.1		
28.5028	0.3573	979.8	979.6	981.0		
28.5195	0.3533	979.8	979.6	981.0		
28.5362	0.3538	979.8	979.6	981.0		
28.5528	0.3586	979.8	979.7	981.1		
28.5695	0.3599	979.7	979.6	981.1		
28.5862	0.3564	979.8	979.6	981.1		
28.6028	0.3643	979.8	979.6	981.0		
28.6195	0.3625	979.7	979.6	981.0		
28.6362	0.3538	979.7	979.6	981.0		
28.6528	0.3621	979.7	979.6	981.0		
28.6695	0.3678	979.8	979.6	981.1		
28.6862	0.3625	979.8	979.7	981.1		
28.7028	0.3661	979.8	979.6	981.1		
28.7195	0.3665	979.8	979.7	981.1		
28.7362	0.3577	979.7	979.6	981.1		
28.7528	0.3621	979.8	979.6	981.1		
28.7695	0.3621	979.8	979.6	981.1		
28.7862	0.3665	979.7	979.6	981.0		
28.8028	0.3573	979.7	979.6	981.1		
28.8195	0.3639	979.8	979.6	981.2		
28.8362	0.3700	979.7	979.6	981.0		
28.8528	0.3577	979.7	979.6	981.1		
28.8695	0.3586	979.7	979.6	981.0		
28.8862	0.3603	979.8	979.6	981.1		
28.9028	0.3612	980.0	979.6	981.1		
28.9195	0.3586	979.9	979.7	981.1		
28.9362	0.3586	979.9	979.6	981.1		
28.9528	0.3608	979.9	979.7	981.1		
28.9695	0.3595	979.9	979.6	981.1		
28.9862	0.3608	979.9	979.7	981.1		
29.0028	0.3546	979.8	979.6	981.0		
29.0195	0.3665	979.9	979.6	981.0		
29.0362	0.3608	979.8	979.6	981.1		
29.0528	0.3656	979.8	979.7	981.0		
29.0695	0.3678	979.7	979.6	981.0		
29.0862	0.3652	979.7	979.6	981.0		
29.1028	0.3639	979.7	979.6	981.1		
29.1195	0.3718	979.9	979.6	981.1		
29.1362	0.3652	979.7	979.6	981.0		
29.1528	0.3705	979.8	979.6	981.0		
29.1695	0.3687	979.6	979.6	981.1		
29.1862	0.3687	979.7	979.6	981.0		
29.2028	0.3669	979.7	979.7	981.1		
29.2195	0.3652	979.7	979.6	981.1		
29.2362	0.3665	979.8	979.6	981.1		
29.2528	0.3669	979.7	979.6	981.0		
29.2695	0.3683	979.7	979.6	981.0		
29.2862	0.3718	979.7	979.6	981.0		
29.3028	0.3700	979.8	979.6	981.0		
29.3195	0.3687	979.8	979.6	981.1		
29.3362	0.3678	979.6	979.5	981.0		
29.3528	0.3700	979.7	979.5	980.9		
29.3695	0.3603	979.7	979.5	981.1		
29.3862	0.3603	979.7	979.5	981.0		
29.4028	0.3652	979.7	979.8	981.4		
29.4195	0.3634	979.8	979.7	981.2		
29.4362	0.3713	979.8	979.7	981.1		
29.4528	0.3748	979.8	979.7	981.2		
29.4695	0.3612	979.8	979.6	981.1		
29.4862	0.3687	979.8	979.6	981.1		
29.5028	0.3665	979.7	979.6	981.1		
29.5195	0.3731	979.8	979.6	981.0		
29.5362	0.3722	979.9	979.6	981.1		
29.5528	0.3669	979.7	979.6	981.0		
29.5695	0.3713	979.7	979.6	981.0		
29.5862	0.3705	979.7	979.6	981.1		
29.6028	0.3656	979.9	979.7	981.1		
29.6195	0.3647	979.8	979.6	981.1		
29.6362	0.3713	979.8	979.7	981.1		
29.6528	0.3678	979.8	979.6	981.1		
29.6695	0.3700	979.8	979.5	981.1		
29.6862	0.3700	979.8	979.6	981.0		
29.7028	0.3735	979.9	979.7	981.1		
29.7195	0.3744	979.7	979.6	981.1		
29.7362	0.3691	979.8	979.6	981.1		
29.7528	0.3669	979.8	979.6	981.1		
29.7695	0.3726	979.9	979.6	981.1		
29.7862	0.3691	980.0	979.7	981.1		
29.8028	0.3722	980.0	979.8	981.2		
29.8195	0.3581	980.0	979.7	981.0		
29.8362	0.3718	980.0	979.7	981.2		
29.8528	0.3740	979.9	979.7	981.1		
29.8695	0.3713	979.9	979.6	981.1		
29.8862	0.3722	979.9	979.6	981.0		
29.9028	0.3674	979.8	979.7	981.0		
29.9195	0.3713	979.7	979.6	981.0		
29.9362	0.3744	979.8	979.6	981.0		
29.9528	0.3722	979.8	979.6	981.1		
29.9695	0.3748	979.9	979.7	981.1		
29.9862	0.3735	979.8	979.7	981.1		
30.0028	0.3770	979.7	979.6	981.1		
30.0195	0.3740	979.7	979.6	981.1		
30.0362	0.3775	979.7	979.6	981.0		
30.0528	0.3744	979.8	979.6	981.1		
30.0695	0.3744	979.7	979.6	981.0		
30.0862	0.3705	979.8	979.6	981.0		
30.1028	0.3718	979.9	979.7	981.2		
30.1195	0.3674	979.8	979.6	981.1		
30.1362	0.3797	979.7	979.6	981.0		
30.1528	0.3823	979.7	979.5	981.0		
30.1695	0.3828	979.8	979.7	981.1		
30.1862	0.3775	979.8	979.6	981.0		
30.2028	0.3700	979.7	979.6	981.2		
30.2195	0.3722	979.7	979.6	981.0		
30.2362	0.3770	979.7	979.6	981.2		
30.2528	0.3814	979.8	979.6	981.1		
30.2695	0.3691	979.8	979.6	981.1		
30.2862	0.3669	979.8	979.6	981.0		
30.3028	0.3731	979.7	979.6	981.0		
30.3195	0.3748	979.8	979.6	981.1		
30.3362	0.3806	979.8	979.6	981.0		
30.3528	0.3814	979.7	979.5	981.0		
30.3695	0.3788	979.7	979.6	981.0		
30.3862	0.3696	980.1	979.7	981.1		
30.4028	0.3779	979.9	979.7	981.1		
30.4195	0.3705	979.9	979.6	981.1		
30.4362	0.3753	979.8	979.6	981.1		
30.4528	0.3770	979.8	979.6	981.1		
30.4695	0.3705	979.7	979.6	981.1		
30.4862	0.3753	979.7	979.5	981.0		
30.5028	0.3784	979.8	979.7	981.1		
30.5195	0.3819	979.8	979.6	981.0		
30.5362	0.3726	979.7	979.6	981.1		
30.5528	0.3757	979.7	979.6	981.1		
30.5695	0.3797	979.9	979.6	981.1		
30.5862	0.3775	979.8	979.6	981.2		
30.6028	0.3779	979.9	979.6	981.1		
30.6195	0.3784	979.9	979.7	981.1		
30.6362	0.3735	979.9	979.7	981.2		
30.6528	0.3748	979.8	979.6	981.1		
30.6695	0.3766	979.9	979.6	981.0		
30.6862	0.3713	979.9	979.6	981.1		
30.7028	0.3722	979.9	979.7	981.1		
30.7195	0.3748	979.8	979.6	981.0		
30.7362	0.3819	979.8	979.6	981.0		
30.7528	0.3762	979.8	979.6	981.0		
30.7695	0.3841	979.9	979.7	981.1		
30.7862	0.3801	980.0	979.7	981.1		
30.8028	0.3819	979.9	979.7	981.1		
30.8195	0.3819	979.9	979.7	981.1		
30.8362	0.3797	979.8	979.7	981.1		
30.8528	0.3819	979.8	979.7	981.0		
30.8695	0.3841	979.8	979.7	981.1		
30.8862	0.3819	979.8	979.7	981.1		
30.9028	0.3819	979.8	979.7	981.1		
30.9195	0.3841	979.8	979.6	981.1		
30.9362	0.3797	979.7	979.6	981.1		
30.9528	0.3744	979.8	979.7	981.1		
30.9695	0.3836	979.8	979.6	981.1		
30.9862	0.3863	979.8	979.6	981.1		
31.0028	0.3867	979.8	979.6	981.1		
31.0195	0.3828	979.7	979.7	981.2		
31.0362	0.3841	979.7	979.6	981.1		
31.0528	0.3841	979.8	979.6	981.0		
31.0695	0.3819	979.9	979.6	981.2		
31.0862	0.3669	979.8	979.6	981.1		
31.1028	0.3845	979.8	979.6	981.0		
31.1195	0.3832	979.8	979.6	981.0		
31.1362	0.3885	979.8	979.6	981.1		
31.1528	0.3841	979.8	979.6	981.0		
31.1695	0.3893	980.0	979.7	981.1		
31.1862	0.3779	979.9	979.7	981.0		
31.2028	0.3876	979.9	979.7	981.0		
31.2195	0.3841	979.9	979.7	981.1		
31.2362	0.3836	979.9	979.7	981.0		
31.2528	0.3876	979.8	979.6	981.1		
31.2695	0.3731	979.8	979.7	981.0		
31.2862	0.3867	979.9	979.6	981.0		
31.3028	0.3828	979.8	979.6	981.0		
31.3195	0.3854	979.8	979.6	981.1		
31.3362	0.3880	979.8	979.7	981.1		
31.3528	0.3885	979.7	979.6	981.1		
31.3695	0.3823	979.7	979.7	981.0		
31.3862	0.3836	979.8	979.6	981.1		
31.4028	0.3841	979.7	979.6	981.1		
31.4195	0.3828	979.7	979.6	981.1		
31.4362	0.3872	979.7	979.6	981.0		
31.4528	0.3828	979.7	979.6	981.1		
31.4695	0.3784	979.7	979.5	981.1		
31.4862	0.3920	979.7	979.6	981.0		
31.5028	0.3854	979.7	979.6	981.1		
31.5195	0.3946	979.7	979.6	981.1		
31.5362	0.3876	979.7	979.6	981.1		
31.5528	0.3885	979.8	979.6	981.1		
31.5695	0.3801	979.7	979.6	981.1		
31.5862	0.3880	979.9	979.7	981.1		
31.6028	0.3911	979.9	979.7	981.2		
31.6195	0.3867	979.8	979.6	981.0		
31.6362	0.3863	979.8	979.6	981.1		
31.6528	0.3819	979.8	979.6	981.1		
31.6695	0.3915	979.8	979.6	981.0		
31.6862	0.3867	979.7	979.6	981.1		
31.7028	0.3920	979.8	979.7	981.0		
31.7195	0.3920	979.8	979.6	981.0		
31.7362	0.3863	979.7	979.6	981.0		
31.7528	0.3814	979.8	979.6	981.0		
31.7695	0.3924	979.8	979.6	981.1		
31.7862	0.3832	979.7	979.6	981.0		
31.8028	0.3885	979.7	979.6	981.0		
31.8195	0.3920	979.9	979.7	981.1		
31.8362	0.3814	979.8	979.6	981.0		
31.8528	0.3850	979.8	979.6	981.0		
31.8695	0.3907	979.8	979.6	981.0		
31.8862	0.3819	979.8	979.6	981.0		
31.9028	0.3784	979.7	979.6	981.0		
31.9195	0.3872	979.8	979.6	981.0		
31.9362	0.3893	979.9	979.6	981.0		
31.9528	0.3893	979.7	979.5	981.0		
31.9695	0.3907	979.7	979.5	980.9		
31.9862	0.3872	979.7	979.6	981.0		
32.0028	0.3889	979.7	979.5	981.0		
32.0195	0.3902	979.8	979.6	981.2		
32.0362	0.3915	979.8	979.6	981.1		
32.0528	0.3876	979.8	979.6	981.1		
32.0695	0.3937	979.8	979.6	981.1		
32.0862	0.3951	979.7	979.5	981.0		
32.1028	0.3863	979.7	979.6	981.1		
32.1195	0.3951	979.7	979.6	981.0		
32.1362	0.3968	979.7	979.6	981.1		
32.1528	0.3937	979.8	979.6	981.1		
32.1695	0.3977	979.7	979.6	981.1		
32.1862	0.3981	979.8	979.6	981.1		
32.2028	0.3907	979.7	979.6	981.0		
32.2195	0.4017	979.8	979.6	981.1		
32.2362	0.3999	979.8	979.6	981.1		
32.2528	0.3959	979.8	979.6	981.1		
32.2695	0.4038	979.8	979.6	981.0		
32.2862	0.4003	979.8	979.6	981.0		
32.3028	0.3924	979.8	979.6	981.0		
32.3195	0.3858	979.8	979.6	981.0		
32.3362	0.3959	979.8	979.7	981.1		
32.3528	0.3915	979.7	979.6	981.1		
32.3695	0.3973	979.8	979.6	981.1		
32.3862	0.3981	979.8	979.6	981.0		
32.4028	0.3986	979.7	979.6	981.1		
32.4195	0.3999	979.8	979.7	981.1		
32.4362	0.4025	979.7	979.6	981.1		
32.4528	0.4003	979.8	979.7	981.2		
32.4695	0.3929	979.8	979.7	981.1		
32.4862	0.4034	979.7	979.5	981.0		
32.5028	0.3942	979.8	979.6	981.1		
32.5195	0.3964	979.7	979.6	981.1		
32.5362	0.3946	979.7	979.6	981.1		
32.5528	0.3977	979.8	979.6	981.1		
32.5695	0.3995	979.8	979.6	981.2		
32.5862	0.3893	979.7	979.5	981.0		
32.6028	0.3964	979.7	979.6	981.1		
32.6195	0.3920	979.9	979.7	981.1		
32.6362	0.3955	979.9	979.7	981.1		
32.6528	0.4025	979.8	979.6	981.1		
32.6695	0.3973	979.8	979.7	981.1		
32.6862	0.3955	979.8	979.6	981.0		
32.7028	0.3986	979.8	979.6	981.0		
32.7195	0.3995	979.8	979.6	981.1		
32.7362	0.4012	979.8	979.7	981.1		
32.7528	0.3942	979.8	979.7	981.1		
32.7695	0.3990	979.8	979.6	981.1		
32.7862	0.4003	979.8	979.6	981.0		
32.8028	0.4021	979.8	979.6	981.1		
32.8195	0.4052	979.8	979.7	981.2		
32.8362	0.4017	979.7	979.6	981.1		
32.8528	0.4003	979.8	979.6	981.0		
32.8695	0.3946	979.7	979.7	981.1		
32.8862	0.3999	979.8	979.6	981.1		
32.9028	0.4008	979.7	979.5	981.0		
32.9195	0.3973	979.7	979.6	981.0		
32.9362	0.4056	979.8	979.6	981.1		
32.9528	0.3964	979.7	979.5	981.0		
32.9695	0.4060	979.8	979.6	981.0		
32.9862	0.3995	980.0	979.7	981.1		
33.0028	0.3999	979.9	979.7	981.1		
33.0195	0.3942	980.0	979.7	981.1		
33.0362	0.4069	980.0	979.7	981.1		
33.0528	0.4030	979.9	979.6	981.0		
33.0695	0.4025	979.9	979.6	981.1		
33.0862	0.4003	979.8	979.6	981.0		
33.1028	0.3942	979.8	979.7	981.0		
33.1195	0.3981	979.8	979.6	981.1		
33.1362	0.4087	979.7	979.6	981.0		
33.1528	0.3973	979.8	979.7	981.1		
33.1695	0.4021	979.8	979.7	981.1		
33.1862	0.4052	979.7	979.6	981.0		
33.2028	0.4078	979.7	979.6	981.0		
33.2195	0.4069	979.8	979.6	981.0		
33.2362	0.4030	979.6	979.6	981.0		
33.2528	0.3968	979.7	979.6	981.1		
33.2695	0.4082	979.7	979.6	981.0		
33.2862	0.4034	979.9	979.7	981.1		
33.3028	0.4052	979.8	979.7	981.1		
33.3195	0.4017	979.9	979.7	981.1		
33.3362	0.4043	979.8	979.7	981.2		
33.3528	0.4069	979.8	979.6	981.1		
33.3695	0.4030	979.8	979.7	981.1		
33.3862	0.4052	979.8	979.6	981.0		
33.4028	0.4021	979.8	979.7	981.0		
33.4195	0.4069	979.8	979.7	981.1		
33.4362	0.4109	979.8	979.6	981.1		
33.4528	0.4065	979.8	979.6	981.0		
33.4695	0.4118	979.7	979.5	981.0		
33.4862	0.4113	979.8	979.6	981.0		
33.5028	0.4008	979.7	979.5	981.0		
33.5195	0.4021	979.9	979.7	981.1		
33.5362	0.4060	979.7	979.5	981.0		
33.5528	0.4087	979.8	979.6	981.0		
33.5695	0.4122	979.8	979.7	981.1		
33.5862	0.4091	979.7	979.6	981.0		
33.6028	0.4078	979.8	979.8	981.3		
33.6195	0.3968	979.7	979.7	981.0		
33.6362	0.4109	979.9	979.7	981.1		
33.6528	0.4148	980.1	979.8	981.2		
33.6695	0.3995	979.9	979.7	981.1		
33.6862	0.4043	979.8	979.7	981.1		
33.7028	0.4122	979.8	979.7	981.1		
33.7195	0.4074	979.7	979.6	981.0		
33.7362	0.4113	979.7	979.6	981.1		
33.7528	0.4047	979.8	979.7	981.1		
33.7695	0.4100	979.8	979.6	981.0		
33.7862	0.4025	979.8	979.6	981.0		
33.8028	0.4096	979.8	979.6	981.1		
33.8195	0.4012	979.8	979.6	981.0		
33.8362	0.4069	979.8	979.6	981.0		
33.8528	0.4060	979.8	979.6	981.0		
33.8695	0.4100	979.7	979.5	981.0		
33.8862	0.4025	979.8	979.6	981.0		
33.9028	0.4021	979.9	979.6	981.0		
33.9195	0.4087	979.8	979.6	981.0		
33.9362	0.4003	979.8	979.6	981.1		
33.9528	0.4113	979.8	979.6	981.0		
33.9695	0.4021	979.8	979.6	981.0		
33.9862	0.4074	979.8	979.7	981.0		
34.0028	0.4056	979.8	979.6	981.0		
34.0195	0.4113	979.7	979.6	981.0		
34.0362	0.4060	979.7	979.6	981.0		
34.0528	0.4091	979.7	979.6	981.0		
34.0695	0.4157	979.7	979.6	981.0		
34.0862	0.4065	979.7	979.7	981.0		
34.1028	0.4104	979.7	979.6	981.0		
34.1195	0.4082	979.7	979.6	981.0		
34.1362	0.4082	979.9	979.7	981.1		
34.1528	0.4069	979.8	979.6	981.1		
34.1695	0.4140	979.8	979.7	981.0		
34.1862	0.4069	979.8	979.6	981.0		
34.2028	0.4113	979.7	979.6	981.1		
34.2195	0.4109	979.7	979.6	981.1		
34.2362	0.4091	979.8	979.7	981.0		
34.2528	0.4162	979.8	979.6	981.1		
34.2695	0.4047	979.8	979.6	981.1		
34.2862	0.4166	979.8	979.7	981.1		
34.3028	0.4144	979.8	979.7	981.1		
34.3195	0.4157	979.7	979.6	981.1		
34.3362	0.4025	979.7	979.6	981.0		
34.3528	0.4043	979.7	979.6	981.0		
34.3695	0.4166	979.7	979.6	981.0		
34.3862	0.4122	979.7	979.6	981.0		
34.4028	0.4179	979.8	979.6	981.1		
34.4195	0.4162	979.7	979.6	981.0		
34.4362	0.4131	979.7	979.6	981.0		
34.4528	0.4135	979.8	979.6	981.0		
34.4695	0.4144	979.9	979.7	981.1		
34.4862	0.4148	979.9	979.7	981.1		
34.5028	0.4148	979.9	979.7	981.1		
34.5195	0.4192	979.8	979.7	981.1		
34.5362	0.4104	979.8	979.6	981.0		
34.5528	0.4153	979.7	979.7	981.1		
34.5695	0.4179	979.8	979.7	981.1		
34.5862	0.4179	979.8	979.7	981.1		
34.6028	0.4065	979.8	979.7	981.1		
34.6195	0.4184	979.7	979.6	981.1		
34.6362	0.4179	979.7	979.6	981.1		
34.6528	0.4188	979.8	979.6	981.1		
34.6695	0.4219	979.8	979.6	981.1		
34.6862	0.4131	979.8	979.7	981.1		
34.7028	0.4166	979.7	979.6	981.1		
34.7195	0.4192	979.8	979.7	981.1		
34.7362	0.4078	979.8	979.7	981.0		
34.7528	0.4153	979.8	979.6	981.0		
34.7695	0.4109	979.8	979.6	980.9		
34.7862	0.4153	979.8	979.6	981.0		
34.8028	0.4214	979.7	979.6	981.0		
34.8195	0.4175	979.8	979.6	981.0		
34.8362	0.4311	979.7	979.5	980.9		
34.8528	0.4166	979.8	979.6	981.0		
34.8695	0.4144	979.9	979.7	981.1		
34.8862	0.4060	979.8	979.7	981.0		
34.9028	0.4175	979.8	979.7	981.0		
34.9195	0.4205	979.8	979.7	981.1		
34.9362	0.4175	979.9	979.7	981.2		
34.9528	0.4249	979.8	979.7	981.1		
34.9695	0.4162	979.8	979.7	981.1		
34.9862	0.4166	979.7	979.6	981.1		
35.0028	0.4170	979.7	979.6	981.0		
35.0195	0.4254	979.8	979.6	981.1		
35.0362	0.4170	979.8	979.6	981.0		
35.0528	0.4144	979.7	979.5	981.0		
35.0695	0.4109	979.8	979.6	981.1		
35.0862	0.4179	979.8	979.7	981.1		
35.1028	0.4170	979.9	979.7	981.1		
35.1195	0.4170	979.9	979.6	981.0		
35.1362	0.4263	979.8	979.6	981.0		
35.1528	0.4140	979.8	979.6	981.0		
35.1695	0.4188	979.8	979.6	981.0		
35.1862	0.4126	979.8	979.7	981.0		
35.2028	0.4232	979.9	979.6	981.0		
35.2195	0.4192	979.8	979.6	981.0		
35.2362	0.4223	979.8	979.7	980.9		
35.2528	0.4227	979.9	979.7	981.0		
35.2695	0.4157	979.8	979.7	981.0		
35.2862	0.4276	979.8	979.6	981.0		
35.3028	0.4170	979.7	979.6	981.0		
35.3195	0.4100	979.8	979.7	981.0		
35.3362	0.4241	979.8	979.6	981.0		
35.3528	0.4192	979.7	979.6	981.0		
35.3695	0.4135	979.7	979.6	981.0		
35.3862	0.4144	979.7	979.7	981.0		
35.4028	0.4175	979.7	979.7	981.1		
35.4195	0.4201	979.8	979.5	981.0		
35.4362	0.4197	979.7	979.6	981.0		
35.4528	0.4197	979.7	979.6	981.1		
35.4695	0.4276	979.7	979.6	981.0		
35.4862	0.4245	979.9	979.6	981.1		
35.5028	0.4236	979.8	979.7	981.1		
35.5195	0.4254	979.8	979.6	981.1		
35.5362	0.4157	979.7	979.6	981.0		
35.5528	0.4205	979.8	979.6	981.0		
35.5695	0.4267	979.7	979.6	981.0		
35.5862	0.4249	979.7	979.6	981.0		
35.6028	0.4219	979.7	979.6	981.0		
35.6195	0.4232	979.8	979.7	981.1		
35.6362	0.4289	979.7	979.6	981.0		
35.6528	0.4210	979.8	979.7	981.1		
35.6695	0.4245	979.7	979.6	981.0		
35.6862	0.4263	979.8	979.6	981.0		
35.7028	0.4311	979.7	979.6	981.0		
35.7195	0.4285	979.8	979.7	981.1		
35.7362	0.4311	979.8	979.6	981.0		
35.7528	0.4236	979.7	979.6	981.0		
35.7695	0.4271	979.7	979.6	981.0		
35.7862	0.4254	979.8	979.6	981.0		
35.8028	0.4285	979.8	979.6	981.0		
35.8195	0.4227	979.8	979.6	981.0		
35.8362	0.4210	979.8	979.6	981.0		
35.8528	0.4280	979.8	979.6	981.0		
35.8695	0.4232	979.8	979.6	981.1		
35.8862	0.4175	979.7	979.6	981.0		
35.9028	0.4311	979.9	979.6	980.9		
35.9195	0.4241	980.0	979.7	981.1		
35.9362	0.4293	979.9	979.6	981.0		
35.9528	0.4315	979.9	979.7	980.9		
35.9695	0.4263	979.8	979.7	981.1		
35.9862	0.4293	979.8	979.6	981.0		
36.0028	0.4245	979.8	979.7	981.0		
36.0195	0.4223	979.7	979.6	981.1		
36.0362	0.4280	979.8	979.5	981.0		
36.0528	0.4289	979.8	979.6	981.1		
36.0695	0.4276	979.8	979.7	981.1		
36.0862	0.4236	979.9	979.7	981.1		
36.1028	0.4276	979.8	979.6	981.0		
36.1195	0.4245	979.7	979.7	981.1		
36.1362	0.4324	979.8	979.6	981.1		
36.1528	0.4311	979.7	979.6	981.1		
36.1695	0.4320	979.7	979.6	981.0		
36.1862	0.4315	979.7	979.6	981.0		
36.2028	0.4311	979.7	979.5	981.0		
36.2195	0.4337	979.8	979.6	981.0		
36.2362	0.4241	979.8	979.6	981.1		
36.2528	0.4263	979.7	979.6	981.0		
36.2695	0.4315	979.8	979.6	981.1		
36.2862	0.4355	979.9	979.6	981.0		
36.3028	0.4232	979.8	979.6	981.0		
36.3195	0.4364	979.8	979.6	981.0		
36.3362	0.4333	979.7	979.6	981.0		
36.3528	0.4324	979.8	979.6	981.0		
36.3695	0.4342	979.8	979.6	981.0		
36.3862	0.4351	979.7	979.6	981.1		
36.4028	0.4241	979.8	979.7	981.1		
36.4195	0.4219	979.7	979.6	981.0		
36.4362	0.4311	979.7	979.5	980.9		
36.4528	0.4390	979.7	979.6	981.0		
36.4695	0.4311	979.8	979.6	981.0		
36.4862	0.4276	979.7	979.6	981.1		
36.5028	0.4320	979.8	979.6	981.0		
36.5195	0.4280	979.7	979.6	981.0		
36.5362	0.4188	979.7	979.5	980.9		
36.5528	0.4263	979.8	979.6	981.0		
36.5695	0.4355	979.7	979.5	981.0		
36.5862	0.4280	979.8	979.6	981.0		
36.6028	0.4364	979.7	979.5	981.0		
36.6195	0.4364	979.8	979.6	981.1		
36.6362	0.4377	979.8	979.7	981.2		
36.6528	0.4333	979.9	979.7	981.1		
36.6695	0.4298	979.8	979.7	981.1		
36.6862	0.4434	979.8	979.7	981.1		
36.7028	0.4372	979.8	979.6	981.0		
36.7195	0.4307	979.8	979.6	981.0		
36.7362	0.4280	979.7	979.6	981.1		
36.7528	0.4386	979.8	979.6	981.1		
36.7695	0.4276	979.7	979.6	981.1		
36.7862	0.4377	979.7	979.6	981.1		
36.8028	0.4390	979.7	979.6	981.0		
36.8195	0.4311	979.7	979.6	981.0		
36.8362	0.4346	979.8	979.6	981.0		
36.8528	0.4425	979.8	979.6	981.1		
36.8695	0.4351	979.8	979.6	981.0		
36.8862	0.4390	979.8	979.6	981.0		
36.9028	0.4337	979.7	979.6	981.0		
36.9195	0.4390	979.7	979.6	981.0		
36.9362	0.4408	979.7	979.6	981.0		
36.9528	0.4394	979.7	979.7	981.1		
36.9695	0.4408	979.8	979.7	981.1		
36.9862	0.4394	979.9	979.7	981.1		
37.0028	0.4430	979.9	979.8	981.1		
37.0195	0.4355	979.8	979.7	981.2		
37.0362	0.4456	979.8	979.7	981.1		
37.0528	0.4337	979.7	979.6	981.1		
37.0695	0.4386	979.7	979.6	981.1		
37.0862	0.4386	979.8	979.6	981.0		
37.1028	0.4474	979.7	979.6	981.1		
37.1195	0.4399	979.8	979.7	981.1		
37.1362	0.4320	979.8	979.7	981.1		
37.1528	0.4403	979.8	979.6	981.1		
37.1695	0.4408	979.8	979.6	981.0		
37.1862	0.4293	979.8	979.6	981.0		
37.2028	0.4412	979.8	979.7	981.1		
37.2195	0.4465	979.8	979.6	981.0		
37.2362	0.4447	979.8	979.7	981.1		
37.2528	0.4403	979.8	979.6	981.1		
37.2695	0.4403	979.8	979.6	981.1		
37.2862	0.4465	979.8	979.6	981.1		
37.3028	0.4372	979.7	979.7	981.1		
37.3195	0.4478	979.8	979.7	981.1		
37.3362	0.4517	980.0	979.8	981.3		
37.3528	0.4289	979.8	979.7	981.0		
37.3695	0.4342	979.8	979.7	981.0		
37.3862	0.4399	979.8	979.7	981.1		
37.4028	0.4320	979.8	979.6	981.0		
37.4195	0.4421	979.9	979.7	981.1		
37.4362	0.4377	979.8	979.6	981.0		
37.4528	0.4377	979.8	979.6	981.0		
37.4695	0.4386	979.7	979.6	981.0		
37.4862	0.4416	979.8	979.6	980.9		
37.5028	0.4416	979.7	979.6	981.0		
37.5195	0.4394	979.8	979.6	981.1		
37.5362	0.4390	979.7	979.5	981.0		
37.5528	0.4394	979.8	979.7	981.1		
37.5695	0.4456	979.7	979.6	981.0		
37.5862	0.4544	979.7	979.7	981.1		
37.6028	0.4478	979.8	979.6	981.0		
37.6195	0.4465	979.7	979.6	981.0		
37.6362	0.4491	979.7	979.5	981.1		
37.6528	0.4434	979.7	979.6	981.0		
37.6695	0.4412	979.8	979.6	981.1		
37.6862	0.4399	979.7	979.6	981.1		
37.7028	0.4399	979.7	979.6	981.0		
37.7195	0.4430	979.8	979.6	981.1		
37.7362	0.4469	979.9	979.7	981.1		
37.7528	0.4443	979.9	979.7	981.1		
37.7695	0.4394	979.8	979.6	981.1		
37.7862	0.4482	979.8	979.7	981.1		
37.8028	0.4408	979.8	979.7	981.1		
37.8195	0.4416	979.8	979.7	981.1		
37.8362	0.4452	979.9	979.7	981.1		
37.8528	0.4447	979.9	979.7	981.1		
37.8695	0.4522	980.1	979.8	981.1		
37.8862	0.4460	979.9	979.8	981.1		
37.9028	0.4465	979.9	979.7	981.1		
37.9195	0.4368	979.9	979.7	981.1		
37.9362	0.4474	979.9	979.7	981.1		
37.9528	0.4474	979.9	979.7	981.1		
37.9695	0.4434	979.8	979.7	981.1		
37.9862	0.4421	979.8	979.7	981.0		
38.0028	0.4438	980.0	979.7	981.1		
38.0195	0.4456	979.9	979.7	981.1		
38.0362	0.4474	979.9	979.6	981.0		
38.0528	0.4443	979.8	979.6	981.0		
38.0695	0.4491	979.8	979.6	981.0		
38.0862	0.4452	979.8	979.6	980.9		
38.1028	0.4478	979.8	979.6	981.1		
38.1195	0.4403	979.8	979.6	981.0		
38.1362	0.4469	979.7	979.5	981.0		
38.1528	0.4482	979.7	979.6	980.9		
38.1695	0.4460	979.7	979.6	981.0		
38.1862	0.4561	979.6	979.5	981.0		
38.2028	0.4517	979.7	979.6	981.1		
38.2195	0.4482	979.7	979.6	981.1		
38.2362	0.4469	979.6	979.6	981.0		
38.2528	0.4539	979.7	979.6	981.1		
38.2695	0.4456	979.8	979.7	981.1		
38.2862	0.4465	979.7	979.6	981.0		
38.3028	0.4500	979.7	979.6	981.0		
38.3195	0.4517	979.7	979.6	981.1		
38.3362	0.4504	979.7	979.6	981.1		
38.3528	0.4434	979.9	979.8	981.2		
38.3695	0.4482	979.9	979.6	981.0		
38.3862	0.4416	979.9	979.7	981.2		
38.4028	0.4531	979.7	979.6	981.1		
38.4195	0.4491	979.8	979.7	981.0		
38.4362	0.4553	979.8	979.6	981.1		
38.4528	0.4570	979.8	979.6	981.0		
38.4695	0.4509	979.8	979.6	981.0		
38.4862	0.4531	979.8	979.6	981.0		
38.5028	0.4513	979.8	979.6	981.0		
38.5195	0.4517	979.8	979.6	981.0		
38.5362	0.4575	979.8	979.7	981.1		
38.5528	0.4575	979.8	979.7	981.1		
38.5695	0.4522	979.9	979.8	981.2		
38.5862	0.4509	979.8	979.6	981.0		
38.6028	0.4509	979.8	979.7	981.1		
38.6195	0.4539	979.8	979.7	981.1		
38.6362	0.4588	979.8	979.7	981.1		
38.6528	0.4456	979.8	979.7	981.1		
38.6695	0.4478	979.8	979.7	981.0		
38.6862	0.4474	979.7	979.7	981.0		
38.7028	0.4610	979.8	979.7	981.1		
38.7195	0.4522	979.8	979.6	981.0		
38.7362	0.4535	979.7	979.7	981.1		
38.7528	0.4553	979.7	979.7	981.1		
38.7695	0.4553	979.7	979.6	981.1		
38.7862	0.4456	979.7	979.6	981.0		
38.8028	0.4610	979.8	979.7	981.1		
38.8195	0.4619	979.7	979.7	981.1		
38.8362	0.4522	979.8	979.7	981.1		
38.8528	0.4487	979.7	979.6	981.0		
38.8695	0.4557	979.7	979.6	981.0		
38.8862	0.4649	979.8	979.6	981.0		
38.9028	0.4544	979.7	979.6	981.0		
38.9195	0.4539	979.7	979.7	981.0		
38.9362	0.4597	979.7	979.6	981.0		
38.9528	0.4548	979.7	979.6	981.0		
38.9695	0.4610	979.8	979.7	981.1		
38.9862	0.4575	979.7	979.7	981.0		
39.0028	0.4579	979.8	979.7	981.1		
39.0195	0.4570	979.8	979.6	981.0		
39.0362	0.4575	979.7	979.7	981.1		
39.0528	0.4526	979.7	979.6	981.1		
39.0695	0.4588	979.8	979.7	981.1		
39.0862	0.4601	979.8	979.7	981.1		
39.1028	0.4649	979.8	979.7	981.1		
39.1195	0.4544	979.8	979.7	981.1		
39.1362	0.4605	979.7	979.6	981.0		
39.1528	0.4583	979.8	979.7	981.0		
39.1695	0.4649	979.8	979.6	981.0		
39.1862	0.4561	979.8	979.7	981.1		
39.2028	0.4482	979.7	979.6	980.9		
39.2195	0.4575	979.7	979.7	981.1		
39.2362	0.4619	979.8	979.6	981.0		
39.2528	0.4614	979.8	979.7	981.0		
39.2695	0.4601	979.8	979.7	981.1		
39.2862	0.4601	979.8	979.7	981.1		
39.3028	0.4632	979.7	979.6	981.0		
39.3195	0.4597	979.7	979.7	981.1		
39.3362	0.4623	979.8	979.7	981.1		
39.3528	0.4649	979.9	979.7	981.1		
39.3695	0.4667	979.8	979.7	981.1		
39.3862	0.4684	979.8	979.7	981.1		
39.4028	0.4627	979.7	979.6	981.0		
39.4195	0.4627	979.8	979.7	981.1		
39.4362	0.4535	979.8	979.7	981.2		
39.4528	0.4566	979.8	979.7	981.0		
39.4695	0.4654	979.8	979.7	981.0		
39.4862	0.4588	979.8	979.7	981.1		
39.5028	0.4623	979.8	979.7	981.1		
39.5195	0.4517	979.8	979.7	981.1		
39.5362	0.4614	979.8	979.7	981.0		
39.5528	0.4671	979.8	979.6	980.9		
39.5695	0.4623	979.9	979.7	981.1		
39.5862	0.4539	979.9	979.7	981.1		
39.6028	0.4526	979.8	979.7	981.0		
39.6195	0.4649	979.9	979.7	981.0		
39.6362	0.4680	979.8	979.7	981.0		
39.6528	0.4614	979.7	979.6	980.9		
39.6695	0.4654	979.8	979.7	981.1		
39.6862	0.4649	979.8	979.7	981.1		
39.7028	0.4601	979.7	979.7	981.1		
39.7195	0.4605	979.9	979.8	981.1		
39.7362	0.4553	979.8	979.8	981.1		
39.7528	0.4641	979.8	979.8	981.1		
39.7695	0.4649	979.8	979.7	981.0		
39.7862	0.4641	979.8	979.7	981.1		
39.8028	0.4715	979.8	979.7	981.1		
39.8195	0.4702	979.8	979.7	981.0		
39.8362	0.4684	979.8	979.7	981.1		
39.8528	0.4746	979.7	979.7	981.1		
39.8695	0.4720	979.8	979.7	981.1		
39.8862	0.4583	979.7	979.7	981.1		
39.9028	0.4605	979.8	979.7	981.1		
39.9195	0.4645	979.9	979.7	981.0		
39.9362	0.4750	979.7	979.6	981.0		
39.9528	0.4645	979.7	979.6	981.0		
39.9695	0.4720	979.8	979.6	981.0		
39.9862	0.4676	979.8	979.7	981.0		
40.0028	0.4684	979.8	979.6	981.0		
40.0195	0.4768	979.7	979.6	981.0		
40.0362	0.4619	979.8	979.7	981.1		
40.0528	0.4641	979.8	979.7	981.0		
40.0695	0.4671	979.8	979.7	981.0		
40.0862	0.4601	979.8	979.7	981.1		
40.1028	0.4733	979.8	979.7	981.1		
40.1195	0.4632	979.8	979.8	981.1		
40.1362	0.4680	979.7	979.7	981.1		
40.1528	0.4724	979.8	979.7	981.0		
40.1695	0.4636	979.8	979.6	981.0		
40.1862	0.4557	979.8	979.6	981.0		
40.2028	0.4667	979.8	979.6	980.9		
40.2195	0.4623	979.7	979.6	981.0		
40.2362	0.4623	979.8	979.7	981.0		
40.2528	0.4627	979.7	979.6	980.9		
40.2695	0.4768	979.7	979.6	981.0		
40.2862	0.4601	979.7	979.5	980.9		
40.3028	0.4632	979.9	979.6	981.0		
40.3195	0.4645	979.8	979.6	981.0		
40.3362	0.4676	980.5	980.0	981.2		
40.3528	0.4711	980.0	979.8	981.1		
40.3695	0.4627	980.1	979.8	981.2		
40.3862	0.4742	979.9	979.8	981.1		
40.4028	0.4649	979.9	979.7	981.0		
40.4195	0.4742	979.8	979.7	981.0		
40.4362	0.4808	979.9	979.8	981.1		
40.4528	0.4715	979.9	979.7	981.1		
40.4695	0.4711	979.7	979.6	981.1		
40.4862	0.4693	979.8	979.7	981.2		
40.5028	0.4720	979.6	979.6	981.0		
40.5195	0.4794	979.6	979.6	981.0		
40.5362	0.4689	979.7	979.7	981.1		
40.5528	0.4689	979.7	979.6	981.0		
40.5695	0.4702	979.7	979.6	981.0		
40.5862	0.4724	979.8	979.7	981.0		
40.6028	0.4641	979.7	979.6	981.1		
40.6195	0.4684	979.8	979.7	981.1		
40.6362	0.4684	979.9	979.7	981.0		
40.6528	0.4575	980.0	979.8	981.1		
40.6695	0.4689	979.9	979.7	981.1		
40.6862	0.4702	979.9	979.7	981.2		
40.7028	0.4680	979.8	979.7	981.0		
40.7195	0.4645	979.8	979.7	981.0		
40.7362	0.4698	979.8	979.7	981.0		
40.7528	0.4768	979.8	979.6	981.0		
40.7695	0.4728	979.9	979.7	981.1		
40.7862	0.4689	979.8	979.7	981.1		
40.8028	0.4772	979.7	979.7	981.1		
40.8195	0.4733	979.7	979.7	981.1		
40.8362	0.4794	979.7	979.6	981.0		
40.8528	0.4742	979.7	979.6	981.1		
40.8695	0.4693	979.7	979.7	981.0		
40.8862	0.4746	979.9	979.8	981.2		
40.9028	0.4764	979.7	979.7	981.0		
40.9195	0.4742	979.7	979.7	981.0		
40.9362	0.4750	979.7	979.7	981.1		
40.9528	0.4786	979.7	979.6	981.1		
40.9695	0.4794	979.7	979.7	981.0		
40.9862	0.4759	979.6	979.7	981.1		
41.0028	0.4706	979.7	979.8	981.1		
41.0195	0.4851	979.8	979.7	981.1		
41.0362	0.4711	979.8	979.7	981.2		
41.0528	0.4790	979.8	979.7	981.1		
41.0695	0.4790	979.6	979.6	981.1		
41.0862	0.4772	979.7	979.7	981.1		
41.1028	0.4808	979.9	979.8	981.1		
41.1195	0.4742	979.8	979.7	981.1		
41.1362	0.4728	979.7	979.7	981.0		
41.1528	0.4724	979.8	979.7	981.1		
41.1695	0.4720	980.1	979.8	981.1		
41.1862	0.4689	980.0	979.8	981.1		
41.2028	0.4759	979.9	979.8	981.2		
41.2195	0.4790	980.0	979.8	981.1		
41.2362	0.4663	980.0	979.8	981.2		
41.2528	0.4759	980.0	979.8	981.1		
41.2695	0.4680	979.9	979.8	981.1		
41.2862	0.4733	979.8	979.7	981.0		
41.3028	0.4750	979.9	979.8	981.1		
41.3195	0.4764	979.8	979.7	981.0		
41.3362	0.4781	979.7	979.7	981.1		
41.3528	0.4768	979.8	979.7	981.1		
41.3695	0.4843	979.8	979.7	981.1		
41.3862	0.4768	979.8	979.7	981.0		
41.4028	0.4803	979.8	979.7	981.1		
41.4195	0.4882	979.7	979.7	981.1		
41.4362	0.4759	979.7	979.7	981.1		
41.4528	0.4825	979.8	979.7	981.1		
41.4695	0.4772	979.7	979.7	981.1		
41.4862	0.4772	979.8	979.8	981.1		
41.5028	0.4742	979.8	979.7	981.1		
41.5195	0.4803	979.8	979.8	981.1		
41.5362	0.4843	979.8	979.7	981.1		
41.5528	0.4843	979.8	979.8	981.2		
41.5695	0.4768	979.8	979.7	981.1		
41.5862	0.4786	979.8	979.7	981.1		
41.6028	0.4808	979.7	979.7	981.0		
41.6195	0.4759	979.7	979.7	981.0		
41.6362	0.4821	979.8	979.7	981.1		
41.6528	0.4803	979.8	979.6	981.0		
41.6695	0.4759	979.8	979.7	981.0		
41.6862	0.4777	979.7	979.6	981.0		
41.7028	0.4799	979.7	979.7	981.0		
41.7195	0.4803	979.8	979.7	981.0		
41.7362	0.4759	979.8	979.7	981.1		
41.7528	0.4843	979.9	979.7	981.1		
41.7695	0.4812	979.7	979.6	980.9		
41.7862	0.4768	979.8	979.7	981.0		
41.8028	0.4781	979.8	979.7	981.1		
41.8195	0.4895	979.8	979.7	981.1		
41.8362	0.4794	979.8	979.8	981.1		
41.8528	0.4851	979.7	979.7	981.0		
41.8695	0.4865	979.7	979.8	981.1		
41.8862	0.4860	979.8	979.7	981.1		
41.9028	0.4843	979.8	979.7	981.0		
41.9195	0.4917	979.8	979.8	981.1		
41.9362	0.4873	979.8	979.8	981.1		
41.9528	0.4834	979.8	979.7	981.1		
41.9695	0.4742	979.9	979.7	981.1		
41.9862	0.4808	979.9	979.8	981.2		
42.0028	0.4865	979.9	979.7	981.1		
42.0195	0.4781	979.8	979.7	981.0		
42.0362	0.4865	979.8	979.7	981.1		
42.0528	0.4843	979.8	979.7	981.0		
42.0695	0.4781	979.9	979.7	981.1		
42.0862	0.4834	979.8	979.7	981.0		
42.1028	0.4869	979.9	979.7	981.0		
42.1195	0.4772	979.9	979.8	981.1		
42.1362	0.4821	979.8	979.7	981.0		
42.1528	0.4847	979.8	979.8	981.1		
42.1695	0.4909	979.8	979.7	981.0		
42.1862	0.4909	979.8	979.7	981.1		
42.2028	0.4838	979.7	979.7	981.0		
42.2195	0.4926	979.8	979.8	981.1		
42.2362	0.4869	979.8	979.7	981.0		
42.2528	0.4887	979.9	979.8	981.1		
42.2695	0.4860	979.9	979.9	981.2		
42.2862	0.4838	979.8	979.7	981.0		
42.3028	0.4922	979.8	979.7	981.1		
42.3195	0.4922	979.7	979.7	981.0		
42.3362	0.4865	979.8	979.7	981.1		
42.3528	0.4869	980.2	979.9	981.2		
42.3695	0.4909	980.0	979.9	981.2		
42.3862	0.4931	980.0	979.9	981.2		
42.4028	0.4944	980.0	979.9	981.2		
42.4195	0.4878	979.9	979.8	981.1		
42.4362	0.4926	979.8	979.7	981.1		
42.4528	0.4917	979.8	979.8	981.2		
42.4695	0.4865	979.8	979.7	981.1		
42.4862	0.4926	979.8	979.7	981.1		
42.5028	0.4843	979.8	979.7	981.1		
42.5195	0.4895	979.9	979.7	981.0		
42.5362	0.4856	979.9	979.8	981.2		
42.5528	0.4829	979.9	979.7	981.0		
42.5695	0.4812	979.9	979.7	981.1		
42.5862	0.4917	979.9	979.8	981.1		
42.6028	0.4869	979.9	979.8	981.1		
42.6195	0.4869	979.8	979.6	981.0		
42.6362	0.4891	979.8	979.8	981.1		
42.6528	0.4909	979.8	979.7	981.0		
42.6695	0.5005	979.8	979.7	981.0		
42.6862	0.4917	979.8	979.8	981.1		
42.7028	0.4900	979.8	979.8	981.0		
42.7195	0.4869	979.8	979.7	981.0		
42.7362	0.4983	979.9	979.8	981.1		
42.7528	0.4926	979.8	979.8	981.1		
42.7695	0.4957	979.8	979.8	981.2		
42.7862	0.5001	979.7	979.7	981.0		
42.8028	0.4900	979.8	979.7	981.1		
42.8195	0.4860	979.7	979.7	981.1		
42.8362	0.4935	979.8	979.7	981.1		
42.8528	0.4944	979.8	979.8	981.1		
42.8695	0.4953	979.8	979.7	981.1		
42.8862	0.4882	979.8	979.8	981.1		
42.9028	0.4926	979.8	979.7	981.1		
42.9195	0.4996	979.7	979.7	981.1		
42.9362	0.4922	979.8	979.7	981.1		
42.9528	0.4953	979.7	979.8	981.1		
42.9695	0.4944	979.8	979.7	981.1		
42.9862	0.4931	979.7	979.7	981.0		
43.0028	0.4900	979.7	979.7	981.1		
43.0195	0.4957	979.8	979.7	981.0		
43.0362	0.4957	979.8	979.7	981.0		
43.0528	0.4935	979.8	979.7	981.0		
43.0695	0.4926	979.9	979.7	981.1		
43.0862	0.4979	979.7	979.6	980.9		
43.1028	0.4926	979.8	979.7	981.1		
43.1195	0.5023	979.8	979.7	981.1		
43.1362	0.4979	979.8	979.7	981.0		
43.1528	0.4979	979.8	979.7	981.0		
43.1695	0.4948	979.8	979.7	981.0		
43.1862	0.4948	979.8	979.7	981.1		
43.2028	0.4983	979.8	979.7	981.0		
43.2195	0.4957	979.8	979.8	981.1		
43.2362	0.5014	979.8	979.7	981.0		
43.2528	0.5005	979.8	979.8	981.1		
43.2695	0.4961	979.8	979.8	981.1		
43.2862	0.4970	979.8	979.7	981.0		
43.3028	0.4961	979.8	979.8	981.1		
43.3195	0.4970	979.8	979.7	981.1		
43.3362	0.4948	979.8	979.8	981.1		
43.3528	0.5067	979.8	979.7	981.1		
43.3695	0.5001	979.8	979.7	981.2		
43.3862	0.4935	979.8	979.8	981.1		
43.4028	0.5058	979.9	979.7	981.1		
43.4195	0.4948	979.9	979.8	981.1		
43.4362	0.4975	979.8	979.8	981.1		
43.4528	0.5018	979.9	979.8	981.1		
43.4695	0.4970	979.9	979.7	981.1		
43.4862	0.4966	979.9	979.8	981.1		
43.5028	0.5005	980.0	979.8	981.1		
43.5195	0.4913	979.9	979.7	981.0		
43.5362	0.5058	979.8	979.7	981.0		
43.5528	0.4992	979.9	979.8	981.0		
43.5695	0.5001	979.8	979.8	981.1		
43.5862	0.4970	979.9	979.8	981.1		
43.6028	0.4970	979.8	979.8	981.1		
43.6195	0.4957	979.8	979.8	981.0		
43.6362	0.4988	979.8	979.9	981.2		
43.6528	0.5124	979.8	979.8	981.1		
43.6695	0.5014	979.7	979.7	981.0		
43.6862	0.5071	979.8	979.8	981.0		
43.7028	0.5045	979.7	979.7	981.0		
43.7195	0.5005	979.8	979.8	981.1		
43.7362	0.5010	979.8	979.7	981.0		
43.7528	0.5036	979.9	979.9	981.2		
43.7695	0.4992	979.8	979.8	981.1		
43.7862	0.5036	979.8	979.8	981.1		
43.8028	0.5062	979.8	979.8	981.0		
43.8195	0.5040	979.8	979.8	981.1		
43.8362	0.4992	979.9	979.8	981.2		
43.8528	0.5076	979.8	979.8	981.1		
43.8695	0.5018	979.8	979.8	981.1		
43.8862	0.5014	979.8	979.8	981.1		
43.9028	0.4983	979.8	979.7	981.0		
43.9195	0.5093	979.8	979.8	981.1		
43.9362	0.4992	979.8	979.7	981.0		
43.9528	0.5010	979.7	979.7	981.0		
43.9695	0.5005	979.8	979.8	981.0		
43.9862	0.4966	979.8	979.7	981.0		
44.0028	0.5018	979.8	979.7	981.0		
44.0195	0.5084	979.8	979.7	981.0		
44.0362	0.5023	979.9	979.7	981.0		
44.0528	0.5080	979.8	979.8	981.1		
44.0695	0.5014	979.8	979.7	981.0		
44.0862	0.5049	979.8	979.8	981.0		
44.1028	0.5084	979.7	979.8	981.0		
44.1195	0.4992	979.9	979.8	981.1		
44.1362	0.5054	979.7	979.7	981.0		
44.1528	0.5111	979.8	979.8	981.1		
44.1695	0.5102	979.8	979.8	981.1		
44.1862	0.5032	979.8	979.8	981.1		
44.2028	0.5216	979.8	979.8	981.1		
44.2195	0.5071	979.8	979.8	981.1		
44.2362	0.5111	979.7	979.7	981.1		
44.2528	0.5120	979.8	979.8	981.2		
44.2695	0.5102	979.8	979.8	981.1		
44.2862	0.5045	979.7	979.8	981.1		
44.3028	0.5076	979.9	979.9	981.2		
44.3195	0.5203	979.8	979.8	981.1		
44.3362	0.5102	979.8	979.8	981.1		
44.3528	0.5093	979.8	979.8	981.1		
44.3695	0.5049	979.8	979.9	981.1		
44.3862	0.5098	979.9	979.9	981.2		
44.4028	0.5098	979.9	979.8	981.1		
44.4195	0.5040	979.8	979.8	981.1		
44.4362	0.5093	979.9	979.8	981.2		
44.4528	0.5071	979.8	979.8	981.1		
44.4695	0.5067	979.9	979.8	981.1		
44.4862	0.5040	979.9	979.8	981.1		
44.5028	0.5071	979.9	979.8	981.1		
44.5195	0.5005	980.0	979.9	981.2		
44.5362	0.5018	979.9	979.8	981.1		
44.5528	0.5084	979.9	979.8	981.1		
44.5695	0.5137	979.9	979.9	981.1		
44.5862	0.5058	979.8	979.8	981.0		
44.6028	0.5120	979.9	979.8	981.1		
44.6195	0.5071	979.8	979.8	981.1		
44.6362	0.5084	979.8	979.8	981.0		
44.6528	0.5225	979.8	979.8	981.1		
44.6695	0.5133	979.8	979.8	981.1		
44.6862	0.5150	979.8	979.8	981.1		
44.7028	0.5142	979.8	979.8	981.1		
44.7195	0.5054	979.8	979.7	981.1		
44.7362	0.5181	979.8	979.8	981.1		
44.7528	0.5115	979.8	979.7	981.0		
44.7695	0.5124	979.8	979.9	981.2		
44.7862	0.5080	979.8	979.8	981.1		
44.8028	0.5137	979.8	979.8	981.1		
44.8195	0.5111	979.7	979.8	981.1		
44.8362	0.5137	979.8	979.8	981.1		
44.8528	0.5115	979.8	979.8	981.2		
44.8695	0.5194	979.8	979.8	981.1		
44.8862	0.5150	979.7	979.8	981.1		
44.9028	0.5159	979.8	979.7	981.0		
44.9195	0.5128	979.7	979.7	981.0		
44.9362	0.5120	979.7	979.8	981.1		
44.9528	0.5093	979.9	979.7	981.0		
44.9695	0.5084	979.8	979.7	981.0		
44.9862	0.5168	979.8	979.7	981.1		
45.0028	0.5155	979.8	979.7	981.0		
45.0195	0.5177	979.9	979.7	981.1		
45.0362	0.5155	979.9	979.8	981.1		
45.0528	0.5190	979.7	979.7	981.0		
45.0695	0.5225	979.8	979.7	981.0		
45.0862	0.5190	979.8	979.8	981.1		
45.1028	0.5155	979.7	979.7	981.1		
45.1195	0.5142	979.8	979.9	981.2		
45.1362	0.5133	979.7	979.7	981.1		
45.1528	0.5185	979.9	979.9	981.1		
45.1695	0.5251	979.7	979.8	981.0		
45.1862	0.5203	979.8	979.8	981.1		
45.2028	0.5155	979.7	979.8	981.1		
45.2195	0.5146	979.8	979.8	981.1		
45.2362	0.5185	979.7	979.8	981.1		
45.2528	0.5212	979.8	979.7	981.1		
45.2695	0.5142	979.8	979.7	981.0		
45.2862	0.5190	980.0	979.8	981.1		
45.3028	0.5115	979.9	979.8	981.1		
45.3195	0.5137	979.9	979.8	981.1		
45.3362	0.5181	979.9	979.8	981.1		
45.3528	0.5177	979.8	979.7	981.0		
45.3695	0.5133	979.8	979.8	981.1		
45.3862	0.5225	979.9	979.9	981.1		
45.4028	0.5150	979.9	979.8	981.0		
45.4195	0.5115	979.8	979.9	981.1		
45.4362	0.5207	979.8	979.8	981.1		
45.4528	0.5159	979.8	979.8	981.1		
45.4695	0.5221	979.8	979.8	981.1		
45.4862	0.5225	979.8	979.8	981.1		
45.5028	0.5243	979.7	979.9	981.2		
45.5195	0.5265	979.8	979.9	981.1		
45.5362	0.5190	979.8	979.8	981.1		
45.5528	0.5225	979.8	979.9	981.2		
45.5695	0.5291	979.9	979.9	981.1		
45.5862	0.5199	979.8	979.9	981.1		
45.6028	0.5207	979.8	979.8	981.1		
45.6195	0.5194	979.7	979.8	981.1		
45.6362	0.5199	979.8	979.8	981.1		
45.6528	0.5238	979.8	979.8	981.1		
45.6695	0.5229	979.7	979.8	981.0		
45.6862	0.5251	979.8	979.8	981.1		
45.7028	0.5308	979.8	979.8	981.1		
45.7195	0.5142	979.7	979.7	981.1		
45.7362	0.5251	979.7	979.8	981.1		
45.7528	0.5185	979.9	979.8	981.0		
45.7695	0.5238	979.8	979.8	981.1		
45.7862	0.5243	979.8	979.7	981.0		
45.8028	0.5159	979.9	979.8	981.1		
45.8195	0.5216	979.8	979.8	981.1		
45.8362	0.5177	979.9	979.8	981.0		
45.8528	0.5172	979.8	979.7	981.0		
45.8695	0.5243	979.8	979.7	981.0		
45.8862	0.5313	979.8	979.7	981.0		
45.9028	0.5243	979.8	979.8	981.1		
45.9195	0.5181	979.8	979.7	981.0		
45.9362	0.5238	979.8	979.8	981.1		
45.9528	0.5251	979.8	979.7	981.0		
45.9695	0.5194	979.8	979.7	981.0		
45.9862	0.5256	979.9	979.9	981.2		
46.0028	0.5203	979.8	979.8	981.1		
46.0195	0.5300	979.8	979.8	981.1		
46.0362	0.5203	979.8	979.8	981.0		
46.0528	0.5247	979.8	979.8	981.1		
46.0695	0.5238	979.8	979.8	981.1		
46.0862	0.5260	979.8	979.8	981.1		
46.1028	0.5295	979.8	979.7	981.0		
46.1195	0.5168	979.9	979.8	981.0		
46.1362	0.5221	979.9	979.8	981.0		
46.1528	0.5229	979.9	979.9	981.2		
46.1695	0.5269	980.0	979.9	981.1		
46.1862	0.5269	979.8	979.8	981.0		
46.2028	0.5308	980.0	979.8	981.1		
46.2195	0.5212	979.9	979.8	981.1		
46.2362	0.5278	979.8	979.7	981.0		
46.2528	0.5199	979.8	979.9	981.1		
46.2695	0.5260	979.9	979.8	981.0		
46.2862	0.5269	979.8	979.8	981.1		
46.3028	0.5335	979.8	979.8	981.0		
46.3195	0.5256	979.8	979.8	981.1		
46.3362	0.5317	979.8	979.8	981.1		
46.3528	0.5243	979.8	979.8	981.0		
46.3695	0.5229	979.9	979.8	981.0		
46.3862	0.5291	979.8	979.8	981.1		
46.4028	0.5295	979.8	979.8	981.0		
46.4195	0.5207	979.8	979.8	981.1		
46.4362	0.5295	979.7	979.7	981.0		
46.4528	0.5229	979.7	979.8	981.0		
46.4695	0.5291	979.8	979.9	981.1		
46.4862	0.5304	979.8	979.8	981.1		
46.5028	0.5330	979.8	979.8	981.1		
46.5195	0.5348	979.8	979.8	981.2		
46.5362	0.5330	979.8	979.9	981.2		
46.5528	0.5357	979.8	979.8	981.1		
46.5695	0.5287	979.8	979.8	981.1		
46.5862	0.5401	979.8	979.7	981.1		
46.6028	0.5273	979.8	979.8	981.1		
46.6195	0.5300	979.9	979.8	981.1		
46.6362	0.5256	979.8	979.8	981.0		
46.6528	0.5260	979.9	979.7	981.0		
46.6695	0.5300	979.9	979.8	981.1		
46.6862	0.5317	979.8	979.8	981.1		
46.7028	0.5251	979.9	979.8	981.1		
46.7195	0.5379	979.8	979.8	981.0		
46.7362	0.5287	979.9	979.8	981.1		
46.7528	0.5278	979.8	979.8	981.0		
46.7695	0.5383	979.9	979.8	981.1		
46.7862	0.5339	979.9	979.8	981.1		
46.8028	0.5335	979.8	979.9	981.0		
46.8195	0.5352	979.8	979.9	981.1		
46.8362	0.5300	979.8	979.9	981.1		
46.8528	0.5304	979.8	979.9	981.0		
46.8695	0.5308	979.7	979.8	981.0		
46.8862	0.5352	979.8	979.8	981.1		
46.9028	0.5352	979.9	979.8	981.1		
46.9195	0.5423	979.8	979.8	981.1		
46.9362	0.5401	979.8	979.9	981.1		
46.9528	0.5348	979.8	979.9	981.1		
46.9695	0.5401	979.8	979.9	981.1		
46.9862	0.5405	979.8	979.8	981.1		
47.0028	0.5348	979.8	979.8	981.1		
47.0195	0.5401	979.8	979.8	981.1		
47.0362	0.5339	979.7	979.8	981.0		
47.0528	0.5282	979.8	979.8	981.1		
47.0695	0.5308	979.8	979.8	981.0		
47.0862	0.5326	979.8	979.8	981.1		
47.1028	0.5379	979.8	979.8	981.0		
47.1195	0.5317	979.8	979.8	981.1		
47.1362	0.5366	979.8	979.8	981.1		
47.1528	0.5304	979.7	979.7	981.0		
47.1695	0.5379	979.8	979.8	981.1		
47.1862	0.5352	979.8	979.7	981.0		
47.2028	0.5475	979.8	979.8	981.1		
47.2195	0.5366	979.8	979.7	981.0		
47.2362	0.5383	979.8	979.8	981.0		
47.2528	0.5379	979.8	979.7	981.0		
47.2695	0.5383	979.8	979.8	981.1		
47.2862	0.5392	979.7	979.8	981.0		
47.3028	0.5379	979.8	979.8	981.1		
47.3195	0.5361	979.8	979.8	981.1		
47.3362	0.5374	979.8	979.8	981.1		
47.3528	0.5410	979.8	979.7	981.0		
47.3695	0.5418	979.8	979.8	981.0		
47.3862	0.5405	979.8	979.8	981.0		
47.4028	0.5379	979.7	979.8	981.0		
47.4195	0.5410	979.7	979.8	981.1		
47.4362	0.5370	979.8	979.8	981.0		
47.4528	0.5361	979.8	979.8	981.1		
47.4695	0.5396	979.8	979.9	981.2		
47.4862	0.5370	979.8	979.9	981.1		
47.5028	0.5401	979.8	979.8	981.0		
47.5195	0.5467	979.8	979.9	981.1		
47.5362	0.5392	979.8	979.8	981.1		
47.5528	0.5418	979.8	979.8	981.0		
47.5695	0.5414	979.9	979.9	981.0		
47.5862	0.5436	979.8	979.9	981.1		
47.6028	0.5396	979.8	979.9	981.1		
47.6195	0.5440	979.8	979.9	981.1		
47.6362	0.5366	979.8	979.9	981.1		
47.6528	0.5440	979.8	979.9	981.1		
47.6695	0.5432	979.9	979.9	981.1		
47.6862	0.5414	979.7	979.9	981.2		
47.7028	0.5392	979.8	979.8	981.1		
47.7195	0.5432	979.8	979.9	981.1		
47.7362	0.5392	979.7	979.7	981.0		
47.7528	0.5348	979.7	979.8	981.0		
47.7695	0.5449	979.8	979.7	981.0		
47.7862	0.5383	979.8	979.8	981.0		
47.8028	0.5401	979.8	979.8	981.0		
47.8195	0.5458	979.7	979.7	981.0		
47.8362	0.5414	979.8	979.8	981.0		
47.8528	0.5454	979.8	979.8	981.0		
47.8695	0.5423	979.8	979.8	981.0		
47.8862	0.5502	979.8	979.8	981.1		
47.9028	0.5454	979.8	979.8	981.0		
47.9195	0.5401	979.8	979.8	981.0		
47.9362	0.5471	979.8	979.8	981.1		
47.9528	0.5458	979.8	979.9	981.1		
47.9695	0.5502	979.7	979.7	981.0		
47.9862	0.5581	979.9	979.9	981.2		
48.0028	0.5471	979.7	979.8	981.0		
48.0195	0.5489	979.8	979.9	981.2		
48.0362	0.5559	979.6	979.7	980.9		
48.0528	0.5480	979.8	979.8	981.1		
48.0695	0.5471	979.8	979.8	981.0		
48.0862	0.5471	979.9	979.8	981.1		
48.1028	0.5458	979.8	979.8	981.1		
48.1195	0.5475	979.8	979.8	981.1		
48.1362	0.5511	979.8	979.8	981.0		
48.1528	0.5454	979.8	979.8	981.1		
48.1695	0.5440	979.9	979.8	981.1		
48.1862	0.5436	979.9	979.8	981.0		
48.2028	0.5480	979.9	979.9	981.0		
48.2195	0.5454	979.9	979.8	981.0		
48.2362	0.5519	979.8	979.9	981.1		
48.2528	0.5462	979.8	979.8	981.1		
48.2695	0.5480	979.8	979.9	981.0		
48.2862	0.5497	979.8	979.9	981.1		
48.3028	0.5484	979.8	979.9	981.1		
48.3195	0.5555	979.7	979.8	981.1		
48.3362	0.5511	979.8	979.9	981.1		
48.3528	0.5585	979.7	979.8	981.1		
48.3695	0.5519	979.8	979.9	981.1		
48.3862	0.5550	979.7	979.8	981.0		
48.4028	0.5537	979.9	979.8	981.1		
48.4195	0.5497	979.8	979.9	981.1		
48.4362	0.5581	979.8	979.8	981.0		
48.4528	0.5594	979.8	979.9	981.1		
48.4695	0.5511	979.7	979.8	981.1		
48.4862	0.5550	979.8	979.8	981.1		
48.5028	0.5489	979.9	979.9	981.1		
48.5195	0.5475	979.8	979.8	981.1		
48.5362	0.5454	979.8	979.8	981.0		
48.5528	0.5489	979.8	979.8	981.0		
48.5695	0.5484	979.9	979.9	981.1		
48.5862	0.5449	979.8	979.9	981.1		
48.6028	0.5581	979.9	979.9	981.2		
48.6195	0.5541	979.9	979.9	981.0		
48.6362	0.5537	979.9	979.9	981.1		
48.6528	0.5524	979.9	979.9	981.1		
48.6695	0.5445	979.9	979.9	981.1		
48.6862	0.5550	979.9	979.9	981.1		
48.7028	0.5563	979.9	979.9	981.1		
48.7195	0.5541	979.9	979.9	981.1		
48.7362	0.5559	979.8	979.9	981.0		
48.7528	0.5585	979.8	979.9	981.0		
48.7695	0.5462	979.8	979.9	981.0		
48.7862	0.5546	979.8	979.9	981.1		
48.8028	0.5620	979.8	979.9	981.1		
48.8195	0.5533	979.8	979.9	981.1		
48.8362	0.5599	979.9	979.9	981.1		
48.8528	0.5559	979.8	979.9	981.1		
48.8695	0.5590	979.8	979.9	981.1		
48.8862	0.5638	979.8	979.9	981.1		
48.9028	0.5585	979.8	979.9	981.1		
48.9195	0.5577	979.8	979.9	981.1		
48.9362	0.5519	979.7	979.8	981.1		
48.9528	0.5620	979.8	979.9	981.1		
48.9695	0.5581	979.8	979.9	981.1		
48.9862	0.5625	979.8	979.9	981.1		
49.0028	0.5559	979.8	979.9	981.1		
49.0195	0.5590	979.8	979.9	981.1		
49.0362	0.5572	979.8	979.9	981.1		
49.0528	0.5546	979.8	979.9	981.0		
49.0695	0.5541	979.8	979.9	981.1		
49.0862	0.5572	979.8	979.9	981.1		
49.1028	0.5563	979.8	979.8	981.0		
49.1195	0.5581	979.8	979.9	981.1		
49.1362	0.5599	979.8	979.9	981.1		
49.1528	0.5612	979.8	980.0	981.2		
49.1695	0.5607	979.8	979.9	981.0		
49.1862	0.5594	979.8	979.9	981.1		
49.2028	0.5660	979.8	979.9	981.1		
49.2195	0.5669	979.9	980.0	981.1		
49.2362	0.5629	979.8	979.9	981.1		
49.2528	0.5594	979.8	979.9	981.1		
49.2695	0.5594	979.8	979.9	981.1		
49.2862	0.5660	979.7	979.9	981.1		
49.3028	0.5546	979.8	979.8	981.0		
49.3195	0.5691	979.8	979.9	981.1		
49.3362	0.5594	979.8	979.8	981.0		
49.3528	0.5647	979.8	979.8	981.0		
49.3695	0.5590	979.8	979.8	980.9		
49.3862	0.5559	979.8	979.8	981.0		
49.4028	0.5568	979.8	979.8	981.0		
49.4195	0.5585	979.8	979.8	981.0		
49.4362	0.5656	979.8	979.8	981.1		
49.4528	0.5625	979.8	979.8	981.0		
49.4695	0.5726	979.8	979.9	981.1		
49.4862	0.5634	979.8	979.8	981.0		
49.5028	0.5629	979.7	979.9	981.1		
49.5195	0.5704	979.8	979.9	981.1		
49.5362	0.5660	979.7	979.8	981.0		
49.5528	0.5577	979.8	979.9	981.1		
49.5695	0.5673	979.8	979.8	981.0		
49.5862	0.5629	979.7	979.8	981.0		
49.6028	0.5673	979.8	979.9	981.1		
49.6195	0.5766	979.7	979.8	981.1		
49.6362	0.5664	979.8	979.8	981.0		
49.6528	0.5555	979.8	979.9	981.1		
49.6695	0.5651	979.7	979.8	981.0		
49.6862	0.5669	979.8	979.9	981.1		
49.7028	0.5678	979.8	979.8	981.0		
49.7195	0.5700	979.7	979.9	981.1		
49.7362	0.5664	979.8	979.9	981.1		
49.7528	0.5603	979.8	979.9	981.1		
49.7695	0.5735	979.7	979.9	981.1		
49.7862	0.5744	980.0	980.0	981.2		
49.8028	0.5757	979.9	980.0	981.2		
49.8195	0.5726	980.0	979.9	981.1		
49.8362	0.5656	979.8	979.9	981.0		
49.8528	0.5730	979.9	979.9	981.1		
49.8695	0.5700	979.8	979.8	981.1		
49.8862	0.5678	979.8	979.9	981.1		
49.9028	0.5673	979.7	979.8	981.0		
49.9195	0.5726	979.7	979.8	981.0		
49.9362	0.5691	979.8	979.9	981.1		
49.9528	0.5713	979.8	979.9	981.1		
49.9695	0.5673	979.8	979.9	981.1		
49.9862	0.5660	979.8	979.9	981.1		
50.0028	0.5607	979.8	979.9	981.1		
50.0195	0.5739	979.8	979.8	981.0		
50.0362	0.5682	979.8	979.8	981.0		
50.0528	0.5669	979.8	979.9	981.1		
50.0695	0.5629	979.8	979.8	981.0		
50.0862	0.5656	979.8	979.9	981.1		
50.1028	0.5748	979.9	979.9	981.0		
50.1195	0.5691	979.9	979.9	981.1		
50.1362	0.5669	979.9	979.9	981.0		
50.1528	0.5682	979.8	979.9	981.0		
50.1695	0.5761	979.9	979.9	981.0		
50.1862	0.5774	979.8	979.9	981.1		
50.2028	0.5730	979.9	980.0	981.2		
50.2195	0.5726	979.8	980.0	981.2		
50.2362	0.5862	979.8	980.0	981.2		
50.2528	0.5708	979.8	979.9	981.2		
50.2695	0.5722	979.8	980.0	981.2		
50.2862	0.5757	979.8	980.0	981.1		
50.3028	0.5735	979.8	979.9	981.1		
50.3195	0.5673	979.8	980.0	981.2		
50.3362	0.5726	979.8	979.9	981.1		
50.3528	0.5796	979.8	979.9	981.0		
50.3695	0.5744	979.7	979.8	981.0		
50.3862	0.5757	979.8	979.8	981.1		
50.4028	0.5726	979.7	979.8	981.0		
50.4195	0.5708	979.8	979.8	981.1		
50.4362	0.5682	979.8	979.8	980.9		
50.4528	0.5735	979.8	979.7	981.0		
50.4695	0.5673	979.8	979.9	981.1		
50.4862	0.5726	979.8	979.8	981.0		
50.5028	0.5730	979.8	979.8	981.0		
50.5195	0.5735	979.7	979.8	981.0		
50.5362	0.5739	979.9	979.8	981.0		
50.5528	0.5726	979.7	979.8	981.0		
50.5695	0.5805	979.8	979.8	981.1		
50.5862	0.5871	979.8	979.8	981.0		
50.6028	0.5770	979.7	979.8	981.0		
50.6195	0.5713	979.7	979.8	981.0		
50.6362	0.5726	979.8	979.8	981.0		
50.6528	0.5774	979.8	979.9	981.1		
50.6695	0.5809	979.8	979.8	981.0		
50.6862	0.5766	979.8	979.8	981.0		
50.7028	0.5757	979.8	979.9	981.2		
50.7195	0.5704	979.8	979.9	981.1		
50.7362	0.5774	979.9	979.9	981.1		
50.7528	0.5735	979.9	979.9	981.1		
50.7695	0.5805	979.9	979.9	981.1		
50.7862	0.5691	979.9	979.9	981.0		
50.8028	0.5735	979.9	979.9	981.1		
50.8195	0.5730	979.9	979.9	981.1		
50.8362	0.5827	979.8	979.9	981.1		
50.8528	0.5730	979.9	979.9	981.0		
50.8695	0.5629	979.8	979.9	981.0		
50.8862	0.5744	979.9	979.9	981.0		
50.9028	0.5748	979.9	979.9	981.1		
50.9195	0.5783	979.8	979.9	981.0		
50.9362	0.5713	979.8	979.9	981.0		
50.9528	0.5823	979.8	979.9	981.1		
50.9695	0.5858	979.8	979.9	981.1		
50.9862	0.5814	979.8	979.9	981.1		
51.0028	0.5906	979.8	979.9	981.1		
51.0195	0.5818	979.8	980.0	981.1		
51.0362	0.5823	979.8	980.0	981.2		
51.0528	0.5783	979.8	979.9	981.1		
51.0695	0.5871	979.9	979.9	981.2		
51.0862	0.5871	979.8	979.9	981.1		
51.1028	0.5774	979.8	979.9	981.0		
51.1195	0.5814	979.8	979.9	981.0		
51.1362	0.5858	979.8	979.8	981.0		
51.1528	0.5950	979.8	979.9	981.1		
51.1695	0.5801	979.8	979.8	981.1		
51.1862	0.5814	979.8	979.8	981.0		
51.2028	0.5796	979.8	979.9	981.0		
51.2195	0.5726	979.8	979.9	981.1		
51.2362	0.5827	979.8	979.9	981.0		
51.2528	0.5840	979.8	979.9	981.1		
51.2695	0.5796	979.8	979.9	981.1		
51.2862	0.5770	979.8	979.9	981.0		
51.3028	0.5818	979.8	979.8	981.0		
51.3195	0.5814	979.8	979.9	981.1		
51.3362	0.5792	979.8	979.8	980.9		
51.3528	0.5814	979.7	979.9	981.0		
51.3695	0.5858	979.8	979.8	980.9		
51.3862	0.5853	979.8	979.9	981.1		
51.4028	0.5858	979.7	979.8	981.0		
51.4195	0.5840	979.8	979.8	981.0		
51.4362	0.5858	979.8	979.8	981.0		
51.4528	0.5893	979.8	979.8	981.0		
51.4695	0.5884	979.8	979.9	981.1		
51.4862	0.5889	979.8	979.8	981.0		
51.5028	0.5792	979.7	979.8	980.9		
51.5195	0.5893	979.8	979.8	981.1		
51.5362	0.5880	979.8	979.8	981.0		
51.5528	0.5783	979.8	979.9	981.1		
51.5695	0.5871	979.8	979.9	981.0		
51.5862	0.5814	979.8	979.8	981.0		
51.6028	0.5831	979.8	979.9	981.0		
51.6195	0.5849	979.8	979.8	981.0		
51.6362	0.5853	979.8	979.9	981.0		
51.6528	0.5862	979.8	979.9	981.0		
51.6695	0.5941	979.8	979.8	980.9		
51.6862	0.5884	979.8	979.8	981.0		
51.7028	0.5919	979.7	979.9	981.1		
51.7195	0.5941	979.7	979.9	981.1		
51.7362	0.5849	979.9	979.9	981.2		
51.7528	0.5924	979.8	979.9	981.1		
51.7695	0.5968	979.8	979.9	981.1		
51.7862	0.5906	979.8	979.9	981.1		
51.8028	0.5902	979.8	979.9	981.1		
51.8195	0.5990	979.7	979.9	981.0		
51.8362	0.5893	979.8	979.9	981.1		
51.8528	0.5919	979.8	980.0	981.1		
51.8695	0.5884	979.8	979.9	981.1		
51.8862	0.5902	979.9	979.9	981.1		
51.9028	0.5933	979.7	979.9	981.0		
51.9195	0.5959	979.7	979.9	981.0		
51.9362	0.5915	979.8	979.8	981.0		
51.9528	0.5928	979.8	979.9	981.1		
51.9695	0.5928	979.8	979.9	981.1		
51.9862	0.5880	979.8	979.9	981.1		
52.0028	0.5946	979.8	979.9	981.0		
52.0195	0.5946	979.8	979.8	981.0		
52.0362	0.5937	979.9	979.9	981.1		
52.0528	0.6007	979.8	979.9	981.1		
52.0695	0.5950	979.7	979.8	981.0		
52.0862	0.5941	979.9	980.0	981.1		
52.1028	0.5919	979.8	979.9	981.0		
52.1195	0.5906	979.8	979.9	981.2		
52.1362	0.5919	979.8	979.9	981.1		
52.1528	0.5954	979.7	979.8	981.0		
52.1695	0.5976	979.8	979.9	981.1		
52.1862	0.5880	979.8	979.8	981.0		
52.2028	0.6025	979.8	979.9	981.1		
52.2195	0.5871	979.8	979.9	981.0		
52.2362	0.5933	979.8	979.9	981.0		
52.2528	0.5919	979.9	979.9	981.1		
52.2695	0.5911	979.9	979.9	981.1		
52.2862	0.5871	979.9	979.9	981.1		
52.3028	0.5858	979.8	979.9	981.0		
52.3195	0.5985	979.9	979.9	981.0		
52.3362	0.5906	979.9	979.9	981.0		
52.3528	0.5941	979.8	979.9	981.0		
52.3695	0.5937	979.8	979.8	981.0		
52.3862	0.5954	979.9	980.0	981.0		
52.4028	0.5972	979.8	979.9	981.1		
52.4195	0.5976	979.9	980.0	981.1		
52.4362	0.5976	979.8	980.0	981.1		
52.4528	0.5884	979.8	980.0	981.1		
52.4695	0.5990	979.8	979.9	981.1		
52.4862	0.6007	979.7	979.9	981.1		
52.5028	0.5954	979.9	980.0	981.2		
52.5195	0.6029	979.8	979.9	981.1		
52.5362	0.6007	979.9	979.9	981.0		
52.5528	0.6012	979.8	979.9	981.1		
52.5695	0.6007	979.8	979.9	981.1		
52.5862	0.6012	979.7	979.9	981.1		
52.6028	0.6025	979.9	979.9	981.1		
52.6195	0.6025	979.8	979.9	981.1		
52.6362	0.6016	979.7	979.9	981.1		
52.6528	0.5941	979.8	979.9	981.1		
52.6695	0.5968	979.8	979.9	981.1		
52.6862	0.5941	979.9	980.0	981.2		
52.7028	0.5981	979.8	979.9	981.1		
52.7195	0.5976	979.9	979.9	981.2		
52.7362	0.6042	979.9	979.9	981.1		
52.7528	0.6069	979.8	979.9	981.0		
52.7695	0.5998	979.8	979.9	981.1		
52.7862	0.5963	979.8	979.9	981.0		
52.8028	0.6020	979.8	979.9	981.0		
52.8195	0.5994	979.8	979.9	981.0		
52.8362	0.5998	979.9	979.9	981.0		
52.8528	0.6020	979.8	979.9	981.0		
52.8695	0.6038	979.8	979.9	981.0		
52.8862	0.6069	979.7	979.8	980.9		
52.9028	0.6051	979.8	979.9	981.0		
52.9195	0.6016	979.8	979.9	981.1		
52.9362	0.6007	979.8	979.9	981.0		
52.9528	0.5972	979.8	979.8	980.9		
52.9695	0.5990	979.7	979.7	980.9		
52.9862	0.5941	979.8	979.9	981.1		
53.0028	0.5998	979.8	979.8	980.9		
53.0195	0.5968	979.9	979.9	981.0		
53.0362	0.6069	979.8	979.9	981.0		
53.0528	0.5981	979.8	979.8	981.0		
53.0695	0.6020	979.8	979.8	980.9		
53.0862	0.6007	979.6	979.7	980.9		
53.1028	0.6007	979.7	979.8	980.9		
53.1195	0.6051	979.7	979.9	981.0		
53.1362	0.6012	979.7	979.9	981.0		
53.1528	0.6034	979.8	979.9	981.1		
53.1695	0.6042	979.8	979.9	981.1		
53.1862	0.6148	979.7	979.9	981.1		
53.2028	0.6148	979.9	979.9	981.1		
53.2195	0.6135	979.8	979.9	981.1		
53.2362	0.6099	979.8	979.9	981.1		
53.2528	0.6012	979.8	979.9	981.1		
53.2695	0.6060	979.7	979.9	981.1		
53.2862	0.6056	979.8	980.0	981.2		
53.3028	0.6025	979.8	979.9	981.1		
53.3195	0.6038	979.8	979.9	981.1		
53.3362	0.6091	979.7	979.9	981.0		
53.3528	0.6179	979.8	979.9	981.1		
53.3695	0.6139	979.8	979.8	981.0		
53.3862	0.6078	979.8	979.9	981.0		
53.4028	0.6205	979.7	979.8	981.0		
53.4195	0.6051	979.9	980.0	981.0		
53.4362	0.6064	979.7	979.8	980.8		
53.4528	0.6069	979.8	979.9	981.0		
53.4695	0.6196	979.8	980.0	981.1		
53.4862	0.6099	979.9	980.0	981.1		
53.5028	0.6157	979.8	979.9	981.1		
53.5195	0.6086	979.8	979.9	981.1		
53.5362	0.6104	979.7	979.9	981.1		
53.5528	0.6196	979.8	979.9	981.0		
53.5695	0.6139	979.8	979.9	981.1		
53.5862	0.6095	979.7	979.9	981.0		
53.6028	0.6161	979.8	979.9	981.1		
53.6195	0.6029	979.7	979.8	981.0		
53.6362	0.6121	979.8	979.9	981.1		
53.6528	0.6174	979.8	979.8	981.1		
53.6695	0.6231	979.9	979.9	981.1		
53.6862	0.6099	979.8	979.9	981.1		
53.7028	0.6078	979.8	979.8	981.0		
53.7195	0.6095	979.8	979.8	981.0		
53.7362	0.6135	979.9	979.9	981.0		
53.7528	0.6104	979.9	980.0	981.1		
53.7695	0.6029	979.9	980.0	981.0		
53.7862	0.6060	979.9	979.9	981.0		
53.8028	0.6117	979.9	979.9	981.1		
53.8195	0.6082	979.9	979.9	981.0		
53.8362	0.6078	979.8	979.9	980.9		
53.8528	0.6139	979.8	979.9	981.0		
53.8695	0.6157	979.8	979.9	981.0		
53.8862	0.6165	979.8	979.9	981.0		
53.9028	0.6201	979.8	980.0	981.1		
53.9195	0.6099	979.8	979.9	981.0		
53.9362	0.6165	979.8	979.9	981.0		
53.9528	0.6196	979.8	979.9	981.1		
53.9695	0.6179	979.8	980.0	981.1		
53.9862	0.6174	979.7	979.9	981.0		
54.0028	0.6152	979.9	980.0	981.0		
54.0195	0.6143	979.7	979.9	980.9		
54.0362	0.6157	979.8	979.9	981.0		
54.0528	0.6187	979.8	979.9	981.1		
54.0695	0.6148	979.8	979.9	981.0		
54.0862	0.6174	979.8	979.9	981.1		
54.1028	0.6161	979.8	979.9	981.1		
54.1195	0.6135	979.8	979.9	981.0		
54.1362	0.6108	979.8	979.8	981.0		
54.1528	0.6179	979.8	979.9	981.1		
54.1695	0.6148	979.7	979.8	980.9		
54.1862	0.6161	979.8	979.9	981.0		
54.2028	0.6130	979.9	979.9	981.0		
54.2195	0.6161	979.8	979.9	981.1		
54.2362	0.6223	979.8	979.9	981.1		
54.2528	0.6192	979.8	979.9	981.0		
54.2695	0.6187	979.8	979.8	981.0		
54.2862	0.6117	979.9	979.8	981.1		
54.3028	0.6227	979.8	979.8	981.0		
54.3195	0.6183	979.8	979.9	981.0		
54.3362	0.6275	979.8	979.9	981.0		
54.3528	0.6135	979.8	979.9	981.0		
54.3695	0.6231	979.8	979.9	981.1		
54.3862	0.6179	979.8	979.9	981.1		
54.4028	0.6231	979.8	979.9	981.1		
54.4195	0.6236	979.9	980.0	981.1		
54.4362	0.6240	979.8	980.0	981.1		
54.4528	0.6183	979.8	980.0	981.1		
54.4695	0.6236	979.8	979.9	981.1		
54.4862	0.6196	979.7	979.9	981.0		
54.5028	0.6209	979.8	979.9	981.1		
54.5195	0.6126	979.8	979.9	981.0		
54.5362	0.6275	979.9	979.9	981.1		
54.5528	0.6271	979.8	979.9	981.0		
54.5695	0.6284	979.8	979.9	981.1		
54.5862	0.6218	979.9	979.9	981.1		
54.6028	0.6148	979.9	979.9	981.1		
54.6195	0.6209	979.9	979.9	981.1		
54.6362	0.6174	979.8	979.9	981.0		
54.6528	0.6258	979.8	979.9	981.0		
54.6695	0.6249	979.8	980.0	981.1		
54.6862	0.6236	979.8	979.9	981.0		
54.7028	0.6271	979.9	979.9	981.1		
54.7195	0.6205	979.8	979.9	981.1		
54.7362	0.6231	979.9	980.0	981.1		
54.7528	0.6310	979.8	979.9	981.1		
54.7695	0.6196	979.9	980.0	981.1		
54.7862	0.6262	979.8	979.9	981.1		
54.8028	0.6205	979.7	979.9	981.0		
54.8195	0.6253	979.9	980.0	981.1		
54.8362	0.6284	979.8	979.9	981.1		
54.8528	0.6253	979.8	979.9	981.1		
54.8695	0.6253	979.8	979.9	981.1		
54.8862	0.6306	979.8	979.9	981.1		
54.9028	0.6245	979.8	979.9	981.1		
54.9195	0.6288	979.8	979.9	981.1		
54.9362	0.6288	979.8	979.9	981.1		
54.9528	0.6275	979.8	980.0	981.1		
54.9695	0.6293	979.8	979.9	981.1		
54.9862	0.6337	979.8	979.9	981.1		
55.0028	0.6266	979.8	980.0	981.1		
55.0195	0.6275	979.8	979.9	981.1		
55.0362	0.6288	979.8	979.9	981.1		
55.0528	0.6280	979.9	979.9	981.1		
55.0695	0.6288	979.9	980.0	981.2		
55.0862	0.6227	979.8	979.9	981.1		
55.1028	0.6346	979.8	979.9	981.0		
55.1195	0.6346	979.8	979.9	981.1		
55.1362	0.6328	979.8	979.9	981.0		
55.1528	0.6297	979.8	979.9	981.0		
55.1695	0.6271	979.9	979.9	981.0		
55.1862	0.6240	979.9	979.9	981.0		
55.2028	0.6271	979.8	979.9	981.0		
55.2195	0.6293	979.8	980.0	981.1		
55.2362	0.6372	979.8	979.9	981.0		
55.2528	0.6310	980.0	980.1	981.2		
55.2695	0.6350	979.9	980.0	981.1		
55.2862	0.6293	979.8	979.9	981.0		
55.3028	0.6288	979.8	979.9	981.0		
55.3195	0.6262	979.8	979.9	981.0		
55.3362	0.6359	979.8	979.9	981.0		
55.3528	0.6324	979.8	979.9	981.1		
55.3695	0.6381	979.9	979.9	981.0		
55.3862	0.6328	979.8	979.9	981.0		
55.4028	0.6390	979.8	979.9	981.0		
55.4195	0.6372	979.8	979.9	981.0		
55.4362	0.6302	979.8	979.9	981.0		
55.4528	0.6310	979.8	979.9	981.0		
55.4695	0.6407	979.8	979.9	981.0		
55.4862	0.6372	979.8	979.9	981.0		
55.5028	0.6359	979.8	979.9	981.1		
55.5195	0.6306	979.8	979.9	981.1		
55.5362	0.6398	979.7	979.9	981.1		
55.5528	0.6390	979.8	979.9	981.1		
55.5695	0.6368	979.8	979.9	981.1		
55.5862	0.6372	979.8	979.9	981.1		
55.6028	0.6420	979.7	979.9	981.1		
55.6195	0.6372	979.9	979.9	981.0		
55.6362	0.6350	979.8	980.0	981.1		
55.6528	0.6477	979.9	979.9	981.1		
55.6695	0.6385	979.8	979.9	981.2		
55.6862	0.6328	979.7	979.9	981.1		
55.7028	0.6390	979.7	979.9	981.1		
55.7195	0.6341	979.9	979.9	981.0		
55.7362	0.6319	979.9	980.0	981.2		
55.7528	0.6324	979.9	979.9	981.0		
55.7695	0.6341	979.8	979.9	981.0		
55.7862	0.6341	979.9	979.9	981.1		
55.8028	0.6253	979.8	979.9	981.1		
55.8195	0.6324	979.9	979.9	981.0		
55.8362	0.6372	979.9	979.9	981.1		
55.8528	0.6328	979.8	979.9	981.1		
55.8695	0.6346	979.9	979.9	981.0		
55.8862	0.6368	979.7	979.9	981.0		
55.9028	0.6346	979.9	979.9	981.1		
55.9195	0.6385	979.8	979.9	981.1		
55.9362	0.6372	979.9	980.0	981.1		
55.9528	0.6429	979.8	980.0	981.0		
55.9695	0.6464	979.8	979.9	981.1		
55.9862	0.6429	979.9	980.0	981.1		
56.0028	0.6390	979.8	979.9	981.1		
56.0195	0.6438	979.8	979.9	981.0		
56.0362	0.6455	979.8	979.9	981.1		
56.0528	0.6359	979.9	980.0	981.1		
56.0695	0.6460	979.8	979.9	981.1		
56.0862	0.6451	979.8	979.9	981.1		
56.1028	0.6416	979.8	979.9	981.1		
56.1195	0.6517	979.8	979.9	981.1		
56.1362	0.6438	979.9	980.0	981.1		
56.1528	0.6363	979.8	979.9	981.1		
56.1695	0.6420	979.8	979.9	981.1		
56.1862	0.6398	979.9	980.0	981.1		
56.2028	0.6447	979.8	979.9	981.1		
56.2195	0.6425	979.8	980.0	981.1		
56.2362	0.6425	979.8	980.0	981.2		
56.2528	0.6376	979.8	979.9	981.1		
56.2695	0.6473	979.8	979.9	981.1		
56.2862	0.6429	979.8	979.9	981.0		
56.3028	0.6451	979.9	979.9	981.2		
56.3195	0.6530	979.9	979.9	981.1		
56.3362	0.6438	979.9	980.0	981.1		
56.3528	0.6464	979.9	979.9	981.0		
56.3695	0.6495	979.8	979.9	981.0		
56.3862	0.6447	979.8	979.9	981.0		
56.4028	0.6438	979.9	980.0	981.1		
56.4195	0.6473	979.8	979.9	981.0		
56.4362	0.6499	979.8	980.0	981.1		
56.4528	0.6420	979.8	980.0	981.1		
56.4695	0.6521	979.9	980.0	981.1		
56.4862	0.6486	979.8	979.9	981.1		
56.5028	0.6469	979.8	980.0	981.1		
56.5195	0.6499	979.8	980.0	981.2		
56.5362	0.6420	979.9	980.0	981.1		
56.5528	0.6477	979.8	980.0	981.2		
56.5695	0.6513	979.9	980.0	981.2		
56.5862	0.6477	979.9	980.0	981.2		
56.6028	0.6486	979.8	980.0	981.1		
56.6195	0.6464	979.8	979.9	981.1		
56.6362	0.6477	979.9	979.9	981.1		
56.6528	0.6504	979.8	979.9	981.0		
56.6695	0.6455	979.9	980.0	981.1		
56.6862	0.6482	979.8	979.8	981.0		
56.7028	0.6521	979.8	979.9	981.0		
56.7195	0.6504	979.9	979.9	981.0		
56.7362	0.6499	979.9	979.9	981.1		
56.7528	0.6574	979.8	979.9	981.0		
56.7695	0.6433	979.8	980.0	981.1		
56.7862	0.6517	979.8	980.0	981.1		
56.8028	0.6574	979.9	980.0	981.1		
56.8195	0.6482	979.8	980.0	981.1		
56.8362	0.6513	979.8	980.0	981.1		
56.8528	0.6517	979.8	979.9	981.1		
56.8695	0.6477	979.8	980.0	981.1		
56.8862	0.6570	979.8	980.0	981.1		
56.9028	0.6543	979.8	979.9	981.1		
56.9195	0.6578	979.8	979.9	981.1		
56.9362	0.6517	979.9	980.0	981.1		
56.9528	0.6578	979.8	980.0	981.1		
56.9695	0.6477	979.8	979.9	981.0		
56.9862	0.6517	979.8	979.9	981.1		
57.0028	0.6486	979.8	979.9	981.0		
57.0195	0.6517	979.7	979.8	981.0		
57.0362	0.6517	979.8	979.8	981.0		
57.0528	0.6605	979.8	979.9	981.0		
57.0695	0.6403	979.8	979.9	981.0		
57.0862	0.6499	979.8	979.9	980.9		
57.1028	0.6561	979.8	979.8	980.9		
57.1195	0.6535	979.8	979.9	981.1		
57.1362	0.6486	979.8	979.9	981.0		
57.1528	0.6526	979.7	979.9	981.0		
57.1695	0.6539	979.7	979.8	981.0		
57.1862	0.6482	979.7	979.9	981.1		
57.2028	0.6513	979.8	979.9	981.0		
57.2195	0.6535	979.7	979.9	981.1		
57.2362	0.6658	979.8	979.9	981.1		
57.2528	0.6535	979.8	979.9	981.1		
57.2695	0.6508	979.9	979.9	981.1		
57.2862	0.6578	979.7	979.9	981.1		
57.3028	0.6627	979.8	979.9	981.1		
57.3195	0.6609	979.8	980.0	981.1		
57.3362	0.6535	979.8	979.9	981.1		
57.3528	0.6543	979.9	980.0	981.1		
57.3695	0.6631	979.9	980.0	981.1		
57.3862	0.6565	979.8	980.0	981.2		
57.4028	0.6605	979.9	980.0	981.2		
57.4195	0.6592	979.9	980.0	981.1		
57.4362	0.6578	979.9	980.0	981.1		
57.4528	0.6649	979.8	979.9	981.1		
57.4695	0.6622	979.9	979.9	981.0		
57.4862	0.6622	979.9	980.0	981.1		
57.5028	0.6592	979.8	980.0	981.1		
57.5195	0.6535	979.8	979.9	981.0		
57.5362	0.6495	979.8	980.0	981.0		
57.5528	0.6557	979.8	979.9	981.0		
57.5695	0.6578	979.8	980.0	981.1		
57.5862	0.6565	979.9	980.0	981.1		
57.6028	0.6552	979.9	980.0	981.2		
57.6195	0.6592	979.8	980.0	981.1		
57.6362	0.6644	979.9	980.0	981.0		
57.6528	0.6640	979.8	980.0	981.1		
57.6695	0.6565	979.8	979.8	981.0		
57.6862	0.6600	979.8	979.9	981.1		
57.7028	0.6684	979.8	979.9	981.1		
57.7195	0.6583	979.8	979.9	981.0		
57.7362	0.6666	979.8	979.9	981.0		
57.7528	0.6649	979.8	979.9	981.0		
57.7695	0.6649	979.8	979.8	981.0		
57.7862	0.6693	979.8	979.9	981.0		
57.8028	0.6666	979.8	979.9	981.1		
57.8195	0.6737	979.8	979.9	981.0		
57.8362	0.6653	979.8	979.9	981.0		
57.8528	0.6684	979.9	979.9	981.1		
57.8695	0.6680	979.8	979.9	981.0		
57.8862	0.6658	979.8	979.9	981.1		
57.9028	0.6741	979.8	980.0	981.2		
57.9195	0.6636	979.9	980.0	981.2		
57.9362	0.6666	979.8	979.9	981.1		
57.9528	0.6622	979.9	980.0	981.2		
57.9695	0.6680	979.8	979.9	981.1		
57.9862	0.6662	979.9	980.0	981.2		
58.0028	0.6706	979.8	980.0	981.1		
58.0195	0.6732	979.8	979.9	981.1		
58.0362	0.6618	979.8	980.0	981.1		
58.0528	0.6684	979.9	980.0	981.1		
58.0695	0.6653	979.9	980.0	981.2		
58.0862	0.6658	979.8	979.9	981.0		
58.1028	0.6684	979.9	980.0	981.1		
58.1195	0.6763	979.9	979.9	981.0		
58.1362	0.6724	979.8	980.0	981.1		
58.1528	0.6631	979.8	980.0	981.1		
58.1695	0.6702	979.8	980.0	981.1		
58.1862	0.6671	979.8	980.0	981.1		
58.2028	0.6666	979.8	979.9	981.1		
58.2195	0.6627	979.9	980.0	981.1		
58.2362	0.6675	979.7	980.0	981.0		
58.2528	0.6649	979.8	979.9	981.2		
58.2695	0.6671	979.8	980.0	981.1		
58.2862	0.6724	979.8	979.9	981.1		
58.3028	0.6706	979.8	979.9	981.1		
58.3195	0.6680	979.8	980.0	981.1		
58.3362	0.6763	979.8	980.0	981.1		
58.3528	0.6741	979.9	979.9	981.1		
58.3695	0.6702	979.9	980.0	981.2		
58.3862	0.6776	979.8	980.0	981.1		
58.4028	0.6715	979.9	980.0	981.1		
58.4195	0.6710	979.9	980.0	981.1		
58.4362	0.6737	979.8	980.0	981.1		
58.4528	0.6688	979.8	980.0	981.1		
58.4695	0.6754	979.8	979.9	981.0		
58.4862	0.6662	979.8	979.9	981.0		
58.5028	0.6754	979.8	980.0	981.1		
58.5195	0.6719	979.8	979.9	981.1		
58.5362	0.6706	979.9	980.0	981.1		
58.5528	0.6688	979.9	980.0	981.1		
58.5695	0.6767	979.9	980.0	981.2		
58.5862	0.6763	979.9	980.0	981.1		
58.6028	0.6763	979.9	980.1	981.2		
58.6195	0.6737	979.9	980.0	981.1		
58.6362	0.6724	979.8	980.0	981.1		
58.6528	0.6653	979.8	980.0	981.1		
58.6695	0.6759	979.8	979.9	981.1		
58.6862	0.6697	979.8	980.0	981.2		
58.7028	0.6719	979.8	980.0	981.1		
58.7195	0.6781	979.7	979.9	981.1		
58.7362	0.6798	979.9	980.0	981.2		
58.7528	0.6710	980.0	980.0	981.2		
58.7695	0.6724	979.9	979.9	981.2		
58.7862	0.6767	980.0	980.1	981.2		
58.8028	0.6772	979.9	979.9	981.1		
58.8195	0.6715	979.9	979.9	981.0		
58.8362	0.6680	979.8	979.9	981.0		
58.8528	0.6737	979.9	979.9	981.0		
58.8695	0.6754	979.9	979.9	981.0		
58.8862	0.6772	979.9	980.0	981.0		
58.9028	0.6851	979.8	979.9	981.0		
58.9195	0.6776	979.8	979.9	981.0		
58.9362	0.6776	979.8	979.9	981.1		
58.9528	0.6838	979.8	979.9	981.0		
58.9695	0.6745	979.8	979.9	981.1		
58.9862	0.6754	979.8	980.0	981.1		
59.0028	0.6750	979.8	980.0	981.1		
59.0195	0.6781	979.9	980.0	981.1		
59.0362	0.6759	979.8	980.0	981.1		
59.0528	0.6724	979.8	979.9	981.1		
59.0695	0.6772	979.8	979.9	981.2		
59.0862	0.6816	979.9	980.0	981.1		
59.1028	0.6750	979.8	980.0	981.1		
59.1195	0.6789	979.8	979.9	981.0		
59.1362	0.6820	979.8	979.9	981.1		
59.1528	0.6803	979.8	979.9	981.1		
59.1695	0.6776	979.8	979.9	981.0		
59.1862	0.6820	979.9	980.0	981.1		
59.2028	0.6820	979.8	979.9	981.0		
59.2195	0.6693	979.9	980.0	981.1		
59.2362	0.6789	979.9	979.9	981.1		
59.2528	0.6833	979.9	979.9	981.1		
59.2695	0.6829	979.9	980.0	981.2		
59.2862	0.6820	979.9	979.9	981.0		
59.3028	0.6794	979.8	979.8	981.0		
59.3195	0.6763	979.8	979.9	981.0		
59.3362	0.6763	979.8	979.9	981.0		
59.3528	0.6816	979.8	979.9	981.1		
59.3695	0.6851	979.8	979.9	981.0		
59.3862	0.6877	979.8	979.9	981.2		
59.4028	0.6847	979.8	979.9	981.1		
59.4195	0.6816	979.9	979.9	981.1		
59.4362	0.6860	979.8	980.0	981.1		
59.4528	0.6873	979.8	979.9	981.1		
59.4695	0.6890	979.8	979.9	981.1		
59.4862	0.6908	979.8	980.0	981.1		
59.5028	0.6890	979.8	979.9	981.1		
59.5195	0.6882	979.8	979.9	981.1		
59.5362	0.6869	979.8	979.9	981.1		
59.5528	0.6930	979.9	979.9	981.2		
59.5695	0.6864	979.9	979.9	981.1		
59.5862	0.6961	979.9	979.9	981.1		
59.6028	0.6886	979.9	979.9	981.1		
59.6195	0.6829	979.8	979.9	981.0		
59.6362	0.6829	979.8	979.8	981.0		
59.6528	0.6825	979.8	979.9	981.1		
59.6695	0.6860	979.8	979.9	981.0		
59.6862	0.6860	979.8	979.9	981.1		
59.7028	0.6890	979.9	979.9	981.1		
59.7195	0.6886	979.9	980.0	981.2		
59.7362	0.6855	979.9	980.0	981.1		
59.7528	0.6895	979.8	980.0	981.2		
59.7695	0.6899	979.8	979.9	981.1		
59.7862	0.6895	979.8	979.9	981.1		
59.8028	0.6860	979.8	980.0	981.2		
59.8195	0.6934	979.8	980.0	981.1		
59.8362	0.6926	979.8	979.9	981.1		
59.8528	0.6851	979.8	980.0	981.1		
59.8695	0.6772	979.7	979.9	981.0		
59.8862	0.6943	979.8	979.9	981.1		
59.9028	0.6847	979.8	980.0	981.1		
59.9195	0.6912	979.8	979.9	981.1		
59.9362	0.6956	979.8	979.9	981.1		
59.9528	0.6899	979.8	979.9	981.1		
59.9695	0.6847	979.9	979.9	981.0		
59.9862	0.6970	979.8	979.9	981.1		
60.0028	0.6921	979.9	980.0	981.1		
60.0195	0.6948	979.8	979.9	981.1		
60.0362	0.6912	979.9	979.9	981.0		
60.0528	0.6970	979.8	979.9	981.1		
60.0695	0.6908	979.9	980.1	981.2		
60.0862	0.7049	979.9	980.0	981.1		
60.1028	0.6882	979.8	980.0	981.1		
60.1195	0.6970	979.9	980.0	981.1		
60.1362	0.6930	979.8	980.0	981.1		
60.1528	0.6939	979.9	980.0	981.1		
60.1695	0.7005	979.8	979.9	981.0		
60.1862	0.6983	979.8	980.0	981.2		
60.2028	0.6926	979.9	980.0	981.2		
60.2195	0.6943	979.8	980.0	981.1		
60.2362	0.6978	979.8	979.9	981.1		
60.2528	0.6926	979.9	979.9	981.1		
60.2695	0.6934	979.8	979.9	981.1		
60.2862	0.6912	979.8	980.0	981.1		
60.3028	0.6842	979.8	979.9	981.1		
60.3195	0.7044	979.8	979.9	981.1		
60.3362	0.6912	979.8	979.9	981.0		
60.3528	0.7009	979.8	979.9	981.1		
60.3695	0.6882	979.8	979.9	981.0		
60.3862	0.6882	979.8	979.9	981.1		
60.4028	0.6943	979.9	979.9	981.1		
60.4195	0.7044	979.8	979.9	981.0		
60.4362	0.6974	979.9	979.9	981.0		
60.4528	0.6926	979.8	979.9	981.1		
60.4695	0.7027	979.8	979.9	981.1		
60.4862	0.6948	979.8	979.9	981.0		
60.5028	0.7071	979.8	979.9	981.1		
60.5195	0.6992	979.9	979.9	981.1		
60.5362	0.6943	979.8	979.9	981.1		
60.5528	0.7062	979.8	979.9	981.1		
60.5695	0.7044	979.9	980.0	981.1		
60.5862	0.6987	979.8	980.0	981.1		
60.6028	0.6996	979.9	979.9	981.1		
60.6195	0.6961	979.8	979.9	981.1		
60.6362	0.7014	979.8	980.0	981.1		
60.6528	0.7036	979.8	979.9	981.1		
60.6695	0.6956	979.9	980.0	981.1		
60.6862	0.7066	979.9	980.0	981.1		
60.7028	0.6939	979.9	979.9	981.1		
60.7195	0.7014	979.8	980.0	981.1		
60.7362	0.6992	979.9	979.9	981.1		
60.7528	0.7053	979.9	979.9	981.1		
60.7695	0.7022	979.8	980.0	981.1		
60.7862	0.7075	979.9	980.0	981.2		
60.8028	0.6943	979.8	980.0	981.1		
60.8195	0.7031	979.9	980.0	981.1		
60.8362	0.7022	979.8	980.0	981.2		
60.8528	0.6992	979.8	979.9	981.1		
60.8695	0.7093	979.9	980.0	981.1		
60.8862	0.7071	979.8	980.0	981.1		
60.9028	0.7066	979.8	980.0	981.1		
60.9195	0.7014	979.8	980.0	981.1		
60.9362	0.7044	979.8	979.9	981.1		
60.9528	0.7115	979.8	979.9	981.1		
60.9695	0.7071	979.9	980.0	981.1		
60.9862	0.7049	979.9	980.0	981.1		
61.0028	0.7009	979.8	979.9	981.1		
61.0195	0.7027	980.0	980.0	981.0		
61.0362	0.7018	979.9	980.0	981.1		
61.0528	0.7005	979.9	980.0	981.1		
61.0695	0.7022	979.9	980.0	981.2		
61.0862	0.6987	980.0	980.0	981.1		
61.1028	0.7097	980.0	980.0	981.1		
61.1195	0.7088	980.0	980.0	981.0		
61.1362	0.7093	979.9	980.0	981.1		
61.1528	0.6943	979.9	980.0	981.1		
61.1695	0.7071	979.9	980.0	981.1		
61.1862	0.7097	979.9	980.0	981.1		
61.2028	0.7128	979.8	980.0	981.1		
61.2195	0.6992	979.9	980.0	981.1		
61.2362	0.7066	979.9	980.0	981.1		
61.2528	0.7145	979.8	980.0	981.1		
61.2695	0.7141	979.9	980.0	981.1		
61.2862	0.7084	979.9	980.0	981.1		
61.3028	0.7137	979.9	980.0	981.1		
61.3195	0.7163	979.8	980.0	981.1		
61.3362	0.7159	979.8	980.0	981.1		
61.3528	0.7172	979.8	980.0	981.1		
61.3695	0.7049	979.9	980.1	981.2		
61.3862	0.7097	979.8	980.0	981.1		
61.4028	0.7115	979.8	980.0	981.1		
61.4195	0.7189	979.8	980.0	981.2		
61.4362	0.7106	979.8	979.9	981.1		
61.4528	0.7106	979.8	979.9	981.1		
61.4695	0.7145	979.9	979.9	981.1		
61.4862	0.7093	979.8	979.9	981.1		
61.5028	0.7185	979.9	980.0	981.1		
61.5195	0.7115	979.8	979.9	981.1		
61.5362	0.7031	979.9	980.0	981.1		
61.5528	0.7216	979.9	979.9	981.1		
61.5695	0.7110	979.9	980.0	981.1		
61.5862	0.7211	979.9	979.9	981.1		
61.6028	0.7150	979.8	980.0	981.1		
61.6195	0.7137	979.9	979.9	981.1		
61.6362	0.7141	979.9	979.9	981.1		
61.6528	0.7163	979.9	980.0	981.2		
61.6695	0.7150	979.9	980.0	981.1		
61.6862	0.7088	979.9	980.0	981.1		
61.7028	0.7251	979.8	980.0	981.1		
61.7195	0.7185	979.8	980.1	981.1		
61.7362	0.7159	979.9	980.0	981.1		
61.7528	0.7185	979.8	980.0	981.2		
61.7695	0.7150	979.8	980.0	981.0		
61.7862	0.7172	979.9	980.0	981.1		
61.8028	0.7229	979.9	979.9	981.1		
61.8195	0.7150	979.9	980.0	981.2		
61.8362	0.7167	979.8	980.0	981.1		
61.8528	0.7145	979.7	979.9	981.1		
61.8695	0.7154	979.9	980.0	981.1		
61.8862	0.7150	979.9	980.0	981.2		
61.9028	0.7141	979.9	979.9	981.1		
61.9195	0.7145	979.9	980.0	981.2		
61.9362	0.7238	979.9	979.9	981.1		
61.9528	0.7220	979.8	980.0	981.1		
61.9695	0.7251	979.9	979.9	981.1		
61.9862	0.7159	979.9	980.0	981.1		
62.0028	0.7159	979.9	979.9	981.1		
62.0195	0.7137	979.8	980.0	981.2		
62.0362	0.7172	979.9	980.0	981.1		
62.0528	0.7207	979.9	980.0	981.1		
62.0695	0.7185	979.9	980.0	981.1		
62.0862	0.7290	979.9	980.0	981.1		
62.1028	0.7137	979.9	980.0	981.1		
62.1195	0.7106	979.9	980.0	981.1		
62.1362	0.7137	979.9	980.0	981.1		
62.1528	0.7154	979.9	980.0	981.1		
62.1695	0.7202	979.8	979.9	981.0		
62.1862	0.7172	979.9	980.0	981.2		
62.2028	0.7194	979.9	979.9	981.0		
62.2195	0.7176	979.9	979.9	981.0		
62.2362	0.7115	979.9	979.9	981.0		
62.2528	0.7167	979.9	979.9	981.0		
62.2695	0.7216	979.9	980.0	981.1		
62.2862	0.7216	979.8	980.0	981.1		
62.3028	0.7110	979.9	980.0	981.1		
62.3195	0.7246	979.9	980.0	981.1		
62.3362	0.7233	979.8	979.9	981.1		
62.3528	0.7268	979.9	979.9	981.1		
62.3695	0.7220	979.8	979.9	981.2		
62.3862	0.7255	979.8	980.0	981.2		
62.4028	0.7277	979.8	979.9	981.1		
62.4195	0.7233	979.9	980.0	981.1		
62.4362	0.7255	979.9	979.9	981.1		
62.4528	0.7246	979.9	979.9	981.2		
62.4695	0.7264	979.9	980.0	981.2		
62.4862	0.7321	979.8	980.0	981.1		
62.5028	0.7308	979.9	979.9	981.2		
62.5195	0.7198	979.9	980.0	981.2		
62.5362	0.7233	979.8	979.9	981.1		
62.5528	0.7216	979.9	979.9	981.1		
62.5695	0.7282	979.8	979.9	981.1		
62.5862	0.7308	979.9	980.0	981.1		
62.6028	0.7273	979.9	980.0	981.1		
62.6195	0.7264	979.9	980.0	981.2		
62.6362	0.7211	979.9	980.0	981.2		
62.6528	0.7181	979.9	980.0	981.1		
62.6695	0.7321	979.9	980.0	981.2		
62.6862	0.7290	979.9	980.0	981.1		
62.7028	0.7295	979.9	980.0	981.1		
62.7195	0.7295	979.9	980.0	981.2		
62.7362	0.7295	979.9	980.0	981.1		
62.7528	0.7365	979.8	979.9	981.1		
62.7695	0.7224	979.9	980.0	981.1		
62.7862	0.7391	979.8	980.0	981.1		
62.8028	0.7299	979.8	980.0	981.2		
62.8195	0.7312	979.8	979.9	981.1		
62.8362	0.7282	979.9	980.0	981.2		
62.8528	0.7326	979.9	980.0	981.1		
62.8695	0.7273	979.9	979.9	981.1		
62.8862	0.7255	979.9	979.9	981.1		
62.9028	0.7268	979.9	979.9	981.1		
62.9195	0.7334	979.9	979.9	981.1		
62.9362	0.7334	979.8	980.0	981.1		
62.9528	0.7308	979.9	979.9	981.0		
62.9695	0.7321	979.9	979.9	981.1		
62.9862	0.7277	979.9	979.9	981.1		
63.0028	0.7330	979.9	979.9	981.1		
63.0195	0.7282	979.9	980.0	981.0		
63.0362	0.7312	979.9	980.0	981.1		
63.0528	0.7343	979.8	979.9	981.1		
63.0695	0.7356	979.9	979.9	981.1		
63.0862	0.7286	979.9	979.9	981.1		
63.1028	0.7391	979.9	980.0	981.2		
63.1195	0.7413	979.9	980.0	981.2		
63.1362	0.7308	979.8	980.0	981.1		
63.1528	0.7409	979.9	980.0	981.1		
63.1695	0.7431	979.8	980.0	981.1		
63.1862	0.7365	979.9	979.9	981.1		
63.2028	0.7365	979.8	979.9	981.1		
63.2195	0.7387	979.8	979.9	981.1		
63.2362	0.7304	979.9	980.0	981.2		
63.2528	0.7361	979.9	980.0	981.1		
63.2695	0.7268	979.8	980.0	981.1		
63.2862	0.7396	979.9	980.0	981.2		
63.3028	0.7348	980.0	980.0	981.2		
63.3195	0.7317	979.9	979.9	981.2		
63.3362	0.7321	979.9	980.0	981.2		
63.3528	0.7343	979.9	980.0	981.2		
63.3695	0.7339	979.9	980.0	981.1		
63.3862	0.7312	979.9	980.0	981.1		
63.4028	0.7365	979.9	980.0	981.1		
63.4195	0.7383	979.9	980.0	981.1		
63.4362	0.7383	980.0	980.0	981.1		
63.4528	0.7356	979.9	980.0	981.1		
63.4695	0.7383	979.9	980.0	981.1		
63.4862	0.7365	979.9	980.0	981.1		
63.5028	0.7378	979.9	979.9	981.1		
63.5195	0.7387	979.9	980.0	981.2		
63.5362	0.7321	979.8	980.0	981.1		
63.5528	0.7409	979.8	980.0	981.2		
63.5695	0.7361	979.9	980.0	981.2		
63.5862	0.7369	979.8	980.0	981.2		
63.6028	0.7378	979.9	980.0	981.2		
63.6195	0.7449	979.9	980.0	981.2		
63.6362	0.7449	979.9	980.0	981.2		
63.6528	0.7352	979.9	980.0	981.2		
63.6695	0.7501	979.9	980.0	981.2		
63.6862	0.7457	979.8	979.9	981.1		
63.7028	0.7444	979.8	980.0	981.2		
63.7195	0.7361	979.8	980.0	981.2		
63.7362	0.7396	979.9	980.0	981.1		
63.7528	0.7378	979.9	980.0	981.1		
63.7695	0.7484	979.9	980.0	981.2		
63.7862	0.7374	979.9	979.9	981.1		
63.8028	0.7497	979.9	980.0	981.2		
63.8195	0.7466	979.8	980.0	981.1		
63.8362	0.7449	979.9	980.0	981.1		
63.8528	0.7431	979.9	980.0	981.2		
63.8695	0.7440	979.9	980.0	981.1		
63.8862	0.7431	979.9	980.0	981.1		
63.9028	0.7391	979.9	980.0	981.1		
63.9195	0.7449	979.9	980.0	981.1		
63.9362	0.7466	979.9	980.0	981.1		
63.9528	0.7541	979.8	980.0	981.1		
63.9695	0.7475	979.9	980.0	981.2		
63.9862	0.7418	979.9	980.0	981.1		
64.0028	0.7501	979.9	980.0	981.1		
64.0195	0.7449	979.9	980.0	981.1		
64.0362	0.7374	979.9	980.0	981.1		
64.0528	0.7409	979.9	979.9	981.1		
64.0695	0.7422	979.8	979.9	981.0		
64.0862	0.7405	979.9	980.0	981.1		
64.1028	0.7493	979.9	979.9	981.1		
64.1195	0.7431	979.9	979.9	981.1		
64.1362	0.7532	979.9	980.0	981.1		
64.1528	0.7493	979.9	980.0	981.2		
64.1695	0.7506	979.9	979.9	981.1		
64.1862	0.7471	979.9	980.0	981.1		
64.2028	0.7506	979.9	979.9	981.0		
64.2195	0.7550	979.9	980.0	981.1		
64.2362	0.7449	979.9	979.9	981.1		
64.2528	0.7572	979.9	980.0	981.1		
64.2695	0.7497	979.9	980.0	981.2		
64.2862	0.7488	979.9	980.0	981.1		
64.3028	0.7519	979.8	980.0	981.1		
64.3195	0.7598	979.9	980.0	981.1		
64.3362	0.7519	979.8	979.9	981.1		
64.3528	0.7466	979.9	980.0	981.2		
64.3695	0.7510	979.8	980.0	981.1		
64.3862	0.7523	979.9	979.9	981.2		
64.4028	0.7554	979.8	980.0	981.1		
64.4195	0.7475	979.9	980.0	981.2		
64.4362	0.7567	979.9	979.9	981.1		
64.4528	0.7515	979.9	980.0	981.1		
64.4695	0.7493	980.0	980.0	981.2		
64.4862	0.7536	980.0	980.0	981.1		
64.5028	0.7515	979.9	979.9	981.1		
64.5195	0.7541	979.9	980.0	981.1		
64.5362	0.7497	979.9	980.0	981.0		
64.5528	0.7440	979.9	980.0	981.1		
64.5695	0.7506	979.9	980.0	981.1		
64.5862	0.7598	979.9	979.9	981.1		
64.6028	0.7545	979.9	980.0	981.1		
64.6195	0.7563	979.9	980.0	981.1		
64.6362	0.7563	979.9	980.0	981.2		
64.6528	0.7519	979.9	980.0	981.1		
64.6695	0.7528	979.9	980.1	981.2		
64.6862	0.7501	979.9	980.0	981.1		
64.7028	0.7541	979.9	980.0	981.1		
64.7195	0.7607	979.9	980.0	981.2		
64.7362	0.7558	979.9	980.0	981.1		
64.7528	0.7572	979.9	980.1	981.2		
64.7695	0.7536	979.8	979.9	981.1		
64.7862	0.7594	979.9	979.9	981.2		
64.8028	0.7664	979.8	979.9	981.1		
64.8195	0.7519	979.9	980.0	981.2		
64.8362	0.7580	979.8	979.9	981.1		
64.8528	0.7536	979.9	980.0	981.2		
64.8695	0.7633	979.8	980.0	981.2		
64.8862	0.7536	979.8	979.9	981.1		
64.9028	0.7633	979.9	979.9	981.1		
64.9195	0.7598	979.8	980.0	981.1		
64.9362	0.7523	979.8	980.0	981.2		
64.9528	0.7589	979.8	979.9	981.1		
64.9695	0.7594	979.8	979.9	981.1		
64.9862	0.7541	979.9	979.9	981.1		
65.0028	0.7479	979.9	979.9	981.1		
65.0195	0.7668	979.9	980.0	981.1		
65.0362	0.7589	979.9	979.9	981.1		
65.0528	0.7594	979.8	979.9	981.1		
65.0695	0.7646	979.9	979.9	981.1		
65.0862	0.7708	979.9	979.9	981.1		
65.1028	0.7611	979.9	979.9	981.1		
65.1195	0.7664	979.9	979.9	981.1		
65.1362	0.7602	979.9	980.0	981.2		
65.1528	0.7646	979.9	980.0	981.1		
65.1695	0.7673	979.9	980.0	981.1		
65.1862	0.7695	979.9	980.0	981.2		
65.2028	0.7686	979.8	979.9	981.1		
65.2195	0.7633	979.9	980.0	981.1		
65.2362	0.7668	979.9	980.0	981.1		
65.2528	0.7769	979.9	980.0	981.2		
65.2695	0.7624	979.9	980.0	981.2		
65.2862	0.7695	979.9	980.0	981.2		
65.3028	0.7594	979.8	979.9	981.1		
65.3195	0.7624	979.9	980.0	981.2		
65.3362	0.7699	979.9	980.0	981.1		
65.3528	0.7638	979.9	979.9	981.1		
65.3695	0.7598	979.9	980.0	981.2		
65.3862	0.7629	979.9	980.0	981.1		
65.4028	0.7602	979.9	980.0	981.2		
65.4195	0.7633	979.9	980.0	981.2		
65.4362	0.7646	980.0	980.0	981.2		
65.4528	0.7616	980.0	980.0	981.2		
65.4695	0.7660	980.0	980.1	981.2		
65.4862	0.7611	979.9	980.0	981.1		
65.5028	0.7633	979.9	980.0	981.1		
65.5195	0.7660	979.9	980.0	981.1		
65.5362	0.7699	979.9	980.1	981.2		
65.5528	0.7664	979.9	980.0	981.1		
65.5695	0.7739	979.9	980.0	981.1		
65.5862	0.7703	979.8	980.0	981.1		
65.6028	0.7677	979.9	980.0	981.2		
65.6195	0.7642	979.8	980.0	981.1		
65.6362	0.7699	979.9	980.1	981.1		
65.6528	0.7686	979.9	980.0	981.2		
65.6695	0.7673	979.9	980.0	981.1		
65.6862	0.7703	980.0	980.0	981.2		
65.7028	0.7712	979.8	980.0	981.1		
65.7195	0.7677	979.9	980.0	981.2		
65.7362	0.7717	979.8	980.0	981.2		
65.7528	0.7721	979.8	980.0	981.1		
65.7695	0.7660	979.8	980.0	981.2		
65.7862	0.7725	979.9	980.0	981.2		
65.8028	0.7747	979.9	980.0	981.2		
65.8195	0.7708	979.9	980.0	981.1		
65.8362	0.7774	979.9	980.0	981.2		
65.8528	0.7673	979.8	979.9	981.2		
65.8695	0.7712	979.9	980.0	981.2		
65.8862	0.7769	979.9	980.0	981.1		
65.9028	0.7752	979.9	980.0	981.2		
65.9195	0.7747	979.9	980.0	981.2		
65.9362	0.7655	979.9	980.0	981.1		
65.9528	0.7673	979.9	980.0	981.2		
65.9695	0.7774	979.9	979.9	981.1		
65.9862	0.7769	979.9	980.0	981.1		
66.0028	0.7712	979.9	979.9	981.1		
66.0195	0.7708	980.0	980.0	981.1		
66.0362	0.7800	979.9	980.0	981.1		
66.0528	0.7730	979.9	979.9	981.0		
66.0695	0.7708	979.9	980.1	981.2		
66.0862	0.7831	979.9	979.9	981.0		
66.1028	0.7805	979.8	979.9	981.0		
66.1195	0.7813	979.9	980.0	981.1		
66.1362	0.7774	979.9	980.0	981.1		
66.1528	0.7774	979.9	980.1	981.2		
66.1695	0.7699	979.8	980.0	981.1		
66.1862	0.7857	979.9	980.0	981.2		
66.2028	0.7717	979.9	980.0	981.2		
66.2195	0.7774	979.9	980.0	981.2		
66.2362	0.7848	979.9	980.0	981.1		
66.2528	0.7848	979.8	979.9	981.1		
66.2695	0.7778	979.9	980.0	981.2		
66.2862	0.7809	979.9	980.0	981.2		
66.3028	0.7857	979.8	980.0	981.1		
66.3195	0.7866	979.9	980.0	981.2		
66.3362	0.7752	979.8	979.9	981.1		
66.3528	0.7862	979.9	980.0	981.1		
66.3695	0.7827	979.9	980.0	981.2		
66.3862	0.7857	979.9	980.0	981.2		
66.4028	0.7827	979.9	980.0	981.2		
66.4195	0.7796	979.9	980.0	981.2		
66.4362	0.7809	980.0	980.0	981.2		
66.4528	0.7778	979.9	980.0	981.2		
66.4695	0.7765	979.9	980.0	981.2		
66.4862	0.7818	979.9	980.0	981.1		
66.5028	0.7813	979.9	980.0	981.1		
66.5195	0.7805	980.0	980.0	981.1		
66.5362	0.7796	980.0	980.0	981.1		
66.5528	0.7765	980.0	980.0	981.1		
66.5695	0.7813	980.0	980.0	981.1		
66.5862	0.7831	980.0	980.1	981.2		
66.6028	0.7866	980.0	980.0	981.1		
66.6195	0.7809	979.9	980.1	981.2		
66.6362	0.7862	979.9	980.0	981.1		
66.6528	0.7831	979.9	980.0	981.1		
66.6695	0.7914	979.9	980.0	981.2		
66.6862	0.7892	979.9	980.0	981.2		
66.7028	0.7897	979.9	980.0	981.2		
66.7195	0.7831	979.9	980.0	981.1		
66.7362	0.7919	979.8	980.0	981.1		
66.7528	0.7848	979.9	980.0	981.2		
66.7695	0.7862	979.9	980.0	981.2		
66.7862	0.7884	979.8	980.0	981.1		
66.8028	0.7932	979.8	979.9	981.2		
66.8195	0.7822	979.8	980.0	981.1		
66.8362	0.7818	979.9	979.9	981.1		
66.8528	0.7875	979.8	980.0	981.2		
66.8695	0.7954	979.9	980.0	981.2		
66.8862	0.7809	979.8	980.0	981.2		
66.9028	0.7906	979.9	980.0	981.1		
66.9195	0.7844	979.8	979.9	981.1		
66.9362	0.7844	979.9	980.0	981.1		
66.9528	0.7844	979.8	980.0	981.2		
66.9695	0.7875	979.9	980.0	981.1		
66.9862	0.7870	979.9	980.0	981.2		
67.0028	0.7888	979.9	979.9	981.1		
67.0195	0.7862	979.9	980.0	981.2		
67.0362	0.7853	979.9	979.9	981.2		
67.0528	0.7919	979.9	980.0	981.2		
67.0695	0.7888	980.0	980.0	981.2		
67.0862	0.7936	980.0	980.0	981.2		
67.1028	0.7906	980.0	980.0	981.1		
67.1195	0.7901	979.9	980.0	981.1		
67.1362	0.7853	979.9	980.0	981.1		
67.1528	0.7919	980.0	980.0	981.1		
67.1695	0.7879	979.9	980.0	981.1		
67.1862	0.7919	979.9	980.0	981.1		
67.2028	0.7932	979.9	980.0	981.2		
67.2195	0.8011	979.8	980.0	981.1		
67.2362	0.7963	979.8	980.0	981.2		
67.2528	0.7923	979.9	980.0	981.2		
67.2695	0.7853	979.9	979.9	981.1		
67.2862	0.7958	979.9	980.0	981.2		
67.3028	0.7954	980.0	980.0	981.2		
67.3195	0.8011	979.8	980.0	981.1		
67.3362	0.7936	979.9	980.0	981.2		
67.3528	0.7884	979.8	980.0	981.2		
67.3695	0.8002	979.9	980.0	981.1		
67.3862	0.7941	979.8	980.0	981.2		
67.4028	0.7945	979.8	980.0	981.2		
67.4195	0.7972	979.8	980.0	981.2		
67.4362	0.7985	979.8	980.0	981.2		
67.4528	0.7941	979.8	980.0	981.2		
67.4695	0.7950	979.9	980.0	981.2		
67.4862	0.8015	979.8	979.9	981.1		
67.5028	0.8024	979.8	980.0	981.1		
67.5195	0.8002	979.8	980.0	981.1		
67.5362	0.7884	979.9	980.0	981.2		
67.5528	0.7985	979.9	979.9	981.1		
67.5695	0.7888	980.0	980.0	981.2		
67.5862	0.7985	980.0	980.1	981.3		
67.6028	0.7923	980.1	980.0	981.2		
67.6195	0.7954	980.0	980.0	981.2		
67.6362	0.8015	980.0	980.0	981.2		
67.6528	0.7989	979.9	980.0	981.1		
67.6695	0.7998	979.9	980.0	981.1		
67.6862	0.8073	979.9	979.9	981.1		
67.7028	0.8046	980.0	980.0	981.1		
67.7195	0.7936	979.9	979.9	981.1		
67.7362	0.7950	979.9	980.0	981.1		
67.7528	0.7985	979.9	980.0	981.1		
67.7695	0.8015	979.8	979.9	981.1		
67.7862	0.8002	980.0	980.0	981.1		
67.8028	0.8064	979.8	980.0	981.1		
67.8195	0.7993	979.9	980.0	981.2		
67.8362	0.7919	979.8	980.0	981.1		
67.8528	0.7972	979.8	979.9	981.1		
67.8695	0.8007	979.8	980.0	981.1		
67.8862	0.8068	979.8	980.0	981.1		
67.9028	0.8051	979.8	980.0	981.2		
67.9195	0.8046	979.8	979.9	981.1		
67.9362	0.8011	979.8	980.0	981.2		
67.9528	0.8112	979.8	979.9	981.1		
67.9695	0.8059	979.9	980.0	981.2		
67.9862	0.8095	979.8	979.9	981.1		
68.0028	0.8042	979.9	980.0	981.1		
68.0195	0.8029	979.9	979.9	981.1		
68.0362	0.8086	979.9	979.9	981.1		
68.0528	0.8046	979.9	980.0	981.1		
68.0695	0.8037	979.9	980.0	981.1		
68.0862	0.8077	979.8	979.9	981.1		
68.1028	0.8029	979.9	979.9	981.1		
68.1195	0.8046	979.8	979.9	981.1		
68.1362	0.8073	979.9	979.9	981.1		
68.1528	0.8064	979.8	979.9	981.0		
68.1695	0.8108	979.9	979.9	981.1		
68.1862	0.8037	979.8	979.9	981.0		
68.2028	0.8099	979.9	980.0	981.1		
68.2195	0.8073	979.9	979.9	981.1		
68.2362	0.8068	979.8	979.9	981.1		
68.2528	0.8134	979.8	979.9	981.1		
68.2695	0.8112	979.8	980.0	981.1		
68.2862	0.8086	979.8	979.9	981.1		
68.3028	0.8156	979.9	980.0	981.1		
68.3195	0.8081	979.9	980.0	981.1		
68.3362	0.8196	979.9	980.0	981.2		
68.3528	0.8073	979.8	979.9	981.1		
68.3695	0.8086	979.9	980.0	981.2		
68.3862	0.8077	979.9	979.9	981.1		
68.4028	0.8073	979.9	979.9	981.2		
68.4195	0.8134	979.9	980.0	981.2		
68.4362	0.8117	979.9	980.0	981.2		
68.4528	0.8011	980.0	980.0	981.2		
68.4695	0.8108	980.0	980.0	981.1		
68.4862	0.8112	980.0	980.0	981.2		
68.5028	0.8068	979.9	979.9	981.0		
68.5195	0.8178	980.0	980.0	981.1		
68.5362	0.8086	979.9	979.9	981.0		
68.5528	0.8086	980.0	980.0	981.1		
68.5695	0.8015	979.8	980.0	981.1		
68.5862	0.8103	980.0	980.1	981.2		
68.6028	0.8147	979.9	980.0	981.1		
68.6195	0.8064	979.8	979.9	981.1		
68.6362	0.8121	979.9	980.0	981.2		
68.6528	0.8156	979.8	979.9	981.1		
68.6695	0.8196	979.9	980.0	981.2		
68.6862	0.8204	979.9	980.0	981.1		
68.7028	0.8103	979.7	979.9	981.0		
68.7195	0.8139	979.8	980.0	981.2		
68.7362	0.8169	979.8	980.0	981.1		
68.7528	0.8165	979.8	980.0	981.1		
68.7695	0.8147	979.8	979.9	981.1		
68.7862	0.8143	979.8	980.0	981.1		
68.8028	0.8301	979.8	979.9	981.2		
68.8195	0.8143	979.9	980.0	981.1		
68.8362	0.8143	979.9	980.0	981.1		
68.8528	0.8218	979.9	979.9	981.1		
68.8695	0.8143	979.9	979.9	981.1		
68.8862	0.8182	979.9	979.9	981.1		
68.9028	0.8121	979.9	979.9	981.1		
68.9195	0.8117	979.9	979.9	981.1		
68.9362	0.8187	979.9	980.0	981.1		
68.9528	0.8147	979.9	980.0	981.1		
68.9695	0.8143	979.9	980.0	981.0		
68.9862	0.8253	979.9	980.0	981.1		
69.0028	0.8240	979.9	980.0	981.1		
69.0195	0.8160	979.9	980.0	981.2		
69.0362	0.8204	979.9	980.0	981.1		
69.0528	0.8191	979.9	980.0	981.2		
69.0695	0.8196	979.9	980.0	981.1		
69.0862	0.8266	980.0	980.0	981.2		
69.1028	0.8253	979.9	980.0	981.2		
69.1195	0.8235	979.8	980.1	981.2		
69.1362	0.8204	979.8	980.0	981.1		
69.1528	0.8204	979.9	980.0	981.2		
69.1695	0.8200	979.9	980.0	981.2		
69.1862	0.8253	979.8	980.0	981.1		
69.2028	0.8253	979.9	980.0	981.3		
69.2195	0.8178	979.8	979.9	981.1		
69.2362	0.8284	979.9	980.0	981.2		
69.2528	0.8288	979.9	980.2	981.5		
69.2695	0.8231	979.8	980.0	981.2		
69.2862	0.8284	979.9	980.1	981.2		
69.3028	0.8262	979.9	980.0	981.2		
69.3195	0.8275	979.9	980.0	981.2		
69.3362	0.8262	979.8	980.0	981.2		
69.3528	0.8270	980.0	980.0	981.1		
69.3695	0.8284	979.9	979.9	981.1		
69.3862	0.8244	980.0	979.9	981.1		
69.4028	0.8266	979.9	979.9	981.1		
69.4195	0.8244	979.9	979.9	981.1		
69.4362	0.8288	979.9	979.9	981.0		
69.4528	0.8288	979.9	980.0	981.2		
69.4695	0.8314	979.9	980.0	981.2		
69.4862	0.8270	980.0	980.0	981.2		
69.5028	0.8314	979.9	980.0	981.2		
69.5195	0.8279	979.8	980.0	981.1		
69.5362	0.8367	979.9	980.0	981.2		
69.5528	0.8279	979.8	979.9	981.0		
69.5695	0.8323	979.9	980.0	981.1		
69.5862	0.8288	979.9	980.0	981.2		
69.6028	0.8363	979.8	980.0	981.2		
69.6195	0.8253	979.9	980.0	981.2		
69.6362	0.8332	979.8	979.9	981.1		
69.6528	0.8389	979.9	980.0	981.2		
69.6695	0.8297	979.8	979.9	981.1		
69.6862	0.8398	979.9	980.0	981.2		
69.7028	0.8332	979.9	980.0	981.2		
69.7195	0.8323	979.8	980.0	981.1		
69.7362	0.8371	979.9	980.0	981.2		
69.7528	0.8327	979.9	979.9	981.1		
69.7695	0.8310	979.8	979.9	981.2		
69.7862	0.8323	979.8	979.9	981.1		
69.8028	0.8385	979.9	979.9	981.1		
69.8195	0.8341	979.9	980.0	981.2		
69.8362	0.8345	979.9	980.0	981.2		
69.8528	0.8371	979.9	979.9	981.1		
69.8695	0.8319	979.9	979.9	981.1		
69.8862	0.8349	979.9	979.9	981.1		
69.9028	0.8266	979.8	979.9	981.1		
69.9195	0.8367	979.9	979.9	981.1		
69.9362	0.8323	979.8	980.0	981.1		
69.9528	0.8411	979.9	979.9	981.1		
69.9695	0.8363	979.9	980.0	981.2		
69.9862	0.8341	979.8	979.9	981.1		
70.0028	0.8446	979.9	980.0	981.2		
70.0195	0.8319	979.9	980.0	981.2		
70.0362	0.8341	979.8	979.9	981.1		
70.0528	0.8327	979.8	980.0	981.2		
70.0695	0.8398	979.9	980.0	981.2		
70.0862	0.8389	979.9	980.0	981.2		
70.1028	0.8358	979.9	980.0	981.2		
70.1195	0.8336	979.8	979.9	981.1		
70.1362	0.8433	979.9	980.0	981.1		
70.1528	0.8424	979.8	979.9	981.2		
70.1695	0.8433	979.9	979.9	981.1		
70.1862	0.8415	979.8	979.9	981.2		
70.2028	0.8420	979.9	980.0	981.2		
70.2195	0.8288	979.8	979.9	981.1		
70.2362	0.8398	979.9	980.0	981.2		
70.2528	0.8407	979.8	980.0	981.2		
70.2695	0.8446	979.9	980.0	981.2		
70.2862	0.8468	979.9	980.0	981.2		
70.3028	0.8442	979.9	980.0	981.2		
70.3195	0.8472	979.8	980.0	981.1		
70.3362	0.8446	979.9	980.0	981.2		
70.3528	0.8446	979.8	980.0	981.1		
70.3695	0.8512	979.9	980.0	981.2		
70.3862	0.8442	979.9	979.9	981.1		
70.4028	0.8393	979.9	980.0	981.2		
70.4195	0.8446	979.8	979.9	981.2		
70.4362	0.8393	979.9	980.0	981.1		
70.4528	0.8472	979.9	980.0	981.2		
70.4695	0.8464	979.8	979.9	981.1		
70.4862	0.8464	979.9	979.9	981.2		
70.5028	0.8371	979.9	979.9	981.1		
70.5195	0.8371	979.9	980.0	981.2		
70.5362	0.8455	979.9	979.9	981.1		
70.5528	0.8490	979.9	979.9	981.1		
70.5695	0.8530	979.8	979.9	981.1		
70.5862	0.8508	979.9	979.9	981.1		
70.6028	0.8398	979.9	979.9	981.1		
70.6195	0.8512	979.8	980.0	981.1		
70.6362	0.8477	979.8	979.9	981.1		
70.6528	0.8534	979.9	980.0	981.2		
70.6695	0.8534	979.9	980.0	981.2		
70.6862	0.8503	979.9	979.9	981.1		
70.7028	0.8525	979.9	979.9	981.1		
70.7195	0.8451	979.9	980.0	981.2		
70.7362	0.8525	980.0	980.0	981.2		
70.7528	0.8512	979.9	980.0	981.2		
70.7695	0.8451	980.0	980.0	981.2		
70.7862	0.8433	980.0	980.0	981.1		
70.8028	0.8530	980.0	980.0	981.2		
70.8195	0.8508	980.0	980.0	981.2		
70.8362	0.8442	980.0	980.0	981.1		
70.8528	0.8477	980.0	980.0	981.2		
70.8695	0.8464	979.9	980.0	981.1		
70.8862	0.8486	979.9	980.0	981.1		
70.9028	0.8437	979.9	980.0	981.2		
70.9195	0.8499	979.9	980.0	981.2		
70.9362	0.8516	979.9	980.0	981.2		
70.9528	0.8512	979.9	980.0	981.1		
70.9695	0.8556	979.8	980.0	981.1		
70.9862	0.8565	979.9	980.0	981.2		
71.0028	0.8604	979.9	980.0	981.2		
71.0195	0.8455	979.8	980.0	981.1		
71.0362	0.8534	979.9	980.0	981.2		
71.0528	0.8547	979.8	980.0	981.2		
71.0695	0.8543	979.8	980.0	981.1		
71.0862	0.8552	979.8	980.0	981.2		
71.1028	0.8543	979.8	980.0	981.2		
71.1195	0.8494	979.9	979.9	981.1		
71.1362	0.8530	979.8	979.9	981.0		
71.1528	0.8481	979.8	979.9	981.0		
71.1695	0.8530	979.8	979.9	981.1		
71.1862	0.8499	979.8	979.9	981.1		
71.2028	0.8565	979.9	979.9	981.1		
71.2195	0.8631	979.9	979.9	981.1		
71.2362	0.8556	979.8	979.9	981.0		
71.2528	0.8569	979.9	979.9	981.1		
71.2695	0.8560	979.9	980.0	981.1		
71.2862	0.8521	979.8	979.9	981.1		
71.3028	0.8604	979.9	979.9	981.1		
71.3195	0.8635	979.9	980.0	981.1		
71.3362	0.8547	979.8	979.9	981.1		
71.3528	0.8591	979.8	980.0	981.1		
71.3695	0.8582	979.8	980.0	981.1		
71.3862	0.8670	979.9	979.9	981.1		
71.4028	0.8635	979.8	979.9	981.1		
71.4195	0.8591	979.9	980.0	981.2		
71.4362	0.8569	979.8	979.9	981.1		
71.4528	0.8578	979.9	979.9	981.1		
71.4695	0.8618	979.8	979.9	981.1		
71.4862	0.8596	979.9	979.9	981.1		
71.5028	0.8613	980.0	980.0	981.1		
71.5195	0.8582	979.9	980.0	981.2		
71.5362	0.8596	979.9	979.9	981.0		
71.5528	0.8591	980.0	980.0	981.2		
71.5695	0.8538	980.0	980.0	981.1		
71.5862	0.8591	980.0	980.0	981.1		
71.6028	0.8578	979.9	979.9	981.1		
71.6195	0.8661	980.0	980.0	981.1		
71.6362	0.8626	979.9	980.1	981.2		
71.6528	0.8622	979.9	980.0	981.1		
71.6695	0.8705	979.9	980.0	981.1		
71.6862	0.8635	979.9	980.0	981.1		
71.7028	0.8661	979.9	980.1	981.2		
71.7195	0.8679	979.9	980.0	981.1		
71.7362	0.8710	979.8	980.0	981.2		
71.7528	0.8692	979.9	980.0	981.2		
71.7695	0.8692	979.9	980.0	981.2		
71.7862	0.8604	979.9	980.0	981.1		
71.8028	0.8639	979.9	979.9	981.1		
71.8195	0.8683	979.9	980.0	981.1		
71.8362	0.8741	979.9	980.0	981.1		
71.8528	0.8670	979.9	980.0	981.2		
71.8695	0.8692	979.9	980.0	981.1		
71.8862	0.8635	979.9	980.0	981.1		
71.9028	0.8745	979.9	980.0	981.2		
71.9195	0.8714	979.9	979.9	981.1		
71.9362	0.8635	979.9	980.0	981.2		
71.9528	0.8679	979.9	979.9	981.1		
71.9695	0.8631	979.9	980.0	981.1		
71.9862	0.8701	979.9	980.0	981.1		
72.0028	0.8745	980.0	980.0	981.2		
72.0195	0.8780	979.9	979.9	981.0		
72.0362	0.8618	980.0	980.0	981.1		
72.0528	0.8741	979.9	980.0	981.1		
72.0695	0.8653	979.8	979.9	981.1		
72.0862	0.8732	979.9	980.0	981.1		
72.1028	0.8749	979.9	980.1	981.2		
72.1195	0.8749	979.9	980.1	981.2		
72.1362	0.8732	979.9	980.0	981.2		
72.1528	0.8763	979.8	979.9	981.1		
72.1695	0.8714	979.9	980.0	981.2		
72.1862	0.8741	979.9	980.0	981.1		
72.2028	0.8692	979.8	980.0	981.2		
72.2195	0.8719	979.9	980.0	981.1		
72.2362	0.8679	979.9	980.0	981.2		
72.2528	0.8701	979.8	980.0	981.2		
72.2695	0.8741	979.9	980.0	981.1		
72.2862	0.8719	979.8	980.0	981.2		
72.3028	0.8719	979.8	979.8	981.0		
72.3195	0.8749	979.9	979.9	981.2		
72.3362	0.8701	979.8	979.9	981.0		
72.3528	0.8710	979.9	980.0	981.1		
72.3695	0.8784	979.7	979.8	981.0		
72.3862	0.8723	979.8	979.9	981.1		
72.4028	0.8784	979.8	979.9	981.1		
72.4195	0.8802	979.8	980.0	981.0		
72.4362	0.8710	979.8	979.9	981.1		
72.4528	0.8719	979.8	979.9	981.0		
72.4695	0.8749	979.9	979.9	981.0		
72.4862	0.8749	979.9	980.0	981.1		
72.5028	0.8802	979.9	979.9	981.1		
72.5195	0.8824	979.9	979.9	981.1		
72.5362	0.8780	979.9	980.0	981.1		
72.5528	0.8780	979.8	980.0	981.2		
72.5695	0.8824	979.9	980.0	981.2		
72.5862	0.8767	979.8	980.0	981.1		
72.6028	0.8802	979.9	980.0	981.2		
72.6195	0.8789	979.9	979.9	981.2		
72.6362	0.8749	979.8	979.9	981.1		
72.6528	0.8780	979.9	979.9	981.1		
72.6695	0.8719	979.9	979.9	981.2		
72.6862	0.8811	979.9	980.0	981.1		
72.7028	0.8767	979.9	979.9	981.1		
72.7195	0.8806	980.0	980.0	981.2		
72.7362	0.8820	979.8	979.9	981.1		
72.7528	0.8824	979.9	980.0	981.1		
72.7695	0.8749	980.0	980.0	981.1		
72.7862	0.8815	980.0	980.0	981.1		
72.8028	0.8776	979.9	980.0	981.1		
72.8195	0.8842	979.9	980.0	981.1		
72.8362	0.8815	979.9	980.0	981.1		
72.8528	0.8943	979.9	980.0	981.2		
72.8695	0.8784	979.9	980.0	981.1		
72.8862	0.8868	979.8	980.0	981.1		
72.9028	0.8877	979.9	980.0	981.2		
72.9195	0.8864	979.9	980.0	981.2		
72.9362	0.8855	979.9	980.0	981.1		
72.9528	0.8894	979.8	980.0	981.2		
72.9695	0.8881	979.9	980.0	981.1		
72.9862	0.8784	979.8	980.0	981.2		
73.0028	0.8842	979.9	980.0	981.2		
73.0195	0.8951	979.8	980.0	981.1		
73.0362	0.8824	979.8	979.9	981.1		
73.0528	0.8899	979.9	980.0	981.2		
73.0695	0.8894	979.9	979.9	981.1		
73.0862	0.8912	979.9	980.0	981.2		
73.1028	0.8886	979.8	980.0	981.1		
73.1195	0.8912	979.9	980.0	981.2		
73.1362	0.8881	979.9	980.0	981.2		
73.1528	0.8912	979.9	980.0	981.1		
73.1695	0.8846	979.8	979.9	981.2		
73.1862	0.8899	979.9	980.0	981.2		
73.2028	0.8881	979.9	980.0	981.1		
73.2195	0.8925	979.9	980.0	981.2		
73.2362	0.8877	979.8	979.9	981.1		
73.2528	0.8921	979.9	979.9	981.1		
73.2695	0.8934	979.9	980.0	981.2		
73.2862	0.9009	979.9	980.0	981.2		
73.3028	0.8903	979.9	980.0	981.1		
73.3195	0.8899	979.8	979.9	981.1		
73.3362	0.8956	979.9	980.0	981.2		
73.3528	0.8938	979.8	980.0	981.1		
73.3695	0.8943	979.9	979.9	981.1		
73.3862	0.8925	979.9	979.9	981.1		
73.4028	0.8943	980.0	980.0	981.2		
73.4195	0.8930	979.9	979.9	981.1		
73.4362	0.8982	979.9	979.9	981.1		
73.4528	0.8855	979.9	979.9	981.1		
73.4695	0.8956	979.9	979.9	981.1		
73.4862	0.8872	979.8	979.9	981.1		
73.5028	0.8921	979.9	979.9	981.1		
73.5195	0.8956	979.9	979.9	981.1		
73.5362	0.8956	979.7	979.8	981.0		
73.5528	0.9013	979.8	979.9	981.1		
73.5695	0.9009	979.9	979.9	981.1		
73.5862	0.9000	979.8	979.9	981.1		
73.6028	0.8995	979.9	980.0	981.1		
73.6195	0.9035	979.8	979.9	981.1		
73.6362	0.8969	979.8	980.0	981.2		
73.6528	0.8938	979.8	979.9	981.1		
73.6695	0.8930	979.8	979.9	981.2		
73.6862	0.9000	979.8	979.9	981.1		
73.7028	0.8868	979.9	980.0	981.1		
73.7195	0.8973	979.9	980.0	981.2		
73.7362	0.9053	979.9	980.0	981.1		
73.7528	0.8973	979.9	980.0	981.1		
73.7695	0.8991	980.0	980.0	981.2		
73.7862	0.8969	979.9	980.0	981.1		
73.8028	0.8991	980.0	980.0	981.1		
73.8195	0.9031	979.9	979.9	981.1		
73.8362	0.9004	980.0	980.0	981.1		
73.8528	0.9017	980.0	980.0	981.2		
73.8695	0.9053	979.9	980.1	981.2		
73.8862	0.9057	979.9	980.0	981.1		
73.9028	0.9053	979.9	980.0	981.2		
73.9195	0.9039	979.9	980.0	981.1		
73.9362	0.8956	979.9	980.0	981.1		
73.9528	0.8982	979.9	980.0	981.2		
73.9695	0.9053	979.8	980.0	981.2		
73.9862	0.8995	979.9	980.0	981.2		
74.0028	0.9044	979.9	980.0	981.2		
74.0195	0.9092	979.9	980.0	981.2		
74.0362	0.9114	979.9	980.0	981.2		
74.0528	0.9035	979.8	980.0	981.1		
74.0695	0.9053	979.8	980.0	981.1		
74.0862	0.9097	979.9	980.0	981.1		
74.1028	0.8951	979.9	980.0	981.2		
74.1195	0.9004	979.9	980.0	981.2		
74.1362	0.9035	980.0	979.9	981.1		
74.1528	0.9035	980.0	980.1	981.2		
74.1695	0.8982	980.0	980.0	981.2		
74.1862	0.9044	980.0	980.0	981.2		
74.2028	0.9053	980.0	980.0	981.1		
74.2195	0.9031	980.0	980.0	981.1		
74.2362	0.9053	979.9	980.0	981.1		
74.2528	0.9031	979.9	980.0	981.1		
74.2695	0.9110	979.9	980.0	981.2		
74.2862	0.9079	979.9	980.1	981.2		
74.3028	0.9088	979.9	980.0	981.1		
74.3195	0.9092	979.9	980.0	981.2		
74.3362	0.9092	979.9	980.0	981.1		
74.3528	0.9075	979.8	979.9	981.1		
74.3695	0.9110	979.9	980.0	981.2		
74.3862	0.9092	979.8	980.0	981.2		
74.4028	0.9035	979.8	980.0	981.2		
74.4195	0.9105	979.9	980.0	981.2		
74.4362	0.9140	979.9	980.0	981.2		
74.4528	0.9114	979.9	980.0	981.2		
74.4695	0.9189	979.8	980.0	981.2		
74.4862	0.9171	979.9	980.0	981.2		
74.5028	0.9123	979.8	979.9	981.1		
74.5195	0.9149	979.9	979.9	981.2		
74.5362	0.9110	979.9	979.9	981.1		
74.5528	0.9097	979.9	979.9	981.1		
74.5695	0.9097	979.8	979.9	981.2		
74.5862	0.9101	979.9	979.9	981.1		
74.6028	0.9118	979.8	980.0	981.2		
74.6195	0.9088	979.9	980.0	981.1		
74.6362	0.9101	979.8	979.9	981.1		
74.6528	0.9158	980.0	980.0	981.1		
74.6695	0.9154	979.9	979.9	981.1		
74.6862	0.9114	979.9	979.9	981.2		
74.7028	0.9167	980.0	980.0	981.2		
74.7195	0.9211	979.9	980.0	981.2		
74.7362	0.9224	979.9	979.9	981.2		
74.7528	0.9140	979.9	979.9	981.1		
74.7695	0.9171	979.9	980.1	981.2		
74.7862	0.9176	979.9	979.9	981.1		
74.8028	0.9224	979.8	980.0	981.2		
74.8195	0.9202	979.8	980.0	981.1		
74.8362	0.9162	979.9	980.0	981.2		
74.8528	0.9211	979.9	980.0	981.2		
74.8695	0.9162	979.9	980.0	981.1		
74.8862	0.9198	979.9	980.0	981.2		
74.9028	0.9123	980.0	980.0	981.2		
74.9195	0.9167	980.0	980.0	981.2		
74.9362	0.9162	979.9	980.0	981.1		
74.9528	0.9246	979.9	979.9	981.1		
74.9695	0.9176	979.9	979.9	981.1		
74.9862	0.9171	979.9	980.0	981.1		
75.0028	0.9233	979.8	979.9	981.2		
75.0195	0.9198	979.9	980.0	981.1		
75.0362	0.9250	980.0	980.0	981.2		
75.0528	0.9202	979.8	979.9	981.1		
75.0695	0.9215	979.8	980.0	981.1		
75.0862	0.9202	979.8	980.0	981.2		
75.1028	0.9149	979.9	980.0	981.2		
75.1195	0.9255	979.9	979.9	981.2		
75.1362	0.9149	979.9	980.0	981.2		
75.1528	0.9158	979.9	980.0	981.1		
75.1695	0.9250	979.9	979.9	981.2		
75.1862	0.9233	979.9	979.9	981.1		
75.2028	0.9233	980.0	980.0	981.1		
75.2195	0.9255	980.0	980.1	981.2		
75.2362	0.9250	980.0	980.0	981.2		
75.2528	0.9263	979.9	979.9	981.1		
75.2695	0.9237	979.9	980.0	981.2		
75.2862	0.9215	979.9	980.0	981.1		
75.3028	0.9255	980.0	980.1	981.1		
75.3195	0.9215	980.0	980.1	981.2		
75.3362	0.9259	979.9	980.0	981.1		
75.3528	0.9316	980.0	980.1	981.2		
75.3695	0.9272	979.9	980.0	981.2		
75.3862	0.9338	979.9	980.0	981.2		
75.4028	0.9250	979.9	980.1	981.2		
75.4195	0.9281	979.9	980.1	981.2		
75.4362	0.9312	979.9	980.0	981.2		
75.4528	0.9391	979.9	980.0	981.2		
75.4695	0.9237	979.9	980.1	981.3		
75.4862	0.9307	979.9	980.0	981.2		
75.5028	0.9277	980.0	980.0	981.2		
75.5195	0.9365	979.9	980.0	981.2		
75.5362	0.9312	979.9	980.0	981.2		
75.5528	0.9272	979.9	980.0	981.2		
75.5695	0.9290	980.0	980.0	981.1		
75.5862	0.9250	979.9	980.0	981.1		
75.6028	0.9277	979.9	980.0	981.2		
75.6195	0.9285	979.9	980.0	981.2		
75.6362	0.9338	980.0	980.0	981.1		
75.6528	0.9233	980.0	980.0	981.2		
75.6695	0.9299	980.0	980.0	981.1		
75.6862	0.9259	980.0	980.0	981.2		
75.7028	0.9259	980.0	980.0	981.1		
75.7195	0.9268	980.0	980.0	981.2		
75.7362	0.9351	980.0	980.0	981.1		
75.7528	0.9378	979.9	980.0	981.2		
75.7695	0.9391	980.0	980.0	981.2		
75.7862	0.9360	980.0	980.0	981.2		
75.8028	0.9378	980.0	980.0	981.2		
75.8195	0.9387	979.9	980.1	981.2		
75.8362	0.9391	979.9	980.0	981.2		
75.8528	0.9382	979.9	980.1	981.3		
75.8695	0.9395	979.9	980.0	981.2		
75.8862	0.9360	980.0	980.0	981.2		
75.9028	0.9426	979.9	980.0	981.1		
75.9195	0.9470	980.0	980.0	981.2		
75.9362	0.9378	979.9	980.0	981.2		
75.9528	0.9395	979.9	980.0	981.2		
75.9695	0.9316	979.9	980.0	981.2		
75.9862	0.9430	980.0	980.0	981.3		
76.0028	0.9409	979.9	980.0	981.2		
76.0195	0.9307	979.9	980.0	981.2		
76.0362	0.9360	980.0	980.0	981.2		
76.0528	0.9395	979.9	980.0	981.1		
76.0695	0.9417	980.0	980.0	981.2		
76.0862	0.9365	980.0	980.0	981.2		
76.1028	0.9466	979.9	980.0	981.2		
76.1195	0.9338	980.0	980.0	981.1		
76.1362	0.9360	980.0	980.0	981.1		
76.1528	0.9404	979.9	980.0	981.2		
76.1695	0.9404	979.9	980.0	981.1		
76.1862	0.9461	979.9	980.0	981.2		
76.2028	0.9430	980.0	980.0	981.1		
76.2195	0.9404	979.9	980.0	981.2		
76.2362	0.9452	979.9	980.1	981.2		
76.2528	0.9426	979.9	980.1	981.3		
76.2695	0.9474	979.9	980.0	981.2		
76.2862	0.9435	979.9	980.0	981.2		
76.3028	0.9444	980.0	980.1	981.3		
76.3195	0.9470	980.0	980.1	981.2		
76.3362	0.9439	979.9	980.1	981.2		
76.3528	0.9444	979.9	980.1	981.2		
76.3695	0.9510	979.9	980.0	981.2		
76.3862	0.9461	979.9	980.1	981.2		
76.4028	0.9510	979.9	980.0	981.3		
76.4195	0.9514	979.9	980.0	981.2		
76.4362	0.9448	979.9	980.0	981.2		
76.4528	0.9549	979.9	980.0	981.3		
76.4695	0.9426	979.9	980.0	981.1		
76.4862	0.9452	979.9	980.0	981.2		
76.5028	0.9483	979.9	979.9	981.1		
76.5195	0.9422	980.0	980.0	981.2		
76.5362	0.9514	980.0	980.0	981.2		
76.5528	0.9457	980.0	980.0	981.2		
76.5695	0.9435	980.0	980.0	981.2		
76.5862	0.9488	980.0	980.0	981.2		
76.6028	0.9514	980.0	980.0	981.2		
76.6195	0.9518	980.0	980.0	981.2		
76.6362	0.9483	979.9	980.0	981.1		
76.6528	0.9554	980.0	980.1	981.2		
76.6695	0.9483	979.9	980.1	981.2		
76.6862	0.9571	980.0	980.0	981.2		
76.7028	0.9510	980.0	980.1	981.2		
76.7195	0.9646	980.0	980.0	981.2		
76.7362	0.9567	979.9	980.0	981.2		
76.7528	0.9562	979.9	980.0	981.1		
76.7695	0.9483	979.9	980.1	981.2		
76.7862	0.9580	980.0	980.1	981.2		
76.8028	0.9571	979.9	980.0	981.2		
76.8195	0.9575	979.9	980.1	981.3		
76.8362	0.9646	980.0	980.0	981.2		
76.8528	0.9545	979.9	980.1	981.2		
76.8695	0.9567	979.9	980.0	981.2		
76.8862	0.9510	979.9	980.0	981.3		
76.9028	0.9575	980.0	980.1	981.2		
76.9195	0.9584	979.9	980.0	981.2		
76.9362	0.9554	979.9	980.0	981.2		
76.9528	0.9536	979.9	980.0	981.2		
76.9695	0.9558	979.9	980.0	981.2		
76.9862	0.9532	979.9	980.0	981.2		
77.0028	0.9567	979.9	980.0	981.2		
77.0195	0.9558	979.9	980.0	981.2		
77.0362	0.9624	979.9	980.0	981.2		
77.0528	0.9567	979.9	980.0	981.2		
77.0695	0.9575	980.0	980.0	981.2		
77.0862	0.9589	979.9	980.0	981.1		
77.1028	0.9558	979.9	979.9	981.1		
77.1195	0.9624	979.9	980.0	981.2		
77.1362	0.9602	979.9	980.0	981.1		
77.1528	0.9545	980.0	980.0	981.1		
77.1695	0.9575	980.0	980.1	981.2		
77.1862	0.9580	979.9	980.0	981.2		
77.2028	0.9597	979.9	980.0	981.1		
77.2195	0.9606	979.9	980.1	981.2		
77.2362	0.9641	979.9	980.0	981.2		
77.2528	0.9505	979.9	980.0	981.2		
77.2695	0.9619	979.9	980.0	981.2		
77.2862	0.9615	980.0	980.1	981.2		
77.3028	0.9615	979.9	980.0	981.2		
77.3195	0.9628	980.0	980.0	981.2		
77.3362	0.9580	979.9	980.1	981.2		
77.3528	0.9611	979.9	980.0	981.2		
77.3695	0.9637	979.9	979.9	981.2		
77.3862	0.9685	980.0	980.0	981.2		
77.4028	0.9611	980.0	980.1	981.2		
77.4195	0.9663	980.1	980.1	981.3		
77.4362	0.9641	980.1	980.0	981.2		
77.4528	0.9685	980.0	980.0	981.2		
77.4695	0.9593	980.1	980.1	981.2		
77.4862	0.9615	980.0	980.0	981.2		
77.5028	0.9619	980.0	980.0	981.2		
77.5195	0.9567	980.1	980.1	981.2		
77.5362	0.9659	980.0	980.0	981.2		
77.5528	0.9611	980.0	980.0	981.2		
77.5695	0.9637	979.9	980.0	981.1		
77.5862	0.9778	980.0	980.0	981.2		
77.6028	0.9624	980.0	980.1	981.2		
77.6195	0.9681	980.0	980.0	981.2		
77.6362	0.9611	979.9	980.1	981.3		
77.6528	0.9707	979.9	980.1	981.2		
77.6695	0.9681	979.9	980.0	981.2		
77.6862	0.9725	979.9	980.0	981.2		
77.7028	0.9699	980.0	980.1	981.2		
77.7195	0.9685	979.9	980.0	981.1		
77.7362	0.9685	979.9	980.0	981.2		
77.7528	0.9742	979.8	979.9	981.2		
77.7695	0.9677	980.0	980.1	981.3		
77.7862	0.9699	979.9	980.0	981.3		
77.8028	0.9659	979.9	980.0	981.2		
77.8195	0.9742	979.9	980.0	981.2		
77.8362	0.9712	979.9	980.0	981.2		
77.8528	0.9716	979.9	980.0	981.2		
77.8695	0.9681	979.9	980.1	981.3		
77.8862	0.9716	979.9	980.0	981.2		
77.9028	0.9681	980.0	980.1	981.2		
77.9195	0.9760	980.0	980.0	981.2		
77.9362	0.9729	979.9	980.0	981.2		
77.9528	0.9725	979.9	980.0	981.2		
77.9695	0.9716	979.9	980.0	981.2		
77.9862	0.9655	979.9	980.0	981.3		
78.0028	0.9677	980.0	980.0	981.1		
78.0195	0.9742	979.9	980.0	981.1		
78.0362	0.9756	980.0	980.0	981.2		
78.0528	0.9773	980.0	980.1	981.2		
78.0695	0.9716	979.9	980.0	981.1		
78.0862	0.9826	979.9	980.0	981.1		
78.1028	0.9650	979.9	980.0	981.2		
78.1195	0.9804	979.9	980.0	981.2		
78.1362	0.9830	979.9	979.9	981.1		
78.1528	0.9742	979.9	980.0	981.1		
78.1695	0.9813	979.9	979.9	981.1		
78.1862	0.9822	980.0	980.0	981.1		
78.2028	0.9800	979.9	980.0	981.2		
78.2195	0.9764	980.0	980.1	981.2		
78.2362	0.9769	979.9	980.0	981.2		
78.2528	0.9835	980.0	980.0	981.1		
78.2695	0.9778	979.9	980.0	981.2		
78.2862	0.9786	980.0	980.1	981.2		
78.3028	0.9782	980.0	980.0	981.2		
78.3195	0.9835	980.0	980.1	981.2		
78.3362	0.9791	980.0	980.0	981.2		
78.3528	0.9835	979.9	980.0	981.2		
78.3695	0.9861	980.0	980.1	981.2		
78.3862	0.9830	980.0	980.0	981.2		
78.4028	0.9839	979.9	980.0	981.2		
78.4195	0.9835	980.0	980.1	981.3		
78.4362	0.9861	979.9	980.0	981.2		
78.4528	0.9874	980.0	980.0	981.3		
78.4695	0.9830	979.9	980.0	981.3		
78.4862	0.9844	980.0	980.0	981.2		
78.5028	0.9822	980.0	980.0	981.2		
78.5195	0.9888	979.9	980.0	981.2		
78.5362	0.9835	980.0	980.0	981.2		
78.5528	0.9866	979.9	980.0	981.2		
78.5695	0.9861	979.9	979.9	981.2		
78.5862	0.9861	980.0	980.1	981.3		
78.6028	0.9874	979.9	980.0	981.1		
78.6195	0.9835	979.9	980.0	981.2		
78.6362	0.9874	980.0	980.1	981.2		
78.6528	0.9888	980.0	980.0	981.2		
78.6695	0.9795	979.9	979.9	981.1		
78.6862	0.9826	980.0	980.0	981.2		
78.7028	0.9896	980.0	980.0	981.2		
78.7195	0.9945	979.9	979.9	981.1		
78.7362	0.9883	979.9	980.0	981.2		
78.7528	0.9909	979.9	979.9	981.2		
78.7695	0.9892	979.9	980.0	981.2		
78.7862	0.9870	979.9	980.0	981.1		
78.8028	0.9866	980.1	980.1	981.3		
78.8195	0.9883	979.9	980.0	981.2		
78.8362	0.9883	979.9	980.0	981.2		
78.8528	0.9835	980.0	980.0	981.1		
78.8695	0.9945	979.9	980.0	981.2		
78.8862	0.9892	979.9	980.1	981.2		
78.9028	0.9945	979.9	980.0	981.2		
78.9195	1.0015	979.9	980.0	981.2		
78.9362	0.9997	979.9	980.0	981.2		
78.9528	0.9931	979.9	980.0	981.2		
78.9695	0.9927	980.0	980.1	981.3		
78.9862	0.9971	980.0	980.0	981.2		
79.0028	0.9993	980.0	980.0	981.2		
79.0195	0.9927	980.0	980.0	981.2		
79.0362	1.0002	979.9	980.0	981.2		
79.0528	0.9861	980.0	980.1	981.3		
79.0695	0.9971	980.0	980.0	981.2		
79.0862	0.9949	980.0	980.0	981.2		
79.1028	0.9905	980.0	980.0	981.2		
79.1195	0.9945	980.0	980.0	981.2		
79.1362	1.0019	980.0	980.1	981.2		
79.1528	0.9971	980.0	980.0	981.2		
79.1695	1.0006	980.0	979.9	981.1		
79.1862	0.9940	980.0	980.1	981.3		
79.2028	0.9958	980.0	980.0	981.1		
79.2195	1.0011	979.9	980.0	981.1		
79.2362	0.9953	980.0	980.0	981.2		
79.2528	0.9949	979.9	980.0	981.2		
79.2695	1.0063	979.9	980.0	981.2		
79.2862	0.9923	979.9	980.0	981.2		
79.3028	0.9984	979.9	980.0	981.2		
79.3195	0.9945	980.0	980.0	981.2		
79.3362	1.0033	979.9	980.0	981.1		
79.3528	1.0006	979.9	980.0	981.2		
79.3695	1.0028	979.9	980.0	981.2		
79.3862	1.0094	979.9	980.0	981.2		
79.4028	1.0059	979.9	980.0	981.2		
79.4195	0.9958	979.8	979.9	981.1		
79.4362	1.0037	979.9	980.0	981.2		
79.4528	1.0019	979.9	980.0	981.1		
79.4695	1.0046	979.9	980.0	981.1		
79.4862	1.0107	979.9	980.0	981.2		
79.5028	1.0112	980.0	980.0	981.3		
79.5195	1.0050	979.9	980.0	981.2		
79.5362	1.0059	979.9	980.0	981.3		
79.5528	0.9993	980.0	980.1	981.3		
79.5695	1.0019	979.9	980.0	981.2		
79.5862	1.0015	979.9	980.0	981.3		
79.6028	1.0138	979.9	980.0	981.2		
79.6195	1.0054	980.0	980.1	981.3		
79.6362	1.0068	980.0	980.0	981.1		
79.6528	1.0041	980.0	980.0	981.2		
79.6695	1.0072	979.9	980.0	981.2		
79.6862	1.0085	979.9	979.9	981.2		
79.7028	1.0068	979.9	980.0	981.2		
79.7195	1.0041	979.9	980.0	981.2		
79.7362	1.0120	979.9	980.0	981.2		
79.7528	1.0085	980.0	980.0	981.3		
79.7695	1.0054	979.9	980.0	981.1		
79.7862	1.0103	980.0	980.0	981.2		
79.8028	1.0072	980.0	980.0	981.2		
79.8195	1.0068	980.0	980.0	981.1		
79.8362	1.0085	979.9	980.0	981.1		
79.8528	1.0037	979.9	980.0	981.1		
79.8695	1.0068	979.9	980.0	981.1		
79.8862	1.0112	979.9	979.9	981.1		
79.9028	1.0063	979.9	980.0	981.1		
79.9195	1.0116	979.9	980.0	981.1		
79.9362	1.0107	979.9	980.0	981.2		
79.9528	1.0090	979.9	980.0	981.2		
79.9695	1.0147	979.9	979.9	981.1		
79.9862	1.0204	980.0	980.0	981.2		
80.0028	1.0164	979.9	980.0	981.2		
80.0195	1.0120	980.0	980.0	981.2		
80.0362	1.0186	979.9	980.0	981.1		
80.0528	1.0098	980.0	980.0	981.2		
80.0695	1.0169	979.9	980.0	981.2		
80.0862	1.0151	979.9	980.0	981.2		
80.1028	1.0147	979.9	980.0	981.2		
80.1195	1.0103	979.9	980.0	981.1		
80.1362	1.0182	979.9	980.0	981.1		
80.1528	1.0270	980.0	980.0	981.2		
80.1695	1.0283	979.9	980.0	981.2		
80.1862	1.0186	980.0	980.0	981.2		
80.2028	1.0208	979.9	980.0	981.2		
80.2195	1.0213	979.9	980.0	981.2		
80.2362	1.0147	979.9	980.0	981.2		
80.2528	1.0134	979.9	980.0	981.2		
80.2695	1.0173	980.0	980.1	981.2		
80.2862	1.0164	979.9	980.0	981.2		
80.3028	1.0226	980.0	980.1	981.2		
80.3195	1.0173	979.9	980.1	981.2		
80.3362	1.0186	979.9	980.1	981.2		
80.3528	1.0283	980.0	980.0	981.3		
80.3695	1.0252	979.9	980.1	981.2		
80.3862	1.0235	979.9	980.0	981.1		
80.4028	1.0252	980.0	980.0	981.2		
80.4195	1.0243	979.9	980.0	981.2		
80.4362	1.0235	980.0	980.0	981.2		
80.4528	1.0208	979.9	980.0	981.1		
80.4695	1.0283	979.9	980.0	981.2		
80.4862	1.0103	979.9	979.9	981.2		
80.5028	1.0204	979.9	979.9	981.1		
80.5195	1.0129	980.0	980.0	981.2		
80.5362	1.0235	980.0	980.0	981.1		
80.5528	1.0182	980.0	980.0	981.1		
80.5695	1.0265	980.0	980.0	981.2		
80.5862	1.0186	980.0	980.0	981.1		
80.6028	1.0186	979.9	980.1	981.2		
80.6195	1.0169	979.9	980.0	981.0		
80.6362	1.0261	979.9	980.0	981.2		
80.6528	1.0292	980.0	980.0	981.1		
80.6695	1.0287	979.9	980.0	981.1		
80.6862	1.0296	979.9	980.0	981.1		
80.7028	1.0292	979.9	980.0	981.1		
80.7195	1.0301	979.9	980.0	981.1		
80.7362	1.0292	979.9	980.0	981.2		
80.7528	1.0314	979.9	980.1	981.2		
80.7695	1.0318	980.0	980.0	981.2		
80.7862	1.0239	979.9	980.0	981.2		
80.8028	1.0327	980.0	980.0	981.2		
80.8195	1.0270	980.0	980.0	981.2		
80.8362	1.0309	980.0	980.1	981.2		
80.8528	1.0366	980.0	980.1	981.2		
80.8695	1.0261	979.9	980.0	981.2		
80.8862	1.0274	980.0	980.0	981.2		
80.9028	1.0314	979.9	980.0	981.3		
80.9195	1.0292	980.0	980.0	981.2		
80.9362	1.0388	979.9	980.1	981.3		
80.9528	1.0279	979.9	980.0	981.2		
80.9695	1.0323	979.9	980.0	981.1		
80.9862	1.0437	979.9	980.0	981.2		
81.0028	1.0353	979.9	980.0	981.1		
81.0195	1.0362	979.9	980.0	981.2		
81.0362	1.0314	980.0	980.0	981.2		
81.0528	1.0314	979.9	980.1	981.2		
81.0695	1.0331	979.9	980.1	981.2		
81.0862	1.0362	980.0	980.1	981.2		
81.1028	1.0358	979.9	980.1	981.2		
81.1195	1.0384	979.9	980.1	981.3		
81.1362	1.0340	979.9	980.0	981.2		
81.1528	1.0305	979.9	980.0	981.2		
81.1695	1.0349	979.9	980.0	981.2		
81.1862	1.0406	979.9	980.1	981.3		
81.2028	1.0393	979.8	980.0	981.2		
81.2195	1.0437	979.8	980.0	981.1		
81.2362	1.0402	980.0	980.0	981.1		
81.2528	1.0287	979.9	979.9	981.1		
81.2695	1.0323	980.0	980.1	981.2		
81.2862	1.0248	979.9	980.0	981.2		
81.3028	1.0323	980.0	980.0	981.2		
81.3195	1.0380	980.0	980.0	981.2		
81.3362	1.0424	980.0	980.0	981.1		
81.3528	1.0441	979.9	980.0	981.2		
81.3695	1.0375	980.0	980.0	981.1		
81.3862	1.0336	980.0	980.0	981.2		
81.4028	1.0424	980.0	980.1	981.2		
81.4195	1.0441	979.9	980.0	981.1		
81.4362	1.0468	979.9	980.0	981.2		
81.4528	1.0415	979.9	980.0	981.1		
81.4695	1.0415	979.9	980.0	981.2		
81.4862	1.0494	979.9	980.1	981.2		
81.5028	1.0424	980.0	980.0	981.2		
81.5195	1.0384	980.0	980.0	981.1		
81.5362	1.0415	980.0	980.1	981.2		
81.5528	1.0410	979.9	980.0	981.2		
81.5695	1.0547	980.0	980.1	981.2		
81.5862	1.0468	979.9	980.0	981.2		
81.6028	1.0424	980.0	980.1	981.3		
81.6195	1.0428	979.9	980.0	981.1		
81.6362	1.0446	979.9	980.0	981.2		
81.6528	1.0410	979.9	980.0	981.1		
81.6695	1.0494	979.9	980.0	981.1		
81.6862	1.0441	980.0	980.1	981.2		
81.7028	1.0432	979.9	980.0	981.1		
81.7195	1.0494	979.9	980.0	981.2		
81.7362	1.0463	979.9	980.0	981.2		
81.7528	1.0569	979.9	980.0	981.2		
81.7695	1.0538	979.9	980.0	981.2		
81.7862	1.0560	979.9	980.0	981.2		
81.8028	1.0468	979.9	980.0	981.2		
81.8195	1.0498	979.9	980.0	981.1		
81.8362	1.0560	979.9	980.0	981.2		
81.8528	1.0516	979.9	980.0	981.2		
81.8695	1.0538	979.9	980.0	981.2		
81.8862	1.0551	979.9	980.0	981.2		
81.9028	1.0533	979.9	980.0	981.1		
81.9195	1.0512	979.9	980.0	981.1		
81.9362	1.0520	980.0	980.0	981.2		
81.9528	1.0498	979.9	980.0	981.1		
81.9695	1.0481	979.9	980.0	981.2		
81.9862	1.0538	980.0	980.1	981.2		
82.0028	1.0525	979.9	980.0	981.1		
82.0195	1.0485	979.9	980.0	981.2		
82.0362	1.0551	979.9	979.9	981.1		
82.0528	1.0481	979.9	980.0	981.2		
82.0695	1.0498	979.9	980.0	981.1		
82.0862	1.0551	980.0	980.1	981.2		
82.1028	1.0555	979.9	980.0	981.1		
82.1195	1.0555	979.9	980.0	981.2		
82.1362	1.0525	980.0	980.0	981.2		
82.1528	1.0503	979.9	980.0	981.2		
82.1695	1.0560	979.9	980.0	981.2		
82.1862	1.0591	979.9	980.0	981.2		
82.2028	1.0542	979.9	980.0	981.2		
82.2195	1.0621	979.9	980.0	981.2		
82.2362	1.0551	979.9	980.0	981.1		
82.2528	1.0626	979.9	980.0	981.2		
82.2695	1.0586	979.9	980.0	981.2		
82.2862	1.0555	979.9	980.0	981.2		
82.3028	1.0595	979.9	980.0	981.2		
82.3195	1.0604	979.9	980.0	981.2		
82.3362	1.0586	979.9	979.9	981.2		
82.3528	1.0604	979.9	980.1	981.2		
82.3695	1.0648	979.9	980.0	981.2		
82.3862	1.0595	979.9	980.0	981.2		
82.4028	1.0599	979.9	980.0	981.2		
82.4195	1.0679	980.0	980.0	981.2		
82.4362	1.0692	979.9	980.0	981.1		
82.4528	1.0582	979.9	980.0	981.1		
82.4695	1.0626	979.9	980.0	981.2		
82.4862	1.0652	980.0	980.0	981.2		
82.5028	1.0709	979.9	980.1	981.2		
82.5195	1.0683	979.9	980.0	981.2		
82.5362	1.0692	979.9	980.0	981.2		
82.5528	1.0621	979.9	980.1	981.3		
82.5695	1.0700	980.0	980.0	981.1		
82.5862	1.0595	979.9	980.0	981.2		
82.6028	1.0626	980.0	980.0	981.2		
82.6195	1.0652	980.0	980.0	981.2		
82.6362	1.0657	980.0	980.1	981.2		
82.6528	1.0740	980.1	980.0	981.2		
82.6695	1.0595	979.9	980.0	981.1		
82.6862	1.0648	980.0	980.0	981.1		
82.7028	1.0643	979.9	980.0	981.1		
82.7195	1.0626	979.9	980.0	981.2		
82.7362	1.0648	979.9	980.0	981.1		
82.7528	1.0696	980.0	980.0	981.2		
82.7695	1.0683	979.9	980.0	981.2		
82.7862	1.0657	980.0	980.1	981.1		
82.8028	1.0674	979.8	980.0	981.1		
82.8195	1.0740	980.0	980.1	981.2		
82.8362	1.0657	979.9	980.0	981.2		
82.8528	1.0802	979.9	980.0	981.2		
82.8695	1.0683	979.8	979.9	981.1		
82.8862	1.0727	979.9	980.0	981.1		
82.9028	1.0687	979.9	980.0	981.2		
82.9195	1.0744	979.9	980.0	981.2		
82.9362	1.0780	979.9	980.0	981.1		
82.9528	1.0714	979.9	980.0	981.2		
82.9695	1.0740	979.9	980.0	981.2		
82.9862	1.0661	979.9	980.0	981.2		
83.0028	1.0766	980.0	980.0	981.2		
83.0195	1.0718	979.9	979.9	981.1		
83.0362	1.0828	979.9	980.0	981.2		
83.0528	1.0775	979.9	980.0	981.1		
83.0695	1.0736	979.9	980.0	981.2		
83.0862	1.0700	979.9	980.0	981.2		
83.1028	1.0810	979.9	980.0	981.1		
83.1195	1.0780	980.0	980.0	981.2		
83.1362	1.0780	979.8	980.0	981.2		
83.1528	1.0832	980.0	980.2	981.4		
83.1695	1.0762	979.9	980.1	981.3		
83.1862	1.0784	979.9	980.1	981.3		
83.2028	1.0788	980.0	980.1	981.2		
83.2195	1.0722	979.9	980.0	981.3		
83.2362	1.0780	979.9	980.0	981.2		
83.2528	1.0815	980.0	980.0	981.2		
83.2695	1.0793	979.9	979.9	981.1		
83.2862	1.0780	979.9	980.0	981.2		
83.3028	1.0780	980.0	980.0	981.2		
83.3195	1.0758	979.9	980.0	981.1		
83.3362	1.0766	980.0	980.0	981.2		
83.3528	1.0731	980.0	980.0	981.1		
83.3695	1.0854	980.0	980.0	981.1		
83.3862	1.0758	979.9	980.0	981.1		
83.4028	1.0845	979.9	980.0	981.1		
83.4195	1.0784	979.9	980.0	981.1		
83.4362	1.0850	979.9	980.0	981.2		
83.4528	1.0832	979.9	980.1	981.3		
83.4695	1.0845	980.0	980.0	981.1		
83.4862	1.0881	979.9	980.1	981.2		
83.5028	1.0832	979.9	980.0	981.2		
83.5195	1.0828	980.0	980.0	981.1		
83.5362	1.0845	979.9	980.0	981.2		
83.5528	1.0938	980.0	980.0	981.2		
83.5695	1.0828	980.0	980.1	981.3		
83.5862	1.0881	980.0	980.0	981.3		
83.6028	1.0850	979.9	980.1	981.2		
83.6195	1.0889	980.0	980.1	981.3		
83.6362	1.0854	980.0	980.1	981.2		
83.6528	1.0907	980.0	980.1	981.3		
83.6695	1.0907	979.9	980.0	981.2		
83.6862	1.0845	979.9	980.1	981.2		
83.7028	1.0885	980.0	980.1	981.3		
83.7195	1.0920	979.9	980.0	981.2		
83.7362	1.0867	980.0	980.1	981.2		
83.7528	1.0854	979.9	980.1	981.2		
83.7695	1.0837	979.9	980.1	981.2		
83.7862	1.0898	980.0	980.0	981.2		
83.8028	1.0876	979.9	980.1	981.2		
83.8195	1.0881	979.9	980.0	981.2		
83.8362	1.0788	979.9	980.1	981.2		
83.8528	1.0916	979.9	980.0	981.3		
83.8695	1.0925	980.0	980.1	981.2		
83.8862	1.0973	979.9	980.0	981.2		
83.9028	1.0942	980.0	980.1	981.3		
83.9195	1.0925	979.9	980.0	981.2		
83.9362	1.1021	980.0	980.0	981.2		
83.9528	1.0911	979.9	980.1	981.2		
83.9695	1.0960	980.0	980.1	981.2		
83.9862	1.0925	980.0	980.1	981.2		
84.0028	1.1008	979.9	980.0	981.2		
84.0195	1.0973	979.9	980.1	981.3		
84.0362	1.0916	979.9	980.0	981.2		
84.0528	1.0929	979.9	980.1	981.2		
84.0695	1.0907	979.9	980.0	981.2		
84.0862	1.0969	980.0	980.1	981.2		
84.1028	1.0977	980.0	980.0	981.2		
84.1195	1.0969	979.9	980.0	981.2		
84.1362	1.0973	980.0	980.0	981.2		
84.1528	1.0925	980.0	980.0	981.2		
84.1695	1.1012	980.0	980.1	981.2		
84.1862	1.0955	980.0	980.0	981.2		
84.2028	1.0955	980.0	980.0	981.2		
84.2195	1.0951	980.0	980.0	981.2		
84.2362	1.0973	979.9	980.0	981.2		
84.2528	1.0973	979.9	980.0	981.2		
84.2695	1.0929	980.0	980.0	981.2		
84.2862	1.0977	980.0	980.1	981.2		
84.3028	1.1004	980.0	980.0	981.2		
84.3195	1.1043	979.9	980.0	981.2		
84.3362	1.1004	979.9	980.0	981.2		
84.3528	1.0999	979.9	980.0	981.2		
84.3695	1.0947	980.0	980.1	981.2		
84.3862	1.1026	979.9	980.0	981.2		
84.4028	1.1030	980.0	980.1	981.3		
84.4195	1.0991	980.0	980.0	981.2		
84.4362	1.1026	980.0	980.1	981.2		
84.4528	1.1109	979.9	980.0	981.2		
84.4695	1.1070	979.9	980.0	981.2		
84.4862	1.1030	979.9	980.0	981.2		
84.5028	1.1105	979.9	980.0	981.2		
84.5195	1.1048	980.0	980.1	981.2		
84.5362	1.1048	980.0	980.0	981.1		
84.5528	1.1149	979.9	980.0	981.2		
84.5695	1.1096	979.9	980.1	981.3		
84.5862	1.1039	980.0	980.0	981.2		
84.6028	1.1070	979.9	980.0	981.2		
84.6195	1.1078	980.0	980.0	981.2		
84.6362	1.1131	979.9	980.1	981.3		
84.6528	1.1114	979.9	980.1	981.2		
84.6695	1.1048	980.0	980.0	981.3		
84.6862	1.1083	979.9	980.0	981.2		
84.7028	1.1008	979.9	980.1	981.3		
84.7195	1.1166	980.0	980.0	981.2		
84.7362	1.1078	980.0	980.1	981.3		
84.7528	1.1149	980.0	980.0	981.2		
84.7695	1.1092	980.0	980.1	981.3		
84.7862	1.1065	979.9	980.0	981.2		
84.8028	1.1078	980.0	980.0	981.2		
84.8195	1.1026	980.0	980.1	981.3		
84.8362	1.1065	979.9	980.0	981.2		
84.8528	1.1144	980.0	980.1	981.2		
84.8695	1.1127	979.9	980.0	981.2		
84.8862	1.1074	980.0	980.1	981.2		
84.9028	1.1171	980.0	980.1	981.2		
84.9195	1.1153	980.0	980.0	981.2		
84.9362	1.1188	980.0	980.0	981.2		
84.9528	1.1171	979.9	980.0	981.2		
84.9695	1.1166	980.0	980.0	981.2		
84.9862	1.1157	980.0	980.0	981.2		
85.0028	1.1105	980.0	980.1	981.2		
85.0195	1.1118	979.9	980.1	981.2		
85.0362	1.1166	979.9	980.0	981.1		
85.0528	1.1078	979.9	980.0	981.2		
85.0695	1.1179	979.9	980.0	981.1		
85.0862	1.1166	980.0	980.1	981.3		
85.1028	1.1122	979.9	980.0	981.2		
85.1195	1.1144	979.9	980.1	981.2		
85.1362	1.1144	979.9	980.1	981.3		
85.1528	1.1197	980.0	980.1	981.2		
85.1695	1.1188	979.9	980.1	981.3		
85.1862	1.1184	980.0	980.0	981.2		
85.2028	1.1210	980.0	980.1	981.2		
85.2195	1.1206	980.0	980.0	981.2		
85.2362	1.1241	979.9	980.1	981.3		
85.2528	1.1166	979.9	980.0	981.2		
85.2695	1.1276	980.0	980.1	981.3		
85.2862	1.1320	979.9	980.0	981.2		
85.3028	1.1219	979.9	980.0	981.2		
85.3195	1.1206	979.9	980.1	981.2		
85.3362	1.1307	979.9	980.0	981.2		
85.3528	1.1237	979.9	980.0	981.1		
85.3695	1.1285	980.0	980.1	981.3		
85.3862	1.1272	980.0	980.0	981.2		
85.4028	1.1166	980.0	980.1	981.2		
85.4195	1.1250	979.9	980.0	981.2		
85.4362	1.1210	980.0	980.0	981.2		
85.4528	1.1197	980.2	980.1	981.3		
85.4695	1.1201	980.1	980.1	981.2		
85.4862	1.1171	980.1	980.1	981.2		
85.5028	1.1250	980.0	980.0	981.2		
85.5195	1.1250	980.0	980.1	981.2		
85.5362	1.1276	980.0	980.0	981.2		
85.5528	1.1254	980.0	980.1	981.2		
85.5695	1.1324	980.0	980.0	981.1		
85.5862	1.1241	980.0	980.1	981.2		
85.6028	1.1237	979.9	980.0	981.2		
85.6195	1.1281	979.9	980.0	981.2		
85.6362	1.1320	980.0	980.0	981.2		
85.6528	1.1289	980.0	980.1	981.2		
85.6695	1.1307	979.9	980.0	981.1		
85.6862	1.1342	980.0	980.1	981.3		
85.7028	1.1281	980.0	980.1	981.2		
85.7195	1.1307	980.0	980.0	981.3		
85.7362	1.1285	979.9	980.0	981.2		
85.7528	1.1434	980.0	980.1	981.3		
85.7695	1.1303	979.9	980.0	981.3		
85.7862	1.1329	979.9	980.0	981.2		
85.8028	1.1368	980.0	980.0	981.2		
85.8195	1.1342	980.0	980.0	981.3		
85.8362	1.1294	980.0	980.0	981.2		
85.8528	1.1408	980.0	980.1	981.2		
85.8695	1.1355	980.0	980.1	981.3		
85.8862	1.1395	979.9	980.0	981.2		
85.9028	1.1329	980.0	980.0	981.2		
85.9195	1.1324	980.0	980.1	981.3		
85.9362	1.1329	980.0	980.1	981.3		
85.9528	1.1421	979.9	980.0	981.2		
85.9695	1.1333	980.0	980.1	981.2		
85.9862	1.1373	979.9	980.0	981.2		
86.0028	1.1390	980.0	980.1	981.2		
86.0195	1.1368	979.9	980.0	981.2		
86.0362	1.1320	980.0	980.1	981.3		
86.0528	1.1421	979.9	980.0	981.2		
86.0695	1.1368	980.0	980.1	981.2		
86.0862	1.1448	980.0	980.1	981.2		
86.1028	1.1298	980.0	980.0	981.2		
86.1195	1.1303	980.0	980.1	981.3		
86.1362	1.1324	980.0	980.1	981.2		
86.1528	1.1364	980.1	980.1	981.2		
86.1695	1.1395	980.0	980.1	981.2		
86.1862	1.1382	980.1	980.1	981.2		
86.2028	1.1373	980.1	980.1	981.3		
86.2195	1.1439	980.0	980.1	981.2		
86.2362	1.1426	980.1	980.0	981.2		
86.2528	1.1399	979.9	980.1	981.2		
86.2695	1.1417	980.1	980.0	981.1		
86.2862	1.1412	980.0	980.1	981.2		
86.3028	1.1448	980.0	980.0	981.2		
86.3195	1.1399	979.9	980.0	981.1		
86.3362	1.1465	979.9	980.0	981.2		
86.3528	1.1439	979.9	980.0	981.2		
86.3695	1.1443	980.0	980.1	981.3		
86.3862	1.1527	979.9	980.0	981.2		
86.4028	1.1500	979.9	980.1	981.2		
86.4195	1.1456	980.0	980.1	981.2		
86.4362	1.1439	979.9	980.1	981.3		
86.4528	1.1491	980.1	980.2	981.3		
86.4695	1.1478	980.0	980.1	981.2		
86.4862	1.1474	980.1	980.1	981.3		
86.5028	1.1434	980.0	980.1	981.2		
86.5195	1.1483	980.0	980.1	981.3		
86.5362	1.1448	980.0	980.0	981.2		
86.5528	1.1491	980.0	980.0	981.2		
86.5695	1.1566	980.0	980.1	981.2		
86.5862	1.1474	979.9	980.0	981.2		
86.6028	1.1522	980.0	980.1	981.2		
86.6195	1.1500	980.0	980.1	981.3		
86.6362	1.1549	980.0	980.1	981.3		
86.6528	1.1527	980.0	980.1	981.2		
86.6695	1.1544	980.0	980.1	981.3		
86.6862	1.1553	980.0	980.1	981.3		
86.7028	1.1491	980.0	980.1	981.3		
86.7195	1.1518	980.0	980.1	981.3		
86.7362	1.1544	980.0	980.0	981.1		
86.7528	1.1593	980.0	980.1	981.2		
86.7695	1.1571	979.9	980.0	981.3		
86.7862	1.1575	979.9	980.0	981.2		
86.8028	1.1491	980.0	980.0	981.2		
86.8195	1.1522	980.0	980.0	981.2		
86.8362	1.1628	980.0	980.1	981.3		
86.8528	1.1522	980.0	980.1	981.3		
86.8695	1.1623	980.0	980.1	981.3		
86.8862	1.1509	980.1	980.1	981.3		
86.9028	1.1566	979.9	980.1	981.3		
86.9195	1.1562	980.0	980.1	981.3		
86.9362	1.1562	980.0	980.1	981.3		
86.9528	1.1527	980.1	980.1	981.2		
86.9695	1.1540	980.0	980.1	981.1		
86.9862	1.1571	980.1	980.1	981.2		
87.0028	1.1593	980.0	980.0	981.1		
87.0195	1.1540	980.1	980.1	981.2		
87.0362	1.1588	980.0	980.1	981.2		
87.0528	1.1575	980.1	980.0	981.2		
87.0695	1.1496	980.1	980.1	981.2		
87.0862	1.1654	980.1	980.0	981.2		
87.1028	1.1641	980.0	980.0	981.2		
87.1195	1.1562	980.0	980.1	981.2		
87.1362	1.1601	980.0	980.0	981.2		
87.1528	1.1636	980.0	980.1	981.2		
87.1695	1.1636	980.0	980.1	981.2		
87.1862	1.1606	980.0	980.1	981.2		
87.2028	1.1597	980.0	980.0	981.2		
87.2195	1.1601	980.0	980.0	981.1		
87.2362	1.1610	979.9	980.1	981.2		
87.2528	1.1667	979.9	980.0	981.1		
87.2695	1.1606	980.0	980.1	981.3		
87.2862	1.1698	980.0	980.1	981.2		
87.3028	1.1654	979.9	980.0	981.2		
87.3195	1.1615	980.0	980.0	981.1		
87.3362	1.1654	980.1	980.0	981.3		
87.3528	1.1694	980.0	980.0	981.1		
87.3695	1.1597	979.9	980.1	981.3		
87.3862	1.1658	979.9	980.0	981.3		
87.4028	1.1711	980.0	980.1	981.2		
87.4195	1.1702	979.9	980.0	981.2		
87.4362	1.1711	980.1	980.1	981.3		
87.4528	1.1685	979.9	980.1	981.3		
87.4695	1.1760	979.9	980.0	981.2		
87.4862	1.1676	980.0	980.1	981.3		
87.5028	1.1729	980.0	980.1	981.3		
87.5195	1.1716	980.0	980.1	981.2		
87.5362	1.1698	979.9	980.1	981.3		
87.5528	1.1751	980.0	980.1	981.2		
87.5695	1.1751	980.0	980.0	981.2		
87.5862	1.1689	980.0	980.1	981.2		
87.6028	1.1790	980.0	980.1	981.2		
87.6195	1.1636	980.0	980.1	981.2		
87.6362	1.1716	980.0	980.1	981.2		
87.6528	1.1760	980.0	980.1	981.3		
87.6695	1.1760	980.0	980.1	981.2		
87.6862	1.1795	979.9	980.0	981.2		
87.7028	1.1869	980.0	980.0	981.2		
87.7195	1.1760	980.0	980.1	981.3		
87.7362	1.1711	980.0	980.1	981.3		
87.7528	1.1764	980.0	980.0	981.2		
87.7695	1.1825	979.9	980.0	981.2		
87.7862	1.1755	980.0	980.1	981.3		
87.8028	1.1821	980.0	980.1	981.3		
87.8195	1.1834	980.0	980.1	981.3		
87.8362	1.1777	980.0	980.0	981.2		
87.8528	1.1786	980.0	980.1	981.2		
87.8695	1.1751	980.0	980.0	981.2		
87.8862	1.1751	979.9	980.0	981.2		
87.9028	1.1786	980.0	980.0	981.2		
87.9195	1.1751	980.0	980.0	981.2		
87.9362	1.1843	980.1	980.1	981.2		
87.9528	1.1716	980.0	980.0	981.2		
87.9695	1.1830	980.0	980.0	981.1		
87.9862	1.1711	980.1	980.1	981.2		
88.0028	1.1834	980.0	980.0	981.2		
88.0195	1.1891	980.1	980.1	981.2		
88.0362	1.1795	980.0	980.0	981.2		
88.0528	1.1843	980.0	980.1	981.2		
88.0695	1.1865	980.0	980.1	981.2		
88.0862	1.1891	980.0	980.1	981.2		
88.1028	1.1865	980.0	980.1	981.2		
88.1195	1.1940	980.1	980.1	981.2		
88.1362	1.1839	980.0	980.1	981.2		
88.1528	1.1825	980.0	980.1	981.2		
88.1695	1.1834	980.0	980.1	981.2		
88.1862	1.1909	980.0	980.0	981.2		
88.2028	1.1852	980.0	980.1	981.2		
88.2195	1.1927	980.0	980.0	981.2		
88.2362	1.1918	980.0	980.1	981.3		
88.2528	1.1900	980.0	980.1	981.3		
88.2695	1.1861	980.0	980.0	981.3		
88.2862	1.1878	980.0	980.1	981.2		
88.3028	1.1852	979.9	980.1	981.2		
88.3195	1.1913	980.0	980.1	981.3		
88.3362	1.1927	980.0	980.0	981.2		
88.3528	1.1896	980.0	980.1	981.2		
88.3695	1.1935	980.0	980.1	981.3		
88.3862	1.1861	980.0	980.1	981.2		
88.4028	1.1931	979.9	980.1	981.3		
88.4195	1.1878	980.0	980.1	981.3		
88.4362	1.1988	980.0	980.1	981.2		
88.4528	1.1891	980.1	980.2	981.3		
88.4695	1.1922	980.0	980.0	981.2		
88.4862	1.1953	980.0	980.0	981.3		
88.5028	1.1865	980.0	980.1	981.2		
88.5195	1.1953	980.0	980.0	981.2		
88.5362	1.1940	980.0	980.0	981.1		
88.5528	1.1861	980.0	980.0	981.1		
88.5695	1.1948	980.0	980.0	981.2		
88.5862	1.1905	980.0	980.0	981.2		
88.6028	1.1962	980.0	979.9	981.0		
88.6195	1.1944	980.0	980.0	981.2		
88.6362	1.2023	980.0	980.0	981.2		
88.6528	1.1975	980.0	980.1	981.2		
88.6695	1.1984	980.0	980.1	981.2		
88.6862	1.2023	979.9	980.1	981.2		
88.7028	1.2032	980.0	980.1	981.2		
88.7195	1.1975	980.0	980.0	981.2		
88.7362	1.1944	980.1	980.1	981.3		
88.7528	1.1909	980.0	980.1	981.2		
88.7695	1.1970	979.9	980.1	981.2		
88.7862	1.1984	980.0	980.1	981.2		
88.8028	1.2028	980.0	980.0	981.3		
88.8195	1.2111	980.0	980.1	981.3		
88.8362	1.1988	980.0	980.1	981.3		
88.8528	1.1997	980.1	980.1	981.3		
88.8695	1.1966	979.9	980.1	981.2		
88.8862	1.2023	980.0	980.1	981.2		
88.9028	1.2006	979.9	980.0	981.2		
88.9195	1.2045	980.0	980.1	981.3		
88.9362	1.2151	980.0	980.1	981.3		
88.9528	1.2045	980.0	980.0	981.3		
88.9695	1.2076	980.0	980.1	981.3		
88.9862	1.2041	980.0	980.0	981.3		
89.0028	1.2094	980.0	980.1	981.3		
89.0195	1.2036	979.9	980.0	981.2		
89.0362	1.2058	980.0	980.1	981.4		
89.0528	1.2085	980.0	980.0	981.3		
89.0695	1.2010	980.0	980.1	981.2		
89.0862	1.2058	980.0	980.0	981.2		
89.1028	1.1953	980.1	980.1	981.3		
89.1195	1.2080	980.0	980.0	981.2		
89.1362	1.2085	980.0	980.0	981.1		
89.1528	1.2063	980.0	980.0	981.2		
89.1695	1.2001	980.0	980.0	981.2		
89.1862	1.2036	979.9	980.0	981.1		
89.2028	1.2107	980.0	980.0	981.2		
89.2195	1.2186	980.0	980.0	981.2		
89.2362	1.2124	979.9	980.0	981.2		
89.2528	1.2137	979.8	980.0	981.2		
89.2695	1.2098	980.0	980.0	981.3		
89.2862	1.2054	979.9	980.0	981.2		
89.3028	1.2080	979.9	980.0	981.2		
89.3195	1.2225	980.0	980.0	981.2		
89.3362	1.2137	980.0	980.0	981.2		
89.3528	1.2107	979.9	980.0	981.2		
89.3695	1.2203	979.9	980.0	981.2		
89.3862	1.2089	980.0	980.0	981.2		
89.4028	1.2133	980.0	980.0	981.2		
89.4195	1.2168	979.9	980.0	981.2		
89.4362	1.2208	980.0	980.0	981.2		
89.4528	1.2124	980.0	980.0	981.2		
89.4695	1.2195	980.0	980.1	981.2		
89.4862	1.2212	980.0	980.0	981.2		
89.5028	1.2195	980.0	980.1	981.2		
89.5195	1.2129	980.0	980.0	981.2		
89.5362	1.2186	980.0	980.0	981.3		
89.5528	1.2221	980.0	980.0	981.2		
89.5695	1.2225	980.0	980.0	981.2		
89.5862	1.2212	980.0	980.0	981.2		
89.6028	1.2190	979.9	980.0	981.2		
89.6195	1.2261	979.9	980.0	981.2		
89.6362	1.2212	980.0	980.1	981.3		
89.6528	1.2173	980.0	980.1	981.2		
89.6695	1.2300	980.0	980.0	981.3		
89.6862	1.2212	980.1	980.1	981.3		
89.7028	1.2173	980.0	980.0	981.2		
89.7195	1.2203	980.0	980.1	981.2		
89.7362	1.2221	980.0	980.0	981.2		
89.7528	1.2177	980.0	980.0	981.2		
89.7695	1.2230	979.9	980.0	981.1		
89.7862	1.2151	980.0	979.9	981.2		
89.8028	1.2304	980.0	980.0	981.1		
89.8195	1.2225	980.0	980.0	981.2		
89.8362	1.2278	980.0	980.1	981.2		
89.8528	1.2230	980.0	980.1	981.1		
89.8695	1.2247	980.0	980.1	981.2		
89.8862	1.2247	980.0	980.0	981.2		
89.9028	1.2282	979.9	980.0	981.2		
89.9195	1.2296	979.9	980.0	981.1		
89.9362	1.2291	980.0	980.1	981.2		
89.9528	1.2256	979.9	980.0	981.2		
89.9695	1.2252	980.0	980.1	981.2		
89.9862	1.2282	980.0	980.0	981.2		
90.0028	1.2322	980.0	980.1	981.3		
90.0195	1.2379	980.0	980.1	981.2		
90.0362	1.2287	979.9	980.0	981.2		
90.0528	1.2304	980.0	980.1	981.2		
90.0695	1.2269	979.9	980.0	981.2		
90.0862	1.2278	980.0	980.0	981.2		
90.1028	1.2340	980.0	980.1	981.3		
90.1195	1.2278	979.9	980.0	981.2		
90.1362	1.2282	980.0	980.0	981.3		
90.1528	1.2353	980.0	980.1	981.2		
90.1695	1.2370	980.0	980.1	981.2		
90.1862	1.2366	979.9	980.0	981.2		
90.2028	1.2397	980.0	980.1	981.2		
90.2195	1.2392	980.0	980.0	981.3		
90.2362	1.2348	980.0	980.1	981.3		
90.2528	1.2392	980.0	980.1	981.2		
90.2695	1.2379	980.0	980.0	981.3		
90.2862	1.2340	980.1	980.1	981.2		
90.3028	1.2423	980.1	980.1	981.3		
90.3195	1.2353	980.0	980.1	981.2		
90.3362	1.2282	980.0	980.1	981.3		
90.3528	1.2379	980.1	980.1	981.2		
90.3695	1.2441	979.9	980.0	981.2		
90.3862	1.2291	980.1	980.1	981.2		
90.4028	1.2353	980.0	980.0	981.3		
90.4195	1.2357	980.1	980.0	981.2		
90.4362	1.2410	980.0	980.0	981.1		
90.4528	1.2370	980.0	980.0	981.2		
90.4695	1.2353	980.0	980.1	981.2		
90.4862	1.2414	980.1	980.0	981.3		
90.5028	1.2423	980.0	980.0	981.1		
90.5195	1.2375	979.9	980.1	981.2		
90.5362	1.2414	980.0	980.1	981.2		
90.5528	1.2423	980.0	980.1	981.2		
90.5695	1.2463	980.0	980.0	981.2		
90.5862	1.2419	980.0	980.1	981.2		
90.6028	1.2463	980.0	980.1	981.2		
90.6195	1.2445	980.0	980.1	981.2		
90.6362	1.2441	980.1	980.1	981.2		
90.6528	1.2498	980.0	980.1	981.3		
90.6695	1.2471	980.0	980.1	981.2		
90.6862	1.2449	980.0	980.0	981.2		
90.7028	1.2463	979.9	980.0	981.2		
90.7195	1.2471	979.9	980.0	981.2		
90.7362	1.2449	980.0	980.0	981.3		
90.7528	1.2515	980.0	980.0	981.2		
90.7695	1.2436	980.0	980.1	981.3		
90.7862	1.2441	980.0	980.0	981.2		
90.8028	1.2493	980.0	980.1	981.2		
90.8195	1.2586	980.0	980.1	981.2		
90.8362	1.2489	980.0	980.1	981.2		
90.8528	1.2489	980.0	980.0	981.2		
90.8695	1.2436	980.0	980.0	981.2		
90.8862	1.2441	980.0	980.0	981.2		
90.9028	1.2533	980.0	980.0	981.2		
90.9195	1.2529	980.0	980.1	981.3		
90.9362	1.2498	980.0	980.0	981.2		
90.9528	1.2498	980.1	980.1	981.3		
90.9695	1.2515	980.0	980.0	981.2		
90.9862	1.2480	980.0	980.0	981.2		
91.0028	1.2590	980.0	979.9	981.1		
91.0195	1.2559	979.9	980.0	981.1		
91.0362	1.2533	979.9	980.0	981.2		
91.0528	1.2551	979.9	980.0	981.2		
91.0695	1.2559	979.9	979.9	981.1		
91.0862	1.2551	979.9	980.0	981.2		
91.1028	1.2674	979.9	980.0	981.2		
91.1195	1.2616	980.0	980.0	981.2		
91.1362	1.2586	979.9	980.0	981.2		
91.1528	1.2630	980.0	980.0	981.2		
91.1695	1.2555	979.9	980.0	981.2		
91.1862	1.2625	979.9	980.0	981.2		
91.2028	1.2616	980.0	980.0	981.2		
91.2195	1.2555	979.9	980.0	981.2		
91.2362	1.2573	979.9	980.0	981.2		
91.2528	1.2555	980.0	980.1	981.2		
91.2695	1.2608	979.9	980.0	981.2		
91.2862	1.2590	980.0	980.0	981.2		
91.3028	1.2669	980.0	980.1	981.2		
91.3195	1.2678	980.0	980.0	981.2		
91.3362	1.2643	980.0	980.0	981.2		
91.3528	1.2594	980.0	980.0	981.2		
91.3695	1.2568	980.0	980.1	981.2		
91.3862	1.2625	980.0	980.0	981.2		
91.4028	1.2608	980.0	980.0	981.2		
91.4195	1.2638	980.0	980.0	981.2		
91.4362	1.2542	980.0	980.0	981.2		
91.4528	1.2581	980.0	980.0	981.2		
91.4695	1.2722	980.0	980.0	981.2		
91.4862	1.2687	980.0	980.1	981.2		
91.5028	1.2625	980.0	980.0	981.2		
91.5195	1.2630	980.0	980.0	981.2		
91.5362	1.2612	980.0	980.0	981.2		
91.5528	1.2696	980.1	980.0	981.2		
91.5695	1.2682	980.0	980.1	981.3		
91.5862	1.2665	980.0	980.0	981.1		
91.6028	1.2634	979.9	979.9	981.1		
91.6195	1.2674	980.0	980.0	981.2		
91.6362	1.2722	980.0	980.0	981.1		
91.6528	1.2660	980.0	980.0	981.2		
91.6695	1.2634	980.0	980.0	981.2		
91.6862	1.2731	980.0	980.0	981.2		
91.7028	1.2731	980.0	980.0	981.2		
91.7195	1.2731	979.9	980.0	981.2		
91.7362	1.2704	980.0	980.0	981.2		
91.7528	1.2674	979.9	980.0	981.2		
91.7695	1.2691	980.0	980.0	981.2		
91.7862	1.2735	979.9	980.0	981.2		
91.8028	1.2726	979.9	980.0	981.2		
91.8195	1.2805	979.9	980.0	981.2		
91.8362	1.2709	980.0	980.1	981.2		
91.8528	1.2748	980.0	980.1	981.3		
91.8695	1.2713	980.1	980.1	981.3		
91.8862	1.2674	980.1	980.1	981.3		
91.9028	1.2783	980.0	980.0	981.2		
91.9195	1.2783	980.0	980.1	981.3		
91.9362	1.2713	979.9	980.0	981.1		
91.9528	1.2713	980.0	980.0	981.2		
91.9695	1.2827	980.0	980.0	981.2		
91.9862	1.2779	980.0	980.0	981.3		
92.0028	1.2770	980.0	980.0	981.2		
92.0195	1.2770	980.0	980.0	981.2		
92.0362	1.2775	980.0	980.0	981.1		
92.0528	1.2810	979.9	980.0	981.1		
92.0695	1.2832	980.0	980.0	981.2		
92.0862	1.2814	979.9	980.0	981.2		
92.1028	1.2748	980.0	980.0	981.2		
92.1195	1.2863	979.9	980.0	981.2		
92.1362	1.2779	979.9	980.0	981.1		
92.1528	1.2801	980.0	980.0	981.2		
92.1695	1.2832	979.9	980.0	981.2		
92.1862	1.2792	980.0	980.0	981.2		
92.2028	1.2854	979.9	980.0	981.2		
92.2195	1.2863	979.9	980.0	981.2		
92.2362	1.2823	979.8	980.0	981.2		
92.2528	1.2889	979.9	980.0	981.2		
92.2695	1.2845	980.0	980.0	981.2		
92.2862	1.2832	979.9	979.9	981.2		
92.3028	1.2898	980.0	980.0	981.3		
92.3195	1.2819	979.9	980.0	981.2		
92.3362	1.2920	979.9	980.0	981.2		
92.3528	1.2915	980.0	980.0	981.1		
92.3695	1.2788	980.1	980.1	981.2		
92.3862	1.2836	980.0	980.0	981.3		
92.4028	1.2849	980.0	980.0	981.2		
92.4195	1.2871	980.0	980.0	981.2		
92.4362	1.2871	980.0	980.0	981.3		
92.4528	1.2893	980.1	980.1	981.3		
92.4695	1.2889	980.0	980.0	981.2		
92.4862	1.2906	980.1	980.1	981.2		
92.5028	1.2928	980.1	980.1	981.3		
92.5195	1.2885	980.0	980.0	981.2		
92.5362	1.2867	980.0	980.0	981.2		
92.5528	1.2946	980.0	980.1	981.3		
92.5695	1.2867	980.0	980.0	981.2		
92.5862	1.2915	979.9	980.0	981.2		
92.6028	1.2946	980.0	980.1	981.2		
92.6195	1.2959	980.0	980.0	981.2		
92.6362	1.2942	980.0	980.1	981.3		
92.6528	1.3021	980.0	980.1	981.2		
92.6695	1.2972	980.0	980.1	981.3		
92.6862	1.3012	980.0	980.1	981.3		
92.7028	1.2946	980.0	980.1	981.3		
92.7195	1.2942	979.9	980.0	981.2		
92.7362	1.2999	980.0	980.0	981.3		
92.7528	1.3012	980.0	980.1	981.2		
92.7695	1.3030	979.9	980.0	981.2		
92.7862	1.2942	980.0	980.1	981.2		
92.8028	1.2981	979.9	980.0	981.2		
92.8195	1.3060	979.9	980.0	981.3		
92.8362	1.2972	980.0	980.0	981.2		
92.8528	1.3060	980.0	980.0	981.2		
92.8695	1.2955	980.1	980.1	981.2		
92.8862	1.3047	980.1	980.0	981.2		
92.9028	1.2986	980.0	980.0	981.2		
92.9195	1.3047	980.1	980.1	981.3		
92.9362	1.2946	980.0	980.0	981.2		
92.9528	1.2999	979.9	980.0	981.2		
92.9695	1.2972	980.0	980.0	981.1		
92.9862	1.3003	980.0	980.0	981.3		
93.0028	1.3073	980.0	980.0	981.2		
93.0195	1.3025	980.0	980.0	981.1		
93.0362	1.3025	980.0	980.0	981.2		
93.0528	1.3056	980.0	980.0	981.2		
93.0695	1.3038	980.0	980.0	981.3		
93.0862	1.3087	979.9	980.0	981.2		
93.1028	1.3078	980.0	980.0	981.2		
93.1195	1.3082	980.0	980.0	981.2		
93.1362	1.3034	980.0	980.0	981.2		
93.1528	1.3082	980.0	980.0	981.2		
93.1695	1.3100	979.9	980.0	981.2		
93.1862	1.3104	980.0	980.1	981.3		
93.2028	1.3087	980.0	980.1	981.3		
93.2195	1.3082	980.0	980.0	981.2		
93.2362	1.3157	980.0	980.1	981.3		
93.2528	1.3087	980.0	980.1	981.3		
93.2695	1.3148	980.0	980.0	981.2		
93.2862	1.3030	979.9	980.0	981.2		
93.3028	1.3166	980.1	980.1	981.3		
93.3195	1.3091	980.0	980.0	981.2		
93.3362	1.3148	980.0	980.0	981.2		
93.3528	1.3100	980.0	980.0	981.2		
93.3695	1.3087	979.9	980.0	981.2		
93.3862	1.3038	980.0	980.0	981.2		
93.4028	1.3175	980.0	980.0	981.2		
93.4195	1.3144	980.0	980.1	981.2		
93.4362	1.3135	980.0	979.9	981.1		
93.4528	1.3139	980.0	980.0	981.2		
93.4695	1.3166	980.0	980.0	981.2		
93.4862	1.3126	980.0	980.0	981.2		
93.5028	1.3104	980.0	980.0	981.2		
93.5195	1.3166	979.9	980.0	981.2		
93.5362	1.3227	980.0	980.0	981.2		
93.5528	1.3148	979.9	980.0	981.2		
93.5695	1.3205	979.9	980.1	981.3		
93.5862	1.3170	980.1	980.0	981.2		
93.6028	1.3183	980.0	980.1	981.3		
93.6195	1.3223	980.0	980.1	981.3		
93.6362	1.3188	980.0	980.1	981.3		
93.6528	1.3170	979.9	980.1	981.2		
93.6695	1.3218	980.0	980.0	981.2		
93.6862	1.3254	980.0	980.1	981.2		
93.7028	1.3175	980.0	980.1	981.3		
93.7195	1.3161	979.9	980.0	981.2		
93.7362	1.3175	980.0	980.0	981.2		
93.7528	1.3201	980.1	980.0	981.2		
93.7695	1.3175	980.0	980.0	981.3		
93.7862	1.3188	980.1	980.0	981.2		
93.8028	1.3218	980.0	980.0	981.2		
93.8195	1.3249	980.1	980.0	981.3		
93.8362	1.3192	980.0	980.1	981.3		
93.8528	1.3258	980.0	980.1	981.3		
93.8695	1.3236	980.0	980.0	981.2		
93.8862	1.3254	980.0	980.1	981.3		
93.9028	1.3276	980.0	980.0	981.1		
93.9195	1.3254	980.0	980.0	981.2		
93.9362	1.3284	980.0	980.1	981.2		
93.9528	1.3245	980.0	980.0	981.2		
93.9695	1.3302	980.0	980.1	981.2		
93.9862	1.3236	979.9	980.0	981.2		
94.0028	1.3236	979.9	980.0	981.2		
94.0195	1.3293	980.1	980.1	981.3		
94.0362	1.3337	980.0	980.1	981.3		
94.0528	1.3412	980.0	980.0	981.3		
94.0695	1.3315	979.9	980.0	981.2		
94.0862	1.3333	980.0	980.0	981.2		
94.1028	1.3385	980.0	980.1	981.3		
94.1195	1.3236	980.0	980.1	981.3		
94.1362	1.3302	980.0	980.0	981.2		
94.1528	1.3350	980.1	980.1	981.4		
94.1695	1.3333	980.0	980.0	981.3		
94.1862	1.3298	980.0	980.0	981.2		
94.2028	1.3306	980.0	980.1	981.2		
94.2195	1.3385	980.0	980.0	981.2		
94.2362	1.3372	980.0	980.1	981.3		
94.2528	1.3364	980.0	980.1	981.2		
94.2695	1.3377	980.1	980.1	981.3		
94.2862	1.3342	980.1	980.0	981.2		
94.3028	1.3364	980.1	980.1	981.3		
94.3195	1.3311	980.1	980.0	981.2		
94.3362	1.3359	980.1	980.1	981.3		
94.3528	1.3364	980.0	980.0	981.2		
94.3695	1.3368	980.0	980.0	981.2		
94.3862	1.3469	979.9	980.0	981.2		
94.4028	1.3451	980.0	980.0	981.2		
94.4195	1.3403	980.0	980.0	981.2		
94.4362	1.3460	980.0	980.0	981.2		
94.4528	1.3460	980.0	980.0	981.2		
94.4695	1.3438	980.0	980.0	981.3		
94.4862	1.3421	980.0	980.0	981.2		
94.5028	1.3429	980.0	980.1	981.3		
94.5195	1.3447	979.9	980.0	981.2		
94.5362	1.3469	980.0	980.0	981.3		
94.5528	1.3425	980.0	980.1	981.3		
94.5695	1.3394	980.1	980.1	981.3		
94.5862	1.3509	980.0	980.1	981.3		
94.6028	1.3469	980.0	980.1	981.2		
94.6195	1.3561	980.0	980.0	981.3		
94.6362	1.3447	980.0	980.0	981.2		
94.6528	1.3517	980.1	980.0	981.2		
94.6695	1.3407	980.1	980.1	981.2		
94.6862	1.3491	980.1	980.0	981.2		
94.7028	1.3495	980.0	980.0	981.2		
94.7195	1.3482	980.0	980.0	981.2		
94.7362	1.3456	980.0	980.0	981.2		
94.7528	1.3513	980.0	980.0	981.3		
94.7695	1.3513	980.0	980.0	981.2		
94.7862	1.3548	980.0	980.1	981.3		
94.8028	1.3517	980.1	980.0	981.3		
94.8195	1.3535	980.0	980.0	981.1		
94.8362	1.3522	980.0	980.0	981.2		
94.8528	1.3517	980.0	980.0	981.2		
94.8695	1.3491	980.0	980.0	981.2		
94.8862	1.3504	980.0	980.1	981.3		
94.9028	1.3513	980.0	980.1	981.3		
94.9195	1.3574	980.0	980.1	981.3		
94.9362	1.3561	980.0	980.0	981.2		
94.9528	1.3557	980.0	980.0	981.3		
94.9695	1.3566	979.9	979.9	981.1		
94.9862	1.3557	980.0	980.0	981.2		
95.0028	1.3662	979.9	980.0	981.2		
95.0195	1.3579	980.0	980.1	981.3		
95.0362	1.3552	980.0	980.1	981.3		
95.0528	1.3579	980.0	980.0	981.2		
95.0695	1.3583	980.1	980.0	981.2		
95.0862	1.3610	980.0	980.0	981.2		
95.1028	1.3579	980.1	980.0	981.2		
95.1195	1.3579	980.0	980.0	981.3		
95.1362	1.3605	980.0	980.0	981.2		
95.1528	1.3596	980.1	980.1	981.3		
95.1695	1.3640	980.0	980.0	981.3		
95.1862	1.3618	980.1	980.1	981.3		
95.2028	1.3570	980.0	980.0	981.2		
95.2195	1.3632	980.0	980.1	981.2		
95.2362	1.3654	980.0	980.0	981.2		
95.2528	1.3632	980.0	980.1	981.2		
95.2695	1.3737	980.0	980.1	981.2		
95.2862	1.3640	980.0	980.0	981.2		
95.3028	1.3667	980.1	980.1	981.3		
95.3195	1.3605	979.9	980.0	981.3		
95.3362	1.3680	980.0	980.0	981.2		
95.3528	1.3649	980.0	980.0	981.3		
95.3695	1.3689	980.1	980.1	981.2		
95.3862	1.3706	980.0	980.0	981.2		
95.4028	1.3693	980.1	980.1	981.3		
95.4195	1.3680	980.0	980.0	981.2		
95.4362	1.3676	980.0	980.0	981.3		
95.4528	1.3759	980.0	980.0	981.2		
95.4695	1.3693	980.0	980.0	981.2		
95.4862	1.3781	980.0	980.0	981.2		
95.5028	1.3697	980.0	980.0	981.2		
95.5195	1.3684	980.0	980.1	981.3		
95.5362	1.3706	980.1	980.1	981.3		
95.5528	1.3715	980.1	980.1	981.2		
95.5695	1.3645	980.0	980.1	981.2		
95.5862	1.3676	980.0	980.1	981.3		
95.6028	1.3724	980.1	980.1	981.3		
95.6195	1.3728	980.0	980.1	981.3		
95.6362	1.3746	980.0	980.0	981.3		
95.6528	1.3733	980.0	980.0	981.2		
95.6695	1.3834	980.0	980.1	981.3		
95.6862	1.3719	980.0	980.1	981.2		
95.7028	1.3763	980.0	980.1	981.2		
95.7195	1.3755	980.1	980.1	981.3		
95.7362	1.3746	980.1	980.0	981.3		
95.7528	1.3803	980.0	980.1	981.2		
95.7695	1.3746	979.9	980.0	981.2		
95.7862	1.3790	980.0	980.0	981.2		
95.8028	1.3777	980.0	980.1	981.3		
95.8195	1.3746	980.0	980.1	981.3		
95.8362	1.3856	979.9	980.0	981.3		
95.8528	1.3803	979.9	980.1	981.3		
95.8695	1.3851	980.0	980.1	981.2		
95.8862	1.3785	980.1	980.1	981.3		
95.9028	1.3864	980.0	980.1	981.3		
95.9195	1.3772	980.0	980.1	981.2		
95.9362	1.3750	980.0	980.1	981.2		
95.9528	1.3860	980.1	980.1	981.3		
95.9695	1.3860	980.0	980.1	981.3		
95.9862	1.3838	980.0	980.0	981.3		
96.0028	1.3873	980.1	980.1	981.3		
96.0195	1.3864	980.1	980.0	981.3		
96.0362	1.3799	980.0	980.1	981.3		
96.0528	1.3838	980.0	980.0	981.3		
96.0695	1.3882	980.0	980.0	981.2		
96.0862	1.3851	980.1	980.0	981.3		
96.1028	1.3882	980.1	980.0	981.2		
96.1195	1.3900	980.1	980.1	981.3		
96.1362	1.3838	980.0	980.0	981.2		
96.1528	1.3864	980.0	980.1	981.2		
96.1695	1.3856	980.0	980.1	981.3		
96.1862	1.3913	980.0	980.1	981.3		
96.2028	1.3895	980.0	980.0	981.3		
96.2195	1.3825	980.0	980.1	981.3		
96.2362	1.3961	980.0	980.1	981.3		
96.2528	1.3926	980.0	980.1	981.3		
96.2695	1.3922	980.1	980.1	981.3		
96.2862	1.3939	980.0	980.0	981.2		
96.3028	1.3913	980.0	980.1	981.3		
96.3195	1.3821	980.0	980.0	981.3		
96.3362	1.3957	980.0	980.1	981.2		
96.3528	1.3957	980.1	980.1	981.3		
96.3695	1.3983	980.0	980.0	981.3		
96.3862	1.4009	980.0	980.0	981.3		
96.4028	1.3895	980.0	980.0	981.3		
96.4195	1.3904	980.0	980.0	981.2		
96.4362	1.3917	980.0	980.0	981.3		
96.4528	1.3851	980.1	980.1	981.3		
96.4695	1.3979	980.1	980.1	981.2		
96.4862	1.3886	980.1	980.1	981.3		
96.5028	1.3996	980.0	980.0	981.2		
96.5195	1.3983	980.0	980.0	981.2		
96.5362	1.3961	980.0	980.0	981.2		
96.5528	1.3996	979.9	980.0	981.2		
96.5695	1.4001	979.9	980.0	981.2		
96.5862	1.3988	979.9	980.0	981.2		
96.6028	1.3961	980.0	980.0	981.3		
96.6195	1.4080	980.0	980.1	981.3		
96.6362	1.4062	980.0	980.0	981.3		
96.6528	1.4075	980.0	980.1	981.3		
96.6695	1.4058	980.0	980.0	981.3		
96.6862	1.3983	980.0	980.1	981.3		
96.7028	1.4027	980.0	980.0	981.2		
96.7195	1.4045	980.0	980.1	981.3		
96.7362	1.4058	980.0	980.1	981.3		
96.7528	1.4089	980.1	980.1	981.4		
96.7695	1.4014	980.0	980.1	981.2		
96.7862	1.4146	980.1	980.1	981.3		
96.8028	1.4058	980.0	980.0	981.2		
96.8195	1.4014	980.1	980.0	981.3		
96.8362	1.4031	980.1	980.1	981.3		
96.8528	1.4062	980.1	980.1	981.3		
96.8695	1.4115	980.0	980.1	981.3		
96.8862	1.4084	980.0	980.0	981.2		
96.9028	1.4053	980.0	980.0	981.3		
96.9195	1.4106	980.0	980.0	981.2		
96.9362	1.4075	980.1	980.1	981.2		
96.9528	1.4071	980.0	980.1	981.2		
96.9695	1.4067	980.0	980.0	981.2		
96.9862	1.4155	979.9	980.1	981.2		
97.0028	1.4146	980.0	980.1	981.3		
97.0195	1.4137	980.0	980.0	981.3		
97.0362	1.4115	980.0	980.0	981.2		
97.0528	1.4106	980.0	980.0	981.3		
97.0695	1.4115	980.0	980.0	981.2		
97.0862	1.4163	980.1	980.0	981.2		
97.1028	1.4071	980.0	980.1	981.3		
97.1195	1.4124	980.1	980.1	981.2		
97.1362	1.4159	980.0	980.0	981.2		
97.1528	1.4168	979.9	980.0	981.2		
97.1695	1.4089	980.0	980.1	981.3		
97.1862	1.4133	979.9	980.0	981.2		
97.2028	1.4168	980.0	980.1	981.3		
97.2195	1.4133	980.0	980.0	981.2		
97.2362	1.4119	980.0	980.0	981.3		
97.2528	1.4190	980.1	980.1	981.3		
97.2695	1.4181	980.1	980.1	981.3		
97.2862	1.4133	980.0	980.0	981.2		
97.3028	1.4216	980.1	980.1	981.3		
97.3195	1.4229	980.1	980.0	981.2		
97.3362	1.4181	980.1	980.0	981.2		
97.3528	1.4234	980.0	980.1	981.2		
97.3695	1.4220	980.0	980.0	981.2		
97.3862	1.4242	980.0	980.0	981.2		
97.4028	1.4198	980.0	980.0	981.2		
97.4195	1.4251	980.0	980.0	981.1		
97.4362	1.4225	980.0	980.0	981.2		
97.4528	1.4247	980.0	980.0	981.2		
97.4695	1.4300	980.1	980.1	981.3		
97.4862	1.4273	980.0	980.0	981.2		
97.5028	1.4247	980.0	980.1	981.3		
97.5195	1.4260	980.0	980.0	981.2		
97.5362	1.4256	980.0	980.1	981.2		
97.5528	1.4264	980.0	980.1	981.2		
97.5695	1.4273	980.0	980.0	981.3		
97.5862	1.4300	980.0	980.1	981.3		
97.6028	1.4260	980.0	980.0	981.3		
97.6195	1.4357	980.0	980.1	981.3		
97.6362	1.4300	980.0	980.0	981.2		
97.6528	1.4264	980.0	980.0	981.2		
97.6695	1.4185	980.1	980.1	981.2		
97.6862	1.4339	980.1	980.1	981.3		
97.7028	1.4256	980.0	980.0	981.2		
97.7195	1.4326	980.1	980.1	981.3		
97.7362	1.4308	980.1	980.0	981.2		
97.7528	1.4409	980.1	980.1	981.3		
97.7695	1.4348	980.0	980.0	981.3		
97.7862	1.4321	980.0	980.0	981.2		
97.8028	1.4370	980.1	980.0	981.3		
97.8195	1.4383	980.0	980.0	981.3		
97.8362	1.4365	980.0	980.1	981.3		
97.8528	1.4339	979.9	980.0	981.3		
97.8695	1.4418	980.0	980.0	981.2		
97.8862	1.4313	979.9	980.0	981.2		
97.9028	1.4392	980.1	980.1	981.3		
97.9195	1.4471	980.1	980.1	981.3		
97.9362	1.4436	980.0	980.0	981.3		
97.9528	1.4365	980.1	980.1	981.2		
97.9695	1.4387	979.9	980.0	981.2		
97.9862	1.4401	980.1	980.1	981.2		
98.0028	1.4414	980.0	980.0	981.3		
98.0195	1.4462	980.0	980.0	981.3		
98.0362	1.4396	980.0	980.1	981.3		
98.0528	1.4484	980.0	980.0	981.2		
98.0695	1.4361	980.0	980.1	981.3		
98.0862	1.4480	980.0	980.0	981.3		
98.1028	1.4379	980.1	980.1	981.4		
98.1195	1.4383	980.0	980.0	981.2		
98.1362	1.4458	980.0	980.0	981.2		
98.1528	1.4445	980.0	980.1	981.3		
98.1695	1.4497	980.1	980.0	981.3		
98.1862	1.4480	980.0	980.0	981.2		
98.2028	1.4423	980.0	980.0	981.2		
98.2195	1.4462	980.0	980.0	981.2		
98.2362	1.4488	980.0	980.0	981.2		
98.2528	1.4462	980.0	980.0	981.3		
98.2695	1.4497	980.0	980.0	981.2		
98.2862	1.4528	980.0	980.0	981.3		
98.3028	1.4537	980.0	980.0	981.2		
98.3195	1.4418	980.0	980.1	981.3		
98.3362	1.4528	980.0	980.1	981.3		
98.3528	1.4488	979.9	980.0	981.2		
98.3695	1.4515	980.0	980.0	981.3		
98.3862	1.4506	980.0	980.0	981.3		
98.4028	1.4453	980.0	980.0	981.2		
98.4195	1.4475	980.1	980.1	981.3		
98.4362	1.4506	980.0	980.1	981.3		
98.4528	1.4524	980.0	980.1	981.3		
98.4695	1.4519	980.0	980.1	981.3		
98.4862	1.4559	980.1	980.1	981.3		
98.5028	1.4484	980.1	980.0	981.2		
98.5195	1.4528	980.0	980.1	981.3		
98.5362	1.4563	980.0	980.0	981.2		
98.5528	1.4519	980.0	980.0	981.2		
98.5695	1.4546	980.1	980.1	981.3		
98.5862	1.4638	980.0	980.0	981.2		
98.6028	1.4546	980.0	980.0	981.2		
98.6195	1.4576	980.0	980.0	981.2		
98.6362	1.4559	980.0	980.0	981.2		
98.6528	1.4581	980.0	980.0	981.2		
98.6695	1.4603	980.0	980.0	981.3		
98.6862	1.4532	980.0	980.0	981.3		
98.7028	1.4572	980.0	980.0	981.2		
98.7195	1.4620	980.0	980.1	981.3		
98.7362	1.4664	980.0	980.0	981.2		
98.7528	1.4699	980.0	980.1	981.3		
98.7695	1.4581	980.0	980.1	981.3		
98.7862	1.4594	980.1	980.1	981.2		
98.8028	1.4616	980.0	980.1	981.3		
98.8195	1.4642	980.1	980.1	981.3		
98.8362	1.4638	980.0	980.0	981.3		
98.8528	1.4691	980.0	980.0	981.2		
98.8695	1.4691	980.0	980.0	981.3		
98.8862	1.4695	980.0	980.1	981.3		
98.9028	1.4638	980.0	980.0	981.2		
98.9195	1.4629	980.0	980.1	981.3		
98.9362	1.4735	980.0	980.0	981.3		
98.9528	1.4651	980.0	980.1	981.3		
98.9695	1.4699	980.0	980.0	981.3		
98.9862	1.4686	980.0	980.0	981.3		
99.0028	1.4699	980.0	980.0	981.2		
99.0195	1.4686	980.0	980.0	981.2		
99.0362	1.4735	980.0	980.0	981.3		
99.0528	1.4677	980.0	980.0	981.2		
99.0695	1.4743	980.1	980.1	981.3		
99.0862	1.4660	980.1	980.1	981.3		
99.1028	1.4673	980.1	980.2	981.3		
99.1195	1.4704	980.0	980.0	981.2		
99.1362	1.4695	980.1	980.1	981.2		
99.1528	1.4757	979.9	980.0	981.3		
99.1695	1.4739	980.1	980.0	981.2		
99.1862	1.4787	979.9	980.0	981.2		
99.2028	1.4787	980.0	980.1	981.2		
99.2195	1.4792	979.9	980.0	981.3		
99.2362	1.4660	980.0	980.1	981.2		
99.2528	1.4800	980.0	980.0	981.3		
99.2695	1.4748	980.0	980.1	981.3		
99.2862	1.4748	979.9	980.0	981.2		
99.3028	1.4779	980.0	980.0	981.3		
99.3195	1.4809	980.0	980.0	981.2		
99.3362	1.4730	980.0	980.0	981.2		
99.3528	1.4822	980.0	980.1	981.3		
99.3695	1.4827	980.0	980.0	981.3		
99.3862	1.4761	980.0	980.0	981.3		
99.4028	1.4779	980.1	980.1	981.3		
99.4195	1.4805	980.0	980.1	981.3		
99.4362	1.4862	980.0	980.0	981.3		
99.4528	1.4809	980.1	980.0	981.2		
99.4695	1.4792	980.0	980.1	981.3		
99.4862	1.4871	980.1	980.0	981.3		
99.5028	1.4871	980.1	980.1	981.3		
99.5195	1.4831	980.0	980.0	981.2		
99.5362	1.4787	980.1	980.0	981.3		
99.5528	1.4880	980.0	980.1	981.3		
99.5695	1.4880	980.1	980.2	981.4		
99.5862	1.4796	980.1	980.1	981.2		
99.6028	1.4849	980.0	980.0	981.3		
99.6195	1.4880	980.1	980.1	981.3		
99.6362	1.4880	980.0	980.1	981.3		
99.6528	1.4928	980.0	980.0	981.3		
99.6695	1.4950	980.1	980.0	981.2		
99.6862	1.4932	979.9	980.0	981.2		
99.7028	1.4827	980.0	980.0	981.2		
99.7195	1.4946	979.9	980.0	981.2		
99.7362	1.4844	980.0	980.0	981.3		
99.7528	1.4950	980.0	980.0	981.2		
99.7695	1.4866	979.9	980.0	981.2		
99.7862	1.4985	980.0	980.0	981.3		
99.8028	1.4972	980.0	980.0	981.2		
99.8195	1.4875	980.0	980.1	981.3		
99.8362	1.4915	980.1	980.0	981.2		
99.8528	1.4932	980.0	980.0	981.3		
99.8695	1.4959	980.1	980.1	981.3		
99.8862	1.4967	980.1	980.1	981.3		
99.9028	1.4946	980.0	980.0	981.3		
99.9195	1.4897	980.0	980.0	981.3		
99.9362	1.4967	980.0	980.0	981.2		
99.9528	1.4880	980.1	980.1	981.3		
99.9695	1.4954	980.1	980.0	981.2		
99.9862	1.4954	980.0	980.1	981.2		
100.0028	1.4976	980.1	980.1	981.2		
100.0195	1.4954	980.1	980.0	981.2		
100.0362	1.4954	980.0	980.1	981.3		
100.0528	1.5007	980.0	980.0	981.2		
100.0695	1.4972	980.0	980.1	981.3		
100.0862	1.5099	980.0	980.1	981.2		
100.1028	1.4963	980.0	980.0	981.2		
100.1195	1.5029	980.1	980.0	981.3		
100.1362	1.5060	979.9	980.0	981.3		
100.1528	1.4976	980.1	980.1	981.2		
100.1695	1.5029	980.0	980.0	981.3		
100.1862	1.5060	980.0	980.0	981.3		
100.2028	1.5033	980.1	980.0	981.4		
100.2195	1.5104	980.0	980.0	981.3		
100.2362	1.5086	980.1	980.1	981.3		
100.2528	1.5007	980.0	980.1	981.2		
100.2695	1.5086	980.0	980.1	981.3		
100.2862	1.5082	980.0	980.1	981.3		
100.3028	1.5126	980.0	980.0	981.3		
100.3195	1.5038	980.0	980.1	981.3		
100.3362	1.5152	980.0	980.0	981.3		
100.3528	1.5104	980.1	980.1	981.3		
100.3695	1.5055	980.1	980.0	981.2		
100.3862	1.5082	980.1	980.1	981.3		
100.4028	1.5073	980.1	980.1	981.3		
100.4195	1.5117	980.1	980.1	981.3		
100.4362	1.5077	980.1	980.1	981.3		
100.4528	1.5060	980.1	980.1	981.3		
100.4695	1.5086	980.2	980.1	981.3		
100.4862	1.5077	980.0	980.0	981.1		
100.5028	1.5117	979.9	980.1	981.2		
100.5195	1.5134	980.1	980.0	981.2		
100.5362	1.5148	979.9	980.0	981.3		
100.5528	1.5192	980.0	980.0	981.2		
100.5695	1.5091	980.1	980.1	981.2		
100.5862	1.5178	980.0	980.1	981.2		
100.6028	1.5192	980.1	980.1	981.3		
100.6195	1.5130	980.0	980.0	981.3		
100.6362	1.5178	980.0	980.0	981.3		
100.6528	1.5218	980.1	980.0	981.2		
100.6695	1.5231	980.0	980.0	981.3		
100.6862	1.5240	980.1	980.1	981.3		
100.7028	1.5236	980.0	980.1	981.3		
100.7195	1.5187	980.1	980.1	981.3		
100.7362	1.5262	980.0	980.1	981.3		
100.7528	1.5262	980.0	980.1	981.3		
100.7695	1.5323	980.0	980.1	981.3		
100.7862	1.5236	980.0	980.1	981.3		
100.8028	1.5240	980.1	980.0	981.3		
100.8195	1.5271	980.1	980.1	981.3		
100.8362	1.5279	980.0	980.0	981.2		
100.8528	1.5240	980.0	980.1	981.3		
100.8695	1.5192	980.1	980.0	981.2		
100.8862	1.5236	980.1	980.1	981.2		
100.9028	1.5249	980.0	980.0	981.3		
100.9195	1.5284	980.0	980.0	981.2		
100.9362	1.5297	980.0	980.1	981.3		
100.9528	1.5258	980.0	980.0	981.2		
100.9695	1.5253	979.9	980.0	981.2		
100.9862	1.5306	980.0	980.0	981.2		
101.0028	1.5359	980.0	980.1	981.3		
101.0195	1.5279	980.1	980.0	981.2		
101.0362	1.5275	980.0	980.0	981.2		
101.0528	1.5323	980.1	980.0	981.3		
101.0695	1.5275	980.0	980.0	981.3		
101.0862	1.5420	980.0	980.0	981.3		
101.1028	1.5407	980.0	980.0	981.2		
101.1195	1.5301	980.0	980.0	981.3		
101.1362	1.5284	980.1	980.0	981.2		
101.1528	1.5372	980.0	980.1	981.3		
101.1695	1.5381	980.1	980.1	981.4		
101.1862	1.5363	980.1	980.1	981.3		
101.2028	1.5350	980.0	980.1	981.3		
101.2195	1.5341	980.0	980.0	981.3		
101.2362	1.5350	980.0	980.0	981.2		
101.2528	1.5455	980.0	980.0	981.3		
101.2695	1.5394	980.0	980.0	981.3		
101.2862	1.5411	980.0	980.0	981.2		
101.3028	1.5381	980.0	980.1	981.3		
101.3195	1.5381	980.1	980.1	981.3		
101.3362	1.5411	980.1	980.1	981.3		
101.3528	1.5359	980.0	980.0	981.2		
101.3695	1.5398	980.0	980.1	981.2		
101.3862	1.5403	980.0	980.1	981.3		
101.4028	1.5429	980.0	980.0	981.2		
101.4195	1.5420	980.1	980.0	981.3		
101.4362	1.5411	980.0	980.0	981.1		
101.4528	1.5425	980.1	980.1	981.3		
101.4695	1.5451	980.0	980.1	981.2		
101.4862	1.5416	980.0	980.1	981.3		
101.5028	1.5398	980.0	980.1	981.2		
101.5195	1.5482	980.0	980.1	981.3		
101.5362	1.5490	979.9	980.0	981.2		
101.5528	1.5499	980.0	980.0	981.3		
101.5695	1.5499	980.0	980.0	981.2		
101.5862	1.5464	980.0	980.0	981.3		
101.6028	1.5482	979.9	980.0	981.3		
101.6195	1.5495	980.1	980.1	981.3		
101.6362	1.5482	979.9	980.0	981.2		
101.6528	1.5504	980.1	980.1	981.3		
101.6695	1.5482	980.1	980.1	981.3		
101.6862	1.5499	980.1	980.1	981.3		
101.7028	1.5504	980.1	980.0	981.3		
101.7195	1.5420	980.0	980.0	981.3		
101.7362	1.5495	980.0	980.0	981.3		
101.7528	1.5578	980.1	980.0	981.3		
101.7695	1.5530	980.0	980.0	981.3		
101.7862	1.5517	980.1	980.1	981.3		
101.8028	1.5438	980.0	980.0	981.3		
101.8195	1.5574	980.0	980.0	981.2		
101.8362	1.5517	980.1	980.0	981.2		
101.8528	1.5627	980.1	980.0	981.2		
101.8695	1.5591	980.1	980.0	981.2		
101.8862	1.5561	979.9	980.0	981.2		
101.9028	1.5543	980.1	980.1	981.3		
101.9195	1.5600	980.0	980.1	981.2		
101.9362	1.5613	980.1	980.1	981.3		
101.9528	1.5591	980.1	980.1	981.3		
101.9695	1.5570	980.0	980.1	981.2		
101.9862	1.5570	980.0	980.0	981.3		
102.0028	1.5675	980.0	980.0	981.2		
102.0195	1.5587	980.0	980.0	981.2		
102.0362	1.5649	980.0	980.0	981.2		
102.0528	1.5622	980.0	980.1	981.3		
102.0695	1.5587	980.0	980.0	981.2		
102.0862	1.5613	980.0	980.1	981.3		
102.1028	1.5657	980.0	980.0	981.3		
102.1195	1.5631	980.1	980.1	981.3		
102.1362	1.5644	980.1	980.1	981.3		
102.1528	1.5543	980.0	980.0	981.3		
102.1695	1.5741	980.0	980.0	981.2		
102.1862	1.5605	980.0	980.1	981.4		
102.2028	1.5635	980.0	980.0	981.2		
102.2195	1.5675	980.1	980.1	981.3		
102.2362	1.5697	980.0	980.0	981.2		
102.2528	1.5657	980.1	980.1	981.3		
102.2695	1.5635	980.0	980.1	981.3		
102.2862	1.5701	980.0	980.0	981.2		
102.3028	1.5640	980.0	980.0	981.2		
102.3195	1.5679	980.0	980.0	981.3		
102.3362	1.5697	980.0	980.0	981.3		
102.3528	1.5750	980.0	980.0	981.3		
102.3695	1.5706	980.0	980.1	981.3		
102.3862	1.5662	980.1	980.0	981.2		
102.4028	1.5684	979.9	980.0	981.2		
102.4195	1.5838	980.0	980.0	981.2		
102.4362	1.5693	980.0	980.0	981.2		
102.4528	1.5732	980.0	980.1	981.3		
102.4695	1.5807	980.0	980.0	981.3		
102.4862	1.5785	980.0	980.0	981.3		
102.5028	1.5785	980.0	980.1	981.3		
102.5195	1.5754	980.0	980.0	981.3		
102.5362	1.5833	980.0	980.1	981.2		
102.5528	1.5824	980.0	980.1	981.3		
102.5695	1.5829	980.0	980.0	981.2		
102.5862	1.5776	980.1	980.0	981.3		
102.6028	1.5798	980.0	980.1	981.3		
102.6195	1.5732	980.0	980.0	981.2		
102.6362	1.5873	980.0	980.1	981.3		
102.6528	1.5807	980.1	980.1	981.4		
102.6695	1.5811	980.1	980.1	981.4		
102.6862	1.5798	980.1	980.1	981.3		
102.7028	1.5838	980.0	980.0	981.3		
102.7195	1.5855	980.1	980.0	981.4		
102.7362	1.5895	980.1	980.0	981.3		
102.7528	1.5772	980.0	980.0	981.2		
102.7695	1.5851	980.1	980.1	981.2		
102.7862	1.5860	980.1	980.0	981.2		
102.8028	1.5895	980.1	980.0	981.2		
102.8195	1.5868	980.1	980.1	981.3		
102.8362	1.5745	980.1	980.1	981.3		
102.8528	1.5838	980.0	980.0	981.1		
102.8695	1.5838	980.0	980.0	981.2		
102.8862	1.5838	980.0	980.0	981.3		
102.9028	1.5934	980.0	980.1	981.3		
102.9195	1.5860	980.0	980.1	981.3		
102.9362	1.5868	980.0	980.1	981.3		
102.9528	1.5912	980.0	980.0	981.3		
102.9695	1.5925	980.0	980.1	981.3		
102.9862	1.5969	980.0	980.0	981.3		
103.0028	1.5921	980.0	980.1	981.3		
103.0195	1.5952	980.1	980.1	981.3		
103.0362	1.6031	980.0	980.0	981.2		
103.0528	1.5925	980.2	980.1	981.3		
103.0695	1.5969	980.1	980.1	981.3		
103.0862	1.5965	980.1	980.0	981.3		
103.1028	1.5983	980.1	980.1	981.3		
103.1195	1.5947	980.1	980.1	981.3		
103.1362	1.5925	980.1	980.1	981.4		
103.1528	1.5965	980.1	980.1	981.4		
103.1695	1.5987	980.0	980.1	981.3		
103.1862	1.6018	980.1	980.2	981.4		
103.2028	1.5974	980.0	980.0	981.3		
103.2195	1.5965	980.1	980.0	981.2		
103.2362	1.5978	980.1	980.1	981.4		
103.2528	1.5930	980.1	980.1	981.3		
103.2695	1.5956	980.0	980.0	981.2		
103.2862	1.6000	980.1	980.1	981.3		
103.3028	1.5952	980.1	980.1	981.3		
103.3195	1.6005	980.1	980.1	981.3		
103.3362	1.6049	980.0	980.1	981.3		
103.3528	1.6040	980.1	980.1	981.3		
103.3695	1.6022	980.0	980.1	981.3		
103.3862	1.6035	980.0	980.1	981.3		
103.4028	1.6049	980.1	980.0	981.2		
103.4195	1.6075	980.0	980.0	981.2		
103.4362	1.6084	980.0	980.0	981.2		
103.4528	1.6066	979.9	980.0	981.2		
103.4695	1.6123	980.0	980.0	981.3		
103.4862	1.6106	980.0	980.0	981.3		
103.5028	1.6119	980.0	980.1	981.3		
103.5195	1.6079	980.1	980.1	981.3		
103.5362	1.6084	980.0	980.0	981.2		
103.5528	1.6101	980.1	980.1	981.4		
103.5695	1.6154	980.1	980.1	981.3		
103.5862	1.6049	980.0	980.1	981.4		
103.6028	1.6158	980.1	980.0	981.3		
103.6195	1.6106	980.1	980.1	981.3		
103.6362	1.6145	980.1	980.1	981.3		
103.6528	1.6128	980.0	980.1	981.3		
103.6695	1.6176	980.1	980.1	981.3		
103.6862	1.6202	980.0	980.0	981.3		
103.7028	1.6136	980.0	980.1	981.3		
103.7195	1.6132	980.1	980.0	981.3		
103.7362	1.6110	980.0	980.0	981.3		
103.7528	1.6128	980.0	980.0	981.3		
103.7695	1.6163	980.0	980.0	981.2		
103.7862	1.6128	980.1	980.0	981.3		
103.8028	1.6163	980.0	980.0	981.2		
103.8195	1.6136	980.0	980.0	981.2		
103.8362	1.6233	980.0	980.0	981.2		
103.8528	1.6141	980.0	980.0	981.2		
103.8695	1.6194	980.1	980.0	981.3		
103.8862	1.6237	980.0	980.0	981.2		
103.9028	1.6185	980.0	980.0	981.2		
103.9195	1.6273	980.0	980.1	981.3		
103.9362	1.6150	980.0	980.0	981.2		
103.9528	1.6277	980.0	980.0	981.3		
103.9695	1.6224	980.0	980.0	981.3		
103.9862	1.6259	980.1	980.1	981.3		
104.0028	1.6264	980.0	980.0	981.3		
104.0195	1.6273	980.0	980.0	981.2		
104.0362	1.6330	979.9	980.1	981.3		
104.0528	1.6259	980.0	980.1	981.3		
104.0695	1.6264	980.0	980.1	981.3		
104.0862	1.6312	980.0	980.1	981.3		
104.1028	1.6382	980.0	980.0	981.3		
104.1195	1.6277	980.0	980.0	981.2		
104.1362	1.6396	980.0	980.1	981.3		
104.1528	1.6286	980.0	980.1	981.3		
104.1695	1.6273	980.1	980.1	981.3		
104.1862	1.6251	980.0	980.0	981.2		
104.2028	1.6356	980.0	980.1	981.3		
104.2195	1.6268	980.0	980.1	981.3		
104.2362	1.6343	980.1	980.1	981.3		
104.2528	1.6361	980.1	980.1	981.4		
104.2695	1.6295	980.0	980.1	981.3		
104.2862	1.6391	980.0	980.1	981.3		
104.3028	1.6382	980.1	980.1	981.3		
104.3195	1.6396	980.2	980.1	981.3		
104.3362	1.6308	980.1	980.1	981.2		
104.3528	1.6391	980.1	980.0	981.3		
104.3695	1.6400	980.0	980.0	981.3		
104.3862	1.6374	980.1	980.1	981.2		
104.4028	1.6440	980.0	980.0	981.2		
104.4195	1.6391	980.1	980.0	981.3		
104.4362	1.6369	980.0	980.0	981.2		
104.4528	1.6422	980.1	980.1	981.3		
104.4695	1.6365	980.0	980.0	981.2		
104.4862	1.6519	980.0	980.0	981.3		
104.5028	1.6492	980.0	980.1	981.3		
104.5195	1.6448	980.0	980.0	981.2		
104.5362	1.6479	980.1	980.0	981.2		
104.5528	1.6391	980.0	980.1	981.3		
104.5695	1.6470	980.1	980.1	981.3		
104.5862	1.6475	980.1	980.1	981.3		
104.6028	1.6510	980.0	980.1	981.3		
104.6195	1.6418	980.0	980.0	981.3		
104.6362	1.6589	980.0	980.0	981.3		
104.6528	1.6488	980.0	980.1	981.3		
104.6695	1.6532	980.1	980.1	981.3		
104.6862	1.6519	980.1	980.1	981.4		
104.7028	1.6528	980.0	980.0	981.3		
104.7195	1.6528	980.1	980.1	981.3		
104.7362	1.6519	980.0	980.1	981.3		
104.7528	1.6457	980.1	980.1	981.3		
104.7695	1.6510	980.1	980.0	981.2		
104.7862	1.6501	980.0	980.0	981.3		
104.8028	1.6514	980.1	980.0	981.3		
104.8195	1.6554	980.1	980.1	981.3		
104.8362	1.6580	980.0	980.0	981.2		
104.8528	1.6571	980.1	980.1	981.3		
104.8695	1.6571	980.1	980.1	981.3		
104.8862	1.6598	980.1	980.1	981.4		
104.9028	1.6523	980.1	980.1	981.3		
104.9195	1.6497	980.2	980.2	981.3		
104.9362	1.6536	980.0	980.1	981.3		
104.9528	1.6629	980.2	980.1	981.3		
104.9695	1.6545	980.1	980.0	981.3		
104.9862	1.6593	980.1	980.1	981.4		
105.0028	1.6519	980.1	980.1	981.4		
105.0195	1.6549	980.0	980.1	981.3		
105.0362	1.6629	980.0	980.1	981.3		
105.0528	1.6554	980.1	980.1	981.4		
105.0695	1.6629	980.1	980.1	981.3		
105.0862	1.6624	980.1	980.1	981.3		
105.1028	1.6598	980.1	980.1	981.3		
105.1195	1.6589	980.0	980.1	981.3		
105.1362	1.6629	980.1	980.0	981.2		
105.1528	1.6734	980.1	980.1	981.3		
105.1695	1.6642	980.1	980.1	981.3		
105.1862	1.6708	980.0	980.0	981.2		
105.2028	1.6655	980.0	980.0	981.3		
105.2195	1.6690	980.1	980.1	981.3		
105.2362	1.6760	980.0	980.0	981.3		
105.2528	1.6734	980.1	980.1	981.3		
105.2695	1.6716	980.1	980.1	981.3		
105.2862	1.6703	980.0	980.0	981.3		
105.3028	1.6721	980.1	980.1	981.3		
105.3195	1.6673	980.0	980.1	981.3		
105.3362	1.6611	980.0	980.0	981.3		
105.3528	1.6686	980.2	980.1	981.4		
105.3695	1.6681	980.1	980.1	981.3		
105.3862	1.6694	980.0	980.1	981.3		
105.4028	1.6646	980.2	980.1	981.3		
105.4195	1.6743	980.1	980.1	981.3		
105.4362	1.6774	980.1	980.1	981.3		
105.4528	1.6699	980.1	980.0	981.2		
105.4695	1.6752	980.1	980.1	981.3		
105.4862	1.6668	980.1	980.1	981.3		
105.5028	1.6756	980.0	980.0	981.2		
105.5195	1.6690	980.1	980.0	981.2		
105.5362	1.6765	980.0	980.0	981.2		
105.5528	1.6853	980.1	980.1	981.3		
105.5695	1.6782	980.1	980.1	981.3		
105.5862	1.6756	980.0	980.0	981.3		
105.6028	1.6778	980.0	980.1	981.3		
105.6195	1.6831	980.1	980.1	981.3		
105.6362	1.6879	980.1	980.1	981.3		
105.6528	1.6813	980.0	980.1	981.3		
105.6695	1.6861	980.1	980.1	981.3		
105.6862	1.6787	980.1	980.1	981.3		
105.7028	1.6844	980.0	980.0	981.2		
105.7195	1.6892	980.0	980.0	981.3		
105.7362	1.6892	980.0	980.0	981.3		
105.7528	1.6914	980.0	980.0	981.2		
105.7695	1.6844	980.0	980.0	981.2		
105.7862	1.6927	980.0	980.1	981.3		
105.8028	1.6905	980.0	980.1	981.3		
105.8195	1.6932	980.0	980.1	981.3		
105.8362	1.6791	980.1	980.1	981.3		
105.8528	1.6813	980.1	980.1	981.3		
105.8695	1.6826	980.1	980.1	981.4		
105.8862	1.6822	980.1	980.2	981.4		
105.9028	1.6923	980.1	980.1	981.3		
105.9195	1.6883	980.2	980.1	981.3		
105.9362	1.6958	980.1	980.1	981.3		
105.9528	1.6905	980.1	980.1	981.3		
105.9695	1.6927	980.1	980.1	981.3		
105.9862	1.6870	980.1	980.1	981.3		
106.0028	1.6905	980.1	980.1	981.3		
106.0195	1.6888	980.1	980.1	981.3		
106.0362	1.6958	980.0	980.0	981.2		
106.0528	1.6905	980.1	980.1	981.3		
106.0695	1.6958	980.1	980.1	981.3		
106.0862	1.6989	980.0	980.0	981.2		
106.1028	1.6963	980.1	980.1	981.3		
106.1195	1.6989	980.0	980.1	981.2		
106.1362	1.6971	980.0	980.0	981.2		
106.1528	1.6958	980.1	980.1	981.3		
106.1695	1.7046	980.1	980.1	981.4		
106.1862	1.7011	980.1	980.1	981.4		
106.2028	1.7094	980.0	980.0	981.2		
106.2195	1.6998	980.1	980.1	981.3		
106.2362	1.6998	980.0	980.0	981.2		
106.2528	1.7024	980.0	980.1	981.4		
106.2695	1.6989	980.1	980.1	981.3		
106.2862	1.7015	980.0	980.1	981.3		
106.3028	1.7090	980.0	980.0	981.3		
106.3195	1.7015	980.0	980.0	981.3		
106.3362	1.7081	980.1	980.0	981.2		
106.3528	1.7011	980.0	980.1	981.3		
106.3695	1.7002	980.1	980.1	981.3		
106.3862	1.7152	980.0	980.1	981.3		
106.4028	1.7015	980.0	980.1	981.3		
106.4195	1.7081	980.0	980.0	981.3		
106.4362	1.7125	980.0	980.1	981.2		
106.4528	1.7094	980.1	980.1	981.3		
106.4695	1.7112	980.1	980.1	981.3		
106.4862	1.7072	980.1	980.0	981.3		
106.5028	1.7068	980.0	980.1	981.3		
106.5195	1.7195	980.1	980.1	981.3		
106.5362	1.7108	980.1	980.1	981.4		
106.5528	1.7108	980.1	980.1	981.3		
106.5695	1.7130	980.2	980.1	981.3		
106.5862	1.7116	980.2	980.2	981.3		
106.6028	1.7033	980.1	980.1	981.3		
106.6195	1.7143	980.1	980.1	981.3		
106.6362	1.7152	980.1	980.1	981.2		
106.6528	1.7209	980.1	980.1	981.3		
106.6695	1.7152	980.1	980.1	981.2		
106.6862	1.7182	980.0	980.0	981.2		
106.7028	1.7187	980.0	980.0	981.2		
106.7195	1.7239	980.0	980.0	981.2		
106.7362	1.7182	980.2	980.1	981.3		
106.7528	1.7169	980.0	980.1	981.3		
106.7695	1.7217	980.0	980.1	981.3		
106.7862	1.7301	980.0	980.1	981.3		
106.8028	1.7156	979.9	980.0	981.2		
106.8195	1.7200	980.0	980.1	981.3		
106.8362	1.7209	980.0	980.0	981.2		
106.8528	1.7270	980.1	980.0	981.2		
106.8695	1.7323	980.1	980.1	981.3		
106.8862	1.7195	980.1	980.1	981.3		
106.9028	1.7270	980.1	980.1	981.3		
106.9195	1.7336	980.0	980.1	981.3		
106.9362	1.7261	980.1	980.1	981.3		
106.9528	1.7354	980.0	980.0	981.2		
106.9695	1.7261	980.1	980.1	981.3		
106.9862	1.7279	980.1	980.1	981.3		
107.0028	1.7248	980.0	980.1	981.4		
107.0195	1.7323	980.1	980.1	981.3		
107.0362	1.7275	980.0	980.0	981.3		
107.0528	1.7235	980.1	980.1	981.3		
107.0695	1.7275	980.0	980.1	981.2		
107.0862	1.7301	980.1	980.1	981.3		
107.1028	1.7257	980.1	980.0	981.3		
107.1195	1.7191	980.1	980.1	981.2		
107.1362	1.7371	980.1	980.1	981.3		
107.1528	1.7297	980.1	980.1	981.3		
107.1695	1.7411	980.2	980.2	981.3		
107.1862	1.7332	980.1	980.1	981.3		
107.2028	1.7319	980.1	980.1	981.3		
107.2195	1.7349	980.1	980.0	981.3		
107.2362	1.7380	980.1	980.1	981.3		
107.2528	1.7389	980.1	980.0	981.3		
107.2695	1.7398	980.1	980.1	981.3		
107.2862	1.7424	980.0	980.1	981.3		
107.3028	1.7389	980.0	980.1	981.3		
107.3195	1.7406	980.1	980.1	981.3		
107.3362	1.7424	980.1	980.1	981.3		
107.3528	1.7459	980.1	980.1	981.3		
107.3695	1.7433	980.0	980.1	981.2		
107.3862	1.7367	980.1	980.1	981.3		
107.4028	1.7472	980.1	980.0	981.3		
107.4195	1.7384	980.1	980.1	981.3		
107.4362	1.7455	980.1	980.1	981.3		
107.4528	1.7477	980.1	980.1	981.3		
107.4695	1.7472	980.0	980.0	981.3		
107.4862	1.7450	980.1	980.1	981.4		
107.5028	1.7415	980.1	980.1	981.3		
107.5195	1.7507	980.1	980.1	981.3		
107.5362	1.7472	980.1	980.1	981.3		
107.5528	1.7503	980.1	980.2	981.4		
107.5695	1.7481	980.1	980.1	981.3		
107.5862	1.7507	980.1	980.1	981.3		
107.6028	1.7521	980.0	980.1	981.3		
107.6195	1.7529	980.1	980.0	981.3		
107.6362	1.7485	980.1	980.1	981.3		
107.6528	1.7512	980.0	980.0	981.3		
107.6695	1.7499	980.0	980.1	981.3		
107.6862	1.7626	980.1	980.1	981.3		
107.7028	1.7450	980.1	980.1	981.3		
107.7195	1.7521	980.1	980.1	981.3		
107.7362	1.7534	980.0	980.0	981.3		
107.7528	1.7547	980.1	980.1	981.3		
107.7695	1.7525	980.0	980.0	981.2		
107.7862	1.7591	980.1	980.0	981.2		
107.8028	1.7604	980.0	980.0	981.3		
107.8195	1.7600	980.0	980.1	981.2		
107.8362	1.7609	980.1	980.0	981.3		
107.8528	1.7600	980.1	980.1	981.3		
107.8695	1.7688	980.1	980.1	981.3		
107.8862	1.7635	980.1	980.1	981.3		
107.9028	1.7578	980.1	980.1	981.3		
107.9195	1.7604	980.1	980.1	981.3		
107.9362	1.7657	980.0	980.1	981.3		
107.9528	1.7661	980.1	980.0	981.2		
107.9695	1.7674	980.0	980.1	981.3		
107.9862	1.7631	980.1	980.0	981.3		
108.0028	1.7591	980.1	980.2	981.3		
108.0195	1.7626	980.1	980.1	981.3		
108.0362	1.7626	980.1	980.1	981.3		
108.0528	1.7696	980.0	980.0	981.3		
108.0695	1.7631	980.1	980.1	981.4		
108.0862	1.7657	980.1	980.1	981.3		
108.1028	1.7705	980.0	980.1	981.3		
108.1195	1.7670	980.1	980.1	981.3		
108.1362	1.7644	980.0	980.1	981.3		
108.1528	1.7679	980.1	980.0	981.3		
108.1695	1.7635	980.1	980.1	981.4		
108.1862	1.7696	980.1	980.1	981.3		
108.2028	1.7657	980.1	980.1	981.3		
108.2195	1.7740	980.1	980.1	981.3		
108.2362	1.7714	980.1	980.0	981.2		
108.2528	1.7710	980.0	980.0	981.3		
108.2695	1.7692	980.1	980.1	981.3		
108.2862	1.7692	980.1	980.1	981.3		
108.3028	1.7705	980.1	980.0	981.3		
108.3195	1.7745	980.1	980.0	981.1		
108.3362	1.7767	980.0	980.0	981.3		
108.3528	1.7771	980.0	980.0	981.3		
108.3695	1.7793	980.1	980.0	981.3		
108.3862	1.7767	980.0	980.0	981.3		
108.4028	1.7819	980.1	980.0	981.2		
108.4195	1.7815	980.1	980.1	981.2		
108.4362	1.7811	980.1	980.0	981.2		
108.4528	1.7754	980.1	980.0	981.3		
108.4695	1.7806	980.1	980.1	981.3		
108.4862	1.7802	980.1	980.1	981.3		
108.5028	1.7828	980.0	980.1	981.3		
108.5195	1.7819	980.1	980.1	981.3		
108.5362	1.7837	980.1	980.1	981.3		
108.5528	1.7767	980.0	980.0	981.3		
108.5695	1.7916	980.1	980.1	981.4		
108.5862	1.7855	980.1	980.1	981.3		
108.6028	1.7921	980.1	980.0	981.3		
108.6195	1.7819	980.0	980.0	981.3		
108.6362	1.7863	980.1	980.0	981.4		
108.6528	1.7881	980.0	980.0	981.3		
108.6695	1.7815	980.0	980.0	981.2		
108.6862	1.7934	980.0	980.0	981.3		
108.7028	1.7894	980.0	980.0	981.3		
108.7195	1.7899	980.1	980.1	981.3		
108.7362	1.7978	980.1	980.1	981.3		
108.7528	1.7907	980.1	980.1	981.3		
108.7695	1.7863	980.0	980.1	981.3		
108.7862	1.7907	980.0	980.0	981.2		
108.8028	1.7969	980.2	980.1	981.3		
108.8195	1.7850	980.1	980.1	981.3		
108.8362	1.7991	980.1	980.1	981.3		
108.8528	1.7951	980.2	980.1	981.4		
108.8695	1.7938	980.0	980.0	981.2		
108.8862	1.7969	980.1	980.1	981.3		
108.9028	1.7921	980.1	980.1	981.3		
108.9195	1.7995	980.0	980.0	981.2		
108.9362	1.7964	980.1	980.1	981.2		
108.9528	1.7960	980.0	980.0	981.2		
108.9695	1.8052	980.1	980.1	981.3		
108.9862	1.7907	980.0	980.0	981.3		
109.0028	1.7991	980.0	980.0	981.2		
109.0195	1.7991	980.1	980.1	981.3		
109.0362	1.8052	980.1	980.0	981.3		
109.0528	1.8004	980.1	980.1	981.3		
109.0695	1.7991	980.1	980.1	981.3		
109.0862	1.8044	980.1	980.1	981.3		
109.1028	1.8013	980.1	980.0	981.3		
109.1195	1.8044	980.0	980.0	981.3		
109.1362	1.8004	980.1	980.1	981.2		
109.1528	1.8044	980.1	980.1	981.3		
109.1695	1.8092	980.1	980.1	981.3		
109.1862	1.8158	980.1	980.1	981.4		
109.2028	1.8110	980.1	980.0	981.3		
109.2195	1.8101	980.0	980.0	981.3		
109.2362	1.8101	980.1	980.1	981.3		
109.2528	1.8079	980.0	980.0	981.3		
109.2695	1.8088	980.1	980.1	981.3		
109.2862	1.8061	980.0	980.0	981.2		
109.3028	1.8105	980.2	980.1	981.3		
109.3195	1.8118	980.1	980.0	981.3		
109.3362	1.8083	980.1	980.0	981.2		
109.3528	1.8193	980.1	980.1	981.3		
109.3695	1.8114	980.2	980.1	981.2		
109.3862	1.8096	980.1	980.1	981.3		
109.4028	1.8127	980.1	980.0	981.2		
109.4195	1.8184	980.2	980.1	981.3		
109.4362	1.8241	980.1	980.1	981.3		
109.4528	1.8171	980.1	980.0	981.2		
109.4695	1.8136	980.0	980.0	981.2		
109.4862	1.8197	980.0	980.0	981.2		
109.5028	1.8206	980.0	980.1	981.2		
109.5195	1.8224	980.1	980.1	981.2		
109.5362	1.8272	980.1	980.1	981.3		
109.5528	1.8175	980.0	980.0	981.2		
109.5695	1.8233	980.1	980.1	981.3		
109.5862	1.8211	980.1	980.0	981.2		
109.6028	1.8211	980.0	980.0	981.2		
109.6195	1.8215	980.0	980.1	981.2		
109.6362	1.8189	980.0	980.0	981.2		
109.6528	1.8246	980.0	980.0	981.2		
109.6695	1.8290	980.1	980.1	981.3		
109.6862	1.8228	980.1	980.1	981.2		
109.7028	1.8316	980.0	980.0	981.2		
109.7195	1.8276	980.0	980.0	981.3		
109.7362	1.8329	980.0	980.0	981.3		
109.7528	1.8298	980.1	980.1	981.3		
109.7695	1.8294	980.0	980.0	981.2		
109.7862	1.8268	980.0	980.0	981.2		
109.8028	1.8320	980.1	980.0	981.2		
109.8195	1.8382	980.1	980.0	981.3		
109.8362	1.8281	980.0	980.0	981.1		
109.8528	1.8281	980.1	980.0	981.3		
109.8695	1.8272	980.1	980.0	981.3		
109.8862	1.8298	980.1	980.1	981.3		
109.9028	1.8334	980.1	980.0	981.2		
109.9195	1.8320	980.1	980.0	981.2		
109.9362	1.8342	980.1	980.0	981.2		
109.9528	1.8356	980.1	980.0	981.2		
109.9695	1.8391	980.1	980.0	981.2		
109.9862	1.8356	980.0	979.9	981.1		
110.0028	1.8395	980.0	980.0	981.2		
110.0195	1.8400	980.1	980.0	981.2		
110.0362	1.8408	980.0	980.0	981.2		
110.0528	1.8395	980.1	980.1	981.3		
110.0695	1.8422	980.1	980.0	981.2		
110.0862	1.8386	980.0	980.0	981.2		
110.1028	1.8443	980.1	980.0	981.2		
110.1195	1.8487	980.1	980.1	981.2		
110.1362	1.8364	980.0	980.1	981.3		
110.1528	1.8391	980.0	980.0	981.2		
110.1695	1.8527	980.0	980.0	981.2		
110.1862	1.8465	980.0	980.0	981.2		
110.2028	1.8492	980.0	980.0	981.2		
110.2195	1.8479	980.0	980.0	981.2		
110.2362	1.8439	980.0	980.0	981.2		
110.2528	1.8531	980.0	980.0	981.2		
110.2695	1.8545	980.0	980.0	981.2		
110.2862	1.8514	980.0	980.0	981.2		
110.3028	1.8501	980.0	980.0	981.2		
110.3195	1.8553	980.0	980.0	981.2		
110.3362	1.8501	980.0	980.0	981.3		
110.3528	1.8523	980.0	980.0	981.2		
110.3695	1.8558	980.0	980.0	981.2		
110.3862	1.8461	980.2	980.1	981.3		
110.4028	1.8536	980.0	980.0	981.2		
110.4195	1.8492	980.1	980.0	981.2		
110.4362	1.8545	980.0	980.0	981.2		
110.4528	1.8580	980.1	980.1	981.3		
110.4695	1.8527	980.1	980.0	981.1		
110.4862	1.8562	980.0	980.0	981.1		
110.5028	1.8571	980.0	980.0	981.2		
110.5195	1.8624	980.2	980.1	981.3		
110.5362	1.8553	980.1	980.1	981.3		
110.5528	1.8584	980.2	980.0	981.2		
110.5695	1.8624	980.1	980.1	981.2		
110.5862	1.8527	980.1	980.1	981.2		
110.6028	1.8549	980.1	980.0	981.2		
110.6195	1.8637	980.1	980.0	981.2		
110.6362	1.8641	980.0	980.0	981.2		
110.6528	1.8676	980.0	980.0	981.2		
110.6695	1.8668	980.0	980.0	981.2		
110.6862	1.8632	980.1	980.0	981.2		
110.7028	1.8628	980.0	980.0	981.2		
110.7195	1.8676	980.0	980.1	981.3		
110.7362	1.8755	980.1	980.0	981.2		
110.7528	1.8703	980.1	980.0	981.2		
110.7695	1.8690	980.1	980.0	981.3		
110.7862	1.8615	980.0	980.1	981.3		
110.8028	1.8663	980.0	980.0	981.2		
110.8195	1.8694	980.1	980.1	981.2		
110.8362	1.8747	980.0	980.0	981.2		
110.8528	1.8734	980.1	980.1	981.2		
110.8695	1.8716	980.0	980.0	981.2		
110.8862	1.8751	980.0	980.0	981.3		
110.9028	1.8720	980.1	980.1	981.3		
110.9195	1.8791	980.1	980.0	981.2		
110.9362	1.8782	980.0	980.0	981.2		
110.9528	1.8817	980.0	980.0	981.2		
110.9695	1.8821	980.1	980.1	981.3		
110.9862	1.8698	980.1	980.1	981.3		
111.0028	1.8755	980.1	980.0	981.3		
111.0195	1.8773	980.1	980.0	981.2		
111.0362	1.8813	980.1	980.0	981.2		
111.0528	1.8773	980.0	980.0	981.2		
111.0695	1.8755	980.1	980.0	981.2		
111.0862	1.8747	980.1	980.1	981.2		
111.1028	1.8786	980.1	980.0	981.2		
111.1195	1.8760	980.1	980.1	981.2		
111.1362	1.8760	980.1	980.0	981.1		
111.1528	1.8777	980.0	980.0	981.2		
111.1695	1.8773	980.1	980.1	981.2		
111.1862	1.8830	980.1	980.0	981.1		
111.2028	1.8843	980.1	980.1	981.2		
111.2195	1.8857	980.0	980.0	981.2		
111.2362	1.8883	980.0	980.0	981.2		
111.2528	1.8879	980.1	980.1	981.2		
111.2695	1.8905	980.1	980.1	981.2		
111.2862	1.8879	980.1	980.0	981.2		
111.3028	1.8887	980.0	980.0	981.2		
111.3195	1.8931	980.1	980.0	981.2		
111.3362	1.8918	980.0	980.0	981.2		
111.3528	1.8940	980.0	980.0	981.2		
111.3695	1.8901	980.1	980.1	981.3		
111.3862	1.8870	980.0	980.0	981.2		
111.4028	1.9015	980.1	980.0	981.3		
111.4195	1.8944	980.0	980.0	981.2		
111.4362	1.8865	980.1	980.1	981.2		
111.4528	1.8966	980.0	980.0	981.3		
111.4695	1.8953	980.1	980.0	981.3		
111.4862	1.8883	980.1	980.1	981.3		
111.5028	1.8975	980.1	980.0	981.2		
111.5195	1.8993	980.1	980.1	981.3		
111.5362	1.8966	980.1	980.0	981.2		
111.5528	1.8988	980.1	980.0	981.3		
111.5695	1.8940	980.1	980.0	981.2		
111.5862	1.8931	980.1	979.9	981.2		
111.6028	1.8953	980.2	980.0	981.1		
111.6195	1.8975	980.1	980.1	981.2		
111.6362	1.8936	980.1	980.1	981.3		
111.6528	1.9019	980.1	980.0	981.2		
111.6695	1.9032	980.1	980.0	981.2		
111.6862	1.8953	980.1	980.0	981.2		
111.7028	1.9089	980.1	980.0	981.2		
111.7195	1.9028	980.0	980.0	981.2		
111.7362	1.9010	980.1	980.0	981.3		
111.7528	1.9059	980.0	980.0	981.2		
111.7695	1.9028	980.0	980.0	981.1		
111.7862	1.9067	980.1	980.0	981.2		
111.8028	1.9094	980.1	980.0	981.2		
111.8195	1.9094	980.1	980.1	981.2		
111.8362	1.9094	980.1	980.1	981.2		
111.8528	1.9151	980.1	980.0	981.2		
111.8695	1.9067	980.1	980.0	981.1		
111.8862	1.9107	980.0	980.0	981.2		
111.9028	1.9151	980.1	980.0	981.2		
111.9195	1.9173	980.0	980.1	981.3		
111.9362	1.9213	980.0	980.0	981.2		
111.9528	1.9186	980.1	980.1	981.3		
111.9695	1.9125	980.0	980.0	981.2		
111.9862	1.9133	980.1	980.1	981.3		
112.0028	1.9133	980.1	980.1	981.3		
112.0195	1.9208	980.0	980.0	981.3		
112.0362	1.9199	980.1	980.0	981.2		
112.0528	1.9221	980.0	980.0	981.3		
112.0695	1.9169	980.1	980.1	981.3		
112.0862	1.9213	980.1	980.1	981.3		
112.1028	1.9217	980.0	980.0	981.2		
112.1195	1.9270	980.1	980.0	981.2		
112.1362	1.9217	980.0	980.0	981.2		
112.1528	1.9248	980.1	980.1	981.3		
112.1695	1.9208	980.1	980.0	981.2		
112.1862	1.9296	980.1	980.1	981.3		
112.2028	1.9217	980.1	980.0	981.2		
112.2195	1.9182	980.1	980.0	981.2		
112.2362	1.9248	980.2	980.1	981.3		
112.2528	1.9287	980.2	980.0	981.2		
112.2695	1.9270	980.1	980.0	981.3		
112.2862	1.9256	980.2	980.1	981.2		
112.3028	1.9248	980.2	980.1	981.2		
112.3195	1.9318	980.2	980.0	981.2		
112.3362	1.9270	980.2	980.1	981.2		
112.3528	1.9292	980.1	980.1	981.2		
112.3695	1.9314	980.2	980.1	981.2		
112.3862	1.9287	980.2	980.1	981.3		
112.4028	1.9296	980.1	980.0	981.2		
112.4195	1.9331	980.1	980.1	981.3		
112.4362	1.9331	980.1	980.1	981.2		
112.4528	1.9397	980.1	980.1	981.2		
112.4695	1.9314	980.1	980.0	981.2		
112.4862	1.9349	980.0	980.0	981.1		
112.5028	1.9366	980.1	980.0	981.2		
112.5195	1.9375	980.1	980.1	981.3		
112.5362	1.9445	980.1	980.1	981.2		
112.5528	1.9432	980.0	979.9	981.2		
112.5695	1.9380	980.1	980.1	981.2		
112.5862	1.9397	980.0	980.1	981.2		
112.6028	1.9428	980.2	980.1	981.3		
112.6195	1.9388	980.0	980.1	981.2		
112.6362	1.9415	980.1	980.1	981.2		
112.6528	1.9476	980.1	980.1	981.2		
112.6695	1.9450	980.1	980.1	981.2		
112.6862	1.9454	980.1	980.0	981.2		
112.7028	1.9445	980.1	980.1	981.2		
112.7195	1.9485	980.1	980.0	981.2		
112.7362	1.9503	980.1	980.0	981.2		
112.7528	1.9432	980.0	980.1	981.2		
112.7695	1.9503	980.1	980.1	981.2		
112.7862	1.9485	980.1	980.1	981.3		
112.8028	1.9529	980.1	980.0	981.2		
112.8195	1.9590	980.1	980.0	981.3		
112.8362	1.9525	980.1	980.1	981.2		
112.8528	1.9485	980.0	980.1	981.2		
112.8695	1.9525	980.1	980.1	981.3		
112.8862	1.9481	980.0	980.1	981.3		
112.9028	1.9503	980.1	980.1	981.3		
112.9195	1.9573	980.1	980.1	981.3		
112.9362	1.9538	980.0	980.0	981.2		
112.9528	1.9586	980.1	980.0	981.3		
112.9695	1.9560	980.1	980.0	981.2		
112.9862	1.9542	980.2	980.1	981.3		
113.0028	1.9489	980.1	980.1	981.2		
113.0195	1.9590	980.1	980.1	981.3		
113.0362	1.9639	980.2	980.1	981.2		
113.0528	1.9595	980.1	980.0	981.2		
113.0695	1.9582	980.1	980.0	981.2		
113.0862	1.9617	980.1	980.1	981.2		
113.1028	1.9555	980.1	980.0	981.1		
113.1195	1.9582	980.1	980.0	981.2		
113.1362	1.9599	980.1	980.0	981.2		
113.1528	1.9652	980.1	980.0	981.2		
113.1695	1.9595	980.1	980.0	981.2		
113.1862	1.9696	980.0	980.0	981.2		
113.2028	1.9608	980.1	980.0	981.3		
113.2195	1.9639	980.1	980.0	981.2		
113.2362	1.9648	980.2	980.1	981.3		
113.2528	1.9612	980.1	980.1	981.2		
113.2695	1.9735	980.1	980.1	981.2		
113.2862	1.9709	980.1	980.1	981.3		
113.3028	1.9678	980.1	980.1	981.2		
113.3195	1.9718	980.1	980.1	981.2		
113.3362	1.9670	980.1	980.1	981.3		
113.3528	1.9735	980.1	980.1	981.2		
113.3695	1.9687	980.1	980.1	981.2		
113.3862	1.9828	980.1	980.1	981.2		
113.4028	1.9744	980.1	980.0	981.2		
113.4195	1.9696	980.1	980.1	981.2		
113.4362	1.9744	980.1	980.1	981.2		
113.4528	1.9757	980.0	980.1	981.3		
113.4695	1.9793	980.1	980.1	981.3		
113.4862	1.9744	980.0	980.0	981.2		
113.5028	1.9749	980.1	980.1	981.3		
113.5195	1.9801	980.1	980.1	981.2		
113.5362	1.9740	980.1	980.1	981.3		
113.5528	1.9788	980.0	980.0	981.2		
113.5695	1.9775	980.1	980.1	981.3		
113.5862	1.9907	980.0	980.0	981.2		
113.6028	1.9797	980.0	980.0	981.3		
113.6195	1.9929	980.0	980.0	981.2		
113.6362	1.9801	980.1	980.0	981.2		
113.6528	1.9876	980.1	980.0	981.3		
113.6695	1.9867	980.1	980.0	981.2		
113.6862	1.9793	980.1	980.0	981.2		
113.7028	1.9867	980.1	980.1	981.2		
113.7195	1.9902	980.1	980.1	981.2		
113.7362	1.9863	980.1	980.0	981.2		
113.7528	1.9876	980.1	980.1	981.3		
113.7695	1.9955	980.1	980.0	981.2		
113.7862	1.9924	980.1	980.1	981.2		
113.8028	1.9986	980.1	980.0	981.2		
113.8195	1.9938	980.2	980.0	981.1		
113.8362	1.9951	980.1	980.0	981.2		
113.8528	1.9880	980.0	980.0	981.2		
113.8695	1.9995	980.1	980.0	981.2		
113.8862	1.9894	980.1	980.1	981.3		
113.9028	1.9916	980.1	980.1	981.2		
113.9195	2.0012	980.1	980.1	981.2		
113.9362	1.9880	980.1	980.0	981.2		
113.9528	1.9955	980.0	980.1	981.2		
113.9695	2.0034	980.0	980.0	981.3		
113.9862	1.9977	980.1	980.1	981.2		
114.0028	1.9990	980.0	980.0	981.3		
114.0195	2.0025	980.1	980.0	981.2		
114.0362	2.0091	980.0	980.0	981.2		
114.0528	1.9999	980.2	980.1	981.3		
114.0695	2.0021	980.1	980.1	981.3		
114.0862	2.0061	980.1	980.1	981.3		
114.1028	2.0034	980.1	980.0	981.3		
114.1195	2.0034	980.1	980.1	981.3		
114.1362	2.0113	980.1	980.1	981.3		
114.1528	2.0047	980.0	980.0	981.2		
114.1695	2.0074	980.1	980.1	981.2		
114.1862	2.0047	980.1	980.0	981.2		
114.2028	2.0096	980.0	980.0	981.1		
114.2195	2.0118	980.1	980.0	981.3		
114.2362	2.0025	980.1	980.0	981.2		
114.2528	2.0109	980.0	980.0	981.2		
114.2695	2.0061	980.1	980.1	981.2		
114.2862	2.0087	980.2	980.0	981.2		
114.3028	2.0135	980.1	980.0	981.1		
114.3195	2.0087	980.3	980.1	981.3		
114.3362	2.0149	980.2	980.0	981.2		
114.3528	2.0061	980.1	980.1	981.3		
114.3695	2.0131	980.2	980.1	981.3		
114.3862	2.0214	980.1	980.1	981.2		
114.4028	2.0184	980.1	980.0	981.3		
114.4195	2.0210	980.1	980.0	981.2		
114.4362	2.0153	980.1	980.0	981.2		
114.4528	2.0149	980.2	980.1	981.3		
114.4695	2.0175	980.1	980.1	981.2		
114.4862	2.0122	980.2	980.1	981.3		
114.5028	2.0294	980.1	980.0	981.2		
114.5195	2.0232	980.1	980.1	981.2		
114.5362	2.0254	980.0	980.0	981.2		
114.5528	2.0223	980.1	980.0	981.2		
114.5695	2.0223	980.1	980.0	981.3		
114.5862	2.0210	980.0	980.0	981.2		
114.6028	2.0272	980.1	980.1	981.2		
114.6195	2.0324	980.0	980.1	981.3		
114.6362	2.0320	980.0	980.0	981.2		
114.6528	2.0289	980.0	980.0	981.3		
114.6695	2.0267	980.1	980.1	981.3		
114.6862	2.0263	980.1	980.1	981.3		
114.7028	2.0272	980.1	980.0	981.3		
114.7195	2.0289	980.1	980.1	981.3		
114.7362	2.0302	980.0	980.1	981.3		
114.7528	2.0329	980.0	980.1	981.3		
114.7695	2.0337	980.1	980.1	981.3		
114.7862	2.0355	980.1	980.1	981.3		
114.8028	2.0307	980.1	980.0	981.3		
114.8195	2.0276	980.1	980.0	981.2		
114.8362	2.0289	980.2	980.1	981.3		
114.8528	2.0289	980.2	980.1	981.3		
114.8695	2.0263	980.2	980.1	981.2		
114.8862	2.0355	980.1	980.1	981.2		
114.9028	2.0342	980.1	980.0	981.2		
114.9195	2.0337	980.2	980.1	981.2		
114.9362	2.0311	980.2	980.1	981.3		
114.9528	2.0302	980.1	980.0	981.2		
114.9695	2.0377	980.1	980.0	981.1		
114.9862	2.0364	980.1	980.0	981.2		
115.0028	2.0403	980.2	980.0	981.2		
115.0195	2.0491	980.1	980.1	981.2		
115.0362	2.0373	980.1	980.1	981.2		
115.0528	2.0364	980.1	980.1	981.2		
115.0695	2.0439	980.1	980.1	981.2		
115.0862	2.0526	980.1	980.1	981.2		
115.1028	2.0439	980.1	980.0	981.2		
115.1195	2.0496	980.1	980.1	981.2		
115.1362	2.0478	980.0	980.0	981.2		
115.1528	2.0509	980.2	980.0	981.3		
115.1695	2.0491	980.1	980.0	981.2		
115.1862	2.0461	980.1	980.0	981.3		
115.2028	2.0500	980.3	980.1	981.3		
115.2195	2.0465	980.2	980.1	981.2		
115.2362	2.0478	980.2	980.1	981.2		
115.2528	2.0469	980.2	980.1	981.2		
115.2695	2.0610	980.2	980.1	981.3		
115.2862	2.0570	980.0	980.0	981.2		
115.3028	2.0562	980.1	980.0	981.3		
115.3195	2.0566	980.2	980.0	981.2		
115.3362	2.0645	980.1	980.0	981.2		
115.3528	2.0601	980.1	980.0	981.2		
115.3695	2.0548	980.1	980.1	981.3		
115.3862	2.0632	980.1	980.0	981.2		
115.4028	2.0584	980.1	980.1	981.3		
115.4195	2.0623	980.1	980.0	981.2		
115.4362	2.0628	980.2	980.1	981.3		
115.4528	2.0584	980.1	980.0	981.3		
115.4695	2.0606	980.1	980.0	981.2		
115.4862	2.0645	980.1	980.0	981.2		
115.5028	2.0733	980.2	980.1	981.3		
115.5195	2.0570	980.0	980.0	981.3		
115.5362	2.0628	980.2	980.0	981.3		
115.5528	2.0654	980.0	980.0	981.2		
115.5695	2.0707	980.1	980.0	981.3		
115.5862	2.0658	980.1	980.1	981.2		
115.6028	2.0628	980.1	980.0	981.2		
115.6195	2.0676	980.1	980.0	981.2		
115.6362	2.0663	980.0	980.0	981.1		
115.6528	2.0667	980.1	980.0	981.2		
115.6695	2.0702	980.1	980.0	981.2		
115.6862	2.0711	980.1	980.1	981.2		
115.7028	2.0742	980.1	980.1	981.3		
115.7195	2.0755	980.1	980.1	981.3		
115.7362	2.0803	980.2	980.1	981.3		
115.7528	2.0759	980.1	980.1	981.2		
115.7695	2.0724	980.0	980.1	981.3		
115.7862	2.0773	980.1	980.1	981.2		
115.8028	2.0751	980.1	980.1	981.2		
115.8195	2.0825	980.2	980.1	981.3		
115.8362	2.0834	980.1	980.1	981.3		
115.8528	2.0812	980.1	980.0	981.2		
115.8695	2.0786	980.1	980.1	981.3		
115.8862	2.0821	980.1	980.1	981.3		
115.9028	2.0852	980.0	980.0	981.2		
115.9195	2.0816	980.1	980.0	981.2		
115.9362	2.0768	980.1	980.1	981.3		
115.9528	2.0838	980.1	980.0	981.3		
115.9695	2.0860	980.1	980.0	981.2		
115.9862	2.0852	980.2	980.0	981.2		
116.0028	2.0764	980.0	980.0	981.2		
116.0195	2.0865	980.1	980.1	981.2		
116.0362	2.0834	980.1	980.0	981.2		
116.0528	2.0838	980.1	980.0	981.3		
116.0695	2.0795	980.2	980.0	981.2		
116.0862	2.0904	980.1	980.0	981.2		
116.1028	2.0795	980.1	980.0	981.2		
116.1195	2.0878	980.1	980.0	981.2		
116.1362	2.0900	980.0	980.0	981.1		
116.1528	2.0891	980.1	980.0	981.2		
116.1695	2.0891	980.1	980.0	981.2		
116.1862	2.0948	980.0	980.0	981.2		
116.2028	2.0940	980.1	980.1	981.3		
116.2195	2.0997	980.1	980.0	981.2		
116.2362	2.0992	980.1	980.1	981.4		
116.2528	2.0922	980.1	980.1	981.2		
116.2695	2.0948	980.1	980.1	981.3		
116.2862	2.1036	980.1	980.1	981.3		
116.3028	2.0988	980.1	980.1	981.2		
116.3195	2.0970	980.1	980.0	981.2		
116.3362	2.1027	980.1	980.1	981.3		
116.3528	2.1005	980.1	980.0	981.3		
116.3695	2.1058	980.0	980.0	981.2		
116.3862	2.1085	980.1	980.0	981.3		
116.4028	2.0962	980.1	980.1	981.2		
116.4195	2.1102	980.1	980.0	981.2		
116.4362	2.1001	980.2	980.0	981.2		
116.4528	2.1049	980.0	980.0	981.2		
116.4695	2.1027	980.1	980.0	981.2		
116.4862	2.1067	980.1	980.1	981.3		
116.5028	2.1036	980.1	980.0	981.2		
116.5195	2.1054	980.2	980.1	981.2		
116.5362	2.1080	980.1	980.1	981.2		
116.5528	2.1115	980.1	980.0	981.2		
116.5695	2.1137	980.1	980.1	981.2		
116.5862	2.1137	980.2	980.0	981.3		
116.6028	2.1080	980.1	980.0	981.1		
116.6195	2.1107	980.2	980.1	981.2		
116.6362	2.1093	980.1	980.0	981.2		
116.6528	2.1150	980.1	980.0	981.2		
116.6695	2.1164	980.0	980.0	981.2		
116.6862	2.1107	980.1	980.0	981.2		
116.7028	2.1203	980.1	980.0	981.3		
116.7195	2.1168	980.0	980.0	981.2		
116.7362	2.1172	980.0	980.0	981.2		
116.7528	2.1247	980.1	980.0	981.2		
116.7695	2.1225	980.1	980.0	981.2		
116.7862	2.1203	980.1	980.0	981.2		
116.8028	2.1216	980.3	980.1	981.4		
116.8195	2.1300	980.1	980.1	981.3		
116.8362	2.1252	980.2	980.1	981.2		
116.8528	2.1375	980.1	980.0	981.3		
116.8695	2.1397	980.1	980.0	981.3		
116.8862	2.1348	980.1	980.1	981.3		
116.9028	2.1221	980.1	980.0	981.2		
116.9195	2.1339	980.0	980.0	981.2		
116.9362	2.1265	980.1	980.0	981.2		
116.9528	2.1291	980.1	980.0	981.3		
116.9695	2.1287	980.1	980.0	981.2		
116.9862	2.1287	980.1	980.0	981.3		
117.0028	2.1339	980.1	980.0	981.2		
117.0195	2.1278	980.2	980.1	981.2		
117.0362	2.1317	980.2	980.0	981.2		
117.0528	2.1370	980.1	980.0	981.2		
117.0695	2.1388	980.1	980.0	981.2		
117.0862	2.1344	980.2	980.1	981.2		
117.1028	2.1357	980.2	980.0	981.2		
117.1195	2.1357	980.2	980.0	981.2		
117.1362	2.1410	980.2	980.1	981.3		
117.1528	2.1383	980.2	980.0	981.2		
117.1695	2.1388	980.1	980.1	981.3		
117.1862	2.1419	980.1	980.0	981.2		
117.2028	2.1405	980.0	980.0	981.3		
117.2195	2.1405	980.2	980.1	981.3		
117.2362	2.1432	980.1	980.0	981.2		
117.2528	2.1401	980.1	980.0	981.2		
117.2695	2.1462	980.0	980.0	981.3		
117.2862	2.1542	980.1	980.1	981.2		
117.3028	2.1445	980.1	980.1	981.3		
117.3195	2.1432	980.1	980.1	981.2		
117.3362	2.1462	980.1	980.0	981.3		
117.3528	2.1471	980.1	980.0	981.2		
117.3695	2.1524	980.1	980.1	981.3		
117.3862	2.1542	980.1	980.0	981.3		
117.4028	2.1537	980.2	980.1	981.3		
117.4195	2.1590	980.1	980.1	981.2		
117.4362	2.1440	980.1	980.0	981.3		
117.4528	2.1462	980.2	980.1	981.3		
117.4695	2.1572	980.1	980.0	981.2		
117.4862	2.1550	980.2	980.0	981.3		
117.5028	2.1555	980.1	980.1	981.3		
117.5195	2.1572	980.1	980.0	981.2		
117.5362	2.1612	980.2	980.1	981.3		
117.5528	2.1515	980.2	980.1	981.3		
117.5695	2.1586	980.2	980.1	981.2		
117.5862	2.1564	980.1	980.0	981.2		
117.6028	2.1572	980.2	980.0	981.3		
117.6195	2.1629	980.1	980.0	981.2		
117.6362	2.1638	980.0	980.0	981.2		
117.6528	2.1594	980.0	980.0	981.2		
117.6695	2.1594	980.1	980.1	981.3		
117.6862	2.1564	980.1	980.0	981.3		
117.7028	2.1656	980.0	979.9	981.2		
117.7195	2.1643	980.0	980.0	981.2		
117.7362	2.1586	980.1	980.0	981.2		
117.7528	2.1651	980.1	980.0	981.3		
117.7695	2.1748	980.1	980.0	981.2		
117.7862	2.1660	980.1	980.0	981.2		
117.8028	2.1695	980.2	980.1	981.3		
117.8195	2.1669	980.1	979.9	981.2		
117.8362	2.1731	980.1	980.0	981.2		
117.8528	2.1744	980.2	980.0	981.3		
117.8695	2.1713	980.1	980.0	981.2		
117.8862	2.1695	980.1	980.0	981.2		
117.9028	2.1709	980.2	980.1	981.3		
117.9195	2.1748	980.1	980.0	981.2		
117.9362	2.1739	980.2	980.1	981.3		
117.9528	2.1753	980.1	980.0	981.2		
117.9695	2.1726	980.3	980.1	981.3		
117.9862	2.1669	980.1	980.0	981.3		
118.0028	2.1726	980.1	980.0	981.2		
118.0195	2.1748	980.2	980.1	981.2		
118.0362	2.1840	980.0	980.0	981.2		
118.0528	2.1761	980.1	980.0	981.2		
118.0695	2.1845	980.1	980.0	981.2		
118.0862	2.1682	980.2	980.0	981.2		
118.1028	2.1796	980.1	980.0	981.2		
118.1195	2.1845	980.1	980.1	981.3		
118.1362	2.1805	980.1	980.0	981.2		
118.1528	2.1814	980.1	980.0	981.3		
118.1695	2.1823	980.1	980.0	981.2		
118.1862	2.1880	980.1	980.1	981.2		
118.2028	2.1849	980.0	980.0	981.2		
118.2195	2.1761	980.1	980.1	981.2		
118.2362	2.1933	980.1	980.0	981.2		
118.2528	2.1946	980.2	980.0	981.3		
118.2695	2.1941	980.1	980.0	981.2		
118.2862	2.1884	980.2	980.1	981.3		
118.3028	2.1898	980.2	980.1	981.3		
118.3195	2.1889	980.2	980.1	981.3		
118.3362	2.1919	980.1	980.0	981.3		
118.3528	2.1911	980.2	980.1	981.3		
118.3695	2.1902	980.2	980.0	981.2		
118.3862	2.1933	980.2	980.0	981.2		
118.4028	2.1946	980.2	980.1	981.3		
118.4195	2.2007	980.2	980.0	981.2		
118.4362	2.1999	980.1	980.0	981.2		
118.4528	2.1994	980.2	980.0	981.2		
118.4695	2.1981	980.2	980.1	981.3		
118.4862	2.1968	980.2	980.1	981.2		
118.5028	2.2034	980.2	980.1	981.2		
118.5195	2.2073	980.1	980.0	981.2		
118.5362	2.1999	980.1	980.1	981.3		
118.5528	2.2060	980.1	980.1	981.2		
118.5695	2.2047	980.1	980.1	981.2		
118.5862	2.2047	980.1	980.0	981.2		
118.6028	2.2056	980.1	980.1	981.2		
118.6195	2.2082	980.1	980.0	981.2		
118.6362	2.2082	980.1	980.0	981.2		
118.6528	2.2047	980.1	980.0	981.2		
118.6695	2.2135	980.1	980.0	981.2		
118.6862	2.2117	980.1	980.0	981.3		
118.7028	2.2130	980.1	980.0	981.2		
118.7195	2.2086	980.1	980.0	981.2		
118.7362	2.2100	980.1	980.1	981.2		
118.7528	2.2122	980.1	980.1	981.2		
118.7695	2.2126	980.1	980.0	981.2		
118.7862	2.2188	980.1	980.0	981.2		
118.8028	2.2144	980.2	980.0	981.3		
118.8195	2.2170	980.2	980.0	981.3		
118.8362	2.2095	980.2	980.1	981.3		
118.8528	2.2227	980.0	980.1	981.4		
118.8695	2.2196	980.0	980.1	981.4		
118.8862	2.2188	980.0	980.1	981.3		
118.9028	2.2214	980.0	980.0	981.2		
118.9195	2.2227	980.0	980.1	981.2		
118.9362	2.2170	980.0	980.0	981.1		
118.9528	2.2315	980.0	980.0	981.2		
118.9695	2.2231	980.0	980.0	981.2		
118.9862	2.2306	979.9	980.0	981.2		
119.0028	2.2350	979.8	980.0	981.1		
119.0195	2.2249	979.9	980.0	981.2		
119.0362	2.2267	979.9	980.0	981.1		
119.0528	2.2293	979.9	979.9	981.1		
119.0695	2.2315	979.9	980.0	981.2		
119.0862	2.2293	979.9	980.0	981.1		
119.1028	2.2341	980.1	980.0	981.2		
119.1195	2.2297	979.9	980.0	981.2		
119.1362	2.2249	980.0	980.0	981.2		
119.1528	2.2249	980.0	980.0	981.2		
119.1695	2.2381	980.0	980.0	981.2		
119.1862	2.2359	979.9	979.9	981.1		
119.2028	2.2315	980.1	980.0	981.1		
119.2195	2.2355	980.0	980.0	981.1		
119.2362	2.2350	980.0	979.9	981.1		
119.2528	2.2363	980.0	979.9	981.1		
119.2695	2.2438	979.9	979.9	981.1		
119.2862	2.2416	980.0	980.0	981.2		
119.3028	2.2438	980.0	979.9	981.1		
119.3195	2.2447	980.0	980.0	981.2		
119.3362	2.2469	980.0	980.0	981.2		
119.3528	2.2442	980.0	980.0	981.2		
119.3695	2.2438	979.9	979.9	981.1		
119.3862	2.2517	980.0	980.0	981.1		
119.4028	2.2495	980.0	980.0	981.2		
119.4195	2.2491	980.0	980.0	981.1		
119.4362	2.2434	980.0	980.0	981.2		
119.4528	2.2504	980.0	980.0	981.1		
119.4695	2.2403	980.0	980.0	981.2		
119.4862	2.2500	980.1	980.0	981.2		
119.5028	2.2579	980.0	980.0	981.1		
119.5195	2.2535	980.0	980.0	981.1		
119.5362	2.2526	979.9	980.0	981.1		
119.5528	2.2565	980.0	980.0	981.1		
119.5695	2.2513	980.0	980.0	981.1		
119.5862	2.2631	979.9	980.0	981.2		
119.6028	2.2473	980.1	980.0	981.2		
119.6195	2.2526	980.0	980.0	981.2		
119.6362	2.2623	980.0	980.0	981.2		
119.6528	2.2609	980.1	980.0	981.2		
119.6695	2.2500	980.0	980.0	981.2		
119.6862	2.2583	980.0	980.0	981.1		
119.7028	2.2579	980.0	980.0	981.2		
119.7195	2.2574	980.0	980.0	981.1		
119.7362	2.2645	980.0	980.0	981.1		
119.7528	2.2662	979.9	979.9	981.1		
119.7695	2.2631	979.9	979.9	981.1		
119.7862	2.2671	980.0	980.0	981.1		
119.8028	2.2614	979.9	979.9	981.0		
119.8195	2.2667	980.0	980.0	981.0		
119.8362	2.2640	979.9	980.0	981.0		
119.8528	2.2671	980.0	980.0	981.1		
119.8695	2.2772	979.9	979.9	981.1		
119.8862	2.2728	980.0	980.0	981.1		
119.9028	2.2680	980.0	980.0	981.1		
119.9195	2.2667	979.9	980.0	981.2		
119.9362	2.2732	979.9	979.9	981.1		
119.9528	2.2706	980.0	980.0	981.2		
119.9695	2.2785	980.0	980.0	981.2		
119.9862	2.2724	980.0	980.1	981.3		
120.0028	2.2772	980.0	980.1	981.3		
120.0195	2.2856	980.0	980.0	981.1		
120.0362	2.2785	980.0	980.1	981.3		
120.0528	2.2820	980.1	980.1	981.2		
120.0695	2.2728	980.1	980.0	981.1		
120.0862	2.2763	980.0	980.0	981.1		
120.1028	2.2781	980.2	980.1	981.2		
120.1195	2.2834	980.1	980.0	981.2		
120.1362	2.2785	980.1	980.0	981.2		
120.1528	2.2825	980.0	979.9	981.1		
120.1695	2.2847	980.0	980.0	981.1		
120.1862	2.2886	980.0	980.0	981.1		
120.2028	2.2891	980.0	980.0	981.1		
120.2195	2.2812	979.9	979.9	981.0		
120.2362	2.2952	980.0	980.0	981.1		
120.2528	2.2908	980.0	980.0	981.2		
120.2695	2.2908	980.0	980.0	981.1		
120.2862	2.3018	980.0	980.0	981.1		
120.3028	2.2891	979.9	979.9	981.1		
120.3195	2.2869	979.9	979.9	981.1		
120.3362	2.2948	980.0	980.0	981.2		
120.3528	2.3014	979.9	980.0	981.1		
120.3695	2.3036	980.0	980.0	981.2		
120.3862	2.2913	979.9	980.0	981.1		
120.4028	2.2979	980.0	980.0	981.2		
120.4195	2.2992	980.0	980.0	981.2		
120.4362	2.2974	980.0	980.0	981.1		
120.4528	2.3027	980.1	980.0	981.1		
120.4695	2.2979	979.9	979.9	981.1		
120.4862	2.3027	980.1	980.0	981.1		
120.5028	2.2961	980.1	980.0	981.1		
120.5195	2.2974	979.9	979.9	981.1		
120.5362	2.3031	980.0	980.0	981.1		
120.5528	2.3102	979.9	980.0	981.1		
120.5695	2.3141	980.0	980.0	981.1		
120.5862	2.2943	980.0	980.0	981.2		
120.6028	2.3102	980.0	979.9	981.1		
120.6195	2.3080	980.0	979.9	981.1		
120.6362	2.3040	980.0	979.9	981.1		
120.6528	2.3062	980.0	980.0	981.1		
120.6695	2.3128	980.0	979.9	981.0		
120.6862	2.3198	980.0	980.0	981.2		
120.7028	2.3128	979.9	980.0	981.2		
120.7195	2.3132	979.8	980.0	981.2		
120.7362	2.3185	979.9	980.0	981.2		
120.7528	2.3146	980.0	979.9	981.2		
120.7695	2.3255	979.9	979.9	981.1		
120.7862	2.3189	980.0	980.0	981.2		
120.8028	2.3203	979.9	980.0	981.2		
120.8195	2.3203	980.1	980.0	981.2		
120.8362	2.3247	980.1	980.1	981.2		
120.8528	2.3269	980.0	980.1	981.2		
120.8695	2.3203	980.0	980.0	981.2		
120.8862	2.3176	980.1	980.0	981.1		
120.9028	2.3194	980.1	980.0	981.2		
120.9195	2.3176	980.1	980.0	981.2		
120.9362	2.3264	980.2	980.0	981.1		
120.9528	2.3207	980.0	980.0	981.2		
120.9695	2.3225	980.0	980.0	981.1		
120.9862	2.3247	980.0	980.0	981.2		
121.0028	2.3216	980.0	980.0	981.1		
121.0195	2.3313	979.8	979.9	981.0		
121.0362	2.3291	980.0	980.0	981.2		
121.0528	2.3348	980.0	979.9	981.1		
121.0695	2.3352	980.0	980.0	981.1		
121.0862	2.3356	980.1	980.0	981.2		
121.1028	2.3418	979.9	980.0	981.1		
121.1195	2.3392	980.0	980.0	981.2		
121.1362	2.3365	980.0	980.0	981.1		
121.1528	2.3370	979.9	979.9	981.1		
121.1695	2.3335	980.0	980.0	981.1		
121.1862	2.3392	980.0	979.9	981.1		
121.2028	2.3449	979.9	980.0	981.1		
121.2195	2.3422	980.0	980.0	981.1		
121.2362	2.3343	980.1	980.0	981.1		
121.2528	2.3400	980.1	980.0	981.1		
121.2695	2.3405	980.1	980.0	981.1		
121.2862	2.3409	980.0	979.9	981.1		
121.3028	2.3444	980.0	980.1	981.2		
121.3195	2.3343	980.1	980.0	981.1		
121.3362	2.3515	980.1	979.9	981.1		
121.3528	2.3405	980.0	980.0	981.2		
121.3695	2.3409	980.0	979.9	981.1		
121.3862	2.3506	980.0	980.0	981.1		
121.4028	2.3453	980.1	980.0	981.2		
121.4195	2.3528	979.9	979.9	981.0		
121.4362	2.3462	980.0	980.0	981.1		
121.4528	2.3497	979.9	979.9	981.1		
121.4695	2.3594	980.0	980.0	981.2		
121.4862	2.3493	979.9	980.0	981.0		
121.5028	2.3488	980.0	980.0	981.2		
121.5195	2.3581	980.0	980.0	981.1		
121.5362	2.3554	980.0	980.1	981.2		
121.5528	2.3532	980.0	980.0	981.1		
121.5695	2.3559	980.0	980.0	981.2		
121.5862	2.3554	980.0	980.0	981.1		
121.6028	2.3620	980.0	980.0	981.1		
121.6195	2.3594	980.0	980.0	981.1		
121.6362	2.3594	980.0	980.0	981.1		
121.6528	2.3581	980.0	980.0	981.1		
121.6695	2.3554	980.0	980.0	981.2		
121.6862	2.3638	980.0	979.9	981.1		
121.7028	2.3532	980.0	980.0	981.1		
121.7195	2.3607	980.0	980.1	981.2		
121.7362	2.3607	980.0	980.0	981.1		
121.7528	2.3721	980.0	980.0	981.1		
121.7695	2.3664	980.0	980.0	981.1		
121.7862	2.3695	980.0	980.0	981.1		
121.8028	2.3668	980.1	980.0	981.1		
121.8195	2.3699	980.0	979.9	981.1		
121.8362	2.3668	980.0	980.0	981.1		
121.8528	2.3721	980.0	980.0	981.2		
121.8695	2.3739	979.9	979.9	981.1		
121.8862	2.3743	980.0	980.0	981.1		
121.9028	2.3743	980.0	980.0	981.1		
121.9195	2.3765	979.9	980.0	981.1		
121.9362	2.3787	980.0	980.0	981.2		
121.9528	2.3765	980.0	980.0	981.1		
121.9695	2.3783	980.0	980.0	981.1		
121.9862	2.3818	980.0	980.0	981.1		
122.0028	2.3783	980.0	980.0	981.2		
122.0195	2.3875	980.0	980.0	981.2		
122.0362	2.3862	980.0	980.0	981.2		
122.0528	2.3827	980.0	979.9	981.0		
122.0695	2.3910	979.9	980.0	981.1		
122.0862	2.3831	980.0	979.9	981.1		
122.1028	2.3853	980.1	980.0	981.2		
122.1195	2.3862	980.1	980.1	981.2		
122.1362	2.3893	980.0	980.0	981.1		
122.1528	2.3875	980.1	980.0	981.1		
122.1695	2.3849	980.1	980.0	981.1		
122.1862	2.3800	980.0	980.0	981.2		
122.2028	2.3862	980.0	980.0	981.2		
122.2195	2.3875	980.0	980.0	981.1		
122.2362	2.3985	980.0	980.0	981.1		
122.2528	2.3959	980.0	980.0	981.1		
122.2695	2.3941	980.0	979.9	981.1		
122.2862	2.4002	980.0	979.9	981.1		
122.3028	2.4011	980.0	979.9	981.1		
122.3195	2.3985	979.9	979.9	981.1		
122.3362	2.4038	980.1	980.0	981.1		
122.3528	2.3998	980.0	980.0	981.1		
122.3695	2.4042	980.0	980.0	981.1		
122.3862	2.3932	980.0	980.0	981.1		
122.4028	2.3989	979.9	980.0	981.1		
122.4195	2.4007	979.8	979.9	981.1		
122.4362	2.4011	980.0	980.1	981.1		
122.4528	2.4029	979.9	980.0	981.1		
122.4695	2.4112	980.0	980.0	981.2		
122.4862	2.4016	980.0	980.0	981.2		
122.5028	2.4011	980.0	980.0	981.2		
122.5195	2.4090	980.1	980.0	981.1		
122.5362	2.4130	980.1	980.0	981.1		
122.5528	2.4002	980.1	980.1	981.1		
122.5695	2.4130	980.0	980.0	981.1		
122.5862	2.4161	980.2	980.0	981.1		
122.6028	2.4051	980.1	980.0	981.1		
122.6195	2.4147	980.0	979.9	981.1		
122.6362	2.4068	979.9	979.9	981.0		
122.6528	2.4121	979.9	980.0	981.1		
122.6695	2.4266	980.0	979.9	981.1		
122.6862	2.4152	980.1	980.0	981.2		
122.7028	2.4139	980.0	980.0	981.1		
122.7195	2.4262	980.0	980.0	981.2		
122.7362	2.4183	980.0	980.0	981.1		
122.7528	2.4161	979.9	980.0	981.1		
122.7695	2.4213	980.0	980.0	981.0		
122.7862	2.4279	980.0	980.0	981.2		
122.8028	2.4240	979.9	980.0	981.1		
122.8195	2.4398	979.9	979.9	981.1		
122.8362	2.4205	980.0	980.0	981.2		
122.8528	2.4183	980.1	980.0	981.1		
122.8695	2.4209	980.0	980.0	981.2		
122.8862	2.4257	980.2	980.1	981.2		
122.9028	2.4323	980.1	980.0	981.1		
122.9195	2.4275	980.1	980.0	981.1		
122.9362	2.4323	980.1	980.1	981.2		
122.9528	2.4257	980.0	980.0	981.0		
122.9695	2.4380	980.0	980.0	981.2		
122.9862	2.4367	980.0	980.0	981.1		
123.0028	2.4301	980.0	979.9	981.0		
123.0195	2.4328	979.9	979.9	981.1		
123.0362	2.4319	979.9	980.0	981.1		
123.0528	2.4398	979.8	980.0	981.1		
123.0695	2.4433	980.0	980.0	981.1		
123.0862	2.4389	979.9	979.9	981.1		
123.1028	2.4486	979.9	979.9	981.1		
123.1195	2.4341	979.9	980.0	981.1		
123.1362	2.4389	979.9	979.9	981.1		
123.1528	2.4433	979.9	980.0	981.1		
123.1695	2.4407	980.0	980.0	981.1		
123.1862	2.4389	980.0	980.0	981.1		
123.2028	2.4433	980.0	980.0	981.1		
123.2195	2.4411	980.0	980.0	981.2		
123.2362	2.4464	980.0	980.0	981.2		
123.2528	2.4468	980.0	980.0	981.1		
123.2695	2.4477	980.0	980.0	981.2		
123.2862	2.4459	980.0	980.0	981.2		
123.3028	2.4490	980.1	980.1	981.1		
123.3195	2.4569	980.0	980.0	981.1		
123.3362	2.4503	979.9	979.9	981.0		
123.3528	2.4565	980.0	980.0	981.2		
123.3695	2.4517	979.9	979.9	981.0		
123.3862	2.4512	979.9	979.9	981.1		
123.4028	2.4530	980.0	980.0	981.1		
123.4195	2.4521	980.0	979.9	981.0		
123.4362	2.4543	980.0	980.0	981.1		
123.4528	2.4626	980.1	980.0	981.1		
123.4695	2.4600	980.0	979.9	981.1		
123.4862	2.4578	980.0	980.0	981.1		
123.5028	2.4587	980.0	979.9	981.1		
123.5195	2.4587	979.9	979.9	981.1		
123.5362	2.4653	979.9	979.9	981.1		
123.5528	2.4662	979.9	980.0	981.1		
123.5695	2.4631	980.0	979.9	981.1		
123.5862	2.4618	979.9	979.9	981.0		
123.6028	2.4653	980.0	980.0	981.1		
123.6195	2.4710	979.9	980.0	981.1		
123.6362	2.4640	980.0	980.0	981.1		
123.6528	2.4670	980.0	980.0	981.1		
123.6695	2.4684	979.9	979.9	981.1		
123.6862	2.4706	980.0	979.9	981.1		
123.7028	2.4701	980.0	980.0	981.1		
123.7195	2.4657	980.1	980.0	981.2		
123.7362	2.4706	980.0	980.0	981.1		
123.7528	2.4701	980.1	979.9	981.1		
123.7695	2.4710	980.0	980.0	981.1		
123.7862	2.4789	980.1	980.0	981.1		
123.8028	2.4771	980.0	980.0	981.1		
123.8195	2.4723	980.0	980.0	981.1		
123.8362	2.4842	980.0	980.0	981.2		
123.8528	2.4824	980.0	980.0	981.1		
123.8695	2.4890	980.0	980.0	981.2		
123.8862	2.4714	980.0	980.0	981.1		
123.9028	2.4780	980.0	980.0	981.1		
123.9195	2.4833	980.0	980.0	981.1		
123.9362	2.4917	980.0	980.0	981.1		
123.9528	2.4829	980.0	980.0	981.2		
123.9695	2.4899	979.9	979.9	981.1		
123.9862	2.4815	979.9	979.9	981.1		
124.0028	2.4925	980.0	980.0	981.1		
124.0195	2.4956	980.0	980.0	981.1		
124.0362	2.4877	979.9	980.0	981.1		
124.0528	2.4798	980.0	979.9	981.1		
124.0695	2.4943	980.0	980.0	981.1		
124.0862	2.4934	980.0	979.9	981.1		
124.1028	2.4851	980.0	980.0	981.1		
124.1195	2.4917	980.0	979.9	981.1		
124.1362	2.4903	980.0	980.0	981.1		
124.1528	2.4969	980.1	980.0	981.2		
124.1695	2.4974	980.0	980.0	981.1		
124.1862	2.4925	980.0	979.9	981.1		
124.2028	2.4952	980.2	980.1	981.2		
124.2195	2.4960	980.1	980.0	981.2		
124.2362	2.5066	979.9	979.9	981.0		
124.2528	2.5066	980.0	980.0	981.2		
124.2695	2.5062	980.0	979.9	981.1		
124.2862	2.5057	980.0	980.0	981.1		
124.3028	2.5066	980.0	979.9	981.1		
124.3195	2.5000	980.0	980.0	981.1		
124.3362	2.5035	980.0	980.0	981.1		
124.3528	2.5044	980.0	980.0	981.1		
124.3695	2.5123	980.0	980.0	981.1		
124.3862	2.5097	980.0	980.0	981.1		
124.4028	2.5119	979.9	979.9	981.1		
124.4195	2.5092	980.0	980.0	981.1		
124.4362	2.5136	980.0	980.0	981.2		
124.4528	2.5163	979.9	979.9	981.1		
124.4695	2.5158	980.0	980.0	981.0		
124.4862	2.5097	980.0	980.0	981.1		
124.5028	2.5127	980.0	979.9	981.1		
124.5195	2.5193	980.0	980.0	981.2		
124.5362	2.5163	980.0	980.0	981.0		
124.5528	2.5189	980.0	980.0	981.1		
124.5695	2.5207	980.0	979.9	981.1		
124.5862	2.5286	979.9	980.0	981.1		
124.6028	2.5185	979.9	979.9	981.1		
124.6195	2.5229	980.0	979.9	981.1		
124.6362	2.5233	980.0	980.0	981.1		
124.6528	2.5237	980.0	979.9	981.0		
124.6695	2.5202	980.0	980.0	981.1		
124.6862	2.5202	980.0	980.0	981.1		
124.7028	2.5250	980.0	980.0	981.1		
124.7195	2.5281	980.0	980.0	981.1		
124.7362	2.5347	980.0	980.0	981.2		
124.7528	2.5286	980.0	980.0	981.1		
124.7695	2.5312	980.0	980.0	981.1		
124.7862	2.5259	979.9	980.0	981.1		
124.8028	2.5290	980.0	980.0	981.1		
124.8195	2.5299	980.0	980.0	981.1		
124.8362	2.5400	980.0	980.1	981.2		
124.8528	2.5316	980.0	979.9	981.1		
124.8695	2.5369	980.0	980.0	981.1		
124.8862	2.5426	980.0	980.0	981.1		
124.9028	2.5422	980.0	980.0	981.2		
124.9195	2.5457	980.0	980.0	981.1		
124.9362	2.5382	980.0	980.0	981.1		
124.9528	2.5426	980.0	980.0	981.1		
124.9695	2.5409	979.9	979.9	981.1		
124.9862	2.5461	980.1	980.0	981.2		
125.0028	2.5453	980.0	980.0	981.2		
125.0195	2.5435	980.1	980.0	981.2		
125.0362	2.5453	980.0	980.0	981.1		
125.0528	2.5426	980.1	980.0	981.2		
125.0695	2.5497	980.0	980.0	981.1		
125.0862	2.5571	980.0	980.0	981.1		
125.1028	2.5554	980.0	979.9	981.0		
125.1195	2.5549	980.0	980.0	981.1		
125.1362	2.5527	980.0	979.9	981.1		
125.1528	2.5488	980.1	980.0	981.1		
125.1695	2.5558	980.0	979.9	981.1		
125.1862	2.5562	980.0	980.0	981.1		
125.2028	2.5580	980.0	980.0	981.1		
125.2195	2.5589	979.9	980.0	981.1		
125.2362	2.5558	979.9	980.0	981.1		
125.2528	2.5598	980.0	980.0	981.1		
125.2695	2.5624	980.0	980.0	981.1		
125.2862	2.5589	980.0	980.0	981.1		
125.3028	2.5598	979.9	979.9	981.1		
125.3195	2.5642	980.0	980.0	981.1		
125.3362	2.5562	980.0	980.0	981.1		
125.3528	2.5602	980.1	980.0	981.2		
125.3695	2.5659	980.0	980.0	981.1		
125.3862	2.5716	980.1	980.0	981.1		
125.4028	2.5729	980.0	980.0	981.1		
125.4195	2.5624	980.1	979.9	981.1		
125.4362	2.5738	980.0	979.9	981.1		
125.4528	2.5686	980.1	980.0	981.1		
125.4695	2.5664	980.0	980.0	981.1		
125.4862	2.5677	980.0	980.0	981.1		
125.5028	2.5721	980.0	979.9	981.0		
125.5195	2.5751	980.0	980.0	981.2		
125.5362	2.5804	980.1	980.0	981.1		
125.5528	2.5809	980.0	980.0	981.1		
125.5695	2.5743	980.0	980.0	981.1		
125.5862	2.5874	980.0	979.9	981.1		
125.6028	2.5813	980.0	979.9	981.2		
125.6195	2.5817	980.0	980.0	981.1		
125.6362	2.5800	980.0	980.0	981.1		
125.6528	2.5940	980.0	980.0	981.1		
125.6695	2.5817	980.1	980.0	981.1		
125.6862	2.5853	980.0	980.0	981.1		
125.7028	2.5857	980.0	980.0	981.1		
125.7195	2.5901	980.0	980.0	981.1		
125.7362	2.5932	980.0	980.0	981.1		
125.7528	2.5853	980.0	980.0	981.2		
125.7695	2.5910	980.1	980.0	981.1		
125.7862	2.5954	980.0	980.0	981.2		
125.8028	2.5932	980.1	980.0	981.1		
125.8195	2.5932	980.1	980.0	981.1		
125.8362	2.6033	980.1	980.0	981.1		
125.8528	2.5954	979.9	979.9	981.1		
125.8695	2.5967	980.1	980.0	981.1		
125.8862	2.5993	980.1	980.0	981.2		
125.9028	2.5927	980.0	980.0	981.2		
125.9195	2.6024	980.0	980.0	981.1		
125.9362	2.5945	980.1	980.0	981.1		
125.9528	2.5993	980.1	980.0	981.2		
125.9695	2.6028	979.9	980.0	981.0		
125.9862	2.6055	980.0	980.0	981.1		
126.0028	2.6041	980.0	979.9	981.0		
126.0195	2.6081	980.0	979.9	981.1		
126.0362	2.6116	980.0	979.9	981.1		
126.0528	2.6046	980.0	980.0	981.1		
126.0695	2.6085	979.9	979.9	981.1		
126.0862	2.6072	980.0	980.0	981.1		
126.1028	2.6151	980.0	980.0	981.1		
126.1195	2.6094	980.0	980.0	981.1		
126.1362	2.6081	980.0	980.0	981.2		
126.1528	2.6138	980.0	979.9	981.1		
126.1695	2.6165	980.0	980.0	981.2		
126.1862	2.6143	980.0	980.0	981.1		
126.2028	2.6125	980.0	980.0	981.1		
126.2195	2.6138	980.0	980.0	981.1		
126.2362	2.6191	980.1	980.0	981.1		
126.2528	2.6173	980.0	980.0	981.1		
126.2695	2.6226	980.0	980.0	981.1		
126.2862	2.6257	980.1	980.0	981.2		
126.3028	2.6266	980.0	979.9	981.2		
126.3195	2.6165	980.0	980.0	981.1		
126.3362	2.6261	980.1	980.0	981.2		
126.3528	2.6279	980.0	979.9	981.1		
126.3695	2.6208	980.1	980.0	981.1		
126.3862	2.6266	980.0	979.9	981.1		
126.4028	2.6310	980.0	980.0	981.1		
126.4195	2.6244	980.0	979.9	981.1		
126.4362	2.6274	980.0	979.9	981.1		
126.4528	2.6353	980.0	980.0	981.1		
126.4695	2.6292	980.0	979.9	981.0		
126.4862	2.6327	980.0	979.9	981.1		
126.5028	2.6358	980.1	980.0	981.1		
126.5195	2.6349	980.0	980.0	981.1		
126.5362	2.6332	980.1	980.0	981.1		
126.5528	2.6358	980.1	980.0	981.2		
126.5695	2.6419	980.0	980.0	981.1		
126.5862	2.6433	980.1	980.0	981.2		
126.6028	2.6389	980.0	980.0	981.1		
126.6195	2.6358	980.0	980.0	981.1		
126.6362	2.6424	980.0	980.0	981.1		
126.6528	2.6371	980.0	980.0	981.1		
126.6695	2.6481	979.9	980.0	981.1		
126.6862	2.6433	980.0	979.9	981.1		
126.7028	2.6384	980.0	980.0	981.2		
126.7195	2.6472	980.0	979.9	981.1		
126.7362	2.6512	980.1	980.0	981.1		
126.7528	2.6503	980.0	980.0	981.1		
126.7695	2.6455	980.0	980.0	981.1		
126.7862	2.6485	980.1	980.0	981.2		
126.8028	2.6507	980.0	980.0	981.1		
126.8195	2.6468	980.1	980.0	981.2		
126.8362	2.6441	980.0	980.0	981.1		
126.8528	2.6547	980.0	979.9	981.0		
126.8695	2.6503	980.0	979.9	981.0		
126.8862	2.6582	980.0	980.0	981.1		
126.9028	2.6595	980.1	980.0	981.1		
126.9195	2.6639	980.1	980.1	981.3		
126.9362	2.6551	979.9	980.0	981.1		
126.9528	2.6622	980.1	980.1	981.2		
126.9695	2.6600	980.0	980.0	981.2		
126.9862	2.6635	980.0	980.0	981.2		
127.0028	2.6644	980.0	980.0	981.1		
127.0195	2.6652	980.0	980.0	981.1		
127.0362	2.6644	980.0	980.0	981.2		
127.0528	2.6639	980.0	980.0	981.1		
127.0695	2.6701	980.0	980.0	981.2		
127.0862	2.6736	980.0	980.0	981.1		
127.1028	2.6683	980.1	980.0	981.2		
127.1195	2.6692	980.0	979.9	981.0		
127.1362	2.6745	980.0	980.0	981.2		
127.1528	2.6696	980.1	980.0	981.1		
127.1695	2.6753	980.0	980.1	981.2		
127.1862	2.6714	980.0	980.0	981.1		
127.2028	2.6775	980.0	980.0	981.1		
127.2195	2.6705	980.0	980.0	981.1		
127.2362	2.6745	980.0	979.9	981.0		
127.2528	2.6793	980.1	980.0	981.2		
127.2695	2.6767	980.0	980.0	981.1		
127.2862	2.6775	980.1	980.0	981.0		
127.3028	2.6784	980.1	980.0	981.1		
127.3195	2.6881	980.0	980.0	981.1		
127.3362	2.6793	980.0	980.0	981.0		
127.3528	2.6876	980.0	980.0	981.1		
127.3695	2.6863	980.0	980.0	981.1		
127.3862	2.6885	980.1	980.0	981.2		
127.4028	2.6876	980.0	979.9	981.1		
127.4195	2.6916	980.1	980.0	981.2		
127.4362	2.6885	980.1	980.0	981.1		
127.4528	2.6920	980.0	980.0	981.2		
127.4695	2.6872	980.0	980.0	981.1		
127.4862	2.6947	980.0	980.0	981.1		
127.5028	2.6916	980.0	980.0	981.1		
127.5195	2.6916	980.0	980.0	981.2		
127.5362	2.7004	980.0	980.0	981.2		
127.5528	2.6986	980.0	980.0	981.1		
127.5695	2.6978	980.1	980.0	981.2		
127.5862	2.7030	980.0	980.0	981.2		
127.6028	2.7017	980.0	980.0	981.2		
127.6195	2.6934	980.1	980.0	981.1		
127.6362	2.7030	980.1	980.0	981.1		
127.6528	2.7017	980.1	980.0	981.1		
127.6695	2.7043	980.1	980.0	981.1		
127.6862	2.6982	980.0	980.0	981.2		
127.7028	2.7074	980.0	980.0	981.1		
127.7195	2.7061	980.0	979.9	981.1		
127.7362	2.7065	980.1	980.0	981.1		
127.7528	2.7061	980.0	980.0	981.0		
127.7695	2.7109	980.1	979.9	981.1		
127.7862	2.7101	980.1	980.0	981.1		
127.8028	2.7153	980.0	980.0	981.1		
127.8195	2.7105	980.0	980.1	981.2		
127.8362	2.7109	980.0	980.0	981.2		
127.8528	2.7250	980.1	980.0	981.1		
127.8695	2.7136	980.0	980.0	981.2		
127.8862	2.7228	980.0	980.0	981.2		
127.9028	2.7215	980.0	980.0	981.1		
127.9195	2.7210	980.0	980.0	981.1		
127.9362	2.7153	980.0	980.0	981.1		
127.9528	2.7162	980.0	980.0	981.1		
127.9695	2.7237	980.1	979.9	981.1		
127.9862	2.7250	980.1	980.0	981.1		
128.0028	2.7254	980.0	980.0	981.1		
128.0195	2.7307	980.0	980.0	981.1		
128.0362	2.7272	980.1	980.0	981.1		
128.0528	2.7237	980.0	980.0	981.2		
128.0695	2.7294	980.0	980.0	981.2		
128.0862	2.7219	980.1	980.1	981.2		
128.1028	2.7268	980.0	980.0	981.2		
128.1195	2.7329	980.0	979.9	981.1		
128.1362	2.7417	980.0	980.0	981.0		
128.1528	2.7386	980.1	980.0	981.2		
128.1695	2.7342	980.0	980.0	981.1		
128.1862	2.7311	980.0	980.0	981.1		
128.2028	2.7307	980.1	980.0	981.1		
128.2195	2.7373	980.1	980.0	981.2		
128.2362	2.7408	980.1	980.0	981.1		
128.2528	2.7487	980.0	979.9	981.0		
128.2695	2.7421	980.0	980.0	981.1		
128.2862	2.7395	980.0	980.0	981.1		
128.3028	2.7443	980.1	980.0	981.1		
128.3195	2.7549	980.1	980.0	981.1		
128.3362	2.7496	980.0	980.0	981.1		
128.3528	2.7500	980.1	980.1	981.1		
128.3695	2.7461	980.0	980.0	981.1		
128.3862	2.7487	980.1	980.0	981.1		
128.4028	2.7452	980.1	980.0	981.2		
128.4195	2.7584	980.0	980.0	981.2		
128.4362	2.7522	980.1	980.0	981.1		
128.4528	2.7500	980.0	980.0	981.2		
128.4695	2.7571	980.0	980.0	981.1		
128.4862	2.7549	980.0	980.0	981.2		
128.5028	2.7571	980.1	980.0	981.2		
128.5195	2.7566	980.0	980.0	981.1		
128.5362	2.7549	980.0	980.0	981.1		
128.5528	2.7571	980.1	980.0	981.2		
128.5695	2.7531	980.1	980.0	981.1		
128.5862	2.7527	980.1	980.0	981.2		
128.6028	2.7645	980.1	980.0	981.1		
128.6195	2.7597	980.1	980.0	981.1		
128.6362	2.7628	980.1	980.0	981.2		
128.6528	2.7685	980.1	980.0	981.2		
128.6695	2.7672	980.1	980.1	981.2		
128.6862	2.7588	980.0	980.0	981.1		
128.7028	2.7742	980.2	980.0	981.1		
128.7195	2.7747	980.1	980.0	981.1		
128.7362	2.7694	980.0	980.0	981.1		
128.7528	2.7751	980.1	980.0	981.1		
128.7695	2.7742	980.0	979.9	981.1		
128.7862	2.7729	980.0	980.0	981.1		
128.8028	2.7826	980.0	979.9	981.1		
128.8195	2.7769	980.0	980.0	981.1		
128.8362	2.7751	980.0	980.0	981.0		
128.8528	2.7799	980.1	980.0	981.1		
128.8695	2.7843	980.0	980.0	981.1		
128.8862	2.7804	980.0	980.0	981.1		
128.9028	2.7808	980.0	980.0	981.1		
128.9195	2.7826	980.0	980.0	981.1		
128.9362	2.7935	980.0	979.9	981.1		
128.9528	2.7957	979.9	979.9	981.1		
128.9695	2.7865	980.1	980.0	981.2		
128.9862	2.7949	980.0	980.0	981.1		
129.0028	2.7892	980.0	980.0	981.2		
129.0195	2.7922	980.0	980.0	981.1		
129.0362	2.7878	980.1	980.0	981.2		
129.0528	2.7887	980.1	980.0	981.1		
129.0695	2.7909	980.1	980.0	981.1		
129.0862	2.7944	980.1	980.1	981.1		
129.1028	2.7922	980.1	980.0	981.1		
129.1195	2.7900	980.1	980.0	981.2		
129.1362	2.7900	980.1	980.0	981.0		
129.1528	2.8037	980.1	980.0	981.1		
129.1695	2.8006	980.0	980.0	981.1		
129.1862	2.8059	980.1	980.0	981.1		
129.2028	2.8006	980.1	980.0	981.1		
129.2195	2.7966	980.0	980.0	981.1		
129.2362	2.8063	980.0	980.1	981.2		
129.2528	2.8010	980.0	979.9	981.1		
129.2695	2.8133	980.0	980.0	981.1		
129.2862	2.8120	980.0	980.0	981.1		
129.3028	2.8072	980.0	980.0	981.2		
129.3195	2.8217	980.0	980.0	981.1		
129.3362	2.8107	980.0	980.0	981.1		
129.3528	2.8155	980.0	980.0	981.2		
129.3695	2.8111	980.0	979.9	981.1		
129.3862	2.8168	980.1	980.0	981.2		
129.4028	2.8138	980.1	980.0	981.1		
129.4195	2.8204	980.0	980.0	981.1		
129.4362	2.8120	980.1	980.0	981.2		
129.4528	2.8129	980.0	980.0	981.1		
129.4695	2.8199	980.1	980.0	981.1		
129.4862	2.8208	980.1	980.0	981.1		
129.5028	2.8133	980.1	980.0	981.1		
129.5195	2.8234	980.1	980.0	981.1		
129.5362	2.8256	980.1	980.0	981.1		
129.5528	2.8283	980.0	979.9	980.9		
129.5695	2.8234	980.1	979.9	981.0		
129.5862	2.8309	980.1	980.0	981.1		
129.6028	2.8331	980.1	980.0	981.1		
129.6195	2.8212	980.1	980.0	981.1		
129.6362	2.8327	980.0	979.9	981.1		
129.6528	2.8300	980.1	980.0	981.1		
129.6695	2.8340	980.1	980.0	981.1		
129.6862	2.8300	980.0	980.0	981.0		
129.7028	2.8393	980.0	980.0	981.1		
129.7195	2.8340	980.0	980.0	981.1		
129.7362	2.8371	980.0	980.0	981.1		
129.7528	2.8384	980.0	980.0	981.1		
129.7695	2.8401	980.0	980.0	981.1		
129.7862	2.8472	980.0	980.0	981.1		
129.8028	2.8388	980.1	980.0	981.1		
129.8195	2.8423	980.0	980.0	981.1		
129.8362	2.8472	980.1	980.0	981.1		
129.8528	2.8489	980.0	979.9	981.1		
129.8695	2.8476	980.0	980.0	981.1		
129.8862	2.8454	980.1	980.0	981.2		
129.9028	2.8414	980.0	979.9	981.0		
129.9195	2.8516	980.0	979.9	981.1		
129.9362	2.8555	980.1	980.0	981.1		
129.9528	2.8467	980.0	980.0	981.1		
129.9695	2.8498	980.1	980.0	981.1		
129.9862	2.8533	980.0	979.9	981.1		
130.0028	2.8480	980.1	980.0	981.1		
130.0195	2.8516	980.0	979.9	981.1		
130.0362	2.8590	980.1	980.0	981.2		
130.0528	2.8551	980.0	979.9	981.1		
130.0695	2.8564	980.1	980.0	981.2		
130.0862	2.8595	980.0	980.0	981.1		
130.1028	2.8573	980.1	980.0	981.1		
130.1195	2.8617	980.0	980.0	981.1		
130.1362	2.8603	980.0	979.9	981.1		
130.1528	2.8661	980.0	980.0	981.1		
130.1695	2.8652	980.0	979.9	981.1		
130.1862	2.8757	980.0	980.0	981.1		
130.2028	2.8678	980.0	980.0	981.1		
130.2195	2.8735	980.0	980.0	981.2		
130.2362	2.8709	980.0	979.9	981.0		
130.2528	2.8770	980.0	980.1	981.1		
130.2695	2.8661	980.0	980.0	981.1		
130.2862	2.8810	980.0	980.0	981.1		
130.3028	2.8792	980.0	980.0	981.2		
130.3195	2.8757	980.1	980.0	981.2		
130.3362	2.8854	980.0	979.9	981.1		
130.3528	2.8691	980.0	980.0	981.1		
130.3695	2.8872	980.0	980.0	981.1		
130.3862	2.8850	980.0	980.0	981.1		
130.4028	2.8810	980.1	980.0	981.1		
130.4195	2.8841	980.1	979.9	981.0		
130.4362	2.8841	980.0	980.0	981.1		
130.4528	2.8858	980.1	980.0	981.2		
130.4695	2.8832	980.1	980.0	981.1		
130.4862	2.8841	980.0	980.0	981.1		
130.5028	2.8841	980.1	980.0	981.1		
130.5195	2.8845	980.1	980.0	981.1		
130.5362	2.8858	980.1	980.0	981.1		
130.5528	2.8915	980.0	980.0	981.1		
130.5695	2.8999	980.1	980.0	981.1		
130.5862	2.8863	980.0	980.0	981.0		
130.6028	2.8959	980.0	979.9	981.1		
130.6195	2.9091	980.0	980.0	981.1		
130.6362	2.8990	980.1	980.0	981.1		
130.6528	2.8999	980.1	980.0	981.2		
130.6695	2.8986	980.1	980.1	981.1		
130.6862	2.9003	980.0	980.0	981.1		
130.7028	2.8973	980.0	980.0	981.1		
130.7195	2.9012	980.1	980.0	981.1		
130.7362	2.8968	980.1	980.1	981.2		
130.7528	2.9012	980.0	980.0	981.0		
130.7695	2.9135	980.0	980.0	981.1		
130.7862	2.9104	980.0	980.0	981.1		
130.8028	2.9131	980.0	980.0	981.1		
130.8195	2.9104	980.1	980.1	981.2		
130.8362	2.9162	980.0	979.9	981.0		
130.8528	2.9166	980.0	980.0	981.1		
130.8695	2.9109	979.9	979.9	981.1		
130.8862	2.9135	980.0	980.0	981.1		
130.9028	2.9192	980.0	979.9	981.1		
130.9195	2.9157	980.0	980.0	981.1		
130.9362	2.9192	980.0	980.0	981.0		
130.9528	2.9170	980.1	980.0	981.1		
130.9695	2.9232	980.1	980.0	981.1		
130.9862	2.9219	980.1	980.0	981.1		
131.0028	2.9148	980.1	979.9	981.0		
131.0195	2.9219	980.1	980.0	981.2		
131.0362	2.9271	980.1	980.0	981.0		
131.0528	2.9267	980.0	980.0	981.1		
131.0695	2.9175	980.0	980.0	981.1		
131.0862	2.9329	980.0	980.0	981.1		
131.1028	2.9315	980.0	980.0	981.1		
131.1195	2.9254	980.1	980.0	981.1		
131.1362	2.9258	980.1	980.1	981.2		
131.1528	2.9359	980.1	980.1	981.2		
131.1695	2.9355	980.0	980.0	981.2		
131.1862	2.9359	980.1	980.0	981.1		
131.2028	2.9394	980.0	980.0	981.2		
131.2195	2.9355	980.1	980.0	981.1		
131.2362	2.9425	980.1	980.0	981.2		
131.2528	2.9452	980.0	980.0	981.0		
131.2695	2.9416	980.0	980.0	981.2		
131.2862	2.9399	980.1	980.0	981.1		
131.3028	2.9438	980.1	980.0	981.2		
131.3195	2.9452	980.0	980.1	981.2		
131.3362	2.9460	980.0	980.0	981.1		
131.3528	2.9416	980.0	980.0	981.1		
131.3695	2.9430	980.1	980.0	981.1		
131.3862	2.9456	980.0	979.9	981.1		
131.4028	2.9496	980.1	980.0	981.2		
131.4195	2.9491	980.2	980.0	981.1		
131.4362	2.9456	980.1	980.0	981.1		
131.4528	2.9526	980.1	980.0	981.1		
131.4695	2.9509	980.1	980.0	981.1		
131.4862	2.9570	980.2	980.0	981.2		
131.5028	2.9597	980.1	980.0	981.1		
131.5195	2.9597	980.1	980.0	981.1		
131.5362	2.9654	980.0	980.0	981.1		
131.5528	2.9561	980.1	980.0	981.2		
131.5695	2.9627	980.1	980.0	981.1		
131.5862	2.9627	980.1	980.0	981.1		
131.6028	2.9676	980.1	980.0	981.1		
131.6195	2.9658	980.0	980.0	981.1		
131.6362	2.9728	980.0	980.0	981.2		
131.6528	2.9676	980.1	980.0	981.1		
131.6695	2.9711	980.1	980.0	981.1		
131.6862	2.9755	980.1	980.0	981.1		
131.7028	2.9733	980.1	980.0	981.1		
131.7195	2.9746	980.0	980.0	981.1		
131.7362	2.9711	980.0	980.0	981.2		
131.7528	2.9812	980.0	980.0	981.1		
131.7695	2.9759	980.0	980.0	981.2		
131.7862	2.9658	980.1	980.0	981.1		
131.8028	2.9733	980.1	980.0	981.2		
131.8195	2.9799	980.0	980.0	981.1		
131.8362	2.9873	980.1	980.0	981.1		
131.8528	2.9829	980.0	980.0	981.1		
131.8695	2.9891	980.1	980.0	981.1		
131.8862	2.9812	980.1	980.0	981.2		
131.9028	2.9882	980.1	980.0	981.1		
131.9195	2.9909	980.1	980.1	981.2		
131.9362	2.9803	980.1	980.0	981.1		
131.9528	2.9909	980.1	979.9	981.1		
131.9695	2.9970	980.2	980.0	981.2		
131.9862	2.9825	980.1	980.0	981.1		
132.0028	2.9847	980.2	980.0	981.1		
132.0195	2.9966	980.1	980.0	981.1		
132.0362	2.9900	980.2	980.1	981.2		
132.0528	2.9992	980.1	979.9	981.1		
132.0695	2.9900	980.1	980.0	981.1		
132.0862	2.9931	980.1	980.0	981.1		
132.1028	3.0045	980.1	980.0	981.1		
132.1195	3.0040	980.1	980.0	981.1		
132.1362	2.9988	980.0	980.0	981.2		
132.1528	3.0168	980.0	980.0	981.1		
132.1695	2.9992	980.1	980.0	981.1		
132.1862	3.0054	980.1	980.1	981.1		
132.2028	3.0062	980.1	980.0	981.2		
132.2195	3.0054	980.2	980.0	981.2		
132.2362	3.0045	980.1	980.0	981.2		
132.2528	3.0080	980.0	980.0	981.0		
132.2695	3.0111	980.1	980.0	981.2		
132.2862	3.0137	980.1	980.0	981.1		
132.3028	3.0207	980.1	980.0	981.2		
132.3195	3.0146	980.1	980.1	981.2		
132.3362	3.0221	980.1	980.1	981.1		
132.3528	3.0177	980.1	980.0	981.2		
132.3695	3.0247	980.0	980.0	981.1		
132.3862	3.0234	980.1	980.0	981.2		
132.4028	3.0238	980.1	980.0	981.2		
132.4195	3.0238	980.0	980.0	981.1		
132.4362	3.0168	980.1	980.0	981.1		
132.4528	3.0225	980.1	980.0	981.1		
132.4695	3.0225	980.1	980.0	981.1		
132.4862	3.0207	980.1	980.1	981.1		
132.5028	3.0247	980.1	979.9	981.1		
132.5195	3.0229	980.0	980.0	981.1		
132.5362	3.0313	980.1	980.0	981.2		
132.5528	3.0278	980.1	980.0	981.1		
132.5695	3.0308	980.1	980.0	981.1		
132.5862	3.0361	980.1	980.1	981.1		
132.6028	3.0344	980.1	980.0	981.1		
132.6195	3.0339	980.0	980.0	981.1		
132.6362	3.0308	980.1	980.0	981.2		
132.6528	3.0427	980.1	980.1	981.2		
132.6695	3.0352	980.1	980.0	981.1		
132.6862	3.0436	980.1	980.0	981.1		
132.7028	3.0396	980.0	980.0	981.1		
132.7195	3.0511	980.1	980.0	981.1		
132.7362	3.0537	980.1	980.0	981.1		
132.7528	3.0493	980.1	980.0	981.1		
132.7695	3.0493	980.0	980.0	981.1		
132.7862	3.0519	980.1	980.0	981.2		
132.8028	3.0528	980.0	980.0	981.1		
132.8195	3.0541	980.0	980.0	981.1		
132.8362	3.0506	980.1	980.1	981.2		
132.8528	3.0563	980.1	980.0	981.2		
132.8695	3.0594	980.0	980.0	981.1		
132.8862	3.0524	980.1	980.0	981.1		
132.9028	3.0572	980.0	980.0	981.1		
132.9195	3.0572	980.0	980.0	981.1		
132.9362	3.0607	980.0	980.0	981.1		
132.9528	3.0620	980.1	980.0	981.1		
132.9695	3.0625	980.1	980.0	981.0		
132.9862	3.0581	980.2	980.0	981.1		
133.0028	3.0625	980.1	980.1	981.1		
133.0195	3.0629	980.1	980.0	981.1		
133.0362	3.0629	980.1	980.0	981.1		
133.0528	3.0664	980.1	980.0	981.1		
133.0695	3.0678	980.1	980.0	981.1		
133.0862	3.0664	980.1	980.1	981.2		
133.1028	3.0700	980.1	980.0	981.1		
133.1195	3.0713	980.1	980.0	981.1		
133.1362	3.0726	980.1	980.0	981.1		
133.1528	3.0761	980.1	980.0	981.1		
133.1695	3.0761	980.1	980.0	981.0		
133.1862	3.0862	980.1	980.0	981.0		
133.2028	3.0831	980.1	980.0	981.2		
133.2195	3.0770	980.0	980.0	981.1		
133.2362	3.0761	980.1	980.1	981.2		
133.2528	3.0818	980.1	980.0	981.1		
133.2695	3.0831	980.1	980.0	981.1		
133.2862	3.0818	980.0	980.0	981.1		
133.3028	3.0911	980.1	980.0	981.1		
133.3195	3.0853	980.1	980.0	981.2		
133.3362	3.0954	980.1	980.0	981.1		
133.3528	3.0972	980.1	980.0	981.1		
133.3695	3.0937	980.1	980.0	981.1		
133.3862	3.0941	980.1	980.0	981.2		
133.4028	3.0906	980.0	980.0	981.1		
133.4195	3.0946	980.1	980.0	981.1		
133.4362	3.0976	980.1	980.0	981.1		
133.4528	3.0946	980.1	980.0	981.2		
133.4695	3.1060	980.1	980.0	981.1		
133.4862	3.0994	980.1	980.1	981.1		
133.5028	3.1007	980.1	980.0	981.0		
133.5195	3.1007	980.2	980.1	981.1		
133.5362	3.1082	980.1	980.0	981.1		
133.5528	3.0990	980.2	980.0	981.0		
133.5695	3.1025	980.1	980.0	981.1		
133.5862	3.1082	980.1	980.0	981.1		
133.6028	3.1042	980.1	980.0	981.1		
133.6195	3.1148	980.2	980.0	981.1		
133.6362	3.1099	980.1	980.0	981.0		
133.6528	3.1078	980.1	980.1	981.1		
133.6695	3.1095	980.1	980.0	981.1		
133.6862	3.1148	980.0	980.0	981.1		
133.7028	3.1108	980.1	980.0	981.1		
133.7195	3.1192	980.1	980.0	981.2		
133.7362	3.1223	980.0	980.0	981.1		
133.7528	3.1227	980.2	980.0	981.1		
133.7695	3.1187	980.0	980.0	981.1		
133.7862	3.1262	980.0	980.1	981.1		
133.8028	3.1328	980.0	980.0	981.1		
133.8195	3.1288	980.1	980.0	981.1		
133.8362	3.1271	980.1	980.0	981.2		
133.8528	3.1214	980.1	980.1	981.2		
133.8695	3.1315	980.1	980.0	981.1		
133.8862	3.1293	980.1	980.1	981.2		
133.9028	3.1385	980.0	979.9	981.0		
133.9195	3.1324	980.1	980.0	981.2		
133.9362	3.1359	980.1	980.1	981.1		
133.9528	3.1442	980.1	980.0	981.2		
133.9695	3.1319	980.1	979.9	981.1		
133.9862	3.1372	980.1	980.0	981.0		
134.0028	3.1359	980.1	979.9	981.1		
134.0195	3.1411	980.2	980.0	981.1		
134.0362	3.1381	980.2	980.1	981.2		
134.0528	3.1416	980.1	979.9	981.0		
134.0695	3.1420	980.2	979.9	981.1		
134.0862	3.1486	980.1	979.9	981.1		
134.1028	3.1442	980.1	980.0	981.1		
134.1195	3.1455	980.1	980.0	981.0		
134.1362	3.1526	980.1	980.0	981.1		
134.1528	3.1464	980.0	980.0	981.0		
134.1695	3.1543	980.0	980.0	981.1		
134.1862	3.1539	980.0	980.0	981.1		
134.2028	3.1543	980.1	980.0	981.1		
134.2195	3.1552	980.0	980.0	981.1		
134.2362	3.1600	980.1	980.0	981.1		
134.2528	3.1570	980.1	980.0	981.1		
134.2695	3.1578	980.1	980.0	981.1		
134.2862	3.1649	980.1	980.0	981.2		
134.3028	3.1636	980.0	980.0	981.1		
134.3195	3.1587	980.1	980.1	981.2		
134.3362	3.1609	980.1	980.0	981.1		
134.3528	3.1653	980.1	980.1	981.2		
134.3695	3.1728	980.1	980.0	981.1		
134.3862	3.1666	980.1	980.0	981.1		
134.4028	3.1710	980.1	980.1	981.1		
134.4195	3.1658	980.0	980.0	981.0		
134.4362	3.1776	980.1	980.0	981.1		
134.4528	3.1816	980.1	980.1	981.2		
134.4695	3.1750	980.1	980.0	981.1		
134.4862	3.1781	980.1	980.0	981.2		
134.5028	3.1776	980.1	980.0	981.0		
134.5195	3.1781	980.1	980.0	981.2		
134.5362	3.1776	980.1	980.1	981.1		
134.5528	3.1820	980.1	980.0	981.1		
134.5695	3.1851	980.1	980.0	981.1		
134.5862	3.1671	980.2	980.0	981.1		
134.6028	3.1816	980.1	980.0	981.0		
134.6195	3.1838	980.2	980.0	981.1		
134.6362	3.1833	980.2	980.0	981.1		
134.6528	3.1847	980.1	980.0	981.0		
134.6695	3.1917	980.2	980.0	981.2		
134.6862	3.1956	980.1	980.0	981.1		
134.7028	3.1943	980.1	980.0	981.1		
134.7195	3.1934	980.2	980.0	981.1		
134.7362	3.1983	980.1	980.0	981.1		
134.7528	3.1930	980.1	980.0	981.1		
134.7695	3.1974	980.1	980.0	981.1		
134.7862	3.1978	980.1	980.0	981.1		
134.8028	3.1943	980.1	980.0	981.1		
134.8195	3.2071	980.0	980.0	981.0		
134.8362	3.2022	980.1	980.0	981.1		
134.8528	3.2097	980.1	980.0	981.2		
134.8695	3.2053	980.1	980.0	981.1		
134.8862	3.2101	980.0	980.0	981.1		
134.9028	3.2044	980.1	980.0	981.1		
134.9195	3.2097	980.0	979.9	981.1		
134.9362	3.2049	980.0	980.0	981.2		
134.9528	3.2189	980.1	980.0	981.2		
134.9695	3.2101	980.1	980.0	981.1		
134.9862	3.2128	980.0	980.0	981.1		
135.0028	3.2185	980.2	980.1	981.1		
135.0195	3.2185	980.1	980.0	981.2		
135.0362	3.2154	980.1	980.0	981.1		
135.0528	3.2128	980.2	980.0	981.1		
135.0695	3.2229	980.1	980.0	981.1		
135.0862	3.2242	980.1	980.0	981.1		
135.1028	3.2224	980.1	980.1	981.1		
135.1195	3.2224	980.2	980.0	981.1		
135.1362	3.2321	980.1	980.0	981.0		
135.1528	3.2260	980.1	979.9	981.0		
135.1695	3.2299	980.1	980.0	981.1		
135.1862	3.2246	980.1	980.0	981.1		
135.2028	3.2339	980.1	980.0	981.1		
135.2195	3.2255	980.1	980.0	981.1		
135.2362	3.2343	980.2	980.1	981.1		
135.2528	3.2308	980.1	980.0	981.1		
135.2695	3.2273	980.1	980.0	981.1		
135.2862	3.2321	980.1	980.1	981.1		
135.3028	3.2453	980.0	980.0	981.1		
135.3195	3.2405	980.1	980.0	981.1		
135.3362	3.2449	980.1	980.0	981.1		
135.3528	3.2501	980.1	980.0	981.1		
135.3695	3.2440	980.1	980.0	981.1		
135.3862	3.2532	980.1	980.1	981.2		
135.4028	3.2405	980.2	980.1	981.2		
135.4195	3.2449	980.1	980.0	981.2		
135.4362	3.2493	980.1	980.1	981.2		
135.4528	3.2536	980.1	980.0	981.2		
135.4695	3.2567	980.1	980.1	981.1		
135.4862	3.2550	980.0	980.0	981.1		
135.5028	3.2580	980.2	980.1	981.2		
135.5195	3.2598	980.0	980.0	981.1		
135.5362	3.2550	980.1	980.0	981.0		
135.5528	3.2616	980.1	980.1	981.1		
135.5695	3.2563	980.1	980.1	981.1		
135.5862	3.2629	980.1	980.0	981.1		
135.6028	3.2585	980.2	980.0	981.1		
135.6195	3.2620	980.1	980.0	981.2		
135.6362	3.2690	980.1	980.0	981.1		
135.6528	3.2607	980.2	980.0	981.1		
135.6695	3.2633	980.1	980.0	981.0		
135.6862	3.2664	980.1	980.0	981.1		
135.7028	3.2743	980.1	980.0	981.1		
135.7195	3.2783	980.1	980.0	981.1		
135.7362	3.2721	980.1	980.0	981.0		
135.7528	3.2712	980.1	980.0	981.1		
135.7695	3.2730	980.1	980.1	981.2		
135.7862	3.2765	980.1	980.0	981.1		
135.8028	3.2690	980.1	980.0	981.1		
135.8195	3.2809	980.1	980.0	981.1		
135.8362	3.2848	980.0	980.0	981.1		
135.8528	3.2747	980.1	980.0	981.1		
135.8695	3.2884	980.1	980.0	981.1		
135.8862	3.2892	980.1	980.0	981.1		
135.9028	3.2835	980.0	980.0	981.0		
135.9195	3.2901	980.1	980.1	981.2		
135.9362	3.2901	980.0	980.0	981.1		
135.9528	3.2950	980.1	980.0	981.1		
135.9695	3.2954	980.1	980.0	981.2		
135.9862	3.2866	980.0	980.0	981.0		
136.0028	3.2901	980.1	980.0	981.1		
136.0195	3.2954	980.1	979.9	981.0		
136.0362	3.2888	980.1	980.0	981.1		
136.0528	3.2980	980.2	980.0	981.1		
136.0695	3.2950	980.2	980.1	981.1		
136.0862	3.2980	980.0	980.0	981.0		
136.1028	3.2963	980.1	980.0	981.1		
136.1195	3.3086	980.1	980.0	981.0		
136.1362	3.3064	980.2	980.0	981.1		
136.1528	3.3046	980.1	980.0	981.1		
136.1695	3.3055	980.0	980.0	981.1		
136.1862	3.3099	980.1	980.0	981.1		
136.2028	3.3046	980.1	980.0	981.1		
136.2195	3.3117	980.1	980.1	981.1		
136.2362	3.3143	980.1	980.1	981.1		
136.2528	3.3103	980.2	980.1	981.1		
136.2695	3.3191	980.1	980.1	981.1		
136.2862	3.3213	980.1	980.0	981.1		
136.3028	3.3226	980.1	980.1	981.1		
136.3195	3.3130	980.0	980.0	981.1		
136.3362	3.3108	980.1	980.0	981.0		
136.3528	3.3257	980.0	980.0	981.1		
136.3695	3.3336	980.0	979.9	981.0		
136.3862	3.3213	980.1	980.1	981.2		
136.4028	3.3279	980.1	980.0	981.2		
136.4195	3.3292	980.1	980.0	981.1		
136.4362	3.3292	980.1	979.9	981.0		
136.4528	3.3235	980.1	980.1	981.1		
136.4695	3.3301	980.2	980.1	981.1		
136.4862	3.3371	980.1	980.1	981.1		
136.5028	3.3270	980.1	980.0	981.1		
136.5195	3.3275	980.1	980.1	981.1		
136.5362	3.3415	980.1	980.0	981.1		
136.5528	3.3402	980.1	980.1	981.2		
136.5695	3.3371	980.1	980.0	981.1		
136.5862	3.3367	980.2	980.0	981.1		
136.6028	3.3451	980.2	980.0	981.1		
136.6195	3.3385	980.1	980.0	981.1		
136.6362	3.3446	980.1	980.0	981.1		
136.6528	3.3481	980.1	980.0	981.1		
136.6695	3.3420	980.1	980.0	981.1		
136.6862	3.3530	980.1	980.1	981.1		
136.7028	3.3530	980.0	980.1	981.1		
136.7195	3.3516	980.1	980.0	981.1		
136.7362	3.3477	980.1	980.0	981.0		
136.7528	3.3587	980.0	980.0	981.1		
136.7695	3.3552	980.1	980.0	981.0		
136.7862	3.3565	980.0	980.0	981.1		
136.8028	3.3609	980.2	980.0	981.1		
136.8195	3.3631	980.1	980.0	981.1		
136.8362	3.3609	980.1	980.0	981.1		
136.8528	3.3631	980.1	980.0	981.1		
136.8695	3.3609	980.1	980.0	981.1		
136.8862	3.3692	980.1	980.0	981.1		
136.9028	3.3618	980.1	980.0	981.1		
136.9195	3.3670	980.2	980.1	981.1		
136.9362	3.3705	980.1	980.1	981.2		
136.9528	3.3736	980.1	980.1	981.1		
136.9695	3.3754	980.1	980.0	981.1		
136.9862	3.3736	980.1	980.1	981.1		
137.0028	3.3828	980.1	980.0	981.1		
137.0195	3.3828	980.1	980.0	981.1		
137.0362	3.3758	980.0	980.0	981.1		
137.0528	3.3815	980.1	980.0	981.1		
137.0695	3.3842	980.0	980.0	981.1		
137.0862	3.3767	980.2	980.1	981.1		
137.1028	3.3846	980.1	980.0	981.1		
137.1195	3.3890	980.1	980.0	981.1		
137.1362	3.3877	980.1	980.0	981.1		
137.1528	3.3894	980.1	980.1	981.1		
137.1695	3.3894	980.1	980.0	981.1		
137.1862	3.3877	980.0	980.0	981.1		
137.2028	3.3908	980.2	980.1	981.2		
137.2195	3.3982	980.1	980.1	981.2		
137.2362	3.4061	980.2	980.1	981.1		
137.2528	3.3934	980.1	980.1	981.1		
137.2695	3.3921	980.1	980.1	981.1		
137.2862	3.3951	980.2	980.0	981.1		
137.3028	3.4026	980.2	980.1	981.2		
137.3195	3.4039	980.2	980.0	981.1		
137.3362	3.3991	980.2	980.0	981.1		
137.3528	3.4013	980.2	980.1	981.1		
137.3695	3.4026	980.1	980.0	981.1		
137.3862	3.4048	980.1	980.0	981.1		
137.4028	3.4083	980.1	980.1	981.1		
137.4195	3.4171	980.1	980.0	981.0		
137.4362	3.4061	980.1	980.0	981.1		
137.4528	3.4180	980.1	980.0	981.1		
137.4695	3.4162	980.2	980.1	981.2		
137.4862	3.4132	980.1	980.0	981.1		
137.5028	3.4198	980.1	980.0	981.1		
137.5195	3.4202	980.3	980.1	981.2		
137.5362	3.4211	980.1	980.1	981.2		
137.5528	3.4198	980.1	980.1	981.2		
137.5695	3.4211	980.1	980.0	981.1		
137.5862	3.4211	980.1	980.0	981.1		
137.6028	3.4233	980.1	980.0	981.1		
137.6195	3.4338	980.1	980.0	981.1		
137.6362	3.4215	980.1	980.0	981.1		
137.6528	3.4303	980.1	980.0	981.2		
137.6695	3.4290	980.1	980.0	981.1		
137.6862	3.4307	980.1	980.0	981.2		
137.7028	3.4356	980.1	980.0	981.1		
137.7195	3.4307	980.1	980.0	981.1		
137.7362	3.4321	980.1	980.0	981.1		
137.7528	3.4325	980.2	980.0	981.1		
137.7695	3.4439	980.1	980.0	981.1		
137.7862	3.4422	980.2	980.1	981.2		
137.8028	3.4457	980.2	980.0	981.1		
137.8195	3.4422	980.2	980.1	981.2		
137.8362	3.4365	980.2	980.1	981.2		
137.8528	3.4483	980.1	980.0	981.1		
137.8695	3.4474	980.1	980.0	981.0		
137.8862	3.4483	980.2	980.0	981.1		
137.9028	3.4567	980.1	980.0	981.1		
137.9195	3.4589	980.0	979.9	981.0		
137.9362	3.4554	980.1	980.0	981.1		
137.9528	3.4580	980.1	980.0	981.1		
137.9695	3.4593	980.1	980.0	981.1		
137.9862	3.4611	980.1	980.0	981.1		
138.0028	3.4602	980.1	980.1	981.1		
138.0195	3.4628	980.1	980.0	981.2		
138.0362	3.4712	980.1	980.1	981.1		
138.0528	3.4694	980.2	980.1	981.1		
138.0695	3.4663	980.2	980.1	981.1		
138.0862	3.4699	980.1	980.0	981.1		
138.1028	3.4633	980.1	980.1	981.1		
138.1195	3.4712	980.1	980.0	981.1		
138.1362	3.4742	980.0	980.0	981.1		
138.1528	3.4716	980.1	980.1	981.2		
138.1695	3.4681	980.1	980.0	981.1		
138.1862	3.4738	980.0	980.0	981.1		
138.2028	3.4800	980.2	980.1	981.2		
138.2195	3.4681	980.2	980.0	981.1		
138.2362	3.4786	980.1	980.0	981.1		
138.2528	3.4813	980.2	980.0	981.1		
138.2695	3.4844	980.1	980.0	981.1		
138.2862	3.4892	980.1	980.0	981.1		
138.3028	3.4879	980.2	980.0	981.1		
138.3195	3.4874	980.1	980.0	981.1		
138.3362	3.4852	980.1	980.0	981.1		
138.3528	3.4892	980.2	980.1	981.1		
138.3695	3.4967	980.1	980.0	981.1		
138.3862	3.4958	980.1	980.0	981.1		
138.4028	3.4949	980.1	980.1	981.1		
138.4195	3.4927	980.2	980.1	981.1		
138.4362	3.5050	980.1	980.1	981.1		
138.4528	3.4967	980.1	980.1	981.1		
138.4695	3.4993	980.2	980.0	981.1		
138.4862	3.5059	980.1	980.0	981.1		
138.5028	3.4909	980.1	980.0	981.1		
138.5195	3.5085	980.1	980.0	981.1		
138.5362	3.5090	980.2	980.0	981.2		
138.5528	3.5085	980.2	980.1	981.2		
138.5695	3.5195	980.1	980.0	981.1		
138.5862	3.5147	980.1	980.0	981.1		
138.6028	3.5116	980.0	980.0	981.0		
138.6195	3.5186	980.2	980.0	981.1		
138.6362	3.5142	980.1	980.0	981.1		
138.6528	3.5191	980.2	980.1	981.1		
138.6695	3.5213	980.1	980.1	981.1		
138.6862	3.5243	980.1	980.0	981.0		
138.7028	3.5160	980.2	980.1	981.3		
138.7195	3.5314	980.1	980.0	981.1		
138.7362	3.5208	980.1	980.1	981.1		
138.7528	3.5230	980.1	980.0	981.1		
138.7695	3.5252	980.2	980.0	981.1		
138.7862	3.5270	980.2	980.1	981.2		
138.8028	3.5314	980.2	980.1	981.1		
138.8195	3.5274	980.2	980.0	981.1		
138.8362	3.5296	980.2	980.0	981.1		
138.8528	3.5270	980.2	980.1	981.2		
138.8695	3.5309	980.2	980.1	981.1		
138.8862	3.5358	980.2	980.1	981.2		
138.9028	3.5406	980.2	980.0	981.1		
138.9195	3.5410	980.2	980.1	981.1		
138.9362	3.5441	980.1	980.0	981.1		
138.9528	3.5476	980.1	980.0	981.1		
138.9695	3.5481	980.1	980.0	981.0		
138.9862	3.5428	980.2	980.1	981.1		
139.0028	3.5525	980.2	980.1	981.2		
139.0195	3.5551	980.1	980.0	981.1		
139.0362	3.5494	980.1	980.0	981.1		
139.0528	3.5533	980.1	980.1	981.2		
139.0695	3.5520	980.2	980.1	981.2		
139.0862	3.5639	980.1	980.1	981.1		
139.1028	3.5547	980.2	980.0	981.1		
139.1195	3.5529	980.1	980.1	981.1		
139.1362	3.5674	980.1	980.0	981.1		
139.1528	3.5617	980.2	980.1	981.1		
139.1695	3.5599	980.2	980.1	981.1		
139.1862	3.5639	980.1	980.0	981.1		
139.2028	3.5652	980.1	980.0	981.2		
139.2195	3.5670	980.1	980.0	981.1		
139.2362	3.5683	980.2	980.1	981.2		
139.2528	3.5705	980.1	980.0	981.0		
139.2695	3.5705	980.2	980.0	981.1		
139.2862	3.5709	980.2	980.1	981.2		
139.3028	3.5696	980.1	980.0	981.0		
139.3195	3.5784	980.2	980.0	981.1		
139.3362	3.5784	980.2	980.0	981.0		
139.3528	3.5788	980.2	980.1	981.1		
139.3695	3.5863	980.2	980.0	981.1		
139.3862	3.5872	980.1	980.0	981.1		
139.4028	3.5859	980.2	980.1	981.1		
139.4195	3.5841	980.2	980.0	981.1		
139.4362	3.5815	980.1	980.0	981.1		
139.4528	3.5845	980.1	980.0	981.1		
139.4695	3.5876	980.1	980.1	981.1		
139.4862	3.6034	980.1	980.1	981.1		
139.5028	3.5955	980.1	980.1	981.1		
139.5195	3.5938	980.1	980.0	981.0		
139.5362	3.5969	980.1	980.0	981.1		
139.5528	3.5955	980.1	980.1	981.2		
139.5695	3.5942	980.1	980.0	981.0		
139.5862	3.6004	980.2	980.1	981.2		
139.6028	3.5995	980.1	980.0	981.1		
139.6195	3.5982	980.1	980.0	981.1		
139.6362	3.5973	980.1	980.0	981.0		
139.6528	3.6136	980.1	980.1	981.2		
139.6695	3.6109	980.2	980.0	981.1		
139.6862	3.6078	980.2	980.0	981.2		
139.7028	3.6021	980.1	980.1	981.1		
139.7195	3.6012	980.2	980.1	981.1		
139.7362	3.6263	980.2	980.1	981.2		
139.7528	3.6083	980.2	980.1	981.1		
139.7695	3.6144	980.2	980.1	981.1		
139.7862	3.6175	980.2	980.1	981.1		
139.8028	3.6149	980.2	980.0	981.1		
139.8195	3.6193	980.2	980.1	981.1		
139.8362	3.6215	980.2	980.1	981.1		
139.8528	3.6175	980.1	980.0	981.1		
139.8695	3.6285	980.1	980.0	981.1		
139.8862	3.6281	980.1	980.0	981.1		
139.9028	3.6276	980.0	980.0	981.1		
139.9195	3.6281	980.2	980.0	981.1		
139.9362	3.6289	980.1	980.0	981.1		
139.9528	3.6259	980.1	980.0	981.0		
139.9695	3.6351	980.1	980.1	981.1		
139.9862	3.6364	980.1	980.0	981.2		
140.0028	3.6338	980.1	980.1	981.2		
140.0195	3.6421	980.1	980.1	981.1		
140.0362	3.6487	980.1	980.0	981.1		
140.0528	3.6412	980.1	980.0	981.1		
140.0695	3.6386	980.2	980.1	981.2		
140.0862	3.6505	980.1	980.1	981.2		
140.1028	3.6496	980.1	980.1	981.2		
140.1195	3.6540	980.1	980.0	981.2		
140.1362	3.6491	980.1	980.0	981.1		
140.1528	3.6553	980.2	980.0	981.1		
140.1695	3.6606	980.1	980.0	981.1		
140.1862	3.6566	980.2	980.0	981.1		
140.2028	3.6487	980.1	980.0	981.1		
140.2195	3.6610	980.1	979.9	981.0		
140.2362	3.6606	980.2	980.0	981.1		
140.2528	3.6566	980.2	980.1	981.2		
140.2695	3.6584	980.2	980.1	981.2		
140.2862	3.6641	980.2	980.1	981.2		
140.3028	3.6694	980.2	980.1	981.1		
140.3195	3.6610	980.2	980.1	981.1		
140.3362	3.6641	980.3	980.1	981.2		
140.3528	3.6742	980.2	980.1	981.2		
140.3695	3.6672	980.1	980.1	981.2		
140.3862	3.6711	980.1	980.0	981.1		
140.4028	3.6707	980.1	980.1	981.2		
140.4195	3.6760	980.2	980.1	981.2		
140.4362	3.6777	980.1	980.0	981.1		
140.4528	3.6830	980.0	980.0	981.1		
140.4695	3.6795	980.1	980.1	981.2		
140.4862	3.6887	980.2	980.0	981.1		
140.5028	3.6834	980.1	980.0	981.1		
140.5195	3.6847	980.2	980.1	981.2		
140.5362	3.6896	980.1	980.1	981.1		
140.5528	3.6891	980.1	980.0	981.1		
140.5695	3.6918	980.1	980.1	981.2		
140.5862	3.6913	980.1	980.0	981.1		
140.6028	3.6944	980.1	980.1	981.1		
140.6195	3.6966	980.2	980.0	981.1		
140.6362	3.7014	980.1	980.1	981.1		
140.6528	3.6948	980.1	980.0	981.1		
140.6695	3.7032	980.2	980.0	981.1		
140.6862	3.7076	980.1	980.0	981.1		
140.7028	3.7054	980.1	980.0	981.2		
140.7195	3.7028	980.1	980.0	981.0		
140.7362	3.7137	980.2	980.0	981.1		
140.7528	3.7063	980.1	980.0	981.1		
140.7695	3.7080	980.2	980.1	981.2		
140.7862	3.7019	980.2	980.1	981.1		
140.8028	3.7076	980.2	980.0	981.2		
140.8195	3.7133	980.2	980.0	981.2		
140.8362	3.7164	980.2	980.1	981.2		
140.8528	3.7173	980.2	980.1	981.2		
140.8695	3.7133	980.2	980.0	981.1		
140.8862	3.7230	980.2	980.1	981.1		
140.9028	3.7181	980.1	980.0	981.1		
140.9195	3.7243	980.2	980.0	981.1		
140.9362	3.7230	980.1	980.1	981.1		
140.9528	3.7212	980.1	980.1	981.1		
140.9695	3.7230	980.2	980.1	981.2		
140.9862	3.7296	980.1	980.1	981.2		
141.0028	3.7370	980.2	980.1	981.1		
141.0195	3.7309	980.2	980.1	981.1		
141.0362	3.7322	980.0	980.1	981.1		
141.0528	3.7340	980.1	980.0	981.0		
141.0695	3.7366	980.1	980.0	981.1		
141.0862	3.7392	980.1	980.0	981.1		
141.1028	3.7423	980.1	980.0	981.0		
141.1195	3.7406	980.2	980.1	981.2		
141.1362	3.7445	980.2	980.1	981.2		
141.1528	3.7546	980.1	980.0	981.2		
141.1695	3.7476	980.1	980.0	981.1		
141.1862	3.7436	980.1	980.0	981.2		
141.2028	3.7432	980.2	980.1	981.2		
141.2195	3.7533	980.1	980.0	981.0		
141.2362	3.7537	980.2	980.0	981.1		
141.2528	3.7608	980.1	980.0	981.1		
141.2695	3.7564	980.2	980.1	981.2		
141.2862	3.7493	980.2	980.1	981.2		
141.3028	3.7665	980.2	980.1	981.2		
141.3195	3.7520	980.2	980.1	981.1		
141.3362	3.7634	980.2	980.0	981.1		
141.3528	3.7656	980.1	980.1	981.1		
141.3695	3.7612	980.2	980.0	981.1		
141.3862	3.7660	980.1	980.0	981.1		
141.4028	3.7691	980.1	980.1	981.2		
141.4195	3.7704	980.2	980.1	981.1		
141.4362	3.7739	980.2	980.0	981.1		
141.4528	3.7753	980.2	980.1	981.1		
141.4695	3.7722	980.2	980.1	981.2		
141.4862	3.7863	980.2	980.1	981.1		
141.5028	3.7783	980.2	980.1	981.2		
141.5195	3.7827	980.2	980.1	981.2		
141.5362	3.7832	980.2	980.1	981.1		
141.5528	3.7823	980.2	980.1	981.2		
141.5695	3.7867	980.2	980.1	981.1		
141.5862	3.7889	980.2	980.1	981.1		
141.6028	3.7906	980.1	980.1	981.2		
141.6195	3.8016	980.0	980.0	981.1		
141.6362	3.7827	980.2	980.1	981.1		
141.6528	3.7880	980.1	980.0	981.1		
141.6695	3.8034	980.1	980.0	981.1		
141.6862	3.7990	980.1	980.1	981.2		
141.7028	3.7977	980.1	980.0	981.1		
141.7195	3.7968	980.2	980.1	981.2		
141.7362	3.8073	980.2	980.1	981.2		
141.7528	3.8038	980.3	980.0	981.1		
141.7695	3.8025	980.1	980.1	981.1		
141.7862	3.8052	980.2	980.0	981.1		
141.8028	3.7999	980.2	980.0	981.1		
141.8195	3.8144	980.1	980.0	981.1		
141.8362	3.8122	980.1	980.1	981.1		
141.8528	3.8201	980.2	980.0	981.1		
141.8695	3.8157	980.1	980.0	981.1		
141.8862	3.8157	980.1	980.0	981.1		
141.9028	3.8188	980.2	980.0	981.1		
141.9195	3.8205	980.1	980.0	981.1		
141.9362	3.8197	980.1	980.0	981.1		
141.9528	3.8240	980.1	980.0	981.1		
141.9695	3.8197	980.1	980.0	981.1		
141.9862	3.8364	980.2	980.1	981.2		
142.0028	3.8205	980.1	980.0	981.0		
142.0195	3.8201	980.1	980.0	981.1		
142.0362	3.8399	980.2	980.1	981.2		
142.0528	3.8412	980.1	980.0	981.2		
142.0695	3.8337	980.2	980.1	981.2		
142.0862	3.8337	980.1	980.0	981.1		
142.1028	3.8355	980.2	980.1	981.1		
142.1195	3.8355	980.1	980.0	981.0		
142.1362	3.8434	980.2	980.0	981.1		
142.1528	3.8456	980.1	980.0	981.1		
142.1695	3.8385	980.1	980.0	981.1		
142.1862	3.8535	980.2	980.0	981.1		
142.2028	3.8469	980.2	980.1	981.1		
142.2195	3.8447	980.2	980.0	981.1		
142.2362	3.8399	980.2	980.0	981.1		
142.2528	3.8487	980.1	980.0	981.1		
142.2695	3.8552	980.2	980.0	981.0		
142.2862	3.8513	980.1	980.0	981.1		
142.3028	3.8596	980.1	980.0	981.0		
142.3195	3.8592	980.2	980.0	981.0		
142.3362	3.8618	980.1	980.1	981.3		
142.3528	3.8636	980.1	980.1	981.2		
142.3695	3.8592	980.1	980.2	981.2		
142.3862	3.8697	980.2	980.2	981.3		
142.4028	3.8662	980.2	980.1	981.2		
142.4195	3.8697	980.2	980.2	981.3		
142.4362	3.8728	980.1	980.0	981.1		
142.4528	3.8755	980.2	980.1	981.2		
142.4695	3.8772	980.2	980.0	981.1		
142.4862	3.8689	980.2	980.1	981.2		
142.5028	3.8803	980.1	980.1	981.2		
142.5195	3.8746	980.1	980.1	981.1		
142.5362	3.8816	980.1	980.0	981.1		
142.5528	3.8803	980.2	980.1	981.2		
142.5695	3.8816	980.2	980.0	981.1		
142.5862	3.8908	980.3	980.2	981.2		
142.6028	3.8843	980.1	980.0	981.1		
142.6195	3.8895	980.2	980.0	981.2		
142.6362	3.8979	980.2	980.0	981.1		
142.6528	3.8926	980.2	980.1	981.2		
142.6695	3.8988	980.2	980.1	981.2		
142.6862	3.8939	980.1	980.0	981.1		
142.7028	3.9040	980.2	980.1	981.1		
142.7195	3.8961	980.2	980.1	981.2		
142.7362	3.8974	980.2	980.1	981.2		
142.7528	3.9036	980.2	980.1	981.1		
142.7695	3.9053	980.2	980.0	981.2		
142.7862	3.9045	980.2	980.1	981.2		
142.8028	3.9176	980.1	980.1	981.1		
142.8195	3.9031	980.2	980.2	981.2		
142.8362	3.9128	980.2	980.1	981.1		
142.8528	3.9115	980.1	980.1	981.2		
142.8695	3.9159	980.2	980.1	981.2		
142.8862	3.9115	980.2	980.2	981.2		
142.9028	3.9176	980.1	980.1	981.1		
142.9195	3.9185	980.2	980.1	981.2		
142.9362	3.9269	980.1	980.0	981.1		
142.9528	3.9264	980.1	980.0	981.1		
142.9695	3.9256	980.1	980.0	981.1		
142.9862	3.9238	980.1	980.1	981.2		
143.0028	3.9286	980.2	980.1	981.2		
143.0195	3.9308	980.2	980.1	981.2		
143.0362	3.9269	980.2	980.1	981.2		
143.0528	3.9379	980.2	980.1	981.1		
143.0695	3.9304	980.3	980.1	981.2		
143.0862	3.9282	980.2	980.0	981.2		
143.1028	3.9418	980.3	980.1	981.1		
143.1195	3.9418	980.2	980.1	981.2		
143.1362	3.9467	980.2	980.1	981.1		
143.1528	3.9480	980.2	980.1	981.2		
143.1695	3.9431	980.2	980.1	981.1		
143.1862	3.9471	980.2	980.1	981.1		
143.2028	3.9550	980.2	980.0	981.1		
143.2195	3.9510	980.2	980.1	981.1		
143.2362	3.9467	980.2	980.1	981.2		
143.2528	3.9554	980.1	980.1	981.1		
143.2695	3.9563	980.2	980.0	981.1		
143.2862	3.9576	980.2	980.0	981.1		
143.3028	3.9568	980.2	980.1	981.2		
143.3195	3.9634	980.2	980.0	981.2		
143.3362	3.9612	980.2	980.1	981.2		
143.3528	3.9717	980.2	980.1	981.2		
143.3695	3.9774	980.2	980.1	981.2		
143.3862	3.9677	980.2	980.1	981.2		
143.4028	3.9655	980.2	980.1	981.2		
143.4195	3.9713	980.3	980.1	981.2		
143.4362	3.9699	980.3	980.2	981.3		
143.4528	3.9765	980.3	980.1	981.2		
143.4695	3.9774	980.2	980.1	981.2		
143.4862	3.9735	980.3	980.1	981.2		
143.5028	3.9866	980.3	980.1	981.2		
143.5195	3.9792	980.2	980.1	981.1		
143.5362	3.9840	980.2	980.0	981.1		
143.5528	3.9809	980.2	980.1	981.2		
143.5695	3.9880	980.1	980.0	981.2		
143.5862	3.9884	980.1	980.0	981.1		
143.6028	3.9844	980.2	980.1	981.2		
143.6195	3.9897	980.2	980.1	981.2		
143.6362	3.9897	980.2	980.1	981.2		
143.6528	3.9902	980.1	980.1	981.2		
143.6695	4.0003	980.1	980.1	981.2		
143.6862	3.9994	980.2	980.1	981.2		
143.7028	4.0025	980.2	980.1	981.2		
143.7195	4.0007	980.1	980.1	981.2		
143.7362	4.0020	980.2	980.1	981.2		
143.7528	4.0016	980.2	980.1	981.2		
143.7695	4.0091	980.3	980.1	981.3		
143.7862	4.0104	980.2	980.1	981.2		
143.8028	4.0082	980.1	980.0	981.1		
143.8195	4.0104	980.3	980.1	981.2		
143.8362	4.0060	980.2	980.1	981.2		
143.8528	4.0112	980.2	980.1	981.2		
143.8695	4.0205	980.3	980.1	981.1		
143.8862	4.0174	980.2	980.1	981.1		
143.9028	4.0183	980.2	980.1	981.1		
143.9195	4.0236	980.2	980.1	981.2		
143.9362	4.0161	980.3	980.1	981.2		
143.9528	4.0301	980.3	980.1	981.2		
143.9695	4.0218	980.2	980.1	981.1		
143.9862	4.0350	980.3	980.2	981.3		
144.0028	4.0319	980.2	980.1	981.2		
144.0195	4.0315	980.3	980.2	981.2		
144.0362	4.0367	980.2	980.1	981.2		
144.0528	4.0350	980.2	980.1	981.2		
144.0695	4.0429	980.2	980.1	981.2		
144.0862	4.0438	980.2	980.0	981.1		
144.1028	4.0451	980.3	980.1	981.2		
144.1195	4.0446	980.2	980.0	981.1		
144.1362	4.0398	980.2	980.1	981.2		
144.1528	4.0495	980.2	980.0	981.1		
144.1695	4.0499	980.1	980.1	981.2		
144.1862	4.0495	980.3	980.2	981.2		
144.2028	4.0534	980.2	980.1	981.2		
144.2195	4.0561	980.2	980.1	981.2		
144.2362	4.0561	980.2	980.1	981.2		
144.2528	4.0583	980.3	980.1	981.2		
144.2695	4.0644	980.3	980.1	981.2		
144.2862	4.0591	980.2	980.1	981.2		
144.3028	4.0644	980.2	980.1	981.2		
144.3195	4.0653	980.2	980.1	981.2		
144.3362	4.0631	980.2	980.1	981.2		
144.3528	4.0671	980.2	980.1	981.2		
144.3695	4.0785	980.2	980.1	981.2		
144.3862	4.0728	980.2	980.1	981.2		
144.4028	4.0737	980.2	980.1	981.1		
144.4195	4.0772	980.2	980.0	981.2		
144.4362	4.0780	980.2	980.1	981.1		
144.4528	4.0890	980.2	980.1	981.1		
144.4695	4.0851	980.1	980.1	981.2		
144.4862	4.0864	980.2	980.2	981.2		
144.5028	4.0925	980.2	980.1	981.2		
144.5195	4.0873	980.2	980.1	981.2		
144.5362	4.0930	980.1	980.1	981.2		
144.5528	4.0877	980.3	980.2	981.2		
144.5695	4.0961	980.2	980.1	981.2		
144.5862	4.0912	980.2	980.1	981.1		
144.6028	4.0930	980.2	980.0	981.2		
144.6195	4.1005	980.2	980.1	981.2		
144.6362	4.0921	980.2	980.1	981.2		
144.6528	4.1044	980.2	980.1	981.2		
144.6695	4.0956	980.3	980.1	981.2		
144.6862	4.1092	980.2	980.1	981.1		
144.7028	4.1092	980.3	980.1	981.2		
144.7195	4.1044	980.2	980.1	981.2		
144.7362	4.1132	980.2	980.1	981.2		
144.7528	4.1079	980.3	980.1	981.2		
144.7695	4.1101	980.2	980.1	981.2		
144.7862	4.1189	980.2	980.2	981.2		
144.8028	4.1158	980.3	980.1	981.2		
144.8195	4.1229	980.2	980.1	981.1		
144.8362	4.1242	980.2	980.1	981.2		
144.8528	4.1233	980.2	980.1	981.1		
144.8695	4.1277	980.2	980.1	981.1		
144.8862	4.1259	980.3	980.2	981.3		
144.9028	4.1321	980.2	980.2	981.2		
144.9195	4.1334	980.2	980.1	981.2		
144.9362	4.1365	980.2	980.1	981.1		
144.9528	4.1330	980.1	980.0	981.2		
144.9695	4.1387	980.2	980.0	981.1		
144.9862	4.1413	980.1	980.1	981.1		
145.0028	4.1501	980.3	980.1	981.2		
145.0195	4.1330	980.2	980.1	981.1		
145.0362	4.1382	980.2	980.0	981.1		
145.0528	4.1431	980.2	980.1	981.1		
145.0695	4.1431	980.3	980.1	981.1		
145.0862	4.1475	980.3	980.2	981.3		
145.1028	4.1501	980.2	980.0	981.0		
145.1195	4.1514	980.3	980.2	981.2		
145.1362	4.1501	980.3	980.1	981.2		
145.1528	4.1576	980.3	980.1	981.2		
145.1695	4.1659	980.2	980.1	981.2		
145.1862	4.1593	980.2	980.1	981.1		
145.2028	4.1699	980.2	980.1	981.2		
145.2195	4.1642	980.2	980.1	981.1		
145.2362	4.1668	980.2	980.1	981.2		
145.2528	4.1681	980.3	980.1	981.2		
145.2695	4.1760	980.2	980.1	981.2		
145.2862	4.1730	980.2	980.2	981.2		
145.3028	4.1712	980.2	980.1	981.2		
145.3195	4.1765	980.2	980.1	981.1		
145.3362	4.1796	980.2	980.0	981.1		
145.3528	4.1835	980.2	980.1	981.2		
145.3695	4.1782	980.2	980.1	981.1		
145.3862	4.1778	980.2	980.0	981.2		
145.4028	4.1883	980.2	980.1	981.1		
145.4195	4.1853	980.3	980.1	981.2		
145.4362	4.1875	980.2	980.1	981.1		
145.4528	4.1901	980.3	980.1	981.2		
145.4695	4.1888	980.2	980.0	981.1		
145.4862	4.1835	980.3	980.1	981.2		
145.5028	4.1910	980.2	980.1	981.2		
145.5195	4.1963	980.2	980.0	981.1		
145.5362	4.1958	980.2	980.0	981.1		
145.5528	4.2064	980.2	980.1	981.2		
145.5695	4.2024	980.2	980.1	981.1		
145.5862	4.2068	980.2	980.1	981.2		
145.6028	4.2028	980.2	980.1	981.2		
145.6195	4.2033	980.1	980.1	981.2		
145.6362	4.2152	980.2	980.1	981.2		
145.6528	4.2143	980.2	980.1	981.2		
145.6695	4.2112	980.2	980.2	981.2		
145.6862	4.2165	980.3	980.1	981.2		
145.7028	4.2152	980.2	980.1	981.1		
145.7195	4.2195	980.2	980.1	981.2		
145.7362	4.2235	980.2	980.1	981.2		
145.7528	4.2253	980.2	980.1	981.1		
145.7695	4.2266	980.2	980.0	981.1		
145.7862	4.2332	980.2	980.0	981.1		
145.8028	4.2275	980.2	980.0	981.1		
145.8195	4.2319	980.2	980.1	981.2		
145.8362	4.2362	980.2	980.1	981.1		
145.8528	4.2314	980.2	980.1	981.1		
145.8695	4.2411	980.2	980.1	981.2		
145.8862	4.2340	980.2	980.1	981.3		
145.9028	4.2450	980.3	980.1	981.2		
145.9195	4.2433	980.2	980.1	981.1		
145.9362	4.2402	980.3	980.1	981.1		
145.9528	4.2503	980.2	980.1	981.2		
145.9695	4.2455	980.2	980.2	981.2		
145.9862	4.2464	980.2	980.1	981.1		
146.0028	4.2494	980.2	980.1	981.1		
146.0195	4.2459	980.2	980.1	981.1		
146.0362	4.2560	980.2	980.2	981.3		
146.0528	4.2631	980.2	980.1	981.1		
146.0695	4.2551	980.2	980.1	981.1		
146.0862	4.2631	980.1	980.1	981.1		
146.1028	4.2670	980.2	980.1	981.2		
146.1195	4.2714	980.2	980.1	981.2		
146.1362	4.2683	980.1	980.0	981.1		
146.1528	4.2723	980.2	980.1	981.2		
146.1695	4.2688	980.2	980.1	981.2		
146.1862	4.2745	980.3	980.1	981.2		
146.2028	4.2784	980.2	980.1	981.3		
146.2195	4.2683	980.4	980.2	981.2		
146.2362	4.2846	980.2	980.1	981.1		
146.2528	4.2855	980.3	980.1	981.3		
146.2695	4.2718	980.3	980.1	981.2		
146.2862	4.2872	980.3	980.1	981.1		
146.3028	4.2921	980.2	980.1	981.2		
146.3195	4.2868	980.3	980.1	981.1		
146.3362	4.2978	980.2	980.1	981.1		
146.3528	4.2973	980.2	980.0	981.1		
146.3695	4.2991	980.1	980.1	981.1		
146.3862	4.2951	980.2	980.1	981.2		
146.4028	4.2982	980.1	980.1	981.1		
146.4195	4.2986	980.2	980.0	981.1		
146.4362	4.3013	980.1	980.0	981.0		
146.4528	4.3017	980.2	980.2	981.3		
146.4695	4.3017	980.2	980.0	981.1		
146.4862	4.3105	980.2	980.1	981.2		
146.5028	4.3145	980.3	980.1	981.1		
146.5195	4.3114	980.2	980.1	981.2		
146.5362	4.3110	980.2	980.1	981.2		
146.5528	4.3233	980.2	980.1	981.2		
146.5695	4.3228	980.1	980.1	981.1		
146.5862	4.3215	980.2	980.1	981.1		
146.6028	4.3189	980.3	980.0	981.1		
146.6195	4.3294	980.3	980.1	981.1		
146.6362	4.3281	980.3	980.1	981.1		
146.6528	4.3268	980.3	980.1	981.1		
146.6695	4.3224	980.2	980.0	981.1		
146.6862	4.3356	980.3	980.1	981.2		
146.7028	4.3325	980.3	980.1	981.2		
146.7195	4.3241	980.3	980.1	981.2		
146.7362	4.3448	980.2	980.1	981.1		
146.7528	4.3364	980.2	980.1	981.1		
146.7695	4.3408	980.2	980.1	981.1		
146.7862	4.3448	980.2	980.1	981.2		
146.8028	4.3465	980.2	980.1	981.2		
146.8195	4.3443	980.2	980.1	981.2		
146.8362	4.3496	980.2	980.1	981.2		
146.8528	4.3567	980.2	980.1	981.1		
146.8695	4.3514	980.2	980.1	981.1		
146.8862	4.3571	980.2	980.1	981.2		
146.9028	4.3637	980.2	980.1	981.2		
146.9195	4.3632	980.3	980.1	981.2		
146.9362	4.3584	980.2	980.0	981.1		
146.9528	4.3681	980.2	980.1	981.1		
146.9695	4.3597	980.2	980.1	981.1		
146.9862	4.3624	980.3	980.1	981.2		
147.0028	4.3654	980.3	980.1	981.1		
147.0195	4.3659	980.3	980.1	981.2		
147.0362	4.3716	980.2	980.1	981.2		
147.0528	4.3742	980.2	980.0	981.1		
147.0695	4.3738	980.2	980.1	981.2		
147.0862	4.3808	980.3	980.1	981.1		
147.1028	4.3716	980.2	980.0	981.1		
147.1195	4.3808	980.2	980.2	981.3		
147.1362	4.3830	980.3	980.1	981.2		
147.1528	4.3874	980.2	980.1	981.1		
147.1695	4.3892	980.3	980.1	981.2		
147.1862	4.3966	980.3	980.1	981.1		
147.2028	4.3958	980.3	980.1	981.1		
147.2195	4.3975	980.2	980.1	981.2		
147.2362	4.3980	980.2	980.0	981.0		
147.2528	4.3958	980.2	980.1	981.1		
147.2695	4.4050	980.2	980.1	981.2		
147.2862	4.3980	980.2	980.2	981.2		
147.3028	4.4098	980.2	980.1	981.2		
147.3195	4.4111	980.3	980.1	981.1		
147.3362	4.4085	980.3	980.1	981.2		
147.3528	4.4116	980.2	980.2	981.2		
147.3695	4.4111	980.3	980.1	981.2		
147.3862	4.4059	980.2	980.1	981.1		
147.4028	4.4169	980.3	980.0	981.1		
147.4195	4.4125	980.3	980.1	981.3		
147.4362	4.4160	980.2	980.1	981.2		
147.4528	4.4182	980.3	980.1	981.2		
147.4695	4.4239	980.2	980.1	981.2		
147.4862	4.4173	980.3	980.2	981.2		
147.5028	4.4261	980.2	980.1	981.1		
147.5195	4.4292	980.3	980.2	981.2		
147.5362	4.4305	980.2	980.1	981.1		
147.5528	4.4331	980.2	980.1	981.1		
147.5695	4.4366	980.2	980.1	981.1		
147.5862	4.4397	980.2	980.1	981.1		
147.6028	4.4340	980.2	980.1	981.1		
147.6195	4.4432	980.2	980.1	981.2		
147.6362	4.4463	980.2	980.1	981.1		
147.6528	4.4441	980.2	980.1	981.1		
147.6695	4.4441	980.2	980.1	981.2		
147.6862	4.4503	980.2	980.1	981.2		
147.7028	4.4551	980.2	980.1	981.1		
147.7195	4.4555	980.2	980.1	981.2		
147.7362	4.4612	980.3	980.1	981.2		
147.7528	4.4573	980.2	980.1	981.1		
147.7695	4.4665	980.3	980.1	981.2		
147.7862	4.4568	980.2	980.1	981.2		
147.8028	4.4683	980.2	980.1	981.1		
147.8195	4.4551	980.3	980.2	981.3		
147.8362	4.4749	980.2	980.1	981.2		
147.8528	4.4678	980.3	980.1	981.2		
147.8695	4.4757	980.2	980.1	981.2		
147.8862	4.4744	980.3	980.1	981.1		
147.9028	4.4744	980.2	980.1	981.1		
147.9195	4.4779	980.3	980.1	981.1		
147.9362	4.4806	980.2	980.1	981.2		
147.9528	4.4819	980.3	980.1	981.2		
147.9695	4.4828	980.2	980.1	981.2		
147.9862	4.4889	980.3	980.1	981.2		
148.0028	4.4929	980.2	980.1	981.2		
148.0195	4.4858	980.3	980.1	981.1		
148.0362	4.4898	980.3	980.1	981.2		
148.0528	4.4986	980.3	980.1	981.2		
148.0695	4.4929	980.1	980.0	981.1		
148.0862	4.4999	980.2	980.1	981.1		
148.1028	4.5030	980.2	980.1	981.2		
148.1195	4.5069	980.1	980.1	981.1		
148.1362	4.5083	980.2	980.1	981.2		
148.1528	4.5105	980.2	980.1	981.2		
148.1695	4.5091	980.2	980.1	981.2		
148.1862	4.5083	980.3	980.1	981.2		
148.2028	4.5162	980.2	980.1	981.1		
148.2195	4.5219	980.3	980.1	981.2		
148.2362	4.5162	980.3	980.1	981.2		
148.2528	4.5149	980.2	980.1	981.1		
148.2695	4.5197	980.3	980.1	981.2		
148.2862	4.5197	980.2	980.1	981.1		
148.3028	4.5241	980.3	980.1	981.1		
148.3195	4.5355	980.2	980.1	981.1		
148.3362	4.5289	980.3	980.1	981.2		
148.3528	4.5289	980.2	980.0	981.0		
148.3695	4.5359	980.2	980.1	981.1		
148.3862	4.5368	980.2	980.1	981.1		
148.4028	4.5342	980.3	980.1	981.1		
148.4195	4.5412	980.2	980.1	981.2		
148.4362	4.5461	980.2	980.1	981.1		
148.4528	4.5474	980.2	980.1	981.2		
148.4695	4.5504	980.2	980.1	981.1		
148.4862	4.5496	980.2	980.1	981.2		
148.5028	4.5535	980.2	980.1	981.1		
148.5195	4.5575	980.2	980.1	981.2		
148.5362	4.5584	980.2	980.1	981.2		
148.5528	4.5562	980.2	980.0	981.2		
148.5695	4.5619	980.3	980.1	981.1		
148.5862	4.5575	980.2	980.1	981.1		
148.6028	4.5649	980.2	980.1	981.2		
148.6195	4.5588	980.2	980.1	981.2		
148.6362	4.5606	980.2	980.1	981.2		
148.6528	4.5680	980.2	980.1	981.2		
148.6695	4.5671	980.3	980.1	981.2		
148.6862	4.5702	980.2	980.1	981.2		
148.7028	4.5781	980.3	980.1	981.1		
148.7195	4.5790	980.3	980.1	981.2		
148.7362	4.5768	980.3	980.1	981.2		
148.7528	4.5830	980.3	980.1	981.2		
148.7695	4.5773	980.3	980.1	981.2		
148.7862	4.5869	980.3	980.1	981.2		
148.8028	4.5843	980.3	980.1	981.2		
148.8195	4.5957	980.3	980.1	981.3		
148.8362	4.5944	980.2	980.1	981.1		
148.8528	4.5909	980.2	980.1	981.1		
148.8695	4.6019	980.2	980.1	981.1		
148.8862	4.6014	980.2	980.1	981.2		
148.9028	4.5983	980.2	980.0	981.1		
148.9195	4.6098	980.2	980.1	981.1		
148.9362	4.6045	980.3	980.1	981.2		
148.9528	4.6071	980.2	980.1	981.1		
148.9695	4.6128	980.2	980.1	981.1		
148.9862	4.6137	980.2	980.0	981.2		
149.0028	4.6128	980.2	980.1	981.2		
149.0195	4.6137	980.3	980.2	981.2		
149.0362	4.6221	980.2	980.0	981.1		
149.0528	4.6199	980.3	980.2	981.2		
149.0695	4.6247	980.3	980.2	981.2		
149.0862	4.6252	980.3	980.1	981.2		
149.1028	4.6256	980.3	980.2	981.2		
149.1195	4.6304	980.3	980.2	981.2		
149.1362	4.6269	980.3	980.1	981.1		
149.1528	4.6309	980.3	980.1	981.2		
149.1695	4.6317	980.2	980.1	981.1		
149.1862	4.6335	980.3	980.1	981.2		
149.2028	4.6436	980.2	980.1	981.1		
149.2195	4.6322	980.2	980.0	981.1		
149.2362	4.6462	980.3	980.2	981.3		
149.2528	4.6414	980.3	980.2	981.3		
149.2695	4.6454	980.2	980.1	981.2		
149.2862	4.6572	980.2	980.1	981.1		
149.3028	4.6489	980.3	980.2	981.3		
149.3195	4.6489	980.3	980.1	981.1		
149.3362	4.6590	980.3	980.1	981.3		
149.3528	4.6572	980.3	980.2	981.2		
149.3695	4.6669	980.2	980.1	981.2		
149.3862	4.6599	980.2	980.1	981.1		
149.4028	4.6656	980.3	980.2	981.2		
149.4195	4.6713	980.2	980.0	981.1		
149.4362	4.6748	980.3	980.1	981.2		
149.4528	4.6709	980.2	980.0	981.1		
149.4695	4.6713	980.3	980.1	981.2		
149.4862	4.6871	980.3	980.1	981.2		
149.5028	4.6801	980.2	980.0	981.1		
149.5195	4.6796	980.3	980.1	981.1		
149.5362	4.6792	980.3	980.0	981.1		
149.5528	4.6871	980.3	980.1	981.1		
149.5695	4.6906	980.3	980.0	981.1		
149.5862	4.6880	980.3	980.0	981.1		
149.6028	4.6946	980.2	980.1	981.1		
149.6195	4.6941	980.3	980.2	981.3		
149.6362	4.7025	980.3	980.0	981.1		
149.6528	4.7025	980.3	980.1	981.2		
149.6695	4.6968	980.2	980.1	981.2		
149.6862	4.7069	980.2	980.1	981.2		
149.7028	4.6968	980.3	980.1	981.1		
149.7195	4.7060	980.3	980.1	981.1		
149.7362	4.7086	980.2	980.0	981.1		
149.7528	4.7161	980.3	980.1	981.1		
149.7695	4.7192	980.3	980.1	981.2		
149.7862	4.7205	980.3	980.1	981.2		
149.8028	4.7210	980.3	980.1	981.1		
149.8195	4.7166	980.2	980.0	981.1		
149.8362	4.7240	980.2	980.1	981.2		
149.8528	4.7249	980.3	980.1	981.2		
149.8695	4.7240	980.2	980.1	981.1		
149.8862	4.7311	980.3	980.1	981.1		
149.9028	4.7302	980.3	980.1	981.2		
149.9195	4.7328	980.3	980.2	981.3		
149.9362	4.7267	980.3	980.1	981.2		
149.9528	4.7359	980.4	980.1	981.2		
149.9695	4.7311	980.3	980.1	981.2		
149.9862	4.7438	980.3	980.1	981.2		
150.0028	4.7451	980.4	980.2	981.2		
150.0195	4.7508	980.3	980.1	981.1		
150.0362	4.7478	980.3	980.1	981.2		
150.0528	4.7451	980.3	980.1	981.2		
150.0695	4.7565	980.4	980.2	981.2		
150.0862	4.7645	980.3	980.1	981.2		
150.1028	4.7535	980.3	980.1	981.2		
150.1195	4.7605	980.3	980.1	981.1		
150.1362	4.7587	980.3	980.1	981.2		
150.1528	4.7706	980.2	980.1	981.1		
150.1695	4.7649	980.3	980.1	981.2		
150.1862	4.7719	980.3	980.1	981.2		
150.2028	4.7671	980.2	980.1	981.1		
150.2195	4.7710	980.2	980.0	981.1		
150.2362	4.7750	980.3	980.1	981.2		
150.2528	4.7803	980.3	980.1	981.1		
150.2695	4.7899	980.2	980.0	981.1		
150.2862	4.7820	980.3	980.1	981.1		
150.3028	4.7860	980.3	980.1	981.2		
150.3195	4.7891	980.2	980.1	981.2		
150.3362	4.7908	980.3	980.1	981.2		
150.3528	4.7886	980.3	980.1	981.1		
150.3695	4.7935	980.2	980.1	981.2		
150.3862	4.7948	980.2	980.1	981.1		
150.4028	4.7943	980.3	980.1	981.2		
150.4195	4.7970	980.2	980.1	981.2		
150.4362	4.8058	980.3	980.1	981.1		
150.4528	4.7996	980.3	980.1	981.3		
150.4695	4.8040	980.3	980.0	981.1		
150.4862	4.8066	980.3	980.1	981.2		
150.5028	4.8172	980.3	980.1	981.1		
150.5195	4.8071	980.3	980.2	981.2		
150.5362	4.8132	980.3	980.1	981.2		
150.5528	4.8154	980.3	980.1	981.1		
150.5695	4.8198	980.3	980.2	981.2		
150.5862	4.8291	980.3	980.2	981.2		
150.6028	4.8242	980.2	980.2	981.2		
150.6195	4.8277	980.3	980.1	981.2		
150.6362	4.8273	980.1	980.2	981.3		
150.6528	4.8348	980.3	980.2	981.3		
150.6695	4.8480	980.2	980.2	981.3		
150.6862	4.8422	980.1	980.1	981.2		
150.7028	4.8427	980.2	980.1	981.1		
150.7195	4.8501	980.3	980.2	981.2		
150.7362	4.8475	980.2	980.1	981.1		
150.7528	4.8515	980.3	980.2	981.2		
150.7695	4.8541	980.2	980.1	981.1		
150.7862	4.8480	980.3	980.1	981.1		
150.8028	4.8541	980.2	980.1	981.2		
150.8195	4.8647	980.3	980.2	981.2		
150.8362	4.8616	980.3	980.1	981.1		
150.8528	4.8576	980.3	980.1	981.1		
150.8695	4.8647	980.3	980.1	981.2		
150.8862	4.8625	980.3	980.3	981.3		
150.9028	4.8712	980.3	980.1	981.2		
150.9195	4.8690	980.3	980.2	981.2		
150.9362	4.8739	980.3	980.2	981.2		
150.9528	4.8800	980.3	980.2	981.1		
150.9695	4.8822	980.3	980.1	981.2		
150.9862	4.8875	980.4	980.2	981.2		
151.0028	4.8844	980.4	980.2	981.2		
151.0195	4.8919	980.3	980.1	981.2		
151.0362	4.8888	980.3	980.1	981.1		
151.0528	4.8906	980.3	980.2	981.1		
151.0695	4.8989	980.3	980.2	981.2		
151.0862	4.9007	980.3	980.2	981.2		
151.1028	4.8954	980.3	980.1	981.2		
151.1195	4.9051	980.3	980.2	981.2		
151.1362	4.9165	980.4	980.2	981.3		
151.1528	4.9002	980.3	980.1	981.1		
151.1695	4.9051	980.2	980.2	981.1		
151.1862	4.9086	980.3	980.1	981.1		
151.2028	4.9183	980.3	980.1	981.1		
151.2195	4.9117	980.3	980.1	981.1		
151.2362	4.9139	980.3	980.1	981.2		
151.2528	4.9147	980.4	980.2	981.2		
151.2695	4.9292	980.3	980.1	981.1		
151.2862	4.9235	980.3	980.2	981.2		
151.3028	4.9231	980.3	980.1	981.1		
151.3195	4.9279	980.3	980.1	981.1		
151.3362	4.9328	980.3	980.1	981.2		
151.3528	4.9275	980.3	980.1	981.1		
151.3695	4.9380	980.2	980.1	981.1		
151.3862	4.9372	980.3	980.2	981.2		
151.4028	4.9363	980.3	980.2	981.1		
151.4195	4.9455	980.2	980.1	981.1		
151.4362	4.9473	980.2	980.1	981.1		
151.4528	4.9477	980.3	980.1	981.1		
151.4695	4.9486	980.3	980.1	981.1		
151.4862	4.9499	980.3	980.2	981.1		
151.5028	4.9596	980.3	980.1	981.1		
151.5195	4.9626	980.2	980.1	981.1		
151.5362	4.9662	980.3	980.2	981.3		
151.5528	4.9604	980.2	980.1	981.1		
151.5695	4.9653	980.2	980.1	981.1		
151.5862	4.9697	980.3	980.1	981.1		
151.6028	4.9697	980.3	980.1	981.2		
151.6195	4.9732	980.3	980.1	981.1		
151.6362	4.9684	980.3	980.1	981.1		
151.6528	4.9728	980.3	980.2	981.2		
151.6695	4.9741	980.2	980.1	981.1		
151.6862	4.9767	980.3	980.1	981.1		
151.7028	4.9815	980.3	980.1	981.2		
151.7195	4.9873	980.3	980.1	981.1		
151.7362	4.9771	980.4	980.2	981.1		
151.7528	4.9846	980.3	980.1	981.1		
151.7695	4.9991	980.4	980.1	981.2		
151.7862	4.9996	980.2	980.1	981.0		
151.8028	5.0040	980.3	980.1	981.1		
151.8195	4.9991	980.2	980.1	981.1		
151.8362	5.0018	980.3	980.2	981.1		
151.8528	5.0009	980.3	980.2	981.1		
151.8695	5.0110	980.2	980.1	981.1		
151.8862	5.0114	980.3	980.2	981.2		
151.9028	5.0132	980.3	980.2	981.1		
151.9195	5.0193	980.3	980.2	981.2		
151.9362	5.0233	980.3	980.1	981.1		
151.9528	5.0127	980.3	980.1	981.2		
151.9695	5.0264	980.2	980.2	981.1		
151.9862	5.0246	980.2	980.1	981.1		
152.0028	5.0277	980.3	980.1	981.1		
152.0195	5.0316	980.2	980.1	981.1		
152.0362	5.0352	980.2	980.1	981.2		
152.0528	5.0391	980.4	980.2	981.2		
152.0695	5.0343	980.4	980.2	981.2		
152.0862	5.0387	980.3	980.1	981.1		
152.1028	5.0431	980.4	980.2	981.2		
152.1195	5.0382	980.4	980.2	981.2		
152.1362	5.0461	980.3	980.1	981.2		
152.1528	5.0461	980.4	980.2	981.1		
152.1695	5.0536	980.3	980.1	981.1		
152.1862	5.0510	980.3	980.2	981.1		
152.2028	5.0497	980.4	980.2	981.2		
152.2195	5.0615	980.2	980.0	981.1		
152.2362	5.0672	980.3	980.1	981.0		
152.2528	5.0624	980.3	980.1	981.1		
152.2695	5.0681	980.2	980.1	981.1		
152.2862	5.0672	980.3	980.1	981.1		
152.3028	5.0646	980.2	980.1	981.1		
152.3195	5.0773	980.3	980.1	981.1		
152.3362	5.0738	980.3	980.2	981.3		
152.3528	5.0778	980.3	980.2	981.2		
152.3695	5.0839	980.3	980.1	981.1		
152.3862	5.0896	980.4	980.2	981.2		
152.4028	5.0901	980.3	980.1	981.0		
152.4195	5.0954	980.2	980.1	981.1		
152.4362	5.0923	980.3	980.1	981.1		
152.4528	5.0993	980.3	980.1	981.0		
152.4695	5.0949	980.3	980.1	981.2		
152.4862	5.1011	980.3	980.1	981.1		
152.5028	5.0962	980.3	980.1	981.1		
152.5195	5.1059	980.3	980.2	981.2		
152.5362	5.1028	980.3	980.1	981.1		
152.5528	5.1020	980.3	980.1	981.1		
152.5695	5.1129	980.3	980.1	981.0		
152.5862	5.1099	980.3	980.1	981.2		
152.6028	5.1151	980.3	980.2	981.1		
152.6195	5.1160	980.3	980.2	981.1		
152.6362	5.1213	980.3	980.1	981.1		
152.6528	5.1226	980.3	980.1	981.1		
152.6695	5.1301	980.3	980.1	981.1		
152.6862	5.1318	980.3	980.1	981.1		
152.7028	5.1305	980.3	980.2	981.1		
152.7195	5.1358	980.3	980.2	981.1		
152.7362	5.1358	980.3	980.2	981.0		
152.7528	5.1393	980.2	980.2	981.1		
152.7695	5.1406	980.2	980.1	981.0		
152.7862	5.1477	980.3	980.2	981.2		
152.8028	5.1455	980.3	980.2	981.1		
152.8195	5.1512	980.3	980.1	981.1		
152.8362	5.1538	980.2	980.1	981.1		
152.8528	5.1459	980.2	980.1	981.1		
152.8695	5.1551	980.3	980.1	981.1		
152.8862	5.1564	980.3	980.1	981.1		
152.9028	5.1630	980.3	980.2	981.2		
152.9195	5.1635	980.3	980.2	981.2		
152.9362	5.1652	980.4	980.2	981.2		
152.9528	5.1701	980.4	980.2	981.2		
152.9695	5.1701	980.3	980.2	981.1		
152.9862	5.1692	980.4	980.2	981.2		
153.0028	5.1771	980.4	980.2	981.2		
153.0195	5.1784	980.3	980.1	981.0		
153.0362	5.1854	980.3	980.2	981.1		
153.0528	5.1868	980.4	980.1	981.1		
153.0695	5.1898	980.4	980.2	981.3		
153.0862	5.1819	980.3	980.1	981.1		
153.1028	5.1868	980.3	980.1	981.1		
153.1195	5.1969	980.3	980.1	981.0		
153.1362	5.2013	980.3	980.1	981.1		
153.1528	5.2035	980.2	980.0	981.0		
153.1695	5.2083	980.3	980.2	981.1		
153.1862	5.2123	980.3	980.2	981.2		
153.2028	5.2101	980.2	980.2	981.2		
153.2195	5.2166	980.2	980.1	981.1		
153.2362	5.2175	980.3	980.2	981.1		
153.2528	5.2144	980.2	980.1	981.1		
153.2695	5.2197	980.2	980.1	981.1		
153.2862	5.2206	980.3	980.2	981.2		
153.3028	5.2329	980.3	980.2	981.2		
153.3195	5.2276	980.3	980.2	981.2		
153.3362	5.2202	980.3	980.2	981.1		
153.3528	5.2347	980.3	980.1	981.0		
153.3695	5.2325	980.4	980.1	981.2		
153.3862	5.2311	980.3	980.1	981.1		
153.4028	5.2369	980.4	980.2	981.2		
153.4195	5.2421	980.3	980.1	981.1		
153.4362	5.2399	980.3	980.1	981.1		
153.4528	5.2478	980.4	980.2	981.1		
153.4695	5.2588	980.3	980.1	981.0		
153.4862	5.2597	980.3	980.2	981.2		
153.5028	5.2527	980.4	980.1	981.0		
153.5195	5.2536	980.4	980.1	981.2		
153.5362	5.2593	980.3	980.2	981.1		
153.5528	5.2672	980.3	980.2	981.1		
153.5695	5.2672	980.3	980.2	981.2		
153.5862	5.2645	980.4	980.3	981.3		
153.6028	5.2720	980.3	980.1	981.0		
153.6195	5.2729	980.3	980.2	981.2		
153.6362	5.2786	980.3	980.1	981.1		
153.6528	5.2795	980.3	980.2	981.1		
153.6695	5.2874	980.3	980.1	981.1		
153.6862	5.2900	980.2	980.2	981.2		
153.7028	5.2848	980.3	980.2	981.2		
153.7195	5.2993	980.3	980.1	981.1		
153.7362	5.2900	980.3	980.2	981.2		
153.7528	5.2984	980.3	980.1	981.0		
153.7695	5.2993	980.3	980.2	981.2		
153.7862	5.3041	980.3	980.2	981.1		
153.8028	5.3010	980.3	980.2	981.1		
153.8195	5.3085	980.3	980.2	981.2		
153.8362	5.3037	980.3	980.2	981.1		
153.8528	5.3133	980.3	980.2	981.1		
153.8695	5.3164	980.3	980.1	981.1		
153.8862	5.3155	980.3	980.2	981.2		
153.9028	5.3160	980.3	980.1	981.1		
153.9195	5.3247	980.4	980.2	981.1		
153.9362	5.3265	980.3	980.1	981.1		
153.9528	5.3234	980.2	980.1	981.1		
153.9695	5.3322	980.4	980.2	981.1		
153.9862	5.3384	980.3	980.1	981.1		
154.0028	5.3287	980.4	980.2	981.1		
154.0195	5.3344	980.3	980.2	981.1		
154.0362	5.3414	980.4	980.2	981.1		
154.0528	5.3454	980.3	980.2	981.2		
154.0695	5.3436	980.4	980.2	981.1		
154.0862	5.3507	980.3	980.2	981.1		
154.1028	5.3551	980.3	980.1	981.0		
154.1195	5.3502	980.3	980.2	981.1		
154.1362	5.3603	980.3	980.2	981.1		
154.1528	5.3538	980.2	980.1	981.0		
154.1695	5.3639	980.3	980.1	981.1		
154.1862	5.3625	980.3	980.2	981.1		
154.2028	5.3718	980.3	980.2	981.2		
154.2195	5.3762	980.3	980.2	981.1		
154.2362	5.3731	980.3	980.2	981.1		
154.2528	5.3762	980.3	980.2	981.1		
154.2695	5.3893	980.4	980.1	981.1		
154.2862	5.3806	980.3	980.2	981.2		
154.3028	5.3836	980.3	980.1	981.1		
154.3195	5.3893	980.3	980.1	981.1		
154.3362	5.3788	980.3	980.1	981.1		
154.3528	5.3973	980.4	980.1	981.1		
154.3695	5.4017	980.3	980.1	981.1		
154.3862	5.3955	980.3	980.2	981.2		
154.4028	5.4003	980.4	980.2	981.2		
154.4195	5.3990	980.3	980.2	981.2		
154.4362	5.4060	980.4	980.1	981.1		
154.4528	5.4126	980.4	980.3	981.3		
154.4695	5.4065	980.3	980.2	981.1		
154.4862	5.4100	980.3	980.1	981.1		
154.5028	5.4153	980.3	980.2	981.1		
154.5195	5.4148	980.3	980.1	981.1		
154.5362	5.4236	980.3	980.2	981.1		
154.5528	5.4346	980.3	980.1	981.1		
154.5695	5.4254	980.4	980.2	981.2		
154.5862	5.4293	980.3	980.2	981.2		
154.6029	5.4372	980.4	980.2	981.1		
154.6195	5.4329	980.3	980.2	981.2		
154.6362	5.4333	980.3	980.1	981.1		
154.6529	5.4487	980.3	980.1	981.0		
154.6695	5.4381	980.3	980.1	981.1		
154.6862	5.4487	980.3	980.1	981.1		
154.7029	5.4452	980.3	980.1	981.1		
154.7195	5.4526	980.4	980.2	981.1		
154.7362	5.4526	980.3	980.2	981.2		
154.7529	5.4557	980.4	980.2	981.1		
154.7695	5.4601	980.2	980.2	981.2		
154.7862	5.4641	980.4	980.2	981.1		
154.8029	5.4693	980.4	980.2	981.2		
154.8195	5.4680	980.3	980.2	981.2		
154.8362	5.4693	980.4	980.2	981.1		
154.8529	5.4728	980.3	980.1	981.1		
154.8695	5.4746	980.4	980.1	981.0		
154.8862	5.4799	980.3	980.1	981.1		
154.9029	5.4821	980.5	980.2	981.2		
154.9195	5.4878	980.4	980.1	981.1		
154.9362	5.4851	980.3	980.2	981.1		
154.9529	5.4904	980.2	980.1	981.0		
154.9695	5.4939	980.4	980.2	981.1		
154.9862	5.4939	980.3	980.2	981.2		
155.0029	5.5049	980.4	980.2	981.1		
155.0195	5.5023	980.2	980.1	981.0		
155.0362	5.5071	980.3	980.2	981.2		
155.0529	5.5045	980.3	980.2	981.1		
155.0695	5.5040	980.4	980.2	981.1		
155.0862	5.5172	980.3	980.1	981.1		
155.1029	5.5155	980.3	980.2	981.2		
155.1195	5.5199	980.3	980.1	981.1		
155.1362	5.5251	980.4	980.2	981.1		
155.1529	5.5133	980.2	980.2	981.0		
155.1695	5.5335	980.3	980.2	981.1		
155.1862	5.5313	980.2	980.1	981.0		
155.2029	5.5313	980.4	980.2	981.1		
155.2195	5.5348	980.3	980.1	981.1		
155.2362	5.5418	980.3	980.1	981.2		
155.2529	5.5405	980.4	980.1	981.1		
155.2695	5.5423	980.4	980.2	981.1		
155.2862	5.5511	980.3	980.1	981.1		
155.3029	5.5515	980.4	980.1	981.1		
155.3195	5.5546	980.5	980.2	981.2		
155.3362	5.5537	980.4	980.1	981.1		
155.3529	5.5577	980.4	980.1	981.1		
155.3695	5.5581	980.4	980.2	981.1		
155.3862	5.5607	980.4	980.1	981.1		
155.4029	5.5717	980.3	980.2	981.1		
155.4195	5.5682	980.4	980.2	981.1		
155.4362	5.5744	980.3	980.2	981.2		
155.4529	5.5704	980.3	980.1	981.1		
155.4695	5.5730	980.4	980.2	981.2		
155.4862	5.5770	980.3	980.2	981.1		
155.5029	5.5809	980.3	980.2	981.2		
155.5195	5.5801	980.3	980.3	981.3		
155.5362	5.5950	980.3	980.2	981.2		
155.5529	5.5994	980.3	980.2	981.2		
155.5695	5.5954	980.3	980.2	981.1		
155.5862	5.5968	980.3	980.1	981.1		
155.6029	5.5976	980.3	980.2	981.2		
155.6195	5.5998	980.4	980.2	981.1		
155.6362	5.6016	980.3	980.1	981.1		
155.6529	5.6038	980.4	980.2	981.2		
155.6695	5.6020	980.4	980.3	981.3		
155.6862	5.6157	980.4	980.2	981.2		
155.7029	5.6183	980.5	980.2	981.2		
155.7195	5.6223	980.3	980.1	981.1		
155.7362	5.6148	980.4	980.2	981.1		
155.7529	5.6223	980.4	980.1	981.1		
155.7695	5.6240	980.4	980.2	981.1		
155.7862	5.6253	980.4	980.2	981.1		
155.8029	5.6328	980.4	980.1	981.1		
155.8195	5.6368	980.3	980.1	981.1		
155.8362	5.6346	980.3	980.1	981.0		
155.8529	5.6310	980.4	980.2	981.1		
155.8695	5.6442	980.3	980.1	981.1		
155.8862	5.6469	980.3	980.1	981.1		
155.9029	5.6517	980.3	980.1	981.1		
155.9195	5.6557	980.3	980.2	981.0		
155.9362	5.6596	980.4	980.2	981.1		
155.9529	5.6605	980.3	980.1	981.1		
155.9695	5.6609	980.4	980.2	981.2		
155.9862	5.6583	980.4	980.2	981.1		
156.0029	5.6636	980.4	980.2	981.1		
156.0195	5.6702	980.4	980.2	981.1		
156.0362	5.6737	980.3	980.2	981.1		
156.0529	5.6838	980.4	980.2	981.2		
156.0695	5.6847	980.3	980.2	981.1		
156.0862	5.6833	980.3	980.2	981.1		
156.1029	5.6860	980.4	980.2	981.2		
156.1195	5.6838	980.4	980.2	981.1		
156.1362	5.6983	980.3	980.1	981.1		
156.1529	5.6926	980.4	980.1	981.1		
156.1695	5.6961	980.4	980.3	981.3		
156.1862	5.6983	980.4	980.2	981.1		
156.2029	5.7110	980.4	980.1	981.1		
156.2195	5.6983	980.5	980.2	981.2		
156.2362	5.7150	980.4	980.2	981.2		
156.2529	5.7282	980.4	980.2	981.1		
156.2695	5.7132	980.4	980.1	981.0		
156.2862	5.7185	980.4	980.2	981.2		
156.3029	5.7202	980.3	980.1	980.9		
156.3195	5.7255	980.4	980.2	981.1		
156.3362	5.7295	980.3	980.1	981.1		
156.3529	5.7304	980.3	980.1	981.1		
156.3695	5.7339	980.4	980.2	981.1		
156.3862	5.7440	980.4	980.2	981.1		
156.4029	5.7391	980.4	980.2	981.2		
156.4195	5.7427	980.3	980.2	981.1		
156.4362	5.7484	980.4	980.2	981.1		
156.4529	5.7501	980.4	980.3	981.4		
156.4695	5.7629	980.4	980.2	981.1		
156.4862	5.7594	980.4	980.2	981.3		
156.5029	5.7558	980.4	980.2	981.2		
156.5195	5.7629	980.4	980.2	981.1		
156.5362	5.7620	980.4	980.2	981.2		
156.5529	5.7743	980.4	980.2	981.1		
156.5695	5.7708	980.4	980.2	981.1		
156.5862	5.7765	980.5	980.2	981.1		
156.6029	5.7765	980.4	980.1	981.1		
156.6195	5.7809	980.4	980.2	981.2		
156.6362	5.7813	980.5	980.2	981.1		
156.6529	5.7875	980.4	980.2	981.2		
156.6695	5.7818	980.4	980.1	981.0		
156.6862	5.7910	980.4	980.2	981.2		
156.7029	5.7993	980.4	980.2	981.2		
156.7195	5.7976	980.3	980.1	981.1		
156.7362	5.7972	980.4	980.2	981.2		
156.7529	5.8051	980.4	980.1	981.0		
156.7695	5.8029	980.4	980.2	981.2		
156.7862	5.8108	980.5	980.2	981.1		
156.8029	5.8077	980.4	980.1	981.0		
156.8195	5.8095	980.4	980.3	981.2		
156.8362	5.8209	980.3	980.2	981.1		
156.8529	5.8231	980.4	980.3	981.3		
156.8695	5.8191	980.4	980.2	981.2		
156.8862	5.8257	980.4	980.2	981.2		
156.9029	5.8292	980.4	980.2	981.1		
156.9195	5.8301	980.4	980.2	981.1		
156.9362	5.8415	980.3	980.2	981.1		
156.9529	5.8468	980.4	980.1	981.2		
156.9695	5.8503	980.4	980.2	981.2		
156.9862	5.8512	980.3	980.1	981.1		
157.0029	5.8512	980.4	980.2	981.2		
157.0195	5.8508	980.4	980.2	981.1		
157.0362	5.8516	980.5	980.2	981.2		
157.0529	5.8596	980.3	980.1	981.1		
157.0695	5.8582	980.4	980.2	981.1		
157.0862	5.8613	980.4	980.2	981.1		
157.1029	5.8670	980.4	980.1	981.0		
157.1195	5.8697	980.4	980.2	981.1		
157.1362	5.8758	980.4	980.2	981.2		
157.1529	5.8754	980.3	980.1	981.1		
157.1695	5.8802	980.3	980.1	981.1		
157.1862	5.8776	980.4	980.2	981.2		
157.2029	5.8951	980.4	980.2	981.1		
157.2195	5.8890	980.4	980.2	981.1		
157.2362	5.8951	980.4	980.2	981.2		
157.2529	5.8899	980.4	980.2	981.1		
157.2695	5.9039	980.4	980.2	981.2		
157.2862	5.8991	980.4	980.2	981.1		
157.3029	5.9110	980.4	980.2	981.1		
157.3195	5.9123	980.3	980.1	981.1		
157.3362	5.9070	980.4	980.2	981.1		
157.3529	5.9211	980.3	980.2	981.2		
157.3695	5.9176	980.4	980.2	981.1		
157.3862	5.9158	980.4	980.2	981.1		
157.4029	5.9259	980.4	980.2	981.1		
157.4195	5.9321	980.4	980.2	981.2		
157.4362	5.9325	980.4	980.2	981.1		
157.4529	5.9365	980.4	980.1	981.1		
157.4695	5.9312	980.4	980.1	981.1		
157.4862	5.9448	980.4	980.2	981.1		
157.5029	5.9422	980.4	980.2	981.1		
157.5195	5.9483	980.4	980.1	981.1		
157.5362	5.9523	980.4	980.1	981.1		
157.5529	5.9496	980.4	980.2	981.2		
157.5695	5.9549	980.4	980.2	981.1		
157.5862	5.9593	980.3	980.2	981.1		
157.6029	5.9602	980.4	980.3	981.2		
157.6195	5.9615	980.3	980.1	981.0		
157.6362	5.9672	980.3	980.2	981.1		
157.6529	5.9672	980.4	980.3	981.2		
157.6695	5.9808	980.4	980.2	981.1		
157.6862	5.9808	980.3	980.2	981.1		
157.7029	5.9888	980.4	980.2	981.1		
157.7195	5.9874	980.3	980.2	981.1		
157.7362	5.9830	980.4	980.2	981.2		
157.7529	5.9923	980.3	980.2	981.1		
157.7695	5.9945	980.3	980.2	981.2		
157.7862	6.0006	980.3	980.2	981.2		
157.8029	5.9989	980.3	980.2	981.1		
157.8195	5.9967	980.4	980.2	981.1		
157.8362	6.0116	980.4	980.2	981.1		
157.8529	6.0120	980.3	980.2	981.1		
157.8695	6.0059	980.4	980.2	981.0		
157.8862	6.0147	980.4	980.2	981.1		
157.9029	6.0200	980.4	980.2	981.2		
157.9195	6.0213	980.4	980.2	981.2		
157.9362	6.0265	980.3	980.1	981.0		
157.9529	6.0265	980.5	980.2	981.1		
157.9695	6.0318	980.4	980.2	981.1		
157.9862	6.0441	980.5	980.2	981.2		
158.0029	6.0393	980.4	980.1	981.0		
158.0195	6.0494	980.4	980.2	981.1		
158.0362	6.0432	980.3	980.2	981.1		
158.0529	6.0555	980.4	980.2	981.2		
158.0695	6.0569	980.4	980.2	981.2		
158.0862	6.0582	980.4	980.3	981.1		
158.1029	6.0621	980.4	980.2	981.2		
158.1195	6.0617	980.4	980.2	981.1		
158.1362	6.0758	980.4	980.1	981.1		
158.1529	6.0687	980.4	980.2	981.1		
158.1695	6.0762	980.4	980.2	981.1		
158.1862	6.0758	980.4	980.2	981.2		
158.2029	6.0828	980.4	980.2	981.1		
158.2195	6.0788	980.4	980.3	981.2		
158.2362	6.0942	980.4	980.2	981.2		
158.2529	6.1034	980.4	980.2	981.1		
158.2695	6.0894	980.4	980.2	981.1		
158.2862	6.1021	980.3	980.2	981.2		
158.3029	6.1026	980.4	980.2	981.1		
158.3195	6.0995	980.4	980.1	981.1		
158.3362	6.1030	980.4	980.2	981.1		
158.3529	6.1109	980.4	980.2	981.2		
158.3695	6.1109	980.4	980.2	981.1		
158.3862	6.1136	980.5	980.1	981.1		
158.4029	6.1184	980.3	980.1	981.1		
158.4195	6.1237	980.4	980.2	981.2		
158.4362	6.1254	980.3	980.1	981.1		
158.4529	6.1333	980.4	980.2	981.1		
158.4695	6.1303	980.3	980.2	981.1		
158.4862	6.1338	980.4	980.2	981.1		
158.5029	6.1470	980.3	980.1	981.0		
158.5195	6.1439	980.3	980.2	981.1		
158.5362	6.1412	980.4	980.2	981.2		
158.5529	6.1597	980.4	980.2	981.1		
158.5695	6.1571	980.3	980.2	981.1		
158.5862	6.1615	980.4	980.2	981.2		
158.6029	6.1623	980.4	980.3	981.2		
158.6195	6.1685	980.4	980.2	981.1		
158.6362	6.1720	980.3	980.2	981.1		
158.6529	6.1707	980.3	980.1	981.1		
158.6695	6.1742	980.4	980.2	981.2		
158.6862	6.1768	980.3	980.2	981.1		
158.7029	6.1821	980.4	980.2	981.2		
158.7195	6.1843	980.4	980.2	981.2		
158.7362	6.1918	980.5	980.2	981.2		
158.7529	6.1931	980.4	980.2	981.1		
158.7695	6.1865	980.4	980.2	981.1		
158.7862	6.1997	980.4	980.2	981.0		
158.8029	6.1966	980.4	980.2	981.2		
158.8195	6.2036	980.4	980.2	981.1		
158.8362	6.2085	980.4	980.2	981.1		
158.8529	6.2098	980.4	980.2	981.2		
158.8695	6.2195	980.4	980.2	981.2		
158.8862	6.2186	980.4	980.2	981.1		
158.9029	6.2181	980.4	980.2	981.1		
158.9195	6.2278	980.4	980.2	981.2		
158.9362	6.2353	980.4	980.3	981.2		
158.9529	6.2388	980.4	980.2	981.2		
158.9695	6.2313	980.3	980.2	981.1		
158.9862	6.2370	980.5	980.3	981.2		
159.0029	6.2423	980.4	980.2	981.0		
159.0195	6.2493	980.4	980.2	981.2		
159.0362	6.2463	980.4	980.2	981.1		
159.0529	6.2529	980.4	980.2	981.1		
159.0695	6.2551	980.4	980.2	981.1		
159.0862	6.2568	980.4	980.2	981.1		
159.1029	6.2625	980.4	980.1	981.1		
159.1195	6.2735	980.4	980.2	981.1		
159.1362	6.2678	980.4	980.2	981.2		
159.1529	6.2731	980.4	980.2	981.1		
159.1695	6.2770	980.4	980.2	981.1		
159.1862	6.2906	980.4	980.1	981.0		
159.2029	6.2753	980.4	980.2	981.2		
159.2195	6.2880	980.4	980.2	981.1		
159.2362	6.2827	980.5	980.2	981.1		
159.2529	6.2893	980.4	980.2	981.1		
159.2695	6.3016	980.4	980.2	981.1		
159.2862	6.3047	980.5	980.3	981.3		
159.3029	6.3038	980.4	980.2	981.1		
159.3195	6.3095	980.4	980.2	981.1		
159.3362	6.3025	980.4	980.2	981.1		
159.3529	6.3144	980.4	980.2	981.2		
159.3695	6.3170	980.4	980.2	981.1		
159.3862	6.3245	980.4	980.2	981.2		
159.4029	6.3271	980.4	980.2	981.1		
159.4195	6.3302	980.4	980.2	981.1		
159.4362	6.3385	980.3	980.2	981.1		
159.4529	6.3385	980.5	980.3	981.1		
159.4695	6.3438	980.4	980.2	981.1		
159.4862	6.3465	980.4	980.2	981.1		
159.5029	6.3438	980.4	980.2	981.1		
159.5195	6.3500	980.4	980.3	981.4		
159.5362	6.3557	980.4	980.2	981.1		
159.5529	6.3579	980.3	980.2	981.1		
159.5695	6.3557	980.4	980.2	981.2		
159.5862	6.3697	980.3	980.2	981.1		
159.6029	6.3662	980.4	980.3	981.2		
159.6195	6.3741	980.5	980.2	981.1		
159.6362	6.3816	980.4	980.2	981.2		
159.6529	6.3882	980.5	980.3	981.2		
159.6695	6.3834	980.4	980.2	981.2		
159.6862	6.3873	980.4	980.3	981.2		
159.7029	6.3873	980.4	980.2	981.1		
159.7195	6.3988	980.4	980.2	981.2		
159.7362	6.3957	980.4	980.2	981.2		
159.7529	6.3957	980.4	980.2	981.1		
159.7695	6.4040	980.5	980.4	981.3		
159.7862	6.4124	980.5	980.3	981.2		
159.8029	6.4176	980.4	980.3	981.2		
159.8195	6.4150	980.4	980.3	981.2		
159.8362	6.4137	980.4	980.2	981.1		
159.8529	6.4282	980.4	980.2	981.2		
159.8695	6.4264	980.3	980.3	981.2		
159.8862	6.4247	980.4	980.2	981.2		
159.9029	6.4348	980.4	980.2	981.2		
159.9195	6.4335	980.3	980.2	981.2		
159.9362	6.4405	980.4	980.2	981.2		
159.9529	6.4467	980.3	980.2	981.1		
159.9695	6.4453	980.4	980.2	981.2		
159.9862	6.4506	980.4	980.2	981.1		
160.0029	6.4603	980.4	980.2	981.1		
160.0195	6.4581	980.4	980.3	981.2		
160.0362	6.4629	980.4	980.2	981.2		
160.0529	6.4660	980.5	980.3	981.2		
160.0695	6.4629	980.4	980.2	981.1		
160.0862	6.4655	980.4	980.2	981.2		
160.1029	6.4779	980.5	980.2	981.2		
160.1195	6.4853	980.5	980.2	981.1		
160.1362	6.4866	980.5	980.3	981.3		
160.1529	6.4880	980.5	980.3	981.2		
160.1695	6.4796	980.5	980.3	981.1		
160.1862	6.4959	980.5	980.3	981.2		
160.2029	6.4976	980.4	980.2	981.2		
160.2195	6.4985	980.5	980.3	981.2		
160.2362	6.5047	980.5	980.3	981.2		
160.2529	6.5112	980.4	980.3	981.2		
160.2695	6.5156	980.5	980.2	981.2		
160.2862	6.5209	980.4	980.2	981.1		
160.3029	6.5253	980.5	980.3	981.2		
160.3195	6.5240	980.4	980.2	981.1		
160.3362	6.5266	980.4	980.3	981.2		
160.3529	6.5301	980.4	980.2	981.1		
160.3695	6.5464	980.4	980.2	981.1		
160.3862	6.5394	980.4	980.2	981.1		
160.4029	6.5425	980.5	980.2	981.1		
160.4195	6.5429	980.5	980.3	981.3		
160.4362	6.5460	980.4	980.2	981.1		
160.4529	6.5591	980.5	980.3	981.2		
160.4695	6.5543	980.4	980.2	981.1		
160.4862	6.5587	980.4	980.2	981.2		
160.5029	6.5591	980.4	980.2	981.2		
160.5195	6.5684	980.4	980.2	981.2		
160.5362	6.5715	980.5	980.2	981.1		
160.5529	6.5750	980.5	980.3	981.2		
160.5695	6.5807	980.4	980.2	981.1		
160.5862	6.5868	980.5	980.2	981.2		
160.6029	6.5882	980.5	980.2	981.1		
160.6195	6.5886	980.5	980.2	981.2		
160.6362	6.5930	980.5	980.3	981.2		
160.6529	6.6066	980.5	980.3	981.2		
160.6695	6.6013	980.5	980.3	981.2		
160.6862	6.6044	980.5	980.2	981.2		
160.7029	6.6088	980.5	980.2	981.1		
160.7195	6.6150	980.5	980.3	981.3		
160.7362	6.6172	980.4	980.1	981.1		
160.7529	6.6224	980.5	980.2	981.1		
160.7695	6.6198	980.4	980.3	981.2		
160.7862	6.6277	980.5	980.3	981.1		
160.8029	6.6488	980.4	980.2	981.2		
160.8195	6.6387	980.4	980.2	981.1		
160.8362	6.6396	980.4	980.2	981.1		
160.8529	6.6440	980.5	980.2	981.2		
160.8695	6.6528	980.4	980.2	981.1		
160.8862	6.6602	980.4	980.2	981.2		
160.9029	6.6571	980.5	980.2	981.2		
160.9195	6.6611	980.4	980.2	981.1		
160.9362	6.6646	980.5	980.3	981.2		
160.9529	6.6637	980.5	980.3	981.2		
160.9695	6.6730	980.5	980.2	981.2		
160.9862	6.6826	980.6	980.3	981.2		
161.0029	6.6848	980.5	980.3	981.2		
161.0195	6.6883	980.4	980.2	981.1		
161.0362	6.6840	980.5	980.2	981.2		
161.0529	6.6888	980.5	980.3	981.2		
161.0695	6.7055	980.5	980.3	981.2		
161.0862	6.6980	980.5	980.2	981.2		
161.1029	6.7002	980.5	980.3	981.2		
161.1195	6.7103	980.5	980.2	981.2		
161.1362	6.7147	980.4	980.2	981.1		
161.1529	6.7138	980.5	980.2	981.2		
161.1695	6.7204	980.5	980.2	981.1		
161.1862	6.7266	980.5	980.2	981.2		
161.2029	6.7305	980.5	980.3	981.2		
161.2195	6.7358	980.5	980.3	981.2		
161.2362	6.7354	980.4	980.3	981.2		
161.2529	6.7459	980.5	980.2	981.2		
161.2695	6.7446	980.4	980.3	981.2		
161.2862	6.7464	980.4	980.3	981.1		
161.3029	6.7529	980.5	980.3	981.2		
161.3195	6.7569	980.4	980.2	981.1		
161.3362	6.7547	980.5	980.3	981.2		
161.3529	6.7644	980.5	980.2	981.2		
161.3695	6.7767	980.5	980.2	981.2		
161.3862	6.7710	980.5	980.3	981.1		
161.4029	6.7762	980.4	980.2	981.1		
161.4195	6.7776	980.5	980.3	981.1		
161.4362	6.7824	980.4	980.3	981.2		
161.4529	6.7868	980.5	980.2	981.2		
161.4695	6.7885	980.5	980.3	981.2		
161.4862	6.7986	980.5	980.3	981.2		
161.5029	6.7978	980.5	980.3	981.2		
161.5195	6.8096	980.4	980.3	981.2		
161.5362	6.8110	980.5	980.2	981.1		
161.5529	6.8118	980.4	980.2	981.2		
161.5695	6.8167	980.4	980.3	981.2		
161.5862	6.8197	980.5	980.2	981.2		
161.6029	6.8285	980.5	980.3	981.2		
161.6195	6.8316	980.5	980.3	981.2		
161.6362	6.8325	980.5	980.3	981.3		
161.6529	6.8417	980.4	980.3	981.1		
161.6695	6.8404	980.4	980.3	981.2		
161.6862	6.8413	980.5	980.3	981.2		
161.7029	6.8430	980.4	980.2	981.2		
161.7195	6.8509	980.4	980.2	981.1		
161.7362	6.8619	980.4	980.3	981.2		
161.7529	6.8558	980.4	980.3	981.2		
161.7695	6.8615	980.5	980.3	981.2		
161.7862	6.8668	980.4	980.3	981.2		
161.8029	6.8716	980.4	980.2	981.2		
161.8195	6.8773	980.4	980.2	981.2		
161.8362	6.8830	980.5	980.3	981.2		
161.8529	6.8896	980.5	980.3	981.2		
161.8695	6.8843	980.5	980.3	981.2		
161.8862	6.8936	980.5	980.2	981.2		
161.9029	6.8953	980.5	980.3	981.2		
161.9195	6.8905	980.5	980.2	981.2		
161.9362	6.8944	980.4	980.3	981.1		
161.9529	6.9019	980.5	980.2	981.2		
161.9695	6.9125	980.5	980.3	981.2		
161.9862	6.9173	980.6	980.3	981.2		
162.0029	6.9248	980.5	980.3	981.1		
162.0195	6.9217	980.5	980.2	981.1		
162.0362	6.9256	980.4	980.3	981.1		
162.0529	6.9358	980.5	980.3	981.2		
162.0695	6.9366	980.5	980.2	981.1		
162.0862	6.9423	980.5	980.3	981.2		
162.1029	6.9503	980.5	980.2	981.2		
162.1195	6.9498	980.5	980.3	981.2		
162.1362	6.9485	980.5	980.3	981.2		
162.1529	6.9621	980.4	980.3	981.2		
162.1695	6.9617	980.4	980.2	981.1		
162.1862	6.9683	980.5	980.3	981.3		
162.2029	6.9687	980.5	980.3	981.2		
162.2195	6.9872	980.4	980.3	981.2		
162.2362	6.9815	980.4	980.2	981.2		
162.2529	6.9872	980.5	980.2	981.2		
162.2695	6.9889	980.5	980.3	981.2		
162.2862	6.9889	980.4	980.2	981.1		
162.3029	6.9990	980.5	980.2	981.1		
162.3195	6.9990	980.5	980.2	981.1		
162.3362	7.0025	980.5	980.3	981.2		
162.3529	7.0091	980.5	980.3	981.2		
162.3695	7.0065	980.5	980.2	981.3		
162.3862	7.0149	980.5	980.3	981.2		
162.4029	7.0228	980.4	980.2	981.2		
162.4195	7.0294	980.6	980.3	981.2		
162.4362	7.0263	980.5	980.2	981.1		
162.4529	7.0377	980.5	980.2	981.2		
162.4695	7.0430	980.5	980.3	981.1		
162.4862	7.0500	980.5	980.2	981.2		
162.5029	7.0465	980.4	980.2	981.1		
162.5195	7.0465	980.5	980.2	981.1		
162.5362	7.0570	980.5	980.3	981.2		
162.5529	7.0632	980.4	980.3	981.2		
162.5695	7.0711	980.6	980.4	981.4		
162.5862	7.0689	980.4	980.3	981.2		
162.6029	7.0649	980.5	980.3	981.1		
162.6195	7.0795	980.4	980.3	981.3		
162.6362	7.0830	980.5	980.3	981.1		
162.6529	7.0843	980.5	980.3	981.3		
162.6695	7.0909	980.5	980.3	981.3		
162.6862	7.0874	980.5	980.4	981.2		
162.7029	7.1005	980.5	980.2	981.1		
162.7195	7.0944	980.5	980.3	981.2		
162.7362	7.0988	980.5	980.2	981.2		
162.7529	7.1080	980.5	980.2	981.1		
162.7695	7.1128	980.5	980.2	981.1		
162.7862	7.1190	980.5	980.3	981.2		
162.8029	7.1190	980.5	980.2	981.1		
162.8195	7.1326	980.5	980.3	981.2		
162.8362	7.1260	980.5	980.2	981.1		
162.8529	7.1348	980.5	980.3	981.2		
162.8695	7.1388	980.6	980.3	981.2		
162.8862	7.1423	980.5	980.2	981.1		
162.9029	7.1502	980.6	980.2	981.2		
162.9195	7.1594	980.5	980.2	981.0		
162.9362	7.1607	980.5	980.2	981.1		
162.9529	7.1577	980.5	980.3	981.3		
162.9695	7.1612	980.4	980.2	981.1		
162.9862	7.1660	980.5	980.3	981.2		
163.0029	7.1726	980.4	980.3	981.2		
163.0195	7.1796	980.6	980.3	981.1		
163.0362	7.1854	980.5	980.3	981.2		
163.0529	7.1849	980.6	980.3	981.2		
163.0695	7.1884	980.5	980.3	981.2		
163.0862	7.2025	980.4	980.2	981.1		
163.1029	7.2065	980.5	980.4	981.3		
163.1195	7.2082	980.5	980.2	981.1		
163.1362	7.2122	980.5	980.3	981.2		
163.1529	7.2179	980.5	980.3	981.1		
163.1695	7.2275	980.5	980.2	981.2		
163.1862	7.2293	980.5	980.2	981.1		
163.2029	7.2262	980.5	980.3	981.2		
163.2195	7.2280	980.5	980.2	981.1		
163.2362	7.2372	980.5	980.2	981.1		
163.2529	7.2425	980.6	980.3	981.3		
163.2695	7.2429	980.5	980.3	981.1		
163.2862	7.2526	980.5	980.3	981.2		
163.3029	7.2561	980.5	980.3	981.2		
163.3195	7.2583	980.5	980.2	981.1		
163.3362	7.2728	980.5	980.2	981.2		
163.3529	7.2702	980.5	980.3	981.2		
163.3695	7.2706	980.5	980.3	981.2		
163.3862	7.2768	980.4	980.2	981.1		
163.4029	7.2842	980.5	980.2	981.1		
163.4195	7.2913	980.5	980.2	981.0		
163.4362	7.3009	980.5	980.3	981.1		
163.4529	7.2939	980.5	980.3	981.1		
163.4695	7.3027	980.5	980.3	981.1		
163.4862	7.3075	980.5	980.3	981.1		
163.5029	7.3097	980.5	980.2	981.2		
163.5195	7.3198	980.5	980.3	981.2		
163.5362	7.3282	980.5	980.3	981.2		
163.5529	7.3211	980.5	980.3	981.2		
163.5695	7.3277	980.5	980.3	981.3		
163.5862	7.3335	980.5	980.3	981.2		
163.6029	7.3409	980.6	980.3	981.3		
163.6195	7.3383	980.6	980.3	981.2		
163.6362	7.3484	980.6	980.3	981.2		
163.6529	7.3440	980.5	980.3	981.3		
163.6695	7.3501	980.5	980.3	981.1		
163.6862	7.3589	980.6	980.3	981.2		
163.7029	7.3642	980.5	980.2	981.1		
163.7195	7.3633	980.6	980.3	981.2		
163.7362	7.3761	980.6	980.3	981.2		
163.7529	7.3739	980.5	980.3	981.2		
163.7695	7.3923	980.5	980.2	981.2		
163.7862	7.3954	980.4	980.2	981.1		
163.8029	7.3893	980.5	980.3	981.2		
163.8195	7.3910	980.5	980.3	981.2		
163.8362	7.3989	980.4	980.2	981.1		
163.8529	7.4068	980.5	980.3	981.2		
163.8695	7.4112	980.4	980.3	981.2		
163.8862	7.4130	980.5	980.2	981.1		
163.9029	7.4213	980.4	980.2	981.1		
163.9195	7.4306	980.5	980.2	981.2		
163.9362	7.4262	980.5	980.2	981.1		
163.9529	7.4442	980.5	980.2	981.2		
163.9695	7.4407	980.6	980.3	981.3		
163.9862	7.4411	980.5	980.3	981.2		
164.0029	7.4464	980.6	980.3	981.1		
164.0195	7.4530	980.5	980.2	981.1		
164.0362	7.4613	980.6	980.3	981.2		
164.0529	7.4662	980.6	980.3	981.2		
164.0695	7.4631	980.6	980.3	981.2		
164.0862	7.4684	980.5	980.3	981.2		
164.1029	7.4802	980.5	980.3	981.2		
164.1195	7.4798	980.5	980.2	981.1		
164.1362	7.4930	980.5	980.3	981.2		
164.1529	7.4921	980.5	980.2	981.1		
164.1695	7.4943	980.5	980.3	981.2		
164.1862	7.5004	980.4	980.2	981.1		
164.2029	7.5044	980.6	980.3	981.1		
164.2195	7.5154	980.4	980.2	981.1		
164.2362	7.5193	980.5	980.2	981.1		
164.2529	7.5215	980.4	980.3	981.2		
164.2695	7.5229	980.5	980.3	981.2		
164.2862	7.5255	980.6	980.4	981.3		
164.3029	7.5330	980.5	980.3	981.2		
164.3195	7.5417	980.6	980.3	981.2		
164.3362	7.5439	980.6	980.3	981.2		
164.3529	7.5439	980.4	980.3	981.2		
164.3695	7.5501	980.6	980.3	981.2		
164.3862	7.5571	980.6	980.3	981.2		
164.4029	7.5580	980.4	980.5	981.7		
164.4195	7.5681	980.5	980.7	981.8		
164.4362	7.5729	980.6	980.7	981.8		
164.4529	7.5800	980.6	980.7	981.8		
164.4695	7.5817	980.6	980.8	981.7		
164.4862	7.5874	980.6	980.7	981.8		
164.5029	7.5888	980.7	980.8	981.7		
164.5195	7.6041	980.6	980.7	981.6		
164.5362	7.6002	980.6	980.8	981.8		
164.5529	7.6134	980.6	980.8	981.8		
164.5695	7.6112	980.6	980.8	981.7		
164.5862	7.6182	980.7	980.8	981.8		
164.6029	7.6296	980.7	980.8	981.7		
164.6195	7.6323	980.7	980.8	981.8		
164.6362	7.6446	980.6	980.7	981.7		
164.6529	7.6393	980.6	980.8	981.7		
164.6695	7.6380	980.6	980.7	981.7		
164.6862	7.6494	980.6	980.7	981.7		
164.7029	7.6494	980.6	980.7	981.7		
164.7195	7.6560	980.6	980.7	981.6		
164.7362	7.6578	980.6	980.8	981.7		
164.7529	7.6705	980.6	980.7	981.8		
164.7695	7.6718	980.6	980.7	981.7		
164.7862	7.6797	980.5	980.7	981.6		
164.8029	7.6863	980.6	980.7	981.8		
164.8195	7.6885	980.6	980.7	981.7		
164.8362	7.6885	980.7	980.8	981.8		
164.8529	7.7017	980.6	980.7	981.7		
164.8695	7.7017	980.7	980.8	981.7		
164.8862	7.7136	980.6	980.8	981.7		
164.9029	7.7065	980.7	980.8	981.7		
164.9195	7.7281	980.7	980.8	981.7		
164.9362	7.7303	980.7	980.8	981.8		
164.9529	7.7276	980.7	980.7	981.7		
164.9695	7.7373	980.7	980.7	981.7		
164.9862	7.7382	980.7	980.7	981.7		
165.0029	7.7452	980.7	980.9	981.9		
165.0195	7.7492	980.7	980.8	981.8		
165.0362	7.7558	980.7	980.8	981.7		
165.0529	7.7571	980.6	980.8	981.7		
165.0695	7.7694	980.6	980.8	981.7		
165.0862	7.7703	980.6	980.8	981.7		
165.1029	7.7729	980.6	980.7	981.7		
165.1195	7.7874	980.7	980.8	981.7		
165.1362	7.7870	980.7	980.8	981.7		
165.1529	7.7966	980.6	980.7	981.7		
165.1695	7.7918	980.6	980.7	981.7		
165.1862	7.8094	980.6	980.7	981.7		
165.2029	7.8072	980.7	980.7	981.7		
165.2195	7.8124	980.7	980.7	981.6		
165.2362	7.8133	980.6	980.7	981.7		
165.2529	7.8300	980.6	980.8	981.7		
165.2695	7.8243	980.7	980.7	981.7		
165.2862	7.8366	980.7	980.7	981.7		
165.3029	7.8436	980.7	980.8	981.7		
165.3195	7.8401	980.6	980.7	981.7		
165.3362	7.8445	980.6	980.7	981.6		
165.3529	7.8564	980.7	980.7	981.7		
165.3695	7.8656	980.7	980.7	981.7		
165.3862	7.8700	980.8	980.8	981.8		
165.4029	7.8740	980.7	980.7	981.6		
165.4195	7.8832	980.5	980.7	981.7		
165.4362	7.8819	980.7	980.7	981.7		
165.4529	7.8885	980.6	980.7	981.7		
165.4695	7.8915	980.7	980.8	981.7		
165.4862	7.8951	980.6	980.7	981.6		
165.5029	7.9091	980.6	980.8	981.7		
165.5195	7.9122	980.6	980.7	981.7		
165.5362	7.9192	980.7	980.8	981.7		
165.5529	7.9179	980.7	980.8	981.8		
165.5695	7.9214	980.7	980.8	981.7		
165.5862	7.9263	980.7	980.7	981.6		
165.6029	7.9342	980.7	980.8	981.8		
165.6195	7.9337	980.7	980.7	981.7		
165.6362	7.9408	980.8	980.8	981.7		
165.6529	7.9531	980.8	980.8	981.8		
165.6695	7.9561	980.7	980.7	981.5		
165.6862	7.9610	980.7	980.8	981.7		
165.7029	7.9610	980.7	980.7	981.7		
165.7195	7.9808	980.8	980.8	981.8		
165.7362	7.9746	980.6	980.7	981.7		
165.7529	7.9843	980.6	980.7	981.7		
165.7695	7.9939	980.7	980.8	981.7		
165.7862	7.9975	980.7	980.7	981.6		
165.8029	8.0010	980.6	980.8	981.8		
165.8195	8.0071	980.6	980.7	981.6		
165.8362	8.0014	980.6	980.7	981.6		
165.8529	8.0150	980.6	980.8	981.7		
165.8695	8.0225	980.7	980.8	981.8		
165.8862	8.0287	980.8	980.8	981.7		
165.9029	8.0287	980.7	980.7	981.6		
165.9195	8.0287	980.7	980.8	981.7		
165.9362	8.0502	980.8	980.8	981.7		
165.9529	8.0506	980.7	980.8	981.7		
165.9695	8.0572	980.7	980.8	981.7		
165.9862	8.0559	980.7	980.8	981.8		
166.0029	8.0664	980.8	980.8	981.7		
166.0195	8.0673	980.8	980.8	981.7		
166.0362	8.0761	980.7	980.8	981.7		
166.0529	8.0853	980.7	980.7	981.7		
166.0695	8.0902	980.7	980.7	981.7		
166.0862	8.0950	980.7	980.7	981.7		
166.1029	8.1016	980.6	980.7	981.6		
166.1195	8.1099	980.7	980.7	981.6		
166.1362	8.1135	980.6	980.7	981.6		
166.1529	8.1174	980.7	980.8	981.8		
166.1695	8.1275	980.6	980.7	981.7		
166.1862	8.1368	980.6	980.7	981.6		
166.2029	8.1363	980.6	980.8	981.6		
166.2195	8.1324	980.7	980.8	981.7		
166.2362	8.1473	980.6	980.8	981.7		
166.2529	8.1578	980.7	980.7	981.7		
166.2695	8.1596	980.7	980.8	981.8		
166.2862	8.1570	980.8	980.8	981.8		
166.3029	8.1614	980.7	980.8	981.7		
166.3195	8.1732	980.6	980.7	981.5		
166.3362	8.1759	980.7	980.8	981.7		
166.3529	8.1864	980.7	980.7	981.7		
166.3695	8.1908	980.7	980.7	981.7		
166.3862	8.1899	980.7	980.8	981.6		
166.4029	8.1965	980.7	980.8	981.8		
166.4195	8.2154	980.7	980.7	981.6		
166.4362	8.2198	980.7	980.7	981.7		
166.4529	8.2132	980.7	980.7	981.6		
166.4695	8.2255	980.6	980.8	981.6		
166.4862	8.2277	980.7	980.8	981.7		
166.5029	8.2400	980.7	980.7	981.7		
166.5195	8.2374	980.7	980.8	981.7		
166.5362	8.2488	980.7	980.8	981.8		
166.5529	8.2532	980.7	980.8	981.7		
166.5695	8.2506	980.7	980.8	981.7		
166.5862	8.2633	980.7	980.7	981.7		
166.6029	8.2664	980.7	980.7	981.7		
166.6195	8.2756	980.7	980.8	981.7		
166.6362	8.2813	980.7	980.7	981.6		
166.6529	8.2848	980.7	980.7	981.7		
166.6695	8.2919	980.6	980.7	981.7		
166.6862	8.3055	980.7	980.7	981.6		
166.7029	8.3002	980.8	980.7	981.7		
166.7195	8.3196	980.8	980.7	981.7		
166.7362	8.3143	980.7	980.8	981.7		
166.7529	8.3213	980.7	980.6	981.6		
166.7695	8.3218	980.6	980.7	981.6		
166.7862	8.3367	980.7	980.8	981.7		
166.8029	8.3494	980.6	980.7	981.7		
166.8195	8.3411	980.7	980.7	981.7		
166.8362	8.3521	980.7	980.8	981.8		
166.8529	8.3600	980.7	980.8	981.7		
166.8695	8.3723	980.7	980.8	981.7		
166.8862	8.3719	980.7	980.7	981.7		
166.9029	8.3776	980.7	980.8	981.7		
166.9195	8.3916	980.7	980.8	981.7		
166.9362	8.3886	980.7	980.8	981.7		
166.9529	8.3930	980.7	980.8	981.7		
166.9695	8.4026	980.7	980.7	981.6		
166.9862	8.4070	980.7	980.8	981.7		
167.0029	8.4110	980.7	980.7	981.7		
167.0195	8.4233	980.7	980.7	981.6		
167.0362	8.4198	980.8	980.7	981.7		
167.0529	8.4303	980.7	980.7	981.6		
167.0695	8.4373	980.8	980.7	981.6		
167.0862	8.4378	980.7	980.7	981.7		
167.1029	8.4518	980.7	980.7	981.6		
167.1195	8.4523	980.7	980.7	981.6		
167.1362	8.4685	980.7	980.7	981.6		
167.1529	8.4633	980.6	980.7	981.6		
167.1695	8.4822	980.8	980.8	981.7		
167.1862	8.4795	980.6	980.7	981.6		
167.2029	8.4861	980.7	980.8	981.8		
167.2195	8.4923	980.6	980.7	981.6		
167.2362	8.5037	980.7	980.8	981.7		
167.2529	8.5028	980.6	980.8	981.7		
167.2695	8.5041	980.4	980.1	980.7		
167.2862	8.5094	980.4	980.2	980.9		
167.3029	8.5147	980.4	980.0	980.7		
167.3195	8.5327	980.3	980.0	980.6		
167.3362	8.5296	980.4	980.1	980.9		
167.3529	8.5340	980.4	980.0	980.7		
167.3695	8.5366	980.5	980.1	980.7		
167.3862	8.5472	980.3	980.0	980.7		
167.4029	8.5520	980.4	980.1	980.7		
167.4195	8.5542	980.4	980.1	980.8		
167.4362	8.5648	980.4	980.0	980.7		
167.4529	8.5661	980.5	980.1	980.7		
167.4695	8.5744	980.4	980.0	980.7		
167.4862	8.5758	980.4	980.1	980.7		
167.5029	8.5951	980.4	980.1	980.7		
167.5195	8.6021	980.3	980.0	980.7		
167.5362	8.5955	980.4	980.2	980.9		
167.5529	8.6074	980.4	980.1	980.8		
167.5695	8.6149	980.4	980.2	980.8		
167.5862	8.6263	980.5	980.1	980.7		
167.6029	8.6364	980.4	980.1	980.8		
167.6195	8.6377	980.4	980.1	980.7		
167.6362	8.6404	980.4	980.0	980.7		
167.6529	8.6470	980.4	980.1	980.8		
167.6695	8.6566	980.4	980.0	980.6		
167.6862	8.6689	980.4	980.1	980.8		
167.7029	8.6654	980.3	980.0	980.6		
167.7195	8.6738	980.4	980.0	980.7		
167.7362	8.6764	980.4	980.0	980.7		
167.7529	8.6856	980.4	980.0	980.7		
167.7695	8.6957	980.5	980.0	980.7		
167.7862	8.6984	980.3	980.1	980.7		
167.8029	8.7129	980.4	980.1	980.6		
167.8195	8.7072	980.4	980.1	980.8		
167.8362	8.7155	980.4	980.0	980.6		
167.8529	8.7208	980.5	980.1	980.7		
167.8695	8.7234	980.4	980.1	980.7		
167.8862	8.7296	980.4	980.0	980.7		
167.9029	8.7423	980.3	980.0	980.7		
167.9195	8.7432	980.5	980.2	980.9		
167.9362	8.7573	980.4	980.0	980.6		
167.9529	8.7612	980.4	980.0	980.6		
167.9695	8.7726	980.4	980.0	980.7		
167.9862	8.7709	980.3	980.0	980.7		
168.0029	8.7788	980.3	980.0	980.7		
168.0195	8.7841	980.4	980.1	980.7		
168.0362	8.7924	980.5	980.2	980.8		
168.0529	8.8095	980.4	980.0	980.7		
168.0695	8.8012	980.5	980.1	980.8		
168.0862	8.8131	980.5	980.1	980.7		
168.1029	8.8179	980.4	980.0	980.7		
168.1195	8.8245	980.5	980.1	980.8		
168.1362	8.8289	980.5	980.1	980.8		
168.1529	8.8377	980.3	980.0	980.7		
168.1695	8.8451	980.5	980.1	980.9		
168.1862	8.8478	980.4	980.0	980.6		
168.2029	8.8478	980.5	980.1	980.7		
168.2195	8.8654	980.5	980.1	980.8		
168.2362	8.8667	980.4	980.1	980.7		
168.2529	8.8746	980.4	980.1	980.7		
168.2695	8.8759	980.4	980.1	980.7		
168.2862	8.8873	980.4	980.1	980.8		
168.3029	8.8935	980.5	980.1	980.7		
168.3195	8.9023	980.4	980.1	980.8		
168.3362	8.9084	980.4	980.1	980.7		
168.3529	8.9119	980.4	980.1	980.8		
168.3695	8.9172	980.4	980.1	980.8		
168.3862	8.9313	980.4	980.0	980.6		
168.4029	8.9357	980.3	980.1	980.7		
168.4195	8.9445	980.4	980.1	980.7		
168.4362	8.9488	980.4	980.1	980.7		
168.4529	8.9594	980.4	980.1	980.8		
168.4695	8.9625	980.5	980.1	980.8		
168.4862	8.9695	980.5	980.1	980.6		
168.5029	8.9748	980.4	980.1	980.7		
168.5195	8.9849	980.4	980.0	980.5		
168.5362	8.9853	980.5	980.1	980.7		
168.5529	8.9919	980.4	980.1	980.8		
168.5695	9.0011	980.4	980.1	980.7		
168.5862	9.0073	980.5	980.1	980.7		
168.6029	9.0148	980.5	980.1	980.8		
168.6195	9.0187	980.5	980.1	980.7		
168.6362	9.0341	980.4	980.1	980.7		
168.6529	9.0350	980.5	980.2	980.8		
168.6695	9.0411	980.4	980.0	980.6		
168.6862	9.0499	980.4	980.1	980.8		
168.7029	9.0570	980.4	980.0	980.7		
168.7195	9.0635	980.5	980.2	980.8		
168.7362	9.0710	980.4	980.0	980.7		
168.7529	9.0776	980.5	980.2	980.8		
168.7695	9.0838	980.4	980.0	980.7		
168.7862	9.0860	980.4	980.1	980.7		
168.8029	9.0956	980.4	980.0	980.7		
168.8195	9.1097	980.5	980.2	980.9		
168.8362	9.1088	980.4	980.0	980.6		
168.8529	9.1220	980.5	980.1	980.7		
168.8695	9.1255	980.4	980.0	980.8		
168.8862	9.1413	980.4	980.1	980.7		
168.9029	9.1369	980.6	980.2	980.8		
168.9195	9.1497	980.5	980.1	980.7		
168.9362	9.1558	980.5	980.1	980.7		
168.9529	9.1523	980.5	980.1	980.8		
168.9695	9.1607	980.5	980.2	980.8		
168.9862	9.1651	980.4	980.1	980.7		
169.0029	9.1826	980.4	980.1	980.7		
169.0195	9.1936	980.5	980.1	980.7		
169.0362	9.1927	980.4	980.1	980.7		
169.0529	9.2015	980.5	980.1	980.7		
169.0695	9.2055	980.5	980.1	980.7		
169.0862	9.2160	980.5	980.1	980.7		
169.1029	9.2200	980.4	980.0	980.7		
169.1195	9.2275	980.5	980.1	980.8		
169.1362	9.2393	980.5	980.1	980.8		
169.1529	9.2424	980.3	980.0	980.6		
169.1695	9.2573	980.4	980.1	980.8		
169.1862	9.2600	980.4	980.1	980.7		
169.2029	9.2666	980.5	980.1	980.9		
169.2195	9.2776	980.4	980.0	980.7		
169.2362	9.2762	980.5	980.1	980.7		
169.2529	9.2907	980.5	980.1	980.7		
169.2695	9.2969	980.5	980.1	980.8		
169.2862	9.3039	980.5	980.0	980.7		
169.3029	9.3175	980.4	980.0	980.6		
169.3195	9.3250	980.5	980.2	980.8		
169.3362	9.3202	980.5	980.1	980.8		
169.3529	9.3320	980.5	980.1	980.8		
169.3695	9.3386	980.5	980.1	980.8		
169.3862	9.3448	980.5	980.1	980.7		
169.4029	9.3487	980.4	980.0	980.7		
169.4195	9.3479	980.4	980.1	980.7		
169.4362	9.3659	980.4	980.0	980.7		
169.4529	9.3712	980.5	980.1	980.8		
169.4695	9.3813	980.5	980.2	980.7		
169.4862	9.3887	980.5	980.2	980.9		
169.5029	9.3966	980.5	980.1	980.7		
169.5195	9.4015	980.5	980.1	980.8		
169.5362	9.4125	980.5	980.1	980.7		
169.5529	9.4204	980.3	980.1	980.7		
169.5695	9.4248	980.5	980.1	980.8		
169.5862	9.4344	980.6	980.1	980.8		
169.6029	9.4375	980.4	980.1	980.8		
169.6195	9.4529	980.5	980.1	980.7		
169.6362	9.4546	980.5	980.1	980.8		
169.6529	9.4661	980.4	980.1	980.6		
169.6695	9.4674	980.5	980.1	980.8		
169.6862	9.4779	980.4	980.0	980.6		
169.7029	9.4801	980.5	980.2	980.8		
169.7195	9.4898	980.4	980.1	980.8		
169.7362	9.5008	980.4	980.1	980.7		
169.7529	9.5047	980.4	980.0	980.7		
169.7695	9.5105	980.5	980.1	980.8		
169.7862	9.5272	980.5	980.1	980.7		
169.8029	9.5276	980.5	980.2	980.8		
169.8195	9.5368	980.5	980.1	980.7		
169.8362	9.5522	980.5	980.2	980.8		
169.8529	9.5544	980.4	980.0	980.6		
169.8695	9.5707	980.4	980.2	980.8		
169.8862	9.5685	980.5	980.2	980.8		
169.9029	9.5773	980.4	980.1	980.7		
169.9195	9.5852	980.4	980.1	980.7		
169.9362	9.5953	980.5	980.2	980.8		
169.9529	9.5935	980.4	980.0	980.6		
169.9695	9.6067	980.5	980.1	980.8		
169.9862	9.6115	980.4	980.0	980.7		
170.0029	9.6234	980.5	980.1	980.8		
170.0195	9.6322	980.6	980.2	980.8		
170.0362	9.6414	980.6	980.1	980.7		
170.0529	9.6432	980.5	980.1	980.7		
170.0695	9.6555	980.6	980.2	980.8		
170.0862	9.6546	980.5	980.1	980.7		
170.1029	9.6735	980.5	980.2	980.7		
170.1195	9.6792	980.5	980.1	980.7		
170.1362	9.6854	980.6	980.1	980.7		
170.1529	9.6915	980.4	980.1	980.7		
170.1695	9.6950	980.4	980.1	980.6		
170.1862	9.7021	980.4	980.1	980.7		
170.2029	9.7210	980.5	980.1	980.7		
170.2195	9.7192	980.5	980.1	980.8		
170.2362	9.7280	980.4	980.1	980.7		
170.2529	9.7385	980.4	980.1	980.8		
170.2695	9.7420	980.5	980.1	980.7		
170.2862	9.7583	980.5	980.1	980.7		
170.3029	9.7614	980.5	980.2	980.7		
170.3195	9.7697	980.5	980.2	980.8		
170.3362	9.7812	980.5	980.2	980.8		
170.3529	9.7790	980.4	980.0	980.7		
170.3695	9.7935	980.5	980.2	980.8		
170.3862	9.8005	980.5	980.2	980.8		
170.4029	9.8163	980.5	980.2	980.9		
170.4195	9.8172	980.5	980.2	980.7		
170.4362	9.8260	980.5	980.1	980.7		
170.4529	9.8370	980.6	980.1	980.8		
170.4695	9.8431	980.5	980.1	980.8		
170.4862	9.8400	980.4	980.1	980.7		
170.5029	9.8594	980.5	980.1	980.7		
170.5195	9.8695	980.5	980.2	980.7		
170.5362	9.8761	980.4	980.1	980.7		
170.5529	9.8857	980.4	980.1	980.7		
170.5695	9.8910	980.4	980.1	980.7		
170.5862	9.8950	980.5	980.1	980.7		
170.6029	9.9121	980.4	980.1	980.7		
170.6195	9.9183	980.5	980.1	980.7		
170.6362	9.9257	980.5	980.1	980.8		
170.6529	9.9328	980.5	980.1	980.7		
170.6695	9.9442	980.5	980.2	980.7		
170.6862	9.9468	980.4	980.1	980.8		
170.7029	9.9547	980.4	980.1	980.7		
170.7195	9.9653	980.6	980.2	980.8		
170.7362	9.9697	980.5	980.1	980.7		
170.7529	9.9798	980.5	980.2	980.8		
170.7695	9.9859	980.5	980.1	980.7		
170.7862	9.9917	980.6	980.2	980.8		
170.8029	10.0022	980.5	980.1	980.7		
170.8195	10.0114	980.4	980.1	980.7		
170.8362	10.0220	980.5	980.1	980.7		
170.8529	10.0294	980.5	980.1	980.7		
170.8695	10.0396	980.5	980.2	980.7		
170.8862	10.0536	980.5	980.2	980.7		
170.9029	10.0602	980.4	980.1	980.7		
170.9195	10.0703	980.5	980.1	980.7		
170.9362	10.0769	980.5	980.1	980.7		
170.9529	10.0888	980.5	980.1	980.7		
170.9695	10.0945	980.5	980.1	980.7		
170.9862	10.1037	980.5	980.1	980.7		
171.0029	10.1187	980.5	980.1	980.7		
171.0195	10.1187	980.5	980.2	980.8		
171.0362	10.1274	980.5	980.1	980.8		
171.0529	10.1349	980.5	980.2	980.8		
171.0695	10.1463	980.4	980.2	980.9		
171.0862	10.1586	980.5	980.2	980.8		
171.1029	10.1608	980.5	980.1	980.7		
171.1195	10.1626	980.5	980.2	980.8		
171.1362	10.1753	980.5	980.1	980.7		
171.1529	10.1837	980.5	980.1	980.7		
171.1695	10.1938	980.5	980.1	980.7		
171.1862	10.2026	980.5	980.1	980.7		
171.2029	10.2184	980.5	980.2	980.7		
171.2195	10.2276	980.5	980.2	980.7		
171.2362	10.2307	980.5	980.1	980.6		
171.2529	10.2373	980.5	980.1	980.8		
171.2695	10.2470	980.5	980.1	980.8		
171.2862	10.2659	980.5	980.1	980.7		
171.3029	10.2645	980.5	980.2	980.8		
171.3195	10.2786	980.4	980.1	980.7		
171.3362	10.2848	980.5	980.2	980.7		
171.3529	10.2944	980.5	980.1	980.8		
171.3695	10.2993	980.6	980.2	980.8		
171.3862	10.3155	980.5	980.1	980.8		
171.4029	10.3204	980.6	980.2	980.7		
171.4195	10.3309	980.5	980.1	980.7		
171.4362	10.3436	980.5	980.2	980.7		
171.4529	10.3476	980.5	980.1	980.7		
171.4695	10.3581	980.5	980.4	981.1		
171.4862	10.3753	980.6	980.4	981.0		
171.5029	10.3784	980.5	980.4	981.0		
171.5195	10.3959	980.6	980.4	981.1		
171.5362	10.3955	980.7	980.5	981.0		
171.5529	10.4087	980.6	980.4	981.1		
171.5695	10.4153	980.6	980.4	981.0		
171.5862	10.4249	980.6	980.4	981.0		
171.6029	10.4337	980.7	980.4	981.0		
171.6195	10.4351	980.6	980.4	981.0		
171.6362	10.4531	980.6	980.4	981.0		
171.6529	10.4627	980.6	980.4	981.0		
171.6695	10.4733	980.7	980.4	981.1		
171.6862	10.4755	980.6	980.4	980.9		
171.7029	10.4939	980.6	980.4	981.0		
171.7195	10.5036	980.6	980.4	981.1		
171.7362	10.5106	980.7	980.5	981.1		
171.7529	10.5203	980.6	980.4	980.9		
171.7695	10.5238	980.6	980.4	981.0		
171.7862	10.5401	980.6	980.4	981.1		
171.8029	10.5462	980.7	980.4	981.0		
171.8195	10.5568	980.6	980.5	981.1		
171.8362	10.5642	980.6	980.4	981.1		
171.8529	10.5770	980.6	980.4	981.1		
171.8695	10.5880	980.6	980.5	981.1		
171.8862	10.6025	980.7	980.4	981.1		
171.9029	10.6003	980.7	980.4	981.1		
171.9195	10.6099	980.7	980.4	981.0		
171.9362	10.6130	980.6	980.4	981.1		
171.9529	10.6363	980.6	980.4	981.0		
171.9695	10.6420	980.7	980.4	981.0		
171.9862	10.6565	980.7	980.5	981.1		
172.0029	10.6702	980.7	980.4	981.1		
172.0195	10.6649	980.8	980.5	981.0		
172.0362	10.6825	980.7	980.4	981.0		
172.0529	10.6934	980.7	980.5	981.0		
172.0695	10.7014	980.6	980.4	981.0		
172.0862	10.7040	980.6	980.5	981.1		
172.1029	10.7220	980.6	980.5	981.0		
172.1195	10.7268	980.6	980.5	981.0		
172.1362	10.7418	980.6	980.4	981.0		
172.1529	10.7545	980.7	980.4	981.1		
172.1695	10.7594	980.7	980.4	981.0		
172.1862	10.7725	980.7	980.4	981.0		
172.2029	10.7866	980.7	980.5	981.1		
172.2195	10.7901	980.6	980.4	981.0		
172.2362	10.8064	980.6	980.5	981.1		
172.2529	10.8152	980.7	980.5	981.0		
172.2695	10.8231	980.7	980.5	981.1		
172.2862	10.8262	980.7	980.5	981.1		
172.3029	10.8393	980.7	980.4	981.1		
172.3195	10.8459	980.7	980.5	981.0		
172.3362	10.8626	980.7	980.4	981.0		
172.3529	10.8780	980.7	980.4	981.0		
172.3695	10.8833	980.6	980.4	981.0		
172.3862	10.8973	980.7	980.5	981.0		
172.4029	10.9048	980.7	980.5	981.0		
172.4195	10.9114	980.8	980.5	981.1		
172.4362	10.9215	980.7	980.4	981.1		
172.4529	10.9347	980.7	980.5	981.1		
172.4695	10.9488	980.6	980.4	981.1		
172.4862	10.9602	980.7	980.5	981.0		
172.5029	10.9659	980.6	980.4	981.0		
172.5195	10.9738	980.7	980.5	981.0		
172.5362	10.9953	980.6	980.4	981.1		
172.5529	10.9931	980.7	980.4	981.0		
172.5695	11.0076	980.6	980.5	981.0		
172.5862	11.0200	980.6	980.4	981.0		
172.6029	11.0375	980.6	980.4	980.9		
172.6195	11.0358	980.7	980.5	981.0		
172.6362	11.0490	980.6	980.5	981.0		
172.6529	11.0626	980.6	980.5	981.1		
172.6695	11.0727	980.6	980.4	981.1		
172.6862	11.0859	980.7	980.5	981.1		
172.7029	11.0898	980.7	980.5	981.0		
172.7195	11.1039	980.7	980.4	981.0		
172.7362	11.1136	980.7	980.4	981.1		
172.7529	11.1289	980.8	980.5	981.1		
172.7695	11.1338	980.7	980.5	981.1		
172.7862	11.1483	980.7	980.5	981.1		
172.8029	11.1513	980.7	980.5	981.2		
172.8195	11.1764	980.6	980.4	980.9		
172.8362	11.1790	980.8	980.5	981.0		
172.8529	11.1935	980.7	980.5	981.0		
172.8695	11.1988	980.8	980.5	981.0		
172.8862	11.2111	980.7	980.5	981.0		
172.9029	11.2129	980.7	980.5	981.0		
172.9195	11.2362	980.7	980.7	981.4		
172.9362	11.2502	980.7	980.6	981.1		
172.9529	11.2616	980.8	980.6	981.2		
172.9695	11.2704	980.8	980.6	981.1		
172.9862	11.2731	980.7	980.5	981.1		
173.0029	11.2906	980.7	980.4	981.0		
173.0195	11.2994	980.7	980.5	981.0		
173.0362	11.3113	980.7	980.5	981.0		
173.0529	11.3218	980.6	980.5	981.1		
173.0695	11.3407	980.7	980.5	981.0		
173.0862	11.3487	980.8	980.5	981.0		
173.1029	11.3513	980.7	980.5	981.1		
173.1195	11.3706	980.7	980.5	980.9		
173.1362	11.3799	980.7	980.5	981.0		
173.1529	11.3917	980.7	980.5	981.1		
173.1695	11.4018	980.7	980.4	981.0		
173.1862	11.4155	980.8	980.5	981.1		
173.2029	11.4225	980.7	980.5	981.1		
173.2195	11.4374	980.8	980.5	981.1		
173.2362	11.4537	980.8	980.6	981.1		
173.2529	11.4603	980.7	980.5	981.1		
173.2695	11.4721	980.8	980.5	981.0		
173.2862	11.4800	980.8	980.5	981.1		
173.3029	11.4902	980.8	980.5	981.0		
173.3195	11.5042	980.8	980.5	981.1		
173.3362	11.5112	980.8	980.5	981.0		
173.3529	11.5275	980.7	980.5	981.1		
173.3695	11.5354	980.7	980.5	981.0		
173.3862	11.5446	980.7	980.5	981.0		
173.4029	11.5657	980.7	980.5	981.2		
173.4195	11.5754	980.7	980.5	981.0		
173.4362	11.5864	980.7	980.5	981.0		
173.4529	11.5983	980.7	980.5	981.0		
173.4695	11.6224	980.6	980.4	981.0		
173.4862	11.6194	980.7	980.5	981.1		
173.5029	11.6325	980.7	980.6	981.1		
173.5195	11.6479	980.8	980.6	981.0		
173.5362	11.6602	980.7	980.5	981.2		
173.5529	11.6694	980.8	980.6	981.1		
173.5695	11.6848	980.7	980.5	981.0		
173.5862	11.6923	980.7	980.4	981.0		
173.6029	11.7055	980.8	980.5	981.0		
173.6195	11.7152	980.7	980.5	981.1		
173.6362	11.7297	980.7	980.5	981.1		
173.6529	11.7393	980.8	980.5	981.1		
173.6695	11.7521	980.7	980.5	981.1		
173.6862	11.7745	980.8	980.5	981.1		
173.7029	11.7802	980.7	980.5	981.0		
173.7195	11.7973	980.8	980.5	981.0		
173.7362	11.7991	980.7	980.5	981.1		
173.7529	11.8171	980.7	980.5	981.0		
173.7695	11.8316	980.8	980.5	981.1		
173.7862	11.8408	980.8	980.5	981.1		
173.8029	11.8589	980.7	980.6	981.0		
173.8195	11.8703	980.8	980.6	981.2		
173.8362	11.8777	980.7	980.6	981.0		
173.8529	11.8936	980.7	980.6	981.2		
173.8695	11.8984	980.7	980.6	981.1		
173.8862	11.9138	980.7	980.6	981.1		
173.9029	11.9292	980.8	980.6	981.2		
173.9195	11.9432	980.7	980.5	981.0		
173.9362	11.9564	980.7	980.5	981.1		
173.9529	11.9722	980.7	980.6	981.1		
173.9695	11.9779	980.8	980.5	981.1		
173.9862	11.9916	980.9	980.6	981.1		
174.0029	12.0091	980.7	980.4	981.0		
174.0195	12.0219	980.8	980.6	981.1		
174.0362	12.0390	980.8	980.5	981.1		
174.0529	12.0474	980.8	980.5	981.1		
174.0695	12.0557	980.8	980.5	981.0		
174.0862	12.0702	980.8	980.6	981.1		
174.1029	12.0874	980.8	980.5	981.0		
174.1195	12.0979	980.8	980.5	981.0		
174.1362	12.1098	980.8	980.5	981.1		
174.1529	12.1322	980.8	980.5	981.0		
174.1695	12.1427	980.8	980.5	981.1		
174.1862	12.1599	980.7	980.5	981.0		
174.2029	12.1700	980.7	980.5	981.0		
174.2195	12.1854	980.8	980.6	981.1		
174.2362	12.1955	980.7	980.6	981.1		
174.2529	12.2117	980.9	980.6	981.1		
174.2695	12.2210	980.9	980.6	981.1		
174.2862	12.2442	980.7	980.5	981.1		
174.3029	12.2574	980.8	980.6	981.1		
174.3195	12.2614	980.7	980.6	981.1		
174.3362	12.2746	980.8	980.6	981.1		
174.3529	12.2921	980.8	980.6	981.1		
174.3695	12.3018	980.8	980.6	981.1		
174.3862	12.3154	980.8	980.6	981.0		
174.4029	12.3374	980.9	980.6	981.1		
174.4195	12.3541	980.8	980.6	981.1		
174.4362	12.3541	980.8	980.6	981.1		
174.4529	12.3704	980.8	980.5	981.0		
174.4695	12.3857	980.8	980.6	981.1		
174.4862	12.4029	980.9	980.6	981.1		
174.5029	12.4205	980.8	980.6	981.1		
174.5195	12.4341	980.8	980.6	981.1		
174.5362	12.4424	980.8	980.6	981.1		
174.5529	12.4578	980.8	980.6	981.1		
174.5695	12.4666	980.8	980.6	981.1		
174.5862	12.4921	980.9	980.6	981.1		
174.6029	12.5044	980.8	980.6	981.1		
174.6195	12.5198	980.7	980.5	981.1		
174.6362	12.5347	980.7	980.6	981.1		
174.6529	12.5510	980.8	980.6	981.2		
174.6695	12.5637	980.8	980.6	981.0		
174.6862	12.5839	980.7	980.5	981.1		
174.7029	12.5857	980.8	980.6	981.1		
174.7195	12.6081	980.8	980.6	981.1		
174.7362	12.6248	980.9	980.7	981.1		
174.7529	12.6314	980.9	980.7	981.2		
174.7695	12.6468	980.8	980.6	981.1		
174.7862	12.6749	980.8	980.6	981.1		
174.8029	12.6784	980.8	980.6	981.2		
174.8195	12.6912	980.8	980.5	981.1		
174.8362	12.7030	980.7	980.6	981.2		
174.8529	12.7232	980.8	980.6	981.1		
174.8695	12.7435	980.8	980.7	981.1		
174.8862	12.7518	980.7	980.6	981.1		
174.9029	12.7659	980.8	980.6	981.1		
174.9195	12.7905	980.8	980.6	981.1		
174.9362	12.7975	980.8	980.6	981.0		
174.9529	12.8023	980.8	980.6	981.1		
174.9695	12.8252	981.0	980.7	981.3		
174.9862	12.8538	980.9	980.6	981.1		
175.0029	12.8551	980.9	980.7	981.1		
175.0195	12.8823	980.8	980.6	981.1		
175.0362	12.8907	980.9	980.7	981.1		
175.0529	12.9087	980.8	980.6	981.1		
175.0695	12.9205	980.9	980.6	981.1		
175.0862	12.9443	980.8	980.6	981.1		
175.1029	12.9588	980.8	980.6	981.2		
175.1195	12.9737	980.8	980.6	981.1		
175.1362	12.9944	980.8	980.6	981.1		
175.1529	13.0005	980.8	980.6	981.1		
175.1695	13.0234	980.7	980.6	981.1		
175.1862	13.0361	980.8	980.6	981.1		
175.2029	13.0511	980.8	980.6	981.1		
175.2195	13.0686	980.8	980.7	981.2		
175.2362	13.0827	980.9	980.6	981.2		
175.2529	13.1047	980.8	980.6	981.1		
175.2695	13.1148	980.8	980.6	981.2		
175.2862	13.1385	980.8	980.6	981.2		
175.3029	13.1504	980.9	980.6	981.1		
175.3195	13.1706	980.9	980.6	981.1		
175.3362	13.1772	980.8	980.6	981.1		
175.3529	13.2005	980.8	980.7	981.3		
175.3695	13.2141	980.7	980.5	981.0		
175.3862	13.2317	980.7	980.6	981.0		
175.4029	13.2536	980.7	980.5	980.9		
175.4195	13.2708	980.7	980.6	980.9		
175.4362	13.2932	980.8	980.5	980.8		
175.4529	13.3051	980.7	980.5	980.8		
175.4695	13.3191	980.7	980.5	980.8		
175.4862	13.3424	980.8	980.5	980.8		
175.5029	13.3600	980.7	980.5	980.8		
175.5195	13.3736	980.7	980.5	980.8		
175.5362	13.3859	980.8	980.5	980.8		
175.5529	13.4053	980.8	980.5	980.8		
175.5695	13.4215	980.8	980.5	980.9		
175.5862	13.4457	980.7	980.5	980.9		
175.6029	13.4589	980.8	980.5	980.8		
175.6195	13.4760	980.8	980.5	980.9		
175.6362	13.4962	980.8	980.5	980.9		
175.6529	13.5090	980.7	980.5	980.7		
175.6695	13.5265	980.8	980.6	980.8		
175.6862	13.5573	980.7	980.5	980.8		
175.7029	13.5727	980.7	980.4	980.7		
175.7195	13.5872	980.7	980.5	980.8		
175.7362	13.6026	980.7	980.5	980.8		
175.7529	13.6206	980.6	980.4	980.8		
175.7695	13.6417	980.8	980.5	980.8		
175.7862	13.6593	980.8	980.5	980.8		
175.8029	13.6746	980.8	980.5	980.9		
175.8195	13.6887	980.8	980.5	980.8		
175.8362	13.7067	980.8	980.5	980.8		
175.8529	13.7203	980.8	980.5	980.8		
175.8695	13.7507	980.7	980.5	980.9		
175.8862	13.7722	980.7	980.4	980.7		
175.9029	13.7880	980.8	980.5	980.8		
175.9195	13.8047	980.7	980.5	980.8		
175.9362	13.8267	980.9	980.5	980.8		
175.9529	13.8473	980.8	980.5	980.8		
175.9695	13.8566	980.8	980.6	980.8		
175.9862	13.8838	980.7	980.5	980.8		
176.0029	13.9045	980.8	980.5	980.8		
176.0195	13.9225	980.7	980.5	980.8		
176.0362	13.9348	980.8	980.6	980.8		
176.0529	13.9625	980.7	980.5	980.8		
176.0695	13.9748	980.8	980.5	980.8		
176.0862	13.9941	980.8	980.7	981.2		
176.1029	14.0196	980.7	980.5	980.8		
176.1195	14.0438	980.7	980.6	980.9		
176.1362	14.0543	980.7	980.5	980.8		
176.1529	14.0719	980.8	980.5	980.9		
176.1695	14.0974	980.8	980.6	980.9		
176.1862	14.1211	980.7	980.5	980.8		
176.2029	14.1361	980.7	980.5	980.8		
176.2195	14.1554	980.9	980.6	980.8		
176.2362	14.1756	980.8	980.6	980.9		
176.2529	14.2050	980.8	980.5	980.7		
176.2695	14.2191	980.8	980.5	980.8		
176.2862	14.2354	980.8	980.6	980.8		
176.3029	14.2569	980.7	980.5	980.7		
176.3195	14.2815	980.9	980.6	980.9		
176.3362	14.3030	980.7	980.5	980.7		
176.3529	14.3197	980.8	980.5	980.7		
176.3695	14.3518	980.8	980.5	980.8		
176.3862	14.3646	980.8	980.6	980.8		
176.4029	14.3861	980.8	980.6	980.8		
176.4195	14.4094	980.8	980.6	980.8		
176.4362	14.4278	980.7	980.6	980.8		
176.4529	14.4494	980.8	980.5	980.8		
176.4695	14.4713	980.7	980.5	980.7		
176.4862	14.4911	980.7	980.6	980.8		
176.5029	14.5144	980.7	980.6	980.8		
176.5195	14.5355	980.7	980.5	980.8		
176.5362	14.5588	980.8	980.6	980.8		
176.5529	14.5816	980.8	980.6	980.9		
176.5695	14.6137	980.8	980.6	980.8		
176.5862	14.6260	980.7	980.6	980.8		
176.6029	14.6502	980.9	980.7	980.9		
176.6195	14.6722	980.7	980.5	980.8		
176.6362	14.6919	980.8	980.6	980.8		
176.6529	14.7218	980.8	980.6	980.9		
176.6695	14.7372	980.8	980.6	980.8		
176.6862	14.7662	980.7	980.6	980.9		
176.7029	14.7851	980.9	980.6	980.8		
176.7195	14.8163	980.8	980.6	980.9		
176.7362	14.8247	980.9	980.6	980.8		
176.7529	14.8559	980.9	980.6	980.9		
176.7695	14.8726	980.8	980.5	980.8		
176.7862	14.9042	980.8	980.6	980.8		
176.8029	14.9222	980.8	980.6	980.8		
176.8195	14.9433	980.8	980.6	980.9		
176.8362	14.9688	980.8	980.6	980.9		
176.8529	14.9991	980.9	980.6	980.8		
176.8695	15.0176	980.7	980.5	980.8		
176.8862	15.0541	980.9	980.6	980.8		
176.9029	15.0694	980.8	980.6	980.8		
176.9195	15.1002	980.8	980.6	980.9		
176.9362	15.1178	980.8	980.6	980.8		
176.9529	15.1455	980.7	980.6	980.8		
176.9695	15.1753	980.8	980.6	980.8		
176.9862	15.2017	980.9	980.7	981.0		
177.0029	15.2193	980.7	980.6	980.8		
177.0195	15.2474	980.8	980.7	981.0		
177.0362	15.2711	980.9	980.7	980.8		
177.0529	15.3023	980.8	980.7	981.0		
177.0695	15.3234	980.8	980.7	980.8		
177.0862	15.3520	980.8	980.7	980.9		
177.1029	15.3744	980.9	980.7	981.0		
177.1195	15.4043	980.8	980.6	980.9		
177.1362	15.4267	980.8	980.7	980.8		
177.1529	15.4601	980.8	980.7	980.9		
177.1695	15.4768	980.9	980.7	980.9		
177.1862	15.5163	980.8	980.6	980.9		
177.2029	15.5423	980.9	980.7	980.9		
177.2195	15.5590	980.9	980.6	980.9		
177.2362	15.5919	980.8	980.7	980.9		
177.2529	15.6135	980.8	980.7	980.9		
177.2695	15.6477	980.8	980.6	980.8		
177.2862	15.6811	980.9	980.6	980.8		
177.3029	15.7031	981.0	980.7	980.8		
177.3195	15.7286	980.9	980.7	980.8		
177.3362	15.7607	980.8	980.7	980.8		
177.3529	15.7897	980.9	980.7	980.9		
177.3695	15.8262	980.8	980.6	980.8		
177.3862	15.8477	980.8	980.7	981.1		
177.4029	15.8771	980.8	980.7	980.9		
177.4195	15.9039	980.8	980.7	980.9		
177.4362	15.9356	980.8	980.6	980.8		
177.4529	15.9650	980.9	980.7	980.9		
177.4695	15.9852	980.8	980.7	980.8		
177.4854	16.0305	980.8	980.7	980.9		
177.5021	16.0547	980.9	980.7	980.9		
177.5188	16.0718	980.9	980.7	980.9		
177.5310	16.1166	980.8	980.7	981.0		
177.5476	16.1417	980.9	980.8	981.0		
177.5643	16.1738	980.9	980.7	980.9		
177.5810	16.2023	980.8	980.7	980.8		
177.5976	16.2331	980.9	980.7	980.8		
177.6143	16.2665	980.8	980.7	980.8		
177.6310	16.2986	980.8	980.7	980.7		
177.6476	16.3232	980.9	980.7	980.8		
177.6643	16.3539	980.9	980.7	980.8		
177.6806	16.3983	980.9	980.7	980.7		
177.6973	16.4181	980.8	980.7	980.7		
177.7140	16.4497	981.0	980.7	980.8		
177.7275	16.4937	980.8	980.6	980.7		
177.7442	16.5170	980.9	980.7	980.8		
177.7608	16.5499	980.9	980.7	980.7		
177.7775	16.5785	980.9	980.7	980.6		
177.7932	16.6264	980.8	980.7	980.7		
177.8099	16.6501	980.9	980.8	980.9		
177.8260	16.6971	980.8	980.7	980.7		
177.8427	16.7182	980.7	980.6	980.7		
177.8584	16.7626	980.8	980.6	980.7		
177.8751	16.7899	980.8	980.7	980.7		
177.8918	16.8255	980.7	980.7	980.7		
177.9084	16.8606	980.8	980.7	980.7		
177.9251	16.8975	980.8	980.6	980.6		
177.9418	16.9287	980.8	980.6	980.7		
177.9569	16.9744	980.7	980.6	980.6		
177.9736	17.0109	980.7	980.6	980.7		
177.9900	17.0566	980.8	980.7	980.7		
178.0067	17.0698	980.8	980.7	980.7		
178.0180	17.1155	980.8	980.7	980.7		
178.0347	17.1414	980.8	980.7	980.7		
178.0503	17.1858	980.9	980.7	980.7		
178.0669	17.2267	980.9	980.7	980.8		
178.0836	17.2522	980.9	980.7	980.6		
178.0967	17.2974	980.8	980.7	980.7		
178.1134	17.3172	980.8	980.7	980.7		
178.1258	17.3620	980.9	980.8	980.8		
178.1424	17.3884	981.0	980.8	980.8		
178.1535	17.4341	980.8	980.7	980.7		
178.1701	17.4653	980.9	980.7	980.8		
178.1856	17.5101	980.8	980.7	980.7		
178.2023	17.5444	980.8	980.7	980.7		
178.2172	17.5892	980.8	980.6	980.6		
178.2339	17.6257	980.8	980.7	980.8		
178.2475	17.6718	980.9	980.8	980.8		
178.2641	17.6995	980.7	980.7	980.7		
178.2773	17.7439	980.9	980.8	980.8		
178.2920	17.7887	980.9	980.7	980.7		
178.3087	17.8283	980.9	980.8	980.8		
178.3236	17.8731	980.8	980.8	980.7		
178.3402	17.9074	980.9	980.9	980.9		
178.3530	17.9531	980.9	980.7	980.7		
178.3694	17.9979	980.9	980.9	980.8		
178.3861	18.0374	980.8	980.7	980.7		
178.4001	18.0818	980.9	980.8	980.7		
178.4133	18.1280	980.8	980.7	980.7		
178.4298	18.1737	980.9	980.8	980.7		
178.4439	18.2216	980.9	980.8	980.7		
178.4606	18.2536	980.8	980.8	980.7		
178.4721	18.2980	980.9	980.8	980.8		
178.4875	18.3420	980.9	980.8	980.8		
178.5010	18.3868	980.8	980.8	980.7		
178.5152	18.4334	980.9	980.8	980.8		
178.5308	18.4786	980.8	980.8	980.7		
178.5462	18.5230	980.9	980.8	980.8		
178.5600	18.5679	980.9	980.8	980.7		
178.5732	18.6122	980.9	980.9	980.8		
178.5866	18.6579	981.0	980.9	980.8		
178.6013	18.7023	980.9	980.8	980.7		
178.6130	18.7476	981.0	980.8	980.7		
178.6275	18.7920	981.0	980.9	980.8		
178.6407	18.8381	981.0	980.8	980.8		
178.6540	18.8825	981.0	980.9	980.8		
178.6664	18.9291	981.0	980.9	980.7		
178.6799	18.9792	980.9	980.8	980.7		
178.6908	19.0244	980.8	980.9	981.0		
178.7047	19.0706	980.9	980.9	980.7		
178.7170	19.1154	981.0	980.9	980.8		
178.7287	19.1593	980.8	980.9	980.6		
178.7399	19.2050	981.0	980.9	980.7		
178.7538	19.2503	980.8	980.9	980.7		
178.7650	19.2943	980.8	980.8	980.6		
178.7754	19.3400	980.9	980.9	980.6		
178.7880	19.3852	980.8	980.9	980.6		
178.7986	19.4331	980.9	980.9	980.7		
178.8104	19.4779	980.9	980.8	980.6		
178.8225	19.5228	980.8	980.8	980.6		
178.8331	19.5676	980.9	980.9	980.6		
178.8427	19.6120	980.9	980.9	980.6		
178.8540	19.6577	980.8	980.8	980.6		
178.8645	19.7016	980.8	980.8	980.6		
178.8736	19.7473	980.8	980.8	980.6		
178.8853	19.7939	980.9	980.9	980.6		
178.8952	19.8400	980.8	980.9	980.6		
178.9046	19.8853	980.9	980.8	980.6		
178.9160	19.9301	980.9	980.9	980.6		
178.9254	19.9771	980.9	980.9	980.6		
178.9353	20.0211	980.9	980.9	980.6		
178.9442	20.0664	980.9	980.9	980.6		
178.9548	20.1125	980.8	980.8	980.5		
178.9636	20.1573	981.0	980.9	980.7		
178.9721	20.2026	980.9	981.0	980.7		
178.9814	20.2465	980.7	980.8	980.6		
178.9917	20.2909	980.8	981.0	980.7		
178.9993	20.3379	980.9	980.9	980.6		
179.0078	20.3863	980.9	980.9	980.6		
179.0176	20.4315	980.9	980.9	980.6		
179.0269	20.4786	981.0	980.9	980.7		
179.0349	20.5234	980.9	981.0	980.6		
179.0436	20.5682	980.9	980.9	980.6		
179.0515	20.6170	980.9	980.9	980.6		
179.0602	20.6627	981.0	981.0	980.6		
179.0682	20.7079	981.0	981.0	980.6		
179.0760	20.7528	981.0	981.0	980.7		
179.0838	20.7976	980.9	981.0	980.7		
179.0917	20.8442	980.9	981.0	980.6		
179.0992	20.8881	981.0	981.0	980.6		
179.1068	20.9329	981.0	980.9	980.6		
179.1136	20.9778	981.0	980.9	980.6		
179.1208	21.0221	981.0	981.0	980.6		
179.1270	21.0674	981.1	981.0	980.7		
179.1344	21.1114	981.0	981.0	980.6		
179.1417	21.1566	980.9	981.0	980.6		
179.1481	21.2014	980.9	980.9	980.6		
179.1539	21.2463	980.9	980.9	980.5		
179.1615	21.2915	981.0	980.9	980.6		
179.1675	21.3368	981.0	980.9	980.6		
179.1748	21.3834	981.0	981.0	980.6		
179.1813	21.4278	981.0	981.0	980.6		
179.1872	21.4721	981.0	981.0	980.6		
179.1930	21.5165	981.1	981.0	980.6		
179.1993	21.5627	980.9	981.0	980.6		
179.2044	21.6066	980.9	981.0	980.6		
179.2110	21.6510	980.9	981.0	980.6		
179.2169	21.6963	980.9	981.1	980.7		
179.2226	21.7411	981.0	981.0	980.6		
179.2284	21.7863	981.0	981.0	980.5		
179.2334	21.8307	980.8	981.0	980.6		
179.2386	21.8760	980.8	981.0	980.7		
179.2442	21.9204	980.9	981.0	980.7		
179.2491	21.9661	980.8	981.1	980.8		
179.2549	22.0131	980.8	981.1	980.8		
179.2594	22.0601	980.8	981.1	980.7		
179.2650	22.1071	980.9	981.1	980.7		
179.2706	22.1515	980.9	981.1	980.6		
179.2750	22.1972	980.9	981.0	980.6		
179.2801	22.2429	980.9	981.1	980.6		
179.2846	22.2873	980.9	981.1	980.7		
179.2891	22.3317	981.0	981.1	980.7		
179.2935	22.3765	981.0	981.1	980.6		
179.2977	22.4222	981.0	981.1	980.5		
179.3027	22.4675	981.0	981.1	980.6		
179.3071	22.5127	980.9	981.1	980.6		
179.3115	22.5567	980.9	981.1	980.6		
179.3153	22.6011	981.0	981.1	980.6		
179.3196	22.6459	981.0	981.1	980.6		
179.3235	22.6916	981.0	981.0	980.5		
179.3280	22.7360	980.9	981.1	980.5		
179.3314	22.7826	980.9	981.1	980.6		
179.3353	22.8300	981.0	981.1	980.7		
179.3391	22.8748	981.0	981.2	980.6		
179.3432	22.9192	981.0	981.2	980.6		
179.3467	22.9641	981.0	981.1	980.6		
179.3503	23.0089	981.0	981.1	980.6		
179.3539	23.0537	980.9	981.1	980.6		
179.3570	23.0981	981.0	981.1	980.6		
179.3601	23.1425	981.0	981.1	980.6		
179.3643	23.1864	980.9	981.1	980.5		
179.3675	23.2312	980.9	981.1	980.4		
179.3708	23.2787	981.0	981.1	980.4		
179.3742	23.3244	981.0	981.0	980.5		
179.3769	23.3705	981.0	981.1	980.5		
179.3800	23.4154	981.0	981.1	980.6		
179.3834	23.4611	981.0	981.1	980.6		
179.3860	23.5054	981.0	981.1	980.6		
179.3889	23.5512	981.0	981.1	980.5		
179.3920	23.5955	981.0	981.1	980.5		
179.3946	23.6408	980.9	981.1	980.5		
179.3973	23.6861	981.0	981.1	980.6		
179.4002	23.7304	981.0	981.1	980.6		
179.4026	23.7748	981.0	981.1	980.5		
179.4051	23.8188	981.0	981.1	980.5		
179.4077	23.8654	981.0	981.1	980.5		
179.4102	23.9093	981.0	981.1	980.5		
179.4129	23.9546	981.1	981.1	980.5		
179.4148	23.9989	981.1	981.1	980.5		
179.4175	24.0468	981.1	981.1	980.5		
179.4193	24.0912	981.1	981.1	980.5		
179.4220	24.1382	981.2	981.2	980.5		
179.4243	24.1853	981.1	981.2	980.6		
179.4263	24.2305	981.1	981.2	980.6		
179.4286	24.2758	981.1	981.2	980.6		
179.4308	24.3202	981.1	981.2	980.6		
179.4326	24.3659	981.1	981.2	980.6		
179.4346	24.4103	981.1	981.2	980.6		
179.4365	24.4555	981.1	981.2	980.6		
179.4387	24.5008	981.1	981.2	980.6		
179.4405	24.5456	981.1	981.2	980.6		
179.4421	24.5913	981.1	981.3	980.6		
179.4441	24.6357	981.1	981.2	980.6		
179.4459	24.6854	981.1	981.3	980.7		
179.4475	24.7297	981.1	981.3	980.6		
179.4491	24.7746	981.1	981.3	980.7		
179.4509	24.8189	981.1	981.3	980.6		
179.4522	24.8655	981.1	981.3	980.6		
179.4541	24.9095	981.1	981.3	980.8		
179.4554	24.9556	981.1	981.4	980.8		
179.4569	25.0013	981.1	981.4	980.8		
179.4584	25.0488	981.0	981.4	980.9		
179.4600	25.0932	981.0	981.4	980.9		
179.4613	25.1380	981.0	981.4	980.9		
179.4626	25.1868	981.0	981.4	980.9		
179.4640	25.2311	981.0	981.4	980.9		
179.4655	25.2755	981.0	981.4	980.8		
179.4668	25.3204	981.1	981.4	980.7		
179.4679	25.3696	981.1	981.4	980.7		
179.4693	25.4140	981.1	981.4	980.6		
179.4706	25.4605	981.1	981.4	980.6		
179.4717	25.5054	981.2	981.3	980.6		
179.4728	25.5497	981.2	981.4	980.6		
179.4739	25.5937	981.2	981.3	980.6		
179.4749	25.6390	981.2	981.3	980.6		
179.4760	25.6838	981.2	981.3	980.6		
179.4771	25.7282	981.2	981.4	980.6		
179.4779	25.7725	981.2	981.4	980.6		
179.4791	25.8174	981.2	981.3	980.6		
179.4800	25.8613	981.3	981.4	980.6		
179.4808	25.9057	981.3	981.4	980.6		
179.4817	25.9501	981.3	981.4	980.6		
179.4826	25.9958	981.3	981.4	980.6		
179.4836	26.0459	981.3	981.4	980.6		
179.4845	26.0916	981.3	981.4	980.6		
179.4853	26.1377	981.3	981.4	980.6		
179.4862	26.1856	981.3	981.4	980.6		
179.4869	26.2300	981.4	981.4	980.7		
179.4877	26.2748	981.3	981.4	980.7		
179.4884	26.3192	981.3	981.4	980.7		
179.4891	26.3636	981.3	981.5	980.7		
179.4898	26.4106	981.3	981.5	980.7		
179.4905	26.4546	981.3	981.5	980.7		
179.4912	26.5011	981.4	981.5	980.7		
179.4918	26.5464	981.3	981.5	980.7		
179.4925	26.5939	981.3	981.5	980.8		
179.4931	26.6400	981.4	981.6	980.7		
179.4938	26.6857	981.4	981.6	980.8		
179.4944	26.7345	981.4	981.6	980.8		
179.4950	26.7789	981.4	981.6	980.8		
179.4956	26.8246	981.4	981.6	980.8		
179.4960	26.8694	981.4	981.6	980.8		
179.4966	26.9147	981.5	981.6	980.8		
179.4970	26.9590	981.4	981.6	980.8		
179.4975	27.0034	981.5	981.6	980.8		
179.4980	27.0500	981.5	981.6	980.8		
179.4984	27.0948	981.5	981.6	980.8		
179.4988	27.1392	981.4	981.6	980.8		
179.4992	27.1880	981.5	981.7	980.8		
179.4996	27.2368	981.5	981.7	980.8		
179.5000	27.2825	981.4	981.6	980.8		
179.5004	27.3286	981.5	981.7	980.7		
179.5008	27.3765	981.5	981.6	980.8		
179.5012	27.4235	981.4	981.7	980.8		
179.5015	27.4723	981.5	981.7	980.8		
179.5018	27.5189	981.5	981.7	980.7		
179.5021	27.5633	981.5	981.7	980.7		
179.5025	27.6077	981.5	981.7	980.7		
179.5027	27.6547	981.5	981.7	980.7		
179.5030	27.7004	981.5	981.7	980.7		
179.5032	27.7478	981.5	981.7	980.7		
179.5035	27.7935	981.5	981.7	980.7		
179.5037	27.8445	981.5	981.7	980.7		
179.5039	27.8964	981.5	981.7	980.7		
179.5041	27.9452	981.5	981.7	980.7		
179.5043	27.9931	981.5	981.7	980.7		
179.5044	28.0427	981.5	981.7	980.7		
179.5045	28.0875	981.5	981.7	980.7		
179.5047	28.1455	981.5	981.7	980.7		
179.5048	28.2009	981.5	981.7	980.7		
179.5048	28.2479	981.5	981.7	980.7		
179.5049	28.2993	981.6	981.8	980.8		
179.5049	28.3587	981.5	981.8	980.7		
179.5050	28.4334	981.5	981.8	980.7		
179.5050	28.4993	981.5	981.7	980.8		
						
						
						
						
						
						
						
						
						
						
						
						
						
						
						
						
						
						
						
						
						
						
						
						
						
						
						
						
						
						
