BAM 5.2 Vh5205_C-97.LIS						
------------------------------------						
ENTRY	SYMBOL	UNIT		* Information common to all tests		
Date of test start			22.3.23 8:46 AM			
Test ID			Vh5205_C-97			
Test standard			DIN EN ISO 204:2019-4	*		
Specified temperature	T	?	980 °C	*		
Type of loading			Tension	*		
Initial stress	Ro	MPa	200			
(Digital) Material Identifier			CMSX-6	*		
"Description of the manufacturing process - as-tested material
"			Single Crystal Investment Casting from a Vacuum Induction Refined Ingot and subsequent Heat Treatment (annealed and aged).	*		
Single crystal orientation		°	6,2			
Type of test piece II			Round cross section	*		
Type of test piece III			Smooth test piece	*		
Sensor type - Contacting extensometer			Clip-on extensometer	*		
Min. test piece diameter at room temperature	D	mm	6,00			
Reference length for calculation of percentage elongations	Lr = Lo	mm	23,8			
Reference length for calculation of percentage extensions	Lr = Le	mm	22,6			
Heating time		h	2,02			
Soak time before the test		h	2,13			
Test duration	t	h	161			
Creep rupture time	tu	h	161			
Percentage permanent elongation	Aper	%	Not applicable			
Percentage elongation after creep fracture	Au	%	27			
Percentage reduction of area after creep fracture	Zu	%	57			
Percentage total extension	et	%	28,0			
Percentage initial total extension	eti	%	0,256			
Percentage elastic extension	ee	%	0,242			
Percentage initial plastic extension	ei	%	0,013			
Percentage plastic extension	ep	%	27,8			
Percentage creep extension	ef	%	27,7			
						
						
						
[data]						
Elapsed time from end of loading	Percentage plastic extension from end of loading	Corrected measured temperature - Top	Corrected measured temperature - Middle	Corrected measured temperature - Bottom		
t	e	Tc	Tc	Tc		
h	%	°C	°C	°C		
0,0000	0,0000	981,3	981,1	981,0		
0,0014	0,0000	981,5	981,1	981,0		
0,0017	0,0013	981,5	981,1	981,0		
0,0031	0,0013	981,6	981,1	981,0		
0,0044	0,0097	981,5	981,1	981,0		
0,0058	0,0119	981,5	981,1	981,0		
0,0072	0,0053	981,4	981,1	981,1		
0,0086	0,0066	981,4	981,1	981,1		
0,0100	0,0102	981,4	981,2	981,2		
0,0114	0,0088	981,3	981,2	981,3		
0,0128	0,0115	981,2	981,2	981,3		
0,0142	0,0159	981,1	981,2	981,4		
0,0308	0,0172	981,0	981,4	982,0		
0,0475	0,0274	980,7	981,1	981,4		
0,0642	0,0217	980,6	981,0	981,5		
0,0808	0,0261	980,6	981,0	981,3		
0,0975	0,0243	980,5	980,9	981,3		
0,1142	0,0270	980,5	980,8	981,1		
0,1308	0,0318	980,3	980,6	981,0		
0,1475	0,0256	980,6	981,0	981,5		
0,1642	0,0274	980,5	980,9	981,4		
0,1808	0,0336	980,6	980,9	981,4		
0,1975	0,0318	980,5	980,8	981,3		
0,2142	0,0376	980,5	980,8	981,3		
0,2308	0,0349	980,5	980,8	981,3		
0,2475	0,0332	980,5	980,8	981,3		
0,2642	0,0393	980,4	980,8	981,2		
0,2808	0,0371	980,4	980,8	981,2		
0,2975	0,0389	980,5	980,8	981,3		
0,3142	0,0349	980,4	980,7	981,1		
0,3308	0,0407	980,5	980,9	981,5		
0,3475	0,0416	980,5	980,7	981,1		
0,3642	0,0385	980,5	980,9	981,3		
0,3808	0,0442	980,4	980,6	981,0		
0,3975	0,0389	980,4	980,8	981,4		
0,4142	0,0438	980,3	980,7	981,1		
0,4308	0,0455	980,4	980,9	981,4		
0,4475	0,0424	980,4	980,8	981,3		
0,4642	0,0407	980,6	981,0	981,6		
0,4808	0,0451	980,6	981,0	981,5		
0,4975	0,0486	980,5	980,9	981,5		
0,5142	0,0451	980,4	980,8	981,3		
0,5308	0,0455	980,5	980,7	981,1		
0,5475	0,0442	980,8	981,1	981,6		
0,5642	0,0416	980,5	980,9	981,3		
0,5808	0,0460	980,6	980,9	981,3		
0,5975	0,0433	980,6	980,8	981,3		
0,6142	0,0477	980,6	980,9	981,3		
0,6308	0,0522	980,2	980,6	981,1		
0,6475	0,0561	980,7	980,9	981,3		
0,6642	0,0539	980,5	980,8	981,2		
0,6808	0,0491	980,7	980,9	981,4		
0,6975	0,0570	980,5	980,8	981,3		
0,7142	0,0575	980,3	980,8	981,3		
0,7308	0,0570	980,5	980,8	981,4		
0,7475	0,0522	980,2	980,7	981,2		
0,7642	0,0557	980,2	980,7	981,3		
0,7808	0,0553	980,4	980,8	981,3		
0,7975	0,0641	980,3	980,8	981,4		
0,8142	0,0566	981,0	981,1	981,5		
0,8308	0,0566	980,6	980,9	981,4		
0,8475	0,0486	980,7	981,0	981,4		
0,8642	0,0464	980,5	980,8	981,3		
0,8808	0,0566	980,5	980,8	981,3		
0,8975	0,0632	980,5	980,8	981,3		
0,9142	0,0548	980,4	980,7	981,3		
0,9308	0,0623	980,6	980,9	981,3		
0,9475	0,0601	980,3	980,7	981,3		
0,9642	0,0553	980,5	980,8	981,3		
0,9808	0,0641	980,4	980,8	981,4		
0,9975	0,0606	980,7	980,9	981,4		
1,0142	0,0623	980,5	980,9	981,4		
1,0308	0,0751	980,3	980,8	981,3		
1,0475	0,0667	980,4	980,8	981,3		
1,0642	0,0579	980,2	980,8	981,3		
1,0808	0,0667	980,3	980,7	981,3		
1,0975	0,0632	980,5	980,9	981,5		
1,1142	0,0632	980,3	980,8	981,3		
1,1308	0,0663	980,4	980,8	981,4		
1,1475	0,0685	980,4	980,8	981,3		
1,1642	0,0654	980,6	980,9	981,4		
1,1808	0,0606	980,6	980,9	981,5		
1,1975	0,0637	980,5	980,8	981,4		
1,2142	0,0690	980,7	980,9	981,4		
1,2308	0,0667	980,4	980,8	981,3		
1,2475	0,0703	980,4	980,8	981,3		
1,2642	0,0659	980,3	980,7	981,2		
1,2808	0,0672	980,3	980,7	981,3		
1,2975	0,0632	980,5	980,9	981,4		
1,3142	0,0809	980,7	981,0	981,4		
1,3308	0,0667	980,4	980,8	981,4		
1,3475	0,0738	980,5	980,9	981,3		
1,3642	0,0698	980,4	980,7	981,3		
1,3808	0,0672	980,1	980,7	981,3		
1,3975	0,0685	980,7	980,8	981,4		
1,4142	0,0694	980,4	980,8	981,4		
1,4308	0,0738	980,4	980,8	981,4		
1,4475	0,0760	980,5	980,7	981,4		
1,4642	0,0681	980,4	980,8	981,4		
1,4808	0,0707	980,5	980,9	981,4		
1,4975	0,0650	980,4	980,8	981,4		
1,5142	0,0690	980,8	981,0	981,5		
1,5308	0,0721	980,6	981,0	981,6		
1,5475	0,0725	980,4	980,9	981,5		
1,5642	0,0840	980,4	980,7	981,4		
1,5808	0,0756	980,2	980,6	981,3		
1,5975	0,0800	980,3	980,7	981,3		
1,6142	0,0734	981,0	981,1	981,5		
1,6308	0,0774	980,7	981,0	981,5		
1,6475	0,0782	980,7	981,0	981,5		
1,6642	0,0813	980,5	980,8	981,4		
1,6808	0,0800	980,6	980,9	981,4		
1,6975	0,0782	980,6	980,9	981,4		
1,7142	0,0827	980,5	980,9	981,5		
1,7308	0,0840	980,5	981,0	981,5		
1,7475	0,0760	980,5	980,9	981,5		
1,7642	0,0818	980,5	980,9	981,5		
1,7808	0,0716	980,4	980,8	981,4		
1,7975	0,0729	980,5	980,9	981,5		
1,8142	0,0769	980,4	980,8	981,5		
1,8308	0,0760	980,4	980,8	981,4		
1,8475	0,0681	980,4	980,8	981,5		
1,8642	0,0765	980,4	980,8	981,5		
1,8808	0,0787	980,4	980,8	981,5		
1,8975	0,0844	980,4	980,8	981,4		
1,9142	0,0774	980,5	980,8	981,4		
1,9308	0,0875	980,4	980,7	981,3		
1,9475	0,0831	980,3	980,7	981,3		
1,9642	0,0840	980,4	980,8	981,4		
1,9808	0,0893	980,4	980,8	981,4		
1,9975	0,0866	980,4	980,8	981,4		
2,0142	0,0818	980,4	980,8	981,5		
2,0308	0,0906	980,4	980,7	981,4		
2,0475	0,0866	980,4	980,8	981,4		
2,0642	0,0858	980,4	980,8	981,5		
2,0808	0,0818	980,3	980,8	981,4		
2,0975	0,0840	980,4	980,8	981,5		
2,1142	0,0884	980,3	980,8	981,4		
2,1308	0,0858	980,4	980,8	981,5		
2,1475	0,0844	980,4	980,8	981,5		
2,1642	0,0906	980,4	980,8	981,4		
2,1808	0,0906	980,5	980,9	981,6		
2,1975	0,0858	980,5	980,8	981,4		
2,2142	0,0849	980,4	980,9	981,6		
2,2308	0,0919	980,4	980,7	981,3		
2,2475	0,0835	980,4	980,8	981,5		
2,2642	0,0866	980,3	980,8	981,4		
2,2808	0,0884	980,3	980,8	981,4		
2,2975	0,0853	980,4	980,8	981,4		
2,3142	0,0827	980,3	980,8	981,4		
2,3308	0,0884	980,4	980,8	981,4		
2,3475	0,0928	980,3	980,8	981,4		
2,3642	0,0809	980,4	980,8	981,4		
2,3808	0,0889	980,4	980,9	981,5		
2,3975	0,0933	980,4	980,8	981,4		
2,4142	0,0902	980,3	980,7	981,4		
2,4308	0,0880	980,4	980,7	981,4		
2,4475	0,0866	980,4	980,7	981,3		
2,4642	0,0897	980,4	980,8	981,6		
2,4808	0,0950	980,5	980,8	981,4		
2,4975	0,0897	980,5	980,9	981,5		
2,5142	0,0897	980,3	980,8	981,5		
2,5308	0,0928	980,5	980,8	981,4		
2,5475	0,0849	980,5	980,9	981,5		
2,5642	0,0897	980,5	980,8	981,4		
2,5808	0,0937	980,5	980,9	981,5		
2,5975	0,0933	980,4	980,8	981,4		
2,6142	0,0933	980,4	980,9	981,5		
2,6308	0,0915	980,4	980,9	981,5		
2,6475	0,0964	980,5	980,8	981,4		
2,6642	0,0986	980,3	980,9	981,6		
2,6808	0,0950	980,5	980,9	981,5		
2,6975	0,0937	980,4	980,9	981,6		
2,7142	0,0849	980,4	980,8	981,4		
2,7308	0,0840	980,5	980,9	981,6		
2,7475	0,0959	980,4	980,8	981,5		
2,7642	0,0999	980,5	980,9	981,6		
2,7808	0,0902	980,5	980,9	981,6		
2,7975	0,0937	980,5	980,8	981,5		
2,8142	0,1052	980,5	980,8	981,5		
2,8308	0,0937	980,5	980,9	981,5		
2,8475	0,0959	980,5	980,8	981,5		
2,8642	0,0977	980,5	980,8	981,5		
2,8808	0,0915	980,4	980,8	981,5		
2,8975	0,1030	980,4	980,8	981,4		
2,9142	0,0955	980,4	980,7	981,4		
2,9308	0,0995	980,3	980,8	981,4		
2,9475	0,1052	980,4	980,8	981,4		
2,9642	0,1065	980,3	980,7	981,5		
2,9808	0,1092	980,4	980,8	981,5		
2,9975	0,0990	980,4	980,8	981,4		
3,0142	0,0950	980,4	980,9	981,6		
3,0308	0,1017	980,7	980,9	981,5		
3,0475	0,0990	980,4	980,8	981,6		
3,0642	0,1030	980,6	981,0	981,7		
3,0808	0,0955	980,6	980,9	981,6		
3,0975	0,1034	980,5	980,9	981,6		
3,1142	0,0942	980,6	981,0	981,6		
3,1308	0,1017	980,4	980,8	981,4		
3,1475	0,0964	980,5	980,8	981,4		
3,1642	0,0928	980,4	980,8	981,5		
3,1808	0,0924	980,4	980,7	981,3		
3,1975	0,1017	980,4	980,8	981,3		
3,2142	0,0990	980,4	980,8	981,3		
3,2308	0,0995	980,4	980,8	981,4		
3,2475	0,1065	980,5	980,9	981,6		
3,2642	0,1092	980,4	980,8	981,5		
3,2808	0,1118	980,5	980,9	981,6		
3,2975	0,1017	980,4	980,9	981,5		
3,3142	0,1110	980,5	980,8	981,5		
3,3308	0,1026	980,4	980,9	981,5		
3,3475	0,1065	980,4	980,8	981,5		
3,3642	0,0950	980,4	980,8	981,4		
3,3808	0,1110	980,5	980,8	981,6		
3,3975	0,1052	980,5	980,9	981,5		
3,4142	0,0990	980,4	980,9	981,5		
3,4308	0,0995	980,5	980,8	981,5		
3,4475	0,1096	980,4	980,9	981,6		
3,4642	0,1017	980,5	980,8	981,6		
3,4808	0,1061	980,4	980,8	981,5		
3,4975	0,1043	980,4	980,8	981,5		
3,5142	0,1048	980,5	980,8	981,5		
3,5308	0,1101	980,5	980,9	981,5		
3,5475	0,1096	980,4	980,8	981,5		
3,5642	0,1114	980,4	980,8	981,4		
3,5808	0,1118	980,1	980,2	980,7		
3,5975	0,1061	980,1	980,3	980,8		
3,6142	0,1136	980,1	980,3	980,8		
3,6308	0,1034	980,0	980,3	980,8		
3,6475	0,1087	980,0	980,2	980,7		
3,6642	0,1110	980,0	980,2	980,8		
3,6808	0,1123	980,0	980,2	980,6		
3,6975	0,1101	980,2	980,2	980,7		
3,7142	0,1034	980,1	980,2	980,7		
3,7308	0,1114	980,0	980,2	980,6		
3,7475	0,1114	980,2	980,2	980,7		
3,7642	0,1056	980,1	980,2	980,7		
3,7808	0,1079	980,3	980,3	980,7		
3,7975	0,1101	980,2	980,3	980,7		
3,8142	0,1083	980,2	980,2	980,7		
3,8308	0,1123	980,0	980,2	980,7		
3,8475	0,1101	980,1	980,2	980,6		
3,8642	0,1105	980,1	980,3	980,7		
3,8808	0,1189	980,0	980,1	980,6		
3,8975	0,1070	980,0	980,2	980,7		
3,9142	0,1034	980,1	980,2	980,6		
3,9308	0,1185	980,0	980,2	980,7		
3,9475	0,1061	979,9	980,1	980,6		
3,9642	0,1118	980,0	980,2	980,7		
3,9808	0,1127	980,0	980,2	980,7		
3,9975	0,1110	980,1	980,2	980,7		
4,0142	0,1154	980,1	980,2	980,6		
4,0308	0,1127	980,0	980,1	980,6		
4,0475	0,1154	980,1	980,2	980,7		
4,0642	0,1114	980,1	980,2	980,6		
4,0808	0,1136	980,0	980,1	980,6		
4,0975	0,1167	980,1	980,1	980,5		
4,1142	0,1118	980,1	980,2	980,7		
4,1308	0,1132	980,1	980,2	980,7		
4,1475	0,1224	980,0	980,1	980,6		
4,1642	0,1163	980,0	980,2	980,7		
4,1808	0,1220	980,1	980,2	980,6		
4,1975	0,1123	980,0	980,2	980,7		
4,2142	0,1167	980,1	980,1	980,6		
4,2308	0,1118	980,1	980,2	980,7		
4,2475	0,1123	980,1	980,2	980,6		
4,2642	0,1123	980,1	980,2	980,7		
4,2808	0,1118	980,1	980,2	980,7		
4,2975	0,1202	979,9	980,1	980,6		
4,3142	0,1167	980,1	980,2	980,6		
4,3308	0,1149	980,1	980,2	980,7		
4,3475	0,1207	980,2	980,2	980,6		
4,3642	0,1171	980,1	980,2	980,7		
4,3808	0,1211	980,1	980,2	980,7		
4,3975	0,1132	980,3	980,5	981,0		
4,4142	0,1180	980,2	980,3	980,7		
4,4308	0,1118	980,1	980,3	980,8		
4,4475	0,1127	980,0	980,1	980,5		
4,4642	0,1149	980,1	980,2	980,7		
4,4808	0,1251	980,0	980,1	980,5		
4,4975	0,1167	980,0	980,1	980,5		
4,5142	0,1189	980,0	980,2	980,6		
4,5308	0,1220	980,0	980,1	980,6		
4,5475	0,1167	980,0	980,2	980,6		
4,5642	0,1158	980,0	980,2	980,6		
4,5808	0,1149	980,0	980,1	980,6		
4,5975	0,1255	980,0	980,1	980,5		
4,6142	0,1185	980,2	980,2	980,7		
4,6308	0,1207	980,2	980,4	981,0		
4,6475	0,1207	980,2	980,4	980,9		
4,6642	0,1145	980,1	980,2	980,6		
4,6808	0,1251	980,1	980,1	980,5		
4,6975	0,1176	980,0	980,0	980,4		
4,7142	0,1180	980,2	980,3	980,8		
4,7308	0,1238	980,1	980,2	980,6		
4,7475	0,1189	980,1	980,3	980,8		
4,7642	0,1163	980,2	980,4	981,0		
4,7808	0,1202	980,1	980,3	980,8		
4,7975	0,1220	980,1	980,3	980,8		
4,8142	0,1260	980,1	980,3	980,8		
4,8308	0,1282	980,1	980,2	980,7		
4,8475	0,1260	980,3	980,4	980,8		
4,8642	0,1255	980,3	980,4	980,8		
4,8808	0,1251	980,3	980,3	980,8		
4,8975	0,1220	980,0	980,2	980,6		
4,9142	0,1238	980,0	980,2	980,6		
4,9308	0,1317	980,0	980,2	980,7		
4,9475	0,1260	980,0	980,2	980,6		
4,9642	0,1176	979,9	980,1	980,6		
4,9808	0,1194	980,0	980,2	980,7		
4,9975	0,1233	979,9	980,1	980,6		
5,0142	0,1229	980,0	980,1	980,6		
5,0308	0,1207	980,0	980,2	980,6		
5,0475	0,1202	980,0	980,1	980,5		
5,0642	0,1242	980,0	980,0	980,5		
5,0808	0,1295	980,0	980,0	980,3		
5,0975	0,1273	979,9	980,0	980,4		
5,1142	0,1233	980,0	979,9	980,3		
5,1308	0,1220	980,1	980,4	981,3		
5,1475	0,1202	980,3	980,5	981,0		
5,1642	0,1308	980,2	980,5	981,1		
5,1808	0,1331	980,3	980,4	980,9		
5,1975	0,1260	980,3	980,4	980,8		
5,2142	0,1264	980,3	980,4	980,8		
5,2308	0,1308	980,1	980,3	980,8		
5,2475	0,1260	980,1	980,3	980,8		
5,2642	0,1322	979,9	980,2	980,7		
5,2808	0,1238	979,8	980,0	980,4		
5,2975	0,1238	979,8	980,1	980,6		
5,3142	0,1273	980,2	980,2	980,7		
5,3308	0,1317	980,2	980,2	980,6		
5,3475	0,1260	980,2	980,3	980,7		
5,3642	0,1211	980,0	980,1	980,6		
5,3808	0,1242	979,9	980,1	980,6		
5,3975	0,1260	980,0	980,0	980,6		
5,4142	0,1313	980,0	980,1	980,6		
5,4308	0,1339	980,1	980,1	980,6		
5,4475	0,1211	980,1	980,2	980,6		
5,4642	0,1286	980,1	980,1	980,6		
5,4808	0,1300	980,2	980,4	981,0		
5,4975	0,1300	980,2	980,4	980,9		
5,5142	0,1357	980,2	980,4	980,9		
5,5308	0,1304	980,2	980,4	980,9		
5,5475	0,1322	980,1	980,3	980,8		
5,5642	0,1370	980,0	980,2	980,6		
5,5808	0,1375	980,1	980,2	980,7		
5,5975	0,1366	980,0	980,2	980,7		
5,6142	0,1357	979,9	980,1	980,6		
5,6308	0,1339	980,7	980,6	981,0		
5,6475	0,1304	979,8	980,1	980,6		
5,6642	0,1300	980,4	980,4	980,8		
5,6808	0,1362	980,2	980,3	980,8		
5,6975	0,1300	980,1	980,2	980,8		
5,7142	0,1308	980,4	980,4	980,9		
5,7308	0,1353	980,0	980,2	980,7		
5,7475	0,1335	980,2	980,3	980,8		
5,7642	0,1295	979,9	980,2	980,7		
5,7808	0,1344	979,9	980,2	980,6		
5,7975	0,1331	980,3	980,3	980,7		
5,8142	0,1335	979,9	980,1	980,6		
5,8308	0,1366	980,3	980,4	980,7		
5,8475	0,1375	979,7	980,0	980,5		
5,8642	0,1322	980,0	980,2	980,8		
5,8808	0,1344	980,3	980,4	980,8		
5,8975	0,1344	980,1	980,3	980,7		
5,9142	0,1331	980,1	980,2	980,8		
5,9308	0,1295	980,1	980,2	980,7		
5,9475	0,1278	980,0	980,2	980,7		
5,9642	0,1304	979,9	980,0	980,6		
5,9808	0,1357	980,0	980,2	980,7		
5,9975	0,1388	980,0	980,2	980,6		
6,0142	0,1406	980,1	980,2	980,7		
6,0308	0,1273	980,0	980,2	980,8		
6,0475	0,1317	980,1	980,2	980,7		
6,0642	0,1388	980,0	980,2	980,8		
6,0808	0,1304	980,1	980,2	980,7		
6,0975	0,1339	980,1	980,2	980,7		
6,1142	0,1353	980,1	980,2	980,7		
6,1308	0,1379	980,1	980,3	980,7		
6,1475	0,1339	980,0	980,2	980,7		
6,1642	0,1397	980,0	980,1	980,6		
6,1808	0,1388	980,1	980,3	980,8		
6,1975	0,1419	980,0	980,3	980,8		
6,2142	0,1415	980,1	980,3	980,8		
6,2308	0,1384	980,1	980,3	980,8		
6,2475	0,1388	980,1	980,3	980,8		
6,2642	0,1388	980,0	980,2	980,7		
6,2808	0,1419	980,3	980,3	980,8		
6,2975	0,1432	979,9	980,1	980,6		
6,3142	0,1485	980,2	980,2	980,8		
6,3308	0,1406	980,1	980,2	980,7		
6,3475	0,1357	980,2	980,3	980,8		
6,3642	0,1428	980,1	980,2	980,7		
6,3808	0,1388	980,1	980,3	980,8		
6,3975	0,1326	980,1	980,2	980,7		
6,4142	0,1353	980,0	980,2	980,6		
6,4308	0,1445	980,1	980,2	980,8		
6,4475	0,1348	980,0	980,1	980,6		
6,4642	0,1432	980,1	980,2	980,7		
6,4808	0,1410	980,0	980,1	980,6		
6,4975	0,1348	980,1	980,2	980,7		
6,5142	0,1441	980,0	980,1	980,6		
6,5308	0,1468	980,1	980,2	980,7		
6,5475	0,1392	980,1	980,4	980,9		
6,5642	0,1384	980,1	980,3	980,7		
6,5808	0,1406	980,2	980,4	980,9		
6,5975	0,1485	980,1	980,3	980,8		
6,6142	0,1432	980,2	980,3	980,9		
6,6308	0,1485	980,1	980,2	980,6		
6,6475	0,1490	980,0	980,1	980,5		
6,6642	0,1503	980,0	980,1	980,6		
6,6808	0,1366	980,1	980,1	980,6		
6,6975	0,1445	980,1	980,2	980,7		
6,7142	0,1463	980,3	980,7	981,4		
6,7308	0,1494	980,3	980,4	981,0		
6,7475	0,1415	980,2	980,4	981,0		
6,7642	0,1397	980,2	980,3	980,9		
6,7808	0,1450	980,1	980,3	980,9		
6,7975	0,1397	980,2	980,3	980,9		
6,8142	0,1419	980,1	980,3	980,8		
6,8308	0,1450	980,2	980,3	980,7		
6,8475	0,1494	980,2	980,3	980,8		
6,8642	0,1481	980,1	980,3	980,8		
6,8808	0,1481	980,1	980,3	980,8		
6,8975	0,1485	980,1	980,2	980,7		
6,9142	0,1490	980,1	980,3	980,8		
6,9308	0,1605	980,1	980,2	980,8		
6,9475	0,1499	980,1	980,2	980,7		
6,9642	0,1507	980,0	980,2	980,7		
6,9808	0,1415	980,1	980,3	980,8		
6,9975	0,1547	980,1	980,2	980,7		
7,0142	0,1476	980,0	980,1	980,7		
7,0308	0,1468	980,2	980,3	980,9		
7,0475	0,1476	980,1	980,2	980,7		
7,0642	0,1445	980,1	980,3	980,8		
7,0808	0,1485	980,2	980,3	980,8		
7,0975	0,1468	980,1	980,2	980,8		
7,1142	0,1543	980,1	980,2	980,8		
7,1308	0,1485	980,3	980,3	980,7		
7,1475	0,1512	980,3	980,5	981,0		
7,1642	0,1454	980,2	980,4	980,9		
7,1808	0,1503	980,2	980,3	980,8		
7,1975	0,1556	980,1	980,3	980,7		
7,2142	0,1574	980,2	980,4	981,0		
7,2308	0,1521	980,1	980,3	980,8		
7,2475	0,1547	980,2	980,4	980,9		
7,2642	0,1560	980,1	980,4	980,8		
7,2808	0,1507	980,1	980,2	980,7		
7,2975	0,1490	980,2	980,5	981,0		
7,3142	0,1516	980,0	980,3	980,8		
7,3308	0,1565	980,1	980,4	980,9		
7,3475	0,1534	980,1	980,3	980,8		
7,3642	0,1445	980,1	980,3	980,8		
7,3808	0,1547	980,1	980,2	980,8		
7,3975	0,1485	980,7	980,6	981,0		
7,4142	0,1556	980,2	980,4	980,9		
7,4308	0,1512	980,0	980,2	980,7		
7,4475	0,1485	980,1	980,3	980,8		
7,4642	0,1499	980,0	980,2	980,8		
7,4808	0,1445	980,0	980,2	980,8		
7,4975	0,1485	980,0	980,2	980,7		
7,5142	0,1534	980,0	980,2	980,8		
7,5308	0,1525	980,0	980,3	980,8		
7,5475	0,1543	980,2	980,3	980,7		
7,5642	0,1494	980,6	980,5	980,9		
7,5808	0,1613	980,8	980,7	981,1		
7,5975	0,1600	980,5	980,6	980,9		
7,6142	0,1565	980,3	980,5	981,0		
7,6308	0,1543	980,2	980,4	980,8		
7,6475	0,1512	980,0	980,2	980,7		
7,6642	0,1547	980,1	980,3	980,8		
7,6808	0,1587	980,1	980,4	980,9		
7,6975	0,1507	980,3	980,5	980,9		
7,7142	0,1543	980,3	980,4	980,8		
7,7308	0,1552	980,3	980,3	980,8		
7,7475	0,1565	980,2	980,3	980,9		
7,7642	0,1565	980,1	980,2	980,7		
7,7808	0,1574	980,2	980,2	980,8		
7,7975	0,1605	980,3	980,3	980,8		
7,8142	0,1525	979,9	980,1	980,6		
7,8308	0,1600	980,0	980,2	980,7		
7,8475	0,1490	980,0	980,2	980,8		
7,8642	0,1507	980,1	980,3	980,9		
7,8808	0,1631	980,0	980,2	980,8		
7,8975	0,1636	980,1	980,3	980,8		
7,9142	0,1552	980,1	980,2	980,7		
7,9308	0,1534	980,1	980,3	980,8		
7,9475	0,1596	980,0	980,2	980,7		
7,9642	0,1600	980,4	980,5	980,9		
7,9808	0,1552	980,1	980,3	980,8		
7,9975	0,1560	980,2	980,3	980,7		
8,0142	0,1578	980,0	980,2	980,7		
8,0308	0,1613	980,0	980,2	980,7		
8,0475	0,1636	979,9	980,1	980,7		
8,0642	0,1658	980,0	980,2	980,8		
8,0808	0,1671	980,5	980,5	980,8		
8,0975	0,1591	980,0	980,3	980,8		
8,1142	0,1556	980,1	980,2	980,7		
8,1308	0,1454	980,2	980,4	981,0		
8,1475	0,1618	980,1	980,3	980,9		
8,1642	0,1644	980,3	980,4	981,0		
8,1808	0,1565	980,3	980,4	980,9		
8,1975	0,1583	980,2	980,3	980,9		
8,2142	0,1600	980,1	980,3	980,9		
8,2308	0,1680	980,0	980,3	980,9		
8,2475	0,1534	980,0	980,3	980,9		
8,2642	0,1649	980,4	980,5	981,0		
8,2808	0,1547	980,1	980,3	980,8		
8,2975	0,1622	980,0	980,2	980,8		
8,3142	0,1711	979,9	980,2	980,8		
8,3308	0,1613	980,0	980,2	980,9		
8,3475	0,1675	980,2	980,2	980,7		
8,3642	0,1640	980,4	980,5	980,9		
8,3808	0,1644	980,1	980,3	980,8		
8,3975	0,1618	980,1	980,3	980,8		
8,4142	0,1596	980,3	980,4	980,9		
8,4308	0,1636	980,1	980,3	980,8		
8,4475	0,1675	980,4	980,4	980,9		
8,4642	0,1552	980,0	980,3	980,9		
8,4808	0,1596	980,0	980,2	980,8		
8,4975	0,1675	980,2	980,3	980,9		
8,5142	0,1627	980,0	980,2	980,7		
8,5308	0,1583	980,0	980,2	980,8		
8,5475	0,1649	980,0	980,2	980,7		
8,5642	0,1636	980,0	980,2	980,8		
8,5808	0,1680	980,2	980,3	980,8		
8,5975	0,1671	980,3	980,3	980,8		
8,6142	0,1689	980,0	980,2	980,8		
8,6308	0,1618	980,0	980,2	980,7		
8,6475	0,1640	980,5	980,4	980,8		
8,6642	0,1653	980,2	980,4	980,9		
8,6808	0,1631	980,2	980,4	980,9		
8,6975	0,1689	980,2	980,4	981,0		
8,7142	0,1737	980,5	980,5	981,0		
8,7308	0,1667	980,4	980,5	980,9		
8,7475	0,1613	980,2	980,4	981,0		
8,7642	0,1653	980,2	980,4	980,9		
8,7808	0,1662	980,1	980,4	980,9		
8,7975	0,1667	980,1	980,3	980,7		
8,8142	0,1675	980,1	980,3	980,8		
8,8308	0,1711	980,0	980,2	980,8		
8,8475	0,1609	980,1	980,2	980,7		
8,8642	0,1755	980,1	980,3	980,9		
8,8808	0,1675	980,1	980,2	980,8		
8,8975	0,1636	980,1	980,2	980,9		
8,9142	0,1675	980,1	980,3	980,9		
8,9308	0,1671	980,1	980,3	980,8		
8,9475	0,1631	980,1	980,2	980,7		
8,9642	0,1702	980,1	980,3	980,8		
8,9808	0,1671	980,2	980,3	980,8		
8,9975	0,1680	980,2	980,4	981,0		
9,0142	0,1684	980,1	980,4	980,9		
9,0308	0,1675	980,1	980,4	980,9		
9,0475	0,1627	980,2	980,3	980,8		
9,0642	0,1640	980,1	980,3	980,8		
9,0808	0,1680	980,1	980,3	980,8		
9,0975	0,1720	980,1	980,3	980,9		
9,1142	0,1702	980,1	980,3	980,9		
9,1308	0,1733	980,1	980,3	980,9		
9,1475	0,1715	980,1	980,3	980,8		
9,1642	0,1742	980,1	980,3	980,9		
9,1808	0,1711	980,1	980,2	980,8		
9,1975	0,1697	980,2	980,3	980,9		
9,2142	0,1706	980,1	980,2	980,7		
9,2308	0,1684	980,2	980,3	980,9		
9,2475	0,1684	980,1	980,2	980,7		
9,2642	0,1702	980,1	980,2	980,7		
9,2808	0,1693	980,2	980,4	981,1		
9,2975	0,1733	980,1	980,3	980,9		
9,3142	0,1742	980,2	980,3	980,9		
9,3308	0,1720	980,2	980,3	980,8		
9,3475	0,1667	980,1	980,3	980,8		
9,3642	0,1662	980,1	980,2	980,8		
9,3808	0,1644	980,2	980,3	980,8		
9,3975	0,1671	980,2	980,2	980,8		
9,4142	0,1755	980,0	980,2	980,7		
9,4308	0,1693	980,1	980,2	980,8		
9,4475	0,1773	980,1	980,3	980,7		
9,4642	0,1759	980,2	980,4	981,0		
9,4808	0,1764	980,1	980,4	981,0		
9,4975	0,1711	980,2	980,4	981,0		
9,5142	0,1768	980,1	980,3	981,0		
9,5308	0,1751	980,2	980,4	980,9		
9,5475	0,1724	980,1	980,2	980,7		
9,5642	0,1658	980,0	980,2	980,8		
9,5808	0,1755	980,0	980,2	980,8		
9,5975	0,1693	980,1	980,3	980,8		
9,6142	0,1680	980,1	980,2	980,8		
9,6308	0,1684	980,1	980,2	980,8		
9,6475	0,1728	980,1	980,3	980,8		
9,6642	0,1697	980,1	980,2	980,7		
9,6808	0,1790	980,2	980,3	981,0		
9,6975	0,1702	980,2	980,3	980,8		
9,7142	0,1781	980,1	980,3	980,8		
9,7308	0,1742	980,1	980,2	980,8		
9,7475	0,1737	980,2	980,3	980,9		
9,7642	0,1689	980,2	980,3	980,8		
9,7808	0,1826	980,1	980,2	980,7		
9,7975	0,1755	980,1	980,3	980,7		
9,8142	0,1786	980,2	980,3	980,7		
9,8308	0,1896	980,2	980,3	980,8		
9,8475	0,1711	980,2	980,4	980,9		
9,8642	0,1834	980,2	980,4	980,9		
9,8808	0,1781	980,3	980,4	981,0		
9,8975	0,1795	980,2	980,3	980,9		
9,9142	0,1733	980,2	980,4	980,9		
9,9308	0,1733	980,1	980,3	980,9		
9,9475	0,1777	980,2	980,3	980,9		
9,9642	0,1808	980,1	980,3	980,9		
9,9808	0,1817	980,1	980,3	980,9		
9,9975	0,1737	980,2	980,3	980,9		
10,0142	0,1857	980,1	980,3	980,8		
10,0308	0,1786	980,1	980,3	980,9		
10,0475	0,1826	980,1	980,2	980,8		
10,0642	0,1799	980,1	980,3	980,8		
10,0808	0,1821	980,2	980,3	980,9		
10,0975	0,1786	980,1	980,3	980,8		
10,1142	0,1755	980,2	980,3	980,9		
10,1308	0,1728	980,1	980,2	980,7		
10,1475	0,1777	980,1	980,2	980,8		
10,1642	0,1706	980,1	980,2	980,8		
10,1808	0,1777	980,1	980,2	980,7		
10,1975	0,1821	980,1	980,3	980,8		
10,2142	0,1733	980,1	980,3	980,9		
10,2308	0,1914	980,2	980,4	980,9		
10,2475	0,1799	980,1	980,3	980,8		
10,2642	0,1852	980,0	980,3	980,8		
10,2808	0,1790	980,1	980,2	980,8		
10,2975	0,1795	980,1	980,3	980,8		
10,3142	0,1830	980,2	980,4	980,8		
10,3308	0,1817	980,1	980,3	980,9		
10,3475	0,1923	980,1	980,3	980,9		
10,3642	0,1804	980,1	980,3	980,8		
10,3808	0,1804	980,1	980,3	980,8		
10,3975	0,1945	980,1	980,2	980,7		
10,4142	0,1790	980,2	980,3	980,8		
10,4308	0,1830	980,1	980,2	980,8		
10,4475	0,1861	980,2	980,2	980,9		
10,4642	0,1812	980,1	980,2	980,8		
10,4808	0,1777	980,1	980,2	980,8		
10,4975	0,1848	980,1	980,2	980,8		
10,5142	0,1773	980,1	980,3	980,8		
10,5308	0,1821	980,1	980,4	980,9		
10,5475	0,1808	980,2	980,3	980,8		
10,5642	0,1786	980,1	980,2	980,8		
10,5808	0,1830	980,1	980,3	980,8		
10,5975	0,1839	980,0	980,3	980,8		
10,6142	0,1892	980,2	980,4	981,0		
10,6308	0,1848	980,1	980,3	980,8		
10,6475	0,1870	980,1	980,3	980,9		
10,6642	0,1843	980,1	980,3	980,8		
10,6808	0,1883	980,2	980,3	980,8		
10,6975	0,1905	980,1	980,2	980,8		
10,7142	0,1834	980,1	980,2	980,8		
10,7308	0,1954	980,5	980,5	981,0		
10,7475	0,1874	980,2	980,3	980,8		
10,7642	0,1857	980,2	980,3	980,9		
10,7808	0,1918	980,2	980,3	980,9		
10,7975	0,1795	980,2	980,3	980,9		
10,8142	0,1861	980,1	980,3	980,9		
10,8308	0,1892	980,1	980,2	980,8		
10,8475	0,1812	980,1	980,2	980,8		
10,8642	0,1883	980,1	980,2	980,7		
10,8808	0,1839	980,1	980,2	980,8		
10,8975	0,1923	980,1	980,2	980,9		
10,9142	0,1865	980,1	980,3	980,9		
10,9308	0,1843	980,1	980,2	980,8		
10,9475	0,1830	980,1	980,3	980,8		
10,9642	0,1852	980,1	980,2	980,8		
10,9808	0,1821	980,1	980,3	980,8		
10,9975	0,1874	980,1	980,3	980,8		
11,0142	0,1896	980,1	980,2	980,8		
11,0308	0,1892	980,0	980,2	980,7		
11,0475	0,1910	980,1	980,3	980,8		
11,0642	0,1879	980,1	980,2	980,7		
11,0808	0,1852	980,0	980,2	980,8		
11,0975	0,1799	980,1	980,3	980,9		
11,1142	0,1905	980,1	980,3	980,9		
11,1308	0,1994	980,1	980,3	980,8		
11,1475	0,1941	980,1	980,3	981,1		
11,1642	0,1967	980,1	980,3	980,9		
11,1808	0,1936	980,1	980,3	980,8		
11,1975	0,1883	980,0	980,2	980,8		
11,2142	0,1918	980,1	980,3	980,9		
11,2308	0,1848	980,1	980,2	980,8		
11,2475	0,1923	980,1	980,2	980,8		
11,2642	0,1839	980,1	980,3	980,9		
11,2808	0,1936	980,1	980,3	980,8		
11,2975	0,1901	980,2	980,3	980,9		
11,3142	0,1905	980,1	980,3	980,9		
11,3308	0,1954	980,2	980,3	980,9		
11,3475	0,1830	980,1	980,3	980,9		
11,3642	0,1848	980,1	980,3	980,9		
11,3808	0,1936	980,1	980,2	980,8		
11,3975	0,1892	980,1	980,2	980,7		
11,4142	0,1896	980,1	980,2	980,8		
11,4308	0,1883	980,0	980,2	980,7		
11,4475	0,1927	980,0	980,2	980,7		
11,4642	0,1799	980,1	980,2	980,8		
11,4808	0,1861	980,1	980,2	980,7		
11,4975	0,1985	980,1	980,2	980,7		
11,5142	0,1910	980,1	980,3	980,9		
11,5308	0,2007	980,0	980,2	980,7		
11,5475	0,1980	980,1	980,3	980,9		
11,5642	0,1963	980,1	980,2	980,8		
11,5808	0,1963	980,1	980,3	980,8		
11,5975	0,1901	980,1	980,3	980,8		
11,6142	0,1949	980,0	980,2	980,8		
11,6308	0,1945	980,1	980,3	981,0		
11,6475	0,1857	980,1	980,3	980,8		
11,6642	0,1967	980,2	980,3	980,8		
11,6808	0,1954	980,0	980,2	980,7		
11,6975	0,1923	980,1	980,1	980,7		
11,7142	0,1958	980,1	980,2	980,8		
11,7308	0,1918	980,1	980,3	980,8		
11,7475	0,1914	980,2	980,3	980,9		
11,7642	0,1927	980,1	980,3	980,8		
11,7808	0,1963	980,2	980,3	980,9		
11,7975	0,1980	980,2	980,4	981,0		
11,8142	0,1963	980,1	980,3	980,8		
11,8308	0,1980	980,1	980,3	980,8		
11,8475	0,2038	980,0	980,2	980,8		
11,8642	0,1967	980,1	980,3	980,9		
11,8808	0,1918	980,1	980,3	980,8		
11,8975	0,2029	980,2	980,3	980,9		
11,9142	0,1941	980,0	980,2	980,8		
11,9308	0,1963	980,1	980,3	980,9		
11,9475	0,2020	980,0	980,3	980,8		
11,9642	0,1989	980,1	980,3	980,9		
11,9808	0,1967	980,0	980,2	980,8		
11,9975	0,1963	980,0	980,2	980,8		
12,0142	0,1914	980,0	980,2	980,8		
12,0308	0,1976	980,2	980,2	980,8		
12,0475	0,1972	980,3	980,4	980,9		
12,0642	0,1901	980,3	980,5	981,1		
12,0808	0,1905	980,3	980,4	981,0		
12,0975	0,1910	980,3	980,3	980,9		
12,1142	0,2016	980,2	980,3	981,0		
12,1308	0,1972	980,1	980,3	980,8		
12,1475	0,1910	980,2	980,3	980,8		
12,1642	0,2007	980,2	980,3	980,8		
12,1808	0,2020	980,1	980,2	980,7		
12,1975	0,2047	980,1	980,2	980,8		
12,2142	0,2042	980,1	980,3	980,9		
12,2308	0,1985	980,1	980,2	980,7		
12,2475	0,2029	980,0	980,2	980,7		
12,2642	0,2016	980,1	980,3	980,8		
12,2808	0,2016	980,1	980,3	980,8		
12,2975	0,2011	980,1	980,3	980,8		
12,3142	0,2060	980,1	980,2	980,8		
12,3308	0,1976	980,2	980,3	980,8		
12,3475	0,2033	980,2	980,4	980,9		
12,3642	0,1963	980,2	980,3	980,8		
12,3808	0,2051	980,1	980,3	980,8		
12,3975	0,1972	980,1	980,2	980,8		
12,4142	0,2051	980,2	980,3	980,8		
12,4308	0,1976	980,1	980,2	980,7		
12,4475	0,1963	980,1	980,3	980,8		
12,4642	0,2002	980,0	980,1	980,8		
12,4808	0,1980	980,2	980,3	980,8		
12,4975	0,1972	980,2	980,5	981,2		
12,5142	0,2069	980,2	980,4	981,0		
12,5308	0,2002	980,2	980,4	981,0		
12,5475	0,1972	980,2	980,4	981,0		
12,5642	0,2020	980,1	980,3	980,9		
12,5808	0,2082	980,1	980,3	980,9		
12,5975	0,2047	980,1	980,3	980,8		
12,6142	0,2060	980,1	980,3	980,8		
12,6308	0,2042	980,1	980,3	980,8		
12,6475	0,1980	980,1	980,3	980,9		
12,6642	0,2078	980,1	980,2	980,8		
12,6808	0,2086	980,1	980,3	980,8		
12,6975	0,2025	980,2	980,3	980,8		
12,7142	0,2051	980,1	980,2	980,8		
12,7308	0,1958	980,1	980,4	980,9		
12,7475	0,2064	980,1	980,3	980,9		
12,7642	0,2047	980,1	980,3	980,9		
12,7808	0,2069	980,1	980,3	980,9		
12,7975	0,2073	980,1	980,3	980,8		
12,8142	0,2047	980,0	980,3	980,9		
12,8308	0,2060	980,1	980,3	980,9		
12,8475	0,2082	980,1	980,3	980,9		
12,8642	0,1972	980,1	980,3	980,9		
12,8808	0,2060	980,1	980,2	980,8		
12,8975	0,2051	980,2	980,3	980,9		
12,9142	0,2051	980,1	980,2	980,9		
12,9308	0,1985	980,1	980,3	980,9		
12,9475	0,1967	980,2	980,3	980,8		
12,9642	0,2073	980,1	980,2	980,8		
12,9808	0,2020	980,1	980,3	980,9		
12,9975	0,2042	980,2	980,3	980,8		
13,0142	0,1985	980,1	980,2	980,8		
13,0308	0,2011	980,1	980,3	980,8		
13,0475	0,2082	980,1	980,2	980,7		
13,0642	0,2104	980,1	980,3	980,9		
13,0808	0,2033	980,2	980,3	981,0		
13,0975	0,2073	980,1	980,3	980,8		
13,1142	0,2069	980,1	980,3	980,9		
13,1308	0,2109	980,1	980,4	980,9		
13,1475	0,2148	980,1	980,3	980,9		
13,1642	0,2104	980,1	980,2	980,8		
13,1808	0,2016	980,2	980,3	980,9		
13,1975	0,2109	980,1	980,2	980,8		
13,2142	0,2086	980,1	980,3	980,8		
13,2308	0,2011	980,1	980,3	980,9		
13,2475	0,2104	980,2	980,3	981,0		
13,2642	0,2060	980,2	980,3	980,9		
13,2808	0,2095	980,2	980,3	980,9		
13,2975	0,2033	980,2	980,2	980,8		
13,3142	0,2175	980,1	980,2	980,7		
13,3308	0,2051	980,1	980,3	980,8		
13,3475	0,2131	980,1	980,3	980,9		
13,3642	0,2126	980,1	980,3	980,9		
13,3808	0,2113	980,2	980,3	980,9		
13,3975	0,2095	980,0	980,3	980,8		
13,4142	0,2086	980,1	980,3	980,9		
13,4308	0,2131	980,2	980,4	980,9		
13,4475	0,2100	980,2	980,3	981,0		
13,4642	0,2122	980,1	980,3	980,8		
13,4808	0,2100	980,1	980,3	980,9		
13,4975	0,2126	980,1	980,3	980,9		
13,5142	0,2144	980,1	980,3	980,8		
13,5308	0,2162	980,1	980,3	980,8		
13,5475	0,2170	980,1	980,2	980,8		
13,5642	0,2073	980,1	980,3	980,8		
13,5808	0,2140	980,1	980,3	980,8		
13,5975	0,2179	980,1	980,2	980,8		
13,6142	0,2113	980,1	980,3	980,8		
13,6308	0,2117	980,1	980,3	980,8		
13,6475	0,2126	980,1	980,3	980,8		
13,6642	0,2109	980,1	980,3	981,1		
13,6808	0,2148	980,3	980,4	981,1		
13,6975	0,2135	980,2	980,4	981,0		
13,7142	0,2122	980,2	980,3	980,8		
13,7308	0,2086	980,1	980,3	980,8		
13,7475	0,2113	980,1	980,3	980,9		
13,7642	0,2162	980,1	980,2	980,8		
13,7808	0,2060	980,2	980,3	980,9		
13,7975	0,2091	980,0	980,2	980,8		
13,8142	0,2122	980,1	980,3	980,9		
13,8308	0,2117	980,1	980,3	980,9		
13,8475	0,2086	980,0	980,2	980,7		
13,8642	0,2179	980,1	980,3	980,9		
13,8808	0,2144	980,1	980,3	980,9		
13,8975	0,2179	980,1	980,2	980,8		
13,9142	0,2166	980,1	980,2	980,8		
13,9308	0,2263	980,1	980,3	980,9		
13,9475	0,2197	980,1	980,3	980,8		
13,9642	0,2188	980,2	980,4	980,9		
13,9808	0,2153	980,1	980,3	980,9		
13,9975	0,2109	980,1	980,3	980,8		
14,0142	0,2188	980,2	980,3	980,9		
14,0308	0,2157	980,2	980,3	981,0		
14,0475	0,2219	980,1	980,3	980,9		
14,0642	0,2197	980,2	980,2	980,8		
14,0808	0,2113	980,1	980,2	980,9		
14,0975	0,2157	980,1	980,3	980,8		
14,1142	0,2170	980,2	980,3	980,9		
14,1308	0,2126	980,2	980,3	980,9		
14,1475	0,2153	980,2	980,4	981,0		
14,1642	0,2122	980,2	980,3	980,9		
14,1808	0,2179	980,3	980,4	980,9		
14,1975	0,2170	980,2	980,3	980,9		
14,2142	0,2166	980,1	980,3	980,9		
14,2308	0,2215	980,1	980,3	980,9		
14,2475	0,2206	980,1	980,3	980,9		
14,2642	0,2188	980,1	980,3	980,9		
14,2808	0,2193	980,1	980,3	980,8		
14,2975	0,2157	980,1	980,3	980,9		
14,3142	0,2201	980,1	980,2	980,8		
14,3308	0,2131	980,1	980,3	980,9		
14,3475	0,2223	980,1	980,2	980,8		
14,3642	0,2206	980,1	980,3	980,9		
14,3808	0,2193	980,1	980,3	980,9		
14,3975	0,2232	980,1	980,2	980,8		
14,4142	0,2184	980,1	980,3	980,9		
14,4308	0,2109	980,2	980,4	981,1		
14,4475	0,2259	980,2	980,3	980,9		
14,4642	0,2175	980,2	980,3	981,0		
14,4808	0,2140	980,2	980,4	981,0		
14,4975	0,2166	980,1	980,2	980,9		
14,5142	0,2184	980,2	980,4	981,0		
14,5308	0,2259	980,2	980,2	980,8		
14,5475	0,2241	980,1	980,3	980,9		
14,5642	0,2184	980,3	980,4	980,9		
14,5808	0,2166	980,2	980,3	980,9		
14,5975	0,2201	980,2	980,3	980,9		
14,6142	0,2246	980,2	980,3	980,9		
14,6308	0,2170	980,1	980,3	980,9		
14,6475	0,2219	980,1	980,2	980,8		
14,6642	0,2162	980,2	980,3	980,9		
14,6808	0,2254	980,0	980,3	980,9		
14,6975	0,2223	980,1	980,3	980,8		
14,7142	0,2219	980,0	980,2	980,8		
14,7308	0,2263	980,1	980,3	980,9		
14,7475	0,2175	980,1	980,2	980,7		
14,7642	0,2263	980,1	980,3	980,9		
14,7808	0,2228	980,0	980,2	980,8		
14,7975	0,2223	980,1	980,2	980,8		
14,8142	0,2162	980,1	980,2	980,8		
14,8308	0,2259	980,1	980,2	980,9		
14,8475	0,2246	980,2	980,2	980,9		
14,8642	0,2303	980,1	980,2	980,9		
14,8808	0,2219	980,1	980,3	980,9		
14,8975	0,2237	980,1	980,3	980,9		
14,9142	0,2122	980,1	980,3	980,9		
14,9308	0,2272	980,1	980,3	980,8		
14,9475	0,2210	980,1	980,2	980,9		
14,9642	0,2272	980,2	980,4	981,0		
14,9808	0,2299	980,2	980,3	980,9		
14,9975	0,2184	980,2	980,4	981,0		
15,0142	0,2237	980,1	980,3	980,9		
15,0308	0,2232	980,1	980,3	980,9		
15,0475	0,2347	980,1	980,3	980,9		
15,0642	0,2237	980,1	980,3	980,9		
15,0808	0,2263	980,1	980,3	980,8		
15,0975	0,2290	980,1	980,3	980,9		
15,1142	0,2299	980,2	980,3	980,9		
15,1308	0,2277	980,1	980,3	980,9		
15,1475	0,2201	980,1	980,3	981,0		
15,1642	0,2272	980,1	980,3	980,9		
15,1808	0,2277	980,1	980,3	980,9		
15,1975	0,2343	980,1	980,2	980,8		
15,2142	0,2281	980,1	980,2	980,9		
15,2308	0,2263	980,1	980,2	980,8		
15,2475	0,2237	980,1	980,3	980,9		
15,2642	0,2277	980,1	980,2	980,9		
15,2808	0,2210	980,2	980,3	980,9		
15,2975	0,2246	980,2	980,3	980,9		
15,3142	0,2254	980,1	980,3	980,8		
15,3308	0,2387	980,2	980,3	981,1		
15,3475	0,2272	980,1	980,4	980,9		
15,3642	0,2277	980,2	980,4	980,9		
15,3808	0,2228	980,2	980,3	980,8		
15,3975	0,2259	980,1	980,3	980,9		
15,4142	0,2263	980,1	980,3	980,8		
15,4308	0,2272	980,1	980,3	980,9		
15,4475	0,2321	980,1	980,2	980,8		
15,4642	0,2268	980,1	980,3	980,9		
15,4808	0,2307	980,1	980,3	980,9		
15,4975	0,2272	980,1	980,3	981,0		
15,5142	0,2272	980,1	980,2	980,8		
15,5308	0,2409	980,2	980,3	981,0		
15,5475	0,2347	980,1	980,3	980,9		
15,5642	0,2347	980,1	980,3	980,9		
15,5808	0,2316	980,1	980,3	980,9		
15,5975	0,2303	980,1	980,3	981,0		
15,6142	0,2294	980,1	980,3	980,8		
15,6308	0,2250	980,1	980,2	980,9		
15,6475	0,2290	980,1	980,2	980,9		
15,6642	0,2325	980,1	980,3	980,9		
15,6808	0,2259	980,1	980,2	980,8		
15,6975	0,2330	980,2	980,3	980,9		
15,7142	0,2321	980,1	980,3	980,9		
15,7308	0,2281	980,1	980,3	980,8		
15,7475	0,2285	980,2	980,3	980,9		
15,7642	0,2405	980,2	980,3	981,0		
15,7808	0,2294	980,1	980,3	980,9		
15,7975	0,2285	980,1	980,2	980,8		
15,8142	0,2259	980,2	980,3	980,9		
15,8308	0,2369	980,0	980,2	980,8		
15,8475	0,2343	980,0	980,1	980,7		
15,8642	0,2330	980,0	980,2	980,8		
15,8808	0,2391	980,1	980,2	980,8		
15,8975	0,2369	980,1	980,2	980,8		
15,9142	0,2330	980,1	980,2	980,9		
15,9308	0,2374	979,9	980,2	980,9		
15,9475	0,2307	980,0	980,2	980,8		
15,9642	0,2383	980,1	980,3	981,0		
15,9808	0,2365	980,1	980,2	980,9		
15,9975	0,2334	980,3	980,4	981,0		
16,0142	0,2285	980,2	980,3	980,9		
16,0308	0,2316	980,2	980,4	981,0		
16,0475	0,2361	980,3	980,4	981,0		
16,0642	0,2361	980,2	980,2	980,9		
16,0808	0,2294	980,2	980,3	980,9		
16,0975	0,2383	980,2	980,3	980,9		
16,1142	0,2356	980,1	980,2	980,8		
16,1308	0,2232	980,1	980,3	980,9		
16,1475	0,2325	980,1	980,2	980,8		
16,1642	0,2312	980,2	980,3	981,0		
16,1808	0,2374	980,1	980,2	980,8		
16,1975	0,2361	980,1	980,3	980,9		
16,2142	0,2356	980,1	980,3	980,9		
16,2308	0,2374	980,1	980,2	980,8		
16,2475	0,2307	980,1	980,2	980,9		
16,2642	0,2418	980,0	980,2	980,9		
16,2808	0,2480	980,2	980,3	980,9		
16,2975	0,2453	980,1	980,3	980,9		
16,3142	0,2361	980,1	980,2	980,9		
16,3308	0,2405	980,1	980,3	981,0		
16,3475	0,2365	980,2	980,3	981,0		
16,3642	0,2334	980,1	980,2	980,8		
16,3808	0,2365	980,1	980,2	980,8		
16,3975	0,2400	980,0	980,2	980,9		
16,4142	0,2334	980,1	980,3	980,9		
16,4308	0,2338	980,1	980,2	980,8		
16,4475	0,2330	980,1	980,3	980,9		
16,4642	0,2383	980,1	980,3	980,9		
16,4808	0,2409	980,1	980,3	980,9		
16,4975	0,2361	980,1	980,2	980,8		
16,5142	0,2312	980,1	980,2	980,8		
16,5308	0,2330	980,1	980,2	980,9		
16,5475	0,2343	980,1	980,2	980,8		
16,5642	0,2422	980,1	980,2	980,9		
16,5808	0,2352	980,1	980,2	980,8		
16,5975	0,2458	980,0	980,2	980,8		
16,6142	0,2449	980,0	980,2	980,8		
16,6308	0,2471	980,0	980,2	980,8		
16,6475	0,2391	980,1	980,2	980,8		
16,6642	0,2409	980,2	980,4	981,2		
16,6808	0,2502	980,2	980,4	981,1		
16,6975	0,2391	980,1	980,4	981,0		
16,7142	0,2440	980,1	980,3	981,0		
16,7308	0,2480	980,1	980,3	981,0		
16,7475	0,2427	980,1	980,3	980,9		
16,7642	0,2383	980,1	980,3	980,9		
16,7808	0,2396	980,0	980,2	980,9		
16,7975	0,2391	980,0	980,2	980,8		
16,8142	0,2462	980,1	980,2	980,9		
16,8308	0,2369	980,0	980,2	980,8		
16,8475	0,2387	980,0	980,2	980,8		
16,8642	0,2374	980,1	980,2	980,9		
16,8808	0,2338	980,0	980,2	980,9		
16,8975	0,2467	980,0	980,2	980,8		
16,9142	0,2387	980,1	980,2	980,9		
16,9308	0,2405	980,1	980,3	980,9		
16,9475	0,2369	980,1	980,2	980,9		
16,9642	0,2418	980,1	980,3	980,8		
16,9808	0,2511	980,1	980,2	980,9		
16,9975	0,2467	980,1	980,3	980,9		
17,0142	0,2391	980,1	980,3	980,9		
17,0308	0,2352	980,0	980,2	980,9		
17,0475	0,2361	980,1	980,2	980,8		
17,0642	0,2414	980,2	980,3	981,0		
17,0808	0,2391	980,1	980,3	980,8		
17,0975	0,2449	980,2	980,3	981,0		
17,1142	0,2506	980,1	980,2	980,8		
17,1308	0,2427	980,2	980,4	980,9		
17,1475	0,2458	980,1	980,3	980,9		
17,1642	0,2343	980,2	980,3	981,0		
17,1808	0,2414	980,2	980,3	981,0		
17,1975	0,2440	980,2	980,4	980,9		
17,2142	0,2347	980,1	980,3	980,9		
17,2308	0,2489	980,2	980,3	981,0		
17,2475	0,2400	980,1	980,3	980,9		
17,2642	0,2462	980,1	980,2	980,9		
17,2808	0,2462	980,2	980,3	980,9		
17,2975	0,2484	980,1	980,2	980,9		
17,3142	0,2462	980,1	980,3	980,9		
17,3308	0,2480	980,1	980,2	980,9		
17,3475	0,2422	980,1	980,2	980,9		
17,3642	0,2453	980,2	980,4	981,0		
17,3808	0,2453	980,1	980,3	981,0		
17,3975	0,2511	980,1	980,3	980,9		
17,4142	0,2414	980,3	980,4	981,0		
17,4308	0,2511	980,2	980,3	980,9		
17,4475	0,2520	980,2	980,4	981,0		
17,4642	0,2414	980,2	980,4	980,9		
17,4808	0,2440	980,2	980,3	980,9		
17,4975	0,2467	980,1	980,3	980,9		
17,5142	0,2467	980,2	980,4	981,0		
17,5308	0,2498	980,1	980,3	981,0		
17,5475	0,2484	980,1	980,3	980,9		
17,5642	0,2520	980,1	980,2	980,9		
17,5808	0,2440	980,1	980,2	980,8		
17,5975	0,2418	980,1	980,3	981,0		
17,6142	0,2458	980,2	980,3	981,0		
17,6308	0,2533	980,1	980,2	980,9		
17,6475	0,2467	980,0	980,2	980,9		
17,6642	0,2480	980,1	980,3	981,0		
17,6808	0,2462	980,1	980,3	981,0		
17,6975	0,2537	980,2	980,3	980,9		
17,7142	0,2506	980,1	980,3	980,9		
17,7308	0,2480	980,1	980,3	980,8		
17,7475	0,2515	980,1	980,3	980,9		
17,7642	0,2480	980,1	980,2	980,9		
17,7808	0,2400	980,0	980,2	980,9		
17,7975	0,2590	980,1	980,3	980,9		
17,8142	0,2559	980,1	980,3	980,9		
17,8308	0,2520	980,1	980,2	980,8		
17,8475	0,2630	980,1	980,3	980,9		
17,8642	0,2502	980,1	980,2	980,9		
17,8808	0,2515	980,1	980,3	980,9		
17,8975	0,2546	980,1	980,3	980,9		
17,9142	0,2502	980,1	980,2	980,9		
17,9308	0,2577	980,2	980,3	981,0		
17,9475	0,2475	980,2	980,2	980,9		
17,9642	0,2498	980,1	980,3	981,0		
17,9808	0,2524	980,1	980,3	981,0		
17,9975	0,2449	980,1	980,3	980,9		
18,0142	0,2537	980,1	980,3	980,9		
18,0308	0,2533	980,1	980,2	980,9		
18,0475	0,2467	980,1	980,3	980,9		
18,0642	0,2498	980,1	980,2	980,9		
18,0808	0,2533	980,2	980,4	981,2		
18,0975	0,2515	980,2	980,4	981,0		
18,1142	0,2502	980,2	980,4	981,0		
18,1308	0,2489	980,0	980,3	980,9		
18,1475	0,2564	980,1	980,3	981,0		
18,1642	0,2559	980,1	980,3	981,0		
18,1808	0,2564	980,1	980,2	980,9		
18,1975	0,2573	980,2	980,3	981,0		
18,2142	0,2506	980,0	980,3	980,9		
18,2308	0,2551	980,0	980,3	980,9		
18,2475	0,2586	980,1	980,3	980,9		
18,2642	0,2529	979,9	980,2	980,8		
18,2808	0,2533	980,0	980,2	980,9		
18,2975	0,2595	980,1	980,2	980,9		
18,3142	0,2573	980,1	980,3	980,9		
18,3308	0,2573	980,1	980,2	980,9		
18,3475	0,2551	980,1	980,3	980,9		
18,3642	0,2502	980,1	980,2	980,8		
18,3808	0,2542	980,1	980,2	980,8		
18,3975	0,2520	980,2	980,3	981,0		
18,4142	0,2529	980,1	980,2	980,8		
18,4308	0,2520	980,1	980,2	980,9		
18,4475	0,2559	980,2	980,3	981,0		
18,4642	0,2621	980,2	980,3	980,9		
18,4808	0,2568	980,2	980,3	980,9		
18,4975	0,2590	980,1	980,3	980,9		
18,5142	0,2692	980,1	980,2	980,8		
18,5308	0,2613	980,0	980,2	980,9		
18,5475	0,2564	980,1	980,2	980,9		
18,5642	0,2617	980,1	980,3	980,9		
18,5808	0,2515	980,1	980,2	980,8		
18,5975	0,2621	980,1	980,3	980,9		
18,6142	0,2582	980,0	980,3	980,9		
18,6308	0,2617	980,1	980,3	980,9		
18,6475	0,2529	980,0	980,2	980,8		
18,6642	0,2621	980,1	980,2	980,9		
18,6808	0,2542	980,1	980,3	981,0		
18,6975	0,2595	980,1	980,3	980,9		
18,7142	0,2692	980,1	980,3	981,0		
18,7308	0,2599	980,1	980,3	981,0		
18,7475	0,2568	980,1	980,2	980,9		
18,7642	0,2595	980,1	980,3	981,0		
18,7808	0,2582	980,1	980,2	980,9		
18,7975	0,2529	980,1	980,3	981,0		
18,8142	0,2613	980,1	980,3	980,9		
18,8308	0,2515	980,2	980,4	981,2		
18,8475	0,2529	980,1	980,3	980,9		
18,8642	0,2666	980,1	980,3	980,9		
18,8808	0,2613	980,1	980,2	980,9		
18,8975	0,2590	980,1	980,3	980,9		
18,9142	0,2577	980,1	980,3	980,9		
18,9308	0,2533	980,0	980,2	980,8		
18,9475	0,2630	980,0	980,2	980,9		
18,9642	0,2617	980,2	980,3	981,0		
18,9808	0,2595	980,1	980,3	981,0		
18,9975	0,2626	980,1	980,3	981,0		
19,0142	0,2559	980,1	980,3	980,9		
19,0308	0,2626	980,1	980,3	981,0		
19,0475	0,2599	980,2	980,3	980,9		
19,0642	0,2564	980,0	980,2	980,9		
19,0808	0,2630	980,1	980,3	980,9		
19,0975	0,2577	980,1	980,2	980,8		
19,1142	0,2582	980,1	980,2	981,0		
19,1308	0,2648	980,1	980,2	980,9		
19,1475	0,2595	980,0	980,2	980,9		
19,1642	0,2577	980,1	980,3	981,0		
19,1808	0,2590	980,1	980,3	981,0		
19,1975	0,2613	980,1	980,3	980,9		
19,2142	0,2568	980,2	980,3	981,0		
19,2308	0,2674	980,2	980,3	980,9		
19,2475	0,2617	980,0	980,2	980,9		
19,2642	0,2599	980,2	980,3	980,9		
19,2808	0,2657	980,0	980,2	980,8		
19,2975	0,2679	980,1	980,2	980,8		
19,3142	0,2608	980,1	980,3	981,0		
19,3308	0,2582	980,1	980,2	980,8		
19,3475	0,2613	980,1	980,2	980,9		
19,3642	0,2727	980,1	980,3	980,9		
19,3808	0,2599	980,1	980,3	981,0		
19,3975	0,2683	980,1	980,2	980,9		
19,4142	0,2688	980,1	980,3	980,9		
19,4308	0,2657	980,1	980,3	980,9		
19,4475	0,2657	980,0	980,2	980,8		
19,4642	0,2670	980,1	980,3	981,0		
19,4808	0,2723	980,1	980,3	980,9		
19,4975	0,2648	980,2	980,3	980,9		
19,5142	0,2652	980,2	980,3	981,0		
19,5308	0,2652	980,2	980,3	980,9		
19,5475	0,2630	980,1	980,3	980,9		
19,5642	0,2590	980,2	980,3	980,9		
19,5808	0,2604	980,1	980,3	981,0		
19,5975	0,2674	980,2	980,3	981,0		
19,6142	0,2626	980,1	980,2	980,9		
19,6308	0,2630	980,2	980,3	980,9		
19,6475	0,2679	980,2	980,3	980,9		
19,6642	0,2732	980,1	980,2	980,8		
19,6808	0,2666	980,2	980,3	980,9		
19,6975	0,2657	980,2	980,3	980,9		
19,7142	0,2648	980,1	980,3	980,9		
19,7308	0,2727	980,1	980,3	980,9		
19,7475	0,2577	980,2	980,5	981,1		
19,7642	0,2798	980,1	980,3	981,0		
19,7808	0,2617	980,2	980,4	981,1		
19,7975	0,2657	980,2	980,4	981,0		
19,8142	0,2679	980,1	980,3	981,0		
19,8308	0,2639	980,1	980,3	980,9		
19,8475	0,2666	980,1	980,3	980,9		
19,8642	0,2635	980,1	980,2	980,9		
19,8808	0,2736	980,1	980,3	980,9		
19,8975	0,2652	980,1	980,2	980,9		
19,9142	0,2701	980,1	980,2	980,9		
19,9308	0,2732	980,1	980,2	980,8		
19,9475	0,2705	980,1	980,1	980,8		
19,9642	0,2732	980,1	980,2	980,9		
19,9808	0,2688	980,0	980,1	980,8		
19,9975	0,2666	980,1	980,2	980,9		
20,0142	0,2613	980,1	980,2	980,9		
20,0308	0,2701	980,1	980,2	980,9		
20,0475	0,2714	980,1	980,2	980,9		
20,0642	0,2736	980,1	980,3	981,0		
20,0808	0,2710	980,1	980,2	980,9		
20,0975	0,2683	980,2	980,4	981,0		
20,1142	0,2674	980,1	980,3	980,9		
20,1308	0,2754	980,2	980,3	980,9		
20,1475	0,2794	980,1	980,3	980,9		
20,1642	0,2732	980,0	980,2	980,9		
20,1808	0,2701	980,1	980,2	980,9		
20,1975	0,2763	980,1	980,3	981,0		
20,2142	0,2727	980,1	980,3	980,9		
20,2308	0,2705	980,1	980,3	981,0		
20,2475	0,2670	980,1	980,2	980,9		
20,2642	0,2714	980,1	980,3	981,0		
20,2808	0,2666	980,2	980,3	981,0		
20,2975	0,2683	980,1	980,2	981,0		
20,3142	0,2714	980,2	980,2	980,9		
20,3308	0,2613	980,2	980,3	981,1		
20,3475	0,2666	980,3	980,4	981,1		
20,3642	0,2692	980,2	980,3	981,0		
20,3808	0,2696	980,2	980,4	981,0		
20,3975	0,2692	980,1	980,2	980,9		
20,4142	0,2679	980,1	980,3	980,9		
20,4308	0,2719	980,0	980,2	980,8		
20,4475	0,2745	980,1	980,3	981,0		
20,4642	0,2798	980,1	980,2	980,9		
20,4808	0,2750	980,1	980,2	980,9		
20,4975	0,2679	980,2	980,3	981,0		
20,5142	0,2758	980,1	980,2	980,9		
20,5308	0,2789	980,1	980,2	980,9		
20,5475	0,2803	980,0	980,2	980,9		
20,5642	0,2723	980,1	980,3	981,0		
20,5808	0,2789	980,0	980,2	981,0		
20,5975	0,2767	980,1	980,3	981,0		
20,6142	0,2763	980,0	980,2	980,8		
20,6308	0,2745	980,2	980,3	981,0		
20,6475	0,2789	980,0	980,2	980,9		
20,6642	0,2723	980,2	980,2	980,9		
20,6808	0,2754	980,0	980,2	980,9		
20,6975	0,2727	980,1	980,2	980,9		
20,7142	0,2714	980,0	980,2	981,0		
20,7308	0,2701	980,2	980,3	980,9		
20,7475	0,2776	980,1	980,2	980,9		
20,7642	0,2785	980,2	980,3	981,0		
20,7808	0,2754	980,1	980,2	980,9		
20,7975	0,2794	980,1	980,2	980,8		
20,8142	0,2745	980,1	980,2	980,9		
20,8308	0,2776	980,1	980,2	981,0		
20,8475	0,2780	980,2	980,4	981,1		
20,8642	0,2780	980,1	980,3	981,0		
20,8808	0,2864	980,1	980,3	980,9		
20,8975	0,2727	980,1	980,3	980,9		
20,9142	0,2763	980,0	980,2	980,9		
20,9308	0,2847	980,1	980,3	981,0		
20,9475	0,2820	980,2	980,3	980,9		
20,9642	0,2798	980,1	980,2	981,0		
20,9808	0,2811	980,1	980,2	981,0		
20,9975	0,2754	980,0	980,2	980,9		
21,0142	0,2754	980,1	980,1	980,8		
21,0308	0,2710	980,1	980,2	981,0		
21,0475	0,2780	980,1	980,2	980,8		
21,0642	0,2701	980,1	980,2	980,9		
21,0808	0,2763	980,1	980,2	980,9		
21,0975	0,2727	980,1	980,3	981,0		
21,1142	0,2776	980,2	980,3	981,1		
21,1308	0,2732	980,1	980,2	980,9		
21,1475	0,2847	980,1	980,2	980,9		
21,1642	0,2736	980,0	980,2	980,8		
21,1808	0,2754	980,1	980,1	980,7		
21,1975	0,2856	980,1	980,2	981,0		
21,2142	0,2820	980,0	980,1	980,8		
21,2308	0,2772	980,1	980,2	980,9		
21,2475	0,2851	980,0	980,2	980,8		
21,2642	0,2864	980,1	980,2	981,0		
21,2808	0,2807	980,2	980,3	981,0		
21,2975	0,2838	980,2	980,3	981,0		
21,3142	0,2798	980,1	980,3	980,9		
21,3308	0,2820	980,3	980,6	981,3		
21,3475	0,2860	980,2	980,3	981,1		
21,3642	0,2842	980,2	980,3	981,0		
21,3808	0,2780	980,1	980,2	981,0		
21,3975	0,2820	980,1	980,2	980,8		
21,4142	0,2807	980,1	980,2	980,9		
21,4308	0,2864	980,2	980,3	981,0		
21,4475	0,2820	980,2	980,3	981,0		
21,4642	0,2842	980,2	980,3	981,0		
21,4808	0,2869	980,2	980,4	981,1		
21,4975	0,2829	980,1	980,3	981,0		
21,5142	0,2789	980,1	980,3	981,0		
21,5308	0,2776	980,0	980,2	980,8		
21,5475	0,2820	980,0	980,1	980,9		
21,5642	0,2829	980,1	980,3	981,0		
21,5808	0,2873	980,1	980,3	981,0		
21,5975	0,2834	980,2	980,3	981,0		
21,6142	0,2864	980,1	980,3	981,0		
21,6308	0,2842	980,1	980,3	981,0		
21,6475	0,2895	980,1	980,3	981,0		
21,6642	0,2860	980,1	980,2	981,0		
21,6808	0,2878	980,2	980,3	981,0		
21,6975	0,2798	980,2	980,2	980,9		
21,7142	0,2820	980,2	980,3	981,1		
21,7308	0,2878	980,2	980,3	981,1		
21,7475	0,2794	980,1	980,3	981,0		
21,7642	0,2807	980,2	980,4	981,0		
21,7808	0,2825	980,1	980,3	981,0		
21,7975	0,2922	980,2	980,3	981,1		
21,8142	0,2864	980,2	980,3	981,1		
21,8308	0,2807	980,1	980,3	980,9		
21,8475	0,2785	980,1	980,2	980,9		
21,8642	0,2842	980,1	980,2	980,9		
21,8808	0,2856	980,1	980,3	981,0		
21,8975	0,2935	980,1	980,2	980,9		
21,9142	0,2975	980,3	980,4	981,2		
21,9308	0,2895	980,2	980,4	981,1		
21,9475	0,2847	980,2	980,4	981,1		
21,9642	0,2895	980,1	980,3	981,0		
21,9808	0,2900	980,0	980,3	981,0		
21,9975	0,2940	980,0	980,2	980,9		
22,0142	0,2829	980,0	980,2	980,9		
22,0308	0,2820	980,0	980,2	980,8		
22,0475	0,2820	980,0	980,2	980,9		
22,0642	0,2887	980,1	980,2	980,9		
22,0808	0,2864	980,1	980,2	980,9		
22,0975	0,2847	980,1	980,2	980,9		
22,1142	0,2825	980,1	980,2	981,0		
22,1308	0,2878	980,1	980,3	980,9		
22,1475	0,2873	980,1	980,3	980,9		
22,1642	0,2895	980,1	980,3	981,0		
22,1808	0,2847	980,1	980,3	981,0		
22,1975	0,2957	980,2	980,2	981,0		
22,2142	0,2931	980,2	980,4	981,1		
22,2308	0,2962	980,1	980,3	981,0		
22,2475	0,2918	980,1	980,3	980,9		
22,2642	0,2926	980,1	980,2	981,0		
22,2808	0,2834	980,1	980,3	981,0		
22,2975	0,2829	980,0	980,2	980,9		
22,3142	0,2878	980,1	980,3	981,0		
22,3308	0,2909	980,2	980,2	980,9		
22,3475	0,2873	980,1	980,2	980,9		
22,3642	0,2895	980,1	980,2	980,9		
22,3808	0,2887	980,1	980,4	981,2		
22,3975	0,2918	980,1	980,4	981,0		
22,4142	0,2904	980,1	980,3	981,1		
22,4308	0,2909	980,2	980,4	981,1		
22,4475	0,2873	980,2	980,3	981,0		
22,4642	0,2900	980,2	980,3	981,0		
22,4808	0,2918	980,1	980,3	981,0		
22,4975	0,2909	980,1	980,2	980,9		
22,5142	0,2926	980,2	980,3	981,0		
22,5308	0,2997	980,2	980,3	981,0		
22,5475	0,2957	980,2	980,3	981,0		
22,5642	0,2838	980,1	980,3	981,0		
22,5808	0,2962	980,1	980,3	980,9		
22,5975	0,2887	980,1	980,3	981,0		
22,6142	0,2948	980,1	980,2	980,9		
22,6308	0,2891	980,2	980,3	981,0		
22,6475	0,2926	980,1	980,3	981,0		
22,6642	0,2904	980,1	980,3	981,0		
22,6808	0,2975	980,2	980,3	981,1		
22,6975	0,2979	980,1	980,4	981,1		
22,7142	0,2944	980,2	980,4	981,1		
22,7308	0,2979	980,2	980,4	981,1		
22,7475	0,2878	980,2	980,4	981,1		
22,7642	0,2891	980,2	980,4	981,0		
22,7808	0,2935	980,2	980,3	981,0		
22,7975	0,2935	980,2	980,3	981,0		
22,8142	0,2984	980,2	980,3	981,0		
22,8308	0,2926	980,1	980,3	981,0		
22,8475	0,2971	980,1	980,3	981,0		
22,8642	0,2922	980,2	980,3	981,0		
22,8808	0,2957	980,1	980,2	980,9		
22,8975	0,2993	980,1	980,3	981,0		
22,9142	0,2948	980,2	980,4	981,0		
22,9308	0,3046	980,2	980,4	981,1		
22,9475	0,3002	980,1	980,3	981,0		
22,9642	0,2935	980,2	980,4	981,1		
22,9808	0,3059	980,2	980,3	981,1		
22,9975	0,2940	980,2	980,3	981,0		
23,0142	0,2993	980,1	980,3	981,0		
23,0308	0,3002	980,1	980,2	980,9		
23,0475	0,3010	980,1	980,3	981,0		
23,0642	0,2988	980,1	980,3	981,0		
23,0808	0,2918	980,2	980,4	981,1		
23,0975	0,3050	980,2	980,4	981,1		
23,1142	0,2971	980,2	980,4	981,1		
23,1308	0,2918	980,2	980,3	981,0		
23,1475	0,3024	980,3	980,4	981,1		
23,1642	0,2944	980,2	980,4	981,1		
23,1808	0,2971	980,2	980,4	981,1		
23,1975	0,3019	980,2	980,3	981,0		
23,2142	0,2935	980,2	980,3	981,0		
23,2308	0,3028	980,2	980,3	981,0		
23,2475	0,2988	980,1	980,3	981,0		
23,2642	0,2953	980,2	980,4	981,2		
23,2808	0,3028	980,1	980,3	980,9		
23,2975	0,3050	980,1	980,3	981,0		
23,3142	0,3068	980,1	980,2	980,9		
23,3308	0,2975	980,2	980,3	981,0		
23,3475	0,3072	980,1	980,3	981,0		
23,3642	0,2948	980,1	980,2	980,9		
23,3808	0,3006	980,1	980,3	981,0		
23,3975	0,3015	980,1	980,3	980,9		
23,4142	0,2997	980,0	980,2	981,0		
23,4308	0,3028	980,2	980,3	981,1		
23,4475	0,2984	980,1	980,3	981,0		
23,4642	0,3015	980,1	980,3	981,0		
23,4808	0,2979	980,1	980,3	981,0		
23,4975	0,3019	980,1	980,3	980,9		
23,5142	0,3002	980,1	980,3	981,0		
23,5308	0,3077	980,1	980,2	980,9		
23,5475	0,2975	980,1	980,3	981,0		
23,5642	0,2988	980,1	980,3	981,0		
23,5808	0,3019	980,1	980,3	981,0		
23,5975	0,3090	980,0	980,3	981,1		
23,6142	0,3006	980,2	980,4	981,0		
23,6308	0,3019	980,1	980,3	981,0		
23,6475	0,3010	980,0	980,3	981,0		
23,6642	0,3046	980,1	980,3	981,1		
23,6808	0,3024	980,1	980,3	981,0		
23,6975	0,3055	980,1	980,3	981,0		
23,7142	0,3041	980,1	980,3	981,0		
23,7308	0,3072	980,0	980,3	981,0		
23,7475	0,3006	980,2	980,4	981,1		
23,7642	0,3032	980,1	980,3	981,0		
23,7808	0,3037	980,1	980,3	981,0		
23,7975	0,3041	980,1	980,3	981,1		
23,8142	0,2953	980,1	980,3	981,1		
23,8308	0,3002	980,1	980,2	981,0		
23,8475	0,3085	980,2	980,3	981,0		
23,8642	0,3006	980,1	980,2	980,9		
23,8808	0,3085	980,3	980,3	981,1		
23,8975	0,3002	980,2	980,3	980,9		
23,9142	0,3041	980,0	980,1	980,9		
23,9308	0,2966	980,2	980,4	981,1		
23,9475	0,3116	980,1	980,3	981,0		
23,9642	0,3046	980,2	980,4	981,1		
23,9808	0,3032	980,0	980,3	981,0		
23,9975	0,3068	980,1	980,3	981,0		
24,0142	0,3046	980,0	980,2	980,9		
24,0308	0,3055	980,1	980,2	980,9		
24,0475	0,3125	980,1	980,2	981,0		
24,0642	0,3024	980,1	980,3	981,0		
24,0808	0,3090	980,1	980,2	981,0		
24,0975	0,3147	980,1	980,4	981,1		
24,1142	0,3024	980,2	980,3	981,0		
24,1308	0,3010	980,1	980,2	981,0		
24,1475	0,3077	980,1	980,2	981,0		
24,1642	0,2997	980,1	980,3	981,0		
24,1808	0,3059	980,1	980,2	980,9		
24,1975	0,3050	980,1	980,2	981,0		
24,2142	0,3041	980,2	980,2	981,0		
24,2308	0,3068	980,1	980,3	981,0		
24,2475	0,3147	980,2	980,3	981,0		
24,2642	0,3077	980,1	980,3	981,0		
24,2808	0,3094	980,1	980,3	981,0		
24,2975	0,3032	980,1	980,3	981,0		
24,3142	0,3099	980,1	980,3	981,1		
24,3308	0,3077	980,1	980,4	981,2		
24,3475	0,3090	980,1	980,2	980,9		
24,3642	0,2993	980,1	980,3	981,1		
24,3808	0,3077	980,1	980,3	981,1		
24,3975	0,3121	980,1	980,2	981,0		
24,4142	0,3063	980,1	980,2	981,0		
24,4308	0,3077	980,1	980,2	980,9		
24,4475	0,3077	980,1	980,3	981,0		
24,4642	0,3085	980,1	980,2	980,9		
24,4808	0,3063	980,1	980,3	981,1		
24,4975	0,3041	980,1	980,2	981,0		
24,5142	0,3085	980,1	980,2	980,9		
24,5308	0,3085	980,1	980,2	980,9		
24,5475	0,3072	980,1	980,2	981,0		
24,5642	0,3121	980,0	980,2	981,0		
24,5808	0,3103	980,1	980,2	980,9		
24,5975	0,3112	980,1	980,2	981,0		
24,6142	0,3046	980,1	980,3	981,0		
24,6308	0,3147	980,1	980,2	980,9		
24,6475	0,3081	980,1	980,2	980,9		
24,6642	0,3103	980,0	980,2	980,9		
24,6808	0,3068	980,2	980,3	981,1		
24,6975	0,3161	980,1	980,3	981,1		
24,7142	0,3147	980,1	980,4	981,1		
24,7308	0,3147	980,2	980,3	981,0		
24,7475	0,3143	980,1	980,3	981,1		
24,7642	0,3121	980,1	980,3	981,0		
24,7808	0,3156	980,1	980,2	981,0		
24,7975	0,3024	980,1	980,2	981,0		
24,8142	0,3068	980,1	980,3	981,0		
24,8308	0,3121	980,1	980,3	981,1		
24,8475	0,3077	980,1	980,2	981,0		
24,8642	0,3174	980,1	980,2	981,0		
24,8808	0,3112	980,1	980,2	980,9		
24,8975	0,3121	980,1	980,3	981,0		
24,9142	0,3094	980,0	980,2	980,9		
24,9308	0,3161	980,1	980,2	980,9		
24,9475	0,3130	980,1	980,2	981,0		
24,9642	0,3174	980,0	980,2	981,0		
24,9808	0,3116	980,1	980,3	981,0		
24,9975	0,3152	980,0	980,2	980,9		
25,0142	0,3112	980,0	980,2	980,9		
25,0308	0,3196	980,0	980,2	980,9		
25,0475	0,3174	980,1	980,2	981,0		
25,0642	0,3178	980,1	980,3	981,1		
25,0808	0,3077	980,1	980,2	981,0		
25,0975	0,3174	980,2	980,3	981,0		
25,1142	0,3147	980,1	980,2	981,0		
25,1308	0,3249	980,0	980,1	980,9		
25,1475	0,3108	980,0	980,2	981,0		
25,1642	0,3134	980,2	980,4	981,1		
25,1808	0,3187	980,2	980,4	981,2		
25,1975	0,3231	980,2	980,3	981,1		
25,2142	0,3121	980,2	980,4	981,2		
25,2308	0,3165	980,2	980,4	981,1		
25,2475	0,3187	980,1	980,2	981,0		
25,2642	0,3130	980,1	980,3	981,0		
25,2808	0,3147	980,1	980,2	980,9		
25,2975	0,3139	980,0	980,2	981,0		
25,3142	0,3143	980,1	980,3	981,0		
25,3308	0,3112	980,1	980,3	981,0		
25,3475	0,3187	980,0	980,2	981,0		
25,3642	0,3231	980,1	980,2	980,9		
25,3808	0,3187	980,0	980,2	981,0		
25,3975	0,3258	980,2	980,2	981,0		
25,4142	0,3143	980,1	980,2	981,0		
25,4308	0,3139	980,0	980,2	980,9		
25,4475	0,3152	980,0	980,2	981,0		
25,4642	0,3090	980,2	980,5	981,3		
25,4808	0,3125	980,1	980,3	981,1		
25,4975	0,3214	980,1	980,2	981,0		
25,5142	0,3143	980,1	980,2	981,0		
25,5308	0,3249	980,2	980,3	981,1		
25,5475	0,3196	980,2	980,3	981,0		
25,5642	0,3183	980,1	980,2	980,9		
25,5808	0,3200	980,0	980,2	981,0		
25,5975	0,3108	980,1	980,2	981,0		
25,6142	0,3214	980,1	980,3	981,0		
25,6308	0,3187	980,1	980,3	981,0		
25,6475	0,3223	980,1	980,3	981,0		
25,6642	0,3187	980,0	980,2	981,0		
25,6808	0,3183	980,1	980,2	981,0		
25,6975	0,3178	980,1	980,3	981,0		
25,7142	0,3161	980,1	980,3	981,1		
25,7308	0,3174	980,0	980,2	980,9		
25,7475	0,3205	980,2	980,2	981,0		
25,7642	0,3196	980,1	980,3	981,1		
25,7808	0,3209	980,1	980,3	981,1		
25,7975	0,3218	980,1	980,2	981,1		
25,8142	0,3187	980,1	980,3	981,0		
25,8308	0,3130	980,1	980,2	981,0		
25,8475	0,3236	980,1	980,2	981,0		
25,8642	0,3192	980,1	980,2	981,1		
25,8808	0,3187	980,0	980,2	981,0		
25,8975	0,3271	980,1	980,3	981,0		
25,9142	0,3143	980,1	980,2	980,9		
25,9308	0,3227	980,1	980,2	980,9		
25,9475	0,3169	980,0	980,2	980,9		
25,9642	0,3200	980,0	980,2	980,9		
25,9808	0,3280	980,1	980,2	980,9		
25,9975	0,3245	980,0	980,1	980,9		
26,0142	0,3200	980,0	980,2	980,9		
26,0308	0,3293	980,0	980,1	980,9		
26,0475	0,3236	980,1	980,3	981,1		
26,0642	0,3165	980,1	980,2	981,0		
26,0808	0,3249	980,1	980,2	981,0		
26,0975	0,3209	980,1	980,3	981,0		
26,1142	0,3276	980,1	980,3	981,1		
26,1308	0,3218	980,1	980,2	981,0		
26,1475	0,3253	980,1	980,2	981,0		
26,1642	0,3223	980,1	980,3	981,1		
26,1808	0,3205	980,1	980,2	981,0		
26,1975	0,3258	980,1	980,2	981,0		
26,2142	0,3178	980,1	980,2	981,0		
26,2308	0,3276	980,1	980,2	980,9		
26,2475	0,3218	980,1	980,2	981,0		
26,2642	0,3245	980,2	980,3	981,0		
26,2808	0,3307	980,1	980,3	981,0		
26,2975	0,3209	980,0	980,3	981,1		
26,3142	0,3245	980,1	980,3	981,0		
26,3308	0,3214	980,1	980,3	981,0		
26,3475	0,3205	980,1	980,3	981,0		
26,3642	0,3276	980,1	980,3	981,1		
26,3808	0,3209	980,0	980,2	981,0		
26,3975	0,3289	980,1	980,3	981,1		
26,4142	0,3276	980,1	980,2	981,0		
26,4308	0,3262	980,0	980,2	981,0		
26,4475	0,3307	980,0	980,2	981,1		
26,4642	0,3236	980,1	980,2	981,0		
26,4808	0,3289	980,2	980,4	981,3		
26,4975	0,3209	980,1	980,1	980,8		
26,5142	0,3236	980,2	980,3	981,1		
26,5308	0,3280	980,1	980,2	981,0		
26,5475	0,3209	980,1	980,3	981,0		
26,5642	0,3315	980,0	980,2	981,0		
26,5808	0,3245	980,1	980,2	981,0		
26,5975	0,3276	980,1	980,2	981,0		
26,6142	0,3267	980,1	980,4	981,2		
26,6308	0,3258	980,1	980,2	981,0		
26,6475	0,3276	980,1	980,3	981,0		
26,6642	0,3315	980,1	980,2	981,0		
26,6808	0,3245	980,1	980,3	981,1		
26,6975	0,3315	980,1	980,2	981,1		
26,7142	0,3289	980,1	980,2	981,0		
26,7308	0,3307	980,1	980,2	981,0		
26,7475	0,3315	980,1	980,3	981,1		
26,7642	0,3209	980,1	980,2	981,0		
26,7808	0,3267	980,2	980,4	981,3		
26,7975	0,3227	980,1	980,3	981,1		
26,8142	0,3209	980,2	980,3	981,1		
26,8308	0,3311	980,0	980,2	981,0		
26,8475	0,3231	980,1	980,3	981,1		
26,8642	0,3293	980,1	980,2	981,0		
26,8808	0,3324	980,1	980,2	981,1		
26,8975	0,3346	980,1	980,2	981,0		
26,9142	0,3307	980,1	980,3	981,0		
26,9308	0,3346	980,1	980,2	981,0		
26,9475	0,3293	980,0	980,2	981,0		
26,9642	0,3320	980,0	980,1	981,0		
26,9808	0,3373	980,1	980,2	981,0		
26,9975	0,3373	980,1	980,3	981,2		
27,0142	0,3262	980,1	980,2	981,1		
27,0308	0,3276	980,1	980,3	981,1		
27,0475	0,3311	980,1	980,3	981,0		
27,0642	0,3267	980,1	980,2	981,0		
27,0808	0,3245	980,1	980,3	981,1		
27,0975	0,3276	980,0	980,3	981,1		
27,1142	0,3337	980,1	980,2	981,1		
27,1308	0,3271	980,2	980,3	981,0		
27,1475	0,3355	980,1	980,2	981,0		
27,1642	0,3395	980,1	980,2	980,9		
27,1808	0,3320	980,1	980,2	981,0		
27,1975	0,3351	980,1	980,3	981,2		
27,2142	0,3351	980,2	980,3	981,1		
27,2308	0,3333	980,1	980,3	981,0		
27,2475	0,3395	980,1	980,3	981,1		
27,2642	0,3315	980,1	980,3	981,0		
27,2808	0,3395	980,2	980,3	981,1		
27,2975	0,3298	980,1	980,3	981,1		
27,3142	0,3351	980,1	980,2	981,1		
27,3308	0,3421	980,1	980,2	981,0		
27,3475	0,3382	980,1	980,2	981,0		
27,3642	0,3284	980,1	980,3	981,0		
27,3808	0,3307	980,1	980,2	981,0		
27,3975	0,3289	980,1	980,2	981,0		
27,4142	0,3329	980,1	980,2	981,0		
27,4308	0,3324	980,1	980,2	981,1		
27,4475	0,3253	980,1	980,2	981,0		
27,4642	0,3333	980,0	980,1	981,0		
27,4808	0,3426	980,1	980,2	981,0		
27,4975	0,3426	980,0	980,2	981,1		
27,5142	0,3351	980,1	980,3	981,1		
27,5308	0,3417	980,1	980,3	981,1		
27,5475	0,3474	980,0	980,3	981,1		
27,5642	0,3395	980,1	980,2	981,0		
27,5808	0,3404	980,0	980,2	981,1		
27,5975	0,3351	980,1	980,2	981,1		
27,6142	0,3311	980,0	980,2	981,0		
27,6308	0,3320	980,0	980,2	981,1		
27,6475	0,3386	980,1	980,2	981,1		
27,6642	0,3311	980,2	980,3	981,1		
27,6808	0,3337	980,2	980,3	981,1		
27,6975	0,3307	980,2	980,3	981,2		
27,7142	0,3315	980,2	980,3	981,2		
27,7308	0,3333	980,1	980,3	981,1		
27,7475	0,3360	980,1	980,3	981,1		
27,7642	0,3435	980,1	980,2	981,0		
27,7808	0,3430	980,0	980,2	981,0		
27,7975	0,3346	980,0	980,1	980,9		
27,8142	0,3391	980,0	980,1	981,0		
27,8308	0,3360	980,0	980,2	981,0		
27,8475	0,3408	980,0	980,2	980,9		
27,8642	0,3399	980,1	980,2	981,1		
27,8808	0,3408	980,0	980,1	980,9		
27,8975	0,3342	980,0	980,2	981,0		
27,9142	0,3395	980,1	980,2	981,2		
27,9308	0,3399	980,1	980,3	981,1		
27,9475	0,3351	980,1	980,3	981,1		
27,9642	0,3368	980,1	980,2	981,0		
27,9808	0,3444	980,1	980,2	981,0		
27,9975	0,3355	980,1	980,2	981,1		
28,0142	0,3391	980,1	980,2	981,0		
28,0308	0,3355	980,1	980,3	981,1		
28,0475	0,3386	980,1	980,2	981,1		
28,0642	0,3342	980,0	980,3	981,1		
28,0808	0,3395	980,1	980,3	981,1		
28,0975	0,3448	980,0	980,3	981,1		
28,1142	0,3413	980,0	980,2	981,0		
28,1308	0,3452	980,2	980,6	981,6		
28,1475	0,3452	980,0	980,1	980,8		
28,1642	0,3448	980,0	980,2	981,0		
28,1808	0,3483	980,0	980,2	981,0		
28,1975	0,3404	980,1	980,2	981,1		
28,2142	0,3386	980,0	980,2	981,0		
28,2308	0,3386	980,1	980,2	981,0		
28,2475	0,3435	980,1	980,2	981,1		
28,2642	0,3377	980,1	980,2	981,1		
28,2808	0,3399	980,1	980,2	981,0		
28,2975	0,3360	980,1	980,3	981,3		
28,3142	0,3413	980,1	980,2	981,0		
28,3308	0,3368	980,1	980,2	981,1		
28,3475	0,3488	980,0	980,1	980,9		
28,3642	0,3408	980,1	980,2	981,0		
28,3808	0,3461	980,1	980,3	981,2		
28,3975	0,3479	980,1	980,3	981,1		
28,4142	0,3497	980,1	980,2	981,1		
28,4308	0,3470	980,1	980,2	981,0		
28,4475	0,3514	980,1	980,2	981,1		
28,4642	0,3421	980,1	980,2	981,1		
28,4808	0,3391	980,0	980,2	981,1		
28,4975	0,3479	980,1	980,2	981,2		
28,5142	0,3404	980,1	980,3	981,1		
28,5308	0,3417	980,2	980,3	981,1		
28,5475	0,3466	980,1	980,2	981,1		
28,5642	0,3492	980,1	980,3	981,2		
28,5808	0,3413	980,1	980,3	981,2		
28,5975	0,3479	980,1	980,2	981,1		
28,6142	0,3466	980,1	980,2	981,0		
28,6308	0,3452	980,1	980,2	981,0		
28,6475	0,3395	980,1	980,2	981,1		
28,6642	0,3532	980,1	980,2	981,1		
28,6808	0,3470	980,1	980,2	981,0		
28,6975	0,3426	980,1	980,3	981,1		
28,7142	0,3497	980,0	980,2	981,1		
28,7308	0,3532	980,0	980,2	981,1		
28,7475	0,3479	980,0	980,2	981,0		
28,7642	0,3532	980,0	980,1	980,9		
28,7808	0,3483	980,1	980,3	981,1		
28,7975	0,3510	979,9	980,1	981,0		
28,8142	0,3497	980,0	980,3	981,1		
28,8308	0,3567	980,0	980,2	981,1		
28,8475	0,3519	980,1	980,2	981,1		
28,8642	0,3505	980,1	980,2	981,1		
28,8808	0,3466	980,1	980,2	981,1		
28,8975	0,3435	980,0	980,2	981,1		
28,9142	0,3554	980,1	980,3	981,1		
28,9308	0,3554	980,1	980,2	981,1		
28,9475	0,3523	980,1	980,2	981,1		
28,9642	0,3452	980,1	980,2	981,1		
28,9808	0,3444	980,2	980,5	981,4		
28,9975	0,3536	980,1	980,2	981,1		
29,0142	0,3523	980,1	980,3	981,2		
29,0308	0,3514	980,0	980,2	981,1		
29,0475	0,3572	980,0	980,1	981,0		
29,0642	0,3550	980,0	980,2	981,0		
29,0808	0,3479	980,0	980,2	981,0		
29,0975	0,3444	980,0	980,2	981,0		
29,1142	0,3510	980,0	980,2	981,0		
29,1308	0,3470	980,0	980,2	981,0		
29,1475	0,3519	980,1	980,2	981,1		
29,1642	0,3523	980,0	980,2	981,0		
29,1808	0,3492	980,1	980,2	981,1		
29,1975	0,3550	980,1	980,2	981,0		
29,2142	0,3528	980,1	980,2	981,2		
29,2308	0,3483	980,2	980,2	981,1		
29,2475	0,3479	980,1	980,2	981,0		
29,2642	0,3545	980,1	980,2	981,1		
29,2808	0,3536	980,0	980,2	981,0		
29,2975	0,3505	980,0	980,2	981,1		
29,3142	0,3528	980,1	980,2	981,1		
29,3308	0,3492	980,1	980,2	981,1		
29,3475	0,3510	980,0	980,1	981,0		
29,3642	0,3541	980,0	980,2	981,1		
29,3808	0,3620	980,0	980,2	981,1		
29,3975	0,3528	980,0	980,2	981,0		
29,4142	0,3563	980,0	980,2	981,0		
29,4308	0,3528	980,0	980,2	981,1		
29,4475	0,3581	980,0	980,1	981,0		
29,4642	0,3607	980,1	980,2	981,1		
29,4808	0,3620	980,0	980,2	981,0		
29,4975	0,3598	980,0	980,1	981,0		
29,5142	0,3536	980,1	980,3	981,2		
29,5308	0,3505	980,2	980,4	981,3		
29,5475	0,3572	980,1	980,2	981,1		
29,5642	0,3470	980,2	980,3	981,2		
29,5808	0,3585	980,2	980,2	981,1		
29,5975	0,3505	980,2	980,3	981,2		
29,6142	0,3470	980,1	980,3	981,2		
29,6308	0,3567	980,1	980,2	981,1		
29,6475	0,3536	980,1	980,3	981,1		
29,6642	0,3519	980,1	980,2	981,1		
29,6808	0,3598	980,1	980,2	981,1		
29,6975	0,3567	980,0	980,1	980,9		
29,7142	0,3581	980,0	980,2	981,0		
29,7308	0,3545	980,0	980,1	980,9		
29,7475	0,3545	980,1	980,2	981,0		
29,7642	0,3594	980,1	980,2	981,1		
29,7808	0,3612	980,0	980,2	981,1		
29,7975	0,3541	980,1	980,3	981,1		
29,8142	0,3554	980,0	980,2	981,1		
29,8308	0,3545	980,0	980,2	981,1		
29,8475	0,3620	980,0	980,2	981,1		
29,8642	0,3461	980,0	980,1	981,0		
29,8808	0,3616	980,1	980,3	981,2		
29,8975	0,3558	980,1	980,2	981,1		
29,9142	0,3581	980,1	980,2	981,1		
29,9308	0,3620	980,1	980,3	981,1		
29,9475	0,3581	980,1	980,3	981,1		
29,9642	0,3510	980,0	980,2	981,0		
29,9808	0,3589	980,1	980,3	981,1		
29,9975	0,3603	980,1	980,2	981,1		
30,0142	0,3550	980,0	980,2	981,1		
30,0308	0,3589	980,5	980,5	981,2		
30,0475	0,3514	979,9	980,1	981,0		
30,0642	0,3519	980,0	980,1	981,0		
30,0808	0,3585	980,0	980,2	981,1		
30,0975	0,3607	979,9	980,2	981,1		
30,1142	0,3581	980,0	980,2	981,1		
30,1308	0,3642	980,0	980,2	981,1		
30,1475	0,3607	980,0	980,2	981,1		
30,1642	0,3589	980,0	980,2	981,1		
30,1808	0,3625	980,1	980,4	981,2		
30,1975	0,3634	980,0	980,3	981,1		
30,2142	0,3625	980,1	980,4	981,3		
30,2308	0,3607	980,1	980,2	981,1		
30,2475	0,3581	980,1	980,3	981,2		
30,2642	0,3572	980,1	980,3	981,2		
30,2808	0,3598	980,1	980,2	981,1		
30,2975	0,3598	980,1	980,2	981,2		
30,3142	0,3656	980,1	980,3	981,2		
30,3308	0,3660	980,1	980,2	981,1		
30,3475	0,3620	980,1	980,2	981,1		
30,3642	0,3612	980,2	980,3	981,1		
30,3808	0,3704	980,1	980,2	981,1		
30,3975	0,3598	980,0	980,2	981,1		
30,4142	0,3594	980,1	980,3	981,1		
30,4308	0,3673	980,0	980,3	981,1		
30,4475	0,3594	980,1	980,3	981,1		
30,4642	0,3581	980,1	980,3	981,2		
30,4808	0,3585	980,1	980,3	981,2		
30,4975	0,3678	980,1	980,3	981,1		
30,5142	0,3656	980,1	980,3	981,1		
30,5308	0,3678	980,1	980,3	981,2		
30,5475	0,3669	980,1	980,3	981,1		
30,5642	0,3594	980,1	980,2	981,1		
30,5808	0,3589	980,0	980,2	981,1		
30,5975	0,3567	980,1	980,2	981,0		
30,6142	0,3620	980,0	980,2	981,1		
30,6308	0,3651	980,1	980,2	981,1		
30,6475	0,3603	980,1	980,2	981,1		
30,6642	0,3536	980,1	980,2	981,2		
30,6808	0,3620	980,1	980,2	981,2		
30,6975	0,3740	980,1	980,3	981,1		
30,7142	0,3629	980,1	980,2	981,1		
30,7308	0,3629	980,1	980,3	981,1		
30,7475	0,3669	980,1	980,3	981,2		
30,7642	0,3598	980,1	980,2	981,1		
30,7808	0,3638	980,1	980,2	981,1		
30,7975	0,3656	980,1	980,2	981,1		
30,8142	0,3713	980,1	980,2	981,2		
30,8308	0,3726	980,0	980,2	981,2		
30,8475	0,3713	980,1	980,3	981,2		
30,8642	0,3687	980,1	980,2	981,1		
30,8808	0,3704	980,1	980,3	981,2		
30,8975	0,3726	980,1	980,2	981,2		
30,9142	0,3651	980,0	980,2	981,2		
30,9308	0,3656	980,1	980,2	981,2		
30,9475	0,3647	980,1	980,2	981,1		
30,9642	0,3585	980,1	980,3	981,2		
30,9808	0,3642	980,0	980,2	981,1		
30,9975	0,3718	980,1	980,2	981,1		
31,0142	0,3687	980,0	980,2	981,1		
31,0308	0,3642	980,2	980,2	981,2		
31,0475	0,3651	980,2	980,3	981,2		
31,0642	0,3687	980,1	980,2	981,3		
31,0808	0,3713	980,1	980,2	981,1		
31,0975	0,3744	980,1	980,2	981,1		
31,1142	0,3682	980,0	980,2	981,1		
31,1308	0,3749	980,0	980,1	981,0		
31,1475	0,3718	980,1	980,2	981,2		
31,1642	0,3682	980,1	980,3	981,2		
31,1808	0,3642	980,1	980,3	981,1		
31,1975	0,3753	980,1	980,2	981,1		
31,2142	0,3687	980,0	980,2	981,0		
31,2308	0,3797	980,1	980,2	981,2		
31,2475	0,3722	980,1	980,3	981,2		
31,2642	0,3740	980,1	980,3	981,2		
31,2808	0,3709	980,1	980,3	981,1		
31,2975	0,3749	980,0	980,2	981,0		
31,3142	0,3700	980,0	980,1	981,1		
31,3308	0,3753	980,0	980,1	981,0		
31,3475	0,3718	980,0	980,1	981,1		
31,3642	0,3696	980,1	980,2	981,1		
31,3808	0,3762	980,0	980,2	981,2		
31,3975	0,3771	980,1	980,2	981,2		
31,4142	0,3696	980,0	980,2	981,1		
31,4308	0,3682	980,1	980,3	981,2		
31,4475	0,3722	980,1	980,2	981,1		
31,4642	0,3766	980,2	980,3	981,3		
31,4808	0,3651	980,2	980,3	981,2		
31,4975	0,3810	980,0	980,3	981,2		
31,5142	0,3700	980,1	980,3	981,2		
31,5308	0,3766	980,1	980,3	981,1		
31,5475	0,3709	980,1	980,3	981,1		
31,5642	0,3757	980,1	980,3	981,2		
31,5808	0,3757	980,1	980,3	981,2		
31,5975	0,3740	980,2	980,3	981,2		
31,6142	0,3740	980,0	980,2	981,1		
31,6308	0,3828	980,1	980,2	981,1		
31,6475	0,3788	980,1	980,2	981,0		
31,6642	0,3740	980,0	980,1	981,0		
31,6808	0,3709	980,0	980,1	981,0		
31,6975	0,3744	980,0	980,1	981,0		
31,7142	0,3780	980,0	980,2	981,1		
31,7308	0,3762	980,1	980,2	981,1		
31,7475	0,3766	980,1	980,2	981,2		
31,7642	0,3731	980,1	980,3	981,2		
31,7808	0,3762	980,1	980,3	981,3		
31,7975	0,3753	980,1	980,2	981,2		
31,8142	0,3740	980,1	980,4	981,3		
31,8308	0,3749	980,1	980,3	981,2		
31,8475	0,3749	980,0	980,2	981,3		
31,8642	0,3815	980,1	980,2	981,2		
31,8808	0,3797	980,0	980,2	981,1		
31,8975	0,3718	980,0	980,2	981,1		
31,9142	0,3797	980,0	980,2	981,0		
31,9308	0,3775	980,0	980,2	981,2		
31,9475	0,3797	980,0	980,2	981,1		
31,9642	0,3802	980,0	980,2	981,2		
31,9808	0,3802	980,1	980,2	981,1		
31,9975	0,3828	980,0	980,2	981,1		
32,0142	0,3753	980,0	980,2	981,1		
32,0308	0,3846	980,0	980,2	981,2		
32,0475	0,3722	980,1	980,2	981,1		
32,0642	0,3819	980,1	980,3	981,4		
32,0808	0,3771	980,1	980,3	981,2		
32,0975	0,3775	980,1	980,3	981,3		
32,1142	0,3700	980,2	980,3	981,3		
32,1308	0,3793	980,1	980,3	981,3		
32,1475	0,3797	980,1	980,3	981,3		
32,1642	0,3797	980,2	980,3	981,4		
32,1808	0,3740	980,1	980,3	981,2		
32,1975	0,3833	980,0	980,2	981,3		
32,2142	0,3735	980,0	980,2	981,1		
32,2308	0,3784	980,1	980,2	981,2		
32,2475	0,3837	980,0	980,2	981,1		
32,2642	0,3819	980,0	980,2	981,1		
32,2808	0,3846	980,0	980,2	981,1		
32,2975	0,3881	980,1	980,3	981,2		
32,3142	0,3819	980,0	980,2	981,2		
32,3308	0,3802	980,0	980,2	981,2		
32,3475	0,3894	980,1	980,2	981,2		
32,3642	0,3810	980,1	980,3	981,2		
32,3808	0,3833	980,1	980,3	981,2		
32,3975	0,3855	980,1	980,3	981,3		
32,4142	0,3815	980,1	980,2	981,2		
32,4308	0,3815	980,1	980,3	981,3		
32,4475	0,3833	980,0	980,2	981,1		
32,4642	0,3810	980,0	980,2	981,2		
32,4808	0,3837	980,1	980,2	981,1		
32,4975	0,3802	980,1	980,3	981,2		
32,5142	0,3881	980,1	980,2	981,2		
32,5308	0,3815	980,1	980,3	981,3		
32,5475	0,3894	980,2	980,2	981,3		
32,5642	0,3815	980,1	980,2	981,2		
32,5808	0,3819	980,1	980,2	981,2		
32,5975	0,3846	980,0	980,2	981,2		
32,6142	0,3806	980,0	980,2	981,1		
32,6308	0,3841	980,1	980,3	981,3		
32,6475	0,3872	980,1	980,3	981,3		
32,6642	0,3806	980,1	980,3	981,3		
32,6808	0,3863	980,1	980,2	981,2		
32,6975	0,3841	980,1	980,2	981,2		
32,7142	0,3855	980,1	980,3	981,2		
32,7308	0,3859	980,0	980,2	981,1		
32,7475	0,3815	980,0	980,3	981,2		
32,7642	0,3868	980,0	980,2	981,2		
32,7808	0,3868	980,1	980,3	981,2		
32,7975	0,3810	980,1	980,3	981,3		
32,8142	0,3925	980,1	980,2	981,2		
32,8308	0,3872	980,1	980,3	981,3		
32,8475	0,3872	980,1	980,3	981,3		
32,8642	0,3802	980,1	980,2	981,2		
32,8808	0,3815	980,1	980,2	981,2		
32,8975	0,3925	980,1	980,2	981,2		
32,9142	0,3810	980,1	980,2	981,2		
32,9308	0,3877	980,1	980,2	981,2		
32,9475	0,3766	980,1	980,3	981,2		
32,9642	0,3934	980,1	980,3	981,2		
32,9808	0,3793	980,0	980,2	981,2		
32,9975	0,3881	980,1	980,2	981,2		
33,0142	0,3868	980,1	980,2	981,3		
33,0308	0,3912	980,0	980,2	981,2		
33,0475	0,3912	980,0	980,2	981,2		
33,0642	0,3810	980,1	980,3	981,2		
33,0808	0,3828	980,0	980,2	981,2		
33,0975	0,3877	980,1	980,3	981,3		
33,1142	0,3925	980,1	980,2	981,2		
33,1308	0,3912	980,1	980,3	981,4		
33,1475	0,3917	980,1	980,3	981,2		
33,1642	0,3947	980,1	980,3	981,3		
33,1808	0,3863	980,1	980,2	981,2		
33,1975	0,3868	980,1	980,2	981,2		
33,2142	0,3886	980,1	980,2	981,3		
33,2308	0,3912	980,1	980,2	981,2		
33,2475	0,3877	980,1	980,3	981,3		
33,2642	0,3934	980,1	980,3	981,2		
33,2808	0,3886	980,1	980,3	981,3		
33,2975	0,3868	980,1	980,2	981,2		
33,3142	0,3881	980,1	980,3	981,3		
33,3308	0,3868	980,1	980,3	981,3		
33,3475	0,3908	980,1	980,3	981,3		
33,3642	0,3890	980,0	980,2	981,2		
33,3808	0,3978	980,0	980,3	981,2		
33,3975	0,3908	980,1	980,3	981,4		
33,4142	0,3943	980,1	980,2	981,2		
33,4308	0,4014	980,0	980,2	981,2		
33,4475	0,3881	980,1	980,3	981,3		
33,4642	0,3961	980,0	980,3	981,3		
33,4808	0,3930	980,1	980,3	981,3		
33,4975	0,3886	980,1	980,3	981,4		
33,5142	0,3908	980,1	980,3	981,4		
33,5308	0,3956	980,0	980,2	981,2		
33,5475	0,3903	980,1	980,3	981,3		
33,5642	0,3917	980,1	980,2	981,3		
33,5808	0,3908	980,1	980,3	981,3		
33,5975	0,3952	980,1	980,2	981,2		
33,6142	0,3952	980,1	980,3	981,3		
33,6308	0,3899	980,1	980,3	981,3		
33,6475	0,3890	980,1	980,3	981,3		
33,6642	0,3921	980,1	980,3	981,3		
33,6808	0,3921	980,1	980,2	981,3		
33,6975	0,3947	980,1	980,2	981,3		
33,7142	0,3908	980,1	980,2	981,2		
33,7308	0,3921	980,1	980,2	981,3		
33,7475	0,3894	980,0	980,2	981,3		
33,7642	0,3961	980,0	980,2	981,2		
33,7808	0,3974	980,0	980,2	981,3		
33,7975	0,4018	980,0	980,2	981,2		
33,8142	0,3970	980,0	980,2	981,3		
33,8308	0,3970	980,0	980,3	981,3		
33,8475	0,3921	980,1	980,3	981,3		
33,8642	0,3992	980,0	980,2	981,2		
33,8808	0,4001	980,1	980,2	981,3		
33,8975	0,4080	980,0	980,2	981,2		
33,9142	0,4014	980,2	980,4	981,6		
33,9308	0,3925	980,1	980,3	981,3		
33,9475	0,3939	980,2	980,3	981,4		
33,9642	0,4076	980,1	980,3	981,3		
33,9808	0,3925	980,2	980,2	981,3		
33,9975	0,4031	980,1	980,2	981,3		
34,0142	0,3943	980,1	980,3	981,3		
34,0308	0,3952	980,1	980,2	981,2		
34,0475	0,3917	980,1	980,3	981,3		
34,0642	0,4005	980,1	980,2	981,3		
34,0808	0,3925	980,1	980,3	981,3		
34,0975	0,4031	980,1	980,3	981,3		
34,1142	0,3978	980,0	980,3	981,4		
34,1308	0,3925	980,1	980,2	981,3		
34,1475	0,3947	980,1	980,3	981,3		
34,1642	0,4040	980,0	980,2	981,2		
34,1808	0,3943	980,1	980,2	981,2		
34,1975	0,3987	980,1	980,2	981,3		
34,2142	0,4031	980,1	980,3	981,2		
34,2308	0,4045	980,0	980,2	981,2		
34,2475	0,4018	980,0	980,2	981,2		
34,2642	0,4076	980,1	980,3	981,4		
34,2808	0,3970	980,1	980,3	981,3		
34,2975	0,3996	980,0	980,3	981,3		
34,3142	0,4054	980,1	980,3	981,3		
34,3308	0,4009	980,1	980,3	981,3		
34,3475	0,3996	980,0	980,2	981,2		
34,3642	0,4049	980,1	980,2	981,2		
34,3808	0,4054	980,2	980,3	981,4		
34,3975	0,3974	980,1	980,3	981,3		
34,4142	0,4045	980,1	980,3	981,4		
34,4308	0,4005	980,1	980,2	981,2		
34,4475	0,3983	980,1	980,2	981,3		
34,4642	0,3974	980,0	980,2	981,3		
34,4808	0,3996	980,1	980,2	981,3		
34,4975	0,4102	980,1	980,3	981,3		
34,5142	0,4018	980,2	980,3	981,4		
34,5308	0,4005	980,1	980,3	981,4		
34,5475	0,4058	980,1	980,3	981,3		
34,5642	0,4023	980,1	980,2	981,3		
34,5808	0,4045	980,1	980,3	981,4		
34,5975	0,3943	980,0	980,3	981,3		
34,6142	0,4102	980,1	980,2	981,3		
34,6308	0,4045	980,1	980,2	981,3		
34,6475	0,4031	980,1	980,2	981,3		
34,6642	0,4018	980,1	980,3	981,3		
34,6808	0,4049	980,0	980,2	981,3		
34,6975	0,4036	980,1	980,2	981,3		
34,7142	0,4049	980,1	980,3	981,4		
34,7308	0,4045	980,1	980,2	981,2		
34,7475	0,3956	980,1	980,2	981,2		
34,7642	0,4067	980,1	980,2	981,3		
34,7808	0,4040	980,1	980,2	981,3		
34,7975	0,4045	980,1	980,2	981,3		
34,8142	0,4023	980,1	980,2	981,3		
34,8308	0,4080	980,1	980,2	981,3		
34,8475	0,4098	980,1	980,3	981,3		
34,8642	0,4018	980,0	980,2	981,2		
34,8808	0,4093	980,1	980,3	981,3		
34,8975	0,4023	980,1	980,3	981,3		
34,9142	0,4080	980,2	980,2	981,3		
34,9308	0,4054	980,1	980,2	981,3		
34,9475	0,4111	980,1	980,2	981,2		
34,9642	0,4014	980,1	980,3	981,3		
34,9808	0,4129	980,1	980,2	981,3		
34,9975	0,4111	980,0	980,2	981,3		
35,0142	0,4049	980,1	980,2	981,4		
35,0308	0,4133	980,1	980,2	981,3		
35,0475	0,4085	980,0	980,2	981,3		
35,0642	0,4080	980,1	980,2	981,2		
35,0809	0,4067	980,2	980,3	981,4		
35,0975	0,4036	980,1	980,2	981,3		
35,1142	0,4085	980,0	980,2	981,3		
35,1309	0,4049	980,0	980,2	981,3		
35,1475	0,4155	980,0	980,2	981,3		
35,1642	0,4018	980,1	980,2	981,3		
35,1809	0,4098	980,2	980,4	981,8		
35,1975	0,4058	980,2	980,4	981,5		
35,2142	0,4111	980,2	980,3	981,5		
35,2309	0,4089	980,2	980,3	981,5		
35,2475	0,4058	980,1	980,3	981,4		
35,2642	0,4058	980,1	980,3	981,4		
35,2809	0,4058	980,1	980,3	981,4		
35,2975	0,4093	980,2	980,2	981,3		
35,3142	0,4142	980,1	980,3	981,4		
35,3309	0,4058	980,1	980,2	981,3		
35,3475	0,4062	980,0	980,2	981,3		
35,3642	0,4124	980,1	980,3	981,4		
35,3809	0,4115	980,0	980,2	981,3		
35,3975	0,4182	980,1	980,2	981,3		
35,4142	0,4142	980,1	980,3	981,3		
35,4309	0,4191	980,1	980,3	981,4		
35,4475	0,4142	980,0	980,2	981,3		
35,4642	0,4160	980,0	980,2	981,2		
35,4809	0,4155	980,0	980,2	981,4		
35,4975	0,4204	980,1	980,2	981,3		
35,5142	0,4164	980,0	980,2	981,3		
35,5309	0,4071	980,1	980,2	981,3		
35,5475	0,4062	980,1	980,3	981,4		
35,5642	0,4093	980,1	980,3	981,3		
35,5809	0,4142	980,2	980,3	981,4		
35,5975	0,4173	980,2	980,3	981,4		
35,6142	0,4054	980,1	980,3	981,3		
35,6309	0,4138	980,1	980,3	981,3		
35,6475	0,4093	980,2	980,3	981,4		
35,6642	0,4129	980,1	980,2	981,3		
35,6809	0,4115	980,1	980,3	981,4		
35,6975	0,4124	980,1	980,2	981,3		
35,7142	0,4146	980,1	980,2	981,3		
35,7309	0,4115	980,1	980,2	981,4		
35,7475	0,4138	980,0	980,1	981,2		
35,7642	0,4146	980,1	980,2	981,4		
35,7809	0,4208	980,0	980,2	981,3		
35,7975	0,4199	980,1	980,3	981,4		
35,8142	0,4208	980,0	980,2	981,3		
35,8309	0,4186	980,1	980,2	981,4		
35,8475	0,4173	980,1	980,3	981,5		
35,8642	0,4138	980,2	980,4	981,5		
35,8809	0,4169	980,1	980,3	981,4		
35,8975	0,4138	980,1	980,3	981,4		
35,9142	0,4142	980,1	980,3	981,4		
35,9309	0,4155	980,1	980,3	981,4		
35,9475	0,4213	980,1	980,2	981,4		
35,9642	0,4142	980,0	980,2	981,3		
35,9809	0,4085	980,2	980,3	981,4		
35,9975	0,4177	980,1	980,3	981,5		
36,0142	0,4164	980,1	980,2	981,3		
36,0309	0,4169	980,1	980,2	981,4		
36,0475	0,4155	980,2	980,4	981,6		
36,0642	0,4138	980,1	980,2	981,4		
36,0809	0,4169	980,2	980,3	981,6		
36,0975	0,4186	980,0	980,2	981,4		
36,1142	0,4213	980,1	980,3	981,4		
36,1309	0,4204	980,1	980,3	981,4		
36,1475	0,4261	980,1	980,2	981,4		
36,1642	0,4195	980,1	980,3	981,4		
36,1809	0,4107	980,0	980,2	981,4		
36,1975	0,4239	980,1	980,3	981,4		
36,2142	0,4115	980,2	980,3	981,4		
36,2309	0,4217	980,1	980,2	981,4		
36,2475	0,4230	980,0	980,2	981,3		
36,2642	0,4230	980,1	980,2	981,4		
36,2809	0,4332	980,1	980,3	981,4		
36,2975	0,4142	980,1	980,2	981,3		
36,3142	0,4270	980,1	980,2	981,4		
36,3309	0,4191	980,0	980,2	981,3		
36,3475	0,4244	980,2	980,4	981,7		
36,3642	0,4248	980,2	980,4	981,6		
36,3809	0,4226	980,1	980,3	981,5		
36,3975	0,4213	980,2	980,4	981,6		
36,4142	0,4195	980,2	980,3	981,5		
36,4309	0,4226	980,1	980,3	981,4		
36,4475	0,4138	980,1	980,2	981,4		
36,4642	0,4146	980,2	980,3	981,5		
36,4809	0,4239	980,1	980,2	981,4		
36,4975	0,4199	980,1	980,3	981,4		
36,5142	0,4226	980,2	980,3	981,4		
36,5309	0,4261	980,1	980,3	981,4		
36,5475	0,4297	980,1	980,2	981,3		
36,5642	0,4288	980,1	980,2	981,4		
36,5809	0,4191	980,1	980,3	981,4		
36,5975	0,4222	980,1	980,3	981,4		
36,6142	0,4213	980,1	980,3	981,4		
36,6309	0,4217	980,1	980,3	981,4		
36,6475	0,4261	980,1	980,3	981,4		
36,6642	0,4252	980,1	980,2	981,4		
36,6809	0,4257	980,0	980,2	981,4		
36,6975	0,4323	980,1	980,3	981,5		
36,7142	0,4239	980,1	980,3	981,4		
36,7309	0,4195	980,0	980,3	981,4		
36,7475	0,4146	980,1	980,3	981,4		
36,7642	0,4279	980,1	980,3	981,5		
36,7809	0,4222	980,1	980,3	981,4		
36,7975	0,4261	980,1	980,3	981,5		
36,8142	0,4270	980,1	980,3	981,4		
36,8309	0,4279	980,1	980,3	981,5		
36,8475	0,4359	980,1	980,3	981,4		
36,8642	0,4270	980,1	980,3	981,5		
36,8809	0,4270	980,1	980,3	981,4		
36,8975	0,4217	980,1	980,2	981,4		
36,9142	0,4195	980,1	980,3	981,4		
36,9309	0,4288	980,2	980,3	981,4		
36,9475	0,4310	980,0	980,2	981,4		
36,9642	0,4244	980,1	980,3	981,5		
36,9809	0,4217	980,1	980,2	981,4		
36,9975	0,4275	980,1	980,3	981,5		
37,0142	0,4257	980,1	980,3	981,5		
37,0309	0,4328	980,1	980,3	981,5		
37,0475	0,4270	980,1	980,3	981,5		
37,0642	0,4270	980,1	980,3	981,4		
37,0809	0,4310	980,1	980,3	981,6		
37,0975	0,4319	980,1	980,3	981,4		
37,1142	0,4297	980,1	980,3	981,4		
37,1309	0,4314	980,1	980,3	981,5		
37,1475	0,4306	980,1	980,3	981,5		
37,1642	0,4191	980,1	980,3	981,5		
37,1809	0,4354	980,2	980,3	981,4		
37,1975	0,4239	980,1	980,3	981,5		
37,2142	0,4306	980,2	980,3	981,4		
37,2309	0,4257	980,1	980,3	981,5		
37,2475	0,4314	980,2	980,3	981,5		
37,2642	0,4292	980,1	980,2	981,4		
37,2809	0,4301	980,2	980,3	981,4		
37,2975	0,4310	980,1	980,2	981,4		
37,3142	0,4429	980,2	980,3	981,4		
37,3309	0,4314	980,1	980,3	981,5		
37,3475	0,4244	980,1	980,2	981,4		
37,3642	0,4328	980,1	980,3	981,4		
37,3809	0,4434	980,1	980,2	981,4		
37,3975	0,4292	980,1	980,3	981,4		
37,4142	0,4288	980,1	980,3	981,4		
37,4309	0,4367	980,1	980,3	981,4		
37,4475	0,4279	980,0	980,2	981,3		
37,4642	0,4310	980,1	980,3	981,4		
37,4809	0,4372	980,1	980,2	981,4		
37,4975	0,4434	980,1	980,3	981,4		
37,5142	0,4443	980,1	980,2	981,4		
37,5309	0,4275	980,1	980,2	981,4		
37,5475	0,4279	980,0	980,2	981,4		
37,5642	0,4235	980,2	980,5	981,8		
37,5809	0,4222	980,2	980,4	981,5		
37,5975	0,4297	980,1	980,4	981,5		
37,6142	0,4323	980,1	980,3	981,4		
37,6309	0,4354	980,1	980,3	981,5		
37,6475	0,4341	980,1	980,2	981,4		
37,6642	0,4306	980,0	980,2	981,2		
37,6809	0,4354	980,1	980,2	981,3		
37,6975	0,4288	980,1	980,2	981,3		
37,7142	0,4336	980,1	980,3	981,6		
37,7309	0,4372	980,1	980,3	981,4		
37,7475	0,4266	980,1	980,3	981,5		
37,7642	0,4314	980,0	980,3	981,4		
37,7809	0,4310	980,1	980,3	981,5		
37,7975	0,4359	980,0	980,2	981,4		
37,8142	0,4328	980,1	980,3	981,5		
37,8309	0,4350	980,1	980,2	981,4		
37,8475	0,4451	980,0	980,2	981,3		
37,8642	0,4420	980,1	980,2	981,4		
37,8809	0,4420	980,1	980,3	981,5		
37,8975	0,4363	980,1	980,3	981,4		
37,9142	0,4443	980,1	980,3	981,4		
37,9309	0,4306	980,0	980,2	981,4		
37,9475	0,4363	980,1	980,3	981,4		
37,9642	0,4319	980,2	980,3	981,5		
37,9809	0,4381	980,2	980,3	981,5		
37,9975	0,4376	980,1	980,2	981,4		
38,0142	0,4381	980,2	980,3	981,5		
38,0309	0,4451	980,1	980,3	981,4		
38,0475	0,4363	980,2	980,3	981,6		
38,0642	0,4323	980,1	980,2	981,4		
38,0809	0,4341	980,1	980,3	981,4		
38,0975	0,4390	980,1	980,3	981,5		
38,1142	0,4363	980,1	980,2	981,4		
38,1309	0,4301	980,1	980,3	981,4		
38,1475	0,4425	980,1	980,3	981,4		
38,1642	0,4425	980,1	980,3	981,4		
38,1809	0,4376	980,1	980,3	981,4		
38,1975	0,4438	980,1	980,3	981,5		
38,2142	0,4407	980,1	980,3	981,5		
38,2309	0,4443	980,2	980,4	981,7		
38,2475	0,4403	980,1	980,3	981,5		
38,2642	0,4394	980,1	980,3	981,5		
38,2809	0,4376	980,2	980,3	981,6		
38,2975	0,4390	980,1	980,3	981,5		
38,3142	0,4416	980,1	980,3	981,4		
38,3309	0,4328	980,1	980,3	981,4		
38,3475	0,4381	980,1	980,2	981,4		
38,3642	0,4367	980,1	980,2	981,4		
38,3809	0,4434	980,1	980,3	981,4		
38,3975	0,4407	980,1	980,3	981,4		
38,4142	0,4354	980,3	980,5	981,8		
38,4309	0,4376	980,1	980,3	981,5		
38,4475	0,4434	980,2	980,3	981,5		
38,4642	0,4412	980,2	980,3	981,6		
38,4809	0,4376	980,1	980,2	981,3		
38,4975	0,4456	980,2	980,3	981,5		
38,5142	0,4465	980,1	980,2	981,4		
38,5309	0,4420	980,1	980,2	981,3		
38,5475	0,4496	980,0	980,2	981,4		
38,5642	0,4425	980,0	980,2	981,4		
38,5809	0,4434	980,1	980,3	981,6		
38,5975	0,4425	980,1	980,3	981,5		
38,6142	0,4359	980,1	980,2	981,5		
38,6309	0,4447	980,1	980,2	981,4		
38,6475	0,4420	980,1	980,5	981,7		
38,6642	0,4385	980,1	980,3	981,5		
38,6809	0,4460	980,1	980,4	981,6		
38,6975	0,4500	980,1	980,3	981,5		
38,7142	0,4434	980,1	980,3	981,5		
38,7309	0,4474	980,2	980,2	981,4		
38,7475	0,4412	980,1	980,3	981,5		
38,7642	0,4469	980,1	980,2	981,4		
38,7809	0,4443	980,1	980,2	981,4		
38,7975	0,4412	980,1	980,2	981,4		
38,8142	0,4412	980,1	980,3	981,5		
38,8309	0,4425	980,1	980,2	981,4		
38,8475	0,4474	980,2	980,3	981,5		
38,8642	0,4544	980,1	980,3	981,5		
38,8809	0,4429	980,2	980,3	981,5		
38,8975	0,4443	980,2	980,3	981,5		
38,9142	0,4540	980,1	980,2	981,5		
38,9309	0,4513	980,1	980,3	981,4		
38,9475	0,4518	980,1	980,3	981,5		
38,9642	0,4465	980,1	980,3	981,4		
38,9809	0,4522	980,2	980,3	981,5		
38,9975	0,4451	980,1	980,2	981,5		
39,0142	0,4544	980,1	980,3	981,4		
39,0309	0,4487	980,1	980,2	981,4		
39,0475	0,4535	980,1	980,3	981,5		
39,0642	0,4474	980,1	980,3	981,4		
39,0809	0,4482	980,1	980,3	981,5		
39,0975	0,4443	980,1	980,3	981,4		
39,1142	0,4429	980,0	980,2	981,4		
39,1309	0,4451	980,1	980,3	981,5		
39,1475	0,4474	980,2	980,3	981,5		
39,1642	0,4478	980,1	980,2	981,4		
39,1809	0,4531	980,1	980,3	981,4		
39,1975	0,4465	980,2	980,3	981,5		
39,2142	0,4496	980,1	980,3	981,5		
39,2309	0,4478	980,1	980,2	981,4		
39,2475	0,4447	980,1	980,3	981,4		
39,2642	0,4553	980,1	980,3	981,5		
39,2809	0,4434	980,1	980,3	981,5		
39,2975	0,4602	980,1	980,2	981,5		
39,3142	0,4465	980,1	980,3	981,4		
39,3309	0,4540	980,1	980,3	981,5		
39,3475	0,4487	980,1	980,3	981,5		
39,3642	0,4575	980,2	980,5	981,8		
39,3809	0,4553	980,2	980,5	981,7		
39,3975	0,4540	980,2	980,4	981,6		
39,4142	0,4535	980,1	980,3	981,7		
39,4309	0,4641	980,1	980,3	981,5		
39,4475	0,4602	980,1	980,3	981,5		
39,4642	0,4509	980,1	980,3	981,5		
39,4809	0,4496	980,0	980,2	981,4		
39,4975	0,4522	980,1	980,3	981,6		
39,5142	0,4588	980,1	980,3	981,5		
39,5309	0,4535	980,0	980,2	981,6		
39,5475	0,4527	980,1	980,3	981,6		
39,5642	0,4478	980,1	980,2	981,5		
39,5809	0,4487	980,2	980,3	981,6		
39,5975	0,4487	980,1	980,3	981,6		
39,6142	0,4482	980,2	980,3	981,5		
39,6309	0,4540	980,1	980,3	981,5		
39,6475	0,4522	980,2	980,3	981,5		
39,6642	0,4624	980,1	980,2	981,4		
39,6809	0,4544	980,1	980,3	981,5		
39,6975	0,4513	980,2	980,3	981,5		
39,7142	0,4531	980,1	980,3	981,5		
39,7309	0,4474	980,1	980,2	981,5		
39,7475	0,4474	980,1	980,2	981,4		
39,7642	0,4527	980,1	980,2	981,5		
39,7809	0,4562	980,1	980,3	981,5		
39,7975	0,4624	980,0	980,2	981,4		
39,8142	0,4549	980,2	980,4	981,6		
39,8309	0,4584	980,1	980,3	981,5		
39,8475	0,4518	980,1	980,3	981,5		
39,8642	0,4580	980,1	980,3	981,5		
39,8809	0,4566	980,1	980,4	981,5		
39,8975	0,4597	980,1	980,3	981,5		
39,9142	0,4611	980,1	980,3	981,6		
39,9309	0,4509	980,1	980,3	981,5		
39,9475	0,4540	980,1	980,2	981,4		
39,9642	0,4575	980,2	980,3	981,6		
39,9809	0,4558	980,1	980,3	981,5		
39,9975	0,4664	980,1	980,3	981,5		
40,0142	0,4531	980,1	980,3	981,5		
40,0309	0,4584	980,2	980,4	981,7		
40,0475	0,4474	980,2	980,4	981,6		
40,0642	0,4619	980,1	980,4	981,6		
40,0809	0,4553	980,1	980,3	981,5		
40,0975	0,4562	980,1	980,2	981,4		
40,1142	0,4584	980,1	980,3	981,5		
40,1309	0,4593	980,1	980,2	981,4		
40,1475	0,4602	980,1	980,2	981,5		
40,1642	0,4624	980,0	980,2	981,4		
40,1809	0,4659	980,2	980,3	981,5		
40,1975	0,4659	980,1	980,3	981,5		
40,2142	0,4575	980,1	980,3	981,5		
40,2309	0,4602	980,0	980,2	981,4		
40,2475	0,4619	980,1	980,3	981,5		
40,2642	0,4593	980,0	980,2	981,4		
40,2809	0,4558	980,1	980,3	981,5		
40,2975	0,4602	980,1	980,3	981,5		
40,3142	0,4650	980,1	980,3	981,5		
40,3309	0,4566	980,1	980,2	981,5		
40,3475	0,4695	980,2	980,2	981,5		
40,3642	0,4602	980,1	980,2	981,5		
40,3809	0,4602	980,2	980,3	981,5		
40,3975	0,4566	980,1	980,3	981,5		
40,4142	0,4633	980,1	980,2	981,5		
40,4309	0,4624	980,2	980,3	981,6		
40,4475	0,4593	980,1	980,3	981,5		
40,4642	0,4681	980,1	980,3	981,7		
40,4809	0,4602	980,1	980,3	981,5		
40,4975	0,4615	980,1	980,3	981,5		
40,5142	0,4606	980,1	980,3	981,5		
40,5309	0,4664	980,1	980,3	981,5		
40,5475	0,4641	980,1	980,2	981,5		
40,5642	0,4695	980,1	980,2	981,5		
40,5809	0,4646	980,1	980,2	981,6		
40,5975	0,4708	980,1	980,2	981,4		
40,6142	0,4646	980,1	980,2	981,5		
40,6309	0,4668	980,1	980,4	981,6		
40,6475	0,4717	980,1	980,3	981,6		
40,6642	0,4584	980,1	980,3	981,6		
40,6809	0,4677	980,1	980,3	981,5		
40,6975	0,4659	980,1	980,3	981,6		
40,7142	0,4677	980,1	980,3	981,5		
40,7309	0,4624	980,1	980,3	981,5		
40,7475	0,4681	980,1	980,3	981,6		
40,7642	0,4686	980,1	980,3	981,5		
40,7809	0,4655	980,2	980,3	981,6		
40,7975	0,4650	980,1	980,2	981,5		
40,8142	0,4681	980,1	980,2	981,5		
40,8309	0,4664	980,1	980,2	981,5		
40,8475	0,4646	980,1	980,2	981,5		
40,8642	0,4606	980,1	980,2	981,5		
40,8809	0,4721	980,1	980,2	981,5		
40,8975	0,4655	980,1	980,3	981,4		
40,9142	0,4699	980,1	980,3	981,5		
40,9309	0,4761	980,1	980,2	981,5		
40,9475	0,4624	980,1	980,3	981,5		
40,9642	0,4712	980,1	980,2	981,5		
40,9809	0,4672	980,1	980,2	981,5		
40,9975	0,4695	980,1	980,3	981,6		
41,0142	0,4650	980,1	980,3	981,5		
41,0309	0,4633	980,1	980,2	981,5		
41,0475	0,4752	980,1	980,2	981,5		
41,0642	0,4672	980,1	980,2	981,5		
41,0809	0,4765	980,1	980,2	981,5		
41,0975	0,4668	980,1	980,2	981,5		
41,1142	0,4624	980,1	980,3	981,6		
41,1309	0,4695	980,1	980,2	981,5		
41,1475	0,4677	980,1	980,2	981,5		
41,1642	0,4699	980,1	980,2	981,6		
41,1809	0,4712	980,1	980,3	981,5		
41,1975	0,4664	980,1	980,3	981,5		
41,2142	0,4695	980,1	980,3	981,5		
41,2309	0,4717	980,1	980,4	981,6		
41,2475	0,4664	980,1	980,3	981,5		
41,2642	0,4650	980,2	980,3	981,6		
41,2809	0,4770	980,1	980,3	981,6		
41,2975	0,4748	980,1	980,3	981,5		
41,3142	0,4712	980,0	980,3	981,5		
41,3309	0,4677	980,1	980,3	981,5		
41,3475	0,4752	980,1	980,3	981,6		
41,3642	0,4801	980,1	980,3	981,6		
41,3809	0,4725	980,0	980,2	981,5		
41,3975	0,4690	980,0	980,2	981,4		
41,4142	0,4677	980,1	980,3	981,5		
41,4309	0,4672	980,0	980,2	981,5		
41,4475	0,4721	980,1	980,3	981,5		
41,4642	0,4752	980,2	980,3	981,6		
41,4809	0,4690	980,1	980,2	981,5		
41,4975	0,4597	980,2	980,2	981,5		
41,5142	0,4619	980,1	980,2	981,5		
41,5309	0,4717	980,1	980,3	981,6		
41,5475	0,4801	980,1	980,3	981,5		
41,5642	0,4761	980,1	980,2	981,4		
41,5809	0,4734	980,1	980,2	981,4		
41,5975	0,4752	980,0	980,1	981,4		
41,6142	0,4801	980,1	980,3	981,6		
41,6309	0,4743	980,0	980,2	981,5		
41,6475	0,4774	980,1	980,3	981,6		
41,6642	0,4752	980,1	980,4	981,7		
41,6809	0,4779	980,1	980,3	981,5		
41,6975	0,4734	980,1	980,3	981,6		
41,7142	0,4730	980,1	980,3	981,6		
41,7309	0,4805	980,0	980,3	981,5		
41,7475	0,4748	980,0	980,3	981,5		
41,7642	0,4805	980,0	980,2	981,5		
41,7809	0,4792	980,1	980,3	981,6		
41,7975	0,4703	980,0	980,2	981,5		
41,8142	0,4765	980,1	980,2	981,4		
41,8309	0,4748	980,1	980,3	981,6		
41,8475	0,4832	980,1	980,3	981,5		
41,8642	0,4809	980,1	980,2	981,5		
41,8809	0,4765	980,1	980,3	981,6		
41,8975	0,4752	980,1	980,3	981,5		
41,9142	0,4779	980,1	980,3	981,6		
41,9309	0,4725	980,1	980,2	981,5		
41,9475	0,4717	980,1	980,3	981,5		
41,9642	0,4818	980,1	980,3	981,5		
41,9809	0,4814	980,1	980,3	981,5		
41,9975	0,4734	980,1	980,3	981,5		
42,0142	0,4836	980,0	980,2	981,5		
42,0309	0,4774	980,0	980,2	981,5		
42,0475	0,4814	980,1	980,2	981,5		
42,0642	0,4756	980,0	980,2	981,5		
42,0809	0,4792	980,0	980,2	981,4		
42,0975	0,4832	980,0	980,2	981,5		
42,1142	0,4836	980,1	980,2	981,5		
42,1309	0,4796	980,1	980,3	981,6		
42,1475	0,4792	980,1	980,2	981,6		
42,1642	0,4779	980,1	980,2	981,5		
42,1809	0,4814	980,1	980,2	981,6		
42,1975	0,4823	980,1	980,3	981,5		
42,2142	0,4916	980,1	980,3	981,6		
42,2309	0,4809	980,1	980,2	981,5		
42,2475	0,4818	980,1	980,2	981,6		
42,2642	0,4858	980,2	980,3	981,6		
42,2809	0,4774	980,2	980,3	981,6		
42,2975	0,4805	980,1	980,2	981,6		
42,3142	0,4827	980,1	980,3	981,6		
42,3309	0,4827	980,1	980,3	981,5		
42,3475	0,4761	980,0	980,2	981,5		
42,3642	0,4827	980,1	980,2	981,6		
42,3809	0,4845	980,1	980,3	981,6		
42,3975	0,4947	980,0	980,2	981,5		
42,4142	0,4827	980,1	980,3	981,6		
42,4309	0,4876	980,1	980,2	981,5		
42,4475	0,4836	980,1	980,3	981,6		
42,4642	0,4924	980,1	980,3	981,6		
42,4809	0,4801	980,1	980,3	981,6		
42,4975	0,4924	980,0	980,3	981,6		
42,5142	0,4752	980,1	980,3	981,6		
42,5309	0,4889	980,1	980,3	981,6		
42,5475	0,4876	980,1	980,3	981,6		
42,5642	0,4898	980,1	980,3	981,6		
42,5809	0,4889	980,1	980,2	981,6		
42,5975	0,4840	980,1	980,3	981,6		
42,6142	0,4849	980,1	980,3	981,5		
42,6309	0,4818	980,1	980,3	981,6		
42,6475	0,4889	980,1	980,2	981,5		
42,6642	0,4938	980,1	980,2	981,5		
42,6809	0,4871	980,1	980,2	981,5		
42,6975	0,4924	980,1	980,2	981,5		
42,7142	0,4938	980,2	980,3	981,5		
42,7309	0,4898	980,1	980,2	981,5		
42,7475	0,4845	980,1	980,3	981,5		
42,7642	0,4871	980,1	980,3	981,7		
42,7809	0,4840	980,0	980,2	981,5		
42,7975	0,4933	980,2	980,4	981,8		
42,8142	0,4809	980,1	980,3	981,6		
42,8309	0,4840	980,1	980,3	981,6		
42,8475	0,4951	980,1	980,3	981,6		
42,8642	0,4973	980,1	980,3	981,6		
42,8809	0,4863	980,1	980,3	981,5		
42,8975	0,4893	980,1	980,3	981,6		
42,9142	0,4893	980,1	980,2	981,5		
42,9309	0,4889	980,1	980,2	981,5		
42,9475	0,4863	980,1	980,2	981,5		
42,9642	0,4876	980,1	980,2	981,6		
42,9809	0,4929	980,1	980,3	981,5		
42,9975	0,4849	980,1	980,2	981,5		
43,0142	0,4955	980,1	980,2	981,5		
43,0309	0,4832	980,1	980,2	981,6		
43,0475	0,4863	980,0	980,2	981,5		
43,0642	0,4938	980,1	980,2	981,5		
43,0809	0,4938	980,1	980,3	981,6		
43,0975	0,5000	980,0	980,2	981,5		
43,1142	0,4885	980,1	980,3	981,6		
43,1309	0,4920	980,1	980,4	981,8		
43,1475	0,4964	980,1	980,3	981,6		
43,1642	0,4929	980,2	980,3	981,8		
43,1809	0,4960	980,1	980,3	981,6		
43,1975	0,4986	980,0	980,2	981,5		
43,2142	0,4991	980,1	980,3	981,6		
43,2309	0,4898	980,1	980,2	981,6		
43,2475	0,4951	980,1	980,3	981,6		
43,2642	0,4898	980,1	980,2	981,6		
43,2809	0,4929	980,1	980,3	981,5		
43,2975	0,4929	980,0	980,2	981,6		
43,3142	0,4867	980,1	980,3	981,6		
43,3309	0,5008	980,1	980,3	981,6		
43,3475	0,4889	980,1	980,2	981,6		
43,3642	0,4902	980,1	980,3	981,6		
43,3809	0,4916	980,1	980,3	981,6		
43,3975	0,4876	980,1	980,2	981,5		
43,4142	0,5035	980,1	980,3	981,6		
43,4309	0,4938	980,1	980,3	981,6		
43,4475	0,4991	980,1	980,2	981,5		
43,4642	0,4920	980,1	980,3	981,5		
43,4809	0,4902	980,1	980,3	981,6		
43,4975	0,4977	980,1	980,3	981,6		
43,5142	0,4920	980,1	980,3	981,6		
43,5309	0,4942	980,1	980,3	981,6		
43,5475	0,4942	980,0	980,2	981,6		
43,5642	0,4986	980,1	980,3	981,6		
43,5809	0,5013	980,1	980,3	981,6		
43,5975	0,4991	980,0	980,2	981,6		
43,6142	0,4969	980,1	980,2	981,6		
43,6309	0,4942	980,1	980,3	981,6		
43,6475	0,5026	980,1	980,3	981,6		
43,6642	0,4955	980,1	980,3	981,6		
43,6809	0,4938	980,1	980,2	981,6		
43,6975	0,4991	980,1	980,2	981,6		
43,7142	0,5026	980,1	980,3	981,6		
43,7309	0,4969	980,1	980,2	981,6		
43,7475	0,4964	980,1	980,3	981,7		
43,7642	0,4977	980,1	980,2	981,6		
43,7809	0,5066	980,2	980,3	981,6		
43,7975	0,4991	980,0	980,2	981,5		
43,8142	0,4942	980,1	980,2	981,5		
43,8309	0,5008	980,1	980,2	981,6		
43,8475	0,4977	980,1	980,2	981,6		
43,8642	0,4969	980,1	980,2	981,5		
43,8809	0,4942	980,0	980,3	981,7		
43,8975	0,5004	980,1	980,3	981,6		
43,9142	0,5035	980,0	980,2	981,5		
43,9309	0,4995	980,1	980,3	981,6		
43,9475	0,5088	980,0	980,2	981,6		
43,9642	0,5031	980,1	980,3	981,6		
43,9809	0,5026	980,1	980,3	981,6		
43,9975	0,5026	980,0	980,2	981,4		
44,0142	0,5039	980,1	980,2	981,6		
44,0309	0,4982	980,1	980,2	981,5		
44,0475	0,5035	980,1	980,2	981,6		
44,0642	0,5066	980,1	980,3	981,6		
44,0809	0,5066	980,1	980,3	981,7		
44,0975	0,4991	980,1	980,3	981,6		
44,1142	0,5022	980,2	980,2	981,6		
44,1309	0,5048	980,1	980,2	981,5		
44,1475	0,5075	980,2	980,4	981,7		
44,1642	0,5061	980,1	980,2	981,5		
44,1809	0,4982	980,1	980,3	981,6		
44,1975	0,5035	980,1	980,3	981,6		
44,2142	0,5092	980,1	980,3	981,6		
44,2309	0,5048	980,0	980,2	981,5		
44,2475	0,5022	980,1	980,2	981,5		
44,2642	0,5053	980,0	980,2	981,6		
44,2809	0,5039	980,1	980,2	981,6		
44,2975	0,5044	980,0	980,2	981,6		
44,3142	0,5066	980,0	980,2	981,6		
44,3309	0,5026	980,1	980,2	981,6		
44,3475	0,5053	980,1	980,2	981,6		
44,3642	0,5070	980,2	980,3	981,6		
44,3809	0,4982	980,1	980,2	981,6		
44,3975	0,5000	980,2	980,2	981,6		
44,4142	0,5035	980,2	980,3	981,7		
44,4309	0,5101	980,1	980,2	981,6		
44,4475	0,5035	980,2	980,3	981,6		
44,4642	0,5004	980,1	980,2	981,5		
44,4809	0,5088	980,1	980,2	981,6		
44,4975	0,5106	980,0	980,1	981,5		
44,5142	0,5110	980,1	980,3	981,7		
44,5309	0,5145	980,1	980,2	981,6		
44,5475	0,5035	980,1	980,3	981,7		
44,5642	0,5114	980,1	980,3	981,7		
44,5809	0,5053	980,1	980,2	981,5		
44,5975	0,5114	980,1	980,3	981,7		
44,6142	0,5039	980,1	980,3	981,6		
44,6309	0,5048	980,1	980,2	981,6		
44,6475	0,5110	980,1	980,2	981,6		
44,6642	0,5110	980,1	980,2	981,7		
44,6809	0,5119	980,0	980,2	981,5		
44,6975	0,5008	980,0	980,2	981,6		
44,7142	0,5022	980,1	980,3	981,6		
44,7309	0,5159	980,1	980,2	981,6		
44,7475	0,5123	980,0	980,2	981,5		
44,7642	0,5128	980,1	980,3	981,6		
44,7809	0,5061	980,1	980,3	981,6		
44,7975	0,5084	980,1	980,3	981,7		
44,8142	0,5150	980,1	980,3	981,6		
44,8309	0,5150	980,1	980,3	981,7		
44,8475	0,5145	980,1	980,3	981,7		
44,8642	0,5137	980,1	980,3	981,7		
44,8809	0,5154	980,1	980,3	981,7		
44,8975	0,5216	980,0	980,2	981,6		
44,9142	0,5203	980,0	980,2	981,6		
44,9309	0,5159	980,0	980,2	981,5		
44,9475	0,5145	980,1	980,3	981,6		
44,9642	0,5110	980,1	980,2	981,5		
44,9809	0,5176	980,1	980,3	981,6		
44,9975	0,5154	980,0	980,2	981,6		
45,0142	0,5190	980,0	980,2	981,6		
45,0309	0,5212	980,1	980,2	981,6		
45,0475	0,5128	980,2	980,3	981,8		
45,0642	0,5088	980,1	980,4	981,8		
45,0809	0,5221	980,1	980,3	981,7		
45,0975	0,5137	980,2	980,4	981,8		
45,1142	0,5150	980,0	980,2	981,6		
45,1309	0,5119	980,2	980,4	981,8		
45,1475	0,5172	980,2	980,3	981,7		
45,1642	0,5181	980,1	980,3	981,7		
45,1809	0,5212	980,1	980,2	981,6		
45,1975	0,5168	980,1	980,2	981,6		
45,2142	0,5128	980,1	980,3	981,6		
45,2309	0,5185	980,1	980,2	981,5		
45,2475	0,5123	980,1	980,2	981,6		
45,2642	0,5234	980,1	980,2	981,7		
45,2809	0,5172	980,1	980,3	981,7		
45,2975	0,5207	980,1	980,3	981,6		
45,3142	0,5194	980,0	980,3	981,6		
45,3309	0,5097	980,1	980,3	981,6		
45,3475	0,5168	980,1	980,2	981,6		
45,3642	0,5221	980,1	980,3	981,7		
45,3809	0,5137	980,1	980,3	981,7		
45,3975	0,5190	980,1	980,3	981,6		
45,4142	0,5163	980,0	980,2	981,6		
45,4309	0,5190	980,1	980,2	981,5		
45,4475	0,5203	980,0	980,3	981,7		
45,4642	0,5172	980,0	980,1	981,5		
45,4809	0,5252	980,1	980,2	981,7		
45,4975	0,5176	980,1	980,2	981,6		
45,5142	0,5212	980,2	980,2	981,7		
45,5309	0,5145	980,1	980,2	981,7		
45,5475	0,5163	980,1	980,3	981,6		
45,5642	0,5114	980,1	980,3	981,6		
45,5809	0,5198	980,0	980,2	981,7		
45,5975	0,5203	980,1	980,3	981,6		
45,6142	0,5216	980,1	980,2	981,6		
45,6309	0,5300	980,1	980,3	981,7		
45,6475	0,5207	980,1	980,3	981,7		
45,6642	0,5234	980,1	980,3	981,8		
45,6809	0,5238	980,1	980,3	981,7		
45,6975	0,5207	980,1	980,2	981,7		
45,7142	0,5198	980,1	980,2	981,6		
45,7309	0,5198	980,1	980,3	981,7		
45,7475	0,5221	980,1	980,3	981,7		
45,7642	0,5185	980,1	980,3	981,7		
45,7809	0,5225	980,2	980,3	981,7		
45,7975	0,5278	980,1	980,2	981,6		
45,8142	0,5234	980,1	980,2	981,7		
45,8309	0,5265	980,1	980,3	981,7		
45,8475	0,5287	980,1	980,3	981,7		
45,8642	0,5181	980,1	980,3	981,6		
45,8809	0,5238	980,1	980,2	981,6		
45,8975	0,5247	980,1	980,2	981,6		
45,9142	0,5229	980,1	980,2	981,6		
45,9309	0,5243	980,1	980,2	981,6		
45,9475	0,5282	980,0	980,2	981,6		
45,9642	0,5225	980,1	980,3	981,6		
45,9809	0,5229	980,1	980,3	981,7		
45,9975	0,5260	980,1	980,2	981,5		
46,0142	0,5318	980,1	980,3	981,7		
46,0309	0,5229	980,1	980,3	981,6		
46,0475	0,5274	980,1	980,2	981,6		
46,0642	0,5225	980,1	980,2	981,7		
46,0809	0,5238	980,1	980,3	981,7		
46,0975	0,5234	980,1	980,2	981,7		
46,1142	0,5203	980,2	980,3	981,7		
46,1309	0,5216	980,1	980,3	981,7		
46,1475	0,5313	980,1	980,2	981,6		
46,1642	0,5234	980,2	980,3	981,7		
46,1809	0,5252	980,1	980,2	981,7		
46,1975	0,5305	980,0	980,2	981,6		
46,2142	0,5265	980,2	980,3	981,7		
46,2309	0,5287	980,1	980,2	981,6		
46,2475	0,5247	980,1	980,3	981,7		
46,2642	0,5243	980,0	980,2	981,5		
46,2809	0,5296	980,1	980,2	981,6		
46,2975	0,5274	980,0	980,2	981,6		
46,3142	0,5300	980,1	980,3	981,7		
46,3309	0,5256	980,0	980,2	981,6		
46,3475	0,5344	980,0	980,2	981,6		
46,3642	0,5318	980,1	980,2	981,6		
46,3809	0,5265	980,1	980,2	981,6		
46,3975	0,5322	980,1	980,2	981,6		
46,4142	0,5327	980,1	980,3	981,7		
46,4309	0,5260	980,1	980,2	981,6		
46,4475	0,5243	980,1	980,3	981,7		
46,4642	0,5265	980,1	980,2	981,7		
46,4809	0,5296	980,2	980,3	981,7		
46,4975	0,5221	980,0	980,2	981,7		
46,5142	0,5212	980,1	980,2	981,6		
46,5309	0,5212	980,1	980,3	981,6		
46,5475	0,5287	980,1	980,2	981,7		
46,5642	0,5282	980,1	980,2	981,6		
46,5809	0,5362	980,1	980,3	981,6		
46,5975	0,5340	980,1	980,3	981,6		
46,6142	0,5397	980,1	980,4	981,9		
46,6309	0,5234	980,1	980,2	981,7		
46,6475	0,5238	980,1	980,3	981,7		
46,6642	0,5384	980,0	980,2	981,6		
46,6809	0,5349	980,1	980,3	981,7		
46,6975	0,5313	980,0	980,2	981,6		
46,7142	0,5313	980,0	980,2	981,6		
46,7309	0,5371	980,0	980,1	981,6		
46,7475	0,5366	980,1	980,2	981,6		
46,7642	0,5265	980,1	980,2	981,6		
46,7809	0,5349	980,1	980,2	981,7		
46,7975	0,5349	980,1	980,3	981,7		
46,8142	0,5278	980,1	980,2	981,6		
46,8309	0,5274	980,1	980,2	981,6		
46,8475	0,5371	980,2	980,4	981,9		
46,8642	0,5344	980,1	980,3	981,7		
46,8809	0,5313	980,1	980,3	981,7		
46,8975	0,5340	980,1	980,3	981,7		
46,9142	0,5353	980,1	980,3	981,7		
46,9309	0,5384	980,1	980,3	981,7		
46,9475	0,5455	980,0	980,2	981,6		
46,9642	0,5384	980,0	980,2	981,6		
46,9809	0,5397	980,1	980,3	981,7		
46,9975	0,5389	980,1	980,3	981,7		
47,0142	0,5384	980,1	980,3	981,7		
47,0309	0,5305	980,0	980,3	981,7		
47,0475	0,5455	980,1	980,2	981,7		
47,0642	0,5287	980,1	980,3	981,8		
47,0809	0,5313	980,1	980,2	981,6		
47,0975	0,5371	980,1	980,3	981,7		
47,1142	0,5309	980,0	980,2	981,6		
47,1309	0,5371	980,1	980,2	981,7		
47,1475	0,5503	980,1	980,2	981,6		
47,1642	0,5353	980,1	980,2	981,6		
47,1809	0,5397	980,1	980,2	981,6		
47,1975	0,5331	980,0	980,1	981,6		
47,2142	0,5318	980,1	980,3	981,7		
47,2309	0,5433	980,1	980,2	981,6		
47,2475	0,5464	980,2	980,3	981,7		
47,2642	0,5393	980,0	980,2	981,6		
47,2809	0,5442	980,1	980,3	981,7		
47,2975	0,5362	980,1	980,2	981,6		
47,3142	0,5371	980,0	980,2	981,6		
47,3309	0,5362	980,0	980,2	981,6		
47,3475	0,5344	980,1	980,2	981,7		
47,3642	0,5455	980,1	980,3	981,7		
47,3809	0,5349	980,2	980,4	981,8		
47,3975	0,5459	980,1	980,3	981,8		
47,4142	0,5455	980,1	980,3	981,7		
47,4309	0,5318	980,1	980,2	981,6		
47,4475	0,5459	980,1	980,2	981,7		
47,4642	0,5371	980,1	980,2	981,6		
47,4809	0,5433	980,1	980,2	981,6		
47,4975	0,5490	980,1	980,2	981,7		
47,5142	0,5375	980,1	980,2	981,7		
47,5309	0,5371	980,1	980,2	981,6		
47,5475	0,5464	980,0	980,1	981,6		
47,5642	0,5464	980,0	980,2	981,6		
47,5809	0,5499	980,1	980,2	981,6		
47,5975	0,5450	980,0	980,2	981,6		
47,6142	0,5424	980,0	980,2	981,7		
47,6309	0,5526	980,1	980,3	981,7		
47,6475	0,5499	980,0	980,2	981,7		
47,6642	0,5450	980,1	980,2	981,6		
47,6809	0,5526	980,2	980,6	982,2		
47,6975	0,5495	980,2	980,4	981,9		
47,7142	0,5411	980,2	980,4	981,9		
47,7309	0,5459	980,1	980,3	981,8		
47,7475	0,5411	980,1	980,3	981,8		
47,7642	0,5389	980,2	980,3	981,8		
47,7809	0,5420	980,1	980,3	981,7		
47,7975	0,5464	980,1	980,3	981,8		
47,8142	0,5437	980,2	980,3	981,8		
47,8309	0,5411	980,1	980,2	981,7		
47,8475	0,5464	980,1	980,2	981,8		
47,8642	0,5490	980,1	980,3	981,7		
47,8809	0,5437	980,1	980,3	981,7		
47,8975	0,5508	980,0	980,2	981,7		
47,9142	0,5464	980,1	980,3	981,7		
47,9309	0,5437	980,1	980,3	981,7		
47,9475	0,5420	980,1	980,3	981,8		
47,9642	0,5508	980,0	980,2	981,7		
47,9809	0,5442	980,1	980,2	981,7		
47,9975	0,5442	980,1	980,4	981,8		
48,0142	0,5508	980,1	980,3	981,8		
48,0309	0,5499	980,0	980,2	981,7		
48,0475	0,5477	980,1	980,3	981,8		
48,0642	0,5503	980,1	980,3	981,8		
48,0809	0,5512	980,1	980,3	981,8		
48,0975	0,5468	980,2	980,3	981,7		
48,1142	0,5490	980,2	980,3	981,7		
48,1309	0,5499	980,1	980,3	981,8		
48,1475	0,5433	980,2	980,4	981,8		
48,1642	0,5534	980,1	980,3	981,7		
48,1809	0,5526	980,2	980,3	981,7		
48,1975	0,5512	980,1	980,2	981,6		
48,2142	0,5543	980,1	980,3	981,7		
48,2309	0,5508	980,1	980,2	981,7		
48,2475	0,5508	980,1	980,2	981,7		
48,2642	0,5534	980,2	980,4	981,8		
48,2809	0,5583	980,1	980,3	981,8		
48,2975	0,5539	980,1	980,3	981,8		
48,3142	0,5579	980,1	980,3	981,8		
48,3309	0,5530	980,1	980,3	981,7		
48,3475	0,5579	980,1	980,3	981,8		
48,3642	0,5490	980,1	980,2	981,7		
48,3809	0,5539	980,1	980,3	981,7		
48,3975	0,5481	980,2	980,3	981,8		
48,4142	0,5557	980,1	980,3	981,8		
48,4309	0,5464	980,1	980,2	981,7		
48,4475	0,5561	980,0	980,3	981,8		
48,4642	0,5499	980,1	980,2	981,7		
48,4809	0,5570	980,1	980,3	981,8		
48,4975	0,5534	980,1	980,3	981,8		
48,5142	0,5601	980,2	980,3	981,7		
48,5309	0,5530	980,1	980,3	981,7		
48,5475	0,5663	980,1	980,3	981,7		
48,5642	0,5508	980,1	980,3	981,7		
48,5809	0,5583	980,1	980,3	981,8		
48,5975	0,5534	980,1	980,3	981,8		
48,6142	0,5649	980,1	980,3	981,7		
48,6309	0,5587	980,1	980,2	981,7		
48,6475	0,5570	980,1	980,2	981,7		
48,6642	0,5570	980,1	980,3	981,7		
48,6809	0,5596	980,1	980,2	981,7		
48,6975	0,5526	980,1	980,3	981,8		
48,7142	0,5565	980,1	980,3	981,8		
48,7309	0,5512	980,1	980,3	981,8		
48,7475	0,5530	980,2	980,3	981,8		
48,7642	0,5649	980,2	980,3	981,9		
48,7809	0,5539	980,1	980,2	981,7		
48,7975	0,5561	980,1	980,3	981,8		
48,8142	0,5596	980,1	980,3	981,8		
48,8309	0,5499	980,1	980,3	981,7		
48,8475	0,5623	980,2	980,3	981,8		
48,8642	0,5521	980,1	980,3	981,7		
48,8809	0,5649	980,1	980,2	981,8		
48,8975	0,5601	980,0	980,1	981,7		
48,9142	0,5579	980,0	980,2	981,7		
48,9309	0,5618	980,1	980,2	981,7		
48,9475	0,5543	980,0	980,2	981,7		
48,9642	0,5574	980,0	980,2	981,7		
48,9809	0,5663	980,1	980,2	981,7		
48,9975	0,5552	980,1	980,2	981,7		
49,0142	0,5592	980,2	980,3	981,9		
49,0309	0,5663	980,2	980,4	981,9		
49,0475	0,5632	980,2	980,3	981,8		
49,0642	0,5614	980,1	980,3	981,8		
49,0809	0,5641	980,1	980,2	981,7		
49,0975	0,5587	980,1	980,3	981,8		
49,1142	0,5645	980,1	980,3	981,7		
49,1309	0,5587	980,2	980,3	981,8		
49,1475	0,5645	980,1	980,2	981,7		
49,1642	0,5579	980,1	980,2	981,6		
49,1809	0,5601	980,1	980,2	981,7		
49,1975	0,5663	980,1	980,3	981,8		
49,2142	0,5623	980,0	980,2	981,7		
49,2309	0,5658	980,2	980,3	981,8		
49,2475	0,5658	980,0	980,2	981,7		
49,2642	0,5658	980,1	980,3	981,7		
49,2809	0,5685	980,1	980,3	981,8		
49,2975	0,5618	980,0	980,2	981,7		
49,3142	0,5645	980,1	980,3	981,8		
49,3309	0,5671	980,1	980,2	981,7		
49,3475	0,5623	980,2	980,3	981,8		
49,3642	0,5632	980,2	980,3	981,8		
49,3809	0,5548	980,1	980,3	981,7		
49,3975	0,5654	980,1	980,3	981,7		
49,4142	0,5649	980,0	980,2	981,6		
49,4309	0,5632	980,1	980,2	981,8		
49,4475	0,5618	980,1	980,3	981,7		
49,4642	0,5649	980,1	980,2	981,6		
49,4809	0,5702	980,2	980,3	981,8		
49,4975	0,5733	980,1	980,2	981,6		
49,5142	0,5707	980,1	980,2	981,7		
49,5309	0,5671	980,1	980,3	981,7		
49,5475	0,5698	980,1	980,3	981,8		
49,5642	0,5698	980,1	980,3	981,7		
49,5809	0,5729	980,0	980,2	981,7		
49,5975	0,5654	980,1	980,2	981,7		
49,6142	0,5676	980,0	980,2	981,7		
49,6309	0,5729	980,1	980,2	981,7		
49,6475	0,5667	980,1	980,3	981,8		
49,6642	0,5658	980,2	980,4	981,8		
49,6809	0,5618	980,1	980,3	981,8		
49,6975	0,5645	980,2	980,3	981,8		
49,7142	0,5667	980,1	980,2	981,8		
49,7309	0,5738	980,2	980,3	981,8		
49,7475	0,5654	980,1	980,3	981,7		
49,7642	0,5636	980,1	980,2	981,7		
49,7809	0,5711	980,1	980,3	981,8		
49,7975	0,5702	980,0	980,2	981,7		
49,8142	0,5786	980,1	980,3	981,8		
49,8309	0,5764	980,1	980,2	981,6		
49,8475	0,5782	980,1	980,2	981,7		
49,8642	0,5782	980,1	980,2	981,7		
49,8809	0,5702	980,1	980,2	981,7		
49,8975	0,5755	980,1	980,2	981,7		
49,9142	0,5764	980,0	980,2	981,8		
49,9309	0,5769	980,1	980,3	981,7		
49,9475	0,5755	980,0	980,3	981,7		
49,9642	0,5689	980,1	980,3	981,8		
49,9809	0,5729	980,1	980,2	981,7		
49,9975	0,5707	980,1	980,3	981,8		
50,0142	0,5751	980,1	980,2	981,7		
50,0309	0,5773	980,1	980,3	981,8		
50,0475	0,5822	980,1	980,3	981,8		
50,0642	0,5742	980,1	980,2	981,8		
50,0809	0,5702	980,1	980,2	981,7		
50,0975	0,5711	980,1	980,2	981,7		
50,1142	0,5742	980,1	980,3	981,7		
50,1309	0,5742	980,1	980,3	981,8		
50,1475	0,5738	980,1	980,3	981,7		
50,1642	0,5755	980,1	980,3	981,8		
50,1809	0,5685	980,1	980,3	981,8		
50,1975	0,5839	980,0	980,2	981,6		
50,2142	0,5747	980,1	980,3	981,8		
50,2309	0,5676	980,1	980,3	981,8		
50,2475	0,5791	980,1	980,3	981,8		
50,2642	0,5773	980,0	980,3	981,7		
50,2809	0,5747	980,2	980,4	981,8		
50,2975	0,5769	980,1	980,3	981,7		
50,3142	0,5782	980,2	980,4	981,8		
50,3309	0,5773	980,1	980,3	981,8		
50,3475	0,5769	980,1	980,3	981,8		
50,3642	0,5800	980,1	980,3	981,8		
50,3809	0,5809	980,2	980,2	981,8		
50,3975	0,5804	980,2	980,2	981,7		
50,4142	0,5826	980,0	980,2	981,7		
50,4309	0,5716	980,1	980,2	981,7		
50,4475	0,5671	980,1	980,2	981,7		
50,4642	0,5862	980,0	980,2	981,7		
50,4809	0,5778	980,1	980,3	981,7		
50,4975	0,5755	980,1	980,2	981,8		
50,5142	0,5853	980,0	980,2	981,7		
50,5309	0,5760	980,1	980,2	981,7		
50,5475	0,5804	980,1	980,3	981,8		
50,5642	0,5835	980,1	980,3	981,8		
50,5809	0,5795	980,1	980,2	981,8		
50,5975	0,5800	980,0	980,2	981,7		
50,6142	0,5857	980,1	980,3	981,8		
50,6309	0,5822	980,1	980,3	981,8		
50,6475	0,5751	980,1	980,3	981,9		
50,6642	0,5742	980,1	980,3	981,8		
50,6809	0,5795	980,2	980,4	981,9		
50,6975	0,5813	980,1	980,2	981,8		
50,7142	0,5817	980,0	980,2	981,7		
50,7309	0,5786	980,2	980,3	981,8		
50,7475	0,5786	980,1	980,2	981,7		
50,7642	0,5786	980,1	980,2	981,7		
50,7809	0,5791	980,1	980,2	981,7		
50,7975	0,5835	980,0	980,2	981,7		
50,8142	0,5897	980,1	980,3	981,8		
50,8309	0,5897	980,0	980,2	981,7		
50,8475	0,5892	980,1	980,2	981,7		
50,8642	0,5870	980,1	980,3	981,8		
50,8809	0,5862	980,0	980,2	981,7		
50,8975	0,5800	980,1	980,3	981,8		
50,9142	0,5906	980,0	980,2	981,8		
50,9309	0,5919	980,1	980,2	981,7		
50,9475	0,5831	980,1	980,3	981,7		
50,9642	0,5848	980,1	980,2	981,7		
50,9809	0,5884	980,1	980,4	981,8		
50,9975	0,5839	980,1	980,3	981,8		
51,0142	0,5879	980,2	980,3	981,8		
51,0309	0,5866	980,1	980,3	981,8		
51,0475	0,5906	980,2	980,3	981,8		
51,0642	0,5866	980,1	980,2	981,8		
51,0809	0,5875	980,1	980,3	981,8		
51,0975	0,5892	980,1	980,3	981,7		
51,1142	0,5915	980,1	980,3	981,7		
51,1309	0,5839	980,1	980,3	981,7		
51,1475	0,5910	980,0	980,2	981,7		
51,1642	0,5901	980,1	980,3	981,8		
51,1809	0,5857	980,1	980,3	981,7		
51,1975	0,5901	980,0	980,1	981,6		
51,2142	0,5923	980,1	980,3	981,8		
51,2309	0,5972	980,1	980,3	981,8		
51,2475	0,5910	980,1	980,3	981,8		
51,2642	0,5910	980,1	980,3	981,7		
51,2809	0,5857	980,1	980,2	981,8		
51,2975	0,5862	980,2	980,3	981,8		
51,3142	0,5839	980,1	980,2	981,7		
51,3309	0,5901	980,1	980,2	981,8		
51,3475	0,5972	980,1	980,3	981,8		
51,3642	0,5862	980,1	980,2	981,7		
51,3809	0,5875	980,2	980,3	981,9		
51,3975	0,5884	980,1	980,3	981,8		
51,4142	0,5906	980,0	980,2	981,7		
51,4309	0,5946	980,2	980,4	982,0		
51,4475	0,5892	980,1	980,2	981,7		
51,4642	0,5941	980,1	980,3	981,7		
51,4809	0,5915	980,1	980,3	981,7		
51,4975	0,5910	980,0	980,3	981,8		
51,5142	0,5999	980,1	980,3	981,8		
51,5309	0,5915	980,0	980,3	981,7		
51,5475	0,5950	980,1	980,3	981,8		
51,5642	0,5972	980,1	980,3	981,8		
51,5809	0,5963	980,1	980,3	981,8		
51,5975	0,5932	980,1	980,2	981,7		
51,6142	0,5888	980,0	980,2	981,7		
51,6309	0,5932	980,1	980,2	981,7		
51,6475	0,5999	980,1	980,3	981,8		
51,6642	0,5897	980,2	980,3	981,8		
51,6809	0,5928	980,1	980,3	981,8		
51,6975	0,6016	980,1	980,3	981,8		
51,7142	0,6003	980,1	980,2	981,8		
51,7309	0,5906	980,1	980,3	981,8		
51,7475	0,5932	980,2	980,3	981,7		
51,7642	0,5950	980,0	980,2	981,7		
51,7809	0,5972	980,1	980,2	981,7		
51,7975	0,5999	980,1	980,3	981,7		
51,8142	0,5888	980,1	980,2	981,7		
51,8309	0,5932	980,0	980,2	981,7		
51,8475	0,5932	980,0	980,2	981,7		
51,8642	0,6025	980,0	980,2	981,7		
51,8809	0,6034	980,1	980,2	981,8		
51,8975	0,5972	980,1	980,3	981,7		
51,9142	0,5968	980,1	980,2	981,7		
51,9309	0,5950	980,1	980,3	981,8		
51,9475	0,5954	980,1	980,3	981,8		
51,9642	0,6007	980,1	980,3	981,8		
51,9809	0,6038	980,2	980,3	981,9		
51,9975	0,5901	980,1	980,3	981,7		
52,0142	0,6021	980,2	980,3	981,9		
52,0309	0,6052	980,1	980,2	981,7		
52,0475	0,5985	980,1	980,2	981,7		
52,0642	0,5968	980,1	980,2	981,7		
52,0809	0,5968	980,1	980,2	981,7		
52,0975	0,5999	980,1	980,2	981,7		
52,1142	0,6007	980,0	980,2	981,6		
52,1309	0,5932	980,1	980,2	981,8		
52,1475	0,6025	980,1	980,2	981,7		
52,1642	0,5972	980,1	980,3	981,8		
52,1809	0,5999	980,1	980,2	981,8		
52,1975	0,5981	980,1	980,3	981,8		
52,2142	0,5928	980,1	980,3	981,8		
52,2309	0,6060	980,1	980,3	981,7		
52,2475	0,5950	980,1	980,3	981,8		
52,2642	0,6105	980,1	980,2	981,7		
52,2809	0,5994	980,2	980,4	982,0		
52,2975	0,5994	980,1	980,3	981,8		
52,3142	0,6007	980,1	980,2	981,8		
52,3309	0,6065	980,0	980,2	981,7		
52,3475	0,6016	980,1	980,2	981,7		
52,3642	0,5985	980,1	980,2	981,7		
52,3809	0,6105	980,2	980,3	981,9		
52,3975	0,6074	980,2	980,3	981,8		
52,4142	0,5968	980,1	980,3	981,8		
52,4309	0,6043	980,1	980,3	981,8		
52,4475	0,6030	980,1	980,3	981,8		
52,4642	0,6038	980,1	980,3	981,8		
52,4809	0,6021	980,1	980,2	981,7		
52,4975	0,6060	980,0	980,2	981,6		
52,5142	0,6100	980,1	980,2	981,8		
52,5309	0,6012	980,1	980,2	981,7		
52,5475	0,6114	980,1	980,4	982,0		
52,5642	0,6100	980,1	980,3	981,8		
52,5809	0,5968	980,1	980,4	981,8		
52,5975	0,6065	980,0	980,1	981,5		
52,6142	0,6052	980,0	980,2	981,6		
52,6309	0,5985	980,0	980,2	981,8		
52,6475	0,6052	980,1	980,2	981,8		
52,6642	0,6114	980,1	980,2	981,7		
52,6809	0,6105	980,1	980,2	981,7		
52,6975	0,6096	980,1	980,2	981,7		
52,7142	0,6016	980,2	980,2	981,7		
52,7309	0,5999	980,1	980,2	981,7		
52,7475	0,6105	980,1	980,2	981,7		
52,7642	0,6096	980,1	980,3	981,8		
52,7809	0,6175	980,1	980,2	981,7		
52,7975	0,6087	980,0	980,2	981,7		
52,8142	0,6136	980,1	980,3	981,8		
52,8309	0,6202	980,1	980,3	981,8		
52,8475	0,6096	980,1	980,4	981,9		
52,8642	0,6131	980,1	980,3	981,9		
52,8809	0,6162	980,1	980,3	981,8		
52,8975	0,6100	980,1	980,3	981,9		
52,9142	0,6131	980,1	980,3	981,9		
52,9309	0,6083	980,1	980,3	981,8		
52,9475	0,6109	980,1	980,2	981,8		
52,9642	0,6109	980,1	980,3	981,8		
52,9809	0,6184	980,0	980,1	981,7		
52,9975	0,6144	980,1	980,2	981,8		
53,0142	0,6096	980,1	980,2	981,7		
53,0309	0,6167	980,1	980,3	981,8		
53,0475	0,6052	980,0	980,2	981,7		
53,0642	0,6083	980,2	980,3	982,0		
53,0809	0,6096	980,0	980,1	981,6		
53,0975	0,6109	980,1	980,2	981,7		
53,1142	0,6109	980,1	980,1	981,6		
53,1309	0,6131	980,1	980,2	981,7		
53,1475	0,6122	980,1	980,2	981,8		
53,1642	0,6211	980,0	980,2	981,7		
53,1809	0,6158	980,1	980,2	981,8		
53,1975	0,6140	980,1	980,2	981,7		
53,2142	0,6189	980,1	980,2	981,7		
53,2309	0,6149	980,1	980,2	981,7		
53,2475	0,6127	980,1	980,2	981,8		
53,2642	0,6105	980,1	980,3	981,8		
53,2809	0,6153	980,1	980,3	981,8		
53,2975	0,6118	980,1	980,2	981,9		
53,3142	0,6206	980,1	980,2	981,8		
53,3309	0,6158	980,1	980,3	981,9		
53,3475	0,6158	980,1	980,3	981,8		
53,3642	0,6228	980,1	980,2	981,8		
53,3809	0,6144	980,1	980,2	981,8		
53,3975	0,6114	980,1	980,2	981,7		
53,4142	0,6171	980,1	980,2	981,8		
53,4309	0,6122	980,1	980,2	981,7		
53,4475	0,6122	980,1	980,2	981,8		
53,4642	0,6175	980,1	980,2	981,8		
53,4809	0,6224	980,1	980,2	981,7		
53,4975	0,6304	980,1	980,2	981,8		
53,5142	0,6184	980,1	980,2	981,7		
53,5309	0,6233	980,1	980,2	981,8		
53,5475	0,6228	980,0	980,3	981,8		
53,5642	0,6193	980,1	980,3	981,8		
53,5809	0,6242	980,1	980,3	981,8		
53,5975	0,6198	980,0	980,2	981,7		
53,6142	0,6237	980,1	980,3	981,8		
53,6309	0,6228	980,1	980,3	981,8		
53,6475	0,6202	980,1	980,3	981,9		
53,6642	0,6224	980,0	980,2	981,7		
53,6809	0,6215	980,1	980,2	981,8		
53,6975	0,6224	980,0	980,2	981,8		
53,7142	0,6140	980,1	980,2	981,7		
53,7309	0,6224	980,1	980,2	981,7		
53,7475	0,6180	980,1	980,2	981,8		
53,7642	0,6211	980,1	980,3	981,8		
53,7809	0,6202	980,1	980,2	981,7		
53,7975	0,6246	980,1	980,3	981,8		
53,8142	0,6153	980,1	980,2	981,7		
53,8309	0,6246	980,2	980,3	981,8		
53,8475	0,6326	980,1	980,2	981,7		
53,8642	0,6264	980,0	980,2	981,7		
53,8809	0,6233	980,1	980,3	981,8		
53,8975	0,6215	980,1	980,2	981,8		
53,9142	0,6175	980,1	980,3	981,8		
53,9309	0,6259	980,1	980,2	981,7		
53,9475	0,6264	980,1	980,3	981,7		
53,9642	0,6158	980,1	980,3	981,8		
53,9809	0,6224	980,1	980,3	981,8		
53,9975	0,6255	980,0	980,3	981,8		
54,0142	0,6228	980,1	980,3	981,9		
54,0309	0,6171	980,1	980,2	981,9		
54,0475	0,6268	980,1	980,2	981,8		
54,0642	0,6290	980,0	980,2	981,8		
54,0809	0,6264	980,1	980,2	981,8		
54,0975	0,6189	980,1	980,3	981,8		
54,1142	0,6277	980,1	980,2	981,8		
54,1309	0,6255	980,0	980,2	981,7		
54,1475	0,6211	980,1	980,3	981,8		
54,1642	0,6277	980,1	980,2	981,7		
54,1809	0,6304	980,1	980,2	981,7		
54,1975	0,6251	980,0	980,2	981,7		
54,2142	0,6348	980,0	980,2	981,7		
54,2309	0,6242	980,1	980,3	981,8		
54,2475	0,6335	980,1	980,2	981,7		
54,2642	0,6330	980,1	980,3	981,9		
54,2809	0,6317	980,1	980,3	981,8		
54,2975	0,6281	980,1	980,3	981,8		
54,3142	0,6211	980,1	980,2	981,8		
54,3309	0,6264	980,1	980,2	981,8		
54,3475	0,6277	980,0	980,2	981,7		
54,3642	0,6321	980,1	980,2	981,8		
54,3809	0,6251	980,1	980,2	981,7		
54,3975	0,6246	980,1	980,2	981,7		
54,4142	0,6251	980,0	980,2	981,7		
54,4309	0,6237	980,2	980,3	982,0		
54,4475	0,6383	980,2	980,4	981,9		
54,4642	0,6317	980,1	980,3	981,9		
54,4809	0,6281	980,2	980,2	981,7		
54,4975	0,6348	980,1	980,2	981,7		
54,5142	0,6281	980,0	980,1	981,6		
54,5309	0,6290	980,1	980,1	981,7		
54,5475	0,6286	980,0	980,2	981,6		
54,5642	0,6299	980,0	980,2	981,7		
54,5809	0,6308	980,1	980,3	981,8		
54,5975	0,6304	980,1	980,2	981,8		
54,6142	0,6255	980,0	980,2	981,8		
54,6309	0,6330	980,1	980,2	981,7		
54,6475	0,6348	980,0	980,1	981,8		
54,6642	0,6361	980,1	980,2	981,8		
54,6809	0,6423	980,0	980,2	981,8		
54,6975	0,6352	980,1	980,2	981,7		
54,7142	0,6410	980,0	980,2	981,8		
54,7309	0,6352	980,1	980,2	981,8		
54,7475	0,6277	980,1	980,2	981,7		
54,7642	0,6290	980,1	980,3	981,9		
54,7809	0,6339	980,1	980,2	981,7		
54,7975	0,6348	980,1	980,2	981,8		
54,8142	0,6357	980,2	980,3	981,8		
54,8309	0,6379	980,1	980,3	981,9		
54,8475	0,6317	980,1	980,2	981,8		
54,8642	0,6379	980,1	980,2	981,9		
54,8809	0,6295	980,1	980,3	981,8		
54,8975	0,6352	980,1	980,3	981,8		
54,9142	0,6410	980,1	980,3	981,8		
54,9309	0,6357	980,1	980,3	981,8		
54,9475	0,6414	980,1	980,2	981,7		
54,9642	0,6441	980,1	980,2	981,8		
54,9809	0,6432	980,1	980,2	981,8		
54,9975	0,6357	980,0	980,2	981,7		
55,0142	0,6335	980,1	980,3	981,8		
55,0309	0,6401	980,0	980,2	981,8		
55,0475	0,6419	980,1	980,3	981,9		
55,0642	0,6273	980,1	980,2	981,7		
55,0809	0,6388	980,1	980,2	981,8		
55,0975	0,6401	980,2	980,3	981,9		
55,1142	0,6436	980,1	980,2	981,7		
55,1309	0,6405	980,1	980,3	981,9		
55,1475	0,6432	980,2	980,2	981,8		
55,1642	0,6414	980,2	980,3	981,9		
55,1809	0,6348	980,1	980,2	981,7		
55,1975	0,6423	980,1	980,3	981,8		
55,2142	0,6396	980,1	980,2	981,7		
55,2309	0,6410	980,1	980,2	981,8		
55,2475	0,6432	980,2	980,3	981,8		
55,2642	0,6449	980,1	980,2	981,7		
55,2809	0,6396	980,1	980,3	981,8		
55,2975	0,6441	980,1	980,3	981,7		
55,3142	0,6458	980,1	980,3	981,9		
55,3309	0,6423	980,0	980,3	981,9		
55,3475	0,6405	980,2	980,3	981,9		
55,3642	0,6419	980,1	980,3	981,8		
55,3809	0,6414	980,1	980,2	981,8		
55,3975	0,6476	980,1	980,2	981,8		
55,4142	0,6414	980,1	980,3	981,8		
55,4309	0,6494	980,0	980,2	981,7		
55,4475	0,6441	980,1	980,2	981,8		
55,4642	0,6458	980,1	980,2	981,8		
55,4809	0,6441	980,1	980,2	981,8		
55,4975	0,6396	980,1	980,3	981,8		
55,5142	0,6401	980,1	980,2	981,8		
55,5309	0,6472	980,1	980,2	981,8		
55,5475	0,6507	980,1	980,2	981,9		
55,5642	0,6494	980,1	980,2	981,7		
55,5809	0,6454	980,1	980,3	981,8		
55,5975	0,6494	980,1	980,3	981,8		
55,6142	0,6556	980,1	980,3	981,8		
55,6309	0,6472	980,1	980,2	981,7		
55,6475	0,6529	980,1	980,3	981,9		
55,6642	0,6511	980,1	980,3	981,8		
55,6809	0,6476	980,1	980,2	981,8		
55,6975	0,6520	980,1	980,3	981,8		
55,7142	0,6498	980,1	980,3	981,8		
55,7309	0,6494	980,1	980,3	981,8		
55,7475	0,6498	980,1	980,2	981,8		
55,7642	0,6445	980,1	980,2	981,8		
55,7809	0,6494	980,1	980,2	981,8		
55,7975	0,6538	980,0	980,2	981,6		
55,8142	0,6525	980,1	980,2	981,8		
55,8309	0,6449	980,1	980,2	981,8		
55,8475	0,6463	980,2	980,3	981,8		
55,8642	0,6485	980,1	980,3	981,8		
55,8809	0,6463	980,2	980,2	981,9		
55,8975	0,6476	980,1	980,2	981,8		
55,9142	0,6498	980,2	980,3	981,8		
55,9309	0,6529	980,1	980,3	981,8		
55,9475	0,6511	980,1	980,2	981,8		
55,9642	0,6556	980,1	980,2	981,8		
55,9809	0,6626	980,1	980,2	981,7		
55,9975	0,6547	980,2	980,3	981,9		
56,0142	0,6520	980,1	980,2	981,7		
56,0309	0,6591	980,2	980,3	981,9		
56,0475	0,6542	980,1	980,2	981,8		
56,0642	0,6516	980,2	980,3	981,8		
56,0809	0,6516	980,1	980,3	981,9		
56,0975	0,6511	980,1	980,2	981,8		
56,1142	0,6547	980,1	980,3	981,8		
56,1309	0,6507	980,0	980,2	981,7		
56,1475	0,6551	980,1	980,3	981,8		
56,1642	0,6622	980,1	980,2	981,8		
56,1809	0,6560	980,2	980,3	981,9		
56,1975	0,6472	980,0	980,2	981,7		
56,2142	0,6587	980,1	980,2	981,8		
56,2309	0,6520	980,1	980,2	981,8		
56,2475	0,6511	980,0	980,2	981,8		
56,2642	0,6591	980,2	980,3	981,9		
56,2809	0,6503	980,0	980,2	981,7		
56,2975	0,6626	980,1	980,2	981,8		
56,3142	0,6613	980,1	980,2	981,7		
56,3309	0,6556	980,1	980,2	981,8		
56,3475	0,6494	980,2	980,3	981,8		
56,3642	0,6613	980,0	980,2	981,7		
56,3809	0,6582	980,1	980,3	981,8		
56,3975	0,6573	980,1	980,2	981,8		
56,4142	0,6631	980,1	980,3	981,8		
56,4309	0,6582	980,1	980,2	981,7		
56,4475	0,6564	980,1	980,2	981,8		
56,4642	0,6587	980,0	980,2	981,8		
56,4809	0,6644	980,1	980,3	981,7		
56,4975	0,6609	980,1	980,2	981,8		
56,5142	0,6551	980,1	980,2	981,8		
56,5309	0,6604	980,1	980,2	981,8		
56,5475	0,6675	980,1	980,3	981,7		
56,5642	0,6653	980,0	980,2	981,8		
56,5809	0,6582	980,2	980,2	981,7		
56,5975	0,6644	980,1	980,3	981,8		
56,6142	0,6587	980,1	980,2	981,8		
56,6309	0,6582	980,1	980,2	981,8		
56,6475	0,6613	980,2	980,2	981,8		
56,6642	0,6560	980,0	980,2	981,8		
56,6809	0,6684	980,2	980,3	981,9		
56,6975	0,6609	980,1	980,3	981,8		
56,7142	0,6613	980,1	980,2	981,8		
56,7309	0,6657	980,1	980,2	981,8		
56,7475	0,6609	980,1	980,2	981,8		
56,7642	0,6666	980,1	980,3	981,8		
56,7809	0,6626	980,1	980,2	981,7		
56,7975	0,6688	980,1	980,2	981,8		
56,8142	0,6662	980,1	980,2	981,8		
56,8309	0,6662	980,2	980,4	982,1		
56,8475	0,6635	980,1	980,3	981,9		
56,8642	0,6688	980,1	980,2	981,7		
56,8809	0,6569	980,1	980,3	981,9		
56,8975	0,6648	980,1	980,3	981,8		
56,9142	0,6635	980,1	980,2	981,8		
56,9309	0,6662	980,1	980,2	981,8		
56,9475	0,6635	980,1	980,3	981,8		
56,9642	0,6648	980,1	980,2	981,8		
56,9809	0,6648	980,1	980,2	981,8		
56,9975	0,6573	980,1	980,2	981,8		
57,0142	0,6697	980,1	980,2	981,8		
57,0309	0,6635	980,1	980,2	981,8		
57,0475	0,6582	980,1	980,2	981,8		
57,0642	0,6688	980,2	980,3	981,8		
57,0809	0,6728	980,2	980,3	981,9		
57,0975	0,6657	980,1	980,3	981,8		
57,1142	0,6626	980,1	980,2	981,7		
57,1309	0,6666	980,1	980,2	981,8		
57,1475	0,6697	980,0	980,3	981,8		
57,1642	0,6675	980,1	980,2	981,7		
57,1809	0,6701	980,1	980,3	981,8		
57,1975	0,6790	980,1	980,2	981,9		
57,2142	0,6732	980,1	980,2	981,7		
57,2309	0,6719	980,2	980,3	981,9		
57,2475	0,6710	980,1	980,3	981,8		
57,2642	0,6670	980,1	980,2	981,8		
57,2809	0,6710	980,1	980,3	981,8		
57,2975	0,6710	980,1	980,3	981,8		
57,3142	0,6724	980,1	980,2	981,8		
57,3309	0,6728	980,1	980,3	981,8		
57,3475	0,6688	980,1	980,3	981,8		
57,3642	0,6732	980,1	980,2	981,8		
57,3809	0,6675	980,2	980,2	981,8		
57,3975	0,6657	980,1	980,3	981,8		
57,4142	0,6648	980,1	980,3	981,8		
57,4309	0,6715	980,2	980,3	981,9		
57,4475	0,6635	980,1	980,3	981,8		
57,4642	0,6746	980,2	980,3	981,8		
57,4809	0,6719	980,1	980,2	981,8		
57,4975	0,6812	980,1	980,2	981,8		
57,5142	0,6732	980,1	980,2	981,8		
57,5309	0,6768	980,1	980,2	981,7		
57,5475	0,6719	980,1	980,3	981,8		
57,5642	0,6750	980,1	980,2	981,8		
57,5809	0,6737	980,1	980,2	981,8		
57,5975	0,6763	980,1	980,3	981,9		
57,6142	0,6719	980,1	980,2	981,8		
57,6309	0,6759	980,0	980,2	981,8		
57,6475	0,6741	980,0	980,3	981,8		
57,6642	0,6838	980,1	980,2	981,8		
57,6809	0,6750	980,1	980,2	981,8		
57,6975	0,6737	980,1	980,2	981,8		
57,7142	0,6741	980,2	980,3	981,8		
57,7309	0,6679	980,1	980,2	981,9		
57,7475	0,6746	980,2	980,3	981,9		
57,7642	0,6724	980,1	980,2	981,8		
57,7809	0,6741	980,1	980,3	981,9		
57,7975	0,6772	980,1	980,2	981,7		
57,8142	0,6719	980,1	980,2	981,8		
57,8309	0,6719	980,1	980,3	981,8		
57,8475	0,6830	980,2	980,3	981,8		
57,8642	0,6759	980,1	980,3	981,8		
57,8809	0,6785	980,1	980,3	981,9		
57,8975	0,6816	980,1	980,2	981,7		
57,9142	0,6746	980,1	980,3	981,8		
57,9309	0,6856	980,1	980,3	981,8		
57,9475	0,6772	980,1	980,3	981,7		
57,9642	0,6794	980,1	980,2	981,8		
57,9809	0,6759	980,1	980,2	981,7		
57,9975	0,6781	980,0	980,2	981,7		
58,0142	0,6834	980,1	980,2	981,8		
58,0309	0,6852	980,1	980,3	981,8		
58,0475	0,6830	980,1	980,3	981,8		
58,0642	0,6856	980,1	980,3	981,8		
58,0809	0,6777	980,1	980,2	981,8		
58,0975	0,6790	980,2	980,3	981,8		
58,1142	0,6843	980,1	980,3	981,9		
58,1309	0,6803	980,2	980,3	981,9		
58,1475	0,6838	980,1	980,2	981,8		
58,1642	0,6750	980,1	980,2	981,8		
58,1809	0,6799	980,1	980,3	981,8		
58,1975	0,6869	980,1	980,2	981,8		
58,2142	0,6830	980,1	980,3	981,9		
58,2309	0,6892	980,2	980,3	981,8		
58,2475	0,6852	980,1	980,2	981,8		
58,2642	0,6808	980,0	980,2	981,7		
58,2809	0,6883	980,1	980,2	981,7		
58,2975	0,6887	980,1	980,2	981,8		
58,3142	0,6931	980,1	980,2	981,8		
58,3309	0,6825	980,0	980,2	981,7		
58,3475	0,6852	980,1	980,3	981,8		
58,3642	0,6869	980,1	980,3	981,8		
58,3809	0,6967	980,1	980,3	981,9		
58,3975	0,6878	980,1	980,2	981,8		
58,4142	0,6794	980,0	980,2	981,9		
58,4309	0,6922	980,1	980,2	981,8		
58,4475	0,6856	980,1	980,3	981,9		
58,4642	0,6869	980,1	980,3	981,8		
58,4809	0,6909	980,1	980,2	981,8		
58,4975	0,6843	980,2	980,3	981,9		
58,5142	0,6892	980,1	980,3	981,9		
58,5309	0,6821	980,1	980,3	981,8		
58,5475	0,6852	980,2	980,2	981,8		
58,5642	0,6861	980,1	980,2	981,8		
58,5809	0,6830	980,1	980,2	981,7		
58,5975	0,6856	980,1	980,2	981,8		
58,6142	0,6803	980,1	980,2	981,8		
58,6309	0,6909	980,1	980,2	981,8		
58,6475	0,6922	980,1	980,3	981,8		
58,6642	0,6861	980,2	980,4	981,9		
58,6809	0,6878	980,2	980,3	981,9		
58,6975	0,6918	980,0	980,2	981,7		
58,7142	0,6887	980,1	980,2	981,8		
58,7309	0,6900	980,1	980,2	981,8		
58,7475	0,6927	980,1	980,3	981,8		
58,7642	0,6887	980,0	980,2	981,8		
58,7809	0,6927	980,1	980,3	981,9		
58,7975	0,6980	980,1	980,3	981,8		
58,8142	0,6931	980,0	980,2	981,8		
58,8309	0,6936	980,1	980,3	981,8		
58,8475	0,6900	980,1	980,3	981,8		
58,8642	0,6922	980,1	980,3	981,9		
58,8809	0,6922	980,1	980,3	981,9		
58,8975	0,6914	980,1	980,3	981,8		
58,9142	0,6900	980,1	980,3	981,9		
58,9309	0,6918	980,1	980,2	981,8		
58,9475	0,6958	980,1	980,2	981,8		
58,9642	0,6971	980,1	980,2	981,8		
58,9809	0,6989	980,1	980,3	981,9		
58,9975	0,6883	980,1	980,2	981,8		
59,0142	0,6945	980,0	980,2	981,8		
59,0309	0,6927	980,1	980,2	981,8		
59,0475	0,6949	980,2	980,3	981,8		
59,0642	0,6998	980,1	980,2	981,8		
59,0809	0,7020	980,1	980,3	981,8		
59,0975	0,6967	980,1	980,3	981,9		
59,1142	0,6984	980,1	980,2	981,8		
59,1309	0,6984	980,1	980,2	981,8		
59,1475	0,6967	980,1	980,3	981,9		
59,1642	0,7015	980,1	980,2	981,8		
59,1809	0,6971	980,1	980,3	981,9		
59,1975	0,6980	980,1	980,3	981,8		
59,2142	0,7006	980,1	980,3	981,8		
59,2309	0,6980	980,1	980,3	981,9		
59,2475	0,6993	980,1	980,2	981,8		
59,2642	0,6984	980,1	980,2	981,8		
59,2809	0,6971	980,1	980,2	981,8		
59,2975	0,6945	980,1	980,2	981,8		
59,3142	0,6927	980,1	980,3	981,9		
59,3309	0,6953	980,1	980,3	981,9		
59,3475	0,6976	980,2	980,3	981,9		
59,3642	0,6967	980,1	980,2	981,8		
59,3809	0,7024	980,1	980,2	981,8		
59,3975	0,6949	980,1	980,3	981,8		
59,4142	0,6989	980,1	980,2	981,8		
59,4309	0,6967	980,1	980,2	981,8		
59,4475	0,7029	980,1	980,2	981,8		
59,4642	0,7042	980,1	980,2	981,8		
59,4809	0,6998	980,1	980,2	981,8		
59,4975	0,7033	980,1	980,2	981,8		
59,5142	0,7046	980,1	980,3	981,8		
59,5309	0,7037	980,0	980,2	981,8		
59,5475	0,6993	980,1	980,3	981,8		
59,5642	0,7077	980,1	980,2	981,9		
59,5809	0,7090	980,1	980,2	981,8		
59,5975	0,7006	980,1	980,2	981,8		
59,6142	0,7006	980,0	980,3	981,8		
59,6309	0,7051	980,1	980,3	981,8		
59,6475	0,7042	980,1	980,3	981,8		
59,6642	0,7042	980,2	980,3	981,8		
59,6809	0,7037	980,2	980,3	981,9		
59,6975	0,7082	980,1	980,2	981,8		
59,7142	0,7095	980,1	980,3	981,9		
59,7309	0,6980	980,2	980,3	981,8		
59,7475	0,7002	980,1	980,3	981,9		
59,7642	0,7068	980,2	980,3	981,8		
59,7809	0,6989	980,1	980,2	981,8		
59,7975	0,7002	980,2	980,3	981,9		
59,8142	0,7055	980,1	980,2	981,8		
59,8309	0,7011	980,2	980,3	981,9		
59,8475	0,7108	980,2	980,3	981,8		
59,8642	0,7135	980,1	980,2	981,8		
59,8809	0,7006	980,1	980,2	981,8		
59,8975	0,7051	980,1	980,3	981,8		
59,9142	0,7073	980,1	980,2	981,8		
59,9309	0,7139	980,1	980,3	981,8		
59,9475	0,7090	980,1	980,3	981,9		
59,9642	0,7108	980,1	980,2	981,9		
59,9809	0,7059	980,1	980,2	981,8		
59,9975	0,7135	980,1	980,3	981,9		
60,0142	0,7095	980,1	980,3	981,8		
60,0309	0,7126	980,1	980,3	981,8		
60,0475	0,7152	980,1	980,3	981,9		
60,0642	0,7157	980,0	980,2	981,8		
60,0809	0,7130	980,1	980,3	981,8		
60,0975	0,7135	980,0	980,2	981,9		
60,1142	0,7113	980,1	980,2	981,8		
60,1309	0,7117	980,1	980,3	981,9		
60,1475	0,7139	980,2	980,3	981,9		
60,1642	0,7117	980,2	980,3	981,9		
60,1809	0,7166	980,2	980,3	981,9		
60,1975	0,7068	980,1	980,3	981,8		
60,2142	0,7188	980,2	980,3	981,9		
60,2309	0,7055	980,1	980,3	981,9		
60,2475	0,7077	980,1	980,2	981,8		
60,2642	0,7108	980,1	980,2	981,7		
60,2809	0,7183	980,1	980,3	981,8		
60,2975	0,7188	980,1	980,2	981,8		
60,3142	0,7126	980,1	980,2	981,8		
60,3309	0,7170	980,1	980,2	981,8		
60,3475	0,7174	980,1	980,3	981,8		
60,3642	0,7148	980,0	980,2	981,8		
60,3809	0,7219	980,1	980,3	981,8		
60,3975	0,7148	980,1	980,3	981,8		
60,4142	0,7223	980,1	980,3	981,9		
60,4309	0,7135	980,2	980,3	981,8		
60,4475	0,7179	980,1	980,3	981,8		
60,4642	0,7227	980,1	980,2	981,8		
60,4809	0,7183	980,2	980,2	981,7		
60,4975	0,7197	980,1	980,2	981,9		
60,5142	0,7148	980,1	980,2	981,7		
60,5309	0,7214	980,1	980,2	981,8		
60,5475	0,7099	980,1	980,2	981,9		
60,5642	0,7157	980,1	980,2	981,8		
60,5809	0,7188	980,2	980,2	981,8		
60,5975	0,7205	980,1	980,2	981,8		
60,6142	0,7174	980,2	980,3	981,8		
60,6309	0,7179	980,1	980,3	981,9		
60,6475	0,7201	980,1	980,3	981,9		
60,6642	0,7183	980,1	980,2	981,8		
60,6809	0,7219	980,1	980,2	981,8		
60,6975	0,7236	980,0	980,2	981,7		
60,7142	0,7276	980,1	980,2	981,8		
60,7309	0,7205	980,1	980,3	981,8		
60,7475	0,7236	980,1	980,3	981,8		
60,7642	0,7245	980,1	980,3	981,8		
60,7809	0,7258	980,0	980,2	981,8		
60,7975	0,7250	980,2	980,3	981,8		
60,8142	0,7210	980,1	980,3	981,8		
60,8309	0,7250	980,1	980,3	981,9		
60,8475	0,7281	980,1	980,2	981,9		
60,8642	0,7223	980,1	980,2	981,9		
60,8809	0,7258	980,1	980,3	981,8		
60,8975	0,7289	980,1	980,2	981,9		
60,9142	0,7245	980,1	980,2	981,8		
60,9309	0,7188	980,1	980,2	981,8		
60,9475	0,7272	980,1	980,3	981,9		
60,9642	0,7201	980,1	980,2	981,8		
60,9809	0,7201	980,2	980,3	981,8		
60,9975	0,7263	980,1	980,3	981,8		
61,0142	0,7258	980,1	980,3	981,9		
61,0309	0,7245	980,1	980,2	981,9		
61,0475	0,7311	980,1	980,3	981,9		
61,0642	0,7289	980,2	980,2	981,8		
61,0809	0,7276	980,2	980,3	981,9		
61,0975	0,7334	980,1	980,3	981,8		
61,1142	0,7263	980,1	980,3	981,8		
61,1309	0,7258	980,0	980,2	981,8		
61,1475	0,7303	980,0	980,2	981,7		
61,1642	0,7338	980,1	980,3	981,9		
61,1809	0,7303	980,1	980,3	981,9		
61,1975	0,7263	980,0	980,2	981,8		
61,2142	0,7303	980,0	980,2	981,8		
61,2309	0,7307	980,0	980,2	981,8		
61,2475	0,7227	979,9	980,2	981,8		
61,2642	0,7281	980,1	980,3	981,9		
61,2809	0,7232	980,1	980,4	982,0		
61,2975	0,7298	980,1	980,2	981,7		
61,3142	0,7334	980,1	980,3	981,8		
61,3309	0,7316	980,2	980,3	981,8		
61,3475	0,7338	980,2	980,3	981,9		
61,3642	0,7298	980,3	980,3	981,8		
61,3809	0,7267	980,2	980,3	981,8		
61,3975	0,7395	980,2	980,3	981,9		
61,4142	0,7298	980,1	980,2	981,8		
61,4309	0,7334	980,2	980,3	981,9		
61,4475	0,7316	980,2	980,3	981,8		
61,4642	0,7289	980,1	980,2	981,8		
61,4809	0,7307	980,1	980,3	981,8		
61,4975	0,7369	980,2	980,4	982,0		
61,5142	0,7395	980,1	980,3	981,8		
61,5309	0,7325	980,1	980,2	981,8		
61,5475	0,7387	980,1	980,3	981,9		
61,5642	0,7422	980,1	980,2	981,9		
61,5809	0,7307	980,1	980,3	981,8		
61,5975	0,7294	980,1	980,3	981,8		
61,6142	0,7281	980,1	980,3	981,9		
61,6309	0,7334	980,1	980,2	981,8		
61,6475	0,7254	980,1	980,4	982,1		
61,6642	0,7387	980,1	980,4	982,0		
61,6809	0,7426	980,1	980,4	981,9		
61,6975	0,7311	980,1	980,2	981,8		
61,7142	0,7422	980,1	980,3	981,9		
61,7309	0,7360	980,1	980,3	981,9		
61,7475	0,7431	980,0	980,2	981,8		
61,7642	0,7245	980,1	980,1	981,7		
61,7809	0,7391	980,0	980,1	981,7		
61,7975	0,7404	980,1	980,2	981,8		
61,8142	0,7400	980,1	980,1	981,8		
61,8309	0,7298	980,1	980,1	981,7		
61,8475	0,7418	980,0	980,2	981,8		
61,8642	0,7382	980,1	980,2	981,7		
61,8809	0,7347	980,1	980,2	981,8		
61,8975	0,7347	980,1	980,2	981,8		
61,9142	0,7369	980,1	980,3	981,9		
61,9309	0,7400	980,1	980,2	981,8		
61,9475	0,7466	980,1	980,2	981,8		
61,9642	0,7378	980,1	980,3	981,8		
61,9809	0,7484	980,1	980,2	981,8		
61,9975	0,7351	980,1	980,3	982,0		
62,0142	0,7475	980,1	980,3	981,8		
62,0309	0,7400	980,2	980,3	981,8		
62,0475	0,7387	980,1	980,3	981,8		
62,0642	0,7351	980,1	980,3	981,9		
62,0809	0,7329	980,1	980,3	981,9		
62,0975	0,7426	980,1	980,2	981,9		
62,1142	0,7422	980,1	980,2	981,7		
62,1309	0,7479	980,1	980,3	981,9		
62,1475	0,7453	980,1	980,2	981,8		
62,1642	0,7422	980,1	980,2	981,8		
62,1809	0,7391	980,1	980,2	981,7		
62,1975	0,7413	980,1	980,2	981,8		
62,2142	0,7479	980,1	980,2	981,8		
62,2309	0,7418	980,2	980,3	981,8		
62,2475	0,7449	980,1	980,2	981,9		
62,2642	0,7413	980,1	980,2	981,9		
62,2809	0,7484	980,1	980,3	981,9		
62,2975	0,7444	980,1	980,2	981,9		
62,3142	0,7435	980,2	980,3	981,9		
62,3309	0,7457	980,2	980,3	981,9		
62,3475	0,7444	980,2	980,2	981,8		
62,3642	0,7457	980,1	980,3	981,9		
62,3809	0,7479	980,2	980,3	982,0		
62,3975	0,7418	980,1	980,2	981,8		
62,4142	0,7462	980,2	980,4	982,0		
62,4309	0,7471	980,1	980,3	981,8		
62,4475	0,7479	980,1	980,3	981,9		
62,4642	0,7581	980,1	980,2	981,9		
62,4809	0,7510	980,1	980,2	981,8		
62,4975	0,7422	980,1	980,2	981,8		
62,5142	0,7510	980,1	980,2	981,8		
62,5309	0,7457	980,1	980,2	981,9		
62,5475	0,7577	980,1	980,2	981,8		
62,5642	0,7510	980,1	980,2	981,8		
62,5809	0,7440	980,1	980,2	981,8		
62,5975	0,7475	980,1	980,2	981,7		
62,6142	0,7493	980,0	980,3	981,9		
62,6309	0,7435	980,1	980,3	981,9		
62,6475	0,7510	980,1	980,2	981,9		
62,6642	0,7475	980,1	980,3	981,9		
62,6809	0,7528	980,1	980,2	981,8		
62,6975	0,7502	980,1	980,3	981,9		
62,7142	0,7493	980,2	980,3	981,9		
62,7309	0,7528	980,2	980,3	981,8		
62,7475	0,7563	980,2	980,3	981,8		
62,7642	0,7502	980,1	980,3	981,8		
62,7809	0,7510	980,1	980,3	981,9		
62,7975	0,7506	980,1	980,2	981,8		
62,8142	0,7537	980,1	980,3	981,8		
62,8309	0,7400	980,1	980,3	981,8		
62,8475	0,7577	980,1	980,3	981,9		
62,8642	0,7546	980,1	980,3	981,9		
62,8809	0,7515	980,1	980,3	981,9		
62,8975	0,7577	980,1	980,3	981,9		
62,9142	0,7546	980,1	980,2	981,9		
62,9309	0,7577	980,1	980,3	981,8		
62,9475	0,7586	980,1	980,2	981,8		
62,9642	0,7559	980,1	980,3	981,9		
62,9809	0,7670	980,1	980,2	981,8		
62,9975	0,7519	980,1	980,2	981,8		
63,0142	0,7634	980,1	980,3	981,9		
63,0309	0,7493	980,0	980,2	981,8		
63,0475	0,7590	980,1	980,2	981,9		
63,0642	0,7590	980,1	980,2	981,9		
63,0809	0,7612	980,2	980,3	982,0		
63,0975	0,7590	980,2	980,3	981,9		
63,1142	0,7572	980,1	980,3	981,9		
63,1309	0,7599	980,1	980,3	981,8		
63,1475	0,7621	980,2	980,3	981,9		
63,1642	0,7555	980,1	980,2	981,9		
63,1809	0,7555	980,2	980,3	981,9		
63,1975	0,7572	980,1	980,3	981,9		
63,2142	0,7625	980,1	980,2	981,8		
63,2309	0,7639	980,1	980,3	981,9		
63,2475	0,7652	980,1	980,3	981,8		
63,2642	0,7674	980,0	980,2	981,8		
63,2809	0,7532	980,0	980,2	981,8		
63,2975	0,7616	980,0	980,3	981,8		
63,3142	0,7678	980,1	980,2	981,8		
63,3309	0,7612	980,2	980,2	981,8		
63,3475	0,7767	980,3	980,3	981,9		
63,3642	0,7625	980,1	980,3	981,8		
63,3809	0,7647	980,2	980,2	981,8		
63,3975	0,7621	980,2	980,3	982,0		
63,4142	0,7625	980,1	980,3	981,9		
63,4309	0,7670	980,1	980,2	981,8		
63,4475	0,7647	980,1	980,2	981,8		
63,4642	0,7568	980,1	980,3	981,9		
63,4809	0,7559	980,2	980,3	981,8		
63,4975	0,7625	980,1	980,2	981,8		
63,5142	0,7634	980,2	980,3	981,9		
63,5309	0,7572	980,2	980,3	981,9		
63,5475	0,7647	980,2	980,3	981,9		
63,5642	0,7687	980,2	980,3	981,9		
63,5809	0,7652	980,2	980,3	981,9		
63,5975	0,7639	980,2	980,3	981,9		
63,6142	0,7678	980,2	980,3	981,9		
63,6309	0,7683	980,1	980,2	981,8		
63,6475	0,7612	980,1	980,2	981,8		
63,6642	0,7643	980,0	980,2	981,8		
63,6809	0,7661	980,2	980,3	981,9		
63,6975	0,7692	980,1	980,2	981,8		
63,7142	0,7709	980,1	980,2	981,8		
63,7309	0,7714	980,1	980,2	981,9		
63,7475	0,7647	980,1	980,3	981,9		
63,7642	0,7723	980,1	980,3	981,9		
63,7809	0,7692	980,0	980,2	981,8		
63,7975	0,7718	980,1	980,3	981,9		
63,8142	0,7687	980,1	980,2	981,9		
63,8309	0,7731	980,1	980,3	981,9		
63,8475	0,7692	980,1	980,3	981,9		
63,8642	0,7709	980,1	980,2	981,8		
63,8809	0,7647	980,1	980,2	981,8		
63,8975	0,7670	980,2	980,3	981,9		
63,9142	0,7714	980,1	980,3	981,9		
63,9309	0,7798	980,1	980,3	981,9		
63,9475	0,7709	980,1	980,2	981,9		
63,9642	0,7696	980,1	980,3	982,0		
63,9809	0,7665	980,2	980,3	981,9		
63,9975	0,7798	980,1	980,3	981,8		
64,0142	0,7749	980,1	980,2	981,9		
64,0309	0,7687	980,1	980,3	981,9		
64,0475	0,7714	980,1	980,2	981,8		
64,0642	0,7740	980,2	980,3	981,9		
64,0809	0,7696	980,1	980,2	981,9		
64,0975	0,7652	980,1	980,2	981,8		
64,1142	0,7807	980,1	980,3	981,9		
64,1309	0,7754	980,0	980,2	981,9		
64,1475	0,7833	980,1	980,3	981,9		
64,1642	0,7780	980,1	980,3	981,9		
64,1809	0,7771	980,2	980,3	981,9		
64,1975	0,7731	980,0	980,2	981,8		
64,2142	0,7740	980,1	980,3	981,9		
64,2309	0,7740	980,1	980,3	981,8		
64,2475	0,7802	980,1	980,2	981,8		
64,2642	0,7754	980,1	980,3	981,9		
64,2809	0,7767	980,1	980,2	981,8		
64,2975	0,7771	980,1	980,3	981,9		
64,3142	0,7789	980,2	980,3	981,9		
64,3309	0,7780	980,1	980,3	981,9		
64,3475	0,7700	980,2	980,3	981,9		
64,3642	0,7727	980,2	980,3	981,9		
64,3809	0,7718	980,2	980,3	981,9		
64,3975	0,7838	980,2	980,2	981,8		
64,4142	0,7802	980,1	980,3	981,8		
64,4309	0,7784	980,1	980,3	981,9		
64,4475	0,7780	980,2	980,3	981,8		
64,4642	0,7762	980,2	980,3	981,9		
64,4809	0,7714	980,2	980,3	981,9		
64,4975	0,7780	980,1	980,4	982,1		
64,5142	0,7802	980,1	980,3	981,9		
64,5309	0,7815	980,2	980,4	982,0		
64,5475	0,7873	980,1	980,3	981,9		
64,5642	0,7846	980,1	980,3	981,9		
64,5809	0,7886	980,2	980,3	981,9		
64,5975	0,7829	980,1	980,3	981,9		
64,6142	0,7833	980,1	980,2	981,9		
64,6309	0,7891	980,1	980,4	981,9		
64,6475	0,7815	980,1	980,2	981,8		
64,6642	0,7855	980,1	980,2	981,9		
64,6809	0,7846	980,1	980,2	981,8		
64,6975	0,7824	980,2	980,3	981,9		
64,7142	0,7864	980,2	980,3	981,9		
64,7309	0,7789	980,1	980,2	981,8		
64,7475	0,7820	980,1	980,3	981,9		
64,7642	0,7833	980,1	980,3	982,0		
64,7809	0,7851	980,2	980,3	982,0		
64,7975	0,7860	980,2	980,3	981,9		
64,8142	0,7864	980,2	980,3	982,0		
64,8309	0,7771	980,2	980,3	981,9		
64,8475	0,7868	980,3	980,4	982,0		
64,8642	0,7762	980,2	980,4	982,0		
64,8809	0,7908	980,3	980,3	981,9		
64,8975	0,8032	980,1	980,3	981,9		
64,9142	0,7891	980,1	980,4	982,0		
64,9309	0,7979	980,2	980,3	981,9		
64,9475	0,7886	980,1	980,3	981,8		
64,9642	0,7846	980,1	980,3	981,8		
64,9809	0,7935	980,1	980,2	981,9		
64,9975	0,7895	980,1	980,3	981,9		
65,0142	0,7904	980,2	980,3	981,9		
65,0309	0,7917	980,3	980,3	981,9		
65,0475	0,8023	980,2	980,3	981,9		
65,0642	0,7926	980,1	980,3	981,9		
65,0809	0,7926	980,2	980,3	981,9		
65,0975	0,7930	980,1	980,2	981,8		
65,1142	0,7798	980,2	980,3	982,0		
65,1309	0,7877	980,1	980,3	981,9		
65,1475	0,7926	980,2	980,3	981,9		
65,1642	0,7855	980,2	980,3	981,9		
65,1809	0,7961	980,2	980,3	981,9		
65,1975	0,7877	980,1	980,2	981,8		
65,2142	0,7917	980,2	980,3	982,0		
65,2309	0,7904	980,2	980,3	981,9		
65,2475	0,7935	980,1	980,2	981,8		
65,2642	0,7895	980,1	980,3	981,9		
65,2809	0,7930	980,2	980,3	981,8		
65,2975	0,7904	980,2	980,3	981,9		
65,3142	0,7983	980,1	980,3	981,9		
65,3309	0,8023	980,2	980,3	981,8		
65,3475	0,8028	980,2	980,4	982,0		
65,3642	0,7997	980,1	980,3	981,9		
65,3809	0,7957	980,2	980,3	982,0		
65,3975	0,7930	980,2	980,3	981,9		
65,4142	0,7935	980,2	980,4	982,0		
65,4309	0,7957	980,1	980,3	981,9		
65,4475	0,8063	980,1	980,3	981,9		
65,4642	0,8019	980,2	980,3	981,8		
65,4809	0,7935	980,1	980,3	982,0		
65,4975	0,8010	980,1	980,3	981,9		
65,5142	0,7992	980,2	980,3	981,9		
65,5309	0,8023	980,1	980,3	982,0		
65,5475	0,7966	980,2	980,4	982,0		
65,5642	0,8019	980,2	980,4	982,0		
65,5809	0,8010	980,2	980,3	981,8		
65,5975	0,7983	980,1	980,3	981,9		
65,6142	0,7944	980,2	980,3	981,9		
65,6309	0,7913	980,1	980,3	981,9		
65,6475	0,7948	980,2	980,3	982,0		
65,6642	0,8023	980,2	980,3	981,9		
65,6809	0,8032	980,1	980,2	981,8		
65,6975	0,8005	980,1	980,2	981,8		
65,7142	0,8014	980,2	980,2	981,9		
65,7309	0,7935	980,1	980,3	981,9		
65,7475	0,8103	980,2	980,3	981,9		
65,7642	0,8045	980,1	980,3	981,9		
65,7809	0,8050	980,2	980,3	981,9		
65,7975	0,8054	980,2	980,4	981,9		
65,8142	0,8045	980,2	980,3	981,9		
65,8309	0,8067	980,2	980,3	981,9		
65,8475	0,8063	980,1	980,3	982,0		
65,8642	0,8143	980,1	980,3	981,9		
65,8809	0,8081	980,2	980,3	981,9		
65,8975	0,8076	980,2	980,3	981,8		
65,9142	0,8076	980,2	980,3	981,9		
65,9309	0,8032	980,1	980,3	981,9		
65,9475	0,8036	980,1	980,2	981,9		
65,9642	0,8036	980,1	980,3	981,9		
65,9809	0,8063	980,1	980,3	981,9		
65,9975	0,8120	980,1	980,2	981,9		
66,0142	0,8050	980,1	980,2	981,9		
66,0309	0,8023	980,1	980,3	981,9		
66,0475	0,8089	980,2	980,3	981,9		
66,0642	0,7979	980,2	980,2	981,8		
66,0809	0,8032	980,2	980,3	981,9		
66,0975	0,8059	980,2	980,3	981,9		
66,1142	0,8001	980,0	980,2	981,9		
66,1309	0,8103	980,1	980,3	981,9		
66,1475	0,8067	980,1	980,2	981,8		
66,1642	0,8014	980,1	980,3	981,9		
66,1809	0,8120	980,1	980,3	981,9		
66,1975	0,8134	980,2	980,3	981,9		
66,2142	0,8103	980,1	980,3	981,9		
66,2309	0,8081	980,1	980,3	981,9		
66,2475	0,8085	980,1	980,3	981,9		
66,2642	0,8116	980,2	980,3	981,9		
66,2809	0,8143	980,1	980,3	981,9		
66,2975	0,8160	980,1	980,3	981,9		
66,3142	0,8098	980,1	980,3	981,9		
66,3309	0,8143	980,1	980,2	981,9		
66,3475	0,8107	980,1	980,3	981,9		
66,3642	0,8178	980,2	980,4	981,9		
66,3809	0,8019	980,1	980,2	981,8		
66,3975	0,8112	980,2	980,3	981,9		
66,4142	0,8129	980,1	980,3	981,9		
66,4309	0,8143	980,1	980,2	982,0		
66,4475	0,8076	980,1	980,3	981,9		
66,4642	0,8103	980,1	980,3	981,9		
66,4809	0,8143	980,2	980,2	981,9		
66,4975	0,8200	980,1	980,3	981,9		
66,5142	0,8151	980,1	980,2	981,9		
66,5309	0,8147	980,1	980,2	981,9		
66,5475	0,8178	980,1	980,2	981,9		
66,5642	0,8178	980,1	980,3	981,9		
66,5809	0,8222	980,2	980,3	981,9		
66,5975	0,8231	980,2	980,3	981,9		
66,6142	0,8151	980,1	980,2	981,8		
66,6309	0,8134	980,2	980,3	981,9		
66,6475	0,8231	980,2	980,4	982,0		
66,6642	0,8253	980,2	980,4	982,0		
66,6809	0,8266	980,2	980,4	982,0		
66,6975	0,8222	980,2	980,3	982,0		
66,7142	0,8213	980,2	980,3	981,9		
66,7309	0,8178	980,1	980,2	981,8		
66,7475	0,8235	980,1	980,3	982,0		
66,7642	0,8182	980,1	980,2	981,8		
66,7809	0,8191	980,1	980,3	981,9		
66,7975	0,8253	980,1	980,2	981,8		
66,8142	0,8240	980,1	980,3	981,9		
66,8309	0,8160	980,1	980,1	981,8		
66,8475	0,8244	980,2	980,2	981,8		
66,8642	0,8204	980,2	980,3	981,9		
66,8809	0,8218	980,2	980,2	981,8		
66,8975	0,8151	980,1	980,2	981,7		
66,9142	0,8222	980,1	980,2	981,9		
66,9309	0,8222	980,1	980,2	981,8		
66,9475	0,8143	980,2	980,3	981,9		
66,9642	0,8227	980,1	980,3	981,9		
66,9809	0,8218	980,2	980,4	982,0		
66,9975	0,8284	980,0	980,1	981,7		
67,0142	0,8191	980,1	980,3	981,9		
67,0309	0,8160	980,1	980,3	981,8		
67,0475	0,8213	980,1	980,2	981,8		
67,0642	0,8377	980,2	980,3	981,9		
67,0809	0,8346	980,2	980,2	981,9		
67,0975	0,8293	980,2	980,5	982,2		
67,1142	0,8341	980,1	980,3	981,9		
67,1309	0,8315	980,1	980,3	981,9		
67,1475	0,8302	980,1	980,3	981,9		
67,1642	0,8271	980,1	980,3	981,9		
67,1809	0,8284	980,1	980,3	981,9		
67,1975	0,8204	980,1	980,3	981,8		
67,2142	0,8253	980,2	980,3	981,9		
67,2309	0,8328	980,1	980,2	981,9		
67,2475	0,8222	980,2	980,2	981,8		
67,2642	0,8306	980,3	980,4	982,2		
67,2809	0,8319	980,3	980,4	982,1		
67,2975	0,8293	980,2	980,4	982,1		
67,3142	0,8284	980,2	980,3	981,9		
67,3309	0,8346	980,2	980,3	981,9		
67,3475	0,8293	980,1	980,3	981,9		
67,3642	0,8297	980,1	980,2	981,8		
67,3809	0,8257	980,1	980,2	981,7		
67,3975	0,8302	980,1	980,2	981,9		
67,4142	0,8324	980,1	980,3	982,0		
67,4309	0,8386	980,2	980,4	981,9		
67,4475	0,8346	980,1	980,3	981,9		
67,4642	0,8310	980,2	980,4	982,0		
67,4809	0,8355	980,1	980,3	981,9		
67,4975	0,8310	980,1	980,3	981,9		
67,5142	0,8297	980,2	980,3	982,0		
67,5309	0,8359	980,1	980,3	981,9		
67,5475	0,8288	980,2	980,3	981,9		
67,5642	0,8257	980,1	980,2	981,8		
67,5809	0,8350	980,1	980,3	981,9		
67,5975	0,8310	980,1	980,3	981,8		
67,6142	0,8377	980,2	980,2	981,9		
67,6309	0,8346	980,2	980,2	981,9		
67,6475	0,8341	980,1	980,2	981,8		
67,6642	0,8319	980,1	980,2	981,9		
67,6809	0,8333	980,1	980,3	981,9		
67,6975	0,8377	980,1	980,3	982,0		
67,7142	0,8381	980,1	980,2	981,8		
67,7309	0,8412	980,1	980,3	981,8		
67,7475	0,8341	980,0	980,2	981,8		
67,7642	0,8355	980,1	980,3	981,8		
67,7809	0,8430	980,1	980,2	981,9		
67,7975	0,8399	980,1	980,3	981,9		
67,8142	0,8403	980,1	980,3	981,9		
67,8309	0,8461	980,1	980,3	981,9		
67,8475	0,8439	980,1	980,3	981,9		
67,8642	0,8346	980,1	980,3	981,9		
67,8809	0,8390	980,1	980,3	981,9		
67,8975	0,8359	980,1	980,3	981,9		
67,9142	0,8377	980,1	980,2	981,8		
67,9309	0,8346	980,1	980,3	981,9		
67,9475	0,8439	980,2	980,3	981,9		
67,9642	0,8368	980,1	980,3	981,8		
67,9809	0,8368	980,2	980,3	981,9		
67,9975	0,8386	980,1	980,3	982,0		
68,0142	0,8439	980,1	980,3	981,9		
68,0309	0,8439	980,2	980,3	982,0		
68,0475	0,8412	980,2	980,3	981,9		
68,0642	0,8368	980,2	980,4	981,9		
68,0809	0,8399	980,1	980,3	981,9		
68,0975	0,8425	980,1	980,2	981,8		
68,1142	0,8443	980,2	980,4	982,0		
68,1309	0,8408	980,1	980,3	981,9		
68,1475	0,8439	980,2	980,3	981,9		
68,1642	0,8474	980,2	980,3	981,8		
68,1809	0,8558	980,1	980,3	982,0		
68,1975	0,8439	980,0	980,2	981,9		
68,2142	0,8527	980,1	980,2	981,9		
68,2309	0,8474	980,1	980,3	981,9		
68,2475	0,8439	980,0	980,2	981,9		
68,2642	0,8408	980,1	980,3	981,9		
68,2809	0,8399	980,1	980,2	981,9		
68,2975	0,8483	980,1	980,2	981,8		
68,3142	0,8465	980,1	980,2	981,9		
68,3309	0,8408	980,1	980,3	982,0		
68,3475	0,8527	980,2	980,3	982,0		
68,3642	0,8408	980,1	980,2	981,9		
68,3809	0,8487	980,1	980,3	981,9		
68,3975	0,8452	980,2	980,3	982,0		
68,4142	0,8536	980,1	980,3	981,9		
68,4309	0,8478	980,2	980,3	981,9		
68,4475	0,8465	980,1	980,3	981,9		
68,4642	0,8434	980,2	980,3	981,9		
68,4809	0,8532	980,3	980,5	982,2		
68,4975	0,8470	980,1	980,2	981,9		
68,5142	0,8501	980,2	980,3	982,0		
68,5309	0,8509	980,1	980,3	982,0		
68,5475	0,8509	980,1	980,3	982,0		
68,5642	0,8545	980,1	980,3	982,0		
68,5809	0,8593	980,1	980,3	981,9		
68,5975	0,8456	980,1	980,2	981,9		
68,6142	0,8492	980,1	980,3	982,0		
68,6309	0,8474	980,2	980,3	981,9		
68,6475	0,8558	980,1	980,2	981,9		
68,6642	0,8554	980,2	980,3	981,9		
68,6809	0,8540	980,1	980,3	981,9		
68,6975	0,8509	980,1	980,3	981,9		
68,7142	0,8492	980,1	980,3	981,8		
68,7309	0,8536	980,1	980,2	981,8		
68,7475	0,8505	980,1	980,2	981,8		
68,7642	0,8483	980,1	980,2	981,9		
68,7809	0,8549	980,2	980,2	981,8		
68,7975	0,8496	980,1	980,3	981,8		
68,8142	0,8523	980,1	980,2	981,8		
68,8309	0,8567	980,1	980,2	981,9		
68,8475	0,8562	980,1	980,3	981,9		
68,8642	0,8487	980,1	980,2	981,8		
68,8809	0,8571	980,1	980,3	981,9		
68,8975	0,8677	980,2	980,2	981,8		
68,9142	0,8527	980,2	980,4	981,9		
68,9309	0,8580	980,1	980,3	981,9		
68,9475	0,8576	980,1	980,2	981,9		
68,9642	0,8602	980,1	980,3	981,9		
68,9809	0,8598	980,2	980,3	981,9		
68,9975	0,8602	980,1	980,2	981,9		
69,0142	0,8642	980,2	980,3	981,9		
69,0309	0,8686	980,1	980,3	982,0		
69,0475	0,8567	980,2	980,3	981,9		
69,0642	0,8540	980,2	980,3	981,9		
69,0809	0,8576	980,2	980,3	982,0		
69,0975	0,8571	980,2	980,3	981,9		
69,1142	0,8593	980,2	980,3	981,9		
69,1309	0,8638	980,1	980,3	981,9		
69,1475	0,8598	980,1	980,2	981,8		
69,1642	0,8611	980,1	980,2	981,8		
69,1809	0,8549	980,2	980,3	982,0		
69,1975	0,8607	980,1	980,3	981,9		
69,2142	0,8638	980,0	980,2	981,8		
69,2309	0,8593	980,2	980,3	981,9		
69,2475	0,8660	980,2	980,4	982,0		
69,2642	0,8682	980,2	980,3	982,0		
69,2809	0,8589	980,2	980,3	981,9		
69,2975	0,8655	980,1	980,2	981,9		
69,3142	0,8598	980,1	980,2	981,8		
69,3309	0,8673	980,0	980,3	981,9		
69,3475	0,8602	980,1	980,3	981,8		
69,3642	0,8677	980,1	980,3	982,0		
69,3809	0,8664	980,1	980,2	981,8		
69,3975	0,8673	980,1	980,2	981,8		
69,4142	0,8753	980,1	980,3	981,9		
69,4309	0,8677	980,2	980,2	981,8		
69,4475	0,8682	980,1	980,2	981,9		
69,4642	0,8748	980,2	980,2	981,9		
69,4809	0,8691	980,1	980,2	981,9		
69,4975	0,8660	980,2	980,3	982,0		
69,5142	0,8744	980,2	980,2	981,9		
69,5309	0,8722	980,2	980,3	982,0		
69,5475	0,8669	980,1	980,2	981,9		
69,5642	0,8775	980,1	980,2	981,9		
69,5809	0,8695	980,1	980,3	981,9		
69,5975	0,8753	980,1	980,2	981,8		
69,6142	0,8691	980,1	980,3	981,9		
69,6309	0,8761	980,1	980,2	981,8		
69,6475	0,8629	980,1	980,3	981,9		
69,6642	0,8753	980,2	980,3	981,9		
69,6809	0,8691	980,2	980,3	981,9		
69,6975	0,8722	980,1	980,3	981,9		
69,7142	0,8722	980,1	980,3	981,8		
69,7309	0,8753	980,2	980,3	981,9		
69,7475	0,8766	980,1	980,3	982,0		
69,7642	0,8814	980,1	980,3	981,9		
69,7809	0,8730	980,2	980,3	981,9		
69,7975	0,8726	980,1	980,2	981,9		
69,8142	0,8699	980,1	980,3	981,9		
69,8309	0,8757	980,2	980,2	981,9		
69,8475	0,8717	980,2	980,3	982,0		
69,8642	0,8797	980,2	980,2	981,9		
69,8809	0,8770	980,1	980,3	981,9		
69,8975	0,8770	980,1	980,2	981,8		
69,9142	0,8642	980,1	980,3	981,8		
69,9309	0,8748	980,1	980,3	981,9		
69,9475	0,8770	980,2	980,3	981,9		
69,9642	0,8819	980,2	980,3	981,9		
69,9809	0,8770	980,2	980,3	981,9		
69,9975	0,8779	980,2	980,3	981,8		
70,0142	0,8814	980,2	980,3	982,0		
70,0309	0,8797	980,1	980,2	981,9		
70,0475	0,8753	980,1	980,3	981,9		
70,0642	0,8828	980,1	980,3	981,9		
70,0809	0,8814	980,1	980,3	981,9		
70,0975	0,8859	980,1	980,3	982,0		
70,1142	0,8739	980,1	980,3	982,0		
70,1309	0,8823	980,2	980,5	982,1		
70,1475	0,8823	980,2	980,4	982,1		
70,1642	0,8801	980,2	980,3	982,0		
70,1809	0,8832	980,1	980,3	981,9		
70,1975	0,8823	980,1	980,2	981,9		
70,2142	0,8766	980,2	980,3	981,9		
70,2309	0,8735	980,2	980,3	981,9		
70,2475	0,8832	980,1	980,2	981,9		
70,2642	0,8837	980,2	980,3	982,0		
70,2809	0,8894	980,1	980,2	981,9		
70,2975	0,8792	980,2	980,2	981,8		
70,3142	0,8823	980,2	980,2	981,8		
70,3309	0,8783	980,1	980,2	981,8		
70,3475	0,8823	980,2	980,3	981,8		
70,3642	0,8894	980,1	980,2	981,9		
70,3809	0,8876	980,1	980,2	981,9		
70,3975	0,8867	980,2	980,3	981,9		
70,4142	0,8854	980,2	980,3	981,9		
70,4309	0,8863	980,1	980,3	981,9		
70,4475	0,8819	980,2	980,3	981,9		
70,4642	0,8916	980,2	980,3	981,9		
70,4809	0,8903	980,1	980,3	981,9		
70,4975	0,8845	980,0	980,3	981,9		
70,5142	0,8881	980,1	980,2	981,9		
70,5309	0,8863	980,1	980,3	982,0		
70,5475	0,8859	980,1	980,3	981,9		
70,5642	0,8912	980,2	980,3	981,9		
70,5809	0,8934	980,1	980,3	981,9		
70,5975	0,8823	980,2	980,2	981,8		
70,6142	0,8837	980,2	980,3	981,9		
70,6309	0,8806	980,2	980,3	982,0		
70,6475	0,8850	980,2	980,3	981,9		
70,6642	0,8885	980,2	980,3	982,0		
70,6809	0,8960	980,2	980,3	981,9		
70,6975	0,8947	980,2	980,3	981,9		
70,7142	0,8912	980,1	980,3	981,9		
70,7309	0,8885	980,1	980,3	981,9		
70,7475	0,8876	980,1	980,3	981,9		
70,7642	0,8885	980,1	980,3	981,9		
70,7809	0,8854	980,2	980,5	982,2		
70,7975	0,8987	980,2	980,4	982,0		
70,8142	0,8969	980,1	980,4	982,0		
70,8309	0,8960	980,1	980,3	982,0		
70,8475	0,8916	980,1	980,2	981,8		
70,8642	0,9040	980,1	980,2	981,9		
70,8809	0,8938	980,2	980,3	981,9		
70,8975	0,8982	980,2	980,3	981,9		
70,9142	0,8978	980,2	980,4	982,2		
70,9309	0,8996	980,2	980,3	982,0		
70,9475	0,8925	980,1	980,3	982,0		
70,9642	0,8943	980,1	980,2	981,9		
70,9809	0,9005	980,1	980,2	981,7		
70,9975	0,8921	980,1	980,1	981,7		
71,0142	0,8921	980,0	980,1	981,8		
71,0309	0,8903	980,2	980,3	981,9		
71,0475	0,8974	980,1	980,2	981,8		
71,0642	0,8960	980,1	980,2	981,8		
71,0809	0,8960	980,2	980,5	982,2		
71,0975	0,8978	980,3	980,4	982,0		
71,1142	0,8996	980,2	980,4	982,0		
71,1309	0,8974	980,1	980,2	981,9		
71,1475	0,9031	980,2	980,4	982,1		
71,1642	0,9053	980,2	980,3	981,8		
71,1809	0,8996	980,2	980,4	982,0		
71,1975	0,9022	980,2	980,4	982,0		
71,2142	0,8982	980,1	980,3	982,0		
71,2309	0,9058	980,1	980,2	981,9		
71,2475	0,9018	980,2	980,3	981,9		
71,2642	0,8978	980,1	980,3	981,9		
71,2809	0,9013	980,1	980,2	981,8		
71,2975	0,9022	980,1	980,3	981,9		
71,3142	0,8947	980,2	980,3	981,9		
71,3309	0,8974	980,1	980,2	981,9		
71,3475	0,9080	980,2	980,2	981,9		
71,3642	0,9040	980,1	980,2	981,8		
71,3809	0,9080	980,1	980,2	981,9		
71,3975	0,9044	980,1	980,2	981,9		
71,4142	0,9009	980,1	980,3	981,9		
71,4309	0,9084	980,1	980,2	981,9		
71,4475	0,9040	980,2	980,4	982,1		
71,4642	0,9000	980,2	980,4	982,0		
71,4809	0,9044	980,1	980,2	981,8		
71,4975	0,9058	980,0	980,2	981,8		
71,5142	0,9102	980,1	980,3	981,9		
71,5309	0,9027	980,2	980,4	982,1		
71,5475	0,9097	980,1	980,4	982,1		
71,5642	0,9058	980,1	980,2	981,8		
71,5809	0,9035	980,2	980,3	981,9		
71,5975	0,9080	980,1	980,3	982,0		
71,6142	0,9062	980,2	980,3	981,8		
71,6309	0,9075	980,2	980,4	982,1		
71,6475	0,9172	980,1	980,2	981,7		
71,6642	0,9119	980,1	980,2	981,9		
71,6809	0,9137	980,1	980,2	981,8		
71,6975	0,9088	980,1	980,2	981,8		
71,7142	0,9137	980,2	980,3	982,1		
71,7309	0,9146	980,3	980,4	982,0		
71,7475	0,9111	980,2	980,3	982,0		
71,7642	0,9124	980,2	980,4	982,1		
71,7809	0,9137	980,1	980,3	981,9		
71,7975	0,9146	980,1	980,2	981,8		
71,8142	0,9133	980,1	980,3	981,9		
71,8309	0,9071	980,2	980,3	981,9		
71,8475	0,9150	980,0	980,2	981,8		
71,8642	0,9150	980,1	980,2	981,9		
71,8809	0,9155	980,1	980,2	981,9		
71,8975	0,9093	980,1	980,3	981,9		
71,9142	0,9146	980,1	980,3	981,9		
71,9309	0,9146	980,1	980,2	981,9		
71,9475	0,9195	980,0	980,3	981,9		
71,9642	0,9217	980,1	980,3	981,8		
71,9809	0,9142	980,1	980,3	981,9		
71,9975	0,9150	980,1	980,2	981,9		
72,0142	0,9137	980,2	980,2	981,9		
72,0309	0,9088	980,2	980,3	981,9		
72,0475	0,9142	980,2	980,3	981,9		
72,0642	0,9058	980,2	980,3	982,0		
72,0809	0,9168	980,3	980,4	982,0		
72,0975	0,9177	980,2	980,3	981,9		
72,1142	0,9186	980,2	980,3	981,8		
72,1309	0,9172	980,2	980,3	981,9		
72,1475	0,9146	980,2	980,3	981,9		
72,1642	0,9203	980,1	980,3	981,9		
72,1809	0,9190	980,2	980,3	981,9		
72,1975	0,9203	980,1	980,3	981,8		
72,2142	0,9190	980,2	980,3	981,9		
72,2309	0,9217	980,1	980,2	981,8		
72,2475	0,9199	980,3	980,5	982,2		
72,2642	0,9243	980,2	980,3	982,0		
72,2809	0,9186	980,1	980,3	981,9		
72,2975	0,9248	980,2	980,4	982,0		
72,3142	0,9265	980,1	980,3	981,9		
72,3309	0,9221	980,1	980,3	981,9		
72,3475	0,9199	980,1	980,2	981,8		
72,3642	0,9243	980,2	980,2	981,9		
72,3809	0,9230	980,1	980,3	981,9		
72,3975	0,9195	980,2	980,3	982,0		
72,4142	0,9252	980,1	980,3	981,9		
72,4309	0,9190	980,2	980,3	982,0		
72,4475	0,9265	980,1	980,3	982,0		
72,4642	0,9243	980,1	980,3	982,0		
72,4809	0,9283	980,1	980,2	981,9		
72,4975	0,9274	980,2	980,3	981,9		
72,5142	0,9243	980,1	980,2	981,9		
72,5309	0,9221	980,1	980,3	981,9		
72,5475	0,9332	980,0	980,2	981,9		
72,5642	0,9252	980,1	980,2	981,9		
72,5809	0,9301	980,1	980,2	981,9		
72,5975	0,9270	980,0	980,1	981,8		
72,6142	0,9252	980,1	980,3	982,0		
72,6309	0,9376	980,2	980,4	982,1		
72,6475	0,9332	980,1	980,3	981,9		
72,6642	0,9274	980,1	980,3	981,9		
72,6809	0,9332	980,1	980,3	982,0		
72,6975	0,9243	980,1	980,3	982,0		
72,7142	0,9252	980,2	980,3	981,9		
72,7309	0,9327	980,2	980,3	981,9		
72,7475	0,9265	980,2	980,2	981,9		
72,7642	0,9279	980,1	980,3	981,9		
72,7809	0,9314	980,1	980,3	981,9		
72,7975	0,9270	980,2	980,3	982,0		
72,8142	0,9261	980,1	980,2	981,8		
72,8309	0,9345	980,1	980,2	981,8		
72,8475	0,9332	980,2	980,3	982,0		
72,8642	0,9248	980,2	980,3	981,9		
72,8809	0,9323	980,2	980,3	981,9		
72,8975	0,9349	980,1	980,3	981,9		
72,9142	0,9380	980,1	980,3	981,9		
72,9309	0,9318	980,1	980,3	981,9		
72,9475	0,9389	980,2	980,3	981,9		
72,9642	0,9345	980,1	980,3	982,0		
72,9809	0,9389	980,2	980,3	981,9		
72,9975	0,9340	980,1	980,3	981,8		
73,0142	0,9380	980,2	980,3	981,9		
73,0309	0,9398	980,2	980,3	982,0		
73,0475	0,9385	980,1	980,3	981,9		
73,0642	0,9349	980,2	980,3	982,0		
73,0809	0,9340	980,1	980,3	981,9		
73,0975	0,9340	980,2	980,4	982,1		
73,1142	0,9345	980,1	980,2	981,8		
73,1309	0,9349	980,2	980,4	982,1		
73,1475	0,9376	980,1	980,3	982,0		
73,1642	0,9416	980,2	980,3	982,0		
73,1809	0,9389	980,2	980,3	982,0		
73,1975	0,9389	980,2	980,3	981,9		
73,2142	0,9380	980,2	980,3	982,0		
73,2309	0,9314	980,1	980,3	981,9		
73,2475	0,9323	980,1	980,3	981,8		
73,2642	0,9451	980,1	980,2	981,9		
73,2809	0,9363	980,1	980,3	981,9		
73,2975	0,9473	980,1	980,2	981,9		
73,3142	0,9433	980,1	980,3	981,9		
73,3309	0,9513	980,1	980,2	981,9		
73,3475	0,9451	980,2	980,3	982,0		
73,3642	0,9531	980,2	980,3	981,9		
73,3809	0,9455	980,2	980,4	982,0		
73,3975	0,9447	980,1	980,3	981,9		
73,4142	0,9495	980,1	980,3	981,9		
73,4309	0,9380	980,1	980,3	981,9		
73,4475	0,9433	980,1	980,3	981,9		
73,4642	0,9491	980,1	980,3	981,9		
73,4809	0,9460	980,2	980,3	981,9		
73,4975	0,9433	980,2	980,3	981,9		
73,5142	0,9464	980,1	980,2	981,9		
73,5309	0,9495	980,2	980,3	981,9		
73,5475	0,9455	980,3	980,4	982,2		
73,5642	0,9469	980,3	980,3	982,0		
73,5809	0,9473	980,2	980,5	982,1		
73,5975	0,9508	980,2	980,3	981,9		
73,6142	0,9531	980,3	980,4	982,1		
73,6309	0,9522	980,2	980,3	982,0		
73,6475	0,9429	980,1	980,2	981,8		
73,6642	0,9531	980,1	980,2	981,9		
73,6809	0,9539	980,1	980,2	981,9		
73,6975	0,9548	980,1	980,2	981,8		
73,7142	0,9553	980,2	980,4	982,1		
73,7309	0,9508	980,2	980,4	981,9		
73,7475	0,9482	980,2	980,4	982,1		
73,7642	0,9477	980,2	980,2	981,9		
73,7809	0,9442	980,1	980,2	981,8		
73,7975	0,9495	980,1	980,3	981,9		
73,8142	0,9491	980,1	980,2	981,8		
73,8309	0,9486	980,3	980,4	982,2		
73,8475	0,9557	980,2	980,4	982,0		
73,8642	0,9570	980,2	980,3	982,0		
73,8809	0,9539	980,3	980,4	982,2		
73,8975	0,9566	980,1	980,3	981,9		
73,9142	0,9539	980,3	980,4	982,2		
73,9309	0,9548	980,2	980,2	981,8		
73,9475	0,9455	980,1	980,3	981,9		
73,9642	0,9553	980,1	980,3	982,0		
73,9809	0,9654	980,1	980,3	981,9		
73,9975	0,9570	980,0	980,1	981,7		
74,0142	0,9557	980,1	980,2	981,9		
74,0309	0,9522	980,2	980,4	982,1		
74,0475	0,9632	980,1	980,3	981,9		
74,0642	0,9601	980,1	980,2	981,9		
74,0809	0,9597	980,1	980,3	981,9		
74,0975	0,9539	980,1	980,2	981,8		
74,1142	0,9623	980,2	980,4	982,0		
74,1309	0,9654	980,1	980,2	981,8		
74,1475	0,9672	980,1	980,3	981,9		
74,1642	0,9610	980,1	980,2	981,8		
74,1809	0,9544	980,1	980,2	981,9		
74,1975	0,9690	980,2	980,5	982,2		
74,2142	0,9645	980,1	980,2	981,8		
74,2309	0,9500	980,1	980,2	981,9		
74,2475	0,9645	980,3	980,5	982,2		
74,2642	0,9592	980,2	980,3	982,0		
74,2809	0,9632	980,3	980,3	982,0		
74,2975	0,9641	980,2	980,3	981,9		
74,3142	0,9606	980,2	980,2	981,9		
74,3309	0,9637	980,2	980,3	982,0		
74,3475	0,9592	980,1	980,2	981,7		
74,3642	0,9659	980,1	980,2	981,8		
74,3809	0,9561	980,2	980,4	982,0		
74,3975	0,9694	980,1	980,3	981,9		
74,4142	0,9654	980,2	980,3	981,9		
74,4309	0,9597	980,2	980,2	981,9		
74,4475	0,9588	980,1	980,2	981,9		
74,4642	0,9685	980,1	980,3	981,9		
74,4809	0,9659	980,2	980,3	981,9		
74,4975	0,9637	980,2	980,4	982,0		
74,5142	0,9699	980,2	980,3	981,9		
74,5309	0,9716	980,1	980,3	981,9		
74,5475	0,9663	980,2	980,4	982,0		
74,5642	0,9694	980,2	980,3	982,0		
74,5809	0,9561	980,2	980,3	981,9		
74,5975	0,9659	980,2	980,3	982,0		
74,6142	0,9729	980,3	980,4	982,0		
74,6309	0,9659	980,2	980,3	981,9		
74,6475	0,9676	980,2	980,3	982,0		
74,6642	0,9672	980,2	980,3	982,0		
74,6809	0,9694	980,1	980,3	982,0		
74,6975	0,9681	980,2	980,3	982,0		
74,7142	0,9690	980,1	980,3	981,9		
74,7309	0,9694	980,1	980,3	981,9		
74,7475	0,9734	980,1	980,3	982,0		
74,7642	0,9654	980,2	980,3	982,0		
74,7809	0,9707	980,2	980,3	981,9		
74,7975	0,9694	980,2	980,3	981,9		
74,8142	0,9690	980,2	980,3	981,9		
74,8309	0,9650	980,1	980,3	982,0		
74,8475	0,9778	980,1	980,4	982,0		
74,8642	0,9769	980,2	980,3	982,0		
74,8809	0,9721	980,2	980,3	981,9		
74,8975	0,9738	980,1	980,2	981,9		
74,9142	0,9774	980,1	980,3	982,0		
74,9309	0,9738	980,2	980,4	982,0		
74,9475	0,9760	980,2	980,3	981,9		
74,9642	0,9699	980,1	980,2	981,9		
74,9809	0,9734	980,2	980,3	981,9		
74,9975	0,9774	980,2	980,4	982,0		
75,0142	0,9818	980,2	980,4	981,9		
75,0309	0,9703	980,2	980,4	982,0		
75,0475	0,9738	980,2	980,4	982,0		
75,0642	0,9712	980,2	980,3	981,9		
75,0809	0,9800	980,1	980,3	981,9		
75,0975	0,9765	980,1	980,3	981,9		
75,1142	0,9827	980,0	980,2	981,8		
75,1309	0,9783	980,1	980,2	981,8		
75,1475	0,9827	980,1	980,3	981,9		
75,1642	0,9752	980,1	980,2	981,9		
75,1809	0,9783	980,1	980,3	982,0		
75,1975	0,9778	980,1	980,3	981,9		
75,2142	0,9853	980,1	980,3	982,0		
75,2309	0,9880	980,1	980,3	981,9		
75,2475	0,9778	980,2	980,4	982,0		
75,2642	0,9862	980,1	980,3	981,9		
75,2809	0,9738	980,2	980,3	981,9		
75,2975	0,9783	980,2	980,3	982,0		
75,3142	0,9844	980,1	980,3	981,9		
75,3309	0,9867	980,1	980,3	982,0		
75,3475	0,9840	980,2	980,3	982,0		
75,3642	0,9760	980,2	980,3	981,9		
75,3809	0,9818	980,2	980,3	981,9		
75,3975	0,9844	980,2	980,2	981,9		
75,4142	0,9831	980,2	980,3	982,0		
75,4309	0,9831	980,2	980,3	981,9		
75,4475	0,9831	980,1	980,3	981,8		
75,4642	0,9897	980,1	980,3	981,9		
75,4809	0,9844	980,2	980,3	981,9		
75,4975	0,9906	980,1	980,2	981,9		
75,5142	0,9849	980,2	980,4	982,1		
75,5309	0,9875	980,1	980,3	982,0		
75,5475	0,9849	980,2	980,3	981,9		
75,5642	0,9889	980,2	980,4	982,0		
75,5809	0,9977	980,2	980,3	982,0		
75,5975	0,9884	980,2	980,3	982,0		
75,6142	0,9862	980,2	980,3	982,0		
75,6309	0,9924	980,2	980,3	982,0		
75,6475	0,9858	980,2	980,4	982,1		
75,6642	0,9862	980,2	980,4	982,1		
75,6809	0,9827	980,1	980,2	981,7		
75,6975	0,9889	980,3	980,4	982,0		
75,7142	0,9840	980,2	980,3	982,0		
75,7309	0,9955	980,2	980,3	981,9		
75,7475	0,9893	980,2	980,4	982,0		
75,7642	0,9875	980,2	980,3	981,8		
75,7809	0,9924	980,2	980,3	981,9		
75,7975	0,9933	980,2	980,3	981,8		
75,8142	0,9950	980,2	980,4	982,0		
75,8309	0,9946	980,1	980,2	981,8		
75,8475	0,9915	980,2	980,3	982,0		
75,8642	0,9946	980,1	980,3	981,9		
75,8809	1,0012	980,1	980,3	982,0		
75,8975	0,9950	980,1	980,3	981,9		
75,9142	1,0008	980,2	980,3	982,0		
75,9309	0,9995	980,2	980,3	982,0		
75,9475	0,9933	980,2	980,3	981,9		
75,9642	1,0105	980,2	980,3	981,9		
75,9809	0,9906	980,1	980,3	981,9		
75,9975	1,0012	980,1	980,3	981,9		
76,0142	0,9928	980,3	980,4	982,1		
76,0309	1,0034	980,2	980,3	981,9		
76,0475	0,9924	980,2	980,4	982,1		
76,0642	0,9889	980,2	980,3	981,9		
76,0809	1,0057	980,2	980,3	981,9		
76,0975	0,9995	980,3	980,4	982,1		
76,1142	0,9973	980,2	980,3	981,9		
76,1309	1,0030	980,2	980,4	982,0		
76,1475	0,9981	980,1	980,3	981,9		
76,1642	0,9973	980,3	980,4	981,9		
76,1809	0,9981	980,1	980,3	981,9		
76,1975	1,0039	980,2	980,3	981,9		
76,2142	1,0057	980,1	980,3	982,0		
76,2309	0,9964	980,1	980,3	982,0		
76,2475	1,0088	980,2	980,3	981,9		
76,2642	1,0048	980,1	980,3	981,9		
76,2809	0,9990	980,2	980,3	981,9		
76,2975	0,9937	980,1	980,3	981,9		
76,3142	1,0079	980,2	980,3	981,9		
76,3309	1,0083	980,1	980,3	982,0		
76,3475	1,0030	980,1	980,3	981,9		
76,3642	1,0048	980,1	980,3	981,9		
76,3809	1,0096	980,2	980,3	982,0		
76,3975	1,0021	980,2	980,3	981,9		
76,4142	1,0017	980,3	980,3	982,0		
76,4309	1,0030	980,2	980,3	981,9		
76,4475	1,0114	980,2	980,3	982,0		
76,4642	1,0110	980,3	980,4	982,0		
76,4809	1,0070	980,2	980,3	981,9		
76,4975	1,0057	980,2	980,3	981,9		
76,5142	1,0057	980,2	980,3	981,9		
76,5309	1,0127	980,1	980,3	981,9		
76,5475	1,0057	980,2	980,3	981,9		
76,5642	1,0065	980,1	980,3	981,9		
76,5809	1,0039	980,1	980,3	981,9		
76,5975	1,0092	980,1	980,2	981,8		
76,6142	1,0167	980,1	980,3	981,9		
76,6309	1,0145	980,2	980,4	981,9		
76,6475	1,0127	980,2	980,4	982,0		
76,6642	1,0132	980,1	980,3	981,9		
76,6809	1,0176	980,2	980,3	982,0		
76,6975	1,0127	980,1	980,3	982,0		
76,7142	1,0198	980,1	980,3	982,0		
76,7309	1,0127	980,1	980,3	982,0		
76,7475	1,0052	980,1	980,3	981,9		
76,7642	1,0079	980,1	980,3	982,0		
76,7809	1,0172	980,1	980,2	981,9		
76,7975	1,0088	980,2	980,3	981,9		
76,8142	1,0132	980,2	980,3	982,0		
76,8309	1,0154	980,1	980,3	981,9		
76,8475	1,0118	980,2	980,3	981,9		
76,8642	1,0145	980,2	980,3	982,0		
76,8809	1,0149	980,1	980,3	981,9		
76,8975	1,0065	980,1	980,3	981,9		
76,9142	1,0180	980,2	980,3	981,9		
76,9309	1,0132	980,2	980,3	981,9		
76,9475	1,0220	980,1	980,3	981,9		
76,9642	1,0216	980,1	980,3	981,9		
76,9809	1,0180	980,1	980,3	981,9		
76,9975	1,0167	980,1	980,2	981,9		
77,0142	1,0158	980,2	980,3	981,9		
77,0309	1,0282	980,2	980,3	982,0		
77,0475	1,0176	980,2	980,3	982,0		
77,0642	1,0225	980,2	980,3	982,0		
77,0809	1,0189	980,1	980,3	982,0		
77,0975	1,0282	980,2	980,3	982,0		
77,1142	1,0189	980,1	980,3	981,9		
77,1309	1,0220	980,2	980,3	982,0		
77,1475	1,0269	980,2	980,3	982,0		
77,1642	1,0158	980,1	980,3	982,0		
77,1809	1,0211	980,2	980,3	982,0		
77,1975	1,0242	980,1	980,3	981,9		
77,2142	1,0242	980,3	980,3	982,1		
77,2309	1,0229	980,1	980,3	981,9		
77,2475	1,0242	980,2	980,3	981,9		
77,2642	1,0260	980,2	980,3	982,0		
77,2809	1,0216	980,2	980,3	982,0		
77,2975	1,0291	980,2	980,4	982,0		
77,3142	1,0264	980,2	980,3	982,0		
77,3309	1,0251	980,2	980,3	981,9		
77,3475	1,0251	980,1	980,3	981,9		
77,3642	1,0348	980,2	980,3	982,0		
77,3809	1,0273	980,1	980,3	982,0		
77,3975	1,0348	980,2	980,3	982,0		
77,4142	1,0317	980,2	980,3	982,0		
77,4309	1,0313	980,1	980,4	982,0		
77,4475	1,0286	980,2	980,4	982,0		
77,4642	1,0317	980,2	980,3	982,0		
77,4809	1,0251	980,1	980,4	982,0		
77,4975	1,0344	980,2	980,3	981,9		
77,5142	1,0309	980,2	980,3	982,0		
77,5309	1,0375	980,3	980,3	982,0		
77,5475	1,0295	980,2	980,3	982,0		
77,5642	1,0317	980,2	980,3	981,9		
77,5809	1,0251	980,2	980,3	981,9		
77,5975	1,0353	980,2	980,3	981,9		
77,6142	1,0353	980,2	980,3	981,9		
77,6309	1,0326	980,2	980,3	982,0		
77,6475	1,0291	980,2	980,3	981,9		
77,6642	1,0370	980,2	980,2	981,8		
77,6809	1,0406	980,2	980,3	981,9		
77,6975	1,0388	980,1	980,2	981,8		
77,7142	1,0331	980,1	980,2	981,9		
77,7309	1,0410	980,2	980,3	982,0		
77,7475	1,0423	980,1	980,3	981,9		
77,7642	1,0286	980,2	980,3	982,0		
77,7809	1,0375	980,1	980,3	982,0		
77,7975	1,0379	980,1	980,3	982,0		
77,8142	1,0401	980,1	980,4	982,1		
77,8309	1,0362	980,2	980,4	982,0		
77,8475	1,0446	980,1	980,3	981,9		
77,8642	1,0419	980,2	980,3	982,0		
77,8809	1,0379	980,1	980,3	981,9		
77,8975	1,0339	980,1	980,3	981,9		
77,9142	1,0353	980,2	980,3	982,0		
77,9309	1,0423	980,3	980,4	982,1		
77,9475	1,0397	980,2	980,3	982,0		
77,9642	1,0366	980,3	980,3	982,0		
77,9809	1,0454	980,7	980,6	982,1		
77,9975	1,0353	980,6	980,5	982,1		
78,0142	1,0397	980,1	980,3	982,0		
78,0309	1,0428	980,2	980,3	982,0		
78,0475	1,0499	980,2	980,3	982,0		
78,0642	1,0410	980,1	980,2	981,8		
78,0809	1,0472	980,2	980,3	982,0		
78,0975	1,0441	980,1	980,2	981,8		
78,1142	1,0446	980,1	980,3	981,9		
78,1309	1,0463	980,1	980,3	981,9		
78,1475	1,0397	980,1	980,3	982,0		
78,1642	1,0450	980,2	980,3	981,9		
78,1809	1,0503	980,1	980,3	982,0		
78,1975	1,0477	980,2	980,3	981,9		
78,2142	1,0477	980,2	980,3	982,0		
78,2309	1,0432	980,2	980,3	981,9		
78,2475	1,0499	980,2	980,4	982,0		
78,2642	1,0468	980,3	980,5	982,1		
78,2809	1,0521	980,2	980,4	982,0		
78,2975	1,0512	980,3	980,4	982,0		
78,3142	1,0507	980,2	980,3	982,0		
78,3309	1,0556	980,3	980,3	982,0		
78,3475	1,0516	980,3	980,3	982,0		
78,3642	1,0454	980,3	980,4	982,0		
78,3809	1,0477	980,2	980,3	981,9		
78,3975	1,0494	980,2	980,3	981,9		
78,4142	1,0503	980,2	980,3	982,0		
78,4309	1,0499	980,2	980,3	981,9		
78,4475	1,0472	980,2	980,3	981,9		
78,4642	1,0499	980,1	980,3	981,9		
78,4809	1,0538	980,2	980,3	982,0		
78,4975	1,0547	980,1	980,3	981,9		
78,5142	1,0583	980,2	980,3	981,9		
78,5309	1,0552	980,2	980,4	982,0		
78,5475	1,0547	980,2	980,3	982,0		
78,5642	1,0477	980,2	980,4	982,0		
78,5809	1,0547	980,2	980,3	982,0		
78,5975	1,0605	980,2	980,3	982,0		
78,6142	1,0596	980,1	980,3	982,0		
78,6309	1,0556	980,1	980,3	982,0		
78,6475	1,0565	980,2	980,3	982,0		
78,6642	1,0600	980,2	980,3	981,9		
78,6809	1,0596	980,2	980,3	982,0		
78,6975	1,0591	980,2	980,3	981,9		
78,7142	1,0667	980,2	980,3	982,0		
78,7309	1,0578	980,2	980,4	982,0		
78,7475	1,0600	980,3	980,3	982,0		
78,7642	1,0561	980,2	980,3	981,9		
78,7809	1,0547	980,2	980,3	981,9		
78,7975	1,0530	980,2	980,3	982,0		
78,8142	1,0561	980,2	980,3	982,1		
78,8309	1,0578	980,2	980,3	982,0		
78,8475	1,0631	980,2	980,4	982,0		
78,8642	1,0614	980,2	980,3	981,9		
78,8809	1,0662	980,1	980,3	981,9		
78,8975	1,0706	980,2	980,4	982,0		
78,9142	1,0667	980,2	980,3	981,9		
78,9309	1,0706	980,1	980,3	981,9		
78,9475	1,0645	980,1	980,3	981,9		
78,9642	1,0583	980,2	980,4	982,0		
78,9809	1,0636	980,2	980,3	981,9		
78,9975	1,0645	980,2	980,3	982,0		
79,0142	1,0662	980,2	980,3	981,9		
79,0309	1,0649	980,1	980,3	982,0		
79,0475	1,0671	980,2	980,3	982,0		
79,0642	1,0600	980,2	980,3	982,0		
79,0809	1,0587	980,2	980,4	982,0		
79,0975	1,0596	980,2	980,3	982,0		
79,1142	1,0649	980,2	980,4	982,0		
79,1309	1,0733	980,2	980,3	982,0		
79,1475	1,0715	980,2	980,2	981,9		
79,1642	1,0662	980,2	980,3	982,0		
79,1809	1,0737	980,2	980,3	981,9		
79,1975	1,0675	980,2	980,3	982,0		
79,2142	1,0693	980,2	980,3	982,0		
79,2309	1,0720	980,1	980,3	981,9		
79,2475	1,0702	980,2	980,3	982,0		
79,2642	1,0627	980,2	980,3	981,9		
79,2809	1,0702	980,3	980,3	982,1		
79,2975	1,0720	980,1	980,3	982,0		
79,3142	1,0733	980,3	980,4	982,0		
79,3309	1,0684	980,2	980,4	982,0		
79,3475	1,0724	980,2	980,4	982,0		
79,3642	1,0724	980,2	980,4	982,0		
79,3809	1,0711	980,2	980,3	981,9		
79,3975	1,0821	980,2	980,3	981,9		
79,4142	1,0759	980,2	980,3	982,0		
79,4309	1,0662	980,2	980,3	982,1		
79,4475	1,0848	980,1	980,3	981,9		
79,4642	1,0751	980,2	980,3	982,0		
79,4809	1,0786	980,2	980,4	982,0		
79,4975	1,0804	980,2	980,3	981,9		
79,5142	1,0733	980,2	980,3	981,9		
79,5309	1,0680	980,2	980,3	982,0		
79,5475	1,0759	980,2	980,3	982,0		
79,5642	1,0782	980,3	980,4	982,0		
79,5809	1,0751	980,1	980,3	982,0		
79,5975	1,0786	980,3	980,4	982,0		
79,6142	1,0764	980,3	980,4	982,0		
79,6309	1,0715	980,2	980,3	981,9		
79,6475	1,0804	980,2	980,4	981,9		
79,6642	1,0835	980,3	980,3	982,0		
79,6809	1,0874	980,2	980,3	982,0		
79,6975	1,0843	980,2	980,4	982,0		
79,7142	1,0835	980,2	980,3	981,9		
79,7309	1,0790	980,2	980,3	981,9		
79,7475	1,0773	980,2	980,4	982,0		
79,7642	1,0768	980,1	980,3	981,9		
79,7809	1,0830	980,2	980,3	982,0		
79,7975	1,0919	980,2	980,3	982,0		
79,8142	1,0857	980,2	980,3	982,0		
79,8309	1,0826	980,2	980,3	982,0		
79,8475	1,0989	980,2	980,3	981,9		
79,8642	1,0830	980,2	980,3	982,0		
79,8809	1,0870	980,3	980,4	982,1		
79,8975	1,0874	980,2	980,3	982,0		
79,9142	1,0892	980,2	980,3	982,0		
79,9309	1,0830	980,2	980,3	982,0		
79,9475	1,0839	980,2	980,3	982,0		
79,9642	1,0870	980,2	980,3	982,0		
79,9809	1,0954	980,2	980,3	982,0		
79,9975	1,0892	980,2	980,3	981,9		
80,0142	1,0879	980,2	980,3	981,9		
80,0309	1,0896	980,2	980,3	982,0		
80,0475	1,0905	980,2	980,3	981,9		
80,0642	1,0839	980,2	980,3	981,9		
80,0809	1,0839	980,3	980,4	982,0		
80,0975	1,0799	980,3	980,3	981,9		
80,1142	1,0941	980,2	980,3	981,9		
80,1309	1,0821	980,2	980,4	982,0		
80,1475	1,0941	980,2	980,3	982,0		
80,1642	1,0870	980,2	980,3	982,0		
80,1809	1,0976	980,2	980,4	982,0		
80,1975	1,0963	980,1	980,3	982,0		
80,2142	1,0967	980,1	980,3	981,9		
80,2309	1,0901	980,2	980,3	981,9		
80,2475	1,0883	980,2	980,3	982,0		
80,2642	1,0980	980,2	980,3	982,0		
80,2809	1,0914	980,2	980,3	981,9		
80,2975	1,1020	980,2	980,3	981,9		
80,3142	1,0967	980,2	980,3	982,0		
80,3309	1,0963	980,2	980,3	982,0		
80,3475	1,1003	980,1	980,3	982,0		
80,3642	1,0958	980,2	980,2	981,9		
80,3809	1,1016	980,2	980,3	981,9		
80,3975	1,0945	980,2	980,4	982,0		
80,4142	1,0927	980,2	980,3	982,0		
80,4309	1,1078	980,2	980,3	982,0		
80,4475	1,0883	980,3	980,4	982,0		
80,4642	1,0976	980,3	980,4	982,0		
80,4809	1,0932	980,3	980,3	982,0		
80,4975	1,1007	980,2	980,3	982,0		
80,5142	1,0874	980,2	980,3	981,9		
80,5309	1,0967	980,2	980,4	982,0		
80,5475	1,1100	980,2	980,4	982,0		
80,5642	1,1007	980,2	980,3	981,9		
80,5809	1,1003	980,2	980,4	982,0		
80,5975	1,1064	980,1	980,3	981,9		
80,6142	1,1082	980,2	980,3	982,0		
80,6309	1,1047	980,2	980,3	981,9		
80,6475	1,1016	980,2	980,4	982,0		
80,6642	1,1047	980,2	980,3	982,0		
80,6809	1,1078	980,2	980,3	982,0		
80,6975	1,1122	980,1	980,3	981,9		
80,7142	1,1104	980,2	980,4	982,0		
80,7309	1,1016	980,2	980,3	982,0		
80,7475	1,1069	980,2	980,4	982,1		
80,7642	1,1113	980,2	980,3	981,9		
80,7809	1,1029	980,3	980,4	982,0		
80,7975	1,1069	980,2	980,3	982,0		
80,8142	1,1056	980,3	980,4	982,1		
80,8309	1,1051	980,2	980,4	982,0		
80,8475	1,1038	980,3	980,4	982,0		
80,8642	1,1073	980,2	980,2	981,9		
80,8809	1,1007	980,2	980,3	981,9		
80,8975	1,1056	980,2	980,3	982,0		
80,9142	1,1113	980,2	980,3	982,0		
80,9309	1,1126	980,2	980,3	981,9		
80,9475	1,1069	980,1	980,3	981,9		
80,9642	1,1064	980,2	980,3	982,0		
80,9809	1,1148	980,2	980,3	981,9		
80,9975	1,1056	980,1	980,3	981,9		
81,0142	1,1117	980,2	980,3	981,9		
81,0309	1,1087	980,1	980,3	981,9		
81,0475	1,1131	980,3	980,4	982,0		
81,0642	1,1126	980,2	980,3	982,0		
81,0809	1,1109	980,2	980,3	982,0		
81,0975	1,1224	980,2	980,3	982,0		
81,1142	1,1126	980,1	980,3	982,0		
81,1309	1,1140	980,2	980,4	982,0		
81,1475	1,1166	980,3	980,4	982,0		
81,1642	1,1117	980,2	980,3	982,0		
81,1809	1,1109	980,3	980,4	982,0		
81,1975	1,1250	980,2	980,3	982,0		
81,2142	1,1135	980,3	980,3	982,0		
81,2309	1,1157	980,3	980,3	982,0		
81,2475	1,1193	980,2	980,4	982,0		
81,2642	1,1188	980,2	980,3	982,0		
81,2809	1,1171	980,3	980,4	982,1		
81,2975	1,1162	980,3	980,4	982,1		
81,3142	1,1153	980,2	980,3	982,0		
81,3309	1,1210	980,2	980,3	982,0		
81,3475	1,1188	980,2	980,3	982,0		
81,3642	1,1184	980,2	980,4	982,0		
81,3809	1,1237	980,2	980,4	982,0		
81,3975	1,1179	980,3	980,4	982,1		
81,4142	1,1268	980,1	980,3	981,9		
81,4309	1,1232	980,2	980,4	982,0		
81,4475	1,1259	980,2	980,3	982,0		
81,4642	1,1193	980,2	980,3	982,0		
81,4809	1,1268	980,2	980,4	982,1		
81,4975	1,1277	980,2	980,3	982,0		
81,5142	1,1285	980,2	980,3	982,0		
81,5309	1,1246	980,3	980,4	982,0		
81,5475	1,1250	980,1	980,2	982,0		
81,5642	1,1237	980,2	980,3	982,0		
81,5809	1,1175	980,3	980,4	982,1		
81,5975	1,1308	980,3	980,4	982,1		
81,6142	1,1299	980,2	980,4	982,1		
81,6309	1,1272	980,3	980,4	982,1		
81,6475	1,1277	980,2	980,3	982,0		
81,6642	1,1303	980,2	980,3	982,0		
81,6809	1,1312	980,2	980,3	982,0		
81,6975	1,1356	980,3	980,3	982,0		
81,7142	1,1290	980,3	980,4	982,0		
81,7309	1,1308	980,3	980,3	982,0		
81,7475	1,1365	980,2	980,4	982,1		
81,7642	1,1361	980,2	980,4	982,0		
81,7809	1,1299	980,2	980,4	982,0		
81,7975	1,1303	980,2	980,3	981,9		
81,8142	1,1347	980,2	980,3	982,1		
81,8309	1,1294	980,2	980,3	982,0		
81,8475	1,1303	980,2	980,3	982,0		
81,8642	1,1339	980,2	980,4	982,0		
81,8809	1,1308	980,2	980,4	982,0		
81,8975	1,1361	980,2	980,3	982,0		
81,9142	1,1458	980,2	980,3	981,9		
81,9309	1,1374	980,2	980,3	982,0		
81,9475	1,1409	980,2	980,3	981,9		
81,9642	1,1369	980,2	980,4	982,0		
81,9809	1,1361	980,1	980,3	982,0		
81,9975	1,1392	980,3	980,3	982,1		
82,0142	1,1392	980,2	980,4	982,0		
82,0309	1,1312	980,2	980,3	982,0		
82,0475	1,1436	980,1	980,3	982,0		
82,0642	1,1383	980,3	980,3	982,0		
82,0809	1,1409	980,2	980,3	982,1		
82,0975	1,1387	980,3	980,3	982,0		
82,1142	1,1352	980,3	980,4	982,0		
82,1309	1,1369	980,3	980,3	982,0		
82,1475	1,1387	980,2	980,3	982,0		
82,1642	1,1440	980,3	980,3	982,0		
82,1809	1,1405	980,2	980,4	982,0		
82,1975	1,1480	980,2	980,3	982,0		
82,2142	1,1396	980,2	980,3	982,0		
82,2309	1,1453	980,2	980,3	982,0		
82,2475	1,1418	980,2	980,4	982,1		
82,2642	1,1449	980,2	980,3	982,0		
82,2809	1,1418	980,2	980,3	982,0		
82,2975	1,1489	980,2	980,3	982,0		
82,3142	1,1471	980,3	980,4	982,1		
82,3309	1,1462	980,3	980,3	982,0		
82,3475	1,1502	980,2	980,3	982,0		
82,3642	1,1489	980,2	980,4	982,0		
82,3809	1,1458	980,2	980,4	982,0		
82,3975	1,1520	980,3	980,3	982,0		
82,4142	1,1414	980,3	980,3	982,0		
82,4309	1,1462	980,2	980,3	982,0		
82,4475	1,1489	980,3	980,3	981,9		
82,4642	1,1409	980,2	980,3	982,0		
82,4809	1,1431	980,2	980,3	982,0		
82,4975	1,1462	980,3	980,4	982,0		
82,5142	1,1467	980,3	980,4	982,1		
82,5309	1,1498	980,2	980,3	982,0		
82,5475	1,1409	980,3	980,4	982,0		
82,5642	1,1467	980,2	980,3	982,0		
82,5809	1,1436	980,3	980,3	982,0		
82,5975	1,1498	980,2	980,4	982,0		
82,6142	1,1520	980,3	980,4	982,0		
82,6309	1,1537	980,2	980,3	982,0		
82,6475	1,1511	980,3	980,4	982,0		
82,6642	1,1551	980,3	980,4	982,0		
82,6809	1,1564	980,2	980,3	982,0		
82,6975	1,1476	980,2	980,4	982,1		
82,7142	1,1546	980,2	980,4	982,0		
82,7309	1,1613	980,2	980,3	982,0		
82,7475	1,1577	980,1	980,3	981,9		
82,7642	1,1613	980,1	980,3	982,0		
82,7809	1,1551	980,2	980,4	982,1		
82,7975	1,1520	980,1	980,3	982,0		
82,8142	1,1644	980,2	980,4	982,0		
82,8309	1,1555	980,2	980,3	982,0		
82,8475	1,1560	980,1	980,3	982,0		
82,8642	1,1604	980,2	980,3	982,0		
82,8809	1,1577	980,2	980,3	982,0		
82,8975	1,1568	980,2	980,4	982,0		
82,9142	1,1599	980,3	980,4	982,1		
82,9309	1,1599	980,3	980,4	982,0		
82,9475	1,1657	980,3	980,3	982,0		
82,9642	1,1604	980,3	980,4	982,0		
82,9809	1,1524	980,3	980,4	982,1		
82,9975	1,1635	980,2	980,4	982,1		
83,0142	1,1661	980,3	980,4	982,0		
83,0309	1,1652	980,3	980,4	982,0		
83,0475	1,1772	980,2	980,3	982,1		
83,0642	1,1648	980,2	980,4	982,0		
83,0809	1,1714	980,3	980,4	982,1		
83,0975	1,1621	980,2	980,4	982,0		
83,1142	1,1635	980,2	980,4	982,0		
83,1309	1,1626	980,2	980,3	982,0		
83,1475	1,1626	980,2	980,3	982,0		
83,1642	1,1644	980,2	980,3	982,0		
83,1809	1,1648	980,2	980,3	981,9		
83,1975	1,1705	980,2	980,4	981,9		
83,2142	1,1666	980,2	980,4	982,0		
83,2309	1,1692	980,2	980,4	982,0		
83,2475	1,1670	980,1	980,3	981,9		
83,2642	1,1732	980,2	980,4	982,1		
83,2809	1,1736	980,2	980,3	982,1		
83,2975	1,1688	980,2	980,3	982,0		
83,3142	1,1635	980,3	980,4	982,1		
83,3309	1,1683	980,2	980,3	982,1		
83,3475	1,1683	980,2	980,3	982,0		
83,3642	1,1648	980,2	980,3	982,0		
83,3809	1,1652	980,2	980,4	982,0		
83,3975	1,1723	980,3	980,4	982,1		
83,4142	1,1692	980,2	980,4	982,0		
83,4309	1,1697	980,3	980,3	982,0		
83,4475	1,1719	980,2	980,4	982,1		
83,4642	1,1776	980,2	980,3	981,9		
83,4809	1,1670	980,3	980,3	982,0		
83,4975	1,1710	980,1	980,4	982,0		
83,5142	1,1705	980,1	980,3	982,0		
83,5309	1,1714	980,2	980,3	982,0		
83,5475	1,1719	980,2	980,4	982,0		
83,5642	1,1776	980,2	980,3	982,0		
83,5809	1,1776	980,3	980,4	982,0		
83,5975	1,1785	980,3	980,4	982,1		
83,6142	1,1785	980,3	980,3	981,9		
83,6309	1,1794	980,2	980,4	982,0		
83,6475	1,1816	980,3	980,4	982,1		
83,6642	1,1767	980,2	980,4	982,0		
83,6809	1,1736	980,2	980,3	982,0		
83,6975	1,1758	980,2	980,3	982,0		
83,7142	1,1754	980,2	980,4	982,0		
83,7309	1,1794	980,2	980,3	982,0		
83,7475	1,1812	980,3	980,4	982,1		
83,7642	1,1781	980,2	980,4	982,0		
83,7809	1,1807	980,3	980,4	982,1		
83,7975	1,1812	980,2	980,3	982,0		
83,8142	1,1825	980,3	980,4	982,0		
83,8309	1,1785	980,2	980,3	982,0		
83,8475	1,1789	980,2	980,4	982,0		
83,8642	1,1873	980,2	980,4	982,0		
83,8809	1,1949	980,2	980,3	982,0		
83,8975	1,1900	980,3	980,3	982,0		
83,9142	1,1909	980,2	980,4	982,1		
83,9309	1,1891	980,3	980,4	982,0		
83,9475	1,1807	980,2	980,3	982,0		
83,9642	1,1860	980,2	980,4	982,0		
83,9809	1,1825	980,2	980,3	981,9		
83,9975	1,1856	980,2	980,4	982,0		
84,0142	1,1966	980,2	980,3	982,0		
84,0309	1,1865	980,1	980,3	982,0		
84,0475	1,1891	980,2	980,3	981,9		
84,0642	1,1957	980,1	980,4	982,0		
84,0809	1,1887	980,2	980,4	982,1		
84,0975	1,1984	980,3	980,4	982,2		
84,1142	1,1931	980,2	980,3	982,0		
84,1309	1,1935	980,3	980,4	982,0		
84,1475	1,1891	980,2	980,4	982,1		
84,1642	1,1887	980,3	980,4	982,0		
84,1809	1,1979	980,2	980,3	982,0		
84,1975	1,1847	980,2	980,3	982,0		
84,2142	1,1904	980,2	980,4	982,0		
84,2309	1,1940	980,2	980,3	982,0		
84,2475	1,1913	980,3	980,4	982,0		
84,2642	1,1887	980,2	980,3	982,0		
84,2809	1,1895	980,3	980,4	982,0		
84,2975	1,2006	980,2	980,4	982,0		
84,3142	1,1865	980,2	980,3	981,9		
84,3309	1,1993	980,2	980,4	982,0		
84,3475	1,1971	980,2	980,3	982,0		
84,3642	1,1975	980,2	980,3	982,0		
84,3809	1,1944	980,2	980,3	982,0		
84,3975	1,1966	980,2	980,4	982,1		
84,4142	1,2028	980,2	980,3	981,9		
84,4309	1,1993	980,2	980,4	982,0		
84,4475	1,1957	980,3	980,6	982,3		
84,4642	1,1957	980,2	980,5	982,1		
84,4809	1,2019	980,3	980,5	982,1		
84,4975	1,2024	980,2	980,4	982,1		
84,5142	1,2063	980,2	980,4	982,0		
84,5309	1,2015	980,2	980,3	982,0		
84,5475	1,2050	980,2	980,3	982,0		
84,5642	1,1993	980,2	980,3	982,0		
84,5809	1,2055	980,2	980,4	982,1		
84,5975	1,2041	980,2	980,4	982,1		
84,6142	1,2024	980,2	980,3	982,0		
84,6309	1,2055	980,3	980,4	982,1		
84,6475	1,1944	980,2	980,4	982,0		
84,6642	1,2033	980,2	980,3	982,0		
84,6809	1,2090	980,3	980,3	982,0		
84,6975	1,2050	980,2	980,4	982,0		
84,7142	1,2050	980,2	980,3	982,0		
84,7309	1,2019	980,2	980,4	982,0		
84,7475	1,2099	980,2	980,3	981,9		
84,7642	1,2072	980,2	980,4	982,0		
84,7809	1,2050	980,3	980,4	982,0		
84,7975	1,2081	980,2	980,3	982,0		
84,8142	1,2050	980,2	980,3	981,9		
84,8309	1,2112	980,3	980,4	982,1		
84,8475	1,2165	980,2	980,3	982,0		
84,8642	1,2086	980,2	980,3	981,9		
84,8809	1,2063	980,2	980,3	982,0		
84,8975	1,2134	980,2	980,4	982,0		
84,9142	1,2059	980,2	980,3	982,0		
84,9309	1,2086	980,2	980,4	982,0		
84,9475	1,2139	980,3	980,4	982,0		
84,9642	1,2178	980,2	980,3	981,9		
84,9809	1,2094	980,3	980,4	982,1		
84,9975	1,2134	980,2	980,3	981,9		
85,0142	1,2187	980,2	980,3	982,0		
85,0309	1,2143	980,1	980,3	982,1		
85,0475	1,2156	980,2	980,4	982,0		
85,0642	1,2147	980,3	980,5	982,1		
85,0809	1,2147	980,2	980,4	982,0		
85,0975	1,2063	980,2	980,4	982,1		
85,1142	1,2170	980,2	980,4	982,1		
85,1309	1,2072	980,3	980,3	982,0		
85,1475	1,2223	980,2	980,3	982,0		
85,1642	1,2214	980,2	980,3	982,1		
85,1809	1,2134	980,3	980,3	982,0		
85,1975	1,2174	980,3	980,4	982,1		
85,2142	1,2170	980,2	980,3	982,0		
85,2309	1,2183	980,3	980,4	982,1		
85,2475	1,2240	980,3	980,3	982,0		
85,2642	1,2227	980,2	980,3	981,9		
85,2809	1,2245	980,2	980,4	982,1		
85,2975	1,2236	980,2	980,3	982,0		
85,3142	1,2187	980,2	980,4	982,0		
85,3309	1,2258	980,2	980,3	982,0		
85,3475	1,2285	980,2	980,4	982,0		
85,3642	1,2307	980,2	980,4	982,0		
85,3809	1,2196	980,2	980,3	982,0		
85,3975	1,2276	980,2	980,3	982,0		
85,4142	1,2302	980,2	980,3	982,0		
85,4309	1,2254	980,2	980,3	982,0		
85,4475	1,2205	980,2	980,4	982,1		
85,4642	1,2240	980,2	980,4	982,1		
85,4809	1,2227	980,3	980,4	982,0		
85,4975	1,2320	980,3	980,4	982,0		
85,5142	1,2267	980,3	980,3	982,0		
85,5309	1,2315	980,3	980,4	982,1		
85,5475	1,2249	980,2	980,3	982,0		
85,5642	1,2276	980,2	980,4	982,1		
85,5809	1,2315	980,2	980,3	981,9		
85,5975	1,2298	980,2	980,3	982,0		
85,6142	1,2338	980,3	980,4	982,1		
85,6309	1,2338	980,2	980,4	982,0		
85,6475	1,2315	980,3	980,4	982,0		
85,6642	1,2351	980,2	980,3	981,9		
85,6809	1,2333	980,2	980,4	982,1		
85,6975	1,2360	980,1	980,2	981,8		
85,7142	1,2320	980,3	980,4	982,1		
85,7309	1,2395	980,2	980,3	982,0		
85,7475	1,2254	980,3	980,4	982,1		
85,7642	1,2298	980,2	980,4	982,1		
85,7809	1,2307	980,2	980,3	981,9		
85,7975	1,2395	980,2	980,3	982,1		
85,8142	1,2391	980,2	980,3	981,9		
85,8309	1,2293	980,2	980,3	981,9		
85,8475	1,2448	980,2	980,4	982,1		
85,8642	1,2324	980,2	980,3	982,0		
85,8809	1,2333	980,2	980,3	981,9		
85,8975	1,2382	980,3	980,3	982,0		
85,9142	1,2360	980,2	980,3	981,9		
85,9309	1,2364	980,2	980,3	981,9		
85,9475	1,2368	980,2	980,3	982,0		
85,9642	1,2293	980,3	980,4	982,0		
85,9809	1,2364	980,3	980,3	981,9		
85,9975	1,2444	980,3	980,4	982,0		
86,0142	1,2413	980,3	980,3	981,9		
86,0309	1,2426	980,2	980,3	982,0		
86,0475	1,2404	980,3	980,3	982,0		
86,0642	1,2368	980,1	980,3	981,9		
86,0809	1,2479	980,3	980,3	982,0		
86,0975	1,2417	980,3	980,4	982,0		
86,1142	1,2426	980,3	980,4	982,1		
86,1309	1,2479	980,2	980,4	982,1		
86,1475	1,2536	980,3	980,3	982,0		
86,1642	1,2488	980,2	980,4	982,1		
86,1809	1,2448	980,3	980,4	982,0		
86,1975	1,2523	980,3	980,3	982,1		
86,2142	1,2506	980,2	980,3	982,0		
86,2309	1,2492	980,2	980,3	982,0		
86,2475	1,2514	980,2	980,3	982,0		
86,2642	1,2426	980,2	980,3	981,9		
86,2809	1,2532	980,1	980,3	982,0		
86,2975	1,2457	980,1	980,3	982,0		
86,3142	1,2483	980,3	980,4	982,1		
86,3309	1,2492	980,2	980,4	981,9		
86,3475	1,2576	980,1	980,3	981,9		
86,3642	1,2528	980,2	980,3	982,0		
86,3809	1,2523	980,1	980,3	981,9		
86,3975	1,2506	980,3	980,4	982,2		
86,4142	1,2514	980,3	980,3	981,9		
86,4309	1,2488	980,3	980,4	982,0		
86,4475	1,2581	980,2	980,2	981,9		
86,4642	1,2514	980,3	980,4	982,0		
86,4809	1,2559	980,3	980,3	981,9		
86,4975	1,2483	980,3	980,4	982,0		
86,5142	1,2519	980,3	980,4	982,0		
86,5309	1,2475	980,2	980,3	982,0		
86,5475	1,2536	980,3	980,4	981,9		
86,5642	1,2541	980,2	980,3	982,0		
86,5809	1,2598	980,3	980,4	982,0		
86,5975	1,2585	980,2	980,4	982,1		
86,6142	1,2629	980,2	980,3	981,9		
86,6309	1,2660	980,2	980,3	982,0		
86,6475	1,2603	980,2	980,3	981,9		
86,6642	1,2634	980,2	980,4	982,0		
86,6809	1,2590	980,2	980,3	982,0		
86,6975	1,2651	980,2	980,3	981,9		
86,7142	1,2682	980,2	980,3	982,0		
86,7309	1,2625	980,2	980,3	982,0		
86,7475	1,2674	980,2	980,4	982,1		
86,7642	1,2616	980,2	980,4	982,1		
86,7809	1,2638	980,3	980,4	982,1		
86,7975	1,2620	980,2	980,4	982,2		
86,8142	1,2647	980,2	980,3	982,0		
86,8309	1,2629	980,2	980,4	982,0		
86,8475	1,2559	980,2	980,3	982,0		
86,8642	1,2643	980,3	980,4	982,1		
86,8809	1,2674	980,2	980,2	981,9		
86,8975	1,2603	980,3	980,4	982,1		
86,9142	1,2612	980,2	980,4	982,0		
86,9309	1,2660	980,2	980,3	981,9		
86,9475	1,2700	980,2	980,3	982,0		
86,9642	1,2625	980,2	980,3	981,9		
86,9809	1,2651	980,2	980,3	982,0		
86,9975	1,2722	980,2	980,2	981,9		
87,0142	1,2674	980,3	980,5	982,2		
87,0309	1,2687	980,2	980,3	981,9		
87,0475	1,2682	980,2	980,3	981,9		
87,0642	1,2700	980,1	980,3	982,0		
87,0809	1,2771	980,2	980,3	982,0		
87,0975	1,2727	980,2	980,4	982,0		
87,1142	1,2740	980,3	980,4	982,0		
87,1309	1,2700	980,3	980,4	982,1		
87,1475	1,2753	980,2	980,3	982,0		
87,1642	1,2722	980,2	980,4	982,0		
87,1809	1,2788	980,2	980,3	982,0		
87,1975	1,2784	980,2	980,4	982,0		
87,2142	1,2762	980,2	980,3	982,0		
87,2309	1,2780	980,2	980,4	982,1		
87,2475	1,2784	980,2	980,4	982,1		
87,2642	1,2793	980,2	980,4	982,0		
87,2809	1,2855	980,1	980,3	982,0		
87,2975	1,2780	980,2	980,3	982,0		
87,3142	1,2895	980,2	980,3	982,0		
87,3309	1,2788	980,2	980,3	982,0		
87,3475	1,2753	980,2	980,4	982,0		
87,3642	1,2780	980,3	980,3	982,0		
87,3809	1,2731	980,2	980,3	981,9		
87,3975	1,2802	980,2	980,4	982,0		
87,4142	1,2811	980,3	980,3	981,9		
87,4309	1,2788	980,3	980,3	982,0		
87,4475	1,2855	980,2	980,3	981,9		
87,4642	1,2788	980,1	980,3	981,9		
87,4809	1,2797	980,2	980,3	981,9		
87,4975	1,2850	980,3	980,4	982,0		
87,5142	1,2841	980,2	980,3	981,9		
87,5309	1,2877	980,1	980,3	981,9		
87,5475	1,2864	980,2	980,4	982,0		
87,5642	1,2881	980,1	980,3	982,0		
87,5809	1,2886	980,2	980,4	982,0		
87,5975	1,2819	980,2	980,3	981,9		
87,6142	1,2881	980,2	980,3	982,0		
87,6309	1,2859	980,2	980,3	982,0		
87,6475	1,2934	980,1	980,3	982,1		
87,6642	1,2859	980,2	980,4	982,0		
87,6809	1,2872	980,2	980,3	981,9		
87,6975	1,2872	980,2	980,4	982,2		
87,7142	1,2917	980,3	980,4	982,0		
87,7309	1,2877	980,3	980,4	982,1		
87,7475	1,2908	980,3	980,5	982,2		
87,7642	1,2917	980,2	980,3	982,0		
87,7809	1,2899	980,3	980,4	982,0		
87,7975	1,2903	980,3	980,3	982,0		
87,8142	1,2948	980,3	980,4	982,0		
87,8309	1,2899	980,3	980,4	982,0		
87,8475	1,2930	980,3	980,4	982,1		
87,8642	1,2952	980,2	980,2	981,7		
87,8809	1,2912	980,3	980,4	982,1		
87,8975	1,2925	980,2	980,3	981,9		
87,9142	1,2934	980,2	980,4	982,0		
87,9309	1,2952	980,2	980,4	982,0		
87,9475	1,2974	980,2	980,3	982,0		
87,9642	1,2908	980,1	980,3	981,8		
87,9809	1,2930	980,2	980,3	982,0		
87,9975	1,2970	980,1	980,3	981,9		
88,0142	1,2956	980,1	980,3	981,9		
88,0309	1,2925	980,2	980,4	982,1		
88,0475	1,2979	980,2	980,3	981,9		
88,0642	1,3036	980,1	980,3	981,9		
88,0809	1,2956	980,2	980,3	982,0		
88,0975	1,3014	980,1	980,3	981,9		
88,1142	1,3032	980,2	980,3	981,9		
88,1309	1,3005	980,2	980,3	982,0		
88,1475	1,3027	980,3	980,3	982,0		
88,1642	1,3045	980,2	980,3	982,0		
88,1809	1,2952	980,2	980,3	982,1		
88,1975	1,3080	980,2	980,3	982,0		
88,2142	1,3018	980,2	980,3	981,9		
88,2309	1,2992	980,2	980,3	982,0		
88,2475	1,3063	980,2	980,5	982,2		
88,2642	1,3027	980,3	980,3	981,9		
88,2809	1,3014	980,2	980,4	982,1		
88,2975	1,2992	980,3	980,4	982,0		
88,3142	1,3067	980,2	980,3	982,1		
88,3309	1,3009	980,2	980,3	982,0		
88,3475	1,3102	980,2	980,2	982,0		
88,3642	1,3151	980,2	980,3	982,0		
88,3809	1,3067	980,2	980,3	981,9		
88,3975	1,3089	980,2	980,3	982,0		
88,4142	1,3120	980,2	980,2	981,9		
88,4309	1,3107	980,2	980,3	981,9		
88,4475	1,3164	980,2	980,3	982,1		
88,4642	1,3124	980,3	980,5	982,2		
88,4809	1,3191	980,2	980,4	982,1		
88,4975	1,3138	980,2	980,4	982,0		
88,5142	1,3195	980,2	980,3	982,0		
88,5309	1,3146	980,2	980,3	981,9		
88,5475	1,3080	980,2	980,3	982,0		
88,5642	1,3186	980,2	980,3	982,1		
88,5809	1,3076	980,2	980,4	982,0		
88,5975	1,3155	980,2	980,3	982,0		
88,6142	1,3138	980,3	980,4	982,1		
88,6309	1,3253	980,2	980,3	982,0		
88,6475	1,3204	980,2	980,3	982,0		
88,6642	1,3204	980,3	980,3	982,0		
88,6809	1,3182	980,3	980,3	982,0		
88,6975	1,3151	980,3	980,4	982,0		
88,7142	1,3138	980,2	980,3	982,0		
88,7309	1,3164	980,2	980,3	981,9		
88,7475	1,3270	980,3	980,4	982,0		
88,7642	1,3222	980,2	980,3	982,0		
88,7809	1,3239	980,3	980,4	982,0		
88,7975	1,3213	980,2	980,2	981,8		
88,8142	1,3208	980,3	980,4	982,1		
88,8309	1,3261	980,2	980,3	982,0		
88,8475	1,3253	980,3	980,3	981,9		
88,8642	1,3230	980,2	980,3	982,0		
88,8809	1,3275	980,2	980,3	982,0		
88,8975	1,3239	980,3	980,4	982,0		
88,9142	1,3186	980,2	980,3	981,9		
88,9309	1,3284	980,2	980,4	982,0		
88,9475	1,3182	980,2	980,3	981,9		
88,9642	1,3182	980,1	980,3	981,9		
88,9809	1,3288	980,3	980,3	981,9		
88,9975	1,3266	980,2	980,3	982,1		
89,0142	1,3270	980,2	980,4	982,1		
89,0309	1,3310	980,2	980,4	982,0		
89,0475	1,3244	980,2	980,3	982,0		
89,0642	1,3270	980,2	980,3	982,0		
89,0809	1,3266	980,2	980,3	982,1		
89,0975	1,3261	980,2	980,3	982,0		
89,1142	1,3270	980,2	980,3	982,0		
89,1309	1,3306	980,3	980,4	982,0		
89,1475	1,3341	980,3	980,2	981,9		
89,1642	1,3372	980,2	980,4	982,0		
89,1809	1,3204	980,2	980,3	982,0		
89,1975	1,3354	980,3	980,4	982,1		
89,2142	1,3354	980,3	980,4	982,0		
89,2309	1,3310	980,3	980,3	982,0		
89,2475	1,3332	980,3	980,3	982,0		
89,2642	1,3350	980,3	980,4	982,1		
89,2809	1,3350	980,2	980,3	981,9		
89,2975	1,3354	980,2	980,4	982,1		
89,3142	1,3416	980,2	980,3	982,0		
89,3309	1,3359	980,2	980,4	982,1		
89,3475	1,3474	980,2	980,2	981,8		
89,3642	1,3381	980,2	980,4	982,0		
89,3809	1,3319	980,2	980,4	982,1		
89,3975	1,3407	980,2	980,4	982,0		
89,4142	1,3421	980,2	980,3	982,0		
89,4309	1,3425	980,2	980,3	982,1		
89,4475	1,3381	980,2	980,3	981,9		
89,4642	1,3416	980,2	980,4	982,0		
89,4809	1,3482	980,2	980,4	982,1		
89,4975	1,3425	980,2	980,2	981,8		
89,5142	1,3407	980,2	980,4	982,1		
89,5309	1,3398	980,3	980,4	982,1		
89,5475	1,3398	980,2	980,3	981,9		
89,5642	1,3487	980,2	980,3	982,0		
89,5809	1,3403	980,3	980,3	982,0		
89,5975	1,3434	980,3	980,4	982,1		
89,6142	1,3505	980,3	980,3	981,9		
89,6309	1,3447	980,2	980,3	981,9		
89,6475	1,3474	980,3	980,3	982,0		
89,6642	1,3513	980,3	980,3	982,0		
89,6809	1,3531	980,2	980,3	982,0		
89,6975	1,3469	980,3	980,4	982,1		
89,7142	1,3491	980,3	980,4	982,0		
89,7309	1,3429	980,2	980,4	981,9		
89,7475	1,3535	980,2	980,3	981,9		
89,7642	1,3535	980,2	980,3	982,0		
89,7809	1,3491	980,2	980,4	982,0		
89,7975	1,3535	980,2	980,3	981,8		
89,8142	1,3531	980,2	980,3	982,0		
89,8309	1,3527	980,2	980,4	982,0		
89,8475	1,3553	980,2	980,3	982,0		
89,8642	1,3518	980,2	980,3	981,9		
89,8809	1,3535	980,3	980,4	982,1		
89,8975	1,3491	980,2	980,4	982,0		
89,9142	1,3566	980,3	980,4	982,0		
89,9309	1,3558	980,2	980,4	982,1		
89,9475	1,3619	980,2	980,3	982,0		
89,9642	1,3664	980,3	980,4	982,1		
89,9809	1,3535	980,2	980,4	982,0		
89,9975	1,3535	980,2	980,3	981,9		
90,0142	1,3602	980,2	980,3	982,0		
90,0309	1,3535	980,2	980,3	982,0		
90,0475	1,3535	980,3	980,5	982,1		
90,0642	1,3615	980,2	980,3	982,0		
90,0809	1,3580	980,3	980,4	982,0		
90,0975	1,3655	980,3	980,4	982,1		
90,1142	1,3615	980,3	980,4	981,9		
90,1309	1,3624	980,3	980,4	982,0		
90,1475	1,3593	980,2	980,3	981,9		
90,1642	1,3571	980,2	980,3	982,0		
90,1809	1,3624	980,2	980,4	982,1		
90,1975	1,3664	980,2	980,2	981,8		
90,2142	1,3664	980,2	980,3	981,9		
90,2309	1,3708	980,2	980,3	981,9		
90,2475	1,3593	980,2	980,3	982,0		
90,2642	1,3664	980,2	980,4	982,1		
90,2809	1,3681	980,2	980,4	982,1		
90,2975	1,3681	980,2	980,4	982,1		
90,3142	1,3703	980,2	980,4	982,1		
90,3309	1,3681	980,2	980,3	982,0		
90,3475	1,3730	980,2	980,4	982,0		
90,3642	1,3712	980,2	980,4	982,1		
90,3809	1,3642	980,2	980,3	981,9		
90,3975	1,3721	980,2	980,3	981,9		
90,4142	1,3633	980,2	980,3	981,9		
90,4309	1,3695	980,2	980,3	982,0		
90,4475	1,3633	980,3	980,5	982,2		
90,4642	1,3690	980,2	980,2	981,8		
90,4809	1,3646	980,3	980,5	982,2		
90,4975	1,3739	980,3	980,4	982,0		
90,5142	1,3690	980,3	980,4	982,0		
90,5309	1,3810	980,3	980,3	982,0		
90,5475	1,3703	980,3	980,4	982,0		
90,5642	1,3721	980,3	980,4	982,0		
90,5809	1,3770	980,2	980,4	982,1		
90,5975	1,3757	980,3	980,4	982,0		
90,6142	1,3770	980,2	980,4	982,1		
90,6309	1,3810	980,2	980,4	982,1		
90,6475	1,3805	980,2	980,4	982,0		
90,6642	1,3823	980,2	980,4	982,1		
90,6809	1,3743	980,2	980,4	982,1		
90,6975	1,3734	980,2	980,3	982,0		
90,7142	1,3787	980,3	980,4	982,1		
90,7309	1,3783	980,2	980,4	982,0		
90,7475	1,3889	980,2	980,3	982,0		
90,7642	1,3871	980,1	980,3	981,9		
90,7809	1,3889	980,2	980,3	982,0		
90,7975	1,3814	980,2	980,3	981,9		
90,8142	1,3969	980,1	980,2	981,9		
90,8309	1,3810	980,2	980,4	982,0		
90,8475	1,3810	980,2	980,3	982,0		
90,8642	1,3845	980,2	980,3	982,0		
90,8809	1,3827	980,2	980,3	982,0		
90,8975	1,3871	980,3	980,3	981,9		
90,9142	1,3845	980,2	980,3	982,0		
90,9309	1,3814	980,3	980,4	982,1		
90,9475	1,3907	980,3	980,5	982,2		
90,9642	1,3885	980,3	980,4	982,1		
90,9809	1,3867	980,3	980,3	982,0		
90,9975	1,3832	980,2	980,3	982,0		
91,0142	1,3929	980,3	980,3	982,0		
91,0309	1,3841	980,2	980,3	982,0		
91,0475	1,3907	980,2	980,3	982,0		
91,0642	1,3854	980,2	980,4	982,1		
91,0809	1,3916	980,3	980,4	982,0		
91,0975	1,3911	980,2	980,3	981,9		
91,1142	1,3929	980,3	980,4	982,1		
91,1309	1,3991	980,2	980,4	982,0		
91,1475	1,3916	980,2	980,4	982,0		
91,1642	1,3964	980,1	980,3	981,9		
91,1809	1,3947	980,1	980,3	982,0		
91,1975	1,3898	980,2	980,3	981,9		
91,2142	1,3991	980,2	980,3	982,0		
91,2309	1,4017	980,2	980,3	982,0		
91,2475	1,3973	980,2	980,4	982,0		
91,2642	1,3991	980,2	980,3	982,1		
91,2809	1,3942	980,2	980,3	981,9		
91,2975	1,3964	980,2	980,3	982,0		
91,3142	1,3973	980,2	980,4	982,1		
91,3309	1,3986	980,2	980,2	981,9		
91,3475	1,3991	980,4	980,6	982,3		
91,3642	1,3951	980,3	980,3	981,9		
91,3809	1,3969	980,3	980,4	982,2		
91,3975	1,4070	980,3	980,3	982,0		
91,4142	1,3889	980,2	980,2	981,9		
91,4309	1,4062	980,3	980,4	982,1		
91,4475	1,4026	980,3	980,4	982,0		
91,4642	1,4022	980,3	980,3	982,0		
91,4809	1,4039	980,3	980,4	982,1		
91,4975	1,4031	980,2	980,4	982,0		
91,5142	1,4084	980,2	980,2	981,9		
91,5309	1,4039	980,2	980,3	982,1		
91,5475	1,4119	980,2	980,4	982,0		
91,5642	1,4057	980,3	980,3	982,0		
91,5809	1,4115	980,2	980,3	982,1		
91,5975	1,4044	980,3	980,4	982,2		
91,6142	1,4066	980,2	980,3	981,8		
91,6309	1,4141	980,3	980,4	982,0		
91,6475	1,4132	980,2	980,3	981,9		
91,6642	1,4154	980,3	980,5	982,2		
91,6809	1,4132	980,2	980,4	982,0		
91,6975	1,4190	980,2	980,4	982,1		
91,7142	1,4181	980,2	980,3	982,0		
91,7309	1,4190	980,3	980,3	982,0		
91,7475	1,4123	980,3	980,4	982,1		
91,7642	1,4084	980,2	980,3	982,0		
91,7809	1,4128	980,3	980,4	982,1		
91,7975	1,4212	980,3	980,3	981,9		
91,8142	1,4092	980,3	980,3	982,1		
91,8309	1,4066	980,3	980,3	982,0		
91,8475	1,4141	980,3	980,4	982,0		
91,8642	1,4128	980,2	980,3	982,0		
91,8809	1,4176	980,3	980,4	982,1		
91,8975	1,4172	980,3	980,3	982,0		
91,9142	1,4230	980,3	980,4	982,0		
91,9309	1,4194	980,3	980,5	982,2		
91,9475	1,4199	980,2	980,3	981,9		
91,9642	1,4128	980,3	980,5	982,0		
91,9809	1,4110	980,2	980,3	981,9		
91,9975	1,4146	980,3	980,4	982,1		
92,0142	1,4269	980,2	980,3	982,0		
92,0309	1,4247	980,3	980,3	982,1		
92,0475	1,4221	980,2	980,4	982,1		
92,0642	1,4243	980,3	980,4	982,0		
92,0809	1,4163	980,2	980,3	982,0		
92,0975	1,4256	980,3	980,4	982,2		
92,1142	1,4260	980,2	980,3	982,0		
92,1309	1,4283	980,3	980,3	981,9		
92,1475	1,4305	980,3	980,4	982,0		
92,1642	1,4203	980,3	980,4	982,0		
92,1809	1,4278	980,3	980,3	981,9		
92,1975	1,4274	980,2	980,3	982,0		
92,2142	1,4340	980,2	980,2	981,9		
92,2309	1,4274	980,3	980,3	982,1		
92,2475	1,4234	980,3	980,3	982,0		
92,2642	1,4296	980,2	980,3	981,9		
92,2809	1,4247	980,3	980,4	982,1		
92,2975	1,4300	980,3	980,3	981,9		
92,3142	1,4305	980,2	980,3	982,0		
92,3309	1,4314	980,2	980,4	982,1		
92,3475	1,4353	980,2	980,3	982,0		
92,3642	1,4411	980,1	980,3	981,9		
92,3809	1,4340	980,2	980,4	982,0		
92,3975	1,4300	980,3	980,4	982,0		
92,4142	1,4384	980,2	980,4	982,0		
92,4309	1,4367	980,2	980,4	982,0		
92,4475	1,4349	980,2	980,3	982,0		
92,4642	1,4428	980,2	980,4	982,1		
92,4809	1,4291	980,3	980,5	982,1		
92,4975	1,4362	980,2	980,4	982,1		
92,5142	1,4318	980,2	980,3	981,9		
92,5309	1,4362	980,2	980,4	982,1		
92,5475	1,4384	980,1	980,2	981,8		
92,5642	1,4393	980,2	980,4	982,1		
92,5809	1,4375	980,3	980,3	982,0		
92,5975	1,4314	980,3	980,4	982,1		
92,6142	1,4490	980,2	980,3	982,0		
92,6309	1,4371	980,2	980,3	981,9		
92,6475	1,4468	980,4	980,5	982,2		
92,6642	1,4358	980,2	980,3	982,0		
92,6809	1,4344	980,3	980,4	982,1		
92,6975	1,4389	980,4	980,4	982,0		
92,7142	1,4442	980,2	980,3	982,0		
92,7309	1,4495	980,3	980,4	982,0		
92,7475	1,4455	980,3	980,3	982,0		
92,7642	1,4428	980,2	980,3	981,9		
92,7809	1,4428	980,2	980,4	982,0		
92,7975	1,4481	980,2	980,3	982,0		
92,8142	1,4473	980,2	980,4	982,1		
92,8309	1,4446	980,2	980,4	982,0		
92,8475	1,4473	980,3	980,4	982,0		
92,8642	1,4530	980,3	980,4	982,1		
92,8809	1,4526	980,2	980,3	982,0		
92,8975	1,4499	980,3	980,4	982,1		
92,9142	1,4499	980,2	980,3	981,9		
92,9309	1,4535	980,2	980,4	982,1		
92,9475	1,4565	980,2	980,3	981,9		
92,9642	1,4543	980,3	980,5	982,2		
92,9809	1,4574	980,3	980,3	982,1		
92,9975	1,4495	980,3	980,3	982,0		
93,0142	1,4543	980,2	980,4	982,0		
93,0309	1,4552	980,3	980,4	982,1		
93,0475	1,4495	980,3	980,4	982,0		
93,0642	1,4459	980,3	980,3	982,0		
93,0809	1,4561	980,3	980,3	982,0		
93,0975	1,4565	980,3	980,4	982,1		
93,1142	1,4596	980,3	980,4	982,1		
93,1309	1,4605	980,3	980,4	982,1		
93,1475	1,4565	980,3	980,4	982,0		
93,1642	1,4592	980,3	980,4	982,0		
93,1809	1,4526	980,3	980,4	982,1		
93,1975	1,4557	980,3	980,4	982,0		
93,2142	1,4548	980,2	980,3	982,0		
93,2309	1,4658	980,3	980,4	982,0		
93,2475	1,4605	980,2	980,3	981,9		
93,2642	1,4601	980,2	980,3	982,0		
93,2809	1,4623	980,2	980,3	982,0		
93,2975	1,4588	980,2	980,3	982,0		
93,3142	1,4601	980,2	980,3	982,0		
93,3309	1,4592	980,2	980,3	982,0		
93,3475	1,4645	980,2	980,3	982,0		
93,3642	1,4680	980,3	980,4	982,1		
93,3809	1,4698	980,2	980,3	981,9		
93,3975	1,4716	980,3	980,4	982,0		
93,4142	1,4667	980,2	980,3	982,0		
93,4309	1,4676	980,3	980,4	982,1		
93,4475	1,4641	980,3	980,3	982,0		
93,4642	1,4667	980,3	980,3	982,0		
93,4809	1,4698	980,3	980,4	982,1		
93,4975	1,4685	980,3	980,4	982,0		
93,5142	1,4711	980,3	980,4	982,0		
93,5309	1,4694	980,2	980,3	981,9		
93,5475	1,4698	980,2	980,3	982,0		
93,5642	1,4769	980,3	980,4	982,1		
93,5809	1,4773	980,2	980,3	982,0		
93,5975	1,4729	980,2	980,3	981,9		
93,6142	1,4782	980,3	980,3	982,0		
93,6309	1,4703	980,2	980,4	982,1		
93,6475	1,4720	980,3	980,4	982,0		
93,6642	1,4711	980,2	980,4	982,1		
93,6809	1,4733	980,2	980,4	982,1		
93,6975	1,4760	980,2	980,4	982,1		
93,7142	1,4826	980,3	980,4	982,1		
93,7309	1,4791	980,2	980,4	982,1		
93,7475	1,4747	980,2	980,3	981,9		
93,7642	1,4751	980,2	980,4	982,0		
93,7809	1,4791	980,3	980,3	982,0		
93,7975	1,4800	980,3	980,3	982,1		
93,8142	1,4853	980,3	980,4	982,0		
93,8309	1,4813	980,3	980,4	982,0		
93,8475	1,4769	980,3	980,3	982,0		
93,8642	1,4809	980,4	980,5	982,2		
93,8809	1,4809	980,2	980,4	982,0		
93,8975	1,4795	980,3	980,4	982,0		
93,9142	1,4844	980,3	980,3	982,1		
93,9309	1,4946	980,3	980,4	982,1		
93,9475	1,4910	980,3	980,4	982,1		
93,9642	1,4791	980,3	980,4	982,1		
93,9809	1,4844	980,2	980,4	982,0		
93,9975	1,4870	980,1	980,2	981,8		
94,0142	1,4879	980,2	980,4	982,0		
94,0309	1,4959	980,1	980,3	981,9		
94,0475	1,4875	980,2	980,4	982,1		
94,0642	1,4919	980,3	980,5	982,1		
94,0809	1,4893	980,3	980,4	981,9		
94,0975	1,4901	980,4	980,5	982,2		
94,1142	1,4888	980,3	980,4	982,1		
94,1309	1,4857	980,3	980,3	982,0		
94,1475	1,4906	980,4	980,4	982,1		
94,1642	1,4941	980,3	980,3	982,1		
94,1809	1,4924	980,2	980,3	982,0		
94,1975	1,4897	980,2	980,3	982,0		
94,2142	1,4888	980,3	980,3	982,1		
94,2309	1,4875	980,3	980,3	981,9		
94,2475	1,4901	980,3	980,4	982,0		
94,2642	1,4888	980,3	980,4	982,1		
94,2809	1,4968	980,3	980,4	982,0		
94,2975	1,4950	980,3	980,4	982,0		
94,3142	1,4968	980,3	980,3	982,0		
94,3309	1,5043	980,2	980,3	982,0		
94,3475	1,5038	980,2	980,4	982,0		
94,3642	1,5008	980,2	980,3	982,0		
94,3809	1,5096	980,2	980,4	982,1		
94,3975	1,4963	980,2	980,3	982,0		
94,4142	1,5109	980,2	980,4	982,1		
94,4309	1,5003	980,2	980,3	982,0		
94,4475	1,5056	980,2	980,4	982,1		
94,4642	1,5127	980,1	980,3	982,1		
94,4809	1,5012	980,1	980,3	982,0		
94,4975	1,5008	980,1	980,3	982,0		
94,5142	1,5065	980,1	980,3	981,9		
94,5309	1,5052	980,2	980,3	982,0		
94,5475	1,4959	980,3	980,4	982,0		
94,5642	1,5069	980,3	980,4	982,0		
94,5809	1,5061	980,2	980,4	982,1		
94,5975	1,5052	980,3	980,3	982,0		
94,6142	1,5016	980,3	980,4	982,0		
94,6309	1,5065	980,2	980,3	982,0		
94,6475	1,5016	980,3	980,4	982,1		
94,6642	1,5078	980,3	980,4	982,0		
94,6809	1,5047	980,3	980,4	982,0		
94,6975	1,5202	980,2	980,4	982,0		
94,7142	1,5149	980,3	980,4	982,0		
94,7309	1,5105	980,2	980,4	982,1		
94,7475	1,5096	980,3	980,4	982,1		
94,7642	1,5122	980,3	980,3	981,9		
94,7809	1,5145	980,3	980,4	982,1		
94,7975	1,5078	980,2	980,3	981,9		
94,8142	1,5061	980,2	980,4	982,0		
94,8309	1,5127	980,2	980,3	981,9		
94,8475	1,5162	980,2	980,4	982,0		
94,8642	1,5180	980,2	980,4	982,0		
94,8809	1,5158	980,2	980,4	982,0		
94,8975	1,5198	980,2	980,3	982,0		
94,9142	1,5162	980,3	980,4	982,0		
94,9309	1,5215	980,3	980,4	982,0		
94,9475	1,5237	980,3	980,4	982,1		
94,9642	1,5114	980,2	980,4	982,1		
94,9809	1,5162	980,2	980,4	982,0		
94,9975	1,5206	980,3	980,4	982,0		
95,0142	1,5206	980,2	980,3	982,0		
95,0309	1,5158	980,2	980,3	982,0		
95,0475	1,5259	980,2	980,3	982,0		
95,0642	1,5295	980,2	980,3	982,0		
95,0809	1,5224	980,3	980,5	982,2		
95,0975	1,5286	980,3	980,4	982,0		
95,1142	1,5317	980,2	980,4	982,1		
95,1309	1,5308	980,3	980,4	982,1		
95,1475	1,5273	980,3	980,4	982,1		
95,1642	1,5282	980,2	980,3	982,1		
95,1809	1,5313	980,2	980,4	982,0		
95,1975	1,5326	980,1	980,4	982,0		
95,2142	1,5348	980,3	980,3	982,0		
95,2309	1,5313	980,2	980,3	981,9		
95,2475	1,5308	980,2	980,3	981,9		
95,2642	1,5401	980,3	980,4	982,1		
95,2809	1,5290	980,2	980,3	981,9		
95,2975	1,5335	980,2	980,4	982,1		
95,3142	1,5352	980,2	980,3	982,0		
95,3309	1,5295	980,2	980,3	981,9		
95,3475	1,5335	980,3	980,4	982,0		
95,3642	1,5299	980,3	980,4	982,1		
95,3809	1,5343	980,3	980,4	982,0		
95,3975	1,5352	980,2	980,3	982,0		
95,4142	1,5397	980,2	980,3	981,9		
95,4309	1,5326	980,2	980,3	982,0		
95,4475	1,5326	981,2	980,9	982,3		
95,4642	1,5397	980,5	980,5	982,1		
95,4809	1,5410	980,5	980,6	982,1		
95,4975	1,5489	980,4	980,4	981,9		
95,5142	1,5441	980,3	980,4	982,1		
95,5309	1,5432	980,1	980,3	982,0		
95,5475	1,5388	980,3	980,4	982,0		
95,5642	1,5397	980,1	980,3	981,9		
95,5809	1,5383	979,8	980,1	982,0		
95,5975	1,5423	980,1	980,3	982,1		
95,6142	1,5458	980,0	980,2	982,0		
95,6309	1,5357	980,1	980,3	981,9		
95,6475	1,5405	980,1	980,4	982,2		
95,6642	1,5436	980,3	980,4	982,0		
95,6809	1,5463	980,2	980,3	982,0		
95,6975	1,5481	980,3	980,3	982,0		
95,7142	1,5445	980,2	980,3	982,0		
95,7309	1,5525	980,3	980,3	981,9		
95,7475	1,5507	980,7	980,6	982,1		
95,7642	1,5441	980,0	980,2	982,0		
95,7809	1,5538	980,2	980,2	981,9		
95,7975	1,5547	980,1	980,2	982,0		
95,8142	1,5489	980,5	980,4	982,0		
95,8309	1,5503	980,8	980,6	982,1		
95,8475	1,5503	980,5	980,5	982,0		
95,8642	1,5481	980,3	980,4	982,0		
95,8809	1,5582	980,2	980,3	982,0		
95,8975	1,5556	980,2	980,3	982,0		
95,9142	1,5525	980,0	980,3	982,0		
95,9309	1,5564	980,3	980,4	982,0		
95,9475	1,5569	980,1	980,4	982,2		
95,9642	1,5525	980,7	980,6	982,2		
95,9809	1,5569	980,4	980,5	982,2		
95,9975	1,5547	980,2	980,4	982,0		
96,0142	1,5569	980,3	980,4	982,1		
96,0309	1,5613	980,1	980,3	982,0		
96,0475	1,5653	980,3	980,4	982,1		
96,0642	1,5529	979,8	980,2	981,9		
96,0809	1,5609	980,5	980,5	982,2		
96,0975	1,5560	979,8	980,2	982,0		
96,1142	1,5631	980,8	980,6	982,1		
96,1309	1,5684	980,3	980,4	982,1		
96,1475	1,5622	980,3	980,3	982,1		
96,1642	1,5595	980,4	980,5	982,1		
96,1809	1,5595	980,3	980,3	982,1		
96,1975	1,5662	980,5	980,4	982,0		
96,2142	1,5684	980,5	980,5	982,1		
96,2309	1,5622	980,5	980,5	982,1		
96,2475	1,5684	980,4	980,5	982,1		
96,2642	1,5679	980,2	980,4	982,0		
96,2809	1,5618	980,2	980,2	981,9		
96,2975	1,5684	980,1	980,3	981,9		
96,3142	1,5728	980,2	980,3	982,1		
96,3309	1,5732	980,1	980,3	981,9		
96,3475	1,5710	980,4	980,5	982,2		
96,3642	1,5715	980,2	980,4	982,2		
96,3809	1,5741	980,2	980,4	982,0		
96,3975	1,5777	980,2	980,4	982,1		
96,4142	1,5706	980,0	980,2	981,9		
96,4309	1,5746	980,5	980,5	982,2		
96,4475	1,5746	979,9	980,2	982,0		
96,4642	1,5706	980,1	980,2	981,9		
96,4809	1,5741	980,5	980,5	982,3		
96,4975	1,5763	980,5	980,4	982,1		
96,5142	1,5719	980,1	980,3	982,0		
96,5309	1,5741	980,2	980,4	982,0		
96,5475	1,5830	980,3	980,3	982,1		
96,5642	1,5671	980,3	980,3	982,0		
96,5809	1,5839	980,2	980,4	982,0		
96,5975	1,5799	980,3	980,4	982,1		
96,6142	1,5816	980,4	980,3	982,0		
96,6309	1,5763	980,2	980,4	982,1		
96,6475	1,5843	980,2	980,3	982,0		
96,6642	1,5794	980,3	980,4	982,1		
96,6809	1,5781	980,3	980,4	982,0		
96,6975	1,5852	980,3	980,4	982,1		
96,7142	1,5892	980,2	980,3	982,0		
96,7309	1,5803	980,3	980,4	982,1		
96,7475	1,5927	980,3	980,4	982,1		
96,7642	1,5923	980,2	980,3	982,0		
96,7809	1,5940	980,2	980,3	981,9		
96,7975	1,5856	980,3	980,4	982,0		
96,8142	1,5914	980,3	980,4	982,1		
96,8309	1,5865	980,3	980,4	982,1		
96,8475	1,5914	980,3	980,4	982,1		
96,8642	1,5887	980,2	980,3	982,0		
96,8809	1,5839	980,3	980,4	982,1		
96,8975	1,5883	980,3	980,3	982,0		
96,9142	1,5900	980,3	980,3	982,0		
96,9309	1,5909	980,4	980,4	982,1		
96,9475	1,5940	980,4	980,4	982,1		
96,9642	1,5971	980,2	980,3	982,0		
96,9809	1,5962	980,2	980,4	982,1		
96,9975	1,5927	980,2	980,4	982,0		
97,0142	1,5905	980,3	980,4	982,1		
97,0309	1,5984	980,2	980,4	982,0		
97,0475	1,5967	980,3	980,4	982,1		
97,0642	1,5958	980,2	980,4	982,1		
97,0809	1,5993	980,3	980,4	982,1		
97,0975	1,5927	980,2	980,3	982,0		
97,1142	1,6037	980,4	980,5	982,2		
97,1309	1,5993	980,2	980,3	981,9		
97,1475	1,6024	980,3	980,4	982,1		
97,1642	1,6073	980,3	980,4	982,1		
97,1809	1,6002	980,2	980,3	982,0		
97,1975	1,5993	980,2	980,4	982,1		
97,2142	1,5971	980,3	980,4	982,1		
97,2309	1,6033	980,2	980,3	982,1		
97,2475	1,5958	980,3	980,4	982,1		
97,2642	1,6068	980,3	980,3	982,0		
97,2809	1,5989	980,3	980,4	982,0		
97,2975	1,6135	980,4	980,4	982,1		
97,3142	1,6064	980,4	980,4	982,1		
97,3309	1,6077	980,2	980,4	982,1		
97,3475	1,6082	980,3	980,4	982,1		
97,3642	1,6121	980,3	980,4	982,0		
97,3809	1,6077	980,2	980,4	982,1		
97,3975	1,6082	980,2	980,3	982,0		
97,4142	1,6161	980,2	980,4	982,1		
97,4309	1,6051	980,3	980,4	982,1		
97,4475	1,6086	980,3	980,4	982,1		
97,4642	1,6152	980,2	980,4	982,0		
97,4809	1,6082	980,2	980,3	981,9		
97,4975	1,6095	980,3	980,4	982,2		
97,5142	1,6113	980,1	980,3	981,9		
97,5309	1,6139	980,3	980,4	982,1		
97,5475	1,6188	980,3	980,4	982,0		
97,5642	1,6086	980,3	980,3	982,0		
97,5809	1,6139	980,3	980,4	982,1		
97,5975	1,6148	980,3	980,4	982,1		
97,6142	1,6157	980,3	980,4	982,1		
97,6309	1,6055	980,3	980,4	982,1		
97,6475	1,6139	980,3	980,4	982,1		
97,6642	1,6170	980,3	980,4	982,1		
97,6809	1,6179	980,3	980,4	982,1		
97,6975	1,6241	980,3	980,4	982,1		
97,7142	1,6272	980,2	980,3	982,0		
97,7309	1,6197	980,2	980,4	982,1		
97,7475	1,6166	980,3	980,5	982,1		
97,7642	1,6192	980,4	980,4	982,1		
97,7809	1,6267	980,3	980,3	982,0		
97,7975	1,6241	980,3	980,4	982,1		
97,8142	1,6214	980,3	980,4	982,1		
97,8309	1,6254	980,3	980,4	982,1		
97,8475	1,6294	980,3	980,4	982,1		
97,8642	1,6228	980,3	980,4	982,0		
97,8809	1,6334	980,2	980,4	982,1		
97,8975	1,6351	980,3	980,3	982,1		
97,9142	1,6316	980,2	980,4	982,0		
97,9309	1,6360	980,3	980,4	982,1		
97,9475	1,6254	980,3	980,4	982,1		
97,9642	1,6267	980,3	980,3	982,0		
97,9809	1,6413	980,3	980,4	982,0		
97,9975	1,6289	980,3	980,4	982,1		
98,0142	1,6254	980,3	980,4	982,1		
98,0309	1,6294	980,3	980,4	982,1		
98,0475	1,6325	980,3	980,3	982,0		
98,0642	1,6351	980,2	980,4	982,1		
98,0809	1,6369	980,3	980,4	982,1		
98,0975	1,6365	980,3	980,4	982,0		
98,1142	1,6369	980,2	980,4	982,1		
98,1309	1,6373	980,3	980,3	982,0		
98,1475	1,6400	980,2	980,4	982,1		
98,1642	1,6444	980,2	980,4	982,0		
98,1809	1,6462	980,2	980,3	982,0		
98,1975	1,6396	980,4	980,4	982,1		
98,2142	1,6396	980,1	980,3	982,1		
98,2309	1,6387	980,2	980,4	982,1		
98,2475	1,6387	980,1	980,2	981,9		
98,2642	1,6462	980,2	980,4	982,2		
98,2809	1,6413	980,2	980,3	981,9		
98,2975	1,6400	980,2	980,3	982,0		
98,3142	1,6480	980,3	980,3	982,0		
98,3309	1,6497	980,2	980,3	982,0		
98,3475	1,6413	980,3	980,4	982,1		
98,3642	1,6506	980,3	980,4	982,0		
98,3809	1,6466	980,3	980,4	982,1		
98,3975	1,6537	980,3	980,3	982,0		
98,4142	1,6480	980,3	980,4	982,1		
98,4309	1,6528	980,3	980,4	982,1		
98,4475	1,6590	980,3	980,4	982,2		
98,4642	1,6449	980,2	980,3	982,0		
98,4809	1,6524	980,3	980,4	982,0		
98,4975	1,6519	980,2	980,3	981,9		
98,5142	1,6550	980,3	980,4	982,2		
98,5309	1,6480	980,3	980,5	982,2		
98,5475	1,6621	980,3	980,4	982,1		
98,5642	1,6617	980,3	980,5	982,1		
98,5809	1,6541	980,2	980,3	982,0		
98,5975	1,6625	980,2	980,3	982,0		
98,6142	1,6612	980,3	980,4	982,1		
98,6309	1,6568	980,3	980,4	982,1		
98,6475	1,6608	980,3	980,4	982,1		
98,6642	1,6625	980,2	980,3	981,9		
98,6809	1,6555	980,3	980,5	982,2		
98,6975	1,6510	980,3	980,3	982,0		
98,7142	1,6625	980,3	980,4	982,1		
98,7309	1,6630	980,2	980,4	982,1		
98,7475	1,6603	980,3	980,4	982,1		
98,7642	1,6639	980,3	980,3	982,1		
98,7809	1,6643	980,2	980,3	982,0		
98,7975	1,6528	980,3	980,4	982,1		
98,8142	1,6603	980,3	980,3	982,0		
98,8309	1,6678	980,3	980,4	982,1		
98,8475	1,6687	980,3	980,4	982,2		
98,8642	1,6678	980,2	980,3	981,9		
98,8809	1,6687	980,2	980,3	982,1		
98,8975	1,6661	980,3	980,5	982,2		
98,9142	1,6656	980,3	980,5	982,1		
98,9309	1,6621	980,3	980,5	982,1		
98,9475	1,6732	980,3	980,5	982,1		
98,9642	1,6705	980,3	980,4	982,1		
98,9809	1,6652	980,3	980,4	982,1		
98,9975	1,6776	980,2	980,4	982,0		
99,0142	1,6692	980,2	980,3	982,0		
99,0309	1,6740	980,3	980,4	982,2		
99,0475	1,6674	980,2	980,4	982,1		
99,0642	1,6838	980,3	980,3	982,0		
99,0809	1,6789	980,2	980,3	982,0		
99,0975	1,6723	980,2	980,4	982,1		
99,1142	1,6701	980,2	980,3	982,0		
99,1309	1,6740	980,3	980,4	982,1		
99,1475	1,6780	980,3	980,4	982,1		
99,1642	1,6833	980,3	980,4	982,1		
99,1809	1,6732	980,3	980,4	982,0		
99,1975	1,6802	980,4	980,4	982,2		
99,2142	1,6855	980,3	980,4	982,1		
99,2309	1,6785	980,3	980,4	982,1		
99,2475	1,6798	980,3	980,4	982,0		
99,2642	1,6855	980,3	980,4	982,0		
99,2809	1,6838	980,3	980,4	982,2		
99,2975	1,6838	980,3	980,5	982,2		
99,3142	1,6860	980,3	980,4	982,0		
99,3309	1,6886	980,3	980,4	982,1		
99,3475	1,6855	980,3	980,4	982,1		
99,3642	1,6886	980,3	980,4	982,0		
99,3809	1,6904	980,2	980,3	982,1		
99,3975	1,6886	980,3	980,4	982,1		
99,4142	1,6961	980,2	980,4	982,0		
99,4309	1,6899	980,3	980,4	982,1		
99,4475	1,6922	980,2	980,3	982,0		
99,4642	1,6886	980,3	980,4	982,1		
99,4809	1,6939	980,3	980,4	982,1		
99,4975	1,6869	980,3	980,4	982,1		
99,5142	1,6908	980,2	980,3	982,1		
99,5309	1,6855	980,2	980,4	982,1		
99,5475	1,6904	980,3	980,4	982,1		
99,5642	1,6908	980,3	980,4	982,2		
99,5809	1,6953	980,4	980,5	982,1		
99,5975	1,6970	980,3	980,4	982,2		
99,6142	1,6988	980,2	980,4	982,1		
99,6309	1,6966	980,3	980,3	982,0		
99,6475	1,7050	980,3	980,4	982,1		
99,6642	1,6944	980,2	980,3	981,9		
99,6809	1,6966	980,3	980,4	982,1		
99,6975	1,7076	980,3	980,5	982,2		
99,7142	1,6944	980,3	980,4	982,1		
99,7309	1,6988	980,3	980,4	982,1		
99,7475	1,7067	980,3	980,4	982,0		
99,7642	1,6992	980,3	980,5	982,1		
99,7809	1,7072	980,2	980,4	982,1		
99,7975	1,7147	980,3	980,4	982,1		
99,8142	1,7085	980,2	980,3	982,0		
99,8309	1,7014	980,3	980,4	982,1		
99,8475	1,7085	980,3	980,4	982,0		
99,8642	1,7059	980,3	980,4	982,1		
99,8809	1,7085	980,2	980,4	982,2		
99,8975	1,7028	980,3	980,4	982,1		
99,9142	1,7067	980,4	980,5	982,2		
99,9309	1,7174	980,3	980,4	982,1		
99,9475	1,7067	980,3	980,4	982,1		
99,9642	1,7050	980,3	980,4	982,1		
99,9809	1,7129	980,3	980,4	982,1		
99,9975	1,7081	980,3	980,4	982,1		
100,0142	1,7116	980,3	980,4	982,1		
100,0309	1,7143	980,3	980,4	982,1		
100,0475	1,7169	980,2	980,4	982,0		
100,0642	1,7165	980,2	980,3	982,0		
100,0809	1,7121	980,2	980,3	982,1		
100,0975	1,7169	980,2	980,4	982,1		
100,1142	1,7169	980,2	980,4	982,1		
100,1309	1,7138	980,2	980,3	981,9		
100,1475	1,7107	980,3	980,5	982,2		
100,1642	1,7204	980,3	980,4	982,1		
100,1809	1,7368	980,3	980,4	982,0		
100,1975	1,7288	980,2	980,4	982,1		
100,2142	1,7209	980,3	980,4	982,1		
100,2309	1,7200	980,3	980,4	982,1		
100,2475	1,7196	980,3	980,4	982,1		
100,2642	1,7213	980,3	980,3	982,1		
100,2809	1,7196	980,3	980,4	982,1		
100,2975	1,7227	980,3	980,4	982,1		
100,3142	1,7271	980,3	980,4	982,1		
100,3309	1,7191	980,3	980,4	982,1		
100,3475	1,7266	980,2	980,3	982,0		
100,3642	1,7244	980,3	980,3	981,9		
100,3809	1,7311	980,3	980,3	982,0		
100,3975	1,7302	980,3	980,4	982,0		
100,4142	1,7293	980,3	980,4	982,1		
100,4309	1,7333	980,3	980,5	982,3		
100,4475	1,7346	980,4	980,5	982,2		
100,4642	1,7302	980,3	980,4	982,2		
100,4809	1,7311	980,3	980,4	982,1		
100,4975	1,7346	980,3	980,4	982,1		
100,5142	1,7412	980,2	980,4	982,1		
100,5309	1,7412	980,3	980,4	982,0		
100,5475	1,7342	980,2	980,4	982,0		
100,5642	1,7324	980,3	980,4	982,0		
100,5809	1,7399	980,3	980,4	982,1		
100,5975	1,7302	980,3	980,4	982,1		
100,6142	1,7377	980,3	980,4	982,1		
100,6309	1,7443	980,3	980,4	982,1		
100,6475	1,7461	980,3	980,4	982,1		
100,6642	1,7350	980,2	980,3	982,0		
100,6809	1,7465	980,3	980,4	982,1		
100,6975	1,7412	980,3	980,4	982,1		
100,7142	1,7381	980,3	980,4	982,1		
100,7309	1,7399	980,3	980,4	982,1		
100,7475	1,7505	980,3	980,4	982,1		
100,7642	1,7412	980,3	980,4	982,1		
100,7809	1,7421	980,3	980,4	982,0		
100,7975	1,7510	980,3	980,4	982,1		
100,8142	1,7567	980,3	980,4	982,1		
100,8309	1,7448	980,3	980,4	982,1		
100,8475	1,7479	980,3	980,4	982,1		
100,8642	1,7501	980,3	980,4	982,0		
100,8809	1,7474	980,3	980,4	982,1		
100,8975	1,7426	980,3	980,3	982,0		
100,9142	1,7527	980,3	980,3	981,9		
100,9309	1,7593	980,3	980,4	982,0		
100,9475	1,7496	980,3	980,5	982,2		
100,9642	1,7536	980,3	980,4	982,1		
100,9809	1,7452	980,3	980,4	982,1		
100,9975	1,7514	980,4	980,5	982,1		
101,0142	1,7518	980,3	980,4	982,1		
101,0309	1,7532	980,3	980,4	982,1		
101,0475	1,7479	980,3	980,4	982,0		
101,0642	1,7501	980,3	980,4	982,1		
101,0809	1,7505	980,4	980,4	982,1		
101,0975	1,7651	980,3	980,3	982,0		
101,1142	1,7549	980,3	980,4	982,1		
101,1309	1,7571	980,3	980,4	982,1		
101,1475	1,7518	980,2	980,3	982,0		
101,1642	1,7585	980,4	980,4	982,1		
101,1809	1,7611	980,3	980,4	982,2		
101,1975	1,7682	980,3	980,4	982,1		
101,2142	1,7642	980,2	980,4	982,0		
101,2309	1,7651	980,4	980,5	982,1		
101,2475	1,7616	980,2	980,3	982,0		
101,2642	1,7624	980,3	980,4	982,1		
101,2809	1,7607	980,3	980,4	982,1		
101,2975	1,7695	980,3	980,4	982,0		
101,3142	1,7691	980,3	980,4	982,1		
101,3309	1,7691	980,3	980,4	982,1		
101,3475	1,7624	980,3	980,4	982,0		
101,3642	1,7748	980,3	980,4	982,1		
101,3809	1,7766	980,2	980,3	982,1		
101,3975	1,7815	980,3	980,4	982,1		
101,4142	1,7629	980,3	980,4	982,0		
101,4309	1,7753	980,3	980,4	982,1		
101,4475	1,7753	980,3	980,4	982,0		
101,4642	1,7810	980,3	980,4	982,1		
101,4809	1,7660	980,4	980,4	982,1		
101,4975	1,7731	980,4	980,4	982,1		
101,5142	1,7700	980,3	980,4	982,1		
101,5309	1,7761	980,3	980,5	982,1		
101,5475	1,7797	980,3	980,4	982,1		
101,5642	1,7744	980,3	980,4	982,1		
101,5809	1,7766	980,4	980,4	982,1		
101,5975	1,7726	980,3	980,5	982,2		
101,6142	1,7823	980,4	980,5	982,2		
101,6309	1,7770	980,3	980,4	982,1		
101,6475	1,7832	980,4	980,5	982,2		
101,6642	1,7784	980,3	980,4	982,1		
101,6809	1,7828	980,3	980,4	982,1		
101,6975	1,7841	980,2	980,4	982,0		
101,7142	1,7845	980,4	980,4	982,2		
101,7309	1,7744	980,3	980,4	982,0		
101,7475	1,7872	980,2	980,4	982,0		
101,7642	1,7929	980,3	980,4	982,1		
101,7809	1,7916	980,3	980,4	982,1		
101,7975	1,7828	980,3	980,4	982,0		
101,8142	1,7965	980,3	980,4	982,1		
101,8309	1,7863	980,3	980,4	982,1		
101,8475	1,7859	980,3	980,4	982,1		
101,8642	1,7881	980,3	980,4	982,1		
101,8809	1,7974	980,3	980,4	982,1		
101,8975	1,7916	980,3	980,4	982,1		
101,9142	1,7885	980,4	980,4	982,1		
101,9309	1,7996	980,3	980,3	982,0		
101,9475	1,7850	980,4	980,4	982,1		
101,9642	1,7982	980,3	980,4	982,0		
101,9809	1,7912	980,4	980,4	982,1		
101,9975	1,7947	980,2	980,5	982,5		
102,0142	1,8005	980,3	980,7	982,5		
102,0309	1,8027	980,3	980,7	982,4		
102,0475	1,7974	980,3	980,7	982,4		
102,0642	1,8027	980,3	980,5	982,2		
102,0809	1,8106	980,3	980,5	982,2		
102,0975	1,7996	980,3	980,5	982,2		
102,1142	1,8022	980,3	980,5	982,2		
102,1309	1,8093	980,3	980,6	982,3		
102,1475	1,8071	980,2	980,5	982,2		
102,1642	1,8106	980,3	980,5	982,1		
102,1809	1,8049	980,2	980,5	982,1		
102,1975	1,8071	980,2	980,5	982,2		
102,2142	1,8089	980,2	980,5	982,2		
102,2309	1,8124	980,2	980,5	982,1		
102,2475	1,8066	980,2	980,5	982,2		
102,2642	1,8106	980,3	980,5	982,2		
102,2809	1,8120	980,3	980,5	982,2		
102,2975	1,8150	980,2	980,5	982,2		
102,3142	1,8093	980,2	980,4	982,1		
102,3309	1,8111	980,2	980,5	982,2		
102,3475	1,8212	980,3	980,5	982,2		
102,3642	1,8177	980,3	980,5	982,2		
102,3809	1,8204	980,2	980,4	982,2		
102,3975	1,8089	980,3	980,5	982,3		
102,4142	1,8261	980,3	980,5	982,2		
102,4309	1,8089	980,3	980,5	982,2		
102,4475	1,8212	980,4	980,6	982,2		
102,4642	1,8199	980,2	980,5	982,2		
102,4809	1,8221	980,3	980,5	982,2		
102,4975	1,8177	980,3	980,5	982,2		
102,5142	1,8270	980,3	980,5	982,1		
102,5309	1,8239	980,3	980,5	982,2		
102,5475	1,8208	980,3	980,5	982,2		
102,5642	1,8217	980,2	980,5	982,1		
102,5809	1,8261	980,3	980,5	982,1		
102,5975	1,8221	980,3	980,5	982,2		
102,6142	1,8288	980,3	980,5	982,1		
102,6309	1,8234	980,3	980,5	982,2		
102,6475	1,8336	980,3	980,5	982,2		
102,6642	1,8274	980,2	980,5	982,2		
102,6809	1,8226	980,2	980,5	982,1		
102,6975	1,8261	980,2	980,5	982,2		
102,7142	1,8288	980,2	980,5	982,2		
102,7309	1,8292	980,3	980,5	982,2		
102,7475	1,8323	980,2	980,4	982,2		
102,7642	1,8354	980,3	980,5	982,2		
102,7809	1,8283	980,3	980,5	982,2		
102,7975	1,8341	980,2	980,5	982,2		
102,8142	1,8341	980,3	980,5	982,1		
102,8309	1,8314	980,3	980,5	982,2		
102,8475	1,8385	980,4	980,5	982,2		
102,8642	1,8332	980,4	980,5	982,2		
102,8809	1,8358	980,3	980,5	982,2		
102,8975	1,8411	980,3	980,5	982,1		
102,9142	1,8433	980,2	980,5	982,1		
102,9309	1,8411	980,2	980,4	982,1		
102,9475	1,8376	980,2	980,5	982,2		
102,9642	1,8504	980,3	980,6	982,3		
102,9809	1,8460	980,2	980,5	982,0		
102,9975	1,8455	980,2	980,5	982,1		
103,0142	1,8455	980,2	980,5	982,1		
103,0309	1,8473	980,2	980,5	982,1		
103,0475	1,8517	980,2	980,5	982,2		
103,0642	1,8407	980,2	980,5	982,1		
103,0809	1,8460	980,3	980,5	982,2		
103,0975	1,8535	980,3	980,6	982,3		
103,1142	1,8447	980,2	980,5	982,2		
103,1309	1,8504	980,2	980,5	982,2		
103,1475	1,8495	980,3	980,5	982,2		
103,1642	1,8593	980,3	980,5	982,2		
103,1809	1,8504	980,3	980,5	982,2		
103,1975	1,8478	980,2	980,4	982,1		
103,2142	1,8544	980,3	980,5	982,1		
103,2309	1,8553	980,3	980,6	982,3		
103,2475	1,8535	980,3	980,5	982,2		
103,2642	1,8566	980,3	980,5	982,1		
103,2809	1,8593	980,4	980,6	982,2		
103,2975	1,8584	980,2	980,4	982,1		
103,3142	1,8491	980,3	980,5	982,2		
103,3309	1,8601	980,3	980,4	982,1		
103,3475	1,8584	980,3	980,5	982,2		
103,3642	1,8628	980,2	980,4	982,1		
103,3809	1,8672	980,3	980,5	982,1		
103,3975	1,8584	980,2	980,5	982,1		
103,4142	1,8562	980,2	980,5	982,1		
103,4309	1,8699	980,2	980,4	982,1		
103,4475	1,8632	980,2	980,4	982,1		
103,4642	1,8606	980,3	980,5	982,1		
103,4809	1,8641	980,3	980,5	982,2		
103,4975	1,8659	980,3	980,5	982,2		
103,5142	1,8694	980,3	980,5	982,2		
103,5309	1,8699	980,2	980,5	982,2		
103,5475	1,8654	980,2	980,5	982,1		
103,5642	1,8760	980,1	980,4	982,1		
103,5809	1,8760	980,3	980,5	982,1		
103,5975	1,8783	980,4	980,7	982,4		
103,6142	1,8668	980,3	980,6	982,2		
103,6309	1,8738	980,3	980,6	982,3		
103,6475	1,8769	980,4	980,6	982,3		
103,6642	1,8712	980,4	980,6	982,2		
103,6809	1,8699	980,4	980,6	982,2		
103,6975	1,8747	980,4	980,6	982,2		
103,7142	1,8760	980,3	980,5	982,2		
103,7309	1,8822	980,3	980,5	982,2		
103,7475	1,8743	980,3	980,5	982,1		
103,7642	1,8765	980,4	980,5	982,1		
103,7809	1,8765	980,3	980,5	982,2		
103,7975	1,8836	980,2	980,4	982,1		
103,8142	1,8822	980,3	980,4	982,1		
103,8309	1,8783	980,3	980,5	982,1		
103,8475	1,8906	980,2	980,5	982,1		
103,8642	1,8840	980,2	980,4	982,1		
103,8809	1,8809	980,3	980,4	982,1		
103,8975	1,8849	980,2	980,4	982,1		
103,9142	1,8898	980,3	980,5	982,1		
103,9309	1,8774	980,2	980,5	982,1		
103,9475	1,8862	980,2	980,6	982,2		
103,9642	1,8827	980,3	980,5	982,2		
103,9809	1,8884	980,3	980,5	982,1		
103,9975	1,8871	980,3	980,5	982,2		
104,0142	1,8942	980,3	980,5	982,2		
104,0309	1,8928	980,3	980,5	982,2		
104,0475	1,8911	980,3	980,5	982,1		
104,0642	1,8964	980,2	980,5	982,2		
104,0809	1,8924	980,3	980,5	982,1		
104,0975	1,8928	980,4	980,5	982,2		
104,1142	1,9026	980,3	980,5	982,2		
104,1309	1,8867	980,2	980,5	982,2		
104,1475	1,9021	980,4	980,5	982,2		
104,1642	1,8951	980,4	980,5	982,2		
104,1809	1,8964	980,3	980,6	982,2		
104,1975	1,8995	980,3	980,5	982,1		
104,2142	1,8955	980,4	980,6	982,3		
104,2309	1,9008	980,3	980,5	982,2		
104,2475	1,9052	980,3	980,5	982,1		
104,2642	1,8946	980,3	980,5	982,2		
104,2809	1,9004	980,3	980,5	982,1		
104,2975	1,9092	980,3	980,5	982,2		
104,3142	1,9061	980,2	980,5	982,2		
104,3309	1,9127	980,3	980,6	982,3		
104,3475	1,9079	980,3	980,5	982,0		
104,3642	1,9096	980,2	980,4	982,1		
104,3809	1,9105	980,2	980,5	982,1		
104,3975	1,9105	980,4	980,7	982,4		
104,4142	1,9167	980,3	980,5	982,1		
104,4309	1,9110	980,3	980,5	982,3		
104,4475	1,9110	980,3	980,6	982,2		
104,4642	1,9092	980,2	980,5	982,1		
104,4809	1,9079	980,3	980,5	982,2		
104,4975	1,9070	980,2	980,4	982,0		
104,5142	1,9079	980,4	980,6	982,3		
104,5309	1,9105	980,3	980,4	982,1		
104,5475	1,9119	980,3	980,5	982,2		
104,5642	1,9150	980,3	980,5	982,1		
104,5809	1,9176	980,3	980,4	982,1		
104,5975	1,9185	980,3	980,5	982,1		
104,6142	1,9180	980,3	980,5	982,2		
104,6309	1,9238	980,3	980,5	982,1		
104,6475	1,9247	980,3	980,6	982,2		
104,6642	1,9110	980,4	980,6	982,2		
104,6809	1,9207	980,3	980,6	982,3		
104,6975	1,9264	980,3	980,5	982,2		
104,7142	1,9273	980,3	980,6	982,2		
104,7309	1,9220	980,3	980,5	982,1		
104,7475	1,9295	980,3	980,6	982,2		
104,7642	1,9269	980,3	980,5	982,2		
104,7809	1,9264	980,3	980,5	982,1		
104,7975	1,9264	980,2	980,5	982,1		
104,8142	1,9278	980,3	980,5	982,1		
104,8309	1,9353	980,3	980,5	982,1		
104,8475	1,9304	980,2	980,5	982,1		
104,8642	1,9282	980,3	980,5	982,1		
104,8809	1,9388	980,3	980,5	982,1		
104,8975	1,9326	980,3	980,5	982,1		
104,9142	1,9335	980,2	980,5	982,1		
104,9309	1,9335	980,3	980,5	982,1		
104,9475	1,9317	980,3	980,5	982,2		
104,9642	1,9401	980,3	980,5	982,1		
104,9809	1,9375	980,3	980,5	982,2		
104,9975	1,9459	980,3	980,5	982,2		
105,0142	1,9366	980,3	980,5	982,1		
105,0309	1,9401	980,2	980,4	982,1		
105,0475	1,9393	980,3	980,5	982,1		
105,0642	1,9441	980,2	980,4	982,1		
105,0809	1,9371	980,3	980,5	982,2		
105,0975	1,9401	980,3	980,6	982,2		
105,1142	1,9455	980,3	980,5	982,2		
105,1309	1,9450	980,4	980,6	982,3		
105,1475	1,9371	980,4	980,6	982,2		
105,1642	1,9393	980,3	980,5	982,2		
105,1809	1,9437	980,3	980,5	982,2		
105,1975	1,9455	980,4	980,6	982,3		
105,2142	1,9485	980,4	980,5	982,2		
105,2309	1,9472	980,3	980,5	982,2		
105,2475	1,9455	980,3	980,5	982,1		
105,2642	1,9432	980,3	980,5	982,1		
105,2809	1,9508	980,3	980,5	982,1		
105,2975	1,9432	980,4	980,5	982,2		
105,3142	1,9583	980,3	980,5	982,1		
105,3309	1,9543	980,3	980,5	982,1		
105,3475	1,9569	980,3	980,6	982,2		
105,3642	1,9499	980,3	980,5	982,1		
105,3809	1,9578	980,3	980,5	982,1		
105,3975	1,9618	980,3	980,6	982,3		
105,4142	1,9618	980,3	980,5	982,2		
105,4309	1,9534	980,3	980,5	982,2		
105,4475	1,9649	980,3	980,5	982,1		
105,4642	1,9534	980,3	980,5	982,1		
105,4809	1,9556	980,3	980,6	982,2		
105,4975	1,9587	980,3	980,4	982,1		
105,5142	1,9653	980,3	980,5	982,1		
105,5309	1,9627	980,3	980,5	982,1		
105,5475	1,9667	980,3	980,5	982,1		
105,5642	1,9645	980,3	980,5	982,2		
105,5809	1,9636	980,3	980,5	982,2		
105,5975	1,9658	980,3	980,5	982,2		
105,6142	1,9627	980,3	980,5	982,2		
105,6309	1,9609	980,3	980,5	982,1		
105,6475	1,9751	980,4	980,7	982,5		
105,6642	1,9614	980,4	980,5	982,2		
105,6809	1,9786	980,4	980,5	982,3		
105,6975	1,9737	980,3	980,5	982,1		
105,7142	1,9689	980,3	980,5	982,1		
105,7309	1,9782	980,3	980,4	982,0		
105,7475	1,9786	980,4	980,6	982,4		
105,7642	1,9755	980,4	980,7	982,3		
105,7809	1,9653	980,4	980,6	982,3		
105,7975	1,9844	980,4	980,6	982,3		
105,8142	1,9724	980,3	980,6	982,2		
105,8309	1,9729	980,4	980,6	982,3		
105,8475	1,9799	980,3	980,5	982,2		
105,8642	1,9790	980,4	980,6	982,2		
105,8809	1,9799	980,2	980,5	982,1		
105,8975	1,9830	980,3	980,5	982,2		
105,9142	1,9813	980,3	980,5	982,1		
105,9309	1,9870	980,3	980,5	982,2		
105,9475	1,9786	980,3	980,5	982,2		
105,9642	1,9826	980,3	980,5	982,1		
105,9809	1,9866	980,3	980,5	982,3		
105,9975	1,9852	980,4	980,5	982,2		
106,0142	1,9861	980,4	980,6	982,2		
106,0309	1,9879	980,3	980,5	982,2		
106,0475	1,9844	980,2	980,5	982,2		
106,0642	1,9905	980,4	980,5	982,2		
106,0809	1,9835	980,3	980,5	982,2		
106,0976	1,9888	980,3	980,5	982,2		
106,1142	1,9945	980,3	980,5	982,2		
106,1309	1,9985	980,4	980,5	982,2		
106,1476	1,9928	980,3	980,5	982,2		
106,1642	1,9923	980,3	980,5	982,2		
106,1809	1,9910	980,3	980,6	982,2		
106,1976	1,9923	980,4	980,5	982,2		
106,2142	1,9901	980,3	980,5	982,2		
106,2309	1,9941	980,4	980,6	982,2		
106,2476	1,9945	980,3	980,5	982,2		
106,2642	1,9994	980,4	980,5	982,2		
106,2809	1,9994	980,4	980,6	982,2		
106,2976	2,0073	980,3	980,5	982,2		
106,3142	2,0020	980,3	980,5	982,2		
106,3309	2,0095	980,4	980,5	982,2		
106,3476	2,0069	980,3	980,5	982,1		
106,3642	2,0034	980,3	980,5	982,2		
106,3809	2,0016	980,3	980,5	982,2		
106,3976	2,0034	980,3	980,5	982,2		
106,4142	2,0118	980,4	980,5	982,2		
106,4309	2,0078	980,3	980,5	982,2		
106,4476	2,0126	980,3	980,5	982,2		
106,4642	2,0056	980,3	980,6	982,2		
106,4809	2,0104	980,3	980,5	982,1		
106,4976	2,0149	980,3	980,5	982,2		
106,5142	2,0078	980,4	980,5	982,2		
106,5309	2,0188	980,3	980,4	982,1		
106,5476	2,0157	980,3	980,5	982,1		
106,5642	2,0188	980,3	980,6	982,2		
106,5809	2,0179	980,3	980,5	982,2		
106,5976	2,0206	980,3	980,6	982,2		
106,6142	2,0277	980,4	980,5	982,2		
106,6309	2,0259	980,4	980,6	982,3		
106,6476	2,0197	980,3	980,5	982,2		
106,6642	2,0179	980,3	980,6	982,3		
106,6809	2,0104	980,4	980,6	982,2		
106,6976	2,0317	980,3	980,5	982,2		
106,7142	2,0294	980,4	980,5	982,3		
106,7309	2,0241	980,4	980,5	982,2		
106,7476	2,0188	980,4	980,5	982,2		
106,7642	2,0197	980,4	980,6	982,2		
106,7809	2,0224	980,4	980,5	982,2		
106,7976	2,0277	980,4	980,5	982,2		
106,8142	2,0286	980,3	980,5	982,1		
106,8309	2,0281	980,3	980,5	982,2		
106,8476	2,0237	980,4	980,6	982,3		
106,8642	2,0325	980,3	980,5	982,2		
106,8809	2,0343	980,3	980,5	982,2		
106,8976	2,0312	980,3	980,5	982,2		
106,9142	2,0268	980,3	980,6	982,2		
106,9309	2,0361	980,3	980,5	982,2		
106,9476	2,0312	980,3	980,5	982,2		
106,9642	2,0378	980,3	980,6	982,2		
106,9809	2,0387	980,4	980,6	982,2		
106,9976	2,0392	980,3	980,6	982,2		
107,0142	2,0356	980,4	980,6	982,3		
107,0309	2,0409	980,3	980,5	982,2		
107,0476	2,0370	980,3	980,5	982,1		
107,0642	2,0467	980,3	980,5	982,2		
107,0809	2,0454	980,3	980,5	982,2		
107,0976	2,0392	980,3	980,5	982,1		
107,1142	2,0431	980,3	980,5	982,2		
107,1309	2,0396	980,3	980,6	982,1		
107,1476	2,0449	980,4	980,6	982,2		
107,1642	2,0507	980,4	980,5	982,3		
107,1809	2,0414	980,4	980,5	982,2		
107,1976	2,0400	980,4	980,5	982,2		
107,2142	2,0573	980,3	980,5	982,2		
107,2309	2,0489	980,4	980,6	982,2		
107,2476	2,0400	980,4	980,6	982,2		
107,2642	2,0507	980,4	980,5	982,2		
107,2809	2,0529	980,3	980,5	982,2		
107,2976	2,0546	980,4	980,5	982,2		
107,3142	2,0520	980,3	980,5	982,2		
107,3309	2,0564	980,4	980,6	982,2		
107,3476	2,0445	980,4	980,5	982,2		
107,3642	2,0608	980,4	980,5	982,1		
107,3809	2,0604	980,2	980,5	982,1		
107,3976	2,0670	980,3	980,4	982,1		
107,4142	2,0524	980,3	980,5	982,1		
107,4309	2,0604	980,3	980,5	982,1		
107,4476	2,0657	980,3	980,5	982,2		
107,4642	2,0604	980,3	980,5	982,1		
107,4809	2,0666	980,3	980,5	982,2		
107,4976	2,0675	980,3	980,5	982,2		
107,5142	2,0648	980,3	980,5	982,1		
107,5309	2,0626	980,3	980,5	982,2		
107,5476	2,0604	980,3	980,5	982,1		
107,5642	2,0728	980,3	980,5	982,2		
107,5809	2,0644	980,4	980,6	982,3		
107,5976	2,0657	980,3	980,5	982,2		
107,6142	2,0670	980,4	980,5	982,2		
107,6309	2,0666	980,4	980,5	982,3		
107,6476	2,0710	980,4	980,6	982,2		
107,6642	2,0675	980,4	980,6	982,2		
107,6809	2,0692	980,4	980,5	982,2		
107,6976	2,0745	980,4	980,5	982,1		
107,7142	2,0701	980,3	980,5	982,2		
107,7309	2,0767	980,4	980,6	982,2		
107,7476	2,0794	980,4	980,5	982,2		
107,7642	2,0794	980,3	980,5	982,1		
107,7809	2,0816	980,3	980,5	982,2		
107,7976	2,0781	980,3	980,5	982,1		
107,8142	2,0794	980,3	980,5	982,2		
107,8309	2,0789	980,3	980,4	982,0		
107,8476	2,0803	980,4	980,5	982,2		
107,8642	2,0847	980,3	980,6	982,2		
107,8809	2,0829	980,3	980,5	982,1		
107,8976	2,0829	980,3	980,5	982,1		
107,9142	2,0887	980,3	980,6	982,2		
107,9309	2,0900	980,3	980,4	982,1		
107,9476	2,0873	980,4	980,5	982,2		
107,9642	2,0860	980,3	980,5	982,2		
107,9809	2,0869	980,3	980,5	982,1		
107,9976	2,0887	980,3	980,5	982,1		
108,0142	2,0847	980,3	980,5	982,1		
108,0309	2,0896	980,3	980,5	982,2		
108,0476	2,0931	980,2	980,5	982,2		
108,0642	2,0984	980,3	980,6	982,2		
108,0809	2,0935	980,3	980,5	982,2		
108,0976	2,0904	980,3	980,5	982,2		
108,1142	2,0966	980,4	980,5	982,2		
108,1309	2,0957	980,3	980,4	982,1		
108,1476	2,0971	980,4	980,5	982,2		
108,1642	2,0957	980,4	980,5	982,2		
108,1809	2,0997	980,3	980,5	982,1		
108,1976	2,0940	980,3	980,5	982,2		
108,2142	2,0971	980,4	980,5	982,1		
108,2309	2,0966	980,4	980,5	982,2		
108,2476	2,0957	980,4	980,5	982,1		
108,2642	2,1041	980,4	980,6	982,2		
108,2809	2,0993	980,3	980,5	982,0		
108,2976	2,1064	980,4	980,5	982,1		
108,3142	2,1086	980,3	980,4	982,1		
108,3309	2,1024	980,3	980,6	982,3		
108,3476	2,1103	980,3	980,5	982,2		
108,3642	2,1081	980,3	980,5	982,2		
108,3809	2,1095	980,3	980,5	982,1		
108,3976	2,1086	980,3	980,6	982,2		
108,4142	2,1183	980,3	980,5	982,2		
108,4309	2,1187	980,4	980,8	982,5		
108,4476	2,1174	980,4	980,6	982,3		
108,4642	2,1236	980,4	980,6	982,3		
108,4809	2,1240	980,3	980,6	982,2		
108,4976	2,1134	980,3	980,5	982,2		
108,5142	2,1187	980,4	980,6	982,3		
108,5309	2,1192	980,4	980,6	982,2		
108,5476	2,1232	980,3	980,5	982,2		
108,5642	2,1205	980,3	980,5	982,2		
108,5809	2,1214	980,3	980,5	982,1		
108,5976	2,1218	980,4	980,5	982,2		
108,6142	2,1205	980,4	980,6	982,3		
108,6309	2,1218	980,4	980,6	982,2		
108,6476	2,1170	980,4	980,6	982,2		
108,6642	2,1254	980,4	980,5	982,2		
108,6809	2,1232	980,4	980,6	982,3		
108,6976	2,1187	980,4	980,5	982,2		
108,7142	2,1355	980,3	980,5	982,2		
108,7309	2,1324	980,4	980,5	982,1		
108,7476	2,1285	980,3	980,5	982,1		
108,7642	2,1346	980,3	980,6	982,2		
108,7809	2,1276	980,3	980,6	982,1		
108,7976	2,1293	980,3	980,5	982,1		
108,8142	2,1400	980,3	980,5	982,2		
108,8309	2,1369	980,3	980,5	982,1		
108,8476	2,1316	980,3	980,5	982,1		
108,8642	2,1355	980,2	980,5	982,1		
108,8809	2,1360	980,4	980,5	982,2		
108,8976	2,1400	980,3	980,5	982,1		
108,9142	2,1386	980,3	980,5	982,2		
108,9309	2,1364	980,4	980,6	982,2		
108,9476	2,1457	980,3	980,5	982,2		
108,9642	2,1369	980,4	980,6	982,3		
108,9809	2,1448	980,4	980,5	982,1		
108,9976	2,1422	980,4	980,5	982,2		
109,0142	2,1501	980,3	980,5	982,2		
109,0309	2,1435	980,4	980,6	982,2		
109,0476	2,1514	980,3	980,5	982,2		
109,0642	2,1501	980,3	980,5	982,1		
109,0809	2,1444	980,4	980,5	982,2		
109,0976	2,1479	980,3	980,4	982,1		
109,1142	2,1439	980,4	980,5	982,2		
109,1309	2,1470	980,4	980,5	982,1		
109,1476	2,1514	980,5	980,6	982,3		
109,1642	2,1537	980,4	980,5	982,2		
109,1809	2,1545	980,3	980,5	982,1		
109,1976	2,1537	980,4	980,5	982,2		
109,2142	2,1603	980,4	980,5	982,2		
109,2309	2,1598	980,4	980,5	982,2		
109,2476	2,1497	980,4	980,6	982,2		
109,2642	2,1576	980,4	980,5	982,1		
109,2809	2,1603	980,4	980,6	982,2		
109,2976	2,1581	980,4	980,5	982,1		
109,3142	2,1665	980,3	980,6	982,2		
109,3309	2,1674	980,3	980,6	982,2		
109,3476	2,1638	980,4	980,5	982,2		
109,3642	2,1656	980,3	980,5	982,2		
109,3809	2,1691	980,3	980,5	982,2		
109,3976	2,1638	980,3	980,5	982,1		
109,4142	2,1669	980,3	980,5	982,2		
109,4309	2,1793	980,3	980,5	982,2		
109,4476	2,1643	980,4	980,6	982,2		
109,4642	2,1806	980,4	980,5	982,2		
109,4809	2,1682	980,4	980,5	982,1		
109,4976	2,1709	980,3	980,6	982,2		
109,5142	2,1793	980,3	980,5	982,2		
109,5309	2,1766	980,3	980,5	982,1		
109,5476	2,1718	980,3	980,5	982,1		
109,5642	2,1771	980,4	980,6	982,2		
109,5809	2,1753	980,3	980,5	982,2		
109,5976	2,1753	980,4	980,6	982,2		
109,6142	2,1753	980,4	980,6	982,2		
109,6309	2,1811	980,4	980,5	982,2		
109,6476	2,1784	980,4	980,6	982,2		
109,6642	2,1806	980,4	980,5	982,2		
109,6809	2,1780	980,4	980,6	982,2		
109,6976	2,1842	980,5	980,5	982,2		
109,7142	2,1815	980,4	980,5	982,1		
109,7309	2,1771	980,5	980,6	982,2		
109,7476	2,1859	980,3	980,5	982,2		
109,7642	2,1837	980,4	980,6	982,2		
109,7809	2,1921	980,3	980,5	982,2		
109,7976	2,1864	980,4	980,5	982,2		
109,8142	2,1908	980,4	980,6	982,2		
109,8309	2,1943	980,3	980,5	982,1		
109,8476	2,1926	980,4	980,5	982,1		
109,8642	2,1996	980,3	980,6	982,2		
109,8809	2,1934	980,3	980,5	982,2		
109,8976	2,1957	980,4	980,5	982,1		
109,9142	2,1970	980,3	980,5	982,2		
109,9309	2,1970	980,3	980,6	982,2		
109,9476	2,2058	980,3	980,5	982,1		
109,9642	2,1970	980,4	980,6	982,2		
109,9809	2,2018	980,3	980,5	982,1		
109,9976	2,2076	980,3	980,5	982,1		
110,0142	2,2063	980,3	980,5	982,2		
110,0309	2,1970	980,3	980,5	982,1		
110,0476	2,2001	980,3	980,5	982,1		
110,0642	2,2014	980,3	980,5	982,1		
110,0809	2,2032	980,4	980,5	982,1		
110,0976	2,2032	980,4	980,5	982,2		
110,1142	2,2058	980,4	980,5	982,2		
110,1309	2,2036	980,4	980,5	982,2		
110,1476	2,2018	980,5	980,6	982,2		
110,1642	2,2014	980,4	980,5	982,1		
110,1809	2,2138	980,4	980,5	982,2		
110,1976	2,2208	980,4	980,5	982,2		
110,2142	2,2080	980,4	980,5	982,1		
110,2309	2,2200	980,3	980,5	982,1		
110,2476	2,2155	980,3	980,5	982,1		
110,2642	2,2169	980,4	980,5	982,1		
110,2809	2,2142	980,3	980,5	982,1		
110,2976	2,2195	980,4	980,5	982,1		
110,3142	2,2239	980,3	980,5	982,1		
110,3309	2,2160	980,3	980,5	982,1		
110,3476	2,2213	980,4	980,5	982,2		
110,3642	2,2208	980,3	980,5	982,2		
110,3809	2,2147	980,3	980,5	982,1		
110,3976	2,2173	980,3	980,5	982,1		
110,4142	2,2235	980,4	980,5	982,2		
110,4309	2,2257	980,3	980,5	982,2		
110,4476	2,2239	980,4	980,6	982,2		
110,4642	2,2270	980,3	980,5	982,2		
110,4809	2,2288	980,4	980,6	982,2		
110,4976	2,2222	980,4	980,5	982,1		
110,5142	2,2381	980,3	980,5	982,2		
110,5309	2,2359	980,4	980,5	982,1		
110,5476	2,2292	980,4	980,5	982,1		
110,5642	2,2359	980,4	980,5	982,1		
110,5809	2,2337	980,3	980,5	982,1		
110,5976	2,2385	980,4	980,5	982,2		
110,6142	2,2346	980,4	980,5	982,2		
110,6309	2,2284	980,3	980,5	982,1		
110,6476	2,2399	980,4	980,5	982,2		
110,6642	2,2354	980,4	980,6	982,2		
110,6809	2,2354	980,4	980,5	982,1		
110,6976	2,2394	980,4	980,5	982,2		
110,7142	2,2363	980,4	980,5	982,0		
110,7309	2,2350	980,4	980,5	982,1		
110,7476	2,2310	980,3	980,5	982,0		
110,7642	2,2416	980,3	980,5	982,1		
110,7809	2,2438	980,4	980,5	982,1		
110,7976	2,2421	980,4	980,6	982,1		
110,8142	2,2412	980,4	980,6	982,3		
110,8309	2,2425	980,4	980,5	982,2		
110,8476	2,2416	980,4	980,6	982,3		
110,8642	2,2483	980,4	980,6	982,1		
110,8809	2,2522	980,4	980,6	982,2		
110,8976	2,2452	980,4	980,6	982,1		
110,9142	2,2491	980,3	980,5	982,1		
110,9309	2,2540	980,4	980,5	982,1		
110,9476	2,2562	980,4	980,6	982,2		
110,9642	2,2531	980,4	980,5	982,1		
110,9809	2,2597	980,3	980,5	982,2		
110,9976	2,2642	980,3	980,5	982,1		
111,0142	2,2681	980,3	980,5	982,2		
111,0309	2,2562	980,3	980,5	982,2		
111,0476	2,2659	980,3	980,4	982,2		
111,0642	2,2602	980,2	980,5	982,1		
111,0809	2,2681	980,3	980,5	982,1		
111,0976	2,2659	980,3	980,5	982,2		
111,1142	2,2544	980,3	980,5	982,2		
111,1309	2,2584	980,3	980,5	982,1		
111,1476	2,2752	980,3	980,5	982,1		
111,1642	2,2712	980,3	980,5	982,2		
111,1809	2,2690	980,3	980,4	982,1		
111,1976	2,2726	980,3	980,4	982,1		
111,2142	2,2770	980,3	980,5	982,1		
111,2309	2,2690	980,3	980,4	982,2		
111,2476	2,2690	980,3	980,5	982,1		
111,2642	2,2686	980,4	980,5	982,1		
111,2809	2,2801	980,3	980,5	982,2		
111,2976	2,2765	980,4	980,5	982,1		
111,3142	2,2730	980,4	980,5	982,1		
111,3309	2,2748	980,4	980,5	982,1		
111,3476	2,2770	980,4	980,5	982,2		
111,3642	2,2805	980,4	980,5	982,2		
111,3809	2,2783	980,4	980,5	982,1		
111,3976	2,2774	980,3	980,5	982,0		
111,4142	2,2841	980,4	980,6	982,3		
111,4309	2,2827	980,5	980,8	982,5		
111,4476	2,2730	980,5	980,7	982,4		
111,4642	2,2898	980,4	980,6	982,3		
111,4809	2,2867	980,4	980,6	982,3		
111,4976	2,2867	980,4	980,7	982,4		
111,5142	2,2916	980,3	980,5	982,1		
111,5309	2,2933	980,3	980,5	982,1		
111,5476	2,2872	980,4	980,5	982,1		
111,5642	2,2964	980,4	980,5	982,0		
111,5809	2,2986	980,3	980,5	982,1		
111,5976	2,2925	980,3	980,5	982,1		
111,6142	2,2929	980,3	980,5	982,2		
111,6309	2,2907	980,4	980,6	982,3		
111,6476	2,2951	980,3	980,6	982,2		
111,6642	2,2978	980,3	980,5	982,2		
111,6809	2,3022	980,4	980,6	982,2		
111,6976	2,3013	980,4	980,6	982,2		
111,7142	2,3022	980,4	980,5	982,2		
111,7309	2,3017	980,3	980,5	982,1		
111,7476	2,3000	980,3	980,6	982,2		
111,7642	2,3097	980,3	980,5	982,1		
111,7809	2,3062	980,4	980,6	982,2		
111,7976	2,3088	980,4	980,5	982,2		
111,8142	2,3070	980,4	980,6	982,2		
111,8309	2,3040	980,4	980,6	982,2		
111,8476	2,3106	980,4	980,5	982,2		
111,8642	2,3004	980,4	980,5	982,2		
111,8809	2,3119	980,3	980,4	982,1		
111,8976	2,3115	980,4	980,5	982,2		
111,9142	2,3070	980,4	980,5	982,2		
111,9309	2,3137	980,5	980,6	982,2		
111,9476	2,3088	980,4	980,5	982,3		
111,9642	2,3119	980,5	980,6	982,3		
111,9809	2,3163	980,5	980,5	982,1		
111,9976	2,3190	980,5	980,6	982,2		
112,0142	2,3190	980,4	980,6	982,2		
112,0309	2,3256	980,4	980,5	982,1		
112,0476	2,3252	980,5	980,6	982,3		
112,0642	2,3181	980,4	980,5	982,1		
112,0809	2,3278	980,3	980,5	982,1		
112,0976	2,3274	980,3	980,5	982,0		
112,1142	2,3247	980,4	980,6	982,2		
112,1309	2,3212	980,4	980,5	982,0		
112,1476	2,3274	980,4	980,7	982,4		
112,1642	2,3269	980,3	980,5	982,1		
112,1809	2,3314	980,4	980,6	982,2		
112,1976	2,3358	980,4	980,6	982,3		
112,2142	2,3353	980,4	980,5	982,1		
112,2309	2,3305	980,4	980,6	982,2		
112,2476	2,3291	980,4	980,5	982,2		
112,2642	2,3380	980,3	980,5	982,2		
112,2809	2,3318	980,3	980,5	982,2		
112,2976	2,3322	980,4	980,6	982,2		
112,3142	2,3371	980,4	980,5	982,1		
112,3309	2,3362	980,4	980,5	982,2		
112,3476	2,3371	980,3	980,5	982,1		
112,3642	2,3353	980,4	980,6	982,2		
112,3809	2,3420	980,4	980,5	982,1		
112,3976	2,3477	980,5	980,5	982,2		
112,4142	2,3371	980,5	980,6	982,2		
112,4309	2,3464	980,4	980,5	982,1		
112,4476	2,3539	980,5	980,6	982,2		
112,4642	2,3437	980,5	980,6	982,2		
112,4809	2,3486	980,5	980,6	982,2		
112,4976	2,3437	980,4	980,6	982,2		
112,5142	2,3468	980,4	980,5	982,0		
112,5309	2,3459	980,4	980,6	982,2		
112,5476	2,3504	980,4	980,5	982,1		
112,5642	2,3513	980,4	980,5	982,1		
112,5809	2,3605	980,4	980,6	982,2		
112,5976	2,3561	980,4	980,5	982,1		
112,6142	2,3557	980,3	980,5	982,2		
112,6309	2,3552	980,3	980,5	982,1		
112,6476	2,3552	980,4	980,5	982,2		
112,6642	2,3588	980,4	980,5	982,2		
112,6809	2,3605	980,3	980,5	982,2		
112,6976	2,3672	980,4	980,5	982,2		
112,7142	2,3627	980,4	980,5	982,2		
112,7309	2,3658	980,4	980,6	982,2		
112,7476	2,3667	980,4	980,5	982,1		
112,7642	2,3570	980,4	980,5	982,1		
112,7809	2,3588	980,4	980,5	982,2		
112,7976	2,3605	980,4	980,6	982,2		
112,8142	2,3707	980,4	980,6	982,2		
112,8309	2,3703	980,4	980,5	982,2		
112,8476	2,3707	980,4	980,5	982,1		
112,8642	2,3636	980,4	980,5	982,2		
112,8809	2,3773	980,5	980,6	982,2		
112,8976	2,3676	980,5	980,5	982,2		
112,9142	2,3720	980,4	980,5	982,2		
112,9309	2,3711	980,4	980,5	982,1		
112,9476	2,3884	980,4	980,5	982,2		
112,9642	2,3773	980,4	980,5	982,1		
112,9809	2,3795	980,3	980,6	982,1		
112,9976	2,3742	980,3	980,4	982,0		
113,0142	2,3853	980,4	980,6	982,2		
113,0309	2,3818	980,4	980,5	982,1		
113,0476	2,3795	980,4	980,6	982,2		
113,0642	2,3910	980,4	980,7	982,4		
113,0809	2,3862	980,4	980,6	982,3		
113,0976	2,3795	980,5	980,6	982,3		
113,1142	2,3919	980,3	980,5	982,2		
113,1309	2,3928	980,4	980,6	982,2		
113,1476	2,3959	980,5	980,6	982,2		
113,1642	2,3972	980,3	980,5	982,2		
113,1809	2,3897	980,4	980,6	982,2		
113,1976	2,3937	980,4	980,5	982,1		
113,2142	2,3897	980,4	980,6	982,2		
113,2309	2,3959	980,4	980,5	982,2		
113,2476	2,3946	980,5	980,6	982,2		
113,2642	2,3972	980,4	980,5	982,2		
113,2809	2,3986	980,4	980,6	982,2		
113,2976	2,3950	980,4	980,6	982,2		
113,3142	2,3955	980,4	980,5	982,1		
113,3309	2,4043	980,4	980,5	982,2		
113,3476	2,3986	980,5	980,6	982,2		
113,3642	2,4030	980,5	980,6	982,2		
113,3809	2,4016	980,4	980,6	982,2		
113,3976	2,4021	980,4	980,6	982,2		
113,4142	2,4114	980,5	980,5	982,2		
113,4309	2,4056	980,5	980,6	982,2		
113,4476	2,4061	980,5	980,6	982,2		
113,4642	2,4149	980,4	980,5	982,2		
113,4809	2,4078	980,5	980,6	982,2		
113,4976	2,4140	980,4	980,5	982,0		
113,5142	2,4078	980,4	980,5	982,2		
113,5309	2,4118	980,4	980,5	982,1		
113,5476	2,4193	980,5	980,6	982,1		
113,5642	2,4158	980,4	980,5	982,1		
113,5809	2,4167	980,4	980,6	982,3		
113,5976	2,4229	980,4	980,6	982,2		
113,6142	2,4207	980,5	980,6	982,2		
113,6309	2,4114	980,4	980,6	982,2		
113,6476	2,4193	980,4	980,6	982,2		
113,6642	2,4237	980,4	980,6	982,2		
113,6809	2,4193	980,4	980,6	982,2		
113,6976	2,4229	980,4	980,6	982,2		
113,7142	2,4286	980,4	980,5	982,1		
113,7309	2,4299	980,4	980,5	982,1		
113,7476	2,4286	980,4	980,5	982,1		
113,7642	2,4357	980,4	980,5	982,1		
113,7809	2,4344	980,4	980,5	982,1		
113,7976	2,4335	980,4	980,6	982,2		
113,8142	2,4317	980,3	980,5	982,1		
113,8309	2,4379	980,4	980,5	982,1		
113,8476	2,4321	980,4	980,5	982,2		
113,8642	2,4379	980,4	980,5	982,2		
113,8809	2,4335	980,5	980,6	982,2		
113,8976	2,4335	980,4	980,5	982,2		
113,9142	2,4339	980,4	980,5	982,2		
113,9309	2,4370	980,4	980,5	982,1		
113,9476	2,4366	980,5	980,5	982,2		
113,9642	2,4339	980,4	980,5	982,1		
113,9809	2,4366	980,4	980,6	982,1		
113,9976	2,4498	980,3	980,5	982,1		
114,0142	2,4432	980,4	980,6	982,1		
114,0309	2,4516	980,4	980,5	982,0		
114,0476	2,4485	980,4	980,5	982,1		
114,0642	2,4445	980,4	980,5	982,1		
114,0809	2,4476	980,4	980,6	982,2		
114,0976	2,4551	980,4	980,6	982,1		
114,1142	2,4547	980,3	980,5	982,1		
114,1309	2,4582	980,5	980,6	982,2		
114,1476	2,4573	980,3	980,5	982,1		
114,1642	2,4578	980,5	980,6	982,2		
114,1809	2,4542	980,4	980,5	982,2		
114,1976	2,4644	980,4	980,5	982,1		
114,2142	2,4626	980,3	980,5	982,1		
114,2309	2,4582	980,4	980,5	982,1		
114,2476	2,4587	980,4	980,6	982,2		
114,2642	2,4675	980,4	980,5	982,1		
114,2809	2,4697	980,5	980,6	982,3		
114,2976	2,4591	980,5	980,7	982,3		
114,3142	2,4622	980,5	980,6	982,2		
114,3309	2,4622	980,4	980,5	982,1		
114,3476	2,4596	980,5	980,5	982,2		
114,3642	2,4706	980,4	980,5	982,1		
114,3809	2,4684	980,4	980,5	982,1		
114,3976	2,4675	980,5	980,5	982,1		
114,4142	2,4662	980,4	980,5	982,1		
114,4309	2,4724	980,4	980,5	982,1		
114,4476	2,4626	980,5	980,5	982,1		
114,4642	2,4737	980,4	980,5	982,1		
114,4809	2,4724	980,4	980,6	982,1		
114,4976	2,4781	980,4	980,5	982,1		
114,5142	2,4719	980,4	980,6	982,2		
114,5309	2,4812	980,4	980,6	982,3		
114,5476	2,4817	980,4	980,6	982,2		
114,5642	2,4808	980,4	980,6	982,2		
114,5809	2,4874	980,5	980,7	982,3		
114,5976	2,4852	980,5	980,5	982,2		
114,6142	2,4790	980,4	980,6	982,2		
114,6309	2,4923	980,4	980,6	982,2		
114,6476	2,4940	980,3	980,5	982,1		
114,6642	2,4874	980,4	980,6	982,1		
114,6809	2,4878	980,3	980,5	982,1		
114,6976	2,4887	980,4	980,6	982,3		
114,7142	2,4958	980,4	980,5	982,1		
114,7309	2,4887	980,5	980,5	982,2		
114,7476	2,4870	980,4	980,5	982,1		
114,7642	2,4967	980,4	980,6	982,2		
114,7809	2,4998	980,4	980,5	982,2		
114,7976	2,4945	980,4	980,5	982,1		
114,8142	2,4931	980,4	980,6	982,3		
114,8309	2,4945	980,5	980,6	982,2		
114,8476	2,4967	980,4	980,6	982,2		
114,8642	2,4980	980,5	980,5	982,1		
114,8809	2,4962	980,4	980,5	982,2		
114,8976	2,5042	980,4	980,5	982,1		
114,9142	2,5015	980,4	980,5	982,1		
114,9309	2,4989	980,4	980,5	982,1		
114,9476	2,5069	980,5	980,6	982,2		
114,9642	2,5042	980,4	980,5	982,1		
114,9809	2,5064	980,4	980,5	982,1		
114,9976	2,5091	980,5	980,6	982,1		
115,0142	2,5077	980,4	980,6	982,1		
115,0309	2,5077	980,3	980,5	982,0		
115,0476	2,5148	980,3	980,5	982,0		
115,0642	2,5157	980,4	980,5	982,1		
115,0809	2,5108	980,4	980,5	982,1		
115,0976	2,5144	980,4	980,6	982,2		
115,1142	2,5157	980,4	980,5	982,1		
115,1309	2,5197	980,4	980,5	982,2		
115,1476	2,5228	980,5	980,6	982,2		
115,1642	2,5245	980,4	980,5	982,2		
115,1809	2,5259	980,4	980,5	982,2		
115,1976	2,5179	980,5	980,5	982,1		
115,2142	2,5170	980,5	980,5	982,1		
115,2309	2,5188	980,5	980,6	982,2		
115,2476	2,5290	980,4	980,5	982,1		
115,2642	2,5206	980,4	980,5	982,1		
115,2809	2,5369	980,5	980,5	982,2		
115,2976	2,5298	980,5	980,5	982,2		
115,3142	2,5228	980,4	980,5	982,1		
115,3309	2,5272	980,4	980,5	982,1		
115,3476	2,5312	980,4	980,5	982,2		
115,3642	2,5356	980,4	980,5	982,2		
115,3809	2,5365	980,3	980,5	982,1		
115,3976	2,5356	980,3	980,5	982,1		
115,4142	2,5488	980,4	980,5	982,1		
115,4309	2,5365	980,4	980,4	982,1		
115,4476	2,5334	980,4	980,5	982,1		
115,4642	2,5418	980,4	980,5	982,1		
115,4809	2,5418	980,4	980,5	982,1		
115,4976	2,5462	980,4	980,5	982,1		
115,5142	2,5475	980,4	980,5	982,1		
115,5309	2,5488	980,4	980,5	982,2		
115,5476	2,5466	980,4	980,5	982,1		
115,5642	2,5572	980,4	980,5	982,1		
115,5809	2,5550	980,5	980,5	982,1		
115,5976	2,5533	980,5	980,6	982,2		
115,6142	2,5502	980,4	980,5	982,1		
115,6309	2,5559	980,4	980,5	982,1		
115,6476	2,5542	980,4	980,5	982,1		
115,6642	2,5599	980,3	980,4	982,1		
115,6809	2,5528	980,4	980,5	982,1		
115,6976	2,5603	980,4	980,4	982,1		
115,7142	2,5595	980,4	980,5	982,1		
115,7309	2,5542	980,4	980,5	982,2		
115,7476	2,5581	980,3	980,4	982,0		
115,7642	2,5621	980,4	980,4	982,1		
115,7809	2,5612	980,3	980,5	982,1		
115,7976	2,5621	980,4	980,5	982,1		
115,8142	2,5656	980,4	980,5	982,1		
115,8309	2,5705	980,3	980,4	982,0		
115,8476	2,5692	980,4	980,5	982,2		
115,8642	2,5732	980,4	980,5	982,1		
115,8809	2,5687	980,5	980,6	982,2		
115,8976	2,5718	980,4	980,6	982,2		
115,9142	2,5802	980,3	980,5	982,2		
115,9309	2,5745	980,4	980,5	982,1		
115,9476	2,5780	980,5	980,5	982,2		
115,9642	2,5709	980,4	980,5	982,1		
115,9809	2,5727	980,4	980,5	982,1		
115,9976	2,5798	980,4	980,5	982,1		
116,0142	2,5754	980,4	980,5	982,2		
116,0309	2,5851	980,4	980,5	982,1		
116,0476	2,5802	980,4	980,5	982,1		
116,0642	2,5842	980,4	980,5	982,1		
116,0809	2,5869	980,4	980,5	982,1		
116,0976	2,5847	980,5	980,6	982,2		
116,1142	2,5895	980,5	980,6	982,3		
116,1309	2,5877	980,5	980,6	982,2		
116,1476	2,5891	980,4	980,6	982,2		
116,1642	2,5944	980,3	980,5	982,1		
116,1809	2,5944	980,4	980,5	982,1		
116,1976	2,5864	980,4	980,4	982,1		
116,2142	2,6032	980,4	980,6	982,2		
116,2309	2,5838	980,4	980,5	982,1		
116,2476	2,5961	980,1	979,9	981,2		
116,2642	2,5922	980,2	980,0	981,4		
116,2809	2,5979	980,1	979,9	981,3		
116,2976	2,6045	980,2	980,0	981,4		
116,3142	2,5953	980,1	979,9	981,3		
116,3309	2,5944	980,2	980,0	981,5		
116,3476	2,5970	980,2	980,0	981,3		
116,3642	2,5979	980,0	979,9	981,3		
116,3809	2,6045	980,1	979,9	981,3		
116,3976	2,6019	980,0	979,9	981,3		
116,4142	2,6090	980,1	979,9	981,2		
116,4309	2,6085	980,1	979,9	981,3		
116,4476	2,6156	980,1	979,9	981,4		
116,4642	2,6098	980,1	980,0	981,4		
116,4809	2,6138	980,1	980,0	981,4		
116,4976	2,6098	980,0	979,9	981,4		
116,5142	2,6143	980,2	980,0	981,4		
116,5309	2,6156	980,1	980,0	981,4		
116,5476	2,6227	980,1	979,9	981,4		
116,5642	2,6191	980,0	980,0	981,4		
116,5809	2,6156	980,0	979,9	981,3		
116,5976	2,6107	980,2	980,0	981,3		
116,6142	2,6213	980,1	979,9	981,4		
116,6309	2,6182	980,0	979,8	981,2		
116,6476	2,6240	980,1	980,0	981,4		
116,6642	2,6258	980,1	979,9	981,3		
116,6809	2,6236	980,1	979,9	981,3		
116,6976	2,6306	980,1	979,9	981,4		
116,7142	2,6231	980,1	979,9	981,3		
116,7309	2,6262	980,1	979,9	981,3		
116,7476	2,6240	980,0	979,9	981,2		
116,7642	2,6328	980,0	979,9	981,3		
116,7809	2,6337	980,1	979,9	981,3		
116,7976	2,6355	980,1	979,9	981,3		
116,8142	2,6355	980,0	979,9	981,4		
116,8309	2,6399	980,0	979,8	981,3		
116,8476	2,6368	980,0	979,9	981,3		
116,8642	2,6311	980,0	979,9	981,3		
116,8809	2,6355	980,1	979,9	981,3		
116,8976	2,6390	980,1	979,9	981,3		
116,9142	2,6430	980,1	979,9	981,3		
116,9309	2,6421	980,1	979,9	981,3		
116,9476	2,6465	980,0	979,9	981,3		
116,9642	2,6373	980,0	979,8	981,3		
116,9809	2,6426	980,1	979,9	981,3		
116,9976	2,6501	980,1	979,9	981,3		
117,0142	2,6421	980,1	979,8	981,3		
117,0309	2,6448	980,0	979,9	981,3		
117,0476	2,6527	980,1	980,0	981,5		
117,0642	2,6558	980,1	980,0	981,4		
117,0809	2,6541	980,1	980,0	981,4		
117,0976	2,6545	980,2	980,0	981,4		
117,1142	2,6563	980,1	980,0	981,5		
117,1309	2,6558	980,1	979,9	981,4		
117,1476	2,6496	980,1	980,0	981,4		
117,1642	2,6532	980,1	979,9	981,3		
117,1809	2,6620	980,1	979,9	981,3		
117,1976	2,6585	980,1	979,9	981,4		
117,2142	2,6642	980,0	979,9	981,4		
117,2309	2,6704	980,2	979,9	981,3		
117,2476	2,6607	980,0	979,9	981,3		
117,2642	2,6642	980,1	979,9	981,3		
117,2809	2,6638	980,1	979,8	981,3		
117,2976	2,6744	980,1	979,9	981,3		
117,3142	2,6620	980,2	979,9	981,3		
117,3309	2,6638	980,1	979,9	981,4		
117,3476	2,6722	980,1	979,9	981,3		
117,3642	2,6735	980,1	979,9	981,3		
117,3809	2,6766	980,1	979,9	981,2		
117,3976	2,6793	980,0	979,8	981,2		
117,4142	2,6815	980,1	979,9	981,3		
117,4309	2,6797	980,0	979,8	981,3		
117,4476	2,6837	980,1	979,9	981,4		
117,4642	2,6810	980,1	979,9	981,3		
117,4809	2,6806	980,1	979,9	981,3		
117,4976	2,6854	980,1	979,9	981,3		
117,5142	2,6837	980,2	979,9	981,3		
117,5309	2,6885	980,1	979,9	981,3		
117,5476	2,6876	980,1	980,0	981,5		
117,5642	2,6788	980,1	979,9	981,3		
117,5809	2,6912	980,2	980,0	981,5		
117,5976	2,6930	980,1	979,9	981,3		
117,6142	2,6943	980,1	979,9	981,3		
117,6309	2,6881	980,1	979,9	981,3		
117,6476	2,6969	980,0	979,9	981,3		
117,6642	2,6991	980,0	979,9	981,3		
117,6809	2,6925	980,0	979,8	981,3		
117,6976	2,7044	980,1	979,9	981,3		
117,7142	2,6965	980,1	979,9	981,3		
117,7309	2,7036	980,1	979,9	981,4		
117,7476	2,6952	980,0	979,8	981,3		
117,7642	2,7049	980,1	979,8	981,2		
117,7809	2,7044	980,1	979,9	981,3		
117,7976	2,7106	980,0	979,8	981,3		
117,8142	2,7044	980,1	979,9	981,4		
117,8309	2,7071	980,2	979,9	981,3		
117,8476	2,7115	980,1	979,9	981,4		
117,8642	2,7111	980,1	979,9	981,3		
117,8809	2,7084	980,2	980,1	981,5		
117,8976	2,7186	980,2	980,0	981,4		
117,9142	2,7151	980,0	979,9	981,3		
117,9309	2,7168	980,1	979,9	981,4		
117,9476	2,7195	980,1	979,9	981,3		
117,9642	2,7164	980,1	979,9	981,4		
117,9809	2,7208	980,0	979,8	981,2		
117,9976	2,7212	980,1	979,8	981,2		
118,0142	2,7261	980,0	979,8	981,3		
118,0309	2,7235	980,0	979,8	981,3		
118,0476	2,7204	980,0	979,8	981,3		
118,0642	2,7235	980,1	979,9	981,3		
118,0809	2,7239	980,1	979,9	981,3		
118,0976	2,7274	980,1	979,8	981,2		
118,1142	2,7230	980,2	980,0	981,4		
118,1309	2,7252	980,1	979,8	981,3		
118,1476	2,7319	980,2	980,0	981,4		
118,1642	2,7296	980,2	979,9	981,2		
118,1809	2,7363	980,1	979,9	981,3		
118,1976	2,7416	980,1	979,9	981,3		
118,2142	2,7425	980,1	979,9	981,3		
118,2309	2,7305	980,0	979,8	981,3		
118,2476	2,7420	980,1	979,9	981,3		
118,2642	2,7456	980,1	979,9	981,3		
118,2809	2,7376	980,0	979,8	981,2		
118,2976	2,7487	980,1	979,9	981,3		
118,3142	2,7407	980,1	979,9	981,3		
118,3309	2,7372	980,2	979,9	981,4		
118,3476	2,7376	980,1	979,9	981,3		
118,3642	2,7544	980,1	979,9	981,3		
118,3809	2,7482	980,2	979,9	981,4		
118,3976	2,7420	980,1	979,8	981,2		
118,4142	2,7562	980,1	980,0	981,4		
118,4309	2,7575	980,1	980,0	981,4		
118,4476	2,7562	980,1	979,9	981,3		
118,4642	2,7526	980,0	979,8	981,3		
118,4809	2,7540	980,1	979,9	981,3		
118,4976	2,7464	980,0	979,9	981,3		
118,5142	2,7703	980,1	979,9	981,3		
118,5309	2,7597	980,1	979,9	981,3		
118,5476	2,7663	980,0	979,9	981,3		
118,5642	2,7597	980,1	979,9	981,4		
118,5809	2,7628	980,2	980,0	981,4		
118,5976	2,7663	980,1	979,9	981,4		
118,6142	2,7659	980,1	979,9	981,3		
118,6309	2,7712	980,1	979,9	981,4		
118,6476	2,7734	980,1	979,9	981,3		
118,6642	2,7699	980,1	979,9	981,3		
118,6809	2,7800	980,1	979,9	981,3		
118,6976	2,7730	980,1	979,9	981,4		
118,7142	2,7734	980,2	979,9	981,4		
118,7309	2,7730	980,0	979,9	981,3		
118,7476	2,7712	980,1	979,9	981,3		
118,7642	2,7796	980,1	979,8	981,3		
118,7809	2,7747	980,1	980,0	981,5		
118,7976	2,7761	980,1	980,0	981,4		
118,8142	2,7809	980,1	980,0	981,4		
118,8309	2,7822	980,0	979,9	981,3		
118,8476	2,7805	980,0	979,9	981,3		
118,8642	2,7814	980,1	979,9	981,4		
118,8809	2,7796	980,1	979,9	981,3		
118,8976	2,7774	980,1	979,8	981,3		
118,9142	2,7871	980,2	979,9	981,3		
118,9309	2,7814	980,1	979,9	981,3		
118,9476	2,7867	980,1	979,9	981,3		
118,9642	2,7849	980,1	979,9	981,4		
118,9809	2,7999	980,2	979,9	981,4		
118,9976	2,7973	980,0	979,8	981,3		
119,0142	2,7968	980,1	979,9	981,4		
119,0309	2,7955	980,0	979,9	981,3		
119,0476	2,7977	980,0	979,9	981,3		
119,0642	2,8030	980,1	979,9	981,3		
119,0809	2,8061	980,1	979,9	981,3		
119,0976	2,8066	980,0	979,9	981,4		
119,1142	2,8026	980,1	979,9	981,4		
119,1309	2,8105	980,1	979,9	981,4		
119,1476	2,8030	980,1	979,9	981,4		
119,1642	2,8066	980,1	979,9	981,4		
119,1809	2,8048	980,1	979,9	981,3		
119,1976	2,8070	980,0	979,8	981,3		
119,2142	2,8074	980,2	980,0	981,3		
119,2309	2,8141	980,1	979,9	981,3		
119,2476	2,8158	980,2	979,9	981,4		
119,2642	2,8123	980,2	979,9	981,4		
119,2809	2,8145	980,2	979,9	981,3		
119,2976	2,8220	980,1	979,9	981,3		
119,3142	2,8220	980,1	979,9	981,3		
119,3309	2,8189	980,1	979,9	981,3		
119,3476	2,8304	980,1	979,9	981,3		
119,3642	2,8211	980,1	979,9	981,3		
119,3809	2,8189	980,2	979,9	981,3		
119,3976	2,8181	980,1	979,9	981,4		
119,4142	2,8309	980,1	980,0	981,4		
119,4309	2,8242	980,0	979,9	981,4		
119,4476	2,8291	980,1	980,0	981,4		
119,4642	2,8260	980,1	979,9	981,3		
119,4809	2,8304	980,2	980,0	981,4		
119,4976	2,8300	980,1	979,9	981,3		
119,5142	2,8322	980,2	979,9	981,3		
119,5309	2,8335	980,1	979,9	981,3		
119,5476	2,8349	980,2	980,0	981,5		
119,5642	2,8335	980,1	979,9	981,3		
119,5809	2,8353	980,2	979,8	981,3		
119,5976	2,8437	980,1	979,9	981,3		
119,6142	2,8463	980,2	979,9	981,3		
119,6309	2,8437	980,1	979,9	981,3		
119,6476	2,8450	980,1	979,9	981,3		
119,6642	2,8486	980,1	979,9	981,3		
119,6809	2,8481	980,1	979,9	981,4		
119,6976	2,8539	980,1	980,0	981,3		
119,7142	2,8539	980,0	979,9	981,3		
119,7309	2,8463	980,0	979,9	981,3		
119,7476	2,8539	980,1	980,0	981,4		
119,7642	2,8534	980,0	979,9	981,3		
119,7809	2,8600	980,2	979,9	981,3		
119,7976	2,8525	980,2	980,0	981,4		
119,8142	2,8539	980,1	979,9	981,3		
119,8309	2,8556	980,1	980,0	981,4		
119,8476	2,8609	980,1	979,9	981,3		
119,8642	2,8596	980,1	979,9	981,3		
119,8809	2,8658	980,1	979,9	981,3		
119,8976	2,8645	980,2	979,9	981,3		
119,9142	2,8676	980,1	979,9	981,3		
119,9309	2,8605	980,1	979,9	981,3		
119,9476	2,8662	980,2	980,0	981,3		
119,9642	2,8742	980,0	979,8	981,2		
119,9809	2,8751	980,1	979,8	981,3		
119,9976	2,8689	980,1	979,9	981,3		
120,0142	2,8764	980,0	979,8	981,3		
120,0309	2,8777	980,2	980,0	981,5		
120,0476	2,8817	980,1	979,9	981,3		
120,0642	2,8817	980,1	979,9	981,3		
120,0809	2,8817	980,0	979,9	981,3		
120,0976	2,8791	980,1	980,0	981,4		
120,1142	2,8822	980,1	980,0	981,4		
120,1309	2,8835	980,2	979,9	981,3		
120,1476	2,8852	980,1	979,9	981,3		
120,1642	2,8861	980,1	979,9	981,3		
120,1809	2,8839	980,1	979,9	981,3		
120,1976	2,8875	980,1	979,9	981,3		
120,2142	2,8945	980,1	979,9	981,3		
120,2309	2,8910	980,1	979,9	981,3		
120,2476	2,9020	980,0	979,8	981,2		
120,2642	2,8910	980,1	980,0	981,3		
120,2809	2,8919	980,1	979,9	981,3		
120,2976	2,8994	980,1	980,0	981,3		
120,3142	2,8998	980,0	979,9	981,3		
120,3309	2,8994	980,1	979,9	981,3		
120,3476	2,8998	980,0	979,9	981,3		
120,3642	2,9051	980,2	980,0	981,4		
120,3809	2,9029	980,2	979,9	981,4		
120,3976	2,9051	980,1	979,9	981,3		
120,4142	2,8998	980,1	979,9	981,3		
120,4309	2,9056	980,2	980,0	981,4		
120,4476	2,9113	980,1	979,9	981,3		
120,4642	2,9073	980,1	979,9	981,3		
120,4809	2,9157	980,1	979,9	981,3		
120,4976	2,9162	980,1	979,9	981,3		
120,5142	2,9171	980,1	979,9	981,3		
120,5309	2,9241	980,1	979,9	981,3		
120,5476	2,9211	980,1	980,0	981,5		
120,5642	2,9228	980,1	979,9	981,3		
120,5809	2,9246	980,0	980,0	981,4		
120,5976	2,9286	980,1	979,9	981,3		
120,6142	2,9206	980,1	979,9	981,3		
120,6309	2,9206	980,1	979,9	981,3		
120,6476	2,9188	980,1	979,9	981,4		
120,6642	2,9237	980,1	979,9	981,3		
120,6809	2,9272	980,1	979,9	981,3		
120,6976	2,9272	980,1	980,0	981,4		
120,7142	2,9272	980,1	980,0	981,4		
120,7309	2,9352	980,3	980,1	981,5		
120,7476	2,9445	980,2	980,0	981,4		
120,7642	2,9374	980,1	979,9	981,3		
120,7809	2,9321	980,1	979,9	981,3		
120,7976	2,9392	980,1	979,9	981,3		
120,8142	2,9383	980,1	979,9	981,3		
120,8309	2,9396	980,1	979,9	981,3		
120,8476	2,9405	980,1	980,0	981,3		
120,8642	2,9432	980,1	979,9	981,3		
120,8809	2,9405	980,1	979,9	981,3		
120,8976	2,9378	980,0	979,9	981,3		
120,9142	2,9432	980,1	979,9	981,3		
120,9309	2,9542	980,2	979,9	981,4		
120,9476	2,9485	980,2	980,0	981,4		
120,9642	2,9462	980,1	979,9	981,2		
120,9809	2,9507	980,1	980,0	981,3		
120,9976	2,9502	980,2	979,9	981,3		
121,0142	2,9595	980,1	979,9	981,3		
121,0309	2,9502	980,1	979,9	981,3		
121,0476	2,9608	980,2	980,0	981,5		
121,0642	2,9657	980,0	979,8	981,2		
121,0809	2,9538	980,1	979,9	981,3		
121,0976	2,9653	980,0	979,8	981,3		
121,1142	2,9626	980,0	979,9	981,3		
121,1309	2,9666	980,1	980,0	981,4		
121,1476	2,9675	980,2	979,9	981,3		
121,1642	2,9626	980,1	980,0	981,4		
121,1809	2,9679	980,0	979,8	981,3		
121,1976	2,9688	980,0	979,8	981,3		
121,2142	2,9675	980,2	979,9	981,3		
121,2309	2,9737	980,1	979,9	981,3		
121,2476	2,9745	980,0	979,9	981,3		
121,2642	2,9772	980,2	980,1	981,4		
121,2809	2,9723	980,1	979,9	981,4		
121,2976	2,9767	980,1	979,9	981,3		
121,3142	2,9763	980,1	980,0	981,3		
121,3309	2,9803	980,1	979,9	981,3		
121,3476	2,9882	980,1	979,9	981,4		
121,3642	2,9887	980,1	979,9	981,3		
121,3809	2,9891	980,2	980,0	981,4		
121,3976	2,9905	980,0	979,9	981,3		
121,4142	2,9909	980,0	979,9	981,3		
121,4309	2,9940	980,0	979,9	981,3		
121,4476	2,9962	980,1	980,0	981,4		
121,4642	2,9896	980,1	979,9	981,3		
121,4809	2,9953	980,1	979,9	981,3		
121,4976	2,9989	980,1	979,9	981,4		
121,5142	2,9935	980,1	979,9	981,4		
121,5309	2,9966	980,2	979,9	981,3		
121,5476	2,9940	980,1	979,9	981,4		
121,5642	3,0015	980,2	979,9	981,3		
121,5809	3,0064	980,1	979,9	981,3		
121,5976	3,0055	980,1	979,9	981,3		
121,6142	3,0090	980,1	979,9	981,3		
121,6309	3,0068	980,1	979,9	981,3		
121,6476	3,0126	980,1	979,9	981,3		
121,6642	3,0072	980,1	979,9	981,3		
121,6809	3,0117	980,1	979,9	981,3		
121,6976	3,0148	980,0	979,9	981,3		
121,7142	3,0170	980,1	980,0	981,4		
121,7309	3,0152	980,1	980,0	981,4		
121,7476	3,0134	980,0	979,9	981,2		
121,7642	3,0112	980,0	979,9	981,3		
121,7809	3,0152	980,0	979,9	981,3		
121,7976	3,0214	980,1	979,9	981,4		
121,8142	3,0187	980,1	979,9	981,4		
121,8309	3,0232	980,1	980,0	981,4		
121,8476	3,0236	980,2	980,0	981,4		
121,8642	3,0276	980,1	979,9	981,3		
121,8809	3,0223	980,1	979,9	981,3		
121,8976	3,0311	980,1	979,9	981,3		
121,9142	3,0302	980,1	980,0	981,4		
121,9309	3,0223	980,1	979,9	981,3		
121,9476	3,0347	980,1	979,9	981,3		
121,9642	3,0413	980,1	980,0	981,4		
121,9809	3,0448	980,0	979,9	981,3		
121,9976	3,0400	980,1	979,9	981,3		
122,0142	3,0431	980,1	979,9	981,3		
122,0309	3,0360	980,0	979,9	981,3		
122,0476	3,0395	980,1	979,9	981,4		
122,0642	3,0457	980,2	980,1	981,6		
122,0809	3,0404	980,1	980,0	981,4		
122,0976	3,0413	980,2	980,0	981,5		
122,1142	3,0417	980,1	980,0	981,4		
122,1309	3,0506	980,1	980,0	981,4		
122,1476	3,0484	980,1	980,0	981,4		
122,1642	3,0545	980,1	979,9	981,3		
122,1809	3,0581	980,1	979,9	981,3		
122,1976	3,0541	980,1	979,9	981,3		
122,2142	3,0510	980,1	980,0	981,3		
122,2309	3,0581	980,1	979,9	981,3		
122,2476	3,0599	980,1	979,9	981,3		
122,2642	3,0585	980,1	980,0	981,4		
122,2809	3,0554	980,1	979,9	981,3		
122,2976	3,0625	980,1	979,9	981,4		
122,3142	3,0678	980,1	979,9	981,2		
122,3309	3,0616	980,1	979,9	981,4		
122,3476	3,0744	980,1	980,0	981,4		
122,3642	3,0687	980,2	980,0	981,4		
122,3809	3,0700	980,2	980,0	981,4		
122,3976	3,0700	980,1	979,9	981,3		
122,4142	3,0758	980,2	979,9	981,3		
122,4309	3,0758	980,2	980,0	981,4		
122,4476	3,0718	980,1	980,0	981,4		
122,4642	3,0767	980,1	979,9	981,3		
122,4809	3,0802	980,1	979,9	981,3		
122,4976	3,0833	980,0	979,9	981,3		
122,5142	3,0811	980,1	980,0	981,5		
122,5309	3,0855	980,0	980,0	981,4		
122,5476	3,0886	980,0	979,9	981,3		
122,5642	3,0846	980,1	979,9	981,3		
122,5809	3,0890	980,0	979,9	981,3		
122,5976	3,0908	980,1	979,9	981,3		
122,6142	3,0908	980,2	980,0	981,4		
122,6309	3,0873	980,1	979,9	981,4		
122,6476	3,0948	980,1	980,0	981,4		
122,6642	3,0921	980,1	980,0	981,4		
122,6809	3,0979	980,2	980,0	981,4		
122,6976	3,1036	980,1	979,9	981,4		
122,7142	3,1041	980,1	980,0	981,4		
122,7309	3,0996	980,1	979,9	981,4		
122,7476	3,1014	980,1	979,9	981,3		
122,7642	3,1089	980,2	979,9	981,4		
122,7809	3,1133	980,1	979,9	981,3		
122,7976	3,1054	980,1	980,0	981,3		
122,8142	3,1027	980,1	980,0	981,4		
122,8309	3,1027	980,1	979,9	981,3		
122,8476	3,1138	980,1	979,9	981,2		
122,8642	3,1094	980,1	980,0	981,4		
122,8809	3,1133	980,0	979,8	981,3		
122,8976	3,1120	980,1	979,9	981,3		
122,9142	3,1164	980,1	980,0	981,4		
122,9309	3,1094	980,1	979,9	981,3		
122,9476	3,1125	980,1	980,0	981,4		
122,9642	3,1231	980,0	979,8	981,2		
122,9809	3,1217	980,1	980,0	981,3		
122,9976	3,1235	980,1	979,9	981,3		
123,0142	3,1191	980,1	979,9	981,4		
123,0309	3,1226	980,1	980,0	981,4		
123,0476	3,1301	980,1	979,9	981,3		
123,0642	3,1279	980,1	979,9	981,4		
123,0809	3,1332	980,0	979,9	981,3		
123,0976	3,1354	980,1	979,9	981,2		
123,1142	3,1332	980,0	979,9	981,3		
123,1309	3,1390	980,0	979,9	981,3		
123,1476	3,1443	980,1	979,9	981,3		
123,1642	3,1438	980,1	979,9	981,3		
123,1809	3,1372	980,1	979,9	981,3		
123,1976	3,1425	980,1	979,9	981,3		
123,2142	3,1377	980,0	979,9	981,3		
123,2309	3,1425	980,0	979,9	981,3		
123,2476	3,1425	980,2	979,9	981,3		
123,2642	3,1465	980,1	979,9	981,4		
123,2809	3,1545	980,2	979,9	981,3		
123,2976	3,1540	980,2	980,0	981,4		
123,3142	3,1518	980,1	979,9	981,4		
123,3309	3,1478	980,2	980,0	981,4		
123,3476	3,1522	980,1	979,9	981,3		
123,3642	3,1505	980,2	980,0	981,4		
123,3809	3,1527	980,1	980,0	981,3		
123,3976	3,1606	980,1	980,0	981,4		
123,4142	3,1637	980,1	980,0	981,3		
123,4309	3,1673	980,1	979,9	981,3		
123,4476	3,1659	980,1	979,9	981,3		
123,4642	3,1677	980,0	980,0	981,3		
123,4809	3,1712	980,0	979,9	981,4		
123,4976	3,1704	980,0	980,0	981,3		
123,5142	3,1712	980,1	979,9	981,3		
123,5309	3,1748	980,1	979,9	981,4		
123,5476	3,1651	980,1	980,0	981,3		
123,5642	3,1752	980,1	979,9	981,3		
123,5809	3,1752	980,1	979,9	981,4		
123,5976	3,1823	980,1	980,0	981,4		
123,6142	3,1810	980,2	980,0	981,4		
123,6309	3,1819	980,1	979,9	981,4		
123,6476	3,1766	980,1	980,0	981,4		
123,6642	3,1872	980,1	980,0	981,4		
123,6809	3,1854	980,2	980,0	981,4		
123,6976	3,1991	980,1	979,9	981,4		
123,7142	3,1898	980,1	979,9	981,4		
123,7309	3,1889	980,0	980,0	981,3		
123,7476	3,1938	980,1	979,9	981,3		
123,7642	3,1920	980,0	979,9	981,3		
123,7809	3,1942	979,9	979,9	981,3		
123,7976	3,1934	980,1	979,9	981,3		
123,8142	3,1987	980,1	979,9	981,3		
123,8309	3,2013	980,1	979,9	981,4		
123,8476	3,1925	980,1	979,9	981,3		
123,8642	3,2018	980,1	979,9	981,3		
123,8809	3,2013	980,2	980,0	981,4		
123,8976	3,2009	980,1	979,9	981,3		
123,9142	3,2106	980,1	980,0	981,4		
123,9309	3,2088	980,1	980,0	981,4		
123,9476	3,2124	980,2	980,0	981,4		
123,9642	3,2088	980,2	979,9	981,3		
123,9809	3,2106	980,1	980,0	981,3		
123,9976	3,2181	980,2	980,0	981,4		
124,0142	3,2212	980,1	979,9	981,3		
124,0309	3,2225	980,1	979,9	981,3		
124,0476	3,2190	980,1	980,0	981,4		
124,0642	3,2216	980,1	980,0	981,3		
124,0809	3,2194	980,0	979,9	981,3		
124,0976	3,2225	980,1	979,9	981,3		
124,1142	3,2252	980,1	980,0	981,3		
124,1309	3,2300	980,0	979,9	981,3		
124,1476	3,2353	980,1	979,9	981,3		
124,1642	3,2274	980,1	979,9	981,4		
124,1809	3,2300	980,1	980,0	981,3		
124,1976	3,2252	980,2	979,9	981,4		
124,2142	3,2323	980,1	979,9	981,3		
124,2309	3,2398	980,2	979,9	981,3		
124,2476	3,2367	980,1	979,9	981,4		
124,2642	3,2411	980,1	979,9	981,4		
124,2809	3,2345	980,2	980,0	981,4		
124,2976	3,2468	980,1	980,0	981,4		
124,3142	3,2398	980,2	979,9	981,4		
124,3309	3,2429	980,1	979,9	981,4		
124,3476	3,2468	980,1	980,0	981,4		
124,3642	3,2451	980,1	979,9	981,3		
124,3809	3,2495	980,1	980,0	981,4		
124,3976	3,2566	980,0	979,9	981,3		
124,4142	3,2477	980,1	980,0	981,4		
124,4309	3,2605	980,1	980,0	981,4		
124,4476	3,2548	980,2	980,0	981,4		
124,4642	3,2583	980,1	980,0	981,4		
124,4809	3,2570	980,1	979,9	981,4		
124,4976	3,2570	980,1	979,9	981,4		
124,5142	3,2605	980,1	980,0	981,4		
124,5309	3,2725	980,1	980,0	981,4		
124,5476	3,2632	980,1	980,0	981,4		
124,5642	3,2685	980,2	979,9	981,3		
124,5809	3,2681	980,1	980,0	981,3		
124,5976	3,2658	980,1	979,9	981,3		
124,6142	3,2676	980,1	979,9	981,3		
124,6309	3,2782	980,2	979,9	981,3		
124,6476	3,2765	980,1	979,9	981,3		
124,6642	3,2760	980,1	980,0	981,3		
124,6809	3,2707	980,1	979,9	981,2		
124,6976	3,2747	980,1	979,9	981,3		
124,7142	3,2818	980,0	980,0	981,3		
124,7309	3,2760	980,1	980,0	981,3		
124,7476	3,2826	980,1	980,0	981,3		
124,7642	3,2862	980,1	980,0	981,4		
124,7809	3,2800	980,2	980,0	981,4		
124,7976	3,2796	980,1	980,0	981,3		
124,8142	3,2906	980,2	980,0	981,4		
124,8309	3,2893	980,2	980,0	981,4		
124,8476	3,2968	980,1	979,9	981,3		
124,8642	3,2897	980,1	980,0	981,3		
124,8809	3,2902	980,1	980,0	981,3		
124,8976	3,2981	980,1	979,9	981,3		
124,9142	3,2893	980,2	979,9	981,4		
124,9309	3,3021	980,1	980,0	981,3		
124,9476	3,3039	980,2	980,0	981,3		
124,9642	3,3021	980,1	979,9	981,4		
124,9809	3,3052	980,1	979,9	981,3		
124,9976	3,3025	980,1	980,0	981,4		
125,0142	3,3003	980,0	979,9	981,3		
125,0309	3,3149	980,1	980,0	981,4		
125,0476	3,3096	980,1	979,9	981,3		
125,0642	3,3167	980,1	980,0	981,4		
125,0809	3,3162	980,1	979,9	981,4		
125,0976	3,3158	980,0	979,9	981,3		
125,1142	3,3167	980,1	980,0	981,4		
125,1309	3,3180	980,1	980,0	981,4		
125,1476	3,3224	980,2	980,0	981,4		
125,1642	3,3264	980,1	979,9	981,3		
125,1809	3,3238	980,2	980,0	981,4		
125,1976	3,3180	980,2	979,9	981,4		
125,2142	3,3260	980,1	979,9	981,3		
125,2309	3,3251	980,2	980,0	981,4		
125,2476	3,3286	980,1	979,9	981,2		
125,2642	3,3282	980,2	980,0	981,4		
125,2809	3,3246	980,1	979,9	981,3		
125,2976	3,3317	980,1	980,0	981,4		
125,3142	3,3406	980,1	980,0	981,4		
125,3309	3,3339	980,1	980,0	981,4		
125,3476	3,3383	980,1	980,0	981,3		
125,3642	3,3485	980,1	980,0	981,4		
125,3809	3,3383	980,0	980,0	981,3		
125,3976	3,3414	980,1	979,9	981,4		
125,4142	3,3481	980,1	980,0	981,3		
125,4309	3,3432	980,0	979,9	981,3		
125,4476	3,3454	980,1	980,0	981,4		
125,4642	3,3445	980,1	980,0	981,4		
125,4809	3,3569	980,1	979,9	981,3		
125,4976	3,3459	980,2	980,0	981,4		
125,5142	3,3507	980,1	979,9	981,2		
125,5309	3,3498	980,2	980,0	981,4		
125,5476	3,3587	980,1	980,0	981,4		
125,5642	3,3587	980,1	979,9	981,3		
125,5809	3,3662	980,1	980,0	981,3		
125,5976	3,3613	980,1	980,0	981,4		
125,6142	3,3640	980,1	979,9	981,3		
125,6309	3,3662	980,1	980,0	981,3		
125,6476	3,3737	980,1	980,0	981,3		
125,6642	3,3688	980,0	980,0	981,4		
125,6809	3,3781	980,1	980,0	981,4		
125,6976	3,3817	980,1	980,0	981,4		
125,7142	3,3772	980,1	980,0	981,4		
125,7309	3,3777	980,1	980,0	981,4		
125,7476	3,3825	980,1	980,0	981,4		
125,7642	3,3821	980,1	980,0	981,4		
125,7809	3,3843	980,1	980,0	981,4		
125,7976	3,3856	980,1	980,0	981,4		
125,8142	3,3865	980,1	980,0	981,4		
125,8309	3,3914	980,2	980,0	981,5		
125,8476	3,3883	980,1	980,0	981,4		
125,8642	3,3856	980,1	980,0	981,4		
125,8809	3,3936	980,1	979,9	981,3		
125,8976	3,4024	980,2	980,0	981,4		
125,9142	3,3945	980,1	980,0	981,3		
125,9309	3,3958	980,1	980,0	981,3		
125,9476	3,3976	980,1	980,0	981,4		
125,9642	3,4042	980,1	980,0	981,3		
125,9809	3,4073	980,2	980,0	981,4		
125,9976	3,4064	980,2	980,0	981,4		
126,0142	3,4122	980,1	980,1	981,4		
126,0309	3,4082	980,1	980,0	981,4		
126,0476	3,4082	980,1	980,0	981,4		
126,0642	3,4086	980,1	980,0	981,4		
126,0809	3,4104	980,1	980,0	981,3		
126,0976	3,4122	980,2	980,1	981,4		
126,1142	3,4095	980,1	980,0	981,4		
126,1309	3,4188	980,2	980,0	981,4		
126,1476	3,4144	980,2	980,0	981,4		
126,1642	3,4219	980,1	980,0	981,3		
126,1809	3,4166	980,2	980,0	981,4		
126,1976	3,4285	980,3	980,0	981,3		
126,2142	3,4210	980,2	980,0	981,4		
126,2309	3,4228	980,1	980,0	981,3		
126,2476	3,4232	980,3	980,0	981,4		
126,2642	3,4321	980,1	980,0	981,4		
126,2809	3,4281	980,1	980,0	981,4		
126,2976	3,4405	980,1	980,0	981,3		
126,3142	3,4400	980,2	980,0	981,4		
126,3309	3,4365	980,0	980,0	981,3		
126,3476	3,4360	980,1	980,0	981,3		
126,3642	3,4453	980,1	979,9	981,3		
126,3809	3,4360	980,2	980,1	981,4		
126,3976	3,4418	980,1	980,0	981,3		
126,4142	3,4405	980,1	980,0	981,4		
126,4309	3,4453	980,1	979,9	981,3		
126,4476	3,4515	980,1	980,0	981,4		
126,4642	3,4431	980,1	980,0	981,4		
126,4809	3,4511	980,2	980,0	981,4		
126,4976	3,4511	980,2	980,0	981,5		
126,5142	3,4502	980,1	980,0	981,3		
126,5309	3,4564	980,1	980,0	981,3		
126,5476	3,4542	980,2	980,1	981,4		
126,5642	3,4550	980,2	980,1	981,4		
126,5809	3,4617	980,1	980,0	981,3		
126,5976	3,4617	980,3	980,0	981,4		
126,6142	3,4696	980,1	980,0	981,3		
126,6309	3,4771	980,2	980,0	981,3		
126,6476	3,4710	980,2	980,0	981,4		
126,6642	3,4776	980,2	980,0	981,4		
126,6809	3,4754	980,1	980,0	981,3		
126,6976	3,4710	980,1	980,0	981,3		
126,7142	3,4732	980,2	980,1	981,3		
126,7309	3,4802	980,0	979,9	981,4		
126,7476	3,4811	980,0	980,0	981,4		
126,7642	3,4771	980,1	979,9	981,3		
126,7809	3,4917	980,2	980,0	981,4		
126,7976	3,4895	980,2	980,0	981,4		
126,8142	3,4878	980,1	979,9	981,3		
126,8309	3,4798	980,3	980,1	981,5		
126,8476	3,4855	980,1	980,0	981,3		
126,8642	3,4939	980,2	980,0	981,3		
126,8809	3,4926	980,1	980,0	981,3		
126,8976	3,4944	980,2	980,0	981,4		
126,9142	3,4975	980,2	980,0	981,3		
126,9309	3,4984	980,1	980,0	981,3		
126,9476	3,4962	980,1	980,0	981,4		
126,9642	3,4900	980,1	980,0	981,3		
126,9809	3,5059	980,2	980,0	981,4		
126,9976	3,4979	980,1	980,0	981,3		
127,0142	3,5006	980,2	980,0	981,4		
127,0309	3,5068	980,1	980,0	981,3		
127,0476	3,5050	980,0	980,0	981,3		
127,0642	3,5138	980,1	980,0	981,4		
127,0809	3,5081	980,2	980,0	981,3		
127,0976	3,5178	980,2	980,0	981,3		
127,1142	3,5160	980,1	980,0	981,4		
127,1309	3,5240	980,2	980,0	981,4		
127,1476	3,5178	980,2	980,0	981,3		
127,1642	3,5244	980,2	980,0	981,5		
127,1809	3,5222	980,2	980,0	981,3		
127,1976	3,5289	980,3	980,1	981,5		
127,2142	3,5275	980,1	980,0	981,4		
127,2309	3,5280	980,1	980,0	981,2		
127,2476	3,5289	980,1	980,0	981,3		
127,2642	3,5271	980,2	980,0	981,4		
127,2809	3,5346	980,1	980,0	981,3		
127,2976	3,5412	980,1	980,0	981,3		
127,3142	3,5421	980,2	980,0	981,4		
127,3309	3,5399	980,1	980,0	981,4		
127,3476	3,5430	980,2	980,0	981,4		
127,3642	3,5443	980,1	980,0	981,4		
127,3809	3,5408	980,1	980,0	981,3		
127,3976	3,5421	980,1	980,0	981,4		
127,4142	3,5430	980,2	980,0	981,4		
127,4309	3,5435	980,0	979,9	981,3		
127,4476	3,5545	980,1	980,0	981,3		
127,4642	3,5479	980,2	980,0	981,4		
127,4809	3,5483	980,1	980,0	981,4		
127,4976	3,5510	980,1	979,9	981,4		
127,5142	3,5620	980,1	979,9	981,3		
127,5309	3,5558	980,2	980,0	981,4		
127,5476	3,5642	980,2	980,0	981,3		
127,5642	3,5695	980,1	980,0	981,3		
127,5809	3,5726	980,1	980,0	981,4		
127,5976	3,5651	980,0	979,9	981,2		
127,6142	3,5700	980,1	980,0	981,3		
127,6309	3,5744	980,1	980,0	981,3		
127,6476	3,5691	980,1	980,0	981,3		
127,6642	3,5726	980,1	980,0	981,4		
127,6809	3,5775	980,1	980,0	981,4		
127,6976	3,5810	980,1	980,0	981,4		
127,7142	3,5859	980,1	980,0	981,3		
127,7309	3,5766	980,1	980,0	981,4		
127,7476	3,5793	980,1	980,0	981,4		
127,7642	3,5846	980,2	980,0	981,3		
127,7809	3,5863	980,2	980,1	981,5		
127,7976	3,5877	980,2	979,9	981,3		
127,8142	3,5938	980,2	980,0	981,4		
127,8309	3,6000	980,2	980,0	981,4		
127,8476	3,5912	980,2	980,0	981,4		
127,8642	3,6009	980,1	980,0	981,3		
127,8809	3,5961	980,2	980,0	981,4		
127,8976	3,6067	980,1	980,0	981,4		
127,9142	3,6089	980,1	980,0	981,3		
127,9309	3,6036	980,1	980,0	981,3		
127,9476	3,6093	980,1	980,0	981,4		
127,9642	3,6120	980,1	980,0	981,3		
127,9809	3,6111	980,2	980,1	981,4		
127,9976	3,6133	980,1	980,0	981,3		
128,0142	3,6111	980,1	980,0	981,4		
128,0309	3,6133	980,1	980,0	981,4		
128,0476	3,6137	980,1	980,0	981,3		
128,0642	3,6142	980,1	980,0	981,4		
128,0809	3,6146	980,2	980,0	981,3		
128,0976	3,6168	980,2	980,0	981,4		
128,1142	3,6199	980,2	980,0	981,3		
128,1309	3,6208	980,2	980,0	981,4		
128,1476	3,6283	980,2	980,0	981,3		
128,1642	3,6411	980,1	979,9	981,3		
128,1809	3,6305	980,1	980,0	981,4		
128,1976	3,6319	980,2	980,0	981,4		
128,2142	3,6332	980,1	980,0	981,3		
128,2309	3,6310	980,1	980,0	981,3		
128,2476	3,6385	980,1	979,9	981,3		
128,2642	3,6354	980,2	980,1	981,5		
128,2809	3,6451	980,1	980,0	981,4		
128,2976	3,6442	980,1	980,0	981,4		
128,3142	3,6447	980,2	980,0	981,4		
128,3309	3,6500	980,0	979,9	981,3		
128,3476	3,6597	980,1	980,0	981,3		
128,3642	3,6557	980,1	980,0	981,4		
128,3809	3,6540	980,2	980,0	981,4		
128,3976	3,6557	980,1	980,0	981,3		
128,4142	3,6584	980,2	980,1	981,3		
128,4309	3,6646	980,1	980,0	981,4		
128,4476	3,6637	980,2	980,0	981,3		
128,4642	3,6535	980,3	980,0	981,3		
128,4809	3,6659	980,2	980,0	981,4		
128,4976	3,6694	980,2	980,0	981,4		
128,5142	3,6602	980,1	979,9	981,3		
128,5309	3,6646	980,1	980,0	981,4		
128,5476	3,6699	980,1	980,0	981,4		
128,5642	3,6725	980,2	980,0	981,4		
128,5809	3,6787	980,1	980,0	981,4		
128,5976	3,6730	980,2	980,1	981,4		
128,6142	3,6747	980,2	980,0	981,4		
128,6309	3,6858	980,1	980,0	981,4		
128,6476	3,6805	980,1	980,0	981,4		
128,6642	3,6809	980,1	980,0	981,4		
128,6809	3,6862	980,1	980,0	981,4		
128,6976	3,6933	980,2	980,0	981,4		
128,7142	3,6902	980,2	980,0	981,4		
128,7309	3,6929	980,1	980,0	981,3		
128,7476	3,6854	980,1	980,1	981,5		
128,7642	3,6960	980,2	980,0	981,4		
128,7809	3,6898	980,2	980,0	981,4		
128,7976	3,7013	980,1	980,0	981,4		
128,8142	3,7008	980,2	980,1	981,4		
128,8309	3,6973	980,2	980,1	981,5		
128,8476	3,7017	980,3	980,1	981,5		
128,8642	3,7035	980,2	980,0	981,4		
128,8809	3,7092	980,3	980,0	981,4		
128,8976	3,7132	980,2	980,0	981,3		
128,9142	3,7176	980,1	980,0	981,4		
128,9309	3,7136	980,1	980,1	981,4		
128,9476	3,7189	980,1	980,0	981,3		
128,9642	3,7189	980,1	980,0	981,4		
128,9809	3,7207	980,2	980,0	981,4		
128,9976	3,7212	980,1	980,0	981,4		
129,0142	3,7203	980,1	980,0	981,4		
129,0309	3,7287	980,2	980,0	981,4		
129,0476	3,7251	980,2	980,0	981,3		
129,0642	3,7304	980,2	980,0	981,4		
129,0809	3,7282	980,2	980,0	981,4		
129,0976	3,7344	980,3	980,1	981,4		
129,1142	3,7300	980,2	980,0	981,3		
129,1309	3,7402	980,1	980,0	981,3		
129,1476	3,7353	980,2	980,0	981,3		
129,1642	3,7366	980,2	980,0	981,3		
129,1809	3,7494	980,1	980,0	981,4		
129,1976	3,7464	980,2	980,0	981,3		
129,2142	3,7494	980,2	980,0	981,3		
129,2309	3,7548	980,2	980,0	981,3		
129,2476	3,7596	980,1	980,0	981,4		
129,2642	3,7556	980,1	980,0	981,4		
129,2809	3,7570	980,1	979,9	981,3		
129,2976	3,7574	980,2	980,1	981,4		
129,3142	3,7512	980,1	980,0	981,4		
129,3309	3,7552	980,1	980,0	981,3		
129,3476	3,7654	980,2	980,0	981,4		
129,3642	3,7609	980,1	980,1	981,3		
129,3809	3,7685	980,2	980,0	981,4		
129,3976	3,7685	980,2	980,1	981,4		
129,4142	3,7746	980,2	980,0	981,4		
129,4309	3,7751	980,2	980,0	981,4		
129,4476	3,7786	980,2	980,0	981,5		
129,4642	3,7738	980,2	980,0	981,3		
129,4809	3,7738	980,3	980,1	981,5		
129,4976	3,7786	980,2	980,1	981,4		
129,5142	3,7799	980,2	980,0	981,4		
129,5309	3,7795	980,2	980,0	981,5		
129,5476	3,7861	980,2	980,0	981,3		
129,5642	3,7839	980,2	980,0	981,3		
129,5809	3,7861	980,2	980,0	981,4		
129,5976	3,7950	980,2	980,0	981,4		
129,6142	3,7923	980,2	980,0	981,4		
129,6309	3,7945	980,1	980,0	981,3		
129,6476	3,7981	980,1	980,1	981,4		
129,6642	3,7945	980,2	980,1	981,5		
129,6809	3,8029	980,2	980,1	981,4		
129,6976	3,7967	980,2	980,1	981,5		
129,7142	3,8051	980,1	980,1	981,4		
129,7309	3,8109	980,1	980,0	981,4		
129,7476	3,7985	980,3	980,0	981,4		
129,7642	3,8096	980,2	980,1	981,4		
129,7809	3,8131	980,2	980,0	981,3		
129,7976	3,8153	980,2	980,0	981,3		
129,8142	3,8158	980,2	980,1	981,4		
129,8309	3,8158	980,2	980,0	981,4		
129,8476	3,8188	980,2	980,1	981,4		
129,8642	3,8246	980,2	980,0	981,4		
129,8809	3,8281	980,1	980,0	981,3		
129,8976	3,8233	980,2	980,1	981,4		
129,9142	3,8299	980,2	980,0	981,4		
129,9309	3,8308	980,2	980,0	981,3		
129,9476	3,8295	980,2	980,0	981,3		
129,9642	3,8286	980,1	980,0	981,3		
129,9809	3,8365	980,2	980,2	981,6		
129,9976	3,8339	980,2	980,0	981,3		
130,0142	3,8401	980,1	980,0	981,5		
130,0309	3,8396	980,2	980,1	981,4		
130,0476	3,8343	980,2	980,1	981,5		
130,0642	3,8392	980,2	980,1	981,4		
130,0809	3,8396	980,2	980,2	981,6		
130,0976	3,8480	980,2	980,1	981,5		
130,1142	3,8582	980,2	980,0	981,4		
130,1309	3,8507	980,2	980,1	981,4		
130,1476	3,8533	980,3	980,2	981,5		
130,1642	3,8547	980,3	980,1	981,4		
130,1809	3,8608	980,2	980,1	981,4		
130,1976	3,8635	980,2	980,0	981,4		
130,2142	3,8626	980,3	980,1	981,4		
130,2309	3,8626	980,2	980,0	981,4		
130,2476	3,8715	980,2	980,1	981,4		
130,2642	3,8653	980,2	980,1	981,4		
130,2809	3,8675	980,2	980,1	981,4		
130,2976	3,8692	980,1	980,0	981,4		
130,3142	3,8763	980,1	980,0	981,3		
130,3309	3,8790	980,2	980,1	981,5		
130,3476	3,8834	980,1	980,0	981,3		
130,3642	3,8843	980,2	980,0	981,4		
130,3809	3,8772	980,2	980,1	981,4		
130,3976	3,8843	980,2	980,1	981,4		
130,4142	3,8785	980,2	980,1	981,4		
130,4309	3,8847	980,2	980,1	981,5		
130,4476	3,8927	980,2	980,1	981,4		
130,4642	3,8829	980,2	980,1	981,5		
130,4809	3,8953	980,3	980,1	981,4		
130,4976	3,8944	980,2	980,1	981,4		
130,5142	3,8958	980,2	980,0	981,4		
130,5309	3,8913	980,2	980,0	981,4		
130,5476	3,9028	980,2	980,1	981,4		
130,5642	3,9086	980,2	980,0	981,3		
130,5809	3,9126	980,2	980,1	981,4		
130,5976	3,9095	980,2	980,0	981,3		
130,6142	3,9086	980,2	980,1	981,4		
130,6309	3,9059	980,2	980,0	981,4		
130,6476	3,9112	980,2	980,1	981,4		
130,6642	3,9165	980,2	980,1	981,4		
130,6809	3,9196	980,2	980,2	981,5		
130,6976	3,9143	980,2	980,2	981,5		
130,7142	3,9285	980,2	980,1	981,4		
130,7309	3,9214	980,2	980,1	981,4		
130,7476	3,9298	980,2	980,1	981,4		
130,7642	3,9263	980,2	980,1	981,5		
130,7809	3,9325	980,0	980,0	981,3		
130,7976	3,9333	980,2	980,1	981,5		
130,8142	3,9391	980,2	980,1	981,4		
130,8309	3,9280	980,3	980,1	981,5		
130,8476	3,9373	980,3	980,1	981,4		
130,8642	3,9391	980,2	980,1	981,4		
130,8809	3,9413	980,2	980,0	981,3		
130,8976	3,9519	980,3	980,1	981,5		
130,9142	3,9453	980,2	980,1	981,4		
130,9309	3,9532	980,2	980,0	981,4		
130,9476	3,9484	980,2	980,1	981,3		
130,9642	3,9462	980,2	980,0	981,4		
130,9809	3,9519	980,2	980,1	981,5		
130,9976	3,9541	980,2	980,1	981,4		
131,0142	3,9590	980,2	980,1	981,4		
131,0309	3,9532	980,2	980,0	981,3		
131,0476	3,9612	980,2	980,0	981,3		
131,0642	3,9674	980,3	980,1	981,4		
131,0809	3,9727	980,2	980,0	981,4		
131,0976	3,9678	980,2	980,1	981,4		
131,1142	3,9669	980,2	980,1	981,4		
131,1309	3,9683	980,2	980,1	981,4		
131,1476	3,9643	980,2	980,0	981,4		
131,1642	3,9780	980,2	980,0	981,4		
131,1809	3,9771	980,2	980,0	981,4		
131,1976	3,9793	980,2	980,0	981,4		
131,2142	3,9824	980,2	980,0	981,4		
131,2309	3,9877	980,2	980,0	981,4		
131,2476	3,9824	980,2	980,1	981,4		
131,2642	3,9855	980,2	980,0	981,3		
131,2809	4,0023	980,1	980,0	981,4		
131,2976	3,9935	980,2	980,1	981,4		
131,3142	3,9904	980,2	980,1	981,4		
131,3309	3,9943	980,2	980,1	981,4		
131,3476	3,9992	980,1	980,1	981,4		
131,3642	4,0027	980,2	980,1	981,4		
131,3809	4,0072	980,2	980,0	981,4		
131,3976	4,0094	980,2	980,1	981,4		
131,4142	4,0129	980,2	980,0	981,4		
131,4309	4,0178	980,2	980,0	981,4		
131,4476	4,0160	980,2	980,1	981,4		
131,4642	4,0133	980,2	980,1	981,4		
131,4809	4,0164	980,2	980,0	981,4		
131,4976	4,0094	980,2	980,1	981,4		
131,5142	4,0164	980,3	980,1	981,4		
131,5309	4,0257	980,2	980,0	981,4		
131,5476	4,0266	980,3	980,2	981,5		
131,5642	4,0235	980,2	980,0	981,3		
131,5809	4,0381	980,2	980,1	981,4		
131,5976	4,0226	980,3	980,0	981,4		
131,6142	4,0306	980,2	980,0	981,4		
131,6309	4,0394	980,1	980,0	981,4		
131,6476	4,0363	980,2	980,1	981,4		
131,6642	4,0368	980,1	980,0	981,3		
131,6809	4,0425	980,3	980,1	981,5		
131,6976	4,0390	980,2	980,0	981,4		
131,7142	4,0523	980,2	980,1	981,5		
131,7309	4,0567	980,2	980,0	981,3		
131,7476	4,0558	980,1	980,1	981,5		
131,7642	4,0562	980,2	980,0	981,3		
131,7809	4,0540	980,3	980,1	981,4		
131,7976	4,0593	980,2	980,1	981,4		
131,8142	4,0629	980,3	980,1	981,4		
131,8309	4,0584	980,2	980,1	981,4		
131,8476	4,0660	980,3	980,1	981,4		
131,8642	4,0580	980,2	980,1	981,4		
131,8809	4,0629	980,3	980,1	981,4		
131,8976	4,0686	980,3	980,1	981,4		
131,9142	4,0748	980,2	980,0	981,4		
131,9309	4,0699	980,2	980,1	981,4		
131,9476	4,0797	980,2	980,1	981,4		
131,9642	4,0845	980,2	980,0	981,4		
131,9809	4,0850	980,2	980,0	981,3		
131,9976	4,0810	980,3	980,1	981,4		
132,0142	4,0881	980,2	980,0	981,4		
132,0309	4,0872	980,2	980,0	981,4		
132,0476	4,0894	980,2	980,1	981,4		
132,0642	4,0881	980,2	980,1	981,4		
132,0809	4,0907	980,3	980,1	981,5		
132,0976	4,0903	980,3	980,1	981,4		
132,1142	4,1062	980,2	980,1	981,4		
132,1309	4,0978	980,2	980,1	981,3		
132,1476	4,1022	980,2	980,1	981,5		
132,1642	4,1044	980,3	980,1	981,4		
132,1809	4,0987	980,2	980,1	981,3		
132,1976	4,1071	980,3	980,1	981,4		
132,2142	4,1168	980,2	980,0	981,3		
132,2309	4,1040	980,2	980,0	981,3		
132,2476	4,1088	980,2	980,1	981,4		
132,2642	4,1181	980,2	980,1	981,4		
132,2809	4,1194	980,2	980,1	981,3		
132,2976	4,1243	980,2	980,0	981,3		
132,3142	4,1309	980,2	980,1	981,4		
132,3309	4,1292	980,1	980,1	981,4		
132,3476	4,1239	980,3	980,1	981,5		
132,3642	4,1283	980,2	980,1	981,4		
132,3809	4,1318	980,2	980,1	981,3		
132,3976	4,1301	980,1	980,1	981,4		
132,4142	4,1402	980,2	980,0	981,4		
132,4309	4,1362	980,2	980,0	981,3		
132,4476	4,1407	980,3	980,1	981,4		
132,4642	4,1407	980,3	980,2	981,6		
132,4809	4,1451	980,2	980,1	981,4		
132,4976	4,1526	980,2	980,1	981,4		
132,5142	4,1468	980,2	980,1	981,4		
132,5309	4,1455	980,3	980,1	981,4		
132,5476	4,1486	980,2	980,0	981,3		
132,5642	4,1526	980,2	980,1	981,4		
132,5809	4,1636	980,2	980,0	981,4		
132,5976	4,1601	980,2	980,1	981,4		
132,6142	4,1738	980,2	980,1	981,4		
132,6309	4,1676	980,2	980,1	981,4		
132,6476	4,1729	980,2	980,1	981,4		
132,6642	4,1734	980,2	980,1	981,4		
132,6809	4,1756	980,2	980,1	981,4		
132,6976	4,1712	980,2	980,1	981,3		
132,7142	4,1822	980,2	980,1	981,4		
132,7309	4,1835	980,2	980,1	981,4		
132,7476	4,1773	980,2	980,0	981,3		
132,7642	4,1822	980,2	980,1	981,4		
132,7809	4,1827	980,2	980,0	981,4		
132,7976	4,1857	980,2	980,1	981,4		
132,8142	4,1893	980,3	980,1	981,5		
132,8309	4,1995	980,2	980,1	981,4		
132,8476	4,1911	980,3	980,2	981,6		
132,8642	4,1897	980,2	980,1	981,5		
132,8809	4,1986	980,3	980,2	981,5		
132,8976	4,1946	980,3	980,1	981,4		
132,9142	4,2030	980,3	980,2	981,5		
132,9309	4,2034	980,2	980,0	981,4		
132,9476	4,2105	980,2	980,1	981,4		
132,9642	4,2171	980,3	980,1	981,4		
132,9809	4,2154	980,1	980,0	981,3		
132,9976	4,2140	980,2	980,0	981,3		
133,0142	4,2207	980,1	980,0	981,3		
133,0309	4,2207	980,2	980,0	981,3		
133,0476	4,2185	980,2	980,1	981,4		
133,0642	4,2198	980,2	980,0	981,4		
133,0809	4,2207	980,2	980,0	981,3		
133,0976	4,2273	980,3	980,0	981,4		
133,1142	4,2207	980,3	980,1	981,4		
133,1309	4,2335	980,2	980,1	981,4		
133,1476	4,2370	980,2	980,1	981,3		
133,1642	4,2406	980,3	980,1	981,4		
133,1809	4,2375	980,2	980,1	981,4		
133,1976	4,2353	980,3	980,1	981,4		
133,2142	4,2485	980,2	980,1	981,4		
133,2309	4,2459	980,2	980,1	981,4		
133,2476	4,2468	980,2	980,0	981,3		
133,2642	4,2600	980,2	980,0	981,3		
133,2809	4,2525	980,2	980,1	981,4		
133,2976	4,2490	980,1	980,0	981,3		
133,3142	4,2578	980,1	980,0	981,4		
133,3309	4,2666	980,2	980,1	981,4		
133,3476	4,2600	980,2	980,0	981,3		
133,3642	4,2689	980,2	980,1	981,4		
133,3809	4,2671	980,2	980,0	981,4		
133,3976	4,2644	980,2	980,1	981,4		
133,4142	4,2742	980,2	980,1	981,4		
133,4309	4,2737	980,2	980,0	981,4		
133,4476	4,2680	980,3	980,2	981,5		
133,4642	4,2719	980,2	980,1	981,4		
133,4809	4,2773	980,2	980,1	981,4		
133,4976	4,2887	980,1	980,3	981,7		
133,5142	4,2817	980,2	980,3	981,7		
133,5309	4,2901	980,2	980,3	981,7		
133,5476	4,2830	980,3	980,3	981,6		
133,5642	4,2945	980,2	980,3	981,7		
133,5809	4,2945	980,4	980,4	981,7		
133,5976	4,2989	980,2	980,3	981,7		
133,6142	4,3002	980,2	980,3	981,6		
133,6309	4,3002	980,2	980,3	981,6		
133,6476	4,3064	980,2	980,3	981,6		
133,6642	4,3038	980,2	980,3	981,7		
133,6809	4,3117	980,2	980,3	981,6		
133,6976	4,3122	980,2	980,4	981,7		
133,7142	4,3122	980,2	980,3	981,6		
133,7309	4,3144	980,2	980,4	981,6		
133,7476	4,3144	980,2	980,3	981,6		
133,7642	4,3157	980,2	980,3	981,7		
133,7809	4,3237	980,2	980,3	981,6		
133,7976	4,3254	980,3	980,5	981,8		
133,8142	4,3299	980,2	980,3	981,6		
133,8309	4,3285	980,2	980,3	981,6		
133,8476	4,3307	980,2	980,3	981,6		
133,8642	4,3413	980,3	980,2	981,6		
133,8809	4,3347	980,2	980,2	981,5		
133,8976	4,3431	980,3	980,2	981,6		
133,9142	4,3444	980,2	980,2	981,6		
133,9309	4,3467	980,2	980,3	981,6		
133,9476	4,3467	980,1	980,2	981,5		
133,9642	4,3577	980,3	980,4	981,7		
133,9809	4,3586	980,1	980,3	981,6		
133,9976	4,3568	980,3	980,4	981,7		
134,0142	4,3533	980,2	980,2	981,5		
134,0309	4,3674	980,3	980,4	981,7		
134,0476	4,3661	980,3	980,3	981,6		
134,0642	4,3586	980,2	980,3	981,6		
134,0809	4,3665	980,2	980,3	981,6		
134,0976	4,3639	980,2	980,3	981,5		
134,1142	4,3758	980,3	980,3	981,7		
134,1309	4,3710	980,2	980,3	981,6		
134,1476	4,3772	980,3	980,3	981,6		
134,1642	4,3807	980,3	980,4	981,7		
134,1809	4,3802	980,2	980,3	981,6		
134,1976	4,3798	980,3	980,3	981,6		
134,2142	4,3820	980,3	980,3	981,7		
134,2309	4,3904	980,3	980,3	981,6		
134,2476	4,3882	980,3	980,3	981,5		
134,2642	4,4001	980,3	980,3	981,6		
134,2809	4,3979	980,2	980,3	981,6		
134,2976	4,4006	980,2	980,3	981,6		
134,3142	4,3984	980,2	980,3	981,5		
134,3309	4,4046	980,1	980,2	981,5		
134,3476	4,4059	980,3	980,3	981,6		
134,3642	4,4072	980,2	980,3	981,6		
134,3809	4,4063	980,2	980,3	981,6		
134,3976	4,4165	980,2	980,3	981,6		
134,4142	4,4138	980,2	980,3	981,7		
134,4309	4,4209	980,3	980,3	981,6		
134,4476	4,4200	980,2	980,3	981,6		
134,4642	4,4231	980,2	980,3	981,6		
134,4809	4,4240	980,3	980,4	981,7		
134,4976	4,4267	980,2	980,3	981,7		
134,5142	4,4275	980,3	980,3	981,6		
134,5309	4,4342	980,3	980,3	981,6		
134,5476	4,4311	980,3	980,3	981,6		
134,5642	4,4355	980,2	980,3	981,5		
134,5809	4,4395	980,3	980,3	981,6		
134,5976	4,4421	980,3	980,3	981,6		
134,6142	4,4413	980,2	980,3	981,6		
134,6309	4,4541	980,3	980,3	981,6		
134,6476	4,4483	980,2	980,3	981,6		
134,6642	4,4501	980,3	980,3	981,7		
134,6809	4,4541	980,2	980,3	981,6		
134,6976	4,4651	980,2	980,3	981,6		
134,7142	4,4634	980,3	980,4	981,7		
134,7309	4,4682	980,1	980,3	981,6		
134,7476	4,4656	980,3	980,3	981,6		
134,7642	4,4704	980,2	980,3	981,7		
134,7809	4,4718	980,3	980,3	981,6		
134,7976	4,4704	980,2	980,3	981,6		
134,8142	4,4762	980,1	980,2	981,6		
134,8309	4,4753	980,2	980,2	981,5		
134,8476	4,4762	980,3	980,3	981,6		
134,8642	4,4832	980,3	980,3	981,7		
134,8809	4,4810	980,3	980,4	981,6		
134,8976	4,4766	980,3	980,3	981,6		
134,9142	4,4877	980,3	980,3	981,6		
134,9309	4,4855	980,2	980,3	981,6		
134,9476	4,4974	980,3	980,3	981,6		
134,9642	4,4930	980,3	980,3	981,6		
134,9809	4,4987	980,3	980,3	981,6		
134,9976	4,5040	980,2	980,3	981,5		
135,0142	4,5023	980,3	980,3	981,7		
135,0309	4,5049	980,2	980,3	981,6		
135,0476	4,5102	980,2	980,3	981,6		
135,0642	4,5115	980,3	980,3	981,6		
135,0809	4,5261	980,2	980,3	981,6		
135,0976	4,5168	980,3	980,3	981,6		
135,1142	4,5239	980,2	980,3	981,7		
135,1309	4,5221	980,2	980,3	981,6		
135,1476	4,5221	980,2	980,3	981,6		
135,1642	4,5230	980,3	980,4	981,6		
135,1809	4,5248	980,2	980,4	981,7		
135,1976	4,5266	980,3	980,3	981,6		
135,2142	4,5354	980,2	980,3	981,6		
135,2309	4,5292	980,3	980,3	981,6		
135,2476	4,5398	980,3	980,3	981,7		
135,2642	4,5442	980,3	980,3	981,6		
135,2809	4,5398	980,3	980,3	981,6		
135,2976	4,5465	980,3	980,4	981,6		
135,3142	4,5425	980,4	980,4	981,6		
135,3309	4,5553	980,3	980,3	981,6		
135,3476	4,5549	980,4	980,3	981,5		
135,3642	4,5588	980,3	980,3	981,5		
135,3809	4,5602	980,3	980,4	981,6		
135,3976	4,5659	980,4	980,3	981,5		
135,4142	4,5602	980,3	980,4	981,6		
135,4309	4,5694	980,3	980,3	981,6		
135,4476	4,5730	980,3	980,4	981,6		
135,4642	4,5699	980,2	980,4	981,6		
135,4809	4,5756	980,3	980,4	981,6		
135,4976	4,5854	980,2	980,3	981,6		
135,5142	4,5836	980,2	980,4	981,7		
135,5309	4,5792	980,3	980,3	981,7		
135,5476	4,5827	980,2	980,4	981,6		
135,5642	4,5893	980,2	980,3	981,6		
135,5809	4,5898	980,2	980,4	981,6		
135,5976	4,5973	980,2	980,3	981,6		
135,6142	4,5920	980,2	980,3	981,6		
135,6309	4,6004	980,3	980,3	981,6		
135,6476	4,5951	980,3	980,3	981,6		
135,6642	4,6004	980,3	980,3	981,6		
135,6809	4,6004	980,3	980,3	981,6		
135,6976	4,6083	980,3	980,3	981,6		
135,7142	4,6145	980,2	980,3	981,6		
135,7309	4,6132	980,3	980,3	981,5		
135,7476	4,6097	980,3	980,3	981,6		
135,7642	4,6225	980,2	980,3	981,5		
135,7809	4,6278	980,3	980,4	981,7		
135,7976	4,6212	980,3	980,3	981,6		
135,8142	4,6251	980,3	980,3	981,6		
135,8309	4,6300	980,2	980,3	981,5		
135,8476	4,6313	980,2	980,3	981,6		
135,8642	4,6411	980,1	980,3	981,6		
135,8809	4,6353	980,2	980,4	981,6		
135,8976	4,6384	980,2	980,3	981,6		
135,9142	4,6446	980,2	980,3	981,6		
135,9309	4,6406	980,2	980,3	981,6		
135,9476	4,6446	980,3	980,3	981,6		
135,9642	4,6481	980,3	980,2	981,5		
135,9809	4,6534	980,3	980,3	981,6		
135,9976	4,6583	980,3	980,3	981,6		
136,0142	4,6587	980,3	980,3	981,6		
136,0309	4,6618	980,3	980,3	981,5		
136,0476	4,6601	980,2	980,3	981,6		
136,0642	4,6658	980,2	980,3	981,5		
136,0809	4,6658	980,3	980,3	981,7		
136,0976	4,6707	980,2	980,3	981,6		
136,1142	4,6764	980,3	980,3	981,6		
136,1309	4,6835	980,3	980,4	981,5		
136,1476	4,6800	980,2	980,4	981,6		
136,1642	4,6813	980,2	980,3	981,6		
136,1809	4,6857	980,3	980,4	981,6		
136,1976	4,6945	980,3	980,4	981,7		
136,2142	4,6985	980,2	980,4	981,7		
136,2309	4,6976	980,2	980,3	981,6		
136,2476	4,6928	980,3	980,4	981,7		
136,2642	4,7016	980,2	980,3	981,6		
136,2809	4,7034	980,2	980,3	981,6		
136,2976	4,6985	980,3	980,3	981,7		
136,3142	4,6976	980,2	980,3	981,6		
136,3309	4,7100	980,3	980,4	981,6		
136,3476	4,7118	980,3	980,3	981,6		
136,3642	4,7082	980,3	980,3	981,6		
136,3809	4,7242	980,2	980,3	981,5		
136,3976	4,7215	980,2	980,3	981,5		
136,4142	4,7277	980,3	980,2	981,5		
136,4309	4,7264	980,4	980,3	981,6		
136,4476	4,7308	980,2	980,2	981,5		
136,4642	4,7343	980,3	980,4	981,6		
136,4809	4,7255	980,2	980,3	981,6		
136,4976	4,7370	980,3	980,4	981,6		
136,5142	4,7454	980,2	980,4	981,6		
136,5309	4,7383	980,3	980,3	981,6		
136,5476	4,7489	980,2	980,3	981,6		
136,5642	4,7423	980,2	980,3	981,6		
136,5809	4,7547	980,2	980,3	981,6		
136,5976	4,7564	980,3	980,4	981,7		
136,6142	4,7547	980,2	980,3	981,6		
136,6309	4,7586	980,3	980,3	981,6		
136,6476	4,7617	980,3	980,3	981,6		
136,6642	4,7591	980,2	980,3	981,7		
136,6809	4,7631	980,3	980,4	981,7		
136,6976	4,7662	980,3	980,4	981,7		
136,7142	4,7777	980,4	980,4	981,6		
136,7309	4,7701	980,3	980,4	981,6		
136,7476	4,7763	980,3	980,4	981,7		
136,7642	4,7750	980,3	980,3	981,6		
136,7809	4,7825	980,3	980,3	981,6		
136,7976	4,7847	980,3	980,3	981,6		
136,8142	4,7927	980,3	980,3	981,5		
136,8309	4,7944	980,3	980,4	981,7		
136,8476	4,7993	980,2	980,4	981,6		
136,8642	4,7927	980,2	980,3	981,6		
136,8809	4,8006	980,3	980,3	981,6		
136,8976	4,8020	980,2	980,3	981,6		
136,9142	4,8095	980,3	980,3	981,6		
136,9309	4,8082	980,2	980,3	981,6		
136,9476	4,8130	980,3	980,3	981,7		
136,9642	4,8143	980,2	980,4	981,6		
136,9809	4,8117	980,3	980,4	981,7		
136,9976	4,8219	980,2	980,4	981,6		
137,0142	4,8196	980,2	980,3	981,6		
137,0309	4,8249	980,2	980,3	981,6		
137,0476	4,8272	980,2	980,3	981,5		
137,0642	4,8285	980,2	980,3	981,5		
137,0809	4,8373	980,2	980,3	981,6		
137,0976	4,8320	980,3	980,4	981,6		
137,1142	4,8448	980,3	980,3	981,5		
137,1309	4,8320	980,4	980,4	981,6		
137,1476	4,8426	980,3	980,3	981,6		
137,1642	4,8484	980,4	980,4	981,6		
137,1809	4,8528	980,3	980,4	981,7		
137,1976	4,8493	980,3	980,4	981,6		
137,2142	4,8524	980,3	980,3	981,6		
137,2309	4,8608	980,2	980,3	981,5		
137,2476	4,8603	980,3	980,3	981,6		
137,2642	4,8608	980,2	980,3	981,6		
137,2809	4,8661	980,3	980,3	981,5		
137,2976	4,8736	980,2	980,4	981,7		
137,3142	4,8780	980,2	980,4	981,6		
137,3309	4,8767	980,2	980,3	981,5		
137,3476	4,8842	980,3	980,3	981,5		
137,3642	4,8815	980,2	980,3	981,5		
137,3809	4,8789	980,3	980,3	981,5		
137,3976	4,8864	980,2	980,3	981,5		
137,4142	4,8917	980,3	980,3	981,6		
137,4309	4,8842	980,3	980,4	981,5		
137,4476	4,8948	980,2	980,3	981,6		
137,4642	4,8997	980,3	980,4	981,6		
137,4809	4,9019	980,3	980,3	981,6		
137,4976	4,9058	980,4	980,4	981,7		
137,5142	4,9058	980,3	980,3	981,6		
137,5309	4,9156	980,3	980,3	981,6		
137,5476	4,9098	980,3	980,3	981,6		
137,5642	4,9045	980,2	980,3	981,5		
137,5809	4,9279	980,3	980,3	981,5		
137,5976	4,9249	980,2	980,3	981,5		
137,6142	4,9231	980,2	980,3	981,5		
137,6309	4,9249	980,3	980,3	981,6		
137,6476	4,9275	980,3	980,4	981,6		
137,6642	4,9399	980,2	980,3	981,5		
137,6809	4,9399	980,3	980,4	981,6		
137,6976	4,9390	980,2	980,2	981,5		
137,7142	4,9377	980,3	980,4	981,7		
137,7309	4,9412	980,3	980,4	981,6		
137,7476	4,9390	980,3	980,3	981,5		
137,7642	4,9562	980,3	980,3	981,6		
137,7809	4,9452	980,3	980,3	981,5		
137,7976	4,9554	980,3	980,4	981,6		
137,8142	4,9607	980,3	980,3	981,6		
137,8309	4,9549	980,3	980,2	981,4		
137,8476	4,9633	980,3	980,3	981,5		
137,8642	4,9717	980,2	980,3	981,5		
137,8809	4,9744	980,2	980,2	981,5		
137,8976	4,9801	980,2	980,2	981,5		
137,9142	4,9766	980,2	980,2	981,4		
137,9309	4,9801	980,2	980,3	981,5		
137,9476	4,9801	980,2	980,3	981,6		
137,9642	4,9832	980,2	980,3	981,5		
137,9809	4,9863	980,3	980,3	981,5		
137,9976	4,9907	980,2	980,3	981,5		
138,0142	4,9929	980,3	980,3	981,4		
138,0309	4,9912	980,3	980,3	981,6		
138,0476	4,9920	980,2	980,3	981,5		
138,0642	4,9969	980,3	980,3	981,5		
138,0809	5,0066	980,3	980,3	981,6		
138,0976	5,0088	980,3	980,4	981,5		
138,1142	5,0075	980,3	980,3	981,6		
138,1309	5,0186	980,3	980,3	981,6		
138,1476	5,0159	980,3	980,3	981,6		
138,1642	5,0230	980,4	980,3	981,6		
138,1809	5,0186	980,3	980,3	981,5		
138,1976	5,0212	980,3	980,3	981,5		
138,2142	5,0261	980,3	980,3	981,5		
138,2309	5,0323	980,3	980,3	981,5		
138,2476	5,0314	980,3	980,4	981,6		
138,2642	5,0371	980,3	980,3	981,6		
138,2809	5,0393	980,3	980,3	981,6		
138,2976	5,0411	980,2	980,3	981,5		
138,3142	5,0416	980,3	980,3	981,5		
138,3309	5,0522	980,2	980,3	981,5		
138,3476	5,0504	980,2	980,2	981,5		
138,3642	5,0517	980,3	980,4	981,6		
138,3809	5,0606	980,3	980,2	981,4		
138,3976	5,0588	980,2	980,3	981,5		
138,4142	5,0667	980,3	980,3	981,5		
138,4309	5,0690	980,2	980,3	981,5		
138,4476	5,0690	980,3	980,3	981,5		
138,4642	5,0694	980,2	980,2	981,5		
138,4809	5,0813	980,2	980,3	981,5		
138,4976	5,0774	980,3	980,3	981,5		
138,5142	5,0858	980,3	980,3	981,5		
138,5309	5,0866	980,2	980,3	981,5		
138,5476	5,0893	980,2	980,3	981,4		
138,5642	5,0906	980,2	980,3	981,5		
138,5809	5,0999	980,2	980,3	981,5		
138,5976	5,0964	980,2	980,3	981,5		
138,6142	5,1043	980,2	980,3	981,5		
138,6309	5,1065	980,2	980,3	981,5		
138,6476	5,1021	980,3	980,3	981,5		
138,6642	5,1132	980,3	980,3	981,5		
138,6809	5,1207	980,3	980,3	981,5		
138,6976	5,1154	980,3	980,3	981,6		
138,7142	5,1154	980,3	980,2	981,5		
138,7309	5,1167	980,4	980,4	981,6		
138,7476	5,1238	980,4	980,3	981,6		
138,7642	5,1282	980,2	980,3	981,5		
138,7809	5,1273	980,3	980,3	981,5		
138,7976	5,1379	980,3	980,3	981,5		
138,8142	5,1357	980,3	980,3	981,6		
138,8309	5,1432	980,3	980,4	981,6		
138,8476	5,1384	980,3	980,4	981,6		
138,8642	5,1516	980,3	980,3	981,5		
138,8809	5,1521	980,2	980,2	981,5		
138,8976	5,1490	980,3	980,4	981,6		
138,9142	5,1587	980,2	980,2	981,4		
138,9309	5,1671	980,3	980,3	981,6		
138,9476	5,1733	980,2	980,3	981,6		
138,9642	5,1720	980,3	980,3	981,5		
138,9809	5,1653	980,3	980,3	981,6		
138,9976	5,1653	980,4	980,3	981,6		
139,0142	5,1812	980,3	980,3	981,6		
139,0309	5,1733	980,3	980,4	981,6		
139,0476	5,1795	980,3	980,3	981,5		
139,0642	5,1768	980,4	980,3	981,6		
139,0809	5,1901	980,3	980,3	981,5		
139,0976	5,1830	980,4	980,4	981,6		
139,1142	5,1936	980,3	980,3	981,5		
139,1309	5,2002	980,4	980,4	981,6		
139,1476	5,1958	980,2	980,3	981,5		
139,1642	5,2016	980,3	980,3	981,5		
139,1809	5,2095	980,2	980,3	981,5		
139,1976	5,2113	980,3	980,4	981,6		
139,2142	5,2126	980,2	980,2	981,4		
139,2309	5,2166	980,3	980,3	981,6		
139,2476	5,2170	980,3	980,3	981,6		
139,2642	5,2210	980,3	980,3	981,6		
139,2809	5,2232	980,2	980,3	981,5		
139,2976	5,2290	980,3	980,3	981,5		
139,3142	5,2294	980,2	980,3	981,6		
139,3309	5,2343	980,3	980,4	981,6		
139,3476	5,2316	980,4	980,3	981,6		
139,3642	5,2418	980,3	980,4	981,5		
139,3809	5,2418	980,2	980,3	981,5		
139,3976	5,2449	980,3	980,3	981,5		
139,4142	5,2537	980,3	980,3	981,6		
139,4309	5,2511	980,3	980,3	981,6		
139,4476	5,2529	980,3	980,4	981,5		
139,4642	5,2643	980,2	980,3	981,5		
139,4809	5,2617	980,2	980,3	981,5		
139,4976	5,2705	980,2	980,2	981,4		
139,5142	5,2688	980,2	980,3	981,4		
139,5309	5,2741	980,2	980,3	981,5		
139,5476	5,2705	980,3	980,3	981,5		
139,5642	5,2714	980,2	980,3	981,4		
139,5809	5,2851	980,4	980,4	981,5		
139,5976	5,2847	980,3	980,3	981,5		
139,6142	5,2882	980,3	980,3	981,6		
139,6309	5,2864	980,3	980,3	981,5		
139,6476	5,2904	980,3	980,3	981,5		
139,6642	5,2931	980,2	980,3	981,5		
139,6809	5,2940	980,4	980,3	981,5		
139,6976	5,3028	980,3	980,4	981,6		
139,7142	5,3108	980,3	980,3	981,4		
139,7309	5,3103	980,2	980,4	981,5		
139,7476	5,3125	980,2	980,3	981,5		
139,7642	5,3169	980,3	980,3	981,5		
139,7809	5,3174	980,2	980,3	981,5		
139,7976	5,3258	980,3	980,3	981,5		
139,8142	5,3293	980,3	980,3	981,6		
139,8309	5,3377	980,2	980,3	981,4		
139,8476	5,3342	980,2	980,3	981,5		
139,8642	5,3346	980,2	980,3	981,4		
139,8809	5,3355	980,3	980,3	981,5		
139,8976	5,3430	980,3	980,4	981,5		
139,9142	5,3448	980,4	980,4	981,6		
139,9309	5,3408	980,3	980,4	981,6		
139,9476	5,3510	980,3	980,3	981,5		
139,9642	5,3616	980,3	980,4	981,6		
139,9809	5,3594	980,3	980,3	981,6		
139,9976	5,3722	980,3	980,3	981,5		
140,0142	5,3713	980,3	980,3	981,6		
140,0309	5,3656	980,3	980,3	981,5		
140,0476	5,3749	980,2	980,3	981,4		
140,0642	5,3735	980,3	980,3	981,5		
140,0809	5,3780	980,3	980,3	981,6		
140,0976	5,3819	980,3	980,4	981,6		
140,1142	5,3824	980,3	980,3	981,6		
140,1309	5,3912	980,4	980,4	981,7		
140,1476	5,3903	980,3	980,4	981,5		
140,1642	5,4027	980,3	980,4	981,6		
140,1809	5,3947	980,4	980,4	981,5		
140,1976	5,4031	980,3	980,3	981,6		
140,2142	5,3983	980,4	980,4	981,6		
140,2309	5,4080	980,3	980,4	981,6		
140,2476	5,4173	980,4	980,3	981,5		
140,2642	5,4142	980,4	980,4	981,6		
140,2809	5,4261	980,3	980,4	981,6		
140,2976	5,4217	980,4	980,4	981,6		
140,3142	5,4297	980,3	980,4	981,5		
140,3309	5,4288	980,3	980,3	981,5		
140,3476	5,4235	980,3	980,4	981,6		
140,3642	5,4403	980,2	980,3	981,5		
140,3809	5,4412	980,3	980,3	981,5		
140,3976	5,4412	980,3	980,4	981,5		
140,4142	5,4456	980,3	980,4	981,6		
140,4309	5,4487	980,2	980,4	981,6		
140,4476	5,4451	980,2	980,4	981,6		
140,4642	5,4527	980,3	980,3	981,6		
140,4809	5,4575	980,3	980,4	981,6		
140,4976	5,4725	980,3	980,4	981,5		
140,5142	5,4712	980,4	980,4	981,6		
140,5309	5,4659	980,4	980,4	981,6		
140,5476	5,4717	980,3	980,4	981,6		
140,5642	5,4765	980,4	980,4	981,6		
140,5809	5,4752	980,4	980,3	981,5		
140,5976	5,4832	980,4	980,4	981,6		
140,6142	5,4871	980,3	980,3	981,5		
140,6309	5,4885	980,4	980,4	981,5		
140,6476	5,4977	980,2	980,3	981,5		
140,6642	5,4951	980,3	980,4	981,5		
140,6809	5,4995	980,3	980,3	981,5		
140,6976	5,5053	980,3	980,4	981,6		
140,7142	5,5075	980,2	980,3	981,5		
140,7309	5,5070	980,4	980,4	981,6		
140,7476	5,5106	980,3	980,3	981,5		
140,7642	5,5190	980,4	980,4	981,6		
140,7809	5,5128	980,3	980,4	981,6		
140,7976	5,5198	980,4	980,4	981,6		
140,8142	5,5221	980,4	980,4	981,6		
140,8309	5,5344	980,4	980,4	981,6		
140,8476	5,5300	980,4	980,4	981,6		
140,8642	5,5402	980,4	980,4	981,6		
140,8809	5,5420	980,3	980,4	981,6		
140,8976	5,5539	980,3	980,4	981,6		
140,9142	5,5490	980,3	980,4	981,5		
140,9309	5,5561	980,3	980,4	981,5		
140,9476	5,5512	980,3	980,3	981,5		
140,9642	5,5654	980,3	980,4	981,5		
140,9809	5,5614	980,3	980,4	981,6		
140,9976	5,5680	980,3	980,4	981,5		
141,0142	5,5698	980,3	980,4	981,6		
141,0309	5,5689	980,3	980,4	981,5		
141,0476	5,5791	980,3	980,3	981,6		
141,0642	5,5773	980,4	980,5	981,6		
141,0809	5,5795	980,3	980,4	981,5		
141,0976	5,5809	980,4	980,4	981,6		
141,1142	5,5915	980,4	980,4	981,6		
141,1309	5,5932	980,4	980,4	981,6		
141,1476	5,5954	980,5	980,5	981,7		
141,1642	5,5946	980,4	980,4	981,6		
141,1809	5,6056	980,4	980,3	981,5		
141,1976	5,6078	980,4	980,4	981,6		
141,2142	5,6096	980,3	980,4	981,6		
141,2309	5,6114	980,3	980,4	981,5		
141,2476	5,6202	980,3	980,4	981,6		
141,2642	5,6189	980,3	980,3	981,5		
141,2809	5,6264	980,3	980,4	981,6		
141,2976	5,6321	980,3	980,4	981,6		
141,3142	5,6295	980,3	980,4	981,5		
141,3309	5,6392	980,3	980,4	981,7		
141,3476	5,6427	980,3	980,5	981,6		
141,3642	5,6458	980,3	980,4	981,6		
141,3809	5,6396	980,4	980,5	981,7		
141,3976	5,6485	980,3	980,3	981,6		
141,4142	5,6489	980,4	980,4	981,7		
141,4309	5,6573	980,4	980,4	981,6		
141,4476	5,6569	980,3	980,4	981,6		
141,4642	5,6617	980,4	980,4	981,6		
141,4809	5,6679	980,4	980,4	981,6		
141,4976	5,6794	980,4	980,4	981,6		
141,5142	5,6830	980,4	980,4	981,6		
141,5309	5,6799	980,4	980,4	981,5		
141,5476	5,6803	980,3	980,4	981,5		
141,5642	5,6883	980,3	980,4	981,5		
141,5809	5,6865	980,3	980,4	981,6		
141,5976	5,6962	980,3	980,4	981,6		
141,6142	5,6993	980,3	980,4	981,5		
141,6309	5,6984	980,2	980,3	981,6		
141,6476	5,7090	980,2	980,4	981,6		
141,6642	5,6971	980,3	980,5	981,6		
141,6809	5,7068	980,4	980,5	981,6		
141,6976	5,7143	980,4	980,4	981,6		
141,7142	5,7197	980,4	980,5	981,6		
141,7309	5,7205	980,4	980,5	981,7		
141,7476	5,7210	980,3	980,4	981,5		
141,7642	5,7219	980,3	980,4	981,6		
141,7809	5,7276	980,3	980,5	981,6		
141,7976	5,7338	980,3	980,4	981,6		
141,8142	5,7378	980,4	980,5	981,6		
141,8309	5,7409	980,4	980,4	981,6		
141,8476	5,7484	980,3	980,4	981,6		
141,8642	5,7524	980,3	980,4	981,5		
141,8809	5,7475	980,4	980,5	981,6		
141,8976	5,7519	980,3	980,7	981,6		
141,9142	5,7665	980,4	980,8	981,6		
141,9309	5,7656	980,3	980,8	981,6		
141,9476	5,7678	980,3	980,8	981,5		
141,9642	5,7678	980,3	980,8	981,6		
141,9809	5,7754	980,3	980,8	981,5		
141,9976	5,7802	980,3	980,8	981,6		
142,0142	5,7829	980,4	980,7	981,6		
142,0309	5,7767	980,5	980,8	981,6		
142,0476	5,7886	980,4	980,8	981,6		
142,0642	5,7904	980,4	980,9	981,6		
142,0809	5,7961	980,4	980,8	981,6		
142,0976	5,8014	980,5	980,8	981,6		
142,1142	5,8094	980,4	980,8	981,6		
142,1309	5,8081	980,4	980,8	981,6		
142,1476	5,8125	980,3	980,7	981,5		
142,1642	5,8173	980,4	980,8	981,6		
142,1809	5,8213	980,3	980,7	981,5		
142,1976	5,8262	980,4	980,8	981,6		
142,2142	5,8288	980,3	980,8	981,5		
142,2309	5,8328	980,4	980,8	981,6		
142,2476	5,8288	980,4	980,8	981,7		
142,2642	5,8399	980,3	980,7	981,5		
142,2809	5,8443	980,4	980,8	981,6		
142,2976	5,8470	980,4	980,8	981,7		
142,3142	5,8474	980,4	980,8	981,5		
142,3309	5,8549	980,4	980,8	981,6		
142,3476	5,8536	980,5	980,8	981,6		
142,3642	5,8642	980,4	980,8	981,7		
142,3809	5,8669	980,4	980,8	981,6		
142,3976	5,8735	980,4	980,8	981,6		
142,4142	5,8730	980,4	980,8	981,6		
142,4309	5,8832	980,4	980,8	981,5		
142,4476	5,8788	980,3	980,7	981,5		
142,4642	5,8810	980,4	980,8	981,6		
142,4809	5,8890	980,3	980,8	981,6		
142,4976	5,8969	980,3	980,8	981,6		
142,5142	5,8965	980,3	980,8	981,6		
142,5309	5,9049	980,4	980,8	981,5		
142,5476	5,9053	980,4	980,8	981,5		
142,5642	5,9146	980,4	980,8	981,6		
142,5809	5,9088	980,4	980,8	981,6		
142,5976	5,9190	980,4	980,8	981,5		
142,6142	5,9168	980,4	980,8	981,6		
142,6309	5,9234	980,4	980,8	981,5		
142,6476	5,9336	980,4	980,9	981,7		
142,6642	5,9301	980,4	980,8	981,6		
142,6809	5,9345	980,4	980,8	981,6		
142,6976	5,9380	980,4	980,8	981,5		
142,7142	5,9451	980,4	980,8	981,5		
142,7309	5,9491	980,4	980,8	981,5		
142,7476	5,9557	980,4	980,8	981,6		
142,7642	5,9570	980,4	980,8	981,5		
142,7809	5,9561	980,3	980,8	981,5		
142,7976	5,9610	980,3	980,8	981,6		
142,8142	5,9663	980,3	980,8	981,6		
142,8309	5,9690	980,5	980,8	981,6		
142,8476	5,9760	980,5	980,8	981,6		
142,8642	5,9699	980,4	980,8	981,6		
142,8809	5,9756	980,4	980,8	981,6		
142,8976	5,9844	980,4	980,8	981,6		
142,9142	5,9880	980,4	980,8	981,6		
142,9309	5,9977	980,4	980,8	981,6		
142,9476	5,9897	980,4	980,9	981,6		
142,9642	5,9959	980,5	980,8	981,6		
142,9809	6,0114	980,4	980,8	981,6		
142,9976	6,0070	980,4	980,8	981,6		
143,0142	6,0176	980,4	980,7	981,5		
143,0309	6,0180	980,3	980,8	981,5		
143,0476	6,0185	980,4	980,9	981,7		
143,0642	6,0282	980,4	980,8	981,6		
143,0809	6,0260	980,4	980,8	981,6		
143,0976	6,0366	980,4	980,8	981,6		
143,1142	6,0375	980,3	980,8	981,6		
143,1309	6,0388	980,4	980,8	981,6		
143,1476	6,0410	980,4	980,7	981,5		
143,1642	6,0432	980,4	980,8	981,6		
143,1809	6,0507	980,4	980,8	981,6		
143,1976	6,0636	980,4	980,8	981,6		
143,2142	6,0720	980,4	980,8	981,7		
143,2309	6,0587	980,5	980,8	981,5		
143,2476	6,0680	980,5	980,8	981,6		
143,2642	6,0728	980,5	980,8	981,6		
143,2809	6,0795	980,5	980,9	981,7		
143,2976	6,0804	980,4	980,8	981,6		
143,3142	6,0879	980,4	980,8	981,6		
143,3309	6,0835	980,4	980,8	981,5		
143,3476	6,0945	980,4	980,9	981,6		
143,3642	6,1056	980,4	980,9	981,6		
143,3809	6,0980	980,4	980,8	981,5		
143,3976	6,1073	980,4	980,8	981,6		
143,4142	6,1140	980,3	980,7	981,5		
143,4309	6,1140	980,4	980,8	981,6		
143,4476	6,1188	980,4	980,7	981,5		
143,4642	6,1232	980,3	980,8	981,5		
143,4809	6,1250	980,3	980,8	981,6		
143,4976	6,1312	980,4	980,8	981,6		
143,5142	6,1352	980,3	980,8	981,6		
143,5309	6,1400	980,4	980,8	981,6		
143,5476	6,1414	980,4	980,7	981,4		
143,5642	6,1484	980,4	980,8	981,5		
143,5809	6,1502	980,4	980,8	981,5		
143,5976	6,1484	980,4	980,8	981,5		
143,6142	6,1568	980,4	980,8	981,5		
143,6309	6,1599	980,5	980,8	981,5		
143,6476	6,1688	980,4	980,8	981,5		
143,6642	6,1683	980,5	980,9	981,5		
143,6809	6,1754	980,4	980,9	981,6		
143,6976	6,1692	980,5	980,9	981,5		
143,7142	6,1869	980,4	980,8	981,5		
143,7309	6,1887	980,4	980,8	981,6		
143,7476	6,1869	980,4	980,9	981,6		
143,7642	6,1887	980,5	980,9	981,6		
143,7809	6,2002	980,4	980,8	981,5		
143,7976	6,2015	980,4	980,9	981,6		
143,8142	6,2037	980,4	980,9	981,6		
143,8309	6,2094	980,4	980,8	981,5		
143,8476	6,2130	980,4	980,9	981,6		
143,8642	6,2139	980,4	980,8	981,5		
143,8809	6,2183	980,5	980,9	981,6		
143,8976	6,2187	980,5	980,9	981,5		
143,9142	6,2338	980,4	980,9	981,6		
143,9309	6,2377	980,4	980,9	981,6		
143,9476	6,2368	980,5	980,9	981,6		
143,9642	6,2360	980,4	980,8	981,6		
143,9809	6,2422	980,4	980,9	981,6		
143,9976	6,2492	980,4	980,9	981,6		
144,0142	6,2559	980,5	980,9	981,6		
144,0309	6,2660	980,5	980,9	981,6		
144,0476	6,2771	980,5	980,9	981,6		
144,0642	6,2709	980,4	980,9	981,6		
144,0809	6,2780	980,5	980,9	981,6		
144,0976	6,2674	980,4	980,9	981,6		
144,1142	6,2886	980,4	980,8	981,6		
144,1309	6,2819	980,4	980,8	981,6		
144,1476	6,2917	980,4	980,8	981,6		
144,1642	6,2979	980,5	980,9	981,6		
144,1809	6,2952	980,4	980,8	981,6		
144,1976	6,3009	980,5	980,8	981,6		
144,2142	6,3032	980,4	980,8	981,5		
144,2309	6,3124	980,4	980,8	981,6		
144,2476	6,3089	980,5	980,9	981,6		
144,2642	6,3138	980,5	980,8	981,5		
144,2809	6,3226	980,4	980,9	981,5		
144,2976	6,3253	980,4	980,8	981,6		
144,3142	6,3385	980,5	980,9	981,6		
144,3309	6,3345	980,5	980,9	981,6		
144,3476	6,3363	980,5	980,9	981,5		
144,3642	6,3474	980,5	980,9	981,5		
144,3809	6,3513	980,5	980,9	981,5		
144,3976	6,3628	980,5	980,9	981,5		
144,4142	6,3566	980,5	980,9	981,5		
144,4309	6,3575	980,5	980,9	981,5		
144,4476	6,3712	980,5	980,9	981,6		
144,4642	6,3703	980,5	980,9	981,5		
144,4809	6,3681	980,5	980,9	981,6		
144,4976	6,3854	980,5	980,9	981,5		
144,5142	6,3770	980,5	980,9	981,6		
144,5309	6,3894	980,5	980,9	981,5		
144,5476	6,3916	980,4	980,9	981,5		
144,5642	6,3955	980,5	980,9	981,6		
144,5809	6,3982	980,5	980,9	981,6		
144,5976	6,4008	980,4	980,9	981,4		
144,6142	6,4026	980,5	980,9	981,6		
144,6309	6,4062	980,5	980,9	981,6		
144,6476	6,4132	980,4	980,8	981,5		
144,6642	6,4216	980,5	980,9	981,5		
144,6809	6,4247	980,5	980,9	981,6		
144,6976	6,4336	980,5	980,9	981,5		
144,7142	6,4380	980,6	980,9	981,6		
144,7309	6,4459	980,5	980,9	981,5		
144,7476	6,4468	980,6	980,9	981,5		
144,7642	6,4517	980,5	980,9	981,5		
144,7809	6,4477	980,5	980,9	981,5		
144,7976	6,4588	980,5	980,9	981,5		
144,8142	6,4557	980,6	981,0	981,6		
144,8309	6,4649	980,4	980,9	981,6		
144,8476	6,4601	980,5	980,9	981,5		
144,8642	6,4729	980,5	981,0	981,6		
144,8809	6,4716	980,4	980,9	981,6		
144,8976	6,4804	980,4	980,9	981,5		
144,9142	6,4893	980,5	981,0	981,5		
144,9309	6,4959	980,6	981,0	981,6		
144,9476	6,5034	980,5	980,9	981,5		
144,9642	6,5056	980,5	980,9	981,6		
144,9809	6,5065	980,5	980,9	981,6		
144,9976	6,5065	980,5	980,9	981,6		
145,0142	6,5242	980,5	980,9	981,7		
145,0309	6,5198	980,5	980,8	981,5		
145,0476	6,5220	980,5	980,8	981,6		
145,0642	6,5233	980,5	980,9	981,5		
145,0809	6,5370	980,5	980,9	981,6		
145,0976	6,5259	980,5	980,9	981,6		
145,1142	6,5445	980,5	981,0	981,6		
145,1309	6,5450	980,5	980,9	981,6		
145,1476	6,5498	980,4	980,9	981,6		
145,1642	6,5604	980,5	980,9	981,6		
145,1809	6,5587	980,4	980,9	981,6		
145,1976	6,5697	980,5	980,9	981,5		
145,2142	6,5657	980,4	980,9	981,5		
145,2309	6,5808	980,5	980,9	981,6		
145,2476	6,5825	980,5	980,9	981,6		
145,2642	6,5781	980,5	980,9	981,6		
145,2809	6,5847	980,5	981,0	981,6		
145,2976	6,5945	980,5	980,9	981,6		
145,3142	6,5931	980,5	980,9	981,6		
145,3309	6,5953	980,6	981,0	981,7		
145,3476	6,6051	980,5	980,9	981,5		
145,3642	6,6117	980,5	980,9	981,5		
145,3809	6,6175	980,5	980,9	981,6		
145,3976	6,6183	980,5	980,9	981,6		
145,4142	6,6294	980,5	980,9	981,6		
145,4309	6,6320	980,7	980,9	981,6		
145,4476	6,6418	980,5	980,9	981,6		
145,4642	6,6360	980,5	980,9	981,6		
145,4809	6,6431	980,5	980,9	981,6		
145,4976	6,6528	980,5	980,9	981,6		
145,5142	6,6612	980,5	980,9	981,6		
145,5309	6,6524	980,5	980,8	981,5		
145,5476	6,6577	980,5	980,9	981,6		
145,5642	6,6617	980,6	980,9	981,5		
145,5809	6,6705	980,6	981,0	981,6		
145,5976	6,6802	980,6	980,9	981,6		
145,6142	6,6776	980,4	980,9	981,4		
145,6309	6,6864	980,6	981,0	981,6		
145,6476	6,6882	980,6	980,9	981,5		
145,6642	6,7006	980,6	981,0	981,6		
145,6809	6,6917	980,5	980,9	981,5		
145,6976	6,7147	980,6	980,9	981,5		
145,7142	6,7187	980,5	980,9	981,5		
145,7309	6,7253	980,6	981,0	981,5		
145,7476	6,7227	980,5	980,9	981,5		
145,7642	6,7249	980,6	980,9	981,5		
145,7809	6,7350	980,5	980,9	981,6		
145,7976	6,7372	980,5	981,0	981,6		
145,8142	6,7381	980,5	981,0	981,6		
145,8309	6,7386	980,6	981,0	981,6		
145,8476	6,7452	980,6	981,0	981,7		
145,8642	6,7576	980,5	981,0	981,6		
145,8809	6,7624	980,5	981,0	981,6		
145,8976	6,7611	980,5	980,9	981,6		
145,9142	6,7700	980,5	980,9	981,6		
145,9309	6,7713	980,6	981,0	981,7		
145,9476	6,7784	980,6	981,0	981,8		
145,9642	6,7806	980,5	981,0	981,6		
145,9809	6,7832	980,3	980,4	980,7		
145,9976	6,7912	980,3	980,5	981,1		
146,0142	6,7929	980,2	980,4	980,9		
146,0309	6,7960	980,2	980,4	980,8		
146,0476	6,8044	980,3	980,4	980,9		
146,0642	6,8124	980,2	980,3	980,7		
146,0809	6,8159	980,1	980,3	980,7		
146,0976	6,8195	980,2	980,3	980,8		
146,1142	6,8239	980,2	980,3	980,8		
146,1309	6,8314	980,1	980,3	980,8		
146,1476	6,8327	980,1	980,3	980,8		
146,1642	6,8376	980,2	980,4	980,9		
146,1809	6,8420	980,3	980,4	980,9		
146,1976	6,8389	980,2	980,3	980,8		
146,2142	6,8500	980,3	980,4	981,0		
146,2309	6,8606	980,2	980,4	980,8		
146,2476	6,8610	980,2	980,3	980,8		
146,2642	6,8756	980,3	980,3	980,9		
146,2809	6,8668	980,2	980,3	980,9		
146,2976	6,8827	980,2	980,3	980,7		
146,3142	6,8774	980,3	980,3	980,9		
146,3309	6,8867	980,1	980,2	980,7		
146,3476	6,8858	980,3	980,3	980,8		
146,3642	6,9021	980,2	980,3	980,8		
146,3809	6,9021	980,1	980,3	980,7		
146,3976	6,8964	980,2	980,4	980,8		
146,4142	6,9021	980,1	980,2	980,7		
146,4309	6,9211	980,2	980,3	980,8		
146,4476	6,9185	980,2	980,3	980,8		
146,4642	6,9242	980,2	980,3	980,7		
146,4809	6,9256	980,3	980,3	980,8		
146,4976	6,9459	980,1	980,5	981,2		
146,5142	6,9357	980,4	980,8	981,4		
146,5309	6,9472	980,3	980,7	981,4		
146,5476	6,9574	980,3	980,7	981,3		
146,5642	6,9552	980,3	980,7	981,3		
146,5809	6,9760	980,2	980,7	981,3		
146,5976	6,9676	980,4	980,7	981,2		
146,6142	6,9790	980,3	980,7	981,3		
146,6309	6,9773	980,3	980,7	981,3		
146,6476	6,9883	980,3	980,7	981,3		
146,6642	6,9901	980,2	980,7	981,2		
146,6809	7,0011	980,3	980,7	981,3		
146,6976	6,9994	980,3	980,7	981,2		
146,7142	7,0073	980,4	980,7	981,3		
146,7309	7,0149	980,3	980,7	981,3		
146,7476	7,0122	980,3	980,7	981,2		
146,7642	7,0166	980,4	980,7	981,3		
146,7809	7,0219	980,3	980,7	981,2		
146,7976	7,0290	980,4	980,7	981,3		
146,8142	7,0286	980,3	980,6	981,2		
146,8309	7,0339	980,3	980,7	981,2		
146,8476	7,0480	980,3	980,6	981,2		
146,8642	7,0613	980,4	980,7	981,3		
146,8809	7,0546	980,3	980,7	981,2		
146,8976	7,0599	980,2	980,6	981,2		
146,9142	7,0639	980,3	980,7	981,3		
146,9309	7,0745	980,3	980,7	981,2		
146,9476	7,0772	980,3	980,7	981,2		
146,9642	7,0851	980,3	980,7	981,2		
146,9809	7,0927	980,3	980,7	981,3		
146,9976	7,0904	980,3	980,6	981,2		
147,0142	7,0984	980,4	980,8	981,3		
147,0309	7,1086	980,4	980,7	981,3		
147,0476	7,1024	980,3	980,7	981,2		
147,0642	7,1143	980,3	980,7	981,2		
147,0809	7,1112	980,4	980,7	981,3		
147,0976	7,1205	980,4	980,7	981,3		
147,1142	7,1232	980,3	980,7	981,2		
147,1309	7,1377	980,3	980,7	981,2		
147,1476	7,1373	980,4	980,7	981,2		
147,1642	7,1470	980,3	980,6	981,2		
147,1809	7,1510	980,3	980,7	981,2		
147,1976	7,1607	980,3	980,6	981,2		
147,2142	7,1568	980,4	980,7	981,3		
147,2309	7,1687	980,3	980,7	981,2		
147,2476	7,1811	980,2	980,7	981,3		
147,2642	7,1793	980,3	980,7	981,3		
147,2809	7,1868	980,3	980,7	981,2		
147,2976	7,1868	980,4	980,7	981,4		
147,3142	7,1842	980,4	980,8	981,3		
147,3309	7,2049	980,3	980,7	981,2		
147,3476	7,2032	980,4	980,7	981,3		
147,3642	7,2111	980,4	980,7	981,2		
147,3809	7,2173	980,3	980,8	981,3		
147,3976	7,2208	980,3	980,6	981,2		
147,4142	7,2288	980,3	980,7	981,2		
147,4309	7,2328	980,3	980,7	981,2		
147,4476	7,2328	980,3	980,7	981,2		
147,4642	7,2438	980,3	980,7	981,2		
147,4809	7,2509	980,3	980,7	981,2		
147,4976	7,2567	980,3	980,7	981,3		
147,5142	7,2584	980,3	980,7	981,2		
147,5309	7,2615	980,3	980,7	981,3		
147,5476	7,2704	980,4	980,7	981,4		
147,5642	7,2712	980,3	980,6	981,2		
147,5809	7,2761	980,4	980,7	981,3		
147,5976	7,2898	980,4	980,7	981,3		
147,6142	7,2867	980,4	980,7	981,2		
147,6309	7,2942	980,3	980,6	981,2		
147,6476	7,3022	980,4	980,7	981,3		
147,6642	7,3057	980,4	980,8	981,4		
147,6809	7,3132	980,4	980,7	981,2		
147,6976	7,3163	980,3	980,7	981,3		
147,7142	7,3212	980,4	980,7	981,2		
147,7309	7,3300	980,3	980,8	981,3		
147,7476	7,3340	980,3	980,7	981,2		
147,7642	7,3429	980,5	980,8	981,4		
147,7809	7,3455	980,3	980,7	981,3		
147,7976	7,3570	980,4	980,7	981,3		
147,8142	7,3654	980,4	980,7	981,3		
147,8309	7,3632	980,3	980,7	981,3		
147,8476	7,3667	980,3	980,7	981,3		
147,8642	7,3747	980,4	980,7	981,3		
147,8809	7,3835	980,4	980,8	981,3		
147,8976	7,3844	980,4	980,7	981,2		
147,9142	7,3831	980,4	980,7	981,3		
147,9309	7,3959	980,4	980,7	981,2		
147,9476	7,3968	980,4	980,7	981,2		
147,9642	7,4043	980,4	980,7	981,2		
147,9809	7,4246	980,4	980,7	981,3		
147,9976	7,4215	980,4	980,7	981,3		
148,0142	7,4273	980,4	980,6	981,2		
148,0309	7,4313	980,3	980,8	981,3		
148,0476	7,4295	980,3	980,7	981,1		
148,0642	7,4458	980,3	980,7	981,2		
148,0809	7,4534	980,3	980,8	981,2		
148,0976	7,4591	980,3	980,7	981,3		
148,1142	7,4600	980,3	980,7	981,2		
148,1309	7,4613	980,3	980,7	981,3		
148,1476	7,4657	980,4	980,7	981,3		
148,1642	7,4759	980,3	980,6	981,2		
148,1809	7,4852	980,4	980,7	981,3		
148,1976	7,4909	980,3	980,7	981,2		
148,2142	7,4980	980,4	980,7	981,3		
148,2309	7,4958	980,4	980,7	981,2		
148,2476	7,5055	980,4	980,7	981,3		
148,2642	7,5082	980,4	980,7	981,2		
148,2809	7,5175	980,4	980,7	981,3		
148,2976	7,5206	980,4	980,7	981,2		
148,3142	7,5285	980,4	980,7	981,2		
148,3309	7,5347	980,3	980,7	981,2		
148,3476	7,5462	980,4	980,7	981,3		
148,3642	7,5502	980,3	980,7	981,2		
148,3809	7,5586	980,3	980,7	981,2		
148,3976	7,5555	980,4	980,7	981,3		
148,4142	7,5643	980,4	980,7	981,2		
148,4309	7,5656	980,4	980,7	981,3		
148,4476	7,5789	980,4	980,8	981,3		
148,4642	7,5838	980,4	980,7	981,3		
148,4809	7,5882	980,4	980,8	981,4		
148,4976	7,5944	980,4	980,7	981,3		
148,5142	7,5966	980,4	980,7	981,2		
148,5309	7,6045	980,4	980,7	981,3		
148,5476	7,6019	980,4	980,8	981,3		
148,5642	7,6236	980,4	980,7	981,3		
148,5809	7,6178	980,4	980,7	981,2		
148,5976	7,6320	980,4	980,7	981,2		
148,6142	7,6346	980,4	980,7	981,2		
148,6309	7,6412	980,3	980,7	981,3		
148,6476	7,6541	980,4	980,7	981,3		
148,6642	7,6527	980,4	980,8	981,3		
148,6809	7,6598	980,3	980,7	981,3		
148,6976	7,6700	980,3	980,7	981,3		
148,7142	7,6669	980,3	980,7	981,2		
148,7309	7,6793	980,4	980,7	981,2		
148,7476	7,6837	980,4	980,7	981,3		
148,7642	7,6859	980,4	980,7	981,3		
148,7809	7,6947	980,4	980,8	981,3		
148,7976	7,7005	980,4	980,7	981,2		
148,8142	7,7115	980,5	980,8	981,3		
148,8309	7,7137	980,4	980,7	981,3		
148,8476	7,7252	980,4	980,7	981,3		
148,8642	7,7283	980,4	980,7	981,2		
148,8809	7,7336	980,4	980,7	981,3		
148,8976	7,7380	980,5	980,8	981,3		
148,9142	7,7504	980,3	980,7	981,3		
148,9309	7,7500	980,4	980,8	981,3		
148,9476	7,7637	980,4	980,8	981,3		
148,9642	7,7571	980,4	980,7	981,2		
148,9809	7,7685	980,4	980,8	981,3		
148,9976	7,7805	980,4	980,7	981,3		
149,0142	7,7836	980,4	980,8	981,2		
149,0309	7,7853	980,4	980,7	981,3		
149,0476	7,7973	980,4	980,7	981,3		
149,0642	7,7999	980,4	980,7	981,3		
149,0809	7,8070	980,3	980,7	981,2		
149,0976	7,8066	980,5	980,7	981,3		
149,1142	7,8181	980,3	980,6	981,2		
149,1309	7,8282	980,4	980,7	981,3		
149,1476	7,8278	980,4	980,7	981,2		
149,1642	7,8379	980,4	980,7	981,3		
149,1809	7,8402	980,4	980,7	981,2		
149,1976	7,8512	980,4	980,7	981,2		
149,2142	7,8592	980,5	980,7	981,2		
149,2309	7,8684	980,4	980,7	981,2		
149,2476	7,8768	980,5	980,8	981,3		
149,2642	7,8826	980,4	980,8	981,3		
149,2809	7,8883	980,3	980,7	981,3		
149,2976	7,8985	980,4	980,7	981,2		
149,3142	7,8959	980,4	980,7	981,2		
149,3309	7,9153	980,5	980,8	981,3		
149,3476	7,9127	980,5	980,8	981,3		
149,3642	7,9113	980,5	980,8	981,3		
149,3809	7,9175	980,5	980,7	981,3		
149,3976	7,9272	980,5	980,8	981,3		
149,4142	7,9343	980,5	980,8	981,3		
149,4309	7,9454	980,5	980,7	981,2		
149,4476	7,9480	980,4	980,8	981,2		
149,4642	7,9493	980,4	980,7	981,1		
149,4809	7,9648	980,4	980,8	981,3		
149,4976	7,9706	980,5	980,7	981,2		
149,5142	7,9798	980,4	980,7	981,2		
149,5309	7,9754	980,4	980,7	981,2		
149,5476	7,9790	980,3	980,7	981,2		
149,5642	7,9935	980,4	980,8	981,3		
149,5809	7,9944	980,4	980,7	981,2		
149,5976	8,0077	980,4	980,7	981,3		
149,6142	8,0139	980,4	980,8	981,3		
149,6309	8,0311	980,4	980,7	981,2		
149,6476	8,0214	980,5	980,8	981,2		
149,6642	8,0351	980,5	980,7	981,2		
149,6809	8,0369	980,5	980,8	981,3		
149,6976	8,0444	980,4	980,7	981,2		
149,7142	8,0475	980,5	980,8	981,2		
149,7309	8,0634	980,5	980,8	981,3		
149,7476	8,0629	980,4	980,7	981,3		
149,7642	8,0762	980,4	980,7	981,2		
149,7809	8,0806	980,4	980,7	981,2		
149,7976	8,0868	980,4	980,7	981,2		
149,8142	8,0881	980,4	980,7	981,2		
149,8309	8,1036	980,3	980,7	981,2		
149,8476	8,1001	980,4	980,7	981,3		
149,8642	8,1133	980,4	980,7	981,2		
149,8809	8,1169	980,5	980,8	981,3		
149,8976	8,1279	980,5	980,8	981,3		
149,9142	8,1394	980,4	980,8	981,3		
149,9309	8,1452	980,4	980,7	981,3		
149,9476	8,1438	980,4	980,8	981,3		
149,9642	8,1487	980,4	980,8	981,3		
149,9809	8,1598	980,5	980,8	981,3		
149,9976	8,1659	980,4	980,7	981,2		
150,0142	8,1841	980,4	980,7	981,2		
150,0309	8,1801	980,5	980,8	981,3		
150,0476	8,1867	980,4	980,7	981,2		
150,0642	8,1872	980,5	980,7	981,3		
150,0809	8,2031	980,5	980,8	981,3		
150,0976	8,2093	980,4	980,7	981,2		
150,1142	8,2155	980,4	980,8	981,3		
150,1309	8,2269	980,4	980,7	981,2		
150,1476	8,2349	980,4	980,7	981,2		
150,1642	8,2393	980,4	980,8	981,2		
150,1809	8,2495	980,4	980,8	981,3		
150,1976	8,2513	980,4	980,8	981,3		
150,2142	8,2539	980,4	980,8	981,2		
150,2309	8,2667	980,4	980,7	981,3		
150,2476	8,2658	980,5	980,8	981,3		
150,2642	8,2809	980,5	980,8	981,3		
150,2809	8,2875	980,4	980,7	981,3		
150,2976	8,2884	980,4	980,7	981,2		
150,3142	8,2941	980,4	980,8	981,3		
150,3309	8,3047	980,4	980,7	981,2		
150,3476	8,3136	980,5	980,8	981,2		
150,3642	8,3264	980,4	980,8	981,3		
150,3809	8,3322	980,5	980,8	981,3		
150,3976	8,3335	980,5	980,8	981,3		
150,4142	8,3379	980,5	980,8	981,2		
150,4309	8,3414	980,5	980,7	981,2		
150,4476	8,3587	980,5	980,8	981,3		
150,4642	8,3649	980,4	980,7	981,2		
150,4809	8,3737	980,5	980,8	981,3		
150,4976	8,3834	980,4	980,7	981,3		
150,5142	8,3874	980,4	980,8	981,2		
150,5309	8,3909	980,4	980,7	981,2		
150,5476	8,3932	980,6	980,8	981,3		
150,5642	8,4060	980,5	980,8	981,2		
150,5809	8,4082	980,5	980,8	981,4		
150,5976	8,4197	980,5	980,8	981,3		
150,6142	8,4232	980,5	980,8	981,3		
150,6309	8,4360	980,5	980,8	981,4		
150,6476	8,4382	980,6	980,8	981,3		
150,6642	8,4449	980,5	980,8	981,3		
150,6809	8,4458	980,5	980,8	981,2		
150,6976	8,4661	980,5	980,8	981,3		
150,7142	8,4736	980,5	980,7	981,3		
150,7309	8,4794	980,5	980,7	981,2		
150,7476	8,4807	980,4	980,8	981,2		
150,7642	8,4931	980,4	980,7	981,2		
150,7809	8,4975	980,4	980,7	981,2		
150,7976	8,5076	980,4	980,7	981,2		
150,8142	8,5240	980,5	980,8	981,3		
150,8309	8,5258	980,5	980,8	981,3		
150,8476	8,5359	980,4	980,8	981,2		
150,8642	8,5386	980,5	980,8	981,3		
150,8809	8,5404	980,6	980,8	981,3		
150,8976	8,5594	980,6	980,7	981,2		
150,9142	8,5496	980,5	980,8	981,4		
150,9309	8,5647	980,5	980,8	981,3		
150,9476	8,5669	980,5	980,8	981,2		
150,9642	8,5806	980,6	980,8	981,3		
150,9809	8,5890	980,5	980,8	981,2		
150,9976	8,5938	980,5	980,8	981,2		
151,0142	8,6102	980,5	980,8	981,3		
151,0309	8,6115	980,5	980,7	981,2		
151,0476	8,6182	980,6	980,8	981,3		
151,0642	8,6270	980,4	980,7	981,2		
151,0809	8,6301	980,6	980,8	981,3		
151,0976	8,6460	980,5	980,8	981,3		
151,1142	8,6465	980,5	980,8	981,2		
151,1309	8,6646	980,5	980,8	981,3		
151,1476	8,6615	980,5	980,8	981,3		
151,1642	8,6668	980,4	980,8	981,3		
151,1809	8,6809	980,5	980,8	981,2		
151,1976	8,6867	980,4	980,7	981,2		
151,2142	8,6942	980,5	980,8	981,2		
151,2309	8,7008	980,5	980,8	981,3		
151,2476	8,7123	980,6	980,8	981,3		
151,2642	8,7083	980,5	980,8	981,2		
151,2809	8,7269	980,4	980,7	981,2		
151,2976	8,7335	980,6	980,8	981,3		
151,3142	8,7384	980,5	980,8	981,2		
151,3309	8,7455	980,6	980,9	981,3		
151,3476	8,7556	980,5	980,8	981,3		
151,3642	8,7654	980,5	980,8	981,1		
151,3809	8,7782	980,5	980,9	981,3		
151,3976	8,7795	980,5	980,7	981,2		
151,4142	8,7853	980,6	980,9	981,3		
151,4309	8,7967	980,5	980,7	981,2		
151,4476	8,7985	980,6	980,9	981,3		
151,4642	8,8113	980,5	980,8	981,3		
151,4809	8,8197	980,4	980,8	981,3		
151,4976	8,8295	980,5	980,8	981,3		
151,5142	8,8370	980,6	980,9	981,4		
151,5309	8,8396	980,6	980,8	981,3		
151,5476	8,8516	980,6	980,8	981,3		
151,5642	8,8573	980,6	980,8	981,3		
151,5809	8,8675	980,6	980,8	981,3		
151,5976	8,8723	980,5	980,7	981,2		
151,6142	8,8821	980,6	980,8	981,3		
151,6309	8,8900	980,6	980,8	981,3		
151,6476	8,8993	980,6	980,8	981,3		
151,6642	8,9090	980,5	980,8	981,3		
151,6809	8,9090	980,5	980,8	981,3		
151,6976	8,9289	980,5	980,8	981,2		
151,7142	8,9285	980,5	980,8	981,2		
151,7309	8,9444	980,5	980,8	981,3		
151,7476	8,9404	980,6	980,8	981,3		
151,7642	8,9515	980,5	980,8	981,3		
151,7809	8,9612	980,5	980,8	981,2		
151,7976	8,9736	980,5	980,7	981,3		
151,8142	8,9811	980,5	980,8	981,3		
151,8309	8,9890	980,5	980,8	981,3		
151,8476	9,0005	980,5	980,8	981,3		
151,8642	9,0147	980,5	980,8	981,3		
151,8809	9,0156	980,6	980,8	981,3		
151,8976	9,0160	980,5	980,8	981,3		
151,9142	9,0310	980,6	980,8	981,3		
151,9309	9,0372	980,5	980,8	981,3		
151,9476	9,0416	980,6	980,8	981,3		
151,9642	9,0500	980,5	980,8	981,3		
151,9809	9,0598	980,6	980,8	981,2		
151,9976	9,0690	980,5	980,8	981,3		
152,0142	9,0774	980,6	980,9	981,3		
152,0309	9,0854	980,6	980,8	981,3		
152,0476	9,1004	980,6	980,8	981,2		
152,0642	9,1062	980,5	980,8	981,3		
152,0809	9,1137	980,6	980,8	981,3		
152,0976	9,1225	980,5	980,8	981,3		
152,1142	9,1278	980,6	980,9	981,3		
152,1309	9,1349	980,5	980,9	981,4		
152,1476	9,1477	980,5	980,8	981,3		
152,1642	9,1575	980,6	980,9	981,3		
152,1809	9,1597	980,5	980,8	981,2		
152,1976	9,1672	980,6	980,8	981,3		
152,2142	9,1778	980,6	980,8	981,3		
152,2309	9,1840	980,6	980,8	981,3		
152,2476	9,1977	980,6	980,8	981,3		
152,2642	9,2096	980,6	980,8	981,3		
152,2809	9,2127	980,6	980,8	981,2		
152,2976	9,2238	980,6	980,8	981,2		
152,3142	9,2282	980,6	980,9	981,3		
152,3309	9,2432	980,6	980,9	981,2		
152,3476	9,2569	980,5	980,8	981,3		
152,3642	9,2587	980,6	980,9	981,3		
152,3809	9,2653	980,6	980,8	981,3		
152,3976	9,2821	980,5	980,8	981,2		
152,4142	9,2896	980,6	980,9	981,3		
152,4309	9,2963	980,6	980,9	981,4		
152,4476	9,3029	980,6	980,9	981,2		
152,4642	9,3104	980,6	980,9	981,3		
152,4809	9,3122	980,6	980,9	981,3		
152,4976	9,3232	980,6	980,9	981,3		
152,5142	9,3347	980,5	980,8	981,3		
152,5309	9,3449	980,6	980,9	981,3		
152,5476	9,3590	980,6	980,9	981,3		
152,5642	9,3626	980,7	980,9	981,3		
152,5809	9,3719	980,6	980,9	981,4		
152,5976	9,3864	980,6	980,8	981,3		
152,6142	9,3816	980,6	980,9	981,3		
152,6309	9,4015	980,6	980,9	981,3		
152,6476	9,4059	980,6	980,9	981,3		
152,6642	9,4161	980,6	980,8	981,3		
152,6809	9,4271	980,6	980,8	981,3		
152,6976	9,4280	980,6	980,8	981,2		
152,7142	9,4488	980,6	980,8	981,2		
152,7309	9,4611	980,6	980,8	981,3		
152,7476	9,4656	980,6	980,8	981,2		
152,7642	9,4753	980,7	980,9	981,3		
152,7809	9,4788	980,6	980,8	981,2		
152,7976	9,4859	980,6	980,9	981,3		
152,8142	9,5031	980,6	980,8	981,3		
152,8309	9,5018	980,5	980,8	981,2		
152,8476	9,5221	980,6	980,9	981,3		
152,8642	9,5275	980,6	980,9	981,3		
152,8809	9,5385	980,7	980,9	981,3		
152,8976	9,5496	980,6	980,9	981,4		
152,9142	9,5597	980,7	980,9	981,3		
152,9309	9,5637	980,6	980,9	981,3		
152,9476	9,5664	980,7	980,9	981,4		
152,9642	9,5827	980,7	980,9	981,3		
152,9809	9,5858	980,6	980,8	981,2		
152,9976	9,6017	980,7	980,9	981,3		
153,0142	9,6128	980,7	980,9	981,4		
153,0309	9,6229	980,7	980,9	981,2		
153,0476	9,6287	980,6	980,9	981,2		
153,0642	9,6486	980,6	981,0	981,7		
153,0809	9,6539	980,7	981,1	981,6		
153,0976	9,6636	980,6	981,1	981,6		
153,1142	9,6747	980,7	981,2	981,6		
153,1309	9,6866	980,6	981,1	981,5		
153,1476	9,6932	980,7	981,2	981,6		
153,1642	9,7016	980,7	981,1	981,6		
153,1809	9,7220	980,7	981,1	981,6		
153,1976	9,7286	980,7	981,1	981,5		
153,2142	9,7418	980,7	981,1	981,5		
153,2309	9,7405	980,7	981,1	981,5		
153,2476	9,7454	980,7	981,1	981,5		
153,2642	9,7644	980,7	981,1	981,6		
153,2809	9,7719	980,7	981,1	981,6		
153,2976	9,7754	980,7	981,0	981,4		
153,3142	9,7847	980,7	981,2	981,5		
153,3309	9,8011	980,7	981,1	981,5		
153,3476	9,8152	980,8	981,1	981,5		
153,3642	9,8183	980,7	981,0	981,4		
153,3809	9,8351	980,7	981,1	981,5		
153,3976	9,8409	980,6	981,0	981,4		
153,4142	9,8532	980,7	981,1	981,5		
153,4309	9,8634	980,7	981,1	981,5		
153,4476	9,8705	980,6	981,0	981,4		
153,4642	9,8722	980,6	981,1	981,4		
153,4809	9,8983	980,7	981,1	981,5		
153,4976	9,9098	980,7	981,1	981,5		
153,5142	9,9085	980,6	981,1	981,5		
153,5309	9,9209	980,7	981,1	981,5		
153,5476	9,9355	980,8	981,1	981,5		
153,5642	9,9461	980,7	981,2	981,5		
153,5809	9,9571	980,8	981,2	981,6		
153,5976	9,9664	980,8	981,1	981,5		
153,6142	9,9713	980,7	981,1	981,5		
153,6309	9,9792	980,8	981,1	981,5		
153,6476	9,9978	980,8	981,1	981,5		
153,6642	9,9996	980,8	981,1	981,5		
153,6809	10,0172	980,7	981,1	981,5		
153,6976	10,0203	980,7	981,1	981,4		
153,7142	10,0362	980,8	981,1	981,5		
153,7309	10,0455	980,7	981,1	981,5		
153,7476	10,0535	980,7	981,1	981,5		
153,7642	10,0570	980,8	981,1	981,5		
153,7809	10,0849	980,6	981,1	981,5		
153,7976	10,0911	980,7	981,1	981,5		
153,8142	10,1017	980,8	981,1	981,5		
153,8309	10,1149	980,6	981,1	981,5		
153,8476	10,1189	980,8	981,1	981,5		
153,8642	10,1362	980,7	981,1	981,5		
153,8809	10,1432	980,8	981,1	981,4		
153,8976	10,1534	980,8	981,1	981,5		
153,9142	10,1618	980,8	981,1	981,5		
153,9309	10,1768	980,7	981,1	981,5		
153,9476	10,1861	980,7	981,1	981,5		
153,9642	10,1976	980,8	981,1	981,5		
153,9809	10,2056	980,8	981,2	981,6		
153,9976	10,2109	980,8	981,1	981,5		
154,0142	10,2254	980,8	981,1	981,5		
154,0309	10,2418	980,9	981,1	981,5		
154,0476	10,2529	980,8	981,1	981,5		
154,0642	10,2723	980,8	981,1	981,5		
154,0809	10,2754	980,8	981,2	981,5		
154,0976	10,2887	980,8	981,2	981,5		
154,1142	10,2940	980,8	981,2	981,5		
154,1309	10,3059	980,8	981,2	981,5		
154,1476	10,3280	980,7	981,2	981,6		
154,1642	10,3262	980,8	981,2	981,5		
154,1809	10,3404	980,8	981,2	981,6		
154,1976	10,3519	980,8	981,2	981,5		
154,2142	10,3612	980,7	981,1	981,6		
154,2309	10,3850	980,9	981,2	981,6		
154,2476	10,3903	980,7	981,1	981,6		
154,2642	10,4054	980,8	981,2	981,6		
154,2809	10,4036	980,8	981,1	981,5		
154,2976	10,4155	980,7	981,1	981,5		
154,3142	10,4297	980,8	981,2	981,6		
154,3309	10,4398	980,8	981,2	981,6		
154,3476	10,4615	980,8	981,2	981,6		
154,3642	10,4628	980,9	981,2	981,5		
154,3809	10,4779	980,8	981,2	981,6		
154,3976	10,4929	980,9	981,2	981,5		
154,4142	10,5084	980,8	981,2	981,5		
154,4309	10,5114	980,8	981,1	981,5		
154,4476	10,5252	980,9	981,1	981,4		
154,4642	10,5393	980,7	981,1	981,5		
154,4809	10,5486	980,7	981,1	981,5		
154,4976	10,5565	980,8	981,1	981,5		
154,5142	10,5725	980,8	981,2	981,5		
154,5309	10,5853	980,8	981,2	981,6		
154,5476	10,5954	980,8	981,2	981,5		
154,5642	10,6083	980,8	981,1	981,5		
154,5809	10,6215	980,8	981,2	981,5		
154,5976	10,6255	980,8	981,2	981,6		
154,6142	10,6533	980,8	981,2	981,6		
154,6309	10,6600	980,8	981,2	981,6		
154,6476	10,6697	980,8	981,2	981,6		
154,6642	10,6746	980,8	981,2	981,5		
154,6809	10,6918	980,9	981,2	981,6		
154,6976	10,6967	980,8	981,2	981,5		
154,7142	10,7113	980,8	981,1	981,5		
154,7309	10,7245	980,9	981,2	981,5		
154,7476	10,7382	980,9	981,2	981,5		
154,7642	10,7555	980,9	981,2	981,5		
154,7809	10,7630	980,8	981,2	981,5		
154,7976	10,7723	980,8	981,2	981,6		
154,8142	10,7833	980,9	981,2	981,5		
154,8309	10,8112	980,9	981,2	981,5		
154,8476	10,8143	980,9	981,2	981,6		
154,8642	10,8235	980,8	981,1	981,5		
154,8809	10,8421	980,8	981,2	981,5		
154,8976	10,8501	980,9	981,2	981,5		
154,9142	10,8695	980,8	981,2	981,6		
154,9309	10,8722	980,8	981,2	981,5		
154,9476	10,8894	980,8	981,2	981,5		
154,9642	10,9044	980,8	981,2	981,6		
154,9809	10,9146	980,8	981,1	981,5		
154,9976	10,9252	980,9	981,2	981,6		
155,0142	10,9420	980,9	981,2	981,6		
155,0309	10,9513	980,9	981,3	981,6		
155,0476	10,9601	980,8	981,2	981,6		
155,0642	10,9796	980,9	981,2	981,5		
155,0809	10,9889	980,9	981,2	981,6		
155,0976	11,0039	980,9	981,3	981,5		
155,1142	11,0163	980,9	981,2	981,5		
155,1309	11,0331	980,9	981,1	981,5		
155,1476	11,0454	980,8	981,2	981,5		
155,1642	11,0583	980,8	981,2	981,5		
155,1809	11,0649	980,9	981,3	981,5		
155,1976	11,0830	980,8	981,2	981,6		
155,2142	11,0914	980,9	981,2	981,5		
155,2309	11,1157	980,8	981,3	981,6		
155,2476	11,1255	980,9	981,2	981,5		
155,2642	11,1369	980,9	981,2	981,6		
155,2809	11,1423	980,9	981,1	981,6		
155,2976	11,1635	980,9	981,3	981,6		
155,3142	11,1741	981,0	981,2	981,5		
155,3309	11,1860	980,8	981,2	981,6		
155,3476	11,2041	980,9	981,1	981,5		
155,3642	11,2165	980,9	981,2	981,5		
155,3809	11,2338	980,9	981,2	981,5		
155,3976	11,2404	980,9	981,1	981,5		
155,4142	11,2532	980,9	981,2	981,5		
155,4309	11,2722	980,9	981,2	981,5		
155,4476	11,2864	980,9	981,2	981,6		
155,4642	11,3005	980,9	981,2	981,5		
155,4809	11,3071	980,9	981,2	981,5		
155,4976	11,3182	980,8	981,2	981,5		
155,5142	11,3376	980,9	981,3	981,5		
155,5309	11,3513	980,9	981,2	981,6		
155,5476	11,3646	980,9	981,2	981,5		
155,5642	11,3801	980,9	981,2	981,5		
155,5809	11,3938	980,9	981,2	981,6		
155,5976	11,4101	980,9	981,2	981,5		
155,6142	11,4274	980,9	981,2	981,5		
155,6309	11,4331	980,9	981,2	981,5		
155,6476	11,4495	980,9	981,2	981,6		
155,6642	11,4716	981,0	981,3	981,6		
155,6809	11,4756	981,0	981,2	981,5		
155,6976	11,4950	980,9	981,2	981,6		
155,7142	11,5030	980,9	981,2	981,5		
155,7309	11,5268	981,0	981,3	981,6		
155,7476	11,5304	981,0	981,3	981,6		
155,7642	11,5529	980,9	981,2	981,5		
155,7809	11,5618	981,0	981,3	981,6		
155,7976	11,5816	980,9	981,2	981,5		
155,8142	11,5923	981,0	981,3	981,6		
155,8309	11,6113	980,8	981,2	981,6		
155,8476	11,6320	980,9	981,2	981,6		
155,8642	11,6484	980,9	981,3	981,6		
155,8809	11,6515	980,9	981,2	981,5		
155,8976	11,6714	980,9	981,2	981,5		
155,9142	11,6785	980,9	981,3	981,6		
155,9309	11,6992	980,9	981,3	981,6		
155,9476	11,7129	980,9	981,2	981,6		
155,9642	11,7262	980,9	981,2	981,6		
155,9809	11,7448	980,9	981,3	981,6		
155,9976	11,7593	981,0	981,3	981,6		
156,0142	11,7757	981,0	981,2	981,6		
156,0309	11,7934	980,9	981,2	981,6		
156,0476	11,8018	981,0	981,3	981,6		
156,0642	11,8177	981,0	981,3	981,6		
156,0809	11,8327	981,1	981,3	981,7		
156,0976	11,8495	981,0	981,2	981,5		
156,1142	11,8725	981,0	981,3	981,6		
156,1309	11,8893	981,0	981,3	981,6		
156,1476	11,8995	981,1	981,3	981,6		
156,1642	11,9216	980,9	981,2	981,5		
156,1809	11,9278	981,0	981,3	981,5		
156,1976	11,9472	980,9	981,3	981,6		
156,2142	11,9627	980,9	981,2	981,5		
156,2309	11,9790	980,9	981,2	981,5		
156,2476	12,0029	980,9	981,2	981,5		
156,2642	12,0087	981,0	981,3	981,6		
156,2809	12,0255	981,0	981,3	981,6		
156,2976	12,0409	980,9	981,3	981,5		
156,3142	12,0652	980,9	981,3	981,6		
156,3309	12,0719	980,9	981,3	981,6		
156,3476	12,0891	981,0	981,3	981,7		
156,3642	12,1046	980,9	981,3	981,6		
156,3809	12,1178	980,9	981,3	981,5		
156,3976	12,1271	980,9	981,3	981,6		
156,4142	12,1457	981,0	981,3	981,6		
156,4309	12,1576	981,0	981,3	981,5		
156,4476	12,1899	981,1	981,3	981,6		
156,4642	12,1899	981,0	981,3	981,7		
156,4809	12,2151	981,1	981,3	981,6		
156,4976	12,2275	981,0	981,3	981,6		
156,5142	12,2412	981,1	981,3	981,6		
156,5309	12,2620	981,0	981,3	981,6		
156,5476	12,2841	981,0	981,2	981,5		
156,5642	12,2894	981,0	981,3	981,6		
156,5809	12,3247	981,0	981,3	981,6		
156,5976	12,3296	981,1	981,3	981,6		
156,6142	12,3464	981,0	981,3	981,6		
156,6309	12,3627	981,0	981,3	981,6		
156,6476	12,3875	981,0	981,3	981,6		
156,6642	12,4078	981,0	981,3	981,6		
156,6809	12,4273	980,9	981,4	981,9		
156,6976	12,4335	980,8	981,2	981,5		
156,7142	12,4609	980,8	981,2	981,5		
156,7309	12,4764	980,8	981,2	981,4		
156,7476	12,4940	980,9	981,3	981,5		
156,7642	12,5024	980,9	981,2	981,4		
156,7809	12,5192	980,9	981,2	981,4		
156,7976	12,5444	980,9	981,3	981,5		
156,8142	12,5648	980,9	981,3	981,4		
156,8309	12,5833	981,0	981,2	981,4		
156,8476	12,6006	980,9	981,3	981,6		
156,8642	12,6191	980,9	981,3	981,5		
156,8809	12,6408	980,9	981,3	981,4		
156,8976	12,6554	980,9	981,3	981,4		
156,9142	12,6647	980,9	981,3	981,4		
156,9309	12,6841	980,9	981,2	981,4		
156,9476	12,7159	980,9	981,3	981,4		
156,9642	12,7248	980,9	981,3	981,4		
156,9809	12,7442	980,9	981,3	981,5		
156,9976	12,7654	980,9	981,3	981,4		
157,0142	12,7898	981,0	981,3	981,5		
157,0309	12,7990	980,9	981,2	981,5		
157,0476	12,8207	980,9	981,3	981,5		
157,0642	12,8402	980,9	981,3	981,5		
157,0809	12,8609	981,0	981,3	981,5		
157,0976	12,8822	981,0	981,3	981,5		
157,1142	12,9047	981,0	981,3	981,5		
157,1309	12,9175	981,0	981,2	981,4		
157,1476	12,9409	981,0	981,3	981,6		
157,1642	12,9538	981,0	981,3	981,5		
157,1809	12,9745	981,0	981,3	981,5		
157,1976	12,9984	981,1	981,3	981,5		
157,2142	13,0143	981,0	981,3	981,5		
157,2309	13,0404	981,0	981,3	981,5		
157,2476	13,0612	981,0	981,3	981,5		
157,2642	13,0793	980,9	981,3	981,4		
157,2809	13,0930	981,0	981,3	981,4		
157,2976	13,1173	980,9	981,3	981,4		
157,3142	13,1328	981,0	981,3	981,5		
157,3309	13,1642	980,9	981,3	981,4		
157,3476	13,1761	981,0	981,3	981,5		
157,3642	13,2013	980,9	981,3	981,4		
157,3809	13,2269	981,0	981,3	981,5		
157,3976	13,2495	981,0	981,4	981,5		
157,4142	13,2561	980,9	981,3	981,4		
157,4309	13,2720	981,0	981,3	981,5		
157,4476	13,3012	981,0	981,3	981,5		
157,4642	13,3211	981,0	981,3	981,5		
157,4809	13,3512	981,0	981,3	981,5		
157,4976	13,3662	981,1	981,3	981,5		
157,5142	13,3834	981,1	981,4	981,5		
157,5309	13,4069	981,0	981,3	981,4		
157,5476	13,4382	981,0	981,3	981,4		
157,5642	13,4537	981,1	981,3	981,5		
157,5809	13,4701	981,1	981,4	981,5		
157,5976	13,4957	981,0	981,3	981,4		
157,6142	13,5130	981,0	981,3	981,4		
157,6309	13,5412	981,0	981,4	981,4		
157,6476	13,5611	981,0	981,3	981,3		
157,6642	13,5908	981,0	981,3	981,4		
157,6809	13,6031	981,0	981,3	981,4		
157,6976	13,6314	981,1	981,4	981,5		
157,7142	13,6540	981,1	981,4	981,5		
157,7309	13,6739	981,0	981,3	981,4		
157,7476	13,6946	981,0	981,4	981,5		
157,7642	13,7185	981,1	981,4	981,5		
157,7809	13,7344	981,0	981,3	981,4		
157,7976	13,7667	981,0	981,3	981,5		
157,8142	13,7897	981,1	981,4	981,5		
157,8309	13,8166	981,1	981,3	981,5		
157,8476	13,8299	981,1	981,4	981,5		
157,8642	13,8573	981,1	981,4	981,5		
157,8809	13,8785	981,0	981,4	981,5		
157,8976	13,9068	981,1	981,4	981,5		
157,9142	13,9311	981,1	981,4	981,5		
157,9309	13,9546	981,1	981,4	981,4		
157,9476	13,9837	981,1	981,4	981,5		
157,9642	14,0027	981,1	981,3	981,5		
157,9809	14,0248	981,1	981,3	981,4		
157,9976	14,0509	981,1	981,4	981,5		
158,0142	14,0783	981,1	981,4	981,6		
158,0309	14,1004	981,1	981,4	981,5		
158,0476	14,1283	981,1	981,4	981,5		
158,0642	14,1513	981,0	981,4	981,5		
158,0809	14,1849	981,0	981,4	981,5		
158,0976	14,2043	981,1	981,4	981,6		
158,1142	14,2238	981,2	981,4	981,5		
158,1309	14,2494	981,2	981,4	981,5		
158,1476	14,2733	981,1	981,3	981,4		
158,1642	14,3020	981,1	981,3	981,4		
158,1809	14,3285	981,1	981,4	981,5		
158,1976	14,3524	981,1	981,4	981,5		
158,2142	14,3802	981,0	981,3	981,4		
158,2309	14,4090	981,1	981,4	981,4		
158,2476	14,4386	981,2	981,4	981,5		
158,2642	14,4603	981,1	981,3	981,4		
158,2809	14,4872	981,1	981,4	981,4		
158,2976	14,5124	981,1	981,3	981,4		
158,3142	14,5385	981,1	981,3	981,5		
158,3309	14,5690	981,1	981,4	981,4		
158,3476	14,5969	981,1	981,4	981,4		
158,3642	14,6282	981,1	981,4	981,5		
158,3809	14,6543	981,1	981,4	981,4		
158,3976	14,6791	981,1	981,4	981,5		
158,4142	14,7065	981,1	981,4	981,5		
158,4309	14,7427	981,1	981,4	981,5		
158,4476	14,7631	981,2	981,4	981,4		
158,4642	14,7909	981,2	981,4	981,5		
158,4809	14,8272	981,2	981,4	981,5		
158,4976	14,8462	981,2	981,4	981,4		
158,5142	14,8780	981,1	981,3	981,4		
158,5309	14,9032	981,1	981,3	981,3		
158,5475	14,9492	981,2	981,4	981,4		
158,5642	14,9602	981,1	981,3	981,3		
158,5793	15,0053	981,1	981,3	981,3		
158,5960	15,0248	981,2	981,4	981,4		
158,6127	15,0597	981,1	981,3	981,3		
158,6293	15,0937	981,2	981,3	981,4		
158,6460	15,1127	981,2	981,3	981,3		
158,6627	15,1525	981,1	981,4	981,3		
158,6793	15,1764	981,1	981,3	981,3		
158,6960	15,2069	981,1	981,3	981,3		
158,7127	15,2325	981,2	981,4	981,4		
158,7272	15,2776	980,9	981,4	981,6		
158,7439	15,2979	980,9	981,3	981,3		
158,7605	15,3267	981,0	981,3	981,3		
158,7751	15,3713	981,0	981,3	981,3		
158,7918	15,3939	981,0	981,3	981,2		
158,8085	15,4186	981,0	981,3	981,2		
158,8239	15,4633	981,1	981,3	981,2		
158,8406	15,4836	981,1	981,3	981,2		
158,8558	15,5278	981,1	981,3	981,2		
158,8725	15,5574	981,1	981,3	981,2		
158,8891	15,5817	981,2	981,4	981,2		
158,9058	15,6153	981,1	981,3	981,1		
158,9218	15,6631	981,2	981,4	981,3		
158,9384	15,6900	981,0	981,2	981,1		
158,9551	15,7272	981,1	981,3	981,2		
158,9718	15,7550	981,1	981,3	981,1		
158,9864	15,7997	981,0	981,3	981,1		
159,0031	15,8381	981,0	981,3	981,1		
159,0197	15,8624	981,1	981,3	981,1		
159,0364	15,9053	981,0	981,4	981,2		
159,0531	15,9349	981,0	981,3	981,2		
159,0672	15,9791	981,1	981,3	981,2		
159,0839	15,9999	981,1	981,2	981,2		
159,0988	16,0459	981,1	981,4	981,3		
159,1155	16,0671	981,1	981,2	981,1		
159,1282	16,1126	981,1	981,3	981,2		
159,1449	16,1383	981,1	981,3	981,2		
159,1595	16,1834	981,1	981,3	981,3		
159,1762	16,2161	981,2	981,3	981,2		
159,1928	16,2572	981,2	981,4	981,3		
159,2095	16,2833	981,2	981,3	981,2		
159,2210	16,3284	981,3	981,4	981,3		
159,2376	16,3580	981,1	981,3	981,2		
159,2508	16,4035	981,2	981,3	981,2		
159,2675	16,4278	981,2	981,3	981,1		
159,2769	16,4729	981,1	981,3	981,2		
159,2936	16,5043	981,1	981,3	981,2		
159,3103	16,5392	981,1	981,3	981,2		
159,3224	16,5839	981,2	981,3	981,2		
159,3391	16,6175	981,2	981,4	981,2		
159,3553	16,6639	981,2	981,4	981,2		
159,3705	16,7098	981,2	981,3	981,2		
159,3872	16,7381	981,2	981,4	981,2		
159,4005	16,7823	981,2	981,3	981,1		
159,4149	16,8283	981,2	981,4	981,2		
159,4316	16,8575	981,2	981,4	981,2		
159,4431	16,9026	981,3	981,3	981,2		
159,4595	16,9472	981,2	981,4	981,3		
159,4757	16,9914	981,3	981,4	981,2		
159,4920	17,0361	981,2	981,4	981,2		
159,5066	17,0820	981,2	981,3	981,2		
159,5233	17,1205	981,3	981,4	981,3		
159,5362	17,1656	981,3	981,4	981,2		
159,5529	17,2067	981,2	981,4	981,3		
159,5659	17,2553	981,2	981,4	981,2		
159,5820	17,3004	981,3	981,4	981,2		
159,5973	17,3451	981,2	981,4	981,2		
159,6113	17,3902	981,2	981,4	981,2		
159,6250	17,4357	981,3	981,4	981,2		
159,6411	17,4821	981,2	981,4	981,2		
159,6558	17,5267	981,3	981,4	981,2		
159,6695	17,5723	981,2	981,4	981,2		
159,6835	17,6169	981,2	981,4	981,2		
159,6975	17,6651	981,3	981,4	981,2		
159,7122	17,7093	981,3	981,4	981,2		
159,7254	17,7544	981,2	981,4	981,3		
159,7365	17,7986	981,3	981,4	981,2		
159,7502	17,8432	981,3	981,4	981,2		
159,7644	17,8888	981,3	981,4	981,2		
159,7771	17,9361	981,3	981,4	981,3		
159,7912	17,9821	981,3	981,4	981,2		
159,8045	18,0267	981,3	981,5	981,3		
159,8161	18,0718	981,3	981,4	981,2		
159,8291	18,1209	981,3	981,4	981,2		
159,8416	18,1704	981,2	981,5	981,4		
159,8541	18,2150	981,2	981,4	981,2		
159,8649	18,2610	981,2	981,4	981,1		
159,8793	18,3056	981,2	981,4	981,1		
159,8898	18,3503	981,2	981,4	981,1		
159,9006	18,3958	981,2	981,3	981,0		
159,9115	18,4409	981,2	981,3	981,0		
159,9227	18,4864	981,2	981,4	981,0		
159,9333	18,5306	981,2	981,4	981,0		
159,9453	18,5748	981,2	981,4	981,0		
159,9548	18,6204	981,2	981,4	981,1		
159,9666	18,6650	981,2	981,4	981,0		
159,9767	18,7101	981,2	981,4	981,0		
159,9871	18,7552	981,2	981,4	981,0		
159,9976	18,8016	981,2	981,4	981,0		
160,0083	18,8458	981,2	981,4	981,1		
160,0177	18,8918	981,2	981,4	981,0		
160,0290	18,9369	981,2	981,4	981,0		
160,0358	18,9828	981,2	981,4	981,0		
160,0481	19,0279	981,2	981,4	981,0		
160,0562	19,0744	981,3	981,4	981,0		
160,0673	19,1194	981,3	981,4	981,0		
160,0754	19,1654	981,3	981,4	980,9		
160,0847	19,2105	981,3	981,4	981,0		
160,0938	19,2547	981,3	981,4	981,0		
160,1036	19,3029	981,3	981,4	981,0		
160,1126	19,3471	981,4	981,4	981,0		
160,1208	19,3922	981,3	981,5	981,0		
160,1289	19,4373	981,2	981,3	980,9		
160,1376	19,4863	981,2	981,3	980,9		
160,1476	19,5328	981,4	981,4	981,0		
160,1562	19,5778	981,3	981,4	981,0		
160,1638	19,6238	981,3	981,4	981,1		
160,1720	19,6685	981,3	981,4	981,0		
160,1801	19,7131	981,4	981,4	981,0		
160,1881	19,7591	981,4	981,4	981,0		
160,1943	19,8037	981,5	981,5	981,1		
160,2028	19,8519	981,4	981,4	981,0		
160,2103	19,8961	981,3	981,4	980,9		
160,2180	19,9408	981,3	981,4	981,0		
160,2250	19,9854	981,4	981,4	981,0		
160,2323	20,0305	981,3	981,5	981,0		
160,2397	20,0756	981,4	981,4	981,0		
160,2461	20,1198	981,4	981,4	981,0		
160,2525	20,1653	981,4	981,5	981,1		
160,2600	20,2100	981,4	981,5	981,0		
160,2668	20,2568	981,3	981,4	980,9		
160,2738	20,3019	981,3	981,5	981,1		
160,2798	20,3479	981,4	981,5	981,1		
160,2867	20,3939	981,4	981,5	981,0		
160,2934	20,4398	981,3	981,4	981,0		
160,2990	20,4867	981,3	981,4	981,0		
160,3058	20,5313	981,3	981,4	981,0		
160,3119	20,5760	981,4	981,5	981,1		
160,3184	20,6202	981,3	981,5	981,1		
160,3241	20,6653	981,4	981,5	981,0		
160,3293	20,7113	981,3	981,4	981,0		
160,3358	20,7555	981,3	981,5	981,0		
160,3413	20,8023	981,3	981,5	981,1		
160,3471	20,8483	981,4	981,5	981,1		
160,3520	20,8938	981,4	981,5	981,0		
160,3584	20,9380	981,4	981,4	981,0		
160,3632	20,9831	981,4	981,5	981,1		
160,3681	21,0278	981,4	981,5	981,1		
160,3732	21,0724	981,2	981,5	981,2		
160,3784	21,1175	981,2	981,6	981,3		
160,3828	21,1648	981,2	981,6	981,1		
160,3887	21,2103	981,3	981,5	981,0		
160,3938	21,2581	981,3	981,5	981,0		
160,3985	21,3036	981,4	981,5	981,0		
160,4027	21,3478	981,3	981,5	981,1		
160,4070	21,3924	981,4	981,6	981,0		
160,4118	21,4375	981,5	981,6	981,1		
160,4165	21,4822	981,4	981,6	981,0		
160,4204	21,5268	981,4	981,5	980,9		
160,4251	21,5724	981,4	981,5	981,0		
160,4290	21,6179	981,4	981,6	981,0		
160,4336	21,6643	981,4	981,6	981,0		
160,4379	21,7112	981,5	981,6	981,0		
160,4419	21,7563	981,4	981,6	980,9		
160,4453	21,8031	981,4	981,5	981,0		
160,4501	21,8526	981,5	981,6	981,0		
160,4543	21,8973	981,5	981,5	981,0		
160,4579	21,9419	981,5	981,5	981,0		
160,4614	21,9866	981,5	981,6	980,9		
160,4650	22,0317	981,5	981,6	981,0		
160,4685	22,0789	981,5	981,6	981,0		
160,4722	22,1236	981,5	981,6	981,0		
160,4757	22,1696	981,5	981,6	981,0		
160,4788	22,2147	981,6	981,6	981,0		
160,4822	22,2602	981,5	981,6	981,0		
160,4851	22,3048	981,5	981,6	981,0		
160,4885	22,3490	981,6	981,6	981,0		
160,4915	22,3937	981,5	981,6	981,0		
160,4948	22,4414	981,5	981,6	980,9		
160,4978	22,4856	981,5	981,6	980,9		
160,5005	22,5298	981,5	981,6	980,9		
160,5038	22,5754	981,6	981,6	980,9		
160,5067	22,6205	981,5	981,6	981,0		
160,5093	22,6647	981,6	981,6	981,0		
160,5121	22,7098	981,5	981,6	981,0		
160,5147	22,7540	981,5	981,6	981,0		
160,5174	22,8017	981,6	981,6	981,0		
160,5202	22,8472	981,6	981,7	981,0		
160,5230	22,8923	981,5	981,6	981,0		
160,5252	22,9383	981,6	981,6	980,9		
160,5278	22,9829	981,6	981,5	980,9		
160,5305	23,0280	981,5	981,6	980,9		
160,5328	23,0722	981,5	981,6	980,9		
160,5350	23,1182	981,6	981,6	981,0		
160,5371	23,1633	981,6	981,6	981,0		
160,5395	23,2088	981,6	981,6	981,0		
160,5417	23,2530	981,6	981,7	981,1		
160,5441	23,2986	981,7	981,7	981,1		
160,5459	23,3432	981,7	981,7	981,1		
160,5481	23,3914	981,7	981,7	981,1		
160,5503	23,4365	981,7	981,6	981,0		
160,5524	23,4833	981,6	981,6	981,0		
160,5543	23,5275	981,5	981,6	980,9		
160,5564	23,5762	981,5	981,5	980,9		
160,5583	23,6204	981,5	981,6	980,9		
160,5601	23,6655	981,6	981,6	980,9		
160,5617	23,7110	981,5	981,5	980,9		
160,5637	23,7556	981,6	981,6	980,9		
160,5655	23,8034	981,7	981,7	980,9		
160,5672	23,8489	981,7	981,6	981,0		
160,5689	23,8962	981,7	981,7	981,0		
160,5708	23,9435	981,7	981,7	981,0		
160,5724	23,9890	981,7	981,7	981,0		
160,5739	24,0381	981,7	981,7	981,1		
160,5752	24,0828	981,6	981,8	981,2		
160,5769	24,1270	981,6	981,8	981,2		
160,5785	24,1716	981,5	981,9	981,2		
160,5795	24,2162	981,6	981,8	981,1		
160,5810	24,2613	981,6	981,9	981,2		
160,5826	24,3082	981,6	981,9	981,1		
160,5838	24,3542	981,6	981,9	981,1		
160,5853	24,4006	981,6	981,8	981,0		
160,5866	24,4457	981,6	981,8	981,0		
160,5880	24,4912	981,5	981,8	980,9		
160,5891	24,5376	981,5	981,7	980,9		
160,5902	24,5827	981,5	981,7	980,9		
160,5914	24,6300	981,5	981,7	980,9		
160,5927	24,6747	981,5	981,7	980,8		
160,5938	24,7197	981,6	981,7	980,9		
160,5948	24,7662	981,6	981,7	980,9		
160,5958	24,8126	981,6	981,7	980,9		
160,5970	24,8568	981,6	981,7	980,9		
160,5980	24,9023	981,6	981,8	980,9		
160,5990	24,9483	981,6	981,7	980,9		
160,6000	24,9938	981,6	981,7	980,9		
160,6010	25,0389	981,6	981,8	980,9		
160,6019	25,0835	981,6	981,8	981,0		
160,6029	25,1282	981,7	981,8	981,0		
160,6038	25,1737	981,7	981,8	981,0		
160,6046	25,2188	981,7	981,8	981,0		
160,6054	25,2648	981,7	981,8	981,0		
160,6062	25,3112	981,7	981,8	981,0		
160,6070	25,3572	981,7	981,9	981,0		
160,6078	25,4062	981,8	981,8	981,0		
160,6086	25,4518	981,7	981,9	981,0		
160,6094	25,4977	981,7	981,9	981,0		
160,6101	25,5428	981,8	981,9	981,0		
160,6108	25,5892	981,7	981,9	981,0		
160,6116	25,6383	981,7	981,8	981,0		
160,6121	25,6830	981,7	981,9	981,0		
160,6128	25,7276	981,7	981,8	981,0		
160,6135	25,7723	981,7	981,8	981,0		
160,6141	25,8182	981,8	981,8	981,0		
160,6147	25,8633	981,8	981,9	981,0		
160,6153	25,9080	981,7	981,8	980,9		
160,6158	25,9544	981,8	981,9	981,0		
160,6165	26,0017	981,7	981,8	980,9		
160,6170	26,0468	981,7	981,9	980,9		
160,6175	26,0914	981,8	981,9	980,9		
160,6179	26,1378	981,8	981,8	980,9		
160,6185	26,1838	981,8	981,9	980,9		
160,6190	26,2307	981,8	981,8	980,9		
160,6194	26,2775	981,7	981,9	980,9		
160,6199	26,3235	981,8	981,8	980,9		
160,6203	26,3730	981,7	981,8	980,9		
160,6207	26,4207	981,7	981,9	980,9		
160,6212	26,4663	981,8	981,8	980,9		
160,6216	26,5127	981,8	981,9	980,9		
160,6220	26,5604	981,8	981,8	980,9		
160,6223	26,6091	981,8	981,8	980,9		
160,6227	26,6577	981,8	981,9	980,9		
160,6230	26,7063	981,9	981,9	980,9		
160,6234	26,7540	981,8	981,9	980,9		
160,6237	26,7996	981,8	981,9	980,9		
160,6240	26,8460	981,8	981,8	980,9		
160,6243	26,8951	981,8	981,9	980,9		
160,6246	26,9397	981,9	981,8	980,9		
160,6248	26,9901	981,9	981,9	980,9		
160,6251	27,0405	981,9	981,9	980,9		
160,6254	27,0856	981,9	981,9	981,0		
160,6256	27,1386	981,9	982,0	981,0		
160,6258	27,1846	981,9	981,9	981,0		
160,6259	27,2310	981,9	981,9	981,0		
160,6261	27,2796	981,9	981,9	981,0		
160,6263	27,3243	981,9	981,9	981,0		
160,6264	27,3711	981,9	982,0	981,0		
160,6265	27,4167	981,9	982,0	981,0		
160,6266	27,4675	981,9	982,0	981,0		
160,6267	27,5148	981,9	982,0	981,0		
160,6268	27,5727	981,9	982,0	981,0		
160,6269	27,6236	981,9	982,0	981,1		
160,6269	27,6691	982,0	982,0	981,0		
160,6269	27,7425	981,9	982,0	981,0		
						
						
						
						
						
						
						
						
						
						
						
						
						
						
						
						
						
						
						
						
						
						
						
						
						
						
						
						
						
						
						
						
						
						
						
						
						
						
						
						
						
						
						
						
						
						
						
						
						
						
						
						
						
						
						
						
						
						
						
						
						
						
						
						
						
						
						
						
						
						
						
						
						
						
						
						
						
						
						
						
						
						
						
						
						
						
						
						
						
						
						
						
						
						
						
						
						
						
						
						
						
						
						
						
						
						
						
						
						
						
						
						
						
						
						
						
						
						
						
						
						
						
						
						
						
						
						
						
						
						
						
						
						
						
						
						
						
						
						
						
						
						
						
						
						
						
						
						
						
						
						
						
						
						
						
						
						
						
						
						
						
						
						
						
						
						
						
						
						
						
						
						
						
						
						
						
						
						
						
						
						
						
						
						
						
						
						
						
						
						
						
						
						
						
						
						
						
						
						
						
						
