BAM 5.2 Vh5205_C-85.LIS						
------------------------------------						
ENTRY	SYMBOL	UNIT		* Information common to all tests		
Date of test start			4.12.23 9:08 AM			
Test ID			Vh5205_C-85			
Test standard			DIN EN ISO 204:2019-4	*		
Specified temperature	T	?	980 °C	*		
Type of loading			Tension	*		
Initial stress	Ro	MPa	140			
(Digital) Material Identifier			CMSX-6	*		
"Description of the manufacturing process - as-tested material
"			Single Crystal Investment Casting from a Vacuum Induction Refined Ingot and subsequent Heat Treatment (annealed and aged).	*		
Single crystal orientation		°	3,9			
Type of test piece II			Round cross section	*		
Type of test piece III			Smooth test piece	*		
Sensor type - Contacting extensometer			Clip-on extensometer	*		
Min. test piece diameter at room temperature	D	mm	6,00			
Reference length for calculation of percentage elongations	Lr = Lo	mm	24,0			
Reference length for calculation of percentage extensions	Lr = Le	mm	23,8			
Heating time		h	2,04			
Soak time before the test		h	2,03			
Test duration	t	h	1030			
Creep rupture time	tu	h	Not applicable			
Percentage permanent elongation	Aper	%	0,83			
Percentage elongation after creep fracture	Au	%	Not applicable			
Percentage reduction of area after creep fracture	Zu	%	Not applicable			
Percentage total extension	et	%	1			
Percentage initial total extension	eti	%	0,177			
Percentage elastic extension	ee	%	0,177			
Percentage initial plastic extension	ei	%	0			
Percentage plastic extension	ep	%	0,828			
Percentage creep extension	ef	%	0,828			
						
						
						
[data]						
Elapsed time from end of loading	Percentage plastic extension from end of loading	Corrected measured temperature - Top	Corrected measured temperature - Middle	Corrected measured temperature - Bottom		
t	e	Tc	Tc	Tc		
h	%	°C	°C	°C		
0,0011	0,0080	982,4	980,6	979,4		
0,0025	0,0034	982,3	980,5	979,3		
0,0039	-0,0004	982,2	980,5	979,2		
0,0053	0,0050	982,1	980,4	979,2		
0,0067	0,0071	982,0	980,3	979,1		
0,0081	-0,0008	981,8	980,2	979,1		
0,0095	0,0004	981,6	980,2	979,0		
0,0108	0,0013	981,6	980,1	979,0		
0,0122	-0,0017	981,5	980,0	979,0		
0,0136	-0,0084	981,4	980,0	979,0		
0,0150	-0,0042	981,3	980,0	979,0		
0,0164	0,0050	981,3	979,9	979,0		
0,0178	0,0050	981,2	980,0	979,1		
0,0192	0,0025	981,2	979,9	979,1		
0,0206	0,0025	981,2	979,9	979,2		
0,0220	0,0029	981,1	979,9	979,1		
0,0233	0,0122	981,2	979,9	979,1		
0,0247	0,0055	981,2	979,9	979,1		
0,0261	-0,0004	981,2	979,9	979,1		
0,0275	-0,0004	981,2	979,9	979,1		
0,0289	0,0000	981,1	979,9	979,1		
0,0303	0,0042	981,1	979,9	979,1		
0,0317	-0,0021	981,0	979,8	979,1		
0,0331	0,0021	980,9	979,8	979,1		
0,0345	0,0029	980,9	979,7	979,1		
0,0358	0,0055	980,8	979,8	979,1		
0,0372	0,0088	980,8	979,8	979,3		
0,0414	0,0105	981,0	980,0	979,7		
0,0456	0,0021	981,1	980,2	980,0		
0,0497	-0,0004	981,2	980,4	980,0		
0,0539	0,0063	981,4	980,4	979,9		
0,0581	0,0042	981,3	980,2	979,8		
0,0622	0,0063	981,2	980,2	979,6		
0,0664	0,0025	981,1	980,1	979,7		
0,0706	0,0088	981,1	980,2	979,8		
0,0747	0,0034	981,1	980,2	979,8		
0,0789	0,0059	981,2	980,3	979,9		
0,0831	0,0067	981,3	980,3	979,8		
0,0872	0,0105	981,2	980,3	979,8		
0,0914	0,0092	981,2	980,3	979,8		
0,0956	0,0021	981,3	980,3	979,8		
0,0997	0,0084	981,3	980,3	980,0		
0,1039	0,0017	981,3	980,3	980,0		
0,1081	0,0050	981,4	980,4	979,9		
0,1122	0,0076	981,7	980,5	980,0		
0,1164	0,0034	982,1	980,8	980,1		
0,1206	0,0109	982,2	980,9	980,1		
0,1247	0,0042	982,2	980,9	980,2		
0,1289	0,0013	982,2	980,9	980,2		
0,1331	0,0117	982,0	980,9	980,2		
0,1372	0,0076	982,0	980,8	980,2		
0,1414	0,0088	982,0	980,9	980,2		
0,1456	0,0126	981,9	980,8	980,2		
0,1497	0,0134	981,9	980,8	980,1		
0,1539	0,0050	981,8	980,7	980,1		
0,1581	0,0042	981,8	980,7	980,1		
0,1622	-0,0029	981,8	980,7	980,1		
0,1664	0,0117	981,9	980,7	980,1		
0,1706	0,0063	981,9	980,8	980,1		
0,1747	0,0134	981,9	980,8	980,1		
0,1789	0,0063	981,8	980,7	980,1		
0,1831	0,0059	981,8	980,7	980,1		
0,1872	0,0063	981,8	980,7	980,1		
0,1914	0,0096	981,8	980,7	980,1		
0,1956	0,0101	981,8	980,7	980,1		
0,1997	0,0105	981,8	980,7	980,1		
0,2039	0,0193	981,8	980,7	980,1		
0,2081	0,0067	981,8	980,7	980,1		
0,2122	0,0101	981,7	980,7	980,0		
0,2164	0,0109	981,7	980,6	980,0		
0,2206	0,0088	981,6	980,6	980,0		
0,2247	0,0080	981,6	980,6	980,0		
0,2289	0,0067	981,7	980,6	980,0		
0,2331	0,0101	981,6	980,6	980,1		
0,3164	0,0122	981,6	980,6	980,0		
0,3997	0,0096	981,5	980,6	980,2		
0,4831	0,0067	981,2	980,4	980,0		
0,5664	-0,0021	981,8	980,7	980,0		
0,6497	0,0126	981,6	980,5	980,0		
0,7331	0,0092	981,4	980,4	979,9		
0,8164	0,0109	981,6	980,5	980,0		
0,8997	0,0109	981,5	980,5	980,0		
0,9831	0,0109	981,6	980,6	980,0		
1,0664	0,0122	981,5	980,5	980,1		
1,1497	0,0138	981,5	980,5	980,0		
1,2331	0,0088	981,3	980,4	980,0		
1,3164	0,0151	981,4	980,5	979,9		
1,3997	0,0109	981,4	980,5	980,0		
1,4831	0,0117	981,5	980,5	980,0		
1,5664	0,0218	981,5	980,4	979,9		
1,6497	0,0201	981,3	980,3	979,9		
1,7331	0,0176	981,3	980,4	980,0		
1,8164	0,0088	981,5	980,5	979,9		
1,8997	0,0113	981,4	980,4	979,9		
1,9831	0,0155	981,6	980,4	979,9		
2,0664	0,0180	981,1	980,3	979,8		
2,1497	0,0138	981,2	980,4	980,0		
2,2331	0,0159	981,7	980,6	980,1		
2,3164	0,0159	980,8	980,1	979,8		
2,3997	0,0126	981,2	980,3	979,9		
2,4831	0,0059	981,4	980,4	979,9		
2,5664	0,0206	981,8	980,7	980,0		
2,6497	0,0180	981,2	980,3	979,9		
2,7331	0,0164	981,3	980,3	979,8		
2,8164	0,0088	981,4	980,4	980,0		
2,8997	0,0201	981,3	980,4	979,9		
2,9831	0,0134	981,3	980,3	979,9		
3,0664	0,0193	981,3	980,4	979,9		
3,1497	0,0218	981,3	980,4	979,8		
3,2331	0,0126	981,3	980,4	979,9		
3,3164	0,0159	981,3	980,3	979,8		
3,3997	0,0130	981,4	980,4	979,9		
3,4831	0,0151	981,3	980,4	979,8		
3,5664	0,0134	981,3	980,4	979,9		
3,6497	0,0164	981,3	980,3	979,8		
3,7331	0,0080	981,3	980,4	979,9		
3,8164	0,0206	981,2	980,3	979,9		
3,8997	0,0222	981,2	980,3	979,8		
3,9831	0,0214	981,2	980,4	980,0		
4,0664	0,0218	981,3	980,4	979,9		
4,1497	0,0243	981,4	980,4	979,9		
4,2331	0,0168	981,3	980,4	979,9		
4,3164	0,0235	981,3	980,3	979,8		
4,3997	0,0218	981,3	980,3	979,9		
4,4831	0,0193	981,3	980,4	979,9		
4,5664	0,0197	981,4	980,4	979,9		
4,6497	0,0180	981,3	980,4	979,9		
4,7331	0,0247	981,3	980,4	979,8		
4,8164	0,0227	981,3	980,4	979,9		
4,8997	0,0214	981,3	980,3	979,8		
4,9831	0,0164	981,3	980,4	979,9		
5,0664	0,0281	981,3	980,4	979,8		
5,1497	0,0298	981,2	980,4	979,8		
5,2331	0,0235	981,3	980,3	979,8		
5,3164	0,0164	981,3	980,4	979,9		
5,3997	0,0218	981,3	980,3	979,8		
5,4831	0,0206	981,2	980,3	979,8		
5,5664	0,0210	981,3	980,3	979,9		
5,6497	0,0281	981,2	980,3	979,8		
5,7331	0,0231	981,2	980,3	979,8		
5,8164	0,0197	981,3	980,3	979,9		
5,8997	0,0235	981,4	980,4	979,8		
5,9831	0,0285	981,3	980,4	979,8		
6,0664	0,0298	981,2	980,3	979,9		
6,1497	0,0201	981,2	980,4	979,8		
6,2331	0,0206	981,3	980,3	979,8		
6,3164	0,0256	981,3	980,4	979,9		
6,3997	0,0222	981,2	980,3	979,8		
6,4831	0,0285	981,2	980,3	979,7		
6,5664	0,0206	981,2	980,4	979,9		
6,6497	0,0247	981,3	980,4	979,9		
6,7331	0,0348	981,2	980,4	979,8		
6,8164	0,0193	981,3	980,3	979,7		
6,8997	0,0218	981,3	980,3	979,7		
6,9831	0,0277	981,2	980,3	979,8		
7,0664	0,0193	981,2	980,3	979,8		
7,1497	0,0239	981,2	980,3	979,8		
7,2331	0,0201	981,2	980,3	979,8		
7,3164	0,0164	981,3	980,3	979,8		
7,3997	0,0294	981,3	980,3	979,8		
7,4831	0,0243	981,3	980,4	979,9		
7,5664	0,0319	981,3	980,3	979,9		
7,6497	0,0264	981,3	980,3	979,9		
7,7331	0,0310	981,3	980,4	979,8		
7,8164	0,0201	981,2	980,3	979,7		
7,8997	0,0252	981,3	980,5	980,0		
7,9831	0,0256	981,3	980,4	979,9		
8,0664	0,0268	981,3	980,4	979,9		
8,1497	0,0302	981,2	980,3	979,8		
8,2331	0,0298	981,2	980,3	979,9		
8,3164	0,0277	981,2	980,3	979,8		
8,3997	0,0285	981,3	980,3	979,8		
8,4831	0,0247	981,3	980,4	980,0		
8,5664	0,0281	981,3	980,4	979,9		
8,6497	0,0277	981,2	980,4	979,8		
8,7331	0,0243	981,4	980,4	979,8		
8,8164	0,0239	981,4	980,3	979,8		
8,8997	0,0268	981,3	980,4	979,9		
8,9831	0,0222	981,2	980,3	979,8		
9,0664	0,0264	981,3	980,3	979,9		
9,1497	0,0327	981,2	980,3	979,8		
9,2331	0,0357	981,4	980,5	980,0		
9,3164	0,0394	981,2	980,3	979,9		
9,3997	0,0252	981,3	980,4	979,9		
9,4831	0,0298	981,3	980,4	979,9		
9,5664	0,0277	981,3	980,5	980,0		
9,6497	0,0302	981,3	980,4	979,9		
9,7331	0,0344	981,3	980,4	979,9		
9,8164	0,0180	981,3	980,4	979,9		
9,8997	0,0319	981,3	980,4	979,8		
9,9831	0,0306	981,2	980,3	979,9		
10,0664	0,0336	981,3	980,4	979,9		
10,1497	0,0294	981,3	980,4	979,8		
10,2331	0,0302	981,4	980,5	979,8		
10,3164	0,0289	981,3	980,5	980,0		
10,3997	0,0298	981,3	980,4	979,9		
10,4831	0,0348	981,4	980,4	979,9		
10,5664	0,0310	981,3	980,4	979,9		
10,6497	0,0260	981,2	980,3	979,7		
10,7331	0,0214	981,3	980,4	979,9		
10,8164	0,0306	981,4	980,5	980,0		
10,8997	0,0357	981,2	980,4	979,9		
10,9831	0,0298	981,3	980,3	979,8		
11,0664	0,0340	981,3	980,4	979,8		
11,1497	0,0289	981,3	980,4	979,9		
11,2331	0,0256	981,3	980,4	979,8		
11,3164	0,0315	981,3	980,4	979,8		
11,3997	0,0336	981,3	980,4	979,9		
11,4831	0,0285	981,3	980,3	979,8		
11,5664	0,0331	981,4	980,4	979,9		
11,6497	0,0306	981,4	980,4	979,8		
11,7331	0,0319	981,3	980,4	979,9		
11,8164	0,0294	981,3	980,5	979,9		
11,8997	0,0298	981,2	980,3	979,7		
11,9831	0,0302	981,3	980,4	979,8		
12,0664	0,0331	981,3	980,3	979,8		
12,1497	0,0323	981,2	980,4	979,9		
12,2331	0,0239	981,3	980,4	979,9		
12,3164	0,0357	981,3	980,4	979,9		
12,3997	0,0315	981,2	980,4	979,8		
12,4831	0,0294	981,3	980,4	979,8		
12,5664	0,0369	981,3	980,3	979,9		
12,6497	0,0365	981,3	980,4	979,9		
12,7331	0,0315	981,2	980,4	979,8		
12,8164	0,0315	981,3	980,3	979,9		
12,8997	0,0310	981,3	980,4	979,9		
12,9831	0,0365	981,3	980,4	979,8		
13,0664	0,0373	981,3	980,4	979,9		
13,1497	0,0277	981,3	980,3	979,8		
13,2331	0,0398	981,3	980,3	979,8		
13,3164	0,0256	981,2	980,3	979,9		
13,3997	0,0415	981,3	980,5	980,0		
13,4831	0,0344	981,3	980,4	979,8		
13,5664	0,0310	981,3	980,4	979,9		
13,6497	0,0394	981,2	980,3	979,8		
13,7331	0,0327	981,2	980,3	979,8		
13,8164	0,0348	981,3	980,4	979,9		
13,8997	0,0340	981,3	980,4	979,9		
13,9831	0,0407	981,3	980,4	979,8		
14,0664	0,0336	981,3	980,4	979,9		
14,1497	0,0302	981,3	980,4	979,9		
14,2331	0,0331	981,3	980,4	979,9		
14,3164	0,0357	981,3	980,4	979,8		
14,3997	0,0453	981,3	980,4	979,9		
14,4831	0,0407	981,3	980,4	979,9		
14,5664	0,0365	981,3	980,5	979,9		
14,6497	0,0331	981,3	980,4	979,8		
14,7331	0,0273	981,3	980,4	979,9		
14,8164	0,0336	981,2	980,4	979,8		
14,8997	0,0369	981,3	980,4	979,9		
14,9831	0,0398	981,3	980,4	979,9		
15,0664	0,0348	981,3	980,4	979,9		
15,1497	0,0394	981,3	980,4	980,0		
15,2331	0,0323	981,2	980,4	979,9		
15,3164	0,0357	981,3	980,3	979,9		
15,3997	0,0436	981,4	980,5	979,9		
15,4831	0,0369	981,3	980,3	979,8		
15,5664	0,0390	981,2	980,3	979,8		
15,6497	0,0403	981,3	980,3	979,9		
15,7331	0,0315	981,3	980,4	979,9		
15,8164	0,0386	981,3	980,4	979,8		
15,8997	0,0390	981,3	980,4	979,9		
15,9831	0,0340	981,2	980,3	979,9		
16,0664	0,0440	981,3	980,4	979,9		
16,1497	0,0394	981,3	980,4	979,9		
16,2331	0,0470	981,3	980,4	979,9		
16,3164	0,0394	981,2	980,4	979,7		
16,3997	0,0331	981,3	980,5	979,9		
16,4831	0,0411	981,3	980,4	979,9		
16,5664	0,0386	981,2	980,4	979,8		
16,6497	0,0386	981,3	980,5	979,9		
16,7331	0,0428	981,3	980,3	979,9		
16,8164	0,0390	981,3	980,4	979,9		
16,8997	0,0344	981,3	980,4	979,9		
16,9831	0,0382	981,2	980,3	979,9		
17,0664	0,0394	981,2	980,3	979,9		
17,1497	0,0440	981,4	980,4	979,9		
17,2331	0,0403	981,3	980,4	979,9		
17,3164	0,0419	981,3	980,4	979,9		
17,3997	0,0357	981,3	980,3	979,9		
17,4831	0,0449	981,3	980,4	979,8		
17,5664	0,0365	981,2	980,4	979,8		
17,6497	0,0348	981,3	980,5	979,9		
17,7331	0,0344	981,3	980,4	979,9		
17,8164	0,0407	981,3	980,3	979,8		
17,8997	0,0432	981,3	980,4	980,0		
17,9831	0,0428	981,3	980,4	979,9		
18,0664	0,0373	981,3	980,4	979,9		
18,1497	0,0365	981,3	980,4	979,9		
18,2331	0,0369	981,3	980,4	979,9		
18,3164	0,0432	981,2	980,4	979,9		
18,3997	0,0361	981,2	980,4	979,9		
18,4831	0,0478	981,3	980,5	979,9		
18,5664	0,0440	981,3	980,3	979,8		
18,6497	0,0428	981,3	980,4	979,8		
18,7331	0,0365	981,3	980,4	979,9		
18,8164	0,0407	981,2	980,3	979,8		
18,8997	0,0390	981,3	980,4	979,9		
18,9831	0,0482	981,3	980,4	980,0		
19,0664	0,0386	981,3	980,4	979,9		
19,1497	0,0445	981,2	980,4	979,8		
19,2331	0,0428	981,3	980,4	979,9		
19,3164	0,0415	981,3	980,4	979,9		
19,3997	0,0436	981,3	980,4	979,9		
19,4831	0,0436	981,3	980,3	979,8		
19,5664	0,0440	981,4	980,4	979,9		
19,6497	0,0415	981,3	980,4	979,8		
19,7331	0,0457	981,3	980,3	979,8		
19,8164	0,0453	981,3	980,4	979,9		
19,8997	0,0457	981,2	980,3	979,9		
19,9831	0,0440	981,3	980,4	979,9		
20,0664	0,0394	981,2	980,3	979,8		
20,1497	0,0440	981,3	980,4	980,0		
20,2331	0,0461	981,3	980,4	979,8		
20,3164	0,0495	981,3	980,4	979,9		
20,3997	0,0466	981,3	980,4	979,8		
20,4831	0,0440	981,3	980,4	979,8		
20,5664	0,0474	981,3	980,4	979,8		
20,6497	0,0482	981,2	980,3	979,8		
20,7331	0,0449	981,3	980,4	979,9		
20,8164	0,0482	981,3	980,3	979,9		
20,8997	0,0491	981,3	980,4	979,9		
20,9831	0,0440	981,3	980,4	979,9		
21,0664	0,0474	981,3	980,4	979,9		
21,1497	0,0470	981,3	980,4	979,8		
21,2331	0,0499	981,3	980,4	979,8		
21,3164	0,0524	981,4	980,5	980,0		
21,3997	0,0428	981,3	980,4	979,9		
21,4831	0,0491	981,3	980,4	979,9		
21,5664	0,0470	981,2	980,3	979,9		
21,6497	0,0457	981,3	980,3	979,9		
21,7331	0,0445	981,4	980,4	979,8		
21,8164	0,0499	981,4	980,5	979,9		
21,8997	0,0461	981,2	980,4	979,8		
21,9831	0,0457	981,3	980,3	979,8		
22,0664	0,0466	981,4	980,4	980,0		
22,1497	0,0470	981,2	980,4	979,9		
22,2331	0,0520	981,2	980,4	979,9		
22,3164	0,0516	981,2	980,4	979,8		
22,3997	0,0478	981,3	980,5	980,0		
22,4831	0,0449	981,3	980,3	979,8		
22,5664	0,0482	981,3	980,3	979,8		
22,6497	0,0503	981,3	980,3	979,8		
22,7331	0,0424	981,3	980,4	979,8		
22,8164	0,0566	981,3	980,4	979,9		
22,8997	0,0499	981,3	980,3	979,8		
22,9831	0,0474	981,3	980,3	979,9		
23,0664	0,0491	981,2	980,3	979,9		
23,1497	0,0583	981,3	980,4	979,9		
23,2331	0,0570	981,9	980,7	980,0		
23,3164	0,0508	981,4	980,4	979,9		
23,3997	0,0466	981,2	980,3	979,8		
23,4831	0,0503	981,2	980,3	979,8		
23,5664	0,0529	980,9	980,1	979,8		
23,6497	0,0508	981,6	980,5	979,9		
23,7331	0,0554	981,4	980,4	979,9		
23,8164	0,0474	981,2	980,3	979,8		
23,8997	0,0520	981,0	980,2	979,8		
23,9831	0,0558	981,2	980,3	979,8		
24,0664	0,0499	981,3	980,4	979,9		
24,1497	0,0570	981,2	980,4	979,9		
24,2331	0,0579	981,4	980,4	979,9		
24,3164	0,0520	981,3	980,4	979,9		
24,3997	0,0516	981,3	980,5	979,9		
24,4831	0,0575	981,2	980,3	979,8		
24,5664	0,0545	981,4	980,4	979,9		
24,6497	0,0524	981,4	980,4	979,9		
24,7331	0,0449	981,2	980,3	979,8		
24,8164	0,0487	981,2	980,3	979,9		
24,8997	0,0508	981,3	980,4	979,9		
24,9831	0,0499	981,3	980,4	979,8		
25,0664	0,0508	981,3	980,4	979,9		
25,1497	0,0549	981,4	980,4	979,9		
25,2331	0,0529	981,3	980,5	980,0		
25,3164	0,0457	981,4	980,4	979,9		
25,3997	0,0449	981,3	980,3	979,8		
25,4831	0,0520	981,2	980,3	979,9		
25,5664	0,0600	981,3	980,4	979,9		
25,6497	0,0554	981,3	980,5	980,0		
25,7331	0,0533	981,3	980,4	979,9		
25,8164	0,0541	981,3	980,4	979,9		
25,8997	0,0596	981,3	980,4	979,9		
25,9831	0,0524	981,4	980,4	980,0		
26,0664	0,0604	981,3	980,4	979,9		
26,1497	0,0503	981,3	980,4	979,8		
26,2331	0,0596	981,4	980,5	980,0		
26,3164	0,0487	981,3	980,4	979,9		
26,3997	0,0508	981,3	980,4	979,9		
26,4831	0,0512	981,3	980,4	980,0		
26,5664	0,0575	981,3	980,4	980,0		
26,6497	0,0554	981,3	980,4	980,0		
26,7331	0,0625	981,4	980,5	980,0		
26,8164	0,0524	981,4	980,5	979,9		
26,8997	0,0612	981,3	980,4	979,9		
26,9831	0,0587	981,3	980,3	979,9		
27,0664	0,0600	981,4	980,4	980,0		
27,1497	0,0638	981,2	980,3	979,8		
27,2331	0,0579	981,2	980,3	979,9		
27,3164	0,0570	981,3	980,4	979,9		
27,3997	0,0579	981,4	980,5	980,0		
27,4831	0,0570	981,3	980,4	979,9		
27,5664	0,0583	981,4	980,4	979,9		
27,6497	0,0549	981,5	980,5	979,9		
27,7331	0,0549	981,3	980,4	979,9		
27,8164	0,0575	981,3	980,4	979,8		
27,8997	0,0617	981,3	980,4	979,9		
27,9831	0,0625	981,4	980,4	979,9		
28,0664	0,0633	981,3	980,4	979,9		
28,1497	0,0566	981,4	980,4	980,0		
28,2331	0,0617	981,3	980,4	979,8		
28,3164	0,0575	981,3	980,4	979,9		
28,3997	0,0575	981,3	980,3	979,8		
28,4831	0,0604	981,3	980,4	979,9		
28,5664	0,0625	981,3	980,4	979,9		
28,6497	0,0549	981,4	980,5	980,0		
28,7331	0,0621	981,3	980,4	979,9		
28,8164	0,0612	981,2	980,3	979,8		
28,8997	0,0625	981,2	980,4	980,0		
28,9831	0,0545	981,3	980,4	979,9		
29,0664	0,0579	981,3	980,4	979,9		
29,1497	0,0675	981,4	980,5	980,0		
29,2331	0,0675	981,3	980,4	979,8		
29,3164	0,0520	981,4	980,4	979,9		
29,3997	0,0604	981,2	980,4	979,8		
29,4831	0,0600	981,3	980,4	980,0		
29,5664	0,0608	981,4	980,4	980,0		
29,6497	0,0684	981,4	980,5	980,0		
29,7331	0,0667	981,4	980,4	979,9		
29,8164	0,0617	981,3	980,4	980,0		
29,8997	0,0638	981,3	980,4	979,9		
29,9831	0,0608	981,3	980,4	979,9		
30,0664	0,0629	981,3	980,5	980,0		
30,1497	0,0608	981,3	980,4	979,9		
30,2331	0,0617	981,3	980,4	979,9		
30,3164	0,0705	981,3	980,4	979,9		
30,3997	0,0684	981,3	980,4	979,8		
30,4831	0,0667	981,3	980,4	979,9		
30,5664	0,0663	981,4	980,5	980,0		
30,6497	0,0629	981,5	980,5	980,0		
30,7331	0,0587	981,4	980,4	979,9		
30,8164	0,0667	981,3	980,4	979,9		
30,8997	0,0554	981,3	980,4	979,9		
30,9831	0,0675	981,3	980,4	979,9		
31,0664	0,0617	981,2	980,4	979,9		
31,1497	0,0696	981,3	980,4	980,0		
31,2331	0,0667	981,3	980,5	980,0		
31,3164	0,0659	981,3	980,4	979,9		
31,3997	0,0633	981,3	980,4	979,9		
31,4831	0,0646	981,4	980,5	980,0		
31,5664	0,0713	981,3	980,3	979,8		
31,6497	0,0659	981,3	980,4	979,9		
31,7331	0,0680	981,3	980,4	980,0		
31,8164	0,0680	981,3	980,4	980,0		
31,8997	0,0680	981,4	980,5	980,0		
31,9831	0,0654	981,3	980,4	980,0		
32,0664	0,0696	981,2	980,3	979,8		
32,1497	0,0612	981,3	980,4	980,0		
32,2331	0,0680	981,4	980,4	979,9		
32,3164	0,0591	981,4	980,4	979,9		
32,3997	0,0654	981,3	980,4	979,9		
32,4831	0,0763	981,2	980,4	979,9		
32,5664	0,0663	981,4	980,5	980,1		
32,6497	0,0663	981,3	980,4	979,9		
32,7331	0,0692	981,3	980,4	979,8		
32,8164	0,0734	981,3	980,4	979,9		
32,8997	0,0617	981,4	980,4	979,9		
32,9831	0,0646	981,5	980,4	979,9		
33,0664	0,0726	981,3	980,4	979,9		
33,1497	0,0705	981,4	980,5	979,9		
33,2331	0,0692	981,3	980,4	979,9		
33,3164	0,0705	981,2	980,3	979,9		
33,3997	0,0696	981,3	980,4	979,8		
33,4831	0,0680	981,3	980,4	979,9		
33,5664	0,0684	981,2	980,4	979,9		
33,6497	0,0692	981,3	980,4	979,9		
33,7331	0,0659	981,4	980,4	979,9		
33,8164	0,0700	981,3	980,4	979,8		
33,8997	0,0705	981,3	980,3	979,9		
33,9831	0,0692	981,2	980,3	979,8		
34,0664	0,0680	981,3	980,3	979,8		
34,1497	0,0772	981,3	980,3	979,9		
34,2331	0,0755	981,3	980,4	980,0		
34,3164	0,0755	981,3	980,4	980,0		
34,3997	0,0734	981,3	980,3	979,9		
34,4831	0,0700	981,4	980,5	980,0		
34,5664	0,0784	981,3	980,4	979,9		
34,6497	0,0784	981,3	980,4	979,8		
34,7331	0,0726	981,3	980,4	979,9		
34,8164	0,0705	981,3	980,4	979,9		
34,8997	0,0730	981,4	980,5	980,0		
34,9831	0,0696	981,3	980,4	979,9		
35,0664	0,0776	981,3	980,4	980,0		
35,1497	0,0768	981,3	980,4	980,0		
35,2331	0,0751	981,3	980,4	979,9		
35,3164	0,0747	981,3	980,4	979,8		
35,3997	0,0726	981,3	980,4	979,9		
35,4831	0,0742	981,4	980,4	979,9		
35,5664	0,0763	981,3	980,4	979,9		
35,6497	0,0763	981,3	980,4	979,9		
35,7331	0,0713	981,3	980,4	979,9		
35,8164	0,0721	981,4	980,4	980,0		
35,8997	0,0696	981,3	980,4	980,0		
35,9831	0,0692	981,3	980,3	979,8		
36,0664	0,0789	981,3	980,4	979,9		
36,1497	0,0738	981,4	980,4	979,9		
36,2331	0,0680	981,4	980,4	979,9		
36,3164	0,0726	981,5	980,5	979,9		
36,3997	0,0747	981,3	980,4	979,9		
36,4831	0,0797	981,3	980,4	979,9		
36,5664	0,0759	981,4	980,4	979,9		
36,6497	0,0671	981,3	980,4	979,9		
36,7331	0,0780	981,4	980,5	980,1		
36,8164	0,0738	981,3	980,5	979,9		
36,8997	0,0780	981,3	980,4	979,9		
36,9831	0,0742	981,3	980,4	979,8		
37,0664	0,0742	981,3	980,4	979,8		
37,1497	0,0747	981,4	980,5	979,9		
37,2331	0,0797	981,4	980,5	979,9		
37,3164	0,0759	981,3	980,4	979,9		
37,3997	0,0747	981,4	980,4	979,9		
37,4831	0,0831	981,2	980,3	979,9		
37,5664	0,0818	981,3	980,4	979,9		
37,6497	0,0772	981,3	980,5	980,0		
37,7331	0,0797	981,3	980,4	979,9		
37,8164	0,0789	981,3	980,4	979,9		
37,8997	0,0856	981,4	980,5	979,9		
37,9831	0,0789	981,4	980,4	980,0		
38,0664	0,0742	981,2	980,4	980,0		
38,1497	0,0747	981,3	980,4	979,9		
38,2331	0,0747	981,3	980,4	979,9		
38,3164	0,0814	981,4	980,5	979,9		
38,3997	0,0755	981,3	980,4	979,9		
38,4831	0,0789	981,4	980,5	979,9		
38,5664	0,0793	981,2	980,4	979,8		
38,6497	0,0847	981,2	980,4	980,0		
38,7331	0,0826	981,4	980,5	979,9		
38,8164	0,0789	981,3	980,4	979,9		
38,8997	0,0789	981,3	980,4	979,9		
38,9831	0,0843	981,2	980,3	979,8		
39,0664	0,0822	981,3	980,4	980,0		
39,1497	0,0814	981,3	980,4	980,0		
39,2331	0,0793	981,3	980,5	979,9		
39,3164	0,0843	981,3	980,4	979,9		
39,3997	0,0818	981,3	980,4	979,9		
39,4831	0,0818	981,3	980,4	979,9		
39,5664	0,0881	981,4	980,4	979,9		
39,6497	0,0784	981,4	980,4	980,0		
39,7331	0,0818	981,3	980,4	979,8		
39,8164	0,0818	981,3	980,3	979,8		
39,8997	0,0784	981,3	980,4	979,9		
39,9831	0,0818	981,3	980,4	979,9		
40,0664	0,0877	981,3	980,4	979,9		
40,1497	0,0831	981,4	980,4	979,8		
40,2331	0,0793	981,2	980,4	979,8		
40,3164	0,0898	981,3	980,4	980,0		
40,3997	0,0789	981,3	980,4	979,9		
40,4831	0,0843	981,4	980,5	980,0		
40,5664	0,0818	981,3	980,4	979,8		
40,6497	0,0839	981,3	980,4	980,0		
40,7331	0,0940	981,3	980,4	979,9		
40,8164	0,0948	981,3	980,4	979,9		
40,8997	0,0868	981,3	980,4	979,9		
40,9831	0,0877	981,3	980,4	979,9		
41,0664	0,0872	981,3	980,4	979,9		
41,1497	0,0885	981,3	980,4	979,9		
41,2331	0,0839	981,3	980,4	979,9		
41,3164	0,0889	981,3	980,4	979,9		
41,3997	0,0856	981,3	980,4	979,9		
41,4831	0,0847	981,4	980,5	980,0		
41,5664	0,0864	981,3	980,5	979,9		
41,6497	0,0885	981,2	980,3	979,8		
41,7331	0,0877	981,3	980,4	979,9		
41,8164	0,0914	981,4	980,4	979,9		
41,8997	0,0881	981,3	980,4	980,0		
41,9831	0,0868	981,4	980,5	979,9		
42,0664	0,0885	981,3	980,4	979,9		
42,1497	0,0948	981,3	980,4	979,9		
42,2331	0,0835	981,3	980,4	979,9		
42,3164	0,0839	981,3	980,4	979,9		
42,3997	0,0881	981,3	980,4	980,0		
42,4831	0,0868	981,4	980,5	980,1		
42,5664	0,0927	981,3	980,4	979,9		
42,6497	0,0856	981,3	980,4	979,9		
42,7331	0,0940	981,3	980,4	979,9		
42,8164	0,0831	981,3	980,4	979,9		
42,8997	0,0835	981,3	980,4	980,0		
42,9831	0,0856	981,4	980,5	980,0		
43,0664	0,0881	981,3	980,4	979,8		
43,1497	0,0872	981,3	980,4	979,9		
43,2331	0,0902	981,2	980,4	979,9		
43,3164	0,0914	981,3	980,4	980,0		
43,3997	0,0889	981,4	980,5	980,0		
43,4831	0,0885	981,3	980,4	979,9		
43,5664	0,0910	981,3	980,4	979,9		
43,6497	0,0931	981,3	980,4	979,9		
43,7331	0,0927	981,3	980,4	979,9		
43,8164	0,1023	981,4	980,4	979,9		
43,8997	0,0977	981,4	980,5	980,0		
43,9831	0,0927	981,3	980,4	980,0		
44,0664	0,0986	981,4	980,4	979,9		
44,1497	0,0843	981,4	980,4	979,9		
44,2331	0,0977	981,3	980,4	979,9		
44,3164	0,0856	981,3	980,4	979,8		
44,3997	0,0952	981,4	980,5	980,0		
44,4831	0,0856	981,3	980,4	980,0		
44,5664	0,0940	981,3	980,4	980,0		
44,6497	0,0961	981,3	980,4	979,9		
44,7331	0,0906	981,4	980,4	980,0		
44,8164	0,0977	981,3	980,4	980,0		
44,8997	0,0860	981,3	980,4	979,9		
44,9831	0,0956	981,3	980,4	979,9		
45,0664	0,0935	981,4	980,4	979,9		
45,1497	0,0977	981,4	980,4	979,9		
45,2331	0,0948	981,3	980,3	979,8		
45,3164	0,0977	981,3	980,4	979,9		
45,3997	0,0902	981,3	980,4	979,9		
45,4831	0,1011	981,3	980,4	980,0		
45,5664	0,0998	981,3	980,4	979,9		
45,6497	0,0914	981,3	980,4	980,0		
45,7331	0,0944	981,3	980,4	979,9		
45,8164	0,0982	981,3	980,5	980,0		
45,8997	0,1002	981,3	980,4	980,0		
45,9831	0,0910	981,2	980,4	979,9		
46,0664	0,0944	981,4	980,5	979,9		
46,1497	0,1053	981,3	980,5	980,0		
46,2331	0,0998	981,4	980,5	979,9		
46,3164	0,1057	981,3	980,4	979,9		
46,3997	0,0948	981,3	980,5	979,9		
46,4831	0,0969	981,4	980,5	980,0		
46,5664	0,0948	981,3	980,4	980,0		
46,6497	0,0994	981,3	980,4	980,0		
46,7331	0,0998	981,3	980,4	980,0		
46,8164	0,0965	981,3	980,4	979,9		
46,8997	0,0948	981,4	980,5	979,9		
46,9831	0,0952	981,3	980,4	980,0		
47,0664	0,1015	981,4	980,5	979,9		
47,1497	0,0982	981,4	980,6	980,0		
47,2331	0,0935	981,3	980,5	979,9		
47,3164	0,0940	981,3	980,4	979,9		
47,3997	0,0952	981,4	980,4	980,0		
47,4831	0,0923	981,2	980,4	979,9		
47,5664	0,0994	981,3	980,4	979,9		
47,6497	0,0998	981,3	980,4	979,9		
47,7331	0,0986	981,3	980,4	979,9		
47,8164	0,0986	981,3	980,4	980,0		
47,8997	0,1019	981,3	980,4	979,9		
47,9831	0,0977	981,3	980,5	980,0		
48,0664	0,1019	981,3	980,4	980,0		
48,1497	0,1044	981,3	980,4	980,0		
48,2331	0,1044	981,3	980,4	980,0		
48,3164	0,0977	981,3	980,4	980,0		
48,3997	0,0973	981,4	980,5	980,0		
48,4831	0,0973	981,3	980,4	979,9		
48,5664	0,0948	981,3	980,4	980,0		
48,6497	0,1002	981,3	980,4	980,0		
48,7331	0,0961	981,3	980,4	979,9		
48,8164	0,1070	981,3	980,4	980,0		
48,8997	0,1070	981,3	980,4	979,9		
48,9831	0,1019	981,4	980,5	980,0		
49,0664	0,1074	981,3	980,4	979,9		
49,1497	0,0940	981,3	980,4	980,0		
49,2331	0,1049	981,3	980,4	979,9		
49,3164	0,1095	981,2	980,3	979,9		
49,3997	0,1011	981,3	980,4	979,9		
49,4831	0,1099	981,4	980,4	979,9		
49,5664	0,1061	981,3	980,4	979,9		
49,6497	0,1044	981,3	980,4	980,0		
49,7331	0,1032	981,3	980,4	979,9		
49,8164	0,1040	981,3	980,4	980,0		
49,8997	0,1007	981,3	980,4	979,9		
49,9831	0,0994	981,3	980,4	979,9		
50,0664	0,0961	981,3	980,4	979,9		
50,1497	0,1028	981,3	980,4	979,9		
50,2331	0,1053	981,4	980,5	979,9		
50,3164	0,1053	981,3	980,4	979,9		
50,3997	0,1091	981,3	980,4	979,9		
50,4831	0,1044	981,2	980,3	979,9		
50,5664	0,1078	981,3	980,4	979,9		
50,6497	0,1107	981,3	980,4	979,9		
50,7331	0,1032	981,2	980,4	979,9		
50,8164	0,1065	981,2	980,4	980,0		
50,8997	0,1061	981,3	980,5	980,0		
50,9831	0,0982	981,3	980,5	980,0		
51,0664	0,1032	981,3	980,4	979,9		
51,1497	0,1133	981,2	980,4	979,8		
51,2331	0,1103	981,3	980,4	979,9		
51,3164	0,1065	981,3	980,5	980,0		
51,3997	0,1070	981,3	980,5	980,0		
51,4831	0,1095	981,2	980,4	979,9		
51,5664	0,1095	981,3	980,4	979,9		
51,6497	0,1053	981,4	980,4	979,9		
51,7331	0,1065	981,3	980,3	979,9		
51,8164	0,1065	981,2	980,3	979,7		
51,8997	0,1040	981,2	980,3	979,9		
51,9831	0,1086	981,2	980,4	979,8		
52,0664	0,1099	981,3	980,3	979,9		
52,1497	0,1103	981,2	980,4	979,9		
52,2331	0,1120	981,3	980,4	979,9		
52,3164	0,1107	981,2	980,4	979,9		
52,3997	0,1099	981,3	980,4	979,9		
52,4831	0,1002	981,3	980,4	980,0		
52,5664	0,1057	981,4	980,4	979,9		
52,6497	0,1145	981,3	980,4	979,9		
52,7331	0,1086	981,3	980,3	979,8		
52,8164	0,1107	981,3	980,4	979,9		
52,8997	0,1082	981,3	980,4	979,9		
52,9831	0,1057	981,4	980,4	979,9		
53,0664	0,1137	981,3	980,4	980,0		
53,1497	0,1107	981,3	980,4	979,9		
53,2331	0,1208	981,3	980,4	979,9		
53,3164	0,1091	981,3	980,4	979,9		
53,3997	0,1091	981,4	980,5	980,0		
53,4831	0,1166	981,3	980,4	979,8		
53,5664	0,1082	981,4	980,3	979,9		
53,6497	0,1174	981,3	980,4	979,9		
53,7331	0,1170	981,3	980,4	980,0		
53,8164	0,1086	981,3	980,4	979,9		
53,8997	0,1145	981,3	980,4	979,9		
53,9831	0,1086	981,3	980,4	979,9		
54,0664	0,1141	981,3	980,4	979,9		
54,1497	0,1070	981,3	980,4	979,9		
54,2331	0,1128	981,3	980,4	979,8		
54,3164	0,1049	981,2	980,3	979,8		
54,3997	0,1137	981,3	980,3	979,9		
54,4831	0,1141	981,3	980,4	980,0		
54,5664	0,1116	981,3	980,4	980,0		
54,6497	0,1170	981,3	980,4	979,9		
54,7331	0,1153	981,3	980,4	979,9		
54,8164	0,1166	981,3	980,4	979,9		
54,8997	0,1145	981,3	980,4	979,9		
54,9831	0,1174	981,3	980,4	979,9		
55,0664	0,1187	981,3	980,4	980,0		
55,1497	0,1200	981,3	980,3	979,8		
55,2331	0,1112	981,2	980,3	979,9		
55,3164	0,1174	981,3	980,4	979,9		
55,3997	0,1187	981,3	980,4	979,9		
55,4831	0,1166	981,3	980,3	979,8		
55,5664	0,1153	981,4	980,4	979,9		
55,6497	0,1149	981,3	980,4	979,9		
55,7331	0,1091	981,3	980,4	979,9		
55,8164	0,1208	981,3	980,4	979,9		
55,8997	0,1179	981,3	980,4	980,0		
55,9831	0,1237	981,3	980,4	979,9		
56,0664	0,1191	981,3	980,4	980,0		
56,1497	0,1107	981,2	980,4	979,9		
56,2331	0,1153	981,3	980,4	979,9		
56,3164	0,1174	981,4	980,5	979,9		
56,3997	0,1112	981,3	980,4	979,9		
56,4831	0,1200	981,4	980,5	979,9		
56,5664	0,1162	981,3	980,5	980,1		
56,6497	0,1133	981,3	980,4	979,9		
56,7331	0,1208	981,3	980,4	979,8		
56,8164	0,1170	981,3	980,4	979,9		
56,8997	0,1221	981,3	980,5	979,9		
56,9831	0,1208	981,3	980,4	980,0		
57,0664	0,1229	981,3	980,4	980,0		
57,1497	0,1221	981,3	980,4	979,9		
57,2331	0,1212	981,3	980,4	979,9		
57,3164	0,1158	981,3	980,4	980,0		
57,3997	0,1208	981,4	980,4	980,0		
57,4831	0,1183	981,2	980,3	979,8		
57,5664	0,1200	981,3	980,4	979,9		
57,6497	0,1254	981,2	980,3	979,9		
57,7331	0,1174	981,3	980,4	979,9		
57,8164	0,1195	981,4	980,5	980,0		
57,8997	0,1263	981,3	980,4	979,9		
57,9831	0,1183	981,3	980,4	979,9		
58,0664	0,1208	981,2	980,4	979,9		
58,1497	0,1170	981,3	980,4	979,9		
58,2331	0,1191	981,4	980,5	979,9		
58,3164	0,1216	981,3	980,4	979,9		
58,3997	0,1145	981,2	980,4	979,9		
58,4831	0,1242	981,3	980,3	979,8		
58,5664	0,1174	981,3	980,4	979,9		
58,6497	0,1162	981,3	980,4	979,9		
58,7331	0,1267	981,4	980,5	979,9		
58,8164	0,1258	981,4	980,5	980,0		
58,8998	0,1216	981,2	980,4	979,9		
58,9831	0,1300	981,3	980,4	980,0		
59,0664	0,1250	981,3	980,4	979,9		
59,1498	0,1300	981,3	980,4	979,9		
59,2331	0,1170	981,3	980,4	979,9		
59,3164	0,1296	981,3	980,5	980,0		
59,3998	0,1162	981,4	980,4	979,9		
59,4831	0,1237	981,3	980,3	979,8		
59,5664	0,1149	981,4	980,5	979,9		
59,6498	0,1250	981,3	980,4	979,8		
59,7331	0,1229	981,3	980,4	979,9		
59,8164	0,1271	981,3	980,5	980,0		
59,8998	0,1250	981,3	980,4	979,9		
59,9831	0,1250	981,2	980,4	979,9		
60,0664	0,1204	981,2	980,4	979,9		
60,1498	0,1296	981,3	980,3	979,9		
60,2331	0,1258	981,3	980,4	979,9		
60,3164	0,1355	981,3	980,4	979,9		
60,3998	0,1309	981,4	980,5	980,0		
60,4831	0,1300	981,3	980,3	979,9		
60,5664	0,1309	981,3	980,4	979,9		
60,6498	0,1271	981,2	980,4	979,9		
60,7331	0,1208	981,3	980,4	979,9		
60,8164	0,1279	981,4	980,4	979,9		
60,8998	0,1342	981,3	980,3	979,8		
60,9831	0,1237	981,3	980,4	979,9		
61,0664	0,1309	981,4	980,4	980,0		
61,1498	0,1296	981,3	980,4	979,9		
61,2331	0,1363	981,3	980,4	979,9		
61,3164	0,1346	981,4	980,4	980,0		
61,3998	0,1254	981,2	980,4	979,9		
61,4831	0,1263	981,3	980,4	979,9		
61,5664	0,1258	981,3	980,3	979,9		
61,6498	0,1250	981,3	980,4	979,9		
61,7331	0,1300	981,3	980,4	979,9		
61,8164	0,1279	981,3	980,4	979,9		
61,8998	0,1225	981,3	980,4	979,9		
61,9831	0,1250	981,3	980,4	979,9		
62,0664	0,1284	981,3	980,5	980,0		
62,1498	0,1321	981,2	980,4	979,9		
62,2331	0,1271	981,4	980,5	979,9		
62,3164	0,1325	981,3	980,4	979,9		
62,3998	0,1263	981,4	980,5	979,9		
62,4831	0,1279	981,4	980,4	979,9		
62,5664	0,1275	981,3	980,4	979,9		
62,6498	0,1279	981,3	980,4	979,9		
62,7331	0,1346	981,3	980,4	979,9		
62,8164	0,1288	981,2	980,4	980,0		
62,8998	0,1321	981,3	980,5	980,0		
62,9831	0,1384	981,4	980,4	980,0		
63,0664	0,1313	981,2	980,4	979,9		
63,1498	0,1376	981,3	980,4	979,9		
63,2331	0,1271	981,3	980,4	979,9		
63,3164	0,1334	981,4	980,5	980,0		
63,3998	0,1296	981,4	980,4	979,9		
63,4831	0,1321	981,3	980,4	979,9		
63,5664	0,1342	981,3	980,4	979,9		
63,6498	0,1342	981,3	980,4	979,9		
63,7331	0,1351	981,3	980,4	979,9		
63,8164	0,1275	981,4	980,4	980,0		
63,8998	0,1367	981,3	980,4	980,0		
63,9831	0,1342	981,3	980,4	979,9		
64,0664	0,1397	981,3	980,4	979,9		
64,1498	0,1380	981,3	980,4	979,9		
64,2331	0,1355	981,3	980,4	979,9		
64,3164	0,1242	981,4	980,4	979,9		
64,3998	0,1263	981,3	980,4	979,9		
64,4831	0,1367	981,3	980,4	979,9		
64,5664	0,1367	981,3	980,5	980,0		
64,6498	0,1309	981,2	980,4	979,9		
64,7331	0,1380	981,4	980,4	979,9		
64,8164	0,1355	981,3	980,4	980,0		
64,8998	0,1426	981,3	980,5	980,0		
64,9831	0,1309	981,3	980,4	979,9		
65,0664	0,1372	981,3	980,4	979,9		
65,1498	0,1367	981,3	980,4	979,9		
65,2331	0,1300	981,3	980,4	979,9		
65,3164	0,1359	981,3	980,4	979,8		
65,3998	0,1338	981,4	980,5	979,9		
65,4831	0,1359	981,3	980,5	980,0		
65,5664	0,1414	981,3	980,4	979,9		
65,6498	0,1380	981,3	980,4	979,9		
65,7331	0,1409	981,3	980,4	979,9		
65,8164	0,1409	981,2	980,4	979,8		
65,8998	0,1380	981,3	980,4	980,0		
65,9831	0,1405	981,2	980,4	979,9		
66,0664	0,1376	981,3	980,3	979,8		
66,1498	0,1372	981,3	980,4	980,0		
66,2331	0,1304	981,4	980,5	980,0		
66,3164	0,1317	981,3	980,4	980,0		
66,3998	0,1288	981,3	980,4	979,9		
66,4831	0,1388	981,4	980,5	980,0		
66,5664	0,1414	981,4	980,5	979,9		
66,6498	0,1367	981,3	980,4	979,9		
66,7331	0,1367	981,3	980,4	979,9		
66,8164	0,1435	981,3	980,4	980,0		
66,8998	0,1325	981,3	980,5	980,0		
66,9831	0,1426	981,2	980,4	980,0		
67,0664	0,1359	981,4	980,4	979,9		
67,1498	0,1325	981,3	980,4	979,9		
67,2331	0,1388	981,4	980,5	980,0		
67,3164	0,1397	981,3	980,5	979,9		
67,3998	0,1426	981,3	980,4	979,9		
67,4831	0,1426	981,4	980,4	979,9		
67,5664	0,1338	981,2	980,3	979,9		
67,6498	0,1451	981,3	980,4	980,0		
67,7331	0,1418	981,3	980,4	979,9		
67,8164	0,1468	981,3	980,5	980,0		
67,8998	0,1405	981,3	980,4	980,0		
67,9831	0,1435	981,3	980,4	979,9		
68,0664	0,1363	981,3	980,4	979,9		
68,1498	0,1405	981,4	980,4	979,9		
68,2331	0,1384	981,3	980,4	979,9		
68,3164	0,1409	981,2	980,4	980,0		
68,3998	0,1451	981,3	980,4	979,8		
68,4831	0,1372	981,2	980,5	980,0		
68,5664	0,1372	981,3	980,4	979,9		
68,6498	0,1380	981,4	980,4	980,0		
68,7331	0,1384	981,3	980,4	979,9		
68,8164	0,1414	981,4	980,4	979,9		
68,8998	0,1422	981,3	980,5	979,9		
68,9831	0,1443	981,3	980,4	979,8		
69,0664	0,1359	981,3	980,4	979,9		
69,1498	0,1422	981,3	980,4	979,9		
69,2331	0,1443	981,3	980,4	979,9		
69,3164	0,1430	981,2	980,4	979,9		
69,3998	0,1468	981,3	980,5	980,0		
69,4831	0,1485	981,3	980,4	979,8		
69,5664	0,1460	981,3	980,4	979,9		
69,6498	0,1460	981,3	980,5	979,9		
69,7331	0,1460	981,3	980,4	979,9		
69,8164	0,1451	981,3	980,4	980,0		
69,8998	0,1460	981,3	980,4	979,9		
69,9831	0,1455	981,2	980,4	979,9		
70,0664	0,1468	981,3	980,4	979,8		
70,1498	0,1497	981,4	980,4	979,9		
70,2331	0,1447	981,3	980,4	979,9		
70,3164	0,1455	981,3	980,4	979,9		
70,3998	0,1476	981,2	980,3	979,9		
70,4831	0,1460	981,3	980,4	979,9		
70,5664	0,1544	981,3	980,4	979,9		
70,6498	0,1464	981,3	980,4	980,0		
70,7331	0,1384	981,4	980,4	979,9		
70,8164	0,1476	981,4	980,5	980,0		
70,8998	0,1476	981,4	980,4	979,9		
70,9831	0,1451	981,3	980,4	979,9		
71,0664	0,1451	981,3	980,4	979,9		
71,1498	0,1435	981,2	980,4	979,8		
71,2331	0,1535	981,4	980,4	980,0		
71,3164	0,1514	981,4	980,4	979,9		
71,3998	0,1468	981,4	980,4	980,0		
71,4831	0,1468	981,4	980,4	979,9		
71,5664	0,1464	981,3	980,4	979,8		
71,6498	0,1489	981,4	980,4	979,9		
71,7331	0,1493	981,3	980,4	979,8		
71,8164	0,1493	981,3	980,4	979,9		
71,8998	0,1535	981,3	980,4	979,9		
71,9831	0,1497	981,4	980,5	980,1		
72,0664	0,1430	981,4	980,5	979,9		
72,1498	0,1548	981,3	980,4	979,8		
72,2331	0,1569	981,3	980,5	979,9		
72,3164	0,1527	981,4	980,4	979,9		
72,3998	0,1489	981,3	980,4	980,0		
72,4831	0,1464	981,3	980,5	980,0		
72,5664	0,1569	981,2	980,4	979,9		
72,6498	0,1560	981,3	980,4	979,9		
72,7331	0,1422	981,3	980,4	979,9		
72,8164	0,1460	981,4	980,5	980,0		
72,8998	0,1497	981,3	980,4	979,9		
72,9831	0,1502	981,3	980,5	980,0		
73,0664	0,1577	981,3	980,4	980,0		
73,1498	0,1590	981,3	980,4	980,0		
73,2331	0,1506	981,3	980,4	979,9		
73,3164	0,1527	981,4	980,5	980,0		
73,3998	0,1493	981,3	980,4	979,9		
73,4831	0,1506	981,4	980,3	979,8		
73,5664	0,1485	981,3	980,4	979,8		
73,6498	0,1502	981,3	980,4	979,8		
73,7331	0,1535	981,4	980,5	980,0		
73,8164	0,1527	981,3	980,4	980,0		
73,8998	0,1535	981,3	980,4	979,9		
73,9831	0,1489	981,2	980,4	979,9		
74,0664	0,1539	981,3	980,3	979,9		
74,1498	0,1523	981,3	980,4	980,0		
74,2331	0,1535	981,3	980,4	980,0		
74,3164	0,1523	981,3	980,4	979,9		
74,3998	0,1552	981,2	980,4	979,9		
74,4831	0,1560	981,3	980,4	979,8		
74,5664	0,1560	981,4	980,5	980,1		
74,6498	0,1493	981,4	980,5	979,9		
74,7331	0,1493	981,3	980,3	979,8		
74,8164	0,1598	981,3	980,4	979,9		
74,8998	0,1544	981,3	980,4	979,9		
74,9831	0,1556	981,3	980,4	980,0		
75,0664	0,1539	981,3	980,4	979,9		
75,1498	0,1506	981,3	980,4	979,9		
75,2331	0,1569	981,3	980,4	979,9		
75,3164	0,1531	981,3	980,4	979,9		
75,3998	0,1569	981,3	980,4	979,9		
75,4831	0,1573	981,3	980,4	979,9		
75,5664	0,1632	981,3	980,4	979,9		
75,6498	0,1606	981,3	980,4	979,9		
75,7331	0,1573	981,3	980,4	979,9		
75,8164	0,1535	981,3	980,5	979,9		
75,8998	0,1527	981,3	980,4	979,9		
75,9831	0,1548	981,3	980,4	980,0		
76,0664	0,1548	981,4	980,4	979,9		
76,1498	0,1531	981,4	980,4	979,8		
76,2331	0,1636	981,3	980,4	979,9		
76,3164	0,1518	981,3	980,4	980,0		
76,3998	0,1497	981,3	980,4	979,9		
76,4831	0,1581	981,3	980,4	979,9		
76,5664	0,1544	981,3	980,3	979,8		
76,6498	0,1586	981,3	980,4	980,0		
76,7331	0,1581	981,3	980,4	979,9		
76,8164	0,1510	981,4	980,4	979,8		
76,8998	0,1544	981,3	980,4	979,9		
76,9831	0,1577	981,3	980,4	979,9		
77,0664	0,1518	981,3	980,4	979,9		
77,1498	0,1531	981,2	980,4	979,9		
77,2331	0,1552	981,3	980,4	979,9		
77,3164	0,1657	981,3	980,5	980,0		
77,3998	0,1627	981,3	980,4	980,0		
77,4831	0,1581	981,3	980,4	980,0		
77,5664	0,1560	981,3	980,3	979,9		
77,6498	0,1606	981,3	980,4	979,9		
77,7331	0,1619	981,3	980,4	979,9		
77,8164	0,1560	981,3	980,4	979,9		
77,8998	0,1569	981,3	980,4	980,0		
77,9831	0,1678	981,3	980,4	979,9		
78,0664	0,1560	981,2	980,4	979,8		
78,1498	0,1518	981,3	980,4	979,8		
78,2331	0,1627	981,3	980,4	980,0		
78,3164	0,1548	981,3	980,4	980,0		
78,3998	0,1569	981,3	980,4	979,9		
78,4831	0,1661	981,2	980,3	979,8		
78,5664	0,1636	981,3	980,4	979,9		
78,6498	0,1565	981,3	980,5	980,1		
78,7331	0,1565	981,3	980,4	979,9		
78,8164	0,1615	981,4	980,5	979,9		
78,8998	0,1615	981,3	980,4	979,8		
78,9831	0,1556	981,3	980,4	979,9		
79,0664	0,1615	981,3	980,4	979,9		
79,1498	0,1581	981,3	980,3	979,9		
79,2331	0,1636	981,3	980,4	979,9		
79,3164	0,1611	981,3	980,4	979,9		
79,3998	0,1565	981,3	980,4	980,0		
79,4831	0,1632	981,3	980,4	980,0		
79,5664	0,1602	981,3	980,4	979,9		
79,6498	0,1590	981,3	980,4	979,8		
79,7331	0,1636	981,3	980,4	980,0		
79,8164	0,1686	981,3	980,5	980,0		
79,8998	0,1611	981,3	980,4	979,9		
79,9831	0,1606	981,3	980,4	979,9		
80,0664	0,1636	981,4	980,4	979,8		
80,1498	0,1674	981,4	980,4	980,0		
80,2331	0,1611	981,3	980,3	979,9		
80,3164	0,1669	981,2	980,4	979,9		
80,3998	0,1619	981,3	980,4	979,9		
80,4831	0,1619	981,3	980,3	979,9		
80,5664	0,1586	981,3	980,5	980,0		
80,6498	0,1611	981,3	980,4	979,9		
80,7331	0,1678	981,2	980,4	979,9		
80,8164	0,1594	981,2	980,3	979,9		
80,8998	0,1699	981,2	980,4	980,0		
80,9831	0,1669	981,3	980,4	979,9		
81,0664	0,1632	981,4	980,5	980,0		
81,1498	0,1665	981,3	980,5	980,0		
81,2331	0,1665	981,2	980,4	979,8		
81,3164	0,1695	981,4	980,5	980,0		
81,3998	0,1695	981,3	980,4	980,0		
81,4831	0,1611	981,3	980,4	979,8		
81,5664	0,1632	981,2	980,4	979,9		
81,6498	0,1703	981,3	980,4	979,9		
81,7331	0,1690	981,3	980,4	980,0		
81,8164	0,1611	981,4	980,5	980,0		
81,8998	0,1598	981,3	980,4	979,9		
81,9831	0,1653	981,3	980,4	979,9		
82,0664	0,1707	981,3	980,4	979,9		
82,1498	0,1682	981,3	980,4	980,0		
82,2331	0,1699	981,2	980,4	979,9		
82,3164	0,1674	981,3	980,4	979,8		
82,3998	0,1657	981,2	980,3	979,9		
82,4831	0,1648	981,3	980,4	980,0		
82,5664	0,1632	981,2	980,4	979,9		
82,6498	0,1699	981,3	980,4	979,9		
82,7331	0,1737	981,3	980,4	980,0		
82,8164	0,1619	981,4	980,5	980,0		
82,8998	0,1669	981,3	980,4	980,0		
82,9831	0,1648	981,3	980,4	980,0		
83,0664	0,1682	981,4	980,4	979,9		
83,1498	0,1653	981,4	980,4	979,9		
83,2331	0,1644	981,3	980,4	979,9		
83,3164	0,1640	981,3	980,5	980,0		
83,3998	0,1690	981,3	980,4	980,0		
83,4831	0,1665	981,3	980,5	979,9		
83,5664	0,1724	981,3	980,5	980,0		
83,6498	0,1720	981,4	980,4	980,0		
83,7331	0,1716	981,4	980,5	980,0		
83,8164	0,1682	981,3	980,4	980,0		
83,8998	0,1678	981,4	980,5	980,0		
83,9831	0,1682	981,4	980,5	980,1		
84,0664	0,1632	981,3	980,5	980,0		
84,1498	0,1737	981,3	980,4	979,8		
84,2331	0,1716	981,3	980,4	980,0		
84,3164	0,1703	981,3	980,4	980,0		
84,3998	0,1791	981,3	980,5	980,0		
84,4831	0,1699	981,4	980,4	979,9		
84,5664	0,1766	981,3	980,4	980,0		
84,6498	0,1640	981,4	980,5	979,9		
84,7331	0,1661	981,4	980,5	980,1		
84,8164	0,1665	981,3	980,5	980,0		
84,8998	0,1716	981,3	980,4	980,0		
84,9831	0,1678	981,4	980,4	980,0		
85,0664	0,1787	981,3	980,4	980,0		
85,1498	0,1686	981,4	980,5	980,0		
85,2331	0,1770	981,4	980,5	980,1		
85,3164	0,1720	981,3	980,4	980,0		
85,3998	0,1732	981,3	980,4	980,0		
85,4831	0,1707	981,3	980,5	979,9		
85,5664	0,1669	981,4	980,5	979,9		
85,6498	0,1816	981,3	980,5	979,9		
85,7331	0,1749	981,3	980,4	980,0		
85,8164	0,1724	981,3	980,4	980,0		
85,8998	0,1657	981,3	980,4	980,0		
85,9831	0,1728	981,4	980,5	980,1		
86,0664	0,1665	981,3	980,4	980,0		
86,1498	0,1636	981,3	980,4	980,0		
86,2331	0,1749	981,4	980,4	979,9		
86,3164	0,1707	981,4	980,4	980,0		
86,3998	0,1741	981,4	980,5	980,0		
86,4831	0,1720	981,2	980,4	979,9		
86,5664	0,1791	981,3	980,5	980,0		
86,6498	0,1640	981,4	980,5	980,0		
86,7331	0,1737	981,3	980,5	979,9		
86,8164	0,1770	981,3	980,4	979,9		
86,8998	0,1766	981,3	980,4	980,0		
86,9831	0,1778	981,3	980,5	980,1		
87,0664	0,1778	981,3	980,5	980,0		
87,1498	0,1732	981,2	980,4	980,0		
87,2331	0,1732	981,3	980,4	979,9		
87,3164	0,1820	981,3	980,3	979,9		
87,3998	0,1711	981,2	980,4	979,9		
87,4831	0,1695	981,4	980,4	979,9		
87,5664	0,1749	981,4	980,4	979,9		
87,6498	0,1770	981,4	980,5	979,9		
87,7331	0,1716	981,3	980,5	980,0		
87,8164	0,1791	981,3	980,4	979,9		
87,8998	0,1783	981,3	980,4	980,0		
87,9831	0,1728	981,3	980,4	979,9		
88,0664	0,1724	981,3	980,5	980,0		
88,1498	0,1770	981,3	980,4	980,0		
88,2331	0,1724	981,3	980,4	979,9		
88,3164	0,1816	981,3	980,4	980,0		
88,3998	0,1753	981,3	980,4	980,0		
88,4831	0,1837	981,3	980,5	980,0		
88,5664	0,1749	981,3	980,4	980,0		
88,6498	0,1770	981,4	980,4	979,9		
88,7331	0,1787	981,3	980,4	980,0		
88,8164	0,1791	981,3	980,4	980,0		
88,8998	0,1762	981,3	980,5	980,0		
88,9831	0,1762	981,3	980,4	979,9		
89,0664	0,1762	981,3	980,5	980,0		
89,1498	0,1795	981,3	980,4	979,9		
89,2331	0,1762	981,4	980,5	980,0		
89,3164	0,1686	981,4	980,5	980,0		
89,3998	0,1682	981,3	980,4	980,0		
89,4831	0,1737	981,3	980,5	980,0		
89,5664	0,1716	981,2	980,4	979,9		
89,6498	0,1795	981,3	980,5	979,9		
89,7331	0,1783	981,3	980,4	980,0		
89,8164	0,1867	981,3	980,4	980,0		
89,8998	0,1745	981,2	980,4	980,0		
89,9831	0,1737	981,3	980,5	980,1		
90,0664	0,1778	981,4	980,5	980,0		
90,1498	0,1846	981,4	980,5	980,0		
90,2331	0,1829	981,3	980,5	979,9		
90,3164	0,1795	981,2	980,4	979,9		
90,3998	0,1766	981,3	980,4	980,0		
90,4831	0,1778	981,3	980,4	980,0		
90,5664	0,1846	981,3	980,5	980,0		
90,6498	0,1787	981,3	980,4	980,0		
90,7331	0,1837	981,4	980,5	980,1		
90,8164	0,1762	981,4	980,5	980,0		
90,8998	0,1850	981,3	980,5	980,0		
90,9831	0,1867	981,3	980,4	979,9		
91,0664	0,1799	981,3	980,4	979,9		
91,1498	0,1753	981,3	980,4	980,0		
91,2331	0,1757	981,3	980,4	979,9		
91,3164	0,1829	981,3	980,4	980,0		
91,3998	0,1804	981,3	980,4	980,0		
91,4831	0,1795	981,3	980,4	979,9		
91,5664	0,1812	981,4	980,5	980,0		
91,6498	0,1799	981,4	980,6	980,0		
91,7331	0,1783	981,3	980,4	979,9		
91,8164	0,1757	981,3	980,4	979,9		
91,8998	0,1774	981,3	980,4	979,9		
91,9831	0,1753	981,3	980,4	979,9		
92,0664	0,1745	981,3	980,4	979,9		
92,1498	0,1871	981,3	980,4	980,0		
92,2331	0,1858	981,2	980,4	979,9		
92,3164	0,1753	981,3	980,4	979,9		
92,3998	0,1778	981,3	980,4	980,0		
92,4831	0,1808	981,3	980,4	980,0		
92,5664	0,1833	981,3	980,4	980,0		
92,6498	0,1787	981,3	980,4	979,9		
92,7331	0,1896	981,2	980,4	979,9		
92,8164	0,1787	981,3	980,4	979,9		
92,8998	0,1795	981,2	980,4	979,9		
92,9831	0,1925	981,2	980,4	979,9		
93,0664	0,1820	981,2	980,4	980,0		
93,1498	0,1846	981,3	980,4	980,0		
93,2331	0,1774	981,4	980,4	980,0		
93,3164	0,1791	981,3	980,4	979,9		
93,3998	0,1778	981,3	980,4	979,9		
93,4831	0,1858	981,3	980,4	979,9		
93,5664	0,1846	981,2	980,4	980,0		
93,6498	0,1837	981,2	980,4	979,9		
93,7331	0,1829	981,3	980,4	980,0		
93,8164	0,1871	981,2	980,4	980,0		
93,8998	0,1829	981,3	980,4	979,9		
93,9831	0,1795	981,4	980,4	980,0		
94,0664	0,1867	981,3	980,4	979,9		
94,1498	0,1833	981,2	980,4	979,9		
94,2331	0,1904	981,2	980,3	979,9		
94,3164	0,1804	981,3	980,4	979,9		
94,3998	0,1812	981,3	980,4	980,0		
94,4831	0,1837	981,4	980,5	980,0		
94,5664	0,1846	981,3	980,4	979,9		
94,6498	0,1808	981,3	980,5	980,0		
94,7331	0,1892	981,2	980,4	980,0		
94,8164	0,1825	981,2	980,4	979,9		
94,8998	0,1854	981,2	980,3	980,0		
94,9831	0,1896	981,6	980,6	980,0		
95,0664	0,1946	981,3	980,4	979,9		
95,1498	0,1888	981,3	980,4	980,0		
95,2331	0,1833	981,4	980,4	980,0		
95,3164	0,1787	981,3	980,4	980,0		
95,3998	0,1829	981,2	980,4	979,9		
95,4831	0,1896	981,2	980,4	979,9		
95,5664	0,1875	981,3	980,5	980,1		
95,6498	0,1871	981,4	980,5	980,0		
95,7331	0,1888	981,4	980,4	980,0		
95,8164	0,1854	981,2	980,3	979,8		
95,8998	0,1862	981,2	980,4	980,0		
95,9831	0,1816	981,3	980,4	980,0		
96,0664	0,1875	981,3	980,4	979,9		
96,1498	0,1892	981,3	980,5	979,9		
96,2331	0,1854	981,3	980,4	979,9		
96,3164	0,1846	981,3	980,4	980,0		
96,3998	0,1896	981,2	980,4	979,9		
96,4831	0,1879	981,4	980,4	980,0		
96,5664	0,1804	981,3	980,4	980,0		
96,6498	0,1938	981,3	980,4	980,0		
96,7331	0,1841	981,3	980,4	979,9		
96,8164	0,1896	981,4	980,4	980,0		
96,8998	0,1913	981,3	980,5	980,1		
96,9831	0,1913	981,3	980,4	980,0		
97,0664	0,1858	981,4	980,4	979,9		
97,1498	0,1862	981,4	980,4	980,0		
97,2331	0,1867	981,4	980,5	980,0		
97,3164	0,1896	981,3	980,4	980,0		
97,3998	0,1976	981,3	980,4	979,9		
97,4831	0,1938	981,2	980,4	980,0		
97,5664	0,1896	981,2	980,5	980,0		
97,6498	0,1955	981,3	980,5	980,0		
97,7331	0,1896	981,2	980,3	979,9		
97,8164	0,1829	981,3	980,4	979,9		
97,8998	0,1980	981,4	980,4	980,0		
97,9831	0,1879	981,3	980,4	980,0		
98,0664	0,1904	981,3	980,5	980,0		
98,1498	0,1875	981,3	980,5	980,1		
98,2331	0,1938	981,2	980,3	979,9		
98,3164	0,1917	981,3	980,4	980,0		
98,3998	0,1875	981,3	980,4	979,9		
98,4831	0,1867	981,4	980,4	980,0		
98,5664	0,1900	981,4	980,5	980,0		
98,6498	0,1854	981,3	980,4	979,9		
98,7331	0,1888	981,2	980,4	980,0		
98,8164	0,1976	981,4	980,5	980,1		
98,8998	0,1892	981,4	980,5	980,1		
98,9831	0,2005	981,3	980,5	980,1		
99,0664	0,1904	981,3	980,5	980,0		
99,1498	0,1791	981,4	980,5	980,0		
99,2331	0,1934	981,4	980,4	979,9		
99,3164	0,1904	981,3	980,4	979,9		
99,3998	0,1913	981,3	980,5	980,0		
99,4831	0,1984	981,3	980,4	980,0		
99,5664	0,1900	981,3	980,4	980,0		
99,6498	0,1925	981,3	980,5	980,0		
99,7331	0,1934	981,3	980,5	980,1		
99,8164	0,1963	981,3	980,5	980,0		
99,8998	0,1942	981,4	980,4	980,0		
99,9831	0,1913	981,3	980,5	980,0		
100,0664	0,1917	981,3	980,5	980,0		
100,1498	0,1900	981,3	980,5	980,0		
100,2331	0,1959	981,2	980,4	980,0		
100,3164	0,1955	981,2	980,4	980,0		
100,3998	0,1934	981,3	980,4	979,9		
100,4831	0,1913	981,3	980,5	980,0		
100,5664	0,1934	981,4	980,5	980,0		
100,6498	0,1971	981,3	980,4	980,0		
100,7331	0,1971	981,4	980,5	980,0		
100,8164	0,1913	981,3	980,5	980,0		
100,8998	0,1921	981,4	980,6	980,1		
100,9831	0,1837	981,3	980,5	979,9		
101,0664	0,1963	981,3	980,4	980,0		
101,1498	0,1955	981,3	980,5	980,0		
101,2331	0,2030	981,3	980,5	980,0		
101,3164	0,1913	981,3	980,4	980,1		
101,3998	0,1946	981,4	980,4	980,0		
101,4831	0,1938	981,3	980,5	979,9		
101,5664	0,1900	981,3	980,5	980,0		
101,6498	0,1917	981,3	980,4	980,0		
101,7331	0,1934	981,3	980,4	980,0		
101,8164	0,1971	981,3	980,5	980,1		
101,8998	0,1917	981,3	980,4	980,0		
101,9831	0,1904	981,3	980,4	979,9		
102,0664	0,1892	981,4	980,4	980,0		
102,1498	0,1896	981,4	980,5	980,0		
102,2331	0,1917	981,3	980,5	980,0		
102,3164	0,1992	981,3	980,5	980,0		
102,3998	0,1992	981,3	980,4	980,0		
102,4831	0,1967	981,3	980,5	980,0		
102,5664	0,1967	981,3	980,4	980,0		
102,6498	0,1913	981,3	980,4	980,0		
102,7331	0,1934	981,3	980,5	980,1		
102,8164	0,1976	981,4	980,5	980,0		
102,8998	0,1888	981,4	980,5	980,0		
102,9831	0,1896	981,4	980,5	979,9		
103,0664	0,1883	981,4	980,5	980,1		
103,1498	0,1967	981,3	980,5	980,0		
103,2331	0,1942	981,4	980,4	980,0		
103,3164	0,2022	981,4	980,5	980,1		
103,3998	0,1959	981,3	980,4	980,0		
103,4831	0,1917	981,3	980,4	980,0		
103,5664	0,1959	981,3	980,5	980,0		
103,6498	0,1967	981,3	980,4	980,0		
103,7331	0,2026	981,4	980,5	980,0		
103,8164	0,1917	981,3	980,4	980,0		
103,8998	0,1988	981,1	980,3	979,9		
103,9831	0,1955	981,2	980,4	979,9		
104,0664	0,1925	981,3	980,4	980,0		
104,1498	0,1980	981,3	980,4	980,0		
104,2331	0,1929	981,3	980,4	980,0		
104,3164	0,1967	981,4	980,5	980,0		
104,3998	0,1959	981,4	980,5	980,1		
104,4831	0,2030	981,4	980,4	979,9		
104,5664	0,1980	981,3	980,5	980,0		
104,6498	0,1992	981,3	980,4	980,0		
104,7331	0,1992	981,2	980,4	980,0		
104,8164	0,1988	981,3	980,4	980,0		
104,8998	0,1976	981,3	980,4	979,9		
104,9831	0,1976	981,3	980,4	980,0		
105,0664	0,1950	981,4	980,5	980,0		
105,1498	0,2051	981,4	980,5	980,0		
105,2331	0,1963	981,3	980,4	979,9		
105,3164	0,2005	981,3	980,5	980,0		
105,3998	0,1959	981,2	980,4	979,9		
105,4831	0,1950	981,3	980,4	980,1		
105,5664	0,1967	981,3	980,5	980,1		
105,6498	0,1988	981,3	980,4	980,0		
105,7331	0,2001	981,4	980,5	980,0		
105,8164	0,1980	981,3	980,5	980,0		
105,8998	0,2051	981,3	980,5	980,0		
105,9831	0,1984	981,3	980,5	980,1		
106,0664	0,1997	981,3	980,4	979,9		
106,1498	0,2039	981,4	980,5	980,0		
106,2331	0,2043	981,2	980,4	980,0		
106,3164	0,2089	981,3	980,5	980,0		
106,3998	0,1976	981,3	980,5	980,0		
106,4831	0,2022	981,3	980,4	980,0		
106,5664	0,1967	981,3	980,4	980,0		
106,6498	0,2009	981,3	980,4	979,9		
106,7331	0,1992	981,3	980,4	979,9		
106,8164	0,2026	981,3	980,4	979,9		
106,8998	0,1988	981,3	980,4	980,0		
106,9831	0,1997	981,3	980,4	980,0		
107,0664	0,2080	981,3	980,4	980,0		
107,1498	0,1917	981,3	980,4	979,9		
107,2331	0,1955	981,3	980,4	979,9		
107,3164	0,2068	981,4	980,4	980,0		
107,3998	0,1971	981,3	980,4	979,9		
107,4831	0,2076	981,3	980,4	979,9		
107,5664	0,2055	981,3	980,4	980,0		
107,6498	0,2064	981,3	980,4	980,0		
107,7331	0,2009	981,3	980,5	980,0		
107,8164	0,2047	981,3	980,5	980,0		
107,8998	0,1997	981,3	980,4	980,0		
107,9831	0,2005	981,4	980,5	980,0		
108,0664	0,2059	981,3	980,5	980,1		
108,1498	0,2030	981,3	980,3	979,9		
108,2331	0,2055	981,3	980,4	980,0		
108,3164	0,2022	981,3	980,4	980,0		
108,3998	0,2026	981,3	980,4	980,0		
108,4831	0,2143	981,3	980,5	980,1		
108,5664	0,2018	981,3	980,4	979,9		
108,6498	0,1913	981,3	980,4	980,0		
108,7331	0,2064	981,4	980,5	980,1		
108,8164	0,2026	981,3	980,4	980,0		
108,8998	0,2047	981,3	980,5	979,9		
108,9831	0,2039	981,3	980,4	979,9		
109,0664	0,2059	981,3	980,5	980,0		
109,1498	0,2022	981,3	980,5	980,0		
109,2331	0,2097	981,4	980,5	980,1		
109,3164	0,2039	981,4	980,4	979,9		
109,3998	0,2018	981,4	980,5	980,0		
109,4831	0,2093	981,4	980,5	980,0		
109,5664	0,2047	981,3	980,4	979,9		
109,6498	0,2068	981,3	980,4	980,0		
109,7331	0,2047	981,3	980,4	980,0		
109,8164	0,2110	981,3	980,4	979,9		
109,8998	0,2043	981,3	980,4	980,0		
109,9831	0,2093	981,3	980,4	979,9		
110,0664	0,2114	981,3	980,4	980,0		
110,1498	0,2072	981,4	980,4	979,9		
110,2331	0,2030	981,4	980,4	979,8		
110,3164	0,2055	981,3	980,5	980,0		
110,3998	0,2068	981,3	980,4	980,0		
110,4831	0,2026	981,3	980,5	980,0		
110,5664	0,2051	981,3	980,3	979,9		
110,6498	0,2047	981,3	980,4	979,9		
110,7331	0,2064	981,3	980,4	980,0		
110,8164	0,2101	981,3	980,4	980,0		
110,8998	0,2080	981,3	980,5	980,0		
110,9831	0,2080	981,4	980,5	980,0		
111,0664	0,2097	981,3	980,4	980,0		
111,1498	0,2101	981,3	980,4	980,0		
111,2331	0,2114	981,4	980,4	980,0		
111,3164	0,2064	981,4	980,5	980,1		
111,3998	0,2013	981,3	980,5	980,0		
111,4831	0,2080	981,3	980,4	979,9		
111,5664	0,2076	981,3	980,4	980,0		
111,6498	0,2093	981,3	980,4	980,0		
111,7331	0,2131	981,3	980,4	980,0		
111,8164	0,2043	981,3	980,4	980,0		
111,8998	0,2097	981,3	980,5	980,1		
111,9831	0,2059	981,5	980,5	980,1		
112,0664	0,2051	981,4	980,5	980,0		
112,1498	0,2026	981,3	980,4	980,0		
112,2331	0,2106	981,4	980,6	980,2		
112,3164	0,2114	981,3	980,5	980,0		
112,3998	0,2114	981,4	980,5	980,0		
112,4831	0,2114	981,4	980,5	980,0		
112,5664	0,2097	981,3	980,4	980,0		
112,6498	0,2093	981,5	980,5	980,1		
112,7331	0,2043	981,4	980,5	980,0		
112,8164	0,2068	981,3	980,4	980,0		
112,8998	0,2022	981,3	980,4	979,9		
112,9831	0,2190	981,4	980,5	980,1		
113,0664	0,2101	981,3	980,4	980,0		
113,1498	0,2160	981,4	980,5	980,1		
113,2331	0,2076	981,3	980,4	980,0		
113,3164	0,2059	981,3	980,4	980,0		
113,3998	0,2106	981,3	980,4	979,9		
113,4831	0,1992	981,4	980,5	980,0		
113,5664	0,2009	981,3	980,4	979,9		
113,6498	0,2076	981,4	980,5	980,0		
113,7331	0,2114	981,3	980,5	980,0		
113,8164	0,2076	981,4	980,5	980,0		
113,8998	0,2068	981,4	980,5	980,1		
113,9831	0,2043	981,3	980,5	980,0		
114,0664	0,2072	981,4	980,4	980,0		
114,1498	0,2068	981,4	980,5	980,0		
114,2331	0,2156	981,3	980,4	979,9		
114,3164	0,2097	981,3	980,4	980,0		
114,3998	0,2118	981,4	980,5	980,0		
114,4831	0,2055	981,3	980,5	980,0		
114,5664	0,2089	981,3	980,5	980,0		
114,6498	0,2089	981,4	980,5	980,0		
114,7331	0,2135	981,4	980,5	980,0		
114,8164	0,2122	981,4	980,5	980,0		
114,8998	0,2143	981,4	980,5	980,0		
114,9831	0,2080	981,4	980,5	980,0		
115,0664	0,2127	981,4	980,5	980,0		
115,1498	0,2127	981,4	980,5	980,1		
115,2331	0,2143	981,3	980,5	980,0		
115,3164	0,2118	981,4	980,5	980,0		
115,3998	0,2122	981,4	980,4	980,0		
115,4831	0,2156	981,3	980,4	980,0		
115,5664	0,2143	981,3	980,4	980,0		
115,6498	0,2127	981,3	980,5	980,1		
115,7331	0,2106	981,4	980,5	979,9		
115,8164	0,2093	981,4	980,5	980,0		
115,8998	0,2118	981,4	980,5	980,1		
115,9831	0,2080	981,4	980,5	980,2		
116,0664	0,2160	981,4	980,5	980,0		
116,1498	0,2101	981,4	980,4	980,0		
116,2331	0,2181	981,4	980,5	980,0		
116,3164	0,2076	981,3	980,5	980,0		
116,3998	0,2127	981,4	980,5	980,0		
116,4831	0,2169	981,4	980,5	980,0		
116,5664	0,2143	981,4	980,5	980,0		
116,6498	0,2169	981,3	980,4	980,0		
116,7331	0,2190	981,4	980,5	980,1		
116,8164	0,2173	981,4	980,5	980,0		
116,8998	0,2122	981,4	980,5	980,0		
116,9831	0,2152	981,4	980,5	980,0		
117,0664	0,2131	981,4	980,5	980,1		
117,1498	0,2219	981,3	980,5	980,1		
117,2331	0,2169	981,3	980,5	980,0		
117,3164	0,2110	981,3	980,5	980,0		
117,3998	0,2160	982,2	981,0	980,2		
117,4831	0,2139	981,3	980,5	980,0		
117,5664	0,2148	981,1	980,3	979,9		
117,6498	0,2118	981,2	980,3	979,9		
117,7331	0,2190	981,4	980,5	980,0		
117,8164	0,2097	981,4	980,6	980,2		
117,8998	0,2185	981,4	980,6	980,1		
117,9831	0,2164	981,4	980,4	979,9		
118,0664	0,2231	981,4	980,6	980,1		
118,1498	0,2215	981,5	980,5	980,1		
118,2331	0,2152	981,4	980,5	980,0		
118,3164	0,2181	981,4	980,5	980,1		
118,3998	0,2210	981,4	980,5	980,0		
118,4831	0,2169	981,4	980,5	980,1		
118,5664	0,2240	981,3	980,5	980,0		
118,6498	0,2219	981,4	980,5	980,1		
118,7331	0,2127	981,3	980,5	980,0		
118,8164	0,2198	981,4	980,4	980,0		
118,8998	0,2152	981,5	980,6	980,0		
118,9831	0,2206	981,3	980,5	980,0		
119,0664	0,2177	981,4	980,5	980,1		
119,1498	0,2173	981,4	980,5	980,0		
119,2331	0,2173	981,4	980,5	980,0		
119,3164	0,2127	981,4	980,5	980,1		
119,3998	0,2190	981,5	980,5	980,0		
119,4831	0,2198	981,4	980,5	980,0		
119,5664	0,2148	981,4	980,4	979,9		
119,6498	0,2169	981,3	980,5	980,1		
119,7331	0,2210	981,3	980,4	979,9		
119,8164	0,2181	981,4	980,5	980,0		
119,8998	0,2177	981,3	980,5	980,1		
119,9831	0,2240	981,3	980,5	980,0		
120,0664	0,2231	981,3	980,4	980,0		
120,1498	0,2118	981,4	980,6	980,1		
120,2331	0,2118	981,4	980,5	980,1		
120,3164	0,2160	981,4	980,5	980,0		
120,3998	0,2135	981,3	980,5	980,1		
120,4831	0,2206	981,4	980,5	980,0		
120,5664	0,2152	981,4	980,5	980,1		
120,6498	0,2143	981,4	980,6	980,1		
120,7331	0,2181	981,3	980,5	980,1		
120,8164	0,2261	981,4	980,6	980,1		
120,8998	0,2185	981,4	980,5	980,0		
120,9831	0,2169	981,5	980,5	980,1		
121,0664	0,2169	981,5	980,6	980,1		
121,1498	0,2223	981,3	980,5	980,1		
121,2331	0,2206	981,4	980,5	980,0		
121,3164	0,2223	981,3	980,4	980,0		
121,3998	0,2169	981,4	980,5	980,0		
121,4831	0,2173	981,3	980,5	980,1		
121,5664	0,2210	981,4	980,5	980,0		
121,6498	0,2164	981,4	980,5	980,1		
121,7331	0,2152	981,3	980,6	980,1		
121,8164	0,2143	981,3	980,5	980,1		
121,8998	0,2160	981,4	980,5	980,2		
121,9831	0,2143	981,4	980,5	980,1		
122,0664	0,2248	981,4	980,6	980,1		
122,1498	0,2160	981,3	980,5	980,0		
122,2331	0,2223	981,4	980,5	980,1		
122,3164	0,2148	981,4	980,5	980,1		
122,3998	0,2181	981,3	980,5	979,9		
122,4831	0,2190	981,4	980,5	980,0		
122,5664	0,2198	981,4	980,6	980,1		
122,6498	0,2190	981,4	980,5	980,1		
122,7331	0,2156	981,4	980,5	980,1		
122,8164	0,2194	981,4	980,4	980,0		
122,8998	0,2181	981,3	980,5	980,0		
122,9831	0,2181	981,3	980,5	980,0		
123,0664	0,2290	981,4	980,4	980,0		
123,1498	0,2215	981,3	980,5	980,1		
123,2331	0,2219	981,3	980,5	980,0		
123,3164	0,2215	981,4	980,5	980,0		
123,3998	0,2261	981,5	980,6	980,3		
123,4831	0,2202	981,4	980,5	980,0		
123,5664	0,2210	981,2	980,4	980,0		
123,6498	0,2269	981,3	980,4	980,0		
123,7331	0,2194	981,4	980,5	980,1		
123,8164	0,2190	981,4	980,5	980,0		
123,8998	0,2252	981,4	980,5	980,0		
123,9831	0,2190	981,4	980,5	980,0		
124,0664	0,2215	981,3	980,4	980,0		
124,1498	0,2198	981,4	980,5	980,1		
124,2331	0,2223	981,3	980,4	980,0		
124,3164	0,2202	981,4	980,5	980,1		
124,3998	0,2248	981,3	980,5	980,1		
124,4831	0,2252	981,4	980,5	980,1		
124,5664	0,2261	981,3	980,6	980,2		
124,6498	0,2177	981,4	980,5	980,1		
124,7331	0,2265	981,4	980,4	980,0		
124,8164	0,2190	981,4	980,5	980,0		
124,8998	0,2307	981,3	980,4	980,0		
124,9831	0,2206	981,4	980,5	980,1		
125,0664	0,2181	981,3	980,4	980,0		
125,1498	0,2273	981,4	980,5	980,1		
125,2331	0,2240	981,3	980,5	980,0		
125,3164	0,2303	981,4	980,5	980,0		
125,3998	0,2198	981,4	980,5	980,1		
125,4831	0,2173	981,4	980,5	980,0		
125,5664	0,2181	981,4	980,5	980,0		
125,6498	0,2227	981,4	980,5	980,1		
125,7331	0,2231	981,4	980,5	980,0		
125,8164	0,2261	981,3	980,5	980,1		
125,8998	0,2236	981,3	980,5	980,0		
125,9831	0,2194	981,3	980,5	980,1		
126,0664	0,2290	981,4	980,5	980,1		
126,1498	0,2248	981,3	980,5	980,0		
126,2331	0,2248	981,3	980,5	980,1		
126,3164	0,2219	981,3	980,5	980,0		
126,3998	0,2257	981,3	980,5	979,9		
126,4831	0,2294	981,4	980,6	980,2		
126,5664	0,2194	981,4	980,5	980,0		
126,6498	0,2265	981,5	980,6	980,1		
126,7331	0,2148	981,4	980,5	980,0		
126,8164	0,2294	981,4	980,6	980,1		
126,8998	0,2282	981,4	980,6	980,2		
126,9831	0,2265	981,4	980,5	980,1		
127,0664	0,2202	981,4	980,5	980,1		
127,1498	0,2265	981,3	980,5	980,0		
127,2331	0,2290	981,4	980,4	980,1		
127,3164	0,2202	981,4	980,5	980,0		
127,3998	0,2294	981,3	980,5	980,0		
127,4831	0,2257	981,3	980,5	980,1		
127,5664	0,2231	981,4	980,5	980,1		
127,6498	0,2269	981,3	980,4	980,0		
127,7331	0,2215	981,3	980,5	980,1		
127,8164	0,2307	981,4	980,5	980,1		
127,8998	0,2299	981,3	980,5	980,0		
127,9831	0,2177	981,4	980,5	980,0		
128,0664	0,2206	981,3	980,4	980,0		
128,1498	0,2252	981,4	980,5	980,0		
128,2331	0,2244	981,3	980,5	980,1		
128,3164	0,2278	981,5	980,5	980,1		
128,3998	0,2269	981,3	980,5	980,1		
128,4831	0,2257	981,4	980,5	980,1		
128,5664	0,2273	981,3	980,5	980,1		
128,6498	0,2261	981,2	980,5	980,1		
128,7331	0,2324	981,4	980,5	980,1		
128,8164	0,2286	981,4	980,6	980,2		
128,8998	0,2269	981,4	980,5	980,0		
128,9831	0,2332	981,3	980,5	980,0		
129,0664	0,2286	981,3	980,5	980,0		
129,1498	0,2290	981,3	980,5	980,1		
129,2331	0,2315	981,4	980,5	980,0		
129,3164	0,2315	981,3	980,5	980,0		
129,3998	0,2265	981,4	980,5	980,1		
129,4831	0,2282	981,4	980,5	980,0		
129,5664	0,2240	981,4	980,5	980,0		
129,6498	0,2261	981,3	980,4	980,1		
129,7331	0,2261	981,4	980,6	980,1		
129,8164	0,2231	981,4	980,6	980,2		
129,8998	0,2328	981,3	980,5	980,1		
129,9831	0,2303	981,3	980,4	980,0		
130,0664	0,2324	981,4	980,5	980,0		
130,1498	0,2303	981,4	980,5	980,1		
130,2331	0,2345	981,3	980,5	980,0		
130,3164	0,2231	981,3	980,6	980,1		
130,3998	0,2361	981,4	980,5	980,1		
130,4831	0,2261	981,3	980,5	980,1		
130,5664	0,2257	981,3	980,5	980,1		
130,6498	0,2282	981,3	980,4	980,0		
130,7331	0,2273	981,3	980,5	980,0		
130,8164	0,2303	981,4	980,5	980,1		
130,8998	0,2278	981,3	980,4	980,0		
130,9831	0,2294	981,4	980,5	980,1		
131,0664	0,2273	981,3	980,5	980,0		
131,1498	0,2307	981,3	980,5	980,0		
131,2331	0,2320	981,3	980,5	980,0		
131,3164	0,2273	981,3	980,5	979,9		
131,3998	0,2231	981,4	980,5	980,0		
131,4831	0,2248	981,4	980,6	980,0		
131,5664	0,2278	981,4	980,5	980,0		
131,6498	0,2315	981,3	980,6	980,0		
131,7331	0,2240	981,3	980,5	980,1		
131,8164	0,2353	981,4	980,5	980,1		
131,8998	0,2257	981,3	980,5	979,9		
131,9831	0,2290	981,3	980,5	980,1		
132,0664	0,2336	981,4	980,5	980,1		
132,1498	0,2278	981,3	980,5	980,2		
132,2331	0,2261	981,4	980,6	980,1		
132,3164	0,2303	981,4	980,5	980,0		
132,3998	0,2349	981,5	980,6	980,1		
132,4831	0,2328	981,4	980,5	980,1		
132,5664	0,2357	981,3	980,5	980,0		
132,6498	0,2303	981,3	980,5	980,0		
132,7331	0,2311	981,3	980,5	980,1		
132,8164	0,2315	981,4	980,6	980,1		
132,8998	0,2349	981,4	980,6	980,1		
132,9831	0,2286	981,3	980,5	980,0		
133,0664	0,2307	981,3	980,5	980,1		
133,1498	0,2299	981,4	980,5	980,1		
133,2331	0,2328	981,4	980,6	980,1		
133,3164	0,2315	981,4	980,5	980,0		
133,3998	0,2315	981,4	980,6	980,0		
133,4831	0,2378	981,3	980,5	980,0		
133,5664	0,2366	981,3	980,5	980,1		
133,6498	0,2349	981,3	980,5	980,0		
133,7331	0,2328	981,3	980,5	980,1		
133,8164	0,2282	981,4	980,5	980,1		
133,8998	0,2315	981,4	980,5	980,1		
133,9831	0,2341	981,3	980,5	980,1		
134,0664	0,2324	981,3	980,5	980,0		
134,1498	0,2303	981,3	980,5	980,1		
134,2331	0,2387	981,4	980,5	980,1		
134,3164	0,2294	981,4	980,6	980,1		
134,3998	0,2336	981,4	980,5	980,0		
134,4831	0,2307	981,4	980,5	980,1		
134,5664	0,2378	981,3	980,5	980,0		
134,6498	0,2307	981,4	980,5	980,1		
134,7331	0,2328	981,4	980,6	980,1		
134,8164	0,2315	981,3	980,5	980,1		
134,8998	0,2408	981,3	980,5	980,1		
134,9831	0,2349	981,3	980,5	980,0		
135,0664	0,2370	981,3	980,4	979,9		
135,1498	0,2311	981,3	980,5	980,0		
135,2331	0,2328	981,3	980,5	980,0		
135,3164	0,2366	981,3	980,5	980,0		
135,3998	0,2290	981,3	980,5	980,0		
135,4831	0,2278	981,4	980,6	980,0		
135,5664	0,2332	981,3	980,5	980,0		
135,6498	0,2307	981,4	980,5	980,0		
135,7331	0,2341	981,3	980,5	980,0		
135,8164	0,2290	981,3	980,5	980,0		
135,8998	0,2349	981,3	980,4	980,0		
135,9831	0,2366	981,4	980,5	980,0		
136,0664	0,2332	981,3	980,5	980,1		
136,1498	0,2387	981,3	980,5	980,1		
136,2331	0,2391	981,3	980,5	980,1		
136,3164	0,2307	981,3	980,5	979,9		
136,3998	0,2357	981,4	980,5	980,0		
136,4831	0,2320	981,3	980,5	980,0		
136,5664	0,2353	981,3	980,5	980,0		
136,6498	0,2278	981,3	980,5	980,0		
136,7331	0,2286	981,3	980,5	980,0		
136,8164	0,2374	981,4	980,5	980,0		
136,8998	0,2399	981,4	980,5	980,1		
136,9831	0,2399	981,3	980,5	980,1		
137,0664	0,2336	981,3	980,5	980,0		
137,1498	0,2324	981,4	980,5	980,1		
137,2331	0,2311	981,4	980,5	980,0		
137,3164	0,2382	981,4	980,5	980,0		
137,3998	0,2391	981,3	980,4	979,9		
137,4831	0,2357	981,4	980,5	980,1		
137,5664	0,2357	981,3	980,5	980,1		
137,6498	0,2370	981,3	980,5	980,1		
137,7331	0,2361	981,3	980,5	980,0		
137,8164	0,2433	981,3	980,5	980,0		
137,8998	0,2366	981,4	980,5	980,0		
137,9831	0,2374	981,4	980,6	980,1		
138,0664	0,2378	981,5	980,5	980,0		
138,1498	0,2336	981,4	980,5	980,0		
138,2331	0,2391	981,3	980,5	980,0		
138,3164	0,2349	981,4	980,6	980,2		
138,3998	0,2378	981,4	980,5	980,1		
138,4831	0,2366	981,3	980,5	980,0		
138,5664	0,2307	981,3	980,5	980,1		
138,6498	0,2462	981,4	980,5	980,1		
138,7331	0,2412	981,3	980,6	980,1		
138,8164	0,2437	981,3	980,5	980,0		
138,8998	0,2437	981,3	980,6	980,1		
138,9831	0,2382	981,4	980,5	980,1		
139,0664	0,2378	981,2	980,5	980,0		
139,1498	0,2370	981,3	980,5	980,1		
139,2331	0,2437	981,4	980,5	980,0		
139,3164	0,2378	981,4	980,5	980,1		
139,3998	0,2391	981,3	980,5	980,0		
139,4831	0,2408	981,4	980,5	980,1		
139,5664	0,2445	981,3	980,5	980,0		
139,6498	0,2471	981,3	980,4	980,1		
139,7331	0,2378	981,3	980,5	980,0		
139,8164	0,2429	981,4	980,5	980,1		
139,8998	0,2361	981,3	980,5	980,1		
139,9831	0,2424	981,4	980,5	980,1		
140,0664	0,2387	981,3	980,5	980,1		
140,1498	0,2370	981,4	980,5	980,1		
140,2331	0,2403	981,4	980,5	980,1		
140,3164	0,2290	981,3	980,5	980,0		
140,3998	0,2387	981,3	980,4	980,0		
140,4831	0,2437	981,3	980,5	980,1		
140,5664	0,2433	981,3	980,6	980,2		
140,6498	0,2433	981,4	980,5	980,1		
140,7331	0,2361	981,3	980,5	980,1		
140,8164	0,2399	981,4	980,5	980,0		
140,8998	0,2341	981,4	980,5	980,0		
140,9831	0,2429	981,4	980,6	980,1		
141,0664	0,2370	981,4	980,6	980,1		
141,1498	0,2387	981,4	980,6	980,1		
141,2331	0,2382	981,4	980,5	980,1		
141,3164	0,2399	981,4	980,5	980,1		
141,3998	0,2387	981,3	980,5	980,0		
141,4831	0,2395	981,4	980,6	980,0		
141,5664	0,2458	981,3	980,6	980,1		
141,6498	0,2424	981,3	980,5	980,1		
141,7331	0,2437	981,3	980,4	980,0		
141,8164	0,2416	981,3	980,5	980,0		
141,8998	0,2387	981,4	980,5	980,0		
141,9831	0,2391	981,3	980,5	979,9		
142,0664	0,2399	981,3	980,5	980,0		
142,1498	0,2441	981,4	980,5	980,1		
142,2331	0,2378	981,4	980,5	980,1		
142,3164	0,2412	981,4	980,6	980,2		
142,3998	0,2437	981,4	980,5	980,0		
142,4831	0,2420	981,4	980,5	980,1		
142,5664	0,2412	981,3	980,5	979,9		
142,6498	0,2374	981,4	980,5	980,1		
142,7331	0,2374	981,4	980,5	979,9		
142,8164	0,2408	981,3	980,6	980,1		
142,8998	0,2416	981,3	980,4	980,0		
142,9831	0,2479	981,3	980,5	980,0		
143,0664	0,2429	981,3	980,5	980,1		
143,1498	0,2441	981,3	980,5	980,1		
143,2331	0,2429	981,3	980,5	980,1		
143,3164	0,2441	981,4	980,6	980,1		
143,3998	0,2412	981,3	980,5	980,0		
143,4831	0,2512	981,3	980,5	980,1		
143,5664	0,2466	981,3	980,5	980,0		
143,6498	0,2416	981,3	980,4	980,0		
143,7331	0,2496	981,3	980,5	980,0		
143,8164	0,2492	981,3	980,5	980,1		
143,8998	0,2387	981,3	980,5	980,0		
143,9831	0,2424	981,3	980,5	980,0		
144,0664	0,2345	981,3	980,5	980,0		
144,1498	0,2492	981,3	980,5	980,1		
144,2331	0,2458	981,4	980,6	980,1		
144,3164	0,2504	981,3	980,5	980,0		
144,3998	0,2450	981,3	980,4	980,0		
144,4831	0,2437	981,4	980,5	980,0		
144,5664	0,2466	981,3	980,5	980,0		
144,6498	0,2420	981,3	980,5	980,0		
144,7331	0,2471	981,3	980,5	980,1		
144,8164	0,2441	981,3	980,5	980,1		
144,8998	0,2471	981,3	980,4	979,9		
144,9831	0,2462	981,3	980,4	980,0		
145,0664	0,2445	981,3	980,4	980,0		
145,1498	0,2445	981,3	980,5	980,0		
145,2331	0,2471	981,2	980,5	980,0		
145,3164	0,2395	981,4	980,5	980,1		
145,3998	0,2450	981,4	980,5	980,1		
145,4831	0,2454	981,3	980,5	980,0		
145,5664	0,2521	981,3	980,5	980,1		
145,6498	0,2529	981,3	980,5	980,0		
145,7331	0,2487	981,3	980,4	980,0		
145,8164	0,2450	981,3	980,5	980,0		
145,8998	0,2512	981,4	980,6	980,1		
145,9831	0,2462	981,4	980,6	980,1		
146,0664	0,2441	981,4	980,5	980,0		
146,1498	0,2496	981,3	980,5	980,0		
146,2331	0,2466	981,3	980,5	980,0		
146,3164	0,2462	981,3	980,4	980,0		
146,3998	0,2450	981,4	980,5	980,0		
146,4831	0,2508	981,4	980,5	980,1		
146,5664	0,2483	981,4	980,6	980,2		
146,6498	0,2416	981,4	980,6	980,1		
146,7331	0,2471	981,4	980,6	980,1		
146,8164	0,2471	981,4	980,5	980,1		
146,8998	0,2496	981,4	980,5	980,2		
146,9831	0,2475	981,3	980,5	980,0		
147,0664	0,2433	981,4	980,5	980,0		
147,1498	0,2492	981,3	980,5	980,1		
147,2331	0,2487	981,3	980,5	980,1		
147,3164	0,2437	981,4	980,5	980,1		
147,3998	0,2492	981,5	980,5	980,0		
147,4831	0,2399	981,4	980,5	980,2		
147,5664	0,2471	981,4	980,6	980,1		
147,6498	0,2466	981,3	980,5	980,1		
147,7331	0,2521	981,3	980,5	980,0		
147,8164	0,2445	981,4	980,6	980,1		
147,8998	0,2429	981,4	980,6	980,2		
147,9831	0,2458	981,5	980,5	980,1		
148,0664	0,2517	981,4	980,5	980,1		
148,1498	0,2471	981,4	980,6	980,1		
148,2331	0,2429	981,4	980,6	980,1		
148,3164	0,2487	981,4	980,6	980,1		
148,3998	0,2466	981,4	980,5	980,0		
148,4831	0,2508	981,4	980,5	980,1		
148,5664	0,2504	981,4	980,6	980,1		
148,6498	0,2504	981,4	980,6	980,2		
148,7331	0,2492	981,4	980,5	979,9		
148,8164	0,2554	981,4	980,5	980,1		
148,8998	0,2571	981,3	980,5	980,1		
148,9831	0,2504	981,4	980,6	980,1		
149,0664	0,2475	981,3	980,5	980,1		
149,1498	0,2496	981,4	980,5	980,1		
149,2331	0,2521	981,4	980,5	980,1		
149,3164	0,2466	981,4	980,5	980,1		
149,3998	0,2508	981,3	980,5	980,1		
149,4831	0,2559	981,4	980,5	980,1		
149,5664	0,2554	981,4	980,6	980,2		
149,6498	0,2492	981,4	980,5	980,1		
149,7331	0,2500	981,4	980,5	980,1		
149,8164	0,2550	981,4	980,5	980,0		
149,8998	0,2559	981,4	980,5	980,0		
149,9831	0,2529	981,4	980,6	980,1		
150,0664	0,2471	981,4	980,6	980,1		
150,1498	0,2533	981,4	980,5	980,1		
150,2331	0,2529	981,4	980,5	980,1		
150,3164	0,2596	981,4	980,7	980,2		
150,3998	0,2554	981,4	980,6	980,2		
150,4831	0,2450	981,4	980,6	980,1		
150,5664	0,2483	981,4	980,6	980,1		
150,6498	0,2479	981,4	980,5	980,1		
150,7331	0,2479	981,3	980,6	980,1		
150,8164	0,2538	981,3	980,6	980,1		
150,8998	0,2567	981,4	980,6	980,1		
150,9831	0,2508	981,4	980,6	980,2		
151,0664	0,2580	981,4	980,5	980,1		
151,1498	0,2554	981,4	980,6	980,1		
151,2331	0,2584	981,3	980,5	980,1		
151,3164	0,2563	981,3	980,5	980,1		
151,3998	0,2596	981,4	980,6	980,1		
151,4831	0,2529	981,4	980,6	980,1		
151,5664	0,2525	981,3	980,5	980,1		
151,6498	0,2588	981,3	980,5	980,1		
151,7331	0,2500	981,4	980,5	980,0		
151,8164	0,2542	981,4	980,6	980,2		
151,8998	0,2584	981,3	980,6	980,1		
151,9831	0,2550	981,4	980,6	980,0		
152,0664	0,2550	981,3	980,5	980,0		
152,1498	0,2529	981,4	980,6	980,0		
152,2331	0,2554	981,4	980,5	980,1		
152,3164	0,2554	981,4	980,5	980,1		
152,3998	0,2580	981,3	980,5	980,1		
152,4831	0,2584	981,3	980,5	980,0		
152,5664	0,2563	981,4	980,5	980,0		
152,6498	0,2605	981,3	980,5	980,2		
152,7331	0,2542	981,4	980,6	980,2		
152,8164	0,2546	981,4	980,6	980,1		
152,8998	0,2563	981,3	980,5	980,1		
152,9831	0,2508	981,4	980,6	980,1		
153,0664	0,2546	981,4	980,5	980,1		
153,1498	0,2533	981,3	980,6	980,1		
153,2331	0,2580	981,4	980,5	980,1		
153,3164	0,2554	981,4	980,5	980,1		
153,3998	0,2609	981,4	980,6	980,2		
153,4831	0,2563	981,4	980,6	980,2		
153,5664	0,2550	981,4	980,5	980,1		
153,6498	0,2567	981,4	980,5	980,1		
153,7331	0,2584	981,4	980,5	980,1		
153,8164	0,2596	981,4	980,6	980,1		
153,8998	0,2571	981,4	980,6	980,1		
153,9831	0,2517	981,4	980,5	980,0		
154,0664	0,2492	981,4	980,5	980,0		
154,1498	0,2613	981,3	980,5	980,1		
154,2331	0,2533	981,3	980,5	980,0		
154,3164	0,2580	981,4	980,6	980,1		
154,3998	0,2525	981,4	980,6	980,1		
154,4831	0,2626	981,3	980,5	980,1		
154,5664	0,2512	981,5	980,7	980,3		
154,6498	0,2571	981,4	980,6	980,1		
154,7331	0,2554	981,4	980,6	980,1		
154,8164	0,2563	981,4	980,6	980,1		
154,8998	0,2580	981,3	980,5	980,1		
154,9831	0,2643	981,3	980,6	980,1		
155,0664	0,2605	981,3	980,5	980,0		
155,1498	0,2592	981,4	980,5	980,1		
155,2331	0,2617	981,4	980,6	980,1		
155,3164	0,2563	981,4	980,5	980,1		
155,3998	0,2512	981,3	980,5	980,0		
155,4831	0,2575	981,4	980,6	980,1		
155,5664	0,2596	981,3	980,5	980,1		
155,6498	0,2626	981,3	980,5	980,1		
155,7331	0,2525	981,3	980,5	980,1		
155,8164	0,2588	981,4	980,5	980,1		
155,8998	0,2580	981,5	980,6	980,2		
155,9831	0,2567	981,4	980,5	980,1		
156,0664	0,2575	981,3	980,5	979,9		
156,1498	0,2588	981,4	980,5	980,0		
156,2331	0,2630	981,3	980,5	980,1		
156,3164	0,2592	981,5	980,7	980,2		
156,3998	0,2563	981,4	980,5	980,1		
156,4831	0,2487	981,4	980,6	980,2		
156,5664	0,2546	981,4	980,6	980,1		
156,6498	0,2617	981,4	980,6	980,1		
156,7331	0,2622	981,3	980,5	980,1		
156,8164	0,2529	981,3	980,6	980,1		
156,8998	0,2563	981,3	980,6	980,1		
156,9831	0,2609	981,4	980,6	980,1		
157,0664	0,2701	981,4	980,6	980,1		
157,1498	0,2643	981,5	980,6	980,1		
157,2331	0,2567	981,3	980,5	979,9		
157,3164	0,2517	981,3	980,5	979,9		
157,3998	0,2538	981,3	980,6	980,2		
157,4831	0,2563	981,3	980,5	980,1		
157,5664	0,2592	981,3	980,5	980,1		
157,6498	0,2588	981,3	980,4	979,9		
157,7331	0,2580	981,4	980,6	980,1		
157,8164	0,2571	981,3	980,5	980,0		
157,8998	0,2630	981,3	980,6	980,1		
157,9831	0,2630	981,4	980,6	980,1		
158,0664	0,2601	981,4	980,6	980,2		
158,1498	0,2546	981,3	980,5	980,0		
158,2331	0,2605	981,3	980,5	980,0		
158,3164	0,2689	981,4	980,6	980,2		
158,3998	0,2571	981,4	980,6	980,1		
158,4831	0,2554	981,4	980,6	980,1		
158,5664	0,2580	981,4	980,6	980,1		
158,6498	0,2580	981,4	980,5	980,1		
158,7331	0,2668	981,5	980,6	980,2		
158,8164	0,2634	981,3	980,5	980,1		
158,8998	0,2596	981,4	980,6	980,1		
158,9831	0,2626	981,3	980,5	980,1		
159,0664	0,2630	981,3	980,5	980,1		
159,1498	0,2567	981,4	980,6	980,2		
159,2331	0,2638	981,4	980,6	980,1		
159,3164	0,2580	981,4	980,6	980,1		
159,3998	0,2668	981,3	980,5	980,0		
159,4831	0,2584	981,3	980,6	980,2		
159,5664	0,2630	981,3	980,6	980,1		
159,6498	0,2584	981,3	980,5	980,1		
159,7331	0,2580	981,5	980,6	980,2		
159,8164	0,2575	981,4	980,5	980,1		
159,8998	0,2634	981,4	980,5	980,1		
159,9831	0,2613	981,4	980,6	980,1		
160,0664	0,2663	981,3	980,6	980,1		
160,1498	0,2663	981,3	980,6	980,1		
160,2331	0,2630	981,3	980,6	980,1		
160,3164	0,2580	981,4	980,6	980,2		
160,3998	0,2571	981,4	980,6	980,1		
160,4831	0,2676	981,4	980,6	980,1		
160,5664	0,2580	981,4	980,6	980,2		
160,6498	0,2684	981,4	980,6	980,0		
160,7331	0,2643	981,4	980,5	980,1		
160,8164	0,2647	981,3	980,6	980,1		
160,8998	0,2605	981,4	980,6	980,2		
160,9831	0,2693	981,4	980,6	980,1		
161,0664	0,2580	981,5	980,6	980,2		
161,1498	0,2651	981,3	980,5	980,1		
161,2331	0,2617	981,3	980,5	980,1		
161,3164	0,2605	981,2	980,5	980,1		
161,3998	0,2655	981,4	980,5	980,1		
161,4831	0,2676	981,4	980,5	980,1		
161,5664	0,2622	981,4	980,6	980,1		
161,6498	0,2622	981,4	980,6	980,1		
161,7331	0,2638	981,3	980,6	980,2		
161,8164	0,2684	981,3	980,4	980,1		
161,8998	0,2655	981,4	980,5	980,0		
161,9831	0,2647	981,4	980,6	980,2		
162,0664	0,2722	981,3	980,5	980,2		
162,1498	0,2697	981,4	980,6	980,1		
162,2331	0,2659	981,4	980,5	980,0		
162,3164	0,2622	981,4	980,5	980,1		
162,3998	0,2693	981,4	980,7	980,3		
162,4831	0,2634	981,3	980,5	980,1		
162,5664	0,2605	981,4	980,6	980,1		
162,6498	0,2676	981,4	980,6	980,1		
162,7331	0,2655	981,4	980,6	980,1		
162,8164	0,2684	981,4	980,5	980,1		
162,8998	0,2655	981,4	980,6	980,1		
162,9831	0,2655	981,4	980,5	980,1		
163,0664	0,2643	981,4	980,6	980,2		
163,1498	0,2668	981,4	980,6	980,2		
163,2331	0,2705	981,4	980,5	980,1		
163,3164	0,2622	981,4	980,5	980,1		
163,3998	0,2676	981,4	980,6	980,1		
163,4831	0,2638	981,3	980,5	980,0		
163,5664	0,2626	981,3	980,5	980,1		
163,6498	0,2676	981,3	980,5	980,1		
163,7331	0,2689	981,3	980,5	980,1		
163,8164	0,2651	981,4	980,6	980,2		
163,8998	0,2680	981,4	980,5	980,2		
163,9831	0,2659	981,3	980,4	979,9		
164,0664	0,2676	981,3	980,6	980,1		
164,1498	0,2634	981,4	980,6	980,2		
164,2331	0,2722	981,4	980,6	980,1		
164,3164	0,2676	981,4	980,5	980,1		
164,3998	0,2655	981,4	980,6	980,1		
164,4831	0,2689	981,4	980,6	980,1		
164,5664	0,2710	981,3	980,5	980,1		
164,6498	0,2668	981,4	980,6	980,2		
164,7331	0,2647	981,3	980,6	980,2		
164,8164	0,2705	981,4	980,5	980,1		
164,8998	0,2705	981,4	980,5	980,1		
164,9831	0,2672	981,4	980,6	980,0		
165,0664	0,2676	981,3	980,5	980,1		
165,1498	0,2617	981,4	980,5	980,1		
165,2331	0,2752	981,4	980,5	980,1		
165,3164	0,2739	981,4	980,6	980,2		
165,3998	0,2601	981,4	980,6	980,1		
165,4831	0,2689	981,3	980,5	980,1		
165,5664	0,2668	981,3	980,5	980,1		
165,6498	0,2756	981,3	980,5	980,0		
165,7331	0,2773	981,3	980,6	980,2		
165,8164	0,2684	981,3	980,5	980,1		
165,8998	0,2710	981,3	980,6	980,1		
165,9831	0,2601	981,3	980,5	980,0		
166,0664	0,2680	981,4	980,6	980,2		
166,1498	0,2668	981,3	980,6	980,1		
166,2331	0,2705	981,3	980,5	980,1		
166,3164	0,2697	981,3	980,4	980,0		
166,3998	0,2747	981,4	980,6	980,2		
166,4831	0,2634	981,4	980,6	980,2		
166,5664	0,2722	981,4	980,5	980,1		
166,6498	0,2731	981,3	980,5	980,0		
166,7331	0,2693	981,5	980,6	980,1		
166,8164	0,2617	981,3	980,5	980,0		
166,8998	0,2789	981,4	980,6	980,2		
166,9831	0,2617	981,4	980,6	980,1		
167,0664	0,2710	981,4	980,6	980,2		
167,1498	0,2752	981,4	980,6	980,1		
167,2331	0,2739	981,3	980,6	980,1		
167,3164	0,2663	981,4	980,6	980,1		
167,3998	0,2735	981,4	980,5	980,1		
167,4831	0,2676	981,4	980,5	980,1		
167,5664	0,2672	981,4	980,5	980,1		
167,6498	0,2701	981,4	980,7	980,2		
167,7331	0,2752	981,3	980,5	980,1		
167,8164	0,2718	981,3	980,5	980,1		
167,8998	0,2752	981,3	980,6	980,1		
167,9831	0,2747	981,4	980,5	980,1		
168,0664	0,2785	981,5	980,5	980,1		
168,1498	0,2693	981,4	980,5	980,1		
168,2331	0,2764	981,4	980,6	980,1		
168,3164	0,2718	981,4	980,5	980,1		
168,3998	0,2764	981,4	980,5	980,0		
168,4831	0,2659	981,4	980,5	980,1		
168,5664	0,2722	981,3	980,5	980,0		
168,6498	0,2747	981,3	980,5	980,1		
168,7331	0,2773	981,4	980,5	980,1		
168,8164	0,2726	981,3	980,5	980,1		
168,8998	0,2731	981,4	980,6	980,1		
168,9831	0,2722	981,3	980,5	980,0		
169,0664	0,2743	981,3	980,6	980,1		
169,1498	0,2743	981,3	980,6	980,1		
169,2331	0,2756	981,4	980,6	980,1		
169,3164	0,2731	981,3	980,5	980,1		
169,3998	0,2773	981,4	980,5	980,1		
169,4831	0,2676	981,3	980,5	980,1		
169,5664	0,2622	981,4	980,5	980,1		
169,6498	0,2697	981,3	980,5	980,1		
169,7331	0,2760	981,4	980,5	980,1		
169,8164	0,2764	981,3	980,5	980,1		
169,8998	0,2739	981,3	980,5	980,0		
169,9831	0,2739	981,4	980,5	980,1		
170,0664	0,2739	981,4	980,6	980,1		
170,1498	0,2697	981,3	980,6	980,1		
170,2331	0,2739	981,4	980,6	980,2		
170,3164	0,2743	981,3	980,4	979,9		
170,3998	0,2777	981,4	980,6	980,2		
170,4831	0,2739	981,4	980,5	980,2		
170,5664	0,2752	981,3	980,5	980,1		
170,6498	0,2668	981,3	980,5	980,0		
170,7331	0,2710	981,3	980,4	980,0		
170,8164	0,2764	981,3	980,5	980,1		
170,8998	0,2747	981,4	980,6	980,2		
170,9831	0,2773	981,4	980,5	980,1		
171,0664	0,2731	981,4	980,6	980,2		
171,1498	0,2764	981,4	980,5	980,1		
171,2331	0,2726	981,3	980,5	980,1		
171,3164	0,2726	981,3	980,5	980,1		
171,3998	0,2752	981,3	980,5	980,0		
171,4831	0,2731	981,3	980,5	980,0		
171,5664	0,2768	981,4	980,5	980,1		
171,6498	0,2752	981,3	980,5	980,1		
171,7331	0,2773	981,4	980,5	980,0		
171,8164	0,2731	981,3	980,5	980,1		
171,8998	0,2806	981,3	980,5	980,1		
171,9831	0,2768	981,3	980,5	980,0		
172,0664	0,2827	981,4	980,5	980,0		
172,1498	0,2760	981,4	980,6	980,1		
172,2331	0,2756	981,4	980,5	980,1		
172,3164	0,2777	981,3	980,6	980,1		
172,3998	0,2689	981,3	980,5	980,1		
172,4831	0,2710	981,4	980,5	980,1		
172,5664	0,2718	981,3	980,5	980,0		
172,6498	0,2798	981,3	980,5	980,1		
172,7331	0,2735	981,4	980,5	980,1		
172,8164	0,2827	981,4	980,5	980,1		
172,8998	0,2785	981,3	980,5	980,1		
172,9831	0,2781	981,4	980,5	980,1		
173,0664	0,2814	981,3	980,5	980,1		
173,1498	0,2731	981,3	980,5	980,1		
173,2331	0,2794	981,4	980,5	980,1		
173,3164	0,2735	981,3	980,5	980,1		
173,3998	0,2785	981,3	980,4	979,9		
173,4831	0,2785	981,4	980,6	980,1		
173,5664	0,2781	981,4	980,5	980,0		
173,6498	0,2819	981,4	980,5	980,1		
173,7331	0,2840	981,4	980,5	980,0		
173,8164	0,2789	981,4	980,6	980,1		
173,8998	0,2726	981,2	980,4	980,0		
173,9831	0,2869	981,3	980,6	980,1		
174,0664	0,2781	981,3	980,6	980,1		
174,1498	0,2777	981,4	980,5	980,0		
174,2331	0,2777	981,4	980,5	980,0		
174,3164	0,2882	981,3	980,5	979,9		
174,3998	0,2823	981,4	980,5	980,1		
174,4831	0,2768	981,3	980,5	980,0		
174,5664	0,2819	981,3	980,6	980,3		
174,6498	0,2831	981,4	980,6	980,1		
174,7331	0,2752	981,4	980,6	980,1		
174,8164	0,2794	981,4	980,5	980,0		
174,8998	0,2794	981,3	980,5	980,1		
174,9831	0,2710	981,3	980,5	980,0		
175,0664	0,2773	981,3	980,6	980,1		
175,1498	0,2785	981,4	980,5	980,1		
175,2331	0,2802	981,4	980,5	980,0		
175,3164	0,2819	981,4	980,6	980,1		
175,3998	0,2768	981,3	980,5	979,9		
175,4831	0,2831	981,3	980,5	980,1		
175,5664	0,2794	981,3	980,5	980,0		
175,6498	0,2856	981,3	980,4	980,0		
175,7331	0,2814	981,3	980,5	980,1		
175,8164	0,2802	981,3	980,5	980,1		
175,8998	0,2764	981,4	980,6	980,1		
175,9831	0,2814	981,4	980,5	980,1		
176,0664	0,2810	981,4	980,5	980,1		
176,1498	0,2789	981,4	980,6	980,1		
176,2331	0,2814	981,4	980,5	980,1		
176,3164	0,2814	981,4	980,5	980,1		
176,3998	0,2835	981,3	980,5	980,1		
176,4831	0,2768	981,4	980,6	980,2		
176,5664	0,2869	981,3	980,5	980,1		
176,6498	0,2814	981,3	980,5	980,1		
176,7331	0,2802	981,3	980,5	980,1		
176,8164	0,2924	981,3	980,4	979,9		
176,8998	0,2823	981,4	980,5	980,1		
176,9831	0,2810	981,4	980,6	980,1		
177,0664	0,2865	981,3	980,4	980,0		
177,1498	0,2768	981,5	980,6	980,2		
177,2331	0,2856	981,3	980,4	979,9		
177,3164	0,2835	981,3	980,5	980,0		
177,3998	0,2760	981,4	980,6	980,2		
177,4831	0,2840	981,3	980,5	980,1		
177,5664	0,2827	981,3	980,6	980,2		
177,6498	0,2764	981,3	980,4	980,0		
177,7331	0,2773	981,4	980,5	980,0		
177,8164	0,2840	981,5	980,7	980,3		
177,8998	0,2848	981,4	980,5	980,0		
177,9831	0,2773	981,3	980,5	980,0		
178,0664	0,2785	981,4	980,5	980,1		
178,1498	0,2869	981,3	980,5	980,1		
178,2331	0,2856	981,3	980,5	980,1		
178,3164	0,2890	981,4	980,5	980,1		
178,3998	0,2819	981,3	980,5	980,1		
178,4831	0,2844	981,4	980,5	980,0		
178,5664	0,2777	981,4	980,5	980,1		
178,6498	0,2869	981,3	980,5	980,0		
178,7331	0,2873	981,3	980,5	980,1		
178,8165	0,2928	981,3	980,5	980,0		
178,8998	0,2865	981,4	980,6	980,1		
178,9831	0,2886	981,4	980,6	980,1		
179,0665	0,2814	981,4	980,6	980,1		
179,1498	0,2823	981,5	980,5	980,1		
179,2331	0,2873	981,4	980,5	980,0		
179,3165	0,2831	981,3	980,5	980,1		
179,3998	0,2865	981,3	980,5	980,0		
179,4831	0,2823	981,3	980,5	980,1		
179,5665	0,2827	981,4	980,5	980,0		
179,6498	0,2869	981,3	980,5	980,0		
179,7331	0,2852	981,3	980,5	980,1		
179,8165	0,2865	981,3	980,6	980,0		
179,8998	0,2861	981,4	980,5	980,1		
179,9831	0,2924	981,2	980,5	980,0		
180,0665	0,2835	981,4	980,5	980,2		
180,1498	0,2819	981,4	980,6	980,1		
180,2331	0,2831	981,4	980,5	980,1		
180,3165	0,2810	981,3	980,5	980,1		
180,3998	0,2915	981,3	980,4	980,0		
180,4831	0,2965	981,4	980,5	980,1		
180,5665	0,2898	981,3	980,5	980,1		
180,6498	0,2877	981,3	980,5	980,1		
180,7331	0,2856	981,4	980,6	980,1		
180,8165	0,2852	981,3	980,5	980,1		
180,8998	0,2861	981,4	980,5	980,1		
180,9831	0,2907	981,4	980,6	980,1		
181,0665	0,2907	981,4	980,5	980,1		
181,1498	0,2873	981,4	980,6	980,1		
181,2331	0,2873	981,4	980,5	980,0		
181,3165	0,2869	981,4	980,5	980,1		
181,3998	0,2898	981,3	980,6	980,2		
181,4831	0,2957	981,4	980,6	980,1		
181,5665	0,2898	981,3	980,6	980,1		
181,6498	0,2961	981,3	980,5	980,0		
181,7331	0,2865	981,4	980,6	980,1		
181,8165	0,2936	981,4	980,5	980,1		
181,8998	0,2890	981,3	980,5	980,0		
181,9831	0,2919	981,4	980,6	980,0		
182,0665	0,2856	981,4	980,6	980,1		
182,1498	0,2928	981,3	980,5	980,1		
182,2331	0,2915	981,3	980,5	980,0		
182,3165	0,2877	981,5	980,6	980,1		
182,3998	0,2907	981,4	980,5	980,1		
182,4831	0,2894	981,3	980,5	980,0		
182,5665	0,2882	981,3	980,5	980,0		
182,6498	0,2945	981,3	980,5	980,1		
182,7331	0,2903	981,4	980,6	980,0		
182,8165	0,2873	981,3	980,5	980,0		
182,8998	0,2886	981,4	980,5	980,1		
182,9831	0,2856	981,3	980,5	980,0		
183,0665	0,2856	981,4	980,6	980,1		
183,1498	0,2852	981,4	980,5	980,0		
183,2331	0,2928	981,4	980,5	980,1		
183,3165	0,2890	981,4	980,5	980,0		
183,3998	0,2894	981,4	980,5	980,1		
183,4831	0,2877	981,4	980,5	980,1		
183,5665	0,2919	981,4	980,6	980,1		
183,6498	0,2865	981,3	980,6	980,1		
183,7331	0,2894	981,3	980,5	980,1		
183,8165	0,2928	981,4	980,6	980,1		
183,8998	0,2840	981,3	980,5	980,1		
183,9831	0,2924	981,4	980,5	980,1		
184,0665	0,2907	981,4	980,5	980,0		
184,1498	0,2919	981,3	980,5	980,0		
184,2331	0,2877	981,3	980,5	980,1		
184,3165	0,2949	981,4	980,5	980,1		
184,3998	0,2957	981,4	980,6	980,1		
184,4831	0,3012	981,4	980,5	980,0		
184,5665	0,2957	981,4	980,5	980,0		
184,6498	0,2861	981,4	980,6	980,1		
184,7331	0,2957	981,3	980,5	980,1		
184,8165	0,2924	981,4	980,5	980,1		
184,8998	0,2844	981,4	980,6	980,1		
184,9831	0,2924	981,4	980,6	980,1		
185,0665	0,2911	981,3	980,5	980,1		
185,1498	0,2936	981,4	980,6	980,1		
185,2331	0,3012	981,4	980,6	980,1		
185,3165	0,2882	981,3	980,5	980,1		
185,3998	0,2928	981,3	980,5	980,0		
185,4831	0,2974	981,3	980,5	980,0		
185,5665	0,2974	981,3	980,6	980,2		
185,6498	0,2903	981,4	980,6	980,1		
185,7331	0,2953	981,4	980,6	980,1		
185,8165	0,2898	981,4	980,5	980,1		
185,8998	0,2865	981,4	980,6	980,1		
185,9831	0,2890	981,4	980,5	980,1		
186,0665	0,2974	981,4	980,6	980,1		
186,1498	0,2924	981,4	980,6	980,1		
186,2331	0,2957	981,4	980,5	980,0		
186,3165	0,3012	981,4	980,5	980,1		
186,3998	0,2924	981,3	980,5	980,1		
186,4831	0,2982	981,4	980,6	980,2		
186,5665	0,2991	981,4	980,6	980,1		
186,6498	0,2932	981,4	980,5	980,1		
186,7331	0,2999	981,4	980,5	980,1		
186,8165	0,2961	981,4	980,6	980,1		
186,8998	0,2957	981,4	980,6	980,1		
186,9831	0,2936	981,4	980,5	980,1		
187,0665	0,2965	981,3	980,6	980,1		
187,1498	0,2982	981,3	980,5	980,1		
187,2331	0,2932	981,4	980,6	980,1		
187,3165	0,2986	981,3	980,6	980,0		
187,3998	0,2970	981,2	980,5	980,1		
187,4831	0,2949	981,3	980,6	980,2		
187,5665	0,2995	981,4	980,5	980,0		
187,6498	0,2924	981,3	980,5	980,1		
187,7331	0,2928	981,3	980,5	980,0		
187,8165	0,3037	981,3	980,5	980,1		
187,8998	0,3028	981,3	980,5	980,0		
187,9831	0,2915	981,3	980,5	980,0		
188,0665	0,2982	981,4	980,6	980,1		
188,1498	0,2903	981,3	980,5	980,0		
188,2331	0,2898	981,3	980,5	980,0		
188,3165	0,2974	981,3	980,5	980,1		
188,3998	0,2995	981,3	980,5	980,1		
188,4831	0,3024	981,3	980,5	980,1		
188,5665	0,2894	981,5	980,6	980,2		
188,6498	0,2978	981,4	980,5	980,1		
188,7331	0,2915	981,4	980,5	980,0		
188,8165	0,2986	981,3	980,5	980,1		
188,8998	0,2974	981,3	980,5	980,2		
188,9831	0,2928	981,3	980,6	980,0		
189,0665	0,2919	981,3	980,5	980,1		
189,1498	0,2991	981,5	980,6	980,2		
189,2331	0,2995	981,4	980,6	980,2		
189,3165	0,2991	981,3	980,6	980,1		
189,3998	0,2978	981,2	980,5	980,0		
189,4831	0,2978	981,3	980,5	980,0		
189,5665	0,2953	981,4	980,5	980,0		
189,6498	0,2978	981,3	980,5	980,0		
189,7331	0,2949	981,3	980,6	980,1		
189,8165	0,2961	981,3	980,6	980,1		
189,8998	0,2919	981,3	980,5	980,1		
189,9831	0,2999	981,2	980,4	980,1		
190,0665	0,2986	981,4	980,5	980,1		
190,1498	0,2928	981,4	980,5	980,0		
190,2331	0,2957	981,3	980,5	980,0		
190,3165	0,2999	981,2	980,5	980,0		
190,3998	0,2999	981,3	980,5	980,1		
190,4831	0,3003	981,4	980,5	980,1		
190,5665	0,2957	981,4	980,5	980,0		
190,6498	0,2953	981,2	980,4	980,0		
190,7331	0,2945	981,3	980,5	980,0		
190,8165	0,3020	981,3	980,6	980,1		
190,8998	0,2961	981,3	980,5	980,1		
190,9831	0,3007	981,3	980,5	980,1		
191,0665	0,3016	981,3	980,5	980,1		
191,1498	0,2953	981,4	980,5	980,0		
191,2331	0,2970	981,3	980,5	980,0		
191,3165	0,2995	981,3	980,5	980,1		
191,3998	0,2974	981,2	980,5	980,0		
191,4831	0,3058	981,2	980,5	980,1		
191,5665	0,2953	981,3	980,5	980,1		
191,6498	0,2991	981,3	980,5	980,1		
191,7331	0,2974	981,3	980,4	980,0		
191,8165	0,2961	981,3	980,5	980,0		
191,8998	0,3020	981,3	980,5	980,0		
191,9831	0,2970	981,3	980,5	980,1		
192,0665	0,3012	981,3	980,5	980,1		
192,1498	0,2970	981,3	980,5	980,1		
192,2331	0,2991	981,3	980,5	980,2		
192,3165	0,2982	981,3	980,5	980,1		
192,3998	0,2970	981,4	980,7	980,2		
192,4831	0,2961	981,4	980,5	980,0		
192,5665	0,2974	981,4	980,6	980,1		
192,6498	0,2978	981,3	980,6	980,1		
192,7331	0,2995	981,3	980,5	980,1		
192,8165	0,3016	981,2	980,5	980,0		
192,8998	0,3037	981,3	980,5	980,1		
192,9831	0,3024	981,3	980,5	980,0		
193,0665	0,2970	981,3	980,5	980,0		
193,1498	0,3037	981,3	980,6	980,1		
193,2331	0,3033	981,3	980,5	980,0		
193,3165	0,3112	981,4	980,6	980,1		
193,3998	0,2978	981,4	980,6	980,1		
193,4831	0,3070	981,4	980,6	980,1		
193,5665	0,3016	981,4	980,6	980,1		
193,6498	0,2957	981,3	980,5	980,1		
193,7331	0,3116	981,3	980,5	980,1		
193,8165	0,3016	981,4	980,5	980,1		
193,8998	0,2945	981,3	980,5	980,0		
193,9831	0,2945	981,4	980,6	980,1		
194,0665	0,2974	981,3	980,6	980,0		
194,1498	0,3007	981,4	980,6	980,1		
194,2331	0,3037	981,4	980,5	980,1		
194,3165	0,2936	981,3	980,5	980,1		
194,3998	0,3033	981,3	980,5	980,0		
194,4831	0,3041	981,3	980,5	980,1		
194,5665	0,3087	981,3	980,5	980,1		
194,6498	0,3028	981,3	980,5	980,1		
194,7331	0,3049	981,3	980,6	980,2		
194,8165	0,3028	981,3	980,5	980,1		
194,8998	0,3066	981,3	980,5	980,1		
194,9831	0,3054	981,3	980,5	980,0		
195,0665	0,3062	981,4	980,6	980,2		
195,1498	0,2991	981,3	980,5	980,1		
195,2331	0,3045	981,3	980,6	980,1		
195,3165	0,3041	981,4	980,5	980,0		
195,3998	0,2970	981,4	980,6	980,1		
195,4831	0,3045	981,2	980,5	980,1		
195,5665	0,3037	981,4	980,5	980,1		
195,6498	0,3016	981,3	980,5	980,1		
195,7331	0,3070	981,3	980,5	980,0		
195,8165	0,3079	981,4	980,5	980,1		
195,8998	0,3033	981,3	980,6	980,1		
195,9831	0,3075	981,3	980,5	980,1		
196,0665	0,3066	981,4	980,5	980,1		
196,1498	0,3024	981,3	980,5	980,1		
196,2331	0,3041	981,4	980,6	980,1		
196,3165	0,3070	981,4	980,6	980,1		
196,3998	0,3049	981,5	980,6	980,1		
196,4831	0,3007	981,3	980,5	980,1		
196,5665	0,3087	981,4	980,6	980,1		
196,6498	0,3070	981,3	980,5	980,1		
196,7331	0,2953	981,4	980,5	980,1		
196,8165	0,3075	981,4	980,6	980,3		
196,8998	0,3058	981,3	980,5	980,1		
196,9831	0,3075	981,4	980,5	980,1		
197,0665	0,3054	981,3	980,6	980,2		
197,1498	0,3062	981,3	980,5	980,2		
197,2331	0,3049	981,4	980,6	980,1		
197,3165	0,3150	981,3	980,5	980,0		
197,3998	0,3066	981,3	980,6	980,1		
197,4831	0,3058	981,4	980,6	980,1		
197,5665	0,3041	981,4	980,6	980,1		
197,6498	0,3087	981,3	980,6	980,1		
197,7331	0,3108	981,4	980,6	980,2		
197,8165	0,3087	981,4	980,6	980,1		
197,8998	0,3066	981,4	980,5	980,1		
197,9831	0,3024	981,3	980,5	980,1		
198,0665	0,2961	981,3	980,5	980,0		
198,1498	0,3007	981,4	980,6	980,1		
198,2331	0,3041	981,4	980,6	980,0		
198,3165	0,3054	981,4	980,6	980,1		
198,3998	0,3070	981,5	980,6	980,2		
198,4831	0,3045	981,3	980,6	980,1		
198,5665	0,3075	981,3	980,5	980,1		
198,6498	0,3083	981,4	980,6	980,1		
198,7331	0,3041	981,3	980,5	980,2		
198,8165	0,3054	981,3	980,5	980,1		
198,8998	0,3028	981,3	980,5	980,1		
198,9831	0,3104	981,4	980,5	980,1		
199,0665	0,3062	981,4	980,6	980,2		
199,1498	0,3116	981,4	980,6	980,1		
199,2331	0,3137	981,4	980,6	980,1		
199,3165	0,3062	981,4	980,6	980,1		
199,3998	0,3121	981,4	980,5	980,0		
199,4831	0,3104	981,3	980,6	980,2		
199,5665	0,3091	981,4	980,6	980,1		
199,6498	0,3058	981,4	980,6	980,1		
199,7331	0,3037	981,4	980,6	980,1		
199,8165	0,3054	981,3	980,5	980,1		
199,8998	0,3012	981,3	980,5	980,0		
199,9831	0,3028	981,4	980,6	980,0		
200,0665	0,2991	981,4	980,6	980,0		
200,1498	0,3096	981,4	980,6	980,1		
200,2331	0,3062	981,3	980,5	980,0		
200,3165	0,3020	981,4	980,6	980,2		
200,3998	0,3104	981,3	980,6	980,1		
200,4831	0,3096	981,4	980,5	980,1		
200,5665	0,3062	981,4	980,6	980,2		
200,6498	0,3142	981,3	980,5	980,1		
200,7331	0,3112	981,3	980,6	980,1		
200,8165	0,3066	981,4	980,6	980,2		
200,8998	0,3041	981,3	980,6	980,2		
200,9831	0,3058	981,4	980,6	980,2		
201,0665	0,3112	981,4	980,6	980,1		
201,1498	0,3104	981,4	980,6	980,1		
201,2331	0,3091	981,4	980,6	980,1		
201,3165	0,3033	981,3	980,7	980,2		
201,3998	0,3062	981,3	980,6	980,1		
201,4831	0,3146	981,3	980,6	980,2		
201,5665	0,3116	981,4	980,6	980,1		
201,6498	0,3150	981,4	980,6	980,2		
201,7331	0,3137	981,3	980,6	980,2		
201,8165	0,3091	981,4	980,6	980,2		
201,8998	0,3096	981,4	980,6	980,2		
201,9831	0,3179	981,4	980,6	980,0		
202,0665	0,3112	981,5	980,6	980,1		
202,1498	0,3058	981,4	980,5	980,1		
202,2331	0,3112	981,4	980,6	980,2		
202,3165	0,3150	981,3	980,6	980,2		
202,3998	0,3096	981,4	980,6	980,2		
202,4831	0,3146	981,4	980,5	980,1		
202,5665	0,3116	981,4	980,6	980,1		
202,6498	0,3087	981,3	980,5	980,0		
202,7331	0,3142	981,4	980,6	980,1		
202,8165	0,3104	981,4	980,7	980,2		
202,8998	0,3137	981,4	980,6	980,1		
202,9831	0,3100	981,3	980,5	980,1		
203,0665	0,3070	981,3	980,6	980,2		
203,1498	0,3142	981,3	980,6	980,1		
203,2331	0,3188	981,3	980,6	980,1		
203,3165	0,3041	981,4	980,6	980,1		
203,3998	0,3217	981,4	980,5	980,1		
203,4831	0,3137	981,3	980,6	980,1		
203,5665	0,3066	981,4	980,6	980,1		
203,6498	0,3108	981,3	980,5	980,1		
203,7331	0,3062	981,3	980,6	980,2		
203,8165	0,3116	981,3	980,6	980,1		
203,8998	0,3121	981,4	980,6	980,1		
203,9831	0,3129	981,4	980,6	980,2		
204,0665	0,3158	981,3	980,5	980,1		
204,1498	0,3075	981,4	980,6	980,0		
204,2331	0,3192	981,4	980,7	980,2		
204,3165	0,3158	981,4	980,6	980,1		
204,3998	0,3033	981,4	980,6	980,1		
204,4831	0,3133	981,4	980,6	980,1		
204,5665	0,3104	981,4	980,6	980,1		
204,6498	0,3146	981,4	980,5	980,2		
204,7331	0,3154	981,2	980,5	980,0		
204,8165	0,3096	981,4	980,6	980,2		
204,8998	0,3167	981,3	980,6	980,2		
204,9831	0,3112	981,3	980,6	980,2		
205,0665	0,3108	981,3	980,6	980,1		
205,1498	0,3163	981,4	980,6	980,1		
205,2331	0,3154	981,4	980,5	980,0		
205,3165	0,3108	981,3	980,6	980,1		
205,3998	0,3175	981,4	980,6	980,1		
205,4831	0,3137	981,4	980,6	980,2		
205,5665	0,3150	981,4	980,6	980,2		
205,6498	0,3171	981,4	980,6	980,2		
205,7331	0,3133	981,3	980,6	980,1		
205,8165	0,3158	981,4	980,7	980,1		
205,8998	0,3070	981,4	980,6	980,1		
205,9831	0,3125	981,4	980,6	980,2		
206,0665	0,3133	981,4	980,6	980,1		
206,1498	0,3125	981,5	980,7	980,3		
206,2331	0,3242	981,4	980,6	980,2		
206,3165	0,3112	981,4	980,5	980,1		
206,3998	0,3087	981,4	980,6	980,1		
206,4831	0,3200	981,4	980,6	980,2		
206,5665	0,3209	981,3	980,6	980,1		
206,6498	0,3112	981,4	980,6	980,1		
206,7331	0,3129	981,4	980,6	980,2		
206,8165	0,3234	981,4	980,6	980,1		
206,8998	0,3028	981,5	980,6	980,2		
206,9831	0,3125	981,4	980,6	980,2		
207,0665	0,3087	981,3	980,6	980,1		
207,1498	0,3175	981,4	980,6	980,1		
207,2331	0,3209	981,4	980,6	980,1		
207,3165	0,3234	981,4	980,6	980,2		
207,3998	0,3150	981,5	980,7	980,3		
207,4831	0,3054	981,4	980,5	980,2		
207,5665	0,3158	981,4	980,6	980,1		
207,6498	0,3062	981,4	980,6	980,2		
207,7331	0,3112	981,4	980,5	980,0		
207,8165	0,3112	981,4	980,6	980,1		
207,8998	0,3142	981,4	980,6	980,2		
207,9831	0,3171	981,4	980,6	980,1		
208,0665	0,3175	981,4	980,6	980,2		
208,1498	0,3205	981,5	980,6	980,2		
208,2331	0,3154	981,4	980,6	980,2		
208,3165	0,3125	981,4	980,6	980,2		
208,3998	0,3075	981,3	980,6	980,1		
208,4831	0,3209	981,3	980,5	980,1		
208,5665	0,3104	981,4	980,6	980,1		
208,6498	0,3142	981,4	980,6	980,2		
208,7331	0,3079	981,3	980,5	980,1		
208,8165	0,3150	981,4	980,6	980,2		
208,8998	0,3100	981,3	980,6	980,1		
208,9831	0,3083	981,4	980,6	980,2		
209,0665	0,3175	981,4	980,6	980,2		
209,1498	0,3163	981,3	980,6	980,1		
209,2331	0,3171	981,3	980,6	980,2		
209,3165	0,3116	981,4	980,6	980,2		
209,3998	0,3125	981,4	980,7	980,2		
209,4831	0,3125	981,3	980,6	980,1		
209,5665	0,3121	981,4	980,6	980,2		
209,6498	0,3137	981,4	980,6	980,1		
209,7331	0,3125	981,4	980,6	980,2		
209,8165	0,3133	981,4	980,6	980,2		
209,8998	0,3137	981,4	980,6	980,3		
209,9831	0,3150	981,4	980,6	980,2		
210,0665	0,3146	981,4	980,6	980,2		
210,1498	0,3133	981,4	980,6	980,1		
210,2331	0,3230	981,4	980,6	980,1		
210,3165	0,3129	981,4	980,6	980,2		
210,3998	0,3108	981,3	980,5	980,1		
210,4831	0,3083	981,4	980,6	980,2		
210,5665	0,3146	981,3	980,6	980,1		
210,6498	0,3096	981,3	980,6	980,1		
210,7331	0,3171	981,4	980,6	980,1		
210,8165	0,3171	981,3	980,6	980,2		
210,8998	0,3154	981,3	980,6	980,1		
210,9831	0,3125	981,4	980,6	980,1		
211,0665	0,3188	981,4	980,6	980,2		
211,1498	0,3158	981,4	980,6	980,1		
211,2331	0,3146	981,4	980,6	980,1		
211,3165	0,3142	981,4	980,6	980,2		
211,3998	0,3133	981,3	980,6	980,2		
211,4831	0,3158	981,4	980,6	980,1		
211,5665	0,3108	981,4	980,6	980,1		
211,6498	0,3121	981,5	980,6	980,1		
211,7331	0,3154	981,3	980,6	980,1		
211,8165	0,3167	981,4	980,5	980,0		
211,8998	0,3167	981,4	980,6	980,2		
211,9831	0,3196	981,4	980,6	980,2		
212,0665	0,3226	981,4	980,6	980,2		
212,1498	0,3167	981,4	980,6	980,2		
212,2331	0,3175	981,4	980,6	980,1		
212,3165	0,3146	981,3	980,5	980,1		
212,3998	0,3104	981,3	980,6	980,1		
212,4831	0,3150	981,4	980,5	980,1		
212,5665	0,3137	981,4	980,6	980,2		
212,6498	0,3167	981,4	980,5	980,1		
212,7331	0,3196	981,2	980,5	980,1		
212,8165	0,3154	981,2	980,5	980,1		
212,8998	0,3179	981,3	980,5	980,1		
212,9831	0,3150	981,3	980,6	980,2		
213,0665	0,3163	981,3	980,5	980,1		
213,1498	0,3171	981,4	980,6	980,1		
213,2331	0,3184	981,4	980,6	980,2		
213,3165	0,3230	981,3	980,5	980,0		
213,3998	0,3146	981,7	980,8	980,3		
213,4831	0,3238	981,2	980,4	980,1		
213,5665	0,3188	981,3	980,5	980,2		
213,6498	0,3255	981,3	980,5	980,1		
213,7331	0,3238	981,3	980,5	980,2		
213,8165	0,3184	981,4	980,5	980,1		
213,8998	0,3146	981,4	980,6	980,1		
213,9831	0,3175	981,3	980,6	980,1		
214,0665	0,3167	981,4	980,6	980,1		
214,1498	0,3179	981,3	980,5	980,1		
214,2331	0,3179	981,4	980,5	980,1		
214,3165	0,3234	981,3	980,6	980,1		
214,3998	0,3175	981,4	980,6	980,2		
214,4831	0,3196	981,4	980,6	980,1		
214,5665	0,3146	981,3	980,5	980,1		
214,6498	0,3188	981,3	980,5	980,0		
214,7331	0,3217	981,4	980,5	980,1		
214,8165	0,3133	981,4	980,5	980,1		
214,8998	0,3158	981,3	980,5	980,0		
214,9831	0,3196	981,3	980,5	980,1		
215,0665	0,3184	981,3	980,5	980,1		
215,1498	0,3272	981,3	980,6	980,1		
215,2331	0,3150	981,3	980,5	980,1		
215,3165	0,3196	981,2	980,4	980,0		
215,3998	0,3121	981,3	980,5	980,0		
215,4831	0,3179	981,3	980,5	980,1		
215,5665	0,3213	981,3	980,5	980,1		
215,6498	0,3288	981,3	980,5	980,1		
215,7331	0,3288	981,3	980,5	980,1		
215,8165	0,3175	981,4	980,6	980,2		
215,8998	0,3179	981,4	980,5	980,1		
215,9831	0,3196	981,3	980,5	980,0		
216,0665	0,3129	981,3	980,5	980,2		
216,1498	0,3154	981,3	980,5	980,1		
216,2331	0,3196	981,3	980,6	980,1		
216,3165	0,3226	981,3	980,5	980,1		
216,3998	0,3179	981,4	980,6	980,2		
216,4831	0,3167	981,4	980,5	980,2		
216,5665	0,3171	981,3	980,5	980,0		
216,6498	0,3221	981,3	980,5	980,1		
216,7331	0,3238	981,2	980,5	980,1		
216,8165	0,3247	981,2	980,5	980,1		
216,8998	0,3251	981,3	980,6	980,2		
216,9831	0,3209	981,3	980,5	980,1		
217,0665	0,3163	981,4	980,5	980,1		
217,1498	0,3184	981,4	980,5	980,1		
217,2331	0,3267	981,3	980,6	980,0		
217,3165	0,3242	981,4	980,6	980,2		
217,3998	0,3226	981,3	980,5	980,1		
217,4831	0,3192	981,3	980,5	980,2		
217,5665	0,3263	981,4	980,6	980,2		
217,6498	0,3301	981,3	980,5	980,1		
217,7331	0,3230	981,4	980,6	980,2		
217,8165	0,3171	981,4	980,6	980,2		
217,8998	0,3234	981,3	980,6	980,2		
217,9831	0,3213	981,3	980,6	980,1		
218,0665	0,3192	981,4	980,5	980,1		
218,1498	0,3112	981,3	980,6	980,0		
218,2331	0,3188	981,4	980,6	980,0		
218,3165	0,3217	981,3	980,6	980,1		
218,3998	0,3230	981,3	980,5	980,0		
218,4831	0,3234	981,3	980,5	980,1		
218,5665	0,3276	981,3	980,5	980,1		
218,6498	0,3200	981,4	980,6	980,1		
218,7331	0,3217	981,3	980,5	980,0		
218,8165	0,3259	981,3	980,5	980,1		
218,8998	0,3192	981,4	980,6	980,2		
218,9831	0,3267	981,5	980,6	980,2		
219,0665	0,3200	981,2	980,4	980,0		
219,1498	0,3251	981,3	980,5	980,1		
219,2331	0,3251	981,3	980,5	980,1		
219,3165	0,3234	981,3	980,5	980,1		
219,3998	0,3259	981,3	980,6	980,1		
219,4831	0,3247	981,4	980,6	980,2		
219,5665	0,3142	981,4	980,6	980,2		
219,6498	0,3167	981,5	980,7	980,2		
219,7331	0,3209	981,4	980,6	980,1		
219,8165	0,3247	981,2	980,5	980,1		
219,8998	0,3251	981,3	980,5	980,0		
219,9831	0,3263	981,3	980,5	980,1		
220,0665	0,3226	981,3	980,6	980,2		
220,1498	0,3309	981,3	980,5	980,1		
220,2331	0,3259	981,4	980,6	980,1		
220,3165	0,3200	981,4	980,6	980,1		
220,3998	0,3234	981,3	980,5	980,1		
220,4831	0,3284	981,3	980,5	980,1		
220,5665	0,3213	981,3	980,5	980,1		
220,6498	0,3288	981,3	980,5	980,2		
220,7331	0,3276	981,4	980,6	980,2		
220,8165	0,3280	981,3	980,5	980,1		
220,8998	0,3209	981,4	980,5	980,1		
220,9831	0,3247	981,4	980,6	980,1		
221,0665	0,3221	981,3	980,5	980,1		
221,1498	0,3242	981,3	980,4	980,1		
221,2331	0,3263	981,3	980,5	980,1		
221,3165	0,3263	981,3	980,5	980,1		
221,3998	0,3322	981,3	980,6	980,1		
221,4831	0,3247	981,3	980,5	980,1		
221,5665	0,3267	981,4	980,6	980,1		
221,6498	0,3263	981,4	980,5	980,0		
221,7331	0,3251	981,3	980,5	980,1		
221,8165	0,3196	981,4	980,6	980,2		
221,8998	0,3272	981,4	980,6	980,2		
221,9831	0,3259	981,3	980,6	980,2		
222,0665	0,3326	981,3	980,5	980,1		
222,1498	0,3247	981,3	980,5	980,1		
222,2331	0,3179	981,4	980,6	980,1		
222,3165	0,3280	981,2	980,5	980,0		
222,3998	0,3309	981,3	980,5	980,1		
222,4831	0,3255	981,3	980,6	980,2		
222,5665	0,3284	981,3	980,5	980,1		
222,6498	0,3242	981,4	980,6	980,1		
222,7331	0,3305	981,3	980,5	980,1		
222,8165	0,3356	981,3	980,6	980,1		
222,8998	0,3213	981,3	980,5	980,1		
222,9831	0,3318	981,3	980,5	980,1		
223,0665	0,3188	981,3	980,5	980,1		
223,1498	0,3221	981,3	980,4	979,9		
223,2331	0,3284	981,4	980,6	980,0		
223,3165	0,3259	981,4	980,6	980,0		
223,3998	0,3196	981,3	980,5	980,0		
223,4831	0,3301	981,3	980,6	980,2		
223,5665	0,3247	981,3	980,6	980,1		
223,6498	0,3263	981,3	980,5	980,0		
223,7331	0,3272	981,4	980,5	980,1		
223,8165	0,3192	981,4	980,6	980,1		
223,8998	0,3318	981,4	980,5	980,1		
223,9831	0,3288	981,3	980,5	980,1		
224,0665	0,3213	981,3	980,6	980,2		
224,1498	0,3293	981,3	980,5	980,1		
224,2331	0,3267	981,3	980,5	980,1		
224,3165	0,3276	981,3	980,5	980,1		
224,3998	0,3288	981,3	980,6	980,2		
224,4831	0,3234	981,3	980,5	980,1		
224,5665	0,3293	981,3	980,5	980,0		
224,6498	0,3293	981,3	980,5	980,0		
224,7331	0,3276	981,4	980,5	980,1		
224,8165	0,3301	981,4	980,6	980,2		
224,8998	0,3259	981,2	980,5	980,1		
224,9831	0,3301	981,3	980,5	980,0		
225,0665	0,3301	981,3	980,5	980,1		
225,1498	0,3318	981,3	980,5	980,1		
225,2331	0,3322	981,4	980,6	980,1		
225,3165	0,3263	981,4	980,6	980,2		
225,3998	0,3318	981,3	980,5	980,0		
225,4831	0,3305	981,4	980,6	980,1		
225,5665	0,3242	981,3	980,5	980,1		
225,6498	0,3263	981,3	980,6	980,1		
225,7331	0,3288	981,3	980,6	980,1		
225,8165	0,3288	981,3	980,5	980,2		
225,8998	0,3247	981,3	980,6	980,1		
225,9831	0,3280	981,4	980,6	980,2		
226,0665	0,3301	981,4	980,6	980,2		
226,1498	0,3335	981,3	980,5	980,0		
226,2331	0,3314	981,4	980,5	980,0		
226,3165	0,3322	981,3	980,5	980,1		
226,3998	0,3301	981,4	980,6	980,2		
226,4831	0,3293	981,3	980,5	980,1		
226,5665	0,3318	981,3	980,5	980,1		
226,6498	0,3276	981,4	980,6	980,3		
226,7331	0,3339	981,4	980,6	980,1		
226,8165	0,3272	981,4	980,6	980,1		
226,8998	0,3351	981,3	980,5	980,0		
226,9831	0,3267	981,3	980,5	980,1		
227,0665	0,3247	981,3	980,6	980,2		
227,1498	0,3339	981,4	980,6	980,1		
227,2331	0,3309	981,4	980,5	980,1		
227,3165	0,3343	981,3	980,5	980,1		
227,3998	0,3335	981,3	980,5	980,1		
227,4831	0,3301	981,4	980,5	980,2		
227,5665	0,3297	981,4	980,6	980,1		
227,6498	0,3305	981,4	980,6	980,1		
227,7331	0,3309	981,4	980,6	980,2		
227,8165	0,3326	981,4	980,6	980,2		
227,8998	0,3284	981,2	980,5	980,1		
227,9831	0,3221	981,3	980,5	980,0		
228,0665	0,3272	981,4	980,6	980,1		
228,1498	0,3297	981,2	980,5	980,0		
228,2331	0,3309	981,3	980,6	980,1		
228,3165	0,3301	981,3	980,5	980,2		
228,3998	0,3318	981,3	980,5	980,1		
228,4831	0,3288	981,3	980,5	980,1		
228,5665	0,3330	981,4	980,6	980,1		
228,6498	0,3356	981,4	980,6	980,1		
228,7331	0,3339	981,3	980,6	980,1		
228,8165	0,3288	981,4	980,5	980,0		
228,8998	0,3343	981,3	980,5	980,1		
228,9831	0,3339	981,4	980,6	980,1		
229,0665	0,3377	981,3	980,5	980,1		
229,1498	0,3272	981,3	980,5	980,0		
229,2331	0,3301	981,3	980,5	980,1		
229,3165	0,3255	981,4	980,6	980,2		
229,3998	0,3318	981,3	980,5	980,1		
229,4831	0,3263	981,4	980,6	980,2		
229,5665	0,3284	981,3	980,5	980,1		
229,6498	0,3242	981,4	980,6	980,1		
229,7331	0,3272	981,5	980,6	980,2		
229,8165	0,3322	981,4	980,6	980,2		
229,8998	0,3318	981,3	980,5	980,1		
229,9831	0,3364	981,3	980,5	980,2		
230,0665	0,3335	981,3	980,5	980,1		
230,1498	0,3351	981,4	980,6	980,2		
230,2331	0,3347	981,4	980,5	980,1		
230,3165	0,3322	981,3	980,6	980,1		
230,3998	0,3347	981,3	980,6	980,2		
230,4831	0,3322	981,3	980,5	980,1		
230,5665	0,3322	981,4	980,6	980,2		
230,6498	0,3326	981,3	980,5	980,1		
230,7331	0,3280	981,4	980,5	980,2		
230,8165	0,3238	981,3	980,6	980,2		
230,8998	0,3242	981,3	980,6	980,0		
230,9831	0,3335	981,4	980,5	980,1		
231,0665	0,3217	981,4	980,6	980,1		
231,1498	0,3322	981,4	980,5	980,0		
231,2331	0,3309	981,4	980,6	980,1		
231,3165	0,3314	981,3	980,6	980,1		
231,3998	0,3398	981,4	980,6	980,1		
231,4831	0,3381	981,3	980,5	980,1		
231,5665	0,3347	981,3	980,6	980,1		
231,6498	0,3330	981,3	980,5	980,1		
231,7331	0,3314	981,3	980,5	980,0		
231,8165	0,3335	981,3	980,5	980,0		
231,8998	0,3322	981,3	980,5	980,0		
231,9831	0,3326	981,3	980,5	980,1		
232,0665	0,3347	981,3	980,5	980,1		
232,1498	0,3284	981,3	980,6	980,1		
232,2331	0,3398	981,4	980,6	980,2		
232,3165	0,3385	981,4	980,5	980,1		
232,3998	0,3343	981,4	980,6	980,2		
232,4831	0,3402	981,4	980,5	980,1		
232,5665	0,3347	981,4	980,6	980,1		
232,6498	0,3356	981,4	980,5	980,1		
232,7331	0,3322	981,3	980,5	980,0		
232,8165	0,3280	981,3	980,5	980,0		
232,8998	0,3339	981,3	980,5	980,1		
232,9831	0,3368	981,3	980,5	980,1		
233,0665	0,3330	981,4	980,6	980,1		
233,1498	0,3301	981,4	980,6	980,0		
233,2331	0,3343	981,3	980,5	980,1		
233,3165	0,3305	981,3	980,5	980,1		
233,3998	0,3301	981,3	980,5	980,1		
233,4831	0,3351	981,3	980,5	980,1		
233,5665	0,3393	981,3	980,5	980,1		
233,6498	0,3381	981,4	980,5	980,1		
233,7331	0,3356	981,3	980,5	980,1		
233,8165	0,3293	981,4	980,6	980,2		
233,8998	0,3318	981,3	980,5	980,1		
233,9831	0,3360	981,4	980,6	980,2		
234,0665	0,3368	981,3	980,5	980,1		
234,1498	0,3351	981,4	980,5	980,2		
234,2331	0,3377	981,4	980,6	980,2		
234,3165	0,3414	981,3	980,5	980,2		
234,3998	0,3326	981,4	980,6	980,1		
234,4831	0,3347	981,4	980,5	980,1		
234,5665	0,3389	981,4	980,6	980,2		
234,6498	0,3427	981,4	980,6	980,1		
234,7331	0,3330	981,3	980,5	980,1		
234,8165	0,3343	981,4	980,6	980,2		
234,8998	0,3377	981,4	980,6	980,1		
234,9831	0,3356	981,4	980,5	980,1		
235,0665	0,3398	981,4	980,5	980,1		
235,1498	0,3322	981,3	980,6	980,1		
235,2331	0,3360	981,4	980,5	980,1		
235,3165	0,3389	981,4	980,6	980,1		
235,3998	0,3381	981,3	980,5	980,1		
235,4831	0,3402	981,4	980,6	980,1		
235,5665	0,3330	981,4	980,6	980,2		
235,6498	0,3452	981,4	980,6	980,2		
235,7331	0,3389	981,3	980,5	980,1		
235,8165	0,3377	981,3	980,6	980,1		
235,8998	0,3389	981,4	980,6	980,2		
235,9831	0,3368	981,3	980,6	980,1		
236,0665	0,3389	981,3	980,5	980,2		
236,1498	0,3410	981,5	980,6	980,3		
236,2331	0,3326	981,4	980,6	980,2		
236,3165	0,3335	981,4	980,6	980,2		
236,3998	0,3377	981,3	980,5	980,1		
236,4831	0,3356	981,4	980,6	980,2		
236,5665	0,3381	981,4	980,6	980,2		
236,6498	0,3398	981,4	980,5	980,1		
236,7331	0,3423	981,3	980,6	980,2		
236,8165	0,3385	981,4	980,6	980,2		
236,8998	0,3330	981,4	980,5	980,1		
236,9831	0,3368	981,4	980,5	980,1		
237,0665	0,3372	981,4	980,6	980,1		
237,1498	0,3469	981,4	980,5	980,1		
237,2331	0,3347	981,3	980,6	980,1		
237,3165	0,3372	981,4	980,5	980,1		
237,3998	0,3398	981,4	980,6	980,2		
237,4831	0,3335	981,3	980,6	980,1		
237,5665	0,3330	981,5	980,6	980,1		
237,6498	0,3393	981,4	980,6	980,1		
237,7331	0,3389	981,3	980,5	980,1		
237,8165	0,3356	981,4	980,6	980,2		
237,8998	0,3356	981,3	980,5	980,2		
237,9831	0,3335	981,4	980,6	980,1		
238,0665	0,3385	981,4	980,5	980,0		
238,1498	0,3372	981,3	980,6	980,1		
238,2331	0,3372	981,3	980,5	980,2		
238,3165	0,3406	981,3	980,5	980,2		
238,3998	0,3385	981,3	980,6	980,2		
238,4831	0,3398	981,3	980,5	980,1		
238,5665	0,3360	981,4	980,6	980,1		
238,6498	0,3360	981,4	980,6	980,2		
238,7331	0,3410	981,4	980,6	980,1		
238,8165	0,3456	981,3	980,5	980,1		
238,8998	0,3377	981,3	980,6	980,1		
238,9831	0,3418	981,3	980,6	980,1		
239,0665	0,3356	981,3	980,5	980,1		
239,1498	0,3368	981,3	980,5	980,1		
239,2331	0,3377	981,4	980,5	980,1		
239,3165	0,3351	981,4	980,6	980,1		
239,3998	0,3423	981,4	980,7	980,2		
239,4831	0,3402	981,3	980,5	980,1		
239,5665	0,3423	981,3	980,5	980,1		
239,6498	0,3435	981,3	980,5	980,1		
239,7331	0,3414	981,4	980,5	980,2		
239,8165	0,3372	981,4	980,6	980,2		
239,8998	0,3410	981,4	980,5	980,1		
239,9831	0,3351	981,3	980,5	980,0		
240,0665	0,3393	981,3	980,5	980,1		
240,1498	0,3389	981,3	980,6	980,1		
240,2331	0,3439	981,3	980,5	980,2		
240,3165	0,3448	981,3	980,6	980,2		
240,3998	0,3402	981,3	980,5	980,1		
240,4831	0,3444	981,4	980,5	980,1		
240,5665	0,3423	981,4	980,5	980,1		
240,6498	0,3410	981,3	980,6	980,0		
240,7331	0,3393	981,3	980,5	980,0		
240,8165	0,3423	981,4	980,5	980,1		
240,8998	0,3414	981,4	980,6	980,1		
240,9831	0,3431	981,5	980,6	980,2		
241,0665	0,3427	981,4	980,6	980,1		
241,1498	0,3423	981,3	980,5	980,1		
241,2331	0,3435	981,3	980,5	980,1		
241,3165	0,3402	981,3	980,5	980,0		
241,3998	0,3439	981,3	980,5	980,0		
241,4831	0,3368	981,3	980,5	980,1		
241,5665	0,3385	981,4	980,6	980,2		
241,6498	0,3356	981,3	980,5	980,1		
241,7331	0,3410	981,3	980,5	980,1		
241,8165	0,3444	981,3	980,6	980,1		
241,8998	0,3465	981,3	980,6	980,1		
241,9831	0,3507	981,4	980,6	980,1		
242,0665	0,3377	981,3	980,5	980,1		
242,1498	0,3502	981,3	980,5	980,0		
242,2331	0,3385	981,4	980,5	980,1		
242,3165	0,3414	981,3	980,5	980,1		
242,3998	0,3431	981,3	980,5	980,1		
242,4831	0,3339	981,3	980,5	980,1		
242,5665	0,3431	981,4	980,6	980,1		
242,6498	0,3410	981,4	980,5	980,1		
242,7331	0,3435	981,4	980,6	980,1		
242,8165	0,3427	981,4	980,5	980,1		
242,8998	0,3393	981,3	980,5	980,1		
242,9831	0,3456	981,4	980,6	980,1		
243,0665	0,3498	981,3	980,5	980,1		
243,1498	0,3389	981,4	980,5	980,1		
243,2331	0,3427	981,3	980,5	980,0		
243,3165	0,3377	981,4	980,6	980,1		
243,3998	0,3402	981,3	980,5	980,0		
243,4831	0,3393	981,4	980,6	980,1		
243,5665	0,3418	981,5	980,7	980,1		
243,6498	0,3435	981,3	980,5	980,0		
243,7331	0,3444	981,4	980,6	980,2		
243,8165	0,3452	981,3	980,6	980,1		
243,8998	0,3427	981,4	980,6	980,2		
243,9831	0,3481	981,4	980,6	980,2		
244,0665	0,3431	981,3	980,6	980,1		
244,1498	0,3439	981,4	980,6	980,2		
244,2331	0,3473	981,4	980,5	980,1		
244,3165	0,3431	981,4	980,6	980,1		
244,3998	0,3389	981,3	980,5	980,1		
244,4831	0,3364	981,4	980,6	980,1		
244,5665	0,3368	981,3	980,5	980,0		
244,6498	0,3456	981,3	980,6	980,1		
244,7331	0,3465	981,3	980,5	980,1		
244,8165	0,3460	981,4	980,6	980,1		
244,8998	0,3402	981,4	980,6	980,2		
244,9831	0,3377	981,5	980,6	980,1		
245,0665	0,3448	981,3	980,5	980,0		
245,1498	0,3494	981,4	980,5	980,1		
245,2331	0,3448	981,3	980,6	980,1		
245,3165	0,3477	981,3	980,5	980,2		
245,3998	0,3465	981,4	980,5	980,1		
245,4831	0,3427	981,3	980,6	980,1		
245,5665	0,3486	981,2	980,5	980,0		
245,6498	0,3477	981,4	980,5	980,1		
245,7331	0,3523	981,3	980,6	980,1		
245,8165	0,3494	981,4	980,5	980,1		
245,8998	0,3444	981,4	980,6	980,1		
245,9831	0,3511	981,3	980,4	980,0		
246,0665	0,3410	981,3	980,5	980,1		
246,1498	0,3498	981,4	980,5	980,1		
246,2331	0,3465	981,3	980,6	980,1		
246,3165	0,3498	981,3	980,5	980,1		
246,3998	0,3456	981,5	980,6	980,1		
246,4831	0,3481	981,4	980,5	980,1		
246,5665	0,3536	981,3	980,5	980,1		
246,6498	0,3469	981,4	980,6	980,1		
246,7331	0,3477	981,4	980,5	980,1		
246,8165	0,3452	981,4	980,6	980,2		
246,8998	0,3481	981,4	980,5	980,1		
246,9831	0,3431	981,4	980,5	980,1		
247,0665	0,3448	981,4	980,6	980,1		
247,1498	0,3448	981,3	980,5	980,1		
247,2331	0,3507	981,3	980,5	980,1		
247,3165	0,3536	981,3	980,5	980,1		
247,3998	0,3511	981,3	980,5	980,1		
247,4831	0,3460	981,3	980,5	980,1		
247,5665	0,3481	981,4	980,5	980,1		
247,6498	0,3431	981,4	980,6	980,1		
247,7331	0,3448	981,4	980,5	980,1		
247,8165	0,3473	981,3	980,5	980,0		
247,8998	0,3574	981,3	980,5	980,1		
247,9831	0,3460	981,4	980,6	980,2		
248,0665	0,3490	981,4	980,5	980,1		
248,1498	0,3507	981,4	980,5	980,2		
248,2331	0,3477	981,3	980,5	980,2		
248,3165	0,3473	981,4	980,6	980,2		
248,3998	0,3423	981,4	980,6	980,1		
248,4831	0,3402	981,4	980,5	980,0		
248,5665	0,3481	981,4	980,6	980,1		
248,6498	0,3502	981,4	980,5	980,1		
248,7331	0,3553	981,3	980,6	980,1		
248,8165	0,3439	981,4	980,6	980,2		
248,8998	0,3477	981,4	980,6	980,1		
248,9831	0,3536	981,4	980,6	980,1		
249,0665	0,3494	981,4	980,6	980,0		
249,1498	0,3460	981,4	980,6	980,2		
249,2331	0,3343	981,4	980,6	980,1		
249,3165	0,3494	981,5	980,6	980,1		
249,3998	0,3507	981,4	980,5	980,1		
249,4831	0,3507	981,4	980,6	980,1		
249,5665	0,3469	981,4	980,6	980,2		
249,6498	0,3515	981,4	980,6	980,1		
249,7331	0,3435	981,4	980,6	980,1		
249,8165	0,3519	981,5	980,6	980,2		
249,8998	0,3469	981,3	980,6	980,2		
249,9831	0,3448	981,3	980,5	980,1		
250,0665	0,3498	981,4	980,6	980,1		
250,1498	0,3410	981,4	980,5	980,1		
250,2331	0,3444	981,4	980,5	980,0		
250,3165	0,3410	981,4	980,6	980,1		
250,3998	0,3473	981,4	980,5	980,1		
250,4831	0,3452	981,4	980,6	980,1		
250,5665	0,3544	981,4	980,5	980,1		
250,6498	0,3528	981,4	980,5	980,1		
250,7331	0,3473	981,4	980,5	980,1		
250,8165	0,3502	981,4	980,6	980,2		
250,8998	0,3498	981,4	980,6	980,2		
250,9831	0,3431	981,5	980,7	980,2		
251,0665	0,3473	981,4	980,6	980,2		
251,1498	0,3460	981,4	980,5	980,1		
251,2331	0,3456	981,4	980,6	980,1		
251,3165	0,3431	981,4	980,6	980,0		
251,3998	0,3490	981,4	980,6	980,1		
251,4831	0,3481	981,4	980,5	980,1		
251,5665	0,3511	981,3	980,6	980,1		
251,6498	0,3523	981,5	980,7	980,2		
251,7331	0,3469	981,4	980,5	980,0		
251,8165	0,3389	981,4	980,5	980,0		
251,8998	0,3473	981,3	980,5	980,1		
251,9831	0,3486	981,4	980,5	980,1		
252,0665	0,3477	981,3	980,6	980,1		
252,1498	0,3469	981,3	980,5	980,1		
252,2331	0,3511	981,4	980,5	980,1		
252,3165	0,3444	981,3	980,5	980,1		
252,3998	0,3481	981,3	980,6	980,1		
252,4831	0,3393	981,4	980,6	980,2		
252,5665	0,3452	981,4	980,6	980,1		
252,6498	0,3511	981,4	980,5	980,0		
252,7331	0,3528	981,3	980,5	980,0		
252,8165	0,3469	981,3	980,5	980,1		
252,8998	0,3540	981,4	980,6	980,1		
252,9831	0,3486	981,3	980,5	980,1		
253,0665	0,3469	981,3	980,5	980,1		
253,1498	0,3444	981,2	980,5	980,1		
253,2331	0,3532	981,4	980,5	980,1		
253,3165	0,3511	981,4	980,6	980,1		
253,3998	0,3465	981,3	980,5	980,0		
253,4831	0,3544	981,3	980,5	980,1		
253,5665	0,3477	981,3	980,5	980,1		
253,6498	0,3490	981,4	980,5	980,1		
253,7331	0,3498	981,4	980,5	980,1		
253,8165	0,3465	981,4	980,5	980,1		
253,8998	0,3444	981,4	980,5	980,1		
253,9831	0,3507	981,3	980,6	980,2		
254,0665	0,3456	981,3	980,5	980,1		
254,1498	0,3469	981,4	980,6	980,2		
254,2331	0,3544	981,2	980,4	979,9		
254,3165	0,3511	981,3	980,5	980,1		
254,3998	0,3544	981,3	980,5	980,1		
254,4831	0,3603	981,3	980,5	980,1		
254,5665	0,3532	981,4	980,5	980,2		
254,6498	0,3515	981,3	980,5	980,1		
254,7331	0,3477	981,4	980,5	980,1		
254,8165	0,3460	981,4	980,6	980,1		
254,8998	0,3549	981,3	980,5	980,1		
254,9831	0,3490	981,3	980,5	980,1		
255,0665	0,3519	981,4	980,5	980,1		
255,1498	0,3536	981,3	980,5	980,1		
255,2331	0,3586	981,4	980,5	980,1		
255,3165	0,3473	981,4	980,6	980,1		
255,3998	0,3486	981,4	980,5	980,1		
255,4831	0,3477	981,4	980,5	980,0		
255,5665	0,3469	981,5	980,8	980,5		
255,6498	0,3519	981,4	980,6	980,2		
255,7331	0,3519	981,3	980,5	980,1		
255,8165	0,3569	981,5	980,6	980,1		
255,8998	0,3515	981,4	980,6	980,1		
255,9831	0,3532	981,3	980,5	980,1		
256,0665	0,3515	981,4	980,5	980,1		
256,1498	0,3507	981,4	980,6	980,1		
256,2331	0,3469	981,4	980,6	980,1		
256,3165	0,3502	981,4	980,6	980,2		
256,3998	0,3465	981,3	980,5	980,1		
256,4831	0,3460	981,4	980,6	980,1		
256,5665	0,3536	981,4	980,6	980,2		
256,6498	0,3557	981,5	980,6	980,2		
256,7331	0,3532	981,4	980,5	980,1		
256,8165	0,3460	981,4	980,6	980,1		
256,8998	0,3511	981,3	980,5	980,0		
256,9831	0,3490	981,3	980,5	980,1		
257,0665	0,3553	981,4	980,6	980,1		
257,1498	0,3498	981,4	980,5	980,0		
257,2331	0,3536	981,4	980,6	980,1		
257,3165	0,3557	981,4	980,6	980,1		
257,3998	0,3582	981,3	980,5	980,1		
257,4831	0,3469	981,5	980,6	980,1		
257,5665	0,3515	981,4	980,6	980,0		
257,6498	0,3523	981,4	980,5	980,0		
257,7331	0,3553	981,3	980,5	980,2		
257,8165	0,3486	981,3	980,5	980,1		
257,8998	0,3465	981,4	980,6	980,1		
257,9831	0,3460	981,3	980,5	980,1		
258,0665	0,3536	981,3	980,5	980,1		
258,1498	0,3540	981,3	980,5	980,1		
258,2331	0,3582	981,4	980,5	980,1		
258,3165	0,3456	981,5	980,6	980,1		
258,3998	0,3519	981,4	980,5	980,1		
258,4831	0,3515	981,3	980,5	980,0		
258,5665	0,3536	981,3	980,5	980,1		
258,6498	0,3628	981,3	980,5	980,1		
258,7331	0,3536	981,4	980,6	980,1		
258,8165	0,3569	981,4	980,6	980,2		
258,8998	0,3523	981,7	980,8	980,3		
258,9831	0,3481	981,5	980,6	980,2		
259,0665	0,3553	981,3	980,5	980,0		
259,1498	0,3498	981,4	980,6	980,1		
259,2331	0,3540	981,3	980,5	980,1		
259,3165	0,3549	981,4	980,6	980,1		
259,3998	0,3574	981,4	980,6	980,1		
259,4831	0,3553	981,4	980,6	980,2		
259,5665	0,3465	981,5	980,6	980,1		
259,6498	0,3553	981,4	980,5	980,1		
259,7331	0,3540	981,4	980,6	980,0		
259,8165	0,3511	981,4	980,5	980,1		
259,8998	0,3637	981,4	980,6	980,1		
259,9831	0,3578	981,4	980,5	980,0		
260,0665	0,3452	981,4	980,6	980,2		
260,1498	0,3553	981,4	980,5	980,1		
260,2331	0,3536	981,5	980,6	980,2		
260,3165	0,3532	981,4	980,5	980,0		
260,3998	0,3595	981,4	980,5	980,1		
260,4831	0,3481	981,4	980,5	980,1		
260,5665	0,3502	981,4	980,6	980,1		
260,6498	0,3628	981,4	980,5	980,1		
260,7331	0,3611	981,4	980,5	980,1		
260,8165	0,3620	981,4	980,6	980,1		
260,8998	0,3561	981,4	980,6	980,2		
260,9831	0,3498	981,4	980,5	980,1		
261,0665	0,3557	981,3	980,5	980,0		
261,1498	0,3574	981,5	980,6	980,2		
261,2331	0,3586	981,3	980,5	980,1		
261,3165	0,3574	981,3	980,5	980,1		
261,3998	0,3599	981,3	980,5	980,1		
261,4831	0,3536	981,3	980,5	980,1		
261,5665	0,3553	981,4	980,6	980,2		
261,6498	0,3565	981,4	980,5	980,1		
261,7331	0,3507	981,4	980,5	980,1		
261,8165	0,3549	981,4	980,6	980,1		
261,8998	0,3536	981,4	980,5	980,0		
261,9831	0,3523	981,4	980,6	980,1		
262,0665	0,3515	981,3	980,5	980,0		
262,1498	0,3511	981,4	980,5	980,1		
262,2331	0,3549	981,4	980,5	980,1		
262,3165	0,3523	981,4	980,5	980,1		
262,3998	0,3574	981,3	980,5	980,0		
262,4831	0,3515	981,4	980,5	980,1		
262,5665	0,3628	981,3	980,6	980,2		
262,6498	0,3553	981,3	980,5	980,1		
262,7331	0,3611	981,4	980,5	980,1		
262,8165	0,3624	981,5	980,6	980,2		
262,8998	0,3544	981,4	980,6	980,1		
262,9831	0,3611	981,3	980,5	980,0		
263,0665	0,3637	981,3	980,5	980,1		
263,1498	0,3561	981,4	980,5	980,1		
263,2331	0,3590	981,3	980,5	980,1		
263,3165	0,3540	981,3	980,5	980,0		
263,3998	0,3549	981,4	980,6	980,1		
263,4831	0,3557	981,5	980,5	980,1		
263,5665	0,3540	981,3	980,5	980,0		
263,6498	0,3637	981,3	980,5	980,1		
263,7331	0,3490	981,4	980,5	980,1		
263,8165	0,3653	981,4	980,5	980,1		
263,8998	0,3586	981,3	980,5	980,1		
263,9831	0,3540	981,4	980,5	980,1		
264,0665	0,3549	981,4	980,5	980,0		
264,1498	0,3519	981,3	980,5	980,0		
264,2331	0,3582	981,3	980,5	980,0		
264,3165	0,3611	981,4	980,5	980,1		
264,3998	0,3540	981,4	980,6	980,1		
264,4831	0,3565	981,4	980,5	980,1		
264,5665	0,3561	981,3	980,5	980,0		
264,6498	0,3569	981,3	980,5	980,1		
264,7331	0,3595	981,4	980,5	980,1		
264,8165	0,3557	981,4	980,5	980,2		
264,8998	0,3590	981,5	980,5	980,1		
264,9831	0,3582	981,4	980,6	980,1		
265,0665	0,3653	981,4	980,5	980,0		
265,1498	0,3586	981,4	980,5	980,1		
265,2331	0,3586	981,4	980,5	980,0		
265,3165	0,3561	981,3	980,5	980,1		
265,3998	0,3595	981,3	980,5	980,1		
265,4831	0,3595	981,4	980,5	980,1		
265,5665	0,3590	981,3	980,6	980,2		
265,6498	0,3569	981,4	980,5	980,1		
265,7331	0,3586	981,4	980,5	980,1		
265,8165	0,3569	981,4	980,4	980,0		
265,8998	0,3670	981,3	980,5	980,0		
265,9831	0,3628	981,3	980,5	980,1		
266,0665	0,3632	981,3	980,5	980,1		
266,1498	0,3561	981,3	980,5	980,1		
266,2331	0,3582	981,4	980,5	980,1		
266,3165	0,3603	981,4	980,5	980,1		
266,3998	0,3574	981,4	980,5	980,0		
266,4831	0,3586	981,4	980,6	980,2		
266,5665	0,3666	981,3	980,6	980,1		
266,6498	0,3574	981,4	980,5	980,1		
266,7331	0,3595	981,3	980,5	980,1		
266,8165	0,3620	981,3	980,5	980,0		
266,8998	0,3544	981,4	980,6	980,1		
266,9831	0,3544	981,5	980,6	980,1		
267,0665	0,3549	981,3	980,5	980,1		
267,1498	0,3578	981,4	980,5	980,1		
267,2331	0,3578	981,3	980,5	980,0		
267,3165	0,3553	981,3	980,5	980,1		
267,3998	0,3662	981,4	980,5	980,1		
267,4831	0,3607	981,3	980,5	980,0		
267,5665	0,3641	981,4	980,6	980,1		
267,6498	0,3599	981,4	980,5	980,0		
267,7331	0,3662	981,4	980,6	980,0		
267,8165	0,3569	981,4	980,5	980,1		
267,8998	0,3620	981,2	980,4	980,0		
267,9831	0,3611	981,4	980,5	980,1		
268,0665	0,3590	981,3	980,5	980,1		
268,1498	0,3641	981,4	980,5	980,1		
268,2331	0,3481	981,4	980,5	980,1		
268,3165	0,3565	981,4	980,6	980,2		
268,3998	0,3569	981,4	980,6	980,1		
268,4831	0,3557	981,3	980,5	980,1		
268,5665	0,3645	981,3	980,5	980,1		
268,6498	0,3574	981,4	980,6	980,1		
268,7331	0,3595	981,4	980,5	980,0		
268,8165	0,3645	981,4	980,5	980,1		
268,8998	0,3624	981,5	980,6	980,2		
268,9831	0,3590	981,4	980,6	980,0		
269,0665	0,3683	981,4	980,5	980,0		
269,1498	0,3674	981,4	980,5	980,0		
269,2331	0,3679	981,4	980,5	980,1		
269,3165	0,3549	981,4	980,6	980,1		
269,3998	0,3662	981,3	980,5	980,1		
269,4831	0,3586	981,4	980,5	980,1		
269,5665	0,3611	981,5	980,6	980,1		
269,6498	0,3586	981,3	980,5	980,1		
269,7331	0,3607	981,4	980,5	980,1		
269,8165	0,3611	981,3	980,5	980,1		
269,8998	0,3645	981,4	980,5	980,1		
269,9831	0,3569	981,4	980,5	980,0		
270,0665	0,3691	981,4	980,5	980,1		
270,1498	0,3607	981,4	980,5	980,1		
270,2331	0,3536	981,4	980,5	980,0		
270,3165	0,3653	981,3	980,5	980,1		
270,3998	0,3624	981,3	980,4	980,0		
270,4831	0,3557	981,4	980,6	980,1		
270,5665	0,3595	981,3	980,6	980,1		
270,6498	0,3616	981,4	980,5	980,0		
270,7331	0,3653	981,5	980,5	980,1		
270,8165	0,3645	981,4	980,6	980,1		
270,8998	0,3620	981,3	980,5	980,1		
270,9831	0,3674	981,3	980,5	980,0		
271,0665	0,3574	981,4	980,5	980,1		
271,1498	0,3662	981,4	980,5	980,0		
271,2331	0,3620	981,4	980,5	980,1		
271,3165	0,3557	981,3	980,5	980,0		
271,3998	0,3666	981,3	980,5	980,1		
271,4831	0,3582	981,3	980,5	980,0		
271,5665	0,3653	981,3	980,4	980,0		
271,6498	0,3666	981,4	980,5	980,1		
271,7331	0,3549	981,5	980,7	980,3		
271,8165	0,3628	981,4	980,5	980,1		
271,8998	0,3586	981,4	980,5	980,0		
271,9831	0,3595	981,4	980,6	980,1		
272,0665	0,3624	981,3	980,5	980,0		
272,1498	0,3645	981,3	980,6	980,2		
272,2331	0,3637	981,4	980,5	980,0		
272,3165	0,3628	981,3	980,5	980,1		
272,3998	0,3590	981,4	980,6	980,1		
272,4831	0,3649	981,4	980,6	980,1		
272,5665	0,3658	981,4	980,6	980,1		
272,6498	0,3628	981,4	980,5	980,1		
272,7331	0,3553	981,4	980,6	980,1		
272,8165	0,3586	981,3	980,5	980,0		
272,8998	0,3637	981,3	980,5	980,1		
272,9831	0,3620	981,4	980,5	980,1		
273,0665	0,3536	981,4	980,5	980,0		
273,1498	0,3620	981,4	980,5	980,0		
273,2331	0,3700	981,4	980,5	980,1		
273,3165	0,3645	981,4	980,5	980,1		
273,3998	0,3674	981,3	980,5	980,1		
273,4831	0,3641	981,3	980,5	980,0		
273,5665	0,3590	981,4	980,5	980,1		
273,6498	0,3595	981,4	980,5	980,0		
273,7331	0,3595	981,4	980,5	980,0		
273,8165	0,3611	981,3	980,5	980,0		
273,8998	0,3670	981,4	980,6	980,1		
273,9831	0,3599	981,3	980,5	980,0		
274,0665	0,3662	981,4	980,6	980,1		
274,1498	0,3645	981,5	980,7	980,4		
274,2331	0,3620	981,4	980,5	980,1		
274,3165	0,3599	981,4	980,5	980,1		
274,3998	0,3674	981,5	980,5	980,0		
274,4831	0,3670	981,4	980,5	980,0		
274,5665	0,3645	981,4	980,6	980,1		
274,6498	0,3595	981,4	980,5	980,1		
274,7331	0,3691	981,3	980,5	980,1		
274,8165	0,3645	981,5	980,6	980,2		
274,8998	0,3595	981,4	980,5	980,0		
274,9832	0,3616	981,4	980,5	980,1		
275,0665	0,3628	981,3	980,5	980,0		
275,1498	0,3645	981,4	980,6	980,1		
275,2332	0,3628	981,4	980,5	980,1		
275,3165	0,3674	981,3	980,5	980,0		
275,3998	0,3607	981,4	980,4	980,0		
275,4832	0,3700	981,4	980,6	980,2		
275,5665	0,3666	981,5	980,6	980,1		
275,6498	0,3679	981,4	980,5	980,1		
275,7332	0,3712	981,4	980,5	980,1		
275,8165	0,3674	981,3	980,5	980,1		
275,8998	0,3662	981,3	980,5	980,0		
275,9832	0,3720	981,3	980,4	980,1		
276,0665	0,3712	981,3	980,5	980,1		
276,1498	0,3620	981,4	980,5	980,1		
276,2332	0,3704	981,3	980,5	980,1		
276,3165	0,3599	981,4	980,5	980,1		
276,3998	0,3632	981,4	980,5	980,1		
276,4832	0,3666	981,4	980,5	980,0		
276,5665	0,3725	981,3	980,5	980,1		
276,6498	0,3649	981,3	980,5	980,1		
276,7332	0,3700	981,4	980,5	980,1		
276,8165	0,3616	981,5	980,6	980,0		
276,8998	0,3662	981,3	980,4	980,0		
276,9832	0,3649	981,3	980,4	980,0		
277,0665	0,3611	981,4	980,5	980,1		
277,1498	0,3645	981,4	980,5	980,1		
277,2332	0,3653	981,4	980,5	980,0		
277,3165	0,3658	981,3	980,5	980,0		
277,3998	0,3704	981,3	980,5	980,1		
277,4832	0,3720	981,4	980,5	980,2		
277,5665	0,3578	981,4	980,5	980,1		
277,6498	0,3637	981,3	980,5	980,0		
277,7332	0,3653	981,3	980,4	979,9		
277,8165	0,3712	981,3	980,5	980,1		
277,8998	0,3649	981,3	980,5	980,0		
277,9832	0,3683	981,4	980,4	980,0		
278,0665	0,3662	981,4	980,5	980,1		
278,1498	0,3653	981,4	980,6	980,1		
278,2332	0,3645	981,3	980,4	980,0		
278,3165	0,3687	981,3	980,5	980,0		
278,3998	0,3754	981,3	980,4	980,0		
278,4832	0,3565	981,3	980,5	980,1		
278,5665	0,3691	981,3	980,5	980,1		
278,6498	0,3708	981,2	980,4	980,0		
278,7332	0,3695	981,3	980,4	980,0		
278,8165	0,3716	981,4	980,6	980,1		
278,8998	0,3758	981,3	980,5	980,1		
278,9832	0,3704	981,3	980,5	980,1		
279,0665	0,3641	981,3	980,5	980,1		
279,1498	0,3670	981,3	980,5	980,1		
279,2332	0,3658	981,3	980,5	980,0		
279,3165	0,3683	981,4	980,6	980,0		
279,3998	0,3670	981,3	980,5	980,0		
279,4832	0,3771	981,4	980,5	980,0		
279,5665	0,3725	981,4	980,5	980,0		
279,6498	0,3649	981,4	980,6	980,2		
279,7332	0,3720	981,3	980,5	980,0		
279,8165	0,3729	981,4	980,5	980,2		
279,8998	0,3733	981,5	980,5	980,1		
279,9832	0,3641	981,3	980,5	980,0		
280,0665	0,3649	981,3	980,6	980,2		
280,1498	0,3771	981,4	980,6	980,2		
280,2332	0,3645	981,4	980,5	980,1		
280,3165	0,3700	981,4	980,6	980,2		
280,3998	0,3620	981,3	980,5	980,0		
280,4832	0,3679	981,4	980,5	980,1		
280,5665	0,3720	982,2	981,1	980,4		
280,6498	0,3653	981,5	980,7	980,1		
280,7332	0,3670	981,4	980,6	980,1		
280,8165	0,3662	981,0	980,4	980,1		
280,8998	0,3729	981,3	980,5	980,2		
280,9832	0,3758	981,3	980,4	980,0		
281,0665	0,3649	981,3	980,5	980,1		
281,1498	0,3649	981,4	980,5	980,0		
281,2332	0,3750	981,4	980,6	980,0		
281,3165	0,3653	981,4	980,6	980,2		
281,3998	0,3708	981,4	980,5	980,0		
281,4832	0,3662	981,4	980,5	980,1		
281,5665	0,3662	981,4	980,6	980,1		
281,6498	0,3695	981,4	980,6	980,0		
281,7332	0,3666	981,4	980,6	980,1		
281,8165	0,3750	981,4	980,5	980,1		
281,8998	0,3700	981,6	980,7	980,2		
281,9832	0,3733	981,8	980,7	980,1		
282,0665	0,3695	981,0	980,3	979,9		
282,1498	0,3679	981,3	980,5	980,1		
282,2332	0,3687	981,4	980,5	980,0		
282,3165	0,3708	981,4	980,6	980,1		
282,3998	0,3712	981,5	980,6	980,1		
282,4832	0,3725	981,4	980,5	980,1		
282,5665	0,3695	981,4	980,5	980,1		
282,6498	0,3775	981,4	980,5	980,1		
282,7332	0,3716	981,5	980,6	980,1		
282,8165	0,3741	981,3	980,5	980,0		
282,8998	0,3674	981,4	980,6	980,2		
282,9832	0,3729	981,4	980,6	980,1		
283,0665	0,3762	981,4	980,5	980,1		
283,1498	0,3700	981,3	980,5	980,0		
283,2332	0,3704	981,4	980,5	979,9		
283,3165	0,3704	981,3	980,5	980,0		
283,3998	0,3741	981,4	980,5	980,1		
283,4832	0,3708	981,4	980,5	980,0		
283,5665	0,3741	981,4	980,6	980,3		
283,6498	0,3687	981,4	980,6	980,2		
283,7332	0,3662	981,4	980,5	980,1		
283,8165	0,3670	981,5	980,5	980,0		
283,8998	0,3775	981,3	980,5	980,0		
283,9832	0,3683	981,3	980,4	980,0		
284,0665	0,3758	981,4	980,5	980,1		
284,1498	0,3708	981,4	980,5	980,1		
284,2332	0,3683	981,3	980,5	980,1		
284,3165	0,3741	981,4	980,5	980,1		
284,3998	0,3666	981,3	980,5	980,0		
284,4832	0,3750	981,4	980,5	980,1		
284,5665	0,3733	981,4	980,5	980,0		
284,6498	0,3695	981,4	980,5	980,1		
284,7332	0,3771	981,3	980,4	980,1		
284,8165	0,3670	981,3	980,5	980,0		
284,8998	0,3687	981,3	980,5	980,1		
284,9832	0,3729	981,4	980,5	980,1		
285,0665	0,3720	981,5	980,5	980,1		
285,1498	0,3695	981,4	980,5	980,0		
285,2332	0,3716	981,3	980,5	980,1		
285,3165	0,3758	981,4	980,5	980,1		
285,3998	0,3754	981,3	980,5	980,1		
285,4832	0,3733	981,3	980,5	980,0		
285,5665	0,3720	981,3	980,5	980,0		
285,6498	0,3762	981,4	980,6	980,1		
285,7332	0,3700	981,4	980,5	980,0		
285,8165	0,3704	981,4	980,6	980,1		
285,8998	0,3683	981,3	980,5	980,0		
285,9832	0,3754	981,3	980,5	980,1		
286,0665	0,3670	981,4	980,5	980,0		
286,1498	0,3800	981,3	980,5	980,0		
286,2332	0,3708	981,3	980,4	980,0		
286,3165	0,3720	981,3	980,5	980,0		
286,3998	0,3716	981,3	980,5	980,0		
286,4832	0,3700	981,2	980,4	980,0		
286,5665	0,3729	981,3	980,5	980,0		
286,6498	0,3809	981,4	980,5	980,1		
286,7332	0,3746	981,4	980,5	980,1		
286,8165	0,3746	981,4	980,5	980,1		
286,8998	0,3683	981,3	980,5	980,0		
286,9832	0,3733	981,2	980,4	980,0		
287,0665	0,3712	981,3	980,5	980,1		
287,1498	0,3750	981,3	980,5	980,0		
287,2332	0,3679	981,5	980,6	980,1		
287,3165	0,3712	981,4	980,5	980,1		
287,3998	0,3741	981,3	980,5	980,0		
287,4832	0,3691	981,3	980,5	980,0		
287,5665	0,3762	981,3	980,5	980,1		
287,6498	0,3767	981,3	980,5	980,0		
287,7332	0,3700	981,3	980,5	980,0		
287,8165	0,3771	981,4	980,5	980,0		
287,8998	0,3750	981,4	980,6	980,1		
287,9832	0,3817	981,3	980,5	980,1		
288,0665	0,3746	981,3	980,5	980,0		
288,1498	0,3649	981,3	980,5	980,0		
288,2332	0,3729	981,4	980,5	980,0		
288,3165	0,3771	981,4	980,6	980,1		
288,3998	0,3741	981,3	980,5	980,0		
288,4832	0,3716	981,3	980,5	980,0		
288,5665	0,3855	981,3	980,5	980,0		
288,6498	0,3712	981,3	980,5	980,0		
288,7332	0,3788	981,4	980,5	980,1		
288,8165	0,3704	981,4	980,5	980,0		
288,8998	0,3813	981,5	980,5	980,1		
288,9832	0,3804	981,4	980,5	980,0		
289,0665	0,3796	981,3	980,4	979,9		
289,1498	0,3767	981,3	980,5	980,0		
289,2332	0,3737	981,3	980,5	980,0		
289,3165	0,3788	981,4	980,6	980,1		
289,3998	0,3687	981,3	980,4	980,0		
289,4832	0,3804	981,3	980,5	980,0		
289,5665	0,3800	981,3	980,5	980,1		
289,6498	0,3741	981,3	980,5	980,0		
289,7332	0,3737	981,4	980,5	980,0		
289,8165	0,3750	981,4	980,5	980,0		
289,8998	0,3796	981,3	980,5	980,0		
289,9832	0,3813	981,4	980,5	980,1		
290,0665	0,3762	981,3	980,5	980,1		
290,1498	0,3746	981,4	980,6	980,2		
290,2332	0,3771	981,4	980,5	980,1		
290,3165	0,3649	981,4	980,5	980,0		
290,3998	0,3708	981,4	980,5	980,1		
290,4832	0,3737	981,3	980,5	980,0		
290,5665	0,3830	981,4	980,6	980,1		
290,6498	0,3779	981,3	980,5	980,1		
290,7332	0,3750	981,3	980,5	980,0		
290,8165	0,3783	981,3	980,5	980,0		
290,8998	0,3813	981,4	980,5	980,1		
290,9832	0,3754	981,5	980,7	980,3		
291,0665	0,3775	981,3	980,5	980,0		
291,1498	0,3733	981,3	980,5	980,0		
291,2332	0,3712	981,4	980,6	980,2		
291,3165	0,3800	981,3	980,5	980,1		
291,3998	0,3741	981,4	980,5	980,1		
291,4832	0,3712	981,4	980,5	980,1		
291,5665	0,3712	981,4	980,6	980,2		
291,6498	0,3762	981,3	980,4	979,9		
291,7332	0,3754	981,3	980,6	980,1		
291,8165	0,3683	981,3	980,5	980,1		
291,8998	0,3767	981,4	980,5	980,1		
291,9832	0,3687	981,4	980,5	980,1		
292,0665	0,3821	981,4	980,5	980,0		
292,1498	0,3746	981,4	980,5	980,1		
292,2332	0,3792	981,3	980,5	980,1		
292,3165	0,3817	981,4	980,5	980,1		
292,3998	0,3788	981,3	980,5	980,1		
292,4832	0,3746	981,3	980,5	980,0		
292,5665	0,3771	981,4	980,5	980,1		
292,6498	0,3683	981,4	980,6	980,1		
292,7332	0,3804	981,4	980,5	980,0		
292,8165	0,3716	981,3	980,5	980,0		
292,8998	0,3771	981,4	980,5	980,0		
292,9832	0,3758	981,4	980,5	980,1		
293,0665	0,3750	981,3	980,6	980,1		
293,1498	0,3796	981,4	980,5	980,1		
293,2332	0,3733	981,2	980,4	979,9		
293,3165	0,3733	981,5	980,5	980,0		
293,3998	0,3741	981,3	980,5	980,0		
293,4832	0,3741	981,3	980,5	980,1		
293,5665	0,3733	981,4	980,5	980,1		
293,6498	0,3775	981,3	980,5	980,0		
293,7332	0,3800	981,5	980,6	980,1		
293,8165	0,3817	981,3	980,4	979,9		
293,8998	0,3691	981,4	980,4	980,0		
293,9832	0,3737	981,3	980,5	980,0		
294,0665	0,3834	981,3	980,4	979,9		
294,1498	0,3788	981,2	980,4	979,9		
294,2332	0,3741	981,3	980,5	980,0		
294,3165	0,3771	981,3	980,5	980,0		
294,3998	0,3767	981,3	980,4	980,0		
294,4832	0,3754	981,3	980,5	980,0		
294,5665	0,3737	981,3	980,5	980,1		
294,6498	0,3716	981,2	980,5	980,0		
294,7332	0,3834	981,3	980,5	980,1		
294,8165	0,3821	981,4	980,5	980,1		
294,8998	0,3796	981,3	980,4	979,9		
294,9832	0,3783	981,4	980,5	980,1		
295,0665	0,3762	981,3	980,5	980,0		
295,1498	0,3817	981,3	980,5	980,0		
295,2332	0,3800	981,4	980,5	980,1		
295,3165	0,3792	981,3	980,5	980,0		
295,3998	0,3800	981,3	980,5	980,0		
295,4832	0,3775	981,4	980,5	980,2		
295,5665	0,3809	981,3	980,5	980,0		
295,6498	0,3813	981,4	980,5	980,1		
295,7332	0,3750	981,3	980,5	980,0		
295,8165	0,3796	981,4	980,5	980,1		
295,8998	0,3758	981,4	980,5	980,0		
295,9832	0,3754	981,4	980,5	980,1		
296,0665	0,3762	981,4	980,5	980,0		
296,1498	0,3725	981,3	980,5	980,1		
296,2332	0,3825	981,4	980,5	980,1		
296,3165	0,3775	981,3	980,5	980,1		
296,3998	0,3788	981,4	980,5	980,1		
296,4832	0,3788	981,4	980,5	980,2		
296,5665	0,3767	981,4	980,5	980,0		
296,6498	0,3733	981,4	980,5	980,1		
296,7332	0,3809	981,4	980,5	980,1		
296,8165	0,3825	981,3	980,5	980,0		
296,8998	0,3817	981,3	980,5	980,1		
296,9832	0,3779	981,3	980,5	980,1		
297,0665	0,3779	981,3	980,5	980,1		
297,1498	0,3788	981,4	980,4	980,0		
297,2332	0,3888	981,4	980,5	980,1		
297,3165	0,3855	981,4	980,6	980,1		
297,3998	0,3813	981,3	980,5	980,0		
297,4832	0,3809	981,2	980,4	980,0		
297,5665	0,3733	981,3	980,5	980,0		
297,6498	0,3821	981,4	980,5	980,1		
297,7332	0,3842	981,3	980,5	980,1		
297,8165	0,3762	981,3	980,5	980,1		
297,8998	0,3796	981,3	980,4	979,9		
297,9832	0,3783	981,3	980,5	980,1		
298,0665	0,3880	981,4	980,5	980,1		
298,1498	0,3851	981,3	980,5	980,1		
298,2332	0,3813	981,4	980,5	980,0		
298,3165	0,3796	981,4	980,6	980,0		
298,3998	0,3804	981,3	980,5	980,1		
298,4832	0,3804	981,3	980,5	980,1		
298,5665	0,3813	981,4	980,5	980,1		
298,6498	0,3792	981,3	980,5	980,0		
298,7332	0,3851	981,3	980,5	980,0		
298,8165	0,3809	981,4	980,5	980,0		
298,8998	0,3809	981,3	980,5	980,0		
298,9832	0,3821	981,4	980,5	980,1		
299,0665	0,3851	981,3	980,5	980,1		
299,1498	0,3821	981,3	980,5	980,1		
299,2332	0,3846	981,3	980,5	980,1		
299,3165	0,3737	981,4	980,5	980,1		
299,3998	0,3792	981,4	980,6	980,1		
299,4832	0,3813	981,4	980,5	980,1		
299,5665	0,3846	981,4	980,5	980,1		
299,6498	0,3817	981,3	980,5	980,1		
299,7332	0,3825	981,4	980,5	980,1		
299,8165	0,3859	981,4	980,5	980,2		
299,8998	0,3821	981,4	980,5	980,1		
299,9832	0,3809	981,3	980,5	980,0		
300,0665	0,3813	981,4	980,5	980,1		
300,1498	0,3779	981,3	980,4	980,0		
300,2332	0,3830	981,3	980,5	980,0		
300,3165	0,3834	981,3	980,5	980,1		
300,3998	0,3817	981,4	980,5	980,1		
300,4832	0,3746	981,3	980,5	980,1		
300,5665	0,3851	981,4	980,5	980,0		
300,6498	0,3880	981,2	980,4	980,0		
300,7332	0,3867	981,3	980,5	980,1		
300,8165	0,3880	981,4	980,5	980,1		
300,8998	0,3838	981,4	980,5	980,1		
300,9832	0,3855	981,3	980,5	980,0		
301,0665	0,3834	981,3	980,5	980,0		
301,1498	0,3838	981,4	980,5	980,1		
301,2332	0,3851	981,3	980,5	980,0		
301,3165	0,3800	981,3	980,5	980,1		
301,3998	0,3884	981,4	980,5	980,1		
301,4832	0,3851	981,4	980,5	980,1		
301,5665	0,3821	981,3	980,4	980,0		
301,6498	0,3838	981,3	980,5	980,1		
301,7332	0,3846	981,4	980,5	980,0		
301,8165	0,3851	981,3	980,5	980,1		
301,8998	0,3851	981,4	980,5	980,0		
301,9832	0,3876	981,3	980,5	980,0		
302,0665	0,3809	981,4	980,5	980,0		
302,1498	0,3817	981,3	980,5	980,0		
302,2332	0,3817	981,4	980,6	980,1		
302,3165	0,3783	981,3	980,6	980,2		
302,3998	0,3884	981,4	980,5	980,1		
302,4832	0,3863	981,2	980,4	980,1		
302,5665	0,3813	981,3	980,4	980,0		
302,6498	0,3867	981,3	980,5	980,1		
302,7332	0,3867	981,3	980,5	980,1		
302,8165	0,3825	981,4	980,6	980,1		
302,8998	0,3838	981,4	980,5	980,1		
302,9832	0,3905	981,4	980,5	980,2		
303,0665	0,3846	981,3	980,6	980,2		
303,1498	0,3830	981,3	980,5	980,1		
303,2332	0,3859	981,3	980,5	980,1		
303,3165	0,3767	981,4	980,5	980,1		
303,3998	0,3851	981,4	980,5	980,1		
303,4832	0,3855	981,3	980,5	980,0		
303,5665	0,3863	981,3	980,5	980,0		
303,6498	0,3838	981,4	980,5	980,1		
303,7332	0,3918	981,3	980,4	980,0		
303,8165	0,3842	981,3	980,5	980,0		
303,8998	0,3855	981,3	980,5	980,1		
303,9832	0,3909	981,3	980,4	980,0		
304,0665	0,3821	981,4	980,6	980,2		
304,1498	0,3842	981,3	980,5	980,0		
304,2332	0,3842	981,5	980,7	980,3		
304,3165	0,3834	981,3	980,5	980,1		
304,3998	0,3909	981,4	980,5	980,1		
304,4832	0,3863	981,4	980,5	980,1		
304,5665	0,3884	981,3	980,5	980,0		
304,6498	0,3867	981,3	980,4	980,0		
304,7332	0,3855	981,4	980,5	980,1		
304,8165	0,3821	981,4	980,6	980,2		
304,8998	0,3809	981,4	980,5	980,2		
304,9832	0,3834	981,4	980,5	980,1		
305,0665	0,3775	981,4	980,5	980,1		
305,1498	0,3775	981,3	980,5	980,1		
305,2332	0,3871	981,4	980,6	980,1		
305,3165	0,3851	981,3	980,5	980,1		
305,3998	0,3838	981,3	980,5	980,1		
305,4832	0,3880	981,4	980,6	980,1		
305,5665	0,3838	981,3	980,6	980,2		
305,6498	0,3859	981,4	980,5	980,1		
305,7332	0,3867	981,3	980,5	980,0		
305,8165	0,3859	981,3	980,4	980,0		
305,8998	0,3842	981,3	980,5	980,1		
305,9832	0,3926	981,3	980,5	980,0		
306,0665	0,3884	981,4	980,5	980,1		
306,1498	0,3880	981,4	980,6	980,2		
306,2332	0,3922	981,4	980,5	980,1		
306,3165	0,3830	981,3	980,5	980,0		
306,3998	0,3876	981,3	980,5	980,1		
306,4832	0,3905	981,4	980,5	980,1		
306,5665	0,3897	981,4	980,6	980,1		
306,6498	0,3926	981,4	980,5	980,1		
306,7332	0,3892	981,4	980,6	980,1		
306,8165	0,3800	981,3	980,5	980,1		
306,8998	0,3897	981,2	980,4	980,0		
306,9832	0,3863	981,4	980,6	980,1		
307,0665	0,3876	981,3	980,5	980,1		
307,1498	0,3880	981,3	980,5	980,1		
307,2332	0,3901	981,4	980,5	980,1		
307,3165	0,3863	981,3	980,4	980,0		
307,3998	0,3871	981,3	980,5	980,0		
307,4832	0,3897	981,4	980,5	980,1		
307,5665	0,3867	981,3	980,4	980,0		
307,6498	0,3867	981,4	980,5	980,0		
307,7332	0,3863	981,4	980,5	980,1		
307,8165	0,3871	981,3	980,5	980,0		
307,8998	0,3796	981,2	980,5	980,0		
307,9832	0,3851	981,3	980,5	980,1		
308,0665	0,3867	981,3	980,5	980,1		
308,1498	0,3913	981,4	980,5	980,1		
308,2332	0,3888	981,3	980,5	980,0		
308,3165	0,3834	981,3	980,5	980,1		
308,3998	0,3876	981,3	980,5	980,0		
308,4832	0,3871	981,3	980,5	980,0		
308,5665	0,3863	981,3	980,4	980,0		
308,6498	0,3859	981,3	980,5	980,0		
308,7332	0,3888	981,3	980,5	980,1		
308,8165	0,3859	981,4	980,5	980,1		
308,8998	0,3880	981,4	980,5	980,0		
308,9832	0,3842	981,3	980,5	980,0		
309,0665	0,3825	981,3	980,5	980,0		
309,1498	0,3909	981,3	980,5	980,0		
309,2332	0,3871	981,3	980,5	980,0		
309,3165	0,3892	981,3	980,6	980,2		
309,3998	0,3930	981,3	980,5	980,0		
309,4832	0,3905	981,4	980,5	980,0		
309,5665	0,3934	981,4	980,5	980,0		
309,6498	0,3918	981,3	980,5	980,0		
309,7332	0,3863	981,3	980,5	980,1		
309,8165	0,3888	981,4	980,6	980,1		
309,8998	0,3830	981,2	980,5	980,0		
309,9832	0,3897	981,3	980,5	980,0		
310,0665	0,3981	981,3	980,5	980,1		
310,1498	0,3892	981,3	980,5	980,0		
310,2332	0,3880	981,3	980,5	980,1		
310,3165	0,3951	981,4	980,5	980,1		
310,3998	0,3905	981,4	980,5	980,0		
310,4832	0,3892	981,4	980,6	980,1		
310,5665	0,3897	981,3	980,5	980,0		
310,6498	0,3821	981,3	980,5	980,1		
310,7332	0,3901	981,3	980,5	980,1		
310,8165	0,3876	981,4	980,5	980,0		
310,8998	0,3939	981,4	980,5	980,1		
310,9832	0,3888	981,3	980,5	980,0		
311,0665	0,3901	981,3	980,5	980,1		
311,1498	0,3897	981,3	980,5	980,1		
311,2332	0,3926	981,3	980,5	980,1		
311,3165	0,3867	981,4	980,6	980,1		
311,3998	0,3892	981,3	980,5	980,0		
311,4832	0,3871	981,3	980,5	980,1		
311,5665	0,3834	981,3	980,5	980,0		
311,6498	0,3947	981,3	980,4	980,0		
311,7332	0,3867	981,3	980,5	980,1		
311,8165	0,3951	981,4	980,5	980,1		
311,8998	0,3913	981,3	980,5	980,0		
311,9832	0,3926	981,3	980,5	980,1		
312,0665	0,3947	981,2	980,4	980,1		
312,1498	0,3960	981,3	980,5	980,0		
312,2332	0,3926	981,3	980,5	980,0		
312,3165	0,3922	981,3	980,5	980,1		
312,3998	0,3913	981,3	980,5	980,1		
312,4832	0,3859	981,3	980,4	979,9		
312,5665	0,3871	981,4	980,5	980,1		
312,6498	0,3934	981,3	980,5	980,1		
312,7332	0,3939	981,3	980,5	980,1		
312,8165	0,3876	981,4	980,6	980,2		
312,8998	0,3930	981,3	980,5	980,1		
312,9832	0,3968	981,4	980,5	980,2		
313,0665	0,3884	981,3	980,5	980,1		
313,1498	0,3968	981,2	980,5	980,0		
313,2332	0,3905	981,3	980,5	980,1		
313,3165	0,3842	981,4	980,5	980,1		
313,3998	0,3905	981,4	980,5	980,1		
313,4832	0,3897	981,9	980,7	980,1		
313,5665	0,3918	981,6	980,7	980,3		
313,6498	0,3934	981,4	980,6	980,1		
313,7332	0,3859	981,2	980,5	980,0		
313,8165	0,3909	981,3	980,6	980,1		
313,8998	0,3909	981,5	980,6	980,1		
313,9832	0,3918	981,3	980,5	980,1		
314,0665	0,3943	981,5	980,6	980,1		
314,1498	0,3897	981,3	980,5	980,1		
314,2332	0,3955	981,5	980,6	980,2		
314,3165	0,3830	981,3	980,5	980,1		
314,3998	0,3922	981,5	980,6	980,1		
314,4832	0,3960	981,4	980,5	980,0		
314,5665	0,3981	981,5	980,6	980,1		
314,6498	0,3960	981,3	980,5	980,1		
314,7332	0,3909	981,4	980,5	980,1		
314,8165	0,3867	981,4	980,6	980,2		
314,8998	0,3851	981,4	980,6	980,2		
314,9832	0,3951	981,5	980,6	980,2		
315,0665	0,3913	981,2	980,5	980,1		
315,1498	0,3926	981,4	980,5	980,1		
315,2332	0,3955	981,4	980,5	980,2		
315,3165	0,3993	981,5	980,7	980,3		
315,3998	0,3939	981,5	980,6	980,2		
315,4832	0,3892	981,5	980,5	980,1		
315,5665	0,3951	981,5	980,7	980,1		
315,6498	0,3905	981,4	980,6	980,1		
315,7332	0,3964	981,3	980,5	980,1		
315,8165	0,3939	981,1	980,4	980,0		
315,8998	0,3976	981,3	980,6	980,2		
315,9832	0,3943	981,3	980,5	980,1		
316,0665	0,3926	981,5	980,7	980,2		
316,1498	0,3930	981,3	980,5	980,1		
316,2332	0,3913	981,4	980,6	980,1		
316,3165	0,3892	981,2	980,4	980,0		
316,3998	0,3939	981,0	980,3	980,0		
316,4832	0,3909	981,4	980,5	980,1		
316,5665	0,3976	981,4	980,5	980,1		
316,6498	0,3918	981,4	980,6	980,1		
316,7332	0,3897	981,3	980,5	980,0		
316,8165	0,3909	981,2	980,5	980,1		
316,8998	0,3939	981,3	980,5	980,1		
316,9832	0,4022	981,4	980,5	980,1		
317,0665	0,3926	981,3	980,5	980,1		
317,1498	0,3964	981,4	980,5	980,1		
317,2332	0,3964	981,4	980,6	980,2		
317,3165	0,3888	981,3	980,5	980,1		
317,3998	0,3989	981,3	980,4	980,0		
317,4832	0,3943	981,3	980,5	980,0		
317,5665	0,3960	981,4	980,5	980,1		
317,6498	0,3939	981,3	980,5	980,1		
317,7332	0,3939	981,4	980,5	980,1		
317,8165	0,3968	981,4	980,5	980,1		
317,8998	0,3892	981,4	980,6	980,0		
317,9832	0,3913	981,3	980,5	980,0		
318,0665	0,3871	981,3	980,5	980,1		
318,1498	0,3922	981,3	980,5	980,1		
318,2332	0,3972	981,3	980,5	980,1		
318,3165	0,3981	981,3	980,5	980,0		
318,3998	0,3947	981,4	980,5	980,1		
318,4832	0,3913	981,3	980,5	980,1		
318,5665	0,3993	981,3	980,5	980,1		
318,6498	0,4010	981,3	980,5	980,1		
318,7332	0,3926	981,4	980,6	980,1		
318,8165	0,3934	981,3	980,5	980,1		
318,8998	0,3905	981,3	980,6	980,1		
318,9832	0,3897	981,5	980,7	980,2		
319,0665	0,3981	981,1	980,3	980,0		
319,1498	0,3939	981,3	980,5	980,0		
319,2332	0,3985	981,3	980,5	980,1		
319,3165	0,3964	981,3	980,5	980,1		
319,3998	0,3985	981,3	980,5	980,1		
319,4832	0,3951	981,3	980,5	980,1		
319,5665	0,3926	981,4	980,5	980,0		
319,6498	0,3905	981,5	980,6	980,1		
319,7332	0,3939	981,4	980,5	980,0		
319,8165	0,3918	981,5	980,6	980,1		
319,8998	0,3955	981,3	980,5	980,1		
319,9832	0,3939	981,3	980,5	980,1		
320,0665	0,3909	981,3	980,5	980,0		
320,1498	0,3934	981,4	980,6	980,1		
320,2332	0,3947	981,4	980,5	980,1		
320,3165	0,3913	981,3	980,5	980,1		
320,3998	0,3976	981,3	980,5	980,1		
320,4832	0,3947	981,4	980,5	980,1		
320,5665	0,4031	981,3	980,5	980,0		
320,6498	0,4027	981,4	980,6	980,1		
320,7332	0,3951	981,4	980,5	980,1		
320,8165	0,3960	981,3	980,5	980,0		
320,8998	0,3976	981,4	980,5	980,1		
320,9832	0,3939	981,3	980,5	980,1		
321,0665	0,3930	981,4	980,5	980,1		
321,1498	0,3918	981,4	980,5	980,1		
321,2332	0,4010	981,3	980,5	980,0		
321,3165	0,3939	981,4	980,6	980,1		
321,3998	0,4027	981,4	980,6	980,1		
321,4832	0,3964	981,3	980,6	980,1		
321,5665	0,3926	981,3	980,5	980,0		
321,6498	0,3997	981,2	980,5	980,0		
321,7332	0,3972	981,4	980,5	980,1		
321,8165	0,3972	981,4	980,5	980,1		
321,8998	0,3926	981,3	980,5	980,0		
321,9832	0,3964	981,5	980,6	980,1		
322,0665	0,3993	981,5	980,6	980,3		
322,1498	0,3939	982,4	981,1	980,4		
322,2332	0,3981	981,5	980,6	980,2		
322,3165	0,3947	981,4	980,6	980,1		
322,3998	0,4018	981,3	980,5	980,1		
322,4832	0,3943	981,3	980,5	980,1		
322,5665	0,3913	981,4	980,5	980,1		
322,6498	0,3960	981,2	980,4	980,0		
322,7332	0,4002	981,5	980,6	980,1		
322,8165	0,4002	981,7	980,7	980,3		
322,8998	0,3968	981,3	980,5	980,1		
322,9832	0,4018	981,5	980,6	980,1		
323,0665	0,3943	981,4	980,6	980,0		
323,1498	0,4048	981,4	980,6	980,1		
323,2332	0,3876	981,4	980,6	980,1		
323,3165	0,3964	981,5	980,6	980,1		
323,3998	0,3943	981,4	980,5	980,1		
323,4832	0,4002	981,3	980,5	980,0		
323,5665	0,3976	981,4	980,5	980,2		
323,6498	0,4002	981,3	980,5	980,0		
323,7332	0,3926	981,4	980,6	980,1		
323,8165	0,4018	981,5	980,5	980,0		
323,8998	0,3926	981,5	980,6	980,1		
323,9832	0,3955	981,3	980,4	979,9		
324,0665	0,4010	981,4	980,6	980,2		
324,1498	0,3997	981,3	980,5	980,1		
324,2332	0,3989	981,4	980,6	980,1		
324,3165	0,4031	981,4	980,6	980,2		
324,3998	0,4039	981,4	980,5	980,1		
324,4832	0,3855	981,5	980,6	980,1		
324,5665	0,4014	981,4	980,5	980,1		
324,6498	0,3964	981,3	980,5	980,0		
324,7332	0,3934	981,4	980,5	980,1		
324,8165	0,3964	981,4	980,6	980,2		
324,8998	0,4006	981,4	980,5	980,1		
324,9832	0,4073	981,4	980,6	980,1		
325,0665	0,3968	981,3	980,5	980,2		
325,1498	0,3892	981,5	980,6	980,1		
325,2332	0,3939	981,4	980,5	980,1		
325,3165	0,3981	981,4	980,6	980,1		
325,3998	0,3939	981,3	980,5	980,1		
325,4832	0,3985	981,3	980,5	980,1		
325,5665	0,4027	981,4	980,5	980,1		
325,6498	0,3985	981,4	980,6	980,1		
325,7332	0,3989	981,5	980,7	980,3		
325,8165	0,3947	981,4	980,5	980,1		
325,8998	0,4031	981,4	980,5	980,1		
325,9832	0,4031	981,3	980,5	980,2		
326,0665	0,3993	981,4	980,5	980,1		
326,1498	0,4048	981,3	980,5	980,1		
326,2332	0,3964	981,3	980,5	980,0		
326,3165	0,4039	981,4	980,6	980,1		
326,3998	0,4077	981,4	980,6	980,1		
326,4832	0,4043	981,4	980,6	980,1		
326,5665	0,4039	981,3	980,5	980,0		
326,6498	0,3997	981,4	980,6	980,1		
326,7332	0,3964	981,3	980,5	980,0		
326,8165	0,3943	981,3	980,5	980,0		
326,8998	0,3943	981,3	980,5	980,1		
326,9832	0,4027	981,4	980,5	980,0		
327,0665	0,3968	981,1	980,4	980,0		
327,1498	0,3934	981,2	980,4	980,0		
327,2332	0,4039	981,4	980,5	980,1		
327,3165	0,3985	981,3	980,5	980,1		
327,3998	0,3955	981,3	980,5	980,1		
327,4832	0,3960	981,3	980,5	980,1		
327,5665	0,4035	981,4	980,5	980,1		
327,6498	0,4064	981,4	980,5	980,1		
327,7332	0,3964	981,4	980,6	980,1		
327,8165	0,3997	981,4	980,6	980,2		
327,8998	0,3985	981,3	980,5	980,1		
327,9832	0,4069	981,4	980,6	980,2		
328,0665	0,4098	981,4	980,6	980,2		
328,1498	0,4014	981,4	980,5	980,1		
328,2332	0,3922	981,4	980,6	980,1		
328,3165	0,3951	981,3	980,5	980,1		
328,3998	0,4014	981,4	980,5	980,1		
328,4832	0,4002	981,3	980,5	980,1		
328,5665	0,3947	981,3	980,5	980,1		
328,6498	0,4027	981,5	980,6	980,2		
328,7332	0,3930	981,4	980,5	980,1		
328,8165	0,3976	981,4	980,6	980,1		
328,8998	0,4018	981,3	980,5	980,0		
328,9832	0,3993	981,3	980,5	980,0		
329,0665	0,4048	981,3	980,5	980,1		
329,1498	0,4027	981,3	980,5	980,1		
329,2332	0,3981	981,3	980,5	980,1		
329,3165	0,4002	981,4	980,6	980,1		
329,3998	0,4039	981,4	980,5	980,1		
329,4832	0,4014	981,4	980,5	980,1		
329,5665	0,4006	981,3	980,5	980,1		
329,6498	0,3955	981,4	980,5	980,0		
329,7332	0,3993	981,3	980,5	980,1		
329,8165	0,4002	981,3	980,4	980,0		
329,8998	0,3968	981,5	980,5	980,1		
329,9832	0,4035	981,3	980,5	980,1		
330,0665	0,4073	981,3	980,5	980,1		
330,1498	0,3989	981,3	980,5	980,1		
330,2332	0,4077	981,3	980,5	980,0		
330,3165	0,3993	981,4	980,6	980,1		
330,3998	0,4010	981,4	980,5	980,1		
330,4832	0,4010	981,4	980,5	980,1		
330,5665	0,3985	981,3	980,5	980,1		
330,6498	0,4010	981,3	980,4	980,1		
330,7332	0,3989	981,3	980,5	980,0		
330,8165	0,4056	981,3	980,4	980,1		
330,8998	0,4052	981,4	980,6	980,1		
330,9832	0,3997	981,4	980,6	980,1		
331,0665	0,4090	981,3	980,4	980,0		
331,1498	0,4064	981,3	980,5	980,1		
331,2332	0,4006	981,3	980,5	980,0		
331,3165	0,4018	981,3	980,5	980,0		
331,3998	0,4064	981,3	980,5	980,1		
331,4832	0,4031	981,3	980,5	980,1		
331,5665	0,4014	981,3	980,4	980,0		
331,6498	0,3989	981,4	980,5	980,1		
331,7332	0,4077	981,3	980,5	980,0		
331,8165	0,4039	981,3	980,4	980,0		
331,8998	0,3981	981,4	980,6	980,1		
331,9832	0,3993	981,3	980,4	980,0		
332,0665	0,4002	981,4	980,5	980,1		
332,1498	0,4060	981,3	980,5	980,1		
332,2332	0,4115	981,3	980,5	980,1		
332,3165	0,4031	981,3	980,4	980,0		
332,3998	0,4048	981,4	980,5	980,1		
332,4832	0,3997	981,4	980,5	980,1		
332,5665	0,4052	981,4	980,6	980,1		
332,6498	0,4018	981,3	980,5	980,2		
332,7332	0,4081	981,4	980,5	980,1		
332,8165	0,4035	981,3	980,5	980,1		
332,8998	0,3981	981,4	980,5	980,1		
332,9832	0,3985	981,4	980,5	980,1		
333,0665	0,3989	981,3	980,5	980,0		
333,1498	0,4035	981,3	980,4	980,0		
333,2332	0,4043	981,3	980,5	980,0		
333,3165	0,3993	981,2	980,4	980,0		
333,3998	0,4002	981,4	980,5	980,1		
333,4832	0,4014	981,4	980,5	980,1		
333,5665	0,4027	981,3	980,5	980,0		
333,6498	0,4043	981,3	980,5	980,1		
333,7332	0,4090	981,3	980,4	980,0		
333,8165	0,4018	981,4	980,5	980,1		
333,8998	0,3976	981,3	980,5	980,1		
333,9832	0,4064	981,4	980,5	980,0		
334,0665	0,4018	981,3	980,5	980,1		
334,1498	0,4085	981,4	980,5	980,1		
334,2332	0,4035	981,3	980,5	980,0		
334,3165	0,4018	981,3	980,5	980,1		
334,3998	0,3993	981,5	980,6	980,1		
334,4832	0,4027	981,4	980,5	980,1		
334,5665	0,4090	981,3	980,4	980,0		
334,6498	0,4048	981,3	980,5	980,1		
334,7332	0,3993	981,3	980,5	980,0		
334,8165	0,4048	981,3	980,5	980,1		
334,8998	0,4119	981,4	980,5	980,1		
334,9832	0,4048	981,4	980,5	980,1		
335,0665	0,4043	981,3	980,5	980,1		
335,1498	0,4073	981,3	980,5	980,1		
335,2332	0,4018	981,3	980,5	980,1		
335,3165	0,4069	981,3	980,5	980,2		
335,3998	0,4048	981,3	980,4	980,1		
335,4832	0,3997	981,4	980,5	980,1		
335,5665	0,4039	981,4	980,5	980,1		
335,6498	0,4069	981,2	980,4	980,0		
335,7332	0,4081	981,4	980,5	980,1		
335,8165	0,4043	981,3	980,5	980,1		
335,8998	0,4039	981,4	980,5	980,2		
335,9832	0,4043	981,4	980,5	980,1		
336,0665	0,3939	981,2	980,4	979,9		
336,1498	0,4014	981,2	980,4	980,0		
336,2332	0,4073	981,3	980,4	980,1		
336,3165	0,4006	981,4	980,5	980,1		
336,3998	0,4077	981,4	980,5	980,1		
336,4832	0,4111	981,4	980,5	980,1		
336,5665	0,4048	981,3	980,5	980,1		
336,6498	0,4069	981,2	980,4	980,0		
336,7332	0,4073	981,3	980,4	980,0		
336,8165	0,4085	981,4	980,5	980,1		
336,8998	0,4090	981,4	980,5	980,1		
336,9832	0,4098	981,4	980,5	980,1		
337,0665	0,4106	981,4	980,5	980,1		
337,1498	0,4098	981,4	980,5	980,1		
337,2332	0,4144	981,2	980,4	980,0		
337,3165	0,4069	981,4	980,5	980,1		
337,3998	0,4073	981,4	980,5	980,1		
337,4832	0,4052	981,4	980,4	980,0		
337,5665	0,4052	981,4	980,5	980,1		
337,6498	0,4052	981,2	980,5	980,1		
337,7332	0,4077	981,3	980,5	980,1		
337,8165	0,4136	981,4	980,5	980,1		
337,8998	0,4077	981,3	980,4	980,0		
337,9832	0,4123	981,3	980,6	980,1		
338,0665	0,4064	981,4	980,6	980,1		
338,1498	0,4073	981,3	980,5	980,2		
338,2332	0,4190	981,3	980,6	980,2		
338,3165	0,4073	981,4	980,5	980,1		
338,3998	0,4039	981,3	980,5	980,0		
338,4832	0,4081	981,4	980,5	980,1		
338,5665	0,4031	981,4	980,6	980,1		
338,6498	0,4098	981,4	980,5	980,1		
338,7332	0,4056	981,2	980,4	979,9		
338,8165	0,4073	981,3	980,5	980,0		
338,8998	0,4064	981,3	980,5	980,1		
338,9832	0,4056	981,3	980,5	980,1		
339,0665	0,4069	981,4	980,6	980,1		
339,1498	0,4043	981,5	980,6	980,1		
339,2332	0,4115	981,3	980,5	980,1		
339,3165	0,4060	981,3	980,5	980,1		
339,3998	0,4090	981,3	980,5	980,1		
339,4832	0,4098	981,4	980,5	980,1		
339,5665	0,4119	981,3	980,5	980,2		
339,6498	0,4081	981,4	980,5	980,1		
339,7332	0,4077	981,3	980,5	980,1		
339,8165	0,4043	981,2	980,4	980,0		
339,8998	0,4064	981,3	980,5	980,2		
339,9832	0,4140	981,4	980,6	980,2		
340,0665	0,4039	981,4	980,6	980,1		
340,1498	0,4094	981,4	980,6	980,2		
340,2332	0,4136	981,4	980,5	980,1		
340,3165	0,4119	981,4	980,5	980,0		
340,3998	0,4081	981,4	980,5	980,1		
340,4832	0,4018	981,4	980,6	980,2		
340,5665	0,4035	981,3	980,5	980,1		
340,6498	0,4069	981,4	980,5	980,0		
340,7332	0,4085	981,3	980,5	980,1		
340,8165	0,4094	981,3	980,5	980,0		
340,8998	0,4060	981,3	980,5	980,1		
340,9832	0,4132	981,4	980,6	980,2		
341,0665	0,4094	981,2	980,5	980,1		
341,1498	0,4136	981,3	980,4	980,0		
341,2332	0,4043	981,3	980,5	980,0		
341,3165	0,4048	981,3	980,4	979,9		
341,3998	0,4077	981,4	980,6	980,1		
341,4832	0,4043	981,4	980,5	980,1		
341,5665	0,4132	981,4	980,6	980,1		
341,6498	0,4081	981,4	980,5	980,0		
341,7332	0,4207	981,4	980,5	980,0		
341,8165	0,4136	981,5	980,6	980,1		
341,8998	0,4098	981,3	980,4	979,9		
341,9832	0,4073	981,3	980,4	980,0		
342,0665	0,4106	981,3	980,4	980,0		
342,1498	0,4081	981,4	980,5	980,1		
342,2332	0,4094	981,4	980,6	980,1		
342,3165	0,4157	981,3	980,5	980,1		
342,3998	0,4081	981,3	980,5	980,1		
342,4832	0,4060	981,3	980,5	980,0		
342,5665	0,4157	981,4	980,6	980,2		
342,6498	0,4094	981,4	980,5	980,0		
342,7332	0,4106	981,5	980,6	980,1		
342,8165	0,4106	981,4	980,5	980,0		
342,8998	0,4077	981,2	980,5	980,0		
342,9832	0,4048	981,3	980,5	980,1		
343,0665	0,4153	981,4	980,6	980,2		
343,1498	0,4115	981,3	980,5	980,1		
343,2332	0,4106	981,4	980,6	980,1		
343,3165	0,4069	981,4	980,6	980,2		
343,3998	0,4119	981,4	980,5	980,1		
343,4832	0,4069	981,4	980,5	980,1		
343,5665	0,4127	981,2	980,5	980,0		
343,6498	0,4035	981,3	980,6	980,2		
343,7332	0,4123	981,4	980,5	980,0		
343,8165	0,4140	981,4	980,5	980,1		
343,8998	0,4115	981,4	980,5	980,1		
343,9832	0,4052	981,4	980,5	980,1		
344,0665	0,4069	981,3	980,5	980,1		
344,1498	0,4085	981,3	980,5	980,1		
344,2332	0,4127	981,3	980,5	980,1		
344,3165	0,4043	981,3	980,5	980,1		
344,3998	0,4111	981,3	980,5	980,1		
344,4832	0,4090	981,3	980,5	980,1		
344,5665	0,4157	981,5	980,6	980,1		
344,6498	0,4157	981,3	980,4	980,0		
344,7332	0,4027	981,3	980,4	980,0		
344,8165	0,4102	981,4	980,5	980,1		
344,8998	0,4123	981,3	980,5	980,1		
344,9832	0,4161	981,3	980,5	980,1		
345,0665	0,4106	981,4	980,5	980,1		
345,1498	0,4119	981,4	980,5	980,2		
345,2332	0,4090	981,4	980,5	980,0		
345,3165	0,4228	981,4	980,5	980,1		
345,3998	0,4132	981,4	980,5	980,1		
345,4832	0,4165	981,4	980,5	980,1		
345,5665	0,4094	981,4	980,6	980,1		
345,6498	0,4073	981,4	980,5	980,1		
345,7332	0,4106	981,4	980,5	980,0		
345,8165	0,4132	981,4	980,5	979,9		
345,8998	0,4064	981,3	980,5	980,0		
345,9832	0,4119	981,3	980,5	980,1		
346,0665	0,4144	981,3	980,5	980,1		
346,1498	0,4102	981,3	980,5	980,1		
346,2332	0,4140	981,4	980,6	980,1		
346,3165	0,4207	981,3	980,5	980,0		
346,3998	0,4119	981,4	980,5	980,0		
346,4832	0,4090	981,4	980,6	980,1		
346,5665	0,4098	981,4	980,5	980,1		
346,6498	0,4127	981,3	980,4	980,0		
346,7332	0,4115	981,3	980,4	980,0		
346,8165	0,4161	981,5	980,6	980,1		
346,8998	0,4102	981,3	980,5	980,0		
346,9832	0,4182	981,3	980,5	980,1		
347,0665	0,4106	981,3	980,5	980,1		
347,1498	0,4022	981,4	980,6	980,1		
347,2332	0,4077	981,3	980,5	980,1		
347,3165	0,4207	981,3	980,4	980,0		
347,3998	0,4077	981,3	980,5	980,1		
347,4832	0,4115	981,4	980,5	980,1		
347,5665	0,4136	981,3	980,5	980,2		
347,6498	0,4077	981,4	980,6	980,1		
347,7332	0,4102	981,3	980,5	980,1		
347,8165	0,4098	981,4	980,6	980,2		
347,8998	0,4173	981,4	980,5	980,0		
347,9832	0,4094	981,3	980,5	980,1		
348,0665	0,4153	981,3	980,5	980,1		
348,1498	0,4169	981,3	980,6	980,2		
348,2332	0,4098	981,3	980,5	980,1		
348,3165	0,4144	981,3	980,4	980,0		
348,3998	0,4186	981,3	980,5	980,1		
348,4832	0,4094	981,3	980,5	980,0		
348,5665	0,4077	981,4	980,6	980,0		
348,6498	0,4111	981,3	980,5	980,1		
348,7332	0,4098	981,3	980,5	980,0		
348,8165	0,4207	981,4	980,6	980,1		
348,8998	0,4182	981,3	980,5	980,2		
348,9832	0,4119	981,3	980,5	980,1		
349,0665	0,4132	981,3	980,5	980,0		
349,1498	0,4161	981,4	980,5	980,1		
349,2332	0,4123	981,4	980,5	980,1		
349,3165	0,4115	981,4	980,5	980,1		
349,3998	0,4094	981,3	980,5	980,1		
349,4832	0,4123	981,3	980,5	980,1		
349,5665	0,4106	981,3	980,5	980,0		
349,6498	0,4148	981,3	980,5	980,1		
349,7332	0,4098	981,3	980,5	980,1		
349,8165	0,4161	981,4	980,5	980,1		
349,8998	0,4144	981,4	980,5	980,1		
349,9832	0,4228	981,4	980,5	980,1		
350,0665	0,4190	981,4	980,5	980,1		
350,1498	0,4127	981,5	980,6	980,0		
350,2332	0,4094	981,4	980,6	980,0		
350,3165	0,4106	981,3	980,4	980,0		
350,3998	0,4140	981,2	980,5	980,1		
350,4832	0,4119	981,3	980,5	980,1		
350,5665	0,4173	981,4	980,6	980,1		
350,6498	0,4090	981,4	980,5	980,1		
350,7332	0,4169	981,4	980,5	980,2		
350,8165	0,4194	981,3	980,5	980,1		
350,8998	0,4094	981,5	980,6	980,2		
350,9832	0,4194	981,4	980,5	980,1		
351,0665	0,4119	981,3	980,4	980,1		
351,1498	0,4144	981,3	980,5	980,1		
351,2332	0,4182	981,4	980,5	980,1		
351,3165	0,4262	981,3	980,5	980,1		
351,3998	0,4136	981,4	980,6	980,3		
351,4832	0,4144	981,4	980,5	980,1		
351,5665	0,4215	981,5	980,5	980,1		
351,6498	0,4136	981,3	980,5	980,1		
351,7332	0,4224	981,4	980,5	980,0		
351,8165	0,4136	981,4	980,5	980,2		
351,8998	0,4106	981,3	980,5	980,1		
351,9832	0,4132	981,4	980,5	980,1		
352,0665	0,4165	981,5	980,6	980,1		
352,1498	0,4144	981,4	980,5	980,1		
352,2332	0,4161	981,4	980,6	980,1		
352,3165	0,4178	981,4	980,5	980,1		
352,3998	0,4144	981,3	980,4	980,1		
352,4832	0,4169	981,3	980,5	980,1		
352,5665	0,4157	981,4	980,5	980,1		
352,6498	0,4157	981,4	980,6	980,2		
352,7332	0,4144	981,3	980,5	980,0		
352,8165	0,4140	981,4	980,6	980,2		
352,8998	0,4090	981,3	980,4	980,0		
352,9832	0,4178	981,3	980,5	980,1		
353,0665	0,4178	981,4	980,6	980,1		
353,1498	0,4123	981,3	980,5	980,1		
353,2332	0,4161	981,3	980,5	980,1		
353,3165	0,4161	981,4	980,5	980,1		
353,3998	0,4111	981,3	980,6	980,1		
353,4832	0,4169	981,3	980,5	980,0		
353,5665	0,4182	981,4	980,5	980,1		
353,6498	0,4136	981,4	980,5	980,1		
353,7332	0,4169	981,5	980,5	980,1		
353,8165	0,4140	981,3	980,5	980,1		
353,8998	0,4064	981,3	980,5	980,0		
353,9832	0,4085	981,3	980,5	980,1		
354,0665	0,4199	981,4	980,5	980,1		
354,1498	0,4190	981,4	980,5	980,1		
354,2332	0,4169	981,4	980,5	980,1		
354,3165	0,4136	981,3	980,5	980,1		
354,3998	0,4236	981,3	980,5	980,1		
354,4832	0,4157	981,3	980,5	980,1		
354,5665	0,4165	981,3	980,5	980,1		
354,6498	0,4199	981,4	980,5	980,1		
354,7332	0,4144	981,4	980,5	980,1		
354,8165	0,4157	981,3	980,5	980,1		
354,8998	0,4207	981,3	980,5	980,1		
354,9832	0,4245	981,4	980,5	980,1		
355,0665	0,4228	981,4	980,5	980,2		
355,1498	0,4127	981,4	980,6	980,1		
355,2332	0,4136	981,4	980,5	980,1		
355,3165	0,4144	981,4	980,5	980,1		
355,3998	0,4207	981,3	980,5	980,1		
355,4832	0,4169	981,4	980,5	980,1		
355,5665	0,4119	981,3	980,5	980,2		
355,6498	0,4194	981,3	980,4	980,1		
355,7332	0,4102	981,4	980,5	980,1		
355,8165	0,4203	981,4	980,5	980,1		
355,8998	0,4199	981,3	980,5	980,1		
355,9832	0,4127	981,4	980,5	980,1		
356,0665	0,4136	981,4	980,5	980,2		
356,1498	0,4178	982,0	981,0	980,4		
356,2332	0,4203	981,4	980,5	980,1		
356,3165	0,4182	981,1	980,3	980,0		
356,3998	0,4165	981,3	980,5	980,1		
356,4832	0,4186	981,3	980,5	980,1		
356,5665	0,4094	981,4	980,5	980,2		
356,6498	0,4207	981,3	980,4	980,0		
356,7332	0,4253	981,4	980,6	980,2		
356,8165	0,4132	981,4	980,5	980,1		
356,8998	0,4178	981,3	980,5	980,1		
356,9832	0,4190	981,3	980,5	980,1		
357,0665	0,4190	981,3	980,5	980,1		
357,1498	0,4169	981,4	980,6	980,2		
357,2332	0,4157	981,4	980,5	980,1		
357,3165	0,4190	981,4	980,5	980,1		
357,3998	0,4194	981,3	980,5	980,2		
357,4832	0,4236	981,3	980,5	980,0		
357,5665	0,4178	981,3	980,5	980,1		
357,6498	0,4262	981,5	980,6	980,2		
357,7332	0,4215	981,4	980,5	980,1		
357,8165	0,4199	981,3	980,4	980,0		
357,8998	0,4182	981,3	980,5	980,1		
357,9832	0,4228	981,4	980,5	980,2		
358,0665	0,4090	981,3	980,5	980,2		
358,1498	0,4215	981,2	980,5	980,0		
358,2332	0,4194	981,4	980,5	980,1		
358,3165	0,4173	981,4	980,5	980,1		
358,3998	0,4178	981,3	980,5	980,0		
358,4832	0,4144	981,3	980,6	980,2		
358,5665	0,4228	981,3	980,5	980,1		
358,6498	0,4215	981,3	980,5	980,1		
358,7332	0,4173	981,3	980,5	980,1		
358,8165	0,4161	981,4	980,5	980,1		
358,8998	0,4199	981,2	980,4	980,0		
358,9832	0,4190	981,3	980,5	980,1		
359,0665	0,4245	981,4	980,5	980,1		
359,1498	0,4173	981,3	980,5	980,1		
359,2332	0,4153	981,4	980,5	980,1		
359,3165	0,4169	981,3	980,5	980,1		
359,3998	0,4190	981,3	980,5	980,1		
359,4832	0,4153	981,3	980,5	980,1		
359,5665	0,4153	981,3	980,5	980,0		
359,6498	0,4241	981,2	980,4	980,0		
359,7332	0,4153	981,3	980,5	980,1		
359,8165	0,4203	981,4	980,6	980,3		
359,8998	0,4182	981,3	980,5	980,2		
359,9832	0,4173	981,3	980,4	980,0		
360,0665	0,4182	981,3	980,4	980,0		
360,1498	0,4178	981,4	980,6	980,1		
360,2332	0,4190	981,4	980,5	980,1		
360,3165	0,4199	981,3	980,5	980,0		
360,3998	0,4241	981,3	980,5	980,1		
360,4832	0,4098	981,3	980,5	980,1		
360,5665	0,4127	981,4	980,5	980,1		
360,6498	0,4127	981,3	980,5	980,2		
360,7332	0,4136	981,4	980,5	980,1		
360,8165	0,4257	981,2	980,5	980,0		
360,8998	0,4207	981,3	980,5	980,1		
360,9832	0,4203	981,4	980,6	980,2		
361,0665	0,4203	981,4	980,6	980,2		
361,1498	0,4262	981,4	980,5	980,1		
361,2332	0,4278	981,4	980,5	980,1		
361,3165	0,4190	981,3	980,5	980,1		
361,3998	0,4190	981,3	980,4	980,0		
361,4832	0,4182	981,3	980,5	980,2		
361,5665	0,4211	981,4	980,5	980,1		
361,6498	0,4199	981,4	980,6	980,1		
361,7332	0,4249	981,4	980,5	980,1		
361,8165	0,4161	981,3	980,4	980,0		
361,8998	0,4178	981,3	980,5	980,1		
361,9832	0,4224	981,4	980,5	980,2		
362,0665	0,4236	981,3	980,5	980,2		
362,1498	0,4203	981,3	980,5	980,1		
362,2332	0,4148	981,4	980,6	980,2		
362,3165	0,4257	981,4	980,5	980,1		
362,3998	0,4140	981,3	980,5	980,1		
362,4832	0,4215	981,3	980,5	980,1		
362,5665	0,4228	981,4	980,6	980,2		
362,6498	0,4232	981,3	980,6	980,2		
362,7332	0,4228	981,3	980,5	980,1		
362,8165	0,4207	981,4	980,5	980,2		
362,8998	0,4173	981,4	980,5	980,1		
362,9832	0,4249	981,4	980,5	980,1		
363,0665	0,4207	981,3	980,5	980,1		
363,1498	0,4173	981,3	980,6	980,1		
363,2332	0,4232	981,3	980,5	980,1		
363,3165	0,4178	981,3	980,6	980,1		
363,3998	0,4215	981,3	980,5	980,1		
363,4832	0,4190	981,3	980,5	980,1		
363,5665	0,4169	981,4	980,6	980,1		
363,6498	0,4228	981,4	980,5	980,1		
363,7332	0,4249	981,3	980,5	980,0		
363,8165	0,4182	981,4	980,5	980,2		
363,8998	0,4211	981,3	980,4	980,0		
363,9832	0,4266	981,3	980,5	980,0		
364,0665	0,4257	981,4	980,5	980,1		
364,1498	0,4270	981,4	980,5	980,1		
364,2332	0,4173	981,3	980,5	980,1		
364,3165	0,4270	981,3	980,5	980,1		
364,3998	0,4215	981,3	980,4	980,0		
364,4832	0,4270	981,3	980,5	980,1		
364,5665	0,4266	981,3	980,5	980,1		
364,6498	0,4211	981,4	980,5	980,1		
364,7332	0,4232	981,4	980,5	980,1		
364,8165	0,4190	981,3	980,5	980,0		
364,8998	0,4236	981,3	980,6	980,3		
364,9832	0,4262	981,3	980,5	980,1		
365,0665	0,4236	981,4	980,5	980,1		
365,1498	0,4220	981,4	980,5	980,1		
365,2332	0,4207	981,3	980,4	980,0		
365,3165	0,4253	981,3	980,5	980,1		
365,3998	0,4249	981,3	980,5	980,1		
365,4832	0,4295	981,3	980,4	980,1		
365,5665	0,4169	981,4	980,5	980,1		
365,6498	0,4211	981,4	980,5	980,0		
365,7332	0,4245	981,3	980,5	980,1		
365,8165	0,4283	981,3	980,5	980,1		
365,8998	0,4215	981,3	980,5	980,2		
365,9832	0,4232	981,3	980,5	980,1		
366,0665	0,4190	981,4	980,5	980,0		
366,1498	0,4203	981,3	980,5	980,0		
366,2332	0,4241	981,3	980,5	980,1		
366,3165	0,4211	981,3	980,4	980,1		
366,3998	0,4270	981,4	980,5	980,1		
366,4832	0,4262	981,3	980,4	980,0		
366,5665	0,4253	981,4	980,5	980,2		
366,6498	0,4236	981,4	980,5	980,1		
366,7332	0,4203	981,3	980,5	980,1		
366,8165	0,4232	981,3	980,5	980,1		
366,8998	0,4224	981,3	980,5	980,1		
366,9832	0,4203	981,3	980,5	980,1		
367,0665	0,4283	981,3	980,4	980,1		
367,1498	0,4304	981,4	980,5	980,1		
367,2332	0,4211	981,3	980,5	980,1		
367,3165	0,4203	981,3	980,5	980,1		
367,3998	0,4186	981,2	980,4	980,0		
367,4832	0,4148	981,2	980,5	980,1		
367,5665	0,4215	981,3	980,5	980,2		
367,6498	0,4266	981,4	980,5	980,1		
367,7332	0,4270	981,3	980,5	980,1		
367,8165	0,4245	981,4	980,6	980,2		
367,8998	0,4236	981,3	980,5	980,1		
367,9832	0,4274	981,3	980,4	980,0		
368,0665	0,4232	981,4	980,5	980,2		
368,1498	0,4236	981,4	980,5	980,1		
368,2332	0,4211	981,3	980,5	980,1		
368,3165	0,4278	981,2	980,5	980,1		
368,3998	0,4270	981,3	980,5	980,1		
368,4832	0,4283	981,4	980,5	980,1		
368,5665	0,4253	981,3	980,5	980,2		
368,6498	0,4270	981,4	980,7	980,3		
368,7332	0,4228	981,3	980,5	980,1		
368,8165	0,4228	981,3	980,4	979,9		
368,8998	0,4350	981,3	980,5	979,9		
368,9832	0,4320	981,4	980,5	980,1		
369,0665	0,4262	981,3	980,5	980,2		
369,1498	0,4262	981,3	980,5	980,1		
369,2332	0,4266	981,2	980,4	980,0		
369,3165	0,4203	981,4	980,6	980,1		
369,3998	0,4266	981,3	980,6	980,1		
369,4832	0,4283	981,3	980,5	980,1		
369,5665	0,4211	981,4	980,6	980,1		
369,6498	0,4249	981,4	980,5	980,2		
369,7332	0,4283	981,4	980,5	980,1		
369,8165	0,4262	981,3	980,5	980,1		
369,8998	0,4304	981,3	980,5	980,1		
369,9832	0,4253	981,4	980,5	980,1		
370,0665	0,4253	981,3	980,5	980,1		
370,1498	0,4299	981,4	980,5	980,2		
370,2332	0,4157	981,4	980,5	980,1		
370,3165	0,4257	981,4	980,5	980,1		
370,3998	0,4308	981,4	980,6	980,2		
370,4832	0,4224	981,4	980,5	980,1		
370,5665	0,4299	981,3	980,5	980,1		
370,6498	0,4278	981,3	980,5	980,1		
370,7332	0,4203	981,3	980,5	980,1		
370,8165	0,4341	981,4	980,5	980,1		
370,8998	0,4211	981,4	980,5	980,1		
370,9832	0,4304	981,4	980,6	980,2		
371,0665	0,4262	981,4	980,5	980,1		
371,1498	0,4262	981,2	980,5	980,0		
371,2332	0,4308	981,4	980,6	980,2		
371,3165	0,4253	981,4	980,6	980,2		
371,3998	0,4245	981,4	980,5	980,1		
371,4832	0,4283	981,3	980,5	980,0		
371,5665	0,4262	981,4	980,6	980,2		
371,6498	0,4270	981,4	980,6	980,2		
371,7332	0,4345	981,4	980,5	980,1		
371,8165	0,4270	981,4	980,5	980,1		
371,8998	0,4161	981,4	980,5	980,1		
371,9832	0,4220	981,4	980,6	980,1		
372,0665	0,4333	981,3	980,4	980,0		
372,1498	0,4215	981,3	980,5	980,1		
372,2332	0,4308	981,3	980,6	980,1		
372,3165	0,4283	981,4	980,5	980,1		
372,3998	0,4262	981,4	980,5	980,1		
372,4832	0,4257	981,3	980,5	980,1		
372,5665	0,4211	981,3	980,5	980,1		
372,6498	0,4236	981,3	980,5	980,1		
372,7332	0,4337	981,3	980,5	980,1		
372,8165	0,4404	981,3	980,5	980,1		
372,8998	0,4345	981,3	980,5	980,1		
372,9832	0,4270	981,4	980,6	980,3		
373,0665	0,4299	981,4	980,5	980,2		
373,1498	0,4278	981,4	980,5	980,1		
373,2332	0,4270	981,3	980,5	980,1		
373,3165	0,4304	981,3	980,5	980,0		
373,3998	0,4329	981,4	980,5	980,1		
373,4832	0,4211	981,4	980,5	980,1		
373,5665	0,4257	981,5	980,6	980,2		
373,6498	0,4316	981,4	980,5	980,0		
373,7332	0,4337	981,3	980,5	980,2		
373,8165	0,4257	981,4	980,5	980,1		
373,8998	0,4329	981,4	980,6	980,4		
373,9832	0,4304	981,5	980,6	980,2		
374,0665	0,4262	981,3	980,5	980,0		
374,1498	0,4270	981,3	980,5	980,1		
374,2332	0,4215	981,3	980,5	980,1		
374,3165	0,4320	981,4	980,5	980,1		
374,3998	0,4350	981,4	980,6	980,2		
374,4832	0,4337	981,4	980,5	980,1		
374,5665	0,4241	981,4	980,5	980,1		
374,6498	0,4283	981,3	980,5	980,1		
374,7332	0,4299	981,4	980,5	980,1		
374,8165	0,4304	981,4	980,5	980,1		
374,8998	0,4283	981,4	980,5	980,2		
374,9832	0,4304	981,3	980,5	980,1		
375,0665	0,4253	981,4	980,5	980,1		
375,1498	0,4283	981,4	980,5	980,1		
375,2332	0,4320	981,3	980,5	980,1		
375,3165	0,4295	981,4	980,5	980,1		
375,3998	0,4308	981,4	980,6	980,1		
375,4832	0,4299	981,4	980,5	980,1		
375,5665	0,4304	981,3	980,5	980,1		
375,6498	0,4304	981,3	980,5	980,1		
375,7332	0,4304	981,3	980,6	980,2		
375,8165	0,4329	981,4	980,6	980,2		
375,8998	0,4354	981,4	980,5	980,2		
375,9832	0,4375	981,4	980,6	980,2		
376,0665	0,4287	981,3	980,5	980,1		
376,1498	0,4249	981,5	980,5	980,2		
376,2332	0,4392	981,4	980,6	980,2		
376,3165	0,4287	981,4	980,5	980,1		
376,3998	0,4283	981,4	980,6	980,2		
376,4832	0,4320	981,4	980,5	980,2		
376,5665	0,4312	981,3	980,6	980,2		
376,6498	0,4350	981,3	980,5	980,2		
376,7332	0,4295	981,4	980,6	980,2		
376,8165	0,4304	981,4	980,5	980,1		
376,8998	0,4358	981,4	980,6	980,1		
376,9832	0,4291	981,3	980,6	980,2		
377,0665	0,4396	981,4	980,6	980,1		
377,1498	0,4312	981,4	980,5	980,1		
377,2332	0,4308	981,4	980,5	980,1		
377,3165	0,4345	981,4	980,5	980,1		
377,3998	0,4312	981,4	980,5	980,1		
377,4832	0,4295	981,3	980,5	980,1		
377,5665	0,4341	981,4	980,5	980,1		
377,6498	0,4375	981,4	980,6	980,2		
377,7332	0,4341	981,4	980,6	980,2		
377,8165	0,4241	981,3	980,5	980,1		
377,8998	0,4278	981,4	980,6	980,1		
377,9832	0,4316	981,4	980,5	980,1		
378,0665	0,4312	981,5	980,6	980,2		
378,1498	0,4329	981,3	980,5	980,1		
378,2332	0,4329	981,4	980,5	980,2		
378,3165	0,4312	981,4	980,5	980,1		
378,3998	0,4324	981,4	980,5	980,2		
378,4832	0,4316	981,5	980,6	980,2		
378,5665	0,4283	981,5	980,6	980,1		
378,6498	0,4333	981,4	980,6	980,2		
378,7332	0,4375	981,3	980,5	980,1		
378,8165	0,4392	981,4	980,5	980,1		
378,8998	0,4295	981,4	980,5	980,2		
378,9832	0,4312	981,4	980,6	980,2		
379,0665	0,4337	981,5	980,6	980,2		
379,1498	0,4262	981,5	980,6	980,2		
379,2332	0,4341	981,4	980,5	980,2		
379,3165	0,4304	981,4	980,5	980,2		
379,3998	0,4362	981,4	980,6	980,2		
379,4832	0,4354	981,3	980,5	980,1		
379,5665	0,4266	981,4	980,6	980,2		
379,6498	0,4324	981,4	980,5	980,1		
379,7332	0,4341	981,3	980,5	980,1		
379,8165	0,4316	981,3	980,6	980,2		
379,8998	0,4341	981,4	980,5	980,2		
379,9832	0,4287	981,3	980,6	980,2		
380,0665	0,4295	981,4	980,6	980,2		
380,1498	0,4291	981,4	980,5	980,1		
380,2332	0,4312	981,3	980,5	980,2		
380,3165	0,4320	981,4	980,6	980,2		
380,3998	0,4375	981,4	980,6	980,1		
380,4832	0,4274	981,4	980,6	980,1		
380,5665	0,4341	981,4	980,5	980,1		
380,6498	0,4308	981,3	980,5	980,2		
380,7332	0,4299	981,3	980,5	980,0		
380,8165	0,4287	981,4	980,5	980,1		
380,8998	0,4324	981,4	980,5	980,1		
380,9832	0,4383	981,4	980,5	980,1		
381,0665	0,4291	981,3	980,5	980,1		
381,1498	0,4408	981,5	980,6	980,2		
381,2332	0,4337	981,4	980,6	980,2		
381,3165	0,4329	981,3	980,5	980,2		
381,3998	0,4308	981,4	980,6	980,1		
381,4832	0,4320	981,4	980,6	980,1		
381,5665	0,4316	981,4	980,6	980,2		
381,6498	0,4283	981,3	980,5	980,1		
381,7332	0,4345	981,4	980,6	980,1		
381,8165	0,4354	981,2	980,5	980,1		
381,8998	0,4337	981,4	980,6	980,1		
381,9832	0,4329	981,4	980,6	980,1		
382,0665	0,4333	981,5	980,6	980,2		
382,1498	0,4312	981,4	980,5	980,1		
382,2332	0,4350	981,3	980,5	980,1		
382,3165	0,4375	981,4	980,5	980,2		
382,3998	0,4442	981,4	980,6	980,2		
382,4832	0,4421	981,4	980,6	980,2		
382,5665	0,4308	981,4	980,6	980,2		
382,6498	0,4316	981,4	980,6	980,2		
382,7332	0,4316	981,4	980,6	980,2		
382,8165	0,4392	981,4	980,5	980,1		
382,8998	0,4312	981,4	980,6	980,1		
382,9832	0,4283	981,4	980,6	980,1		
383,0665	0,4270	981,4	980,6	980,1		
383,1498	0,4375	981,5	980,6	980,2		
383,2332	0,4283	981,3	980,5	980,0		
383,3165	0,4324	981,3	980,4	980,0		
383,3998	0,4375	981,3	980,5	980,0		
383,4832	0,4371	981,4	980,5	980,1		
383,5665	0,4337	981,4	980,5	980,1		
383,6498	0,4358	981,4	980,5	980,2		
383,7332	0,4312	981,3	980,4	980,1		
383,8165	0,4438	981,4	980,5	980,2		
383,8998	0,4354	981,4	980,6	980,2		
383,9832	0,4341	981,4	980,5	980,1		
384,0665	0,4354	981,5	980,5	980,2		
384,1498	0,4442	981,5	980,5	980,2		
384,2332	0,4345	981,3	980,5	980,1		
384,3165	0,4362	981,4	980,6	980,2		
384,3998	0,4287	981,4	980,6	980,2		
384,4832	0,4413	981,4	980,5	980,2		
384,5665	0,4362	981,4	980,6	980,2		
384,6498	0,4299	981,4	980,5	980,1		
384,7332	0,4400	981,3	980,5	980,1		
384,8165	0,4366	981,3	980,5	980,1		
384,8998	0,4354	981,3	980,5	980,2		
384,9832	0,4371	981,3	980,5	980,1		
385,0665	0,4371	981,4	980,5	980,2		
385,1498	0,4362	981,4	980,5	980,1		
385,2332	0,4392	981,3	980,5	980,1		
385,3165	0,4329	981,4	980,6	980,2		
385,3998	0,4345	981,4	980,6	980,2		
385,4832	0,4366	981,4	980,6	980,2		
385,5665	0,4362	981,4	980,5	980,1		
385,6498	0,4362	981,3	980,5	980,1		
385,7332	0,4366	981,3	980,5	980,1		
385,8165	0,4425	981,3	980,5	980,2		
385,8998	0,4358	981,3	980,5	980,2		
385,9832	0,4387	981,4	980,6	980,2		
386,0665	0,4362	981,4	980,5	980,1		
386,1498	0,4375	981,4	980,6	980,1		
386,2332	0,4413	981,3	980,5	980,1		
386,3165	0,4413	981,4	980,6	980,1		
386,3998	0,4392	981,3	980,5	980,1		
386,4832	0,4324	981,4	980,5	980,2		
386,5665	0,4362	981,4	980,6	980,1		
386,6498	0,4387	981,3	980,5	980,1		
386,7332	0,4333	981,3	980,5	980,0		
386,8165	0,4333	981,3	980,6	980,2		
386,8998	0,4404	981,4	980,6	980,2		
386,9832	0,4400	981,4	980,6	980,1		
387,0665	0,4299	981,3	980,4	980,1		
387,1498	0,4266	981,4	980,6	980,2		
387,2332	0,4333	981,3	980,5	980,1		
387,3165	0,4371	981,3	980,5	980,1		
387,3998	0,4362	981,3	980,6	980,1		
387,4832	0,4408	981,4	980,5	980,2		
387,5665	0,4304	981,3	980,5	980,2		
387,6498	0,4312	981,4	980,6	980,2		
387,7332	0,4408	981,4	980,5	980,1		
387,8165	0,4438	981,3	980,5	980,1		
387,8998	0,4299	981,3	980,5	980,0		
387,9832	0,4383	981,3	980,6	980,2		
388,0665	0,4417	981,3	980,6	980,1		
388,1498	0,4404	981,4	980,5	980,1		
388,2332	0,4354	981,4	980,5	980,1		
388,3165	0,4379	981,4	980,5	980,1		
388,3998	0,4404	981,3	980,5	980,1		
388,4832	0,4400	981,3	980,5	980,1		
388,5665	0,4442	981,4	980,6	980,2		
388,6498	0,4358	981,3	980,5	980,2		
388,7332	0,4366	981,4	980,5	980,1		
388,8165	0,4366	981,4	980,5	980,1		
388,8998	0,4350	981,3	980,5	980,1		
388,9832	0,4459	981,4	980,5	980,1		
389,0665	0,4383	981,3	980,5	980,1		
389,1498	0,4438	981,4	980,5	980,1		
389,2332	0,4341	981,4	980,5	980,1		
389,3165	0,4396	981,4	980,5	980,1		
389,3998	0,4371	981,4	980,6	980,1		
389,4832	0,4425	981,4	980,6	980,2		
389,5665	0,4400	981,3	980,5	980,2		
389,6498	0,4396	981,4	980,5	980,1		
389,7332	0,4446	981,3	980,5	980,1		
389,8165	0,4396	981,5	980,6	980,2		
389,8998	0,4404	981,3	980,5	980,2		
389,9832	0,4383	981,4	980,5	980,1		
390,0665	0,4366	981,3	980,5	980,1		
390,1498	0,4333	981,3	980,6	980,1		
390,2332	0,4341	981,4	980,6	980,2		
390,3165	0,4354	981,5	980,6	980,1		
390,3998	0,4387	981,4	980,5	980,1		
390,4832	0,4387	981,4	980,6	980,0		
390,5665	0,4425	981,3	980,5	980,0		
390,6498	0,4429	981,4	980,6	980,1		
390,7332	0,4358	981,4	980,6	980,1		
390,8165	0,4316	981,5	980,6	980,1		
390,8998	0,4333	981,4	980,6	980,2		
390,9832	0,4480	981,3	980,4	980,1		
391,0665	0,4417	981,3	980,5	980,2		
391,1498	0,4404	981,4	980,5	980,1		
391,2332	0,4392	981,4	980,6	980,2		
391,3165	0,4366	981,3	980,5	980,1		
391,3998	0,4371	981,4	980,6	980,2		
391,4832	0,4345	981,4	980,5	980,1		
391,5665	0,4350	981,4	980,5	980,1		
391,6498	0,4337	981,4	980,5	980,1		
391,7332	0,4392	981,3	980,5	980,1		
391,8165	0,4467	981,4	980,5	980,2		
391,8998	0,4383	981,5	980,6	980,2		
391,9832	0,4396	981,4	980,6	980,2		
392,0665	0,4417	981,3	980,5	980,1		
392,1498	0,4371	981,4	980,5	980,1		
392,2332	0,4455	981,4	980,6	980,2		
392,3165	0,4471	981,4	980,6	980,1		
392,3998	0,4366	981,3	980,5	980,1		
392,4832	0,4379	981,4	980,6	980,2		
392,5665	0,4366	981,4	980,6	980,2		
392,6498	0,4434	981,4	980,5	980,2		
392,7332	0,4450	981,4	980,5	980,1		
392,8165	0,4366	981,4	980,6	980,2		
392,8998	0,4442	981,4	980,6	980,1		
392,9832	0,4463	981,4	980,6	980,2		
393,0665	0,4371	981,4	980,5	980,1		
393,1498	0,4358	981,4	980,5	980,1		
393,2332	0,4396	981,4	980,6	980,2		
393,3165	0,4408	981,4	980,5	980,2		
393,3998	0,4392	981,3	980,5	980,1		
393,4832	0,4455	981,4	980,5	980,1		
393,5665	0,4463	981,4	980,5	980,1		
393,6498	0,4375	981,4	980,5	980,1		
393,7332	0,4337	981,4	980,6	980,1		
393,8165	0,4379	981,4	980,5	980,2		
393,8998	0,4421	981,3	980,5	980,1		
393,9832	0,4475	981,2	980,5	980,1		
394,0665	0,4400	981,2	980,4	980,0		
394,1498	0,4392	981,4	980,6	980,2		
394,2332	0,4438	981,5	980,6	980,2		
394,3165	0,4337	981,4	980,5	980,1		
394,3998	0,4492	981,4	980,5	980,1		
394,4832	0,4387	981,3	980,5	980,1		
394,5665	0,4396	981,3	980,5	980,1		
394,6498	0,4425	981,5	980,6	980,2		
394,7332	0,4387	981,4	980,5	980,1		
394,8165	0,4417	981,4	980,6	980,1		
394,8998	0,4463	981,3	980,5	980,1		
394,9832	0,4396	981,4	980,6	980,1		
395,0665	0,4446	981,4	980,6	980,1		
395,1498	0,4417	981,4	980,5	980,2		
395,2332	0,4417	981,4	980,6	980,2		
395,3165	0,4429	981,4	980,6	980,2		
395,3998	0,4442	981,3	980,5	980,2		
395,4832	0,4438	981,3	980,5	980,1		
395,5665	0,4471	981,4	980,6	980,2		
395,6498	0,4438	981,4	980,6	980,2		
395,7332	0,4425	981,4	980,6	980,2		
395,8165	0,4429	981,4	980,6	980,2		
395,8998	0,4459	981,3	980,6	980,2		
395,9832	0,4404	981,4	980,6	980,3		
396,0665	0,4429	981,4	980,6	980,2		
396,1498	0,4425	981,4	980,6	980,2		
396,2332	0,4442	981,4	980,6	980,2		
396,3165	0,4438	981,4	980,6	980,1		
396,3998	0,4429	981,5	980,6	980,2		
396,4832	0,4358	981,4	980,6	980,1		
396,5665	0,4413	981,4	980,6	980,1		
396,6498	0,4442	981,3	980,6	980,2		
396,7332	0,4400	981,3	980,5	980,1		
396,8165	0,4446	981,3	980,5	980,1		
396,8998	0,4467	981,3	980,6	980,1		
396,9832	0,4459	981,3	980,5	980,1		
397,0665	0,4442	981,3	980,5	980,2		
397,1498	0,4413	981,4	980,6	980,2		
397,2332	0,4392	981,5	980,6	980,1		
397,3165	0,4438	981,4	980,6	980,2		
397,3998	0,4404	981,4	980,6	980,2		
397,4832	0,4438	981,3	980,5	980,2		
397,5665	0,4429	981,4	980,6	980,3		
397,6498	0,4450	981,3	980,5	980,1		
397,7332	0,4383	981,4	980,5	980,1		
397,8165	0,4404	981,4	980,6	980,2		
397,8998	0,4446	981,4	980,5	980,1		
397,9832	0,4471	981,4	980,6	980,2		
398,0665	0,4442	981,4	980,5	980,1		
398,1498	0,4413	981,4	980,6	980,3		
398,2332	0,4417	981,4	980,5	980,2		
398,3165	0,4392	981,5	980,6	980,2		
398,3998	0,4400	981,5	980,6	980,2		
398,4832	0,4480	981,4	980,6	980,2		
398,5665	0,4488	981,3	980,6	980,2		
398,6498	0,4488	981,5	980,6	980,3		
398,7332	0,4484	981,3	980,5	980,1		
398,8165	0,4417	981,4	980,6	980,2		
398,8998	0,4425	981,4	980,6	980,3		
398,9832	0,4379	981,4	980,6	980,2		
399,0665	0,4434	981,4	980,6	980,2		
399,1498	0,4459	981,4	980,6	980,2		
399,2332	0,4446	981,4	980,5	980,1		
399,3165	0,4438	981,4	980,5	980,2		
399,3998	0,4341	981,4	980,6	980,2		
399,4832	0,4463	981,5	980,6	980,2		
399,5665	0,4392	981,3	980,6	980,1		
399,6498	0,4480	981,4	980,6	980,2		
399,7332	0,4417	981,4	980,5	980,1		
399,8165	0,4400	981,4	980,6	980,3		
399,8998	0,4467	981,5	980,6	980,2		
399,9832	0,4396	981,4	980,6	980,2		
400,0665	0,4375	981,4	980,6	980,2		
400,1498	0,4341	981,4	980,6	980,2		
400,2332	0,4446	981,3	980,5	980,2		
400,3165	0,4459	981,4	980,6	980,2		
400,3998	0,4400	981,5	980,6	980,2		
400,4832	0,4429	981,4	980,6	980,2		
400,5665	0,4450	981,4	980,6	980,1		
400,6498	0,4475	981,4	980,6	980,2		
400,7332	0,4417	981,3	980,6	980,2		
400,8165	0,4475	981,3	980,6	980,2		
400,8998	0,4421	981,4	980,6	980,3		
400,9832	0,4425	981,3	980,5	980,2		
401,0665	0,4421	981,3	980,5	980,1		
401,1498	0,4463	981,4	980,5	980,1		
401,2332	0,4455	981,3	980,6	980,1		
401,3165	0,4413	981,3	980,5	980,1		
401,3998	0,4475	981,4	980,5	980,1		
401,4832	0,4475	981,3	980,6	980,2		
401,5665	0,4396	981,4	980,6	980,2		
401,6498	0,4396	981,4	980,6	980,2		
401,7332	0,4484	981,4	980,5	980,2		
401,8165	0,4467	981,3	980,5	980,2		
401,8998	0,4404	981,3	980,5	980,1		
401,9832	0,4438	981,3	980,5	980,2		
402,0665	0,4463	981,4	980,5	980,2		
402,1498	0,4446	981,4	980,6	980,3		
402,2332	0,4379	981,4	980,6	980,2		
402,3165	0,4463	981,4	980,6	980,2		
402,3998	0,4442	981,4	980,5	980,1		
402,4832	0,4442	981,4	980,6	980,2		
402,5665	0,4467	981,4	980,6	980,2		
402,6498	0,4463	981,4	980,5	980,1		
402,7332	0,4404	981,3	980,5	980,1		
402,8165	0,4505	981,3	980,6	980,2		
402,8998	0,4450	981,4	980,6	980,3		
402,9832	0,4417	981,3	980,5	980,2		
403,0665	0,4522	981,4	980,5	980,2		
403,1498	0,4442	981,5	980,6	980,2		
403,2332	0,4463	981,4	980,6	980,2		
403,3165	0,4488	981,4	980,5	980,2		
403,3998	0,4446	981,3	980,5	980,1		
403,4832	0,4421	981,3	980,5	980,2		
403,5665	0,4484	981,4	980,5	980,2		
403,6498	0,4421	981,4	980,6	980,2		
403,7332	0,4421	981,5	980,6	980,2		
403,8165	0,4400	981,4	980,6	980,2		
403,8998	0,4413	981,3	980,6	980,2		
403,9832	0,4475	981,4	980,6	980,2		
404,0665	0,4459	981,4	980,6	980,1		
404,1498	0,4475	981,4	980,5	980,2		
404,2332	0,4404	981,3	980,5	980,1		
404,3165	0,4501	981,4	980,6	980,2		
404,3998	0,4471	981,4	980,6	980,2		
404,4832	0,4526	981,4	980,6	980,2		
404,5665	0,4438	981,4	980,6	980,2		
404,6498	0,4492	981,3	980,5	980,1		
404,7332	0,4446	981,3	980,5	980,2		
404,8165	0,4417	981,4	980,6	980,2		
404,8998	0,4459	981,4	980,5	980,1		
404,9832	0,4421	981,3	980,6	980,2		
405,0665	0,4413	981,4	980,5	980,1		
405,1498	0,4459	981,5	980,6	980,3		
405,2332	0,4400	981,4	980,6	980,2		
405,3165	0,4517	981,4	980,6	980,2		
405,3998	0,4475	981,3	980,6	980,2		
405,4832	0,4480	981,4	980,6	980,2		
405,5665	0,4442	981,3	980,6	980,2		
405,6498	0,4459	981,4	980,5	980,2		
405,7332	0,4446	981,4	980,6	980,2		
405,8165	0,4392	981,3	980,5	980,1		
405,8998	0,4371	981,3	980,5	980,1		
405,9832	0,4429	981,4	980,6	980,2		
406,0665	0,4463	981,4	980,5	980,2		
406,1498	0,4438	981,4	980,6	980,2		
406,2332	0,4467	981,4	980,5	980,2		
406,3165	0,4471	981,4	980,6	980,2		
406,3998	0,4509	981,4	980,6	980,2		
406,4832	0,4459	981,3	980,5	980,1		
406,5665	0,4450	981,4	980,6	980,2		
406,6498	0,4467	981,3	980,5	980,2		
406,7332	0,4522	981,3	980,5	980,2		
406,8165	0,4459	981,4	980,6	980,2		
406,8998	0,4438	981,4	980,5	980,2		
406,9832	0,4446	981,4	980,6	980,2		
407,0665	0,4417	981,4	980,6	980,3		
407,1498	0,4513	981,3	980,5	980,1		
407,2332	0,4475	981,3	980,5	980,2		
407,3165	0,4501	981,3	980,5	980,1		
407,3998	0,4438	981,4	980,5	980,1		
407,4832	0,4471	981,4	980,5	980,2		
407,5665	0,4488	981,4	980,5	980,2		
407,6498	0,4501	981,4	980,6	980,2		
407,7332	0,4509	981,4	980,6	980,2		
407,8165	0,4480	981,3	980,5	980,1		
407,8998	0,4455	981,4	980,5	980,3		
407,9832	0,4513	981,5	980,6	980,2		
408,0665	0,4467	981,3	980,5	980,1		
408,1498	0,4467	981,3	980,5	980,2		
408,2332	0,4509	981,3	980,5	980,1		
408,3165	0,4459	981,3	980,6	980,2		
408,3998	0,4463	981,4	980,5	980,1		
408,4832	0,4467	981,4	980,5	980,2		
408,5665	0,4463	981,4	980,6	980,2		
408,6498	0,4526	981,3	980,5	980,1		
408,7332	0,4480	981,3	980,5	980,2		
408,8165	0,4455	981,3	980,6	980,3		
408,8998	0,4513	981,4	980,6	980,3		
408,9832	0,4475	981,4	980,6	980,2		
409,0665	0,4408	981,4	980,6	980,2		
409,1498	0,4517	981,4	980,6	980,3		
409,2332	0,4551	981,3	980,5	980,2		
409,3165	0,4526	981,4	980,6	980,2		
409,3998	0,4484	981,4	980,6	980,2		
409,4832	0,4547	981,3	980,6	980,2		
409,5665	0,4387	981,3	980,5	980,2		
409,6498	0,4555	981,3	980,5	980,2		
409,7332	0,4450	981,3	980,6	980,2		
409,8165	0,4538	981,5	980,6	980,2		
409,8998	0,4455	981,4	980,6	980,2		
409,9832	0,4434	981,4	980,6	980,2		
410,0665	0,4471	981,3	980,5	980,2		
410,1498	0,4530	981,4	980,5	980,2		
410,2332	0,4513	981,4	980,6	980,3		
410,3165	0,4438	981,4	980,6	980,2		
410,3998	0,4450	981,4	980,6	980,2		
410,4832	0,4480	981,3	980,6	980,2		
410,5665	0,4459	981,3	980,6	980,2		
410,6498	0,4589	981,4	980,5	980,2		
410,7332	0,4438	981,4	980,6	980,2		
410,8165	0,4475	981,4	980,5	980,2		
410,8998	0,4475	981,4	980,5	980,2		
410,9832	0,4459	981,4	980,6	980,3		
411,0665	0,4543	981,4	980,6	980,3		
411,1498	0,4455	981,4	980,6	980,2		
411,2332	0,4463	981,4	980,6	980,2		
411,3165	0,4459	981,4	980,6	980,3		
411,3998	0,4475	981,4	980,5	980,1		
411,4832	0,4505	981,4	980,6	980,2		
411,5665	0,4522	981,4	980,6	980,3		
411,6498	0,4455	981,5	980,6	980,3		
411,7332	0,4530	981,4	980,6	980,2		
411,8165	0,4522	981,4	980,6	980,2		
411,8998	0,4471	981,3	980,6	980,2		
411,9832	0,4555	981,4	980,5	980,2		
412,0665	0,4534	981,4	980,6	980,3		
412,1498	0,4471	981,4	980,6	980,1		
412,2332	0,4501	981,4	980,5	980,1		
412,3165	0,4530	981,4	980,6	980,2		
412,3998	0,4496	981,3	980,6	980,2		
412,4832	0,4492	981,3	980,5	980,2		
412,5665	0,4509	981,4	980,6	980,3		
412,6498	0,4526	981,5	980,7	980,3		
412,7332	0,4471	981,4	980,6	980,2		
412,8165	0,4509	981,4	980,5	980,2		
412,8998	0,4580	981,3	980,6	980,2		
412,9832	0,4572	981,3	980,5	980,2		
413,0665	0,4492	981,4	980,5	980,1		
413,1498	0,4564	981,5	980,7	980,4		
413,2332	0,4547	981,3	980,6	980,3		
413,3165	0,4509	981,4	980,5	980,3		
413,3998	0,4526	981,3	980,6	980,2		
413,4832	0,4455	981,4	980,6	980,2		
413,5665	0,4526	981,3	980,5	980,2		
413,6498	0,4576	981,3	980,5	980,1		
413,7332	0,4530	981,4	980,5	980,2		
413,8165	0,4475	981,5	980,6	980,2		
413,8998	0,4580	981,4	980,6	980,2		
413,9832	0,4564	981,3	980,6	980,2		
414,0665	0,4513	981,4	980,5	980,3		
414,1498	0,4564	981,5	980,6	980,3		
414,2332	0,4526	981,4	980,6	980,2		
414,3165	0,4522	981,3	980,5	980,2		
414,3998	0,4517	981,3	980,6	980,2		
414,4832	0,4543	981,4	980,6	980,2		
414,5665	0,4538	981,4	980,5	980,2		
414,6498	0,4496	981,4	980,5	980,2		
414,7332	0,4517	981,4	980,6	980,2		
414,8165	0,4534	981,4	980,6	980,3		
414,8998	0,4530	981,4	980,6	980,2		
414,9832	0,4526	981,4	980,6	980,3		
415,0665	0,4509	981,5	980,6	980,2		
415,1498	0,4576	981,3	980,5	980,1		
415,2332	0,4501	981,4	980,6	980,3		
415,3165	0,4551	981,4	980,6	980,2		
415,3998	0,4488	981,4	980,6	980,2		
415,4832	0,4572	981,4	980,6	980,2		
415,5665	0,4501	981,4	980,6	980,3		
415,6498	0,4526	981,5	980,6	980,2		
415,7332	0,4551	981,4	980,6	980,3		
415,8165	0,4538	981,4	980,6	980,3		
415,8998	0,4618	981,4	980,6	980,3		
415,9832	0,4580	981,3	980,5	980,2		
416,0665	0,4475	981,4	980,6	980,2		
416,1498	0,4534	981,4	980,5	980,2		
416,2332	0,4589	981,5	980,7	980,3		
416,3165	0,4559	981,5	980,7	980,2		
416,3998	0,4513	981,4	980,6	980,2		
416,4832	0,4568	981,4	980,6	980,2		
416,5665	0,4480	981,3	980,6	980,2		
416,6498	0,4501	981,4	980,6	980,3		
416,7332	0,4517	981,3	980,5	980,2		
416,8165	0,4522	981,4	980,6	980,2		
416,8998	0,4509	981,4	980,7	980,3		
416,9832	0,4467	981,4	980,6	980,3		
417,0665	0,4547	981,4	980,6	980,2		
417,1498	0,4492	981,3	980,5	980,2		
417,2332	0,4551	981,3	980,6	980,2		
417,3165	0,4463	981,4	980,7	980,3		
417,3998	0,4488	981,4	980,6	980,2		
417,4832	0,4618	981,4	980,6	980,3		
417,5665	0,4534	981,4	980,6	980,3		
417,6498	0,4530	981,4	980,6	980,2		
417,7332	0,4480	981,5	980,6	980,2		
417,8165	0,4576	981,4	980,6	980,2		
417,8998	0,4534	981,4	980,6	980,2		
417,9832	0,4618	981,4	980,6	980,2		
418,0665	0,4568	981,4	980,6	980,3		
418,1498	0,4576	981,4	980,6	980,3		
418,2332	0,4526	981,5	980,6	980,2		
418,3165	0,4576	981,4	980,6	980,2		
418,3998	0,4568	981,3	980,6	980,2		
418,4832	0,4534	981,4	980,6	980,2		
418,5665	0,4572	981,4	980,7	980,3		
418,6498	0,4576	981,4	980,6	980,2		
418,7332	0,4547	981,4	980,6	980,2		
418,8165	0,4496	981,4	980,6	980,3		
418,8998	0,4547	981,5	980,6	980,3		
418,9832	0,4559	981,4	980,6	980,2		
419,0665	0,4606	981,4	980,6	980,2		
419,1498	0,4610	981,4	980,6	980,2		
419,2332	0,4614	981,4	980,6	980,2		
419,3165	0,4593	981,3	980,6	980,2		
419,3998	0,4480	981,4	980,6	980,2		
419,4832	0,4555	981,4	980,6	980,2		
419,5665	0,4559	981,3	980,5	980,2		
419,6498	0,4601	981,4	980,6	980,3		
419,7332	0,4480	981,4	980,6	980,2		
419,8165	0,4597	981,5	980,6	980,2		
419,8998	0,4555	981,5	980,6	980,3		
419,9832	0,4547	981,3	980,6	980,2		
420,0665	0,4597	981,4	980,6	980,2		
420,1498	0,4517	981,4	980,6	980,2		
420,2332	0,4568	981,4	980,6	980,3		
420,3165	0,4526	981,4	980,6	980,2		
420,3998	0,4559	981,5	980,6	980,3		
420,4832	0,4618	981,6	980,7	980,3		
420,5665	0,4585	981,4	980,6	980,3		
420,6498	0,4626	981,3	980,6	980,2		
420,7332	0,4635	981,4	980,7	980,3		
420,8165	0,4652	981,5	980,6	980,3		
420,8998	0,4643	981,4	980,6	980,2		
420,9832	0,4606	981,5	980,7	980,3		
421,0665	0,4496	981,5	980,6	980,2		
421,1498	0,4534	981,4	980,6	980,1		
421,2332	0,4652	981,4	980,7	980,2		
421,3165	0,4555	981,5	980,6	980,3		
421,3998	0,4505	981,3	980,6	980,2		
421,4832	0,4484	981,5	980,6	980,3		
421,5665	0,4530	981,4	980,6	980,2		
421,6498	0,4513	981,5	980,7	980,3		
421,7332	0,4597	981,5	980,7	980,3		
421,8165	0,4496	981,3	980,5	980,2		
421,8998	0,4668	981,4	980,6	980,3		
421,9832	0,4580	981,4	980,6	980,3		
422,0665	0,4526	981,4	980,6	980,3		
422,1498	0,4522	981,4	980,6	980,2		
422,2332	0,4589	981,3	980,6	980,2		
422,3165	0,4517	981,4	980,5	980,1		
422,3998	0,4505	981,3	980,6	980,2		
422,4832	0,4589	981,3	980,5	980,2		
422,5665	0,4610	981,3	980,6	980,3		
422,6498	0,4538	981,4	980,6	980,2		
422,7332	0,4568	981,4	980,6	980,1		
422,8165	0,4501	981,3	980,6	980,2		
422,8998	0,4614	981,3	980,6	980,1		
422,9832	0,4576	981,3	980,6	980,3		
423,0665	0,4580	981,3	980,5	980,2		
423,1498	0,4576	981,5	980,7	980,5		
423,2332	0,4597	981,4	980,6	980,3		
423,3165	0,4597	981,4	980,6	980,2		
423,3998	0,4601	981,4	980,6	980,2		
423,4832	0,4589	981,4	980,7	980,3		
423,5665	0,4597	981,4	980,6	980,2		
423,6498	0,4580	981,4	980,6	980,2		
423,7332	0,4576	981,5	980,6	980,3		
423,8165	0,4559	981,5	980,6	980,2		
423,8998	0,4601	981,3	980,4	980,0		
423,9832	0,4513	981,4	980,6	980,1		
424,0665	0,4639	981,5	980,8	980,5		
424,1498	0,4580	981,4	980,5	980,2		
424,2332	0,4576	981,3	980,5	980,1		
424,3165	0,4559	981,4	980,6	980,1		
424,3998	0,4576	981,4	980,6	980,3		
424,4832	0,4580	981,4	980,6	980,3		
424,5665	0,4606	981,4	980,6	980,2		
424,6498	0,4597	981,4	980,5	980,2		
424,7332	0,4643	981,4	980,6	980,3		
424,8165	0,4673	981,4	980,6	980,2		
424,8998	0,4580	981,4	980,6	980,3		
424,9832	0,4572	981,4	980,6	980,2		
425,0665	0,4551	981,4	980,6	980,3		
425,1498	0,4601	981,4	980,5	980,1		
425,2332	0,4610	981,3	980,6	980,2		
425,3165	0,4614	981,4	980,7	980,3		
425,3998	0,4631	981,4	980,6	980,2		
425,4832	0,4601	981,4	980,6	980,3		
425,5665	0,4534	981,5	980,6	980,3		
425,6498	0,4614	981,4	980,6	980,2		
425,7332	0,4635	981,3	980,6	980,2		
425,8165	0,4614	981,4	980,6	980,2		
425,8998	0,4589	981,3	980,5	980,1		
425,9832	0,4635	981,4	980,5	980,2		
426,0665	0,4580	981,4	980,5	980,2		
426,1498	0,4631	981,5	980,6	980,2		
426,2332	0,4656	981,4	980,5	980,2		
426,3165	0,4534	981,4	980,6	980,2		
426,3998	0,4618	981,4	980,5	980,2		
426,4832	0,4601	981,4	980,5	980,2		
426,5665	0,4576	981,4	980,5	980,2		
426,6498	0,4622	981,4	980,6	980,2		
426,7332	0,4568	981,3	980,5	980,1		
426,8165	0,4656	981,4	980,6	980,2		
426,8998	0,4606	981,3	980,5	980,2		
426,9832	0,4580	981,4	980,5	980,2		
427,0665	0,4555	981,4	980,6	980,2		
427,1498	0,4622	981,5	980,6	980,2		
427,2332	0,4517	981,4	980,6	980,1		
427,3165	0,4572	981,4	980,6	980,2		
427,3998	0,4572	981,4	980,5	980,1		
427,4832	0,4601	981,4	980,6	980,1		
427,5665	0,4559	981,4	980,6	980,2		
427,6498	0,4543	981,4	980,6	980,3		
427,7332	0,4522	981,4	980,6	980,3		
427,8165	0,4606	981,5	980,6	980,3		
427,8998	0,4534	981,4	980,6	980,2		
427,9832	0,4618	981,4	980,6	980,3		
428,0665	0,4576	981,4	980,6	980,2		
428,1498	0,4580	981,4	980,6	980,2		
428,2332	0,4597	981,4	980,6	980,3		
428,3165	0,4522	981,4	980,6	980,2		
428,3998	0,4606	981,4	980,6	980,4		
428,4832	0,4572	981,4	980,6	980,2		
428,5665	0,4647	981,4	980,6	980,2		
428,6498	0,4631	981,4	980,7	980,4		
428,7332	0,4601	981,4	980,7	980,3		
428,8165	0,4580	981,4	980,6	980,3		
428,8998	0,4610	981,5	980,6	980,3		
428,9832	0,4626	981,6	980,6	980,3		
429,0665	0,4656	981,5	980,6	980,2		
429,1498	0,4643	981,4	980,6	980,3		
429,2332	0,4635	981,4	980,6	980,2		
429,3165	0,4606	981,4	980,6	980,3		
429,3998	0,4635	981,5	980,7	980,3		
429,4832	0,4576	981,5	980,7	980,3		
429,5665	0,4689	981,4	980,6	980,2		
429,6498	0,4568	981,3	980,5	980,1		
429,7332	0,4576	981,4	980,6	980,3		
429,8165	0,4635	981,4	980,6	980,2		
429,8998	0,4572	981,3	980,5	980,2		
429,9832	0,4647	981,5	980,7	980,3		
430,0665	0,4572	981,4	980,5	980,1		
430,1498	0,4551	981,5	980,6	980,2		
430,2332	0,4543	981,4	980,6	980,2		
430,3165	0,4631	981,4	980,6	980,2		
430,3998	0,4551	981,4	980,6	980,2		
430,4832	0,4635	981,4	980,6	980,2		
430,5665	0,4635	981,4	980,6	980,2		
430,6498	0,4585	981,5	980,6	980,3		
430,7332	0,4689	981,4	980,6	980,2		
430,8165	0,4572	981,4	980,6	980,2		
430,8998	0,4689	981,4	980,6	980,2		
430,9832	0,4585	981,4	980,6	980,3		
431,0665	0,4601	981,4	980,6	980,3		
431,1498	0,4685	981,4	980,6	980,2		
431,2332	0,4622	981,4	980,5	980,2		
431,3165	0,4673	981,4	980,6	980,2		
431,3998	0,4643	981,4	980,6	980,2		
431,4832	0,4559	981,4	980,6	980,3		
431,5665	0,4610	981,4	980,6	980,2		
431,6498	0,4564	981,4	980,7	980,2		
431,7332	0,4626	981,4	980,6	980,2		
431,8165	0,4681	981,4	980,6	980,2		
431,8998	0,4517	981,4	980,6	980,3		
431,9832	0,4547	981,4	980,6	980,2		
432,0665	0,4635	981,4	980,6	980,2		
432,1498	0,4610	981,4	980,6	980,2		
432,2332	0,4589	981,5	980,6	980,3		
432,3165	0,4656	981,4	980,6	980,2		
432,3998	0,4656	981,4	980,6	980,2		
432,4832	0,4601	981,4	980,6	980,3		
432,5665	0,4618	981,4	980,6	980,2		
432,6498	0,4610	981,5	980,7	980,3		
432,7332	0,4589	981,4	980,6	980,2		
432,8165	0,4601	981,4	980,5	980,2		
432,8998	0,4668	981,4	980,6	980,2		
432,9832	0,4622	981,4	980,6	980,3		
433,0665	0,4631	981,5	980,6	980,2		
433,1498	0,4555	981,4	980,7	980,3		
433,2332	0,4534	981,3	980,5	980,2		
433,3165	0,4614	981,4	980,6	980,2		
433,3998	0,4597	981,4	980,6	980,2		
433,4832	0,4597	981,4	980,6	980,1		
433,5665	0,4618	981,4	980,7	980,2		
433,6498	0,4622	981,4	980,6	980,2		
433,7332	0,4681	981,5	980,7	980,3		
433,8165	0,4668	981,5	980,6	980,2		
433,8998	0,4576	981,4	980,6	980,2		
433,9832	0,4618	981,5	980,7	980,2		
434,0665	0,4694	981,4	980,6	980,2		
434,1498	0,4618	981,4	980,6	980,2		
434,2332	0,4618	981,4	980,6	980,2		
434,3165	0,4677	981,4	980,6	980,2		
434,3998	0,4668	981,4	980,6	980,2		
434,4832	0,4614	981,5	980,6	980,2		
434,5665	0,4618	981,4	980,6	980,1		
434,6498	0,4664	981,5	980,6	980,2		
434,7332	0,4585	981,4	980,6	980,2		
434,8165	0,4719	981,4	980,6	980,3		
434,8998	0,4647	981,4	980,6	980,2		
434,9832	0,4643	981,5	980,6	980,2		
435,0665	0,4635	981,4	980,6	980,2		
435,1498	0,4631	981,4	980,6	980,2		
435,2332	0,4635	981,3	980,5	980,1		
435,3165	0,4635	981,4	980,6	980,2		
435,3998	0,4601	981,4	980,6	980,2		
435,4832	0,4626	981,5	980,6	980,3		
435,5665	0,4631	981,5	980,7	980,2		
435,6498	0,4622	981,4	980,5	980,1		
435,7332	0,4622	981,4	980,6	980,2		
435,8165	0,4606	981,4	980,6	980,1		
435,8998	0,4601	981,4	980,6	980,2		
435,9832	0,4635	981,5	980,6	980,2		
436,0665	0,4618	981,4	980,5	980,1		
436,1498	0,4639	981,5	980,6	980,2		
436,2332	0,4664	981,4	980,5	980,2		
436,3165	0,4706	981,3	980,5	980,2		
436,3998	0,4606	981,4	980,6	980,2		
436,4832	0,4568	981,4	980,6	980,2		
436,5665	0,4610	981,4	980,6	980,2		
436,6498	0,4647	981,4	980,5	980,2		
436,7332	0,4635	981,4	980,5	980,2		
436,8165	0,4614	981,4	980,5	980,1		
436,8998	0,4606	981,4	980,5	980,2		
436,9832	0,4551	981,4	980,6	980,3		
437,0665	0,4631	981,4	980,7	980,2		
437,1498	0,4622	981,4	980,5	980,2		
437,2332	0,4689	981,4	980,6	980,2		
437,3165	0,4643	981,5	980,6	980,2		
437,3998	0,4681	981,5	980,6	980,2		
437,4832	0,4736	981,4	980,5	980,1		
437,5665	0,4568	981,4	980,6	980,2		
437,6498	0,4668	981,4	980,6	980,2		
437,7332	0,4652	981,4	980,5	980,1		
437,8165	0,4551	981,4	980,6	980,2		
437,8998	0,4635	981,4	980,6	980,2		
437,9832	0,4656	981,4	980,6	980,2		
438,0665	0,4677	981,5	980,6	980,2		
438,1498	0,4677	981,4	980,5	980,2		
438,2332	0,4626	981,4	980,6	980,2		
438,3165	0,4635	981,5	980,6	980,2		
438,3998	0,4731	981,4	980,5	980,1		
438,4832	0,4677	981,4	980,6	980,1		
438,5665	0,4656	981,4	980,6	980,2		
438,6498	0,4656	981,3	980,5	980,2		
438,7332	0,4589	981,4	980,6	980,2		
438,8165	0,4656	981,4	980,6	980,3		
438,8998	0,4626	981,4	980,5	980,2		
438,9832	0,4731	981,3	980,6	980,2		
439,0665	0,4668	981,5	980,7	980,3		
439,1498	0,4631	981,5	980,6	980,2		
439,2332	0,4731	981,4	980,6	980,2		
439,3165	0,4635	981,4	980,6	980,2		
439,3998	0,4647	981,4	980,6	980,2		
439,4832	0,4597	981,4	980,6	980,1		
439,5665	0,4736	981,4	980,5	980,1		
439,6498	0,4601	981,5	980,6	980,3		
439,7332	0,4664	981,4	980,5	980,2		
439,8165	0,4660	981,4	980,6	980,1		
439,8998	0,4685	981,4	980,6	980,2		
439,9832	0,4631	981,4	980,6	980,2		
440,0665	0,4564	981,3	980,5	980,1		
440,1498	0,4660	981,4	980,6	980,3		
440,2332	0,4643	981,4	980,6	980,2		
440,3165	0,4652	981,3	980,5	980,1		
440,3998	0,4673	981,4	980,5	980,1		
440,4832	0,4643	981,4	980,6	980,2		
440,5665	0,4631	981,4	980,5	980,2		
440,6498	0,4656	981,3	980,5	980,1		
440,7332	0,4635	981,3	980,5	980,1		
440,8165	0,4652	981,4	980,6	980,2		
440,8998	0,4673	981,4	980,6	980,3		
440,9832	0,4706	981,5	980,6	980,2		
441,0665	0,4702	981,4	980,5	980,2		
441,1498	0,4656	981,4	980,5	980,1		
441,2332	0,4677	981,4	980,5	980,1		
441,3165	0,4736	981,4	980,5	980,2		
441,3998	0,4694	981,3	980,5	980,1		
441,4832	0,4601	981,3	980,6	980,2		
441,5665	0,4727	981,4	980,6	980,2		
441,6498	0,4727	981,4	980,6	980,1		
441,7332	0,4706	981,4	980,6	980,2		
441,8165	0,4694	981,4	980,6	980,2		
441,8998	0,4706	981,4	980,6	980,2		
441,9832	0,4626	981,4	980,5	980,2		
442,0665	0,4622	981,5	980,6	980,2		
442,1498	0,4664	981,4	980,6	980,1		
442,2332	0,4681	981,3	980,5	980,1		
442,3165	0,4656	981,4	980,6	980,1		
442,3998	0,4748	981,4	980,5	980,2		
442,4832	0,4639	981,3	980,6	980,2		
442,5665	0,4664	981,3	980,6	980,2		
442,6498	0,4685	981,4	980,5	980,2		
442,7332	0,4689	981,5	980,6	980,3		
442,8165	0,4643	981,4	980,5	980,1		
442,8999	0,4727	981,5	980,7	980,3		
442,9832	0,4656	981,3	980,5	980,2		
443,0665	0,4773	981,3	980,5	980,2		
443,1499	0,4635	981,3	980,5	980,1		
443,2332	0,4626	981,3	980,5	980,1		
443,3165	0,4652	981,5	980,6	980,2		
443,3999	0,4681	981,4	980,5	980,1		
443,4832	0,4601	981,4	980,5	980,2		
443,5665	0,4702	981,4	980,5	980,1		
443,6499	0,4689	981,4	980,5	980,2		
443,7332	0,4681	981,3	980,6	980,2		
443,8165	0,4652	981,3	980,6	980,1		
443,8999	0,4668	981,3	980,5	980,1		
443,9832	0,4719	981,5	980,6	980,2		
444,0665	0,4664	981,4	980,5	980,2		
444,1499	0,4744	981,3	980,5	980,1		
444,2332	0,4664	981,4	980,5	980,1		
444,3165	0,4618	981,4	980,6	980,2		
444,3999	0,4639	981,4	980,6	980,2		
444,4832	0,4631	981,4	980,5	980,2		
444,5665	0,4685	981,5	980,6	980,2		
444,6499	0,4652	981,6	980,7	980,3		
444,7332	0,4681	981,4	980,5	980,1		
444,8165	0,4664	981,3	980,4	979,9		
444,8999	0,4647	981,4	980,6	980,4		
444,9832	0,4656	981,4	980,5	980,2		
445,0665	0,4656	981,4	980,6	980,2		
445,1499	0,4622	981,3	980,5	980,1		
445,2332	0,4694	981,4	980,5	980,2		
445,3165	0,4597	981,4	980,5	980,1		
445,3999	0,4710	981,4	980,6	980,1		
445,4832	0,4744	981,3	980,5	980,0		
445,5665	0,4664	981,4	980,6	980,2		
445,6499	0,4689	981,4	980,6	980,2		
445,7332	0,4677	981,4	980,6	980,1		
445,8165	0,4685	981,4	980,6	980,1		
445,8999	0,4723	981,4	980,5	980,1		
445,9832	0,4610	981,3	980,5	980,0		
446,0665	0,4736	981,4	980,6	980,1		
446,1499	0,4664	981,4	980,5	980,2		
446,2332	0,4719	981,4	980,6	980,2		
446,3165	0,4727	981,4	980,5	980,1		
446,3999	0,4635	981,4	980,6	980,2		
446,4832	0,4710	981,4	980,5	980,1		
446,5665	0,4710	981,4	980,6	980,2		
446,6499	0,4685	981,4	980,6	980,3		
446,7332	0,4664	981,3	980,5	980,1		
446,8165	0,4736	981,5	980,6	980,2		
446,8999	0,4635	981,5	980,6	980,2		
446,9832	0,4811	981,4	980,5	980,2		
447,0665	0,4715	981,5	980,6	980,2		
447,1499	0,4631	981,4	980,6	980,1		
447,2332	0,4639	981,5	980,6	980,2		
447,3165	0,4673	981,4	980,6	980,1		
447,3999	0,4652	981,3	980,5	980,1		
447,4832	0,4643	981,5	980,6	980,1		
447,5665	0,4702	981,4	980,6	980,2		
447,6499	0,4585	981,5	980,5	980,2		
447,7332	0,4677	981,4	980,6	980,2		
447,8165	0,4740	981,4	980,6	980,2		
447,8999	0,4702	981,4	980,6	980,2		
447,9832	0,4656	981,4	980,5	980,1		
448,0665	0,4639	981,4	980,6	980,2		
448,1499	0,4715	981,4	980,5	980,2		
448,2332	0,4639	981,4	980,6	980,1		
448,3165	0,4622	981,5	980,6	980,2		
448,3999	0,4639	981,4	980,5	980,0		
448,4832	0,4664	981,4	980,5	980,1		
448,5665	0,4597	981,3	980,5	980,2		
448,6499	0,4757	981,4	980,5	980,2		
448,7332	0,4723	981,5	980,6	980,2		
448,8165	0,4656	981,4	980,6	980,2		
448,8999	0,4685	981,4	980,5	980,2		
448,9832	0,4681	981,3	980,5	980,1		
449,0665	0,4694	981,5	980,6	980,2		
449,1499	0,4694	981,4	980,6	980,1		
449,2332	0,4731	981,5	980,6	980,2		
449,3165	0,4723	981,4	980,5	980,1		
449,3999	0,4719	981,4	980,5	980,1		
449,4832	0,4706	981,4	980,6	980,2		
449,5665	0,4715	981,4	980,6	980,2		
449,6499	0,4715	981,4	980,6	980,1		
449,7332	0,4698	981,5	980,6	980,1		
449,8165	0,4731	981,4	980,5	980,1		
449,8999	0,4719	981,3	980,5	980,1		
449,9832	0,4715	981,4	980,5	980,2		
450,0665	0,4748	981,4	980,6	980,2		
450,1499	0,4744	981,4	980,6	980,2		
450,2332	0,4664	981,5	980,6	980,2		
450,3165	0,4757	981,5	980,6	980,1		
450,3999	0,4668	981,4	980,5	980,1		
450,4832	0,4719	981,4	980,6	980,1		
450,5665	0,4719	981,4	980,5	980,2		
450,6499	0,4706	981,4	980,5	980,1		
450,7332	0,4719	981,4	980,5	980,2		
450,8165	0,4631	981,4	980,5	980,2		
450,8999	0,4652	981,5	980,6	980,1		
450,9832	0,4681	981,3	980,5	980,1		
451,0665	0,4631	981,4	980,6	980,2		
451,1499	0,4706	981,4	980,6	980,2		
451,2332	0,4727	981,4	980,5	980,1		
451,3165	0,4727	981,3	980,5	980,1		
451,3999	0,4727	981,4	980,5	980,1		
451,4832	0,4727	981,4	980,6	980,3		
451,5665	0,4656	981,4	980,5	980,0		
451,6499	0,4706	981,4	980,5	980,1		
451,7332	0,4765	981,4	980,6	980,1		
451,8165	0,4773	981,4	980,7	980,3		
451,8999	0,4744	981,3	980,5	980,1		
451,9832	0,4719	981,5	980,5	980,1		
452,0665	0,4727	981,4	980,6	980,2		
452,1499	0,4631	981,5	980,6	980,2		
452,2332	0,4803	981,4	980,5	980,1		
452,3165	0,4727	981,4	980,5	980,1		
452,3999	0,4702	981,4	980,6	980,2		
452,4832	0,4706	981,3	980,5	980,1		
452,5665	0,4681	981,4	980,5	980,1		
452,6499	0,4626	981,4	980,5	980,1		
452,7332	0,4765	981,5	980,6	980,2		
452,8165	0,4761	981,5	980,7	980,3		
452,8999	0,4736	981,3	980,5	980,1		
452,9832	0,4710	981,3	980,5	980,2		
453,0665	0,4740	981,4	980,6	980,1		
453,1499	0,4736	981,4	980,5	980,1		
453,2332	0,4782	981,3	980,5	980,1		
453,3165	0,4689	981,4	980,5	980,1		
453,3999	0,4782	981,4	980,6	980,2		
453,4832	0,4694	981,4	980,6	980,2		
453,5665	0,4786	981,3	980,5	980,1		
453,6499	0,4748	981,5	980,6	980,1		
453,7332	0,4715	981,4	980,5	980,1		
453,8165	0,4635	981,4	980,6	980,2		
453,8999	0,4626	981,4	980,5	980,1		
453,9832	0,4761	981,4	980,5	980,1		
454,0665	0,4736	981,4	980,6	980,1		
454,1499	0,4681	981,4	980,6	980,1		
454,2332	0,4744	981,4	980,5	980,1		
454,3165	0,4706	981,4	980,5	980,1		
454,3999	0,4706	981,4	980,6	980,1		
454,4832	0,4715	981,3	980,5	980,1		
454,5665	0,4765	981,3	980,5	980,1		
454,6499	0,4664	981,4	980,6	980,2		
454,7332	0,4757	981,5	980,6	980,2		
454,8165	0,4765	981,4	980,5	980,0		
454,8999	0,4694	981,4	980,6	980,1		
454,9832	0,4706	981,3	980,5	980,1		
455,0665	0,4736	981,4	980,6	980,2		
455,1499	0,4723	981,4	980,5	980,0		
455,2332	0,4752	981,3	980,5	980,1		
455,3165	0,4656	981,5	980,7	980,3		
455,3999	0,4777	981,5	980,6	980,3		
455,4832	0,4736	981,4	980,6	980,1		
455,5665	0,4748	981,4	980,6	980,1		
455,6499	0,4748	981,5	980,6	980,1		
455,7332	0,4748	981,4	980,6	980,3		
455,8165	0,4803	981,3	980,5	980,1		
455,8999	0,4681	981,3	980,5	980,2		
455,9832	0,4702	981,4	980,6	980,1		
456,0665	0,4719	981,5	980,6	980,2		
456,1499	0,4769	981,4	980,5	980,2		
456,2332	0,4694	981,3	980,5	980,1		
456,3165	0,4731	981,3	980,5	980,2		
456,3999	0,4685	981,4	980,6	980,2		
456,4832	0,4765	981,3	980,5	980,1		
456,5665	0,4660	981,3	980,5	980,1		
456,6499	0,4727	981,4	980,5	980,1		
456,7332	0,4698	981,4	980,5	980,1		
456,8165	0,4689	981,5	980,6	980,1		
456,8999	0,4715	981,4	980,5	980,1		
456,9832	0,4689	981,4	980,6	980,2		
457,0665	0,4706	981,4	980,6	980,2		
457,1499	0,4765	981,4	980,5	980,2		
457,2332	0,4736	981,4	980,5	980,1		
457,3165	0,4698	981,4	980,5	980,1		
457,3999	0,4677	981,4	980,5	980,2		
457,4832	0,4736	981,3	980,5	980,1		
457,5665	0,4715	981,4	980,5	980,1		
457,6499	0,4798	981,3	980,5	980,1		
457,7332	0,4685	981,3	980,5	980,1		
457,8165	0,4736	981,4	980,6	980,2		
457,8999	0,4790	981,5	980,5	980,1		
457,9832	0,4656	981,3	980,5	980,1		
458,0665	0,4731	981,4	980,5	980,1		
458,1499	0,4761	981,4	980,6	980,2		
458,2332	0,4748	981,4	980,6	980,2		
458,3165	0,4736	981,4	980,6	980,2		
458,3999	0,4736	981,3	980,5	980,1		
458,4832	0,4727	981,5	980,6	980,2		
458,5665	0,4748	981,5	980,6	980,2		
458,6499	0,4794	981,4	980,6	980,2		
458,7332	0,4836	981,4	980,5	980,1		
458,8165	0,4777	981,3	980,6	980,3		
458,8999	0,4748	981,4	980,6	980,2		
458,9832	0,4757	981,4	980,6	980,2		
459,0665	0,4719	981,4	980,6	980,3		
459,1499	0,4761	981,4	980,5	980,1		
459,2332	0,4727	981,4	980,6	980,2		
459,3165	0,4757	981,3	980,5	980,2		
459,3999	0,4761	981,4	980,5	980,1		
459,4832	0,4782	981,4	980,6	980,1		
459,5665	0,4727	981,4	980,6	980,2		
459,6499	0,4698	981,4	980,5	980,1		
459,7332	0,4689	981,4	980,6	980,2		
459,8165	0,4694	981,3	980,6	980,1		
459,8999	0,4748	981,4	980,6	980,1		
459,9832	0,4719	981,4	980,5	980,1		
460,0665	0,4710	981,4	980,5	980,1		
460,1499	0,4757	981,3	980,6	980,2		
460,2332	0,4811	981,3	980,5	980,1		
460,3165	0,4765	981,3	980,6	980,1		
460,3999	0,4769	981,4	980,6	980,2		
460,4832	0,4731	981,5	980,6	980,2		
460,5665	0,4723	981,5	980,5	980,1		
460,6499	0,4757	981,4	980,6	980,2		
460,7332	0,4836	981,4	980,6	980,1		
460,8165	0,4752	981,4	980,6	980,2		
460,8999	0,4786	981,4	980,6	980,2		
460,9832	0,4681	981,3	980,5	980,1		
461,0665	0,4731	981,4	980,6	980,1		
461,1499	0,4731	981,4	980,5	980,2		
461,2332	0,4782	981,5	980,6	980,2		
461,3165	0,4710	981,4	980,6	980,2		
461,3999	0,4719	981,4	980,5	980,1		
461,4832	0,4723	981,4	980,5	980,2		
461,5665	0,4765	981,4	980,6	980,2		
461,6499	0,4723	981,3	980,5	980,1		
461,7332	0,4786	981,4	980,6	980,1		
461,8165	0,4702	981,3	980,5	980,1		
461,8999	0,4748	981,4	980,6	980,1		
461,9832	0,4715	981,4	980,5	980,1		
462,0665	0,4757	981,4	980,5	980,1		
462,1499	0,4727	981,3	980,5	980,1		
462,2332	0,4715	981,3	980,5	980,0		
462,3165	0,4773	981,4	980,6	980,1		
462,3999	0,4765	981,4	980,6	980,1		
462,4832	0,4723	981,3	980,6	980,1		
462,5665	0,4773	981,4	980,5	980,2		
462,6499	0,4706	981,5	980,6	980,3		
462,7332	0,4723	981,4	980,6	980,1		
462,8165	0,4706	981,4	980,6	980,2		
462,8999	0,4815	981,4	980,5	980,2		
462,9832	0,4723	981,3	980,5	980,2		
463,0665	0,4786	981,4	980,6	980,2		
463,1499	0,4773	981,4	980,6	980,1		
463,2332	0,4782	981,4	980,5	980,1		
463,3165	0,4757	981,3	980,5	980,1		
463,3999	0,4668	981,5	980,6	980,2		
463,4832	0,4723	981,4	980,6	980,2		
463,5665	0,4765	981,4	980,6	980,2		
463,6499	0,4790	981,4	980,6	980,2		
463,7332	0,4706	981,3	980,5	980,2		
463,8165	0,4748	981,4	980,6	980,2		
463,8999	0,4824	981,3	980,5	980,0		
463,9832	0,4840	981,4	980,5	980,1		
464,0665	0,4761	981,3	980,5	980,1		
464,1499	0,4761	981,4	980,5	980,1		
464,2332	0,4723	981,3	980,5	980,1		
464,3165	0,4765	981,3	980,5	980,1		
464,3999	0,4769	981,5	980,6	980,2		
464,4832	0,4706	981,4	980,6	980,1		
464,5665	0,4752	981,3	980,5	980,1		
464,6499	0,4803	981,3	980,4	979,9		
464,7332	0,4727	981,4	980,6	980,2		
464,8165	0,4740	981,3	980,5	980,0		
464,8999	0,4786	981,3	980,4	979,9		
464,9832	0,4803	981,3	980,5	980,0		
465,0665	0,4706	981,3	980,5	980,1		
465,1499	0,4773	981,4	980,6	980,1		
465,2332	0,4744	981,5	980,6	980,1		
465,3165	0,4748	981,5	980,5	980,1		
465,3999	0,4761	981,4	980,5	980,1		
465,4832	0,4849	981,4	980,5	980,1		
465,5665	0,4689	981,4	980,6	980,1		
465,6499	0,4727	981,3	980,5	980,1		
465,7332	0,4803	981,5	980,6	980,2		
465,8165	0,4811	981,4	980,5	980,1		
465,8999	0,4702	981,4	980,6	980,1		
465,9832	0,4832	981,4	980,5	980,1		
466,0665	0,4736	981,4	980,6	980,1		
466,1499	0,4757	981,4	980,6	980,2		
466,2332	0,4786	981,3	980,5	980,2		
466,3165	0,4710	981,4	980,7	980,3		
466,3999	0,4798	981,3	980,5	980,1		
466,4832	0,4828	981,3	980,6	980,2		
466,5665	0,4790	981,5	980,6	980,1		
466,6499	0,4786	981,4	980,4	980,0		
466,7332	0,4769	981,3	980,6	980,1		
466,8165	0,4752	981,4	980,6	980,1		
466,8999	0,4710	981,4	980,6	980,1		
466,9832	0,4828	981,3	980,5	980,1		
467,0665	0,4723	981,4	980,6	980,2		
467,1499	0,4807	981,4	980,5	980,1		
467,2332	0,4744	981,5	980,6	980,2		
467,3165	0,4719	981,4	980,5	980,1		
467,3999	0,4786	981,3	980,6	980,2		
467,4832	0,4790	981,3	980,4	980,0		
467,5665	0,4757	981,3	980,5	980,0		
467,6499	0,4790	981,4	980,6	980,2		
467,7332	0,4803	981,4	980,5	980,1		
467,8165	0,4702	981,4	980,5	980,1		
467,8999	0,4740	981,3	980,6	980,1		
467,9832	0,4748	981,3	980,5	980,0		
468,0665	0,4769	981,4	980,6	980,1		
468,1499	0,4773	981,4	980,6	980,1		
468,2332	0,4832	981,4	980,6	980,1		
468,3165	0,4832	981,4	980,5	980,1		
468,3999	0,4773	981,4	980,5	980,0		
468,4832	0,4849	981,4	980,5	980,2		
468,5665	0,4757	981,4	980,5	980,1		
468,6499	0,4782	981,4	980,6	980,0		
468,7332	0,4736	981,3	980,5	980,1		
468,8165	0,4807	981,3	980,5	980,1		
468,8999	0,4824	981,4	980,6	980,2		
468,9832	0,4782	981,4	980,5	980,1		
469,0665	0,4740	981,4	980,5	980,1		
469,1499	0,4811	981,4	980,6	980,1		
469,2332	0,4794	981,4	980,5	980,1		
469,3165	0,4794	981,4	980,6	980,1		
469,3999	0,4761	981,4	980,5	980,1		
469,4832	0,4777	981,5	980,6	980,1		
469,5665	0,4769	981,4	980,6	980,2		
469,6499	0,4769	981,4	980,5	980,1		
469,7332	0,4828	981,4	980,6	980,2		
469,8165	0,4773	981,4	980,6	980,1		
469,8999	0,4782	981,4	980,5	980,1		
469,9832	0,4786	981,3	980,5	980,0		
470,0665	0,4798	981,4	980,5	980,1		
470,1499	0,4849	981,3	980,6	980,1		
470,2332	0,4765	981,5	980,6	980,1		
470,3165	0,4736	981,4	980,6	980,2		
470,3999	0,4786	981,3	980,5	980,1		
470,4832	0,4786	981,3	980,5	980,1		
470,5665	0,4794	981,4	980,6	980,2		
470,6499	0,4794	981,4	980,5	980,1		
470,7332	0,4719	981,3	980,5	980,1		
470,8165	0,4815	981,3	980,6	980,2		
470,8999	0,4736	981,4	980,6	980,2		
470,9832	0,4769	981,4	980,6	980,2		
471,0665	0,4752	981,4	980,6	980,1		
471,1499	0,4794	981,4	980,6	980,2		
471,2332	0,4744	981,5	980,6	980,2		
471,3165	0,4807	981,4	980,5	980,1		
471,3999	0,4773	981,4	980,5	980,2		
471,4832	0,4832	981,4	980,5	980,1		
471,5665	0,4845	981,4	980,6	980,1		
471,6499	0,4782	981,4	980,5	980,1		
471,7332	0,4849	981,4	980,5	980,2		
471,8165	0,4824	981,4	980,5	980,1		
471,8999	0,4861	981,3	980,5	980,1		
471,9832	0,4807	981,5	980,6	980,1		
472,0665	0,4803	981,4	980,5	980,1		
472,1499	0,4836	981,4	980,5	980,2		
472,2332	0,4824	981,5	980,6	980,2		
472,3165	0,4828	981,4	980,6	980,2		
472,3999	0,4765	981,3	980,5	980,2		
472,4832	0,4744	981,4	980,5	980,2		
472,5665	0,4794	981,5	980,6	980,1		
472,6499	0,4840	981,4	980,6	980,1		
472,7332	0,4777	981,4	980,5	980,1		
472,8165	0,4803	981,3	980,5	980,1		
472,8999	0,4798	981,4	980,6	980,1		
472,9832	0,4731	981,4	980,6	980,2		
473,0665	0,4803	981,3	980,6	980,2		
473,1499	0,4798	981,4	980,6	980,2		
473,2332	0,4798	981,5	980,6	980,1		
473,3165	0,4794	981,4	980,5	980,1		
473,3999	0,4828	981,3	980,5	980,0		
473,4832	0,4769	981,3	980,5	980,0		
473,5665	0,4828	981,4	980,5	980,1		
473,6499	0,4815	981,4	980,6	980,2		
473,7332	0,4828	981,3	980,6	980,2		
473,8165	0,4782	981,4	980,6	980,2		
473,8999	0,4828	981,4	980,6	980,1		
473,9832	0,4803	981,4	980,6	980,2		
474,0665	0,4832	981,3	980,5	980,2		
474,1499	0,4736	981,4	980,5	980,1		
474,2332	0,4807	981,4	980,6	980,2		
474,3165	0,4866	981,4	980,6	980,1		
474,3999	0,4845	981,4	980,5	980,2		
474,4832	0,4853	981,5	980,6	980,1		
474,5665	0,4807	981,4	980,6	980,1		
474,6499	0,4811	981,4	980,5	980,1		
474,7332	0,4736	981,4	980,6	980,1		
474,8165	0,4811	981,3	980,5	980,1		
474,8999	0,4840	981,4	980,5	980,1		
474,9832	0,4845	981,4	980,6	980,2		
475,0665	0,4819	981,5	980,6	980,2		
475,1499	0,4815	981,5	980,6	980,2		
475,2332	0,4824	981,3	980,6	980,1		
475,3165	0,4819	981,4	980,6	980,1		
475,3999	0,4836	981,3	980,5	980,1		
475,4832	0,4811	981,4	980,6	980,1		
475,5665	0,4811	981,4	980,5	980,1		
475,6499	0,4794	981,4	980,6	980,1		
475,7332	0,4824	981,4	980,6	980,2		
475,8165	0,4832	981,4	980,6	980,1		
475,8999	0,4798	981,4	980,5	980,1		
475,9832	0,4765	981,4	980,5	980,0		
476,0665	0,4866	981,3	980,5	980,1		
476,1499	0,4828	981,4	980,5	980,2		
476,2332	0,4798	981,4	980,6	980,2		
476,3165	0,4798	981,4	980,5	980,1		
476,3999	0,4824	981,5	980,6	980,1		
476,4832	0,4798	981,3	980,5	980,1		
476,5665	0,4882	981,4	980,6	980,1		
476,6499	0,4832	981,3	980,5	980,1		
476,7332	0,4840	981,4	980,6	980,2		
476,8165	0,4811	981,4	980,6	980,1		
476,8999	0,4870	981,3	980,5	980,1		
476,9832	0,4832	981,4	980,6	980,1		
477,0665	0,4748	981,4	980,5	980,1		
477,1499	0,4840	981,4	980,5	980,1		
477,2332	0,4849	981,4	980,6	980,1		
477,3165	0,4777	981,5	980,6	980,1		
477,3999	0,4849	981,4	980,5	980,1		
477,4832	0,4824	981,4	980,6	980,1		
477,5665	0,4761	981,3	980,5	980,1		
477,6499	0,4849	981,3	980,5	980,0		
477,7332	0,4815	981,4	980,5	980,1		
477,8165	0,4828	981,4	980,5	980,2		
477,8999	0,4811	981,4	980,6	980,1		
477,9832	0,4807	981,3	980,5	980,1		
478,0665	0,4803	981,4	980,5	980,1		
478,1499	0,4807	981,4	980,5	980,1		
478,2332	0,4878	981,3	980,5	980,0		
478,3165	0,4824	981,4	980,6	980,2		
478,3999	0,4803	981,3	980,5	980,0		
478,4832	0,4882	981,4	980,6	980,2		
478,5665	0,4777	981,3	980,6	980,1		
478,6499	0,4794	981,4	980,6	980,1		
478,7332	0,4861	981,4	980,6	980,1		
478,8165	0,4811	981,3	980,5	980,1		
478,8999	0,4853	981,3	980,5	980,1		
478,9832	0,4874	981,3	980,5	980,1		
479,0665	0,4845	981,3	980,5	980,0		
479,1499	0,4798	981,3	980,5	980,1		
479,2332	0,4836	981,4	980,5	980,1		
479,3165	0,4815	981,3	980,5	980,0		
479,3999	0,4824	981,4	980,5	980,1		
479,4832	0,4782	981,4	980,5	980,1		
479,5665	0,4811	981,3	980,5	980,1		
479,6499	0,4819	981,3	980,5	980,1		
479,7332	0,4811	981,3	980,5	980,1		
479,8165	0,4853	981,4	980,5	980,0		
479,8999	0,4887	981,4	980,5	980,1		
479,9832	0,4811	981,4	980,5	980,0		
480,0665	0,4798	981,3	980,5	980,1		
480,1499	0,4878	981,3	980,4	980,0		
480,2332	0,4773	981,4	980,5	980,1		
480,3165	0,4874	981,5	980,8	980,5		
480,3999	0,4849	981,3	980,4	980,1		
480,4832	0,4819	981,3	980,4	980,0		
480,5665	0,4866	981,4	980,6	980,3		
480,6499	0,4786	981,3	980,5	980,1		
480,7332	0,4874	981,3	980,5	980,2		
480,8165	0,4845	981,4	980,5	980,0		
480,8999	0,4853	981,4	980,6	980,2		
480,9832	0,4828	981,4	980,6	980,1		
481,0665	0,4832	981,3	980,5	980,1		
481,1499	0,4815	981,4	980,6	980,2		
481,2332	0,4819	981,4	980,6	980,2		
481,3165	0,4836	981,3	980,5	980,1		
481,3999	0,4882	981,4	980,5	980,1		
481,4832	0,4782	981,4	980,6	980,1		
481,5665	0,4807	981,4	980,6	980,2		
481,6499	0,4845	981,3	980,5	980,1		
481,7332	0,4845	981,3	980,5	980,2		
481,8165	0,4891	981,3	980,5	980,1		
481,8999	0,4786	981,5	980,6	980,2		
481,9832	0,4840	981,5	980,5	980,1		
482,0665	0,4878	981,3	980,5	980,1		
482,1499	0,4828	981,4	980,6	980,1		
482,2332	0,4891	981,3	980,5	980,1		
482,3165	0,4740	981,4	980,5	980,1		
482,3999	0,4786	981,3	980,5	980,1		
482,4832	0,4832	981,4	980,5	980,1		
482,5665	0,4815	981,4	980,5	980,0		
482,6499	0,4815	981,3	980,5	980,1		
482,7332	0,4845	981,3	980,6	980,2		
482,8165	0,4836	981,3	980,5	980,1		
482,8999	0,4861	981,3	980,5	980,2		
482,9832	0,4815	981,4	980,5	980,2		
483,0665	0,4853	981,4	980,5	980,1		
483,1499	0,4773	981,4	980,5	980,1		
483,2332	0,4836	981,3	980,5	980,1		
483,3165	0,4891	981,3	980,5	980,1		
483,3999	0,4899	981,3	980,5	980,2		
483,4832	0,4924	981,4	980,6	980,1		
483,5665	0,4878	981,3	980,6	980,2		
483,6499	0,4840	981,3	980,4	979,9		
483,7332	0,4882	981,3	980,5	980,1		
483,8165	0,4853	981,3	980,5	980,0		
483,8999	0,4916	981,3	980,6	980,2		
483,9832	0,4887	981,4	980,6	980,1		
484,0665	0,4870	981,4	980,6	980,1		
484,1499	0,4798	981,3	980,5	980,1		
484,2332	0,4836	981,4	980,5	980,1		
484,3165	0,4895	981,4	980,5	980,1		
484,3999	0,4824	981,4	980,6	980,2		
484,4832	0,4891	981,4	980,5	980,2		
484,5665	0,4849	981,3	980,6	980,2		
484,6499	0,4836	981,4	980,5	980,1		
484,7332	0,4954	981,4	980,6	980,1		
484,8165	0,4899	981,3	980,5	980,1		
484,8999	0,4853	981,4	980,6	980,2		
484,9832	0,4853	981,4	980,6	980,2		
485,0665	0,4891	981,4	980,5	980,1		
485,1499	0,4882	981,4	980,5	980,1		
485,2332	0,4891	981,4	980,5	980,1		
485,3165	0,4853	981,3	980,5	980,0		
485,3999	0,4866	981,3	980,5	980,1		
485,4832	0,4891	981,3	980,5	980,1		
485,5665	0,4887	981,3	980,5	980,1		
485,6499	0,4836	981,4	980,6	980,2		
485,7332	0,4803	981,4	980,5	980,2		
485,8165	0,4849	981,4	980,5	980,1		
485,8999	0,4803	981,4	980,5	980,1		
485,9832	0,4870	981,5	980,6	980,1		
486,0665	0,4861	981,4	980,5	980,1		
486,1499	0,4832	981,4	980,6	980,1		
486,2332	0,4840	981,3	980,6	980,2		
486,3165	0,4882	981,4	980,5	980,1		
486,3999	0,4878	981,4	980,5	980,1		
486,4832	0,4853	981,4	980,5	980,1		
486,5665	0,4845	981,3	980,5	980,1		
486,6499	0,4832	981,4	980,5	980,1		
486,7332	0,4815	981,4	980,6	980,2		
486,8165	0,4887	981,4	980,5	980,2		
486,8999	0,4878	981,5	980,6	980,1		
486,9832	0,4832	981,5	980,6	980,1		
487,0665	0,4845	981,4	980,5	980,2		
487,1499	0,4882	981,3	980,6	980,1		
487,2332	0,4845	981,3	980,5	980,1		
487,3165	0,4836	981,3	980,5	980,1		
487,3999	0,4866	981,4	980,5	980,2		
487,4832	0,4853	981,4	980,6	980,1		
487,5665	0,4853	981,4	980,5	980,1		
487,6499	0,4912	981,4	980,5	980,0		
487,7332	0,4874	981,4	980,5	980,1		
487,8165	0,4887	981,3	980,6	980,2		
487,8999	0,4853	981,3	980,5	980,1		
487,9832	0,4928	981,3	980,5	980,1		
488,0665	0,4903	981,4	980,5	980,0		
488,1499	0,4941	981,3	980,5	980,0		
488,2332	0,4836	981,4	980,6	980,2		
488,3165	0,4870	981,3	980,6	980,1		
488,3999	0,4878	981,3	980,5	980,1		
488,4832	0,4870	981,3	980,5	980,2		
488,5665	0,4983	981,4	980,5	980,2		
488,6499	0,4861	981,4	980,5	980,1		
488,7332	0,4954	981,4	980,5	980,1		
488,8165	0,4916	981,4	980,5	980,2		
488,8999	0,4882	981,4	980,6	980,2		
488,9832	0,4849	981,3	980,5	980,1		
489,0665	0,4891	981,4	980,5	980,1		
489,1499	0,4849	981,4	980,5	980,1		
489,2332	0,4899	981,3	980,5	980,1		
489,3165	0,4866	981,4	980,5	980,1		
489,3999	0,4895	981,4	980,5	980,2		
489,4832	0,4916	981,3	980,5	980,1		
489,5665	0,4937	981,4	980,5	980,1		
489,6499	0,4815	981,4	980,5	980,2		
489,7332	0,4908	981,4	980,5	980,1		
489,8165	0,4857	981,4	980,5	980,2		
489,8999	0,4849	981,4	980,5	980,1		
489,9832	0,4891	981,3	980,5	980,1		
490,0665	0,4874	981,3	980,5	980,2		
490,1499	0,4975	981,4	980,5	980,1		
490,2332	0,4887	981,4	980,5	980,1		
490,3165	0,4899	981,4	980,5	980,1		
490,3999	0,5004	981,3	980,5	980,1		
490,4832	0,4849	981,4	980,5	980,1		
490,5665	0,4882	981,4	980,6	980,1		
490,6499	0,4903	981,4	980,5	980,1		
490,7332	0,4920	981,4	980,5	980,1		
490,8165	0,4895	981,3	980,5	980,1		
490,8999	0,4945	981,4	980,5	980,1		
490,9832	0,4937	981,4	980,5	980,1		
491,0665	0,4870	981,4	980,6	980,2		
491,1499	0,4962	981,4	980,5	980,2		
491,2332	0,4845	981,4	980,6	980,1		
491,3165	0,4882	981,4	980,5	980,1		
491,3999	0,4887	981,3	980,5	980,1		
491,4832	0,4928	981,3	980,5	980,2		
491,5665	0,4882	981,4	980,6	980,2		
491,6499	0,4937	981,3	980,5	980,1		
491,7332	0,4908	981,5	980,6	980,2		
491,8165	0,4882	981,4	980,5	980,2		
491,8999	0,4870	981,3	980,5	980,2		
491,9832	0,4866	981,4	980,5	980,2		
492,0665	0,4899	981,3	980,5	980,1		
492,1499	0,4895	981,4	980,5	980,1		
492,2332	0,4916	981,5	980,6	980,2		
492,3165	0,4874	981,4	980,5	980,2		
492,3999	0,4937	981,4	980,6	980,3		
492,4832	0,4895	981,3	980,5	980,2		
492,5665	0,4916	981,3	980,6	980,2		
492,6499	0,4958	981,4	980,5	980,1		
492,7332	0,4928	981,3	980,6	980,2		
492,8165	0,4937	981,4	980,6	980,1		
492,8999	0,4887	981,4	980,5	980,1		
492,9832	0,4970	981,4	980,5	980,1		
493,0665	0,4949	981,3	980,5	980,2		
493,1499	0,4987	981,4	980,6	980,2		
493,2332	0,4937	981,4	980,6	980,2		
493,3165	0,4949	981,3	980,6	980,1		
493,3999	0,4908	981,5	980,6	980,1		
493,4832	0,4979	981,4	980,5	980,2		
493,5665	0,4928	981,4	980,6	980,2		
493,6499	0,4878	981,4	980,5	980,1		
493,7332	0,4966	981,4	980,5	980,1		
493,8165	0,4975	981,5	980,6	980,2		
493,8999	0,4832	981,4	980,6	980,1		
493,9832	0,4945	981,5	980,6	980,2		
494,0665	0,4933	981,3	980,6	980,2		
494,1499	0,4903	981,3	980,6	980,2		
494,2332	0,4979	981,3	980,5	980,1		
494,3165	0,4903	981,4	980,6	980,2		
494,3999	0,4937	981,4	980,6	980,2		
494,4832	0,4924	981,5	980,6	980,2		
494,5665	0,4924	981,4	980,6	980,1		
494,6499	0,4928	981,4	980,6	980,2		
494,7332	0,4933	981,4	980,6	980,2		
494,8165	0,4933	981,4	980,5	980,1		
494,8999	0,4954	981,3	980,5	980,0		
494,9832	0,4908	981,3	980,5	980,1		
495,0665	0,4975	981,5	980,6	980,2		
495,1499	0,4958	981,4	980,6	980,2		
495,2332	0,4937	981,4	980,6	980,2		
495,3165	0,4962	981,4	980,5	980,1		
495,3999	0,4916	981,3	980,5	980,1		
495,4832	0,4874	981,4	980,5	980,2		
495,5665	0,4962	981,3	980,5	980,1		
495,6499	0,4912	981,3	980,5	980,2		
495,7332	0,4937	981,4	980,5	980,2		
495,8165	0,4949	981,4	980,6	980,2		
495,8999	0,4899	981,3	980,5	980,1		
495,9832	0,4949	981,4	980,5	980,2		
496,0665	0,4937	981,4	980,6	980,2		
496,1499	0,4840	981,4	980,5	980,1		
496,2332	0,4945	981,4	980,6	980,2		
496,3165	0,4928	981,4	980,5	980,2		
496,3999	0,4937	981,4	980,5	980,1		
496,4832	0,4916	981,4	980,5	980,1		
496,5665	0,4920	981,3	980,5	980,1		
496,6499	0,4966	981,3	980,5	980,1		
496,7332	0,4996	981,4	980,6	980,1		
496,8165	0,4958	981,4	980,5	980,2		
496,8999	0,4979	981,3	980,6	980,2		
496,9832	0,4903	981,4	980,6	980,2		
497,0665	0,4975	981,5	980,6	980,2		
497,1499	0,4924	981,4	980,5	980,1		
497,2332	0,4916	981,2	980,5	980,1		
497,3165	0,4962	981,4	980,5	980,1		
497,3999	0,4928	981,4	980,5	980,2		
497,4832	0,4903	981,4	980,5	980,1		
497,5665	0,4983	981,4	980,6	980,2		
497,6499	0,4970	981,5	980,6	980,2		
497,7332	0,4903	981,3	980,6	980,1		
497,8165	0,4920	981,3	980,5	980,1		
497,8999	0,5000	981,4	980,5	980,3		
497,9832	0,4975	981,4	980,6	980,2		
498,0665	0,4954	981,4	980,5	980,2		
498,1499	0,5017	981,5	980,6	980,3		
498,2332	0,4987	981,4	980,6	980,2		
498,3165	0,4928	981,3	980,5	980,1		
498,3999	0,4975	981,3	980,5	980,1		
498,4832	0,4916	981,3	980,5	980,1		
498,5665	0,4996	981,5	980,6	980,2		
498,6499	0,4899	981,4	980,5	980,1		
498,7332	0,4987	981,4	980,5	980,1		
498,8165	0,4975	981,4	980,5	980,2		
498,8999	0,4996	981,4	980,6	980,1		
498,9832	0,4949	981,4	980,6	980,2		
499,0665	0,4849	981,4	980,5	980,1		
499,1499	0,4975	981,5	980,6	980,1		
499,2332	0,5017	981,4	980,6	980,1		
499,3165	0,4970	981,4	980,5	980,1		
499,3999	0,5021	981,4	980,5	980,2		
499,4832	0,4975	981,4	980,5	980,2		
499,5665	0,4975	981,4	980,6	980,1		
499,6499	0,4954	981,4	980,5	980,2		
499,7332	0,4996	981,4	980,6	980,1		
499,8165	0,4991	981,4	980,5	980,1		
499,8999	0,5004	981,3	980,5	980,1		
499,9832	0,4987	981,4	980,6	980,2		
500,0665	0,4975	981,5	980,6	980,2		
500,1499	0,4949	981,4	980,5	980,2		
500,2332	0,4975	981,4	980,5	980,1		
500,3165	0,5008	981,4	980,6	980,2		
500,3999	0,5050	981,4	980,5	980,1		
500,4832	0,4979	981,4	980,5	980,1		
500,5665	0,4996	981,4	980,5	980,1		
500,6499	0,4941	981,3	980,5	980,1		
500,7332	0,4903	981,4	980,5	980,1		
500,8165	0,5059	981,3	980,5	980,2		
500,8999	0,4958	981,4	980,6	980,2		
500,9832	0,4945	981,4	980,5	980,1		
501,0665	0,4941	981,4	980,5	980,1		
501,1499	0,4996	981,3	980,5	980,1		
501,2332	0,5000	981,4	980,5	980,1		
501,3165	0,5033	981,4	980,6	980,2		
501,3999	0,5004	981,3	980,5	980,2		
501,4832	0,5067	981,4	980,5	980,1		
501,5665	0,5004	981,4	980,6	980,2		
501,6499	0,4958	981,4	980,5	980,0		
501,7332	0,4991	981,4	980,5	980,1		
501,8165	0,5000	981,4	980,5	980,2		
501,8999	0,4991	981,3	980,5	980,1		
501,9832	0,5012	981,4	980,5	980,1		
502,0665	0,5042	981,4	980,5	980,1		
502,1499	0,5017	981,4	980,5	980,1		
502,2332	0,4958	981,4	980,5	980,1		
502,3165	0,4962	981,3	980,5	980,0		
502,3999	0,4979	981,4	980,5	980,1		
502,4832	0,5012	981,3	980,5	980,1		
502,5665	0,4979	981,3	980,5	980,1		
502,6499	0,4983	981,3	980,5	980,1		
502,7332	0,4979	981,3	980,5	980,1		
502,8165	0,5000	981,3	980,5	980,2		
502,8999	0,4996	981,4	980,5	980,1		
502,9832	0,5029	981,4	980,5	980,1		
503,0665	0,4970	981,3	980,5	980,1		
503,1499	0,4941	981,3	980,5	980,1		
503,2332	0,4987	981,4	980,5	980,1		
503,3165	0,5021	981,4	980,5	980,1		
503,3999	0,4983	981,3	980,5	980,1		
503,4832	0,5008	981,4	980,5	980,2		
503,5665	0,4916	981,4	980,5	980,1		
503,6499	0,4920	981,4	980,5	980,1		
503,7332	0,5033	981,3	980,5	980,1		
503,8165	0,5000	981,3	980,5	980,1		
503,8999	0,5017	981,3	980,5	980,2		
503,9832	0,5004	981,4	980,5	980,1		
504,0665	0,4945	981,4	980,5	980,1		
504,1499	0,5067	981,3	980,5	980,1		
504,2332	0,5033	981,3	980,5	980,2		
504,3165	0,5079	981,4	980,5	980,2		
504,3999	0,5017	981,4	980,6	980,2		
504,4832	0,5079	981,4	980,5	980,1		
504,5665	0,5025	981,4	980,6	980,1		
504,6499	0,4996	981,4	980,5	980,2		
504,7332	0,5033	981,3	980,5	980,1		
504,8165	0,5021	981,4	980,6	980,2		
504,8999	0,5046	981,5	980,6	980,2		
504,9832	0,4991	981,3	980,5	980,1		
505,0665	0,4975	981,3	980,5	980,1		
505,1499	0,5029	981,4	980,5	980,2		
505,2332	0,5033	981,4	980,5	980,1		
505,3165	0,4941	981,3	980,5	980,1		
505,3999	0,5109	981,4	980,5	980,1		
505,4832	0,4979	981,4	980,6	980,1		
505,5665	0,5033	981,4	980,5	980,1		
505,6499	0,4991	981,3	980,5	980,1		
505,7332	0,5004	981,3	980,4	980,1		
505,8165	0,5075	981,4	980,5	980,1		
505,8999	0,4979	981,4	980,5	980,1		
505,9832	0,5017	981,4	980,6	980,1		
506,0665	0,5075	981,3	980,5	980,1		
506,1499	0,4975	981,3	980,5	980,2		
506,2332	0,4996	981,3	980,5	980,1		
506,3165	0,5063	981,4	980,6	980,3		
506,3999	0,5050	981,3	980,5	980,2		
506,4832	0,5000	981,3	980,4	980,0		
506,5665	0,5105	981,3	980,4	980,0		
506,6499	0,5046	981,3	980,5	980,1		
506,7332	0,5033	981,3	980,5	980,1		
506,8165	0,5017	981,4	980,5	980,1		
506,8999	0,4991	981,4	980,5	980,1		
506,9832	0,4970	981,4	980,5	980,1		
507,0665	0,5038	981,4	980,5	980,1		
507,1499	0,5138	981,3	980,5	980,2		
507,2332	0,5046	981,4	980,5	980,1		
507,3165	0,5008	981,5	980,5	980,2		
507,3999	0,5054	981,3	980,5	980,1		
507,4832	0,5075	981,3	980,5	980,1		
507,5665	0,5008	981,4	980,6	980,1		
507,6499	0,5025	981,4	980,5	980,1		
507,7332	0,5038	981,4	980,6	980,2		
507,8165	0,5038	981,4	980,5	980,1		
507,8999	0,5046	981,3	980,4	980,1		
507,9832	0,4991	981,3	980,5	980,2		
508,0665	0,5008	981,3	980,5	980,1		
508,1499	0,5025	981,3	980,5	980,1		
508,2332	0,5050	981,5	980,5	980,1		
508,3165	0,5042	981,3	980,5	980,1		
508,3999	0,5105	981,3	980,5	980,1		
508,4832	0,5100	981,3	980,5	980,1		
508,5665	0,5050	981,3	980,5	980,1		
508,6499	0,4979	981,3	980,5	980,1		
508,7332	0,5105	981,3	980,5	980,1		
508,8165	0,5029	981,4	980,5	980,1		
508,8999	0,5029	981,3	980,5	980,1		
508,9832	0,5042	981,3	980,5	980,1		
509,0665	0,5059	981,4	980,5	980,1		
509,1499	0,4987	981,3	980,6	980,2		
509,2332	0,5067	981,4	980,6	980,1		
509,3165	0,5084	981,4	980,6	980,2		
509,3999	0,5092	981,4	980,5	980,1		
509,4832	0,5126	981,3	980,4	980,1		
509,5665	0,5029	981,3	980,5	980,0		
509,6499	0,5054	981,3	980,5	980,1		
509,7332	0,5096	981,4	980,6	980,2		
509,8165	0,5046	981,4	980,5	980,2		
509,8999	0,5033	981,3	980,5	980,1		
509,9832	0,5033	981,3	980,5	980,0		
510,0665	0,5138	981,3	980,5	980,1		
510,1499	0,5117	981,4	980,5	980,1		
510,2332	0,5067	981,3	980,5	980,1		
510,3165	0,5033	981,4	980,5	980,1		
510,3999	0,5059	981,3	980,5	980,1		
510,4832	0,5088	981,3	980,5	980,1		
510,5665	0,5059	981,3	980,5	980,1		
510,6499	0,5113	981,4	980,5	980,1		
510,7332	0,5075	981,3	980,5	980,1		
510,8165	0,5142	981,4	980,5	980,1		
510,8999	0,5079	981,4	980,5	980,1		
510,9832	0,5033	981,4	980,5	980,1		
511,0665	0,5088	981,4	980,5	980,1		
511,1499	0,5025	981,3	980,5	980,1		
511,2332	0,5033	981,3	980,5	980,2		
511,3165	0,5054	981,3	980,5	980,1		
511,3999	0,5067	981,4	980,5	980,1		
511,4832	0,5079	981,3	980,5	980,1		
511,5665	0,5100	981,3	980,5	980,1		
511,6499	0,5067	981,3	980,4	980,0		
511,7332	0,5046	981,4	980,5	980,1		
511,8165	0,5088	981,4	980,6	980,1		
511,8999	0,5079	981,4	980,5	980,1		
511,9832	0,5092	981,4	980,5	980,1		
512,0665	0,5130	981,3	980,5	980,1		
512,1499	0,5033	981,3	980,5	980,2		
512,2332	0,5000	981,3	980,5	980,1		
512,3165	0,5100	981,3	980,4	980,0		
512,3999	0,5079	981,4	980,5	980,1		
512,4832	0,5038	981,3	980,5	980,1		
512,5665	0,5038	981,3	980,5	980,1		
512,6499	0,5046	981,4	980,6	980,2		
512,7332	0,5079	981,3	980,5	980,1		
512,8165	0,5117	981,4	980,5	980,1		
512,8999	0,5096	981,3	980,5	980,1		
512,9832	0,5121	981,4	980,5	980,1		
513,0665	0,5025	981,4	980,5	980,1		
513,1499	0,5067	981,3	980,5	980,1		
513,2332	0,5054	981,3	980,5	980,2		
513,3165	0,5105	981,4	980,5	980,2		
513,3999	0,5054	981,4	980,5	980,1		
513,4832	0,5088	981,4	980,5	980,1		
513,5665	0,5063	981,3	980,5	980,1		
513,6499	0,5054	981,3	980,5	980,1		
513,7332	0,5075	981,3	980,5	980,1		
513,8165	0,5075	981,3	980,5	980,1		
513,8999	0,5063	981,4	980,5	980,1		
513,9832	0,5151	981,4	980,5	980,1		
514,0665	0,5067	981,4	980,6	980,2		
514,1499	0,5147	981,4	980,5	980,1		
514,2332	0,5096	981,4	980,5	980,1		
514,3165	0,5113	981,4	980,6	980,2		
514,3999	0,5054	981,3	980,5	980,2		
514,4832	0,5029	981,4	980,5	980,1		
514,5665	0,4983	981,4	980,5	980,1		
514,6499	0,5046	981,3	980,5	980,1		
514,7332	0,5038	981,4	980,5	980,1		
514,8165	0,5067	981,4	980,5	980,1		
514,8999	0,5134	981,4	980,5	980,1		
514,9832	0,5054	981,4	980,5	980,1		
515,0665	0,5084	981,4	980,5	980,1		
515,1499	0,5029	981,4	980,5	980,2		
515,2332	0,5155	981,3	980,5	980,1		
515,3165	0,5105	981,4	980,6	980,2		
515,3999	0,5071	981,3	980,5	980,1		
515,4832	0,5100	981,4	980,5	980,1		
515,5665	0,5126	981,4	980,6	980,1		
515,6499	0,5017	981,4	980,5	980,1		
515,7332	0,5172	981,3	980,5	980,1		
515,8165	0,5088	981,3	980,5	980,1		
515,8999	0,5042	981,3	980,5	980,1		
515,9832	0,5117	981,4	980,5	980,1		
516,0665	0,5147	981,3	980,5	980,1		
516,1499	0,5092	981,4	980,6	980,2		
516,2332	0,5130	981,5	980,6	980,1		
516,3165	0,5071	981,4	980,5	980,1		
516,3999	0,5075	981,4	980,5	980,1		
516,4832	0,5105	981,4	980,5	980,1		
516,5665	0,5109	981,3	980,5	980,1		
516,6499	0,5113	981,4	980,6	980,2		
516,7332	0,5121	981,4	980,5	980,2		
516,8165	0,5096	981,4	980,5	980,1		
516,8999	0,5138	981,4	980,5	980,2		
516,9832	0,5126	981,3	980,4	980,1		
517,0665	0,5172	981,3	980,5	980,1		
517,1499	0,5088	981,4	980,5	980,1		
517,2332	0,5109	981,4	980,5	980,1		
517,3165	0,5168	981,3	980,5	980,1		
517,3999	0,5138	981,4	980,5	980,2		
517,4832	0,5088	981,4	980,6	980,2		
517,5665	0,5063	981,3	980,5	980,1		
517,6499	0,5067	981,3	980,5	980,1		
517,7332	0,5163	981,4	980,5	980,1		
517,8165	0,5075	981,5	980,6	980,3		
517,8999	0,5079	981,4	980,5	980,1		
517,9832	0,5121	981,4	980,5	980,1		
518,0665	0,5109	981,3	980,6	980,2		
518,1499	0,5142	981,4	980,6	980,1		
518,2332	0,5092	981,4	980,6	980,3		
518,3165	0,5180	981,4	980,5	980,1		
518,3999	0,5079	981,5	980,7	980,4		
518,4832	0,5117	981,4	980,6	980,2		
518,5665	0,5134	981,4	980,5	980,0		
518,6499	0,5138	981,4	980,5	980,2		
518,7332	0,5113	981,3	980,4	980,0		
518,8165	0,4975	981,5	980,6	980,2		
518,8999	0,5092	981,4	980,5	980,2		
518,9832	0,5092	981,4	980,5	980,1		
519,0665	0,5092	981,4	980,5	980,2		
519,1499	0,5184	981,4	980,5	980,2		
519,2332	0,5117	981,3	980,5	980,1		
519,3165	0,5105	981,5	980,5	980,3		
519,3999	0,5113	981,5	980,6	980,2		
519,4832	0,5109	981,4	980,5	980,1		
519,5665	0,5117	981,3	980,5	980,1		
519,6499	0,5172	981,3	980,5	980,1		
519,7332	0,5117	981,3	980,5	980,1		
519,8165	0,5109	981,4	980,6	980,1		
519,8999	0,5075	981,4	980,5	980,1		
519,9832	0,5142	981,4	980,6	980,1		
520,0665	0,5151	981,4	980,6	980,2		
520,1499	0,5075	981,4	980,5	980,1		
520,2332	0,5155	981,4	980,5	980,1		
520,3165	0,5180	981,4	980,5	980,2		
520,3999	0,5100	981,5	980,5	980,1		
520,4832	0,5109	981,4	980,5	980,0		
520,5665	0,5147	981,4	980,5	980,1		
520,6499	0,5113	981,4	980,5	980,2		
520,7332	0,5184	981,3	980,5	980,1		
520,8165	0,5155	981,4	980,5	980,1		
520,8999	0,5067	981,4	980,5	980,1		
520,9832	0,5109	981,4	980,5	980,1		
521,0665	0,5134	981,4	980,6	980,2		
521,1499	0,5168	981,4	980,6	980,2		
521,2332	0,5159	981,4	980,5	980,2		
521,3165	0,5147	981,3	980,6	980,2		
521,3999	0,5197	981,3	980,5	980,1		
521,4832	0,5113	981,5	980,6	980,2		
521,5665	0,5105	981,4	980,5	980,1		
521,6499	0,5130	981,3	980,5	980,1		
521,7332	0,5168	981,3	980,5	980,1		
521,8165	0,5109	981,4	980,5	980,1		
521,8999	0,5134	981,4	980,6	980,1		
521,9832	0,5172	981,4	980,6	980,1		
522,0665	0,5142	981,3	980,5	980,1		
522,1499	0,5105	981,3	980,5	980,1		
522,2332	0,5117	981,4	980,5	980,1		
522,3165	0,5113	981,4	980,5	980,1		
522,3999	0,5126	981,4	980,5	980,1		
522,4832	0,5155	981,4	980,5	980,1		
522,5665	0,5159	981,4	980,5	980,1		
522,6499	0,5260	981,4	980,5	980,1		
522,7332	0,5142	981,3	980,5	980,1		
522,8165	0,5126	981,3	980,5	980,1		
522,8999	0,5159	981,4	980,5	980,2		
522,9832	0,5088	981,4	980,5	980,0		
523,0665	0,5113	981,4	980,5	980,1		
523,1499	0,5142	981,3	980,5	980,1		
523,2332	0,5163	981,4	980,5	980,1		
523,3165	0,5121	981,4	980,5	980,1		
523,3999	0,5176	981,4	980,6	980,1		
523,4832	0,5138	981,4	980,5	980,1		
523,5665	0,5134	981,3	980,5	980,1		
523,6499	0,5163	981,3	980,5	980,1		
523,7332	0,5189	981,4	980,5	980,1		
523,8165	0,5130	981,4	980,6	980,2		
523,8999	0,5126	981,3	980,5	980,1		
523,9832	0,5079	981,4	980,5	980,1		
524,0665	0,5222	981,4	980,5	980,1		
524,1499	0,5218	981,3	980,5	980,1		
524,2332	0,5159	981,3	980,5	980,1		
524,3165	0,5205	981,4	980,5	980,1		
524,3999	0,5134	981,4	980,5	980,2		
524,4832	0,5197	981,5	980,6	980,1		
524,5665	0,5126	981,3	980,5	980,1		
524,6499	0,5205	981,4	980,5	980,1		
524,7332	0,5147	981,3	980,5	980,1		
524,8165	0,5180	981,4	980,6	980,2		
524,8999	0,5159	981,3	980,6	980,1		
524,9832	0,5126	981,4	980,5	980,1		
525,0665	0,5134	981,3	980,5	980,0		
525,1499	0,5138	981,4	980,5	980,1		
525,2332	0,5205	981,5	980,6	980,1		
525,3165	0,5201	981,3	980,6	980,2		
525,3999	0,5214	981,4	980,5	980,1		
525,4832	0,5168	981,4	980,5	980,0		
525,5665	0,5130	981,3	980,5	980,0		
525,6499	0,5159	981,4	980,5	980,2		
525,7332	0,5210	981,3	980,5	980,1		
525,8165	0,5100	981,4	980,6	980,1		
525,8999	0,5172	981,4	980,5	980,2		
525,9832	0,5201	981,3	980,5	980,1		
526,0665	0,5130	981,4	980,5	980,1		
526,1499	0,5155	981,4	980,5	980,1		
526,2332	0,5205	981,5	980,6	980,1		
526,3165	0,5121	981,4	980,5	980,1		
526,3999	0,5184	981,3	980,4	980,0		
526,4832	0,5197	981,4	980,6	980,1		
526,5665	0,5121	981,4	980,5	980,1		
526,6499	0,5163	981,3	980,5	980,1		
526,7332	0,5184	981,5	980,6	980,1		
526,8165	0,5155	981,4	980,5	980,1		
526,8999	0,5172	981,3	980,5	980,1		
526,9832	0,5176	981,3	980,4	980,1		
527,0665	0,5226	981,3	980,5	980,1		
527,1499	0,5155	981,5	980,6	980,1		
527,2332	0,5163	981,4	980,5	980,1		
527,3165	0,5226	981,4	980,5	980,1		
527,3999	0,5230	981,3	980,5	980,2		
527,4832	0,5235	981,4	980,4	980,1		
527,5665	0,5172	981,4	980,6	980,2		
527,6499	0,5159	981,4	980,5	980,1		
527,7332	0,5159	981,4	980,5	980,1		
527,8165	0,5222	981,5	980,5	980,1		
527,8999	0,5189	981,3	980,5	980,1		
527,9832	0,5163	981,3	980,5	980,1		
528,0665	0,5168	981,4	980,5	980,0		
528,1499	0,5151	981,3	980,5	980,1		
528,2332	0,5176	981,4	980,6	980,2		
528,3165	0,5235	981,4	980,5	980,1		
528,3999	0,5214	981,3	980,5	980,1		
528,4832	0,5243	981,3	980,4	980,1		
528,5665	0,5256	981,4	980,6	980,1		
528,6499	0,5210	981,4	980,5	980,1		
528,7332	0,5172	981,4	980,5	980,1		
528,8165	0,5218	981,5	980,6	980,2		
528,8999	0,5226	981,5	980,6	980,2		
528,9832	0,5189	981,4	980,5	980,1		
529,0665	0,5168	981,4	980,5	980,1		
529,1499	0,5172	981,4	980,5	980,1		
529,2332	0,5197	981,4	980,5	980,1		
529,3165	0,5184	981,4	980,5	980,1		
529,3999	0,5155	981,3	980,5	980,0		
529,4832	0,5147	981,4	980,5	980,1		
529,5665	0,5218	981,4	980,5	980,1		
529,6499	0,5189	981,5	980,6	980,1		
529,7332	0,5151	981,3	980,5	980,0		
529,8165	0,5155	981,4	980,6	980,2		
529,8999	0,5281	981,4	980,5	980,1		
529,9832	0,5222	981,4	980,5	980,1		
530,0665	0,5251	981,4	980,5	980,1		
530,1499	0,5189	981,3	980,4	980,0		
530,2332	0,5239	981,3	980,5	980,1		
530,3165	0,5117	981,3	980,5	980,2		
530,3999	0,5218	981,3	980,5	980,1		
530,4832	0,5176	981,3	980,4	980,0		
530,5665	0,5205	981,4	980,5	980,1		
530,6499	0,5147	981,3	980,5	980,1		
530,7332	0,5264	981,3	980,4	980,1		
530,8165	0,5260	981,3	980,4	980,1		
530,8999	0,5205	981,3	980,5	980,1		
530,9832	0,5243	981,4	980,5	980,1		
531,0665	0,5201	981,4	980,5	980,1		
531,1499	0,5235	981,4	980,5	980,1		
531,2332	0,5197	981,3	980,4	980,0		
531,3165	0,5235	981,3	980,5	980,1		
531,3999	0,5168	981,5	980,6	980,1		
531,4832	0,5230	981,4	980,5	980,0		
531,5665	0,5210	981,2	980,4	980,1		
531,6499	0,5189	981,3	980,5	980,1		
531,7332	0,5239	981,3	980,4	980,1		
531,8165	0,5189	981,2	980,4	979,9		
531,8999	0,5239	981,3	980,4	980,1		
531,9832	0,5226	981,4	980,5	980,2		
532,0665	0,5159	981,4	980,5	980,1		
532,1499	0,5117	981,4	980,5	980,1		
532,2332	0,5214	981,3	980,5	980,1		
532,3165	0,5222	981,3	980,4	980,0		
532,3999	0,5159	981,3	980,5	980,1		
532,4832	0,5210	981,4	980,5	980,0		
532,5665	0,5176	981,4	980,5	980,1		
532,6499	0,5218	981,3	980,5	980,0		
532,7332	0,5235	981,3	980,5	980,1		
532,8165	0,5239	981,3	980,5	980,2		
532,8999	0,5226	981,3	980,5	980,0		
532,9832	0,5285	981,4	980,6	980,2		
533,0665	0,5214	981,4	980,5	980,1		
533,1499	0,5243	981,4	980,5	980,1		
533,2332	0,5205	981,3	980,4	980,0		
533,3165	0,5260	981,4	980,6	980,2		
533,3999	0,5176	981,3	980,5	980,1		
533,4832	0,5189	981,5	980,5	980,2		
533,5665	0,5260	981,4	980,5	980,1		
533,6499	0,5243	981,3	980,5	980,0		
533,7332	0,5256	981,3	980,5	980,1		
533,8165	0,5235	981,3	980,5	980,1		
533,8999	0,5251	981,3	980,5	980,1		
533,9832	0,5226	981,4	980,6	980,1		
534,0665	0,5189	981,5	980,5	980,1		
534,1499	0,5235	981,3	980,5	980,0		
534,2332	0,5222	981,4	980,5	980,1		
534,3165	0,5218	981,4	980,5	980,1		
534,3999	0,5218	981,3	980,6	980,1		
534,4832	0,5239	981,4	980,5	980,0		
534,5665	0,5180	981,4	980,6	980,1		
534,6499	0,5189	981,4	980,5	980,1		
534,7332	0,5218	981,4	980,5	980,1		
534,8165	0,5361	981,3	980,5	980,1		
534,8999	0,5264	981,4	980,5	980,1		
534,9832	0,5243	981,4	980,5	980,1		
535,0665	0,5247	981,5	980,6	980,1		
535,1499	0,5247	981,4	980,5	980,1		
535,2332	0,5277	981,3	980,4	980,0		
535,3165	0,5243	981,3	980,5	980,1		
535,3999	0,5222	981,3	980,5	980,1		
535,4832	0,5235	981,3	980,5	980,1		
535,5665	0,5243	981,3	980,4	980,1		
535,6499	0,5247	981,4	980,6	980,1		
535,7332	0,5197	981,4	980,5	980,0		
535,8165	0,5218	981,4	980,5	980,1		
535,8999	0,5230	981,3	980,4	980,0		
535,9832	0,5298	981,4	980,7	980,5		
536,0665	0,5222	981,3	980,5	980,1		
536,1499	0,5222	981,4	980,4	980,0		
536,2332	0,5214	981,5	980,6	980,2		
536,3165	0,5235	981,4	980,5	980,1		
536,3999	0,5277	981,4	980,5	980,1		
536,4832	0,5251	981,4	980,5	980,1		
536,5665	0,5239	981,4	980,5	980,2		
536,6499	0,5306	981,4	980,5	980,1		
536,7332	0,5168	981,4	980,6	980,1		
536,8165	0,5306	981,4	980,5	980,1		
536,8999	0,5239	981,4	980,5	980,1		
536,9832	0,5260	981,4	980,6	980,1		
537,0665	0,5218	981,3	980,5	980,1		
537,1499	0,5222	981,3	980,5	980,1		
537,2332	0,5256	981,4	980,6	980,2		
537,3165	0,5264	981,3	980,5	980,1		
537,3999	0,5214	981,4	980,5	980,0		
537,4832	0,5214	981,3	980,5	979,9		
537,5665	0,5201	981,4	980,5	980,1		
537,6499	0,5268	981,3	980,5	980,0		
537,7332	0,5281	981,3	980,5	980,1		
537,8165	0,5256	981,4	980,6	980,2		
537,8999	0,5251	981,4	980,5	980,1		
537,9832	0,5251	981,3	980,5	980,1		
538,0665	0,5277	981,4	980,5	980,1		
538,1499	0,5268	981,4	980,5	980,1		
538,2332	0,5235	981,4	980,5	980,1		
538,3165	0,5251	981,4	980,5	980,1		
538,3999	0,5310	981,4	980,6	980,2		
538,4832	0,5239	981,3	980,5	980,1		
538,5665	0,5281	981,4	980,5	980,1		
538,6499	0,5289	981,4	980,5	980,0		
538,7332	0,5201	981,4	980,5	980,1		
538,8166	0,5298	981,4	980,5	980,1		
538,8999	0,5247	981,3	980,4	980,0		
538,9832	0,5189	981,4	980,6	980,1		
539,0666	0,5348	981,4	980,5	980,1		
539,1499	0,5256	981,4	980,5	980,1		
539,2332	0,5226	981,4	980,6	980,1		
539,3166	0,5214	981,4	980,5	980,1		
539,3999	0,5218	981,3	980,4	980,0		
539,4832	0,5256	981,4	980,5	980,1		
539,5666	0,5293	981,4	980,5	980,1		
539,6499	0,5314	981,4	980,6	980,1		
539,7332	0,5251	981,3	980,5	980,1		
539,8166	0,5251	981,5	980,5	980,1		
539,8999	0,5281	981,5	980,5	980,1		
539,9832	0,5180	981,4	980,5	980,0		
540,0666	0,5281	981,4	980,5	980,1		
540,1499	0,5230	981,3	980,5	980,1		
540,2332	0,5344	981,3	980,5	980,1		
540,3166	0,5293	981,4	980,5	980,1		
540,3999	0,5268	981,4	980,5	980,1		
540,4832	0,5264	981,4	980,6	980,1		
540,5666	0,5272	981,4	980,5	980,0		
540,6499	0,5302	981,4	980,5	980,0		
540,7332	0,5272	981,4	980,6	980,1		
540,8166	0,5298	981,4	980,5	980,1		
540,8999	0,5264	981,3	980,5	980,1		
540,9832	0,5239	981,5	980,5	980,1		
541,0666	0,5226	981,4	980,5	980,0		
541,1499	0,5230	981,4	980,6	980,2		
541,2332	0,5272	981,4	980,5	980,1		
541,3166	0,5277	981,4	980,6	980,2		
541,3999	0,5260	981,4	980,6	980,1		
541,4832	0,5302	981,4	980,5	980,1		
541,5666	0,5222	981,4	980,5	980,0		
541,6499	0,5310	981,4	980,6	980,1		
541,7332	0,5239	981,4	980,5	980,1		
541,8166	0,5277	981,4	980,6	980,1		
541,8999	0,5268	981,3	980,5	980,1		
541,9832	0,5277	981,4	980,6	980,2		
542,0666	0,5323	981,4	980,6	980,2		
542,1499	0,5243	981,3	980,5	980,0		
542,2332	0,5272	981,4	980,6	980,2		
542,3166	0,5251	981,4	980,5	980,0		
542,3999	0,5268	981,4	980,4	980,0		
542,4832	0,5264	981,3	980,5	980,2		
542,5666	0,5323	981,4	980,5	980,1		
542,6499	0,5344	981,4	980,5	980,1		
542,7332	0,5222	981,4	980,5	980,1		
542,8166	0,5281	981,4	980,5	980,1		
542,8999	0,5331	981,5	980,5	980,1		
542,9832	0,5193	981,4	980,5	980,0		
543,0666	0,5226	981,4	980,5	980,1		
543,1499	0,5323	981,3	980,5	980,1		
543,2332	0,5298	981,4	980,6	980,1		
543,3166	0,5272	981,5	980,5	980,1		
543,3999	0,5222	981,4	980,5	980,1		
543,4832	0,5247	981,3	980,5	980,0		
543,5666	0,5210	981,3	980,5	980,1		
543,6499	0,5251	981,4	980,5	980,1		
543,7332	0,5319	981,4	980,5	980,1		
543,8166	0,5323	981,4	980,5	980,1		
543,8999	0,5293	981,3	980,5	980,1		
543,9832	0,5239	981,5	980,6	980,2		
544,0666	0,5289	981,5	980,5	980,0		
544,1499	0,5210	981,4	980,5	980,1		
544,2332	0,5293	981,4	980,5	980,1		
544,3166	0,5319	981,4	980,5	980,1		
544,3999	0,5344	981,4	980,5	980,1		
544,4832	0,5306	981,4	980,5	980,1		
544,5666	0,5277	981,4	980,5	980,1		
544,6499	0,5247	981,4	980,5	980,1		
544,7332	0,5268	981,3	980,5	980,0		
544,8166	0,5260	981,4	980,5	980,1		
544,8999	0,5298	981,4	980,5	980,1		
544,9832	0,5344	981,3	980,5	980,1		
545,0666	0,5327	981,3	980,5	980,1		
545,1499	0,5323	981,4	980,5	980,1		
545,2332	0,5310	981,4	980,5	980,1		
545,3166	0,5314	981,4	980,6	980,2		
545,3999	0,5289	981,3	980,5	980,0		
545,4832	0,5268	981,4	980,5	980,1		
545,5666	0,5268	981,4	980,5	980,1		
545,6499	0,5323	981,3	980,5	980,1		
545,7332	0,5272	981,3	980,5	980,1		
545,8166	0,5348	981,3	980,5	980,1		
545,8999	0,5235	981,4	980,5	980,0		
545,9832	0,5256	981,4	980,5	980,0		
546,0666	0,5314	981,4	980,6	980,0		
546,1499	0,5310	981,3	980,5	980,1		
546,2332	0,5310	981,3	980,5	980,1		
546,3166	0,5327	981,4	980,5	980,1		
546,3999	0,5222	981,4	980,5	980,0		
546,4832	0,5323	981,3	980,5	980,0		
546,5666	0,5319	981,4	980,5	980,1		
546,6499	0,5356	981,5	980,6	980,2		
546,7332	0,5272	981,3	980,5	980,1		
546,8166	0,5268	981,4	980,5	980,1		
546,8999	0,5323	981,4	980,5	980,1		
546,9832	0,5277	981,4	980,5	980,0		
547,0666	0,5306	981,4	980,5	980,0		
547,1499	0,5356	981,3	980,4	980,0		
547,2332	0,5344	981,3	980,5	980,0		
547,3166	0,5272	981,4	980,5	980,1		
547,3999	0,5361	981,3	980,5	980,1		
547,4832	0,5306	981,3	980,5	980,0		
547,5666	0,5281	981,4	980,6	980,1		
547,6499	0,5235	981,4	980,5	980,0		
547,7332	0,5289	981,4	980,5	980,0		
547,8166	0,5407	981,3	980,4	980,0		
547,8999	0,5314	981,4	980,5	980,0		
547,9832	0,5377	981,4	980,5	980,1		
548,0666	0,5306	981,3	980,5	980,0		
548,1499	0,5289	981,4	980,5	980,0		
548,2332	0,5319	981,4	980,5	980,1		
548,3166	0,5373	981,4	980,4	979,9		
548,3999	0,5264	981,3	980,5	980,1		
548,4832	0,5289	981,4	980,5	980,1		
548,5666	0,5323	981,4	980,5	980,1		
548,6499	0,5247	981,4	980,4	980,0		
548,7332	0,5314	981,5	980,6	980,2		
548,8166	0,5222	981,4	980,5	980,1		
548,8999	0,5281	981,4	980,5	980,1		
548,9832	0,5302	981,3	980,5	980,1		
549,0666	0,5310	981,3	980,5	980,0		
549,1499	0,5377	981,4	980,4	980,1		
549,2332	0,5310	981,4	980,5	980,1		
549,3166	0,5302	981,3	980,5	980,2		
549,3999	0,5251	981,4	980,5	980,0		
549,4832	0,5361	981,5	980,5	980,1		
549,5666	0,5331	981,4	980,5	980,1		
549,6499	0,5323	981,4	980,5	980,1		
549,7332	0,5331	981,3	980,5	980,0		
549,8166	0,5356	981,4	980,5	980,1		
549,8999	0,5327	981,4	980,5	980,1		
549,9832	0,5319	981,4	980,5	980,1		
550,0666	0,5381	981,4	980,5	980,1		
550,1499	0,5361	981,4	980,5	980,1		
550,2332	0,5344	981,3	980,4	980,0		
550,3166	0,5277	981,4	980,6	980,1		
550,3999	0,5331	981,4	980,5	980,2		
550,4832	0,5390	981,4	980,5	980,1		
550,5666	0,5386	981,5	980,5	980,1		
550,6499	0,5277	981,5	980,6	980,1		
550,7332	0,5306	981,4	980,5	980,0		
550,8166	0,5314	981,4	980,5	980,1		
550,8999	0,5323	981,4	980,4	980,0		
550,9832	0,5415	981,3	980,4	980,1		
551,0666	0,5302	981,4	980,6	980,2		
551,1499	0,5302	981,4	980,5	980,1		
551,2332	0,5272	981,4	980,5	980,1		
551,3166	0,5356	981,4	980,5	980,1		
551,3999	0,5293	981,4	980,5	980,1		
551,4832	0,5369	981,4	980,5	980,1		
551,5666	0,5361	981,4	980,6	980,2		
551,6499	0,5335	981,4	980,5	980,1		
551,7332	0,5268	981,4	980,5	980,1		
551,8166	0,5335	981,4	980,6	980,1		
551,8999	0,5289	981,4	980,5	980,1		
551,9832	0,5335	981,4	980,5	980,1		
552,0666	0,5306	981,4	980,5	980,0		
552,1499	0,5260	981,4	980,5	980,1		
552,2332	0,5293	981,4	980,5	980,1		
552,3166	0,5272	981,4	980,5	980,0		
552,3999	0,5377	981,3	980,5	980,1		
552,4832	0,5361	981,4	980,5	980,2		
552,5666	0,5344	981,4	980,5	980,1		
552,6499	0,5268	981,4	980,5	980,1		
552,7332	0,5323	981,4	980,4	980,0		
552,8166	0,5369	981,4	980,5	980,0		
552,8999	0,5306	981,4	980,5	980,0		
552,9832	0,5348	981,4	980,6	980,2		
553,0666	0,5285	981,4	980,5	980,1		
553,1499	0,5331	981,4	980,5	980,1		
553,2332	0,5293	981,5	980,5	980,1		
553,3166	0,5331	981,4	980,5	980,0		
553,3999	0,5352	981,4	980,6	980,2		
553,4832	0,5361	981,4	980,5	980,1		
553,5666	0,5352	981,3	980,5	980,1		
553,6499	0,5361	981,3	980,5	980,1		
553,7332	0,5356	981,4	980,6	980,2		
553,8166	0,5310	981,4	980,5	980,1		
553,8999	0,5419	981,5	980,5	980,2		
553,9832	0,5390	981,4	980,5	980,1		
554,0666	0,5335	981,3	980,5	980,1		
554,1499	0,5381	981,4	980,5	980,1		
554,2332	0,5293	981,5	980,6	980,1		
554,3166	0,5373	981,4	980,5	980,1		
554,3999	0,5344	981,4	980,5	980,1		
554,4832	0,5365	981,4	980,5	980,1		
554,5666	0,5356	981,4	980,5	980,0		
554,6499	0,5394	981,4	980,5	980,1		
554,7332	0,5302	981,3	980,5	980,0		
554,8166	0,5348	981,4	980,5	980,1		
554,8999	0,5373	981,5	980,6	980,2		
554,9832	0,5377	981,4	980,5	980,1		
555,0666	0,5298	981,4	980,5	980,1		
555,1499	0,5272	981,4	980,5	980,1		
555,2332	0,5319	981,3	980,5	980,0		
555,3166	0,5381	981,3	980,5	980,1		
555,3999	0,5365	981,3	980,5	980,1		
555,4832	0,5331	981,3	980,5	980,1		
555,5666	0,5293	981,4	980,5	980,1		
555,6499	0,5398	981,4	980,5	980,2		
555,7332	0,5293	981,3	980,5	980,0		
555,8166	0,5407	981,4	980,5	980,0		
555,8999	0,5348	981,4	980,5	980,0		
555,9832	0,5335	981,4	980,6	980,1		
556,0666	0,5331	981,4	980,5	980,1		
556,1499	0,5386	981,5	980,6	980,1		
556,2332	0,5256	981,3	980,5	980,1		
556,3166	0,5348	981,4	980,5	980,2		
556,3999	0,5390	981,5	980,5	980,0		
556,4832	0,5319	981,5	980,6	980,2		
556,5666	0,5365	981,4	980,5	980,0		
556,6499	0,5352	981,3	980,5	980,1		
556,7332	0,5398	981,3	980,5	980,1		
556,8166	0,5369	981,3	980,5	980,0		
556,8999	0,5402	981,4	980,5	980,1		
556,9832	0,5272	981,5	980,5	980,1		
557,0666	0,5268	981,4	980,4	980,0		
557,1499	0,5344	981,3	980,5	980,0		
557,2332	0,5277	981,4	980,5	980,1		
557,3166	0,5381	981,3	980,5	980,0		
557,3999	0,5348	981,4	980,5	980,1		
557,4832	0,5314	981,4	980,6	980,1		
557,5666	0,5356	981,4	980,6	980,1		
557,6499	0,5340	981,3	980,5	980,0		
557,7332	0,5327	981,3	980,5	980,1		
557,8166	0,5398	981,4	980,5	980,0		
557,8999	0,5352	981,4	980,5	980,2		
557,9832	0,5386	981,4	980,5	980,0		
558,0666	0,5277	981,4	980,5	980,1		
558,1499	0,5390	981,4	980,5	980,0		
558,2332	0,5390	981,4	980,4	980,0		
558,3166	0,5402	981,4	980,5	980,1		
558,3999	0,5365	981,4	980,5	980,1		
558,4832	0,5373	981,4	980,5	980,0		
558,5666	0,5386	981,3	980,5	980,1		
558,6499	0,5394	981,3	980,5	980,0		
558,7332	0,5314	981,4	980,5	980,2		
558,8166	0,5352	981,4	980,5	980,0		
558,8999	0,5365	981,3	980,4	979,9		
558,9832	0,5373	981,3	980,5	980,0		
559,0666	0,5373	981,4	980,6	980,1		
559,1499	0,5394	981,3	980,4	980,0		
559,2332	0,5365	981,4	980,5	980,1		
559,3166	0,5335	981,4	980,5	980,1		
559,3999	0,5319	981,4	980,5	980,1		
559,4832	0,5365	981,4	980,5	980,1		
559,5666	0,5327	981,4	980,6	980,1		
559,6499	0,5373	981,4	980,5	980,0		
559,7332	0,5411	981,3	980,5	980,1		
559,8166	0,5461	981,3	980,5	980,1		
559,8999	0,5344	981,4	980,6	980,1		
559,9832	0,5356	981,5	980,6	980,2		
560,0666	0,5264	981,4	980,5	980,1		
560,1499	0,5361	981,3	980,5	980,1		
560,2332	0,5373	981,3	980,5	980,1		
560,3166	0,5411	981,4	980,6	980,2		
560,3999	0,5356	981,3	980,5	980,1		
560,4832	0,5356	981,3	980,5	980,1		
560,5666	0,5428	981,4	980,5	980,1		
560,6499	0,5453	981,5	980,6	980,1		
560,7332	0,5369	981,4	980,5	980,1		
560,8166	0,5344	981,4	980,6	980,2		
560,8999	0,5386	981,3	980,5	980,1		
560,9832	0,5356	981,4	980,5	980,0		
561,0666	0,5411	981,4	980,5	980,1		
561,1499	0,5369	981,4	980,5	980,0		
561,2332	0,5327	981,3	980,5	980,1		
561,3166	0,5356	981,5	980,6	980,2		
561,3999	0,5369	981,5	980,6	980,1		
561,4832	0,5327	981,4	980,6	980,1		
561,5666	0,5381	981,4	980,6	980,1		
561,6499	0,5419	981,3	980,5	980,1		
561,7332	0,5436	981,3	980,5	980,2		
561,8166	0,5390	981,4	980,5	980,1		
561,8999	0,5293	981,4	980,5	980,1		
561,9832	0,5478	981,5	980,6	980,2		
562,0666	0,5331	981,4	980,5	980,1		
562,1499	0,5423	981,3	980,5	980,1		
562,2332	0,5402	981,4	980,5	980,1		
562,3166	0,5306	981,3	980,5	980,1		
562,3999	0,5402	981,4	980,5	980,1		
562,4832	0,5386	981,4	980,5	980,1		
562,5666	0,5432	981,4	980,5	980,1		
562,6499	0,5348	981,3	980,4	980,0		
562,7332	0,5361	981,3	980,5	980,1		
562,8166	0,5428	981,4	980,6	980,2		
562,8999	0,5310	981,3	980,5	980,1		
562,9832	0,5319	981,4	980,5	980,1		
563,0666	0,5415	981,4	980,5	980,1		
563,1499	0,5386	981,4	980,6	980,2		
563,2332	0,5377	981,3	980,5	980,1		
563,3166	0,5365	981,5	980,6	980,1		
563,3999	0,5373	981,4	980,5	980,1		
563,4832	0,5402	981,4	980,5	980,1		
563,5666	0,5419	981,4	980,6	980,1		
563,6499	0,5402	981,4	980,5	980,1		
563,7332	0,5407	981,4	980,5	980,1		
563,8166	0,5407	981,5	980,6	980,1		
563,8999	0,5344	981,4	980,6	980,1		
563,9832	0,5369	981,4	980,6	980,2		
564,0666	0,5411	981,3	980,5	980,1		
564,1499	0,5373	981,3	980,5	980,2		
564,2332	0,5340	981,3	980,5	980,1		
564,3166	0,5344	981,4	980,5	980,1		
564,3999	0,5356	981,3	980,5	980,0		
564,4832	0,5361	981,4	980,5	980,1		
564,5666	0,5356	981,4	980,5	980,1		
564,6499	0,5361	981,4	980,5	980,1		
564,7332	0,5361	981,4	980,5	980,2		
564,8166	0,5377	981,3	980,5	980,1		
564,8999	0,5386	981,3	980,5	980,1		
564,9832	0,5402	981,4	980,5	980,1		
565,0666	0,5411	981,4	980,5	980,1		
565,1499	0,5386	981,4	980,6	980,2		
565,2332	0,5331	981,3	980,5	980,1		
565,3166	0,5407	981,3	980,4	980,1		
565,3999	0,5398	981,4	980,5	980,1		
565,4832	0,5411	981,4	980,5	980,2		
565,5666	0,5373	981,3	980,5	980,1		
565,6499	0,5365	981,3	980,5	980,1		
565,7332	0,5398	981,4	980,6	980,2		
565,8166	0,5398	981,4	980,5	980,2		
565,8999	0,5381	981,4	980,5	980,1		
565,9832	0,5407	981,3	980,5	980,1		
566,0666	0,5390	981,4	980,5	980,1		
566,1499	0,5369	981,4	980,6	980,2		
566,2332	0,5377	981,4	980,5	980,1		
566,3166	0,5419	981,4	980,6	980,1		
566,3999	0,5402	981,4	980,5	980,2		
566,4832	0,5411	981,4	980,5	980,1		
566,5666	0,5348	981,4	980,6	980,1		
566,6499	0,5415	981,4	980,5	980,1		
566,7332	0,5323	981,4	980,5	980,1		
566,8166	0,5415	981,4	980,5	980,1		
566,8999	0,5507	981,3	980,5	980,1		
566,9832	0,5411	981,3	980,5	980,0		
567,0666	0,5386	981,3	980,5	980,1		
567,1499	0,5407	981,3	980,5	980,1		
567,2332	0,5402	981,3	980,4	980,0		
567,3166	0,5423	981,4	980,5	980,1		
567,3999	0,5407	981,4	980,6	980,2		
567,4832	0,5436	981,4	980,5	980,1		
567,5666	0,5398	981,4	980,5	980,1		
567,6499	0,5390	981,3	980,5	980,1		
567,7332	0,5432	981,3	980,5	980,1		
567,8166	0,5361	981,4	980,5	980,2		
567,8999	0,5449	981,4	980,5	980,1		
567,9832	0,5377	981,4	980,6	980,2		
568,0666	0,5486	981,5	980,6	980,1		
568,1499	0,5381	981,4	980,6	980,1		
568,2332	0,5394	981,4	980,5	980,1		
568,3166	0,5423	981,4	980,5	980,1		
568,3999	0,5386	981,3	980,5	980,1		
568,4832	0,5419	981,5	980,6	980,2		
568,5666	0,5398	981,5	980,5	980,1		
568,6499	0,5386	981,4	980,5	980,1		
568,7332	0,5495	981,4	980,5	980,1		
568,8166	0,5436	981,3	980,4	980,0		
568,8999	0,5428	981,4	980,5	980,2		
568,9832	0,5407	981,4	980,5	980,1		
569,0666	0,5356	981,5	980,5	980,2		
569,1499	0,5361	981,3	980,4	980,1		
569,2332	0,5428	981,4	980,6	980,2		
569,3166	0,5331	981,4	980,5	980,2		
569,3999	0,5449	981,3	980,5	980,1		
569,4832	0,5453	981,3	980,5	980,1		
569,5666	0,5457	981,4	980,5	980,2		
569,6499	0,5356	981,4	980,6	980,2		
569,7332	0,5423	981,3	980,4	980,0		
569,8166	0,5381	981,3	980,5	980,0		
569,8999	0,5402	981,4	980,5	980,2		
569,9832	0,5415	981,3	980,5	980,1		
570,0666	0,5465	981,3	980,5	980,1		
570,1499	0,5373	981,4	980,5	980,1		
570,2332	0,5470	981,4	980,5	980,1		
570,3166	0,5419	981,4	980,5	980,0		
570,3999	0,5428	981,3	980,5	980,1		
570,4832	0,5415	981,4	980,5	980,1		
570,5666	0,5386	981,4	980,5	980,1		
570,6499	0,5373	981,4	980,5	980,1		
570,7332	0,5478	981,4	980,5	980,1		
570,8166	0,5411	981,3	980,4	980,0		
570,8999	0,5390	981,3	980,5	980,1		
570,9832	0,5486	981,4	980,6	980,2		
571,0666	0,5470	981,4	980,5	980,1		
571,1499	0,5411	981,4	980,5	980,1		
571,2332	0,5356	981,4	980,5	980,1		
571,3166	0,5302	981,4	980,5	980,2		
571,3999	0,5436	981,3	980,5	980,1		
571,4832	0,5449	981,4	980,5	980,1		
571,5666	0,5386	981,3	980,4	980,0		
571,6499	0,5444	981,3	980,5	980,1		
571,7332	0,5440	981,4	980,5	980,1		
571,8166	0,5419	981,4	980,5	980,1		
571,8999	0,5436	981,4	980,6	980,1		
571,9832	0,5411	981,4	980,5	980,1		
572,0666	0,5428	981,4	980,5	980,1		
572,1499	0,5369	981,4	980,5	980,1		
572,2332	0,5436	981,4	980,5	980,1		
572,3166	0,5453	981,4	980,5	980,1		
572,3999	0,5411	981,3	980,5	980,1		
572,4832	0,5415	981,4	980,6	980,2		
572,5666	0,5419	981,4	980,5	980,1		
572,6499	0,5461	981,4	980,5	980,1		
572,7332	0,5423	981,4	980,5	980,1		
572,8166	0,5348	981,4	980,5	980,1		
572,8999	0,5457	981,4	980,5	980,2		
572,9832	0,5516	981,4	980,6	980,2		
573,0666	0,5457	981,4	980,5	980,2		
573,1499	0,5423	981,3	980,5	980,1		
573,2332	0,5415	981,5	980,5	980,1		
573,3166	0,5432	981,4	980,5	980,1		
573,3999	0,5428	981,4	980,5	980,1		
573,4832	0,5453	981,4	980,6	980,2		
573,5666	0,5532	981,4	980,5	980,1		
573,6499	0,5440	981,4	980,6	980,1		
573,7332	0,5453	981,4	980,5	980,0		
573,8166	0,5507	981,4	980,5	980,1		
573,8999	0,5516	981,4	980,5	980,1		
573,9832	0,5470	981,4	980,5	980,1		
574,0666	0,5415	981,3	980,5	980,0		
574,1499	0,5365	981,4	980,5	980,2		
574,2332	0,5348	981,5	980,6	980,1		
574,3166	0,5436	981,3	980,5	980,0		
574,3999	0,5411	981,4	980,6	980,1		
574,4832	0,5369	981,4	980,5	980,1		
574,5666	0,5461	981,4	980,5	980,1		
574,6499	0,5386	981,4	980,5	980,2		
574,7332	0,5474	981,4	980,5	980,0		
574,8166	0,5428	981,3	980,5	980,1		
574,8999	0,5465	981,3	980,5	980,1		
574,9832	0,5465	981,3	980,5	980,1		
575,0666	0,5419	981,4	980,5	980,1		
575,1499	0,5432	981,4	980,5	980,1		
575,2332	0,5495	981,3	980,4	980,1		
575,3166	0,5415	981,4	980,5	980,1		
575,3999	0,5386	981,3	980,5	980,0		
575,4832	0,5381	981,4	980,5	980,1		
575,5666	0,5419	981,4	980,5	980,0		
575,6499	0,5470	981,3	980,5	980,0		
575,7332	0,5453	981,4	980,5	980,1		
575,8166	0,5470	981,4	980,5	980,1		
575,8999	0,5495	981,4	980,5	980,1		
575,9832	0,5415	981,3	980,5	980,0		
576,0666	0,5428	981,4	980,5	980,1		
576,1499	0,5482	981,4	980,5	980,1		
576,2332	0,5419	981,3	980,5	980,0		
576,3166	0,5419	981,4	980,5	980,1		
576,3999	0,5453	981,3	980,5	980,1		
576,4832	0,5386	981,4	980,5	980,2		
576,5666	0,5419	981,3	980,4	980,0		
576,6499	0,5457	981,3	980,5	980,0		
576,7332	0,5545	981,3	980,5	980,1		
576,8166	0,5461	981,3	980,5	980,1		
576,8999	0,5457	981,4	980,5	980,1		
576,9832	0,5478	981,3	980,5	980,1		
577,0666	0,5495	981,4	980,5	980,1		
577,1499	0,5386	981,4	980,5	980,1		
577,2332	0,5386	981,4	980,5	980,1		
577,3166	0,5465	981,3	980,5	980,1		
577,3999	0,5507	981,3	980,5	980,1		
577,4832	0,5524	981,4	980,5	980,1		
577,5666	0,5478	981,3	980,5	980,1		
577,6499	0,5457	981,4	980,5	980,1		
577,7332	0,5465	981,4	980,5	980,1		
577,8166	0,5423	981,3	980,5	980,1		
577,8999	0,5407	981,3	980,5	980,1		
577,9832	0,5440	981,3	980,4	980,1		
578,0666	0,5436	981,3	980,4	980,1		
578,1499	0,5381	981,5	980,6	980,2		
578,2332	0,5423	981,3	980,5	980,1		
578,3166	0,5495	981,3	980,5	980,1		
578,3999	0,5516	981,3	980,5	980,2		
578,4832	0,5398	981,4	980,5	980,2		
578,5666	0,5415	981,4	980,6	980,1		
578,6499	0,5461	981,3	980,5	980,1		
578,7332	0,5453	981,3	980,5	980,1		
578,8166	0,5503	981,3	980,5	980,1		
578,8999	0,5407	981,4	980,6	980,2		
578,9832	0,5503	981,4	980,5	980,1		
579,0666	0,5436	981,4	980,5	980,0		
579,1499	0,5432	981,4	980,5	980,0		
579,2332	0,5432	981,3	980,4	980,1		
579,3166	0,5419	981,4	980,5	980,1		
579,3999	0,5465	981,3	980,5	980,1		
579,4832	0,5491	981,4	980,6	980,1		
579,5666	0,5486	981,3	980,4	980,1		
579,6499	0,5365	981,3	980,4	980,0		
579,7332	0,5436	981,4	980,6	980,2		
579,8166	0,5491	981,3	980,5	980,0		
579,8999	0,5432	981,3	980,5	980,1		
579,9832	0,5516	981,3	980,5	980,0		
580,0666	0,5394	981,4	980,5	980,2		
580,1499	0,5453	981,4	980,5	980,1		
580,2332	0,5457	981,3	980,4	980,0		
580,3166	0,5474	981,4	980,5	980,1		
580,3999	0,5470	981,5	980,5	980,1		
580,4832	0,5499	981,3	980,5	980,1		
580,5666	0,5449	981,4	980,5	980,1		
580,6499	0,5524	981,4	980,5	980,1		
580,7332	0,5470	981,3	980,5	980,1		
580,8166	0,5482	981,4	980,6	980,2		
580,8999	0,5432	981,3	980,5	980,1		
580,9832	0,5524	981,4	980,5	980,1		
581,0666	0,5482	981,3	980,5	980,0		
581,1499	0,5465	981,3	980,5	980,1		
581,2332	0,5461	981,3	980,5	980,1		
581,3166	0,5495	981,2	980,4	980,0		
581,3999	0,5478	981,4	980,5	980,1		
581,4832	0,5482	981,4	980,4	980,0		
581,5666	0,5503	981,2	980,4	980,0		
581,6499	0,5449	981,3	980,5	980,0		
581,7332	0,5516	981,3	980,5	980,0		
581,8166	0,5465	981,4	980,6	980,2		
581,8999	0,5457	981,4	980,5	980,1		
581,9832	0,5491	981,3	980,5	980,1		
582,0666	0,5520	981,3	980,5	980,1		
582,1499	0,5453	981,3	980,5	980,0		
582,2332	0,5444	981,3	980,5	980,1		
582,3166	0,5461	981,3	980,5	980,1		
582,3999	0,5478	981,4	980,5	980,1		
582,4832	0,5407	981,4	980,5	980,1		
582,5666	0,5495	981,4	980,5	980,0		
582,6499	0,5453	981,4	980,4	980,1		
582,7332	0,5545	981,3	980,5	980,1		
582,8166	0,5499	981,4	980,5	980,1		
582,8999	0,5457	981,3	980,5	980,0		
582,9832	0,5507	981,4	980,5	980,0		
583,0666	0,5524	981,5	980,5	980,1		
583,1499	0,5474	981,4	980,5	980,0		
583,2332	0,5449	981,2	980,4	980,0		
583,3166	0,5478	981,4	980,5	980,2		
583,3999	0,5461	981,3	980,5	980,1		
583,4832	0,5579	981,4	980,5	980,2		
583,5666	0,5465	981,4	980,5	980,1		
583,6499	0,5457	981,3	980,5	980,1		
583,7332	0,5428	981,3	980,5	980,1		
583,8166	0,5440	981,4	980,5	980,0		
583,8999	0,5545	981,4	980,5	980,1		
583,9832	0,5491	981,3	980,5	980,1		
584,0666	0,5600	981,4	980,6	980,1		
584,1499	0,5495	981,4	980,5	980,1		
584,2332	0,5512	981,3	980,5	980,1		
584,3166	0,5503	981,3	980,5	980,1		
584,3999	0,5507	981,3	980,4	980,0		
584,4832	0,5486	981,4	980,5	980,1		
584,5666	0,5470	981,3	980,5	980,1		
584,6499	0,5570	981,4	980,5	980,1		
584,7332	0,5491	981,4	980,6	980,2		
584,8166	0,5474	981,3	980,5	980,1		
584,8999	0,5470	981,4	980,5	980,2		
584,9832	0,5491	981,3	980,5	980,1		
585,0666	0,5474	981,4	980,5	980,2		
585,1499	0,5507	981,4	980,5	980,1		
585,2332	0,5474	981,4	980,5	980,1		
585,3166	0,5482	981,4	980,5	980,1		
585,3999	0,5507	981,3	980,5	980,1		
585,4832	0,5495	981,3	980,5	980,1		
585,5666	0,5491	981,3	980,4	980,0		
585,6499	0,5503	981,4	980,5	980,1		
585,7332	0,5512	981,3	980,5	980,1		
585,8166	0,5436	981,3	980,5	980,1		
585,8999	0,5507	981,3	980,5	980,1		
585,9832	0,5499	981,4	980,5	980,1		
586,0666	0,5465	981,4	980,5	980,0		
586,1499	0,5512	981,3	980,5	980,1		
586,2332	0,5570	981,3	980,4	980,0		
586,3166	0,5537	981,4	980,5	980,1		
586,3999	0,5491	981,2	980,4	980,1		
586,4832	0,5470	981,3	980,5	980,1		
586,5666	0,5482	981,3	980,5	980,0		
586,6499	0,5524	981,3	980,4	980,1		
586,7332	0,5499	981,3	980,5	980,1		
586,8166	0,5503	981,3	980,5	980,1		
586,8999	0,5486	981,4	980,5	980,1		
586,9832	0,5499	981,4	980,5	980,0		
587,0666	0,5486	981,3	980,4	980,0		
587,1499	0,5478	981,3	980,5	980,1		
587,2332	0,5566	981,4	980,5	980,0		
587,3166	0,5545	981,4	980,4	980,0		
587,3999	0,5486	981,3	980,5	980,1		
587,4832	0,5478	981,4	980,5	980,0		
587,5666	0,5415	981,3	980,5	980,0		
587,6499	0,5512	981,3	980,5	980,0		
587,7332	0,5516	981,3	980,5	980,0		
587,8166	0,5545	981,3	980,5	980,0		
587,8999	0,5499	981,3	980,5	980,0		
587,9832	0,5457	981,3	980,5	980,1		
588,0666	0,5537	981,3	980,5	980,0		
588,1499	0,5528	981,3	980,5	980,1		
588,2332	0,5541	981,3	980,5	980,1		
588,3166	0,5532	981,2	980,4	980,0		
588,3999	0,5491	981,4	980,5	980,0		
588,4832	0,5532	981,4	980,5	980,1		
588,5666	0,5532	981,3	980,5	980,0		
588,6499	0,5537	981,3	980,4	980,0		
588,7332	0,5449	981,2	980,4	980,0		
588,8166	0,5520	981,3	980,5	980,0		
588,8999	0,5541	981,3	980,5	980,1		
588,9832	0,5478	981,3	980,4	979,9		
589,0666	0,5558	981,3	980,4	980,0		
589,1499	0,5491	981,3	980,5	980,1		
589,2332	0,5524	981,3	980,4	980,0		
589,3166	0,5524	981,3	980,5	980,0		
589,3999	0,5507	981,3	980,4	980,0		
589,4832	0,5449	981,4	980,5	980,1		
589,5666	0,5545	981,4	980,5	980,2		
589,6499	0,5600	981,2	980,4	980,0		
589,7332	0,5491	981,3	980,5	980,0		
589,8166	0,5486	981,3	980,4	980,1		
589,8999	0,5562	981,3	980,4	980,0		
589,9832	0,5545	981,3	980,5	980,1		
590,0666	0,5516	981,4	980,5	980,1		
590,1499	0,5465	981,4	980,5	980,0		
590,2332	0,5570	981,2	980,4	980,0		
590,3166	0,5516	981,3	980,5	980,1		
590,3999	0,5486	981,3	980,4	980,0		
590,4832	0,5478	981,4	980,6	980,1		
590,5666	0,5528	981,4	980,5	980,1		
590,6499	0,5474	981,3	980,5	980,1		
590,7332	0,5549	981,4	980,5	980,2		
590,8166	0,5444	981,3	980,5	980,1		
590,8999	0,5486	981,3	980,5	980,1		
590,9832	0,5583	981,4	980,5	980,1		
591,0666	0,5537	981,3	980,5	980,1		
591,1499	0,5549	981,4	980,5	980,1		
591,2332	0,5491	981,4	980,5	980,1		
591,3166	0,5512	981,3	980,5	980,1		
591,3999	0,5549	981,3	980,5	980,1		
591,4832	0,5507	981,3	980,5	980,1		
591,5666	0,5566	981,3	980,5	980,1		
591,6499	0,5461	981,3	980,5	980,1		
591,7332	0,5507	981,3	980,5	980,1		
591,8166	0,5520	981,4	980,5	980,1		
591,8999	0,5486	981,3	980,5	980,1		
591,9832	0,5545	981,3	980,4	980,0		
592,0666	0,5491	981,3	980,5	980,1		
592,1499	0,5520	981,3	980,5	980,1		
592,2332	0,5549	981,3	980,4	980,0		
592,3166	0,5545	981,3	980,4	980,1		
592,3999	0,5549	981,3	980,5	980,1		
592,4832	0,5553	981,3	980,5	980,1		
592,5666	0,5524	981,3	980,5	980,1		
592,6499	0,5566	981,3	980,5	980,1		
592,7332	0,5537	981,4	980,5	980,1		
592,8166	0,5486	981,4	980,6	980,1		
592,8999	0,5537	981,3	980,4	980,0		
592,9832	0,5545	981,3	980,5	980,1		
593,0666	0,5503	981,3	980,5	980,2		
593,1499	0,5583	981,3	980,4	980,1		
593,2332	0,5532	981,3	980,5	980,2		
593,3166	0,5558	981,3	980,5	980,1		
593,3999	0,5520	981,4	980,5	980,1		
593,4832	0,5528	981,3	980,5	980,0		
593,5666	0,5570	981,2	980,4	980,0		
593,6499	0,5579	981,3	980,5	980,1		
593,7332	0,5440	981,4	980,5	980,1		
593,8166	0,5562	981,4	980,5	980,1		
593,8999	0,5562	981,4	980,5	980,1		
593,9832	0,5532	981,3	980,4	979,9		
594,0666	0,5541	981,3	980,5	980,1		
594,1499	0,5545	981,3	980,4	980,1		
594,2332	0,5419	981,4	980,6	980,1		
594,3166	0,5541	981,4	980,5	980,1		
594,3999	0,5545	981,3	980,5	980,1		
594,4832	0,5583	981,2	980,4	980,1		
594,5666	0,5608	981,3	980,5	980,1		
594,6499	0,5512	981,3	980,5	980,1		
594,7332	0,5633	981,4	980,5	980,1		
594,8166	0,5528	981,4	980,5	980,2		
594,8999	0,5549	981,4	980,4	980,0		
594,9832	0,5516	981,3	980,5	980,1		
595,0666	0,5520	981,3	980,5	980,0		
595,1499	0,5516	981,2	980,4	980,1		
595,2332	0,5587	981,4	980,5	980,1		
595,3166	0,5524	981,3	980,5	980,1		
595,3999	0,5516	981,4	980,5	980,1		
595,4832	0,5541	981,2	980,4	980,0		
595,5666	0,5528	981,3	980,5	980,1		
595,6499	0,5595	981,3	980,5	980,1		
595,7332	0,5491	981,2	980,4	980,1		
595,8166	0,5520	981,5	980,5	980,2		
595,8999	0,5549	981,3	980,5	980,0		
595,9832	0,5566	981,3	980,4	980,1		
596,0666	0,5553	981,3	980,5	980,1		
596,1499	0,5495	981,2	980,5	980,1		
596,2332	0,5545	981,4	980,5	980,1		
596,3166	0,5562	981,4	980,5	980,1		
596,3999	0,5482	981,3	980,5	980,1		
596,4832	0,5562	981,4	980,5	980,1		
596,5666	0,5512	981,3	980,5	980,1		
596,6499	0,5549	981,2	980,5	980,0		
596,7332	0,5583	981,3	980,5	980,1		
596,8166	0,5591	981,4	980,5	980,1		
596,8999	0,5532	981,3	980,5	980,1		
596,9832	0,5621	981,3	980,4	980,1		
597,0666	0,5579	981,3	980,5	980,1		
597,1499	0,5558	981,3	980,4	980,1		
597,2332	0,5541	981,3	980,4	980,1		
597,3166	0,5566	981,4	980,5	980,1		
597,3999	0,5520	981,4	980,5	980,2		
597,4832	0,5553	981,3	980,4	980,1		
597,5666	0,5545	981,2	980,5	980,1		
597,6499	0,5637	981,3	980,4	980,0		
597,7332	0,5587	981,4	980,5	980,1		
597,8166	0,5579	981,3	980,4	980,1		
597,8999	0,5532	981,3	980,4	980,0		
597,9832	0,5633	981,3	980,4	980,1		
598,0666	0,5553	981,3	980,5	980,1		
598,1499	0,5583	981,3	980,5	980,1		
598,2332	0,5541	981,3	980,5	980,1		
598,3166	0,5507	981,3	980,5	980,1		
598,3999	0,5570	981,3	980,4	980,0		
598,4832	0,5595	981,2	980,4	980,0		
598,5666	0,5558	981,3	980,5	980,1		
598,6499	0,5532	981,3	980,4	980,0		
598,7332	0,5512	981,3	980,5	980,1		
598,8166	0,5566	981,3	980,5	980,1		
598,8999	0,5654	981,3	980,4	980,0		
598,9832	0,5608	981,3	980,5	980,0		
599,0666	0,5537	981,4	980,5	980,0		
599,1499	0,5570	981,3	980,5	980,1		
599,2332	0,5612	981,2	980,4	980,0		
599,3166	0,5558	981,3	980,5	980,0		
599,3999	0,5587	981,3	980,5	980,0		
599,4832	0,5629	981,3	980,4	980,1		
599,5666	0,5562	981,4	980,5	980,1		
599,6499	0,5532	981,4	980,5	980,1		
599,7332	0,5583	981,3	980,5	980,0		
599,8166	0,5566	981,2	980,5	980,1		
599,8999	0,5587	981,3	980,4	980,1		
599,9832	0,5574	981,4	980,5	980,1		
600,0666	0,5600	981,4	980,4	980,1		
600,1499	0,5558	981,3	980,4	980,0		
600,2332	0,5537	981,2	980,4	980,1		
600,3166	0,5574	981,3	980,5	980,2		
600,3999	0,5553	981,2	980,5	980,1		
600,4832	0,5549	981,3	980,4	980,1		
600,5666	0,5532	981,4	980,5	980,1		
600,6499	0,5574	981,4	980,5	980,1		
600,7332	0,5545	981,4	980,5	980,1		
600,8166	0,5587	981,2	980,4	980,0		
600,8999	0,5520	981,3	980,5	980,1		
600,9832	0,5549	981,3	980,5	980,1		
601,0666	0,5595	981,2	980,4	980,0		
601,1499	0,5587	981,4	980,5	980,1		
601,2332	0,5612	981,3	980,5	980,1		
601,3166	0,5566	981,4	980,5	980,0		
601,3999	0,5574	981,3	980,5	980,1		
601,4832	0,5587	981,2	980,5	980,0		
601,5666	0,5629	981,3	980,5	980,1		
601,6499	0,5583	981,4	980,6	980,1		
601,7332	0,5532	981,4	980,5	980,1		
601,8166	0,5587	981,3	980,5	980,1		
601,8999	0,5579	981,3	980,5	980,1		
601,9832	0,5520	981,3	980,5	980,1		
602,0666	0,5562	981,4	980,5	980,1		
602,1499	0,5528	981,2	980,5	980,0		
602,2332	0,5608	981,3	980,5	980,0		
602,3166	0,5646	981,3	980,5	980,1		
602,3999	0,5545	981,2	980,5	980,1		
602,4832	0,5637	981,4	980,5	980,1		
602,5666	0,5558	981,4	980,5	980,1		
602,6499	0,5604	981,4	980,5	980,0		
602,7332	0,5532	981,3	980,5	980,1		
602,8166	0,5570	981,3	980,5	980,0		
602,8999	0,5612	981,3	980,5	980,1		
602,9832	0,5600	981,2	980,5	980,1		
603,0666	0,5574	981,3	980,5	980,1		
603,1499	0,5621	981,3	980,5	980,1		
603,2332	0,5562	981,2	980,5	980,0		
603,3166	0,5616	981,3	980,5	980,1		
603,3999	0,5587	981,3	980,6	980,1		
603,4832	0,5595	981,3	980,4	980,1		
603,5666	0,5574	981,4	980,5	980,1		
603,6499	0,5566	981,4	980,5	980,1		
603,7332	0,5625	981,3	980,5	980,0		
603,8166	0,5604	981,3	980,4	980,1		
603,8999	0,5587	981,3	980,5	980,1		
603,9832	0,5625	981,3	980,5	980,0		
604,0666	0,5549	981,3	980,5	980,1		
604,1499	0,5595	981,4	980,5	980,1		
604,2332	0,5566	981,3	980,5	980,0		
604,3166	0,5566	981,3	980,5	980,2		
604,3999	0,5637	981,3	980,5	980,1		
604,4832	0,5595	981,3	980,5	980,1		
604,5666	0,5591	981,4	980,5	980,1		
604,6499	0,5600	981,4	980,5	980,1		
604,7332	0,5600	981,3	980,5	980,1		
604,8166	0,5600	981,4	980,5	980,1		
604,8999	0,5541	981,4	980,6	980,1		
604,9832	0,5570	981,3	980,5	980,1		
605,0666	0,5579	981,4	980,5	980,1		
605,1499	0,5583	981,4	980,5	980,1		
605,2332	0,5625	981,3	980,5	980,1		
605,3166	0,5587	981,4	980,5	980,1		
605,3999	0,5633	981,3	980,4	980,1		
605,4832	0,5570	981,4	980,5	980,2		
605,5666	0,5566	981,4	980,5	980,2		
605,6499	0,5650	981,3	980,5	980,1		
605,7332	0,5579	981,3	980,4	980,0		
605,8166	0,5650	981,3	980,5	980,1		
605,8999	0,5579	981,4	980,5	980,1		
605,9832	0,5520	981,4	980,5	980,2		
606,0666	0,5549	981,4	980,5	980,1		
606,1499	0,5537	981,3	980,5	980,1		
606,2332	0,5591	981,3	980,5	980,1		
606,3166	0,5558	981,4	980,5	980,1		
606,3999	0,5503	981,3	980,5	980,2		
606,4832	0,5558	981,3	980,4	980,0		
606,5666	0,5587	981,3	980,4	980,0		
606,6499	0,5595	981,4	980,5	980,1		
606,7332	0,5642	981,3	980,4	980,1		
606,8166	0,5583	981,4	980,5	980,1		
606,8999	0,5570	981,3	980,4	980,1		
606,9832	0,5566	981,4	980,4	980,1		
607,0666	0,5612	981,4	980,4	980,0		
607,1499	0,5650	981,3	980,4	980,0		
607,2332	0,5604	981,3	980,4	980,1		
607,3166	0,5595	981,3	980,5	980,1		
607,3999	0,5616	981,4	980,5	980,1		
607,4832	0,5629	981,5	980,5	980,1		
607,5666	0,5507	981,3	980,5	980,0		
607,6499	0,5625	981,4	980,5	980,1		
607,7332	0,5683	981,3	980,5	980,1		
607,8166	0,5587	981,4	980,5	980,1		
607,8999	0,5587	981,4	980,5	980,1		
607,9832	0,5612	981,4	980,5	980,0		
608,0666	0,5646	981,3	980,5	980,1		
608,1499	0,5629	981,3	980,5	980,2		
608,2332	0,5621	981,4	980,5	980,1		
608,3166	0,5591	981,3	980,5	980,1		
608,3999	0,5667	981,4	980,5	980,1		
608,4832	0,5591	981,3	980,5	980,1		
608,5666	0,5663	981,4	980,5	980,2		
608,6499	0,5583	981,3	980,5	980,1		
608,7332	0,5621	981,3	980,5	980,1		
608,8166	0,5587	981,3	980,5	980,1		
608,8999	0,5654	981,4	980,5	980,2		
608,9832	0,5650	981,5	980,5	980,2		
609,0666	0,5633	981,3	980,4	980,0		
609,1499	0,5671	981,2	980,4	980,1		
609,2332	0,5629	981,4	980,5	980,1		
609,3166	0,5600	981,3	980,5	980,0		
609,3999	0,5579	981,4	980,5	980,1		
609,4832	0,5612	981,3	980,4	980,0		
609,5666	0,5633	981,3	980,5	980,1		
609,6499	0,5566	981,4	980,5	980,2		
609,7332	0,5637	981,3	980,5	980,1		
609,8166	0,5587	981,3	980,5	980,1		
609,8999	0,5654	981,4	980,5	980,1		
609,9832	0,5667	981,3	980,4	980,1		
610,0666	0,5587	981,3	980,5	980,0		
610,1499	0,5629	981,3	980,5	980,1		
610,2332	0,5688	981,3	980,4	980,1		
610,3166	0,5713	981,3	980,5	980,1		
610,3999	0,5692	981,3	980,5	980,1		
610,4832	0,5646	981,4	980,5	980,1		
610,5666	0,5608	981,4	980,5	980,1		
610,6499	0,5683	981,3	980,4	980,0		
610,7332	0,5646	981,3	980,5	980,2		
610,8166	0,5663	981,4	980,5	980,1		
610,8999	0,5633	981,3	980,5	980,0		
610,9832	0,5683	981,4	980,5	980,1		
611,0666	0,5683	981,3	980,5	980,1		
611,1499	0,5600	981,3	980,5	980,1		
611,2332	0,5667	981,3	980,4	980,0		
611,3166	0,5667	981,3	980,5	980,1		
611,3999	0,5658	981,4	980,5	980,2		
611,4832	0,5633	981,4	980,5	980,1		
611,5666	0,5621	981,3	980,5	980,1		
611,6499	0,5587	981,3	980,5	980,2		
611,7332	0,5717	981,3	980,5	980,1		
611,8166	0,5642	981,3	980,5	980,1		
611,8999	0,5637	981,4	980,5	980,1		
611,9832	0,5667	981,4	980,5	980,1		
612,0666	0,5625	981,4	980,5	980,0		
612,1499	0,5625	981,3	980,5	980,0		
612,2332	0,5621	981,3	980,4	980,0		
612,3166	0,5637	981,3	980,5	980,1		
612,3999	0,5646	981,4	980,5	980,1		
612,4832	0,5663	981,4	980,5	980,1		
612,5666	0,5625	981,4	980,6	980,1		
612,6499	0,5646	981,4	980,5	980,1		
612,7332	0,5646	981,4	980,5	980,1		
612,8166	0,5692	981,3	980,5	980,0		
612,8999	0,5608	981,4	980,5	980,1		
612,9832	0,5637	981,4	980,5	980,2		
613,0666	0,5625	981,3	980,5	980,2		
613,1499	0,5738	981,4	980,5	980,0		
613,2332	0,5642	981,4	980,5	980,1		
613,3166	0,5612	981,3	980,5	980,1		
613,3999	0,5675	981,4	980,5	980,2		
613,4832	0,5704	981,3	980,5	980,1		
613,5666	0,5734	981,3	980,4	980,1		
613,6499	0,5637	981,4	980,5	980,1		
613,7332	0,5704	981,3	980,4	980,0		
613,8166	0,5600	981,3	980,5	980,1		
613,8999	0,5692	981,4	980,5	980,1		
613,9832	0,5671	981,4	980,5	980,1		
614,0666	0,5650	981,3	980,5	980,1		
614,1499	0,5637	981,4	980,4	980,1		
614,2332	0,5671	981,4	980,5	980,1		
614,3166	0,5625	981,3	980,5	980,0		
614,3999	0,5675	981,3	980,5	980,1		
614,4832	0,5667	981,4	980,4	980,1		
614,5666	0,5704	981,4	980,5	980,1		
614,6499	0,5717	981,5	980,5	980,1		
614,7332	0,5621	981,4	980,5	980,1		
614,8166	0,5637	981,3	980,4	980,0		
614,8999	0,5709	981,3	980,5	980,1		
614,9832	0,5700	981,3	980,4	980,1		
615,0666	0,5667	981,4	980,5	980,1		
615,1499	0,5650	981,4	980,5	980,1		
615,2332	0,5654	981,3	980,5	980,1		
615,3166	0,5608	981,4	980,5	980,1		
615,3999	0,5667	981,2	980,4	980,1		
615,4832	0,5709	981,3	980,5	980,1		
615,5666	0,5612	981,4	980,5	980,1		
615,6499	0,5650	981,4	980,5	980,1		
615,7332	0,5642	981,4	980,5	980,1		
615,8166	0,5679	981,3	980,4	980,0		
615,8999	0,5709	981,3	980,5	980,1		
615,9832	0,5704	981,3	980,5	980,2		
616,0666	0,5755	981,3	980,5	980,1		
616,1499	0,5700	981,4	980,5	980,2		
616,2332	0,5738	981,4	980,5	980,1		
616,3166	0,5654	981,2	980,4	980,0		
616,3999	0,5692	981,3	980,5	980,1		
616,4832	0,5696	981,4	980,5	980,1		
616,5666	0,5713	981,4	980,5	980,1		
616,6499	0,5646	981,3	980,5	980,1		
616,7332	0,5675	981,3	980,4	980,1		
616,8166	0,5700	981,4	980,5	980,1		
616,8999	0,5688	981,4	980,5	980,1		
616,9832	0,5671	981,3	980,5	980,0		
617,0666	0,5667	981,3	980,5	980,1		
617,1499	0,5600	981,3	980,5	980,1		
617,2332	0,5654	981,4	980,6	980,2		
617,3166	0,5621	981,4	980,5	980,1		
617,3999	0,5608	981,4	980,5	980,1		
617,4832	0,5667	981,4	980,5	980,2		
617,5666	0,5663	981,3	980,5	980,1		
617,6499	0,5654	981,3	980,5	980,1		
617,7332	0,5629	981,3	980,5	980,1		
617,8166	0,5637	981,3	980,5	980,1		
617,8999	0,5642	981,5	980,6	980,2		
617,9832	0,5679	981,4	980,5	980,1		
618,0666	0,5658	981,3	980,5	980,0		
618,1499	0,5688	981,4	980,6	980,2		
618,2332	0,5688	981,3	980,5	980,1		
618,3166	0,5692	981,4	980,5	980,1		
618,3999	0,5730	981,4	980,5	980,1		
618,4832	0,5625	981,4	980,5	980,1		
618,5666	0,5663	981,3	980,4	980,0		
618,6499	0,5654	981,3	980,5	980,1		
618,7332	0,5671	981,4	980,5	980,1		
618,8166	0,5709	981,4	980,5	980,2		
618,8999	0,5746	981,4	980,5	980,1		
618,9832	0,5692	981,6	980,7	980,2		
619,0666	0,5730	981,4	980,6	980,1		
619,1499	0,5667	981,2	980,4	980,1		
619,2332	0,5759	981,1	980,4	980,1		
619,3166	0,5671	981,5	980,6	980,1		
619,3999	0,5679	981,1	980,3	980,0		
619,4832	0,5730	981,2	980,3	980,0		
619,5666	0,5734	981,3	980,4	980,1		
619,6499	0,5654	981,4	980,5	980,1		
619,7332	0,5692	981,3	980,5	980,1		
619,8166	0,5700	981,4	980,6	980,2		
619,8999	0,5721	981,4	980,5	980,1		
619,9832	0,5738	981,4	980,5	980,1		
620,0666	0,5730	981,3	980,5	980,0		
620,1499	0,5646	981,4	980,4	980,0		
620,2332	0,5692	981,4	980,5	980,1		
620,3166	0,5667	981,4	980,5	980,0		
620,3999	0,5713	981,3	980,5	980,1		
620,4832	0,5717	981,3	980,4	980,1		
620,5666	0,5637	981,4	980,5	980,1		
620,6499	0,5692	981,4	980,5	980,1		
620,7332	0,5700	981,5	980,6	980,2		
620,8166	0,5709	981,4	980,5	980,1		
620,8999	0,5692	981,4	980,5	980,1		
620,9832	0,5725	981,3	980,5	980,1		
621,0666	0,5717	981,3	980,5	980,1		
621,1499	0,5679	981,4	980,5	980,1		
621,2332	0,5696	981,4	980,5	980,1		
621,3166	0,5688	981,4	980,5	980,1		
621,3999	0,5650	981,4	980,4	980,0		
621,4832	0,5725	981,3	980,4	980,1		
621,5666	0,5759	981,4	980,5	980,1		
621,6499	0,5751	981,3	980,5	980,2		
621,7332	0,5717	981,4	980,5	980,1		
621,8166	0,5776	982,0	980,9	980,3		
621,8999	0,5746	981,5	980,6	980,2		
621,9832	0,5709	981,5	980,6	980,1		
622,0666	0,5700	981,4	980,5	980,2		
622,1499	0,5696	981,4	980,5	980,1		
622,2332	0,5788	981,3	980,5	980,1		
622,3166	0,5759	981,4	980,5	980,0		
622,3999	0,5751	981,3	980,5	980,1		
622,4832	0,5704	981,4	980,5	980,1		
622,5666	0,5700	981,5	980,5	980,1		
622,6499	0,5767	981,5	980,5	980,1		
622,7332	0,5696	981,4	980,5	980,1		
622,8166	0,5725	981,4	980,5	980,1		
622,8999	0,5721	981,4	980,5	980,1		
622,9832	0,5721	981,4	980,6	980,2		
623,0666	0,5738	981,5	980,5	980,0		
623,1499	0,5671	981,4	980,5	980,1		
623,2332	0,5755	981,3	980,5	980,1		
623,3166	0,5738	981,3	980,5	980,1		
623,3999	0,5696	981,5	980,7	980,2		
623,4832	0,5646	981,4	980,5	980,1		
623,5666	0,5675	981,5	980,6	980,1		
623,6499	0,5738	981,3	980,4	980,1		
623,7332	0,5767	981,0	980,3	980,0		
623,8166	0,5776	981,6	980,7	980,3		
623,8999	0,5730	981,5	980,6	980,2		
623,9832	0,5725	981,2	980,5	980,1		
624,0666	0,5692	981,3	980,5	980,0		
624,1499	0,5721	981,2	980,4	980,0		
624,2332	0,5692	981,3	980,5	980,1		
624,3166	0,5721	981,3	980,5	980,1		
624,3999	0,5688	981,3	980,5	980,1		
624,4832	0,5734	981,3	980,5	980,1		
624,5666	0,5734	981,4	980,5	980,1		
624,6499	0,5721	981,4	980,5	980,1		
624,7332	0,5704	981,3	980,5	980,1		
624,8166	0,5767	981,3	980,5	980,1		
624,8999	0,5755	981,3	980,5	980,1		
624,9832	0,5688	981,4	980,5	980,1		
625,0666	0,5700	981,3	980,5	980,1		
625,1499	0,5805	981,4	980,5	980,1		
625,2332	0,5725	981,5	980,5	980,1		
625,3166	0,5663	981,4	980,5	980,1		
625,3999	0,5734	981,3	980,5	980,1		
625,4832	0,5692	981,4	980,5	980,0		
625,5666	0,5742	981,3	980,5	980,1		
625,6499	0,5742	981,4	980,5	980,1		
625,7332	0,5683	981,4	980,5	980,1		
625,8166	0,5734	981,4	980,5	980,1		
625,8999	0,5700	981,4	980,5	980,1		
625,9832	0,5780	981,3	980,5	980,1		
626,0666	0,5805	981,3	980,4	980,1		
626,1499	0,5713	981,4	980,5	980,2		
626,2332	0,5738	981,4	980,5	980,1		
626,3166	0,5738	981,4	980,4	980,0		
626,3999	0,5763	981,3	980,4	980,1		
626,4832	0,5784	981,4	980,5	980,1		
626,5666	0,5721	981,3	980,4	980,1		
626,6499	0,5784	981,4	980,5	980,1		
626,7332	0,5755	982,3	980,9	980,3		
626,8166	0,5734	981,6	980,7	980,2		
626,8999	0,5767	981,4	980,5	980,1		
626,9832	0,5759	981,3	980,4	980,0		
627,0666	0,5751	981,4	980,5	980,1		
627,1499	0,5801	981,5	980,6	980,2		
627,2332	0,5675	981,3	980,4	980,1		
627,3166	0,5704	981,5	980,5	980,1		
627,3999	0,5688	981,5	980,5	980,1		
627,4832	0,5738	981,5	980,6	980,1		
627,5666	0,5784	981,3	980,4	980,1		
627,6499	0,5814	981,6	980,6	980,2		
627,7332	0,5709	981,4	980,5	980,1		
627,8166	0,5772	981,5	980,6	980,2		
627,8999	0,5755	981,5	980,5	980,1		
627,9832	0,5721	981,8	980,8	980,2		
628,0666	0,5755	981,5	980,5	980,1		
628,1499	0,5746	981,3	980,4	980,1		
628,2332	0,5801	981,4	980,5	980,1		
628,3166	0,5759	981,5	980,6	980,1		
628,3999	0,5751	981,2	980,3	980,1		
628,4832	0,5767	981,5	980,6	980,2		
628,5666	0,5725	981,3	980,4	980,1		
628,6499	0,5696	981,3	980,4	980,0		
628,7332	0,5755	981,3	980,4	980,1		
628,8166	0,5814	981,9	980,8	980,2		
628,8999	0,5793	981,3	980,4	980,1		
628,9832	0,5717	981,4	980,6	980,2		
629,0666	0,5742	980,7	980,2	980,0		
629,1499	0,5797	981,0	980,3	980,0		
629,2332	0,5738	981,7	980,7	980,2		
629,3166	0,5742	981,2	980,4	980,1		
629,3999	0,5675	981,3	980,4	980,1		
629,4832	0,5780	981,5	980,5	980,2		
629,5666	0,5809	981,4	980,5	980,1		
629,6499	0,5751	981,4	980,5	980,1		
629,7332	0,5755	981,5	980,5	980,1		
629,8166	0,5751	981,4	980,4	980,1		
629,8999	0,5742	981,3	980,4	980,0		
629,9832	0,5759	981,3	980,5	980,1		
630,0666	0,5738	981,3	980,4	980,0		
630,1499	0,5759	981,3	980,5	980,1		
630,2332	0,5759	982,1	980,9	980,2		
630,3166	0,5755	981,4	980,5	980,2		
630,3999	0,5784	981,6	980,6	980,1		
630,4832	0,5759	981,3	980,4	980,1		
630,5666	0,5742	981,3	980,4	980,0		
630,6499	0,5751	981,4	980,5	980,1		
630,7332	0,5805	981,3	980,5	980,1		
630,8166	0,5730	981,4	980,5	980,0		
630,8999	0,5751	981,4	980,5	980,0		
630,9832	0,5776	981,4	980,5	980,1		
631,0666	0,5772	981,4	980,5	980,1		
631,1499	0,5772	981,3	980,5	980,1		
631,2332	0,5721	981,3	980,5	980,0		
631,3166	0,5755	981,4	980,6	980,1		
631,3999	0,5772	981,3	980,5	980,1		
631,4832	0,5767	981,4	980,5	980,1		
631,5666	0,5830	981,3	980,4	980,0		
631,6499	0,5725	981,5	980,5	980,2		
631,7332	0,5793	981,4	980,5	980,1		
631,8166	0,5717	981,3	980,5	980,1		
631,8999	0,5742	981,3	980,5	980,0		
631,9832	0,5751	981,3	980,5	980,1		
632,0666	0,5742	981,3	980,5	980,1		
632,1499	0,5822	981,7	980,8	980,3		
632,2332	0,5704	980,8	980,1	980,0		
632,3166	0,5784	981,3	980,4	980,2		
632,3999	0,5746	981,3	980,4	980,0		
632,4832	0,5751	981,3	980,4	980,1		
632,5666	0,5809	981,3	980,4	980,0		
632,6499	0,5830	981,0	980,3	979,9		
632,7332	0,5847	981,3	980,4	980,1		
632,8166	0,5839	981,3	980,4	980,0		
632,8999	0,5717	981,4	980,5	980,0		
632,9832	0,5696	981,3	980,5	980,0		
633,0666	0,5776	981,3	980,5	980,1		
633,1499	0,5814	981,3	980,4	980,0		
633,2332	0,5755	981,3	980,4	980,0		
633,3166	0,5851	981,4	980,5	980,1		
633,3999	0,5843	981,3	980,5	980,1		
633,4832	0,5755	981,5	980,6	980,1		
633,5666	0,5780	981,4	980,5	980,1		
633,6499	0,5784	981,3	980,5	980,1		
633,7332	0,5814	981,3	980,5	980,0		
633,8166	0,5839	981,4	980,5	980,1		
633,8999	0,5830	981,3	980,5	980,1		
633,9832	0,5814	981,4	980,6	980,4		
634,0666	0,5793	981,1	980,3	980,1		
634,1499	0,5809	981,4	980,4	980,0		
634,2332	0,5746	981,4	980,4	980,0		
634,3166	0,5759	981,3	980,4	980,0		
634,3999	0,5738	981,4	980,5	980,1		
634,4832	0,5759	981,4	980,5	980,1		
634,5666	0,5822	981,9	980,8	980,3		
634,6499	0,5759	981,5	980,5	980,1		
634,7332	0,5784	981,4	980,5	980,1		
634,8166	0,5784	981,4	980,6	980,3		
634,8999	0,5704	981,4	980,5	980,0		
634,9832	0,5809	981,5	980,5	980,0		
635,0666	0,5793	981,4	980,5	980,1		
635,1499	0,5809	981,4	980,4	980,1		
635,2332	0,5767	981,3	980,4	980,1		
635,3166	0,5809	981,4	980,5	980,1		
635,3999	0,5734	981,3	980,5	980,1		
635,4832	0,5755	981,1	980,3	980,0		
635,5666	0,5776	981,3	980,4	980,1		
635,6499	0,5801	981,3	980,5	980,1		
635,7332	0,5730	981,7	980,7	980,2		
635,8166	0,5704	981,4	980,5	980,0		
635,8999	0,5826	981,5	980,6	980,1		
635,9832	0,5822	981,4	980,5	980,1		
636,0666	0,5814	981,5	980,5	980,1		
636,1499	0,5780	981,4	980,5	980,1		
636,2332	0,5776	981,3	980,5	980,1		
636,3166	0,5830	981,4	980,5	980,1		
636,3999	0,5793	981,4	980,5	980,1		
636,4832	0,5755	980,9	980,3	980,0		
636,5666	0,5688	981,2	980,4	980,0		
636,6499	0,5830	981,3	980,5	980,1		
636,7332	0,5864	981,4	980,5	980,1		
636,8166	0,5793	981,4	980,5	980,2		
636,8999	0,5772	981,3	980,5	980,1		
636,9832	0,5788	981,3	980,4	980,0		
637,0666	0,5734	981,5	980,6	980,1		
637,1499	0,5772	981,4	980,5	980,1		
637,2332	0,5784	981,4	980,5	980,2		
637,3166	0,5814	981,3	980,5	980,1		
637,3999	0,5797	981,3	980,5	980,1		
637,4832	0,5784	981,3	980,5	980,1		
637,5666	0,5721	981,4	980,5	980,1		
637,6499	0,5730	981,4	980,5	980,1		
637,7332	0,5793	981,4	980,5	980,1		
637,8166	0,5721	981,3	980,5	980,1		
637,8999	0,5797	981,4	980,5	980,1		
637,9832	0,5801	981,3	980,5	980,0		
638,0666	0,5826	981,5	980,7	980,2		
638,1499	0,5780	981,2	980,4	980,0		
638,2332	0,5818	981,4	980,5	980,0		
638,3166	0,5780	981,3	980,5	980,0		
638,3999	0,5776	981,4	980,5	980,0		
638,4832	0,5742	981,3	980,4	980,0		
638,5666	0,5755	981,3	980,4	980,0		
638,6499	0,5751	981,3	980,4	980,0		
638,7332	0,5814	981,3	980,4	980,1		
638,8166	0,5788	981,3	980,4	980,1		
638,8999	0,5772	981,4	980,5	980,1		
638,9832	0,5801	981,3	980,5	980,1		
639,0666	0,5805	981,3	980,5	980,1		
639,1499	0,5889	981,2	980,4	980,0		
639,2332	0,5830	981,3	980,4	980,1		
639,3166	0,5822	981,3	980,4	980,1		
639,3999	0,5843	981,4	980,5	980,1		
639,4832	0,5809	981,6	980,6	980,1		
639,5666	0,5742	981,3	980,4	980,0		
639,6499	0,5822	981,3	980,4	980,1		
639,7332	0,5809	981,3	980,5	980,1		
639,8166	0,5805	981,3	980,5	980,1		
639,8999	0,5864	981,3	980,4	980,0		
639,9832	0,5855	981,3	980,4	980,0		
640,0666	0,5847	981,3	980,4	980,0		
640,1499	0,5767	981,4	980,4	980,1		
640,2332	0,5822	981,4	980,5	980,1		
640,3166	0,5738	981,4	980,5	980,1		
640,3999	0,5734	981,2	980,4	980,0		
640,4832	0,5868	981,3	980,4	980,1		
640,5666	0,5843	981,3	980,4	980,0		
640,6499	0,5851	982,0	980,9	980,3		
640,7332	0,5847	981,4	980,5	980,1		
640,8166	0,5696	981,4	980,5	980,1		
640,8999	0,5805	981,3	980,4	980,1		
640,9832	0,5780	981,3	980,4	980,0		
641,0666	0,5843	981,2	980,3	980,1		
641,1499	0,5826	981,3	980,4	980,1		
641,2332	0,5788	981,2	980,3	980,1		
641,3166	0,5755	981,6	980,6	980,2		
641,3999	0,5793	981,5	980,6	980,2		
641,4832	0,5834	981,4	980,4	980,0		
641,5666	0,5793	981,3	980,5	980,1		
641,6499	0,5864	981,3	980,4	980,1		
641,7332	0,5772	981,4	980,5	980,1		
641,8166	0,5876	981,4	980,5	980,1		
641,8999	0,5767	981,1	980,4	980,2		
641,9832	0,5805	981,3	980,5	980,3		
642,0666	0,5767	981,3	980,4	980,1		
642,1499	0,5868	981,5	980,5	980,1		
642,2332	0,5793	981,4	980,4	980,1		
642,3166	0,5822	981,3	980,5	980,1		
642,3999	0,5780	981,4	980,5	980,2		
642,4832	0,5893	981,4	980,5	980,1		
642,5666	0,5818	981,3	980,5	980,2		
642,6499	0,5834	981,3	980,4	980,1		
642,7332	0,5834	981,3	980,5	980,1		
642,8166	0,5868	981,4	980,5	980,1		
642,8999	0,5847	981,3	980,4	980,1		
642,9832	0,5814	981,4	980,5	980,1		
643,0666	0,5902	981,4	980,5	980,1		
643,1499	0,5830	981,3	980,5	980,1		
643,2332	0,5893	981,3	980,4	980,1		
643,3166	0,5843	981,3	980,5	980,1		
643,3999	0,5805	981,3	980,4	980,0		
643,4832	0,5793	981,3	980,5	980,1		
643,5666	0,5805	981,3	980,5	980,1		
643,6499	0,5805	981,3	980,5	980,1		
643,7332	0,5855	981,3	980,4	980,1		
643,8166	0,5826	981,3	980,5	980,1		
643,8999	0,5839	981,3	980,4	980,1		
643,9832	0,5851	981,3	980,4	980,1		
644,0666	0,5834	981,3	980,4	980,1		
644,1499	0,5784	981,4	980,4	980,0		
644,2332	0,5843	981,3	980,5	980,1		
644,3166	0,5851	981,3	980,4	980,1		
644,3999	0,5834	981,3	980,4	980,0		
644,4832	0,5814	981,3	980,5	980,2		
644,5666	0,5834	981,2	980,3	980,0		
644,6499	0,5826	981,5	980,5	980,1		
644,7332	0,5826	981,4	980,5	980,1		
644,8166	0,5847	981,3	980,4	980,0		
644,8999	0,5742	981,2	980,4	980,1		
644,9832	0,5868	981,2	980,4	980,1		
645,0666	0,5751	981,3	980,5	980,1		
645,1499	0,5847	981,3	980,5	980,1		
645,2332	0,5759	981,3	980,5	980,1		
645,3166	0,5788	981,4	980,5	980,1		
645,3999	0,5709	981,3	980,4	980,0		
645,4832	0,5805	981,4	980,5	980,1		
645,5666	0,5780	981,4	980,4	980,1		
645,6499	0,5805	981,3	980,5	980,1		
645,7332	0,5847	981,4	980,5	980,2		
645,8166	0,5814	981,4	980,5	980,1		
645,8999	0,5855	981,4	980,5	980,1		
645,9832	0,5822	981,3	980,4	980,1		
646,0666	0,5897	981,3	980,4	980,1		
646,1499	0,5914	981,4	980,5	980,2		
646,2332	0,5784	981,4	980,5	980,1		
646,3166	0,5906	981,4	980,5	980,1		
646,3999	0,5864	981,3	980,4	980,1		
646,4832	0,5889	981,4	980,5	980,2		
646,5666	0,5847	981,3	980,5	980,1		
646,6499	0,5826	981,2	980,4	980,1		
646,7332	0,5860	981,2	980,4	980,1		
646,8166	0,5876	981,4	980,5	980,1		
646,8999	0,5755	981,3	980,4	980,1		
646,9832	0,5826	981,4	980,5	980,1		
647,0666	0,5851	981,4	980,4	980,0		
647,1499	0,5914	981,3	980,4	980,1		
647,2332	0,5881	981,9	980,8	980,2		
647,3166	0,5830	981,2	980,4	980,0		
647,3999	0,5822	981,2	980,4	980,0		
647,4832	0,5876	981,4	980,4	980,1		
647,5666	0,5839	981,3	980,4	980,1		
647,6499	0,5805	981,3	980,5	980,1		
647,7332	0,5868	981,3	980,5	980,1		
647,8166	0,5830	981,3	980,4	980,1		
647,8999	0,5843	981,3	980,4	980,1		
647,9832	0,5851	981,4	980,5	980,1		
648,0666	0,5793	981,4	980,5	980,2		
648,1499	0,5851	981,4	980,5	980,1		
648,2332	0,5910	981,3	980,4	980,0		
648,3166	0,5818	981,3	980,5	980,1		
648,3999	0,5822	981,3	980,5	980,1		
648,4832	0,5793	981,3	980,4	980,1		
648,5666	0,5855	981,3	980,5	980,2		
648,6499	0,5788	981,3	980,4	980,1		
648,7332	0,5793	981,3	980,4	980,1		
648,8166	0,5860	981,2	980,4	980,0		
648,8999	0,5826	981,3	980,5	980,1		
648,9832	0,5885	981,4	980,5	980,1		
649,0666	0,5797	981,3	980,5	980,1		
649,1499	0,5814	981,3	980,4	980,0		
649,2332	0,5814	981,3	980,5	980,1		
649,3166	0,5910	981,3	980,4	980,0		
649,3999	0,5860	981,4	980,5	980,1		
649,4832	0,5906	981,3	980,4	980,1		
649,5666	0,5876	981,3	980,5	980,1		
649,6499	0,5864	981,4	980,5	980,1		
649,7332	0,5801	981,4	980,4	980,1		
649,8166	0,5864	981,3	980,3	980,0		
649,8999	0,5948	981,3	980,5	980,1		
649,9832	0,5839	981,3	980,5	980,1		
650,0666	0,5843	981,4	980,5	980,0		
650,1499	0,5881	981,3	980,5	980,1		
650,2332	0,5834	981,3	980,5	980,1		
650,3166	0,5860	981,4	980,6	980,2		
650,3999	0,5843	981,3	980,4	980,0		
650,4832	0,5784	981,3	980,4	980,1		
650,5666	0,5851	981,3	980,4	980,1		
650,6499	0,5876	981,3	980,5	980,1		
650,7332	0,5902	981,4	980,5	980,1		
650,8166	0,5956	981,4	980,5	980,1		
650,8999	0,5902	981,3	980,5	980,1		
650,9832	0,5881	981,3	980,4	980,0		
651,0666	0,5860	981,3	980,4	980,0		
651,1499	0,5860	981,3	980,5	980,1		
651,2332	0,5876	981,4	980,5	980,1		
651,3166	0,5814	981,3	980,5	980,1		
651,3999	0,5851	981,4	980,5	980,1		
651,4832	0,5830	981,4	980,4	980,1		
651,5666	0,5834	981,3	980,4	980,1		
651,6499	0,5948	981,4	980,5	980,1		
651,7332	0,5876	981,3	980,5	980,1		
651,8166	0,5906	981,4	980,5	980,1		
651,8999	0,5847	981,3	980,5	980,1		
651,9832	0,5830	981,3	980,5	980,1		
652,0666	0,5818	981,4	980,5	980,1		
652,1499	0,5881	981,2	980,4	980,1		
652,2332	0,5885	981,3	980,5	980,1		
652,3166	0,5851	981,3	980,5	980,1		
652,3999	0,5822	981,3	980,4	980,1		
652,4832	0,5818	981,4	980,5	980,1		
652,5666	0,5805	981,3	980,4	980,1		
652,6499	0,5843	981,2	980,4	980,0		
652,7332	0,5826	981,3	980,4	980,1		
652,8166	0,5801	981,3	980,5	980,1		
652,8999	0,5889	981,3	980,5	980,2		
652,9832	0,5876	981,3	980,4	980,0		
653,0666	0,5906	981,3	980,4	980,2		
653,1499	0,5814	981,3	980,5	980,0		
653,2332	0,5893	981,3	980,4	980,0		
653,3166	0,5906	981,3	980,4	980,0		
653,3999	0,5826	981,4	980,4	980,1		
653,4832	0,5885	981,3	980,4	980,1		
653,5666	0,5923	981,3	980,4	980,1		
653,6499	0,5826	981,4	980,5	980,1		
653,7332	0,5788	981,3	980,4	980,0		
653,8166	0,5906	981,4	980,5	980,1		
653,8999	0,5876	981,3	980,4	980,1		
653,9832	0,5893	981,3	980,5	980,1		
654,0666	0,5876	981,2	980,4	980,1		
654,1499	0,5839	981,4	980,5	980,1		
654,2332	0,5885	981,3	980,4	980,0		
654,3166	0,5826	981,3	980,5	980,1		
654,3999	0,5876	981,3	980,5	980,1		
654,4832	0,5902	981,3	980,4	980,1		
654,5666	0,5834	981,3	980,5	980,1		
654,6499	0,5864	981,3	980,4	980,2		
654,7332	0,5948	981,4	980,5	980,1		
654,8166	0,5931	981,4	980,5	980,1		
654,8999	0,5885	981,3	980,5	980,1		
654,9832	0,5814	981,3	980,4	980,1		
655,0666	0,5881	981,3	980,4	980,0		
655,1499	0,5860	981,3	980,4	980,1		
655,2332	0,5868	981,3	980,4	980,1		
655,3166	0,5826	981,3	980,5	980,1		
655,3999	0,5906	981,4	980,5	980,2		
655,4832	0,5889	981,3	980,5	980,2		
655,5666	0,5847	981,4	980,5	980,1		
655,6499	0,5918	981,3	980,4	980,1		
655,7332	0,5855	981,2	980,4	980,1		
655,8166	0,5910	981,3	980,4	980,1		
655,8999	0,5872	981,4	980,5	980,1		
655,9832	0,5797	981,4	980,5	980,1		
656,0666	0,5910	981,4	980,5	980,1		
656,1499	0,5956	981,3	980,4	980,1		
656,2332	0,5868	981,3	980,4	980,0		
656,3166	0,5935	981,4	980,5	980,1		
656,3999	0,5889	981,3	980,5	980,1		
656,4832	0,5885	981,4	980,5	980,1		
656,5666	0,5809	981,4	980,6	980,1		
656,6499	0,5893	981,4	980,5	980,1		
656,7332	0,5910	981,3	980,4	980,1		
656,8166	0,5847	981,3	980,4	980,1		
656,8999	0,5935	981,4	980,5	980,1		
656,9832	0,5855	981,4	980,5	980,1		
657,0666	0,5914	981,3	980,5	980,1		
657,1499	0,5885	981,3	980,5	980,1		
657,2332	0,5973	981,2	980,4	980,0		
657,3166	0,5864	981,3	980,5	980,1		
657,3999	0,5851	981,4	980,5	980,1		
657,4832	0,5897	981,4	980,5	980,2		
657,5666	0,5948	981,3	980,4	980,1		
657,6499	0,5809	981,4	980,5	980,1		
657,7332	0,5906	981,4	980,4	980,0		
657,8166	0,5834	981,4	980,5	980,1		
657,8999	0,5872	981,4	980,5	980,1		
657,9832	0,5881	981,3	980,4	980,0		
658,0666	0,5906	981,4	980,5	980,2		
658,1499	0,5834	981,2	980,5	980,1		
658,2332	0,5868	981,4	980,5	980,1		
658,3166	0,5902	981,4	980,5	980,1		
658,3999	0,5864	981,4	980,6	980,2		
658,4832	0,5914	981,3	980,5	980,1		
658,5666	0,5914	981,5	980,5	980,1		
658,6499	0,5902	981,4	980,5	980,1		
658,7332	0,5893	981,3	980,5	980,1		
658,8166	0,6019	981,4	980,6	980,2		
658,8999	0,5906	981,5	980,6	980,2		
658,9832	0,5897	981,4	980,5	980,1		
659,0666	0,5805	981,4	980,5	980,1		
659,1499	0,5960	981,3	980,5	980,1		
659,2332	0,5939	981,3	980,5	980,1		
659,3166	0,5881	981,3	980,4	980,1		
659,3999	0,5897	981,3	980,5	980,1		
659,4832	0,5914	981,4	980,6	980,2		
659,5666	0,5860	981,5	980,6	980,2		
659,6499	0,5948	981,4	980,4	980,1		
659,7332	0,5897	981,4	980,5	980,1		
659,8166	0,5998	981,3	980,4	980,1		
659,8999	0,5876	981,3	980,5	980,1		
659,9832	0,5939	981,3	980,5	980,1		
660,0666	0,5889	981,4	980,5	980,1		
660,1499	0,5897	981,4	980,5	980,1		
660,2332	0,5960	981,4	980,5	980,1		
660,3166	0,5906	981,4	980,5	980,1		
660,3999	0,5935	981,4	980,5	980,1		
660,4832	0,5931	981,3	980,5	980,1		
660,5666	0,5889	981,3	980,5	980,1		
660,6499	0,5885	981,5	980,5	980,2		
660,7332	0,5902	981,4	980,5	980,2		
660,8166	0,5918	981,4	980,5	980,1		
660,8999	0,5851	981,3	980,4	980,0		
660,9832	0,5876	981,4	980,5	980,1		
661,0666	0,5906	981,4	980,5	980,1		
661,1499	0,5864	981,3	980,5	980,1		
661,2332	0,5948	981,4	980,5	980,1		
661,3166	0,5902	981,5	980,5	980,2		
661,3999	0,5893	981,5	980,5	980,1		
661,4832	0,5935	981,3	980,4	980,1		
661,5666	0,5918	981,3	980,5	980,1		
661,6499	0,5944	981,4	980,5	980,1		
661,7332	0,5855	981,4	980,5	980,1		
661,8166	0,5918	981,4	980,5	980,1		
661,8999	0,5944	981,5	980,5	980,1		
661,9832	0,5872	981,4	980,5	980,1		
662,0666	0,5893	981,4	980,4	980,1		
662,1499	0,5881	981,4	980,5	980,1		
662,2332	0,5881	981,4	980,5	980,1		
662,3166	0,5910	981,3	980,5	980,1		
662,3999	0,5952	981,3	980,5	980,1		
662,4832	0,5876	981,4	980,5	980,1		
662,5666	0,5902	981,5	980,6	980,1		
662,6499	0,5910	981,4	980,5	980,1		
662,7332	0,5881	981,3	980,5	980,1		
662,8166	0,5939	981,3	980,5	980,1		
662,8999	0,5918	981,3	980,5	980,1		
662,9832	0,5885	981,3	980,5	980,1		
663,0666	0,5931	981,4	980,5	980,2		
663,1499	0,5939	981,4	980,5	980,1		
663,2332	0,5868	981,5	980,5	980,1		
663,3166	0,5965	981,4	980,5	980,0		
663,3999	0,5956	981,3	980,5	980,1		
663,4832	0,5973	981,4	980,5	980,1		
663,5666	0,5918	981,3	980,4	980,1		
663,6499	0,5897	981,4	980,6	980,2		
663,7332	0,6006	981,4	980,6	980,2		
663,8166	0,5923	981,4	980,5	980,1		
663,8999	0,5889	981,4	980,4	980,0		
663,9832	0,5927	981,3	980,5	980,1		
664,0666	0,5893	981,3	980,5	980,2		
664,1499	0,5893	981,4	980,5	980,1		
664,2332	0,5889	981,3	980,4	980,0		
664,3166	0,5977	981,5	980,5	980,2		
664,3999	0,5906	981,4	980,5	980,2		
664,4832	0,5914	981,3	980,4	980,1		
664,5666	0,5973	981,3	980,5	980,1		
664,6499	0,6002	981,3	980,5	980,1		
664,7332	0,5952	981,3	980,5	980,1		
664,8166	0,5939	981,5	980,6	980,2		
664,8999	0,5914	981,4	980,5	980,1		
664,9832	0,5965	981,4	980,5	980,2		
665,0666	0,5939	981,4	980,4	980,1		
665,1499	0,5944	981,3	980,5	980,1		
665,2332	0,5969	981,3	980,5	980,1		
665,3166	0,5923	981,4	980,5	980,2		
665,3999	0,5927	981,4	980,5	980,1		
665,4832	0,5939	981,4	980,5	980,1		
665,5666	0,5944	981,4	980,5	980,2		
665,6499	0,5914	981,4	980,5	980,1		
665,7332	0,5998	981,3	980,4	980,0		
665,8166	0,5914	981,4	980,6	980,1		
665,8999	0,5960	981,3	980,5	980,2		
665,9832	0,5897	981,4	980,5	980,1		
666,0666	0,5952	981,4	980,4	980,1		
666,1499	0,5952	981,3	980,5	980,1		
666,2332	0,5893	981,5	980,5	980,1		
666,3166	0,5918	981,4	980,5	980,1		
666,3999	0,5923	981,4	980,5	980,1		
666,4832	0,5902	981,3	980,5	980,1		
666,5666	0,5931	981,4	980,5	980,1		
666,6499	0,5985	981,4	980,5	980,1		
666,7332	0,5969	981,4	980,5	980,2		
666,8166	0,6015	981,4	980,5	980,1		
666,8999	0,5977	981,3	980,5	980,1		
666,9832	0,5944	981,4	980,5	980,1		
667,0666	0,5923	981,5	980,5	980,0		
667,1499	0,5973	981,4	980,6	980,2		
667,2332	0,5952	981,3	980,5	980,1		
667,3166	0,5965	981,3	980,5	980,1		
667,3999	0,5956	981,3	980,5	980,1		
667,4832	0,5990	981,4	980,5	980,1		
667,5666	0,5985	981,3	980,4	980,1		
667,6499	0,5923	981,4	980,5	980,1		
667,7332	0,5977	981,4	980,5	980,1		
667,8166	0,5960	981,3	980,4	980,1		
667,8999	0,5956	981,4	980,4	980,1		
667,9832	0,5965	981,4	980,5	980,1		
668,0666	0,6036	981,3	980,4	980,0		
668,1499	0,5906	981,4	980,4	980,1		
668,2332	0,5881	981,3	980,3	980,0		
668,3166	0,5914	981,4	980,5	980,1		
668,3999	0,5981	981,3	980,4	980,1		
668,4832	0,6019	981,3	980,5	980,1		
668,5666	0,5981	981,4	980,5	980,1		
668,6499	0,5927	981,3	980,4	980,0		
668,7332	0,5973	981,4	980,5	980,1		
668,8166	0,5944	981,4	980,5	980,1		
668,8999	0,5948	981,3	980,5	980,1		
668,9832	0,6023	981,4	980,5	980,1		
669,0666	0,5990	981,3	980,4	980,1		
669,1499	0,5960	981,3	980,5	980,1		
669,2332	0,5960	981,4	980,4	980,1		
669,3166	0,5944	981,3	980,4	980,1		
669,3999	0,5981	981,4	980,5	980,1		
669,4832	0,5956	981,4	980,5	980,0		
669,5666	0,5948	981,3	980,4	979,9		
669,6499	0,5969	981,3	980,5	980,2		
669,7332	0,5960	981,3	980,4	980,0		
669,8166	0,5939	981,3	980,4	980,1		
669,8999	0,5952	981,4	980,5	980,2		
669,9832	0,5935	981,3	980,4	980,0		
670,0666	0,6019	981,3	980,5	980,1		
670,1499	0,5960	981,2	980,4	980,1		
670,2332	0,6011	981,3	980,4	980,0		
670,3166	0,5927	981,4	980,5	980,0		
670,3999	0,5914	981,3	980,4	980,0		
670,4832	0,5969	981,2	980,4	980,0		
670,5666	0,5935	981,3	980,4	980,1		
670,6499	0,6023	981,3	980,4	980,0		
670,7332	0,5969	981,3	980,4	980,1		
670,8166	0,5956	981,3	980,5	980,1		
670,8999	0,6002	981,3	980,4	980,1		
670,9832	0,5965	981,4	980,5	980,1		
671,0666	0,5965	981,5	980,5	980,1		
671,1499	0,5985	981,3	980,4	980,1		
671,2332	0,5973	981,3	980,4	980,1		
671,3166	0,5998	981,3	980,5	980,1		
671,3999	0,5956	981,4	980,4	980,1		
671,4832	0,5956	981,4	980,5	980,1		
671,5666	0,5965	981,4	980,4	980,1		
671,6499	0,5977	981,3	980,4	980,1		
671,7332	0,6002	981,3	980,5	980,1		
671,8166	0,6023	981,4	980,4	980,1		
671,8999	0,6002	981,3	980,5	980,1		
671,9832	0,6015	981,3	980,5	980,1		
672,0666	0,6023	981,4	980,4	980,0		
672,1499	0,5960	981,3	980,4	980,0		
672,2332	0,5998	981,3	980,5	980,1		
672,3166	0,6015	981,3	980,5	980,1		
672,3999	0,5990	981,3	980,4	980,1		
672,4832	0,5956	981,3	980,4	980,1		
672,5666	0,5944	981,4	980,4	980,1		
672,6499	0,5969	981,3	980,5	980,0		
672,7332	0,6019	981,3	980,5	980,1		
672,8166	0,5868	981,3	980,5	980,1		
672,8999	0,6011	981,3	980,5	980,1		
672,9832	0,6027	981,3	980,5	980,2		
673,0666	0,5944	981,2	980,4	980,0		
673,1499	0,5952	981,3	980,4	980,1		
673,2332	0,6044	981,4	980,5	980,1		
673,3166	0,5960	981,3	980,4	980,0		
673,3999	0,5956	981,3	980,4	980,1		
673,4832	0,5981	981,3	980,5	980,1		
673,5666	0,5969	981,2	980,4	980,1		
673,6499	0,5985	981,3	980,5	980,1		
673,7332	0,5998	981,3	980,4	980,0		
673,8166	0,6078	981,4	980,4	980,2		
673,8999	0,6027	981,3	980,5	980,1		
673,9832	0,6002	981,3	980,4	980,1		
674,0666	0,6044	981,2	980,4	980,0		
674,1499	0,6044	981,3	980,5	980,1		
674,2332	0,6023	981,4	980,5	980,1		
674,3166	0,6061	981,4	980,5	980,1		
674,3999	0,6011	981,3	980,5	980,1		
674,4832	0,5994	981,3	980,5	980,1		
674,5666	0,5956	981,3	980,5	980,1		
674,6499	0,6006	981,3	980,4	979,9		
674,7332	0,5944	981,4	980,5	980,2		
674,8166	0,6082	981,4	980,5	980,0		
674,8999	0,6002	981,3	980,5	980,1		
674,9832	0,6011	981,4	980,4	980,1		
675,0666	0,5969	981,3	980,4	980,1		
675,1499	0,6036	981,3	980,5	980,1		
675,2332	0,6006	981,3	980,4	980,1		
675,3166	0,5994	981,3	980,4	980,1		
675,3999	0,5944	981,4	980,4	980,1		
675,4832	0,5973	981,3	980,5	980,1		
675,5666	0,5935	981,3	980,5	980,1		
675,6499	0,6040	981,3	980,5	980,1		
675,7332	0,5990	981,3	980,4	980,0		
675,8166	0,5985	981,3	980,5	980,1		
675,8999	0,5923	981,3	980,4	980,1		
675,9832	0,6061	981,3	980,4	980,1		
676,0666	0,5981	981,3	980,4	980,1		
676,1499	0,5969	981,3	980,4	980,0		
676,2332	0,6019	981,3	980,4	980,1		
676,3166	0,6069	981,3	980,5	980,1		
676,3999	0,6011	981,4	980,5	980,1		
676,4832	0,5994	981,4	980,5	980,1		
676,5666	0,5977	981,3	980,4	980,0		
676,6499	0,6040	981,3	980,4	980,1		
676,7332	0,5944	981,3	980,5	980,2		
676,8166	0,6074	981,3	980,5	980,1		
676,8999	0,5994	981,3	980,4	980,0		
676,9832	0,6006	981,5	980,5	980,1		
677,0666	0,6044	981,4	980,5	980,1		
677,1499	0,5952	981,3	980,4	980,0		
677,2332	0,5985	981,3	980,5	980,1		
677,3166	0,6006	981,3	980,4	980,0		
677,3999	0,6027	981,2	980,4	980,0		
677,4832	0,6006	981,4	980,4	980,1		
677,5666	0,6002	981,4	980,5	980,1		
677,6499	0,6048	981,3	980,4	980,0		
677,7332	0,6053	981,2	980,4	980,0		
677,8166	0,5990	981,3	980,4	980,1		
677,8999	0,5939	981,3	980,4	980,0		
677,9832	0,6036	981,3	980,4	980,1		
678,0666	0,6057	981,3	980,4	980,1		
678,1499	0,6040	981,4	980,4	980,1		
678,2332	0,6027	981,4	980,4	980,0		
678,3166	0,6006	981,3	980,5	980,1		
678,3999	0,6015	981,3	980,5	980,1		
678,4832	0,5998	981,3	980,5	980,1		
678,5666	0,6015	981,3	980,5	980,1		
678,6499	0,6057	981,3	980,5	980,1		
678,7332	0,6061	981,3	980,5	980,1		
678,8166	0,5998	981,3	980,4	980,1		
678,8999	0,6002	981,3	980,4	980,0		
678,9832	0,6027	981,3	980,5	980,1		
679,0666	0,6053	981,4	980,5	980,1		
679,1499	0,6036	981,3	980,4	980,1		
679,2332	0,6002	981,3	980,5	980,1		
679,3166	0,5998	981,4	980,5	980,1		
679,3999	0,5994	981,4	980,5	980,1		
679,4832	0,6061	981,4	980,4	980,0		
679,5666	0,6040	981,3	980,4	980,0		
679,6499	0,6023	981,3	980,5	980,1		
679,7332	0,6019	981,3	980,5	980,2		
679,8166	0,6099	981,3	980,5	980,1		
679,8999	0,6040	981,4	980,5	980,1		
679,9832	0,6011	981,4	980,4	980,1		
680,0666	0,6027	981,3	980,4	980,1		
680,1499	0,5981	981,3	980,4	980,0		
680,2332	0,6082	981,3	980,4	980,1		
680,3166	0,6074	981,4	980,5	980,1		
680,3999	0,6006	981,3	980,4	980,0		
680,4832	0,6027	981,4	980,5	980,2		
680,5666	0,6040	981,4	980,4	980,1		
680,6499	0,6061	981,4	980,4	980,1		
680,7332	0,6057	981,3	980,5	980,2		
680,8166	0,6015	981,4	980,5	980,1		
680,8999	0,6002	981,3	980,5	980,1		
680,9832	0,6103	981,3	980,4	980,1		
681,0666	0,6019	981,4	980,5	980,1		
681,1499	0,5990	981,4	980,5	980,1		
681,2332	0,6023	981,3	980,4	980,0		
681,3166	0,6011	981,3	980,4	980,1		
681,3999	0,6057	981,3	980,4	980,1		
681,4832	0,5960	981,3	980,4	980,1		
681,5666	0,5998	981,3	980,5	980,1		
681,6499	0,6053	981,4	980,5	980,1		
681,7332	0,6036	981,4	980,5	980,1		
681,8166	0,6057	981,4	980,4	980,0		
681,8999	0,5952	981,3	980,5	980,0		
681,9832	0,6019	981,3	980,4	980,0		
682,0666	0,6103	981,3	980,4	980,1		
682,1499	0,6069	981,3	980,4	980,1		
682,2332	0,6048	981,3	980,5	980,1		
682,3166	0,6036	981,4	980,5	980,2		
682,3999	0,6103	981,4	980,5	980,1		
682,4832	0,6053	981,3	980,5	980,1		
682,5666	0,6019	981,3	980,4	980,1		
682,6499	0,6069	981,4	980,5	980,1		
682,7332	0,5990	981,3	980,4	980,1		
682,8166	0,6044	981,4	980,5	980,2		
682,8999	0,6036	981,3	980,5	980,1		
682,9832	0,6044	981,3	980,4	980,0		
683,0666	0,6065	981,3	980,4	980,1		
683,1499	0,6082	981,3	980,4	980,0		
683,2332	0,6069	981,2	980,4	980,1		
683,3166	0,6116	981,3	980,5	980,1		
683,3999	0,6099	981,4	980,5	980,2		
683,4832	0,6036	981,4	980,5	980,1		
683,5666	0,6036	981,3	980,5	980,0		
683,6499	0,5969	981,3	980,4	980,0		
683,7332	0,6048	981,4	980,4	980,0		
683,8166	0,6120	981,4	980,5	980,2		
683,8999	0,6065	981,3	980,5	980,1		
683,9832	0,6090	981,3	980,4	980,1		
684,0666	0,6057	981,4	980,5	980,1		
684,1499	0,6032	981,4	980,5	980,1		
684,2332	0,6002	981,4	980,5	980,0		
684,3166	0,6095	981,3	980,5	980,1		
684,3999	0,6040	981,3	980,4	980,1		
684,4832	0,6027	981,3	980,4	980,1		
684,5666	0,6120	981,3	980,4	980,1		
684,6499	0,6002	981,4	980,5	980,2		
684,7332	0,6040	981,3	980,5	980,1		
684,8166	0,6044	981,3	980,5	980,0		
684,8999	0,6023	981,2	980,4	980,1		
684,9832	0,6069	981,3	980,5	980,2		
685,0666	0,6057	981,3	980,5	980,2		
685,1499	0,6065	981,3	980,4	980,1		
685,2332	0,6057	981,2	980,4	980,0		
685,3166	0,6086	981,4	980,4	980,1		
685,3999	0,6082	981,4	980,5	980,1		
685,4832	0,6099	981,3	980,4	980,1		
685,5666	0,6036	981,3	980,4	980,1		
685,6499	0,6061	981,3	980,4	980,0		
685,7332	0,6044	981,4	980,5	980,1		
685,8166	0,6103	981,3	980,4	980,1		
685,8999	0,5977	981,3	980,4	980,1		
685,9832	0,6103	981,4	980,4	980,1		
686,0666	0,6065	981,3	980,4	980,0		
686,1499	0,6061	981,3	980,5	980,1		
686,2332	0,6006	981,4	980,5	980,1		
686,3166	0,6044	981,3	980,5	980,1		
686,3999	0,6036	981,4	980,5	980,1		
686,4832	0,6145	981,4	980,5	980,1		
686,5666	0,6099	981,4	980,5	980,1		
686,6499	0,6082	981,3	980,5	980,1		
686,7332	0,6048	981,3	980,4	980,0		
686,8166	0,6095	981,3	980,5	980,3		
686,8999	0,6069	981,3	980,4	980,1		
686,9832	0,6095	981,3	980,5	980,1		
687,0666	0,6078	981,3	980,4	980,0		
687,1499	0,6111	981,4	980,5	980,2		
687,2332	0,6069	981,3	980,4	980,1		
687,3166	0,6040	981,3	980,5	980,1		
687,3999	0,6124	981,4	980,5	980,1		
687,4832	0,6057	981,3	980,4	980,1		
687,5666	0,6149	981,3	980,5	980,1		
687,6499	0,6065	981,3	980,5	980,1		
687,7332	0,6040	981,4	980,4	980,1		
687,8166	0,6069	981,5	980,5	980,2		
687,8999	0,6023	981,4	980,4	980,0		
687,9832	0,6120	981,3	980,4	980,0		
688,0666	0,6061	981,3	980,5	980,2		
688,1499	0,6023	981,3	980,5	980,1		
688,2332	0,6048	981,4	980,5	980,1		
688,3166	0,6090	981,5	980,5	980,1		
688,3999	0,6044	981,3	980,4	980,0		
688,4832	0,5973	981,3	980,4	980,0		
688,5666	0,6061	981,3	980,5	980,1		
688,6499	0,6006	981,3	980,5	980,1		
688,7332	0,6053	981,3	980,4	980,1		
688,8166	0,6099	981,3	980,4	980,0		
688,8999	0,6111	981,4	980,4	980,1		
688,9832	0,5998	981,4	980,5	980,1		
689,0666	0,6095	981,3	980,4	980,1		
689,1499	0,6082	981,3	980,4	980,1		
689,2332	0,6107	981,3	980,4	980,0		
689,3166	0,6057	981,4	980,5	980,1		
689,3999	0,6078	981,3	980,5	980,1		
689,4832	0,6090	981,3	980,4	980,0		
689,5666	0,6036	981,3	980,4	980,0		
689,6499	0,6065	981,4	980,4	980,0		
689,7332	0,5990	981,3	980,4	980,0		
689,8166	0,6057	981,3	980,4	980,0		
689,8999	0,6090	981,2	980,4	980,1		
689,9832	0,6061	981,3	980,4	980,0		
690,0666	0,6132	981,3	980,4	980,1		
690,1499	0,6107	981,3	980,4	980,1		
690,2332	0,6120	981,3	980,4	980,0		
690,3166	0,6078	981,4	980,5	980,1		
690,3999	0,6099	981,3	980,5	980,1		
690,4832	0,6074	981,4	980,5	980,1		
690,5666	0,6145	981,2	980,4	980,1		
690,6499	0,6044	981,3	980,4	980,0		
690,7332	0,6074	981,2	980,4	980,1		
690,8166	0,6082	981,3	980,4	980,0		
690,8999	0,6111	981,3	980,4	980,0		
690,9832	0,6027	981,3	980,4	980,0		
691,0666	0,6053	981,4	980,5	980,1		
691,1499	0,6166	981,4	980,5	980,0		
691,2332	0,6090	981,3	980,4	980,0		
691,3166	0,6048	981,3	980,5	980,1		
691,3999	0,6120	981,2	980,4	980,0		
691,4832	0,6132	981,3	980,5	980,1		
691,5666	0,6065	981,3	980,5	980,2		
691,6499	0,6107	981,4	980,5	980,1		
691,7332	0,6103	981,4	980,5	980,1		
691,8166	0,6099	981,3	980,4	980,1		
691,8999	0,6061	981,3	980,4	980,0		
691,9832	0,6149	981,3	980,4	980,0		
692,0666	0,6124	981,3	980,4	980,1		
692,1499	0,6095	981,3	980,5	980,2		
692,2332	0,6069	981,4	980,5	980,1		
692,3166	0,6107	981,4	980,5	980,1		
692,3999	0,6023	981,4	980,5	980,1		
692,4832	0,6099	981,3	980,5	980,1		
692,5666	0,6116	981,3	980,5	980,1		
692,6499	0,6086	981,2	980,4	980,1		
692,7332	0,6099	981,2	980,4	980,0		
692,8166	0,6124	981,4	980,5	980,2		
692,8999	0,6111	981,4	980,5	980,1		
692,9832	0,6082	981,4	980,5	980,1		
693,0666	0,6061	981,4	980,5	980,1		
693,1499	0,6057	981,2	980,4	980,1		
693,2332	0,6120	981,2	980,4	980,1		
693,3166	0,6069	981,3	980,5	980,1		
693,3999	0,6048	981,3	980,5	980,1		
693,4832	0,6124	981,3	980,4	980,1		
693,5666	0,6069	981,4	980,5	980,2		
693,6499	0,6099	981,4	980,5	980,1		
693,7332	0,6061	981,4	980,5	980,1		
693,8166	0,6141	981,4	980,5	980,1		
693,8999	0,6061	981,3	980,4	980,0		
693,9832	0,6095	981,3	980,4	980,0		
694,0666	0,6069	981,3	980,5	980,2		
694,1499	0,6116	981,3	980,5	980,2		
694,2332	0,6107	981,5	980,5	980,2		
694,3166	0,6040	981,4	980,5	980,1		
694,3999	0,6187	981,3	980,5	980,1		
694,4832	0,6090	981,3	980,5	980,2		
694,5666	0,6065	981,4	980,5	980,1		
694,6499	0,6082	981,4	980,6	980,2		
694,7332	0,6111	981,4	980,5	980,1		
694,8166	0,6107	981,4	980,5	980,2		
694,8999	0,6237	981,4	980,5	980,1		
694,9832	0,6132	981,4	980,5	980,1		
695,0666	0,6157	981,3	980,5	980,1		
695,1499	0,6069	981,3	980,5	980,1		
695,2332	0,6116	981,3	980,5	980,1		
695,3166	0,6178	981,3	980,5	980,1		
695,3999	0,6103	981,3	980,5	980,2		
695,4832	0,6141	981,3	980,5	980,1		
695,5666	0,6107	981,4	980,5	980,1		
695,6499	0,6074	981,3	980,5	980,1		
695,7332	0,6132	981,3	980,5	980,2		
695,8166	0,6057	981,4	980,5	980,2		
695,8999	0,6065	981,3	980,4	980,1		
695,9832	0,6078	981,3	980,5	980,1		
696,0666	0,6015	981,4	980,5	980,1		
696,1499	0,6036	981,5	980,6	980,2		
696,2332	0,6086	981,3	980,5	980,0		
696,3166	0,6149	981,3	980,4	980,1		
696,3999	0,6116	981,3	980,5	980,1		
696,4832	0,6170	981,3	980,5	980,1		
696,5666	0,6082	981,4	980,5	980,1		
696,6499	0,6069	981,4	980,5	980,1		
696,7332	0,6136	981,3	980,4	980,0		
696,8166	0,6128	981,3	980,4	980,0		
696,8999	0,6124	981,4	980,5	980,2		
696,9832	0,6082	981,3	980,5	980,1		
697,0666	0,6149	981,3	980,4	980,1		
697,1499	0,6124	981,4	980,5	980,1		
697,2332	0,6128	981,3	980,5	980,1		
697,3166	0,6141	981,4	980,5	980,1		
697,3999	0,6132	981,3	980,4	980,1		
697,4832	0,6128	981,4	980,5	980,1		
697,5666	0,6153	981,3	980,4	980,1		
697,6499	0,6132	981,3	980,5	980,1		
697,7332	0,6090	981,3	980,5	980,1		
697,8166	0,6078	981,3	980,4	980,1		
697,8999	0,6107	981,5	980,5	980,1		
697,9832	0,6124	981,3	980,4	980,1		
698,0666	0,6124	981,3	980,4	980,0		
698,1499	0,6116	981,3	980,4	980,1		
698,2332	0,6053	981,3	980,4	980,1		
698,3166	0,6111	981,4	980,5	980,1		
698,3999	0,6107	981,4	980,5	980,0		
698,4832	0,6153	981,3	980,4	980,0		
698,5666	0,6187	981,3	980,4	980,1		
698,6499	0,6078	981,3	980,5	980,1		
698,7332	0,6082	981,3	980,5	980,2		
698,8166	0,6082	981,4	980,5	980,1		
698,8999	0,6124	981,4	980,5	980,1		
698,9832	0,6099	981,3	980,5	980,2		
699,0666	0,6149	981,3	980,5	980,1		
699,1499	0,6069	981,3	980,5	980,1		
699,2332	0,6095	981,3	980,5	980,0		
699,3166	0,6153	981,3	980,5	980,1		
699,3999	0,6116	981,3	980,5	980,2		
699,4832	0,6178	981,3	980,5	980,1		
699,5666	0,6136	981,4	980,5	980,2		
699,6499	0,6116	981,4	980,5	980,1		
699,7332	0,6078	981,3	980,4	980,0		
699,8166	0,6149	981,4	980,5	980,1		
699,8999	0,6170	981,3	980,4	980,1		
699,9832	0,6040	981,2	980,4	980,1		
700,0666	0,6145	981,3	980,5	980,1		
700,1499	0,6157	981,4	980,5	980,1		
700,2332	0,6120	981,3	980,4	980,0		
700,3166	0,6103	981,4	980,5	980,1		
700,3999	0,6124	981,3	980,4	980,1		
700,4832	0,6199	981,3	980,4	980,1		
700,5666	0,6124	981,4	980,5	980,2		
700,6499	0,6220	981,3	980,5	980,1		
700,7332	0,6166	981,3	980,4	980,0		
700,8166	0,6199	981,2	980,4	980,1		
700,8999	0,6145	981,3	980,4	980,1		
700,9832	0,6095	981,3	980,5	980,1		
701,0666	0,6157	981,3	980,5	980,1		
701,1499	0,6103	981,3	980,5	980,1		
701,2332	0,6162	981,3	980,4	980,1		
701,3166	0,6061	981,3	980,4	980,0		
701,3999	0,6095	981,3	980,5	980,1		
701,4832	0,6145	981,3	980,4	980,0		
701,5666	0,6069	981,3	980,5	980,1		
701,6499	0,6187	981,3	980,4	980,0		
701,7332	0,6162	981,3	980,4	980,1		
701,8166	0,6157	981,3	980,5	980,2		
701,8999	0,6132	981,3	980,5	980,1		
701,9832	0,6191	981,3	980,5	980,1		
702,0666	0,6178	981,3	980,4	980,1		
702,1499	0,6153	981,3	980,5	980,1		
702,2332	0,6128	981,3	980,4	980,1		
702,3166	0,6145	981,3	980,5	980,1		
702,3999	0,6116	981,3	980,4	980,1		
702,4832	0,6090	981,3	980,5	980,1		
702,5666	0,6153	981,3	980,5	980,1		
702,6499	0,6195	981,4	980,5	980,1		
702,7332	0,6166	981,3	980,5	980,1		
702,8166	0,6157	981,4	980,5	980,1		
702,8999	0,6149	981,4	980,6	980,1		
702,9832	0,6170	981,4	980,6	980,1		
703,0666	0,6086	981,3	980,4	980,1		
703,1499	0,6162	981,3	980,4	980,1		
703,2332	0,6220	981,3	980,5	980,2		
703,3166	0,6153	981,3	980,4	980,1		
703,3999	0,6187	981,3	980,5	980,1		
703,4832	0,6157	981,4	980,5	980,1		
703,5666	0,6128	981,5	980,6	980,2		
703,6499	0,6141	981,4	980,5	980,1		
703,7332	0,6149	981,3	980,4	980,1		
703,8166	0,6141	981,3	980,4	980,1		
703,8999	0,6141	981,2	980,4	980,0		
703,9832	0,6128	981,3	980,4	980,1		
704,0666	0,6157	981,4	980,5	980,1		
704,1499	0,6199	981,4	980,5	980,0		
704,2332	0,6136	981,3	980,4	980,0		
704,3166	0,6153	981,3	980,5	980,1		
704,3999	0,6128	981,3	980,5	980,1		
704,4832	0,6107	981,3	980,5	980,1		
704,5666	0,6250	981,4	980,5	980,1		
704,6499	0,6212	981,2	980,5	980,1		
704,7332	0,6103	981,3	980,4	980,1		
704,8166	0,6212	981,3	980,4	980,1		
704,8999	0,6191	981,4	980,5	980,1		
704,9832	0,6141	981,4	980,5	980,1		
705,0666	0,6187	981,3	980,5	980,1		
705,1499	0,6191	981,4	980,6	980,3		
705,2332	0,6216	981,3	980,4	980,1		
705,3166	0,6162	981,3	980,5	980,1		
705,3999	0,6204	981,3	980,5	980,1		
705,4832	0,6183	981,3	980,5	980,0		
705,5666	0,6216	981,3	980,4	980,0		
705,6499	0,6166	981,3	980,5	980,1		
705,7332	0,6170	981,4	980,5	980,1		
705,8166	0,6162	981,3	980,4	980,0		
705,8999	0,6132	981,3	980,5	980,0		
705,9832	0,6208	981,3	980,5	980,1		
706,0666	0,6111	981,3	980,4	980,1		
706,1499	0,6208	981,3	980,5	980,1		
706,2332	0,6199	981,3	980,4	980,0		
706,3166	0,6170	981,3	980,4	980,1		
706,3999	0,6128	981,3	980,4	980,1		
706,4832	0,6153	981,4	980,5	980,1		
706,5666	0,6170	981,3	980,5	980,1		
706,6499	0,6229	981,4	980,6	980,4		
706,7332	0,6204	981,3	980,5	980,1		
706,8166	0,6157	981,4	980,5	980,1		
706,8999	0,6170	981,4	980,5	980,1		
706,9832	0,6183	981,4	980,4	980,1		
707,0666	0,6166	981,4	980,5	980,1		
707,1499	0,6170	981,3	980,4	980,1		
707,2332	0,6145	981,3	980,5	980,1		
707,3166	0,6166	981,3	980,6	980,2		
707,3999	0,6187	981,4	980,6	980,2		
707,4832	0,6220	981,3	980,5	980,1		
707,5666	0,6166	981,4	980,6	980,2		
707,6499	0,6095	981,4	980,5	980,1		
707,7332	0,6174	981,3	980,4	980,1		
707,8166	0,6250	981,4	980,5	980,1		
707,8999	0,6204	981,3	980,5	980,1		
707,9832	0,6229	981,3	980,5	980,1		
708,0666	0,6178	981,4	980,4	980,1		
708,1499	0,6141	981,3	980,4	980,1		
708,2332	0,6220	981,3	980,5	980,1		
708,3166	0,6170	981,3	980,4	980,1		
708,3999	0,6178	981,3	980,5	980,1		
708,4832	0,6220	981,3	980,5	980,1		
708,5666	0,6262	981,3	980,5	980,2		
708,6499	0,6199	981,3	980,5	980,2		
708,7332	0,6116	981,3	980,5	980,1		
708,8166	0,6208	981,4	980,5	980,1		
708,8999	0,6237	981,3	980,5	980,1		
708,9832	0,6174	981,3	980,4	980,0		
709,0666	0,6195	981,3	980,5	980,1		
709,1499	0,6195	981,2	980,4	980,1		
709,2332	0,6246	981,4	980,6	980,2		
709,3166	0,6183	981,3	980,5	980,1		
709,3999	0,6145	981,4	980,6	980,2		
709,4832	0,6157	981,4	980,5	980,2		
709,5666	0,6187	981,4	980,5	980,1		
709,6499	0,6166	981,3	980,5	980,1		
709,7332	0,6208	981,3	980,5	980,1		
709,8166	0,6229	981,3	980,5	980,2		
709,8999	0,6233	981,3	980,5	980,1		
709,9832	0,6220	981,3	980,5	980,2		
710,0666	0,6225	981,4	980,5	980,2		
710,1499	0,6220	981,4	980,6	980,2		
710,2332	0,6183	981,3	980,4	980,1		
710,3166	0,6241	981,4	980,5	980,1		
710,3999	0,6233	981,3	980,5	980,1		
710,4832	0,6220	981,2	980,5	980,1		
710,5666	0,6187	981,4	980,5	980,1		
710,6499	0,6183	981,4	980,5	980,1		
710,7332	0,6195	981,3	980,5	980,1		
710,8166	0,6233	981,3	980,5	980,1		
710,8999	0,6187	981,3	980,5	980,1		
710,9832	0,6229	981,3	980,5	980,1		
711,0666	0,6149	981,3	980,5	980,1		
711,1499	0,6170	981,4	980,5	980,1		
711,2332	0,6237	981,4	980,5	980,1		
711,3166	0,6183	981,3	980,5	980,2		
711,3999	0,6195	981,3	980,5	980,1		
711,4832	0,6250	981,3	980,5	980,1		
711,5666	0,6208	981,3	980,5	980,1		
711,6499	0,6183	981,3	980,5	980,1		
711,7332	0,6241	981,4	980,4	980,1		
711,8166	0,6229	981,4	980,5	980,1		
711,8999	0,6212	981,3	980,5	980,1		
711,9832	0,6199	981,3	980,5	980,1		
712,0666	0,6229	981,4	980,5	980,2		
712,1499	0,6292	981,4	980,5	980,2		
712,2332	0,6199	981,4	980,5	980,1		
712,3166	0,6225	981,3	980,4	980,1		
712,3999	0,6241	981,3	980,5	980,1		
712,4832	0,6183	981,3	980,5	980,1		
712,5666	0,6241	981,3	980,5	980,1		
712,6499	0,6220	981,4	980,5	980,2		
712,7332	0,6292	981,4	980,5	980,1		
712,8166	0,6220	981,4	980,5	980,1		
712,8999	0,6220	981,3	980,5	980,1		
712,9832	0,6204	981,3	980,5	980,1		
713,0666	0,6208	981,3	980,5	980,2		
713,1499	0,6195	981,4	980,5	980,1		
713,2332	0,6216	981,3	980,5	980,2		
713,3166	0,6254	981,3	980,5	980,2		
713,3999	0,6237	981,3	980,5	980,2		
713,4832	0,6174	981,3	980,4	980,1		
713,5666	0,6250	981,4	980,5	980,2		
713,6499	0,6204	981,4	980,6	980,2		
713,7332	0,6262	981,4	980,4	980,0		
713,8166	0,6157	981,3	980,4	980,1		
713,8999	0,6178	981,3	980,5	980,2		
713,9832	0,6241	981,4	980,4	980,1		
714,0666	0,6250	981,4	980,5	980,2		
714,1499	0,6237	981,4	980,5	980,1		
714,2332	0,6174	981,3	980,4	980,0		
714,3166	0,6178	981,3	980,4	980,1		
714,3999	0,6246	981,3	980,5	980,1		
714,4832	0,6267	981,3	980,5	980,1		
714,5666	0,6220	981,3	980,4	980,1		
714,6499	0,6246	981,4	980,5	980,2		
714,7332	0,6225	981,3	980,4	980,0		
714,8166	0,6258	981,3	980,4	980,1		
714,8999	0,6233	981,4	980,5	980,1		
714,9832	0,6204	981,3	980,4	980,1		
715,0666	0,6166	981,3	980,4	980,1		
715,1499	0,6220	981,4	980,6	980,2		
715,2332	0,6166	981,4	980,5	980,1		
715,3166	0,6250	981,4	980,5	980,1		
715,3999	0,6170	981,3	980,4	980,1		
715,4832	0,6304	981,3	980,4	980,1		
715,5666	0,6208	981,3	980,5	980,1		
715,6499	0,6241	981,3	980,4	980,1		
715,7332	0,6220	981,4	980,5	980,1		
715,8166	0,6262	981,4	980,5	980,1		
715,8999	0,6250	981,4	980,5	980,1		
715,9832	0,6350	981,3	980,5	980,1		
716,0666	0,6258	981,3	980,5	980,1		
716,1499	0,6220	981,4	980,5	980,2		
716,2332	0,6241	981,4	980,5	980,1		
716,3166	0,6254	981,2	980,4	980,1		
716,3999	0,6287	981,3	980,4	980,0		
716,4832	0,6254	981,3	980,5	980,2		
716,5666	0,6262	981,2	980,5	980,2		
716,6499	0,6254	981,3	980,4	980,1		
716,7332	0,6317	981,3	980,4	980,1		
716,8166	0,6308	981,4	980,5	980,1		
716,8999	0,6220	981,4	980,5	980,1		
716,9832	0,6254	981,3	980,5	980,1		
717,0666	0,6287	981,4	980,5	980,2		
717,1499	0,6199	981,3	980,5	980,1		
717,2332	0,6262	981,3	980,5	980,1		
717,3166	0,6208	981,4	980,5	980,1		
717,3999	0,6279	981,3	980,4	980,0		
717,4832	0,6216	981,3	980,5	980,2		
717,5666	0,6195	981,3	980,5	980,1		
717,6499	0,6267	981,4	980,5	980,1		
717,7332	0,6199	981,4	980,5	980,2		
717,8166	0,6229	981,4	980,4	980,1		
717,8999	0,6262	981,4	980,5	980,1		
717,9832	0,6313	981,3	980,4	980,1		
718,0666	0,6304	981,3	980,5	980,1		
718,1499	0,6241	981,3	980,4	980,1		
718,2332	0,6241	981,4	980,5	980,2		
718,3166	0,6241	981,3	980,5	980,2		
718,3999	0,6355	981,3	980,4	980,1		
718,4832	0,6262	981,4	980,5	980,1		
718,5666	0,6283	981,3	980,5	980,1		
718,6499	0,6204	981,4	980,5	980,2		
718,7332	0,6258	981,4	980,5	980,1		
718,8166	0,6275	981,4	980,5	980,1		
718,8999	0,6338	981,2	980,4	980,1		
718,9832	0,6237	981,3	980,5	980,1		
719,0666	0,6258	981,4	980,5	980,2		
719,1499	0,6279	981,4	980,5	980,1		
719,2332	0,6283	981,3	980,5	980,1		
719,3166	0,6296	981,4	980,5	980,1		
719,3999	0,6300	981,3	980,4	980,1		
719,4832	0,6212	981,3	980,4	980,1		
719,5666	0,6216	981,4	980,5	980,2		
719,6499	0,6216	981,3	980,4	980,0		
719,7332	0,6254	981,3	980,4	980,1		
719,8166	0,6267	981,4	980,5	980,2		
719,8999	0,6292	981,3	980,4	980,0		
719,9832	0,6250	981,4	980,5	980,2		
720,0666	0,6267	981,4	980,5	980,2		
720,1499	0,6296	981,3	980,5	980,1		
720,2332	0,6313	981,3	980,5	980,1		
720,3166	0,6267	981,4	980,5	980,2		
720,3999	0,6287	981,3	980,4	980,1		
720,4832	0,6329	981,4	980,5	980,1		
720,5666	0,6250	981,3	980,4	980,0		
720,6499	0,6355	981,4	980,5	980,1		
720,7332	0,6292	981,4	980,6	980,3		
720,8166	0,6241	981,4	980,5	980,1		
720,8999	0,6216	981,4	980,5	980,2		
720,9832	0,6233	981,4	980,5	980,1		
721,0666	0,6304	981,3	980,4	980,1		
721,1499	0,6237	981,3	980,5	980,1		
721,2332	0,6283	981,4	980,4	980,1		
721,3166	0,6275	981,4	980,5	980,1		
721,3999	0,6308	981,2	980,4	980,1		
721,4832	0,6262	981,3	980,5	980,1		
721,5666	0,6342	981,3	980,4	980,0		
721,6499	0,6241	981,4	980,5	980,2		
721,7332	0,6267	981,4	980,5	980,1		
721,8166	0,6296	981,3	980,4	980,1		
721,8999	0,6250	981,3	980,4	980,0		
721,9832	0,6279	981,3	980,5	980,2		
722,0666	0,6292	981,3	980,5	980,1		
722,1499	0,6220	981,4	980,6	980,2		
722,2332	0,6275	981,3	980,4	980,1		
722,3166	0,6304	981,3	980,4	980,1		
722,3999	0,6258	981,3	980,5	980,1		
722,4832	0,6350	981,3	980,4	980,1		
722,5666	0,6287	981,3	980,5	980,1		
722,6499	0,6267	981,4	980,5	980,1		
722,7332	0,6355	981,4	980,5	980,1		
722,8166	0,6342	981,3	980,5	980,2		
722,8999	0,6313	981,3	980,4	980,1		
722,9832	0,6346	981,3	980,5	980,2		
723,0666	0,6317	981,4	980,5	980,1		
723,1499	0,6329	981,3	980,5	980,1		
723,2332	0,6363	981,3	980,4	980,1		
723,3166	0,6321	981,3	980,4	980,0		
723,3999	0,6342	981,3	980,5	980,2		
723,4832	0,6304	981,4	980,5	980,1		
723,5666	0,6308	981,4	980,5	980,1		
723,6499	0,6313	981,3	980,5	980,2		
723,7332	0,6237	981,2	980,4	980,1		
723,8166	0,6321	981,2	980,4	980,1		
723,8999	0,6325	981,4	980,5	980,1		
723,9832	0,6283	981,4	980,4	980,0		
724,0666	0,6325	981,3	980,4	980,1		
724,1499	0,6292	981,4	980,5	980,1		
724,2332	0,6271	981,3	980,4	980,1		
724,3166	0,6392	981,3	980,4	980,1		
724,3999	0,6317	981,4	980,5	980,2		
724,4832	0,6296	981,4	980,5	980,1		
724,5666	0,6346	981,4	980,5	980,1		
724,6499	0,6350	981,3	980,4	980,1		
724,7332	0,6359	981,3	980,4	980,1		
724,8166	0,6304	981,3	980,5	980,1		
724,8999	0,6334	981,3	980,5	980,0		
724,9832	0,6300	981,3	980,4	980,1		
725,0666	0,6317	981,4	980,5	980,1		
725,1499	0,6334	981,3	980,4	980,0		
725,2332	0,6376	981,3	980,5	980,1		
725,3166	0,6317	981,4	980,5	980,1		
725,3999	0,6363	981,2	980,4	980,1		
725,4832	0,6283	981,3	980,4	980,1		
725,5666	0,6267	981,3	980,5	980,1		
725,6499	0,6321	981,3	980,5	980,1		
725,7332	0,6367	981,3	980,5	980,1		
725,8166	0,6296	981,3	980,5	980,1		
725,8999	0,6380	981,3	980,4	980,1		
725,9832	0,6325	981,2	980,4	980,0		
726,0666	0,6363	981,3	980,4	980,1		
726,1499	0,6321	981,4	980,4	980,1		
726,2332	0,6304	981,3	980,4	980,1		
726,3166	0,6304	981,3	980,4	980,1		
726,3999	0,6397	981,3	980,5	980,2		
726,4832	0,6342	981,3	980,4	980,1		
726,5666	0,6422	981,3	980,4	980,1		
726,6499	0,6292	981,3	980,5	980,1		
726,7332	0,6338	981,4	980,5	980,1		
726,8166	0,6283	981,4	980,6	980,1		
726,8999	0,6271	981,4	980,5	980,1		
726,9832	0,6296	981,3	980,5	980,2		
727,0666	0,6258	981,3	980,5	980,1		
727,1499	0,6338	981,4	980,5	980,2		
727,2332	0,6329	981,4	980,5	980,1		
727,3166	0,6355	981,3	980,5	980,1		
727,3999	0,6355	981,3	980,4	980,0		
727,4832	0,6388	981,4	980,5	980,2		
727,5666	0,6279	981,4	980,5	980,2		
727,6499	0,6397	981,4	980,5	980,2		
727,7332	0,6346	981,3	980,4	980,1		
727,8166	0,6355	981,3	980,5	980,1		
727,8999	0,6409	981,3	980,4	980,1		
727,9832	0,6283	981,3	980,4	980,0		
728,0666	0,6405	981,4	980,5	980,1		
728,1499	0,6405	981,3	980,4	980,1		
728,2332	0,6384	981,4	980,4	980,1		
728,3166	0,6279	981,4	980,4	980,1		
728,3999	0,6342	981,3	980,5	980,1		
728,4832	0,6392	981,3	980,5	980,2		
728,5666	0,6350	981,3	980,4	980,0		
728,6499	0,6258	981,4	980,5	980,2		
728,7332	0,6313	981,4	980,4	980,1		
728,8166	0,6384	981,3	980,5	980,1		
728,8999	0,6380	981,3	980,4	980,1		
728,9832	0,6363	981,3	980,4	980,1		
729,0666	0,6267	981,3	980,5	980,1		
729,1499	0,6308	981,3	980,5	980,1		
729,2332	0,6292	981,4	980,5	980,1		
729,3166	0,6388	981,4	980,4	980,1		
729,3999	0,6334	981,3	980,5	980,1		
729,4832	0,6413	981,4	980,5	980,1		
729,5666	0,6317	981,3	980,5	980,1		
729,6499	0,6329	981,4	980,5	980,1		
729,7332	0,6376	981,4	980,5	980,1		
729,8166	0,6346	981,4	980,5	980,1		
729,8999	0,6409	981,3	980,5	980,0		
729,9832	0,6401	981,2	980,4	980,1		
730,0666	0,6325	981,3	980,5	980,1		
730,1499	0,6376	981,3	980,4	980,1		
730,2332	0,6329	981,5	980,5	980,2		
730,3166	0,6342	981,4	980,5	980,2		
730,3999	0,6359	981,4	980,6	980,1		
730,4832	0,6388	981,3	980,5	980,1		
730,5666	0,6304	981,3	980,4	980,1		
730,6499	0,6355	981,3	980,4	980,1		
730,7332	0,6418	981,4	980,5	980,1		
730,8166	0,6355	981,5	980,5	980,2		
730,8999	0,6346	981,3	980,4	980,1		
730,9832	0,6371	981,2	980,5	980,1		
731,0666	0,6338	981,3	980,5	980,1		
731,1499	0,6409	981,4	980,5	980,2		
731,2332	0,6409	981,4	980,5	980,2		
731,3166	0,6329	981,4	980,5	980,1		
731,3999	0,6325	981,4	980,4	980,0		
731,4832	0,6317	981,3	980,5	980,1		
731,5666	0,6363	981,3	980,5	980,1		
731,6499	0,6271	981,3	980,5	980,1		
731,7332	0,6371	981,3	980,4	980,1		
731,8166	0,6422	981,4	980,6	980,4		
731,8999	0,6422	981,4	980,5	980,1		
731,9832	0,6346	981,3	980,5	980,1		
732,0666	0,6388	981,3	980,5	980,0		
732,1499	0,6380	981,3	980,5	980,1		
732,2332	0,6392	981,3	980,4	980,1		
732,3166	0,6359	981,4	980,4	980,1		
732,3999	0,6334	981,5	980,5	980,2		
732,4832	0,6371	981,4	980,5	980,1		
732,5666	0,6388	981,4	980,5	980,1		
732,6499	0,6371	981,2	980,4	980,1		
732,7332	0,6409	981,3	980,5	980,1		
732,8166	0,6346	981,4	980,5	980,2		
732,8999	0,6317	981,4	980,5	980,1		
732,9832	0,6401	981,3	980,5	980,1		
733,0666	0,6376	981,3	980,4	980,1		
733,1499	0,6472	981,3	980,5	980,1		
733,2332	0,6384	981,4	980,5	980,1		
733,3166	0,6367	981,4	980,5	980,1		
733,3999	0,6401	981,3	980,4	980,0		
733,4832	0,6388	981,3	980,5	980,1		
733,5666	0,6363	981,3	980,5	980,2		
733,6499	0,6392	981,3	980,4	980,2		
733,7332	0,6380	981,3	980,4	980,1		
733,8166	0,6384	981,4	980,5	980,1		
733,8999	0,6380	981,3	980,5	980,1		
733,9832	0,6434	981,3	980,5	980,1		
734,0666	0,6401	981,4	980,5	980,1		
734,1499	0,6363	981,3	980,5	980,1		
734,2332	0,6371	981,3	980,5	980,2		
734,3166	0,6371	981,4	980,5	980,1		
734,3999	0,6384	981,4	980,5	980,1		
734,4832	0,6367	981,3	980,4	980,0		
734,5666	0,6363	981,4	980,5	980,1		
734,6499	0,6434	981,4	980,5	980,2		
734,7332	0,6388	981,3	980,4	980,1		
734,8166	0,6388	981,4	980,5	980,2		
734,8999	0,6359	981,3	980,5	980,0		
734,9832	0,6392	981,4	980,4	980,1		
735,0666	0,6438	981,3	980,5	980,2		
735,1499	0,6388	981,4	980,5	980,2		
735,2332	0,6392	981,4	980,5	980,2		
735,3166	0,6430	981,3	980,4	980,0		
735,3999	0,6451	981,4	980,5	980,2		
735,4832	0,6359	981,4	980,5	980,2		
735,5666	0,6376	981,2	980,4	980,1		
735,6499	0,6397	981,4	980,5	980,2		
735,7332	0,6359	981,2	980,4	980,0		
735,8166	0,6438	981,3	980,5	980,2		
735,8999	0,6388	981,4	980,6	980,2		
735,9832	0,6401	981,4	980,5	980,1		
736,0666	0,6426	981,3	980,5	980,1		
736,1499	0,6359	981,4	980,5	980,1		
736,2332	0,6497	981,3	980,5	980,1		
736,3166	0,6418	981,3	980,5	980,1		
736,3999	0,6392	981,4	980,5	980,1		
736,4832	0,6388	981,4	980,4	980,0		
736,5666	0,6384	981,3	980,4	980,1		
736,6499	0,6384	981,3	980,4	980,1		
736,7332	0,6413	981,3	980,4	980,1		
736,8166	0,6338	981,3	980,5	980,1		
736,8999	0,6376	981,4	980,5	980,2		
736,9832	0,6397	981,2	980,4	980,0		
737,0666	0,6384	981,4	980,4	980,1		
737,1499	0,6447	981,3	980,4	980,1		
737,2332	0,6342	981,3	980,5	980,1		
737,3166	0,6363	981,4	980,5	980,1		
737,3999	0,6434	981,4	980,5	980,1		
737,4832	0,6409	981,3	980,5	980,1		
737,5666	0,6380	981,3	980,5	980,1		
737,6499	0,6413	981,3	980,4	980,1		
737,7332	0,6443	981,4	980,4	980,1		
737,8166	0,6401	981,3	980,5	980,2		
737,8999	0,6418	981,3	980,4	980,1		
737,9832	0,6380	981,3	980,4	980,1		
738,0666	0,6430	981,4	980,4	980,2		
738,1499	0,6443	981,3	980,4	980,2		
738,2332	0,6405	981,3	980,5	980,1		
738,3166	0,6409	981,4	980,5	980,2		
738,3999	0,6443	981,4	980,5	980,2		
738,4832	0,6430	981,4	980,5	980,0		
738,5666	0,6376	981,2	980,4	980,0		
738,6499	0,6397	981,4	980,5	980,1		
738,7332	0,6401	981,3	980,5	980,2		
738,8166	0,6397	981,4	980,5	980,1		
738,8999	0,6401	981,4	980,5	980,1		
738,9832	0,6443	981,3	980,5	980,1		
739,0666	0,6418	981,2	980,4	980,1		
739,1499	0,6447	981,3	980,4	980,1		
739,2332	0,6384	981,3	980,5	980,1		
739,3166	0,6418	981,3	980,4	980,1		
739,3999	0,6438	981,4	980,5	980,1		
739,4832	0,6514	981,3	980,4	980,1		
739,5666	0,6438	981,3	980,4	980,0		
739,6499	0,6522	981,4	980,5	980,1		
739,7332	0,6413	981,4	980,5	980,1		
739,8166	0,6459	981,3	980,4	980,1		
739,8999	0,6418	981,3	980,4	980,2		
739,9832	0,6392	981,3	980,5	980,1		
740,0666	0,6380	981,4	980,5	980,1		
740,1499	0,6426	981,4	980,5	980,1		
740,2332	0,6405	981,3	980,5	980,1		
740,3166	0,6464	981,4	980,5	980,2		
740,3999	0,6447	981,3	980,5	980,1		
740,4832	0,6397	981,3	980,5	980,1		
740,5666	0,6443	981,2	980,4	980,1		
740,6499	0,6426	981,4	980,6	980,1		
740,7332	0,6392	981,4	980,5	980,1		
740,8166	0,6405	981,4	980,5	980,1		
740,8999	0,6418	981,3	980,5	980,2		
740,9832	0,6455	981,3	980,4	980,0		
741,0666	0,6464	981,3	980,4	980,1		
741,1499	0,6497	981,3	980,5	980,1		
741,2332	0,6472	981,3	980,4	980,2		
741,3166	0,6401	981,3	980,5	980,1		
741,3999	0,6397	981,4	980,5	980,1		
741,4832	0,6485	981,4	980,5	980,1		
741,5666	0,6443	981,4	980,5	980,1		
741,6499	0,6438	981,3	980,5	980,1		
741,7332	0,6401	981,3	980,5	980,1		
741,8166	0,6426	981,3	980,5	980,1		
741,8999	0,6506	981,4	980,5	980,2		
741,9832	0,6422	981,3	980,5	980,1		
742,0666	0,6371	981,4	980,5	980,1		
742,1499	0,6397	981,2	980,4	980,0		
742,2332	0,6476	981,3	980,5	980,0		
742,3166	0,6472	981,3	980,5	980,1		
742,3999	0,6480	981,3	980,5	980,1		
742,4832	0,6468	981,3	980,5	980,1		
742,5666	0,6518	981,3	980,5	980,1		
742,6499	0,6493	981,3	980,5	980,1		
742,7332	0,6418	981,3	980,4	980,1		
742,8166	0,6422	981,4	980,5	980,1		
742,8999	0,6405	981,4	980,5	980,1		
742,9832	0,6409	981,3	980,5	980,1		
743,0666	0,6438	981,3	980,5	980,1		
743,1499	0,6434	981,4	980,5	980,1		
743,2332	0,6506	981,3	980,5	980,1		
743,3166	0,6472	981,3	980,5	980,1		
743,3999	0,6447	981,4	980,5	980,2		
743,4832	0,6451	981,3	980,4	980,1		
743,5666	0,6497	981,4	980,5	980,1		
743,6499	0,6447	981,4	980,5	980,1		
743,7332	0,6443	981,4	980,5	980,1		
743,8166	0,6468	981,3	980,5	980,2		
743,8999	0,6501	981,4	980,5	980,2		
743,9832	0,6493	981,3	980,5	980,1		
744,0666	0,6426	981,3	980,5	980,0		
744,1499	0,6472	981,3	980,4	980,1		
744,2332	0,6455	981,4	980,5	980,2		
744,3166	0,6480	981,3	980,5	980,1		
744,3999	0,6451	981,4	980,5	980,2		
744,4832	0,6476	981,3	980,5	980,1		
744,5666	0,6472	981,4	980,4	980,1		
744,6499	0,6459	981,3	980,4	980,1		
744,7332	0,6464	981,4	980,5	980,1		
744,8166	0,6434	981,4	980,6	980,2		
744,8999	0,6476	981,3	980,4	980,1		
744,9832	0,6447	981,4	980,5	980,1		
745,0666	0,6447	981,3	980,5	980,1		
745,1499	0,6468	981,4	980,5	980,1		
745,2332	0,6438	981,4	980,5	980,1		
745,3166	0,6418	981,3	980,4	980,1		
745,3999	0,6438	981,2	980,4	980,0		
745,4832	0,6506	981,3	980,5	980,1		
745,5666	0,6543	981,3	980,5	980,2		
745,6499	0,6480	981,3	980,5	980,1		
745,7332	0,6472	981,3	980,5	980,1		
745,8166	0,6401	981,4	980,4	980,1		
745,8999	0,6447	981,3	980,5	980,0		
745,9832	0,6472	981,3	980,5	980,1		
746,0666	0,6418	981,3	980,4	980,1		
746,1499	0,6472	981,4	980,5	980,2		
746,2332	0,6552	981,3	980,5	980,1		
746,3166	0,6556	981,4	980,5	980,2		
746,3999	0,6501	981,3	980,4	980,1		
746,4832	0,6451	981,3	980,5	980,1		
746,5666	0,6397	981,4	980,5	980,2		
746,6499	0,6430	981,3	980,4	980,0		
746,7332	0,6468	981,4	980,4	980,0		
746,8166	0,6489	981,3	980,5	980,1		
746,8999	0,6522	981,3	980,5	980,1		
746,9832	0,6497	981,3	980,5	980,1		
747,0666	0,6510	981,3	980,5	980,1		
747,1499	0,6472	981,4	980,5	980,2		
747,2332	0,6401	981,4	980,5	980,1		
747,3166	0,6506	981,2	980,4	980,0		
747,3999	0,6468	981,3	980,5	980,2		
747,4832	0,6493	981,3	980,5	980,1		
747,5666	0,6535	981,4	980,5	980,1		
747,6499	0,6531	981,3	980,4	980,1		
747,7332	0,6468	981,4	980,4	980,0		
747,8166	0,6464	981,4	980,5	980,1		
747,8999	0,6401	981,3	980,5	980,1		
747,9832	0,6514	981,3	980,4	979,9		
748,0666	0,6552	981,3	980,5	980,0		
748,1499	0,6489	981,3	980,4	980,0		
748,2332	0,6514	981,3	980,4	980,1		
748,3166	0,6535	981,3	980,5	980,1		
748,3999	0,6476	981,3	980,5	980,1		
748,4832	0,6497	981,3	980,4	980,1		
748,5666	0,6535	981,4	980,5	980,2		
748,6499	0,6522	981,4	980,5	980,1		
748,7332	0,6510	981,3	980,5	980,0		
748,8166	0,6443	981,4	980,5	980,2		
748,8999	0,6472	981,4	980,5	980,0		
748,9832	0,6451	981,3	980,5	980,0		
749,0666	0,6468	981,3	980,4	980,1		
749,1499	0,6527	981,4	980,5	980,1		
749,2332	0,6485	981,4	980,5	980,1		
749,3166	0,6531	981,3	980,5	980,1		
749,3999	0,6514	981,4	980,6	980,2		
749,4832	0,6539	981,3	980,5	980,1		
749,5666	0,6514	981,3	980,5	980,1		
749,6499	0,6556	981,3	980,5	980,1		
749,7332	0,6472	981,4	980,5	980,2		
749,8166	0,6480	981,5	980,6	980,2		
749,8999	0,6443	981,4	980,5	980,1		
749,9832	0,6438	981,4	980,5	980,1		
750,0666	0,6531	981,3	980,4	980,0		
750,1499	0,6422	981,4	980,5	980,1		
750,2332	0,6527	981,4	980,5	980,2		
750,3166	0,6506	981,3	980,5	980,1		
750,3999	0,6560	981,3	980,4	980,0		
750,4832	0,6501	981,3	980,5	980,1		
750,5666	0,6569	981,4	980,4	980,0		
750,6499	0,6485	981,5	980,5	980,1		
750,7332	0,6506	981,4	980,5	980,1		
750,8166	0,6489	981,4	980,5	980,0		
750,8999	0,6493	981,3	980,5	980,1		
750,9832	0,6514	981,3	980,4	980,0		
751,0666	0,6531	981,3	980,5	980,1		
751,1499	0,6451	981,4	980,5	980,2		
751,2332	0,6539	981,3	980,4	980,1		
751,3166	0,6493	981,3	980,5	980,1		
751,3999	0,6522	981,3	980,5	980,1		
751,4832	0,6489	981,4	980,5	980,1		
751,5666	0,6506	981,4	980,5	980,1		
751,6499	0,6510	981,4	980,5	980,1		
751,7332	0,6577	981,3	980,5	980,1		
751,8166	0,6468	981,4	980,5	980,2		
751,8999	0,6480	981,4	980,5	980,1		
751,9832	0,6514	981,4	980,5	980,1		
752,0666	0,6401	981,4	980,5	980,0		
752,1499	0,6522	981,4	980,5	980,1		
752,2332	0,6493	981,4	980,5	980,0		
752,3166	0,6569	981,4	980,5	980,1		
752,3999	0,6464	981,3	980,4	980,1		
752,4832	0,6501	981,4	980,5	980,1		
752,5666	0,6527	981,3	980,4	980,1		
752,6499	0,6543	981,4	980,5	980,1		
752,7332	0,6552	981,2	980,4	980,1		
752,8166	0,6497	981,3	980,5	980,1		
752,8999	0,6480	981,5	980,6	980,2		
752,9832	0,6543	981,5	980,5	980,1		
753,0666	0,6527	981,3	980,4	980,1		
753,1499	0,6497	981,4	980,5	980,1		
753,2332	0,6472	981,3	980,5	980,1		
753,3166	0,6527	981,4	980,5	980,1		
753,3999	0,6531	981,2	980,4	980,0		
753,4832	0,6447	981,4	980,4	980,0		
753,5666	0,6480	981,4	980,5	980,1		
753,6499	0,6472	981,4	980,5	980,1		
753,7332	0,6485	981,4	980,5	980,0		
753,8166	0,6497	981,4	980,5	980,0		
753,8999	0,6585	981,4	980,5	980,1		
753,9832	0,6485	981,4	980,5	980,1		
754,0666	0,6581	981,3	980,4	980,1		
754,1499	0,6531	981,4	980,5	980,1		
754,2332	0,6476	981,3	980,5	980,1		
754,3166	0,6522	981,4	980,5	980,2		
754,3999	0,6510	981,3	980,5	980,1		
754,4832	0,6531	981,4	980,5	980,1		
754,5666	0,6585	981,3	980,5	980,1		
754,6499	0,6539	981,5	980,5	980,1		
754,7332	0,6493	981,5	980,5	980,1		
754,8166	0,6451	981,4	980,6	980,1		
754,8999	0,6552	981,4	980,5	980,1		
754,9833	0,6594	981,4	980,5	980,1		
755,0666	0,6489	981,4	980,5	980,2		
755,1499	0,6548	981,4	980,6	980,2		
755,2333	0,6615	981,4	980,5	980,1		
755,3166	0,6480	981,5	980,6	980,2		
755,3999	0,6548	981,4	980,5	980,0		
755,4833	0,6480	981,3	980,4	980,0		
755,5666	0,6489	981,4	980,5	980,2		
755,6499	0,6493	981,3	980,5	980,1		
755,7333	0,6548	981,3	980,4	980,1		
755,8166	0,6539	981,4	980,6	980,1		
755,8999	0,6556	981,3	980,5	980,1		
755,9833	0,6506	981,4	980,5	980,1		
756,0666	0,6573	981,4	980,5	980,0		
756,1499	0,6556	981,3	980,5	980,1		
756,2333	0,6573	981,3	980,4	980,1		
756,3166	0,6535	981,3	980,4	980,0		
756,3999	0,6581	981,3	980,5	980,1		
756,4833	0,6522	981,3	980,4	980,0		
756,5666	0,6514	981,4	980,6	980,1		
756,6499	0,6459	981,5	980,5	980,2		
756,7333	0,6548	981,4	980,5	980,0		
756,8166	0,6556	981,4	980,5	980,1		
756,8999	0,6539	981,3	980,5	980,1		
756,9833	0,6548	981,3	980,5	980,1		
757,0666	0,6585	981,3	980,5	980,1		
757,1499	0,6569	981,3	980,4	980,1		
757,2333	0,6539	981,4	980,5	980,1		
757,3166	0,6543	981,3	980,5	980,1		
757,3999	0,6510	981,4	980,5	980,1		
757,4833	0,6560	981,4	980,5	980,0		
757,5666	0,6476	981,4	980,5	980,1		
757,6499	0,6594	981,4	980,5	980,2		
757,7333	0,6527	981,4	980,5	980,1		
757,8166	0,6581	981,3	980,5	980,2		
757,8999	0,6527	981,3	980,4	980,0		
757,9833	0,6506	981,4	980,5	980,1		
758,0666	0,6527	981,4	980,5	980,1		
758,1499	0,6506	981,4	980,5	980,1		
758,2333	0,6548	981,4	980,5	980,0		
758,3166	0,6556	981,4	980,5	980,2		
758,3999	0,6522	981,3	980,5	980,0		
758,4833	0,6518	981,4	980,5	980,2		
758,5666	0,6577	981,4	980,4	980,0		
758,6499	0,6573	981,4	980,5	980,1		
758,7333	0,6560	981,4	980,5	980,1		
758,8166	0,6585	981,4	980,4	980,1		
758,8999	0,6531	981,5	980,6	980,3		
758,9833	0,6527	981,4	980,6	980,1		
759,0666	0,6489	981,2	980,5	980,1		
759,1499	0,6581	981,3	980,5	980,1		
759,2333	0,6569	981,4	980,5	980,1		
759,3166	0,6569	981,3	980,4	980,0		
759,3999	0,6531	981,4	980,5	980,2		
759,4833	0,6464	981,4	980,5	980,1		
759,5666	0,6514	981,4	980,5	980,1		
759,6499	0,6539	981,4	980,5	980,1		
759,7333	0,6493	981,3	980,5	980,1		
759,8166	0,6573	981,3	980,4	980,1		
759,8999	0,6510	981,3	980,4	980,0		
759,9833	0,6577	981,4	980,5	980,1		
760,0666	0,6522	981,3	980,5	980,2		
760,1499	0,6548	981,4	980,5	980,1		
760,2333	0,6501	981,4	980,5	980,1		
760,3166	0,6531	981,4	980,5	980,1		
760,3999	0,6539	981,3	980,4	980,0		
760,4833	0,6518	981,3	980,5	980,1		
760,5666	0,6569	981,2	980,4	980,0		
760,6499	0,6438	981,5	980,6	980,1		
760,7333	0,6522	981,4	980,5	980,1		
760,8166	0,6602	981,4	980,5	980,1		
760,8999	0,6539	981,3	980,4	980,0		
760,9833	0,6556	981,3	980,5	980,1		
761,0666	0,6569	981,3	980,5	980,1		
761,1499	0,6560	981,3	980,5	980,0		
761,2333	0,6527	981,3	980,4	980,0		
761,3166	0,6543	981,3	980,4	980,1		
761,3999	0,6514	981,5	980,6	980,2		
761,4833	0,6527	981,2	980,4	980,1		
761,5666	0,6514	981,3	980,4	979,9		
761,6499	0,6531	981,2	980,4	980,0		
761,7333	0,6581	981,3	980,5	980,1		
761,8166	0,6598	981,3	980,4	980,1		
761,8999	0,6581	981,3	980,5	980,2		
761,9833	0,6581	981,4	980,7	980,3		
762,0666	0,6535	981,5	980,5	980,1		
762,1499	0,6581	981,4	980,4	980,0		
762,2333	0,6577	981,4	980,5	980,1		
762,3166	0,6640	981,3	980,4	980,0		
762,3999	0,6556	981,3	980,5	980,1		
762,4833	0,6652	981,4	980,5	980,2		
762,5666	0,6539	981,3	980,4	980,0		
762,6499	0,6594	981,4	980,4	980,1		
762,7333	0,6577	981,4	980,5	980,1		
762,8166	0,6552	981,5	980,4	980,1		
762,8999	0,6552	981,4	980,5	980,1		
762,9833	0,6602	981,3	980,4	980,1		
763,0666	0,6585	981,3	980,5	980,1		
763,1499	0,6610	981,3	980,5	980,1		
763,2333	0,6640	981,4	980,4	980,1		
763,3166	0,6569	981,4	980,6	980,2		
763,3999	0,6631	981,4	980,5	980,1		
763,4833	0,6514	981,5	980,5	980,1		
763,5666	0,6602	981,3	980,5	980,0		
763,6499	0,6560	981,3	980,4	980,1		
763,7333	0,6577	981,3	980,4	980,0		
763,8166	0,6514	981,3	980,5	980,1		
763,8999	0,6589	981,3	980,5	980,2		
763,9833	0,6577	981,3	980,4	980,1		
764,0666	0,6556	981,4	980,5	980,2		
764,1499	0,6602	981,5	980,5	980,2		
764,2333	0,6489	981,4	980,5	980,1		
764,3166	0,6623	981,3	980,5	980,0		
764,3999	0,6539	981,3	980,4	980,1		
764,4833	0,6514	981,4	980,5	980,1		
764,5666	0,6640	981,4	980,5	980,1		
764,6499	0,6585	981,4	980,5	980,2		
764,7333	0,6606	981,4	980,5	980,1		
764,8166	0,6589	981,3	980,4	980,1		
764,8999	0,6564	981,3	980,4	980,0		
764,9833	0,6652	981,4	980,5	980,1		
765,0666	0,6569	981,4	980,5	980,1		
765,1499	0,6585	981,4	980,5	980,1		
765,2333	0,6493	981,3	980,5	980,1		
765,3166	0,6577	981,4	980,5	980,2		
765,3999	0,6573	981,5	980,5	980,1		
765,4833	0,6573	981,2	980,4	980,0		
765,5666	0,6485	981,3	980,5	980,1		
765,6499	0,6573	981,4	980,5	980,1		
765,7333	0,6489	981,4	980,5	980,1		
765,8166	0,6522	981,3	980,5	980,2		
765,8999	0,6623	981,3	980,5	980,0		
765,9833	0,6636	981,3	980,4	980,1		
766,0666	0,6615	981,3	980,4	980,0		
766,1499	0,6569	981,4	980,5	980,1		
766,2333	0,6560	981,3	980,5	980,0		
766,3166	0,6640	981,3	980,4	980,1		
766,3999	0,6686	981,3	980,4	980,1		
766,4833	0,6652	981,3	980,5	980,1		
766,5666	0,6581	981,3	980,5	980,1		
766,6499	0,6631	981,3	980,4	980,1		
766,7333	0,6527	981,3	980,4	980,1		
766,8166	0,6581	981,3	980,4	980,0		
766,8999	0,6589	981,4	980,4	980,0		
766,9833	0,6585	981,4	980,5	980,1		
767,0666	0,6552	981,4	980,5	980,0		
767,1499	0,6560	981,4	980,5	980,1		
767,2333	0,6581	981,4	980,4	980,1		
767,3166	0,6518	981,3	980,5	980,1		
767,3999	0,6560	981,3	980,5	980,1		
767,4833	0,6615	981,3	980,4	980,0		
767,5666	0,6552	981,4	980,5	980,2		
767,6499	0,6556	981,3	980,5	980,1		
767,7333	0,6665	981,4	980,5	980,1		
767,8166	0,6581	981,3	980,4	980,0		
767,8999	0,6585	981,5	980,5	980,1		
767,9833	0,6569	981,4	980,5	980,0		
768,0666	0,6589	981,4	980,6	980,2		
768,1499	0,6602	981,4	980,5	980,1		
768,2333	0,6598	981,3	980,5	980,1		
768,3166	0,6610	981,4	980,5	980,1		
768,3999	0,6569	981,4	980,5	980,1		
768,4833	0,6569	981,3	980,4	980,0		
768,5666	0,6501	981,5	980,6	980,2		
768,6499	0,6522	981,4	980,5	980,0		
768,7333	0,6594	981,3	980,4	980,1		
768,8166	0,6564	981,3	980,5	980,1		
768,8999	0,6631	981,3	980,5	980,2		
768,9833	0,6589	981,4	980,5	980,2		
769,0666	0,6556	981,4	980,5	980,1		
769,1499	0,6598	981,4	980,5	980,2		
769,2333	0,6543	981,5	980,5	980,1		
769,3166	0,6560	981,4	980,4	980,0		
769,3999	0,6543	981,3	980,5	980,0		
769,4833	0,6548	981,3	980,5	980,1		
769,5666	0,6581	981,4	980,5	980,1		
769,6499	0,6615	981,4	980,5	980,1		
769,7333	0,6594	981,3	980,5	980,1		
769,8166	0,6602	981,4	980,5	980,1		
769,8999	0,6543	981,5	980,5	980,1		
769,9833	0,6527	981,3	980,4	980,1		
770,0666	0,6665	981,3	980,5	980,1		
770,1499	0,6661	981,4	980,5	980,1		
770,2333	0,6594	981,3	980,5	980,1		
770,3166	0,6619	981,4	980,5	980,1		
770,3999	0,6564	981,4	980,4	980,0		
770,4833	0,6610	981,3	980,4	980,0		
770,5666	0,6661	981,4	980,5	980,1		
770,6499	0,6543	981,3	980,4	980,1		
770,7333	0,6598	981,3	980,4	980,0		
770,8166	0,6652	981,3	980,5	980,1		
770,8999	0,6564	981,3	980,5	980,1		
770,9833	0,6552	981,4	980,5	980,1		
771,0666	0,6577	981,5	980,6	980,1		
771,1499	0,6631	981,3	980,4	980,0		
771,2333	0,6619	981,4	980,4	980,0		
771,3166	0,6602	981,3	980,5	980,0		
771,3999	0,6577	981,3	980,5	980,1		
771,4833	0,6644	981,3	980,4	980,0		
771,5666	0,6552	981,3	980,4	980,0		
771,6499	0,6678	981,3	980,5	980,1		
771,7333	0,6560	981,4	980,5	980,1		
771,8166	0,6552	981,3	980,4	980,0		
771,8999	0,6606	981,4	980,5	980,0		
771,9833	0,6640	981,4	980,5	980,0		
772,0666	0,6606	981,3	980,5	980,1		
772,1499	0,6589	981,3	980,5	980,1		
772,2333	0,6556	981,3	980,4	980,0		
772,3166	0,6598	981,4	980,5	980,1		
772,3999	0,6560	981,3	980,4	980,0		
772,4833	0,6627	981,3	980,5	980,1		
772,5666	0,6615	981,3	980,5	980,1		
772,6499	0,6543	981,4	980,5	980,1		
772,7333	0,6573	981,3	980,5	980,0		
772,8166	0,6673	981,3	980,4	980,0		
772,8999	0,6585	981,5	980,5	980,1		
772,9833	0,6657	981,4	980,5	980,0		
773,0666	0,6577	981,3	980,4	980,0		
773,1499	0,6610	981,4	980,5	980,1		
773,2333	0,6665	981,4	980,5	980,1		
773,3166	0,6602	981,3	980,4	980,0		
773,3999	0,6560	981,4	980,5	980,1		
773,4833	0,6531	981,5	980,5	980,0		
773,5666	0,6657	981,3	980,4	980,0		
773,6499	0,6556	981,3	980,5	980,1		
773,7333	0,6627	981,3	980,5	980,1		
773,8166	0,6631	981,3	980,4	980,0		
773,8999	0,6569	981,3	980,5	980,1		
773,9833	0,6673	981,3	980,5	980,1		
774,0666	0,6518	981,4	980,5	980,1		
774,1499	0,6539	981,4	980,5	980,1		
774,2333	0,6623	981,4	980,5	980,1		
774,3166	0,6598	981,3	980,5	980,1		
774,3999	0,6610	981,4	980,5	980,1		
774,4833	0,6631	981,4	980,6	980,2		
774,5666	0,6606	981,3	980,4	980,0		
774,6499	0,6598	981,4	980,5	980,1		
774,7333	0,6560	981,4	980,4	980,1		
774,8166	0,6623	981,3	980,5	980,1		
774,8999	0,6598	981,4	980,5	980,1		
774,9833	0,6589	981,3	980,4	980,0		
775,0666	0,6610	981,3	980,5	980,1		
775,1499	0,6636	981,4	980,4	980,1		
775,2333	0,6577	981,4	980,5	980,1		
775,3166	0,6594	981,4	980,5	980,1		
775,3999	0,6602	981,4	980,5	980,1		
775,4833	0,6627	981,3	980,4	980,0		
775,5666	0,6648	981,4	980,5	980,1		
775,6499	0,6589	981,4	980,5	980,1		
775,7333	0,6652	981,3	980,5	980,1		
775,8166	0,6665	981,4	980,5	980,1		
775,8999	0,6644	981,4	980,6	980,1		
775,9833	0,6569	981,4	980,4	980,0		
776,0666	0,6577	981,4	980,4	980,0		
776,1499	0,6640	981,4	980,6	980,1		
776,2333	0,6594	981,4	980,5	980,0		
776,3166	0,6594	981,4	980,5	980,1		
776,3999	0,6619	981,4	980,5	980,0		
776,4833	0,6673	981,3	980,4	980,0		
776,5666	0,6594	981,3	980,4	980,1		
776,6499	0,6598	981,4	980,5	980,1		
776,7333	0,6594	981,4	980,4	980,0		
776,8166	0,6631	981,3	980,5	980,0		
776,8999	0,6690	981,4	980,5	980,1		
776,9833	0,6573	981,3	980,4	980,1		
777,0666	0,6585	981,3	980,4	980,0		
777,1499	0,6539	981,4	980,5	980,0		
777,2333	0,6585	981,3	980,5	980,0		
777,3166	0,6636	981,4	980,5	980,0		
777,3999	0,6585	981,3	980,4	980,0		
777,4833	0,6573	981,3	980,5	980,1		
777,5666	0,6589	981,4	980,5	980,1		
777,6499	0,6569	981,4	980,5	980,1		
777,7333	0,6623	981,4	980,5	980,1		
777,8166	0,6627	981,4	980,5	980,1		
777,8999	0,6615	981,3	980,5	980,0		
777,9833	0,6665	981,4	980,4	980,1		
778,0666	0,6661	981,4	980,5	980,1		
778,1499	0,6623	981,4	980,5	980,1		
778,2333	0,6598	981,3	980,4	980,1		
778,3166	0,6615	981,4	980,5	980,1		
778,3999	0,6615	981,3	980,4	980,0		
778,4833	0,6648	981,3	980,4	980,0		
778,5666	0,6606	981,4	980,5	980,1		
778,6499	0,6594	981,3	980,5	980,1		
778,7333	0,6682	981,3	980,5	980,1		
778,8166	0,6581	981,4	980,6	980,3		
778,8999	0,6585	981,4	980,5	980,0		
778,9833	0,6560	981,4	980,5	980,0		
779,0666	0,6548	981,4	980,5	980,0		
779,1499	0,6610	981,4	980,5	980,1		
779,2333	0,6594	981,3	980,5	980,0		
779,3166	0,6644	981,3	980,5	980,0		
779,3999	0,6585	981,3	980,5	980,2		
779,4833	0,6657	981,3	980,5	980,0		
779,5666	0,6652	981,4	980,5	980,0		
779,6499	0,6652	981,4	980,5	980,2		
779,7333	0,6589	981,3	980,4	980,1		
779,8166	0,6640	981,4	980,5	980,1		
779,8999	0,6594	981,3	980,5	980,1		
779,9833	0,6648	981,4	980,5	980,1		
780,0666	0,6573	981,4	980,5	980,0		
780,1499	0,6669	981,4	980,5	980,1		
780,2333	0,6636	981,3	980,5	980,1		
780,3166	0,6631	981,3	980,5	980,0		
780,3999	0,6665	981,3	980,4	980,0		
780,4833	0,6606	981,3	980,4	980,0		
780,5666	0,6644	981,4	980,5	980,1		
780,6499	0,6543	981,3	980,5	980,1		
780,7333	0,6631	981,4	980,5	980,1		
780,8166	0,6682	981,4	980,5	980,2		
780,8999	0,6602	981,4	980,5	980,0		
780,9833	0,6602	981,4	980,5	980,1		
781,0666	0,6661	981,4	980,5	980,0		
781,1499	0,6589	981,3	980,5	980,0		
781,2333	0,6640	981,3	980,5	980,0		
781,3166	0,6640	981,3	980,5	980,1		
781,3999	0,6728	981,3	980,5	980,1		
781,4833	0,6589	981,4	980,5	980,2		
781,5666	0,6610	981,4	980,5	980,2		
781,6499	0,6598	981,4	980,5	980,1		
781,7333	0,6615	981,4	980,4	980,0		
781,8166	0,6682	981,4	980,5	980,1		
781,8999	0,6627	981,4	980,4	980,0		
781,9833	0,6644	981,4	980,5	980,0		
782,0666	0,6577	981,4	980,5	980,1		
782,1499	0,6577	981,4	980,5	980,0		
782,2333	0,6627	981,4	980,5	980,0		
782,3166	0,6753	981,5	980,6	980,2		
782,3999	0,6682	981,4	980,5	980,0		
782,4833	0,6631	981,5	980,5	980,0		
782,5666	0,6669	981,3	980,4	980,1		
782,6499	0,6703	981,4	980,5	980,1		
782,7333	0,6699	981,3	980,5	980,1		
782,8166	0,6652	981,4	980,5	980,1		
782,8999	0,6657	981,4	980,6	980,3		
782,9833	0,6682	981,4	980,6	980,2		
783,0666	0,6615	981,4	980,6	980,1		
783,1499	0,6644	981,4	980,5	980,1		
783,2333	0,6657	981,4	980,5	980,1		
783,3166	0,6543	981,4	980,5	980,1		
783,3999	0,6606	981,5	980,7	980,1		
783,4833	0,6652	981,4	980,5	980,1		
783,5666	0,6636	981,5	980,5	980,1		
783,6499	0,6610	981,4	980,5	980,0		
783,7333	0,6615	981,4	980,5	980,0		
783,8166	0,6690	981,4	980,5	980,1		
783,8999	0,6652	981,4	980,5	980,1		
783,9833	0,6652	981,3	980,5	980,1		
784,0666	0,6690	981,5	980,6	980,1		
784,1499	0,6711	981,4	980,5	980,1		
784,2333	0,6657	981,4	980,5	980,1		
784,3166	0,6657	981,4	980,5	980,0		
784,3999	0,6640	981,4	980,5	980,1		
784,4833	0,6610	981,4	980,5	980,1		
784,5666	0,6669	981,4	980,5	980,1		
784,6499	0,6640	981,4	980,5	980,1		
784,7333	0,6774	981,4	980,5	980,1		
784,8166	0,6669	981,4	980,5	980,2		
784,8999	0,6699	981,4	980,5	980,1		
784,9833	0,6665	981,4	980,5	980,1		
785,0666	0,6682	981,4	980,5	980,1		
785,1499	0,6678	981,5	980,5	980,1		
785,2333	0,6678	981,4	980,5	980,0		
785,3166	0,6665	981,4	980,6	980,0		
785,3999	0,6715	981,4	980,5	980,0		
785,4833	0,6690	981,5	980,6	980,2		
785,5666	0,6648	981,4	980,5	980,1		
785,6499	0,6669	981,4	980,4	980,1		
785,7333	0,6736	981,4	980,5	980,1		
785,8166	0,6652	981,4	980,5	980,1		
785,8999	0,6686	981,4	980,5	980,2		
785,9833	0,6640	981,3	980,5	980,1		
786,0666	0,6728	981,4	980,5	980,1		
786,1499	0,6606	981,5	980,5	980,1		
786,2333	0,6657	981,5	980,5	980,1		
786,3166	0,6682	981,4	980,5	980,1		
786,3999	0,6648	981,4	980,5	980,1		
786,4833	0,6636	981,4	980,5	980,1		
786,5666	0,6736	981,4	980,5	980,1		
786,6499	0,6669	981,4	980,5	980,1		
786,7333	0,6606	981,4	980,5	980,1		
786,8166	0,6669	981,4	980,5	980,1		
786,8999	0,6736	981,4	980,5	980,1		
786,9833	0,6644	981,5	980,6	980,2		
787,0666	0,6673	981,5	980,5	980,1		
787,1499	0,6648	981,4	980,5	980,0		
787,2333	0,6699	981,4	980,5	980,1		
787,3166	0,6715	981,4	980,5	980,2		
787,3999	0,6636	981,4	980,5	980,2		
787,4833	0,6678	981,4	980,5	980,1		
787,5666	0,6678	981,3	980,5	980,1		
787,6499	0,6652	981,4	980,5	980,1		
787,7333	0,6598	981,5	980,6	980,1		
787,8166	0,6665	981,3	980,4	980,0		
787,8999	0,6720	981,4	980,5	980,1		
787,9833	0,6682	981,4	980,5	980,1		
788,0666	0,6715	981,4	980,5	980,0		
788,1499	0,6673	981,3	980,5	980,1		
788,2333	0,6665	981,3	980,5	980,2		
788,3166	0,6711	981,4	980,5	980,0		
788,3999	0,6699	981,4	980,6	980,2		
788,4833	0,6699	981,4	980,5	980,2		
788,5666	0,6690	981,4	980,5	980,1		
788,6499	0,6602	981,4	980,5	980,1		
788,7333	0,6652	981,4	980,5	980,0		
788,8166	0,6711	981,5	980,6	980,1		
788,8999	0,6669	981,4	980,6	980,2		
788,9833	0,6669	981,4	980,5	980,1		
789,0666	0,6669	981,4	980,5	980,2		
789,1499	0,6606	981,4	980,5	980,1		
789,2333	0,6631	981,4	980,4	980,1		
789,3166	0,6803	981,4	980,5	980,2		
789,3999	0,6678	981,4	980,5	980,2		
789,4833	0,6736	981,4	980,6	980,2		
789,5666	0,6703	981,4	980,4	980,0		
789,6499	0,6703	981,4	980,5	980,1		
789,7333	0,6636	981,5	980,5	980,2		
789,8166	0,6661	981,4	980,5	980,0		
789,8999	0,6648	981,4	980,5	980,1		
789,9833	0,6665	981,3	980,4	980,1		
790,0666	0,6678	981,3	980,5	980,0		
790,1499	0,6648	981,3	980,5	980,0		
790,2333	0,6657	981,4	980,5	980,1		
790,3166	0,6694	981,4	980,5	980,1		
790,3999	0,6678	981,4	980,5	980,0		
790,4833	0,6652	981,4	980,4	980,1		
790,5666	0,6640	981,5	980,4	980,1		
790,6499	0,6707	981,4	980,5	980,1		
790,7333	0,6699	981,4	980,5	980,1		
790,8166	0,6694	981,5	980,5	980,2		
790,8999	0,6678	981,4	980,5	980,1		
790,9833	0,6740	981,4	980,5	980,1		
791,0666	0,6715	981,3	980,5	980,0		
791,1499	0,6694	981,3	980,5	980,1		
791,2333	0,6652	981,4	980,5	980,1		
791,3166	0,6728	981,3	980,5	980,1		
791,3999	0,6678	981,5	980,5	980,1		
791,4833	0,6740	981,4	980,5	980,0		
791,5666	0,6728	981,4	980,5	980,1		
791,6499	0,6661	981,4	980,5	980,1		
791,7333	0,6673	981,4	980,5	980,1		
791,8166	0,6753	981,4	980,5	980,1		
791,8999	0,6720	981,3	980,5	980,1		
791,9833	0,6732	981,4	980,5	980,1		
792,0666	0,6715	981,5	980,5	980,2		
792,1499	0,6715	981,4	980,6	980,1		
792,2333	0,6745	981,4	980,5	980,1		
792,3166	0,6732	981,4	980,5	980,1		
792,3999	0,6644	981,4	980,5	980,0		
792,4833	0,6686	981,5	980,5	980,2		
792,5666	0,6707	981,4	980,4	980,0		
792,6499	0,6657	981,4	980,5	980,1		
792,7333	0,6694	981,4	980,5	980,2		
792,8166	0,6711	981,3	980,5	980,1		
792,8999	0,6711	981,4	980,5	980,1		
792,9833	0,6720	981,4	980,6	980,2		
793,0666	0,6757	981,4	980,5	980,1		
793,1499	0,6682	981,4	980,5	980,1		
793,2333	0,6703	981,4	980,5	980,1		
793,3166	0,6673	981,5	980,6	980,2		
793,3999	0,6598	981,5	980,5	980,1		
793,4833	0,6669	981,4	980,5	980,1		
793,5666	0,6745	981,4	980,5	980,2		
793,6499	0,6657	981,4	980,5	980,1		
793,7333	0,6778	981,4	980,5	980,1		
793,8166	0,6690	981,4	980,5	980,1		
793,8999	0,6761	981,4	980,6	980,2		
793,9833	0,6782	981,4	980,5	980,1		
794,0666	0,6753	981,4	980,5	980,2		
794,1499	0,6761	981,4	980,5	980,2		
794,2333	0,6766	981,4	980,5	980,1		
794,3166	0,6657	981,4	980,5	980,1		
794,3999	0,6715	981,4	980,5	980,2		
794,4833	0,6661	981,4	980,5	980,1		
794,5666	0,6669	981,4	980,6	980,2		
794,6499	0,6703	981,4	980,6	980,2		
794,7333	0,6657	981,4	980,5	980,1		
794,8166	0,6699	981,4	980,5	980,2		
794,8999	0,6682	981,5	980,6	980,2		
794,9833	0,6720	981,4	980,5	980,1		
795,0666	0,6631	981,4	980,5	980,1		
795,1499	0,6720	981,5	980,6	980,2		
795,2333	0,6749	981,5	980,5	980,0		
795,3166	0,6657	981,5	980,5	980,1		
795,3999	0,6715	981,4	980,5	980,1		
795,4833	0,6757	981,5	980,5	980,2		
795,5666	0,6707	981,5	980,6	980,2		
795,6499	0,6644	981,4	980,5	980,1		
795,7333	0,6728	981,5	980,6	980,1		
795,8166	0,6774	981,4	980,5	980,1		
795,8999	0,6740	981,5	980,6	980,1		
795,9833	0,6774	981,5	980,6	980,2		
796,0666	0,6791	981,5	980,5	980,1		
796,1499	0,6682	981,5	980,5	980,2		
796,2333	0,6770	981,5	980,6	980,1		
796,3166	0,6690	981,4	980,6	980,2		
796,3999	0,6732	981,4	980,5	980,1		
796,4833	0,6745	981,4	980,5	980,2		
796,5666	0,6728	981,5	980,6	980,2		
796,6499	0,6707	981,4	980,5	980,1		
796,7333	0,6694	981,4	980,5	980,1		
796,8166	0,6694	981,4	980,5	980,1		
796,8999	0,6757	981,4	980,6	980,2		
796,9833	0,6728	981,4	980,5	980,2		
797,0666	0,6711	981,6	980,6	980,2		
797,1499	0,6690	981,4	980,5	980,1		
797,2333	0,6652	981,4	980,5	980,0		
797,3166	0,6707	981,5	980,6	980,1		
797,3999	0,6715	981,5	980,6	980,2		
797,4833	0,6720	981,4	980,6	980,2		
797,5666	0,6699	981,4	980,5	980,1		
797,6499	0,6720	981,5	980,7	980,3		
797,7333	0,6686	981,5	980,6	980,1		
797,8166	0,6724	981,4	980,5	980,1		
797,8999	0,6728	981,6	980,6	980,2		
797,9833	0,6757	981,5	980,5	980,1		
798,0666	0,6665	981,5	980,5	980,1		
798,1499	0,6736	981,5	980,5	980,1		
798,2333	0,6749	981,5	980,5	980,2		
798,3166	0,6766	981,4	980,6	980,2		
798,3999	0,6757	981,4	980,5	980,0		
798,4833	0,6766	981,5	980,5	980,1		
798,5666	0,6803	981,5	980,6	980,1		
798,6499	0,6694	981,4	980,5	980,1		
798,7333	0,6661	981,5	980,6	980,2		
798,8166	0,6795	981,5	980,6	980,1		
798,8999	0,6703	981,5	980,7	980,3		
798,9833	0,6740	981,4	980,5	980,1		
799,0666	0,6720	981,4	980,6	980,1		
799,1499	0,6740	981,5	980,6	980,3		
799,2333	0,6724	981,4	980,5	980,1		
799,3166	0,6732	981,4	980,6	980,3		
799,3999	0,6669	981,5	980,6	980,2		
799,4833	0,6761	981,6	980,6	980,2		
799,5666	0,6715	981,5	980,6	980,1		
799,6499	0,6740	981,5	980,6	980,2		
799,7333	0,6774	981,5	980,6	980,1		
799,8166	0,6707	981,5	980,6	980,2		
799,8999	0,6694	981,4	980,6	980,2		
799,9833	0,6686	981,4	980,6	980,1		
800,0666	0,6678	981,5	980,6	980,3		
800,1499	0,6766	981,4	980,7	980,3		
800,2333	0,6782	981,4	980,5	980,2		
800,3166	0,6707	981,5	980,6	980,2		
800,3999	0,6682	981,4	980,6	980,2		
800,4833	0,6669	981,5	980,6	980,2		
800,5666	0,6753	981,6	980,6	980,1		
800,6499	0,6745	981,5	980,6	980,1		
800,7333	0,6766	981,5	980,6	980,2		
800,8166	0,6669	981,5	980,6	980,2		
800,8999	0,6707	981,5	980,6	980,2		
800,9833	0,6703	981,5	980,6	980,2		
801,0666	0,6841	981,5	980,6	980,2		
801,1499	0,6699	981,4	980,5	980,1		
801,2333	0,6787	981,5	980,6	980,2		
801,3166	0,6766	981,5	980,5	980,1		
801,3999	0,6728	981,5	980,6	980,1		
801,4833	0,6774	981,5	980,6	980,2		
801,5666	0,6824	981,5	980,5	980,1		
801,6499	0,6707	981,4	980,5	980,1		
801,7333	0,6665	981,5	980,6	980,2		
801,8166	0,6665	981,5	980,6	980,1		
801,8999	0,6728	981,5	980,6	980,1		
801,9833	0,6757	981,5	980,6	980,1		
802,0666	0,6720	981,5	980,6	980,2		
802,1499	0,6724	981,5	980,6	980,2		
802,2333	0,6724	981,4	980,5	980,1		
802,3166	0,6829	981,5	980,5	980,0		
802,3999	0,6707	981,5	980,6	980,2		
802,4833	0,6812	981,3	980,4	979,9		
802,5666	0,6686	981,5	980,6	980,2		
802,6499	0,6740	981,4	980,5	980,1		
802,7333	0,6753	981,5	980,6	980,2		
802,8166	0,6724	981,4	980,6	980,2		
802,8999	0,6678	981,5	980,6	980,2		
802,9833	0,6757	981,4	980,5	980,2		
803,0666	0,6745	981,6	980,6	980,2		
803,1499	0,6728	981,4	980,6	980,1		
803,2333	0,6686	981,4	980,5	980,1		
803,3166	0,6749	981,4	980,6	980,2		
803,3999	0,6669	981,5	980,5	980,1		
803,4833	0,6699	981,5	980,5	980,2		
803,5666	0,6740	981,5	980,6	980,3		
803,6499	0,6736	981,5	980,6	980,2		
803,7333	0,6766	981,4	980,5	980,0		
803,8166	0,6778	981,5	980,6	980,2		
803,8999	0,6732	981,5	980,6	980,2		
803,9833	0,6766	981,6	980,6	980,1		
804,0666	0,6707	981,5	980,6	980,2		
804,1499	0,6761	981,5	980,5	980,1		
804,2333	0,6728	981,4	980,6	980,1		
804,3166	0,6782	981,4	980,5	980,2		
804,3999	0,6715	981,4	980,5	980,1		
804,4833	0,6787	981,4	980,5	980,2		
804,5666	0,6803	981,4	980,5	980,1		
804,6499	0,6720	981,5	980,6	980,2		
804,7333	0,6745	981,5	980,6	980,2		
804,8166	0,6795	981,5	980,5	980,1		
804,8999	0,6753	981,4	980,5	980,1		
804,9833	0,6753	981,4	980,5	980,1		
805,0666	0,6740	981,4	980,5	980,1		
805,1499	0,6753	981,4	980,5	980,2		
805,2333	0,6728	981,5	980,6	980,2		
805,3166	0,6761	981,5	980,5	980,1		
805,3999	0,6778	981,4	980,5	980,2		
805,4833	0,6740	981,5	980,6	980,2		
805,5666	0,6736	981,6	980,6	980,2		
805,6499	0,6707	981,5	980,5	980,1		
805,7333	0,6757	981,5	980,5	980,1		
805,8166	0,6728	981,5	980,6	980,2		
805,8999	0,6824	981,4	980,5	980,1		
805,9833	0,6782	981,5	980,6	980,2		
806,0666	0,6740	981,4	980,5	980,1		
806,1499	0,6837	981,4	980,6	980,2		
806,2333	0,6694	981,4	980,5	980,1		
806,3166	0,6812	981,5	980,6	980,2		
806,3999	0,6782	981,5	980,5	980,1		
806,4833	0,6782	981,5	980,5	980,1		
806,5666	0,6749	981,5	980,6	980,2		
806,6499	0,6757	981,4	980,6	980,2		
806,7333	0,6732	981,5	980,6	980,2		
806,8166	0,6694	981,4	980,5	980,1		
806,8999	0,6728	981,4	980,5	980,1		
806,9833	0,6757	981,4	980,5	980,1		
807,0666	0,6728	981,4	980,5	980,1		
807,1499	0,6816	981,5	980,5	980,1		
807,2333	0,6778	981,5	980,5	980,2		
807,3166	0,6707	981,5	980,6	980,1		
807,3999	0,6791	981,4	980,5	980,1		
807,4833	0,6812	981,4	980,6	980,1		
807,5666	0,6736	981,4	980,5	980,1		
807,6499	0,6728	981,5	980,6	980,1		
807,7333	0,6707	981,5	980,6	980,1		
807,8166	0,6724	981,4	980,6	980,1		
807,8999	0,6720	981,4	980,6	980,2		
807,9833	0,6745	981,5	980,5	980,2		
808,0666	0,6652	981,4	980,6	980,2		
808,1499	0,6745	981,6	980,6	980,2		
808,2333	0,6787	981,4	980,5	980,1		
808,3166	0,6745	981,4	980,5	980,1		
808,3999	0,6782	981,5	980,5	980,1		
808,4833	0,6745	981,4	980,6	980,2		
808,5666	0,6740	981,4	980,5	980,1		
808,6499	0,6745	981,4	980,5	980,1		
808,7333	0,6703	981,5	980,5	980,1		
808,8166	0,6820	981,4	980,5	980,2		
808,8999	0,6707	981,5	980,6	980,2		
808,9833	0,6766	981,4	980,5	980,0		
809,0666	0,6766	981,5	980,5	980,1		
809,1499	0,6724	981,4	980,5	980,1		
809,2333	0,6736	981,4	980,5	980,2		
809,3166	0,6745	981,4	980,4	980,1		
809,3999	0,6761	981,5	980,5	980,1		
809,4833	0,6795	981,5	980,5	980,1		
809,5666	0,6740	981,4	980,5	980,1		
809,6499	0,6757	981,4	980,5	980,1		
809,7333	0,6715	981,4	980,5	980,1		
809,8166	0,6740	981,4	980,5	980,0		
809,8999	0,6770	981,4	980,4	980,1		
809,9833	0,6787	981,4	980,4	979,9		
810,0666	0,6728	981,5	980,6	980,1		
810,1499	0,6715	981,4	980,5	980,2		
810,2333	0,6770	981,5	980,5	980,1		
810,3166	0,6745	981,4	980,5	980,1		
810,3999	0,6753	981,4	980,5	980,1		
810,4833	0,6761	981,4	980,5	980,1		
810,5666	0,6761	981,5	980,6	980,1		
810,6499	0,6770	981,5	980,6	980,1		
810,7333	0,6669	981,5	980,6	980,2		
810,8166	0,6711	981,5	980,5	980,1		
810,8999	0,6795	981,5	980,5	980,1		
810,9833	0,6761	981,5	980,6	980,2		
811,0666	0,6724	981,4	980,5	980,1		
811,1499	0,6799	981,5	980,5	980,1		
811,2333	0,6782	981,4	980,5	980,1		
811,3166	0,6778	981,4	980,5	980,1		
811,3999	0,6757	981,4	980,5	980,2		
811,4833	0,6749	981,4	980,5	980,1		
811,5666	0,6757	981,5	980,5	980,2		
811,6499	0,6703	981,5	980,5	980,1		
811,7333	0,6824	981,4	980,5	980,0		
811,8166	0,6686	981,5	980,6	980,1		
811,8999	0,6732	981,5	980,6	980,0		
811,9833	0,6799	981,5	980,5	980,1		
812,0666	0,6820	981,5	980,6	980,1		
812,1499	0,6774	981,5	980,6	980,1		
812,2333	0,6782	981,4	980,5	980,1		
812,3166	0,6711	981,4	980,5	980,0		
812,3999	0,6829	981,5	980,5	980,2		
812,4833	0,6795	981,5	980,5	980,0		
812,5666	0,6824	981,5	980,5	980,1		
812,6499	0,6845	981,5	980,5	980,1		
812,7333	0,6799	981,5	980,6	980,3		
812,8166	0,6766	981,5	980,5	980,1		
812,8999	0,6774	981,5	980,6	980,2		
812,9833	0,6791	981,5	980,5	980,1		
813,0666	0,6732	981,4	980,5	980,0		
813,1499	0,6740	981,4	980,5	980,1		
813,2333	0,6757	981,4	980,5	980,1		
813,3166	0,6799	981,5	980,6	980,2		
813,3999	0,6761	981,5	980,6	980,2		
813,4833	0,6824	981,5	980,6	980,1		
813,5666	0,6795	981,4	980,5	980,0		
813,6499	0,6787	981,4	980,5	980,1		
813,7333	0,6761	981,5	980,6	980,2		
813,8166	0,6757	981,5	980,6	980,2		
813,8999	0,6749	981,5	980,5	980,1		
813,9833	0,6745	981,5	980,6	980,1		
814,0666	0,6770	981,4	980,5	980,0		
814,1499	0,6740	981,5	980,6	980,2		
814,2333	0,6703	981,5	980,6	980,2		
814,3166	0,6678	981,5	980,5	980,1		
814,3999	0,6753	981,5	980,6	980,2		
814,4833	0,6774	981,4	980,4	979,9		
814,5666	0,6795	981,5	980,5	980,1		
814,6499	0,6799	981,5	980,5	980,2		
814,7333	0,6703	981,5	980,5	980,1		
814,8166	0,6782	981,6	980,6	980,2		
814,8999	0,6829	981,4	980,5	980,1		
814,9833	0,6816	981,5	980,5	980,1		
815,0666	0,6766	981,5	980,6	980,1		
815,1499	0,6812	981,5	980,6	980,1		
815,2333	0,6803	981,5	980,5	980,1		
815,3166	0,6816	981,5	980,5	980,2		
815,3999	0,6740	981,5	980,6	980,1		
815,4833	0,6795	981,5	980,6	980,1		
815,5666	0,6766	981,5	980,5	980,1		
815,6499	0,6724	981,6	980,6	980,1		
815,7333	0,6770	981,5	980,5	980,1		
815,8166	0,6720	981,4	980,5	980,1		
815,8999	0,6862	981,4	980,5	980,1		
815,9833	0,6803	981,3	980,5	980,1		
816,0666	0,6740	981,4	980,5	980,1		
816,1499	0,6896	981,4	980,5	980,0		
816,2333	0,6812	981,5	980,5	980,1		
816,3166	0,6707	981,5	980,6	980,2		
816,3999	0,6736	981,5	980,5	980,1		
816,4833	0,6757	981,4	980,5	980,0		
816,5666	0,6782	981,4	980,5	980,1		
816,6499	0,6745	981,5	980,5	980,1		
816,7333	0,6854	981,5	980,5	980,1		
816,8166	0,6782	981,5	980,5	980,1		
816,8999	0,6795	981,4	980,5	980,2		
816,9833	0,6740	981,5	980,5	980,1		
817,0666	0,6795	981,5	980,6	980,1		
817,1499	0,6766	981,4	980,5	980,1		
817,2333	0,6837	981,5	980,6	980,2		
817,3166	0,6833	981,5	980,6	980,2		
817,3999	0,6829	981,5	980,5	980,0		
817,4833	0,6799	981,5	980,7	980,3		
817,5666	0,6753	981,5	980,6	980,1		
817,6499	0,6795	981,5	980,5	980,1		
817,7333	0,6808	981,4	980,5	980,1		
817,8166	0,6782	981,5	980,6	980,1		
817,8999	0,6766	981,5	980,5	980,1		
817,9833	0,6774	981,5	980,5	980,1		
818,0666	0,6850	981,5	980,6	980,1		
818,1499	0,6736	981,5	980,5	980,1		
818,2333	0,6720	981,5	980,6	980,2		
818,3166	0,6782	981,4	980,5	980,2		
818,3999	0,6808	981,4	980,6	980,1		
818,4833	0,6782	981,4	980,6	980,1		
818,5666	0,6770	981,4	980,5	980,0		
818,6499	0,6770	981,4	980,5	980,1		
818,7333	0,6900	981,4	980,5	980,1		
818,8166	0,6820	981,5	980,5	980,1		
818,8999	0,6711	981,5	980,5	980,1		
818,9833	0,6787	981,4	980,5	980,0		
819,0666	0,6753	981,5	980,5	980,1		
819,1499	0,6803	981,5	980,5	980,2		
819,2333	0,6699	981,4	980,6	980,1		
819,3166	0,6778	981,5	980,6	980,3		
819,3999	0,6808	981,5	980,7	980,2		
819,4833	0,6728	981,4	980,4	980,0		
819,5666	0,6795	981,5	980,6	980,3		
819,6499	0,6774	981,6	980,6	980,2		
819,7333	0,6745	981,5	980,5	980,1		
819,8166	0,6803	981,4	980,5	980,1		
819,8999	0,6782	981,4	980,5	980,1		
819,9833	0,6766	981,4	980,5	980,1		
820,0666	0,6824	981,4	980,5	980,1		
820,1499	0,6829	981,5	980,5	980,1		
820,2333	0,6787	981,5	980,5	980,0		
820,3166	0,6841	981,5	980,6	980,3		
820,3999	0,6829	981,5	980,5	980,1		
820,4833	0,6837	981,6	980,6	980,2		
820,5666	0,6803	981,6	980,6	980,1		
820,6499	0,6749	981,4	980,5	980,1		
820,7333	0,6787	981,4	980,5	980,1		
820,8166	0,6875	981,5	980,5	980,1		
820,8999	0,6799	981,5	980,6	980,1		
820,9833	0,6766	981,5	980,5	980,1		
821,0666	0,6753	981,4	980,5	980,1		
821,1499	0,6791	981,4	980,5	980,1		
821,2333	0,6770	981,5	980,5	980,2		
821,3166	0,6732	981,4	980,4	980,1		
821,3999	0,6766	981,5	980,5	980,0		
821,4833	0,6761	981,4	980,5	980,0		
821,5666	0,6753	981,4	980,6	980,1		
821,6499	0,6862	981,5	980,5	980,2		
821,7333	0,6812	981,4	980,4	979,9		
821,8166	0,6795	981,4	980,5	980,1		
821,8999	0,6900	981,5	980,6	980,2		
821,9833	0,6858	981,5	980,5	980,1		
822,0666	0,6879	981,4	980,5	980,1		
822,1499	0,6799	981,5	980,5	980,2		
822,2333	0,6724	981,5	980,5	980,1		
822,3166	0,6871	981,5	980,5	980,1		
822,3999	0,6829	981,6	980,6	980,1		
822,4833	0,6841	981,4	980,5	980,1		
822,5666	0,6782	981,4	980,5	980,1		
822,6499	0,6774	981,5	980,5	980,1		
822,7333	0,6791	981,4	980,5	980,1		
822,8166	0,6766	981,5	980,5	980,1		
822,8999	0,6766	981,5	980,5	980,1		
822,9833	0,6841	981,5	980,6	980,2		
823,0666	0,6782	981,5	980,5	980,1		
823,1499	0,6808	981,4	980,5	980,1		
823,2333	0,6816	981,5	980,5	980,1		
823,3166	0,6724	981,7	980,7	980,3		
823,3999	0,6757	981,5	980,5	980,0		
823,4833	0,6736	981,4	980,4	980,0		
823,5666	0,6841	981,6	980,5	980,1		
823,6499	0,6845	981,5	980,5	980,1		
823,7333	0,6820	981,5	980,6	980,1		
823,8166	0,6757	981,6	980,6	980,1		
823,8999	0,6795	981,5	980,5	980,1		
823,9833	0,6837	981,4	980,5	980,1		
824,0666	0,6787	981,5	980,5	980,0		
824,1499	0,6837	981,4	980,5	980,1		
824,2333	0,6799	981,5	980,5	980,1		
824,3166	0,6816	981,5	980,5	980,0		
824,3999	0,6799	981,5	980,5	980,0		
824,4833	0,6791	981,5	980,5	980,1		
824,5666	0,6850	981,4	980,6	980,1		
824,6499	0,6850	981,5	980,6	980,1		
824,7333	0,6875	981,5	980,6	980,1		
824,8166	0,6770	981,4	980,6	980,1		
824,8999	0,6938	981,5	980,5	980,1		
824,9833	0,6824	981,5	980,5	980,1		
825,0666	0,6808	981,4	980,6	980,2		
825,1499	0,6917	981,5	980,5	980,1		
825,2333	0,6854	981,5	980,5	980,0		
825,3166	0,6795	981,5	980,5	980,0		
825,3999	0,6816	981,4	980,5	980,0		
825,4833	0,6799	981,4	980,5	980,0		
825,5666	0,6791	981,5	980,5	980,1		
825,6499	0,6812	981,5	980,6	980,2		
825,7333	0,6808	981,4	980,5	980,1		
825,8166	0,6837	981,5	980,5	980,2		
825,8999	0,6757	981,4	980,5	980,1		
825,9833	0,6795	981,5	980,6	980,1		
826,0666	0,6808	981,5	980,5	980,1		
826,1499	0,6736	981,5	980,5	980,1		
826,2333	0,6816	981,5	980,5	980,1		
826,3166	0,6887	981,5	980,5	980,1		
826,3999	0,6845	981,4	980,4	980,0		
826,4833	0,6816	981,4	980,5	980,1		
826,5666	0,6749	981,4	980,5	980,1		
826,6499	0,6749	981,4	980,5	980,1		
826,7333	0,6812	981,4	980,5	980,2		
826,8166	0,6808	981,5	980,5	980,1		
826,9000	0,6837	981,4	980,5	980,1		
826,9833	0,6837	981,5	980,5	980,1		
827,0666	0,6799	981,4	980,4	980,1		
827,1500	0,6820	981,5	980,5	980,0		
827,2333	0,6866	981,5	980,5	980,1		
827,3166	0,6829	981,5	980,6	980,1		
827,4000	0,6862	981,5	980,5	980,1		
827,4833	0,6812	981,4	980,5	980,1		
827,5666	0,6866	981,5	980,5	980,1		
827,6500	0,6808	981,5	980,5	980,1		
827,7333	0,6791	981,4	980,5	980,1		
827,8166	0,6820	981,5	980,6	980,1		
827,9000	0,6841	981,4	980,5	980,1		
827,9833	0,6812	981,6	980,5	980,1		
828,0666	0,6837	981,5	980,6	980,2		
828,1500	0,6812	981,4	980,5	980,1		
828,2333	0,6862	981,4	980,6	980,1		
828,3166	0,6803	981,5	980,5	980,0		
828,4000	0,6782	981,5	980,5	980,1		
828,4833	0,6774	981,4	980,5	980,1		
828,5666	0,6795	981,5	980,5	980,1		
828,6500	0,6871	981,6	980,6	980,2		
828,7333	0,6736	981,4	980,5	980,1		
828,8166	0,6774	981,5	980,6	980,2		
828,9000	0,6837	981,4	980,5	980,1		
828,9833	0,6854	981,4	980,5	980,1		
829,0666	0,6761	981,5	980,5	980,1		
829,1500	0,6816	981,4	980,4	980,0		
829,2333	0,6841	981,5	980,5	980,1		
829,3166	0,6841	981,5	980,6	980,1		
829,4000	0,6837	981,5	980,5	980,0		
829,4833	0,6799	981,4	980,5	980,0		
829,5666	0,6795	981,5	980,6	980,1		
829,6500	0,6883	981,5	980,6	980,2		
829,7333	0,6795	981,5	980,6	980,1		
829,8166	0,6799	981,5	980,6	980,1		
829,9000	0,6816	981,4	980,6	980,1		
829,9833	0,6833	981,5	980,5	980,1		
830,0666	0,6803	981,5	980,5	980,1		
830,1500	0,6799	981,5	980,6	980,2		
830,2333	0,6841	981,5	980,6	980,3		
830,3166	0,6749	981,4	980,5	980,0		
830,4000	0,6824	981,4	980,5	980,1		
830,4833	0,6774	981,6	980,6	980,3		
830,5666	0,6871	981,5	980,5	980,1		
830,6500	0,6887	981,4	980,5	980,2		
830,7333	0,6820	981,5	980,5	980,1		
830,8166	0,6841	981,4	980,5	980,0		
830,9000	0,6808	981,5	980,5	980,0		
830,9833	0,6774	981,6	980,7	980,3		
831,0666	0,6799	981,5	980,5	980,2		
831,1500	0,6858	981,5	980,6	980,2		
831,2333	0,6845	981,5	980,6	980,2		
831,3166	0,6829	981,4	980,5	980,0		
831,4000	0,6850	981,5	980,5	980,0		
831,4833	0,6871	981,4	980,5	980,1		
831,5666	0,6925	981,5	980,6	980,1		
831,6500	0,6816	981,4	980,5	980,1		
831,7333	0,6782	981,5	980,6	980,2		
831,8166	0,6858	981,5	980,5	980,0		
831,9000	0,6728	981,4	980,5	980,0		
831,9833	0,6787	981,4	980,5	980,0		
832,0666	0,6803	981,5	980,5	980,1		
832,1500	0,6770	981,4	980,5	980,1		
832,2333	0,6862	981,4	980,5	980,2		
832,3166	0,6845	981,5	980,5	980,1		
832,4000	0,6795	981,5	980,5	980,1		
832,4833	0,6850	981,5	980,5	980,1		
832,5666	0,6837	981,5	980,5	980,2		
832,6500	0,6770	981,4	980,4	980,1		
832,7333	0,6871	981,5	980,5	980,0		
832,8166	0,6808	981,5	980,6	980,1		
832,9000	0,6904	981,5	980,5	980,1		
832,9833	0,6791	981,5	980,5	980,0		
833,0666	0,6808	981,5	980,5	980,1		
833,1500	0,6791	981,4	980,5	980,0		
833,2333	0,6845	981,6	980,6	980,1		
833,3166	0,6795	981,5	980,6	980,2		
833,4000	0,6871	981,4	980,5	980,0		
833,4833	0,6829	981,5	980,6	980,1		
833,5666	0,6808	981,4	980,4	980,1		
833,6500	0,6812	981,5	980,5	980,1		
833,7333	0,6778	981,5	980,5	980,1		
833,8166	0,6740	981,5	980,5	980,1		
833,9000	0,6866	981,5	980,5	980,1		
833,9833	0,6829	981,4	980,5	980,0		
834,0666	0,6858	981,4	980,5	980,1		
834,1500	0,6866	981,4	980,4	980,0		
834,2333	0,6816	981,4	980,5	980,1		
834,3166	0,6833	981,5	980,5	980,0		
834,4000	0,6829	981,4	980,5	980,1		
834,4833	0,6871	981,5	980,5	980,1		
834,5666	0,6820	981,4	980,5	980,0		
834,6500	0,6845	981,5	980,6	980,1		
834,7333	0,6770	981,6	980,6	980,1		
834,8166	0,6782	981,3	980,4	980,0		
834,9000	0,6761	981,5	980,5	980,0		
834,9833	0,6816	981,5	980,5	980,1		
835,0666	0,6862	981,4	980,5	980,1		
835,1500	0,6820	981,5	980,4	980,1		
835,2333	0,6850	981,4	980,5	980,0		
835,3166	0,6845	981,5	980,5	980,1		
835,4000	0,6904	981,4	980,5	980,1		
835,4833	0,6833	981,4	980,5	980,0		
835,5666	0,6799	981,5	980,4	979,9		
835,6500	0,6803	981,5	980,5	980,1		
835,7333	0,6820	981,5	980,5	980,1		
835,8166	0,6812	981,6	980,5	980,1		
835,9000	0,6799	981,5	980,5	980,1		
835,9833	0,6850	981,4	980,4	980,0		
836,0666	0,6866	981,5	980,5	980,1		
836,1500	0,6904	981,5	980,5	980,1		
836,2333	0,6824	981,4	980,5	980,1		
836,3166	0,6824	981,5	980,6	980,1		
836,4000	0,6812	981,4	980,5	980,1		
836,4833	0,6820	981,5	980,5	980,1		
836,5666	0,6799	981,4	980,5	980,0		
836,6500	0,6774	981,5	980,5	980,1		
836,7333	0,6799	981,5	980,5	980,0		
836,8166	0,6854	981,4	980,5	980,1		
836,9000	0,6820	981,5	980,5	980,1		
836,9833	0,6883	981,5	980,5	980,1		
837,0666	0,6824	981,4	980,5	980,1		
837,1500	0,6808	981,5	980,5	980,0		
837,2333	0,6845	981,4	980,4	980,0		
837,3166	0,6862	981,4	980,5	980,2		
837,4000	0,6837	981,5	980,5	980,1		
837,4833	0,6850	981,5	980,5	980,1		
837,5666	0,6845	981,5	980,5	980,1		
837,6500	0,6829	981,5	980,6	980,2		
837,7333	0,6871	981,4	980,5	980,1		
837,8166	0,6820	981,4	980,5	980,1		
837,9000	0,6921	981,5	980,6	980,2		
837,9833	0,6904	981,4	980,5	980,1		
838,0666	0,6841	981,4	980,5	980,0		
838,1500	0,6896	981,5	980,6	980,1		
838,2333	0,6824	981,5	980,6	980,1		
838,3166	0,6904	981,4	980,5	980,0		
838,4000	0,6854	981,5	980,5	980,1		
838,4833	0,6795	981,4	980,5	980,1		
838,5666	0,6791	981,4	980,5	980,1		
838,6500	0,6841	981,5	980,5	980,1		
838,7333	0,6795	981,5	980,5	980,0		
838,8166	0,6816	981,5	980,6	980,1		
838,9000	0,6837	981,5	980,5	980,1		
838,9833	0,6787	981,5	980,5	980,1		
839,0666	0,6791	981,5	980,5	980,0		
839,1500	0,6850	981,5	980,5	980,1		
839,2333	0,6887	981,4	980,5	980,1		
839,3166	0,6837	981,4	980,5	980,1		
839,4000	0,6891	981,4	980,5	980,1		
839,4833	0,6887	981,4	980,4	980,0		
839,5666	0,6921	981,4	980,5	980,0		
839,6500	0,6841	981,4	980,5	979,9		
839,7333	0,6862	981,4	980,5	980,0		
839,8166	0,6833	981,4	980,5	980,0		
839,9000	0,6799	981,5	980,5	980,1		
839,9833	0,6883	981,4	980,5	980,1		
840,0666	0,6837	981,5	980,5	980,1		
840,1500	0,6803	981,4	980,5	980,1		
840,2333	0,6858	981,4	980,5	980,0		
840,3166	0,6841	981,4	980,5	980,1		
840,4000	0,6824	981,5	980,5	980,1		
840,4833	0,6871	981,5	980,5	980,0		
840,5666	0,6824	981,5	980,5	980,1		
840,6500	0,6854	981,5	980,5	980,1		
840,7333	0,6829	981,5	980,5	980,1		
840,8166	0,6808	981,5	980,5	980,1		
840,9000	0,6862	981,5	980,5	980,1		
840,9833	0,6850	981,5	980,5	980,1		
841,0666	0,6816	981,4	980,5	980,1		
841,1500	0,6799	981,5	980,5	980,0		
841,2333	0,6850	981,5	980,5	980,1		
841,3166	0,6866	981,5	980,5	980,1		
841,4000	0,6900	981,4	980,5	980,1		
841,4833	0,6862	981,5	980,5	980,2		
841,5666	0,6854	981,6	980,5	980,2		
841,6500	0,6774	981,4	980,5	980,0		
841,7333	0,6875	981,5	980,5	980,1		
841,8166	0,6900	981,5	980,5	980,0		
841,9000	0,6875	981,5	980,5	980,1		
841,9833	0,6896	981,4	980,5	980,2		
842,0666	0,6854	981,5	980,4	980,1		
842,1500	0,6850	981,5	980,5	980,0		
842,2333	0,6975	981,4	980,5	980,1		
842,3166	0,6858	981,5	980,5	980,2		
842,4000	0,6891	981,4	980,5	980,1		
842,4833	0,6858	981,4	980,5	980,1		
842,5666	0,6917	981,5	980,5	980,1		
842,6500	0,6858	981,5	980,5	980,2		
842,7333	0,6803	981,5	980,5	980,1		
842,8166	0,6850	981,5	980,5	980,2		
842,9000	0,6862	981,5	980,6	980,2		
842,9833	0,6904	981,5	980,5	980,1		
843,0666	0,6850	981,5	980,5	980,1		
843,1500	0,6829	981,5	980,5	980,1		
843,2333	0,6791	981,5	980,5	980,0		
843,3166	0,6761	981,4	980,5	980,1		
843,4000	0,6912	981,5	980,5	980,1		
843,4833	0,6883	981,5	980,4	980,0		
843,5666	0,6875	981,4	980,4	980,0		
843,6500	0,6850	981,4	980,4	980,0		
843,7333	0,6862	981,4	980,5	980,1		
843,8166	0,6887	981,4	980,4	980,0		
843,9000	0,6900	981,5	980,5	980,1		
843,9833	0,6908	981,5	980,5	980,0		
844,0666	0,6820	981,5	980,5	980,0		
844,1500	0,6866	981,6	980,5	980,1		
844,2333	0,6850	981,5	980,6	980,2		
844,3166	0,6795	981,4	980,5	980,1		
844,4000	0,6921	981,4	980,4	980,1		
844,4833	0,6887	981,5	980,6	980,2		
844,5666	0,6875	981,5	980,5	980,1		
844,6500	0,6829	981,5	980,5	980,1		
844,7333	0,6850	981,4	980,5	980,1		
844,8166	0,6879	981,4	980,5	980,0		
844,9000	0,6871	981,5	980,5	980,1		
844,9833	0,6896	981,5	980,5	980,1		
845,0666	0,6875	981,6	980,5	980,1		
845,1500	0,6875	981,5	980,5	980,1		
845,2333	0,6875	981,4	980,4	980,0		
845,3166	0,6833	981,4	980,5	980,1		
845,4000	0,6820	981,4	980,5	980,1		
845,4833	0,6845	981,5	980,5	980,0		
845,5666	0,6761	981,4	980,5	980,0		
845,6500	0,6854	981,5	980,5	980,1		
845,7333	0,6875	981,5	980,5	980,1		
845,8166	0,6812	981,5	980,5	980,1		
845,9000	0,6812	981,4	980,4	980,0		
845,9833	0,6921	981,5	980,6	980,1		
846,0666	0,6896	981,4	980,5	980,0		
846,1500	0,6871	981,5	980,5	980,1		
846,2333	0,6850	981,5	980,5	980,1		
846,3166	0,6875	981,5	980,5	980,1		
846,4000	0,6887	981,5	980,6	980,3		
846,4833	0,6887	981,5	980,6	980,2		
846,5666	0,6904	981,5	980,5	980,2		
846,6500	0,6883	981,4	980,4	980,0		
846,7333	0,6954	981,5	980,5	980,0		
846,8166	0,6824	981,5	980,5	980,1		
846,9000	0,6858	981,5	980,6	980,3		
846,9833	0,6871	981,4	980,5	980,0		
847,0666	0,6837	981,4	980,4	980,0		
847,1500	0,6803	981,5	980,5	980,0		
847,2333	0,6812	981,5	980,6	980,0		
847,3166	0,6858	981,4	980,5	980,1		
847,4000	0,6904	981,5	980,4	980,0		
847,4833	0,6938	981,4	980,5	980,1		
847,5666	0,6883	981,5	980,5	980,1		
847,6500	0,6883	981,3	980,4	980,0		
847,7333	0,6841	981,4	980,5	980,0		
847,8166	0,6879	981,5	980,5	980,1		
847,9000	0,6820	981,5	980,5	980,1		
847,9833	0,6850	981,4	980,5	980,1		
848,0666	0,6858	981,4	980,5	980,1		
848,1500	0,6887	981,5	980,5	980,0		
848,2333	0,6908	981,5	980,5	980,1		
848,3166	0,6871	981,4	980,4	980,0		
848,4000	0,6862	981,4	980,5	980,0		
848,4833	0,6871	981,5	980,5	980,0		
848,5666	0,6850	981,5	980,6	980,1		
848,6500	0,6929	981,5	980,5	980,1		
848,7333	0,6896	981,5	980,5	980,1		
848,8166	0,6917	981,4	980,5	980,0		
848,9000	0,6871	981,5	980,5	980,0		
848,9833	0,6954	981,4	980,4	980,1		
849,0666	0,6929	981,4	980,5	980,1		
849,1500	0,6996	981,5	980,5	980,1		
849,2333	0,6908	981,5	980,5	980,1		
849,3166	0,6858	981,5	980,5	980,1		
849,4000	0,6921	981,4	980,5	980,1		
849,4833	0,6866	981,5	980,5	980,1		
849,5666	0,6912	981,5	980,5	980,1		
849,6500	0,6891	981,5	980,5	980,1		
849,7333	0,6841	981,4	980,4	979,9		
849,8166	0,6850	981,5	980,5	980,0		
849,9000	0,6854	981,5	980,5	980,0		
849,9833	0,6925	981,5	980,6	980,2		
850,0666	0,6866	981,4	980,5	980,0		
850,1500	0,6900	981,5	980,6	980,2		
850,2333	0,6908	981,4	980,5	980,1		
850,3166	0,6837	981,4	980,5	980,1		
850,4000	0,6959	981,5	980,6	980,2		
850,4833	0,6891	981,4	980,4	979,9		
850,5666	0,6803	981,4	980,5	980,0		
850,6500	0,6875	981,3	980,5	980,0		
850,7333	0,6829	981,4	980,5	980,1		
850,8166	0,6917	981,5	980,5	980,1		
850,9000	0,6891	981,5	980,6	980,1		
850,9833	0,6879	981,5	980,5	980,1		
851,0666	0,6837	981,4	980,5	980,1		
851,1500	0,6875	981,5	980,6	980,1		
851,2333	0,6933	981,5	980,5	980,0		
851,3166	0,6862	981,5	980,5	980,1		
851,4000	0,6866	981,5	980,5	980,1		
851,4833	0,6845	981,4	980,5	980,0		
851,5666	0,6891	981,4	980,5	980,0		
851,6500	0,6896	981,5	980,5	980,1		
851,7333	0,6803	981,4	980,5	980,1		
851,8166	0,6908	981,5	980,5	980,1		
851,9000	0,6883	981,4	980,5	980,0		
851,9833	0,6887	981,5	980,5	980,1		
852,0666	0,6891	981,5	980,5	980,0		
852,1500	0,6917	981,5	980,5	980,1		
852,2333	0,6883	981,5	980,5	980,1		
852,3166	0,6891	981,5	980,5	980,1		
852,4000	0,6963	981,4	980,5	980,0		
852,4833	0,6896	981,5	980,6	980,1		
852,5666	0,6879	981,4	980,5	980,1		
852,6500	0,6871	981,5	980,4	980,0		
852,7333	0,6875	981,5	980,6	980,1		
852,8166	0,6891	981,5	980,5	980,1		
852,9000	0,6887	981,5	980,5	980,1		
852,9833	0,6862	981,4	980,4	980,0		
853,0666	0,6950	981,5	980,5	980,1		
853,1500	0,6908	981,5	980,5	980,1		
853,2333	0,6883	981,5	980,6	980,1		
853,3166	0,6912	981,5	980,5	980,1		
853,4000	0,6879	981,5	980,5	980,0		
853,4833	0,6829	981,5	980,5	980,0		
853,5666	0,6954	981,5	980,5	980,0		
853,6500	0,6904	981,5	980,6	980,1		
853,7333	0,6925	981,5	980,5	980,0		
853,8166	0,6891	981,5	980,5	980,1		
853,9000	0,6875	981,4	980,5	980,0		
853,9833	0,6942	981,5	980,5	980,1		
854,0666	0,6917	981,5	980,5	980,0		
854,1500	0,6908	981,4	980,5	980,2		
854,2333	0,6950	981,5	980,5	980,0		
854,3166	0,6950	981,5	980,5	980,1		
854,4000	0,6883	981,4	980,5	980,0		
854,4833	0,6942	981,5	980,5	980,1		
854,5666	0,6917	981,5	980,5	980,1		
854,6500	0,6858	981,5	980,6	980,2		
854,7333	0,6933	981,5	980,5	980,0		
854,8166	0,6942	981,4	980,5	980,1		
854,9000	0,6917	981,4	980,5	980,0		
854,9833	0,6929	981,5	980,5	980,1		
855,0666	0,6879	981,6	980,6	980,2		
855,1500	0,6854	981,5	980,5	980,0		
855,2333	0,6871	981,5	980,5	980,0		
855,3166	0,6938	981,5	980,5	980,1		
855,4000	0,6929	981,4	980,5	980,0		
855,4833	0,6938	981,6	980,6	980,2		
855,5666	0,6912	981,5	980,5	980,1		
855,6500	0,6875	981,5	980,6	980,1		
855,7333	0,6900	981,5	980,5	980,1		
855,8166	0,6942	981,5	980,5	980,1		
855,9000	0,6959	981,4	980,5	980,1		
855,9833	0,6875	981,5	980,5	980,1		
856,0666	0,7009	981,5	980,6	980,2		
856,1500	0,6908	981,5	980,6	980,1		
856,2333	0,6929	981,5	980,5	980,0		
856,3166	0,6908	981,5	980,5	980,0		
856,4000	0,6921	981,5	980,6	980,1		
856,4833	0,6912	981,4	980,5	980,1		
856,5666	0,6908	981,5	980,5	980,1		
856,6500	0,6917	981,5	980,5	980,1		
856,7333	0,6925	981,5	980,5	980,1		
856,8166	0,6950	981,5	980,5	980,0		
856,9000	0,6887	981,4	980,5	980,1		
856,9833	0,6959	981,4	980,5	980,1		
857,0666	0,6908	981,5	980,5	980,1		
857,1500	0,6871	981,4	980,4	980,0		
857,2333	0,6896	981,5	980,4	980,0		
857,3166	0,6891	981,4	980,4	980,0		
857,4000	0,6858	981,4	980,5	980,0		
857,4833	0,6887	981,4	980,4	980,0		
857,5666	0,6900	981,4	980,5	980,1		
857,6500	0,6925	981,4	980,5	980,1		
857,7333	0,6908	981,5	980,5	980,1		
857,8166	0,6933	981,4	980,4	980,0		
857,9000	0,6917	981,5	980,5	980,1		
857,9833	0,6829	981,4	980,5	980,0		
858,0666	0,6929	981,5	980,5	980,1		
858,1500	0,6904	981,5	980,5	980,0		
858,2333	0,6841	981,5	980,5	980,0		
858,3166	0,6879	981,5	980,5	980,0		
858,4000	0,6912	981,4	980,5	980,0		
858,4833	0,6933	981,5	980,5	980,0		
858,5666	0,6996	981,5	980,5	980,1		
858,6500	0,6925	981,4	980,5	980,0		
858,7333	0,6904	981,5	980,5	980,1		
858,8166	0,6967	981,5	980,6	980,1		
858,9000	0,6896	981,4	980,5	980,1		
858,9833	0,6862	981,4	980,5	980,1		
859,0666	0,6925	981,5	980,5	980,1		
859,1500	0,6942	981,5	980,5	980,1		
859,2333	0,6921	981,5	980,5	980,0		
859,3166	0,6887	981,4	980,5	980,0		
859,4000	0,6887	981,5	980,5	980,1		
859,4833	0,6925	981,4	980,5	980,0		
859,5666	0,6917	981,5	980,5	980,1		
859,6500	0,6904	981,4	980,5	980,1		
859,7333	0,6938	981,4	980,5	980,1		
859,8166	0,6942	981,5	980,5	980,0		
859,9000	0,6908	981,4	980,5	980,0		
859,9833	0,6921	981,4	980,5	980,0		
860,0666	0,6904	981,5	980,5	980,0		
860,1500	0,6908	981,5	980,6	980,0		
860,2333	0,6967	981,6	980,5	980,0		
860,3166	0,6980	981,3	980,4	980,0		
860,4000	0,6900	981,4	980,5	980,1		
860,4833	0,6887	981,5	980,5	980,1		
860,5666	0,6963	981,5	980,5	980,1		
860,6500	0,6896	981,4	980,5	980,1		
860,7333	0,6975	981,5	980,5	980,0		
860,8166	0,6929	981,5	980,5	980,0		
860,9000	0,6959	981,4	980,5	980,0		
860,9833	0,6950	981,5	980,5	980,0		
861,0666	0,6891	981,6	980,6	980,1		
861,1500	0,6938	981,5	980,5	980,0		
861,2333	0,6912	981,5	980,5	980,0		
861,3166	0,6963	981,5	980,5	980,0		
861,4000	0,6971	981,4	980,5	980,1		
861,4833	0,6883	981,4	980,4	980,0		
861,5666	0,6988	981,4	980,5	980,1		
861,6500	0,6959	981,4	980,4	980,0		
861,7333	0,6908	981,4	980,4	980,1		
861,8166	0,6946	981,5	980,5	980,1		
861,9000	0,6988	981,3	980,4	980,0		
861,9833	0,6946	981,3	980,4	980,0		
862,0666	0,6967	981,4	980,5	980,1		
862,1500	0,6950	981,3	980,4	980,0		
862,2333	0,6954	981,4	980,5	980,1		
862,3166	0,6912	981,3	980,4	980,0		
862,4000	0,6929	981,4	980,4	980,0		
862,4833	0,6929	981,4	980,4	980,0		
862,5666	0,7022	981,4	980,4	980,0		
862,6500	0,6929	981,3	980,4	980,0		
862,7333	0,6959	981,4	980,5	980,0		
862,8166	0,6858	981,4	980,5	980,1		
862,9000	0,6929	981,4	980,5	980,0		
862,9833	0,6942	981,4	980,4	980,0		
863,0666	0,6963	981,4	980,4	980,0		
863,1500	0,6980	981,4	980,4	980,0		
863,2333	0,6975	981,4	980,4	980,0		
863,3166	0,7022	981,4	980,5	980,1		
863,4000	0,6971	981,4	980,5	980,0		
863,4833	0,6887	981,3	980,3	979,9		
863,5666	0,6929	981,4	980,5	980,0		
863,6500	0,6946	981,3	980,5	980,0		
863,7333	0,6950	981,5	980,5	980,0		
863,8166	0,6917	981,4	980,5	980,0		
863,9000	0,6959	981,4	980,4	980,0		
863,9833	0,6988	981,5	980,5	980,1		
864,0666	0,6971	981,5	980,5	980,1		
864,1500	0,6980	981,5	980,5	980,1		
864,2333	0,7089	981,5	980,5	980,1		
864,3166	0,6908	981,5	980,5	980,1		
864,4000	0,6925	981,4	980,5	980,1		
864,4833	0,6908	981,4	980,5	980,0		
864,5666	0,6984	981,5	980,5	980,1		
864,6500	0,6959	981,5	980,5	980,0		
864,7333	0,6925	981,4	980,4	980,0		
864,8166	0,6967	981,5	980,5	980,1		
864,9000	0,6950	981,5	980,5	980,2		
864,9833	0,7017	981,5	980,5	980,2		
865,0666	0,7001	981,5	980,5	980,1		
865,1500	0,6984	981,5	980,6	980,2		
865,2333	0,6996	981,3	980,4	980,1		
865,3166	0,6904	981,4	980,5	980,0		
865,4000	0,6996	981,5	980,5	980,1		
865,4833	0,6912	981,5	980,5	980,2		
865,5666	0,6971	981,4	980,4	980,0		
865,6500	0,7001	981,5	980,5	980,2		
865,7333	0,6887	981,4	980,5	980,1		
865,8166	0,6933	981,4	980,5	980,1		
865,9000	0,6984	981,4	980,5	980,1		
865,9833	0,7009	981,4	980,5	980,1		
866,0666	0,6950	981,5	980,5	980,1		
866,1500	0,6967	981,5	980,6	980,2		
866,2333	0,6984	981,4	980,5	980,2		
866,3166	0,6921	981,5	980,5	980,1		
866,4000	0,7009	981,5	980,5	980,1		
866,4833	0,6996	981,5	980,5	980,1		
866,5666	0,6946	981,5	980,5	980,0		
866,6500	0,7001	981,5	980,5	980,1		
866,7333	0,6929	981,4	980,5	980,0		
866,8166	0,7013	981,5	980,5	980,0		
866,9000	0,6900	981,4	980,5	980,1		
866,9833	0,7026	981,5	980,5	980,1		
867,0666	0,7051	981,4	980,5	980,1		
867,1500	0,6967	981,4	980,5	980,1		
867,2333	0,7013	981,5	980,5	980,1		
867,3166	0,6988	981,5	980,5	980,1		
867,4000	0,6980	981,5	980,5	980,1		
867,4833	0,7001	981,4	980,5	980,1		
867,5666	0,7009	981,4	980,5	980,0		
867,6500	0,6933	981,5	980,6	980,2		
867,7333	0,6963	981,4	980,5	980,1		
867,8166	0,7072	981,5	980,6	980,1		
867,9000	0,7005	981,5	980,5	980,1		
867,9833	0,7001	981,5	980,5	980,1		
868,0666	0,6921	981,5	980,5	980,1		
868,1500	0,6921	981,5	980,5	980,1		
868,2333	0,6988	981,5	980,5	980,1		
868,3166	0,6975	981,5	980,5	980,1		
868,4000	0,7047	981,4	980,5	980,1		
868,4833	0,6967	981,5	980,5	980,1		
868,5666	0,6921	981,5	980,5	980,1		
868,6500	0,7001	981,4	980,5	980,0		
868,7333	0,6988	981,5	980,5	980,1		
868,8166	0,6967	981,5	980,6	980,2		
868,9000	0,6954	981,5	980,5	980,0		
868,9833	0,6963	981,5	980,6	980,1		
869,0666	0,6980	981,5	980,5	980,1		
869,1500	0,6967	981,5	980,5	980,1		
869,2333	0,6954	981,5	980,5	980,1		
869,3166	0,7001	981,5	980,5	980,1		
869,4000	0,6992	981,5	980,5	980,1		
869,4833	0,6988	981,4	980,5	980,1		
869,5666	0,6996	981,4	980,5	980,1		
869,6500	0,7005	981,4	980,5	980,1		
869,7333	0,6946	981,4	980,5	980,1		
869,8166	0,6975	981,5	980,5	980,1		
869,9000	0,6959	981,5	980,5	980,1		
869,9833	0,7034	981,5	980,5	980,1		
870,0666	0,7042	981,5	980,5	980,1		
870,1500	0,7017	981,5	980,6	980,2		
870,2333	0,6959	981,5	980,5	980,1		
870,3166	0,7001	981,4	980,5	980,0		
870,4000	0,6959	981,4	980,5	980,1		
870,4833	0,7022	981,4	980,5	980,1		
870,5666	0,6975	981,5	980,5	980,0		
870,6500	0,7022	981,5	980,5	980,1		
870,7333	0,6992	981,4	980,4	980,0		
870,8166	0,7009	981,5	980,5	980,1		
870,9000	0,7009	981,5	980,4	980,0		
870,9833	0,7080	981,5	980,6	980,1		
871,0666	0,7076	981,4	980,5	980,1		
871,1500	0,6988	981,4	980,5	980,1		
871,2333	0,6946	981,5	980,5	980,1		
871,3166	0,6933	981,5	980,5	980,1		
871,4000	0,7005	981,4	980,5	980,0		
871,4833	0,7026	981,4	980,5	980,0		
871,5666	0,6963	981,4	980,5	980,1		
871,6500	0,7009	981,4	980,4	980,0		
871,7333	0,6996	981,4	980,5	980,0		
871,8166	0,6971	981,4	980,5	980,1		
871,9000	0,6959	981,4	980,5	980,0		
871,9833	0,7080	981,4	980,5	980,1		
872,0666	0,6950	981,4	980,5	980,1		
872,1500	0,7063	981,4	980,4	980,0		
872,2333	0,6967	981,4	980,5	980,1		
872,3166	0,7072	981,5	980,5	980,1		
872,4000	0,7068	981,4	980,4	980,0		
872,4833	0,7030	981,5	980,4	980,0		
872,5666	0,6971	981,5	980,5	980,1		
872,6500	0,7001	981,4	980,5	980,0		
872,7333	0,7068	981,4	980,4	980,0		
872,8166	0,7084	981,5	980,5	980,1		
872,9000	0,6975	981,5	980,5	980,1		
872,9833	0,7063	981,3	980,4	980,1		
873,0666	0,6988	981,5	980,5	980,1		
873,1500	0,6984	981,4	980,5	980,1		
873,2333	0,7009	981,4	980,4	980,1		
873,3166	0,7009	981,4	980,5	980,1		
873,4000	0,7097	981,4	980,4	980,0		
873,4833	0,7017	981,4	980,5	980,0		
873,5666	0,6996	981,4	980,5	980,1		
873,6500	0,7005	981,4	980,5	980,0		
873,7333	0,7072	981,4	980,4	980,1		
873,8166	0,7059	981,4	980,5	980,1		
873,9000	0,7022	981,4	980,5	980,1		
873,9833	0,6988	981,4	980,4	980,1		
874,0666	0,7026	981,4	980,5	980,1		
874,1500	0,6980	981,4	980,5	980,1		
874,2333	0,6950	981,5	980,6	980,2		
874,3166	0,7022	981,5	980,5	980,1		
874,4000	0,6984	981,4	980,5	980,0		
874,4833	0,7093	981,4	980,5	980,1		
874,5666	0,6980	981,4	980,5	980,1		
874,6500	0,6988	981,5	980,5	980,0		
874,7333	0,7051	981,4	980,5	980,1		
874,8166	0,6984	981,5	980,5	980,1		
874,9000	0,6975	981,4	980,4	980,1		
874,9833	0,7076	981,5	980,5	980,1		
875,0666	0,7026	981,3	980,4	980,0		
875,1500	0,7001	981,5	980,5	980,0		
875,2333	0,7080	981,4	980,5	980,0		
875,3166	0,6996	981,5	980,6	980,2		
875,4000	0,7022	981,5	980,6	980,2		
875,4833	0,6929	981,4	980,6	980,2		
875,5666	0,7084	981,3	980,4	979,9		
875,6500	0,7001	981,3	980,4	980,0		
875,7333	0,6929	981,5	980,5	980,1		
875,8166	0,7013	981,4	980,5	980,1		
875,9000	0,6946	981,5	980,5	980,0		
875,9833	0,7001	981,4	980,5	980,0		
876,0666	0,7068	981,4	980,4	980,0		
876,1500	0,7072	981,4	980,5	980,1		
876,2333	0,6984	981,4	980,5	980,0		
876,3166	0,7038	981,5	980,5	980,1		
876,4000	0,7055	981,5	980,5	980,1		
876,4833	0,7017	981,5	980,5	980,1		
876,5666	0,7005	981,4	980,5	980,1		
876,6500	0,7093	981,4	980,5	980,1		
876,7333	0,7017	981,4	980,6	980,1		
876,8166	0,6963	981,5	980,6	980,2		
876,9000	0,6975	981,4	980,6	980,2		
876,9833	0,6975	981,4	980,5	980,1		
877,0666	0,6992	981,5	980,5	980,1		
877,1500	0,7076	981,4	980,5	980,1		
877,2333	0,7026	981,5	980,5	980,1		
877,3166	0,7051	981,4	980,5	980,0		
877,4000	0,7026	981,5	980,6	980,1		
877,4833	0,7017	981,5	980,5	980,1		
877,5666	0,6946	981,5	980,5	980,1		
877,6500	0,7030	981,5	980,5	980,0		
877,7333	0,7059	981,6	980,6	980,3		
877,8166	0,7009	981,4	980,5	980,1		
877,9000	0,6992	981,5	980,5	980,1		
877,9833	0,7034	981,5	980,5	980,1		
878,0666	0,7059	981,4	980,4	980,0		
878,1500	0,7042	981,5	980,6	980,2		
878,2333	0,7084	981,5	980,6	980,2		
878,3166	0,7026	981,4	980,5	980,1		
878,4000	0,7076	981,5	980,5	980,1		
878,4833	0,7017	981,5	980,5	980,1		
878,5666	0,7105	981,5	980,6	980,2		
878,6500	0,7030	981,5	980,5	980,1		
878,7333	0,7110	981,5	980,5	980,1		
878,8166	0,7080	981,5	980,5	980,2		
878,9000	0,7063	981,5	980,6	980,2		
878,9833	0,7051	981,5	980,6	980,2		
879,0666	0,7034	981,5	980,5	980,1		
879,1500	0,7026	981,5	980,5	980,1		
879,2333	0,7055	981,5	980,5	980,1		
879,3166	0,7038	981,5	980,5	980,1		
879,4000	0,7084	981,5	980,5	980,2		
879,4833	0,7038	981,5	980,6	980,2		
879,5666	0,7131	981,5	980,6	980,2		
879,6500	0,7051	981,4	980,5	980,1		
879,7333	0,6984	981,5	980,5	980,1		
879,8166	0,6988	981,5	980,6	980,1		
879,9000	0,6992	981,5	980,5	980,1		
879,9833	0,7022	981,5	980,5	980,1		
880,0666	0,7009	981,5	980,6	980,2		
880,1500	0,7072	981,4	980,4	980,1		
880,2333	0,7122	981,4	980,5	980,1		
880,3166	0,7009	981,5	980,5	980,1		
880,4000	0,7047	981,5	980,5	980,1		
880,4833	0,6996	981,5	980,5	980,1		
880,5666	0,7013	981,5	980,5	980,1		
880,6500	0,7055	981,5	980,6	980,2		
880,7333	0,7072	981,4	980,4	980,0		
880,8166	0,7076	981,5	980,5	980,1		
880,9000	0,7059	981,5	980,5	980,1		
880,9833	0,7068	981,5	980,6	980,2		
881,0666	0,7017	981,4	980,4	980,0		
881,1500	0,7042	981,5	980,5	980,1		
881,2333	0,6992	981,5	980,5	980,1		
881,3166	0,7089	981,5	980,5	980,1		
881,4000	0,7038	981,5	980,5	980,1		
881,4833	0,6988	981,4	980,5	980,1		
881,5666	0,6975	981,4	980,5	980,1		
881,6500	0,7030	981,5	980,6	980,2		
881,7333	0,7055	981,5	980,5	980,0		
881,8166	0,7118	981,4	980,5	980,1		
881,9000	0,7017	981,4	980,6	980,1		
881,9833	0,7009	981,4	980,6	980,2		
882,0666	0,7017	981,4	980,5	980,1		
882,1500	0,7097	981,5	980,5	980,2		
882,2333	0,6996	981,5	980,6	980,1		
882,3166	0,7089	981,5	980,5	980,1		
882,4000	0,6984	981,4	980,5	980,1		
882,4833	0,6988	981,5	980,6	980,2		
882,5666	0,7022	981,4	980,5	980,1		
882,6500	0,7034	981,5	980,6	980,2		
882,7333	0,7101	981,6	980,6	980,2		
882,8166	0,7110	981,4	980,5	980,0		
882,9000	0,7093	981,4	980,5	980,0		
882,9833	0,6975	981,5	980,6	980,2		
883,0666	0,7122	981,5	980,5	980,1		
883,1500	0,7026	981,5	980,5	980,1		
883,2333	0,7063	981,5	980,6	980,2		
883,3166	0,7076	981,5	980,6	980,2		
883,4000	0,6988	981,5	980,5	980,2		
883,4833	0,7118	981,5	980,5	980,1		
883,5666	0,7080	981,5	980,6	980,2		
883,6500	0,7022	981,5	980,5	980,2		
883,7333	0,7101	981,4	980,5	980,1		
883,8166	0,7135	981,4	980,5	980,1		
883,9000	0,7076	981,5	980,6	980,1		
883,9833	0,7051	981,4	980,5	980,1		
884,0666	0,7105	981,5	980,6	980,1		
884,1500	0,7038	981,5	980,5	980,1		
884,2333	0,7122	981,5	980,5	980,2		
884,3166	0,7101	981,5	980,5	980,1		
884,4000	0,7122	981,4	980,5	980,1		
884,4833	0,7131	981,6	980,6	980,2		
884,5666	0,7072	981,5	980,6	980,2		
884,6500	0,7022	981,5	980,6	980,2		
884,7333	0,7076	981,4	980,5	980,1		
884,8166	0,7051	981,4	980,5	980,1		
884,9000	0,7080	981,5	980,6	980,0		
884,9833	0,7038	981,5	980,6	980,1		
885,0666	0,7122	981,5	980,5	980,1		
885,1500	0,7097	981,5	980,5	980,1		
885,2333	0,7059	981,5	980,5	980,1		
885,3166	0,7076	981,4	980,5	980,2		
885,4000	0,7051	981,5	980,5	980,1		
885,4833	0,7110	981,5	980,5	980,1		
885,5666	0,7114	981,4	980,5	980,1		
885,6500	0,7013	981,4	980,6	980,1		
885,7333	0,7097	981,4	980,5	980,1		
885,8166	0,7147	981,4	980,5	980,1		
885,9000	0,7034	981,4	980,5	980,1		
885,9833	0,7072	981,4	980,5	980,1		
886,0666	0,7089	981,5	980,5	980,1		
886,1500	0,7093	981,5	980,4	980,0		
886,2333	0,7097	981,4	980,5	980,1		
886,3166	0,7080	981,4	980,5	980,1		
886,4000	0,7080	981,5	980,5	980,1		
886,4833	0,7097	981,5	980,6	980,2		
886,5666	0,7009	981,5	980,6	980,1		
886,6500	0,7076	981,4	980,5	980,0		
886,7333	0,7080	981,4	980,5	980,1		
886,8166	0,7001	981,4	980,6	980,1		
886,9000	0,7097	981,5	980,6	980,2		
886,9833	0,7068	981,4	980,5	980,1		
887,0666	0,7059	981,4	980,5	980,1		
887,1500	0,7101	981,5	980,5	980,1		
887,2333	0,7122	981,4	980,5	980,1		
887,3166	0,7105	981,4	980,5	980,1		
887,4000	0,7084	981,5	980,5	980,2		
887,4833	0,7042	981,5	980,5	980,1		
887,5666	0,7118	981,5	980,5	980,1		
887,6500	0,7026	981,5	980,5	980,1		
887,7333	0,7101	981,5	980,6	980,1		
887,8166	0,7055	981,4	980,5	980,1		
887,9000	0,7131	981,5	980,5	980,1		
887,9833	0,7072	981,5	980,5	980,1		
888,0666	0,7080	981,5	980,5	980,0		
888,1500	0,7105	981,4	980,5	980,1		
888,2333	0,7063	981,4	980,5	980,1		
888,3166	0,7097	981,4	980,5	980,1		
888,4000	0,7076	981,5	980,4	980,1		
888,4833	0,7076	981,4	980,4	980,0		
888,5666	0,7042	981,5	980,6	980,1		
888,6500	0,7105	981,5	980,6	980,2		
888,7333	0,7131	981,5	980,6	980,2		
888,8166	0,7118	981,4	980,5	980,2		
888,9000	0,7051	981,5	980,5	980,1		
888,9833	0,7114	981,5	980,5	980,1		
889,0666	0,7072	981,4	980,4	980,0		
889,1500	0,7097	981,5	980,6	980,2		
889,2333	0,7030	981,6	980,5	980,2		
889,3166	0,7055	981,5	980,5	980,1		
889,4000	0,7139	981,4	980,5	980,0		
889,4833	0,7072	981,5	980,5	980,1		
889,5666	0,7122	981,5	980,5	980,1		
889,6500	0,7093	981,4	980,5	980,1		
889,7333	0,7110	981,4	980,5	980,0		
889,8166	0,7080	981,5	980,5	980,1		
889,9000	0,7068	981,4	980,5	980,1		
889,9833	0,7156	981,5	980,6	980,2		
890,0666	0,7101	981,5	980,6	980,2		
890,1500	0,7084	981,5	980,5	980,1		
890,2333	0,7093	981,5	980,6	980,2		
890,3166	0,7089	981,5	980,5	980,1		
890,4000	0,7080	981,6	980,6	980,1		
890,4833	0,7076	981,4	980,5	980,0		
890,5666	0,7105	981,5	980,6	980,2		
890,6500	0,7126	981,5	980,6	980,2		
890,7333	0,7114	981,6	980,6	980,2		
890,8166	0,7143	981,5	980,6	980,2		
890,9000	0,7131	981,5	980,6	980,2		
890,9833	0,7139	981,5	980,6	980,2		
891,0666	0,7093	981,5	980,6	980,2		
891,1500	0,7089	981,5	980,6	980,2		
891,2333	0,7177	981,5	980,6	980,2		
891,3166	0,7105	981,6	980,6	980,2		
891,4000	0,7122	981,6	980,5	980,0		
891,4833	0,7152	981,4	980,4	979,8		
891,5666	0,7168	981,5	980,5	980,1		
891,6500	0,7089	981,5	980,5	980,1		
891,7333	0,7147	981,5	980,6	980,2		
891,8166	0,7135	981,5	980,5	980,1		
891,9000	0,7135	981,5	980,5	980,1		
891,9833	0,7118	981,5	980,5	980,1		
892,0666	0,7101	981,5	980,5	980,1		
892,1500	0,7101	981,5	980,5	980,1		
892,2333	0,7152	981,5	980,6	980,2		
892,3166	0,7110	981,5	980,6	980,3		
892,4000	0,7089	981,6	980,6	980,2		
892,4833	0,7135	981,4	980,6	980,2		
892,5666	0,7059	981,5	980,6	980,1		
892,6500	0,7118	981,5	980,6	980,1		
892,7333	0,7059	981,5	980,6	980,1		
892,8166	0,7072	981,5	980,7	980,2		
892,9000	0,7147	981,5	980,5	980,1		
892,9833	0,7076	981,5	980,7	980,3		
893,0666	0,7177	981,6	980,6	980,2		
893,1500	0,7122	981,5	980,6	980,1		
893,2333	0,7173	981,6	980,6	980,2		
893,3166	0,7080	981,5	980,6	980,1		
893,4000	0,7126	981,5	980,5	980,1		
893,4833	0,7147	981,5	980,5	980,1		
893,5666	0,7068	981,4	980,6	980,2		
893,6500	0,7206	981,5	980,6	980,3		
893,7333	0,7135	981,5	980,6	980,2		
893,8166	0,7101	981,4	980,5	980,1		
893,9000	0,7147	981,5	980,5	980,1		
893,9833	0,7093	981,5	980,6	980,3		
894,0666	0,7181	981,5	980,6	980,2		
894,1500	0,7143	981,5	980,6	980,2		
894,2333	0,7118	981,5	980,6	980,2		
894,3166	0,7118	981,5	980,6	980,2		
894,4000	0,7227	981,5	980,6	980,1		
894,4833	0,7147	981,5	980,6	980,2		
894,5666	0,7147	981,5	980,6	980,2		
894,6500	0,7177	981,6	980,6	980,2		
894,7333	0,7160	981,5	980,6	980,1		
894,8166	0,7152	981,6	980,7	980,3		
894,9000	0,7189	981,5	980,6	980,2		
894,9833	0,7160	981,5	980,6	980,2		
895,0666	0,7072	981,5	980,5	980,2		
895,1500	0,7143	981,5	980,6	980,1		
895,2333	0,7076	981,5	980,5	980,2		
895,3166	0,7135	981,5	980,6	980,2		
895,4000	0,7126	981,6	980,6	980,2		
895,4833	0,7252	981,5	980,6	980,2		
895,5666	0,7118	981,5	980,6	980,2		
895,6500	0,7084	981,5	980,6	980,2		
895,7333	0,7168	981,6	980,7	980,2		
895,8166	0,7135	981,6	980,6	980,1		
895,9000	0,7135	981,5	980,6	980,2		
895,9833	0,7063	981,5	980,6	980,2		
896,0666	0,7122	981,5	980,6	980,2		
896,1500	0,7131	981,5	980,5	980,2		
896,2333	0,7084	981,5	980,5	980,1		
896,3166	0,7177	981,5	980,6	980,2		
896,4000	0,7118	981,5	980,6	980,1		
896,4833	0,7047	981,6	980,6	980,2		
896,5666	0,7093	981,5	980,6	980,2		
896,6500	0,7189	981,6	980,6	980,2		
896,7333	0,7173	981,5	980,6	980,2		
896,8166	0,7168	981,5	980,5	980,2		
896,9000	0,7122	981,5	980,5	980,2		
896,9833	0,7168	981,5	980,6	980,3		
897,0666	0,7177	981,4	980,5	980,1		
897,1500	0,7114	981,5	980,6	980,2		
897,2333	0,7143	981,4	980,5	980,1		
897,3166	0,7156	981,5	980,6	980,2		
897,4000	0,7168	981,5	980,5	980,2		
897,4833	0,7156	981,5	980,5	980,2		
897,5666	0,7193	981,5	980,6	980,2		
897,6500	0,7177	981,5	980,6	980,1		
897,7333	0,7110	981,5	980,6	980,1		
897,8166	0,7114	981,6	980,7	980,3		
897,9000	0,7089	981,5	980,6	980,2		
897,9833	0,7131	981,6	980,6	980,2		
898,0666	0,7105	981,6	980,6	980,2		
898,1500	0,7160	981,5	980,6	980,2		
898,2333	0,7114	981,6	980,6	980,1		
898,3166	0,7101	981,6	980,6	980,2		
898,4000	0,7223	981,4	980,6	980,2		
898,4833	0,7185	981,5	980,5	980,0		
898,5666	0,7160	981,5	980,5	980,1		
898,6500	0,7147	981,6	980,6	980,1		
898,7333	0,7152	981,5	980,6	980,1		
898,8166	0,7135	981,6	980,6	980,2		
898,9000	0,7193	981,5	980,6	980,2		
898,9833	0,7131	981,5	980,6	980,3		
899,0666	0,7152	981,6	980,6	980,2		
899,1500	0,7206	981,5	980,6	980,2		
899,2333	0,7214	981,5	980,6	980,2		
899,3166	0,7160	981,6	980,6	980,2		
899,4000	0,7164	981,6	980,6	980,2		
899,4833	0,7084	981,6	980,6	980,2		
899,5666	0,7089	981,5	980,6	980,2		
899,6500	0,7105	981,5	980,6	980,2		
899,7333	0,7173	981,5	980,6	980,1		
899,8166	0,7059	981,5	980,6	980,1		
899,9000	0,7093	981,6	980,7	980,2		
899,9833	0,7147	981,5	980,5	980,1		
900,0666	0,7160	981,6	980,6	980,2		
900,1500	0,7152	981,5	980,6	980,1		
900,2333	0,7122	981,5	980,5	980,2		
900,3166	0,7160	981,5	980,6	980,1		
900,4000	0,7118	981,5	980,6	980,2		
900,4833	0,7164	981,5	980,5	980,2		
900,5666	0,7160	981,5	980,6	980,2		
900,6500	0,7143	981,5	980,5	980,2		
900,7333	0,7156	981,5	980,6	980,1		
900,8166	0,7168	981,6	980,6	980,1		
900,9000	0,7114	981,5	980,6	980,2		
900,9833	0,7210	981,5	980,6	980,1		
901,0666	0,7131	981,6	980,6	980,2		
901,1500	0,7152	981,6	980,6	980,2		
901,2333	0,7214	981,5	980,6	980,1		
901,3166	0,7248	981,5	980,6	980,2		
901,4000	0,7122	981,5	980,6	980,1		
901,4833	0,7110	981,6	980,6	980,1		
901,5666	0,7118	981,4	980,5	980,0		
901,6500	0,7110	981,5	980,6	980,1		
901,7333	0,7193	981,5	980,6	980,1		
901,8166	0,7143	981,6	980,6	980,2		
901,9000	0,7231	981,5	980,6	980,2		
901,9833	0,7156	981,4	980,5	980,1		
902,0666	0,7202	981,5	980,6	980,1		
902,1500	0,7198	981,5	980,6	980,1		
902,2333	0,7193	981,6	980,6	980,3		
902,3166	0,7135	981,5	980,5	980,1		
902,4000	0,7210	981,5	980,6	980,1		
902,4833	0,7193	981,5	980,6	980,1		
902,5666	0,7181	981,5	980,6	980,2		
902,6500	0,7202	981,6	980,5	980,1		
902,7333	0,7160	981,6	980,5	980,1		
902,8166	0,7185	981,5	980,6	980,2		
902,9000	0,7181	981,5	980,5	980,2		
902,9833	0,7219	981,5	980,6	980,2		
903,0666	0,7181	981,6	980,6	980,2		
903,1500	0,7198	981,6	980,6	980,2		
903,2333	0,7248	981,5	980,6	980,2		
903,3166	0,7206	981,5	980,6	980,1		
903,4000	0,7193	981,5	980,6	980,2		
903,4833	0,7181	981,6	980,6	980,3		
903,5666	0,7156	981,5	980,6	980,1		
903,6500	0,7173	981,5	980,6	980,1		
903,7333	0,7189	981,6	980,6	980,2		
903,8166	0,7131	981,5	980,6	980,1		
903,9000	0,7189	981,6	980,6	980,2		
903,9833	0,7248	981,5	980,6	980,2		
904,0666	0,7193	981,5	980,5	980,2		
904,1500	0,7139	981,5	980,6	980,2		
904,2333	0,7139	981,6	980,6	980,1		
904,3166	0,7139	981,6	980,6	980,2		
904,4000	0,7143	981,4	980,6	980,2		
904,4833	0,7135	981,5	980,6	980,2		
904,5666	0,7193	981,5	980,6	980,2		
904,6500	0,7173	981,5	980,6	980,2		
904,7333	0,7185	981,5	980,5	980,2		
904,8166	0,7173	981,5	980,5	980,2		
904,9000	0,7168	981,6	980,6	980,1		
904,9833	0,7277	981,5	980,6	980,2		
905,0666	0,7202	981,5	980,6	980,2		
905,1500	0,7261	981,6	980,6	980,2		
905,2333	0,7139	981,5	980,5	980,1		
905,3166	0,7202	981,6	980,6	980,2		
905,4000	0,7168	981,6	980,6	980,1		
905,4833	0,7143	981,5	980,5	980,1		
905,5666	0,7227	981,5	980,6	980,2		
905,6500	0,7252	981,5	980,5	980,2		
905,7333	0,7168	981,4	980,6	980,1		
905,8166	0,7185	981,5	980,5	980,1		
905,9000	0,7198	981,5	980,6	980,2		
905,9833	0,7160	981,5	980,6	980,2		
906,0666	0,7126	981,5	980,6	980,2		
906,1500	0,7198	981,5	980,5	980,1		
906,2333	0,7193	981,6	980,6	980,2		
906,3166	0,7147	981,5	980,6	980,2		
906,4000	0,7164	981,5	980,6	980,2		
906,4833	0,7160	981,5	980,5	980,1		
906,5666	0,7164	981,5	980,6	980,2		
906,6500	0,7261	981,5	980,6	980,2		
906,7333	0,7160	981,5	980,6	980,2		
906,8166	0,7223	981,4	980,5	980,1		
906,9000	0,7193	981,5	980,5	980,2		
906,9833	0,7210	981,5	980,6	980,2		
907,0666	0,7277	981,6	980,6	980,2		
907,1500	0,7164	981,5	980,6	980,2		
907,2333	0,7160	981,5	980,6	980,2		
907,3166	0,7164	981,5	980,5	980,1		
907,4000	0,7164	981,5	980,5	980,1		
907,4833	0,7231	981,5	980,5	980,2		
907,5666	0,7181	981,5	980,5	980,1		
907,6500	0,7185	981,5	980,6	980,2		
907,7333	0,7181	981,5	980,6	980,2		
907,8166	0,7223	981,5	980,6	980,2		
907,9000	0,7160	981,4	980,5	980,1		
907,9833	0,7168	981,5	980,6	980,2		
908,0666	0,7214	981,4	980,5	980,2		
908,1500	0,7173	981,4	980,6	980,2		
908,2333	0,7126	981,5	980,6	980,2		
908,3166	0,7198	981,5	980,6	980,2		
908,4000	0,7269	981,5	980,5	980,2		
908,4833	0,7235	981,6	980,6	980,2		
908,5666	0,7248	981,4	980,6	980,1		
908,6500	0,7147	981,4	980,5	980,1		
908,7333	0,7185	981,6	980,6	980,2		
908,8166	0,7193	981,5	980,6	980,2		
908,9000	0,7240	981,5	980,5	980,1		
908,9833	0,7189	981,4	980,5	980,1		
909,0666	0,7214	981,6	980,6	980,2		
909,1500	0,7168	981,5	980,6	980,2		
909,2333	0,7223	981,5	980,5	980,1		
909,3166	0,7189	981,5	980,5	980,1		
909,4000	0,7256	981,5	980,6	980,2		
909,4833	0,7240	981,5	980,6	980,2		
909,5666	0,7282	981,5	980,5	980,2		
909,6500	0,7227	981,5	980,5	980,2		
909,7333	0,7277	981,5	980,6	980,2		
909,8166	0,7223	981,5	980,6	980,1		
909,9000	0,7219	981,4	980,6	980,1		
909,9833	0,7256	981,4	980,5	980,2		
910,0666	0,7193	981,5	980,6	980,2		
910,1500	0,7269	981,6	980,6	980,2		
910,2333	0,7193	981,5	980,5	980,1		
910,3166	0,7156	981,4	980,5	980,1		
910,4000	0,7177	981,5	980,5	980,1		
910,4833	0,7256	981,5	980,6	980,2		
910,5666	0,7214	981,5	980,5	980,1		
910,6500	0,7261	981,4	980,5	980,1		
910,7333	0,7177	981,4	980,5	980,1		
910,8166	0,7223	981,4	980,5	980,1		
910,9000	0,7252	981,4	980,5	980,1		
910,9833	0,7231	981,4	980,5	980,2		
911,0666	0,7248	981,5	980,5	980,1		
911,1500	0,7286	981,5	980,5	980,1		
911,2333	0,7206	981,5	980,5	980,1		
911,3166	0,7160	981,4	980,5	980,1		
911,4000	0,7227	981,5	980,6	980,2		
911,4833	0,7277	981,5	980,6	980,2		
911,5666	0,7152	981,4	980,5	980,2		
911,6500	0,7248	981,5	980,5	980,2		
911,7333	0,7252	981,6	980,6	980,2		
911,8166	0,7198	981,4	980,5	980,1		
911,9000	0,7227	981,5	980,5	980,1		
911,9833	0,7214	981,4	980,4	980,1		
912,0666	0,7248	981,4	980,5	980,1		
912,1500	0,7265	981,5	980,5	980,2		
912,2333	0,7231	981,4	980,5	980,1		
912,3166	0,7252	981,5	980,6	980,2		
912,4000	0,7227	981,5	980,6	980,2		
912,4833	0,7248	981,6	980,5	980,2		
912,5666	0,7248	981,5	980,5	980,1		
912,6500	0,7198	981,5	980,5	980,1		
912,7333	0,7290	981,4	980,5	980,2		
912,8166	0,7240	981,4	980,5	980,1		
912,9000	0,7252	981,5	980,6	980,2		
912,9833	0,7177	981,6	980,5	980,1		
913,0666	0,7227	981,4	980,4	980,0		
913,1500	0,7252	981,5	980,5	980,2		
913,2333	0,7252	981,4	980,5	980,2		
913,3166	0,7324	981,5	980,5	980,2		
913,4000	0,7227	981,5	980,6	980,3		
913,4833	0,7265	981,4	980,5	980,1		
913,5666	0,7277	981,5	980,5	980,2		
913,6500	0,7307	981,4	980,5	980,1		
913,7333	0,7219	981,5	980,5	980,2		
913,8166	0,7177	981,5	980,5	980,2		
913,9000	0,7240	981,4	980,6	980,2		
913,9833	0,7248	981,4	980,5	980,1		
914,0666	0,7248	981,4	980,5	980,1		
914,1500	0,7219	981,5	980,5	980,2		
914,2333	0,7311	981,4	980,4	980,1		
914,3166	0,7336	981,4	980,5	980,1		
914,4000	0,7256	981,5	980,5	980,2		
914,4833	0,7294	981,5	980,6	980,2		
914,5666	0,7198	981,4	980,5	980,2		
914,6500	0,7298	981,5	980,5	980,1		
914,7333	0,7185	981,5	980,6	980,1		
914,8166	0,7219	981,4	980,5	980,1		
914,9000	0,7227	981,5	980,6	980,2		
914,9833	0,7286	981,5	980,6	980,3		
915,0666	0,7277	981,5	980,5	980,1		
915,1500	0,7353	981,5	980,6	980,2		
915,2333	0,7344	981,5	980,5	980,2		
915,3166	0,7277	981,4	980,5	980,2		
915,4000	0,7231	981,5	980,6	980,2		
915,4833	0,7286	981,5	980,6	980,1		
915,5666	0,7227	981,5	980,6	980,2		
915,6500	0,7298	981,5	980,6	980,2		
915,7333	0,7265	981,6	980,6	980,2		
915,8166	0,7248	981,5	980,5	980,1		
915,9000	0,7273	981,5	980,5	980,1		
915,9833	0,7177	981,4	980,6	980,2		
916,0666	0,7294	981,5	980,6	980,3		
916,1500	0,7265	981,5	980,5	980,2		
916,2333	0,7219	981,5	980,5	980,2		
916,3166	0,7277	981,4	980,5	980,2		
916,4000	0,7261	981,5	980,6	980,2		
916,4833	0,7223	981,6	980,6	980,3		
916,5666	0,7361	981,6	980,6	980,1		
916,6500	0,7282	981,5	980,6	980,2		
916,7333	0,7286	981,4	980,5	980,1		
916,8166	0,7252	981,5	980,6	980,2		
916,9000	0,7252	981,5	980,6	980,2		
916,9833	0,7252	981,5	980,6	980,2		
917,0666	0,7303	981,5	980,6	980,2		
917,1500	0,7290	981,5	980,6	980,2		
917,2333	0,7261	981,6	980,6	980,2		
917,3166	0,7319	981,5	980,6	980,1		
917,4000	0,7210	981,6	980,5	980,2		
917,4833	0,7265	981,5	980,6	980,2		
917,5666	0,7298	981,5	980,5	980,2		
917,6500	0,7357	981,5	980,5	980,1		
917,7333	0,7294	981,4	980,6	980,2		
917,8166	0,7332	981,6	980,6	980,3		
917,9000	0,7365	981,5	980,6	980,1		
917,9833	0,7336	981,5	980,5	980,1		
918,0666	0,7261	981,5	980,5	980,2		
918,1500	0,7261	981,5	980,6	980,3		
918,2333	0,7248	981,4	980,5	980,2		
918,3166	0,7319	981,5	980,6	980,1		
918,4000	0,7340	981,6	980,6	980,2		
918,4833	0,7353	981,5	980,7	980,3		
918,5666	0,7286	981,5	980,6	980,2		
918,6500	0,7294	981,4	980,5	980,1		
918,7333	0,7282	981,5	980,6	980,1		
918,8166	0,7286	981,5	980,6	980,2		
918,9000	0,7265	981,5	980,6	980,2		
918,9833	0,7307	981,5	980,6	980,2		
919,0666	0,7219	981,5	980,6	980,2		
919,1500	0,7261	981,5	980,6	980,1		
919,2333	0,7256	981,4	980,5	980,1		
919,3166	0,7277	981,5	980,6	980,2		
919,4000	0,7315	981,5	980,6	980,3		
919,4833	0,7256	981,5	980,5	980,1		
919,5666	0,7261	981,5	980,5	980,2		
919,6500	0,7244	981,4	980,5	980,2		
919,7333	0,7340	981,6	980,7	980,3		
919,8166	0,7298	981,4	980,6	980,2		
919,9000	0,7298	981,5	980,5	980,2		
919,9833	0,7319	981,5	980,5	980,1		
920,0666	0,7319	981,5	980,5	980,2		
920,1500	0,7269	981,5	980,6	980,1		
920,2333	0,7332	981,5	980,6	980,2		
920,3166	0,7294	981,5	980,6	980,2		
920,4000	0,7324	981,5	980,6	980,2		
920,4833	0,7420	981,5	980,6	980,3		
920,5666	0,7235	981,5	980,6	980,2		
920,6500	0,7319	981,6	980,6	980,2		
920,7333	0,7386	981,4	980,6	980,2		
920,8166	0,7294	981,5	980,6	980,2		
920,9000	0,7332	981,5	980,6	980,2		
920,9833	0,7328	981,5	980,6	980,2		
921,0666	0,7332	981,6	980,7	980,3		
921,1500	0,7319	981,5	980,6	980,1		
921,2333	0,7273	981,4	980,5	980,1		
921,3166	0,7282	981,5	980,5	980,1		
921,4000	0,7328	981,6	980,7	980,3		
921,4833	0,7357	981,5	980,7	980,4		
921,5666	0,7294	981,5	980,6	980,2		
921,6500	0,7332	981,5	980,5	980,2		
921,7333	0,7332	981,5	980,5	980,1		
921,8166	0,7223	981,5	980,6	980,2		
921,9000	0,7357	981,5	980,5	980,1		
921,9833	0,7265	981,5	980,5	980,1		
922,0666	0,7361	981,5	980,5	980,2		
922,1500	0,7349	981,5	980,5	980,1		
922,2333	0,7315	981,5	980,5	980,2		
922,3166	0,7370	981,5	980,6	980,2		
922,4000	0,7357	981,5	980,6	980,2		
922,4833	0,7303	981,4	980,5	980,2		
922,5666	0,7370	981,6	980,6	980,3		
922,6500	0,7324	981,5	980,5	980,2		
922,7333	0,7353	981,5	980,6	980,1		
922,8166	0,7290	981,5	980,5	980,1		
922,9000	0,7361	981,5	980,5	980,2		
922,9833	0,7365	981,4	980,5	980,2		
923,0666	0,7311	981,5	980,5	980,1		
923,1500	0,7378	981,4	980,5	980,1		
923,2333	0,7349	981,5	980,5	980,2		
923,3166	0,7365	981,5	980,6	980,2		
923,4000	0,7328	981,4	980,5	980,1		
923,4833	0,7282	981,5	980,5	980,2		
923,5666	0,7370	981,5	980,6	980,2		
923,6500	0,7361	981,5	980,5	980,1		
923,7333	0,7307	981,6	980,6	980,1		
923,8166	0,7298	981,5	980,5	980,1		
923,9000	0,7303	981,5	980,6	980,1		
923,9833	0,7391	981,5	980,5	980,1		
924,0666	0,7370	981,4	980,5	980,2		
924,1500	0,7319	981,5	980,6	980,2		
924,2333	0,7298	981,5	980,6	980,1		
924,3166	0,7374	981,5	980,5	980,2		
924,4000	0,7374	981,5	980,5	980,2		
924,4833	0,7307	981,4	980,5	980,1		
924,5666	0,7307	981,5	980,6	980,2		
924,6500	0,7328	981,5	980,5	980,2		
924,7333	0,7344	981,5	980,6	980,2		
924,8166	0,7344	981,5	980,5	980,2		
924,9000	0,7340	981,4	980,5	980,1		
924,9833	0,7370	981,5	980,6	980,2		
925,0666	0,7315	981,5	980,6	980,2		
925,1500	0,7399	981,5	980,5	980,1		
925,2333	0,7332	981,6	980,6	980,2		
925,3166	0,7357	981,6	980,6	980,2		
925,4000	0,7319	981,4	980,6	980,2		
925,4833	0,7344	981,5	980,6	980,1		
925,5666	0,7357	981,5	980,6	980,2		
925,6500	0,7395	981,5	980,6	980,2		
925,7333	0,7294	981,5	980,6	980,1		
925,8166	0,7470	981,5	980,5	980,2		
925,9000	0,7365	981,5	980,6	980,2		
925,9833	0,7395	981,6	980,5	980,2		
926,0666	0,7311	981,6	980,6	980,2		
926,1500	0,7303	981,4	980,5	980,1		
926,2333	0,7424	981,5	980,5	980,2		
926,3166	0,7412	981,4	980,6	980,2		
926,4000	0,7378	981,4	980,5	980,2		
926,4833	0,7378	981,4	980,5	980,1		
926,5666	0,7370	981,5	980,7	980,3		
926,6500	0,7412	981,4	980,5	980,2		
926,7333	0,7353	981,5	980,6	980,2		
926,8166	0,7403	981,5	980,6	980,2		
926,9000	0,7231	981,6	980,6	980,1		
926,9833	0,7328	981,5	980,5	980,1		
927,0666	0,7365	981,5	980,5	980,1		
927,1500	0,7349	981,4	980,6	980,2		
927,2333	0,7391	981,5	980,6	980,2		
927,3166	0,7428	981,5	980,5	980,2		
927,4000	0,7328	981,5	980,6	980,3		
927,4833	0,7395	981,5	980,6	980,2		
927,5666	0,7374	981,4	980,5	980,2		
927,6500	0,7365	981,5	980,5	980,2		
927,7333	0,7311	981,5	980,6	980,2		
927,8166	0,7378	981,5	980,7	980,3		
927,9000	0,7416	981,5	980,6	980,2		
927,9833	0,7378	981,5	980,5	980,1		
928,0666	0,7407	981,5	980,5	980,1		
928,1500	0,7407	981,5	980,6	980,2		
928,2333	0,7336	981,4	980,5	980,2		
928,3166	0,7412	981,5	980,5	980,2		
928,4000	0,7357	981,5	980,5	980,1		
928,4833	0,7365	981,4	980,5	980,2		
928,5666	0,7328	981,4	980,5	980,2		
928,6500	0,7361	981,5	980,6	980,2		
928,7333	0,7374	981,5	980,6	980,1		
928,8166	0,7370	981,5	980,5	980,1		
928,9000	0,7378	981,5	980,5	980,1		
928,9833	0,7374	981,4	980,6	980,1		
929,0666	0,7433	981,4	980,5	980,2		
929,1500	0,7378	981,4	980,6	980,2		
929,2333	0,7370	981,5	980,6	980,2		
929,3166	0,7340	981,4	980,5	980,1		
929,4000	0,7357	981,4	980,5	980,1		
929,4833	0,7374	981,4	980,6	980,2		
929,5666	0,7374	981,4	980,6	980,2		
929,6500	0,7378	981,5	980,5	980,2		
929,7333	0,7391	981,4	980,5	980,1		
929,8166	0,7361	981,5	980,5	980,1		
929,9000	0,7374	981,5	980,5	980,2		
929,9833	0,7353	981,5	980,5	980,1		
930,0666	0,7340	981,5	980,6	980,2		
930,1500	0,7386	981,4	980,5	980,1		
930,2333	0,7454	981,5	980,6	980,2		
930,3166	0,7340	981,5	980,6	980,2		
930,4000	0,7420	981,4	980,6	980,2		
930,4833	0,7403	981,5	980,5	980,1		
930,5666	0,7428	981,4	980,5	980,1		
930,6500	0,7349	981,5	980,6	980,2		
930,7333	0,7441	981,5	980,5	980,1		
930,8166	0,7353	981,5	980,6	980,0		
930,9000	0,7424	981,4	980,6	980,1		
930,9833	0,7403	981,5	980,6	980,2		
931,0666	0,7395	981,4	980,6	980,1		
931,1500	0,7386	981,4	980,5	980,0		
931,2333	0,7407	981,5	980,6	980,2		
931,3166	0,7416	981,5	980,6	980,2		
931,4000	0,7336	981,4	980,5	980,1		
931,4833	0,7399	981,4	980,5	980,1		
931,5666	0,7391	981,5	980,6	980,2		
931,6500	0,7395	981,5	980,5	980,2		
931,7333	0,7386	981,5	980,5	980,2		
931,8166	0,7433	981,6	980,6	980,2		
931,9000	0,7382	981,6	980,6	980,2		
931,9833	0,7386	981,5	980,5	980,1		
932,0666	0,7353	981,6	980,5	980,1		
932,1500	0,7386	981,4	980,5	980,1		
932,2333	0,7407	981,5	980,6	980,2		
932,3166	0,7441	981,5	980,5	980,2		
932,4000	0,7399	981,5	980,7	980,4		
932,4833	0,7449	981,5	980,6	980,2		
932,5666	0,7395	981,4	980,5	980,1		
932,6500	0,7428	981,5	980,6	980,2		
932,7333	0,7357	981,4	980,5	980,1		
932,8166	0,7466	981,5	980,5	980,2		
932,9000	0,7407	981,5	980,5	980,1		
932,9833	0,7378	981,5	980,6	980,2		
933,0666	0,7403	981,5	980,5	980,1		
933,1500	0,7386	981,4	980,5	980,2		
933,2333	0,7407	981,5	980,5	980,2		
933,3166	0,7399	981,5	980,6	980,2		
933,4000	0,7370	981,4	980,5	980,2		
933,4833	0,7395	981,4	980,5	980,2		
933,5666	0,7374	981,5	980,6	980,2		
933,6500	0,7399	981,5	980,6	980,2		
933,7333	0,7441	981,6	980,6	980,2		
933,8166	0,7407	981,5	980,5	980,2		
933,9000	0,7437	981,5	980,5	980,2		
933,9833	0,7353	981,5	980,6	980,1		
934,0666	0,7365	981,4	980,6	980,1		
934,1500	0,7407	981,5	980,5	980,2		
934,2333	0,7437	981,4	980,5	980,2		
934,3166	0,7428	981,5	980,6	980,2		
934,4000	0,7412	981,5	980,6	980,2		
934,4833	0,7391	981,5	980,5	980,1		
934,5666	0,7449	981,5	980,6	980,1		
934,6500	0,7399	981,5	980,6	980,1		
934,7333	0,7433	981,4	980,5	980,1		
934,8166	0,7491	981,5	980,5	980,2		
934,9000	0,7437	981,5	980,6	980,2		
934,9833	0,7433	981,5	980,6	980,1		
935,0666	0,7374	981,5	980,6	980,2		
935,1500	0,7403	981,5	980,6	980,2		
935,2333	0,7483	981,5	980,6	980,2		
935,3166	0,7403	981,4	980,5	980,2		
935,4000	0,7382	981,6	980,6	980,1		
935,4833	0,7407	981,5	980,6	980,1		
935,5666	0,7449	981,5	980,6	980,1		
935,6500	0,7370	981,4	980,5	980,1		
935,7333	0,7470	981,5	980,6	980,2		
935,8166	0,7361	981,5	980,6	980,2		
935,9000	0,7403	981,4	980,5	980,1		
935,9833	0,7428	981,4	980,5	980,2		
936,0666	0,7319	981,5	980,6	980,2		
936,1500	0,7353	981,4	980,5	980,1		
936,2333	0,7399	981,4	980,4	980,1		
936,3166	0,7445	981,5	980,6	980,2		
936,4000	0,7466	981,5	980,5	980,1		
936,4833	0,7407	981,6	980,6	980,3		
936,5666	0,7445	981,5	980,5	980,1		
936,6500	0,7416	981,4	980,5	980,2		
936,7333	0,7458	981,5	980,6	980,2		
936,8166	0,7462	981,5	980,6	980,2		
936,9000	0,7458	981,5	980,5	980,2		
936,9833	0,7412	981,5	980,6	980,2		
937,0666	0,7454	981,4	980,6	980,2		
937,1500	0,7470	981,5	980,6	980,2		
937,2333	0,7458	981,5	980,6	980,2		
937,3166	0,7454	981,5	980,5	980,2		
937,4000	0,7403	981,6	980,6	980,2		
937,4833	0,7416	981,5	980,5	980,2		
937,5666	0,7416	981,5	980,6	980,2		
937,6500	0,7403	981,4	980,5	980,1		
937,7333	0,7475	981,4	980,5	980,1		
937,8166	0,7449	981,5	980,6	980,3		
937,9000	0,7441	981,5	980,6	980,3		
937,9833	0,7449	981,5	980,6	980,2		
938,0666	0,7428	981,4	980,5	980,1		
938,1500	0,7458	981,5	980,5	980,1		
938,2333	0,7403	981,5	980,5	980,1		
938,3166	0,7424	981,4	980,5	980,1		
938,4000	0,7466	981,5	980,5	980,2		
938,4833	0,7491	981,5	980,5	980,2		
938,5666	0,7483	981,6	980,6	980,3		
938,6500	0,7395	981,5	980,6	980,2		
938,7333	0,7529	981,5	980,5	980,2		
938,8166	0,7437	981,5	980,6	980,3		
938,9000	0,7441	981,5	980,6	980,3		
938,9833	0,7445	981,5	980,6	980,2		
939,0666	0,7403	981,5	980,6	980,1		
939,1500	0,7470	981,5	980,6	980,2		
939,2333	0,7449	981,5	980,6	980,2		
939,3166	0,7483	981,4	980,5	980,1		
939,4000	0,7479	981,5	980,6	980,1		
939,4833	0,7416	981,4	980,6	980,2		
939,5666	0,7399	981,4	980,5	980,2		
939,6500	0,7462	981,5	980,6	980,2		
939,7333	0,7412	981,4	980,5	980,2		
939,8166	0,7433	981,4	980,5	980,1		
939,9000	0,7365	981,5	980,6	980,2		
939,9833	0,7466	981,5	980,6	980,2		
940,0666	0,7479	981,5	980,5	980,1		
940,1500	0,7454	981,5	980,5	980,2		
940,2333	0,7357	981,6	980,6	980,1		
940,3166	0,7433	981,5	980,5	980,1		
940,4000	0,7487	981,5	980,5	980,2		
940,4833	0,7407	981,5	980,5	980,1		
940,5666	0,7500	981,4	980,6	980,2		
940,6500	0,7407	981,4	980,6	980,2		
940,7333	0,7487	981,4	980,5	980,2		
940,8166	0,7504	981,5	980,6	980,2		
940,9000	0,7495	981,4	980,5	980,1		
940,9833	0,7441	981,5	980,6	980,2		
941,0666	0,7449	981,4	980,6	980,2		
941,1500	0,7416	981,5	980,6	980,1		
941,2333	0,7500	981,5	980,6	980,2		
941,3166	0,7449	981,5	980,6	980,2		
941,4000	0,7487	981,5	980,6	980,2		
941,4833	0,7521	981,5	980,5	980,2		
941,5666	0,7449	981,5	980,6	980,2		
941,6500	0,7449	981,5	980,6	980,3		
941,7333	0,7479	981,4	980,5	980,2		
941,8166	0,7554	981,5	980,6	980,2		
941,9000	0,7487	981,4	980,5	980,2		
941,9833	0,7412	981,6	980,7	980,3		
942,0666	0,7466	981,5	980,5	980,2		
942,1500	0,7491	981,4	980,6	980,2		
942,2333	0,7479	981,4	980,6	980,3		
942,3166	0,7479	981,5	980,6	980,2		
942,4000	0,7462	981,5	980,6	980,2		
942,4833	0,7521	981,4	980,5	980,2		
942,5666	0,7491	981,4	980,6	980,2		
942,6500	0,7449	981,4	980,6	980,2		
942,7333	0,7571	981,5	980,6	980,2		
942,8166	0,7437	981,5	980,5	980,1		
942,9000	0,7395	981,5	980,6	980,1		
942,9833	0,7537	981,4	980,5	980,2		
943,0666	0,7462	981,5	980,6	980,2		
943,1500	0,7567	981,5	980,6	980,2		
943,2333	0,7487	981,5	980,6	980,2		
943,3166	0,7500	981,5	980,5	980,2		
943,4000	0,7521	981,4	980,5	980,1		
943,4833	0,7546	981,4	980,5	980,2		
943,5666	0,7550	981,5	980,6	980,1		
943,6500	0,7458	981,4	980,6	980,2		
943,7333	0,7495	981,6	980,6	980,2		
943,8166	0,7428	981,5	980,5	980,2		
943,9000	0,7592	981,6	980,6	980,1		
943,9833	0,7399	981,5	980,6	980,1		
944,0666	0,7458	981,4	980,6	980,1		
944,1500	0,7592	981,5	980,5	980,1		
944,2333	0,7550	981,5	980,6	980,3		
944,3166	0,7542	981,4	980,6	980,2		
944,4000	0,7470	981,4	980,6	980,1		
944,4833	0,7491	981,5	980,6	980,2		
944,5666	0,7529	981,5	980,6	980,3		
944,6500	0,7508	981,5	980,5	980,2		
944,7333	0,7491	981,5	980,5	980,2		
944,8166	0,7487	981,5	980,6	980,3		
944,9000	0,7504	981,5	980,5	980,1		
944,9833	0,7575	981,5	980,6	980,2		
945,0666	0,7554	981,5	980,6	980,2		
945,1500	0,7558	981,6	980,6	980,2		
945,2333	0,7487	981,5	980,6	980,2		
945,3166	0,7529	981,5	980,6	980,3		
945,4000	0,7542	981,4	980,5	980,2		
945,4833	0,7542	981,6	980,6	980,2		
945,5666	0,7470	981,5	980,5	980,1		
945,6500	0,7537	981,4	980,6	980,2		
945,7333	0,7521	981,5	980,5	980,2		
945,8166	0,7483	981,5	980,6	980,2		
945,9000	0,7512	981,4	980,5	980,2		
945,9833	0,7462	981,5	980,6	980,2		
946,0666	0,7529	981,4	980,5	980,2		
946,1500	0,7508	981,5	980,6	980,2		
946,2333	0,7504	981,5	980,6	980,2		
946,3166	0,7491	981,5	980,6	980,2		
946,4000	0,7542	981,5	980,6	980,3		
946,4833	0,7458	981,5	980,5	980,2		
946,5666	0,7491	981,5	980,6	980,2		
946,6500	0,7542	981,4	980,5	980,2		
946,7333	0,7500	981,4	980,5	980,2		
946,8167	0,7567	981,5	980,6	980,3		
946,9000	0,7504	981,4	980,6	980,3		
946,9833	0,7554	981,5	980,6	980,2		
947,0667	0,7487	981,5	980,6	980,2		
947,1500	0,7491	981,5	980,6	980,2		
947,2333	0,7567	981,5	980,6	980,2		
947,3167	0,7542	981,5	980,5	980,2		
947,4000	0,7449	981,5	980,6	980,2		
947,4833	0,7550	981,4	980,6	980,2		
947,5667	0,7504	981,5	980,6	980,2		
947,6500	0,7516	981,5	980,6	980,2		
947,7333	0,7592	981,4	980,6	980,2		
947,8167	0,7504	981,5	980,6	980,2		
947,9000	0,7542	981,5	980,6	980,2		
947,9833	0,7529	981,4	980,5	980,2		
948,0667	0,7563	981,5	980,6	980,3		
948,1500	0,7537	981,4	980,6	980,2		
948,2333	0,7609	981,5	980,6	980,2		
948,3167	0,7558	981,5	980,6	980,2		
948,4000	0,7596	981,5	980,6	980,2		
948,4833	0,7613	981,4	980,5	980,2		
948,5667	0,7487	981,5	980,6	980,2		
948,6500	0,7609	981,5	980,5	980,3		
948,7333	0,7575	981,5	980,6	980,2		
948,8167	0,7491	981,5	980,6	980,2		
948,9000	0,7546	981,6	980,6	980,2		
948,9833	0,7508	981,5	980,6	980,2		
949,0667	0,7533	981,5	980,6	980,2		
949,1500	0,7567	981,5	980,5	980,2		
949,2333	0,7554	981,5	980,6	980,3		
949,3167	0,7567	981,5	980,6	980,2		
949,4000	0,7483	981,4	980,5	980,2		
949,4833	0,7525	981,4	980,5	980,1		
949,5667	0,7550	981,5	980,6	980,2		
949,6500	0,7550	981,5	980,6	980,2		
949,7333	0,7500	981,4	980,5	980,2		
949,8167	0,7550	981,5	980,6	980,2		
949,9000	0,7550	981,5	980,6	980,2		
949,9833	0,7508	981,5	980,6	980,2		
950,0667	0,7579	981,5	980,6	980,3		
950,1500	0,7521	981,5	980,6	980,2		
950,2333	0,7508	981,5	980,6	980,3		
950,3167	0,7491	981,5	980,6	980,3		
950,4000	0,7508	981,6	980,6	980,2		
950,4833	0,7500	981,5	980,6	980,3		
950,5667	0,7521	981,4	980,6	980,2		
950,6500	0,7529	981,5	980,6	980,2		
950,7333	0,7550	981,6	980,6	980,3		
950,8167	0,7504	981,5	980,6	980,3		
950,9000	0,7584	981,5	980,6	980,3		
950,9833	0,7630	981,4	980,6	980,2		
951,0667	0,7575	981,5	980,6	980,2		
951,1500	0,7475	981,5	980,6	980,3		
951,2333	0,7462	981,5	980,6	980,3		
951,3167	0,7525	981,6	980,6	980,3		
951,4000	0,7584	981,5	980,6	980,2		
951,4833	0,7542	981,5	980,5	980,2		
951,5667	0,7584	981,4	980,5	980,1		
951,6500	0,7579	981,5	980,6	980,2		
951,7333	0,7596	981,4	980,5	980,2		
951,8167	0,7600	981,5	980,6	980,2		
951,9000	0,7634	981,6	980,6	980,2		
951,9833	0,7609	981,5	980,5	980,2		
952,0667	0,7508	981,5	980,6	980,2		
952,1500	0,7634	981,5	980,6	980,3		
952,2333	0,7596	981,5	980,6	980,2		
952,3167	0,7588	981,4	980,5	980,2		
952,4000	0,7626	981,5	980,6	980,3		
952,4833	0,7584	981,4	980,6	980,1		
952,5667	0,7609	981,5	980,6	980,2		
952,6500	0,7558	981,5	980,6	980,3		
952,7333	0,7558	981,5	980,5	980,1		
952,8167	0,7533	981,5	980,5	980,1		
952,9000	0,7529	981,6	980,7	980,3		
952,9833	0,7634	981,5	980,6	980,3		
953,0667	0,7575	981,5	980,6	980,3		
953,1500	0,7588	981,5	980,6	980,3		
953,2333	0,7563	981,5	980,6	980,2		
953,3167	0,7542	981,5	980,6	980,2		
953,4000	0,7584	981,5	980,5	980,2		
953,4833	0,7558	981,4	980,6	980,2		
953,5667	0,7529	981,5	980,6	980,2		
953,6500	0,7626	981,6	980,6	980,2		
953,7333	0,7542	981,5	980,6	980,3		
953,8167	0,7659	981,3	980,5	980,1		
953,9000	0,7609	981,5	980,5	980,1		
953,9833	0,7609	981,4	980,5	980,2		
954,0667	0,7588	981,5	980,6	980,2		
954,1500	0,7600	981,5	980,6	980,3		
954,2333	0,7558	981,5	980,5	980,2		
954,3167	0,7617	981,6	980,7	980,3		
954,4000	0,7596	981,5	980,5	980,2		
954,4833	0,7546	981,3	980,4	980,1		
954,5667	0,7575	981,5	980,6	980,2		
954,6500	0,7613	981,5	980,6	980,3		
954,7333	0,7550	981,4	980,6	980,3		
954,8167	0,7621	981,5	980,6	980,2		
954,9000	0,7596	981,5	980,6	980,2		
954,9833	0,7651	981,6	980,7	980,3		
955,0667	0,7638	981,5	980,7	980,2		
955,1500	0,7512	981,5	980,6	980,3		
955,2333	0,7609	981,5	980,6	980,2		
955,3167	0,7554	981,4	980,5	980,2		
955,4000	0,7512	981,5	980,6	980,2		
955,4833	0,7605	981,5	980,6	980,2		
955,5667	0,7621	981,5	980,6	980,3		
955,6500	0,7651	981,6	980,6	980,3		
955,7333	0,7584	981,5	980,6	980,2		
955,8167	0,7626	981,6	980,6	980,3		
955,9000	0,7609	981,5	980,5	980,2		
955,9833	0,7558	981,5	980,6	980,2		
956,0667	0,7504	981,5	980,6	980,2		
956,1500	0,7613	981,5	980,6	980,2		
956,2333	0,7651	981,5	980,6	980,2		
956,3167	0,7546	981,6	980,6	980,2		
956,4000	0,7705	981,5	980,5	980,2		
956,4833	0,7563	981,5	980,6	980,3		
956,5667	0,7609	981,5	980,6	980,3		
956,6500	0,7667	981,5	980,6	980,3		
956,7333	0,7584	981,5	980,7	980,3		
956,8167	0,7588	981,5	980,6	980,2		
956,9000	0,7563	981,5	980,6	980,2		
956,9833	0,7600	981,5	980,6	980,3		
957,0667	0,7567	981,6	980,7	980,3		
957,1500	0,7667	981,7	980,6	980,2		
957,2333	0,7655	981,6	980,6	980,3		
957,3167	0,7600	981,5	980,7	980,3		
957,4000	0,7588	981,5	980,6	980,3		
957,4833	0,7621	981,4	980,6	980,2		
957,5667	0,7617	981,6	980,7	980,3		
957,6500	0,7596	981,6	980,7	980,3		
957,7333	0,7605	981,6	980,6	980,2		
957,8167	0,7638	981,5	980,6	980,2		
957,9000	0,7676	981,5	980,6	980,2		
957,9833	0,7613	981,5	980,6	980,2		
958,0667	0,7626	981,6	980,6	980,3		
958,1500	0,7626	981,5	980,6	980,2		
958,2333	0,7605	981,6	980,6	980,3		
958,3167	0,7584	981,6	980,6	980,3		
958,4000	0,7613	981,5	980,6	980,3		
958,4833	0,7600	981,5	980,6	980,2		
958,5667	0,7575	981,6	980,6	980,3		
958,6500	0,7626	981,5	980,6	980,3		
958,7333	0,7617	981,4	980,5	980,2		
958,8167	0,7646	981,5	980,7	980,3		
958,9000	0,7663	981,6	980,7	980,3		
958,9833	0,7672	981,6	980,6	980,2		
959,0667	0,7705	981,7	980,8	980,6		
959,1500	0,7655	981,6	980,7	980,3		
959,2333	0,7613	981,5	980,6	980,3		
959,3167	0,7554	981,6	980,6	980,2		
959,4000	0,7626	981,5	980,6	980,2		
959,4833	0,7592	981,5	980,7	980,4		
959,5667	0,7621	981,5	980,6	980,3		
959,6500	0,7617	981,5	980,6	980,2		
959,7333	0,7659	981,5	980,6	980,2		
959,8167	0,7550	981,5	980,6	980,3		
959,9000	0,7655	981,5	980,6	980,3		
959,9833	0,7764	981,5	980,7	980,4		
960,0667	0,7638	981,6	980,7	980,3		
960,1500	0,7613	981,5	980,7	980,3		
960,2333	0,7663	981,5	980,6	980,2		
960,3167	0,7596	981,4	980,6	980,3		
960,4000	0,7634	981,6	980,7	980,3		
960,4833	0,7621	981,6	980,7	980,3		
960,5667	0,7638	981,6	980,6	980,2		
960,6500	0,7705	981,5	980,6	980,3		
960,7333	0,7663	981,5	980,6	980,3		
960,8167	0,7667	981,5	980,6	980,3		
960,9000	0,7600	981,6	980,6	980,3		
960,9833	0,7646	981,6	980,6	980,3		
961,0667	0,7701	981,6	980,7	980,4		
961,1500	0,7693	981,5	980,6	980,3		
961,2333	0,7567	981,4	980,6	980,2		
961,3167	0,7672	981,5	980,6	980,3		
961,4000	0,7626	981,6	980,7	980,3		
961,4833	0,7672	981,5	980,7	980,3		
961,5667	0,7705	981,5	980,6	980,3		
961,6500	0,7626	981,6	980,6	980,3		
961,7333	0,7655	981,5	980,6	980,2		
961,8167	0,7646	981,5	980,6	980,2		
961,9000	0,7697	981,6	980,6	980,2		
961,9833	0,7680	981,6	980,6	980,2		
962,0667	0,7600	981,5	980,6	980,3		
962,1500	0,7688	981,5	980,6	980,2		
962,2333	0,7688	981,5	980,7	980,3		
962,3167	0,7630	981,5	980,6	980,3		
962,4000	0,7705	981,5	980,6	980,2		
962,4833	0,7550	981,7	980,6	980,3		
962,5667	0,7613	981,5	980,6	980,2		
962,6500	0,7701	981,5	980,6	980,3		
962,7333	0,7659	981,6	980,7	980,3		
962,8167	0,7655	981,5	980,6	980,3		
962,9000	0,7688	981,6	980,6	980,3		
962,9833	0,7613	981,6	980,6	980,4		
963,0667	0,7659	981,6	980,6	980,2		
963,1500	0,7630	981,5	980,6	980,2		
963,2333	0,7672	981,5	980,6	980,2		
963,3167	0,7688	981,5	980,6	980,3		
963,4000	0,7638	981,5	980,6	980,3		
963,4833	0,7693	981,5	980,5	980,2		
963,5667	0,7718	981,6	980,7	980,3		
963,6500	0,7659	981,5	980,6	980,2		
963,7333	0,7714	981,6	980,6	980,3		
963,8167	0,7663	981,6	980,7	980,3		
963,9000	0,7730	981,6	980,6	980,3		
963,9833	0,7676	981,6	980,6	980,2		
964,0667	0,7663	981,5	980,6	980,3		
964,1500	0,7667	981,4	980,6	980,3		
964,2333	0,7726	981,6	980,6	980,4		
964,3167	0,7663	981,4	980,6	980,3		
964,4000	0,7701	981,4	980,5	980,2		
964,4833	0,7663	981,6	980,6	980,3		
964,5667	0,7651	981,5	980,6	980,2		
964,6500	0,7768	981,6	980,6	980,3		
964,7333	0,7613	981,6	980,7	980,3		
964,8167	0,7701	981,5	980,6	980,2		
964,9000	0,7705	981,4	980,5	980,2		
964,9833	0,7697	981,4	980,5	980,2		
965,0667	0,7663	981,5	980,6	980,3		
965,1500	0,7714	981,5	980,6	980,2		
965,2333	0,7726	981,5	980,6	980,3		
965,3167	0,7676	981,5	980,6	980,2		
965,4000	0,7621	981,5	980,6	980,3		
965,4833	0,7663	981,6	980,6	980,3		
965,5667	0,7688	981,6	980,6	980,2		
965,6500	0,7667	981,5	980,6	980,2		
965,7333	0,7714	981,5	980,6	980,2		
965,8167	0,7726	981,5	980,6	980,3		
965,9000	0,7743	981,5	980,6	980,3		
965,9833	0,7667	981,5	980,6	980,3		
966,0667	0,7735	981,5	980,6	980,3		
966,1500	0,7701	981,5	980,5	980,1		
966,2333	0,7751	981,5	980,5	980,2		
966,3167	0,7646	981,6	980,6	980,2		
966,4000	0,7722	981,5	980,6	980,3		
966,4833	0,7680	981,5	980,6	980,3		
966,5667	0,7705	981,5	980,6	980,3		
966,6500	0,7676	981,5	980,6	980,3		
966,7333	0,7684	981,4	980,6	980,2		
966,8167	0,7714	981,5	980,6	980,3		
966,9000	0,7714	981,6	980,7	980,3		
966,9833	0,7735	981,5	980,6	980,2		
967,0667	0,7663	981,6	980,6	980,3		
967,1500	0,7714	981,5	980,6	980,2		
967,2333	0,7705	981,5	980,6	980,3		
967,3167	0,7697	981,4	980,6	980,3		
967,4000	0,7726	981,5	980,6	980,3		
967,4833	0,7680	981,5	980,6	980,2		
967,5667	0,7718	981,4	980,6	980,3		
967,6500	0,7751	981,5	980,5	980,2		
967,7333	0,7638	981,4	980,5	980,3		
967,8167	0,7751	981,6	980,6	980,2		
967,9000	0,7667	981,5	980,6	980,2		
967,9833	0,7735	981,5	980,6	980,2		
968,0667	0,7646	981,5	980,6	980,2		
968,1500	0,7697	981,5	980,7	980,3		
968,2333	0,7760	981,5	980,5	980,2		
968,3167	0,7714	981,5	980,6	980,2		
968,4000	0,7747	981,5	980,6	980,3		
968,4833	0,7714	981,4	980,5	980,2		
968,5667	0,7785	981,6	980,7	980,3		
968,6500	0,7697	981,6	980,6	980,3		
968,7333	0,7709	981,5	980,5	980,2		
968,8167	0,7714	981,5	980,7	980,3		
968,9000	0,7743	981,6	980,7	980,3		
968,9833	0,7739	981,5	980,6	980,3		
969,0667	0,7714	981,4	980,6	980,2		
969,1500	0,7688	981,5	980,6	980,2		
969,2333	0,7718	981,5	980,6	980,3		
969,3167	0,7709	981,5	980,6	980,3		
969,4000	0,7709	981,6	980,7	980,3		
969,4833	0,7621	981,5	980,6	980,3		
969,5667	0,7735	981,5	980,7	980,3		
969,6500	0,7781	981,5	980,6	980,3		
969,7333	0,7697	981,5	980,6	980,2		
969,8167	0,7785	981,5	980,6	980,2		
969,9000	0,7672	981,5	980,6	980,3		
969,9833	0,7667	981,5	980,6	980,3		
970,0667	0,7718	981,6	980,6	980,3		
970,1500	0,7697	981,5	980,6	980,2		
970,2333	0,7663	981,5	980,6	980,3		
970,3167	0,7730	981,5	980,6	980,2		
970,4000	0,7726	981,6	980,7	980,3		
970,4833	0,7772	981,5	980,6	980,3		
970,5667	0,7781	981,5	980,6	980,3		
970,6500	0,7722	981,5	980,6	980,2		
970,7333	0,7642	981,6	980,6	980,3		
970,8167	0,7693	981,6	980,7	980,3		
970,9000	0,7722	981,5	980,6	980,2		
970,9833	0,7697	981,5	980,6	980,3		
971,0667	0,7756	981,5	980,6	980,3		
971,1500	0,7735	981,4	980,5	980,2		
971,2333	0,7760	981,4	980,6	980,3		
971,3167	0,7764	981,5	980,6	980,3		
971,4000	0,7764	981,4	980,6	980,3		
971,4833	0,7760	981,5	980,6	980,3		
971,5667	0,7714	981,6	980,6	980,2		
971,6500	0,7667	981,6	980,7	980,3		
971,7333	0,7718	981,6	980,6	980,2		
971,8167	0,7705	981,5	980,6	980,3		
971,9000	0,7743	981,5	980,6	980,3		
971,9833	0,7777	981,5	980,6	980,3		
972,0667	0,7730	981,5	980,6	980,3		
972,1500	0,7726	981,6	980,7	980,3		
972,2333	0,7814	981,5	980,6	980,2		
972,3167	0,7705	981,5	980,5	980,2		
972,4000	0,7722	981,6	980,5	980,2		
972,4833	0,7730	981,5	980,6	980,2		
972,5667	0,7743	981,5	980,6	980,3		
972,6500	0,7831	981,4	980,5	980,2		
972,7333	0,7693	981,4	980,6	980,3		
972,8167	0,7839	981,5	980,6	980,3		
972,9000	0,7714	981,5	980,6	980,3		
972,9833	0,7777	981,5	980,6	980,3		
973,0667	0,7814	981,6	980,7	980,4		
973,1500	0,7688	981,6	980,7	980,3		
973,2333	0,7663	981,5	980,6	980,2		
973,3167	0,7810	981,5	980,6	980,2		
973,4000	0,7714	981,5	980,6	980,3		
973,4833	0,7743	981,5	980,6	980,2		
973,5667	0,7735	981,5	980,6	980,3		
973,6500	0,7768	981,4	980,6	980,2		
973,7333	0,7777	981,5	980,6	980,3		
973,8167	0,7781	981,5	980,6	980,2		
973,9000	0,7730	981,5	980,6	980,3		
973,9833	0,7772	981,5	980,6	980,3		
974,0667	0,7756	981,4	980,6	980,2		
974,1500	0,7726	981,5	980,6	980,2		
974,2333	0,7764	981,5	980,6	980,3		
974,3167	0,7777	981,5	980,6	980,2		
974,4000	0,7726	981,5	980,7	980,3		
974,4833	0,7751	981,5	980,6	980,3		
974,5667	0,7781	981,4	980,6	980,2		
974,6500	0,7806	981,5	980,6	980,2		
974,7333	0,7739	981,6	980,6	980,4		
974,8167	0,7827	981,5	980,6	980,3		
974,9000	0,7814	981,4	980,6	980,2		
974,9833	0,7793	981,4	980,5	980,2		
975,0667	0,7735	981,5	980,6	980,3		
975,1500	0,7697	981,5	980,5	980,2		
975,2333	0,7743	981,6	980,7	980,3		
975,3167	0,7772	981,6	980,7	980,4		
975,4000	0,7743	981,5	980,6	980,2		
975,4833	0,7751	981,5	980,5	980,1		
975,5667	0,7810	981,5	980,6	980,3		
975,6500	0,7743	981,6	980,6	980,3		
975,7333	0,7768	981,5	980,6	980,2		
975,8167	0,7781	981,4	980,5	980,2		
975,9000	0,7785	981,5	980,6	980,3		
975,9833	0,7756	981,5	980,6	980,3		
976,0667	0,7772	981,6	980,6	980,3		
976,1500	0,7802	981,5	980,6	980,2		
976,2333	0,7751	981,5	980,6	980,3		
976,3167	0,7730	981,5	980,6	980,2		
976,4000	0,7814	981,5	980,6	980,3		
976,4833	0,7806	981,5	980,6	980,3		
976,5667	0,7806	981,5	980,7	980,4		
976,6500	0,7818	981,4	980,6	980,2		
976,7333	0,7785	981,5	980,5	980,2		
976,8167	0,7764	981,5	980,6	980,2		
976,9000	0,7797	981,5	980,6	980,2		
976,9833	0,7722	981,5	980,6	980,2		
977,0667	0,7722	981,5	980,6	980,2		
977,1500	0,7810	981,6	980,7	980,3		
977,2333	0,7806	981,4	980,6	980,2		
977,3167	0,7839	981,4	980,5	980,2		
977,4000	0,7793	981,6	980,7	980,3		
977,4833	0,7806	981,5	980,6	980,2		
977,5667	0,7760	981,5	980,7	980,4		
977,6500	0,7827	981,5	980,6	980,2		
977,7333	0,7789	981,5	980,6	980,2		
977,8167	0,7756	981,5	980,6	980,3		
977,9000	0,7768	981,6	980,6	980,3		
977,9833	0,7714	981,6	980,6	980,2		
978,0667	0,7739	981,5	980,6	980,3		
978,1500	0,7806	981,5	980,6	980,2		
978,2333	0,7848	981,5	980,6	980,2		
978,3167	0,7818	981,5	980,6	980,3		
978,4000	0,7823	981,5	980,6	980,2		
978,4833	0,7756	981,5	980,6	980,3		
978,5667	0,7835	981,5	980,7	980,3		
978,6500	0,7856	981,5	980,6	980,2		
978,7333	0,7797	981,4	980,6	980,2		
978,8167	0,7835	981,5	980,7	980,3		
978,9000	0,7751	981,6	980,6	980,3		
978,9833	0,7756	981,5	980,6	980,3		
979,0667	0,7768	981,5	980,6	980,2		
979,1500	0,7743	981,5	980,6	980,2		
979,2333	0,7827	981,5	980,6	980,3		
979,3167	0,7894	981,5	980,6	980,2		
979,4000	0,7806	981,5	980,7	980,3		
979,4833	0,7839	981,6	980,6	980,3		
979,5667	0,7827	981,4	980,5	980,3		
979,6500	0,7726	981,5	980,6	980,3		
979,7333	0,7789	981,6	980,6	980,3		
979,8167	0,7806	981,5	980,6	980,2		
979,9000	0,7814	981,5	980,6	980,2		
979,9833	0,7802	981,5	980,6	980,3		
980,0667	0,7789	981,5	980,5	980,2		
980,1500	0,7823	981,5	980,6	980,4		
980,2333	0,7751	981,5	980,6	980,3		
980,3167	0,7856	981,5	980,7	980,2		
980,4000	0,7865	981,6	980,6	980,3		
980,4833	0,7902	981,4	980,5	980,2		
980,5667	0,7810	981,5	980,6	980,2		
980,6500	0,7823	981,5	980,6	980,2		
980,7333	0,7785	981,4	980,6	980,2		
980,8167	0,7860	981,5	980,6	980,3		
980,9000	0,7848	981,5	980,6	980,3		
980,9833	0,7810	981,5	980,6	980,2		
981,0667	0,7827	981,5	980,6	980,3		
981,1500	0,7831	981,6	980,6	980,2		
981,2333	0,7839	981,6	980,7	980,3		
981,3167	0,7823	981,5	980,6	980,2		
981,4000	0,7835	981,4	980,6	980,2		
981,4833	0,7810	981,5	980,7	980,3		
981,5667	0,7831	981,5	980,6	980,2		
981,6500	0,7797	981,5	980,6	980,3		
981,7333	0,7869	981,5	980,6	980,3		
981,8167	0,7810	981,5	980,6	980,3		
981,9000	0,7886	981,5	980,6	980,2		
981,9833	0,7806	981,5	980,6	980,2		
982,0667	0,7902	981,4	980,6	980,2		
982,1500	0,7827	981,5	980,6	980,2		
982,2333	0,7881	981,5	980,6	980,3		
982,3167	0,7865	981,5	980,6	980,3		
982,4000	0,7810	981,5	980,6	980,2		
982,4833	0,7856	981,4	980,6	980,3		
982,5667	0,7831	981,5	980,6	980,3		
982,6500	0,7814	981,6	980,6	980,2		
982,7333	0,7810	981,5	980,6	980,2		
982,8167	0,7848	981,5	980,6	980,2		
982,9000	0,7856	981,5	980,6	980,3		
982,9833	0,7818	981,5	980,6	980,2		
983,0667	0,7890	981,5	980,6	980,3		
983,1500	0,7860	981,6	980,6	980,3		
983,2333	0,7797	981,6	980,7	980,3		
983,3167	0,7865	981,5	980,6	980,2		
983,4000	0,7848	981,6	980,6	980,3		
983,4833	0,7768	981,5	980,6	980,2		
983,5667	0,7806	981,4	980,6	980,2		
983,6500	0,7865	981,5	980,6	980,2		
983,7333	0,7839	981,5	980,6	980,2		
983,8167	0,7865	981,4	980,5	980,2		
983,9000	0,7844	981,5	980,6	980,3		
983,9833	0,7818	981,5	980,6	980,3		
984,0667	0,7823	981,5	980,7	980,3		
984,1500	0,7831	981,4	980,6	980,2		
984,2333	0,7965	981,5	980,6	980,2		
984,3167	0,7789	981,5	980,6	980,2		
984,4000	0,7831	981,5	980,6	980,2		
984,4833	0,7869	981,6	980,6	980,3		
984,5667	0,7894	981,5	980,6	980,3		
984,6500	0,7831	981,5	980,6	980,2		
984,7333	0,7856	981,4	980,6	980,2		
984,8167	0,7911	981,5	980,6	980,3		
984,9000	0,7860	981,5	980,6	980,2		
984,9833	0,7877	981,5	980,6	980,2		
985,0667	0,7865	981,5	980,6	980,3		
985,1500	0,7886	981,5	980,7	980,3		
985,2333	0,7814	981,5	980,7	980,3		
985,3167	0,7818	981,5	980,7	980,3		
985,4000	0,7818	981,4	980,6	980,2		
985,4833	0,7852	981,4	980,6	980,2		
985,5667	0,7831	981,4	980,6	980,2		
985,6500	0,7865	981,5	980,6	980,3		
985,7333	0,7856	981,5	980,6	980,2		
985,8167	0,7865	981,5	980,6	980,2		
985,9000	0,7877	981,5	980,6	980,3		
985,9833	0,7932	981,5	980,7	980,4		
986,0667	0,7852	981,4	980,5	980,2		
986,1500	0,7881	981,6	980,7	980,3		
986,2333	0,7881	981,5	980,7	980,3		
986,3167	0,7886	981,4	980,6	980,2		
986,4000	0,7848	981,5	980,7	980,3		
986,4833	0,7873	981,5	980,6	980,2		
986,5667	0,7898	981,4	980,6	980,2		
986,6500	0,7923	981,4	980,6	980,2		
986,7333	0,7839	981,6	980,7	980,3		
986,8167	0,7923	981,6	980,7	980,3		
986,9000	0,7806	981,5	980,6	980,3		
986,9833	0,7860	981,5	980,6	980,2		
987,0667	0,7789	981,4	980,6	980,3		
987,1500	0,7898	981,6	980,8	980,4		
987,2333	0,7789	981,5	980,7	980,3		
987,3167	0,7823	981,5	980,6	980,2		
987,4000	0,7865	981,5	980,6	980,3		
987,4833	0,7919	981,5	980,7	980,3		
987,5667	0,7831	981,5	980,6	980,2		
987,6500	0,7844	981,5	980,6	980,3		
987,7333	0,7890	981,4	980,5	980,2		
987,8167	0,7860	981,5	980,6	980,2		
987,9000	0,7814	981,5	980,6	980,2		
987,9833	0,7827	981,5	980,6	980,3		
988,0667	0,7953	981,5	980,6	980,2		
988,1500	0,7886	981,4	980,6	980,2		
988,2333	0,7928	981,4	980,5	980,2		
988,3167	0,7928	981,5	980,5	980,2		
988,4000	0,7928	981,5	980,6	980,3		
988,4833	0,7911	981,5	980,6	980,3		
988,5667	0,7974	981,5	980,6	980,3		
988,6500	0,7911	981,4	980,6	980,3		
988,7333	0,7936	981,5	980,7	980,3		
988,8167	0,7869	981,5	980,6	980,3		
988,9000	0,7894	981,4	980,6	980,3		
988,9833	0,7886	981,5	980,6	980,2		
989,0667	0,7844	981,5	980,6	980,3		
989,1500	0,7902	981,5	980,6	980,2		
989,2333	0,7944	981,5	980,6	980,2		
989,3167	0,7865	981,5	980,7	980,3		
989,4000	0,7923	981,4	980,6	980,2		
989,4833	0,7877	981,5	980,6	980,2		
989,5667	0,7911	981,6	980,6	980,3		
989,6500	0,7869	981,4	980,6	980,3		
989,7333	0,7894	981,5	980,6	980,2		
989,8167	0,7978	981,5	980,6	980,2		
989,9000	0,7890	981,5	980,6	980,2		
989,9833	0,7907	981,5	980,7	980,3		
990,0667	0,7944	981,5	980,6	980,3		
990,1500	0,7856	981,5	980,6	980,3		
990,2333	0,7865	981,5	980,6	980,3		
990,3167	0,7898	981,5	980,5	980,2		
990,4000	0,7928	981,4	980,6	980,2		
990,4833	0,7869	981,5	980,6	980,3		
990,5667	0,7877	981,5	980,6	980,3		
990,6500	0,7911	981,5	980,6	980,2		
990,7333	0,7907	981,5	980,6	980,3		
990,8167	0,7827	981,5	980,7	980,3		
990,9000	0,7886	981,5	980,6	980,3		
990,9833	0,7948	981,5	980,6	980,3		
991,0667	0,7948	981,5	980,6	980,3		
991,1500	0,8016	981,4	980,6	980,2		
991,2333	0,7915	981,5	980,6	980,3		
991,3167	0,7894	981,5	980,6	980,2		
991,4000	0,7948	981,5	980,6	980,1		
991,4833	0,7823	981,5	980,6	980,2		
991,5667	0,7881	981,4	980,6	980,2		
991,6500	0,7877	981,4	980,5	980,3		
991,7333	0,7957	981,5	980,6	980,3		
991,8167	0,7944	981,5	980,7	980,3		
991,9000	0,7865	981,5	980,6	980,2		
991,9833	0,7974	981,5	980,6	980,2		
992,0667	0,7936	981,5	980,5	980,2		
992,1500	0,7928	981,5	980,6	980,3		
992,2333	0,7923	981,5	980,6	980,3		
992,3167	0,7957	981,5	980,7	980,3		
992,4000	0,7890	981,5	980,6	980,3		
992,4833	0,7969	981,5	980,6	980,3		
992,5667	0,7881	981,5	980,6	980,3		
992,6500	0,7957	981,5	980,6	980,3		
992,7333	0,7907	981,4	980,6	980,3		
992,8167	0,7969	981,5	980,6	980,3		
992,9000	0,7936	981,4	980,6	980,2		
992,9833	0,7948	981,5	980,6	980,2		
993,0667	0,7907	981,5	980,6	980,2		
993,1500	0,7919	981,5	980,6	980,3		
993,2333	0,7915	981,5	980,7	980,4		
993,3167	0,7915	981,4	980,6	980,3		
993,4000	0,7827	981,5	980,6	980,3		
993,4833	0,7932	981,5	980,6	980,2		
993,5667	0,7865	981,4	980,6	980,2		
993,6500	0,7961	981,5	980,6	980,2		
993,7333	0,7923	981,5	980,6	980,3		
993,8167	0,7961	981,5	980,5	980,2		
993,9000	0,7869	981,4	980,6	980,3		
993,9833	0,7961	981,6	980,7	980,4		
994,0667	0,7928	981,5	980,6	980,3		
994,1500	0,7974	981,5	980,6	980,3		
994,2333	0,7953	981,5	980,7	980,3		
994,3167	0,7915	981,6	980,7	980,3		
994,4000	0,7919	981,4	980,5	980,1		
994,4833	0,7936	981,5	980,6	980,3		
994,5667	0,7986	981,4	980,5	980,2		
994,6500	0,8016	981,5	980,6	980,4		
994,7333	0,7978	981,5	980,6	980,3		
994,8167	0,7923	981,5	980,6	980,3		
994,9000	0,7965	981,5	980,6	980,3		
994,9833	0,7932	981,4	980,6	980,3		
995,0667	0,7902	981,5	980,6	980,2		
995,1500	0,7928	981,6	980,7	980,3		
995,2333	0,7911	981,6	980,6	980,2		
995,3167	0,7940	981,6	980,7	980,2		
995,4000	0,7978	981,5	980,6	980,2		
995,4833	0,7894	981,5	980,6	980,3		
995,5667	0,8020	981,6	980,6	980,3		
995,6500	0,7940	981,5	980,6	980,2		
995,7333	0,7982	981,5	980,6	980,2		
995,8167	0,7957	981,5	980,6	980,2		
995,9000	0,7982	981,5	980,6	980,3		
995,9833	0,7982	981,5	980,6	980,3		
996,0667	0,7923	981,5	980,6	980,2		
996,1500	0,7969	981,5	980,5	980,2		
996,2333	0,7957	981,5	980,5	980,2		
996,3167	0,7995	981,4	980,6	980,3		
996,4000	0,8041	981,5	980,5	980,2		
996,4833	0,7928	981,5	980,7	980,3		
996,5667	0,7986	981,5	980,7	980,3		
996,6500	0,7978	981,5	980,6	980,3		
996,7333	0,8024	981,5	980,6	980,3		
996,8167	0,7995	981,5	980,5	980,3		
996,9000	0,7940	981,5	980,7	980,3		
996,9833	0,7957	981,5	980,6	980,3		
997,0667	0,7940	981,6	980,6	980,3		
997,1500	0,7919	981,5	980,6	980,2		
997,2333	0,7990	981,5	980,6	980,3		
997,3167	0,7999	981,5	980,6	980,2		
997,4000	0,7948	981,5	980,6	980,3		
997,4833	0,7894	981,5	980,6	980,3		
997,5667	0,8028	981,5	980,6	980,3		
997,6500	0,7919	981,5	980,6	980,3		
997,7333	0,7953	981,5	980,6	980,2		
997,8167	0,7982	981,5	980,6	980,2		
997,9000	0,7978	981,4	980,6	980,3		
997,9833	0,7978	981,4	980,6	980,3		
998,0667	0,8011	981,6	980,6	980,3		
998,1500	0,8016	981,5	980,6	980,3		
998,2333	0,8011	981,5	980,6	980,3		
998,3167	0,8032	981,5	980,6	980,3		
998,4000	0,7907	981,6	980,6	980,3		
998,4833	0,7948	981,5	980,6	980,3		
998,5667	0,7940	981,4	980,6	980,2		
998,6500	0,7999	981,5	980,7	980,3		
998,7333	0,7957	981,5	980,6	980,2		
998,8167	0,8074	981,5	980,7	980,4		
998,9000	0,8037	981,5	980,5	980,2		
998,9833	0,7969	981,5	980,6	980,3		
999,0667	0,7936	981,6	980,6	980,3		
999,1500	0,7932	981,5	980,6	980,3		
999,2333	0,7965	981,5	980,6	980,2		
999,3167	0,8007	981,5	980,6	980,3		
999,4000	0,7995	981,4	980,6	980,3		
999,4833	0,8024	981,5	980,6	980,3		
999,5667	0,7940	981,5	980,6	980,3		
999,6500	0,7982	981,5	980,6	980,3		
999,7333	0,7940	981,5	980,6	980,3		
999,8167	0,7940	981,4	980,6	980,2		
999,9000	0,7948	981,6	980,6	980,3		
999,9833	0,7932	981,6	980,7	980,3		
1000,0667	0,7995	981,5	980,6	980,2		
1000,1500	0,8070	981,6	980,7	980,3		
1000,2333	0,7961	981,5	980,6	980,2		
1000,3167	0,7999	981,5	980,7	980,3		
1000,4000	0,8016	981,5	980,6	980,4		
1000,4833	0,7999	981,5	980,6	980,3		
1000,5667	0,8037	981,5	980,7	980,3		
1000,6500	0,7974	981,5	980,6	980,3		
1000,7333	0,7974	981,5	980,5	980,2		
1000,8167	0,8016	981,5	980,5	980,2		
1000,9000	0,8028	981,5	980,6	980,3		
1000,9833	0,7982	981,5	980,5	980,2		
1001,0667	0,7995	981,5	980,7	980,3		
1001,1500	0,8016	981,5	980,6	980,3		
1001,2333	0,8041	981,5	980,7	980,3		
1001,3167	0,7999	981,4	980,6	980,3		
1001,4000	0,8016	981,5	980,6	980,3		
1001,4833	0,8058	981,5	980,7	980,4		
1001,5667	0,8007	981,5	980,6	980,2		
1001,6500	0,8016	981,5	980,6	980,3		
1001,7333	0,7965	981,5	980,6	980,3		
1001,8167	0,8011	981,4	980,6	980,2		
1001,9000	0,8007	981,5	980,6	980,3		
1001,9833	0,8016	981,4	980,6	980,3		
1002,0667	0,7961	981,4	980,5	980,2		
1002,1500	0,7986	981,6	980,7	980,4		
1002,2333	0,7990	981,5	980,6	980,3		
1002,3167	0,8058	981,4	980,5	980,2		
1002,4000	0,8007	981,4	980,5	980,2		
1002,4833	0,8024	981,5	980,6	980,3		
1002,5667	0,8032	981,5	980,6	980,3		
1002,6500	0,7974	981,5	980,7	980,4		
1002,7333	0,8074	981,4	980,6	980,3		
1002,8167	0,7986	981,5	980,6	980,3		
1002,9000	0,8053	981,5	980,6	980,3		
1002,9833	0,8011	981,6	980,6	980,4		
1003,0667	0,7978	981,5	980,7	980,3		
1003,1500	0,8016	981,5	980,7	980,3		
1003,2333	0,8049	981,4	980,6	980,3		
1003,3167	0,8016	981,4	980,6	980,3		
1003,4000	0,8070	981,4	980,6	980,4		
1003,4833	0,7995	981,5	980,7	980,3		
1003,5667	0,8011	981,5	980,6	980,3		
1003,6500	0,8037	981,6	980,6	980,3		
1003,7333	0,8011	981,6	980,7	980,4		
1003,8167	0,7990	981,5	980,6	980,3		
1003,9000	0,8037	981,5	980,6	980,3		
1003,9833	0,8058	981,4	980,5	980,3		
1004,0667	0,8016	981,5	980,6	980,3		
1004,1500	0,8020	981,5	980,6	980,3		
1004,2333	0,8053	981,5	980,6	980,3		
1004,3167	0,7961	981,5	980,6	980,3		
1004,4000	0,8003	981,5	980,6	980,2		
1004,4833	0,8053	981,5	980,6	980,2		
1004,5667	0,8011	981,5	980,6	980,2		
1004,6500	0,8074	981,5	980,6	980,3		
1004,7333	0,8037	981,5	980,6	980,3		
1004,8167	0,8083	981,5	980,6	980,3		
1004,9000	0,8032	981,5	980,6	980,2		
1004,9833	0,8032	981,5	980,6	980,3		
1005,0667	0,8091	981,6	980,7	980,3		
1005,1500	0,8011	981,4	980,5	980,2		
1005,2333	0,7978	981,5	980,5	980,2		
1005,3167	0,8079	981,4	980,6	980,3		
1005,4000	0,8032	981,4	980,6	980,2		
1005,4833	0,8079	981,4	980,6	980,2		
1005,5667	0,8032	981,5	980,6	980,3		
1005,6500	0,8016	981,6	980,7	980,4		
1005,7333	0,7974	981,5	980,5	980,1		
1005,8167	0,8049	981,5	980,7	980,4		
1005,9000	0,8091	981,5	980,7	980,3		
1005,9833	0,8074	981,5	980,6	980,4		
1006,0667	0,8041	981,4	980,5	980,3		
1006,1500	0,8020	981,5	980,6	980,2		
1006,2333	0,8099	981,5	980,5	980,2		
1006,3167	0,8037	981,5	980,6	980,3		
1006,4000	0,8062	981,6	980,7	980,4		
1006,4833	0,8049	981,6	980,7	980,4		
1006,5667	0,8053	981,4	980,6	980,3		
1006,6500	0,8099	981,4	980,6	980,4		
1006,7333	0,8095	981,4	980,5	980,3		
1006,8167	0,8070	981,4	980,6	980,3		
1006,9000	0,8083	981,4	980,6	980,3		
1006,9833	0,8037	981,5	980,6	980,3		
1007,0667	0,8066	981,5	980,6	980,3		
1007,1500	0,8045	981,4	980,5	980,1		
1007,2333	0,8120	981,4	980,5	980,2		
1007,3167	0,8045	981,4	980,6	980,3		
1007,4000	0,8125	981,4	980,6	980,3		
1007,4833	0,8116	981,5	980,6	980,2		
1007,5667	0,8049	981,4	980,6	980,3		
1007,6500	0,8079	981,5	980,5	980,2		
1007,7333	0,8070	981,5	980,6	980,2		
1007,8167	0,8053	981,4	980,6	980,2		
1007,9000	0,8062	981,5	980,6	980,3		
1007,9833	0,8062	981,4	980,6	980,3		
1008,0667	0,8011	981,4	980,5	980,2		
1008,1500	0,8091	981,4	980,5	980,2		
1008,2333	0,8024	981,5	980,5	980,3		
1008,3167	0,8045	981,6	980,7	980,5		
1008,4000	0,8104	981,5	980,5	980,2		
1008,4833	0,8099	981,5	980,7	980,4		
1008,5667	0,8053	981,4	980,6	980,3		
1008,6500	0,8062	981,5	980,6	980,3		
1008,7333	0,8116	981,5	980,6	980,3		
1008,8167	0,8091	981,4	980,6	980,4		
1008,9000	0,8095	981,5	980,6	980,3		
1008,9833	0,8116	981,5	980,7	980,4		
1009,0667	0,8070	981,5	980,6	980,3		
1009,1500	0,8091	981,4	980,5	980,2		
1009,2333	0,8179	981,4	980,5	980,2		
1009,3167	0,8079	981,5	980,6	980,3		
1009,4000	0,8091	981,4	980,6	980,3		
1009,4833	0,8154	981,4	980,5	980,2		
1009,5667	0,8196	981,4	980,6	980,3		
1009,6500	0,8062	981,6	980,6	980,3		
1009,7333	0,8083	981,5	980,6	980,2		
1009,8167	0,8125	981,5	980,6	980,3		
1009,9000	0,8129	981,4	980,5	980,2		
1009,9833	0,8137	981,4	980,6	980,3		
1010,0667	0,8079	981,5	980,5	980,2		
1010,1500	0,8120	981,5	980,6	980,3		
1010,2333	0,8120	981,4	980,6	980,3		
1010,3167	0,8116	981,6	980,6	980,3		
1010,4000	0,8020	981,6	980,6	980,3		
1010,4833	0,8011	981,5	980,6	980,2		
1010,5667	0,8083	981,4	980,5	980,2		
1010,6500	0,8079	981,5	980,6	980,3		
1010,7333	0,8083	981,4	980,6	980,3		
1010,8167	0,8137	981,4	980,6	980,2		
1010,9000	0,8070	981,5	980,6	980,3		
1010,9833	0,8062	981,6	980,6	980,3		
1011,0667	0,8129	981,6	980,6	980,3		
1011,1500	0,8079	981,4	980,6	980,2		
1011,2333	0,8158	981,5	980,6	980,3		
1011,3167	0,8074	981,4	980,6	980,3		
1011,4000	0,8083	981,5	980,6	980,3		
1011,4833	0,8074	981,5	980,5	980,3		
1011,5667	0,8074	981,4	980,6	980,3		
1011,6500	0,8141	981,5	980,6	980,3		
1011,7333	0,8074	981,4	980,6	980,2		
1011,8167	0,8074	981,5	980,6	980,2		
1011,9000	0,8141	981,5	980,6	980,2		
1011,9833	0,8070	981,4	980,6	980,2		
1012,0667	0,8104	981,5	980,6	980,3		
1012,1500	0,8162	981,5	980,6	980,4		
1012,2333	0,8066	981,4	980,5	980,3		
1012,3167	0,8137	981,4	980,5	980,3		
1012,4000	0,8150	981,5	980,6	980,3		
1012,4833	0,8150	981,4	980,6	980,3		
1012,5667	0,8167	981,4	980,6	980,2		
1012,6500	0,8141	981,5	980,6	980,3		
1012,7333	0,8246	981,5	980,6	980,3		
1012,8167	0,8137	981,5	980,6	980,3		
1012,9000	0,8058	981,4	980,6	980,3		
1012,9833	0,8095	981,5	980,6	980,2		
1013,0667	0,8120	981,5	980,6	980,3		
1013,1500	0,8120	981,5	980,7	980,2		
1013,2333	0,8091	981,5	980,6	980,3		
1013,3167	0,8204	981,5	980,6	980,3		
1013,4000	0,8150	981,5	980,6	980,3		
1013,4833	0,8150	981,6	980,7	980,3		
1013,5667	0,8133	981,5	980,6	980,3		
1013,6500	0,8150	981,6	980,6	980,4		
1013,7333	0,8095	981,5	980,6	980,3		
1013,8167	0,8087	981,5	980,6	980,3		
1013,9000	0,8179	981,5	980,6	980,3		
1013,9833	0,8137	981,6	980,6	980,3		
1014,0667	0,8158	981,5	980,6	980,2		
1014,1500	0,8112	981,5	980,6	980,3		
1014,2333	0,8079	981,4	980,6	980,2		
1014,3167	0,8104	981,5	980,6	980,3		
1014,4000	0,8125	981,5	980,6	980,3		
1014,4833	0,8171	981,5	980,6	980,3		
1014,5667	0,8133	981,5	980,7	980,3		
1014,6500	0,8188	981,6	980,6	980,3		
1014,7333	0,8154	981,5	980,6	980,3		
1014,8167	0,8137	981,6	980,7	980,4		
1014,9000	0,8192	981,5	980,6	980,3		
1014,9833	0,8150	981,5	980,6	980,2		
1015,0667	0,8141	981,5	980,6	980,3		
1015,1500	0,8179	981,4	980,5	980,1		
1015,2333	0,8200	981,5	980,6	980,3		
1015,3167	0,8125	981,5	980,6	980,3		
1015,4000	0,8141	981,5	980,6	980,3		
1015,4833	0,8171	981,5	980,6	980,4		
1015,5667	0,8146	981,5	980,6	980,3		
1015,6500	0,8137	981,5	980,6	980,3		
1015,7333	0,8171	981,5	980,7	980,4		
1015,8167	0,8179	981,5	980,7	980,3		
1015,9000	0,8217	981,5	980,6	980,3		
1015,9833	0,8171	981,6	980,7	980,3		
1016,0667	0,8209	981,6	980,7	980,4		
1016,1500	0,8120	981,5	980,6	980,3		
1016,2333	0,8154	981,4	980,6	980,2		
1016,3167	0,8167	981,5	980,6	980,2		
1016,4000	0,8154	981,5	980,6	980,3		
1016,4833	0,8221	981,5	980,6	980,3		
1016,5667	0,8141	981,5	980,6	980,3		
1016,6500	0,8196	981,5	980,6	980,4		
1016,7333	0,8162	981,4	980,5	980,3		
1016,8167	0,8250	981,5	980,6	980,4		
1016,9000	0,8188	981,5	980,6	980,3		
1016,9833	0,8221	981,5	980,6	980,3		
1017,0667	0,8188	981,5	980,6	980,3		
1017,1500	0,8246	981,5	980,6	980,3		
1017,2333	0,8171	981,5	980,6	980,3		
1017,3167	0,8146	981,4	980,5	980,2		
1017,4000	0,8200	981,5	980,7	980,4		
1017,4833	0,8179	981,5	980,7	980,3		
1017,5667	0,8091	981,5	980,6	980,3		
1017,6500	0,8171	981,5	980,6	980,3		
1017,7333	0,8250	981,5	980,6	980,3		
1017,8167	0,8246	981,6	980,7	980,2		
1017,9000	0,8183	981,5	980,6	980,2		
1017,9833	0,8183	981,5	980,7	980,4		
1018,0667	0,8255	981,5	980,7	980,4		
1018,1500	0,8230	981,5	980,6	980,2		
1018,2333	0,8204	981,5	980,7	980,3		
1018,3167	0,8154	981,5	980,7	980,4		
1018,4000	0,8129	981,5	980,6	980,2		
1018,4833	0,8112	981,5	980,6	980,3		
1018,5667	0,8137	981,4	980,6	980,2		
1018,6500	0,8225	981,5	980,6	980,2		
1018,7333	0,8171	981,5	980,6	980,3		
1018,8167	0,8238	981,4	980,6	980,3		
1018,9000	0,8150	981,5	980,6	980,3		
1018,9833	0,8171	981,4	980,6	980,3		
1019,0667	0,8167	981,5	980,6	980,3		
1019,1500	0,8209	981,4	980,6	980,3		
1019,2333	0,8221	981,5	980,6	980,3		
1019,3167	0,8125	981,6	980,7	980,3		
1019,4000	0,8209	981,4	980,6	980,3		
1019,4833	0,8225	981,5	980,6	980,3		
1019,5667	0,8154	981,5	980,6	980,3		
1019,6500	0,8196	981,4	980,6	980,3		
1019,7333	0,8183	981,5	980,6	980,3		
1019,8167	0,8196	981,4	980,6	980,3		
1019,9000	0,8192	981,5	980,6	980,2		
1019,9833	0,8162	981,5	980,7	980,3		
1020,0667	0,8225	981,5	980,6	980,2		
1020,1500	0,8129	981,5	980,6	980,3		
1020,2333	0,8137	981,5	980,6	980,2		
1020,3167	0,8225	981,5	980,6	980,2		
1020,4000	0,8196	981,5	980,6	980,2		
1020,4833	0,8209	981,4	980,6	980,3		
1020,5667	0,8162	981,5	980,6	980,3		
1020,6500	0,8267	981,5	980,6	980,3		
1020,7333	0,8217	981,4	980,6	980,2		
1020,8167	0,8133	981,5	980,6	980,2		
1020,9000	0,8225	981,6	980,6	980,2		
1020,9833	0,8280	981,5	980,6	980,2		
1021,0667	0,8221	981,5	980,6	980,2		
1021,1500	0,8238	981,6	980,6	980,3		
1021,2333	0,8255	981,5	980,6	980,4		
1021,3167	0,8188	981,5	980,6	980,3		
1021,4000	0,8200	981,5	980,6	980,3		
1021,4833	0,8125	981,5	980,6	980,3		
1021,5667	0,8171	981,6	980,6	980,3		
1021,6500	0,8183	981,5	980,6	980,1		
1021,7333	0,8225	981,5	980,5	980,2		
1021,8167	0,8213	981,5	980,6	980,3		
1021,9000	0,8230	981,5	980,6	980,3		
1021,9833	0,8250	981,5	980,6	980,3		
1022,0667	0,8213	981,4	980,6	980,3		
1022,1500	0,8192	981,4	980,6	980,3		
1022,2333	0,8263	981,5	980,6	980,2		
1022,3167	0,8217	981,5	980,6	980,3		
1022,4000	0,8284	981,5	980,6	980,3		
1022,4833	0,8183	981,5	980,6	980,2		
1022,5667	0,8171	981,4	980,5	980,2		
1022,6500	0,8217	981,5	980,5	980,3		
1022,7333	0,8196	981,4	980,5	980,2		
1022,8167	0,8259	981,5	980,6	980,4		
1022,9000	0,8183	981,5	980,6	980,2		
1022,9833	0,8196	981,5	980,6	980,3		
1023,0667	0,8188	981,4	980,5	980,2		
1023,1500	0,8171	981,6	980,6	980,2		
1023,2333	0,8192	981,5	980,6	980,2		
1023,3167	0,8209	981,5	980,6	980,3		
1023,4000	0,8230	981,5	980,7	980,3		
1023,4833	0,8230	981,5	980,6	980,3		
1023,5667	0,8242	981,5	980,6	980,3		
1023,6500	0,8200	981,5	980,6	980,3		
1023,7333	0,8204	981,5	980,6	980,2		
1023,8167	0,8196	981,5	980,7	980,3		
1023,9000	0,8259	981,5	980,6	980,3		
1023,9833	0,8234	981,4	980,5	980,2		
1024,0667	0,8238	981,5	980,6	980,2		
1024,1500	0,8192	981,6	980,7	980,3		
1024,2333	0,8255	981,5	980,6	980,3		
1024,3167	0,8213	981,4	980,6	980,2		
1024,4000	0,8284	981,5	980,6	980,3		
1024,4833	0,8188	981,4	980,5	980,2		
1024,5667	0,8209	981,5	980,6	980,3		
1024,6500	0,8246	981,5	980,6	980,3		
1024,7333	0,8313	981,5	980,6	980,3		
1024,8167	0,8188	981,4	980,5	980,2		
1024,9000	0,8230	981,5	980,6	980,2		
1024,9833	0,8204	981,5	980,7	980,3		
1025,0667	0,8250	981,5	980,6	980,3		
1025,1500	0,8158	981,6	980,6	980,2		
1025,2333	0,8209	981,6	980,7	980,2		
1025,3167	0,8209	981,5	980,7	980,1		
1025,4000	0,8259	981,5	980,6	980,1		
1025,4833	0,8276	981,5	980,5	980,2		
1025,5667	0,8225	981,6	980,6	980,3		
1025,6500	0,8267	981,4	980,6	980,3		
1025,7333	0,8309	981,5	980,6	980,3		
1025,8167	0,8276	981,5	980,5	980,3		
1025,9000	0,8255	981,5	980,6	980,2		
1025,9833	0,8246	981,5	980,6	980,3		
1026,0667	0,8246	981,6	980,7	980,3		
1026,1500	0,8288	981,5	980,6	980,3		
1026,2333	0,8255	981,5	980,5	980,2		
1026,3167	0,8213	981,5	980,6	980,2		
1026,4000	0,8200	981,5	980,7	980,3		
1026,4833	0,8259	981,5	980,6	980,2		
1026,5667	0,8288	981,5	980,6	980,3		
1026,6500	0,8200	981,5	980,6	980,2		
1026,7333	0,8200	981,5	980,5	980,2		
1026,8167	0,8200	981,4	980,6	980,3		
1026,9000	0,8267	981,5	980,7	980,4		
1026,9833	0,8192	981,5	980,7	980,3		
1027,0667	0,8284	981,5	980,6	980,2		
1027,1500	0,8292	981,5	980,6	980,2		
1027,2333	0,8330	981,5	980,6	980,3		
1027,3167	0,8259	981,5	980,6	980,3		
1027,4000	0,8267	981,5	980,6	980,3		
1027,4833	0,8313	981,4	980,6	980,3		
1027,5667	0,8326	981,6	980,6	980,3		
1027,6500	0,8242	981,5	980,7	980,3		
1027,7333	0,8255	981,5	980,6	980,3		
1027,8167	0,8309	981,5	980,6	980,3		
1027,9000	0,8322	981,5	980,6	980,4		
1027,9833	0,8301	981,5	980,6	980,3		
1028,0667	0,8292	981,5	980,6	980,2		
1028,1500	0,8250	981,5	980,6	980,3		
1028,2333	0,8406	981,5	980,6	980,3		
1028,3167	0,8280	981,4	980,6	980,2		
1028,4000	0,8271	981,5	980,6	980,2		
1028,4833	0,8301	981,6	980,7	980,3		
1028,5667	0,8318	981,6	980,7	980,3		
1028,6500	0,8284	981,4	980,6	980,3		
1028,7333	0,8313	981,5	980,6	980,3		
1028,8167	0,8255	981,6	980,6	980,2		
1028,9000	0,8351	981,5	980,6	980,2		
1028,9833	0,8267	981,4	980,5	980,3		
1029,0667	0,8313	981,5	980,6	980,3		
1029,1500	0,8242	981,5	980,7	980,4		
1029,2333	0,8280	981,4	980,5	980,2		
1029,3167	0,8305	981,5	980,6	980,3		
1029,4000	0,8292	981,5	980,6	980,3		
1029,4833	0,8292	981,5	980,6	980,2		
1029,5667	0,8276	981,5	980,6	980,3		
1029,6500	0,8292	981,6	980,7	980,3		
1029,6596	0,8276	981,5	980,7	980,3		
						
						
						
						
						
						
						
						
						
						
						
						
						
						
						
						
						
						
						
						
						
						
						
						
						
						
						
						
						
						
						
						
						
						
						
						
						
						
						
						
						
						
						
						
						
						
						
						
						
						
						
						
						
						
						
						
						
						
						
						
						
						
						
						
						
						
						
						
						
						
						
						
						
						
						
						
						
						
						
						
						
						
						
						
						
						
						
						
						
						
						
						
						
						
						
						
						
						
						
						
						
						
						
						
						
						
						
						
						
						
						
						
						
						
						
						
						
						
						
						
						
						
						
						
						
						
						
						
						
						
						
						
						
						
						
						
						
						
						
						
						
						
						
						
						
						
						
						
						
						
						
						
						
						
						
						
						
						
						
						
						
						
						
						
						
						
						
						
						
						
						
						
						
						
						
						
						
						
						
						
						
						
						
						
						
						
						
						
						
						
						
						
						
						
						
						
						
						
						
						
						
						
						
						
						
						
						
						
						
						
						
						
						
						
						
						
						
						
						
						
						
						
						
						
						
						
						
						
						
						
						
						
						
						
						
						
						
						
						
						
						
						
						
						
						
						
						
						
						
						
						
						
						
						
						
						
						
						
						
						
						
						
						
						
						
						
						
						
						
						
						
						
						
