BAM 5.2 Vh5205_C-80.LIS						
------------------------------------						
ENTRY	SYMBOL	UNIT		* Information common to all tests		
Date of test start			21.2.23 9:16 AM			
Test ID			Vh5205_C-80			
Test standard			DIN EN ISO 204:2019-4	*		
Specified temperature	T	?	980 °C	*		
Type of loading			Tension	*		
Initial stress	Ro	MPa	230			
(Digital) Material Identifier			CMSX-6	*		
"Description of the manufacturing process - as-tested material
"			Single Crystal Investment Casting from a Vacuum Induction Refined Ingot and subsequent Heat Treatment (annealed and aged).	*		
Single crystal orientation		°	3,2			
Type of test piece II			Round cross section	*		
Type of test piece III			Smooth test piece	*		
Sensor type - Contacting extensometer			Clip-on extensometer	*		
Min. test piece diameter at room temperature	D	mm	6,00			
Reference length for calculation of percentage elongations	Lr = Lo	mm	24,0			
Reference length for calculation of percentage extensions	Lr = Le	mm	22,5			
Heating time		h	1,87			
Soak time before the test		h	1,32			
Test duration	t	h	72,4			
Creep rupture time	tu	h	72,4			
Percentage permanent elongation	Aper	%	Not applicable			
Percentage elongation after creep fracture	Au	%	27			
Percentage reduction of area after creep fracture	Zu	%	56			
Percentage total extension	et	%	27,5			
Percentage initial total extension	eti	%	0,287			
Percentage elastic extension	ee	%	0,270			
Percentage initial plastic extension	ei	%	0,017			
Percentage plastic extension	ep	%	27,2			
Percentage creep extension	ef	%	27,2			
						
						
						
[data]						
Elapsed time from end of loading	Percentage plastic extension from end of loading	Corrected measured temperature - Top	Corrected measured temperature - Middle	Corrected measured temperature - Bottom		
t	e	Tc	Tc	Tc		
h	%	°C	°C	°C		
0,0000	0,0000	980,3	979,7	981,9		
0,0014	0,0067	980,4	979,8	981,8		
0,0021	0,0142	980,5	979,8	981,8		
0,0035	0,0186	980,6	979,9	981,8		
0,0049	0,0182	980,6	979,9	981,8		
0,0063	0,0208	980,6	980,0	981,9		
0,0077	0,0297	980,5	979,9	982,0		
0,0091	0,0182	980,4	980,0	982,1		
0,0105	0,0169	980,4	980,0	982,2		
0,0118	0,0222	980,3	980,0	982,3		
0,0132	0,0346	980,3	980,1	982,3		
0,0216	0,0324	980,1	980,2	982,7		
0,0299	0,0439	980,1	980,3	982,6		
0,0382	0,0444	979,7	979,7	981,7		
0,0466	0,0439	979,7	979,7	982,0		
0,0549	0,0461	979,7	979,9	982,1		
0,0632	0,0452	979,8	979,8	982,1		
0,0716	0,0457	979,8	979,8	982,0		
0,0799	0,0528	979,8	979,8	982,1		
0,0882	0,0554	979,7	979,8	982,0		
0,0966	0,0550	979,7	979,7	982,1		
0,1049	0,0630	979,7	979,8	982,1		
0,1132	0,0585	979,7	979,6	981,4		
0,1216	0,0643	980,0	979,6	981,4		
0,1299	0,0656	979,9	979,6	981,7		
0,1382	0,0674	979,8	979,5	981,3		
0,1466	0,0563	980,0	979,3	980,6		
0,1549	0,0634	980,1	979,4	980,9		
0,1632	0,0661	980,0	979,5	981,1		
0,1716	0,0750	979,9	979,4	980,9		
0,1799	0,0665	979,9	979,4	980,9		
0,1882	0,0612	980,0	979,3	980,9		
0,1966	0,0754	980,0	979,3	980,9		
0,2049	0,0705	979,9	979,3	980,8		
0,2132	0,0789	980,0	979,3	980,8		
0,2216	0,0754	980,2	979,5	980,9		
0,2299	0,0776	980,1	979,4	980,8		
0,2382	0,0754	980,0	979,3	980,8		
0,2466	0,0763	980,1	979,4	980,9		
0,2549	0,0741	980,1	979,3	980,7		
0,2632	0,0834	980,0	979,3	980,7		
0,2716	0,0803	980,0	979,3	980,8		
0,2799	0,0767	980,0	979,3	980,7		
0,2882	0,0758	980,0	979,3	980,7		
0,2966	0,0772	980,0	979,3	980,9		
0,3049	0,0803	980,1	979,4	980,9		
0,3132	0,0785	980,1	979,4	980,8		
0,3216	0,0776	980,1	979,3	980,7		
0,3299	0,0803	980,1	979,3	980,8		
0,3382	0,0767	980,2	979,4	980,8		
0,3466	0,0807	980,2	979,4	980,8		
0,3549	0,0812	980,1	979,3	980,8		
0,3632	0,0812	980,0	979,3	980,8		
0,3716	0,0940	980,0	979,3	980,8		
0,3799	0,0812	980,0	979,2	980,7		
0,3882	0,0869	979,9	979,3	980,8		
0,3966	0,0781	980,0	979,2	980,7		
0,4049	0,0891	979,9	979,2	980,6		
0,4132	0,0887	980,0	979,2	980,7		
0,4216	0,0909	979,9	979,2	980,7		
0,4299	0,0789	979,9	979,2	980,6		
0,4382	0,0945	980,0	979,2	980,7		
0,4466	0,0914	980,0	979,2	980,7		
0,4549	0,0878	980,1	979,3	980,7		
0,4632	0,0931	980,0	979,3	980,7		
0,4716	0,0962	980,1	979,3	980,8		
0,4799	0,0936	980,0	979,3	980,8		
0,4882	0,0967	980,0	979,2	980,7		
0,4966	0,0865	980,1	979,3	980,7		
0,5049	0,1007	980,1	979,3	980,7		
0,5132	0,0900	980,0	979,3	980,6		
0,5216	0,0971	980,0	979,2	980,6		
0,5299	0,0896	980,0	979,3	980,7		
0,5382	0,0883	980,0	979,3	980,7		
0,5466	0,1020	980,0	979,3	980,7		
0,5549	0,0883	979,9	979,2	980,6		
0,5632	0,0998	980,0	979,2	980,7		
0,5716	0,0936	980,0	979,2	980,7		
0,5799	0,0945	980,0	979,2	980,7		
0,5882	0,1002	980,0	979,2	980,7		
0,5966	0,1016	980,0	979,3	980,8		
0,6049	0,1060	980,0	979,3	980,8		
0,6132	0,1011	980,0	979,2	980,7		
0,6216	0,1007	980,0	979,2	980,7		
0,6299	0,0989	980,0	979,2	980,7		
0,6382	0,0971	980,0	979,3	980,8		
0,6466	0,1051	980,0	979,3	980,8		
0,6549	0,0949	979,9	979,2	980,6		
0,6632	0,0998	980,0	979,3	980,7		
0,6716	0,1051	980,0	979,3	980,8		
0,6799	0,1113	980,1	979,3	980,7		
0,6882	0,0993	980,1	979,3	980,8		
0,6966	0,1029	980,0	979,3	980,8		
0,7049	0,0980	980,1	979,4	980,8		
0,7132	0,1042	980,1	979,3	980,8		
0,7216	0,1038	980,0	979,3	980,8		
0,7299	0,1047	980,0	979,3	980,7		
0,7382	0,1047	980,0	979,3	980,8		
0,7466	0,1060	980,0	979,2	980,7		
0,7549	0,1033	980,0	979,2	980,7		
0,7632	0,1122	980,0	979,2	980,7		
0,7716	0,1184	980,0	979,3	980,7		
0,7799	0,1073	980,0	979,2	980,7		
0,7882	0,1118	980,0	979,3	980,8		
0,7966	0,0976	980,1	979,3	980,8		
0,8049	0,1064	980,0	979,3	980,8		
0,8132	0,1064	980,1	979,3	980,8		
0,8216	0,1109	980,0	979,3	980,7		
0,8299	0,1171	980,0	979,3	980,8		
0,8382	0,1091	980,0	979,3	980,8		
0,8466	0,1104	980,0	979,3	980,7		
0,8549	0,1109	980,0	979,2	980,8		
0,8632	0,1073	980,0	979,3	980,8		
0,8716	0,1078	980,0	979,3	980,6		
0,8799	0,1100	979,9	979,2	980,6		
0,8882	0,1149	979,9	979,2	980,7		
0,8966	0,1135	980,0	979,3	980,8		
0,9049	0,1171	980,0	979,3	980,7		
0,9132	0,1140	979,9	979,2	980,6		
0,9216	0,1158	980,0	979,3	980,7		
0,9299	0,1237	979,9	979,2	980,7		
0,9382	0,1149	979,9	979,3	980,7		
0,9466	0,1149	980,0	979,3	980,7		
0,9549	0,1104	979,9	979,3	980,7		
0,9632	0,1220	980,0	979,3	980,7		
0,9716	0,1251	980,0	979,3	980,7		
0,9799	0,1197	980,0	979,3	980,7		
0,9882	0,1171	980,0	979,4	980,8		
0,9966	0,1118	980,0	979,2	980,7		
1,0049	0,1184	980,0	979,3	980,7		
1,0132	0,1158	980,0	979,3	980,7		
1,0216	0,1189	980,0	979,3	980,7		
1,0299	0,1153	980,1	979,3	980,7		
1,0382	0,1193	980,0	979,2	980,8		
1,0466	0,1202	980,0	979,3	980,8		
1,0549	0,1175	980,0	979,2	980,7		
1,0632	0,1180	980,0	979,3	980,8		
1,0716	0,1175	980,0	979,3	980,8		
1,0799	0,1144	980,0	979,3	980,8		
1,0882	0,1149	980,0	979,3	980,8		
1,0966	0,1237	980,0	979,3	980,8		
1,1049	0,1295	980,2	979,4	980,8		
1,1132	0,1211	980,1	979,3	980,8		
1,1216	0,1202	980,1	979,3	980,8		
1,1299	0,1220	980,0	979,3	980,7		
1,1382	0,1246	980,0	979,3	980,8		
1,1466	0,1255	980,1	979,3	980,8		
1,1549	0,1260	980,0	979,3	980,8		
1,1632	0,1175	980,0	979,3	980,7		
1,1716	0,1193	980,1	979,3	980,8		
1,1799	0,1229	980,0	979,3	980,8		
1,1882	0,1251	980,0	979,3	980,7		
1,1966	0,1277	980,1	979,3	980,7		
1,2049	0,1242	980,0	979,3	980,8		
1,2132	0,1268	979,9	979,3	980,8		
1,2216	0,1304	980,0	979,3	980,7		
1,2299	0,1308	980,0	979,3	980,7		
1,2382	0,1282	980,0	979,3	980,8		
1,2466	0,1300	980,0	979,3	980,7		
1,2549	0,1268	980,0	979,3	980,7		
1,2632	0,1304	980,0	979,4	980,8		
1,2716	0,1300	980,0	979,4	980,8		
1,2799	0,1326	980,0	979,3	980,7		
1,2882	0,1237	980,0	979,3	980,8		
1,2966	0,1317	980,0	979,3	980,8		
1,3049	0,1326	980,0	979,4	980,8		
1,3132	0,1353	980,0	979,3	980,7		
1,3216	0,1273	980,0	979,3	980,8		
1,3299	0,1304	980,0	979,3	980,7		
1,3382	0,1339	980,0	979,3	980,7		
1,3466	0,1237	980,0	979,3	980,8		
1,3549	0,1277	979,9	979,2	980,7		
1,3632	0,1308	980,0	979,3	980,7		
1,3716	0,1335	980,0	979,2	980,7		
1,3799	0,1313	979,9	979,3	980,8		
1,3882	0,1357	980,1	979,3	980,8		
1,3966	0,1282	980,0	979,3	980,7		
1,4049	0,1317	980,0	979,3	980,8		
1,4132	0,1357	980,0	979,2	980,7		
1,4216	0,1353	980,0	979,3	980,7		
1,4299	0,1220	980,0	979,3	980,7		
1,4382	0,1357	980,0	979,3	980,7		
1,4466	0,1388	980,0	979,3	980,8		
1,4549	0,1402	979,9	979,2	980,8		
1,4632	0,1375	980,0	979,2	980,7		
1,4716	0,1424	980,1	979,3	980,8		
1,4799	0,1326	980,0	979,3	980,7		
1,4882	0,1406	979,9	979,2	980,7		
1,4966	0,1300	980,0	979,2	980,8		
1,5049	0,1384	979,9	979,2	980,7		
1,5132	0,1446	980,0	979,3	980,8		
1,5216	0,1326	980,0	979,4	980,9		
1,5299	0,1375	979,9	979,3	980,7		
1,5382	0,1366	980,0	979,2	980,7		
1,5466	0,1424	980,1	979,2	980,8		
1,5549	0,1397	979,9	979,3	980,7		
1,5632	0,1362	980,0	979,3	980,7		
1,5716	0,1304	980,0	979,3	980,8		
1,5799	0,1273	980,0	979,3	980,8		
1,5882	0,1526	980,1	979,3	980,8		
1,5966	0,1344	980,0	979,3	980,8		
1,6049	0,1375	980,0	979,3	980,7		
1,6132	0,1362	980,0	979,3	980,7		
1,6216	0,1410	980,0	979,3	980,8		
1,6299	0,1357	980,0	979,3	980,8		
1,6382	0,1379	980,0	979,3	980,8		
1,6466	0,1366	980,0	979,3	980,8		
1,6549	0,1375	980,0	979,3	980,8		
1,6632	0,1326	980,0	979,3	980,7		
1,6716	0,1433	980,1	979,3	980,8		
1,6799	0,1384	980,0	979,3	980,8		
1,6882	0,1450	980,0	979,3	980,7		
1,6966	0,1441	980,0	979,3	980,8		
1,7049	0,1406	980,1	979,4	980,8		
1,7132	0,1402	980,0	979,3	980,8		
1,7216	0,1481	980,0	979,3	980,8		
1,7299	0,1437	980,1	979,4	980,8		
1,7382	0,1393	980,1	979,4	980,9		
1,7466	0,1424	980,0	979,4	980,9		
1,7549	0,1415	980,0	979,3	980,8		
1,7632	0,1450	980,0	979,3	980,8		
1,7716	0,1353	980,0	979,3	980,7		
1,7799	0,1424	980,0	979,3	980,8		
1,7882	0,1450	979,9	979,3	980,8		
1,7966	0,1486	980,0	979,3	980,8		
1,8049	0,1468	980,0	979,3	980,8		
1,8132	0,1490	980,0	979,3	980,7		
1,8216	0,1428	980,0	979,3	980,7		
1,8299	0,1566	980,0	979,3	980,8		
1,8382	0,1512	980,0	979,3	980,8		
1,8466	0,1464	980,1	979,4	980,8		
1,8549	0,1481	980,2	979,4	980,8		
1,8632	0,1455	980,0	979,3	980,8		
1,8716	0,1570	980,0	979,2	980,6		
1,8799	0,1433	980,1	979,3	980,8		
1,8882	0,1379	980,1	979,3	980,8		
1,8966	0,1508	980,0	979,2	980,7		
1,9049	0,1441	980,0	979,2	980,7		
1,9132	0,1477	980,0	979,2	980,8		
1,9216	0,1441	980,0	979,3	980,7		
1,9299	0,1468	980,1	979,3	980,8		
1,9382	0,1526	979,9	979,2	980,7		
1,9466	0,1526	979,9	979,2	980,5		
1,9549	0,1570	979,9	979,2	980,6		
1,9632	0,1468	980,0	979,3	980,9		
1,9716	0,1441	980,2	979,4	981,0		
1,9799	0,1539	980,0	979,2	980,6		
1,9882	0,1583	980,1	979,4	981,2		
1,9966	0,1512	980,1	979,5	981,1		
2,0049	0,1552	980,0	979,4	980,9		
2,0132	0,1557	980,2	979,5	981,0		
2,0216	0,1517	980,2	979,5	981,0		
2,0299	0,1548	980,1	979,5	981,0		
2,0382	0,1526	980,1	979,5	981,1		
2,0466	0,1543	980,1	979,4	980,9		
2,0549	0,1543	980,2	979,5	981,1		
2,0632	0,1561	980,1	979,5	981,1		
2,0716	0,1606	980,1	979,5	981,0		
2,0799	0,1535	980,1	979,4	981,0		
2,0882	0,1517	980,1	979,5	981,0		
2,0966	0,1659	980,1	979,4	981,0		
2,1049	0,1548	980,1	979,4	980,8		
2,1132	0,1561	980,0	979,4	980,8		
2,1216	0,1606	980,1	979,4	980,9		
2,1299	0,1543	980,0	979,4	980,9		
2,1382	0,1570	980,0	979,3	980,7		
2,1466	0,1650	980,0	979,3	980,8		
2,1549	0,1557	980,0	979,3	980,8		
2,1632	0,1592	980,0	979,3	980,8		
2,1716	0,1570	980,0	979,3	980,8		
2,1799	0,1619	979,9	979,3	980,8		
2,1882	0,1481	980,0	979,2	980,7		
2,1966	0,1561	980,0	979,3	980,7		
2,2049	0,1583	980,0	979,3	980,8		
2,2132	0,1637	980,0	979,3	980,7		
2,2216	0,1637	980,0	979,2	980,6		
2,2299	0,1543	980,0	979,3	980,8		
2,2382	0,1517	980,0	979,2	980,7		
2,2466	0,1574	980,0	979,2	980,7		
2,2549	0,1610	980,1	979,3	980,8		
2,2632	0,1597	980,0	979,3	980,7		
2,2716	0,1610	980,0	979,2	980,6		
2,2799	0,1583	980,0	979,3	980,8		
2,2882	0,1632	980,0	979,2	980,7		
2,2966	0,1614	980,0	979,2	980,7		
2,3049	0,1672	980,1	979,3	980,8		
2,3132	0,1601	980,1	979,3	980,8		
2,3216	0,1597	980,0	979,2	980,7		
2,3299	0,1566	980,0	979,3	980,7		
2,3382	0,1614	980,0	979,2	980,7		
2,3466	0,1579	980,0	979,2	980,7		
2,3549	0,1592	980,0	979,3	980,7		
2,3632	0,1650	980,0	979,2	980,6		
2,3716	0,1659	980,0	979,2	980,7		
2,3799	0,1645	980,1	979,2	980,7		
2,3882	0,1628	980,0	979,3	980,7		
2,3966	0,1632	980,0	979,3	980,7		
2,4049	0,1592	980,0	979,2	980,7		
2,4132	0,1610	980,0	979,2	980,6		
2,4216	0,1645	980,1	979,3	980,8		
2,4299	0,1610	980,1	979,4	980,9		
2,4382	0,1628	980,0	979,3	980,6		
2,4466	0,1632	979,9	979,2	980,6		
2,4549	0,1699	980,0	979,3	980,8		
2,4632	0,1659	980,1	979,3	980,7		
2,4716	0,1641	979,9	979,2	980,5		
2,4799	0,1619	980,0	979,2	980,7		
2,4882	0,1632	980,0	979,3	980,9		
2,4966	0,1712	980,1	979,4	980,9		
2,5049	0,1734	980,0	979,3	980,7		
2,5132	0,1668	980,0	979,3	980,8		
2,5216	0,1761	980,1	979,4	980,9		
2,5299	0,1645	980,0	979,3	980,8		
2,5382	0,1703	980,0	979,3	980,7		
2,5466	0,1681	980,0	979,3	980,8		
2,5549	0,1676	980,0	979,3	980,7		
2,5632	0,1672	980,0	979,3	980,7		
2,5716	0,1734	980,0	979,2	980,7		
2,5799	0,1685	979,9	979,1	980,6		
2,5882	0,1739	979,9	979,2	980,7		
2,5966	0,1676	979,9	979,2	980,6		
2,6049	0,1685	979,9	979,2	980,6		
2,6132	0,1721	980,0	979,2	980,7		
2,6216	0,1628	979,9	979,2	980,7		
2,6299	0,1654	979,9	979,2	980,6		
2,6382	0,1712	980,0	979,2	980,7		
2,6466	0,1650	979,9	979,2	980,6		
2,6549	0,1699	979,9	979,2	980,6		
2,6632	0,1774	980,0	979,2	980,8		
2,6716	0,1650	980,0	979,2	980,7		
2,6799	0,1699	980,0	979,2	980,7		
2,6882	0,1685	979,9	979,2	980,6		
2,6966	0,1623	979,9	979,2	980,6		
2,7049	0,1734	980,0	979,3	980,8		
2,7132	0,1645	980,0	979,3	980,7		
2,7216	0,1681	980,0	979,3	980,8		
2,7299	0,1787	980,0	979,2	980,7		
2,7382	0,1690	980,0	979,2	980,7		
2,7466	0,1681	980,0	979,2	980,8		
2,7549	0,1685	980,0	979,3	980,8		
2,7632	0,1708	980,0	979,3	980,7		
2,7716	0,1747	980,0	979,3	980,7		
2,7799	0,1716	980,0	979,3	980,7		
2,7882	0,1752	980,1	979,3	980,8		
2,7966	0,1716	980,0	979,3	980,7		
2,8049	0,1690	980,0	979,2	980,8		
2,8132	0,1699	980,0	979,2	980,7		
2,8216	0,1739	980,0	979,3	980,7		
2,8299	0,1770	980,0	979,3	980,8		
2,8382	0,1739	980,2	979,4	980,8		
2,8466	0,1783	980,3	979,5	980,8		
2,8549	0,1703	980,2	979,5	980,9		
2,8632	0,1703	980,2	979,3	980,8		
2,8716	0,1694	980,2	979,4	980,8		
2,8799	0,1743	980,1	979,4	980,8		
2,8882	0,1827	980,1	979,4	980,8		
2,8966	0,1801	980,1	979,4	980,7		
2,9049	0,1645	980,1	979,3	980,7		
2,9132	0,1818	980,1	979,4	980,8		
2,9216	0,1730	980,1	979,3	980,9		
2,9299	0,1739	980,1	979,4	980,8		
2,9382	0,1721	980,1	979,4	980,9		
2,9466	0,1792	980,1	979,5	980,9		
2,9549	0,1739	980,1	979,4	980,7		
2,9632	0,1801	980,2	979,4	980,8		
2,9716	0,1849	980,2	979,4	980,9		
2,9799	0,1774	980,1	979,4	980,8		
2,9882	0,1765	980,0	979,3	980,8		
2,9966	0,1845	980,0	979,2	980,8		
3,0049	0,1761	979,9	979,2	980,8		
3,0132	0,1889	979,9	979,3	980,7		
3,0216	0,1832	980,0	979,3	980,8		
3,0299	0,1756	979,8	979,2	980,7		
3,0382	0,1805	979,8	979,1	980,6		
3,0466	0,1787	979,8	979,2	980,7		
3,0549	0,1779	979,9	979,2	980,7		
3,0632	0,1792	980,4	979,5	980,9		
3,0716	0,1752	980,6	979,7	981,0		
3,0799	0,1779	980,6	979,6	981,0		
3,0882	0,1801	980,6	979,6	981,0		
3,0966	0,1832	980,7	979,7	981,1		
3,1049	0,1761	980,7	979,7	981,0		
3,1132	0,1881	980,6	979,6	981,0		
3,1216	0,1814	980,5	979,6	981,0		
3,1299	0,1894	980,6	979,7	981,0		
3,1382	0,1801	980,6	979,6	980,9		
3,1466	0,1783	980,6	979,7	980,9		
3,1549	0,1827	980,5	979,6	981,0		
3,1632	0,1796	980,6	979,7	981,0		
3,1716	0,1845	980,6	979,7	980,9		
3,1799	0,1801	980,7	979,7	981,0		
3,1882	0,1805	980,6	979,7	981,0		
3,1966	0,1863	980,8	979,8	981,0		
3,2049	0,1823	980,8	979,8	981,0		
3,2132	0,1841	980,7	979,7	980,9		
3,2216	0,1863	980,6	979,7	981,0		
3,2299	0,1974	980,7	979,7	981,0		
3,2382	0,1876	980,6	979,7	980,9		
3,2466	0,1863	980,6	979,6	980,9		
3,2549	0,1854	980,7	979,7	981,0		
3,2632	0,1974	980,6	979,7	981,0		
3,2716	0,1881	980,5	979,6	980,9		
3,2799	0,1898	980,6	979,6	981,0		
3,2882	0,1876	980,6	979,6	980,9		
3,2966	0,1836	980,6	979,6	980,9		
3,3049	0,1845	980,6	979,7	980,9		
3,3132	0,1827	980,5	979,6	980,9		
3,3216	0,1845	980,6	979,7	980,9		
3,3299	0,1858	980,6	979,6	980,9		
3,3382	0,1863	980,5	979,6	980,9		
3,3466	0,1947	980,5	979,6	980,9		
3,3549	0,1858	980,6	979,6	980,9		
3,3632	0,1863	980,5	979,6	980,9		
3,3716	0,1920	980,6	979,7	980,9		
3,3799	0,1920	980,6	979,7	981,0		
3,3882	0,1938	980,6	979,7	981,0		
3,3966	0,1907	980,6	979,7	980,9		
3,4049	0,1876	980,6	979,7	981,0		
3,4132	0,1912	980,6	979,6	980,9		
3,4216	0,1916	980,6	979,6	980,9		
3,4299	0,1881	980,6	979,6	980,9		
3,4382	0,1872	980,6	979,7	981,0		
3,4466	0,1956	980,7	979,7	981,0		
3,4549	0,1889	980,7	979,7	981,0		
3,4632	0,1894	980,6	979,6	980,9		
3,4716	0,2000	980,6	979,7	981,0		
3,4799	0,1903	980,6	979,6	980,9		
3,4882	0,1881	980,7	979,7	981,0		
3,4966	0,1903	980,7	979,7	981,0		
3,5049	0,1951	980,7	979,7	981,0		
3,5132	0,1867	980,7	979,7	980,9		
3,5216	0,1934	980,6	979,6	980,9		
3,5299	0,1912	980,6	979,6	981,0		
3,5382	0,1912	980,7	979,7	981,0		
3,5466	0,1916	980,7	979,7	981,0		
3,5549	0,1978	980,7	979,6	980,9		
3,5632	0,1845	980,6	979,7	980,9		
3,5716	0,1947	980,7	979,7	980,9		
3,5799	0,1960	980,9	979,8	981,0		
3,5882	0,2018	980,8	979,8	981,0		
3,5966	0,1787	980,6	979,7	980,9		
3,6049	0,1903	980,6	979,6	980,9		
3,6132	0,1996	980,6	979,6	980,9		
3,6216	0,1956	980,5	979,6	981,0		
3,6299	0,1983	980,6	979,7	980,9		
3,6382	0,1996	980,6	979,7	981,0		
3,6466	0,2040	980,5	979,6	981,0		
3,6549	0,1925	980,6	979,7	981,0		
3,6632	0,2000	980,6	979,7	980,9		
3,6716	0,2014	980,4	979,6	980,9		
3,6799	0,1965	980,8	979,8	981,1		
3,6882	0,2005	980,7	979,8	981,1		
3,6966	0,1983	980,5	979,7	981,0		
3,7049	0,2027	980,6	979,7	980,9		
3,7132	0,1991	980,6	979,7	981,0		
3,7216	0,1969	980,6	979,7	980,9		
3,7299	0,2005	980,6	979,6	980,9		
3,7382	0,1996	980,6	979,7	981,1		
3,7466	0,1920	980,6	979,7	981,0		
3,7549	0,1965	980,6	979,8	981,1		
3,7632	0,1987	980,6	979,7	981,0		
3,7716	0,1956	980,6	979,7	981,0		
3,7799	0,1987	980,6	979,6	980,9		
3,7882	0,1969	980,6	979,7	981,0		
3,7966	0,2022	980,7	979,8	981,1		
3,8049	0,2098	980,7	979,7	981,0		
3,8132	0,1920	980,6	979,7	981,0		
3,8216	0,2018	980,7	979,7	981,0		
3,8299	0,1974	980,6	979,7	980,9		
3,8382	0,1987	980,6	979,7	980,9		
3,8466	0,2000	980,6	979,7	981,0		
3,8549	0,2022	980,7	979,8	981,1		
3,8632	0,1951	980,6	979,7	981,0		
3,8716	0,2040	980,7	979,7	981,0		
3,8799	0,1960	980,7	979,7	981,0		
3,8882	0,2040	980,7	979,7	981,0		
3,8966	0,1960	980,7	979,7	981,0		
3,9049	0,1965	980,7	979,7	981,0		
3,9132	0,2062	980,7	979,7	981,0		
3,9216	0,2045	980,7	979,7	981,1		
3,9299	0,2031	980,6	979,7	980,9		
3,9382	0,1978	980,6	979,7	980,9		
3,9466	0,2040	980,6	979,7	981,0		
3,9549	0,1983	980,7	979,7	981,1		
3,9632	0,2005	980,6	979,7	981,0		
3,9716	0,2005	980,7	979,8	981,0		
3,9799	0,1987	980,7	979,8	981,0		
3,9882	0,2076	980,7	979,7	981,0		
3,9966	0,2098	980,7	979,7	981,0		
4,0049	0,1965	980,7	979,7	980,9		
4,0132	0,2018	980,6	979,7	981,0		
4,0216	0,2027	980,5	979,6	980,9		
4,0299	0,2036	980,7	979,7	981,0		
4,0382	0,2031	980,6	979,7	980,9		
4,0466	0,2129	980,6	979,7	980,9		
4,0549	0,2049	980,6	979,7	980,9		
4,0632	0,2005	980,6	979,7	980,9		
4,0716	0,2040	980,5	979,7	980,9		
4,0799	0,2018	980,4	979,6	980,9		
4,0882	0,2093	980,5	979,6	981,0		
4,0966	0,2089	980,5	979,6	981,0		
4,1049	0,2040	980,5	979,6	980,9		
4,1132	0,2107	980,6	979,7	980,9		
4,1216	0,2102	981,1	979,9	981,1		
4,1299	0,2067	981,4	980,2	981,2		
4,1382	0,2085	980,3	979,6	981,0		
4,1466	0,1991	980,1	979,4	980,8		
4,1549	0,2076	980,5	979,6	980,9		
4,1632	0,2089	980,6	979,7	980,9		
4,1716	0,2111	980,7	979,7	980,9		
4,1799	0,2120	980,7	979,8	981,0		
4,1882	0,2116	980,6	979,7	981,0		
4,1966	0,2182	980,6	979,7	981,0		
4,2049	0,2102	980,6	979,7	980,9		
4,2132	0,2129	980,6	979,7	980,9		
4,2216	0,2107	980,5	979,7	980,9		
4,2299	0,2124	980,6	979,7	980,9		
4,2382	0,2124	980,6	979,7	981,0		
4,2466	0,2089	980,6	979,7	980,9		
4,2549	0,2085	980,7	979,7	981,0		
4,2632	0,2107	980,7	979,7	981,1		
4,2716	0,2027	980,6	979,7	981,0		
4,2799	0,2058	980,7	979,8	981,0		
4,2882	0,2142	980,6	979,7	981,0		
4,2966	0,2098	980,6	979,7	980,9		
4,3049	0,2116	980,6	979,8	981,0		
4,3132	0,2071	980,7	979,8	981,1		
4,3216	0,2098	980,6	979,7	981,0		
4,3299	0,2160	980,6	979,7	981,0		
4,3382	0,2133	980,7	979,8	981,1		
4,3466	0,2204	980,7	979,7	981,0		
4,3549	0,2089	980,7	979,7	981,1		
4,3632	0,2129	980,7	979,8	981,1		
4,3716	0,2120	980,7	979,8	981,1		
4,3799	0,2107	980,7	979,8	981,1		
4,3882	0,2173	980,7	979,7	981,0		
4,3966	0,2102	980,7	979,7	981,0		
4,4049	0,2151	980,7	979,7	981,0		
4,4132	0,2053	980,7	979,7	981,1		
4,4216	0,2067	980,7	979,8	981,0		
4,4299	0,2195	980,7	979,8	981,0		
4,4382	0,2102	980,7	979,8	981,0		
4,4466	0,2093	980,6	979,7	981,0		
4,4549	0,2155	980,6	979,7	981,0		
4,4632	0,2120	980,7	979,7	981,0		
4,4716	0,2116	980,7	979,7	981,0		
4,4799	0,2080	980,6	979,6	981,0		
4,4882	0,2111	980,6	979,6	980,9		
4,4966	0,2155	980,5	979,5	980,8		
4,5049	0,2076	980,5	979,6	980,9		
4,5132	0,2187	980,6	979,6	980,9		
4,5216	0,2169	980,6	979,6	980,9		
4,5299	0,2195	980,6	979,6	980,9		
4,5382	0,2195	980,6	979,6	980,9		
4,5466	0,2231	981,1	979,9	981,1		
4,5549	0,2231	981,1	980,0	981,1		
4,5632	0,2124	981,1	980,0	981,1		
4,5716	0,2262	981,0	979,9	981,1		
4,5799	0,2120	980,7	979,8	980,9		
4,5882	0,2191	980,3	979,5	980,7		
4,5966	0,2138	980,3	979,5	980,9		
4,6049	0,2173	980,5	979,6	980,9		
4,6132	0,2187	980,5	979,6	980,9		
4,6216	0,2164	980,5	979,6	980,9		
4,6299	0,2160	980,5	979,6	980,9		
4,6382	0,2222	980,6	979,7	981,0		
4,6466	0,2262	980,6	979,7	981,1		
4,6549	0,2218	980,7	979,7	981,0		
4,6632	0,2218	980,6	979,7	980,9		
4,6716	0,2231	980,6	979,7	981,0		
4,6799	0,2142	980,7	979,7	981,0		
4,6882	0,2191	980,8	979,8	981,0		
4,6966	0,2187	980,6	979,7	981,0		
4,7049	0,2195	980,7	979,8	981,1		
4,7132	0,2178	980,7	979,8	981,0		
4,7216	0,2200	980,6	979,7	981,0		
4,7299	0,2218	980,7	979,7	981,0		
4,7382	0,2231	980,7	979,8	981,0		
4,7466	0,2129	980,7	979,8	981,1		
4,7549	0,2240	980,7	979,8	981,0		
4,7632	0,2275	980,7	979,8	981,1		
4,7716	0,2200	980,8	979,8	980,9		
4,7799	0,2204	980,7	979,7	981,1		
4,7882	0,2293	980,7	979,7	980,9		
4,7966	0,2271	980,7	979,7	981,0		
4,8049	0,2235	980,7	979,8	981,1		
4,8132	0,2151	980,7	979,7	981,0		
4,8216	0,2235	980,7	979,8	981,0		
4,8299	0,2191	980,7	979,7	981,1		
4,8382	0,2209	980,8	979,8	981,1		
4,8466	0,2231	980,7	979,7	981,0		
4,8549	0,2200	980,6	979,7	980,9		
4,8632	0,2231	980,7	979,7	981,0		
4,8716	0,2195	980,7	979,8	981,0		
4,8799	0,2235	980,7	979,7	981,0		
4,8882	0,2182	980,6	979,7	981,0		
4,8966	0,2235	980,7	979,8	981,0		
4,9049	0,2240	980,7	979,7	981,0		
4,9132	0,2235	980,7	979,7	980,9		
4,9216	0,2333	980,6	979,7	981,0		
4,9299	0,2253	980,7	979,8	981,1		
4,9382	0,2328	980,6	979,7	980,9		
4,9466	0,2133	980,6	979,7	980,9		
4,9549	0,2240	980,6	979,7	981,0		
4,9632	0,2209	980,7	979,8	981,0		
4,9716	0,2262	980,7	979,8	981,0		
4,9799	0,2244	980,7	979,8	981,0		
4,9882	0,2213	980,8	979,8	980,9		
4,9966	0,2266	980,8	979,7	980,9		
5,0049	0,2209	980,8	979,8	981,0		
5,0132	0,2249	980,7	979,8	981,0		
5,0216	0,2342	980,8	979,8	981,0		
5,0299	0,2222	980,7	979,7	980,9		
5,0382	0,2315	980,7	979,7	980,9		
5,0466	0,2231	980,7	979,7	980,9		
5,0549	0,2311	980,8	979,8	981,0		
5,0632	0,2297	980,8	979,8	981,0		
5,0716	0,2302	980,7	979,7	980,9		
5,0799	0,2297	980,7	979,7	981,0		
5,0882	0,2271	980,7	979,7	981,0		
5,0966	0,2297	980,7	979,7	980,9		
5,1049	0,2249	980,7	979,7	981,0		
5,1132	0,2346	980,6	979,7	980,9		
5,1216	0,2346	980,7	979,8	981,0		
5,1299	0,2333	980,7	979,7	981,0		
5,1382	0,2337	980,7	979,7	981,0		
5,1466	0,2311	980,7	979,8	981,0		
5,1549	0,2355	980,7	979,7	981,0		
5,1632	0,2271	980,7	979,7	981,0		
5,1716	0,2240	980,7	979,8	981,0		
5,1799	0,2320	980,7	979,8	981,0		
5,1882	0,2302	980,7	979,7	981,0		
5,1966	0,2315	980,7	979,7	981,0		
5,2049	0,2315	980,6	979,7	981,0		
5,2132	0,2351	980,6	979,7	981,0		
5,2216	0,2262	980,7	979,8	981,0		
5,2299	0,2249	980,7	979,8	981,0		
5,2382	0,2302	980,7	979,7	980,9		
5,2466	0,2333	980,7	979,8	981,0		
5,2549	0,2187	980,7	979,8	981,0		
5,2632	0,2226	980,8	979,8	981,1		
5,2716	0,2360	980,8	979,8	981,0		
5,2799	0,2302	980,7	979,8	981,0		
5,2882	0,2266	980,7	979,7	981,0		
5,2966	0,2346	980,8	979,8	981,0		
5,3049	0,2262	980,8	979,8	981,0		
5,3132	0,2306	980,7	979,8	981,0		
5,3216	0,2470	980,7	979,8	981,0		
5,3299	0,2324	980,7	979,8	981,0		
5,3382	0,2297	980,8	979,8	981,1		
5,3466	0,2355	980,8	979,8	981,2		
5,3549	0,2315	980,7	979,7	981,0		
5,3632	0,2284	980,6	979,7	980,9		
5,3716	0,2355	980,7	979,8	981,1		
5,3799	0,2386	980,7	979,7	981,0		
5,3882	0,2262	980,7	979,7	980,9		
5,3966	0,2324	980,7	979,7	980,9		
5,4049	0,2404	980,7	979,7	980,9		
5,4132	0,2351	980,6	979,7	981,0		
5,4216	0,2333	980,6	979,7	980,9		
5,4299	0,2364	980,7	979,7	981,0		
5,4382	0,2328	980,7	979,7	981,0		
5,4466	0,2373	980,6	979,7	980,9		
5,4549	0,2328	980,6	979,7	980,9		
5,4632	0,2324	980,7	979,8	981,1		
5,4716	0,2373	980,7	979,8	981,0		
5,4799	0,2368	980,6	979,7	981,0		
5,4882	0,2408	980,6	979,7	981,0		
5,4966	0,2439	980,7	979,7	981,0		
5,5049	0,2328	980,7	979,8	981,1		
5,5132	0,2417	980,6	979,7	980,9		
5,5216	0,2351	980,6	979,7	981,0		
5,5299	0,2382	980,7	979,8	981,0		
5,5382	0,2360	980,6	979,8	981,0		
5,5466	0,2373	980,6	979,7	981,0		
5,5549	0,2413	980,6	979,7	980,9		
5,5632	0,2324	980,6	979,7	981,0		
5,5716	0,2333	980,6	979,7	980,9		
5,5799	0,2484	980,7	979,7	981,0		
5,5882	0,2399	980,6	979,7	980,9		
5,5966	0,2435	980,6	979,6	981,0		
5,6049	0,2355	980,6	979,7	981,0		
5,6132	0,2333	980,6	979,7	981,0		
5,6216	0,2422	980,6	979,7	980,9		
5,6299	0,2377	980,7	979,7	981,0		
5,6382	0,2422	980,7	979,7	981,0		
5,6466	0,2399	980,7	979,7	981,0		
5,6549	0,2413	980,6	979,7	980,9		
5,6632	0,2448	980,6	979,7	981,1		
5,6716	0,2342	980,7	979,8	981,0		
5,6799	0,2470	980,7	979,8	980,9		
5,6882	0,2364	980,7	979,7	980,9		
5,6966	0,2457	980,7	979,7	981,0		
5,7049	0,2373	980,7	979,7	981,0		
5,7132	0,2377	980,7	979,7	981,1		
5,7216	0,2435	980,7	979,7	980,9		
5,7299	0,2470	980,7	979,7	981,0		
5,7382	0,2377	980,7	979,8	981,0		
5,7466	0,2475	980,7	979,7	980,9		
5,7549	0,2328	980,6	979,7	981,0		
5,7632	0,2382	980,7	979,8	981,0		
5,7716	0,2422	980,7	979,8	981,0		
5,7799	0,2337	980,8	979,9	981,4		
5,7882	0,2453	981,0	980,1	981,3		
5,7966	0,2417	980,7	979,7	980,8		
5,8049	0,2386	980,7	979,7	980,9		
5,8132	0,2382	980,7	979,7	981,0		
5,8216	0,2399	980,7	979,7	980,9		
5,8299	0,2484	980,8	979,7	981,0		
5,8382	0,2351	980,8	979,8	981,0		
5,8466	0,2422	980,7	979,7	980,9		
5,8549	0,2417	980,7	979,7	980,9		
5,8632	0,2422	980,7	979,7	980,9		
5,8716	0,2426	980,7	979,7	980,9		
5,8799	0,2382	980,7	979,7	980,9		
5,8882	0,2444	980,7	979,8	981,2		
5,8966	0,2470	980,7	979,9	981,2		
5,9049	0,2426	980,7	979,8	981,1		
5,9132	0,2457	980,7	979,8	981,1		
5,9216	0,2462	980,8	979,8	981,1		
5,9299	0,2586	980,7	979,8	981,1		
5,9382	0,2488	980,7	979,8	981,1		
5,9466	0,2524	980,7	979,8	981,0		
5,9549	0,2550	980,7	979,8	980,9		
5,9632	0,2444	980,6	979,6	980,8		
5,9716	0,2470	980,6	979,7	980,9		
5,9799	0,2510	980,6	979,7	980,8		
5,9882	0,2466	980,5	979,6	980,7		
5,9966	0,2488	980,5	979,6	980,8		
6,0049	0,2488	980,5	979,6	980,8		
6,0132	0,2479	980,5	979,5	980,7		
6,0216	0,2475	980,6	979,7	980,9		
6,0299	0,2515	980,7	979,6	980,8		
6,0382	0,2519	980,5	979,6	980,8		
6,0466	0,2453	980,7	979,7	981,1		
6,0549	0,2475	980,7	979,8	981,1		
6,0632	0,2550	980,7	979,7	980,9		
6,0716	0,2462	980,6	979,7	980,9		
6,0799	0,2457	980,7	979,7	981,0		
6,0882	0,2524	980,7	979,8	981,0		
6,0966	0,2537	980,7	979,7	980,9		
6,1049	0,2501	980,6	979,6	980,8		
6,1132	0,2555	980,6	979,5	980,8		
6,1216	0,2528	980,7	979,7	980,8		
6,1299	0,2559	980,7	979,7	981,0		
6,1382	0,2430	980,5	979,6	980,8		
6,1466	0,2515	980,6	979,7	980,8		
6,1549	0,2484	980,6	979,7	980,9		
6,1632	0,2559	980,6	979,6	980,8		
6,1716	0,2488	980,6	979,6	980,9		
6,1799	0,2413	980,6	979,6	980,8		
6,1882	0,2470	980,6	979,6	980,8		
6,1966	0,2435	980,6	979,6	980,8		
6,2049	0,2524	980,7	979,7	980,9		
6,2132	0,2528	980,6	979,6	980,8		
6,2216	0,2395	980,7	979,6	980,9		
6,2299	0,2524	980,7	979,7	980,9		
6,2382	0,2550	980,6	979,7	980,9		
6,2466	0,2532	980,7	979,7	981,0		
6,2549	0,2519	980,7	979,7	980,9		
6,2632	0,2497	980,6	979,7	980,9		
6,2716	0,2488	980,7	979,7	980,8		
6,2799	0,2488	980,7	979,7	981,1		
6,2882	0,2595	980,9	979,9	981,2		
6,2966	0,2466	980,8	979,9	981,2		
6,3049	0,2506	980,8	979,8	981,0		
6,3132	0,2634	980,8	979,9	981,2		
6,3216	0,2515	980,8	979,9	981,1		
6,3299	0,2568	980,8	979,8	981,0		
6,3382	0,2612	980,7	979,9	981,1		
6,3466	0,2550	980,7	979,8	981,0		
6,3549	0,2497	980,7	979,8	981,0		
6,3632	0,2528	980,7	979,7	980,9		
6,3716	0,2608	980,6	979,7	981,0		
6,3799	0,2541	980,6	979,7	980,9		
6,3882	0,2577	980,6	979,6	980,8		
6,3966	0,2639	980,6	979,7	980,9		
6,4049	0,2550	980,6	979,7	980,9		
6,4132	0,2612	980,6	979,7	981,0		
6,4216	0,2608	980,6	979,7	980,9		
6,4299	0,2577	980,6	979,7	981,0		
6,4382	0,2444	980,6	979,7	981,0		
6,4466	0,2599	980,6	979,7	981,0		
6,4549	0,2612	980,6	979,7	981,0		
6,4632	0,2599	980,7	979,7	980,9		
6,4716	0,2643	980,6	979,7	980,9		
6,4799	0,2577	980,6	979,7	981,0		
6,4882	0,2546	980,7	979,7	981,0		
6,4966	0,2541	980,6	979,7	980,9		
6,5049	0,2608	980,6	979,7	981,0		
6,5132	0,2608	980,6	979,7	980,9		
6,5216	0,2581	980,6	979,7	980,9		
6,5299	0,2524	980,7	979,7	981,0		
6,5382	0,2634	980,7	979,7	981,0		
6,5466	0,2555	980,7	979,7	980,9		
6,5549	0,2457	980,6	979,6	980,8		
6,5632	0,2599	980,6	979,6	980,9		
6,5716	0,2528	980,5	979,6	980,8		
6,5799	0,2488	980,8	980,1	981,6		
6,5882	0,2595	980,8	979,9	981,2		
6,5966	0,2599	980,8	979,9	981,2		
6,6049	0,2524	980,8	979,9	981,2		
6,6132	0,2555	980,9	979,9	981,2		
6,6216	0,2572	980,8	979,8	981,1		
6,6299	0,2559	980,8	979,8	981,2		
6,6382	0,2555	980,8	979,9	981,2		
6,6466	0,2546	980,8	979,9	981,1		
6,6549	0,2630	980,8	979,8	981,1		
6,6632	0,2621	980,8	979,8	981,0		
6,6716	0,2617	980,7	979,7	980,8		
6,6799	0,2608	980,7	979,7	980,9		
6,6882	0,2612	980,7	979,7	980,9		
6,6966	0,2630	980,7	979,6	980,8		
6,7049	0,2603	980,7	979,6	980,8		
6,7132	0,2590	980,6	979,6	980,9		
6,7216	0,2612	980,7	979,7	980,9		
6,7299	0,2621	980,7	979,6	980,9		
6,7382	0,2599	980,7	979,7	980,9		
6,7466	0,2590	980,7	979,7	981,0		
6,7549	0,2617	980,6	979,7	980,8		
6,7632	0,2590	980,6	979,6	980,8		
6,7716	0,2661	980,6	979,7	980,9		
6,7799	0,2595	980,7	979,7	980,9		
6,7882	0,2657	980,7	979,7	981,0		
6,7966	0,2657	980,7	979,8	981,0		
6,8049	0,2590	980,6	979,7	980,9		
6,8132	0,2710	980,7	979,7	981,0		
6,8216	0,2657	980,7	979,8	981,0		
6,8299	0,2697	980,7	979,7	981,0		
6,8382	0,2612	980,6	979,7	980,9		
6,8466	0,2661	980,6	979,7	980,9		
6,8549	0,2768	980,6	979,7	981,0		
6,8632	0,2670	980,7	979,7	980,9		
6,8716	0,2701	980,6	979,6	980,8		
6,8799	0,2688	980,7	979,7	981,0		
6,8882	0,2555	980,7	979,7	980,9		
6,8966	0,2679	980,7	979,6	980,9		
6,9049	0,2679	980,7	979,7	981,0		
6,9132	0,2697	980,7	979,8	981,1		
6,9216	0,2643	980,7	979,7	980,8		
6,9299	0,2754	980,6	979,7	980,9		
6,9382	0,2692	980,6	979,8	981,0		
6,9466	0,2670	980,7	979,7	980,9		
6,9549	0,2666	980,6	979,7	980,9		
6,9632	0,2683	980,6	979,7	980,9		
6,9716	0,2666	980,7	979,7	981,0		
6,9799	0,2697	980,7	979,7	981,0		
6,9882	0,2701	980,7	979,8	981,0		
6,9966	0,2745	980,7	979,8	981,0		
7,0049	0,2643	980,7	979,8	981,0		
7,0132	0,2750	980,7	979,8	981,0		
7,0216	0,2710	980,6	979,7	981,0		
7,0299	0,2772	980,7	979,7	980,9		
7,0382	0,2697	980,7	979,7	981,0		
7,0466	0,2785	980,7	979,7	981,1		
7,0549	0,2688	980,7	979,7	981,0		
7,0632	0,2745	980,7	979,7	981,0		
7,0716	0,2590	980,7	979,7	981,0		
7,0799	0,2661	980,7	979,8	981,1		
7,0882	0,2612	980,7	979,7	981,0		
7,0966	0,2714	980,7	979,8	981,1		
7,1049	0,2719	980,8	979,8	981,1		
7,1132	0,2710	980,8	979,8	981,1		
7,1216	0,2705	980,7	979,7	981,0		
7,1299	0,2719	980,7	979,7	981,0		
7,1382	0,2670	980,7	979,7	980,9		
7,1466	0,2794	980,8	979,8	981,0		
7,1549	0,2714	980,7	979,7	980,9		
7,1632	0,2737	980,7	979,7	981,0		
7,1716	0,2728	980,6	979,6	980,9		
7,1799	0,2692	980,7	979,7	981,0		
7,1882	0,2657	980,7	979,7	981,0		
7,1966	0,2683	980,6	979,6	980,9		
7,2049	0,2697	980,6	979,7	980,9		
7,2132	0,2843	980,6	979,6	980,9		
7,2216	0,2732	980,7	979,7	980,9		
7,2299	0,2719	980,7	979,7	980,9		
7,2382	0,2781	980,7	979,6	980,9		
7,2466	0,2723	980,7	979,7	980,9		
7,2549	0,2776	980,7	979,7	980,9		
7,2632	0,2794	980,7	979,7	980,9		
7,2716	0,2741	980,7	979,7	980,9		
7,2799	0,2728	980,7	979,6	980,8		
7,2882	0,2741	980,7	979,8	981,0		
7,2966	0,2821	980,7	979,7	980,9		
7,3049	0,2741	980,6	979,7	981,0		
7,3132	0,2754	980,7	979,7	981,1		
7,3216	0,2785	980,8	979,8	981,1		
7,3299	0,2737	980,7	979,8	980,9		
7,3382	0,2741	980,7	979,7	980,9		
7,3466	0,2728	980,7	979,7	981,0		
7,3549	0,2661	980,6	979,7	980,9		
7,3632	0,2790	980,7	979,7	980,9		
7,3716	0,2759	980,6	979,6	980,8		
7,3799	0,2768	980,6	979,7	981,0		
7,3882	0,2799	980,7	979,7	981,0		
7,3966	0,2785	980,6	979,7	981,0		
7,4049	0,2763	980,6	979,6	980,9		
7,4132	0,2816	980,6	979,7	981,0		
7,4216	0,2719	980,6	979,7	980,9		
7,4299	0,2745	980,6	979,7	980,9		
7,4382	0,2861	980,7	979,8	981,0		
7,4466	0,2781	980,7	979,7	981,0		
7,4549	0,2745	980,7	979,7	980,9		
7,4632	0,2768	980,7	979,7	981,0		
7,4716	0,2830	980,7	979,7	980,9		
7,4799	0,2799	980,7	979,7	981,0		
7,4882	0,2741	980,7	979,7	981,0		
7,4966	0,2754	980,7	979,7	980,9		
7,5049	0,2750	980,7	979,8	981,0		
7,5132	0,2683	980,7	979,7	981,0		
7,5216	0,2821	980,7	979,7	980,9		
7,5299	0,2785	980,6	979,6	980,8		
7,5382	0,2816	980,7	979,7	981,1		
7,5466	0,2803	980,7	979,8	981,1		
7,5549	0,2692	980,8	979,8	981,1		
7,5632	0,2816	980,7	979,7	981,0		
7,5716	0,2781	980,8	979,8	981,0		
7,5799	0,2812	980,7	979,8	981,1		
7,5882	0,2763	980,8	979,8	981,0		
7,5966	0,2768	980,7	979,7	981,0		
7,6049	0,2807	980,7	979,7	980,9		
7,6132	0,2781	980,6	979,7	980,8		
7,6216	0,2754	980,7	979,8	981,0		
7,6299	0,2768	980,8	979,7	980,9		
7,6382	0,2830	980,7	979,7	980,9		
7,6466	0,2892	980,7	979,7	981,0		
7,6549	0,2839	980,7	979,7	981,0		
7,6632	0,2861	980,7	979,7	981,0		
7,6716	0,2821	980,7	979,8	981,0		
7,6799	0,2812	980,7	979,7	980,9		
7,6882	0,2901	980,7	979,7	980,9		
7,6966	0,2776	980,6	979,7	980,9		
7,7049	0,2821	980,6	979,7	980,8		
7,7132	0,2825	980,7	979,7	981,0		
7,7216	0,2852	980,7	979,7	981,0		
7,7299	0,2843	980,6	979,6	980,8		
7,7382	0,2799	980,7	979,7	980,9		
7,7466	0,2865	980,7	979,7	981,0		
7,7549	0,2830	980,6	979,7	981,0		
7,7632	0,2847	980,7	979,7	981,1		
7,7716	0,2892	980,6	979,7	981,0		
7,7799	0,2821	980,6	979,7	980,9		
7,7882	0,2803	980,7	979,8	981,0		
7,7966	0,2830	980,7	979,8	981,0		
7,8049	0,2883	980,8	979,8	981,1		
7,8132	0,2870	980,8	979,9	981,1		
7,8216	0,2852	980,7	979,8	980,9		
7,8299	0,2830	980,7	979,7	981,0		
7,8382	0,2812	980,7	979,7	980,9		
7,8466	0,2856	980,8	979,7	980,9		
7,8549	0,2839	980,7	979,7	980,9		
7,8632	0,2825	980,7	979,6	980,8		
7,8716	0,2909	980,7	979,7	980,9		
7,8799	0,2883	980,6	979,7	980,8		
7,8882	0,2834	980,6	979,7	980,9		
7,8966	0,2870	980,6	979,7	981,0		
7,9049	0,2892	980,7	979,7	980,9		
7,9132	0,2923	980,7	979,7	980,9		
7,9216	0,2825	980,6	979,7	981,0		
7,9299	0,2945	980,6	979,7	981,0		
7,9382	0,2870	980,6	979,7	980,9		
7,9466	0,2954	980,6	979,7	980,9		
7,9549	0,2870	980,6	979,6	980,9		
7,9632	0,2883	980,7	979,7	981,0		
7,9716	0,2856	980,7	979,7	980,9		
7,9799	0,2887	980,7	979,7	981,0		
7,9882	0,2865	980,7	979,7	980,9		
7,9966	0,2874	980,6	979,7	980,9		
8,0049	0,2923	980,7	979,7	981,0		
8,0132	0,2816	980,7	979,7	981,0		
8,0216	0,2856	980,7	979,7	980,9		
8,0299	0,2892	980,7	979,7	981,0		
8,0382	0,2905	980,7	979,7	981,0		
8,0466	0,2816	980,7	979,7	980,9		
8,0549	0,2870	980,7	979,7	980,9		
8,0632	0,2892	980,7	979,7	980,9		
8,0716	0,2878	980,7	979,7	980,9		
8,0799	0,2887	980,7	979,7	980,9		
8,0882	0,2896	980,7	979,8	981,0		
8,0966	0,2923	980,8	979,7	981,0		
8,1049	0,2945	980,7	979,7	980,9		
8,1132	0,2918	980,6	979,7	981,0		
8,1216	0,2839	980,6	979,7	980,9		
8,1299	0,2878	980,6	979,6	980,9		
8,1382	0,2923	981,0	979,9	981,1		
8,1466	0,2852	980,9	979,8	981,0		
8,1549	0,2923	980,8	979,8	980,9		
8,1632	0,2874	980,8	979,8	980,9		
8,1716	0,2918	980,8	979,8	980,9		
8,1799	0,2905	980,7	979,7	980,9		
8,1882	0,3029	980,7	979,7	981,0		
8,1966	0,2883	980,7	979,7	980,9		
8,2049	0,2905	980,6	979,7	980,8		
8,2132	0,2954	980,5	979,6	980,8		
8,2216	0,2878	980,3	979,5	980,9		
8,2299	0,2989	980,4	979,5	980,8		
8,2382	0,2972	980,7	979,7	981,0		
8,2466	0,2923	980,7	979,9	981,1		
8,2549	0,2918	980,6	979,7	980,9		
8,2632	0,2887	980,5	979,6	980,9		
8,2716	0,2949	980,4	979,6	980,9		
8,2799	0,2887	980,4	979,5	980,9		
8,2882	0,2945	980,6	979,7	980,9		
8,2966	0,2909	980,6	979,7	981,0		
8,3049	0,2923	980,6	979,6	980,8		
8,3132	0,2878	980,6	979,6	980,9		
8,3216	0,2980	980,6	979,7	980,9		
8,3299	0,2923	980,6	979,7	980,8		
8,3382	0,2918	980,7	979,7	981,0		
8,3466	0,2918	980,7	979,7	981,0		
8,3549	0,2989	980,6	979,7	980,9		
8,3632	0,2958	980,8	979,8	981,0		
8,3716	0,2949	980,7	979,7	981,0		
8,3799	0,2958	980,7	979,7	981,0		
8,3882	0,2976	980,7	979,8	981,1		
8,3966	0,2985	980,8	979,8	981,0		
8,4049	0,2963	980,7	979,8	981,0		
8,4132	0,2967	980,6	979,7	981,0		
8,4216	0,2963	980,7	979,7	981,0		
8,4299	0,2923	980,7	979,8	981,0		
8,4382	0,3025	980,7	979,7	980,9		
8,4466	0,2967	980,7	979,7	980,9		
8,4549	0,2932	980,7	979,7	980,9		
8,4632	0,2963	980,7	979,7	980,9		
8,4716	0,2914	980,7	979,7	980,9		
8,4799	0,2936	980,7	979,7	980,9		
8,4882	0,2923	980,7	979,7	980,9		
8,4966	0,3020	980,7	979,7	981,0		
8,5049	0,3038	980,8	979,7	980,8		
8,5132	0,2909	980,7	979,7	980,9		
8,5216	0,2936	980,7	979,7	980,9		
8,5299	0,2954	980,7	979,7	980,9		
8,5382	0,3034	980,6	979,7	980,9		
8,5466	0,2945	980,8	979,8	981,0		
8,5549	0,2980	980,8	979,7	981,0		
8,5632	0,2945	980,7	979,7	980,9		
8,5716	0,2985	980,8	979,7	980,9		
8,5799	0,3074	980,7	979,7	981,0		
8,5882	0,2954	980,8	979,7	981,0		
8,5966	0,2963	980,7	979,7	980,9		
8,6049	0,3034	980,7	979,7	981,0		
8,6132	0,2927	980,8	979,7	980,9		
8,6216	0,3003	980,7	979,7	980,9		
8,6299	0,3007	980,7	979,7	980,9		
8,6382	0,3025	980,7	979,7	980,9		
8,6466	0,3043	980,7	979,8	980,9		
8,6549	0,3087	980,7	979,7	981,0		
8,6632	0,2989	980,7	979,8	981,1		
8,6716	0,2994	980,7	979,8	981,0		
8,6799	0,2963	980,7	979,7	981,0		
8,6882	0,3029	980,7	979,7	980,9		
8,6966	0,3074	980,7	979,7	981,0		
8,7049	0,3011	980,7	979,8	980,9		
8,7132	0,3087	980,7	979,7	981,0		
8,7216	0,2994	980,7	979,7	981,0		
8,7299	0,2989	980,7	979,7	980,9		
8,7382	0,3047	980,6	979,7	980,9		
8,7466	0,3078	980,6	979,7	980,9		
8,7549	0,3034	980,6	979,7	980,9		
8,7632	0,3051	980,6	979,7	981,0		
8,7716	0,2980	980,7	979,7	980,8		
8,7799	0,3091	980,6	979,7	980,9		
8,7882	0,3060	980,6	979,7	981,0		
8,7966	0,3038	980,6	979,7	981,0		
8,8049	0,3082	980,6	979,7	980,9		
8,8132	0,3060	980,6	979,6	980,8		
8,8216	0,3051	980,6	979,7	980,9		
8,8299	0,3043	980,7	979,7	981,0		
8,8382	0,3087	980,6	979,7	980,9		
8,8466	0,3082	980,6	979,7	980,9		
8,8549	0,3043	980,7	979,7	980,9		
8,8632	0,3087	980,6	979,6	980,9		
8,8716	0,3003	980,7	979,7	981,0		
8,8799	0,3091	980,6	979,6	980,8		
8,8882	0,3109	980,6	979,7	980,9		
8,8966	0,2989	980,7	979,7	981,0		
8,9049	0,2980	980,7	979,7	980,9		
8,9132	0,3020	980,7	979,7	981,0		
8,9216	0,3065	980,7	979,7	981,0		
8,9299	0,3198	980,6	979,7	980,9		
8,9382	0,3091	980,7	979,7	980,9		
8,9466	0,3145	980,6	979,7	980,9		
8,9549	0,3078	980,7	979,7	981,0		
8,9632	0,3047	980,7	979,7	980,9		
8,9716	0,3069	980,7	979,7	980,9		
8,9799	0,3100	980,6	979,7	980,8		
8,9882	0,3109	980,7	979,6	980,9		
8,9966	0,3145	980,7	979,7	980,9		
9,0049	0,3078	980,7	979,7	980,8		
9,0132	0,3118	980,7	979,7	980,9		
9,0216	0,3043	980,7	979,7	981,0		
9,0299	0,3060	980,8	979,8	981,0		
9,0382	0,3007	980,7	979,7	981,0		
9,0466	0,3051	980,7	979,8	981,0		
9,0549	0,3136	980,8	979,8	981,0		
9,0632	0,3074	980,7	979,7	980,9		
9,0716	0,3118	980,7	979,7	980,9		
9,0799	0,3069	980,7	979,6	980,9		
9,0882	0,3091	980,9	979,9	981,3		
9,0966	0,3140	980,9	979,9	981,3		
9,1049	0,3113	980,8	979,9	981,1		
9,1132	0,3065	980,8	979,8	981,0		
9,1216	0,3096	980,7	979,7	980,7		
9,1299	0,3105	980,7	979,6	980,8		
9,1382	0,3087	980,7	979,6	980,8		
9,1466	0,3122	980,7	979,6	980,8		
9,1549	0,3109	980,7	979,6	980,8		
9,1632	0,3140	980,7	979,6	980,8		
9,1716	0,3060	980,6	979,6	980,7		
9,1799	0,3109	980,6	979,6	980,7		
9,1882	0,3149	980,7	979,7	980,9		
9,1966	0,3091	980,6	979,6	980,8		
9,2049	0,3127	980,6	979,5	980,7		
9,2132	0,3224	980,7	979,6	980,9		
9,2216	0,3122	980,7	979,6	980,8		
9,2299	0,3113	980,7	979,7	980,8		
9,2382	0,3247	980,6	979,6	980,8		
9,2466	0,3122	980,6	979,8	981,2		
9,2549	0,3167	980,9	980,0	981,4		
9,2632	0,3176	980,8	980,0	981,2		
9,2716	0,3109	980,8	979,8	981,1		
9,2799	0,3153	980,8	979,8	981,0		
9,2882	0,3171	980,7	979,7	980,8		
9,2966	0,3162	980,7	979,7	980,9		
9,3049	0,3189	980,7	979,7	980,9		
9,3132	0,3184	980,7	979,7	980,9		
9,3216	0,3162	980,6	979,6	980,8		
9,3299	0,3193	980,7	979,7	980,9		
9,3382	0,3162	980,7	979,7	980,9		
9,3466	0,3171	980,6	979,7	980,8		
9,3549	0,3140	980,7	979,7	980,7		
9,3632	0,3220	980,7	979,7	980,9		
9,3716	0,3127	980,7	979,7	980,9		
9,3799	0,3189	980,6	979,6	980,8		
9,3882	0,3162	980,6	979,7	980,9		
9,3966	0,3216	980,7	979,8	981,1		
9,4049	0,3162	980,7	979,7	980,9		
9,4132	0,3176	980,7	979,7	981,0		
9,4216	0,3198	980,7	979,8	981,0		
9,4299	0,3167	980,7	979,8	981,0		
9,4382	0,3224	980,7	979,8	981,0		
9,4466	0,3167	980,7	979,7	980,9		
9,4549	0,3207	980,7	979,8	981,0		
9,4632	0,3198	980,7	979,7	980,9		
9,4716	0,3171	980,7	979,7	980,9		
9,4799	0,3211	980,6	979,6	980,9		
9,4882	0,3269	980,7	979,7	980,9		
9,4966	0,3229	980,7	979,6	980,9		
9,5049	0,3193	980,7	979,7	980,9		
9,5132	0,3100	980,6	979,7	980,9		
9,5216	0,3189	980,7	979,7	980,8		
9,5299	0,3198	980,7	979,7	980,9		
9,5382	0,3189	980,8	979,7	980,9		
9,5466	0,3211	980,7	979,7	981,0		
9,5549	0,3198	980,7	979,7	980,9		
9,5632	0,3193	980,8	979,7	980,9		
9,5716	0,3171	980,7	979,7	980,9		
9,5799	0,3176	980,7	979,7	980,8		
9,5882	0,3193	980,7	979,7	980,8		
9,5966	0,3295	980,6	979,6	980,8		
9,6049	0,3278	980,8	979,8	981,2		
9,6132	0,3202	980,8	979,8	981,1		
9,6216	0,3198	980,7	979,7	981,0		
9,6299	0,3220	980,8	979,8	981,1		
9,6382	0,3184	980,8	979,9	981,1		
9,6466	0,3242	980,7	979,8	981,1		
9,6549	0,3131	980,7	979,8	980,9		
9,6632	0,3189	980,8	979,8	981,0		
9,6716	0,3326	980,8	979,8	981,0		
9,6799	0,3220	980,8	979,8	981,0		
9,6882	0,3286	980,7	979,8	980,9		
9,6966	0,3269	980,7	979,7	981,0		
9,7049	0,3251	980,6	979,7	980,8		
9,7132	0,3286	980,7	979,7	981,0		
9,7216	0,3180	980,7	979,8	981,0		
9,7299	0,3260	980,7	979,7	981,0		
9,7382	0,3233	980,7	979,8	981,0		
9,7466	0,3260	980,7	979,8	981,0		
9,7549	0,3255	980,7	979,7	980,9		
9,7632	0,3242	980,7	979,8	981,0		
9,7716	0,3286	980,7	979,8	980,9		
9,7799	0,3224	980,6	979,7	980,8		
9,7882	0,3220	980,7	979,6	980,9		
9,7966	0,3247	980,7	979,7	980,9		
9,8049	0,3224	980,6	979,7	980,8		
9,8132	0,3216	980,7	979,7	980,8		
9,8216	0,3304	980,7	979,7	980,9		
9,8299	0,3286	980,7	979,7	980,8		
9,8382	0,3295	980,6	979,6	980,8		
9,8466	0,3233	980,6	979,6	980,9		
9,8549	0,3264	980,6	979,6	980,8		
9,8632	0,3216	980,7	979,6	980,8		
9,8716	0,3260	980,7	979,7	980,9		
9,8799	0,3282	980,6	979,6	980,8		
9,8882	0,3251	980,7	979,7	980,9		
9,8966	0,3322	980,8	979,7	980,9		
9,9049	0,3322	980,7	979,7	980,9		
9,9132	0,3349	980,7	979,7	980,8		
9,9216	0,3260	980,6	979,7	980,9		
9,9299	0,3260	980,7	979,7	980,8		
9,9382	0,3282	980,7	979,7	980,9		
9,9466	0,3278	980,7	979,6	980,9		
9,9549	0,3286	980,7	979,8	981,0		
9,9632	0,3273	980,8	979,9	981,1		
9,9716	0,3322	980,8	979,8	981,1		
9,9799	0,3295	980,7	979,8	981,1		
9,9882	0,3326	980,8	979,8	981,0		
9,9966	0,3313	980,7	979,8	981,0		
10,0049	0,3318	980,6	979,6	980,7		
10,0132	0,3220	980,6	979,7	980,9		
10,0216	0,3318	980,6	979,7	980,9		
10,0299	0,3322	980,7	979,8	981,0		
10,0382	0,3304	980,8	979,7	980,9		
10,0466	0,3260	980,7	979,7	980,9		
10,0549	0,3300	980,8	979,8	981,1		
10,0632	0,3295	980,9	979,9	981,2		
10,0716	0,3349	980,8	979,8	981,1		
10,0799	0,3300	980,8	979,8	981,0		
10,0882	0,3264	980,8	979,8	981,1		
10,0966	0,3300	980,7	979,8	981,0		
10,1049	0,3207	980,8	979,8	981,0		
10,1132	0,3428	980,8	979,7	981,0		
10,1216	0,3375	980,8	979,8	981,1		
10,1299	0,3331	980,8	979,7	981,0		
10,1382	0,3273	980,7	979,8	980,9		
10,1466	0,3278	980,7	979,8	981,0		
10,1549	0,3304	980,8	979,8	981,0		
10,1632	0,3424	980,7	979,7	981,0		
10,1716	0,3322	980,7	979,8	981,0		
10,1799	0,3260	980,7	979,8	981,0		
10,1882	0,3282	980,7	979,7	980,9		
10,1966	0,3322	980,7	979,7	980,9		
10,2049	0,3286	980,7	979,8	981,0		
10,2132	0,3273	980,7	979,7	980,9		
10,2216	0,3318	980,7	979,6	980,8		
10,2299	0,3282	980,6	979,6	980,7		
10,2382	0,3273	980,7	979,7	980,9		
10,2466	0,3362	980,7	979,6	980,8		
10,2549	0,3380	980,7	979,6	980,8		
10,2632	0,3424	980,7	979,7	980,8		
10,2716	0,3318	980,6	979,7	980,8		
10,2799	0,3313	980,6	979,7	980,9		
10,2882	0,3357	980,7	979,7	980,9		
10,2966	0,3362	980,8	979,7	980,9		
10,3049	0,3335	980,7	979,7	980,8		
10,3132	0,3362	980,6	979,6	980,7		
10,3216	0,3397	980,6	979,6	980,8		
10,3299	0,3304	980,6	979,6	980,8		
10,3382	0,3375	980,7	979,6	980,8		
10,3466	0,3380	980,8	979,9	981,3		
10,3549	0,3340	981,0	980,0	981,4		
10,3632	0,3433	980,7	979,7	980,8		
10,3716	0,3322	980,7	979,7	981,0		
10,3799	0,3406	980,8	979,8	981,1		
10,3882	0,3384	980,7	979,7	981,0		
10,3966	0,3393	980,6	979,7	980,8		
10,4049	0,3375	980,7	979,7	981,0		
10,4132	0,3375	980,7	979,8	980,9		
10,4216	0,3380	980,7	979,8	981,0		
10,4299	0,3313	980,7	979,8	981,0		
10,4382	0,3380	980,7	979,7	981,0		
10,4466	0,3331	980,7	979,7	980,8		
10,4549	0,3428	980,7	979,6	980,8		
10,4632	0,3380	980,7	979,7	981,0		
10,4716	0,3397	980,8	979,9	981,1		
10,4799	0,3331	980,8	979,7	980,9		
10,4882	0,3366	980,6	979,6	980,7		
10,4966	0,3402	980,7	979,6	980,8		
10,5049	0,3411	980,8	979,9	981,2		
10,5132	0,3388	980,8	979,9	981,2		
10,5216	0,3344	980,7	979,8	980,9		
10,5299	0,3446	980,7	979,7	980,9		
10,5382	0,3415	980,7	979,7	980,8		
10,5466	0,3420	980,7	979,7	980,8		
10,5549	0,3420	980,7	979,8	981,2		
10,5632	0,3349	980,9	980,1	981,5		
10,5716	0,3455	980,8	979,9	981,1		
10,5799	0,3397	980,6	979,6	980,7		
10,5882	0,3455	980,7	979,7	980,8		
10,5966	0,3446	980,8	979,9	981,3		
10,6049	0,3371	980,8	980,0	981,3		
10,6132	0,3428	980,5	979,7	981,1		
10,6216	0,3393	980,5	979,7	981,0		
10,6299	0,3393	980,6	979,7	981,0		
10,6382	0,3384	980,6	979,7	981,0		
10,6466	0,3366	980,7	979,7	981,0		
10,6549	0,3477	981,3	980,1	981,2		
10,6632	0,3375	981,4	980,2	981,2		
10,6716	0,3433	981,1	980,0	981,1		
10,6799	0,3433	981,0	979,9	981,0		
10,6882	0,3433	981,0	979,8	980,9		
10,6966	0,3384	980,9	979,8	980,9		
10,7049	0,3482	980,9	979,9	981,1		
10,7132	0,3384	981,0	979,9	981,2		
10,7216	0,3420	980,9	979,9	981,0		
10,7299	0,3455	980,9	979,8	980,9		
10,7382	0,3442	980,8	979,7	980,9		
10,7466	0,3446	980,8	979,8	980,9		
10,7549	0,3340	980,8	979,8	981,0		
10,7632	0,3468	980,7	979,8	980,9		
10,7716	0,3486	980,8	979,7	981,0		
10,7799	0,3530	980,8	979,8	981,0		
10,7882	0,3575	980,8	979,7	980,9		
10,7966	0,3451	980,7	979,6	980,7		
10,8049	0,3446	980,6	979,7	980,9		
10,8132	0,3513	980,7	979,8	980,9		
10,8216	0,3397	980,7	979,7	980,8		
10,8299	0,3486	980,7	979,7	980,9		
10,8382	0,3530	980,7	979,7	980,9		
10,8466	0,3473	980,7	979,6	980,8		
10,8549	0,3442	980,7	979,6	980,7		
10,8632	0,3477	980,7	979,7	980,9		
10,8716	0,3499	980,7	979,7	980,9		
10,8799	0,3384	980,7	979,6	980,7		
10,8882	0,3548	980,7	979,7	981,0		
10,8966	0,3499	980,8	979,9	981,2		
10,9049	0,3459	980,7	979,7	980,9		
10,9132	0,3490	980,7	979,7	981,0		
10,9216	0,3442	980,7	979,8	981,0		
10,9299	0,3433	980,7	979,8	980,9		
10,9382	0,3499	980,6	979,7	980,9		
10,9466	0,3486	980,7	979,7	981,0		
10,9549	0,3482	980,7	979,7	980,9		
10,9632	0,3437	980,7	979,7	980,9		
10,9716	0,3451	980,7	979,7	980,9		
10,9799	0,3490	980,7	979,7	981,0		
10,9882	0,3526	980,7	979,8	981,0		
10,9966	0,3384	980,6	979,7	980,8		
11,0049	0,3495	980,6	979,7	980,8		
11,0132	0,3495	980,7	979,7	980,9		
11,0216	0,3459	980,7	979,7	980,9		
11,0299	0,3473	980,7	979,7	980,9		
11,0382	0,3610	980,7	979,7	980,8		
11,0466	0,3433	980,7	979,7	980,9		
11,0549	0,3513	980,7	979,7	980,9		
11,0632	0,3490	980,6	979,6	980,9		
11,0716	0,3482	980,7	979,7	980,8		
11,0799	0,3482	980,7	979,7	980,9		
11,0882	0,3539	980,6	979,7	980,9		
11,0966	0,3464	980,6	979,7	980,9		
11,1049	0,3482	980,7	979,7	980,9		
11,1132	0,3513	980,7	979,7	981,0		
11,1216	0,3486	980,6	979,7	980,9		
11,1299	0,3504	980,8	979,8	981,0		
11,1382	0,3490	980,7	979,7	980,9		
11,1466	0,3561	980,7	979,7	980,9		
11,1549	0,3597	980,8	979,8	981,2		
11,1632	0,3561	980,8	979,9	981,2		
11,1716	0,3464	980,7	979,8	981,0		
11,1799	0,3504	980,8	979,8	981,0		
11,1882	0,3486	980,8	979,8	981,1		
11,1966	0,3508	980,8	979,8	981,0		
11,2049	0,3575	980,8	979,8	981,0		
11,2132	0,3455	980,8	979,8	981,0		
11,2216	0,3592	980,8	979,8	981,0		
11,2299	0,3513	980,8	979,9	981,1		
11,2382	0,3468	980,9	979,9	981,1		
11,2466	0,3535	980,9	979,9	981,2		
11,2549	0,3499	980,9	979,9	981,1		
11,2632	0,3508	980,9	979,9	981,1		
11,2716	0,3539	980,8	979,8	981,0		
11,2799	0,3495	980,8	979,8	981,0		
11,2882	0,3592	980,8	979,9	981,1		
11,2966	0,3575	980,8	979,8	981,0		
11,3049	0,3495	980,7	979,8	980,9		
11,3132	0,3553	980,7	979,7	981,0		
11,3216	0,3459	980,7	979,7	981,0		
11,3299	0,3517	980,7	979,7	980,9		
11,3382	0,3615	980,7	979,7	981,0		
11,3466	0,3632	980,7	979,8	981,0		
11,3549	0,3628	980,7	979,7	980,9		
11,3632	0,3513	980,7	979,7	980,9		
11,3716	0,3592	980,7	979,7	980,9		
11,3799	0,3610	980,7	979,7	980,9		
11,3882	0,3584	980,7	979,7	980,9		
11,3966	0,3575	980,7	979,7	980,9		
11,4049	0,3548	980,7	979,7	980,9		
11,4132	0,3592	980,7	979,7	980,9		
11,4216	0,3606	980,7	979,7	980,9		
11,4299	0,3588	980,7	979,7	980,9		
11,4382	0,3592	980,7	979,8	980,9		
11,4466	0,3695	980,7	979,8	981,0		
11,4549	0,3561	980,7	979,7	980,8		
11,4632	0,3659	980,7	979,7	981,0		
11,4716	0,3575	980,8	979,8	981,0		
11,4799	0,3641	980,8	979,8	981,0		
11,4882	0,3544	980,7	979,8	981,0		
11,4966	0,3659	980,7	979,8	981,0		
11,5049	0,3588	980,8	979,7	980,9		
11,5132	0,3663	980,7	979,7	980,8		
11,5216	0,3579	980,6	979,6	980,7		
11,5299	0,3695	980,7	979,6	980,8		
11,5382	0,3646	980,7	979,7	980,9		
11,5466	0,3619	980,8	979,9	981,3		
11,5549	0,3743	980,9	979,9	981,2		
11,5632	0,3619	980,7	979,8	980,9		
11,5716	0,3592	980,7	979,9	981,1		
11,5799	0,3592	980,8	979,8	981,1		
11,5882	0,3584	980,8	979,8	980,9		
11,5966	0,3624	980,8	979,8	981,0		
11,6049	0,3597	980,8	979,8	981,0		
11,6132	0,3575	980,8	979,8	981,0		
11,6216	0,3588	980,7	979,7	981,0		
11,6299	0,3695	980,6	979,7	980,9		
11,6382	0,3566	980,7	979,7	980,9		
11,6466	0,3628	980,7	979,8	981,0		
11,6549	0,3650	980,7	979,7	980,9		
11,6632	0,3672	980,7	979,7	980,9		
11,6716	0,3628	980,7	979,8	981,0		
11,6799	0,3650	980,8	979,8	981,0		
11,6882	0,3575	980,9	979,9	981,0		
11,6966	0,3597	980,8	979,8	981,0		
11,7049	0,3655	980,8	979,8	981,0		
11,7132	0,3610	980,8	979,8	980,9		
11,7216	0,3695	980,8	979,8	981,0		
11,7299	0,3570	980,8	979,8	981,1		
11,7382	0,3606	980,8	979,8	981,0		
11,7466	0,3668	980,8	979,8	981,0		
11,7549	0,3672	980,8	979,8	981,1		
11,7632	0,3672	980,8	979,8	981,0		
11,7716	0,3624	980,7	979,8	981,0		
11,7799	0,3748	980,8	979,8	981,0		
11,7882	0,3628	980,9	979,8	981,1		
11,7966	0,3615	980,9	979,9	981,1		
11,8049	0,3624	980,8	979,9	981,0		
11,8132	0,3708	980,8	979,8	981,0		
11,8216	0,3646	980,9	979,8	981,1		
11,8299	0,3606	980,9	979,8	981,0		
11,8382	0,3677	980,8	979,8	981,0		
11,8466	0,3659	980,9	979,8	981,0		
11,8549	0,3615	980,9	979,8	980,9		
11,8632	0,3659	980,7	979,8	981,0		
11,8716	0,3575	980,8	979,8	980,9		
11,8799	0,3539	980,8	979,8	980,9		
11,8882	0,3686	980,8	979,8	980,9		
11,8966	0,3686	980,7	979,7	980,8		
11,9049	0,3628	980,8	979,7	980,9		
11,9132	0,3708	980,7	979,7	980,9		
11,9216	0,3672	980,7	979,7	980,8		
11,9299	0,3730	980,7	979,8	981,0		
11,9382	0,3637	980,8	979,8	981,0		
11,9466	0,3699	980,7	979,7	980,8		
11,9549	0,3650	980,6	979,7	980,9		
11,9632	0,3783	980,7	979,7	980,9		
11,9716	0,3699	980,8	979,8	981,0		
11,9799	0,3677	980,7	979,7	981,0		
11,9882	0,3668	980,7	979,7	980,9		
11,9966	0,3668	980,7	979,7	980,8		
12,0049	0,3739	980,7	979,7	980,9		
12,0132	0,3752	980,7	979,7	980,9		
12,0216	0,3668	980,7	979,7	980,9		
12,0299	0,3708	980,7	979,7	980,9		
12,0382	0,3681	980,7	979,7	980,8		
12,0466	0,3739	980,7	979,7	980,9		
12,0549	0,3655	980,7	979,7	981,0		
12,0632	0,3721	980,7	979,7	981,0		
12,0716	0,3774	980,7	979,8	981,0		
12,0799	0,3748	980,6	979,7	980,8		
12,0882	0,3677	980,7	979,7	980,9		
12,0966	0,3717	980,7	979,7	981,0		
12,1049	0,3752	980,8	979,8	980,9		
12,1132	0,3712	980,7	979,7	981,0		
12,1216	0,3743	980,7	979,7	980,9		
12,1299	0,3765	980,7	979,7	981,0		
12,1382	0,3743	980,7	979,7	981,0		
12,1466	0,3814	980,6	979,7	980,9		
12,1549	0,3739	980,6	979,7	980,9		
12,1632	0,3668	980,7	979,7	980,9		
12,1716	0,3761	980,7	979,7	980,9		
12,1799	0,3797	980,7	979,8	981,0		
12,1882	0,3779	980,7	979,7	981,0		
12,1966	0,3712	980,7	979,7	980,9		
12,2049	0,3770	980,7	979,7	981,0		
12,2132	0,3646	980,7	979,7	980,9		
12,2216	0,3681	980,8	979,7	980,9		
12,2299	0,3734	980,8	979,7	981,0		
12,2382	0,3752	980,7	979,7	980,9		
12,2466	0,3797	980,7	979,7	980,9		
12,2549	0,3774	980,7	979,7	981,0		
12,2632	0,3792	980,8	979,7	981,0		
12,2716	0,3726	980,8	979,9	981,0		
12,2799	0,3779	980,8	979,7	980,9		
12,2882	0,3761	980,7	979,7	980,9		
12,2966	0,3765	980,8	979,8	981,0		
12,3049	0,3761	980,8	979,8	981,1		
12,3132	0,3703	980,7	979,7	980,9		
12,3216	0,3801	980,7	979,8	981,0		
12,3299	0,3726	980,8	979,8	981,0		
12,3382	0,3761	980,7	979,7	980,8		
12,3466	0,3743	980,7	979,8	981,0		
12,3549	0,3726	980,8	979,8	981,0		
12,3632	0,3876	980,8	979,8	981,0		
12,3716	0,3788	980,7	979,8	981,0		
12,3799	0,3797	980,7	979,8	981,1		
12,3882	0,3850	980,8	979,8	981,1		
12,3966	0,3774	980,8	979,8	981,0		
12,4049	0,3734	980,8	979,9	981,1		
12,4132	0,3872	980,8	979,8	981,1		
12,4216	0,3774	980,8	979,8	981,0		
12,4299	0,3938	980,8	979,8	981,0		
12,4382	0,3832	980,7	979,8	981,0		
12,4466	0,3805	980,8	979,8	981,0		
12,4549	0,3779	980,7	979,8	980,9		
12,4632	0,3788	980,8	979,8	981,0		
12,4716	0,3779	980,7	979,7	981,0		
12,4799	0,3783	980,7	979,8	980,9		
12,4882	0,3717	980,8	979,8	981,0		
12,4966	0,3863	980,7	979,7	980,9		
12,5049	0,3819	980,7	979,7	980,9		
12,5132	0,3726	980,7	979,8	981,0		
12,5216	0,3765	980,7	979,8	981,0		
12,5299	0,3814	980,7	979,8	981,0		
12,5382	0,3841	980,8	979,8	981,0		
12,5466	0,3819	980,9	979,8	981,1		
12,5549	0,3836	980,8	979,8	980,8		
12,5632	0,3765	980,7	979,8	981,0		
12,5716	0,3819	980,8	979,8	981,0		
12,5799	0,3797	980,8	979,8	981,1		
12,5882	0,3797	980,8	979,8	981,0		
12,5966	0,3797	980,8	979,8	981,0		
12,6049	0,3916	980,7	979,8	980,9		
12,6132	0,3836	980,8	979,8	981,0		
12,6216	0,3881	980,8	979,8	981,0		
12,6299	0,3907	980,8	979,8	981,0		
12,6382	0,3836	980,8	979,8	980,9		
12,6466	0,3978	980,7	979,7	980,9		
12,6549	0,3814	980,8	979,8	980,9		
12,6632	0,3841	980,8	979,8	981,0		
12,6716	0,3867	980,8	979,8	981,0		
12,6799	0,3850	980,8	979,8	981,0		
12,6882	0,3899	980,8	979,8	981,0		
12,6966	0,3885	980,8	979,8	981,0		
12,7049	0,3819	980,8	979,8	981,0		
12,7132	0,3814	980,8	979,8	980,9		
12,7216	0,3876	980,9	979,9	981,1		
12,7299	0,3881	980,8	979,9	981,0		
12,7382	0,3885	980,8	979,8	981,0		
12,7466	0,3907	980,8	979,8	980,9		
12,7549	0,3810	980,8	979,8	981,1		
12,7632	0,3925	980,8	979,8	981,1		
12,7716	0,3921	980,8	979,8	981,0		
12,7799	0,3876	980,8	979,8	981,0		
12,7882	0,3850	980,8	979,8	981,0		
12,7966	0,3819	980,8	979,8	981,0		
12,8049	0,3850	980,8	979,8	981,0		
12,8132	0,3867	980,8	979,8	981,0		
12,8216	0,3841	980,8	979,8	980,9		
12,8299	0,3912	980,8	979,8	980,9		
12,8382	0,3805	980,9	979,8	980,9		
12,8466	0,3863	980,9	979,9	981,0		
12,8549	0,3854	980,9	979,8	981,0		
12,8632	0,3819	980,8	979,7	981,0		
12,8716	0,3890	980,7	979,7	980,8		
12,8799	0,3938	980,7	979,6	980,6		
12,8882	0,3872	981,1	980,3	982,0		
12,8966	0,3881	981,2	980,3	981,6		
12,9049	0,3863	980,9	980,0	981,1		
12,9132	0,3881	980,9	979,8	981,1		
12,9216	0,3819	980,9	979,9	981,2		
12,9299	0,3828	981,0	980,0	981,3		
12,9382	0,3832	981,0	980,0	981,1		
12,9466	0,3916	980,8	979,8	980,9		
12,9549	0,3943	980,9	979,8	981,2		
12,9632	0,3899	981,0	980,2	981,5		
12,9716	0,3956	981,1	980,1	981,3		
12,9799	0,3854	980,9	979,9	981,1		
12,9882	0,3916	980,8	979,8	980,9		
12,9966	0,3881	980,8	979,8	980,8		
13,0049	0,3947	980,7	979,6	980,6		
13,0132	0,3863	980,7	979,6	980,6		
13,0216	0,3881	980,6	979,5	980,6		
13,0299	0,3881	980,7	979,6	980,7		
13,0382	0,3894	980,8	979,9	981,2		
13,0466	0,3930	980,7	979,6	980,6		
13,0549	0,3987	980,7	979,7	980,8		
13,0632	0,3947	980,9	979,9	981,0		
13,0716	0,3903	980,8	979,8	980,9		
13,0799	0,3854	980,7	979,6	980,8		
13,0882	0,3899	980,6	979,6	980,7		
13,0966	0,3899	980,7	979,7	980,8		
13,1049	0,3965	980,7	979,7	980,8		
13,1132	0,4071	980,7	979,6	980,7		
13,1216	0,3912	980,7	979,7	980,8		
13,1299	0,3969	980,7	979,7	980,8		
13,1382	0,3930	980,7	979,6	980,7		
13,1466	0,3969	980,6	979,6	980,7		
13,1549	0,3881	980,7	979,7	980,8		
13,1632	0,3956	980,6	979,6	980,7		
13,1716	0,3956	980,7	979,7	980,8		
13,1799	0,3899	980,8	979,8	980,9		
13,1882	0,3952	980,8	979,8	981,0		
13,1966	0,3961	980,7	979,8	980,9		
13,2049	0,3912	980,8	979,8	981,0		
13,2132	0,3867	980,8	979,8	981,0		
13,2216	0,3996	980,8	979,8	981,0		
13,2299	0,3881	980,8	979,8	980,9		
13,2382	0,3974	980,7	979,8	981,0		
13,2466	0,4032	980,8	979,8	981,1		
13,2549	0,3978	980,8	979,8	981,0		
13,2632	0,3978	980,7	979,8	981,0		
13,2716	0,3978	980,8	979,8	981,0		
13,2799	0,3969	980,8	979,9	981,0		
13,2882	0,3996	980,9	979,9	981,1		
13,2966	0,3992	980,8	979,8	981,0		
13,3049	0,3992	980,7	979,7	981,0		
13,3132	0,3983	980,9	979,9	981,1		
13,3216	0,4005	980,9	979,9	981,1		
13,3299	0,4001	980,9	979,9	981,0		
13,3382	0,3947	980,8	979,8	981,0		
13,3466	0,3956	980,8	979,8	981,0		
13,3549	0,3952	980,8	979,8	981,0		
13,3632	0,4032	980,8	979,8	981,1		
13,3716	0,3965	980,8	979,8	981,0		
13,3799	0,4005	980,7	979,8	980,9		
13,3882	0,4058	980,8	979,8	981,0		
13,3966	0,4014	980,8	979,7	980,8		
13,4049	0,3956	980,8	979,8	980,9		
13,4132	0,4027	980,7	979,7	980,9		
13,4216	0,3956	980,7	979,7	980,8		
13,4299	0,4036	980,8	979,7	981,0		
13,4382	0,4094	981,2	980,5	982,3		
13,4466	0,4018	981,2	980,4	981,8		
13,4549	0,3983	981,0	980,1	981,4		
13,4632	0,4040	981,0	980,1	981,4		
13,4716	0,4023	981,0	980,1	981,4		
13,4799	0,4032	981,0	980,0	981,2		
13,4882	0,4001	980,9	980,0	981,2		
13,4966	0,4063	980,9	979,9	981,2		
13,5049	0,4049	980,9	979,9	981,2		
13,5132	0,4089	980,9	979,9	981,2		
13,5216	0,3961	980,9	979,9	981,0		
13,5299	0,3996	980,8	979,8	981,1		
13,5382	0,4001	980,9	980,0	981,3		
13,5466	0,3996	980,9	979,9	980,9		
13,5549	0,3996	980,7	979,6	980,6		
13,5632	0,3983	980,7	979,6	980,7		
13,5716	0,4040	980,7	979,5	980,6		
13,5799	0,4040	980,7	979,6	980,7		
13,5882	0,3978	980,7	979,6	980,7		
13,5966	0,4071	980,7	979,6	980,7		
13,6049	0,4058	980,8	979,7	981,0		
13,6132	0,4165	980,8	979,7	980,9		
13,6216	0,4054	980,8	979,7	981,0		
13,6299	0,4120	980,9	979,8	981,1		
13,6382	0,4040	980,8	979,8	981,1		
13,6466	0,4036	980,8	979,8	981,1		
13,6549	0,4067	980,8	979,8	980,9		
13,6632	0,3952	980,7	979,7	980,9		
13,6716	0,4071	980,8	979,7	980,9		
13,6799	0,4045	980,8	979,8	981,0		
13,6882	0,3987	980,9	979,8	981,0		
13,6966	0,4125	980,9	979,8	980,9		
13,7049	0,4080	980,8	979,7	980,8		
13,7132	0,3938	980,8	979,8	981,0		
13,7216	0,4036	980,8	979,8	981,0		
13,7299	0,3992	980,8	979,8	980,9		
13,7382	0,4080	980,8	979,7	980,9		
13,7466	0,4147	980,8	979,8	981,0		
13,7549	0,4182	980,8	979,8	981,0		
13,7632	0,4080	980,8	979,8	981,0		
13,7716	0,4111	980,7	979,7	981,0		
13,7799	0,4040	980,7	979,7	981,0		
13,7882	0,4160	980,8	979,8	981,0		
13,7966	0,4027	980,8	979,8	981,0		
13,8049	0,4169	980,8	979,8	981,0		
13,8132	0,4111	980,8	979,8	981,0		
13,8216	0,4129	980,8	979,8	981,1		
13,8299	0,4089	980,9	979,9	981,1		
13,8382	0,4098	980,8	979,9	981,0		
13,8466	0,4063	980,8	979,8	980,9		
13,8549	0,4071	980,8	979,8	980,9		
13,8632	0,4134	980,7	979,8	980,9		
13,8716	0,4107	980,8	979,8	981,0		
13,8799	0,4147	980,8	979,8	981,0		
13,8882	0,4116	980,8	979,8	980,9		
13,8966	0,4129	980,8	979,8	981,0		
13,9049	0,4089	980,8	979,8	981,0		
13,9132	0,4080	980,8	979,7	980,9		
13,9216	0,4071	980,8	979,7	980,9		
13,9299	0,4187	980,8	979,8	981,0		
13,9382	0,4151	980,8	979,8	981,0		
13,9466	0,4080	980,7	979,7	980,9		
13,9549	0,4054	980,8	979,8	981,0		
13,9632	0,4138	980,8	979,8	981,0		
13,9716	0,4147	980,8	979,8	981,1		
13,9799	0,4103	980,9	979,9	981,1		
13,9882	0,4098	980,8	979,9	981,1		
13,9966	0,4089	980,9	979,9	981,0		
14,0049	0,4156	980,7	979,7	980,7		
14,0132	0,4058	980,7	979,6	980,9		
14,0216	0,4160	980,9	980,0	981,5		
14,0299	0,4200	980,8	979,9	981,0		
14,0382	0,4107	980,7	979,6	980,6		
14,0466	0,4120	980,8	979,8	981,1		
14,0549	0,4165	981,0	980,1	981,5		
14,0632	0,4129	981,1	980,3	981,8		
14,0716	0,4134	981,1	980,2	981,4		
14,0799	0,4156	981,0	980,1	981,3		
14,0882	0,4129	980,9	980,0	981,3		
14,0966	0,4156	980,9	980,0	981,3		
14,1049	0,4134	980,9	979,9	981,1		
14,1132	0,4147	980,8	979,8	980,8		
14,1216	0,4151	980,8	979,8	981,1		
14,1299	0,4129	980,9	980,0	981,3		
14,1382	0,4107	980,8	979,7	980,7		
14,1466	0,4089	980,9	979,9	981,3		
14,1549	0,4103	980,8	979,9	981,0		
14,1632	0,4134	980,7	979,5	980,5		
14,1716	0,4165	980,8	979,8	981,2		
14,1799	0,4205	981,0	980,1	981,5		
14,1882	0,4098	980,9	979,9	981,0		
14,1966	0,4222	980,8	979,8	980,9		
14,2049	0,4040	980,7	979,7	980,8		
14,2132	0,4218	980,8	979,9	981,2		
14,2216	0,4116	980,8	979,8	980,9		
14,2299	0,4129	980,7	979,6	980,7		
14,2382	0,4196	980,7	979,5	980,6		
14,2466	0,4103	980,9	979,9	981,3		
14,2549	0,4120	980,9	979,8	981,0		
14,2632	0,4151	980,7	979,6	980,6		
14,2716	0,4094	980,7	979,6	980,7		
14,2799	0,4125	980,7	979,6	980,8		
14,2882	0,4107	980,7	979,5	980,6		
14,2966	0,4151	980,8	979,9	981,4		
14,3049	0,4142	981,1	980,3	981,7		
14,3132	0,4182	981,0	980,1	981,3		
14,3216	0,4191	980,9	980,0	981,2		
14,3299	0,4227	981,0	980,0	981,4		
14,3382	0,4174	981,0	980,0	981,3		
14,3466	0,4240	980,9	980,0	981,2		
14,3549	0,4240	980,9	979,9	981,2		
14,3632	0,4209	980,9	979,9	981,1		
14,3716	0,4209	980,9	979,9	981,1		
14,3799	0,4293	980,9	979,9	981,1		
14,3882	0,4227	980,9	979,9	981,1		
14,3966	0,4156	980,9	979,9	981,1		
14,4049	0,4134	980,9	979,9	981,0		
14,4132	0,4213	980,8	979,9	981,0		
14,4216	0,4240	980,8	979,8	981,0		
14,4299	0,4174	980,8	979,9	981,0		
14,4382	0,4227	980,8	979,8	981,0		
14,4466	0,4205	980,8	979,8	981,0		
14,4549	0,4205	980,8	979,8	981,0		
14,4632	0,4222	980,8	979,8	981,1		
14,4716	0,4196	980,8	979,9	981,0		
14,4799	0,4178	980,8	979,8	980,9		
14,4882	0,4196	980,8	979,8	980,9		
14,4966	0,4249	980,9	979,8	981,1		
14,5049	0,4298	980,9	979,8	981,1		
14,5132	0,4218	980,8	979,8	981,0		
14,5216	0,4156	980,8	979,8	980,9		
14,5299	0,4258	980,8	979,8	981,0		
14,5382	0,4271	980,8	979,8	980,9		
14,5466	0,4249	980,8	979,8	981,0		
14,5549	0,4236	980,8	979,8	981,0		
14,5632	0,4227	980,7	979,7	980,9		
14,5716	0,4244	980,6	979,7	981,0		
14,5799	0,4213	980,7	979,7	980,8		
14,5882	0,4244	980,8	979,7	981,0		
14,5966	0,4289	980,8	979,8	981,0		
14,6049	0,4231	980,8	979,8	981,0		
14,6132	0,4209	980,8	979,8	980,9		
14,6216	0,4227	980,8	979,7	980,9		
14,6299	0,4271	980,7	979,7	980,9		
14,6382	0,4289	980,7	979,7	980,8		
14,6466	0,4178	980,8	979,8	980,9		
14,6549	0,4302	980,8	979,7	980,8		
14,6632	0,4329	980,6	979,6	980,7		
14,6716	0,4271	980,6	979,5	980,5		
14,6799	0,4311	980,7	979,8	981,0		
14,6882	0,4293	980,7	979,7	980,7		
14,6966	0,4187	980,5	979,4	980,4		
14,7049	0,4253	980,8	979,7	980,7		
14,7132	0,4307	981,1	979,8	981,1		
14,7216	0,4315	981,1	980,1	981,2		
14,7299	0,4280	981,0	979,9	981,0		
14,7382	0,4276	980,9	979,8	980,8		
14,7466	0,4284	980,9	979,8	980,9		
14,7549	0,4244	980,9	979,8	980,8		
14,7632	0,4342	980,8	979,7	980,7		
14,7716	0,4258	980,9	979,7	980,7		
14,7799	0,4315	980,8	979,7	980,6		
14,7882	0,4298	980,8	979,7	980,7		
14,7966	0,4386	980,9	979,7	980,8		
14,8049	0,4218	980,8	979,6	980,6		
14,8132	0,4262	980,8	979,6	980,6		
14,8216	0,4324	980,9	979,8	980,9		
14,8299	0,4262	980,8	979,7	980,7		
14,8382	0,4360	980,9	979,9	981,1		
14,8466	0,4338	980,9	979,9	981,0		
14,8549	0,4378	980,9	979,9	981,1		
14,8632	0,4431	981,0	980,0	981,2		
14,8716	0,4315	980,9	979,9	981,0		
14,8799	0,4289	980,8	979,8	980,7		
14,8882	0,4457	980,9	979,9	981,0		
14,8966	0,4236	980,8	979,8	980,8		
14,9049	0,4315	980,8	979,8	980,8		
14,9132	0,4386	980,9	979,8	980,7		
14,9216	0,4289	980,8	979,7	980,7		
14,9299	0,4276	980,8	979,7	980,7		
14,9382	0,4324	980,8	979,7	980,8		
14,9466	0,4315	980,8	979,8	980,8		
14,9549	0,4307	981,0	980,0	981,2		
14,9632	0,4391	980,9	979,8	980,8		
14,9716	0,4395	980,8	979,8	980,8		
14,9799	0,4320	980,8	979,7	980,8		
14,9882	0,4320	980,9	980,0	981,1		
14,9966	0,4346	980,8	979,8	980,7		
15,0049	0,4369	980,8	979,7	980,7		
15,0132	0,4333	981,0	980,1	981,7		
15,0216	0,4369	981,2	980,4	981,9		
15,0299	0,4355	981,0	980,2	981,5		
15,0382	0,4338	981,0	980,1	981,4		
15,0466	0,4293	981,0	980,1	981,4		
15,0549	0,4426	981,0	980,1	981,4		
15,0632	0,4378	980,9	980,0	981,3		
15,0716	0,4346	981,0	980,0	981,3		
15,0799	0,4364	980,9	979,9	981,1		
15,0882	0,4400	980,9	979,9	981,1		
15,0966	0,4302	980,9	979,9	981,0		
15,1049	0,4360	980,9	979,8	980,9		
15,1132	0,4355	980,8	979,8	980,9		
15,1216	0,4351	980,8	979,8	980,9		
15,1299	0,4333	980,9	979,8	980,9		
15,1382	0,4386	980,8	979,8	981,0		
15,1466	0,4364	980,9	979,9	981,1		
15,1549	0,4378	980,8	979,7	980,9		
15,1632	0,4355	980,9	979,8	981,1		
15,1716	0,4386	980,9	979,9	981,1		
15,1799	0,4426	980,8	979,8	980,9		
15,1882	0,4311	980,7	979,8	980,8		
15,1966	0,4346	980,8	979,8	980,9		
15,2049	0,4417	980,8	979,8	980,9		
15,2132	0,4351	980,8	979,8	981,0		
15,2216	0,4440	980,9	979,9	981,1		
15,2299	0,4355	980,8	979,8	980,9		
15,2382	0,4391	980,8	979,7	980,8		
15,2466	0,4382	980,8	979,7	980,9		
15,2549	0,4369	980,8	979,7	980,7		
15,2632	0,4364	980,8	979,6	980,7		
15,2716	0,4355	980,8	979,7	980,9		
15,2799	0,4364	980,9	979,8	981,0		
15,2882	0,4378	980,8	979,6	980,7		
15,2966	0,4422	980,8	979,6	980,8		
15,3049	0,4364	980,8	979,8	980,9		
15,3132	0,4413	980,8	979,7	980,9		
15,3216	0,4378	980,8	979,7	980,9		
15,3299	0,4333	980,8	979,7	980,8		
15,3382	0,4395	980,7	979,6	980,7		
15,3466	0,4395	980,8	979,7	980,8		
15,3549	0,4413	980,9	979,7	981,0		
15,3632	0,4364	980,7	979,6	980,8		
15,3716	0,4400	980,8	979,7	980,8		
15,3799	0,4382	980,8	979,7	980,8		
15,3882	0,4422	980,7	979,7	980,7		
15,3966	0,4386	980,7	979,6	980,7		
15,4049	0,4457	980,7	979,7	980,8		
15,4132	0,4448	980,8	979,8	981,0		
15,4216	0,4391	980,8	979,8	980,9		
15,4299	0,4502	980,7	979,6	980,7		
15,4382	0,4355	980,8	979,7	980,8		
15,4466	0,4488	980,7	979,7	980,8		
15,4549	0,4453	980,8	979,7	980,8		
15,4632	0,4426	980,8	979,8	980,9		
15,4716	0,4373	981,1	980,3	981,8		
15,4799	0,4484	981,2	980,5	981,9		
15,4882	0,4466	981,0	980,1	981,2		
15,4966	0,4404	980,9	980,0	981,2		
15,5049	0,4435	980,9	980,0	981,3		
15,5132	0,4462	980,9	979,9	981,2		
15,5216	0,4400	980,8	979,8	981,1		
15,5299	0,4533	980,9	979,9	981,1		
15,5382	0,4453	980,8	979,9	981,1		
15,5466	0,4466	980,8	979,8	980,9		
15,5549	0,4524	980,8	979,8	981,1		
15,5632	0,4515	980,9	979,9	981,1		
15,5716	0,4475	980,9	979,9	981,0		
15,5799	0,4471	980,7	979,8	980,9		
15,5882	0,4528	980,8	979,8	981,0		
15,5966	0,4466	980,8	979,8	981,0		
15,6049	0,4515	980,8	979,8	980,9		
15,6132	0,4426	980,8	979,8	980,9		
15,6216	0,4466	980,8	979,7	980,8		
15,6299	0,4546	980,8	979,7	980,9		
15,6382	0,4417	980,8	979,8	980,9		
15,6466	0,4431	980,8	979,7	980,9		
15,6549	0,4488	981,0	980,2	981,7		
15,6632	0,4462	980,9	980,0	981,1		
15,6716	0,4440	980,9	980,0	981,4		
15,6799	0,4573	981,0	980,1	981,4		
15,6882	0,4586	980,9	979,9	981,2		
15,6966	0,4497	980,9	980,0	981,3		
15,7049	0,4577	980,9	979,9	981,1		
15,7132	0,4586	980,7	979,7	980,7		
15,7216	0,4564	980,9	980,0	981,4		
15,7299	0,4528	980,8	979,9	981,0		
15,7382	0,4502	980,9	979,9	981,0		
15,7466	0,4431	980,9	980,0	981,2		
15,7549	0,4457	980,8	979,8	980,9		
15,7632	0,4577	980,9	979,9	981,2		
15,7716	0,4586	980,8	979,8	981,0		
15,7799	0,4586	980,9	979,9	981,1		
15,7882	0,4466	980,8	979,7	980,6		
15,7966	0,4533	980,9	980,0	981,4		
15,8049	0,4475	980,9	980,0	981,2		
15,8132	0,4546	980,8	979,8	980,9		
15,8216	0,4471	980,9	979,9	981,1		
15,8299	0,4515	980,8	979,8	980,9		
15,8382	0,4582	980,8	979,7	980,8		
15,8466	0,4497	980,7	979,6	980,7		
15,8549	0,4564	980,8	979,8	981,2		
15,8632	0,4613	980,8	979,8	981,0		
15,8716	0,4511	980,7	979,6	980,8		
15,8799	0,4546	980,8	979,8	980,9		
15,8882	0,4533	980,7	979,6	980,6		
15,8966	0,4515	980,6	979,5	980,5		
15,9049	0,4537	980,6	979,5	980,5		
15,9132	0,4559	980,7	979,5	980,6		
15,9216	0,4457	980,7	979,5	980,6		
15,9299	0,4519	980,9	979,9	981,4		
15,9382	0,4506	981,1	980,3	981,7		
15,9466	0,4599	980,9	979,9	981,0		
15,9549	0,4528	980,8	979,8	980,9		
15,9632	0,4528	980,8	979,7	980,9		
15,9716	0,4511	980,9	980,0	981,5		
15,9799	0,4533	981,1	980,2	981,5		
15,9882	0,4590	980,9	979,8	980,8		
15,9966	0,4595	981,0	980,1	981,5		
16,0049	0,4692	981,1	980,1	981,5		
16,0132	0,4542	980,9	979,9	981,0		
16,0216	0,4555	980,9	979,8	980,9		
16,0299	0,4542	980,9	979,8	980,9		
16,0382	0,4542	980,8	979,6	980,5		
16,0466	0,4586	980,8	979,7	980,8		
16,0549	0,4586	980,8	979,6	980,6		
16,0632	0,4484	980,7	979,5	980,5		
16,0716	0,4568	980,7	979,5	980,6		
16,0799	0,4599	980,7	979,6	980,6		
16,0882	0,4537	980,7	979,5	980,5		
16,0966	0,4582	981,1	980,3	982,0		
16,1049	0,4559	981,1	980,4	981,8		
16,1132	0,4564	981,0	980,1	981,4		
16,1216	0,4608	981,0	980,1	981,5		
16,1299	0,4639	981,1	980,2	981,5		
16,1382	0,4550	981,0	980,2	981,4		
16,1466	0,4644	981,0	980,1	981,3		
16,1549	0,4568	981,0	980,0	981,3		
16,1632	0,4653	980,9	980,0	981,2		
16,1716	0,4559	981,0	980,0	981,2		
16,1799	0,4644	980,9	980,0	981,2		
16,1882	0,4653	980,9	979,9	981,2		
16,1966	0,4604	980,8	979,9	981,1		
16,2049	0,4653	980,8	979,9	981,2		
16,2132	0,4653	980,8	979,8	981,1		
16,2216	0,4635	980,8	979,9	981,1		
16,2299	0,4639	980,8	979,8	981,0		
16,2382	0,4715	980,9	979,9	981,2		
16,2466	0,4670	980,9	979,9	981,1		
16,2549	0,4599	980,9	979,9	981,0		
16,2632	0,4613	980,8	979,8	981,0		
16,2716	0,4590	980,8	979,9	981,0		
16,2799	0,4608	980,9	979,9	981,0		
16,2882	0,4604	980,8	979,8	980,8		
16,2966	0,4533	980,7	979,7	980,8		
16,3049	0,4661	980,8	979,7	980,9		
16,3132	0,4644	980,8	979,8	981,0		
16,3216	0,4630	980,9	979,9	981,2		
16,3299	0,4626	980,9	979,8	981,0		
16,3382	0,4728	980,8	979,8	980,9		
16,3466	0,4675	980,8	979,8	980,9		
16,3549	0,4613	980,8	979,8	981,0		
16,3632	0,4639	980,8	979,8	981,0		
16,3716	0,4692	980,8	979,8	981,0		
16,3799	0,4635	980,8	979,8	981,0		
16,3882	0,4582	980,8	979,8	981,0		
16,3966	0,4639	980,8	979,8	981,0		
16,4049	0,4639	980,8	979,8	980,9		
16,4132	0,4604	980,7	979,8	980,9		
16,4216	0,4617	980,9	979,8	980,9		
16,4299	0,4648	980,8	979,8	981,0		
16,4382	0,4653	980,8	979,8	980,9		
16,4466	0,4679	980,8	979,7	980,9		
16,4549	0,4644	980,8	979,7	980,8		
16,4632	0,4697	980,8	979,7	980,9		
16,4716	0,4599	980,8	979,8	980,9		
16,4799	0,4648	980,8	979,7	980,8		
16,4882	0,4644	980,8	979,7	980,8		
16,4966	0,4644	980,8	979,7	980,7		
16,5049	0,4653	980,8	979,7	980,8		
16,5132	0,4728	980,8	979,7	980,9		
16,5216	0,4684	980,9	979,8	981,2		
16,5299	0,4715	980,9	979,9	981,2		
16,5382	0,4675	980,9	979,9	981,1		
16,5466	0,4679	980,8	979,8	980,9		
16,5549	0,4644	980,8	979,8	981,0		
16,5632	0,4701	980,9	979,8	981,0		
16,5716	0,4692	980,9	979,8	981,0		
16,5799	0,4635	980,8	979,8	980,9		
16,5882	0,4684	980,8	979,8	981,0		
16,5966	0,4710	980,9	979,8	981,0		
16,6049	0,4781	980,9	979,9	981,0		
16,6132	0,4701	980,8	979,8	980,9		
16,6216	0,4723	980,8	979,8	981,0		
16,6299	0,4732	980,8	979,8	980,9		
16,6382	0,4679	980,8	979,8	981,0		
16,6466	0,4692	980,8	979,8	980,8		
16,6549	0,4679	980,8	979,8	980,9		
16,6632	0,4755	980,8	979,7	980,9		
16,6716	0,4768	980,9	979,8	981,0		
16,6799	0,4723	980,8	979,7	980,9		
16,6882	0,4701	980,7	979,7	980,9		
16,6966	0,4715	980,8	979,7	980,8		
16,7049	0,4684	980,8	979,8	980,9		
16,7132	0,4732	980,8	979,7	980,9		
16,7216	0,4741	980,8	979,7	980,9		
16,7299	0,4728	980,7	979,8	980,8		
16,7382	0,4732	980,7	979,7	980,9		
16,7466	0,4697	980,8	979,7	980,9		
16,7549	0,4692	980,8	979,7	980,8		
16,7632	0,4666	980,8	979,7	980,9		
16,7716	0,4759	980,8	979,7	980,8		
16,7799	0,4781	980,7	979,7	980,8		
16,7882	0,4741	980,7	979,7	980,8		
16,7966	0,4701	980,8	979,7	980,7		
16,8049	0,4848	980,9	979,8	981,0		
16,8132	0,4790	980,8	979,8	980,9		
16,8216	0,4786	980,8	979,7	980,9		
16,8299	0,4790	980,8	979,7	980,8		
16,8382	0,4679	980,8	979,7	980,8		
16,8466	0,4781	980,8	979,7	980,8		
16,8549	0,4808	980,8	979,7	980,8		
16,8632	0,4723	980,9	979,7	981,0		
16,8716	0,4715	980,7	979,7	980,8		
16,8799	0,4812	980,7	979,7	980,9		
16,8882	0,4728	980,8	979,7	980,8		
16,8966	0,4719	980,8	979,7	980,8		
16,9049	0,4746	980,8	979,7	981,0		
16,9132	0,4772	980,8	979,7	980,8		
16,9216	0,4728	980,8	979,7	980,8		
16,9299	0,4755	980,9	979,7	980,8		
16,9382	0,4794	980,9	979,8	980,9		
16,9466	0,4750	980,9	979,8	980,9		
16,9549	0,4821	980,8	979,8	980,9		
16,9632	0,4786	980,8	979,7	980,8		
16,9716	0,4848	980,8	979,7	980,9		
16,9799	0,4750	980,8	979,8	980,9		
16,9882	0,4781	980,9	979,8	980,9		
16,9966	0,4675	980,9	979,8	981,0		
17,0049	0,4755	980,9	979,8	981,0		
17,0132	0,4848	980,8	979,7	980,9		
17,0216	0,4817	980,8	979,8	981,0		
17,0299	0,4692	980,9	979,8	981,0		
17,0382	0,4879	980,8	979,8	981,0		
17,0466	0,4834	980,8	979,8	981,0		
17,0549	0,4892	980,8	979,8	980,9		
17,0632	0,4830	980,8	979,8	981,0		
17,0716	0,4848	980,9	979,9	980,9		
17,0799	0,4821	980,7	979,8	980,9		
17,0882	0,4857	980,8	979,7	981,0		
17,0966	0,4843	980,8	979,8	981,0		
17,1049	0,4848	980,8	979,8	981,0		
17,1132	0,4821	980,8	979,8	980,9		
17,1216	0,4808	980,8	979,8	981,0		
17,1299	0,4865	980,9	979,9	981,1		
17,1382	0,4861	980,9	979,9	981,1		
17,1466	0,4870	980,9	979,9	981,1		
17,1549	0,4852	980,9	979,9	981,1		
17,1632	0,4790	980,8	979,9	981,0		
17,1716	0,4839	980,9	979,8	981,1		
17,1799	0,4768	980,9	979,9	981,0		
17,1882	0,4768	981,0	979,9	981,0		
17,1966	0,4901	980,9	979,9	981,1		
17,2049	0,4817	980,8	979,9	981,0		
17,2132	0,4839	980,9	979,8	981,0		
17,2216	0,4874	980,8	979,8	981,0		
17,2299	0,4861	980,8	979,9	981,0		
17,2382	0,4888	980,8	979,8	980,9		
17,2466	0,4870	980,8	979,8	981,0		
17,2549	0,4870	980,8	979,9	981,1		
17,2632	0,4857	980,9	979,9	981,0		
17,2716	0,4896	980,9	979,8	981,0		
17,2799	0,4927	980,8	979,8	981,1		
17,2882	0,4896	980,7	979,8	980,9		
17,2966	0,4905	980,8	979,8	981,0		
17,3049	0,4817	980,8	979,8	981,0		
17,3132	0,4923	980,8	979,8	981,0		
17,3216	0,4857	980,8	979,9	981,1		
17,3299	0,4825	980,9	979,9	981,0		
17,3382	0,4870	980,9	979,8	981,0		
17,3466	0,4905	980,8	979,8	981,0		
17,3549	0,4888	980,8	979,8	981,0		
17,3632	0,4892	980,8	979,8	981,0		
17,3716	0,4905	980,7	979,7	980,9		
17,3799	0,4870	980,8	979,8	981,0		
17,3882	0,4959	980,8	979,8	980,9		
17,3966	0,4790	980,8	979,8	980,9		
17,4049	0,4945	980,8	979,8	981,0		
17,4132	0,4919	980,9	979,8	981,0		
17,4216	0,4896	980,9	979,8	980,9		
17,4299	0,4998	980,8	979,8	980,9		
17,4382	0,4888	980,8	979,8	981,0		
17,4466	0,4883	980,9	979,8	981,1		
17,4549	0,4945	980,9	979,9	981,1		
17,4632	0,4936	980,9	979,9	981,0		
17,4716	0,4825	980,7	979,7	980,9		
17,4799	0,4945	980,8	979,7	980,9		
17,4882	0,4959	980,9	979,8	981,1		
17,4966	0,4963	980,8	979,8	981,0		
17,5049	0,4888	980,9	979,8	981,1		
17,5132	0,4914	981,0	979,9	981,1		
17,5216	0,4896	981,0	979,9	981,0		
17,5299	0,5025	980,9	979,9	981,1		
17,5382	0,4914	981,0	979,9	981,1		
17,5466	0,4888	980,9	979,9	981,1		
17,5549	0,4857	980,9	979,9	981,1		
17,5632	0,4896	980,9	979,9	981,1		
17,5716	0,4932	981,0	979,9	981,1		
17,5799	0,4919	980,9	979,9	981,0		
17,5882	0,4927	980,9	979,8	981,0		
17,5966	0,4910	980,9	979,9	981,1		
17,6049	0,4927	980,8	979,9	981,0		
17,6132	0,4945	980,9	979,9	981,0		
17,6216	0,4888	980,9	979,8	981,1		
17,6299	0,4914	980,9	979,9	981,1		
17,6382	0,4963	980,9	979,8	980,9		
17,6466	0,4914	980,9	979,8	981,0		
17,6549	0,4976	980,9	979,8	981,0		
17,6632	0,4941	980,8	979,8	981,0		
17,6716	0,4923	980,9	979,8	980,9		
17,6799	0,4936	980,9	979,9	981,0		
17,6882	0,4954	980,9	979,9	981,0		
17,6966	0,4936	981,0	979,8	981,1		
17,7049	0,5007	980,9	979,9	981,0		
17,7132	0,4994	980,9	979,9	981,1		
17,7216	0,5012	980,9	979,9	981,0		
17,7299	0,4950	980,9	979,9	981,1		
17,7382	0,5016	980,9	979,8	980,9		
17,7466	0,4959	980,9	979,8	980,9		
17,7549	0,4981	980,9	979,9	981,0		
17,7632	0,5012	980,9	979,9	981,1		
17,7716	0,4927	980,8	979,9	981,0		
17,7799	0,4963	980,9	979,8	981,0		
17,7882	0,5012	980,9	979,9	981,0		
17,7966	0,5003	980,9	979,8	981,0		
17,8049	0,5007	980,9	979,9	981,0		
17,8132	0,5069	980,8	979,8	980,9		
17,8216	0,5007	980,8	979,8	981,0		
17,8299	0,4981	980,9	979,9	981,0		
17,8382	0,4959	980,8	979,9	981,0		
17,8466	0,5038	980,8	979,8	981,0		
17,8549	0,4976	980,8	979,9	981,0		
17,8632	0,5061	980,8	979,8	980,9		
17,8716	0,5083	980,8	979,8	981,0		
17,8799	0,5052	980,8	979,8	981,1		
17,8882	0,5003	980,9	979,9	981,1		
17,8966	0,5029	980,9	979,8	980,9		
17,9049	0,5074	980,8	979,7	980,9		
17,9132	0,5038	980,8	979,8	981,0		
17,9216	0,5012	980,9	979,8	981,0		
17,9299	0,5052	980,9	979,8	980,9		
17,9382	0,4981	980,8	979,8	981,0		
17,9466	0,5025	980,9	979,8	981,0		
17,9549	0,5012	980,9	979,8	981,0		
17,9632	0,5078	981,0	979,9	981,0		
17,9716	0,5069	980,9	979,8	981,0		
17,9799	0,5052	980,9	979,9	981,1		
17,9882	0,5034	980,9	979,9	981,0		
17,9966	0,5012	980,9	979,9	981,0		
18,0049	0,5096	980,9	979,8	981,0		
18,0132	0,5043	980,9	979,8	981,0		
18,0216	0,5132	980,9	979,8	981,0		
18,0299	0,4976	980,9	979,8	980,9		
18,0382	0,5016	980,9	979,8	981,0		
18,0466	0,5007	980,9	979,9	981,1		
18,0549	0,5078	980,9	979,8	981,0		
18,0632	0,5105	980,9	979,8	981,0		
18,0716	0,5012	980,9	979,8	981,0		
18,0799	0,5025	980,9	979,8	981,0		
18,0882	0,5092	980,9	979,8	981,0		
18,0966	0,5087	980,9	979,8	981,0		
18,1049	0,5056	980,9	979,8	981,0		
18,1132	0,5034	980,9	979,8	981,0		
18,1216	0,5118	980,8	979,8	981,0		
18,1299	0,5056	980,9	979,8	980,9		
18,1382	0,5145	980,8	979,8	980,9		
18,1466	0,5114	980,8	979,8	981,0		
18,1549	0,5114	980,8	979,8	980,9		
18,1632	0,5083	980,9	979,8	981,0		
18,1716	0,5105	980,9	979,8	981,0		
18,1799	0,5123	980,9	979,9	981,0		
18,1882	0,5047	980,8	979,9	981,0		
18,1966	0,5105	980,8	979,8	981,0		
18,2049	0,5069	980,9	979,8	981,0		
18,2132	0,5118	980,8	979,8	980,9		
18,2216	0,5118	980,8	979,8	981,0		
18,2299	0,5065	980,8	979,8	981,0		
18,2382	0,5118	980,9	979,8	980,9		
18,2466	0,5123	980,9	979,9	981,0		
18,2549	0,5052	980,9	979,9	981,0		
18,2632	0,5145	980,8	979,8	981,0		
18,2716	0,5100	980,8	979,8	980,9		
18,2799	0,5069	980,8	979,8	980,9		
18,2882	0,5140	980,8	979,8	980,9		
18,2966	0,5083	980,8	979,8	981,0		
18,3049	0,5105	980,9	979,8	981,0		
18,3132	0,5167	980,8	979,8	981,0		
18,3216	0,5105	980,8	979,8	980,9		
18,3299	0,5096	980,8	979,8	980,9		
18,3382	0,5123	980,8	979,8	980,9		
18,3466	0,5171	980,8	979,8	980,9		
18,3549	0,5100	980,9	979,8	980,9		
18,3632	0,5171	980,8	979,8	981,0		
18,3716	0,5167	980,9	979,9	981,1		
18,3799	0,5171	980,9	979,9	981,0		
18,3882	0,5149	980,9	979,8	981,1		
18,3966	0,5132	980,9	979,9	981,0		
18,4049	0,5220	980,8	979,8	980,9		
18,4132	0,5132	980,8	979,8	981,0		
18,4216	0,5109	980,9	979,8	981,0		
18,4299	0,5185	980,9	979,8	981,0		
18,4382	0,5278	980,9	979,8	981,0		
18,4466	0,5185	980,9	979,8	981,0		
18,4549	0,5136	980,9	979,8	981,0		
18,4632	0,5136	980,9	979,9	981,0		
18,4716	0,5163	981,0	979,8	981,1		
18,4799	0,5145	980,9	979,9	981,0		
18,4882	0,5132	980,9	979,8	980,9		
18,4966	0,5256	980,9	979,8	981,0		
18,5049	0,5185	980,9	979,8	980,9		
18,5132	0,5167	980,9	979,8	980,9		
18,5216	0,5220	980,9	979,8	981,0		
18,5299	0,5242	980,9	979,8	981,0		
18,5382	0,5198	980,8	979,8	980,9		
18,5466	0,5136	980,8	979,8	980,9		
18,5549	0,5132	980,9	979,9	981,1		
18,5632	0,5207	980,9	979,8	981,0		
18,5716	0,5149	980,8	979,8	981,0		
18,5799	0,5216	980,7	979,7	980,9		
18,5882	0,5109	980,8	979,8	980,9		
18,5966	0,5242	980,8	979,8	980,9		
18,6049	0,5114	980,8	979,8	981,0		
18,6132	0,5318	980,9	979,8	980,9		
18,6216	0,5269	981,0	979,9	981,0		
18,6299	0,5251	980,7	979,8	980,9		
18,6382	0,5238	980,7	979,7	980,9		
18,6466	0,5229	980,8	979,8	980,9		
18,6549	0,5234	980,8	979,8	981,0		
18,6632	0,5167	980,9	979,8	981,0		
18,6716	0,5247	980,9	979,8	980,9		
18,6799	0,5207	980,9	979,9	981,0		
18,6882	0,5149	980,8	979,8	980,9		
18,6966	0,5256	980,8	979,8	981,0		
18,7049	0,5234	980,9	979,8	980,9		
18,7132	0,5207	980,9	979,8	980,9		
18,7216	0,5185	980,8	979,8	981,0		
18,7299	0,5176	980,9	979,8	981,0		
18,7382	0,5256	980,8	979,8	980,9		
18,7466	0,5229	980,9	979,9	981,0		
18,7549	0,5216	980,9	979,8	981,0		
18,7632	0,5260	980,8	979,8	981,0		
18,7716	0,5234	980,8	979,8	981,0		
18,7799	0,5242	980,8	979,8	980,9		
18,7882	0,5202	980,8	979,8	981,0		
18,7966	0,5242	980,9	979,8	981,1		
18,8049	0,5242	980,9	979,8	981,0		
18,8132	0,5313	980,8	979,8	980,9		
18,8216	0,5251	980,9	979,9	981,1		
18,8299	0,5300	980,9	979,9	981,0		
18,8382	0,5225	980,9	979,8	980,9		
18,8466	0,5247	980,8	979,8	981,0		
18,8549	0,5300	980,9	979,8	981,0		
18,8632	0,5256	980,9	979,8	980,9		
18,8716	0,5331	980,8	979,8	981,0		
18,8799	0,5291	980,7	979,7	981,0		
18,8882	0,5225	980,8	979,8	981,0		
18,8966	0,5300	980,8	979,8	981,0		
18,9049	0,5256	980,8	979,8	981,0		
18,9132	0,5251	980,9	979,8	981,0		
18,9216	0,5256	980,9	979,8	981,0		
18,9299	0,5309	980,8	979,8	981,0		
18,9382	0,5180	980,8	979,8	981,0		
18,9466	0,5287	980,9	979,8	981,0		
18,9549	0,5336	980,9	979,9	981,0		
18,9632	0,5273	980,8	979,8	981,0		
18,9716	0,5256	980,8	979,7	980,9		
18,9799	0,5211	980,8	979,8	980,9		
18,9882	0,5375	980,8	979,7	980,9		
18,9966	0,5304	980,8	979,7	980,9		
19,0049	0,5265	980,8	979,8	980,9		
19,0132	0,5300	980,9	979,8	980,9		
19,0216	0,5309	980,9	979,8	980,9		
19,0299	0,5247	980,8	979,7	980,8		
19,0382	0,5322	980,7	979,7	980,8		
19,0466	0,5313	980,8	979,7	980,9		
19,0549	0,5287	980,9	979,8	980,9		
19,0632	0,5322	980,8	979,8	980,9		
19,0716	0,5300	980,8	979,8	980,9		
19,0799	0,5304	980,9	979,8	980,9		
19,0882	0,5358	980,8	979,8	980,9		
19,0966	0,5340	980,9	979,9	981,0		
19,1049	0,5349	980,9	979,8	980,9		
19,1132	0,5429	980,8	979,8	980,9		
19,1216	0,5393	980,8	979,8	980,9		
19,1299	0,5375	980,9	979,8	981,0		
19,1382	0,5336	980,9	979,9	981,0		
19,1466	0,5336	980,8	979,8	980,9		
19,1549	0,5380	980,9	979,9	981,0		
19,1632	0,5282	980,9	979,9	980,9		
19,1716	0,5349	980,9	979,8	981,0		
19,1799	0,5309	981,2	979,9	981,0		
19,1882	0,5380	981,6	980,3	981,2		
19,1966	0,5322	981,0	980,0	981,0		
19,2049	0,5389	980,4	979,5	980,8		
19,2132	0,5282	980,5	979,6	980,8		
19,2216	0,5331	981,3	980,0	981,1		
19,2299	0,5406	981,6	980,3	981,1		
19,2382	0,5367	981,2	980,1	981,1		
19,2466	0,5415	981,0	979,9	981,0		
19,2549	0,5380	981,1	979,9	981,0		
19,2632	0,5398	981,1	980,0	981,0		
19,2716	0,5331	981,0	979,9	981,0		
19,2799	0,5380	981,0	979,8	981,0		
19,2882	0,5318	980,9	979,9	981,0		
19,2966	0,5371	980,9	979,8	980,9		
19,3049	0,5238	980,9	979,8	980,9		
19,3132	0,5322	980,8	979,7	980,8		
19,3216	0,5349	980,8	979,7	980,8		
19,3299	0,5296	980,8	979,7	980,9		
19,3382	0,5380	980,9	979,8	981,0		
19,3466	0,5393	980,9	979,8	980,9		
19,3549	0,5380	980,9	979,8	981,0		
19,3632	0,5313	980,9	979,7	980,9		
19,3716	0,5393	980,9	979,8	981,0		
19,3799	0,5344	980,9	979,8	980,9		
19,3882	0,5353	980,8	979,8	980,9		
19,3966	0,5371	980,7	979,8	980,9		
19,4049	0,5415	980,8	979,8	981,0		
19,4132	0,5340	980,8	979,8	980,9		
19,4216	0,5424	980,8	979,8	981,0		
19,4299	0,5380	980,8	979,7	981,0		
19,4382	0,5420	980,8	979,8	980,9		
19,4466	0,5344	980,8	979,8	980,9		
19,4549	0,5336	980,8	979,7	980,9		
19,4632	0,5398	980,8	979,8	981,0		
19,4716	0,5420	980,7	979,7	980,9		
19,4799	0,5455	980,6	979,7	980,8		
19,4882	0,5482	980,7	979,7	980,9		
19,4966	0,5398	981,0	979,9	981,0		
19,5049	0,5389	981,2	980,0	981,1		
19,5132	0,5482	980,7	979,8	980,9		
19,5216	0,5318	980,4	979,6	980,8		
19,5299	0,5486	981,3	980,0	981,0		
19,5382	0,5451	981,4	980,1	981,1		
19,5466	0,5477	981,1	980,0	981,0		
19,5549	0,5389	980,9	979,9	981,0		
19,5632	0,5500	981,0	979,9	981,1		
19,5716	0,5420	980,9	979,9	980,9		
19,5799	0,5526	980,8	979,8	980,9		
19,5882	0,5522	980,9	979,9	981,0		
19,5966	0,5495	981,0	979,9	981,1		
19,6049	0,5464	981,0	979,9	981,0		
19,6132	0,5464	981,0	979,9	981,0		
19,6216	0,5389	980,9	979,9	981,0		
19,6299	0,5398	980,8	979,9	980,9		
19,6382	0,5464	980,8	979,8	980,9		
19,6466	0,5486	980,7	979,8	980,9		
19,6549	0,5469	980,7	979,7	980,9		
19,6632	0,5455	980,7	979,8	981,0		
19,6716	0,5464	980,8	979,8	980,9		
19,6799	0,5517	980,7	979,7	980,9		
19,6882	0,5571	980,7	979,7	980,9		
19,6966	0,5473	980,7	979,7	980,9		
19,7049	0,5486	980,8	979,8	980,9		
19,7132	0,5508	980,7	979,7	980,9		
19,7216	0,5486	980,7	979,7	980,9		
19,7299	0,5429	980,7	979,7	980,9		
19,7382	0,5504	980,7	979,7	980,9		
19,7466	0,5415	981,0	979,8	981,0		
19,7549	0,5491	981,0	979,8	981,0		
19,7632	0,5442	981,0	979,8	981,0		
19,7716	0,5513	980,9	979,8	981,0		
19,7799	0,5433	980,9	979,8	980,9		
19,7882	0,5473	981,0	979,9	981,0		
19,7966	0,5442	980,8	979,8	981,0		
19,8049	0,5540	980,8	979,8	980,9		
19,8132	0,5579	980,8	979,7	981,0		
19,8216	0,5491	980,8	979,7	980,9		
19,8299	0,5557	980,7	979,7	980,8		
19,8382	0,5486	980,7	979,7	980,9		
19,8466	0,5517	980,8	979,7	980,9		
19,8549	0,5486	980,6	979,7	980,9		
19,8632	0,5548	980,6	979,6	980,8		
19,8716	0,5531	980,7	979,7	980,9		
19,8799	0,5566	980,7	979,7	980,9		
19,8882	0,5464	980,6	979,6	980,8		
19,8966	0,5526	980,6	979,6	980,8		
19,9049	0,5548	980,6	979,7	980,9		
19,9132	0,5548	980,6	979,6	980,9		
19,9216	0,5548	980,6	979,6	980,8		
19,9299	0,5611	980,8	979,8	981,0		
19,9382	0,5508	980,9	979,8	980,9		
19,9466	0,5553	980,6	979,7	980,8		
19,9549	0,5491	980,6	979,7	980,9		
19,9632	0,5588	980,8	979,7	980,8		
19,9716	0,5593	981,0	979,8	980,9		
19,9799	0,5588	980,9	979,8	980,9		
19,9882	0,5544	980,9	979,8	980,9		
19,9966	0,5597	981,4	980,1	981,1		
20,0049	0,5633	981,4	980,2	981,2		
20,0132	0,5588	981,2	980,1	981,1		
20,0216	0,5540	981,0	980,0	981,1		
20,0299	0,5566	981,2	980,0	981,0		
20,0382	0,5562	981,3	980,1	981,1		
20,0466	0,5677	981,2	980,0	981,1		
20,0549	0,5628	981,0	980,0	981,0		
20,0632	0,5628	980,8	979,8	980,8		
20,0716	0,5571	980,8	979,8	980,9		
20,0799	0,5571	980,7	979,7	980,9		
20,0882	0,5588	980,5	979,6	980,9		
20,0966	0,5544	980,6	979,7	980,8		
20,1049	0,5655	980,9	979,8	981,0		
20,1132	0,5606	980,7	979,8	980,9		
20,1216	0,5579	980,9	979,8	980,9		
20,1299	0,5611	981,0	979,9	981,0		
20,1382	0,5602	981,1	980,0	981,2		
20,1466	0,5615	980,8	979,8	980,9		
20,1549	0,5673	980,6	979,7	980,9		
20,1632	0,5633	980,5	979,7	980,8		
20,1716	0,5655	980,5	979,6	980,8		
20,1799	0,5615	981,1	979,9	981,1		
20,1882	0,5673	981,3	980,1	981,1		
20,1966	0,5655	981,1	980,0	981,1		
20,2049	0,5602	981,0	979,9	981,0		
20,2132	0,5633	981,0	979,9	981,0		
20,2216	0,5597	981,0	980,0	981,0		
20,2299	0,5642	980,8	979,8	981,0		
20,2382	0,5677	980,9	979,8	981,0		
20,2466	0,5637	980,9	979,8	980,9		
20,2549	0,5673	980,8	979,8	981,0		
20,2632	0,5602	980,9	979,8	980,9		
20,2716	0,5548	981,0	979,9	981,0		
20,2799	0,5557	980,9	979,8	980,9		
20,2882	0,5699	980,8	979,7	980,9		
20,2966	0,5566	980,8	979,7	981,0		
20,3049	0,5588	980,9	979,8	981,0		
20,3132	0,5611	980,9	979,8	980,9		
20,3216	0,5673	980,9	979,8	981,0		
20,3299	0,5584	980,9	979,8	981,0		
20,3382	0,5673	980,8	979,8	981,0		
20,3466	0,5704	980,8	979,8	981,0		
20,3549	0,5602	980,9	979,8	980,9		
20,3632	0,5597	980,8	979,8	980,9		
20,3716	0,5628	980,8	979,7	980,9		
20,3799	0,5642	980,8	979,8	981,0		
20,3882	0,5690	980,9	979,8	981,0		
20,3966	0,5713	980,8	979,8	980,9		
20,4049	0,5695	980,8	979,8	980,9		
20,4132	0,5735	980,9	979,8	980,9		
20,4216	0,5655	980,8	979,7	980,9		
20,4299	0,5664	980,9	979,8	980,8		
20,4382	0,5646	980,8	979,8	980,9		
20,4466	0,5673	980,8	979,8	980,9		
20,4549	0,5677	980,9	979,8	980,9		
20,4632	0,5695	980,8	979,8	980,9		
20,4716	0,5699	980,8	979,7	980,9		
20,4799	0,5726	980,8	979,7	980,9		
20,4882	0,5686	980,8	979,8	980,9		
20,4966	0,5770	980,7	979,7	980,9		
20,5049	0,5708	980,6	979,6	980,9		
20,5132	0,5739	980,9	979,8	980,8		
20,5216	0,5788	981,0	979,9	981,0		
20,5299	0,5770	980,9	979,8	980,9		
20,5382	0,5699	980,9	979,9	981,0		
20,5466	0,5686	980,9	979,8	980,9		
20,5549	0,5668	980,9	979,8	981,0		
20,5632	0,5761	980,8	979,9	980,9		
20,5716	0,5673	980,8	979,8	980,9		
20,5799	0,5815	980,8	979,8	980,9		
20,5882	0,5695	980,8	979,8	981,0		
20,5966	0,5783	980,8	979,8	981,0		
20,6049	0,5788	980,8	979,8	980,9		
20,6132	0,5695	980,8	979,8	981,0		
20,6216	0,5739	980,8	979,8	980,9		
20,6299	0,5739	980,7	979,7	980,9		
20,6382	0,5735	980,8	979,7	980,9		
20,6466	0,5757	980,8	979,7	980,9		
20,6549	0,5841	980,7	979,7	980,9		
20,6632	0,5726	980,8	979,8	980,9		
20,6716	0,5717	980,8	979,7	980,9		
20,6799	0,5761	980,7	979,7	980,9		
20,6882	0,5788	980,7	979,7	980,9		
20,6966	0,5783	980,8	979,7	980,9		
20,7049	0,5735	980,8	979,8	980,9		
20,7132	0,5748	980,8	979,7	980,9		
20,7216	0,5783	980,8	979,7	980,9		
20,7299	0,5748	980,9	979,8	981,1		
20,7382	0,5792	980,8	979,7	980,9		
20,7466	0,5713	980,8	979,8	981,0		
20,7549	0,5792	980,8	979,8	980,9		
20,7632	0,5761	980,9	979,8	981,0		
20,7716	0,5792	980,8	979,7	981,0		
20,7799	0,5726	980,8	979,7	980,8		
20,7882	0,5726	980,8	979,7	980,9		
20,7966	0,5792	980,8	979,8	980,9		
20,8049	0,5872	980,8	979,7	980,8		
20,8132	0,5655	980,8	979,7	981,0		
20,8216	0,5801	980,8	979,7	980,9		
20,8299	0,5854	980,8	979,7	980,9		
20,8382	0,5788	980,8	979,8	981,0		
20,8466	0,5766	980,8	979,8	981,0		
20,8549	0,5877	980,8	979,8	981,0		
20,8632	0,5859	980,8	979,8	980,9		
20,8716	0,5783	980,8	979,8	980,9		
20,8799	0,5797	980,8	979,8	980,9		
20,8882	0,5823	980,8	979,7	980,9		
20,8966	0,5757	980,8	979,8	980,9		
20,9049	0,5823	980,8	979,8	980,9		
20,9132	0,5792	980,8	979,8	980,9		
20,9216	0,5850	980,8	979,8	980,9		
20,9299	0,5783	980,8	979,7	980,9		
20,9382	0,5837	980,8	979,8	981,0		
20,9466	0,5846	980,8	979,7	981,0		
20,9549	0,5903	980,8	979,8	980,9		
20,9632	0,5837	980,8	979,7	980,8		
20,9716	0,5868	980,8	979,7	980,9		
20,9799	0,5912	980,8	979,8	981,0		
20,9882	0,5868	980,8	979,8	981,0		
20,9966	0,5850	980,9	979,9	981,0		
21,0049	0,5766	980,9	979,8	981,0		
21,0132	0,5828	980,9	979,8	980,9		
21,0216	0,5832	980,8	979,8	981,0		
21,0299	0,5934	980,8	979,8	980,9		
21,0382	0,5899	980,8	979,7	980,8		
21,0466	0,5965	980,8	979,8	981,0		
21,0549	0,5815	980,9	979,8	981,0		
21,0632	0,5868	980,9	979,8	981,0		
21,0716	0,5921	980,9	979,8	980,9		
21,0799	0,5899	980,8	979,8	980,9		
21,0882	0,5881	980,9	979,8	981,0		
21,0966	0,5846	980,9	979,8	981,0		
21,1049	0,5863	980,8	979,8	980,9		
21,1132	0,5903	980,8	979,8	980,9		
21,1216	0,5885	980,8	979,8	981,0		
21,1299	0,5917	980,9	979,9	981,0		
21,1382	0,5846	980,8	979,8	980,9		
21,1466	0,5894	980,9	979,8	981,0		
21,1549	0,5885	980,9	979,8	981,0		
21,1632	0,5934	980,9	979,9	981,0		
21,1716	0,5974	980,9	979,8	981,0		
21,1799	0,5885	980,9	979,8	981,0		
21,1882	0,5917	980,8	979,8	981,0		
21,1966	0,5863	980,9	979,8	981,0		
21,2049	0,5903	980,9	979,8	981,0		
21,2132	0,5961	980,9	979,8	981,0		
21,2216	0,5863	980,9	979,9	981,0		
21,2299	0,5881	980,9	979,9	981,0		
21,2382	0,5872	980,9	979,8	981,0		
21,2466	0,5912	980,9	979,8	981,0		
21,2549	0,5885	980,9	979,8	981,0		
21,2632	0,5943	980,8	979,8	980,9		
21,2716	0,5996	980,9	979,8	981,0		
21,2799	0,5952	980,9	979,7	980,9		
21,2882	0,5912	980,8	979,8	980,8		
21,2966	0,6076	980,8	979,8	980,9		
21,3049	0,5908	980,9	979,8	981,0		
21,3132	0,5934	980,9	979,8	980,9		
21,3216	0,5885	980,9	979,9	981,0		
21,3299	0,5934	980,8	979,8	980,9		
21,3382	0,5908	980,8	979,8	980,9		
21,3466	0,5952	980,8	979,8	980,9		
21,3549	0,5952	980,9	979,8	981,0		
21,3632	0,5974	980,9	979,8	980,9		
21,3716	0,5979	980,8	979,8	980,9		
21,3799	0,5965	980,9	979,8	981,0		
21,3882	0,5952	980,8	979,8	980,9		
21,3966	0,5965	980,8	979,8	980,9		
21,4049	0,6019	980,9	979,8	981,0		
21,4132	0,6023	980,8	979,8	980,9		
21,4216	0,5930	980,8	979,8	980,9		
21,4299	0,5965	980,9	979,8	981,0		
21,4382	0,5956	980,8	979,8	980,9		
21,4466	0,6041	980,8	979,8	980,9		
21,4549	0,5979	980,8	979,8	981,0		
21,4632	0,6067	980,9	979,8	980,9		
21,4716	0,5992	980,9	979,8	981,0		
21,4799	0,5952	980,8	979,8	981,1		
21,4882	0,6010	980,9	979,8	981,0		
21,4966	0,5961	980,9	979,9	981,0		
21,5049	0,5948	980,9	979,9	981,0		
21,5132	0,6027	980,8	979,8	981,0		
21,5216	0,5979	980,8	979,8	981,0		
21,5299	0,5952	980,9	979,9	981,1		
21,5382	0,5987	980,8	979,8	981,0		
21,5466	0,5970	980,9	979,8	981,0		
21,5549	0,5987	980,9	979,8	981,0		
21,5632	0,6001	980,9	979,8	981,1		
21,5716	0,5943	980,9	979,8	980,9		
21,5799	0,6041	980,9	979,8	981,0		
21,5882	0,5987	980,9	979,9	980,9		
21,5966	0,6005	980,9	979,8	980,9		
21,6049	0,6005	980,8	979,8	981,0		
21,6132	0,6010	980,9	979,8	980,9		
21,6216	0,6076	980,8	979,8	981,0		
21,6299	0,5992	980,8	979,7	980,9		
21,6382	0,6032	980,8	979,7	980,9		
21,6466	0,6005	980,9	979,8	981,0		
21,6549	0,6014	980,9	979,7	981,0		
21,6632	0,6027	980,9	979,8	980,9		
21,6716	0,6014	980,8	979,9	981,0		
21,6799	0,6058	980,8	979,8	980,9		
21,6882	0,6036	980,9	979,8	980,9		
21,6966	0,6103	980,9	979,8	980,9		
21,7049	0,6125	980,9	979,7	980,9		
21,7132	0,6014	980,9	979,8	981,0		
21,7216	0,6045	980,9	979,8	981,0		
21,7299	0,6063	980,8	979,8	980,9		
21,7382	0,6005	980,8	979,8	980,9		
21,7466	0,6041	980,8	979,7	980,9		
21,7549	0,5987	980,8	979,8	981,0		
21,7632	0,6019	980,9	979,8	980,9		
21,7716	0,6054	980,9	979,8	981,0		
21,7799	0,6076	980,9	979,8	981,0		
21,7882	0,5987	980,8	979,8	980,9		
21,7966	0,6067	980,9	979,8	980,9		
21,8049	0,6081	980,9	979,7	980,9		
21,8132	0,6143	980,9	979,8	981,0		
21,8216	0,6067	980,9	979,8	980,9		
21,8299	0,6112	980,8	979,8	980,9		
21,8382	0,6063	980,8	979,8	980,9		
21,8466	0,6085	980,9	979,8	981,0		
21,8549	0,6081	980,8	979,8	981,0		
21,8632	0,6103	980,8	979,8	981,0		
21,8716	0,6085	980,9	979,8	981,0		
21,8799	0,6205	980,8	979,8	981,0		
21,8882	0,6098	980,8	979,8	981,0		
21,8966	0,6116	980,8	979,7	980,9		
21,9049	0,6041	980,8	979,8	981,0		
21,9132	0,6156	980,8	979,8	981,0		
21,9216	0,6125	980,8	979,8	981,0		
21,9299	0,6125	980,8	979,8	980,9		
21,9382	0,6085	980,9	979,8	981,0		
21,9466	0,6125	980,9	979,8	980,9		
21,9549	0,6081	980,8	979,8	980,9		
21,9632	0,6143	980,9	979,8	981,0		
21,9716	0,6094	980,9	979,8	980,9		
21,9799	0,6143	980,8	979,8	980,9		
21,9882	0,6134	980,9	979,8	981,0		
21,9966	0,6183	980,9	979,8	981,0		
22,0049	0,6098	980,9	979,8	981,0		
22,0132	0,6067	980,8	979,8	980,9		
22,0216	0,6138	980,8	979,8	980,9		
22,0299	0,6196	980,8	979,7	980,9		
22,0382	0,6160	980,8	979,7	980,9		
22,0466	0,6076	980,9	979,8	980,9		
22,0549	0,6183	980,9	979,8	981,0		
22,0632	0,6112	980,9	979,7	980,9		
22,0716	0,6156	980,9	979,7	980,9		
22,0799	0,6138	980,9	979,8	981,0		
22,0882	0,6138	980,8	979,8	981,0		
22,0966	0,6165	980,9	979,8	981,0		
22,1049	0,6183	980,9	979,7	980,9		
22,1132	0,6192	980,8	979,7	980,9		
22,1216	0,6129	980,9	979,8	981,0		
22,1299	0,6271	980,9	979,8	981,0		
22,1382	0,6192	980,9	979,8	981,0		
22,1466	0,6258	980,8	979,7	980,9		
22,1549	0,6121	980,9	979,7	980,9		
22,1632	0,6183	980,9	979,8	981,0		
22,1716	0,6090	980,8	979,7	980,9		
22,1799	0,6231	980,9	979,8	981,0		
22,1882	0,6262	980,9	979,8	980,9		
22,1966	0,6231	980,9	979,8	980,9		
22,2049	0,6200	980,9	979,8	981,0		
22,2132	0,6223	980,9	979,8	981,0		
22,2216	0,6183	980,8	979,8	980,9		
22,2299	0,6125	980,9	979,8	981,0		
22,2382	0,6231	980,9	979,9	981,0		
22,2466	0,6276	980,9	979,8	980,9		
22,2549	0,6205	980,8	979,7	980,9		
22,2632	0,6218	980,8	979,8	980,9		
22,2716	0,6214	980,8	979,8	980,9		
22,2799	0,6276	980,9	979,8	980,9		
22,2882	0,6205	980,9	979,8	980,9		
22,2966	0,6333	980,8	979,7	980,9		
22,3049	0,6245	980,9	979,8	981,0		
22,3132	0,6218	980,9	979,8	981,0		
22,3216	0,6329	980,8	979,8	981,0		
22,3299	0,6192	980,9	979,8	981,0		
22,3382	0,6218	980,9	979,8	981,0		
22,3466	0,6325	980,8	979,8	981,0		
22,3549	0,6218	980,8	979,8	980,9		
22,3632	0,6240	980,8	979,8	981,0		
22,3716	0,6223	980,8	979,8	980,9		
22,3799	0,6227	980,8	979,8	980,9		
22,3882	0,6258	980,9	979,8	981,0		
22,3966	0,6267	980,9	979,8	980,9		
22,4049	0,6196	980,9	979,8	980,9		
22,4132	0,6178	980,9	979,8	981,0		
22,4216	0,6262	980,9	979,8	981,0		
22,4299	0,6187	980,9	979,8	981,0		
22,4382	0,6214	980,9	979,8	980,9		
22,4466	0,6311	980,9	979,8	981,0		
22,4549	0,6369	980,9	979,8	981,0		
22,4632	0,6267	980,9	979,8	981,0		
22,4716	0,6360	980,9	979,8	981,0		
22,4799	0,6214	980,9	979,9	981,0		
22,4882	0,6254	980,9	979,8	981,0		
22,4966	0,6218	980,9	979,8	981,0		
22,5049	0,6280	980,9	979,8	981,1		
22,5132	0,6333	980,9	979,8	981,0		
22,5216	0,6360	980,9	979,8	981,0		
22,5299	0,6364	980,9	979,8	981,0		
22,5382	0,6276	980,9	979,9	981,1		
22,5466	0,6236	981,0	979,9	981,1		
22,5549	0,6316	980,9	979,9	981,1		
22,5632	0,6360	980,9	979,8	981,0		
22,5716	0,6338	980,9	979,8	981,0		
22,5799	0,6280	981,0	979,9	981,0		
22,5882	0,6280	980,9	979,9	981,1		
22,5966	0,6267	980,9	979,8	981,0		
22,6049	0,6307	980,8	979,8	980,9		
22,6132	0,6307	980,9	979,8	980,9		
22,6216	0,6289	980,9	979,8	981,0		
22,6299	0,6289	980,9	979,8	980,9		
22,6382	0,6409	980,9	979,8	981,0		
22,6466	0,6369	980,8	979,8	981,0		
22,6549	0,6227	980,9	979,8	981,0		
22,6632	0,6382	980,8	979,8	981,0		
22,6716	0,6378	980,8	979,8	981,1		
22,6799	0,6329	980,8	979,8	981,0		
22,6882	0,6329	980,8	979,8	980,9		
22,6966	0,6294	980,9	979,8	981,0		
22,7049	0,6307	980,9	979,8	981,0		
22,7132	0,6347	980,9	979,8	981,0		
22,7216	0,6298	980,9	979,9	981,0		
22,7299	0,6409	980,9	979,8	981,0		
22,7382	0,6311	980,9	979,8	980,9		
22,7466	0,6360	980,9	979,8	981,0		
22,7549	0,6409	980,9	979,8	981,0		
22,7632	0,6360	980,8	979,8	980,9		
22,7716	0,6342	980,8	979,8	981,0		
22,7799	0,6373	980,8	979,8	981,0		
22,7882	0,6373	980,8	979,8	981,0		
22,7966	0,6382	980,8	979,8	981,0		
22,8049	0,6329	980,8	979,8	980,9		
22,8132	0,6338	980,8	979,8	980,9		
22,8216	0,6302	980,9	979,8	980,9		
22,8299	0,6458	980,9	979,8	981,0		
22,8382	0,6444	980,9	979,8	981,0		
22,8466	0,6396	980,8	979,8	980,9		
22,8549	0,6391	980,8	979,8	980,9		
22,8632	0,6520	980,9	979,8	981,1		
22,8716	0,6409	980,9	979,8	981,0		
22,8799	0,6338	980,8	979,8	981,1		
22,8882	0,6453	980,9	979,8	980,9		
22,8966	0,6435	980,8	979,7	980,9		
22,9049	0,6400	980,9	979,8	981,0		
22,9132	0,6466	980,8	979,7	980,9		
22,9216	0,6360	980,9	979,9	981,1		
22,9299	0,6333	981,0	979,9	981,0		
22,9382	0,6369	980,9	979,7	981,0		
22,9466	0,6431	980,8	979,8	981,0		
22,9549	0,6458	980,8	979,8	980,9		
22,9632	0,6440	980,9	979,8	981,0		
22,9716	0,6413	980,9	979,8	980,9		
22,9799	0,6458	980,8	979,8	981,0		
22,9882	0,6418	981,0	979,8	981,0		
22,9966	0,6435	980,9	979,8	981,0		
23,0049	0,6400	980,9	979,8	981,0		
23,0132	0,6427	980,9	979,8	981,0		
23,0216	0,6262	980,9	979,8	981,0		
23,0299	0,6404	980,9	979,8	981,0		
23,0382	0,6325	980,9	979,8	980,9		
23,0466	0,6466	980,9	979,8	981,0		
23,0549	0,6418	980,9	979,8	981,0		
23,0632	0,6404	980,9	979,8	980,9		
23,0716	0,6413	980,9	979,8	981,0		
23,0799	0,6564	980,8	979,8	980,9		
23,0882	0,6440	980,8	979,8	980,9		
23,0966	0,6418	980,8	979,8	981,0		
23,1049	0,6444	980,8	979,8	980,9		
23,1132	0,6427	980,9	979,8	980,9		
23,1216	0,6533	980,8	979,8	981,0		
23,1299	0,6435	980,9	979,8	980,9		
23,1382	0,6551	980,8	979,7	980,9		
23,1466	0,6427	980,9	979,9	981,0		
23,1549	0,6520	980,9	979,8	980,9		
23,1632	0,6484	980,9	979,7	980,9		
23,1716	0,6489	980,9	979,8	981,0		
23,1799	0,6506	980,8	979,8	980,9		
23,1882	0,6489	980,8	979,8	980,9		
23,1966	0,6529	980,8	979,8	981,0		
23,2049	0,6489	980,8	979,7	980,8		
23,2132	0,6577	980,8	979,8	980,9		
23,2216	0,6546	980,8	979,7	980,8		
23,2299	0,6506	980,8	979,8	981,0		
23,2382	0,6613	980,8	979,8	980,9		
23,2466	0,6546	980,9	979,8	980,9		
23,2549	0,6622	980,9	979,8	981,0		
23,2632	0,6524	980,8	979,8	980,9		
23,2716	0,6489	980,8	979,7	980,9		
23,2799	0,6551	980,8	979,8	980,9		
23,2882	0,6435	980,8	979,7	980,9		
23,2966	0,6440	980,9	979,8	980,9		
23,3049	0,6591	980,9	979,8	981,0		
23,3132	0,6515	980,9	979,9	981,1		
23,3216	0,6502	980,8	979,7	980,9		
23,3299	0,6586	980,8	979,7	980,8		
23,3382	0,6498	980,8	979,8	980,9		
23,3466	0,6449	980,8	979,7	981,0		
23,3549	0,6542	980,9	979,8	981,0		
23,3632	0,6537	980,9	979,8	980,9		
23,3716	0,6582	980,9	979,8	981,0		
23,3799	0,6577	980,9	979,8	981,0		
23,3882	0,6546	980,9	979,8	981,0		
23,3966	0,6493	980,9	979,8	980,9		
23,4049	0,6524	980,9	979,8	980,9		
23,4132	0,6631	981,0	979,8	981,0		
23,4216	0,6529	981,0	979,8	981,0		
23,4299	0,6582	980,8	979,8	980,9		
23,4382	0,6551	980,8	979,8	981,0		
23,4466	0,6555	980,9	979,8	981,0		
23,4549	0,6555	980,9	979,8	980,9		
23,4632	0,6537	980,9	979,9	981,0		
23,4716	0,6537	980,9	979,8	980,9		
23,4799	0,6591	980,9	979,8	980,9		
23,4882	0,6666	980,9	979,8	980,9		
23,4966	0,6529	980,8	979,8	980,9		
23,5049	0,6595	980,8	979,8	980,9		
23,5132	0,6635	980,9	979,8	981,0		
23,5216	0,6515	980,9	979,8	980,9		
23,5299	0,6502	980,8	979,8	980,9		
23,5382	0,6564	980,9	979,8	981,0		
23,5466	0,6613	980,9	979,9	981,1		
23,5549	0,6617	980,9	979,8	981,0		
23,5632	0,6577	980,9	979,8	980,9		
23,5716	0,6662	980,9	979,8	981,0		
23,5799	0,6662	980,9	979,8	981,0		
23,5882	0,6591	980,8	979,8	980,9		
23,5966	0,6608	980,9	979,8	980,9		
23,6049	0,6617	980,9	979,8	981,0		
23,6132	0,6702	980,9	979,8	980,9		
23,6216	0,6595	980,9	979,8	980,9		
23,6299	0,6644	980,9	979,9	981,0		
23,6382	0,6644	980,8	979,8	980,8		
23,6466	0,6653	980,8	979,8	980,9		
23,6549	0,6639	980,8	979,8	981,0		
23,6632	0,6662	980,9	979,8	981,0		
23,6716	0,6795	980,9	979,8	981,0		
23,6799	0,6644	980,9	979,8	981,0		
23,6882	0,6644	980,8	979,8	981,0		
23,6966	0,6626	980,9	979,8	981,0		
23,7049	0,6741	980,9	979,8	981,0		
23,7132	0,6675	980,8	979,8	981,0		
23,7216	0,6728	980,9	979,9	981,1		
23,7299	0,6631	980,9	979,8	981,0		
23,7382	0,6662	980,9	979,8	981,0		
23,7466	0,6719	980,9	979,8	981,0		
23,7549	0,6675	980,9	979,8	981,0		
23,7632	0,6693	980,9	979,8	981,0		
23,7716	0,6648	980,8	979,8	981,0		
23,7799	0,6591	980,9	979,9	981,0		
23,7882	0,6737	980,9	979,8	981,1		
23,7966	0,6684	980,8	979,8	980,9		
23,8049	0,6657	980,9	979,8	981,0		
23,8132	0,6684	980,9	979,8	981,0		
23,8216	0,6733	980,9	979,8	981,0		
23,8299	0,6715	980,9	979,8	981,0		
23,8382	0,6631	980,9	979,8	981,0		
23,8466	0,6702	980,9	979,8	980,9		
23,8549	0,6697	980,9	979,9	981,1		
23,8632	0,6724	980,9	979,8	981,0		
23,8716	0,6648	980,9	979,8	981,1		
23,8799	0,6648	980,9	979,8	981,0		
23,8882	0,6728	980,9	979,8	981,1		
23,8966	0,6702	980,9	979,8	981,0		
23,9049	0,6710	980,9	979,8	981,0		
23,9132	0,6715	980,9	979,8	980,9		
23,9216	0,6777	980,9	979,8	981,0		
23,9299	0,6773	980,9	979,8	981,0		
23,9382	0,6786	980,9	979,8	980,9		
23,9466	0,6786	981,0	979,8	981,0		
23,9549	0,6706	980,9	979,8	981,0		
23,9632	0,6768	980,8	979,8	981,0		
23,9716	0,6719	980,8	979,8	980,9		
23,9799	0,6733	980,9	979,8	981,0		
23,9882	0,6821	980,9	979,9	981,0		
23,9966	0,6773	980,9	979,8	981,0		
24,0049	0,6821	980,9	979,9	981,0		
24,0132	0,6715	980,9	979,9	980,9		
24,0216	0,6804	980,9	979,8	980,9		
24,0299	0,6746	980,9	979,8	981,0		
24,0382	0,6786	980,9	979,8	980,9		
24,0466	0,6688	980,9	979,8	980,9		
24,0549	0,6777	980,8	979,8	981,0		
24,0632	0,6804	980,8	979,8	981,0		
24,0716	0,6821	980,9	979,8	981,0		
24,0799	0,6764	980,9	979,8	981,0		
24,0882	0,6852	980,8	979,8	980,9		
24,0966	0,6808	980,9	979,9	981,1		
24,1049	0,6799	980,8	979,8	981,0		
24,1132	0,6750	980,9	979,8	980,9		
24,1216	0,6826	980,8	979,8	980,9		
24,1299	0,6808	980,8	979,8	980,9		
24,1382	0,6808	980,9	979,7	980,9		
24,1466	0,6764	980,9	979,8	981,1		
24,1549	0,6799	981,0	979,9	981,0		
24,1632	0,6781	980,9	979,8	981,0		
24,1716	0,6861	980,9	979,8	981,0		
24,1799	0,6746	980,9	979,8	981,0		
24,1882	0,6843	980,9	979,8	980,9		
24,1966	0,6875	980,9	979,8	981,0		
24,2049	0,6799	980,9	979,8	981,0		
24,2132	0,6875	980,9	979,8	980,9		
24,2216	0,6888	980,9	979,8	981,0		
24,2299	0,6843	980,9	979,8	981,0		
24,2382	0,6835	980,9	979,8	981,0		
24,2466	0,6870	980,9	979,8	981,0		
24,2549	0,6901	980,9	979,8	981,0		
24,2632	0,6826	981,0	979,8	981,0		
24,2716	0,6781	980,9	979,9	981,0		
24,2799	0,6808	980,9	979,8	981,0		
24,2882	0,6879	980,9	979,8	980,9		
24,2966	0,6875	980,9	979,9	981,0		
24,3049	0,6866	981,0	979,9	981,0		
24,3132	0,6857	980,9	979,8	981,0		
24,3216	0,6866	980,8	979,8	980,9		
24,3299	0,6870	980,9	979,9	981,0		
24,3382	0,6839	980,9	979,8	981,0		
24,3466	0,6892	980,8	979,8	980,9		
24,3549	0,6937	980,9	979,8	981,0		
24,3632	0,6861	980,9	979,8	981,0		
24,3716	0,6875	980,9	979,8	981,0		
24,3799	0,6932	980,8	979,8	981,0		
24,3882	0,6945	980,9	979,8	981,0		
24,3966	0,6866	980,9	979,9	981,0		
24,4049	0,6857	980,9	979,8	981,0		
24,4132	0,6990	980,9	979,8	981,0		
24,4216	0,6963	980,9	979,8	981,0		
24,4299	0,6888	981,0	979,9	981,1		
24,4382	0,6857	980,9	979,8	981,0		
24,4466	0,6897	980,8	979,8	980,9		
24,4549	0,6826	980,9	979,8	981,0		
24,4632	0,6888	980,9	979,8	981,0		
24,4716	0,6954	980,8	979,8	980,9		
24,4799	0,6914	980,8	979,8	981,0		
24,4882	0,6923	980,9	979,8	981,0		
24,4966	0,6923	980,8	979,8	981,0		
24,5049	0,6959	980,9	979,8	981,0		
24,5132	0,6914	980,8	979,8	981,0		
24,5216	0,6963	980,8	979,8	981,0		
24,5299	0,7034	980,8	979,8	981,0		
24,5382	0,7030	980,8	979,8	981,0		
24,5466	0,6985	980,9	979,8	981,0		
24,5549	0,7003	980,9	979,8	980,9		
24,5632	0,6968	980,9	979,8	981,0		
24,5716	0,6892	981,0	979,9	981,0		
24,5799	0,6901	981,0	979,8	981,0		
24,5882	0,6954	980,9	979,8	981,0		
24,5966	0,6932	980,9	979,8	980,9		
24,6049	0,7052	980,9	979,8	981,0		
24,6132	0,6972	980,9	979,9	981,1		
24,6216	0,6994	980,9	979,8	981,0		
24,6299	0,6945	980,9	979,8	981,0		
24,6382	0,7003	980,9	979,8	981,0		
24,6466	0,6945	980,9	979,8	981,1		
24,6549	0,6968	981,0	979,8	981,0		
24,6632	0,6945	980,9	979,8	980,9		
24,6716	0,6901	980,9	979,8	981,0		
24,6799	0,7021	980,9	979,8	981,0		
24,6882	0,7003	980,9	979,8	981,0		
24,6966	0,6994	980,9	979,8	981,0		
24,7049	0,6941	980,9	979,8	981,0		
24,7132	0,7074	980,9	979,8	981,0		
24,7216	0,7052	980,9	979,8	981,0		
24,7299	0,7114	980,9	979,8	981,0		
24,7382	0,7025	980,9	979,8	980,9		
24,7466	0,6999	980,9	979,8	980,9		
24,7549	0,6990	980,9	979,8	981,0		
24,7632	0,7030	981,0	979,9	981,0		
24,7716	0,7003	981,0	979,9	981,0		
24,7799	0,7079	980,9	979,8	981,1		
24,7882	0,7003	980,9	979,8	981,0		
24,7966	0,7025	980,9	979,9	981,0		
24,8049	0,7030	980,9	979,8	980,9		
24,8132	0,7092	980,9	979,8	981,0		
24,8216	0,6985	981,0	979,9	980,9		
24,8299	0,7123	980,9	979,8	980,9		
24,8382	0,7065	980,9	979,9	981,0		
24,8466	0,7079	981,0	979,8	981,0		
24,8549	0,7048	980,9	979,9	981,0		
24,8632	0,7079	980,9	979,8	981,0		
24,8716	0,7065	980,9	979,8	980,9		
24,8799	0,7043	980,8	979,8	981,0		
24,8882	0,7176	980,9	979,8	981,0		
24,8966	0,7105	980,8	979,8	981,0		
24,9049	0,7096	980,9	979,8	980,9		
24,9132	0,7096	980,9	979,8	981,0		
24,9216	0,7101	980,9	979,8	981,0		
24,9299	0,7079	980,9	979,8	980,9		
24,9382	0,7172	980,9	979,8	981,0		
24,9466	0,7158	980,8	979,7	980,9		
24,9549	0,7083	980,9	979,9	981,0		
24,9632	0,7052	980,8	979,8	981,0		
24,9716	0,7194	980,9	979,8	981,0		
24,9799	0,7070	980,9	979,8	981,0		
24,9882	0,7105	980,9	979,9	981,0		
24,9966	0,7096	981,0	979,9	981,0		
25,0049	0,7145	980,9	979,9	981,0		
25,0132	0,7127	981,0	979,9	981,0		
25,0216	0,7212	980,9	979,8	981,0		
25,0299	0,7158	981,0	979,9	981,0		
25,0382	0,7087	981,0	979,9	981,1		
25,0466	0,7163	981,0	979,9	981,1		
25,0549	0,7070	981,0	979,8	981,0		
25,0632	0,7092	981,0	979,9	981,0		
25,0716	0,7065	980,9	979,8	981,0		
25,0799	0,7136	980,9	979,8	981,0		
25,0882	0,7145	980,9	979,9	981,0		
25,0966	0,7220	981,0	979,9	981,1		
25,1049	0,7105	981,0	979,9	981,0		
25,1132	0,7181	981,0	979,9	981,0		
25,1216	0,7141	981,0	979,8	981,1		
25,1299	0,7154	981,0	979,8	981,0		
25,1382	0,7181	980,9	979,9	981,0		
25,1466	0,7150	980,9	979,8	980,9		
25,1549	0,7225	980,9	979,8	981,0		
25,1632	0,7145	980,9	979,8	980,9		
25,1716	0,7189	980,9	979,8	981,0		
25,1799	0,7176	980,9	979,8	981,0		
25,1882	0,7176	980,9	979,9	981,0		
25,1966	0,7203	980,9	979,8	981,0		
25,2049	0,7163	980,9	979,8	980,9		
25,2132	0,7185	980,9	979,8	980,9		
25,2216	0,7265	980,9	979,8	981,0		
25,2299	0,7247	980,9	979,8	981,0		
25,2382	0,7145	980,9	979,9	981,0		
25,2466	0,7256	980,9	979,9	981,1		
25,2549	0,7247	980,9	979,8	981,0		
25,2632	0,7132	980,9	979,9	981,0		
25,2716	0,7189	980,9	979,8	981,0		
25,2799	0,7234	980,9	979,9	981,0		
25,2882	0,7238	980,9	979,9	981,0		
25,2966	0,7238	980,9	979,8	981,1		
25,3049	0,7274	980,9	979,8	981,0		
25,3132	0,7198	980,9	979,8	981,0		
25,3216	0,7229	980,9	979,8	981,0		
25,3299	0,7278	980,9	979,8	981,0		
25,3382	0,7158	980,9	979,8	981,0		
25,3466	0,7309	980,8	979,8	980,9		
25,3549	0,7212	980,9	979,8	981,0		
25,3632	0,7252	980,9	979,9	981,0		
25,3716	0,7229	980,9	979,8	981,0		
25,3799	0,7198	980,8	979,8	981,0		
25,3882	0,7265	980,9	979,8	980,9		
25,3966	0,7300	980,9	979,8	980,9		
25,4049	0,7243	980,8	979,8	981,0		
25,4132	0,7265	980,9	979,8	981,0		
25,4216	0,7238	980,9	979,8	981,0		
25,4299	0,7252	980,9	979,8	981,0		
25,4382	0,7309	980,9	979,8	981,1		
25,4466	0,7300	981,0	979,9	981,0		
25,4549	0,7234	980,9	979,8	981,1		
25,4632	0,7220	981,0	979,8	981,1		
25,4716	0,7220	981,0	979,8	981,0		
25,4799	0,7229	980,9	979,8	981,0		
25,4882	0,7238	980,9	979,9	981,0		
25,4966	0,7291	980,9	979,8	981,0		
25,5049	0,7309	980,9	979,8	981,0		
25,5132	0,7296	981,0	979,9	981,0		
25,5216	0,7252	981,0	979,9	981,0		
25,5299	0,7305	980,9	979,9	981,1		
25,5382	0,7314	980,9	979,8	981,0		
25,5466	0,7287	980,9	979,8	981,0		
25,5549	0,7336	980,9	979,8	981,0		
25,5632	0,7247	981,0	979,8	981,0		
25,5716	0,7354	980,9	979,9	981,0		
25,5799	0,7269	981,0	979,9	981,0		
25,5882	0,7305	980,9	979,8	981,0		
25,5966	0,7340	980,9	979,8	980,9		
25,6049	0,7340	980,9	979,7	981,0		
25,6132	0,7367	980,9	979,8	981,0		
25,6216	0,7296	980,8	979,8	981,0		
25,6299	0,7318	980,8	979,8	981,0		
25,6382	0,7385	980,9	979,9	981,0		
25,6466	0,7389	980,9	979,8	980,9		
25,6549	0,7340	980,8	979,8	981,0		
25,6632	0,7380	980,9	979,8	981,0		
25,6716	0,7385	980,8	979,8	981,0		
25,6799	0,7402	980,9	979,8	981,0		
25,6882	0,7407	980,9	979,8	981,0		
25,6966	0,7429	980,9	979,8	980,9		
25,7049	0,7371	980,9	979,8	981,0		
25,7132	0,7371	980,9	979,8	980,9		
25,7216	0,7371	980,8	979,8	980,9		
25,7299	0,7393	980,8	979,8	981,1		
25,7382	0,7402	981,0	979,8	981,0		
25,7466	0,7380	980,9	979,8	981,0		
25,7549	0,7429	980,9	979,8	981,0		
25,7632	0,7433	980,9	979,8	980,9		
25,7716	0,7464	980,9	979,9	981,1		
25,7799	0,7389	980,9	979,8	981,0		
25,7882	0,7398	980,9	979,8	981,0		
25,7966	0,7500	981,0	979,8	981,0		
25,8049	0,7442	980,9	979,8	981,0		
25,8132	0,7385	980,9	979,8	981,0		
25,8216	0,7367	981,0	979,9	981,1		
25,8299	0,7371	981,0	979,9	981,1		
25,8382	0,7398	981,0	979,8	981,0		
25,8466	0,7420	980,9	979,8	981,0		
25,8549	0,7522	980,9	979,8	981,1		
25,8632	0,7367	980,9	979,8	981,1		
25,8716	0,7460	980,9	979,9	981,1		
25,8799	0,7549	980,9	979,9	981,0		
25,8882	0,7429	980,9	979,8	981,0		
25,8966	0,7504	981,0	979,8	981,0		
25,9049	0,7456	981,0	979,9	981,1		
25,9132	0,7349	980,9	979,8	981,0		
25,9216	0,7438	981,0	979,8	981,0		
25,9299	0,7500	980,9	979,8	981,0		
25,9382	0,7500	980,9	979,8	981,1		
25,9466	0,7553	980,9	979,9	981,1		
25,9549	0,7500	980,9	979,8	980,9		
25,9632	0,7509	980,9	979,8	980,9		
25,9716	0,7398	981,0	979,8	981,1		
25,9799	0,7487	980,9	979,9	981,0		
25,9882	0,7518	980,9	979,9	981,0		
25,9966	0,7509	980,9	979,8	981,0		
26,0049	0,7500	980,9	979,8	981,0		
26,0132	0,7509	980,9	979,9	981,1		
26,0216	0,7549	980,9	979,9	981,1		
26,0299	0,7504	980,9	979,9	981,1		
26,0382	0,7464	980,9	979,8	981,0		
26,0466	0,7456	980,9	979,8	981,0		
26,0549	0,7575	980,9	979,8	981,0		
26,0632	0,7504	980,9	979,8	981,0		
26,0716	0,7509	980,9	979,8	981,0		
26,0799	0,7482	980,9	979,8	981,0		
26,0882	0,7487	980,9	979,8	980,9		
26,0966	0,7487	980,9	979,8	981,0		
26,1049	0,7584	980,9	979,8	980,9		
26,1132	0,7522	980,9	979,9	981,0		
26,1216	0,7487	980,9	979,8	981,0		
26,1299	0,7531	980,9	979,8	981,0		
26,1382	0,7540	980,9	979,8	981,0		
26,1466	0,7482	980,9	979,8	981,0		
26,1549	0,7540	980,9	979,8	981,0		
26,1632	0,7513	980,9	979,8	980,9		
26,1716	0,7518	980,9	979,8	981,0		
26,1799	0,7655	980,9	979,8	981,1		
26,1882	0,7602	980,9	979,8	981,0		
26,1966	0,7562	980,9	979,8	980,9		
26,2049	0,7540	980,9	979,8	981,0		
26,2132	0,7544	980,9	979,8	981,0		
26,2216	0,7522	980,9	979,8	981,1		
26,2299	0,7597	980,9	979,8	981,1		
26,2382	0,7611	981,0	979,8	981,0		
26,2466	0,7584	980,9	979,8	981,0		
26,2549	0,7544	980,9	979,8	981,0		
26,2632	0,7504	980,9	979,8	981,0		
26,2716	0,7562	980,9	979,8	981,0		
26,2799	0,7597	981,0	979,9	981,1		
26,2882	0,7597	980,9	979,8	981,0		
26,2966	0,7633	980,9	979,8	981,0		
26,3049	0,7504	981,0	979,8	981,0		
26,3132	0,7602	980,9	979,8	981,0		
26,3216	0,7522	980,9	979,8	981,0		
26,3299	0,7606	980,9	979,8	981,0		
26,3382	0,7629	980,9	979,8	981,0		
26,3466	0,7615	980,9	979,8	980,9		
26,3549	0,7655	980,9	979,8	981,0		
26,3632	0,7651	980,9	979,8	981,0		
26,3716	0,7708	981,0	979,8	980,9		
26,3799	0,7713	980,9	979,8	980,9		
26,3882	0,7611	980,9	979,8	981,0		
26,3966	0,7664	980,9	979,8	981,0		
26,4049	0,7633	980,9	979,9	981,0		
26,4132	0,7655	980,9	979,8	980,9		
26,4216	0,7677	980,9	979,8	980,9		
26,4299	0,7637	980,9	979,8	981,1		
26,4382	0,7615	980,9	979,8	981,0		
26,4466	0,7744	980,9	979,8	980,9		
26,4549	0,7651	980,8	979,8	980,9		
26,4632	0,7753	980,8	979,8	981,0		
26,4716	0,7677	980,8	979,8	980,9		
26,4799	0,7766	980,9	979,8	981,0		
26,4882	0,7699	980,9	979,8	981,0		
26,4966	0,7726	980,9	979,9	981,0		
26,5049	0,7704	981,0	979,8	981,0		
26,5132	0,7660	980,9	979,9	981,0		
26,5216	0,7660	980,9	979,8	981,0		
26,5299	0,7713	980,9	979,8	981,0		
26,5382	0,7668	980,9	979,8	981,0		
26,5466	0,7748	980,9	979,9	981,1		
26,5549	0,7691	980,9	979,8	981,0		
26,5632	0,7797	980,9	979,8	981,0		
26,5716	0,7606	980,9	979,9	981,1		
26,5799	0,7704	980,9	979,8	981,0		
26,5882	0,7753	980,9	979,8	980,9		
26,5966	0,7708	980,9	979,8	981,0		
26,6049	0,7788	980,9	979,9	981,1		
26,6132	0,7735	980,9	979,9	981,0		
26,6216	0,7731	981,0	979,8	981,0		
26,6299	0,7717	981,0	979,9	981,0		
26,6382	0,7722	980,9	979,8	981,0		
26,6466	0,7833	980,9	979,8	981,0		
26,6549	0,7766	980,9	979,8	981,0		
26,6632	0,7731	980,9	979,8	981,1		
26,6716	0,7744	981,0	979,9	981,1		
26,6799	0,7739	981,0	979,8	981,0		
26,6882	0,7819	981,0	979,9	981,1		
26,6966	0,7739	981,0	979,9	981,1		
26,7049	0,7788	981,0	979,9	981,1		
26,7132	0,7748	980,9	979,8	981,0		
26,7216	0,7806	980,9	979,8	980,9		
26,7299	0,7739	981,0	979,9	981,1		
26,7382	0,7686	981,0	979,8	981,0		
26,7466	0,7762	980,9	979,8	981,0		
26,7549	0,7722	981,0	979,9	981,1		
26,7632	0,7722	980,9	979,8	981,0		
26,7716	0,7744	980,9	979,8	981,0		
26,7799	0,7801	980,9	979,8	981,0		
26,7882	0,7770	980,9	979,8	981,0		
26,7966	0,7744	980,9	979,8	981,0		
26,8049	0,7797	980,9	979,7	980,9		
26,8132	0,7801	981,0	979,9	981,1		
26,8216	0,7766	980,9	979,8	981,0		
26,8299	0,7824	980,8	979,8	980,9		
26,8382	0,7815	980,9	979,8	980,9		
26,8466	0,7859	980,9	979,8	981,0		
26,8549	0,7864	980,9	979,8	981,0		
26,8632	0,7868	980,9	979,8	981,0		
26,8716	0,7868	980,9	979,9	981,0		
26,8799	0,7837	980,9	979,8	981,0		
26,8882	0,7837	980,9	979,8	981,0		
26,8966	0,7903	980,9	979,8	981,0		
26,9049	0,7815	980,9	979,8	981,1		
26,9132	0,7806	980,9	979,8	981,0		
26,9216	0,7775	980,8	979,8	981,0		
26,9299	0,7903	980,9	979,9	981,1		
26,9382	0,7837	980,9	979,9	981,0		
26,9466	0,7952	980,9	979,8	981,0		
26,9549	0,7868	981,0	979,8	981,0		
26,9632	0,7886	981,0	979,9	981,0		
26,9716	0,7921	980,9	979,8	981,0		
26,9799	0,7850	980,9	979,8	981,0		
26,9882	0,7881	980,8	979,8	980,9		
26,9966	0,7810	980,8	979,8	980,9		
27,0049	0,7890	980,9	979,8	981,0		
27,0132	0,7837	980,9	979,9	981,0		
27,0216	0,7837	980,9	979,8	981,0		
27,0299	0,7881	980,8	979,8	980,9		
27,0382	0,7864	980,9	979,8	981,0		
27,0466	0,7966	980,9	979,8	981,0		
27,0549	0,7855	980,9	979,9	981,1		
27,0632	0,7895	981,0	979,8	981,0		
27,0716	0,7961	981,0	979,8	981,0		
27,0799	0,7952	981,0	979,9	981,1		
27,0882	0,7895	981,0	979,9	981,1		
27,0966	0,7939	980,9	979,8	981,0		
27,1049	0,7908	980,9	979,8	981,0		
27,1132	0,7939	980,9	979,8	980,9		
27,1216	0,7979	981,0	979,8	980,9		
27,1299	0,7917	980,9	979,8	981,0		
27,1382	0,7970	980,9	979,8	980,9		
27,1466	0,7983	980,9	979,8	981,1		
27,1549	0,7912	980,9	979,8	981,1		
27,1632	0,7970	981,0	979,9	981,0		
27,1716	0,8019	981,0	979,8	981,1		
27,1799	0,7988	980,9	979,8	981,0		
27,1882	0,7935	980,9	979,8	981,0		
27,1966	0,7935	980,9	979,8	981,0		
27,2049	0,7966	981,0	979,9	981,0		
27,2132	0,8014	981,0	979,9	981,0		
27,2216	0,8059	981,0	979,9	981,0		
27,2299	0,7961	980,9	979,8	981,0		
27,2382	0,7979	981,0	979,8	981,0		
27,2466	0,8010	980,9	979,9	981,0		
27,2549	0,7970	980,9	979,8	981,0		
27,2632	0,7877	980,9	979,8	981,0		
27,2716	0,7957	981,0	979,8	981,0		
27,2799	0,8094	980,9	979,8	981,0		
27,2882	0,7979	980,9	979,7	980,9		
27,2966	0,8054	980,9	979,8	980,9		
27,3049	0,7979	980,9	979,8	981,0		
27,3132	0,7939	980,8	979,8	980,9		
27,3216	0,7952	980,8	979,7	980,9		
27,3299	0,8037	980,9	979,8	981,0		
27,3382	0,8032	980,8	979,8	981,0		
27,3466	0,8005	980,9	979,8	981,0		
27,3549	0,8019	980,9	979,8	981,0		
27,3632	0,8019	980,8	979,8	980,9		
27,3716	0,8050	980,9	979,8	981,0		
27,3799	0,8023	980,9	979,9	981,0		
27,3882	0,7948	980,9	979,9	981,0		
27,3966	0,8041	980,9	979,8	981,0		
27,4049	0,8041	980,9	979,9	981,0		
27,4132	0,8041	980,9	979,9	981,0		
27,4216	0,8010	980,9	979,8	981,0		
27,4299	0,8068	980,9	979,8	981,0		
27,4382	0,8134	980,9	979,9	981,0		
27,4466	0,8072	980,9	979,8	980,9		
27,4549	0,8037	980,9	979,8	980,9		
27,4632	0,8125	980,9	979,8	981,0		
27,4716	0,8094	980,9	979,8	981,0		
27,4799	0,8041	980,9	979,8	981,0		
27,4882	0,8103	980,9	979,8	980,9		
27,4966	0,8094	981,0	979,8	981,0		
27,5049	0,8063	980,9	979,8	981,0		
27,5132	0,8121	980,9	979,8	981,0		
27,5216	0,8014	980,9	979,8	980,9		
27,5299	0,8143	981,0	979,8	981,0		
27,5382	0,8108	981,0	979,9	981,0		
27,5466	0,8099	980,9	979,8	981,0		
27,5549	0,8050	981,0	979,8	981,0		
27,5632	0,8125	980,9	979,8	981,0		
27,5716	0,8099	981,0	979,9	981,0		
27,5799	0,8103	980,9	979,8	980,9		
27,5882	0,8108	980,9	979,8	981,0		
27,5966	0,8116	981,0	979,8	981,0		
27,6049	0,8094	980,9	979,8	980,9		
27,6132	0,8099	980,9	979,8	981,0		
27,6216	0,8183	981,0	979,8	981,0		
27,6299	0,8085	981,0	979,8	981,0		
27,6382	0,8147	980,9	979,8	980,9		
27,6466	0,8032	980,9	979,8	980,9		
27,6549	0,8143	980,9	979,8	980,9		
27,6632	0,8165	980,9	979,8	980,9		
27,6716	0,8099	980,9	979,8	980,9		
27,6799	0,8174	980,9	979,8	980,9		
27,6882	0,8147	980,9	979,8	980,9		
27,6966	0,8139	980,9	979,8	980,9		
27,7049	0,8174	980,9	979,8	981,0		
27,7132	0,8214	980,9	979,8	981,0		
27,7216	0,8205	980,9	979,8	981,0		
27,7299	0,8161	980,9	979,8	981,0		
27,7382	0,8192	980,9	979,8	980,9		
27,7466	0,8174	980,9	979,8	981,0		
27,7549	0,8152	980,9	979,8	981,0		
27,7632	0,8245	980,9	979,8	980,9		
27,7716	0,8210	980,9	979,7	981,0		
27,7799	0,8178	981,0	979,9	981,0		
27,7882	0,8236	981,0	979,9	981,0		
27,7966	0,8223	980,9	979,8	980,9		
27,8049	0,8130	981,0	979,9	981,1		
27,8132	0,8205	981,0	979,8	980,9		
27,8216	0,8263	980,9	979,8	980,9		
27,8299	0,8130	980,9	979,8	980,9		
27,8382	0,8218	980,9	979,8	981,0		
27,8466	0,8187	980,9	979,8	980,9		
27,8549	0,8316	980,9	979,8	981,0		
27,8632	0,8201	980,9	979,8	981,0		
27,8716	0,8245	980,9	979,9	981,0		
27,8799	0,8276	980,9	979,8	981,0		
27,8882	0,8223	980,9	979,8	980,9		
27,8966	0,8334	981,0	979,9	981,0		
27,9049	0,8272	981,0	979,9	981,1		
27,9132	0,8276	980,9	979,8	981,0		
27,9216	0,8232	981,0	979,9	981,0		
27,9299	0,8223	981,0	979,8	981,0		
27,9382	0,8227	980,9	979,8	980,9		
27,9466	0,8236	980,9	979,8	980,9		
27,9549	0,8232	981,0	979,8	980,9		
27,9632	0,8254	980,9	979,8	981,0		
27,9716	0,8254	980,9	979,8	981,0		
27,9799	0,8285	981,0	979,8	981,0		
27,9882	0,8245	981,0	979,9	981,0		
27,9966	0,8294	980,9	979,8	981,0		
28,0049	0,8343	981,0	979,8	981,1		
28,0132	0,8369	981,0	979,8	981,0		
28,0216	0,8289	980,9	979,8	981,0		
28,0299	0,8312	980,9	979,8	981,0		
28,0382	0,8329	980,9	979,8	981,0		
28,0466	0,8249	980,9	979,7	980,9		
28,0549	0,8307	981,0	979,8	981,0		
28,0632	0,8289	981,1	979,9	981,0		
28,0716	0,8236	980,9	979,9	980,9		
28,0799	0,8382	981,0	979,8	980,9		
28,0882	0,8369	980,9	979,8	981,0		
28,0966	0,8343	981,0	979,9	981,0		
28,1049	0,8347	981,0	979,9	981,0		
28,1132	0,8294	981,0	979,9	981,0		
28,1216	0,8378	980,9	979,8	981,0		
28,1299	0,8382	981,0	979,9	980,9		
28,1382	0,8356	981,0	979,9	981,0		
28,1466	0,8347	981,0	979,9	981,0		
28,1549	0,8303	981,0	979,9	981,0		
28,1632	0,8316	980,9	979,8	980,9		
28,1716	0,8414	980,9	979,9	981,0		
28,1799	0,8360	980,9	979,8	980,9		
28,1882	0,8387	980,9	979,8	981,0		
28,1966	0,8325	981,0	979,8	981,0		
28,2049	0,8382	980,9	979,9	981,0		
28,2132	0,8329	980,9	979,8	981,0		
28,2216	0,8422	980,9	979,8	981,0		
28,2299	0,8476	980,9	979,8	980,9		
28,2382	0,8422	980,9	979,8	980,9		
28,2466	0,8382	980,9	979,9	981,0		
28,2549	0,8382	980,9	979,8	980,9		
28,2632	0,8498	980,9	979,8	980,9		
28,2716	0,8409	980,9	979,8	981,0		
28,2799	0,8449	980,9	979,8	980,9		
28,2882	0,8365	980,9	979,8	980,9		
28,2966	0,8436	980,9	979,8	981,0		
28,3049	0,8365	980,9	979,8	981,0		
28,3132	0,8374	980,9	979,8	981,0		
28,3216	0,8400	981,0	979,8	981,0		
28,3299	0,8445	980,9	979,8	981,0		
28,3382	0,8440	980,9	979,8	981,0		
28,3466	0,8400	981,0	979,8	981,1		
28,3549	0,8462	980,9	979,8	981,1		
28,3632	0,8391	981,0	979,9	981,0		
28,3716	0,8427	981,0	979,8	981,0		
28,3799	0,8453	981,0	979,8	981,1		
28,3882	0,8449	981,0	979,9	981,1		
28,3966	0,8507	980,9	979,8	981,0		
28,4049	0,8476	981,0	979,9	981,1		
28,4132	0,8467	981,0	979,9	981,1		
28,4216	0,8462	981,0	979,8	981,0		
28,4299	0,8493	981,0	979,9	981,1		
28,4382	0,8529	981,0	979,9	981,1		
28,4466	0,8476	980,9	979,8	981,0		
28,4549	0,8453	981,0	979,8	981,0		
28,4632	0,8422	981,0	979,8	981,0		
28,4716	0,8480	980,9	979,8	981,0		
28,4799	0,8516	981,0	979,8	981,0		
28,4882	0,8462	981,0	979,9	981,0		
28,4966	0,8476	981,0	979,9	981,0		
28,5049	0,8471	980,9	979,8	980,9		
28,5132	0,8524	980,8	979,7	980,9		
28,5216	0,8560	980,9	979,7	980,9		
28,5299	0,8498	980,9	979,8	980,9		
28,5382	0,8551	980,9	979,8	981,0		
28,5466	0,8547	980,9	979,8	980,9		
28,5549	0,8551	980,9	979,8	981,0		
28,5632	0,8533	980,9	979,8	981,0		
28,5716	0,8569	980,9	979,8	981,0		
28,5799	0,8622	980,9	979,8	981,0		
28,5882	0,8604	981,0	979,8	981,0		
28,5966	0,8524	980,9	979,8	981,0		
28,6049	0,8555	980,9	979,8	981,0		
28,6132	0,8569	980,9	979,8	981,0		
28,6216	0,8582	980,9	979,9	981,1		
28,6299	0,8511	981,0	979,9	981,0		
28,6382	0,8524	980,9	979,9	981,0		
28,6466	0,8582	980,9	979,8	981,0		
28,6549	0,8622	980,9	979,9	981,0		
28,6632	0,8564	980,9	979,9	981,0		
28,6716	0,8569	981,0	979,8	981,0		
28,6799	0,8591	981,0	979,8	981,1		
28,6882	0,8604	981,0	979,9	981,0		
28,6966	0,8578	980,9	979,9	980,9		
28,7049	0,8693	980,9	979,9	981,0		
28,7132	0,8613	980,9	979,9	980,9		
28,7216	0,8622	980,9	979,8	980,9		
28,7299	0,8609	980,9	979,8	981,0		
28,7382	0,8671	980,9	979,8	980,9		
28,7466	0,8564	980,9	979,8	980,9		
28,7549	0,8671	981,0	979,8	981,0		
28,7632	0,8737	981,0	979,8	980,9		
28,7716	0,8591	981,0	979,8	981,0		
28,7799	0,8635	980,9	979,8	981,0		
28,7882	0,8715	980,9	979,8	981,0		
28,7966	0,8587	980,9	979,8	981,0		
28,8049	0,8666	981,0	979,8	980,9		
28,8132	0,8649	980,9	979,8	981,0		
28,8216	0,8609	980,9	979,8	981,0		
28,8299	0,8569	981,0	979,9	981,0		
28,8382	0,8644	981,0	979,8	981,0		
28,8466	0,8644	981,0	979,8	981,0		
28,8549	0,8640	981,0	979,9	981,1		
28,8632	0,8666	981,0	979,8	980,9		
28,8716	0,8582	981,0	979,9	981,0		
28,8799	0,8706	981,0	979,9	981,1		
28,8882	0,8728	981,1	980,0	981,3		
28,8966	0,8680	981,1	980,0	981,1		
28,9049	0,8684	981,0	979,9	981,1		
28,9132	0,8635	981,0	979,9	981,0		
28,9216	0,8657	981,0	979,9	981,0		
28,9299	0,8759	981,1	979,9	981,1		
28,9382	0,8737	981,0	979,8	981,0		
28,9466	0,8666	980,9	979,8	981,0		
28,9549	0,8768	981,0	979,8	980,9		
28,9632	0,8689	980,9	979,8	980,9		
28,9716	0,8706	981,0	979,9	980,9		
28,9799	0,8693	981,0	979,9	981,0		
28,9882	0,8702	980,9	979,8	980,9		
28,9966	0,8786	980,9	979,8	980,8		
29,0049	0,8684	981,0	979,9	981,1		
29,0132	0,8808	981,0	979,9	981,0		
29,0216	0,8693	980,9	979,8	981,0		
29,0299	0,8764	980,9	979,8	981,0		
29,0382	0,8720	980,9	979,8	980,9		
29,0466	0,8755	980,9	979,8	981,0		
29,0549	0,8773	981,0	979,9	981,0		
29,0632	0,8759	981,0	979,9	981,1		
29,0716	0,8888	980,9	979,9	981,0		
29,0799	0,8773	981,0	979,9	981,0		
29,0882	0,8808	981,0	979,9	981,1		
29,0966	0,8857	981,0	979,8	981,0		
29,1049	0,8746	980,9	979,8	981,0		
29,1132	0,8786	980,9	979,8	981,0		
29,1216	0,8764	980,9	979,8	980,9		
29,1299	0,8835	980,8	979,8	980,9		
29,1382	0,8897	980,9	979,7	980,9		
29,1466	0,8799	980,9	979,8	981,0		
29,1549	0,8804	981,0	979,8	981,0		
29,1632	0,8866	980,9	979,8	980,9		
29,1716	0,8791	980,9	979,8	981,0		
29,1799	0,8813	981,0	979,8	981,0		
29,1882	0,8853	980,9	979,8	981,0		
29,1966	0,8897	980,9	979,8	980,9		
29,2049	0,8875	980,9	979,8	981,0		
29,2132	0,8746	981,0	979,8	980,9		
29,2216	0,8853	980,9	979,8	981,0		
29,2299	0,8888	981,0	979,8	981,0		
29,2382	0,8888	981,0	979,8	981,0		
29,2466	0,8884	980,9	979,8	981,0		
29,2549	0,8813	981,0	979,8	981,0		
29,2632	0,8870	981,0	979,8	981,0		
29,2716	0,8910	981,0	979,8	981,1		
29,2799	0,8928	981,0	979,8	981,0		
29,2882	0,8955	980,9	979,8	980,9		
29,2966	0,8919	980,9	979,8	981,0		
29,3049	0,8830	981,0	979,8	981,0		
29,3132	0,8835	980,9	979,8	981,0		
29,3216	0,8839	980,9	979,8	981,0		
29,3299	0,8799	981,0	979,8	980,9		
29,3382	0,8839	981,0	979,8	980,9		
29,3466	0,8884	981,0	979,8	981,0		
29,3549	0,8870	981,0	979,9	981,0		
29,3632	0,8924	981,0	979,8	980,9		
29,3716	0,8875	980,9	979,7	980,8		
29,3799	0,8955	980,9	979,7	980,8		
29,3882	0,8963	980,9	979,8	981,0		
29,3966	0,8941	980,9	979,8	980,9		
29,4049	0,8919	980,9	979,8	980,9		
29,4132	0,8857	980,9	979,8	980,9		
29,4216	0,8941	981,0	979,8	980,9		
29,4299	0,8946	980,9	979,8	980,9		
29,4382	0,8963	980,9	979,8	980,9		
29,4466	0,8950	980,9	979,8	980,9		
29,4549	0,8910	980,9	979,8	980,8		
29,4632	0,9003	980,9	979,9	981,0		
29,4716	0,8915	980,9	979,8	981,0		
29,4799	0,8963	980,9	979,7	980,8		
29,4882	0,8968	980,9	979,8	980,9		
29,4966	0,8901	980,9	979,8	980,9		
29,5049	0,8977	980,9	979,8	980,9		
29,5132	0,8995	980,9	979,8	980,9		
29,5216	0,9026	980,8	979,8	980,9		
29,5299	0,8946	980,8	979,8	980,8		
29,5382	0,8972	980,9	979,7	980,9		
29,5466	0,8986	980,9	979,8	981,0		
29,5549	0,9079	980,8	979,8	980,9		
29,5632	0,9026	980,9	979,7	980,9		
29,5716	0,8950	980,9	979,8	981,0		
29,5799	0,8995	980,9	979,8	980,9		
29,5882	0,9003	980,9	979,7	980,9		
29,5966	0,9052	980,9	979,8	980,9		
29,6049	0,9043	980,9	979,8	980,9		
29,6132	0,8977	980,9	979,8	981,0		
29,6216	0,8968	980,9	979,8	981,0		
29,6299	0,8995	980,9	979,8	980,8		
29,6382	0,8999	980,9	979,8	980,9		
29,6466	0,8977	980,9	979,8	981,0		
29,6549	0,9048	981,0	979,8	981,0		
29,6632	0,9021	981,0	979,8	980,9		
29,6716	0,9039	980,9	979,8	980,9		
29,6799	0,9057	980,9	979,8	981,0		
29,6882	0,9043	981,0	979,8	980,9		
29,6966	0,8950	981,0	979,8	980,9		
29,7049	0,9057	981,0	979,8	981,0		
29,7132	0,9088	981,0	979,8	981,1		
29,7216	0,9043	981,0	979,8	981,0		
29,7299	0,9057	981,0	979,8	980,9		
29,7382	0,9074	980,9	979,8	981,0		
29,7466	0,9159	980,9	979,8	981,0		
29,7549	0,8955	980,9	979,8	980,9		
29,7632	0,9070	980,9	979,8	981,0		
29,7716	0,8990	981,1	979,9	981,0		
29,7799	0,9154	981,0	979,9	981,0		
29,7882	0,9097	980,9	979,8	981,0		
29,7966	0,9114	980,9	979,8	981,0		
29,8049	0,9105	981,0	979,8	981,0		
29,8132	0,9088	981,0	979,8	981,0		
29,8216	0,9163	980,9	979,8	980,9		
29,8299	0,9145	980,9	979,8	981,0		
29,8382	0,9132	981,0	979,9	981,0		
29,8466	0,9150	980,9	979,8	980,9		
29,8549	0,9185	981,0	979,8	980,9		
29,8632	0,9119	980,9	979,8	980,9		
29,8716	0,9150	980,9	979,8	980,9		
29,8799	0,9145	980,9	979,8	980,9		
29,8882	0,9181	980,8	979,8	980,9		
29,8966	0,9141	980,9	979,8	980,9		
29,9049	0,9238	980,9	979,8	980,8		
29,9132	0,9088	980,9	979,8	981,0		
29,9216	0,9185	981,0	979,8	981,0		
29,9299	0,9132	980,9	979,8	980,9		
29,9382	0,9119	980,9	979,8	980,9		
29,9466	0,9128	980,9	979,8	980,9		
29,9549	0,9172	980,9	979,8	981,0		
29,9632	0,9119	980,9	979,7	980,9		
29,9716	0,9145	980,9	979,8	980,8		
29,9799	0,9234	980,9	979,8	980,9		
29,9882	0,9225	981,0	979,8	981,0		
29,9966	0,9172	980,9	979,8	980,9		
30,0049	0,9221	980,9	979,8	981,0		
30,0132	0,9221	980,9	979,8	980,9		
30,0216	0,9270	980,9	979,8	981,0		
30,0299	0,9172	980,9	979,8	980,9		
30,0382	0,9163	980,9	979,8	980,9		
30,0466	0,9225	980,8	979,8	980,9		
30,0549	0,9243	980,9	979,8	981,0		
30,0632	0,9243	981,0	979,8	980,9		
30,0716	0,9283	980,9	979,8	980,9		
30,0799	0,9190	980,9	979,8	980,9		
30,0882	0,9230	980,9	979,8	981,0		
30,0966	0,9243	981,0	979,8	980,9		
30,1049	0,9238	981,0	979,8	980,9		
30,1132	0,9221	980,9	979,8	980,9		
30,1216	0,9230	981,0	979,9	981,1		
30,1299	0,9332	980,9	979,8	980,9		
30,1382	0,9283	981,0	979,8	981,0		
30,1466	0,9256	980,9	979,9	981,0		
30,1549	0,9216	980,9	979,7	980,9		
30,1632	0,9274	980,9	979,8	980,9		
30,1716	0,9425	981,0	979,8	980,9		
30,1799	0,9283	980,9	979,8	981,0		
30,1882	0,9270	981,0	979,9	981,0		
30,1966	0,9265	981,0	979,8	981,0		
30,2049	0,9234	981,0	979,9	980,9		
30,2132	0,9278	981,0	979,8	981,0		
30,2216	0,9314	981,0	979,9	981,1		
30,2299	0,9301	981,0	979,8	981,0		
30,2382	0,9278	981,0	979,8	980,9		
30,2466	0,9318	981,0	979,8	980,9		
30,2549	0,9327	981,0	979,9	981,0		
30,2632	0,9407	980,9	979,8	980,9		
30,2716	0,9314	981,0	979,8	981,0		
30,2799	0,9358	981,0	979,8	981,0		
30,2882	0,9305	981,0	979,8	980,9		
30,2966	0,9363	981,0	979,8	980,9		
30,3049	0,9509	981,0	979,8	981,0		
30,3132	0,9301	981,0	979,8	981,0		
30,3216	0,9354	980,9	979,8	980,9		
30,3299	0,9336	981,0	979,8	980,9		
30,3382	0,9265	980,9	979,8	980,9		
30,3466	0,9363	981,0	979,9	981,1		
30,3549	0,9403	981,0	979,9	981,1		
30,3632	0,9314	980,9	979,8	980,9		
30,3716	0,9385	980,9	979,8	981,0		
30,3799	0,9309	980,9	979,8	981,0		
30,3882	0,9349	980,9	979,9	981,0		
30,3966	0,9314	980,9	979,8	980,9		
30,4049	0,9403	980,9	979,8	980,9		
30,4132	0,9349	980,9	979,8	981,0		
30,4216	0,9442	980,9	979,8	980,9		
30,4299	0,9385	980,9	979,8	981,0		
30,4382	0,9456	981,0	979,8	981,0		
30,4466	0,9389	980,9	979,8	980,9		
30,4549	0,9380	980,9	979,8	980,9		
30,4632	0,9380	981,0	979,8	981,0		
30,4716	0,9460	981,0	979,9	981,0		
30,4799	0,9513	980,9	979,8	981,0		
30,4882	0,9434	980,9	979,8	980,9		
30,4966	0,9536	980,9	979,8	981,0		
30,5049	0,9465	980,9	979,8	981,0		
30,5132	0,9416	980,9	979,8	980,9		
30,5216	0,9465	980,9	979,7	981,0		
30,5299	0,9434	980,9	979,8	981,0		
30,5382	0,9451	980,9	979,8	981,0		
30,5466	0,9549	980,9	979,8	980,9		
30,5549	0,9505	980,9	979,8	981,0		
30,5632	0,9509	981,0	979,8	981,0		
30,5716	0,9496	981,0	979,8	981,0		
30,5799	0,9460	981,0	979,8	980,9		
30,5882	0,9527	981,0	979,8	981,0		
30,5966	0,9487	981,0	979,8	981,0		
30,6049	0,9460	980,9	979,8	981,0		
30,6132	0,9593	981,0	979,8	981,0		
30,6216	0,9496	981,0	979,8	981,0		
30,6299	0,9518	981,0	979,8	980,9		
30,6382	0,9487	981,0	979,8	981,0		
30,6466	0,9620	981,0	979,8	981,0		
30,6549	0,9549	980,9	979,8	981,0		
30,6632	0,9487	980,9	979,8	981,0		
30,6716	0,9513	981,0	979,7	981,0		
30,6799	0,9540	981,0	979,8	980,9		
30,6882	0,9602	981,0	979,8	980,9		
30,6966	0,9518	981,0	979,8	980,9		
30,7049	0,9491	981,0	979,8	980,9		
30,7132	0,9527	981,0	979,8	980,9		
30,7216	0,9527	980,9	979,8	980,9		
30,7299	0,9567	980,9	979,8	980,9		
30,7382	0,9584	980,9	979,8	980,9		
30,7466	0,9651	980,9	979,8	980,9		
30,7549	0,9576	981,0	979,8	981,0		
30,7632	0,9531	980,9	979,8	980,9		
30,7716	0,9513	980,9	979,8	981,0		
30,7799	0,9518	980,9	979,8	980,9		
30,7882	0,9593	980,9	979,8	980,9		
30,7966	0,9642	980,9	979,8	980,9		
30,8049	0,9567	980,9	979,8	981,0		
30,8132	0,9682	981,0	979,9	981,1		
30,8216	0,9593	980,9	979,9	981,0		
30,8299	0,9571	980,9	979,8	981,0		
30,8382	0,9607	980,9	979,8	981,0		
30,8466	0,9664	980,9	979,8	981,0		
30,8549	0,9633	980,9	979,8	980,9		
30,8632	0,9629	980,9	979,8	981,0		
30,8716	0,9567	980,9	979,9	981,0		
30,8799	0,9686	981,0	979,8	980,9		
30,8882	0,9717	980,9	979,8	980,9		
30,8966	0,9620	980,9	979,8	981,0		
30,9049	0,9567	980,9	979,8	980,9		
30,9132	0,9651	980,9	979,8	981,0		
30,9216	0,9642	980,9	979,8	981,0		
30,9299	0,9678	980,9	979,8	981,0		
30,9382	0,9642	980,9	979,8	981,0		
30,9466	0,9624	981,0	979,8	981,0		
30,9549	0,9647	980,9	979,9	981,0		
30,9632	0,9629	981,0	979,8	981,0		
30,9716	0,9638	980,9	979,8	980,9		
30,9799	0,9642	980,9	979,8	980,9		
30,9882	0,9686	981,0	979,8	980,9		
30,9966	0,9660	981,0	979,9	981,0		
31,0049	0,9806	981,0	979,8	981,0		
31,0132	0,9700	980,9	979,8	981,0		
31,0216	0,9753	980,9	979,8	980,9		
31,0299	0,9717	980,9	979,8	981,0		
31,0382	0,9669	981,0	979,8	981,0		
31,0466	0,9695	981,0	979,8	981,0		
31,0549	0,9749	981,0	979,8	980,9		
31,0632	0,9695	981,0	979,8	981,0		
31,0716	0,9709	981,0	979,8	981,0		
31,0799	0,9828	981,1	979,8	981,0		
31,0882	0,9762	981,0	979,8	981,0		
31,0966	0,9744	981,0	979,8	981,0		
31,1049	0,9691	981,0	979,8	980,9		
31,1132	0,9784	980,9	979,8	980,8		
31,1216	0,9744	981,0	979,9	980,9		
31,1299	0,9802	980,9	979,8	980,8		
31,1382	0,9757	980,9	979,7	981,0		
31,1466	0,9855	980,9	979,8	981,0		
31,1549	0,9811	980,9	979,8	980,9		
31,1632	0,9771	981,0	979,9	981,0		
31,1716	0,9744	981,0	979,8	980,9		
31,1799	0,9784	981,0	979,8	981,0		
31,1882	0,9731	980,9	979,8	981,0		
31,1966	0,9806	980,9	979,8	981,0		
31,2049	0,9757	981,0	979,9	981,0		
31,2132	0,9961	981,0	979,9	981,0		
31,2216	0,9797	981,0	979,8	981,0		
31,2299	0,9815	981,0	979,9	981,0		
31,2382	0,9753	980,9	979,8	980,9		
31,2466	0,9793	981,0	979,8	981,0		
31,2549	0,9846	980,9	979,8	981,0		
31,2632	0,9882	980,9	979,8	980,9		
31,2716	0,9926	981,0	979,8	981,0		
31,2799	0,9908	980,9	979,8	980,9		
31,2882	0,9788	980,9	979,8	980,9		
31,2966	0,9873	981,0	979,8	981,0		
31,3049	0,9944	981,0	979,8	980,9		
31,3132	0,9859	980,9	979,8	980,9		
31,3216	0,9926	981,0	979,8	981,0		
31,3299	0,9877	980,9	979,8	981,0		
31,3382	0,9864	981,0	979,8	981,0		
31,3466	0,9859	980,9	979,8	980,9		
31,3549	0,9926	980,9	979,8	981,0		
31,3632	0,9877	981,0	979,8	980,9		
31,3716	0,9873	981,0	979,9	981,1		
31,3799	0,9944	981,0	979,8	980,9		
31,3882	0,9882	981,0	979,8	981,0		
31,3966	0,9890	981,0	979,8	980,9		
31,4049	0,9873	980,9	979,8	980,9		
31,4132	0,9882	981,0	979,8	981,0		
31,4216	0,9899	980,9	979,8	980,9		
31,4299	0,9975	980,9	979,7	980,9		
31,4382	0,9930	981,0	979,8	981,0		
31,4466	0,9944	981,0	979,8	981,0		
31,4549	0,9917	981,0	979,8	981,0		
31,4632	0,9890	981,1	979,9	981,0		
31,4716	0,9926	981,0	979,8	981,0		
31,4799	0,9882	981,0	979,9	981,0		
31,4882	0,9997	981,0	979,8	981,0		
31,4966	0,9921	981,0	979,9	981,0		
31,5049	0,9948	981,0	979,8	980,9		
31,5132	0,9921	981,0	979,8	981,0		
31,5216	0,9882	981,0	979,8	981,0		
31,5299	0,9953	981,0	979,8	981,0		
31,5382	0,9984	981,0	979,9	981,1		
31,5466	0,9957	981,0	979,9	980,9		
31,5549	0,9944	981,0	979,8	981,0		
31,5632	0,9992	981,0	979,8	981,0		
31,5716	0,9970	981,0	979,8	980,9		
31,5799	0,9961	980,9	979,8	981,0		
31,5882	1,0001	980,9	979,8	980,9		
31,5966	0,9988	981,0	979,9	981,1		
31,6049	1,0077	981,0	979,8	981,0		
31,6132	1,0059	980,9	979,8	980,9		
31,6216	0,9988	981,0	979,8	981,0		
31,6299	0,9930	981,0	979,8	981,0		
31,6382	1,0103	981,0	979,9	980,9		
31,6466	1,0059	981,0	979,8	980,9		
31,6549	1,0041	981,0	979,9	981,0		
31,6632	1,0001	980,9	979,8	981,0		
31,6716	1,0094	981,0	979,8	980,9		
31,6799	1,0077	981,0	979,8	981,0		
31,6882	1,0046	980,9	979,8	980,9		
31,6966	1,0081	981,0	979,8	981,0		
31,7049	1,0103	980,9	979,7	980,9		
31,7132	1,0103	980,9	979,8	980,9		
31,7216	1,0037	981,0	979,8	981,0		
31,7299	1,0028	981,0	979,8	981,0		
31,7382	1,0032	980,9	979,7	980,9		
31,7466	1,0068	980,9	979,8	980,9		
31,7549	1,0090	981,0	979,8	980,9		
31,7632	1,0103	980,9	979,8	980,9		
31,7716	1,0010	980,9	979,7	980,9		
31,7799	1,0121	980,9	979,8	980,9		
31,7882	1,0201	980,8	979,7	980,9		
31,7966	1,0152	980,9	979,8	981,0		
31,8049	1,0152	980,9	979,8	980,8		
31,8132	1,0086	981,0	979,7	980,9		
31,8216	1,0130	981,0	979,9	981,1		
31,8299	1,0103	981,0	979,8	981,0		
31,8382	1,0086	981,0	979,8	981,0		
31,8466	1,0103	981,0	979,8	981,0		
31,8549	1,0134	981,0	979,8	981,0		
31,8632	1,0263	981,0	979,8	981,0		
31,8716	1,0170	981,0	979,8	980,9		
31,8799	1,0165	981,0	979,8	980,9		
31,8882	1,0210	981,0	979,9	981,0		
31,8966	1,0108	980,9	979,8	980,9		
31,9049	1,0188	980,9	979,7	981,0		
31,9132	1,0281	980,9	979,7	980,9		
31,9216	1,0139	980,9	979,8	980,9		
31,9299	1,0143	980,9	979,7	980,9		
31,9382	1,0205	980,9	979,7	980,9		
31,9466	1,0214	981,0	979,7	980,9		
31,9549	1,0143	981,0	979,8	981,0		
31,9632	1,0205	980,9	979,8	980,9		
31,9716	1,0254	981,0	979,8	981,0		
31,9799	1,0245	981,0	979,8	981,0		
31,9882	1,0161	981,0	979,8	981,0		
31,9966	1,0183	981,0	979,8	981,0		
32,0049	1,0192	980,9	979,8	980,9		
32,0132	1,0250	981,0	979,8	981,0		
32,0216	1,0157	980,9	979,8	980,9		
32,0299	1,0307	980,9	979,8	980,9		
32,0382	1,0179	981,0	979,8	981,0		
32,0466	1,0183	981,0	979,9	981,0		
32,0549	1,0210	981,0	979,7	980,9		
32,0632	1,0276	981,0	979,8	980,9		
32,0716	1,0365	981,0	979,8	980,9		
32,0799	1,0232	981,0	979,8	981,0		
32,0882	1,0272	981,0	979,8	981,0		
32,0966	1,0241	981,0	979,9	981,0		
32,1049	1,0276	981,0	979,9	980,9		
32,1132	1,0254	981,0	979,8	980,9		
32,1216	1,0285	981,0	979,8	981,0		
32,1299	1,0356	981,0	979,8	981,0		
32,1382	1,0356	981,0	979,9	980,9		
32,1466	1,0334	981,0	979,8	981,0		
32,1549	1,0236	981,0	979,9	981,0		
32,1632	1,0250	980,9	979,7	980,8		
32,1716	1,0409	980,9	979,8	980,9		
32,1799	1,0356	981,0	979,8	980,9		
32,1882	1,0312	981,0	979,8	981,0		
32,1966	1,0303	980,9	979,8	980,9		
32,2049	1,0396	981,0	979,8	981,0		
32,2132	1,0361	981,0	979,8	981,0		
32,2216	1,0365	980,9	979,8	980,9		
32,2299	1,0356	981,0	979,8	980,9		
32,2382	1,0330	981,0	979,8	981,0		
32,2466	1,0325	981,0	979,8	980,9		
32,2549	1,0294	981,0	979,8	980,9		
32,2632	1,0400	981,0	979,8	981,0		
32,2716	1,0352	981,0	979,9	981,0		
32,2799	1,0414	981,0	979,8	981,0		
32,2882	1,0436	981,0	979,8	980,9		
32,2966	1,0281	980,9	979,8	980,9		
32,3049	1,0387	981,0	979,8	980,9		
32,3132	1,0365	981,0	979,8	981,0		
32,3216	1,0405	981,0	979,9	981,0		
32,3299	1,0409	980,9	979,8	981,0		
32,3382	1,0432	981,0	979,8	981,0		
32,3466	1,0449	981,0	979,9	981,0		
32,3549	1,0405	981,0	979,8	981,0		
32,3632	1,0498	981,0	979,9	981,0		
32,3716	1,0343	981,0	979,8	980,9		
32,3799	1,0325	981,0	979,8	980,9		
32,3882	1,0436	980,9	979,8	980,9		
32,3966	1,0529	981,0	979,8	981,0		
32,4049	1,0436	981,0	979,8	981,0		
32,4132	1,0405	981,0	979,8	981,0		
32,4216	1,0445	981,0	979,8	981,0		
32,4299	1,0396	981,0	979,8	981,0		
32,4382	1,0503	980,9	979,8	980,9		
32,4466	1,0494	980,9	979,8	981,0		
32,4549	1,0520	981,0	979,8	981,0		
32,4632	1,0471	981,0	979,8	981,0		
32,4716	1,0440	980,9	979,7	980,9		
32,4799	1,0569	981,0	979,8	981,0		
32,4882	1,0454	981,0	979,8	981,0		
32,4966	1,0534	981,0	979,8	981,0		
32,5049	1,0445	981,0	979,8	980,9		
32,5132	1,0489	981,1	979,8	981,0		
32,5216	1,0538	981,0	979,8	981,0		
32,5299	1,0471	981,0	979,8	981,0		
32,5382	1,0476	981,0	979,9	981,0		
32,5466	1,0503	981,0	979,8	980,9		
32,5549	1,0485	981,0	979,9	981,0		
32,5632	1,0471	981,0	979,8	981,0		
32,5716	1,0476	981,0	979,8	980,9		
32,5799	1,0573	981,0	979,8	980,9		
32,5882	1,0565	981,0	979,9	981,0		
32,5966	1,0525	981,1	979,9	981,0		
32,6049	1,0596	981,0	979,8	981,0		
32,6132	1,0578	981,0	979,8	981,0		
32,6216	1,0494	981,1	979,8	981,0		
32,6299	1,0613	981,1	979,8	980,9		
32,6382	1,0529	981,0	979,8	980,9		
32,6466	1,0538	981,0	979,8	980,9		
32,6549	1,0658	981,0	979,8	981,0		
32,6632	1,0596	980,9	979,8	980,9		
32,6716	1,0516	980,9	979,8	980,9		
32,6799	1,0556	980,9	979,8	980,9		
32,6882	1,0600	981,0	979,8	980,9		
32,6966	1,0653	980,9	979,8	980,9		
32,7049	1,0556	980,9	979,8	980,9		
32,7132	1,0618	980,9	979,8	980,9		
32,7216	1,0591	981,0	979,8	980,9		
32,7299	1,0636	981,0	979,8	980,9		
32,7382	1,0622	980,9	979,8	981,0		
32,7466	1,0675	981,0	979,8	981,0		
32,7549	1,0618	981,0	979,9	981,0		
32,7632	1,0636	981,0	979,8	980,9		
32,7716	1,0653	981,0	979,8	980,9		
32,7799	1,0636	981,0	979,9	981,0		
32,7882	1,0649	981,0	979,8	980,9		
32,7966	1,0631	981,0	979,8	981,0		
32,8049	1,0636	980,9	979,8	981,0		
32,8132	1,0702	981,0	979,8	980,9		
32,8216	1,0769	980,9	979,8	980,8		
32,8299	1,0689	981,0	979,8	981,0		
32,8382	1,0640	981,0	979,8	981,0		
32,8466	1,0689	981,0	979,8	980,9		
32,8549	1,0675	981,0	979,8	980,9		
32,8632	1,0662	981,0	979,9	981,0		
32,8716	1,0675	981,0	979,8	980,9		
32,8799	1,0653	981,0	979,8	981,0		
32,8882	1,0720	981,0	979,9	981,0		
32,8966	1,0724	980,9	979,8	980,8		
32,9049	1,0715	981,0	979,8	980,9		
32,9132	1,0720	981,0	979,8	980,9		
32,9216	1,0777	981,0	979,8	981,0		
32,9299	1,0773	980,9	979,8	980,9		
32,9382	1,0751	981,0	979,8	981,0		
32,9466	1,0729	981,0	979,9	980,9		
32,9549	1,0831	981,0	979,8	981,0		
32,9632	1,0755	981,0	979,8	981,0		
32,9716	1,0751	980,9	979,8	981,0		
32,9799	1,0782	981,0	979,8	980,9		
32,9882	1,0729	981,0	979,8	981,0		
32,9966	1,0729	981,0	979,9	980,9		
33,0049	1,0755	981,0	979,8	981,0		
33,0132	1,0809	981,0	979,8	980,9		
33,0216	1,0773	981,0	979,8	981,0		
33,0299	1,0773	980,9	979,8	981,0		
33,0382	1,0804	981,1	979,8	980,9		
33,0466	1,0773	981,0	979,8	980,9		
33,0549	1,0795	981,0	979,8	981,0		
33,0632	1,0866	981,0	979,9	981,0		
33,0716	1,0800	981,0	979,8	981,0		
33,0799	1,0809	981,1	979,8	981,0		
33,0882	1,0742	981,1	979,8	981,0		
33,0966	1,0857	981,0	979,8	980,9		
33,1049	1,0866	981,1	979,8	981,0		
33,1132	1,0866	981,0	979,9	981,0		
33,1216	1,0857	981,1	979,9	981,1		
33,1299	1,0915	981,1	979,8	981,0		
33,1382	1,0831	981,0	979,9	981,0		
33,1466	1,0875	981,0	979,9	981,0		
33,1549	1,0893	981,0	979,8	981,0		
33,1632	1,0804	981,0	979,8	981,0		
33,1716	1,0848	980,9	979,8	980,8		
33,1799	1,0928	981,0	979,8	980,9		
33,1882	1,0862	981,0	979,8	980,9		
33,1966	1,0897	981,0	979,8	980,9		
33,2049	1,0866	981,0	979,8	980,8		
33,2132	1,0950	981,0	979,9	980,9		
33,2216	1,0897	981,0	979,8	980,9		
33,2299	1,0875	981,0	979,7	980,9		
33,2382	1,0893	981,0	979,8	981,0		
33,2466	1,0928	981,0	979,8	980,9		
33,2549	1,0871	981,0	979,8	980,9		
33,2632	1,0871	981,0	979,8	981,0		
33,2716	1,0946	980,9	979,8	980,9		
33,2799	1,0919	981,0	979,8	980,9		
33,2882	1,0884	981,0	979,8	980,9		
33,2966	1,0919	981,0	979,8	981,0		
33,3049	1,0959	981,0	979,8	980,9		
33,3132	1,0982	981,0	979,8	980,9		
33,3216	1,1026	981,0	979,8	980,9		
33,3299	1,0990	981,0	979,8	980,9		
33,3382	1,0955	981,0	979,9	981,0		
33,3466	1,0937	981,0	979,9	981,0		
33,3549	1,1061	980,9	979,8	980,9		
33,3632	1,0950	981,0	979,8	980,9		
33,3716	1,0982	981,0	979,8	981,0		
33,3799	1,1057	981,0	979,9	981,0		
33,3882	1,0995	980,9	979,8	980,9		
33,3966	1,0964	981,0	979,8	981,0		
33,4049	1,0999	981,1	979,8	980,9		
33,4132	1,1026	981,0	979,8	980,8		
33,4216	1,1044	981,0	979,8	980,9		
33,4299	1,1048	981,0	979,8	981,0		
33,4382	1,1061	980,9	979,8	980,9		
33,4466	1,0977	981,0	979,8	980,8		
33,4549	1,1097	981,0	979,8	980,9		
33,4632	1,1106	981,0	979,9	981,0		
33,4716	1,1026	981,0	979,8	980,9		
33,4799	1,1048	981,0	979,8	980,9		
33,4882	1,1061	981,0	979,8	980,9		
33,4966	1,1110	981,0	979,8	981,0		
33,5049	1,1044	981,0	979,9	980,9		
33,5132	1,1048	981,0	979,8	980,9		
33,5216	1,1057	981,0	979,8	980,9		
33,5299	1,1154	981,0	979,8	980,9		
33,5382	1,1075	981,1	979,9	981,1		
33,5466	1,0959	981,1	979,9	981,0		
33,5549	1,1097	981,0	979,8	981,0		
33,5632	1,1106	981,0	979,8	981,0		
33,5716	1,1119	981,0	979,9	981,0		
33,5799	1,1106	981,1	979,9	981,0		
33,5882	1,1146	981,1	979,8	981,0		
33,5966	1,1137	981,0	979,8	980,9		
33,6049	1,1159	981,1	979,8	981,0		
33,6132	1,1101	981,1	979,9	981,0		
33,6216	1,1039	981,0	979,9	981,0		
33,6299	1,1106	981,0	979,8	981,0		
33,6382	1,1212	981,0	979,8	980,9		
33,6466	1,1154	981,2	979,9	981,0		
33,6549	1,1132	981,1	979,9	981,0		
33,6632	1,1123	981,1	979,8	980,9		
33,6716	1,1097	981,0	979,8	981,0		
33,6799	1,1168	981,1	979,8	981,0		
33,6882	1,1128	981,1	979,9	981,0		
33,6966	1,1141	981,2	979,9	981,0		
33,7049	1,1163	981,2	979,9	981,0		
33,7132	1,1150	981,1	979,9	981,0		
33,7216	1,1163	981,1	979,8	981,0		
33,7299	1,1159	981,1	979,9	980,9		
33,7382	1,1141	981,1	979,8	981,0		
33,7466	1,1137	981,1	979,8	980,9		
33,7549	1,1199	981,1	979,8	980,9		
33,7632	1,1221	981,1	979,8	980,9		
33,7716	1,1172	981,2	979,8	981,0		
33,7799	1,1265	981,1	979,8	980,8		
33,7882	1,1225	981,1	979,8	980,9		
33,7966	1,1288	981,2	979,9	981,0		
33,8049	1,1203	981,2	980,0	981,0		
33,8132	1,1208	981,1	979,9	981,1		
33,8216	1,1261	981,0	979,8	980,9		
33,8299	1,1296	981,1	979,8	980,9		
33,8382	1,1208	981,1	979,9	980,9		
33,8466	1,1319	981,1	979,9	981,0		
33,8549	1,1261	981,1	979,9	981,0		
33,8632	1,1314	981,0	979,8	980,9		
33,8716	1,1310	981,1	979,9	981,0		
33,8799	1,1279	981,1	979,8	981,0		
33,8882	1,1336	981,1	979,8	981,0		
33,8966	1,1332	981,1	979,8	980,9		
33,9049	1,1323	981,1	979,8	981,0		
33,9132	1,1301	981,0	979,8	980,9		
33,9216	1,1319	981,0	979,8	980,9		
33,9299	1,1296	981,1	979,9	981,0		
33,9382	1,1332	981,1	979,8	980,9		
33,9466	1,1376	981,1	979,8	980,9		
33,9549	1,1217	981,1	979,8	981,0		
33,9632	1,1288	981,1	979,8	980,9		
33,9716	1,1421	981,1	979,9	981,0		
33,9799	1,1429	981,1	979,9	981,1		
33,9882	1,1345	981,1	979,8	981,0		
33,9966	1,1350	981,1	979,9	981,0		
34,0049	1,1398	981,1	979,8	981,0		
34,0132	1,1345	981,1	979,8	981,0		
34,0216	1,1483	981,1	979,8	981,1		
34,0299	1,1438	981,2	979,9	981,0		
34,0382	1,1416	981,1	979,8	981,0		
34,0466	1,1394	981,2	979,9	981,1		
34,0549	1,1403	981,1	979,9	981,0		
34,0632	1,1301	981,1	979,8	981,0		
34,0716	1,1398	981,1	979,8	981,0		
34,0799	1,1363	981,1	979,9	981,0		
34,0882	1,1345	981,2	979,8	981,0		
34,0966	1,1518	981,1	979,8	981,0		
34,1049	1,1429	981,1	979,8	980,9		
34,1132	1,1425	981,1	979,8	981,0		
34,1216	1,1509	981,1	979,8	981,0		
34,1299	1,1465	981,1	979,8	981,0		
34,1382	1,1465	981,1	979,8	981,0		
34,1466	1,1438	981,1	979,8	980,9		
34,1549	1,1434	981,1	979,8	981,0		
34,1632	1,1434	981,2	979,9	981,1		
34,1716	1,1545	981,1	979,8	980,9		
34,1799	1,1447	981,1	979,8	981,0		
34,1882	1,1456	981,1	979,8	980,9		
34,1966	1,1425	981,1	979,8	980,9		
34,2049	1,1469	981,2	979,8	981,0		
34,2132	1,1443	981,1	979,8	980,9		
34,2216	1,1563	981,1	979,8	981,0		
34,2299	1,1483	981,2	979,8	980,8		
34,2382	1,1576	981,1	979,8	980,9		
34,2466	1,1531	981,1	979,8	981,0		
34,2549	1,1429	981,1	979,8	980,9		
34,2632	1,1518	981,1	979,8	981,0		
34,2716	1,1518	981,1	979,8	980,9		
34,2799	1,1580	981,1	979,8	980,9		
34,2882	1,1531	981,2	979,8	981,0		
34,2966	1,1594	981,2	979,9	981,0		
34,3049	1,1594	981,2	979,9	981,1		
34,3132	1,1580	981,3	979,9	981,0		
34,3216	1,1500	981,2	979,9	980,9		
34,3299	1,1585	981,3	979,9	981,0		
34,3382	1,1478	981,2	979,8	981,0		
34,3466	1,1607	981,2	979,9	981,1		
34,3549	1,1616	981,2	979,8	981,0		
34,3632	1,1607	981,2	979,8	980,9		
34,3716	1,1563	981,2	979,8	980,9		
34,3799	1,1638	981,2	979,9	981,0		
34,3882	1,1554	981,2	979,8	980,9		
34,3966	1,1687	981,2	979,8	980,9		
34,4049	1,1625	981,2	979,8	981,0		
34,4132	1,1540	981,2	979,8	980,9		
34,4216	1,1580	981,2	979,8	980,9		
34,4299	1,1558	981,2	979,8	980,9		
34,4382	1,1616	981,1	979,8	980,9		
34,4466	1,1580	981,1	979,8	980,9		
34,4549	1,1571	981,2	979,8	980,9		
34,4632	1,1625	981,2	979,9	981,0		
34,4716	1,1709	981,2	979,9	980,9		
34,4799	1,1616	981,1	979,8	981,0		
34,4882	1,1602	981,1	979,8	980,9		
34,4966	1,1647	981,1	979,8	980,9		
34,5049	1,1687	981,1	979,8	980,9		
34,5132	1,1660	981,2	979,8	980,9		
34,5216	1,1780	981,2	979,8	981,0		
34,5299	1,1727	981,1	979,8	980,9		
34,5382	1,1673	981,2	979,9	981,0		
34,5466	1,1749	981,2	979,9	981,0		
34,5549	1,1647	981,2	979,9	980,9		
34,5632	1,1673	981,2	979,9	980,9		
34,5716	1,1735	981,2	979,9	980,9		
34,5799	1,1740	981,2	979,9	981,0		
34,5882	1,1775	981,2	979,8	980,9		
34,5966	1,1669	981,2	979,9	980,9		
34,6049	1,1798	981,2	979,8	981,0		
34,6132	1,1775	981,2	979,8	981,0		
34,6216	1,1784	981,2	979,8	980,9		
34,6299	1,1846	981,1	979,8	980,9		
34,6382	1,1767	981,2	979,8	980,9		
34,6466	1,1789	981,2	979,9	981,0		
34,6549	1,1762	981,2	979,8	981,0		
34,6632	1,1762	981,1	979,8	980,9		
34,6716	1,1802	981,1	979,8	980,9		
34,6799	1,1784	981,1	979,8	980,9		
34,6882	1,1789	981,2	979,8	980,9		
34,6966	1,1869	981,2	979,8	981,0		
34,7049	1,1718	981,2	979,8	981,0		
34,7132	1,1829	981,2	979,8	980,9		
34,7216	1,1731	981,2	979,8	981,0		
34,7299	1,1846	981,1	979,8	980,9		
34,7382	1,1771	981,1	979,8	980,9		
34,7466	1,1869	981,1	979,9	981,0		
34,7549	1,1891	981,2	979,9	981,0		
34,7632	1,1882	981,2	979,9	981,0		
34,7716	1,1820	981,2	979,9	981,0		
34,7799	1,1886	981,2	979,9	981,0		
34,7882	1,1815	981,2	979,8	981,0		
34,7966	1,1842	981,2	979,9	981,1		
34,8049	1,1971	981,3	979,9	981,0		
34,8132	1,1953	981,2	979,9	981,0		
34,8216	1,1908	981,2	979,8	980,9		
34,8299	1,1846	981,3	979,9	981,0		
34,8382	1,1944	981,2	979,9	981,0		
34,8466	1,1913	981,2	979,8	981,0		
34,8549	1,1784	981,2	979,9	980,9		
34,8632	1,1917	981,2	979,8	980,9		
34,8716	1,1908	981,2	979,8	981,0		
34,8799	1,1940	981,2	979,9	981,0		
34,8882	1,1962	981,2	979,8	980,9		
34,8966	1,1917	981,2	979,8	981,0		
34,9049	1,1922	981,2	979,7	980,8		
34,9132	1,1886	981,2	979,8	980,9		
34,9216	1,1815	981,2	979,8	980,9		
34,9299	1,1886	981,2	979,8	980,9		
34,9382	1,1922	981,2	979,8	980,8		
34,9466	1,1900	981,3	979,9	980,9		
34,9549	1,1900	981,4	979,9	981,0		
34,9632	1,1913	981,3	979,8	980,8		
34,9716	1,1900	981,3	979,9	980,9		
34,9799	1,1966	981,3	979,8	980,9		
34,9882	1,1953	981,3	979,8	980,9		
34,9966	1,1940	981,3	979,8	980,8		
35,0049	1,1926	981,3	979,8	980,9		
35,0132	1,1966	981,3	979,8	980,9		
35,0216	1,1975	981,3	979,8	980,9		
35,0299	1,2002	981,2	979,9	980,9		
35,0382	1,1966	981,3	979,8	980,8		
35,0466	1,1940	981,3	979,8	980,8		
35,0549	1,1988	981,3	979,8	980,8		
35,0632	1,1993	981,3	979,9	980,8		
35,0716	1,1988	981,2	979,8	980,8		
35,0799	1,1971	981,3	979,8	980,9		
35,0882	1,2019	981,3	979,9	980,9		
35,0966	1,2033	981,2	979,9	980,9		
35,1049	1,1975	981,2	979,9	980,8		
35,1132	1,2010	981,2	979,9	980,9		
35,1216	1,2081	981,2	979,8	980,9		
35,1299	1,2037	981,2	979,8	980,9		
35,1382	1,2170	981,2	979,9	980,9		
35,1466	1,2064	981,3	979,9	980,9		
35,1549	1,2073	981,3	979,9	980,9		
35,1632	1,2090	981,2	979,9	981,0		
35,1716	1,2055	981,3	979,9	980,9		
35,1799	1,2059	981,3	979,9	980,9		
35,1882	1,2112	981,2	979,8	980,9		
35,1966	1,2144	981,2	979,8	981,0		
35,2049	1,2068	981,3	979,9	980,9		
35,2132	1,2077	981,2	979,8	980,9		
35,2216	1,2033	981,2	979,8	980,9		
35,2299	1,2095	981,2	979,8	980,9		
35,2382	1,2188	981,2	979,8	980,9		
35,2466	1,2104	981,2	979,8	980,9		
35,2549	1,2121	981,2	979,8	980,9		
35,2632	1,2144	981,3	979,9	981,0		
35,2716	1,2099	981,3	979,9	980,9		
35,2799	1,2086	981,3	979,9	980,9		
35,2882	1,2144	981,3	979,8	980,9		
35,2966	1,2192	981,2	979,8	981,0		
35,3049	1,2157	981,2	979,9	981,0		
35,3132	1,2175	981,2	979,8	980,8		
35,3216	1,2285	981,2	979,8	980,9		
35,3299	1,2201	981,2	979,8	980,9		
35,3382	1,2210	981,2	979,8	980,9		
35,3466	1,2166	981,3	979,8	980,9		
35,3549	1,2139	981,2	979,8	980,9		
35,3632	1,2237	981,2	979,9	981,0		
35,3716	1,2210	981,2	979,8	980,9		
35,3799	1,2237	981,2	979,8	980,9		
35,3882	1,2254	981,2	979,8	980,9		
35,3966	1,2214	981,2	979,8	981,0		
35,4049	1,2254	981,2	979,8	980,8		
35,4132	1,2259	981,2	979,8	980,9		
35,4216	1,2135	981,2	979,9	981,0		
35,4299	1,2316	981,2	979,8	981,0		
35,4382	1,2197	981,2	979,9	980,9		
35,4466	1,2161	981,2	979,8	980,9		
35,4549	1,2263	981,2	979,8	981,0		
35,4632	1,2290	981,3	979,8	981,0		
35,4716	1,2188	981,2	979,8	981,0		
35,4799	1,2259	981,2	979,9	981,0		
35,4882	1,2219	981,2	979,8	980,9		
35,4966	1,2334	981,3	979,9	981,0		
35,5049	1,2277	981,3	979,9	981,0		
35,5132	1,2277	981,2	979,8	981,0		
35,5216	1,2299	981,3	979,9	981,0		
35,5299	1,2348	981,2	979,9	981,0		
35,5382	1,2374	981,2	979,9	981,0		
35,5466	1,2312	981,2	979,8	980,9		
35,5549	1,2281	981,2	979,8	980,9		
35,5632	1,2299	981,2	979,9	981,0		
35,5716	1,2281	981,2	979,9	981,0		
35,5799	1,2383	981,3	979,9	981,0		
35,5882	1,2401	981,3	979,9	981,0		
35,5966	1,2410	981,3	979,9	981,1		
35,6049	1,2414	981,2	979,9	981,0		
35,6132	1,2463	981,2	979,8	980,9		
35,6216	1,2405	981,2	979,8	981,0		
35,6299	1,2374	981,3	979,9	980,9		
35,6382	1,2365	981,2	979,8	980,9		
35,6466	1,2427	981,1	979,8	980,9		
35,6549	1,2365	981,3	979,8	981,0		
35,6632	1,2410	981,3	979,9	981,0		
35,6716	1,2441	981,2	979,8	981,0		
35,6799	1,2436	981,3	979,9	981,0		
35,6882	1,2529	981,2	979,9	981,0		
35,6966	1,2401	981,3	979,8	980,9		
35,7049	1,2383	981,3	979,9	981,0		
35,7132	1,2485	981,2	979,9	981,0		
35,7216	1,2361	981,2	979,8	980,9		
35,7299	1,2467	981,2	979,9	981,0		
35,7382	1,2472	981,3	979,9	981,0		
35,7466	1,2481	981,2	979,8	981,0		
35,7549	1,2472	981,2	979,8	980,9		
35,7632	1,2401	981,3	979,8	981,0		
35,7716	1,2503	981,2	979,8	981,0		
35,7799	1,2454	981,3	979,9	980,9		
35,7882	1,2476	981,2	979,8	980,9		
35,7966	1,2427	981,3	979,9	981,0		
35,8049	1,2467	981,3	979,8	980,9		
35,8132	1,2463	981,2	979,8	980,9		
35,8216	1,2516	981,2	979,8	981,0		
35,8299	1,2467	981,2	979,8	980,9		
35,8382	1,2512	981,2	979,8	980,9		
35,8466	1,2503	981,3	979,8	981,0		
35,8549	1,2507	981,3	979,8	980,9		
35,8632	1,2507	981,3	979,8	980,9		
35,8716	1,2569	981,2	979,9	981,0		
35,8799	1,2512	981,3	979,9	981,0		
35,8882	1,2507	981,3	979,9	981,0		
35,8966	1,2547	981,3	979,8	980,9		
35,9049	1,2534	981,3	979,9	981,0		
35,9132	1,2552	981,3	979,8	980,9		
35,9216	1,2623	981,3	979,8	980,9		
35,9299	1,2556	981,2	979,9	980,9		
35,9382	1,2560	981,3	979,8	980,9		
35,9466	1,2534	981,2	979,8	980,9		
35,9549	1,2569	981,2	979,8	980,9		
35,9632	1,2654	981,2	979,8	980,9		
35,9716	1,2658	981,2	979,8	980,8		
35,9799	1,2618	981,2	979,8	980,8		
35,9882	1,2591	981,2	979,8	980,9		
35,9966	1,2676	981,2	979,9	980,9		
36,0049	1,2627	981,3	979,8	980,9		
36,0132	1,2658	981,2	979,8	980,8		
36,0216	1,2631	981,2	979,8	980,8		
36,0299	1,2614	981,2	979,8	980,9		
36,0382	1,2676	981,2	979,8	980,9		
36,0466	1,2614	981,2	979,9	981,0		
36,0549	1,2702	981,4	980,0	981,1		
36,0632	1,2618	981,3	980,0	981,0		
36,0716	1,2773	981,3	979,9	981,0		
36,0799	1,2707	981,2	979,9	980,9		
36,0882	1,2689	981,2	979,9	981,0		
36,0966	1,2711	981,3	979,8	980,9		
36,1049	1,2698	981,3	979,9	981,0		
36,1132	1,2711	981,2	979,9	980,9		
36,1216	1,2849	981,2	979,8	980,9		
36,1299	1,2685	981,2	979,8	980,8		
36,1382	1,2778	981,3	979,9	981,0		
36,1466	1,2689	981,3	979,8	980,9		
36,1549	1,2751	981,3	979,9	980,9		
36,1632	1,2782	981,2	979,8	980,9		
36,1716	1,2725	981,2	979,8	980,9		
36,1799	1,2787	981,2	979,8	981,0		
36,1882	1,2822	981,3	979,9	981,0		
36,1966	1,2751	981,2	979,9	980,9		
36,2049	1,2782	981,3	979,8	980,9		
36,2132	1,2795	981,2	979,8	980,8		
36,2216	1,2889	981,2	979,8	980,9		
36,2299	1,2773	981,2	979,9	980,9		
36,2382	1,2729	981,2	979,8	980,9		
36,2466	1,2831	981,3	979,9	981,0		
36,2549	1,2804	981,2	979,8	980,9		
36,2632	1,2862	981,2	979,8	980,9		
36,2716	1,2795	981,2	979,8	980,9		
36,2799	1,2787	981,2	979,9	981,0		
36,2882	1,2840	981,3	979,8	980,9		
36,2966	1,2835	981,2	979,8	980,9		
36,3049	1,2880	981,2	979,8	980,9		
36,3132	1,2835	981,3	979,8	980,9		
36,3216	1,2849	981,2	979,8	980,9		
36,3299	1,2849	981,2	979,9	980,9		
36,3382	1,2818	981,3	979,9	981,0		
36,3466	1,2809	981,2	979,9	980,9		
36,3549	1,2911	981,4	979,9	981,0		
36,3632	1,2853	981,3	979,9	980,8		
36,3716	1,2827	981,3	979,9	980,9		
36,3799	1,2858	981,2	979,8	980,9		
36,3882	1,2911	981,2	979,8	980,9		
36,3966	1,2982	981,3	979,8	980,9		
36,4049	1,2853	981,3	979,8	980,9		
36,4132	1,2964	981,2	979,8	980,9		
36,4216	1,2902	981,4	979,9	981,0		
36,4299	1,2960	981,3	979,9	980,9		
36,4382	1,2880	981,3	979,9	981,0		
36,4466	1,3039	981,3	979,9	981,0		
36,4549	1,2929	981,3	979,9	981,0		
36,4632	1,2924	981,3	979,9	980,9		
36,4716	1,2991	981,2	979,9	980,9		
36,4799	1,3004	981,2	979,8	980,9		
36,4882	1,2960	981,2	979,8	980,8		
36,4966	1,2915	981,3	979,8	980,9		
36,5049	1,2982	981,2	979,9	980,8		
36,5132	1,2991	981,2	979,8	980,9		
36,5216	1,3000	981,2	979,8	981,0		
36,5299	1,2968	981,2	979,8	980,9		
36,5382	1,2982	981,3	979,9	981,0		
36,5466	1,2960	981,3	979,9	981,0		
36,5549	1,3031	981,3	979,9	980,9		
36,5632	1,3044	981,3	979,8	980,9		
36,5716	1,2977	981,2	979,9	980,9		
36,5799	1,3035	981,2	979,8	981,0		
36,5882	1,3048	981,3	979,8	980,9		
36,5966	1,3026	981,2	979,9	980,9		
36,6049	1,3079	981,2	979,8	980,9		
36,6132	1,3053	981,2	979,8	980,9		
36,6216	1,3062	981,2	979,8	980,9		
36,6299	1,3075	981,2	979,8	980,9		
36,6382	1,3044	981,3	979,9	980,9		
36,6466	1,3102	981,3	979,8	980,9		
36,6549	1,3124	981,2	979,8	980,9		
36,6632	1,3124	981,3	979,9	981,0		
36,6716	1,3115	981,2	979,8	980,9		
36,6799	1,3044	981,2	979,8	980,9		
36,6882	1,3137	981,3	979,8	981,0		
36,6966	1,3133	981,3	979,8	980,9		
36,7049	1,3146	981,2	979,8	981,0		
36,7132	1,3208	981,3	979,9	981,0		
36,7216	1,3119	981,3	979,9	980,9		
36,7299	1,3093	981,3	979,8	980,9		
36,7382	1,3141	981,3	979,8	981,0		
36,7466	1,3146	981,2	979,8	980,9		
36,7549	1,3137	981,2	979,8	980,9		
36,7632	1,3133	981,2	979,8	980,9		
36,7716	1,3146	981,2	979,8	980,9		
36,7799	1,3212	981,2	979,8	980,9		
36,7882	1,3155	981,2	979,8	980,9		
36,7966	1,3248	981,2	979,8	980,9		
36,8049	1,3208	981,2	979,8	980,9		
36,8132	1,3230	981,2	979,8	980,9		
36,8216	1,3372	981,2	979,8	980,9		
36,8299	1,3252	981,2	979,8	980,9		
36,8382	1,3243	981,2	979,9	980,9		
36,8466	1,3274	981,2	979,9	980,9		
36,8549	1,3226	981,2	979,8	980,9		
36,8632	1,3261	981,2	979,8	980,9		
36,8716	1,3261	981,2	979,8	980,9		
36,8799	1,3266	981,1	979,8	980,9		
36,8882	1,3306	981,2	979,8	980,9		
36,8966	1,3350	981,2	979,8	980,9		
36,9049	1,3337	981,2	979,8	980,9		
36,9132	1,3323	981,2	979,8	980,9		
36,9216	1,3230	981,2	979,8	980,8		
36,9299	1,3266	981,4	980,0	981,0		
36,9382	1,3279	981,3	979,9	980,9		
36,9466	1,3310	981,3	979,9	980,9		
36,9549	1,3297	981,3	979,9	980,9		
36,9632	1,3350	981,3	979,8	980,9		
36,9716	1,3306	981,3	979,9	980,9		
36,9799	1,3341	981,3	979,8	981,0		
36,9882	1,3297	981,3	979,8	980,9		
36,9966	1,3323	981,3	979,9	981,0		
37,0049	1,3332	981,2	979,8	980,9		
37,0132	1,3368	981,3	979,8	980,9		
37,0216	1,3345	981,3	979,8	981,0		
37,0299	1,3430	981,2	979,8	981,0		
37,0382	1,3328	981,2	979,8	980,9		
37,0466	1,3368	981,3	979,9	980,9		
37,0549	1,3368	981,3	979,9	981,0		
37,0632	1,3257	981,3	979,9	980,9		
37,0716	1,3314	981,3	979,9	980,9		
37,0799	1,3368	981,3	979,9	980,9		
37,0882	1,3377	981,3	979,9	981,0		
37,0966	1,3337	981,3	979,9	980,9		
37,1049	1,3443	981,3	979,8	980,9		
37,1132	1,3363	981,3	979,8	981,0		
37,1216	1,3359	981,3	979,9	981,0		
37,1299	1,3408	981,3	979,9	980,9		
37,1382	1,3461	981,3	979,9	981,0		
37,1466	1,3399	981,4	979,9	981,0		
37,1549	1,3465	981,3	979,9	980,9		
37,1632	1,3456	981,3	979,8	980,9		
37,1716	1,3541	981,3	979,9	980,9		
37,1799	1,3523	981,3	979,8	980,9		
37,1882	1,3434	981,3	979,8	980,9		
37,1966	1,3470	981,3	979,8	980,9		
37,2049	1,3487	981,3	979,9	980,9		
37,2132	1,3536	981,3	979,8	980,9		
37,2216	1,3465	981,3	979,8	981,0		
37,2299	1,3549	981,3	979,8	981,0		
37,2382	1,3523	981,2	979,8	980,9		
37,2466	1,3518	981,2	979,8	980,9		
37,2549	1,3510	981,3	979,8	980,9		
37,2632	1,3523	981,3	979,8	980,9		
37,2716	1,3554	981,2	979,8	981,0		
37,2799	1,3545	981,3	979,8	980,9		
37,2882	1,3554	981,2	979,8	980,8		
37,2966	1,3536	981,3	979,9	980,9		
37,3049	1,3541	981,3	979,8	980,9		
37,3132	1,3567	981,2	979,8	980,9		
37,3216	1,3616	981,2	979,8	980,8		
37,3299	1,3576	981,2	979,8	980,8		
37,3382	1,3576	981,3	979,9	981,0		
37,3466	1,3567	981,2	979,8	980,9		
37,3549	1,3585	981,2	979,8	980,9		
37,3632	1,3656	981,3	979,8	980,9		
37,3716	1,3572	981,2	979,8	980,9		
37,3799	1,3656	981,2	979,8	981,0		
37,3882	1,3625	981,3	979,9	981,0		
37,3966	1,3607	981,2	979,9	980,9		
37,4049	1,3678	981,2	979,8	980,9		
37,4132	1,3687	981,2	979,8	980,8		
37,4216	1,3696	981,3	979,9	981,0		
37,4299	1,3669	981,3	979,9	981,0		
37,4382	1,3607	981,2	979,8	981,0		
37,4466	1,3683	981,2	979,8	980,9		
37,4549	1,3722	981,3	979,8	981,0		
37,4632	1,3727	981,3	979,9	981,0		
37,4716	1,3696	981,3	979,8	980,9		
37,4799	1,3714	981,2	979,8	980,8		
37,4882	1,3709	981,2	979,8	980,9		
37,4966	1,3816	981,2	979,8	980,8		
37,5049	1,3776	981,2	979,8	980,9		
37,5132	1,3722	981,3	979,8	981,1		
37,5216	1,3767	981,3	979,9	981,0		
37,5299	1,3736	981,2	979,8	980,9		
37,5382	1,3838	981,3	979,9	981,0		
37,5466	1,3687	981,2	979,8	980,9		
37,5549	1,3745	981,2	979,9	981,0		
37,5632	1,3714	981,3	979,9	981,0		
37,5716	1,3780	981,3	979,8	981,0		
37,5799	1,3731	981,2	979,8	980,9		
37,5882	1,3722	981,2	979,8	980,9		
37,5966	1,3869	981,2	979,9	981,0		
37,6049	1,3816	981,3	979,9	981,0		
37,6132	1,3780	981,2	979,8	980,8		
37,6216	1,3776	981,2	979,8	980,9		
37,6299	1,3824	981,3	979,9	981,1		
37,6382	1,3864	981,3	979,9	981,0		
37,6466	1,3745	981,3	979,8	980,9		
37,6549	1,3749	981,3	979,8	980,9		
37,6632	1,3820	981,3	979,9	981,0		
37,6716	1,3816	981,3	979,8	980,9		
37,6799	1,3820	981,3	979,8	980,9		
37,6882	1,3856	981,3	979,9	980,9		
37,6966	1,3780	981,3	979,9	981,0		
37,7049	1,3864	981,4	979,9	980,9		
37,7132	1,3802	981,4	979,9	980,9		
37,7216	1,3873	981,4	979,9	980,9		
37,7299	1,3860	981,3	979,8	980,9		
37,7382	1,3780	981,4	979,9	981,0		
37,7466	1,3824	981,4	979,9	981,0		
37,7549	1,3949	981,4	979,9	980,9		
37,7632	1,3909	981,3	979,9	980,9		
37,7716	1,3895	981,4	979,9	980,9		
37,7799	1,3842	981,3	979,9	980,9		
37,7882	1,3900	981,3	979,8	980,9		
37,7966	1,3807	981,4	979,9	980,8		
37,8049	1,3904	981,4	979,9	980,8		
37,8132	1,3816	981,4	979,9	980,8		
37,8216	1,3926	981,3	979,8	980,8		
37,8299	1,3935	981,4	979,9	980,9		
37,8382	1,3989	981,3	979,9	980,8		
37,8466	1,3931	981,3	979,9	980,9		
37,8549	1,4060	981,3	980,0	980,9		
37,8632	1,3984	981,4	979,9	981,0		
37,8716	1,3949	981,4	980,0	981,0		
37,8799	1,3993	981,3	979,9	980,9		
37,8882	1,4051	981,3	979,8	980,9		
37,8966	1,3989	981,3	979,8	980,9		
37,9049	1,3993	981,3	979,9	981,0		
37,9132	1,4028	981,4	979,9	980,9		
37,9216	1,3984	981,3	979,9	980,9		
37,9299	1,3949	981,3	979,9	980,9		
37,9382	1,3935	981,3	979,8	980,9		
37,9466	1,4095	981,2	979,9	980,9		
37,9549	1,4042	981,3	979,9	981,0		
37,9632	1,4055	981,3	979,9	980,9		
37,9716	1,4077	981,3	979,9	981,0		
37,9799	1,4073	981,3	979,9	980,9		
37,9882	1,4064	981,3	979,9	981,0		
37,9966	1,4188	981,3	979,9	980,9		
38,0049	1,4095	981,3	979,9	980,9		
38,0132	1,4055	981,2	979,8	980,9		
38,0216	1,4122	981,3	979,9	981,0		
38,0299	1,4122	981,3	979,8	980,9		
38,0382	1,4139	981,3	979,9	980,9		
38,0466	1,4241	981,3	979,9	980,9		
38,0549	1,4144	981,3	979,9	981,0		
38,0632	1,4091	981,2	979,9	980,9		
38,0716	1,4153	981,3	979,9	981,0		
38,0799	1,4144	981,3	979,9	980,9		
38,0882	1,4117	981,3	979,8	980,9		
38,0966	1,4153	981,3	979,9	981,0		
38,1049	1,4206	981,3	979,8	980,9		
38,1132	1,4175	981,2	979,8	980,9		
38,1216	1,4148	981,3	979,9	981,0		
38,1299	1,4201	981,3	979,9	980,9		
38,1382	1,4148	981,3	979,9	981,0		
38,1466	1,4157	981,2	979,8	980,9		
38,1549	1,4197	981,3	979,9	981,0		
38,1632	1,4215	981,3	979,9	981,0		
38,1716	1,4237	981,3	979,8	980,9		
38,1799	1,4179	981,3	979,8	980,9		
38,1882	1,4241	981,3	979,9	981,0		
38,1966	1,4246	981,2	979,9	980,9		
38,2049	1,4210	981,3	979,9	981,0		
38,2132	1,4241	981,3	979,9	981,0		
38,2216	1,4326	981,2	979,8	980,9		
38,2299	1,4255	981,3	979,8	980,9		
38,2382	1,4215	981,3	979,9	981,0		
38,2466	1,4210	981,2	979,8	980,8		
38,2549	1,4277	981,2	979,8	980,9		
38,2632	1,4312	981,2	979,8	980,9		
38,2716	1,4303	981,3	979,9	981,0		
38,2799	1,4339	981,3	979,9	980,9		
38,2882	1,4379	981,2	979,8	980,9		
38,2966	1,4268	981,2	979,8	980,9		
38,3049	1,4410	981,3	979,9	981,0		
38,3132	1,4326	981,2	979,9	980,9		
38,3216	1,4357	981,3	979,8	980,9		
38,3299	1,4303	981,3	979,9	981,0		
38,3382	1,4277	981,3	979,9	981,0		
38,3466	1,4392	981,3	979,8	980,9		
38,3549	1,4392	981,3	979,9	981,0		
38,3632	1,4352	981,3	979,8	981,0		
38,3716	1,4361	981,3	979,8	980,9		
38,3799	1,4374	981,3	979,9	981,0		
38,3882	1,4383	981,3	979,9	981,0		
38,3966	1,4361	981,3	979,9	981,0		
38,4049	1,4374	981,3	979,9	981,0		
38,4132	1,4437	981,3	979,9	980,9		
38,4216	1,4410	981,3	979,9	981,0		
38,4299	1,4401	981,2	979,9	981,0		
38,4382	1,4468	981,3	979,9	981,1		
38,4466	1,4397	981,3	979,9	981,0		
38,4549	1,4423	981,3	979,9	980,9		
38,4632	1,4459	981,3	979,9	981,0		
38,4716	1,4437	981,3	979,9	981,1		
38,4799	1,4450	981,3	980,0	981,0		
38,4882	1,4476	981,3	979,9	981,0		
38,4966	1,4445	981,2	979,8	980,9		
38,5049	1,4539	981,3	979,8	981,0		
38,5132	1,4410	981,3	979,9	980,9		
38,5216	1,4472	981,3	979,8	980,9		
38,5299	1,4530	981,2	979,8	981,0		
38,5382	1,4423	981,3	979,9	981,0		
38,5466	1,4476	981,3	979,8	981,0		
38,5549	1,4503	981,3	979,8	980,9		
38,5632	1,4468	981,3	979,9	981,0		
38,5716	1,4565	981,3	979,9	981,0		
38,5799	1,4534	981,3	979,9	980,9		
38,5882	1,4472	981,3	979,9	981,0		
38,5966	1,4503	981,3	979,9	980,9		
38,6049	1,4596	981,3	979,9	981,0		
38,6132	1,4552	981,3	979,9	981,0		
38,6216	1,4503	981,4	979,9	981,0		
38,6299	1,4547	981,4	979,9	980,9		
38,6382	1,4565	981,3	979,9	981,0		
38,6466	1,4547	981,3	979,9	980,9		
38,6549	1,4539	981,4	979,9	981,0		
38,6632	1,4609	981,3	979,9	980,9		
38,6716	1,4596	981,4	979,9	981,0		
38,6799	1,4605	981,4	979,9	981,0		
38,6882	1,4614	981,3	979,8	980,9		
38,6966	1,4587	981,3	979,9	981,0		
38,7049	1,4703	981,3	979,9	981,0		
38,7132	1,4685	981,4	979,9	980,9		
38,7216	1,4641	981,3	979,9	980,9		
38,7299	1,4627	981,3	979,9	981,0		
38,7382	1,4645	981,4	979,9	981,0		
38,7466	1,4800	981,3	979,9	980,9		
38,7549	1,4791	981,3	979,9	981,0		
38,7632	1,4627	981,3	979,8	980,8		
38,7716	1,4667	981,3	979,9	981,0		
38,7799	1,4672	981,3	979,9	980,9		
38,7882	1,4734	981,3	979,8	980,9		
38,7966	1,4676	981,3	979,9	981,0		
38,8049	1,4707	981,4	979,9	980,9		
38,8132	1,4774	981,3	979,9	980,9		
38,8216	1,4649	981,4	979,9	981,0		
38,8299	1,4725	981,4	979,9	981,0		
38,8382	1,4827	981,3	979,9	980,9		
38,8466	1,4743	981,3	979,9	981,0		
38,8549	1,4725	981,3	979,9	980,9		
38,8632	1,4703	981,3	979,9	980,9		
38,8716	1,4774	981,3	979,8	980,9		
38,8799	1,4778	981,3	979,9	981,0		
38,8882	1,4791	981,4	979,9	981,0		
38,8966	1,4716	981,3	979,9	980,9		
38,9049	1,4809	981,2	979,9	981,0		
38,9132	1,4822	981,3	979,9	981,0		
38,9216	1,4933	981,4	979,9	981,0		
38,9299	1,4889	981,3	979,9	981,0		
38,9382	1,4800	981,2	979,8	980,8		
38,9466	1,4942	981,2	979,8	981,0		
38,9549	1,4862	981,3	979,9	981,0		
38,9632	1,4809	981,4	979,9	981,1		
38,9716	1,4822	981,3	979,8	980,9		
38,9799	1,4871	981,2	979,8	981,0		
38,9882	1,4827	981,3	979,9	981,0		
38,9966	1,4902	981,3	979,9	981,0		
39,0049	1,4849	981,4	979,9	981,0		
39,0132	1,4907	981,3	979,9	981,0		
39,0216	1,4809	981,3	979,9	980,9		
39,0299	1,4871	981,4	979,9	981,0		
39,0382	1,4831	981,3	979,9	981,0		
39,0466	1,4845	981,2	979,8	980,9		
39,0549	1,4960	981,3	979,8	981,0		
39,0632	1,4845	981,3	979,9	981,0		
39,0716	1,4889	981,4	979,9	981,0		
39,0799	1,4938	981,3	979,9	981,0		
39,0882	1,4964	981,3	979,9	980,9		
39,0966	1,5026	981,3	979,9	981,0		
39,1049	1,4947	981,3	979,9	980,9		
39,1132	1,4947	981,2	979,9	980,9		
39,1216	1,4898	981,3	979,9	981,0		
39,1299	1,4964	981,4	979,9	980,9		
39,1382	1,4955	981,3	979,9	980,9		
39,1466	1,4938	981,3	979,9	981,0		
39,1549	1,4920	981,3	979,8	980,9		
39,1632	1,4986	981,2	979,8	980,9		
39,1716	1,4995	981,3	979,9	981,0		
39,1799	1,5022	981,3	979,9	981,0		
39,1882	1,5022	981,3	979,9	981,0		
39,1966	1,5071	981,3	979,9	981,1		
39,2049	1,5026	981,3	979,9	981,0		
39,2132	1,5009	981,4	979,9	981,0		
39,2216	1,5093	981,3	979,9	981,0		
39,2299	1,5097	981,3	979,9	981,0		
39,2382	1,4991	981,4	979,9	981,1		
39,2466	1,5022	981,4	979,9	981,1		
39,2549	1,5155	981,3	979,8	980,9		
39,2632	1,5097	981,3	979,8	981,0		
39,2716	1,5159	981,3	979,9	981,0		
39,2799	1,5084	981,3	979,9	981,0		
39,2882	1,5159	981,4	979,9	980,9		
39,2966	1,5053	981,3	979,8	980,9		
39,3049	1,5146	981,3	979,9	981,0		
39,3132	1,5093	981,3	979,9	981,0		
39,3216	1,5080	981,4	979,9	981,0		
39,3299	1,5075	981,4	979,9	980,9		
39,3382	1,5111	981,4	979,9	981,0		
39,3466	1,5146	981,4	979,9	981,0		
39,3549	1,5159	981,3	979,8	981,0		
39,3632	1,5084	981,3	979,8	980,9		
39,3716	1,5066	981,4	979,9	981,0		
39,3799	1,5142	981,3	979,9	980,9		
39,3882	1,5257	981,4	979,9	981,0		
39,3966	1,5173	981,4	979,9	981,0		
39,4049	1,5173	981,4	979,9	981,0		
39,4132	1,5235	981,3	979,9	980,9		
39,4216	1,5213	981,4	979,9	981,0		
39,4299	1,5177	981,4	979,9	981,0		
39,4382	1,5261	981,4	979,9	981,0		
39,4466	1,5257	981,3	979,8	981,0		
39,4549	1,5230	981,3	979,9	981,0		
39,4632	1,5257	981,4	979,9	981,0		
39,4716	1,5270	981,4	979,9	981,0		
39,4799	1,5222	981,4	979,9	980,9		
39,4882	1,5244	981,3	979,9	981,0		
39,4966	1,5239	981,4	979,9	980,9		
39,5049	1,5195	981,3	979,9	981,0		
39,5132	1,5275	981,4	979,9	981,0		
39,5216	1,5301	981,3	979,9	981,0		
39,5299	1,5337	981,2	979,8	980,9		
39,5382	1,5293	981,3	979,9	981,0		
39,5466	1,5310	981,3	979,9	980,9		
39,5549	1,5332	981,3	979,9	981,0		
39,5632	1,5363	981,3	979,9	981,0		
39,5716	1,5412	981,4	979,9	980,9		
39,5799	1,5355	981,3	979,9	980,9		
39,5882	1,5297	981,3	979,9	981,0		
39,5966	1,5306	981,4	979,9	981,0		
39,6049	1,5359	981,5	980,0	981,0		
39,6132	1,5355	981,4	979,9	981,0		
39,6216	1,5377	981,4	979,9	981,0		
39,6299	1,5452	981,4	979,9	981,0		
39,6382	1,5430	981,3	979,9	980,9		
39,6466	1,5381	981,3	979,9	981,0		
39,6549	1,5439	981,3	979,9	980,9		
39,6632	1,5541	981,4	979,9	981,0		
39,6716	1,5408	981,4	980,0	981,0		
39,6799	1,5452	981,3	979,9	980,9		
39,6882	1,5457	981,3	979,9	981,0		
39,6966	1,5461	981,3	979,9	981,0		
39,7049	1,5470	981,3	979,9	981,1		
39,7132	1,5461	981,3	979,9	981,0		
39,7216	1,5510	981,3	979,9	980,9		
39,7299	1,5492	981,3	979,8	981,0		
39,7382	1,5492	981,3	979,9	980,9		
39,7466	1,5470	981,3	979,8	980,9		
39,7549	1,5465	981,2	979,8	980,9		
39,7632	1,5572	981,3	979,9	981,0		
39,7716	1,5465	981,3	979,9	980,9		
39,7799	1,5554	981,3	979,9	980,9		
39,7882	1,5474	981,3	979,9	981,0		
39,7966	1,5523	981,3	979,8	980,9		
39,8049	1,5501	981,4	979,9	981,0		
39,8132	1,5545	981,4	979,9	980,9		
39,8216	1,5497	981,3	979,8	980,9		
39,8299	1,5492	981,4	980,0	981,1		
39,8382	1,5510	981,3	979,9	980,9		
39,8466	1,5652	981,3	979,9	980,9		
39,8549	1,5612	981,4	979,9	981,0		
39,8632	1,5532	981,4	979,9	981,0		
39,8716	1,5581	981,4	979,8	980,9		
39,8799	1,5576	981,4	979,9	981,0		
39,8882	1,5599	981,4	979,9	980,9		
39,8966	1,5576	981,4	979,9	980,9		
39,9049	1,5612	981,3	979,8	981,0		
39,9132	1,5625	981,3	979,9	981,0		
39,9216	1,5541	981,4	979,9	981,0		
39,9299	1,5572	981,4	979,9	981,0		
39,9382	1,5661	981,4	979,9	980,9		
39,9466	1,5652	981,4	979,9	981,0		
39,9549	1,5727	981,4	979,9	980,9		
39,9632	1,5696	981,4	979,9	980,9		
39,9716	1,5661	981,4	979,9	981,0		
39,9799	1,5616	981,4	980,0	981,0		
39,9882	1,5718	981,4	979,9	980,9		
39,9966	1,5612	981,3	979,9	980,9		
40,0049	1,5709	981,4	979,9	980,9		
40,0132	1,5674	981,4	979,9	980,9		
40,0216	1,5780	981,3	979,9	981,0		
40,0299	1,5780	981,4	979,9	981,0		
40,0382	1,5771	981,4	980,0	981,0		
40,0466	1,5749	981,4	979,9	981,0		
40,0549	1,5776	981,3	979,9	980,9		
40,0632	1,5803	981,3	979,9	980,9		
40,0716	1,5736	981,4	980,0	981,1		
40,0799	1,5794	981,3	979,9	980,9		
40,0882	1,5807	981,4	979,9	981,0		
40,0966	1,5776	981,4	979,9	981,0		
40,1049	1,5816	981,3	979,9	980,9		
40,1132	1,5838	981,4	979,9	981,0		
40,1216	1,5882	981,3	979,9	981,0		
40,1299	1,5732	981,3	979,9	981,0		
40,1382	1,5794	981,3	979,9	981,0		
40,1466	1,5856	981,3	979,9	981,0		
40,1549	1,5771	981,3	979,9	981,0		
40,1632	1,5820	981,4	979,9	981,0		
40,1716	1,5851	981,3	979,9	981,0		
40,1799	1,5856	981,3	979,9	981,0		
40,1882	1,5874	981,4	979,9	981,0		
40,1966	1,5865	981,4	979,9	980,9		
40,2049	1,5865	981,3	979,9	980,9		
40,2132	1,5887	981,4	979,9	980,9		
40,2216	1,5882	981,3	979,9	981,0		
40,2299	1,5953	981,3	979,9	980,9		
40,2382	1,5944	981,3	979,8	980,9		
40,2466	1,6002	981,3	979,9	980,9		
40,2549	1,5905	981,3	979,9	981,0		
40,2632	1,5931	981,4	979,9	981,0		
40,2716	1,6011	981,3	979,9	981,0		
40,2799	1,6002	981,4	979,9	981,0		
40,2882	1,5918	981,4	979,9	981,0		
40,2966	1,5989	981,4	979,9	981,0		
40,3049	1,5944	981,3	979,9	981,0		
40,3132	1,6011	981,3	979,9	981,0		
40,3216	1,6029	981,4	980,0	981,0		
40,3299	1,5962	981,3	979,9	981,0		
40,3382	1,5962	981,4	979,8	980,9		
40,3466	1,6020	981,3	979,9	980,9		
40,3549	1,6015	981,4	979,9	980,9		
40,3632	1,6104	981,3	979,8	980,9		
40,3716	1,6042	981,4	979,9	981,0		
40,3799	1,6038	981,3	979,9	980,9		
40,3882	1,5998	981,3	979,8	981,0		
40,3966	1,6069	981,3	979,9	980,9		
40,4049	1,6060	981,4	979,9	981,0		
40,4132	1,6007	981,3	979,9	980,9		
40,4216	1,6029	981,3	979,9	981,0		
40,4299	1,6086	981,3	979,9	981,0		
40,4382	1,6095	981,3	979,9	980,9		
40,4466	1,6073	981,3	979,9	981,0		
40,4549	1,6038	981,3	979,9	981,0		
40,4632	1,6140	981,4	979,9	981,0		
40,4716	1,6117	981,4	979,9	981,0		
40,4799	1,6104	981,3	979,8	981,0		
40,4882	1,6122	981,3	979,9	981,0		
40,4966	1,6153	981,4	979,9	981,0		
40,5049	1,6086	981,4	979,9	981,0		
40,5132	1,6117	981,4	979,9	981,0		
40,5216	1,6162	981,4	980,0	981,0		
40,5299	1,6135	981,4	979,9	981,0		
40,5382	1,6157	981,4	979,9	981,0		
40,5466	1,6180	981,4	979,9	981,0		
40,5549	1,6188	981,4	980,0	981,0		
40,5632	1,6188	981,4	979,9	981,0		
40,5716	1,6184	981,4	979,9	981,0		
40,5799	1,6184	981,4	979,9	980,9		
40,5882	1,6250	981,3	979,8	980,9		
40,5966	1,6215	981,4	979,9	980,9		
40,6049	1,6242	981,4	979,9	981,0		
40,6132	1,6237	981,4	979,9	981,0		
40,6216	1,6233	981,3	979,9	980,9		
40,6299	1,6224	981,4	979,9	980,9		
40,6382	1,6295	981,4	979,9	980,9		
40,6466	1,6290	981,3	979,8	980,9		
40,6549	1,6268	981,4	979,9	981,0		
40,6632	1,6233	981,5	979,9	981,0		
40,6716	1,6326	981,3	979,9	980,9		
40,6799	1,6344	981,4	980,0	981,0		
40,6882	1,6295	981,3	979,9	981,0		
40,6966	1,6282	981,3	979,9	981,0		
40,7049	1,6326	981,4	979,9	981,0		
40,7132	1,6304	981,3	979,9	980,9		
40,7216	1,6375	981,4	980,0	981,1		
40,7299	1,6384	981,4	979,9	981,0		
40,7382	1,6361	981,3	980,0	981,0		
40,7466	1,6441	981,3	979,9	981,0		
40,7549	1,6397	981,4	979,9	981,0		
40,7632	1,6326	981,4	979,9	981,0		
40,7716	1,6392	981,3	979,9	980,9		
40,7799	1,6446	981,4	979,9	981,0		
40,7882	1,6370	981,4	979,9	981,0		
40,7966	1,6401	981,3	979,9	980,9		
40,8049	1,6375	981,4	979,9	981,0		
40,8132	1,6437	981,4	979,9	981,0		
40,8216	1,6477	981,3	979,9	980,9		
40,8299	1,6375	981,4	979,9	980,9		
40,8382	1,6503	981,4	979,9	981,0		
40,8466	1,6494	981,4	979,9	981,0		
40,8549	1,6508	981,4	979,9	980,9		
40,8632	1,6494	981,4	979,9	981,0		
40,8716	1,6486	981,4	979,9	981,0		
40,8799	1,6468	981,4	979,9	981,0		
40,8882	1,6490	981,4	979,9	981,0		
40,8966	1,6499	981,3	979,9	980,9		
40,9049	1,6446	981,3	979,9	980,9		
40,9132	1,6530	981,4	979,9	981,0		
40,9216	1,6530	981,4	979,9	981,0		
40,9299	1,6499	981,3	979,9	981,0		
40,9382	1,6494	981,4	980,0	981,0		
40,9466	1,6517	981,4	980,0	981,1		
40,9549	1,6521	981,4	979,9	981,0		
40,9632	1,6521	981,4	979,9	981,0		
40,9716	1,6508	981,4	979,9	981,0		
40,9799	1,6503	981,5	979,9	980,9		
40,9882	1,6596	981,5	980,0	981,0		
40,9966	1,6579	981,4	979,9	981,0		
41,0049	1,6539	981,5	980,0	981,0		
41,0132	1,6534	981,4	979,9	981,0		
41,0216	1,6588	981,4	980,0	981,0		
41,0299	1,6530	981,4	979,9	981,0		
41,0382	1,6614	981,3	979,9	980,9		
41,0466	1,6592	981,4	979,9	980,9		
41,0549	1,6614	981,4	979,9	981,0		
41,0632	1,6663	981,4	979,9	981,0		
41,0716	1,6698	981,4	979,9	981,0		
41,0799	1,6561	981,4	979,9	981,0		
41,0882	1,6619	981,4	979,9	981,0		
41,0966	1,6667	981,4	979,9	980,9		
41,1049	1,6703	981,4	979,9	981,0		
41,1132	1,6738	981,4	979,9	980,9		
41,1216	1,6707	981,4	979,9	981,0		
41,1299	1,6725	981,3	979,9	981,0		
41,1382	1,6725	981,4	979,9	981,1		
41,1466	1,6783	981,4	979,9	980,9		
41,1549	1,6734	981,4	979,9	980,8		
41,1632	1,6761	981,4	979,9	981,0		
41,1716	1,6823	981,4	979,9	981,0		
41,1799	1,6694	981,4	979,9	980,9		
41,1882	1,6747	981,3	979,9	981,0		
41,1966	1,6769	981,3	979,9	981,0		
41,2049	1,6787	981,4	979,9	981,0		
41,2132	1,6765	981,5	980,0	980,9		
41,2216	1,6920	981,4	980,0	981,0		
41,2299	1,6849	981,4	980,0	981,0		
41,2382	1,6756	981,4	979,9	981,0		
41,2466	1,6902	981,4	979,9	981,0		
41,2549	1,6854	981,4	980,0	981,0		
41,2632	1,6836	981,4	979,9	981,0		
41,2716	1,6800	981,3	979,9	980,9		
41,2799	1,6898	981,3	979,9	981,0		
41,2882	1,6871	981,4	980,0	981,1		
41,2966	1,6934	981,3	979,9	981,0		
41,3049	1,6818	981,3	979,9	980,9		
41,3132	1,6898	981,4	979,9	981,0		
41,3216	1,6916	981,4	980,0	981,1		
41,3299	1,6973	981,4	979,8	980,9		
41,3382	1,6894	981,3	979,9	981,0		
41,3466	1,6929	981,4	980,0	981,1		
41,3549	1,6916	981,4	979,9	981,0		
41,3632	1,6916	981,3	979,9	980,9		
41,3716	1,6969	981,4	979,9	981,0		
41,3799	1,6973	981,4	980,0	981,1		
41,3882	1,6951	981,4	979,9	980,9		
41,3966	1,6907	981,3	979,9	980,9		
41,4049	1,7013	981,3	979,9	981,0		
41,4132	1,6876	981,3	979,9	980,9		
41,4216	1,7071	981,4	979,9	981,0		
41,4299	1,7018	981,4	980,0	981,0		
41,4382	1,7031	981,4	979,9	981,0		
41,4466	1,6973	981,3	979,9	980,9		
41,4549	1,6965	981,4	979,9	981,0		
41,4632	1,7053	981,3	979,9	981,0		
41,4716	1,7004	981,3	979,9	980,9		
41,4799	1,7049	981,4	979,8	980,9		
41,4882	1,6996	981,3	979,8	980,9		
41,4966	1,7058	981,4	979,9	980,9		
41,5049	1,7124	981,4	979,9	980,9		
41,5132	1,7053	981,3	979,8	980,9		
41,5216	1,7089	981,3	979,9	980,9		
41,5299	1,7018	981,3	979,9	980,9		
41,5382	1,7146	981,3	979,8	980,9		
41,5466	1,7058	981,3	979,8	980,9		
41,5549	1,7067	981,3	979,9	980,9		
41,5632	1,7155	981,4	979,9	981,0		
41,5716	1,7080	981,5	980,0	981,0		
41,5799	1,7120	981,4	979,9	981,1		
41,5882	1,7124	981,3	979,9	981,0		
41,5966	1,7111	981,4	979,9	981,0		
41,6049	1,7138	981,3	980,0	981,0		
41,6132	1,7231	981,4	979,9	980,9		
41,6216	1,7124	981,3	979,9	981,0		
41,6299	1,7226	981,4	979,9	981,0		
41,6382	1,7266	981,4	979,9	981,0		
41,6466	1,7191	981,4	980,0	981,0		
41,6549	1,7195	981,4	979,9	981,0		
41,6632	1,7164	981,3	979,9	980,9		
41,6716	1,7235	981,4	979,9	981,0		
41,6799	1,7231	981,4	979,9	981,0		
41,6882	1,7155	981,5	980,0	981,0		
41,6966	1,7204	981,4	979,9	980,9		
41,7049	1,7248	981,3	979,9	981,0		
41,7132	1,7200	981,3	980,0	981,0		
41,7216	1,7284	981,4	979,9	981,0		
41,7299	1,7297	981,4	980,0	981,1		
41,7382	1,7302	981,4	979,9	981,0		
41,7466	1,7324	981,3	979,9	981,0		
41,7549	1,7311	981,4	979,9	981,0		
41,7632	1,7346	981,4	980,0	981,0		
41,7716	1,7311	981,4	980,0	981,0		
41,7799	1,7311	981,4	979,9	980,9		
41,7882	1,7328	981,3	979,9	981,0		
41,7966	1,7302	981,4	979,9	981,0		
41,8049	1,7381	981,4	980,0	981,0		
41,8132	1,7373	981,4	979,9	980,9		
41,8216	1,7381	981,4	979,9	981,0		
41,8299	1,7364	981,4	979,9	981,0		
41,8382	1,7386	981,4	980,0	981,0		
41,8466	1,7346	981,4	979,9	981,0		
41,8549	1,7457	981,4	979,9	980,9		
41,8632	1,7390	981,4	979,9	981,0		
41,8716	1,7399	981,4	979,9	980,9		
41,8799	1,7479	981,4	979,9	981,0		
41,8882	1,7386	981,3	979,9	980,9		
41,8966	1,7350	981,4	979,9	981,0		
41,9049	1,7466	981,4	980,0	981,1		
41,9132	1,7466	981,4	979,9	981,0		
41,9216	1,7483	981,4	979,9	980,9		
41,9299	1,7479	981,4	979,9	981,0		
41,9382	1,7479	981,4	979,9	980,9		
41,9466	1,7537	981,4	979,9	980,9		
41,9549	1,7439	981,4	980,0	981,1		
41,9632	1,7444	981,4	980,0	981,0		
41,9716	1,7466	981,4	979,9	981,0		
41,9799	1,7510	981,4	979,9	980,9		
41,9882	1,7585	981,4	979,9	981,0		
41,9966	1,7559	981,4	979,9	981,0		
42,0049	1,7568	981,4	979,9	981,0		
42,0132	1,7568	981,4	979,9	981,0		
42,0216	1,7568	981,4	980,0	981,0		
42,0299	1,7510	981,4	980,0	981,0		
42,0382	1,7572	981,4	979,9	981,0		
42,0466	1,7594	981,4	979,9	981,0		
42,0549	1,7603	981,3	979,9	981,0		
42,0632	1,7630	981,3	979,9	981,0		
42,0716	1,7532	981,3	979,8	981,0		
42,0799	1,7621	981,2	979,8	980,9		
42,0882	1,7475	981,2	979,9	981,0		
42,0966	1,7621	981,5	980,0	981,0		
42,1049	1,7612	981,5	979,9	981,0		
42,1132	1,7585	981,3	979,9	981,0		
42,1216	1,7630	981,5	980,0	981,1		
42,1299	1,7621	981,5	980,0	981,0		
42,1382	1,7656	981,5	980,0	981,0		
42,1466	1,7674	981,5	980,0	981,1		
42,1549	1,7639	981,5	980,0	981,1		
42,1632	1,7736	981,5	980,0	981,0		
42,1716	1,7679	981,5	980,0	980,9		
42,1799	1,7679	981,5	980,0	981,0		
42,1882	1,7772	981,4	980,0	981,0		
42,1966	1,7741	981,3	979,9	980,9		
42,2049	1,7701	981,4	980,0	981,0		
42,2132	1,7776	981,4	979,9	981,0		
42,2216	1,7767	981,3	980,0	981,0		
42,2299	1,7781	981,3	979,9	980,9		
42,2382	1,7732	981,3	979,9	981,0		
42,2466	1,7821	981,4	979,9	981,0		
42,2549	1,7745	981,3	979,9	981,0		
42,2632	1,7781	981,3	979,9	980,9		
42,2716	1,7834	981,4	979,9	981,0		
42,2799	1,7838	981,3	979,9	981,0		
42,2882	1,7741	981,3	979,9	980,9		
42,2966	1,7852	981,3	980,0	981,0		
42,3049	1,7856	981,4	980,0	981,0		
42,3132	1,7829	981,4	979,9	980,9		
42,3216	1,7869	981,4	979,9	981,0		
42,3299	1,7829	981,3	979,9	980,8		
42,3382	1,7887	981,3	979,9	980,9		
42,3466	1,7936	981,3	979,9	981,0		
42,3549	1,7887	981,4	980,0	981,1		
42,3632	1,7905	981,2	979,8	980,8		
42,3716	1,7918	981,2	979,8	981,0		
42,3799	1,7949	981,3	979,9	981,0		
42,3882	1,7900	981,3	979,9	980,9		
42,3966	1,7976	981,3	979,9	981,0		
42,4049	1,7954	981,4	979,9	980,9		
42,4132	1,7918	981,2	979,9	981,0		
42,4216	1,7998	981,2	979,8	980,9		
42,4299	1,7985	981,3	979,9	981,0		
42,4382	1,7909	981,3	979,9	980,9		
42,4466	1,8038	981,4	980,0	981,0		
42,4549	1,8078	981,4	979,9	980,9		
42,4632	1,7989	981,4	980,0	981,0		
42,4716	1,8038	981,4	979,9	981,0		
42,4799	1,8091	981,4	979,9	981,0		
42,4882	1,8060	981,3	979,9	980,9		
42,4966	1,8038	981,3	980,0	981,0		
42,5049	1,8002	981,5	980,0	981,0		
42,5132	1,8038	981,4	979,9	981,0		
42,5216	1,8047	981,4	979,9	980,9		
42,5299	1,7962	981,4	979,9	981,0		
42,5382	1,7985	981,3	979,9	980,9		
42,5466	1,8113	981,3	979,9	981,0		
42,5549	1,8078	981,4	979,9	981,0		
42,5632	1,8109	981,6	980,0	981,0		
42,5716	1,8082	981,7	980,1	981,0		
42,5799	1,8051	981,7	980,1	981,1		
42,5882	1,8082	981,5	980,0	981,1		
42,5966	1,8184	981,6	980,0	981,1		
42,6049	1,8153	981,6	980,0	981,1		
42,6132	1,8100	981,6	980,1	981,1		
42,6216	1,8082	981,7	980,2	981,1		
42,6299	1,8140	981,9	980,3	981,2		
42,6382	1,8220	981,7	980,1	981,1		
42,6466	1,8149	981,7	980,1	981,1		
42,6549	1,8229	981,6	980,1	981,1		
42,6632	1,8277	981,5	980,0	981,1		
42,6716	1,8277	981,4	980,0	981,1		
42,6799	1,8220	981,3	979,9	981,0		
42,6882	1,8237	981,1	979,8	980,9		
42,6966	1,8202	981,6	980,0	981,2		
42,7049	1,8277	981,5	980,1	981,0		
42,7132	1,8251	981,4	980,0	981,0		
42,7216	1,8198	981,4	980,0	981,0		
42,7299	1,8273	981,4	980,0	981,0		
42,7382	1,8357	981,4	980,0	981,0		
42,7466	1,8304	981,4	980,0	981,0		
42,7549	1,8344	981,3	980,0	981,0		
42,7632	1,8304	981,5	979,9	980,9		
42,7716	1,8291	981,4	980,0	981,0		
42,7799	1,8371	981,5	980,1	981,1		
42,7882	1,8388	981,3	979,9	980,8		
42,7966	1,8304	981,4	980,0	981,0		
42,8049	1,8371	981,5	980,0	981,0		
42,8132	1,8348	981,5	980,0	981,0		
42,8216	1,8375	981,4	980,0	981,0		
42,8299	1,8335	981,4	980,0	981,0		
42,8382	1,8375	981,4	980,0	981,0		
42,8466	1,8410	981,4	980,0	981,0		
42,8549	1,8437	981,4	979,9	981,0		
42,8632	1,8433	981,3	979,9	981,0		
42,8716	1,8415	981,4	979,9	981,1		
42,8799	1,8428	981,4	980,0	981,0		
42,8882	1,8535	981,4	980,0	981,0		
42,8966	1,8446	981,3	980,0	981,1		
42,9049	1,8481	981,3	979,9	981,0		
42,9132	1,8504	981,2	979,8	981,0		
42,9216	1,8512	981,3	979,9	981,0		
42,9299	1,8548	981,4	979,9	981,0		
42,9382	1,8517	981,4	979,9	981,0		
42,9466	1,8481	981,3	979,9	981,1		
42,9549	1,8473	981,3	980,0	981,0		
42,9632	1,8428	981,3	979,9	981,0		
42,9716	1,8530	981,3	979,9	980,9		
42,9799	1,8486	981,3	979,9	981,0		
42,9882	1,8557	981,3	979,9	981,0		
42,9966	1,8557	981,3	979,9	981,0		
43,0049	1,8677	981,3	979,9	981,0		
43,0132	1,8614	981,3	979,9	981,0		
43,0216	1,8592	981,4	980,0	981,0		
43,0299	1,8610	981,4	979,9	981,0		
43,0382	1,8614	981,4	979,9	981,0		
43,0466	1,8610	981,3	979,9	981,0		
43,0549	1,8606	981,4	979,9	981,1		
43,0632	1,8614	981,3	979,9	981,1		
43,0716	1,8606	981,3	979,8	980,9		
43,0799	1,8685	981,3	979,9	981,0		
43,0882	1,8708	981,3	979,9	980,9		
43,0966	1,8725	981,3	979,9	981,0		
43,1049	1,8699	981,3	979,9	980,9		
43,1132	1,8690	981,3	979,9	981,0		
43,1216	1,8650	981,3	979,9	981,1		
43,1299	1,8677	981,3	979,9	981,0		
43,1382	1,8770	981,4	979,9	981,0		
43,1466	1,8716	981,4	980,0	981,0		
43,1549	1,8681	981,3	979,9	981,0		
43,1632	1,8690	981,3	979,9	980,9		
43,1716	1,8654	981,4	979,9	981,1		
43,1799	1,8756	981,4	979,9	981,0		
43,1882	1,8699	981,4	979,9	980,9		
43,1966	1,8765	981,3	979,9	980,9		
43,2049	1,8690	981,3	979,9	981,0		
43,2132	1,8716	981,3	979,9	981,0		
43,2216	1,8818	981,3	979,9	980,9		
43,2299	1,8854	981,3	979,9	981,0		
43,2382	1,8779	981,4	980,0	981,1		
43,2466	1,8796	981,4	979,9	981,0		
43,2549	1,8814	981,4	979,8	980,9		
43,2632	1,8787	981,3	979,9	980,9		
43,2716	1,8854	981,3	979,9	981,0		
43,2799	1,8889	981,3	979,9	980,9		
43,2882	1,8876	981,3	979,9	981,0		
43,2966	1,8863	981,3	980,0	980,9		
43,3049	1,8925	981,4	979,9	981,0		
43,3132	1,8912	981,3	979,9	981,0		
43,3216	1,8872	981,3	979,9	981,0		
43,3299	1,8889	981,3	979,9	980,9		
43,3382	1,8889	981,3	979,8	980,9		
43,3466	1,8929	981,4	980,0	981,0		
43,3549	1,8814	981,3	979,9	980,9		
43,3632	1,8929	981,4	979,9	981,0		
43,3716	1,8894	981,4	980,0	981,0		
43,3799	1,8960	981,4	979,9	981,0		
43,3882	1,8938	981,3	979,9	980,9		
43,3966	1,8978	981,3	979,9	980,9		
43,4049	1,8991	981,4	980,0	981,0		
43,4132	1,9009	981,3	979,9	981,0		
43,4216	1,9036	981,4	979,9	980,9		
43,4299	1,8983	981,5	980,0	981,0		
43,4382	1,9031	981,4	980,0	981,0		
43,4466	1,9071	981,3	979,9	981,0		
43,4549	1,9076	981,3	979,9	981,0		
43,4632	1,9045	981,3	980,0	981,1		
43,4716	1,8978	981,4	980,0	981,0		
43,4799	1,9098	981,4	980,0	981,0		
43,4882	1,9022	981,3	979,9	981,0		
43,4966	1,9133	981,3	979,9	981,0		
43,5049	1,9062	981,3	979,9	981,0		
43,5132	1,9093	981,3	979,9	981,0		
43,5216	1,9022	981,3	979,9	981,0		
43,5299	1,9120	981,3	979,9	980,9		
43,5382	1,9124	981,3	979,9	981,0		
43,5466	1,9191	981,3	979,9	981,0		
43,5549	1,9160	981,4	979,9	981,0		
43,5632	1,9142	981,3	979,9	981,0		
43,5716	1,9138	981,4	979,9	980,9		
43,5799	1,9218	981,3	979,9	981,0		
43,5882	1,9182	981,3	979,9	981,0		
43,5966	1,9178	981,3	979,9	981,0		
43,6049	1,9169	981,3	979,9	981,0		
43,6132	1,9204	981,3	979,9	980,9		
43,6216	1,9133	981,2	979,8	980,9		
43,6299	1,9222	981,4	980,0	981,0		
43,6382	1,9204	981,3	979,9	980,9		
43,6466	1,9235	981,2	979,8	981,0		
43,6549	1,9249	981,3	979,9	981,0		
43,6632	1,9204	981,4	979,9	981,0		
43,6716	1,9200	981,4	980,0	981,1		
43,6799	1,9240	981,4	980,0	981,0		
43,6882	1,9289	981,4	979,9	981,0		
43,6966	1,9311	981,4	980,0	981,0		
43,7049	1,9302	981,4	979,9	981,0		
43,7132	1,9342	981,4	979,9	981,0		
43,7216	1,9360	981,3	979,9	980,9		
43,7299	1,9258	981,3	979,9	981,1		
43,7382	1,9289	981,3	979,9	981,0		
43,7466	1,9337	981,3	979,8	980,9		
43,7549	1,9271	981,3	979,8	981,0		
43,7632	1,9368	981,4	980,0	981,0		
43,7716	1,9329	981,4	979,9	980,9		
43,7799	1,9417	981,4	980,0	981,0		
43,7882	1,9382	981,5	980,1	981,1		
43,7966	1,9306	981,4	979,9	980,9		
43,8049	1,9382	981,4	980,0	981,0		
43,8132	1,9413	981,4	980,0	981,0		
43,8216	1,9373	981,4	980,0	981,0		
43,8299	1,9337	981,4	980,0	981,0		
43,8382	1,9399	981,4	979,9	981,0		
43,8466	1,9382	981,3	980,0	981,0		
43,8549	1,9408	981,3	979,9	980,9		
43,8632	1,9439	981,4	979,9	981,0		
43,8716	1,9466	981,4	980,0	981,0		
43,8799	1,9528	981,3	979,9	981,0		
43,8882	1,9479	981,3	979,9	981,0		
43,8966	1,9493	981,4	980,0	981,0		
43,9049	1,9519	981,3	979,9	980,9		
43,9132	1,9564	981,3	979,9	981,0		
43,9216	1,9581	981,5	980,1	981,1		
43,9299	1,9528	981,5	980,0	981,0		
43,9382	1,9533	981,4	980,0	981,1		
43,9466	1,9528	981,3	979,9	981,0		
43,9549	1,9577	981,3	979,9	981,0		
43,9632	1,9581	981,4	980,0	981,1		
43,9716	1,9599	981,4	979,9	981,0		
43,9799	1,9652	981,3	979,9	981,0		
43,9882	1,9674	981,4	980,0	981,0		
43,9966	1,9568	981,3	980,0	981,0		
44,0049	1,9674	981,5	980,0	981,1		
44,0132	1,9666	981,4	979,9	981,0		
44,0216	1,9626	981,3	980,0	981,0		
44,0299	1,9599	981,3	980,0	981,0		
44,0382	1,9723	981,4	980,0	981,0		
44,0466	1,9674	981,3	979,9	981,0		
44,0549	1,9643	981,3	980,0	981,0		
44,0632	1,9745	981,3	979,9	981,0		
44,0716	1,9674	981,3	979,9	981,0		
44,0799	1,9706	981,3	979,9	981,0		
44,0882	1,9710	981,3	979,9	980,9		
44,0966	1,9785	981,4	980,0	981,0		
44,1049	1,9821	981,5	980,0	981,1		
44,1132	1,9710	981,4	980,0	981,0		
44,1216	1,9803	981,3	979,9	981,0		
44,1299	1,9741	981,4	980,0	981,0		
44,1382	1,9772	981,4	979,9	980,9		
44,1466	1,9852	981,3	979,9	981,0		
44,1549	1,9723	981,4	980,0	981,0		
44,1632	1,9776	981,4	979,9	981,1		
44,1716	1,9821	981,4	979,9	980,9		
44,1799	1,9870	981,4	979,9	981,0		
44,1882	1,9843	981,6	980,1	981,1		
44,1966	1,9834	981,5	980,0	981,0		
44,2049	1,9870	981,5	980,0	981,0		
44,2132	1,9852	981,5	980,0	981,1		
44,2216	1,9781	981,4	980,0	981,1		
44,2299	1,9883	981,4	980,0	981,1		
44,2382	1,9852	981,4	979,9	981,0		
44,2466	1,9936	981,3	979,9	981,0		
44,2549	1,9901	981,3	979,9	981,0		
44,2632	1,9861	981,2	979,9	981,0		
44,2716	1,9905	981,2	979,8	981,0		
44,2799	1,9941	981,3	979,9	980,9		
44,2882	1,9949	981,3	979,9	981,0		
44,2966	1,9861	981,4	979,9	981,1		
44,3049	2,0012	981,4	979,9	980,9		
44,3132	1,9994	981,3	979,9	980,9		
44,3216	1,9967	981,4	979,9	980,9		
44,3299	2,0003	981,3	979,9	981,0		
44,3382	2,0034	981,3	979,9	980,9		
44,3466	1,9998	981,4	979,9	981,0		
44,3549	1,9967	981,4	980,0	981,0		
44,3632	2,0007	981,4	979,9	980,9		
44,3716	2,0082	981,3	979,9	981,0		
44,3799	2,0091	981,4	980,0	981,0		
44,3882	2,0096	981,4	980,0	981,0		
44,3966	2,0074	981,3	979,9	980,9		
44,4049	2,0029	981,3	979,9	981,0		
44,4132	2,0105	981,4	980,0	981,1		
44,4216	2,0118	981,4	980,0	981,0		
44,4299	2,0122	981,3	979,9	981,0		
44,4382	2,0180	981,3	979,9	981,0		
44,4466	2,0105	981,3	980,0	980,9		
44,4549	2,0082	981,4	980,0	981,0		
44,4632	2,0096	981,3	980,0	981,0		
44,4716	2,0096	981,3	980,0	980,9		
44,4799	2,0185	981,4	980,0	981,0		
44,4882	2,0153	981,5	980,1	981,1		
44,4966	2,0193	981,5	980,0	981,0		
44,5049	2,0145	981,4	980,0	981,0		
44,5132	2,0189	981,3	980,0	981,1		
44,5216	2,0251	981,3	980,0	981,0		
44,5299	2,0238	981,3	979,9	981,0		
44,5382	2,0273	981,5	980,0	981,1		
44,5466	2,0264	981,5	980,0	981,0		
44,5549	2,0295	981,4	980,0	981,1		
44,5632	2,0309	981,4	980,0	981,1		
44,5716	2,0273	981,4	979,9	980,9		
44,5799	2,0264	981,4	980,0	981,0		
44,5882	2,0340	981,4	979,9	981,0		
44,5966	2,0340	981,3	980,0	981,0		
44,6049	2,0313	981,4	979,9	981,0		
44,6132	2,0437	981,3	979,9	980,9		
44,6216	2,0295	981,3	979,9	981,0		
44,6299	2,0349	981,3	980,0	981,0		
44,6382	2,0340	981,4	980,0	981,0		
44,6466	2,0455	981,4	980,0	981,0		
44,6549	2,0393	981,3	979,9	980,9		
44,6632	2,0371	981,4	979,9	980,9		
44,6716	2,0397	981,4	979,9	981,0		
44,6799	2,0393	981,4	979,9	981,0		
44,6882	2,0424	981,4	979,9	980,9		
44,6966	2,0375	981,4	979,9	981,0		
44,7049	2,0397	981,4	979,9	981,0		
44,7132	2,0282	981,4	979,9	980,9		
44,7216	2,0389	981,4	980,0	981,0		
44,7299	2,0406	981,4	979,9	981,0		
44,7382	2,0477	981,4	980,0	981,0		
44,7466	2,0446	981,3	979,9	981,0		
44,7549	2,0561	981,4	979,9	980,9		
44,7632	2,0446	981,4	979,9	981,0		
44,7716	2,0420	981,4	979,9	981,0		
44,7799	2,0424	981,4	979,9	980,9		
44,7882	2,0601	981,5	980,0	981,0		
44,7966	2,0522	981,4	980,0	981,0		
44,8049	2,0495	981,4	979,9	981,0		
44,8132	2,0606	981,3	980,1	981,4		
44,8216	2,0601	981,4	980,3	981,6		
44,8299	2,0557	981,6	980,4	981,7		
44,8382	2,0637	981,6	980,4	981,6		
44,8466	2,0664	981,5	980,4	981,5		
44,8549	2,0624	981,6	980,4	981,6		
44,8632	2,0655	981,6	980,4	981,5		
44,8716	2,0655	981,6	980,4	981,6		
44,8799	2,0588	981,6	980,4	981,6		
44,8882	2,0677	981,6	980,4	981,5		
44,8966	2,0703	981,6	980,4	981,6		
44,9049	2,0739	981,7	980,4	981,5		
44,9132	2,0646	981,6	980,4	981,6		
44,9216	2,0752	981,6	980,4	981,6		
44,9299	2,0672	981,7	980,5	981,7		
44,9382	2,0690	981,6	980,4	981,5		
44,9466	2,0717	981,6	980,4	981,6		
44,9549	2,0761	981,5	980,3	981,5		
44,9632	2,0708	981,6	980,4	981,6		
44,9716	2,0801	981,6	980,4	981,6		
44,9799	2,0739	981,6	980,3	981,5		
44,9882	2,0797	981,5	980,3	981,5		
44,9966	2,0770	981,6	980,3	981,6		
45,0049	2,0739	981,6	980,4	981,6		
45,0132	2,0885	981,5	980,3	981,5		
45,0216	2,0836	981,5	980,4	981,5		
45,0299	2,0876	981,6	980,4	981,6		
45,0382	2,0814	981,6	980,4	981,6		
45,0466	2,0859	981,6	980,4	981,5		
45,0549	2,0868	981,5	980,4	981,5		
45,0632	2,0868	981,6	980,4	981,6		
45,0716	2,0845	981,5	980,4	981,5		
45,0799	2,0899	981,5	980,4	981,5		
45,0882	2,1009	981,6	980,3	981,5		
45,0966	2,0894	981,6	980,4	981,6		
45,1049	2,0916	981,6	980,4	981,5		
45,1132	2,0930	981,6	980,4	981,6		
45,1216	2,0978	981,5	980,4	981,5		
45,1299	2,0992	981,5	980,3	981,4		
45,1382	2,0974	981,6	980,4	981,5		
45,1466	2,1103	981,6	980,3	981,5		
45,1549	2,1076	981,5	980,3	981,5		
45,1632	2,1027	981,6	980,3	981,5		
45,1716	2,1014	981,6	980,3	981,5		
45,1799	2,0970	981,6	980,3	981,6		
45,1882	2,1023	981,5	980,4	981,5		
45,1966	2,1040	981,6	980,4	981,5		
45,2049	2,1032	981,5	980,3	981,5		
45,2132	2,1063	981,4	980,2	981,4		
45,2216	2,1072	981,5	980,2	981,5		
45,2299	2,1054	981,6	980,3	981,5		
45,2382	2,1058	981,6	980,3	981,5		
45,2466	2,1058	981,6	980,4	981,5		
45,2549	2,1032	981,6	980,4	981,5		
45,2632	2,1018	981,6	980,4	981,5		
45,2716	2,1107	981,6	980,3	981,5		
45,2799	2,1107	981,6	980,3	981,5		
45,2882	2,1111	981,6	980,4	981,5		
45,2966	2,1165	981,6	980,4	981,5		
45,3049	2,1187	981,6	980,4	981,6		
45,3132	2,1178	981,5	980,4	981,5		
45,3216	2,1169	981,6	980,3	981,4		
45,3299	2,1213	981,7	980,4	981,6		
45,3382	2,1191	981,6	980,4	981,5		
45,3466	2,1249	981,6	980,4	981,5		
45,3549	2,1245	981,6	980,4	981,5		
45,3632	2,1258	981,5	980,3	981,5		
45,3716	2,1227	981,6	980,3	981,6		
45,3799	2,1289	981,6	980,4	981,6		
45,3882	2,1271	981,5	980,4	981,5		
45,3966	2,1351	981,5	980,3	981,5		
45,4049	2,1258	981,6	980,4	981,6		
45,4132	2,1329	981,6	980,3	981,5		
45,4216	2,1338	981,5	980,3	981,5		
45,4299	2,1342	981,5	980,3	981,5		
45,4382	2,1315	981,5	980,3	981,5		
45,4466	2,1307	981,5	980,3	981,5		
45,4549	2,1338	981,6	980,3	981,4		
45,4632	2,1382	981,5	980,3	981,5		
45,4716	2,1364	981,5	980,4	981,5		
45,4799	2,1426	981,6	980,3	981,5		
45,4882	2,1417	981,5	980,3	981,5		
45,4966	2,1484	981,5	980,4	981,6		
45,5049	2,1475	981,6	980,3	981,6		
45,5132	2,1400	981,6	980,4	981,6		
45,5216	2,1497	981,6	980,4	981,6		
45,5299	2,1409	981,6	980,4	981,5		
45,5382	2,1435	981,6	980,4	981,5		
45,5466	2,1506	981,6	980,4	981,7		
45,5549	2,1475	981,6	980,4	981,5		
45,5632	2,1453	981,6	980,4	981,6		
45,5716	2,1528	981,6	980,4	981,6		
45,5799	2,1519	981,6	980,4	981,6		
45,5882	2,1497	981,6	980,4	981,6		
45,5966	2,1515	981,6	980,4	981,6		
45,6049	2,1568	981,5	980,3	981,6		
45,6132	2,1546	981,5	980,3	981,5		
45,6216	2,1590	981,7	980,4	981,6		
45,6299	2,1533	981,6	980,4	981,5		
45,6382	2,1630	981,6	980,3	981,5		
45,6466	2,1604	981,6	980,4	981,6		
45,6549	2,1608	981,6	980,4	981,6		
45,6632	2,1595	981,5	980,4	981,5		
45,6716	2,1564	981,8	980,4	981,5		
45,6799	2,1630	981,7	980,5	981,6		
45,6882	2,1750	981,6	980,4	981,5		
45,6966	2,1635	981,7	980,3	981,5		
45,7049	2,1697	981,7	980,4	981,6		
45,7132	2,1661	981,8	980,5	981,6		
45,7216	2,1724	981,7	980,4	981,5		
45,7299	2,1692	981,7	980,4	981,6		
45,7382	2,1697	981,7	980,4	981,5		
45,7466	2,1706	981,6	980,4	981,5		
45,7549	2,1692	981,6	980,3	981,5		
45,7632	2,1746	981,6	980,3	981,6		
45,7716	2,1706	981,6	980,4	981,6		
45,7799	2,1790	981,6	980,4	981,6		
45,7882	2,1755	981,5	980,4	981,6		
45,7966	2,1768	981,6	980,4	981,5		
45,8049	2,1755	981,6	980,4	981,5		
45,8132	2,1870	981,5	980,3	981,4		
45,8216	2,1843	981,5	980,3	981,5		
45,8299	2,1861	981,5	980,3	981,5		
45,8382	2,1865	981,5	980,3	981,5		
45,8466	2,1794	981,5	980,3	981,5		
45,8549	2,1892	981,6	980,3	981,5		
45,8632	2,1817	981,6	980,4	981,5		
45,8716	2,1901	981,5	980,3	981,4		
45,8799	2,1941	981,6	980,3	981,5		
45,8882	2,1945	981,6	980,3	981,6		
45,8966	2,1994	981,5	980,4	981,5		
45,9049	2,2012	981,5	980,3	981,5		
45,9132	2,1936	981,5	980,3	981,5		
45,9216	2,1981	981,7	980,4	981,6		
45,9299	2,1998	982,0	980,6	981,6		
45,9382	2,1963	982,0	980,5	981,6		
45,9466	2,2043	981,8	980,5	981,6		
45,9549	2,1981	981,8	980,5	981,6		
45,9632	2,2030	981,7	980,5	981,5		
45,9716	2,2016	981,8	980,5	981,6		
45,9799	2,2034	981,7	980,5	981,6		
45,9882	2,2074	981,7	980,4	981,6		
45,9966	2,2087	981,7	980,4	981,5		
46,0049	2,2101	981,7	980,5	981,6		
46,0132	2,2105	981,7	980,4	981,5		
46,0216	2,2025	981,7	980,4	981,6		
46,0299	2,2118	981,7	980,4	981,5		
46,0382	2,2078	981,6	980,4	981,6		
46,0466	2,2087	981,7	980,5	981,6		
46,0549	2,2069	981,6	980,4	981,5		
46,0632	2,2136	981,7	980,4	981,6		
46,0716	2,2109	981,7	980,4	981,5		
46,0799	2,2176	981,6	980,4	981,6		
46,0882	2,2127	981,6	980,4	981,6		
46,0966	2,2149	981,7	980,4	981,5		
46,1049	2,2260	981,6	980,3	981,5		
46,1132	2,2105	981,5	980,3	981,6		
46,1216	2,2123	981,6	980,4	981,5		
46,1299	2,2327	981,6	980,4	981,5		
46,1382	2,2265	981,6	980,4	981,6		
46,1466	2,2140	981,6	980,3	981,5		
46,1549	2,2273	981,5	980,3	981,5		
46,1632	2,2167	981,5	980,4	981,5		
46,1716	2,2291	981,5	980,3	981,5		
46,1799	2,2247	981,5	980,4	981,6		
46,1882	2,2300	981,5	980,3	981,5		
46,1966	2,2207	981,4	980,2	981,4		
46,2049	2,2291	981,5	980,3	981,5		
46,2132	2,2402	981,7	980,4	981,6		
46,2216	2,2305	981,7	980,4	981,5		
46,2299	2,2367	981,6	980,4	981,5		
46,2382	2,2380	981,6	980,3	981,6		
46,2466	2,2362	981,6	980,3	981,5		
46,2549	2,2367	981,6	980,4	981,6		
46,2632	2,2375	981,6	980,3	981,5		
46,2716	2,2393	981,6	980,4	981,6		
46,2799	2,2402	981,5	980,3	981,6		
46,2882	2,2442	981,5	980,3	981,5		
46,2966	2,2344	981,6	980,3	981,6		
46,3049	2,2371	981,6	980,4	981,6		
46,3132	2,2460	981,6	980,4	981,6		
46,3216	2,2455	981,5	980,3	981,4		
46,3299	2,2473	981,5	980,3	981,5		
46,3382	2,2517	981,5	980,3	981,6		
46,3466	2,2504	981,7	980,4	981,5		
46,3549	2,2557	981,7	980,4	981,6		
46,3632	2,2531	981,8	980,5	981,6		
46,3716	2,2624	981,7	980,4	981,5		
46,3799	2,2531	981,6	980,4	981,5		
46,3882	2,2593	981,6	980,4	981,5		
46,3966	2,2553	981,5	980,3	981,4		
46,4049	2,2646	981,5	980,3	981,5		
46,4132	2,2513	981,5	980,4	981,5		
46,4216	2,2611	981,5	980,3	981,5		
46,4299	2,2646	981,4	980,3	981,5		
46,4382	2,2624	981,6	980,4	981,5		
46,4466	2,2664	981,6	980,4	981,5		
46,4549	2,2602	981,5	980,3	981,5		
46,4632	2,2686	981,5	980,3	981,5		
46,4716	2,2642	981,5	980,3	981,5		
46,4799	2,2735	981,6	980,4	981,6		
46,4882	2,2668	981,6	980,4	981,6		
46,4966	2,2690	981,5	980,4	981,5		
46,5049	2,2668	981,6	980,4	981,5		
46,5132	2,2730	981,5	980,3	981,5		
46,5216	2,2752	981,5	980,4	981,5		
46,5299	2,2752	981,5	980,3	981,6		
46,5382	2,2748	981,5	980,4	981,6		
46,5466	2,2761	981,6	980,4	981,5		
46,5549	2,2792	981,6	980,5	981,6		
46,5632	2,2854	981,5	980,3	981,5		
46,5716	2,2823	981,5	980,4	981,6		
46,5799	2,2881	981,7	980,4	981,6		
46,5882	2,2775	981,5	980,4	981,5		
46,5966	2,2872	981,4	980,3	981,5		
46,6049	2,2908	981,7	980,4	981,6		
46,6132	2,2850	981,5	980,3	981,5		
46,6216	2,2961	981,6	980,3	981,6		
46,6299	2,2899	981,7	980,4	981,6		
46,6382	2,2881	981,7	980,4	981,5		
46,6466	2,2890	981,6	980,4	981,6		
46,6549	2,2841	981,6	980,3	981,5		
46,6632	2,2850	981,6	980,4	981,6		
46,6716	2,2899	981,6	980,4	981,6		
46,6799	2,2979	981,6	980,3	981,5		
46,6882	2,2925	981,6	980,4	981,6		
46,6966	2,2992	981,5	980,3	981,5		
46,7049	2,2930	981,5	980,3	981,5		
46,7132	2,2939	981,5	980,4	981,6		
46,7216	2,2988	981,6	980,3	981,6		
46,7299	2,2974	981,5	980,3	981,5		
46,7382	2,3023	981,5	980,3	981,5		
46,7466	2,2988	981,5	980,4	981,5		
46,7549	2,3063	981,6	980,4	981,6		
46,7632	2,3085	981,6	980,4	981,6		
46,7716	2,3081	981,6	980,3	981,5		
46,7799	2,3156	981,5	980,3	981,5		
46,7882	2,3129	981,5	980,4	981,6		
46,7966	2,3138	981,5	980,3	981,5		
46,8049	2,3067	981,5	980,4	981,6		
46,8132	2,3081	981,5	980,4	981,5		
46,8216	2,3134	981,5	980,3	981,6		
46,8299	2,3200	981,5	980,4	981,5		
46,8382	2,3152	981,7	980,4	981,6		
46,8466	2,3103	981,6	980,4	981,5		
46,8549	2,3209	981,5	980,3	981,5		
46,8632	2,3161	981,5	980,3	981,5		
46,8716	2,3214	981,7	980,5	981,6		
46,8799	2,3178	981,7	980,4	981,5		
46,8882	2,3294	981,6	980,5	981,6		
46,8966	2,3263	981,6	980,4	981,6		
46,9049	2,3333	981,6	980,4	981,6		
46,9132	2,3231	981,7	980,5	981,6		
46,9216	2,3245	981,7	980,4	981,5		
46,9299	2,3294	981,5	980,3	981,5		
46,9382	2,3325	981,5	980,3	981,5		
46,9466	2,3280	981,5	980,3	981,6		
46,9549	2,3365	981,5	980,3	981,5		
46,9632	2,3320	981,5	980,3	981,5		
46,9716	2,3378	981,5	980,4	981,6		
46,9799	2,3418	981,5	980,3	981,5		
46,9882	2,3387	981,4	980,3	981,5		
46,9966	2,3387	981,5	980,3	981,7		
47,0049	2,3462	981,4	980,3	981,6		
47,0132	2,3440	981,6	980,4	981,6		
47,0216	2,3391	981,9	980,6	981,6		
47,0299	2,3440	981,9	980,5	981,6		
47,0382	2,3440	981,8	980,5	981,7		
47,0466	2,3409	981,8	980,5	981,6		
47,0549	2,3418	981,8	980,6	981,7		
47,0632	2,3462	981,8	980,6	981,6		
47,0716	2,3435	981,8	980,5	981,6		
47,0799	2,3551	981,7	980,5	981,6		
47,0882	2,3555	981,7	980,5	981,6		
47,0966	2,3564	981,7	980,5	981,6		
47,1049	2,3533	981,7	980,5	981,6		
47,1132	2,3493	981,7	980,4	981,7		
47,1216	2,3511	981,7	980,5	981,6		
47,1299	2,3635	981,7	980,4	981,6		
47,1382	2,3586	981,6	980,4	981,5		
47,1466	2,3591	981,6	980,4	981,6		
47,1549	2,3560	981,6	980,4	981,6		
47,1632	2,3569	981,7	980,4	981,5		
47,1716	2,3604	981,6	980,4	981,5		
47,1799	2,3666	981,6	980,4	981,6		
47,1882	2,3662	981,6	980,4	981,6		
47,1966	2,3622	981,7	980,5	981,7		
47,2049	2,3555	981,7	980,4	981,6		
47,2132	2,3644	981,6	980,4	981,6		
47,2216	2,3724	981,6	980,4	981,6		
47,2299	2,3715	981,6	980,4	981,7		
47,2382	2,3733	981,5	980,3	981,5		
47,2466	2,3671	981,5	980,3	981,5		
47,2549	2,3737	981,6	980,4	981,6		
47,2632	2,3737	981,6	980,4	981,6		
47,2716	2,3817	981,6	980,4	981,6		
47,2799	2,3755	981,6	980,4	981,5		
47,2882	2,3795	981,6	980,4	981,6		
47,2966	2,3781	981,6	980,4	981,6		
47,3049	2,3719	981,6	980,5	981,6		
47,3132	2,3866	981,6	980,4	981,5		
47,3216	2,3883	981,5	980,4	981,6		
47,3299	2,3844	981,4	980,3	981,6		
47,3382	2,3937	981,5	980,4	981,6		
47,3466	2,3946	981,5	980,3	981,6		
47,3549	2,3950	981,5	980,3	981,5		
47,3632	2,3866	981,5	980,3	981,6		
47,3716	2,3906	981,5	980,4	981,6		
47,3799	2,3892	981,5	980,3	981,5		
47,3882	2,3870	981,5	980,4	981,6		
47,3966	2,3875	981,6	980,4	981,6		
47,4049	2,3897	981,6	980,4	981,6		
47,4132	2,3928	981,6	980,4	981,6		
47,4216	2,4092	981,6	980,4	981,5		
47,4299	2,3985	981,6	980,4	981,6		
47,4382	2,4096	981,6	980,4	981,6		
47,4466	2,4039	981,6	980,4	981,6		
47,4549	2,4008	981,6	980,4	981,5		
47,4632	2,4039	981,6	980,4	981,6		
47,4716	2,4012	981,6	980,4	981,5		
47,4799	2,4070	981,6	980,4	981,6		
47,4882	2,4039	981,6	980,5	981,6		
47,4966	2,4016	981,5	980,4	981,5		
47,5049	2,4052	981,5	980,4	981,6		
47,5132	2,4101	981,6	980,4	981,6		
47,5216	2,4150	981,6	980,4	981,6		
47,5299	2,4123	981,6	980,4	981,5		
47,5382	2,4221	981,5	980,4	981,7		
47,5466	2,4207	981,5	980,4	981,6		
47,5549	2,4181	981,5	980,4	981,5		
47,5632	2,4176	981,7	980,4	981,7		
47,5716	2,4194	981,7	980,4	981,7		
47,5799	2,4260	981,6	980,4	981,6		
47,5882	2,4150	981,7	980,4	981,6		
47,5966	2,4225	981,6	980,4	981,6		
47,6049	2,4238	981,5	980,3	981,6		
47,6132	2,4256	981,7	980,5	981,7		
47,6216	2,4216	981,8	980,5	981,7		
47,6299	2,4212	981,6	980,4	981,6		
47,6382	2,4296	981,6	980,4	981,6		
47,6466	2,4318	981,6	980,4	981,6		
47,6549	2,4345	981,5	980,3	981,6		
47,6632	2,4345	981,6	980,4	981,6		
47,6716	2,4411	981,6	980,3	981,6		
47,6799	2,4265	981,6	980,3	981,6		
47,6882	2,4345	981,5	980,4	981,5		
47,6966	2,4354	981,5	980,3	981,5		
47,7049	2,4305	981,6	980,4	981,7		
47,7132	2,4447	981,6	980,4	981,6		
47,7216	2,4340	981,7	980,4	981,6		
47,7299	2,4456	981,7	980,4	981,5		
47,7382	2,4411	981,7	980,4	981,6		
47,7466	2,4407	981,9	980,5	981,7		
47,7549	2,4482	981,9	980,6	981,6		
47,7632	2,4513	981,8	980,5	981,5		
47,7716	2,4460	981,8	980,5	981,5		
47,7799	2,4527	981,8	980,5	981,6		
47,7882	2,4549	981,7	980,5	981,6		
47,7966	2,4491	981,6	980,4	981,5		
47,8049	2,4513	981,7	980,5	981,6		
47,8132	2,4513	981,7	980,5	981,6		
47,8216	2,4593	981,8	980,5	981,7		
47,8299	2,4575	981,7	980,5	981,6		
47,8382	2,4544	981,7	980,4	981,5		
47,8466	2,4589	981,5	980,4	981,6		
47,8549	2,4598	981,5	980,4	981,6		
47,8632	2,4584	981,6	980,4	981,6		
47,8716	2,4615	981,6	980,4	981,5		
47,8799	2,4677	981,6	980,4	981,6		
47,8882	2,4642	981,5	980,3	981,6		
47,8966	2,4655	981,6	980,4	981,6		
47,9049	2,4677	981,6	980,4	981,6		
47,9132	2,4735	981,6	980,4	981,6		
47,9216	2,4713	981,7	980,5	981,6		
47,9299	2,4708	981,9	980,6	981,6		
47,9382	2,4810	981,8	980,6	981,7		
47,9466	2,4744	981,7	980,5	981,6		
47,9549	2,4682	981,7	980,4	981,5		
47,9632	2,4731	981,6	980,4	981,6		
47,9716	2,4726	981,6	980,4	981,6		
47,9799	2,4797	981,5	980,4	981,6		
47,9882	2,4784	981,5	980,3	981,6		
47,9966	2,4819	981,6	980,4	981,6		
48,0049	2,4828	981,6	980,4	981,5		
48,0132	2,4815	981,5	980,3	981,5		
48,0216	2,4806	981,4	980,3	981,6		
48,0299	2,4850	981,8	980,5	981,7		
48,0382	2,4833	981,9	980,5	981,6		
48,0466	2,4864	981,8	980,5	981,6		
48,0549	2,4979	981,8	980,5	981,7		
48,0632	2,4899	981,7	980,5	981,6		
48,0716	2,4917	981,7	980,5	981,7		
48,0799	2,4966	981,6	980,4	981,5		
48,0882	2,4979	981,5	980,4	981,6		
48,0966	2,4988	981,6	980,4	981,6		
48,1049	2,5032	981,6	980,4	981,5		
48,1132	2,4952	981,6	980,4	981,6		
48,1216	2,4974	981,6	980,4	981,6		
48,1299	2,4952	981,6	980,4	981,5		
48,1382	2,4997	981,6	980,4	981,6		
48,1466	2,5041	981,6	980,3	981,5		
48,1549	2,5108	981,5	980,4	981,6		
48,1632	2,5077	981,5	980,4	981,6		
48,1716	2,5023	981,5	980,3	981,5		
48,1799	2,5139	981,5	980,4	981,6		
48,1882	2,5130	981,5	980,3	981,6		
48,1966	2,5094	981,5	980,4	981,6		
48,2049	2,5139	981,8	980,5	981,5		
48,2132	2,5134	981,8	980,5	981,6		
48,2216	2,5227	981,7	980,5	981,6		
48,2299	2,5205	981,7	980,5	981,7		
48,2382	2,5121	981,6	980,4	981,5		
48,2466	2,5125	981,6	980,4	981,6		
48,2549	2,5285	981,7	980,5	981,6		
48,2632	2,5165	981,6	980,4	981,6		
48,2716	2,5272	981,6	980,4	981,6		
48,2799	2,5254	981,8	980,5	981,6		
48,2882	2,5254	981,7	980,5	981,7		
48,2966	2,5236	981,7	980,4	981,6		
48,3049	2,5210	981,6	980,4	981,6		
48,3132	2,5307	981,6	980,4	981,5		
48,3216	2,5374	981,6	980,4	981,6		
48,3299	2,5329	981,5	980,4	981,5		
48,3382	2,5307	981,7	980,4	981,6		
48,3466	2,5312	981,7	980,4	981,5		
48,3549	2,5374	981,7	980,4	981,5		
48,3632	2,5334	981,6	980,4	981,6		
48,3716	2,5453	981,6	980,4	981,7		
48,3799	2,5365	981,7	980,4	981,6		
48,3882	2,5431	981,6	980,4	981,6		
48,3966	2,5347	981,7	980,4	981,6		
48,4049	2,5378	981,6	980,5	981,7		
48,4132	2,5414	981,7	980,4	981,6		
48,4216	2,5431	981,7	980,5	981,7		
48,4299	2,5436	981,7	980,4	981,6		
48,4382	2,5422	981,7	980,4	981,6		
48,4466	2,5467	981,6	980,4	981,6		
48,4549	2,5507	981,7	980,5	981,7		
48,4632	2,5498	981,8	980,6	981,7		
48,4716	2,5511	981,8	980,5	981,6		
48,4799	2,5547	981,7	980,5	981,6		
48,4882	2,5520	981,7	980,5	981,7		
48,4966	2,5551	981,7	980,5	981,7		
48,5049	2,5613	981,7	980,4	981,6		
48,5132	2,5524	981,7	980,4	981,6		
48,5216	2,5573	981,6	980,4	981,6		
48,5299	2,5609	981,6	980,4	981,6		
48,5382	2,5618	981,6	980,4	981,5		
48,5466	2,5711	981,7	980,4	981,7		
48,5549	2,5658	981,7	980,4	981,6		
48,5632	2,5595	981,7	980,5	981,6		
48,5716	2,5764	981,7	980,4	981,6		
48,5799	2,5591	981,6	980,4	981,6		
48,5882	2,5742	981,7	980,4	981,6		
48,5966	2,5675	981,7	980,5	981,6		
48,6049	2,5733	981,6	980,4	981,6		
48,6132	2,5702	981,6	980,4	981,5		
48,6216	2,5720	981,7	980,4	981,6		
48,6299	2,5853	981,7	980,5	981,6		
48,6382	2,5706	981,7	980,4	981,5		
48,6466	2,5866	981,7	980,5	981,7		
48,6549	2,5875	981,6	980,5	981,6		
48,6632	2,5804	981,6	980,4	981,6		
48,6716	2,5875	981,7	980,4	981,6		
48,6799	2,5968	981,7	980,4	981,6		
48,6882	2,5915	981,6	980,4	981,6		
48,6966	2,5786	981,5	980,4	981,5		
48,7049	2,5928	981,6	980,4	981,6		
48,7132	2,5928	981,6	980,5	981,7		
48,7216	2,5888	981,6	980,5	981,6		
48,7299	2,5866	981,6	980,5	981,6		
48,7382	2,5941	981,6	980,4	981,5		
48,7466	2,5875	981,6	980,4	981,6		
48,7549	2,5919	981,6	980,4	981,6		
48,7632	2,5999	981,5	980,4	981,6		
48,7716	2,6017	981,5	980,3	981,6		
48,7799	2,5941	981,6	980,4	981,6		
48,7882	2,5955	981,6	980,3	981,6		
48,7966	2,6030	981,6	980,4	981,6		
48,8049	2,6003	981,5	980,4	981,6		
48,8132	2,6066	981,6	980,4	981,6		
48,8216	2,5990	981,7	980,5	981,6		
48,8299	2,6066	981,6	980,4	981,6		
48,8382	2,6101	981,6	980,4	981,6		
48,8466	2,6105	981,6	980,4	981,6		
48,8549	2,6123	981,5	980,3	981,5		
48,8632	2,6105	981,5	980,4	981,6		
48,8716	2,6114	981,6	980,4	981,6		
48,8799	2,6092	981,6	980,4	981,6		
48,8882	2,6145	981,6	980,4	981,6		
48,8966	2,6159	981,6	980,4	981,6		
48,9049	2,6225	981,7	980,4	981,7		
48,9132	2,6194	981,7	980,5	981,6		
48,9216	2,6265	981,7	980,5	981,7		
48,9299	2,6190	981,7	980,5	981,7		
48,9382	2,6216	981,6	980,4	981,5		
48,9466	2,6296	981,7	980,5	981,7		
48,9549	2,6225	981,7	980,5	981,7		
48,9632	2,6225	981,6	980,4	981,6		
48,9716	2,6327	981,7	980,4	981,6		
48,9799	2,6278	981,6	980,4	981,6		
48,9882	2,6305	981,8	980,5	981,7		
48,9966	2,6305	981,7	980,5	981,6		
49,0049	2,6403	981,7	980,4	981,5		
49,0132	2,6278	981,6	980,5	981,6		
49,0216	2,6376	981,6	980,4	981,6		
49,0299	2,6336	981,7	980,5	981,7		
49,0382	2,6403	981,7	980,5	981,5		
49,0466	2,6545	981,6	980,4	981,6		
49,0549	2,6438	981,6	980,4	981,5		
49,0632	2,6491	981,6	980,4	981,6		
49,0716	2,6434	981,6	980,4	981,5		
49,0799	2,6478	981,6	980,4	981,5		
49,0882	2,6531	981,6	980,4	981,5		
49,0966	2,6500	981,6	980,5	981,7		
49,1049	2,6443	981,6	980,4	981,6		
49,1132	2,6474	981,6	980,4	981,6		
49,1216	2,6553	981,6	980,4	981,5		
49,1299	2,6522	981,6	980,4	981,6		
49,1382	2,6514	981,6	980,4	981,7		
49,1466	2,6607	981,6	980,4	981,6		
49,1549	2,6620	981,6	980,4	981,5		
49,1632	2,6624	981,7	980,4	981,6		
49,1716	2,6638	981,7	980,4	981,6		
49,1799	2,6655	981,6	980,4	981,6		
49,1882	2,6576	981,6	980,4	981,6		
49,1966	2,6678	981,6	980,5	981,6		
49,2049	2,6664	981,6	980,4	981,6		
49,2132	2,6651	981,6	980,4	981,6		
49,2216	2,6757	981,7	980,5	981,7		
49,2299	2,6718	981,7	980,5	981,7		
49,2382	2,6744	981,6	980,3	981,5		
49,2466	2,6762	981,7	980,4	981,7		
49,2549	2,6633	981,6	980,4	981,6		
49,2632	2,6691	981,6	980,4	981,6		
49,2716	2,6691	981,6	980,4	981,6		
49,2799	2,6709	981,7	980,5	981,7		
49,2882	2,6771	981,6	980,4	981,6		
49,2966	2,6802	981,6	980,4	981,6		
49,3049	2,6833	981,6	980,4	981,7		
49,3132	2,6753	981,7	980,5	981,6		
49,3216	2,6873	981,7	980,5	981,6		
49,3299	2,6837	981,7	980,4	981,6		
49,3382	2,6846	981,7	980,4	981,6		
49,3466	2,6815	981,8	980,5	981,7		
49,3549	2,6859	981,7	980,5	981,7		
49,3632	2,6882	981,7	980,4	981,6		
49,3716	2,6899	981,7	980,5	981,6		
49,3799	2,6957	981,7	980,5	981,7		
49,3882	2,6895	981,7	980,5	981,6		
49,3966	2,6855	981,6	980,4	981,6		
49,4049	2,7050	981,7	980,4	981,6		
49,4132	2,7024	981,7	980,4	981,6		
49,4216	2,7006	981,7	980,4	981,7		
49,4299	2,7081	981,6	980,4	981,6		
49,4382	2,7055	981,6	980,4	981,5		
49,4466	2,6993	981,7	980,5	981,6		
49,4549	2,7028	981,6	980,4	981,6		
49,4632	2,7055	981,6	980,3	981,5		
49,4716	2,7095	981,6	980,4	981,6		
49,4799	2,7108	981,6	980,4	981,6		
49,4882	2,7130	981,7	980,5	981,7		
49,4966	2,7126	981,6	980,4	981,5		
49,5049	2,7108	981,5	980,4	981,6		
49,5132	2,7157	981,6	980,4	981,5		
49,5216	2,7201	981,6	980,4	981,6		
49,5299	2,7188	981,7	980,4	981,6		
49,5382	2,7281	981,6	980,4	981,6		
49,5466	2,7214	981,6	980,4	981,6		
49,5549	2,7276	981,6	980,4	981,7		
49,5632	2,7290	981,7	980,5	981,7		
49,5716	2,7245	981,6	980,4	981,6		
49,5799	2,7179	981,6	980,4	981,6		
49,5882	2,7307	981,7	980,5	981,7		
49,5966	2,7307	981,7	980,5	981,7		
49,6049	2,7272	981,7	980,5	981,6		
49,6132	2,7321	981,7	980,5	981,7		
49,6216	2,7418	981,6	980,5	981,6		
49,6299	2,7343	981,6	980,4	981,6		
49,6382	2,7432	981,6	980,4	981,5		
49,6466	2,7396	981,6	980,4	981,5		
49,6549	2,7369	981,6	980,5	981,7		
49,6632	2,7427	981,7	980,4	981,6		
49,6716	2,7409	981,6	980,4	981,6		
49,6799	2,7436	981,7	980,5	981,6		
49,6882	2,7396	981,6	980,5	981,6		
49,6966	2,7480	981,7	980,5	981,7		
49,7049	2,7445	981,6	980,4	981,6		
49,7132	2,7378	981,7	980,5	981,7		
49,7216	2,7476	981,7	980,4	981,6		
49,7299	2,7520	981,6	980,4	981,6		
49,7382	2,7489	981,6	980,4	981,7		
49,7466	2,7529	981,7	980,5	981,6		
49,7549	2,7520	981,7	980,4	981,5		
49,7632	2,7525	981,6	980,4	981,5		
49,7716	2,7591	981,7	980,5	981,6		
49,7799	2,7582	981,7	980,5	981,7		
49,7882	2,7613	981,7	980,4	981,6		
49,7966	2,7596	981,7	980,5	981,6		
49,8049	2,7613	981,6	980,5	981,6		
49,8132	2,7676	981,6	980,4	981,6		
49,8216	2,7556	981,6	980,4	981,6		
49,8299	2,7676	981,6	980,3	981,5		
49,8382	2,7724	981,7	980,4	981,6		
49,8466	2,7689	981,6	980,4	981,6		
49,8549	2,7693	981,6	980,4	981,6		
49,8632	2,7733	981,7	980,4	981,6		
49,8716	2,7742	981,7	980,4	981,6		
49,8799	2,7746	981,6	980,4	981,6		
49,8882	2,7817	981,6	980,4	981,6		
49,8966	2,7817	981,7	980,5	981,7		
49,9049	2,7844	981,6	980,5	981,6		
49,9132	2,7795	981,6	980,4	981,6		
49,9216	2,7813	981,6	980,5	981,6		
49,9299	2,7848	981,7	980,5	981,7		
49,9382	2,7919	981,7	980,5	981,6		
49,9466	2,7857	981,6	980,4	981,6		
49,9549	2,7942	981,7	980,4	981,7		
49,9632	2,7871	981,7	980,5	981,6		
49,9716	2,7959	981,7	980,5	981,7		
49,9799	2,7902	981,6	980,4	981,6		
49,9882	2,7906	981,7	980,4	981,6		
49,9966	2,8008	981,6	980,5	981,7		
50,0049	2,7951	981,6	980,5	981,5		
50,0132	2,8030	981,6	980,5	981,6		
50,0216	2,8044	981,6	980,4	981,6		
50,0299	2,8070	981,6	980,4	981,6		
50,0382	2,8013	981,6	980,5	981,6		
50,0466	2,8088	981,6	980,5	981,6		
50,0549	2,7986	981,6	980,4	981,6		
50,0632	2,8101	981,6	980,4	981,7		
50,0716	2,8092	981,6	980,4	981,6		
50,0799	2,8061	981,6	980,3	981,5		
50,0882	2,8057	981,7	980,5	981,7		
50,0966	2,8159	981,7	980,4	981,7		
50,1049	2,8137	981,7	980,4	981,6		
50,1132	2,8146	981,7	980,4	981,6		
50,1216	2,8163	981,7	980,5	981,6		
50,1299	2,8168	981,7	980,4	981,6		
50,1382	2,8163	981,7	980,4	981,6		
50,1466	2,8190	981,7	980,4	981,7		
50,1549	2,8208	981,6	980,4	981,6		
50,1632	2,8181	981,6	980,4	981,7		
50,1716	2,8270	981,7	980,4	981,6		
50,1799	2,8208	981,7	980,5	981,7		
50,1882	2,8190	981,7	980,5	981,7		
50,1966	2,8230	981,6	980,4	981,6		
50,2049	2,8274	981,7	980,4	981,7		
50,2132	2,8327	981,7	980,4	981,6		
50,2216	2,8332	981,6	980,4	981,6		
50,2299	2,8367	982,0	980,6	981,7		
50,2382	2,8403	982,0	980,6	981,7		
50,2466	2,8376	981,9	980,6	981,6		
50,2549	2,8483	981,9	980,6	981,6		
50,2632	2,8492	981,9	980,5	981,6		
50,2716	2,8465	981,9	980,6	981,7		
50,2799	2,8425	981,8	980,6	981,7		
50,2882	2,8474	981,9	980,6	981,7		
50,2966	2,8580	981,8	980,5	981,6		
50,3049	2,8461	981,8	980,5	981,6		
50,3132	2,8589	981,8	980,5	981,7		
50,3216	2,8536	981,7	980,5	981,6		
50,3299	2,8554	981,7	980,5	981,6		
50,3382	2,8540	981,7	980,5	981,6		
50,3466	2,8602	981,7	980,5	981,7		
50,3549	2,8602	981,7	980,4	981,6		
50,3632	2,8611	981,7	980,5	981,7		
50,3716	2,8607	981,7	980,5	981,7		
50,3799	2,8567	981,7	980,4	981,6		
50,3882	2,8718	981,7	980,5	981,6		
50,3966	2,8602	981,6	980,5	981,6		
50,4049	2,8620	981,7	980,4	981,6		
50,4132	2,8682	981,7	980,5	981,6		
50,4216	2,8696	981,7	980,5	981,7		
50,4299	2,8744	981,7	980,5	981,6		
50,4382	2,8758	981,7	980,5	981,7		
50,4466	2,8700	981,6	980,5	981,6		
50,4549	2,8758	981,7	980,5	981,6		
50,4632	2,8749	981,7	980,4	981,7		
50,4716	2,8780	981,7	980,5	981,6		
50,4799	2,8718	981,6	980,4	981,6		
50,4882	2,8802	981,6	980,4	981,6		
50,4966	2,8771	981,7	980,4	981,6		
50,5049	2,8820	981,7	980,5	981,7		
50,5132	2,8873	981,7	980,4	981,6		
50,5216	2,8873	981,7	980,4	981,7		
50,5299	2,8926	981,7	980,4	981,7		
50,5382	2,8931	981,6	980,5	981,7		
50,5466	2,8895	981,7	980,4	981,7		
50,5549	2,8966	981,7	980,5	981,7		
50,5632	2,8962	981,7	980,4	981,6		
50,5716	2,8971	981,7	980,5	981,6		
50,5799	2,8966	981,7	980,4	981,6		
50,5882	2,9050	981,7	980,4	981,6		
50,5966	2,8993	981,7	980,5	981,7		
50,6049	2,9006	981,7	980,4	981,6		
50,6132	2,9086	981,8	980,5	981,7		
50,6216	2,9050	981,8	980,5	981,7		
50,6299	2,9015	981,7	980,5	981,7		
50,6382	2,9139	981,7	980,5	981,6		
50,6466	2,9050	981,7	980,5	981,7		
50,6549	2,9192	981,7	980,5	981,6		
50,6632	2,9046	981,7	980,5	981,6		
50,6716	2,9139	981,7	980,5	981,6		
50,6799	2,9095	981,7	980,5	981,7		
50,6882	2,9121	981,7	980,5	981,6		
50,6966	2,9077	981,7	980,5	981,6		
50,7049	2,9179	981,8	980,5	981,6		
50,7132	2,9250	981,1	980,0	980,9		
50,7216	2,9157	980,6	979,5	980,4		
50,7299	2,9246	980,9	979,7	980,9		
50,7382	2,9241	981,0	979,7	980,9		
50,7466	2,9201	980,8	979,7	980,7		
50,7549	2,9356	980,8	979,6	980,7		
50,7632	2,9206	980,7	979,6	980,7		
50,7716	2,9263	980,7	979,6	980,7		
50,7799	2,9365	980,7	979,6	980,7		
50,7882	2,9290	980,7	979,5	980,6		
50,7966	2,9254	980,8	979,5	980,7		
50,8049	2,9343	980,7	979,5	980,7		
50,8132	2,9246	980,6	979,4	980,5		
50,8216	2,9379	980,6	979,4	980,6		
50,8299	2,9410	980,7	979,5	980,6		
50,8382	2,9414	980,7	979,5	980,6		
50,8466	2,9450	980,6	979,5	980,6		
50,8549	2,9339	980,7	979,5	980,7		
50,8632	2,9476	980,7	979,4	980,6		
50,8716	2,9516	980,6	979,5	980,7		
50,8799	2,9525	980,7	979,5	980,7		
50,8882	2,9450	980,6	979,4	980,5		
50,8966	2,9481	980,7	979,4	980,7		
50,9049	2,9454	980,7	979,4	980,6		
50,9132	2,9507	980,7	979,5	980,6		
50,9216	2,9454	980,7	979,5	980,6		
50,9299	2,9565	980,7	979,4	980,6		
50,9382	2,9507	980,7	979,5	980,6		
50,9466	2,9565	980,7	979,4	980,6		
50,9549	2,9547	980,7	979,5	980,7		
50,9632	2,9534	980,7	979,5	980,6		
50,9716	2,9592	980,7	979,5	980,6		
50,9799	2,9671	980,7	979,4	980,6		
50,9882	2,9631	980,7	979,4	980,6		
50,9966	2,9609	980,8	979,5	980,6		
51,0049	2,9698	980,7	979,5	980,6		
51,0132	2,9658	980,7	979,5	980,5		
51,0216	2,9702	980,8	979,5	980,6		
51,0299	2,9738	980,8	979,5	980,7		
51,0382	2,9760	980,8	979,6	980,7		
51,0466	2,9694	980,7	979,5	980,5		
51,0549	2,9742	980,7	979,5	980,6		
51,0632	2,9800	980,7	979,5	980,6		
51,0716	2,9787	980,7	979,5	980,6		
51,0799	2,9725	980,7	979,5	980,6		
51,0882	2,9835	980,6	979,4	980,6		
51,0966	2,9800	980,7	979,4	980,5		
51,1049	2,9844	980,7	979,5	980,6		
51,1132	2,9813	980,7	979,5	980,6		
51,1216	2,9906	980,7	979,5	980,6		
51,1299	2,9884	980,6	979,4	980,6		
51,1382	2,9911	980,7	979,5	980,6		
51,1466	3,0013	980,7	979,5	980,6		
51,1549	2,9880	980,7	979,5	980,6		
51,1632	2,9937	980,7	979,5	980,6		
51,1716	3,0000	980,7	979,5	980,6		
51,1799	3,0035	980,7	979,5	980,6		
51,1882	3,0044	980,7	979,5	980,6		
51,1966	3,0053	980,6	979,4	980,5		
51,2049	3,0066	980,7	979,4	980,6		
51,2132	3,0004	980,6	979,4	980,6		
51,2216	3,0044	980,6	979,5	980,6		
51,2299	3,0150	980,7	979,5	980,6		
51,2382	3,0141	980,7	979,4	980,5		
51,2466	3,0119	980,7	979,4	980,6		
51,2549	3,0102	980,7	979,5	980,6		
51,2632	3,0102	980,7	979,4	980,6		
51,2716	3,0186	980,7	979,5	980,6		
51,2799	3,0221	980,6	979,5	980,6		
51,2882	3,0173	980,7	979,5	980,6		
51,2966	3,0164	980,7	979,5	980,6		
51,3049	3,0168	980,7	979,4	980,6		
51,3132	3,0235	980,7	979,5	980,6		
51,3216	3,0190	980,7	979,5	980,7		
51,3299	3,0221	980,7	979,5	980,6		
51,3382	3,0279	980,6	979,4	980,6		
51,3466	3,0261	980,6	979,5	980,6		
51,3549	3,0434	980,7	979,5	980,6		
51,3632	3,0226	980,7	979,5	980,6		
51,3716	3,0310	980,7	979,4	980,6		
51,3799	3,0372	980,6	979,4	980,6		
51,3882	3,0381	980,7	979,5	980,6		
51,3966	3,0359	980,7	979,5	980,6		
51,4049	3,0377	980,7	979,5	980,7		
51,4132	3,0323	980,7	979,5	980,6		
51,4216	3,0412	980,8	979,5	980,6		
51,4299	3,0456	980,7	979,5	980,7		
51,4382	3,0412	980,6	979,5	980,6		
51,4466	3,0385	980,6	979,4	980,6		
51,4549	3,0434	980,7	979,5	980,7		
51,4632	3,0510	980,7	979,4	980,6		
51,4716	3,0514	980,7	979,5	980,6		
51,4799	3,0421	980,7	979,5	980,6		
51,4882	3,0501	980,7	979,5	980,6		
51,4966	3,0479	980,7	979,5	980,6		
51,5049	3,0589	980,7	979,5	980,6		
51,5132	3,0563	980,7	979,6	980,6		
51,5216	3,0585	980,7	979,5	980,6		
51,5299	3,0607	980,8	979,5	980,7		
51,5382	3,0643	980,7	979,5	980,6		
51,5466	3,0709	980,7	979,4	980,5		
51,5549	3,0634	980,7	979,4	980,5		
51,5632	3,0705	980,7	979,5	980,6		
51,5716	3,0665	980,7	979,6	980,6		
51,5799	3,0598	980,7	979,5	980,5		
51,5882	3,0709	980,7	979,5	980,6		
51,5966	3,0691	980,7	979,5	980,6		
51,6049	3,0700	980,8	979,6	980,7		
51,6132	3,0824	980,7	979,5	980,6		
51,6216	3,0727	980,7	979,5	980,5		
51,6299	3,0785	980,7	979,5	980,6		
51,6382	3,0740	980,7	979,5	980,6		
51,6466	3,0847	980,7	979,5	980,5		
51,6549	3,0816	980,8	979,5	980,6		
51,6632	3,0807	980,8	979,5	980,6		
51,6716	3,0909	980,8	979,5	980,6		
51,6799	3,0856	980,7	979,4	980,6		
51,6882	3,0882	980,7	979,5	980,6		
51,6966	3,0940	980,8	979,6	980,6		
51,7049	3,0931	980,7	979,5	980,5		
51,7132	3,1006	980,7	979,5	980,5		
51,7216	3,0882	980,7	979,5	980,5		
51,7299	3,0962	980,7	979,5	980,6		
51,7382	3,1051	980,7	979,5	980,6		
51,7466	3,0997	980,7	979,4	980,6		
51,7549	3,0980	980,7	979,5	980,6		
51,7632	3,0993	980,7	979,5	980,5		
51,7716	3,1015	980,7	979,5	980,5		
51,7799	3,1055	980,7	979,4	980,5		
51,7882	3,1135	980,8	979,5	980,5		
51,7966	3,1064	980,8	979,5	980,6		
51,8049	3,1051	980,7	979,5	980,7		
51,8132	3,1104	980,8	979,5	980,7		
51,8216	3,1099	980,8	979,5	980,6		
51,8299	3,1175	980,8	979,5	980,6		
51,8382	3,1157	980,8	979,6	980,7		
51,8466	3,1139	980,8	979,5	980,6		
51,8549	3,1201	980,8	979,5	980,7		
51,8632	3,1259	980,8	979,5	980,6		
51,8716	3,1210	980,8	979,5	980,6		
51,8799	3,1233	980,8	979,5	980,6		
51,8882	3,1219	980,7	979,5	980,6		
51,8966	3,1303	980,8	979,5	980,6		
51,9049	3,1286	980,8	979,5	980,6		
51,9132	3,1401	980,7	979,5	980,6		
51,9216	3,1308	980,8	979,5	980,7		
51,9299	3,1321	980,7	979,5	980,6		
51,9382	3,1299	980,8	979,5	980,6		
51,9466	3,1290	980,7	979,5	980,5		
51,9549	3,1401	980,7	979,5	980,6		
51,9632	3,1472	980,8	979,6	980,7		
51,9716	3,1392	980,7	979,5	980,6		
51,9799	3,1499	980,7	979,5	980,6		
51,9882	3,1419	980,7	979,5	980,6		
51,9966	3,1476	980,7	979,5	980,5		
52,0049	3,1428	980,7	979,5	980,6		
52,0132	3,1481	980,7	979,5	980,6		
52,0216	3,1459	980,6	979,5	980,5		
52,0299	3,1565	980,7	979,5	980,7		
52,0382	3,1516	980,7	979,5	980,6		
52,0466	3,1472	980,6	979,4	980,5		
52,0549	3,1583	980,7	979,5	980,6		
52,0632	3,1618	980,7	979,6	980,6		
52,0716	3,1583	980,7	979,5	980,7		
52,0799	3,1645	980,7	979,5	980,7		
52,0882	3,1525	980,7	979,6	980,6		
52,0966	3,1654	980,7	979,5	980,7		
52,1049	3,1685	980,8	979,5	980,6		
52,1132	3,1685	980,7	979,5	980,6		
52,1216	3,1698	980,7	979,5	980,6		
52,1299	3,1747	980,7	979,5	980,7		
52,1382	3,1720	980,7	979,5	980,6		
52,1466	3,1729	980,7	979,5	980,6		
52,1549	3,1769	980,7	979,5	980,6		
52,1632	3,1845	980,6	979,5	980,6		
52,1716	3,1760	980,7	979,5	980,6		
52,1799	3,1862	980,7	979,4	980,5		
52,1882	3,1849	980,8	979,5	980,6		
52,1966	3,1889	980,8	979,6	980,6		
52,2049	3,1822	980,8	979,5	980,6		
52,2132	3,1893	980,7	979,5	980,6		
52,2216	3,1871	980,7	979,5	980,6		
52,2299	3,1876	980,7	979,5	980,6		
52,2382	3,1947	980,7	979,5	980,6		
52,2466	3,1911	980,7	979,5	980,7		
52,2549	3,1951	980,7	979,5	980,6		
52,2632	3,1947	980,7	979,5	980,7		
52,2716	3,1947	980,7	979,5	980,6		
52,2799	3,1987	980,7	979,4	980,6		
52,2882	3,2031	980,8	979,5	980,6		
52,2966	3,2031	980,8	979,5	980,7		
52,3049	3,2062	980,8	979,4	980,6		
52,3132	3,2075	980,8	979,5	980,6		
52,3216	3,2049	980,8	979,5	980,7		
52,3299	3,2071	980,8	979,5	980,7		
52,3382	3,2049	980,8	979,6	980,7		
52,3466	3,2044	980,8	979,5	980,6		
52,3549	3,2062	980,7	979,4	980,6		
52,3632	3,2151	980,8	979,5	980,6		
52,3716	3,2199	980,8	979,6	980,7		
52,3799	3,2151	980,8	979,5	980,7		
52,3882	3,2137	980,8	979,5	980,6		
52,3966	3,2155	980,8	979,5	980,6		
52,4049	3,2306	980,8	979,4	980,6		
52,4132	3,2239	980,8	979,5	980,5		
52,4216	3,2341	980,8	979,5	980,5		
52,4299	3,2261	980,7	979,4	980,5		
52,4382	3,2328	980,7	979,5	980,6		
52,4466	3,2332	980,7	979,5	980,5		
52,4549	3,2346	980,7	979,5	980,6		
52,4632	3,2372	980,7	979,4	980,6		
52,4716	3,2452	980,7	979,4	980,6		
52,4799	3,2381	980,8	979,5	980,6		
52,4882	3,2417	980,7	979,5	980,6		
52,4966	3,2421	980,7	979,5	980,6		
52,5049	3,2381	980,7	979,5	980,6		
52,5132	3,2443	980,7	979,5	980,6		
52,5216	3,2403	980,7	979,5	980,6		
52,5299	3,2523	980,7	979,5	980,7		
52,5382	3,2554	980,7	979,5	980,7		
52,5466	3,2514	980,7	979,5	980,6		
52,5549	3,2501	980,8	979,5	980,6		
52,5632	3,2594	980,7	979,5	980,7		
52,5716	3,2568	980,7	979,5	980,6		
52,5799	3,2599	980,8	979,5	980,6		
52,5882	3,2621	980,7	979,5	980,6		
52,5966	3,2616	980,6	979,5	980,6		
52,6049	3,2599	980,7	979,5	980,5		
52,6132	3,2603	980,6	979,5	980,6		
52,6216	3,2740	980,7	979,5	980,6		
52,6299	3,2701	980,7	979,5	980,6		
52,6382	3,2709	980,9	979,6	980,7		
52,6466	3,2740	980,8	979,6	980,6		
52,6549	3,2714	980,8	979,5	980,6		
52,6632	3,2763	980,8	979,5	980,7		
52,6716	3,2763	980,8	979,5	980,6		
52,6799	3,2754	980,7	979,4	980,5		
52,6882	3,2834	980,7	979,5	980,7		
52,6966	3,2754	980,7	979,5	980,7		
52,7049	3,2807	980,7	979,5	980,6		
52,7132	3,2803	980,7	979,5	980,6		
52,7216	3,2811	980,6	979,4	980,5		
52,7299	3,2865	980,6	979,5	980,6		
52,7382	3,2896	980,7	979,5	980,6		
52,7466	3,2891	980,7	979,5	980,6		
52,7549	3,2958	980,8	979,5	980,7		
52,7632	3,2936	980,7	979,5	980,6		
52,7716	3,2971	980,8	979,5	980,6		
52,7799	3,2980	980,8	979,5	980,5		
52,7882	3,2940	980,8	979,5	980,6		
52,7966	3,3042	980,8	979,5	980,6		
52,8049	3,2989	980,8	979,5	980,6		
52,8132	3,3042	980,8	979,6	980,7		
52,8216	3,3007	980,8	979,5	980,6		
52,8299	3,3042	980,7	979,5	980,6		
52,8382	3,3069	980,8	979,5	980,5		
52,8466	3,3117	980,8	979,6	980,7		
52,8549	3,3078	980,8	979,5	980,6		
52,8632	3,3171	980,8	979,5	980,7		
52,8716	3,3091	980,7	979,5	980,6		
52,8799	3,3215	980,8	979,5	980,6		
52,8882	3,3171	980,8	979,6	980,7		
52,8966	3,3188	980,7	979,5	980,5		
52,9049	3,3162	980,8	979,5	980,6		
52,9132	3,3175	980,7	979,5	980,6		
52,9216	3,3299	980,7	979,5	980,6		
52,9299	3,3277	980,7	979,5	980,6		
52,9382	3,3277	980,8	979,6	980,7		
52,9466	3,3317	980,7	979,5	980,6		
52,9549	3,3255	980,7	979,5	980,6		
52,9632	3,3330	980,8	979,5	980,6		
52,9716	3,3361	980,7	979,5	980,7		
52,9799	3,3406	980,8	979,5	980,6		
52,9882	3,3401	980,8	979,6	980,6		
52,9966	3,3344	980,8	979,5	980,6		
53,0049	3,3428	980,7	979,5	980,6		
53,0132	3,3392	980,7	979,5	980,6		
53,0216	3,3459	980,8	979,5	980,7		
53,0299	3,3428	980,8	979,5	980,5		
53,0382	3,3543	980,7	979,4	980,5		
53,0466	3,3534	980,8	979,5	980,6		
53,0549	3,3490	980,6	979,4	980,6		
53,0632	3,3512	980,7	979,5	980,6		
53,0716	3,3557	980,8	979,5	980,6		
53,0799	3,3526	980,8	979,5	980,6		
53,0882	3,3583	980,7	979,5	980,7		
53,0966	3,3681	980,7	979,5	980,7		
53,1049	3,3596	980,7	979,5	980,5		
53,1132	3,3659	980,7	979,5	980,6		
53,1216	3,3747	980,8	979,5	980,6		
53,1299	3,3619	980,7	979,5	980,6		
53,1382	3,3605	980,8	979,5	980,6		
53,1466	3,3667	980,8	979,5	980,6		
53,1549	3,3698	980,8	979,5	980,6		
53,1632	3,3712	980,8	979,5	980,6		
53,1716	3,3721	980,8	979,5	980,5		
53,1799	3,3707	980,7	979,5	980,6		
53,1882	3,3774	980,8	979,6	980,6		
53,1966	3,3743	980,8	979,5	980,7		
53,2049	3,3827	980,9	979,6	980,7		
53,2132	3,3778	980,8	979,5	980,5		
53,2216	3,3827	980,7	979,5	980,6		
53,2299	3,3836	980,7	979,5	980,6		
53,2382	3,3876	980,8	979,5	980,7		
53,2466	3,3934	980,7	979,5	980,6		
53,2549	3,3836	980,8	979,6	980,6		
53,2632	3,3885	980,8	979,6	980,7		
53,2716	3,3880	980,8	979,5	980,6		
53,2799	3,4018	980,8	979,5	980,7		
53,2882	3,3947	980,8	979,6	980,7		
53,2966	3,3987	980,8	979,5	980,6		
53,3049	3,4062	980,8	979,5	980,6		
53,3132	3,3978	980,7	979,5	980,6		
53,3216	3,4049	980,8	979,5	980,6		
53,3299	3,4031	980,7	979,4	980,5		
53,3382	3,4089	980,8	979,5	980,5		
53,3466	3,4151	980,8	979,6	980,7		
53,3549	3,4173	980,7	979,5	980,6		
53,3632	3,4151	980,8	979,5	980,6		
53,3716	3,4133	980,8	979,5	980,5		
53,3799	3,4213	980,7	979,5	980,5		
53,3882	3,4217	980,8	979,6	980,6		
53,3966	3,4204	980,8	979,5	980,6		
53,4049	3,4244	980,8	979,6	980,6		
53,4132	3,4222	980,7	979,5	980,6		
53,4216	3,4346	980,7	979,5	980,6		
53,4299	3,4222	980,8	979,6	980,6		
53,4382	3,4257	980,8	979,5	980,7		
53,4466	3,4293	980,8	979,5	980,6		
53,4549	3,4368	980,8	979,5	980,6		
53,4632	3,4359	980,7	979,5	980,6		
53,4716	3,4368	980,7	979,5	980,6		
53,4799	3,4373	980,7	979,5	980,6		
53,4882	3,4377	980,7	979,4	980,5		
53,4966	3,4377	980,7	979,5	980,5		
53,5049	3,4382	980,7	979,5	980,6		
53,5132	3,4466	980,7	979,5	980,6		
53,5216	3,4426	980,7	979,5	980,5		
53,5299	3,4510	980,7	979,5	980,6		
53,5382	3,4497	980,7	979,6	980,6		
53,5466	3,4603	980,7	979,5	980,6		
53,5549	3,4523	980,7	979,4	980,6		
53,5632	3,4532	980,7	979,5	980,6		
53,5716	3,4523	980,8	979,5	980,6		
53,5799	3,4484	980,8	979,5	980,6		
53,5882	3,4554	980,7	979,5	980,6		
53,5966	3,4643	980,7	979,5	980,6		
53,6049	3,4674	980,8	979,5	980,6		
53,6132	3,4661	980,7	979,5	980,6		
53,6216	3,4563	980,7	979,5	980,6		
53,6299	3,4643	980,8	979,5	980,7		
53,6382	3,4705	980,7	979,5	980,6		
53,6466	3,4634	980,6	979,4	980,6		
53,6549	3,4776	980,7	979,5	980,6		
53,6632	3,4754	981,0	979,7	980,7		
53,6716	3,4710	981,0	979,6	980,6		
53,6799	3,4674	980,9	979,6	980,7		
53,6882	3,4812	980,9	979,6	980,6		
53,6966	3,4794	981,0	979,6	980,7		
53,7049	3,4869	980,9	979,6	980,7		
53,7132	3,4812	980,8	979,6	980,6		
53,7216	3,4803	980,9	979,5	980,7		
53,7299	3,4900	980,8	979,5	980,6		
53,7382	3,4861	980,7	979,5	980,6		
53,7466	3,4976	980,8	979,5	980,7		
53,7549	3,4976	980,8	979,5	980,6		
53,7632	3,4989	980,7	979,5	980,6		
53,7716	3,4927	980,7	979,5	980,5		
53,7799	3,4967	980,7	979,5	980,6		
53,7882	3,5020	980,7	979,5	980,6		
53,7966	3,4976	980,7	979,5	980,6		
53,8049	3,4971	980,7	979,5	980,7		
53,8132	3,5047	980,7	979,4	980,6		
53,8216	3,5153	980,7	979,5	980,6		
53,8299	3,5113	980,8	979,5	980,6		
53,8382	3,5175	980,7	979,5	980,6		
53,8466	3,5198	980,7	979,5	980,5		
53,8549	3,5127	980,7	979,5	980,5		
53,8632	3,5135	980,8	979,5	980,6		
53,8716	3,5198	980,8	979,6	980,6		
53,8799	3,5122	980,6	979,5	980,5		
53,8882	3,5144	980,7	979,5	980,5		
53,8966	3,5251	980,9	979,5	980,6		
53,9049	3,5313	980,9	979,6	980,7		
53,9132	3,5220	980,8	979,6	980,6		
53,9216	3,5308	980,7	979,5	980,7		
53,9299	3,5308	980,8	979,5	980,6		
53,9382	3,5286	980,8	979,6	980,7		
53,9466	3,5322	980,8	979,5	980,5		
53,9549	3,5424	980,7	979,5	980,6		
53,9632	3,5428	980,7	979,5	980,6		
53,9716	3,5335	980,7	979,5	980,6		
53,9799	3,5504	980,8	979,5	980,7		
53,9882	3,5419	980,7	979,4	980,5		
53,9966	3,5490	980,7	979,5	980,5		
54,0049	3,5535	980,7	979,5	980,6		
54,0132	3,5570	980,8	979,5	980,7		
54,0216	3,5477	980,8	979,5	980,6		
54,0299	3,5610	980,8	979,5	980,6		
54,0382	3,5583	980,8	979,5	980,7		
54,0466	3,5557	980,8	979,6	980,6		
54,0549	3,5592	980,8	979,5	980,7		
54,0632	3,5570	980,7	979,4	980,6		
54,0716	3,5628	980,7	979,5	980,6		
54,0799	3,5637	980,8	979,5	980,6		
54,0882	3,5623	980,8	979,5	980,6		
54,0966	3,5708	980,8	979,5	980,7		
54,1049	3,5637	980,8	979,5	980,7		
54,1132	3,5663	980,8	979,5	980,6		
54,1216	3,5637	980,8	979,5	980,6		
54,1299	3,5761	980,8	979,5	980,6		
54,1382	3,5708	980,8	979,5	980,6		
54,1466	3,5779	980,8	979,5	980,6		
54,1549	3,5805	980,8	979,6	980,6		
54,1632	3,5810	981,4	979,8	980,7		
54,1716	3,5872	981,3	979,8	980,7		
54,1799	3,5850	981,5	979,9	980,7		
54,1882	3,5845	981,5	980,0	980,9		
54,1966	3,5876	981,4	979,9	980,8		
54,2049	3,5903	981,3	979,8	980,7		
54,2132	3,5943	981,3	979,8	980,8		
54,2216	3,6000	981,2	979,8	980,7		
54,2299	3,5841	981,1	979,7	980,7		
54,2382	3,5947	981,1	979,7	980,7		
54,2466	3,5956	981,0	979,6	980,6		
54,2549	3,5996	980,9	979,6	980,6		
54,2632	3,6067	980,8	979,5	980,6		
54,2716	3,6018	980,7	979,5	980,5		
54,2799	3,6036	980,6	979,4	980,5		
54,2882	3,6009	980,5	979,3	980,6		
54,2966	3,6040	980,5	979,4	980,6		
54,3049	3,6107	980,5	979,4	980,5		
54,3132	3,6147	980,7	979,5	980,5		
54,3216	3,6133	980,9	979,5	980,6		
54,3299	3,6253	981,1	979,7	980,7		
54,3382	3,6240	981,0	979,7	980,7		
54,3466	3,6253	980,9	979,6	980,7		
54,3549	3,6169	981,0	979,6	980,6		
54,3632	3,6200	980,9	979,6	980,6		
54,3716	3,6244	980,9	979,6	980,7		
54,3799	3,6329	980,9	979,6	980,7		
54,3882	3,6271	980,8	979,5	980,6		
54,3966	3,6253	980,9	979,6	980,7		
54,4049	3,6315	980,9	979,6	980,7		
54,4132	3,6342	980,8	979,6	980,7		
54,4216	3,6395	980,8	979,6	980,7		
54,4299	3,6333	980,9	979,6	980,6		
54,4382	3,6417	980,9	979,5	980,6		
54,4466	3,6457	980,8	979,5	980,6		
54,4549	3,6408	980,9	979,5	980,6		
54,4632	3,6422	980,8	979,5	980,7		
54,4716	3,6488	980,9	979,6	980,7		
54,4799	3,6475	980,8	979,5	980,6		
54,4882	3,6555	980,8	979,5	980,6		
54,4966	3,6462	980,8	979,5	980,6		
54,5049	3,6604	980,9	979,6	980,6		
54,5132	3,6537	980,8	979,5	980,7		
54,5216	3,6479	980,9	979,6	980,7		
54,5299	3,6568	980,8	979,5	980,6		
54,5382	3,6652	980,9	979,5	980,6		
54,5466	3,6568	980,8	979,5	980,6		
54,5549	3,6626	980,8	979,5	980,7		
54,5632	3,6745	980,8	979,5	980,6		
54,5716	3,6675	980,8	979,5	980,6		
54,5799	3,6661	980,8	979,5	980,6		
54,5882	3,6750	980,8	979,5	980,6		
54,5966	3,6794	980,8	979,5	980,6		
54,6049	3,6750	980,8	979,5	980,6		
54,6132	3,6759	980,8	979,6	980,7		
54,6216	3,6710	980,8	979,5	980,5		
54,6299	3,6834	980,8	979,5	980,6		
54,6382	3,6936	980,8	979,6	980,6		
54,6466	3,6927	980,8	979,5	980,6		
54,6549	3,6865	980,8	979,5	980,5		
54,6632	3,6985	980,8	979,5	980,6		
54,6716	3,6923	980,9	979,5	980,6		
54,6799	3,6954	980,8	979,5	980,5		
54,6882	3,6981	980,8	979,6	980,6		
54,6966	3,6896	980,8	979,5	980,6		
54,7049	3,6914	980,8	979,5	980,6		
54,7132	3,7007	980,8	979,5	980,6		
54,7216	3,6989	980,8	979,5	980,6		
54,7299	3,7025	980,8	979,5	980,6		
54,7382	3,7043	980,7	979,5	980,6		
54,7466	3,7131	980,7	979,5	980,6		
54,7549	3,7105	980,7	979,5	980,7		
54,7632	3,7069	980,7	979,5	980,6		
54,7716	3,7109	980,8	979,5	980,6		
54,7799	3,7247	980,8	979,5	980,5		
54,7882	3,7220	980,8	979,5	980,6		
54,7966	3,7211	980,7	979,5	980,6		
54,8049	3,7167	980,8	979,5	980,6		
54,8132	3,7260	980,8	979,5	980,6		
54,8216	3,7242	980,7	979,5	980,6		
54,8299	3,7366	980,8	979,5	980,6		
54,8382	3,7326	980,8	979,5	980,6		
54,8466	3,7309	980,8	979,6	980,7		
54,8549	3,7335	980,8	979,5	980,5		
54,8632	3,7313	980,8	979,5	980,6		
54,8716	3,7340	980,8	979,5	980,6		
54,8799	3,7366	980,8	979,6	980,6		
54,8882	3,7473	980,7	979,4	980,6		
54,8966	3,7384	980,7	979,4	980,6		
54,9049	3,7477	980,8	979,5	980,6		
54,9132	3,7446	980,8	979,5	980,7		
54,9216	3,7460	980,8	979,5	980,5		
54,9299	3,7530	980,8	979,5	980,6		
54,9382	3,7601	980,8	979,5	980,7		
54,9466	3,7615	980,9	979,5	980,6		
54,9549	3,7584	980,8	979,5	980,6		
54,9632	3,7566	980,8	979,5	980,6		
54,9716	3,7633	980,8	979,5	980,7		
54,9799	3,7610	980,8	979,5	980,6		
54,9882	3,7597	980,8	979,5	980,6		
54,9966	3,7650	980,8	979,5	980,6		
55,0049	3,7690	980,9	979,6	980,6		
55,0132	3,7664	980,7	979,5	980,7		
55,0216	3,7664	980,8	979,5	980,6		
55,0299	3,7717	980,8	979,5	980,7		
55,0382	3,7859	980,7	979,5	980,6		
55,0466	3,7739	980,8	979,6	980,7		
55,0549	3,7739	980,9	979,6	980,7		
55,0632	3,7832	980,8	979,5	980,6		
55,0716	3,7890	980,8	979,4	980,5		
55,0799	3,7868	980,8	979,5	980,7		
55,0882	3,7863	980,8	979,5	980,6		
55,0966	3,7943	980,8	979,5	980,6		
55,1049	3,7956	980,8	979,5	980,6		
55,1132	3,7934	980,8	979,5	980,6		
55,1216	3,7907	980,8	979,4	980,5		
55,1299	3,7974	980,9	979,5	980,6		
55,1382	3,8018	980,8	979,5	980,5		
55,1466	3,8027	980,8	979,5	980,6		
55,1549	3,7987	980,8	979,5	980,6		
55,1632	3,8009	980,8	979,5	980,6		
55,1716	3,8080	980,7	979,5	980,6		
55,1799	3,8049	980,8	979,5	980,6		
55,1882	3,8027	980,8	979,5	980,6		
55,1966	3,8138	980,7	979,5	980,5		
55,2049	3,8222	980,7	979,4	980,5		
55,2132	3,8147	980,8	979,5	980,7		
55,2216	3,8316	980,7	979,4	980,6		
55,2299	3,8200	980,7	979,5	980,5		
55,2382	3,8174	980,7	979,4	980,5		
55,2466	3,8236	980,7	979,5	980,6		
55,2549	3,8245	980,7	979,4	980,5		
55,2632	3,8280	980,6	979,4	980,5		
55,2716	3,8342	980,6	979,4	980,6		
55,2799	3,8338	980,7	979,5	980,6		
55,2882	3,8395	980,7	979,5	980,6		
55,2966	3,8320	980,6	979,5	980,6		
55,3049	3,8364	980,6	979,4	980,6		
55,3132	3,8360	980,6	979,4	980,4		
55,3216	3,8515	980,5	979,3	980,5		
55,3299	3,8440	980,7	979,5	980,6		
55,3382	3,8466	981,0	979,6	980,6		
55,3466	3,8418	980,8	979,5	980,6		
55,3549	3,8418	980,7	979,5	980,5		
55,3632	3,8502	980,6	979,4	980,6		
55,3716	3,8493	980,7	979,4	980,6		
55,3799	3,8440	980,9	979,5	980,6		
55,3882	3,8546	980,8	979,5	980,6		
55,3966	3,8617	980,8	979,5	980,6		
55,4049	3,8613	980,9	979,6	980,7		
55,4132	3,8724	980,9	979,6	980,7		
55,4216	3,8653	980,9	979,6	980,7		
55,4299	3,8577	980,9	979,6	980,6		
55,4382	3,8710	980,9	979,6	980,7		
55,4466	3,8843	980,9	979,6	980,6		
55,4549	3,8719	980,9	979,5	980,6		
55,4632	3,8724	980,9	979,5	980,7		
55,4716	3,8759	981,0	979,6	980,7		
55,4799	3,8781	980,9	979,6	980,7		
55,4882	3,8812	980,9	979,6	980,6		
55,4966	3,8834	980,9	979,5	980,6		
55,5049	3,8857	980,9	979,6	980,6		
55,5132	3,8861	980,8	979,6	980,6		
55,5216	3,8839	980,9	979,6	980,6		
55,5299	3,8932	980,8	979,5	980,6		
55,5382	3,8972	980,9	979,6	980,6		
55,5466	3,8928	980,9	979,6	980,7		
55,5549	3,8972	980,9	979,6	980,6		
55,5632	3,9047	980,8	979,6	980,7		
55,5716	3,9065	980,8	979,5	980,7		
55,5799	3,9096	980,9	979,5	980,7		
55,5882	3,9140	980,8	979,6	980,6		
55,5966	3,9167	980,9	979,6	980,7		
55,6049	3,9127	980,8	979,6	980,7		
55,6132	3,9118	980,9	979,5	980,6		
55,6216	3,9163	980,8	979,6	980,7		
55,6299	3,9163	980,8	979,5	980,7		
55,6382	3,9180	980,8	979,5	980,5		
55,6466	3,9136	980,8	979,6	980,6		
55,6549	3,9331	980,8	979,5	980,7		
55,6632	3,9247	980,8	979,5	980,6		
55,6716	3,9216	980,7	979,5	980,5		
55,6799	3,9269	980,7	979,5	980,6		
55,6882	3,9318	980,8	979,5	980,7		
55,6966	3,9344	980,7	979,4	980,6		
55,7049	3,9322	980,7	979,5	980,6		
55,7132	3,9353	980,8	979,5	980,6		
55,7216	3,9344	980,8	979,5	980,6		
55,7299	3,9429	980,8	979,5	980,6		
55,7382	3,9353	980,8	979,5	980,6		
55,7466	3,9438	980,8	979,5	980,6		
55,7549	3,9580	980,7	979,4	980,5		
55,7632	3,9438	980,8	979,5	980,6		
55,7716	3,9464	980,8	979,5	980,6		
55,7799	3,9571	980,8	979,5	980,6		
55,7882	3,9526	980,7	979,4	980,6		
55,7966	3,9606	980,8	979,5	980,7		
55,8049	3,9619	980,8	979,5	980,6		
55,8132	3,9588	980,8	979,5	980,6		
55,8216	3,9655	980,9	979,5	980,6		
55,8299	3,9522	980,8	979,5	980,6		
55,8382	3,9655	980,9	979,6	980,7		
55,8466	3,9615	980,9	979,6	980,7		
55,8549	3,9748	980,9	979,5	980,6		
55,8632	3,9717	980,9	979,5	980,7		
55,8716	3,9735	980,9	979,5	980,6		
55,8799	3,9682	980,8	979,5	980,6		
55,8882	3,9784	980,9	979,5	980,7		
55,8966	3,9784	980,8	979,5	980,6		
55,9049	3,9792	980,8	979,5	980,6		
55,9132	3,9815	980,9	979,6	980,7		
55,9216	3,9881	980,8	979,6	980,7		
55,9299	3,9823	980,8	979,5	980,6		
55,9382	3,9832	980,8	979,5	980,6		
55,9466	3,9912	980,9	979,6	980,7		
55,9549	3,9832	980,8	979,5	980,6		
55,9632	3,9961	980,8	979,5	980,7		
55,9716	3,9948	980,9	979,6	980,6		
55,9799	3,9934	980,8	979,5	980,6		
55,9882	4,0059	980,9	979,5	980,6		
55,9966	4,0019	980,8	979,5	980,6		
56,0049	4,0081	980,8	979,5	980,5		
56,0132	4,0027	980,8	979,5	980,6		
56,0216	4,0094	980,8	979,5	980,6		
56,0299	4,0187	980,9	979,6	980,5		
56,0382	4,0121	980,8	979,5	980,6		
56,0466	4,0209	980,9	979,6	980,7		
56,0549	4,0152	980,9	979,6	980,7		
56,0632	4,0205	980,8	979,6	980,6		
56,0716	4,0232	980,9	979,6	980,6		
56,0799	4,0263	980,8	979,5	980,6		
56,0882	4,0276	980,9	979,5	980,6		
56,0966	4,0334	980,9	979,6	980,7		
56,1049	4,0280	980,9	979,6	980,6		
56,1132	4,0307	980,8	979,6	980,6		
56,1216	4,0396	980,8	979,5	980,6		
56,1299	4,0373	980,8	979,5	980,6		
56,1382	4,0396	980,9	979,5	980,5		
56,1466	4,0449	980,8	979,5	980,6		
56,1549	4,0498	980,9	979,6	980,6		
56,1632	4,0480	980,9	979,6	980,7		
56,1716	4,0489	980,9	979,6	980,7		
56,1799	4,0484	980,8	979,5	980,6		
56,1882	4,0511	980,8	979,5	980,6		
56,1966	4,0564	980,9	979,6	980,7		
56,2049	4,0586	980,9	979,6	980,7		
56,2132	4,0582	980,8	979,6	980,7		
56,2216	4,0631	980,8	979,5	980,6		
56,2299	4,0679	980,9	979,6	980,7		
56,2382	4,0688	980,9	979,6	980,6		
56,2466	4,0662	980,9	979,6	980,6		
56,2549	4,0702	980,8	979,6	980,6		
56,2632	4,0777	980,8	979,5	980,6		
56,2716	4,0648	980,9	979,5	980,6		
56,2799	4,0742	980,9	979,6	980,7		
56,2882	4,0742	980,9	979,6	980,7		
56,2966	4,0839	980,9	979,6	980,7		
56,3049	4,0808	980,9	979,6	980,7		
56,3132	4,0852	980,9	979,7	980,7		
56,3216	4,0937	980,9	979,6	980,6		
56,3299	4,0777	980,9	979,6	980,6		
56,3382	4,0923	980,9	979,6	980,7		
56,3466	4,0981	980,9	979,5	980,6		
56,3549	4,0937	980,8	979,6	980,7		
56,3632	4,1025	980,9	979,6	980,7		
56,3716	4,1017	980,9	979,6	980,6		
56,3799	4,1017	981,0	979,6	980,7		
56,3882	4,0977	980,9	979,5	980,6		
56,3966	4,0959	981,0	979,6	980,7		
56,4049	4,1074	980,9	979,6	980,6		
56,4132	4,1079	980,9	979,6	980,6		
56,4216	4,1114	980,9	979,6	980,7		
56,4299	4,1119	980,9	979,6	980,7		
56,4382	4,1167	980,9	979,6	980,6		
56,4466	4,1229	980,9	979,6	980,6		
56,4549	4,1185	980,9	979,6	980,6		
56,4632	4,1260	980,9	979,5	980,6		
56,4716	4,1234	980,9	979,6	980,7		
56,4799	4,1247	980,9	979,6	980,7		
56,4882	4,1269	980,9	979,6	980,6		
56,4966	4,1274	980,9	979,6	980,6		
56,5049	4,1340	980,9	979,6	980,6		
56,5132	4,1323	980,9	979,6	980,6		
56,5216	4,1371	980,9	979,6	980,6		
56,5299	4,1442	980,9	979,6	980,6		
56,5382	4,1385	980,9	979,6	980,6		
56,5466	4,1456	980,9	979,5	980,6		
56,5549	4,1438	980,9	979,6	980,7		
56,5632	4,1473	980,9	979,6	980,7		
56,5716	4,1598	980,8	979,5	980,5		
56,5799	4,1496	980,9	979,6	980,7		
56,5882	4,1580	980,9	979,6	980,6		
56,5966	4,1669	980,8	979,6	980,6		
56,6049	4,1575	980,9	979,6	980,8		
56,6132	4,1598	981,0	979,7	980,7		
56,6216	4,1691	981,0	979,7	980,7		
56,6299	4,1633	981,0	979,7	980,7		
56,6382	4,1682	980,9	979,6	980,7		
56,6466	4,1793	980,9	979,6	980,7		
56,6549	4,1704	980,9	979,6	980,6		
56,6632	4,1771	980,9	979,6	980,8		
56,6716	4,1695	980,9	979,6	980,7		
56,6799	4,1797	980,9	979,6	980,6		
56,6882	4,1784	980,9	979,6	980,7		
56,6966	4,1895	981,0	979,7	980,8		
56,7049	4,1837	980,9	979,6	980,6		
56,7132	4,1912	980,9	979,5	980,6		
56,7216	4,1970	980,8	979,6	980,7		
56,7299	4,2014	980,9	979,6	980,6		
56,7382	4,1921	980,8	979,6	980,6		
56,7466	4,1939	981,0	979,6	980,7		
56,7549	4,2001	980,9	979,6	980,7		
56,7632	4,2046	980,9	979,6	980,6		
56,7716	4,2054	980,8	979,5	980,6		
56,7799	4,2179	980,9	979,6	980,6		
56,7882	4,2121	980,8	979,5	980,6		
56,7966	4,2094	980,9	979,5	980,6		
56,8049	4,2046	981,0	979,6	980,6		
56,8132	4,2010	980,9	979,6	980,7		
56,8216	4,2187	980,9	979,6	980,7		
56,8299	4,2218	980,9	979,6	980,6		
56,8382	4,2192	980,9	979,6	980,7		
56,8466	4,2134	980,9	979,6	980,6		
56,8549	4,2258	980,9	979,6	980,7		
56,8632	4,2329	980,9	979,6	980,7		
56,8716	4,2258	980,9	979,6	980,7		
56,8799	4,2254	980,8	979,5	980,6		
56,8882	4,2307	980,7	979,5	980,6		
56,8966	4,2312	980,7	979,5	980,6		
56,9049	4,2383	980,9	979,5	980,6		
56,9132	4,2422	980,8	979,5	980,7		
56,9216	4,2391	980,8	979,5	980,6		
56,9299	4,2405	980,8	979,5	980,7		
56,9382	4,2445	980,9	979,6	980,7		
56,9466	4,2520	980,9	979,5	980,6		
56,9549	4,2604	980,8	979,5	980,7		
56,9632	4,2462	980,9	979,6	980,7		
56,9716	4,2533	980,9	979,6	980,7		
56,9799	4,2511	980,9	979,5	980,6		
56,9882	4,2591	981,0	979,6	980,7		
56,9966	4,2609	981,0	979,6	980,7		
57,0049	4,2635	980,9	979,6	980,6		
57,0132	4,2653	980,8	979,5	980,5		
57,0216	4,2649	980,9	979,6	980,7		
57,0299	4,2724	980,9	979,5	980,6		
57,0382	4,2742	980,9	979,6	980,7		
57,0466	4,2777	981,0	979,6	980,7		
57,0549	4,2848	980,9	979,5	980,6		
57,0632	4,2826	980,9	979,5	980,5		
57,0716	4,2826	980,9	979,6	980,7		
57,0799	4,2804	980,9	979,6	980,6		
57,0882	4,2866	980,9	979,6	980,6		
57,0966	4,2866	980,9	979,6	980,7		
57,1049	4,2968	981,0	979,7	980,6		
57,1132	4,2950	980,9	979,6	980,7		
57,1216	4,2981	980,9	979,6	980,7		
57,1299	4,2959	980,8	979,6	980,6		
57,1382	4,2999	980,9	979,6	980,7		
57,1466	4,3012	980,9	979,6	980,6		
57,1549	4,3039	980,9	979,6	980,7		
57,1632	4,3061	980,9	979,6	980,7		
57,1716	4,3168	980,9	979,6	980,7		
57,1799	4,3123	980,9	979,6	980,7		
57,1882	4,3150	980,9	979,6	980,7		
57,1966	4,3190	980,9	979,6	980,7		
57,2049	4,3252	980,9	979,6	980,7		
57,2132	4,3270	980,9	979,6	980,6		
57,2216	4,3234	980,9	979,6	980,7		
57,2299	4,3270	981,0	979,6	980,7		
57,2382	4,3265	980,9	979,6	980,6		
57,2466	4,3301	980,8	979,5	980,6		
57,2549	4,3354	980,9	979,6	980,6		
57,2632	4,3380	981,0	979,6	980,7		
57,2716	4,3363	980,9	979,6	980,6		
57,2799	4,3425	980,9	979,6	980,7		
57,2882	4,3522	980,8	979,6	980,7		
57,2966	4,3460	980,8	979,6	980,7		
57,3049	4,3447	980,8	979,5	980,5		
57,3132	4,3478	980,9	979,6	980,7		
57,3216	4,3527	980,9	979,7	980,7		
57,3299	4,3611	980,9	979,6	980,6		
57,3382	4,3505	980,9	979,6	980,7		
57,3466	4,3593	980,9	979,6	980,7		
57,3549	4,3585	981,1	979,7	980,7		
57,3632	4,3682	980,9	979,6	980,7		
57,3716	4,3611	980,8	979,6	980,7		
57,3799	4,3766	980,7	979,5	980,6		
57,3882	4,3678	980,7	979,5	980,6		
57,3966	4,3678	981,1	979,6	980,8		
57,4049	4,3762	981,0	979,6	980,7		
57,4132	4,3780	980,8	979,5	980,6		
57,4216	4,3780	981,0	979,6	980,6		
57,4299	4,3793	981,0	979,6	980,7		
57,4382	4,3855	980,9	979,6	980,6		
57,4466	4,3868	980,8	979,5	980,6		
57,4549	4,3828	980,9	979,6	980,7		
57,4632	4,3877	980,9	979,6	980,7		
57,4716	4,3904	980,9	979,5	980,6		
57,4799	4,3939	981,0	979,6	980,7		
57,4882	4,3997	981,5	979,9	980,8		
57,4966	4,4010	981,3	979,8	980,7		
57,5049	4,4010	980,7	979,5	980,6		
57,5132	4,4015	981,0	979,7	980,7		
57,5216	4,4090	981,4	979,8	980,8		
57,5299	4,4072	981,0	979,7	980,6		
57,5382	4,4090	980,9	979,6	980,7		
57,5466	4,4095	981,6	980,0	980,9		
57,5549	4,4170	981,5	979,9	980,8		
57,5632	4,4210	981,3	979,9	980,7		
57,5716	4,4245	981,1	979,7	980,7		
57,5799	4,4281	981,0	979,7	980,7		
57,5882	4,4214	980,9	979,6	980,7		
57,5966	4,4272	980,9	979,5	980,6		
57,6049	4,4365	981,1	979,7	980,7		
57,6132	4,4356	980,9	979,6	980,7		
57,6216	4,4347	980,9	979,6	980,6		
57,6299	4,4370	981,1	979,7	980,7		
57,6382	4,4343	980,9	979,6	980,7		
57,6466	4,4396	980,8	979,5	980,6		
57,6549	4,4441	980,9	979,6	980,7		
57,6632	4,4472	981,0	979,7	980,7		
57,6716	4,4445	980,8	979,6	980,6		
57,6799	4,4525	980,7	979,5	980,6		
57,6882	4,4565	981,0	979,6	980,6		
57,6966	4,4463	980,6	979,5	980,6		
57,7049	4,4543	980,9	979,6	980,6		
57,7132	4,4631	980,8	979,6	980,7		
57,7216	4,4680	981,0	979,6	980,7		
57,7299	4,4693	980,9	979,6	980,7		
57,7382	4,4618	980,9	979,5	980,6		
57,7466	4,4760	980,9	979,6	980,6		
57,7549	4,4653	980,9	979,6	980,6		
57,7632	4,4715	981,0	979,7	980,7		
57,7716	4,4764	981,0	979,7	980,7		
57,7799	4,4782	980,9	979,6	980,6		
57,7882	4,4844	980,9	979,5	980,7		
57,7966	4,4866	980,9	979,6	980,7		
57,8049	4,4875	980,9	979,6	980,6		
57,8132	4,4893	980,9	979,6	980,6		
57,8216	4,4942	980,9	979,6	980,6		
57,8299	4,5004	980,9	979,6	980,7		
57,8382	4,4942	980,9	979,6	980,6		
57,8466	4,4968	980,9	979,6	980,7		
57,8549	4,5013	981,0	979,7	980,7		
57,8632	4,5048	981,0	979,7	980,6		
57,8716	4,5061	980,9	979,6	980,7		
57,8799	4,5075	980,9	979,6	980,6		
57,8882	4,5110	981,0	979,6	980,7		
57,8966	4,5168	980,9	979,7	980,7		
57,9049	4,5243	980,8	979,6	980,6		
57,9132	4,5221	980,9	979,6	980,7		
57,9216	4,5239	981,0	979,6	980,7		
57,9299	4,5199	980,9	979,6	980,7		
57,9382	4,5217	980,9	979,6	980,7		
57,9466	4,5270	981,0	979,7	980,7		
57,9549	4,5301	980,9	979,6	980,6		
57,9632	4,5350	980,9	979,6	980,7		
57,9716	4,5385	981,0	979,6	980,7		
57,9799	4,5367	981,0	979,7	980,7		
57,9882	4,5412	980,9	979,6	980,6		
57,9966	4,5456	980,9	979,6	980,7		
58,0049	4,5514	980,8	979,5	980,6		
58,0132	4,5483	980,7	979,6	980,6		
58,0216	4,5456	980,9	979,6	980,6		
58,0299	4,5598	980,9	979,6	980,6		
58,0382	4,5585	980,8	979,6	980,6		
58,0466	4,5567	981,1	979,7	980,7		
58,0549	4,5571	981,2	979,8	980,7		
58,0632	4,5616	981,2	979,8	980,7		
58,0716	4,5625	981,0	979,7	980,7		
58,0799	4,5660	981,1	979,7	980,7		
58,0882	4,5709	981,1	979,7	980,7		
58,0966	4,5669	981,0	979,6	980,7		
58,1049	4,5749	980,9	979,7	980,9		
58,1132	4,5824	981,0	979,8	981,0		
58,1216	4,5904	980,8	979,6	980,7		
58,1299	4,5860	980,8	979,6	980,7		
58,1382	4,5833	980,8	979,6	980,7		
58,1466	4,5824	980,8	979,6	980,6		
58,1549	4,5940	980,9	979,6	980,7		
58,1632	4,5997	980,9	979,6	980,7		
58,1716	4,5891	980,9	979,6	980,6		
58,1799	4,5975	980,9	979,6	980,6		
58,1882	4,6011	980,9	979,6	980,6		
58,1966	4,6028	980,9	979,6	980,6		
58,2049	4,6073	980,8	979,5	980,6		
58,2132	4,6042	981,1	979,7	980,7		
58,2216	4,6086	981,1	979,7	980,7		
58,2299	4,6192	981,0	979,7	980,6		
58,2382	4,6157	980,9	979,6	980,6		
58,2466	4,6144	980,9	979,6	980,6		
58,2549	4,6206	980,8	979,6	980,6		
58,2632	4,6259	980,8	979,6	980,6		
58,2716	4,6272	980,9	979,7	980,7		
58,2799	4,6312	981,0	979,7	980,6		
58,2882	4,6334	980,9	979,6	980,6		
58,2966	4,6339	980,9	979,5	980,6		
58,3049	4,6286	980,9	979,6	980,6		
58,3132	4,6436	980,8	979,6	980,6		
58,3216	4,6507	980,8	979,6	980,6		
58,3299	4,6392	980,8	979,5	980,5		
58,3382	4,6498	981,1	979,7	980,7		
58,3466	4,6516	981,1	979,7	980,7		
58,3549	4,6578	981,0	979,7	980,6		
58,3632	4,6569	981,0	979,6	980,5		
58,3716	4,6552	980,9	979,7	980,6		
58,3799	4,6645	981,0	979,7	980,7		
58,3882	4,6676	980,9	979,7	980,6		
58,3966	4,6663	980,9	979,7	980,6		
58,4049	4,6649	980,9	979,6	980,6		
58,4132	4,6694	980,8	979,6	980,6		
58,4216	4,6689	980,8	979,6	980,5		
58,4299	4,6694	980,8	979,5	980,5		
58,4382	4,6800	980,9	979,6	980,6		
58,4466	4,6831	980,8	979,5	980,6		
58,4549	4,6840	980,7	979,5	980,6		
58,4632	4,6844	980,7	979,5	980,6		
58,4716	4,6822	980,7	979,5	980,6		
58,4799	4,6893	980,8	979,5	980,6		
58,4882	4,6924	980,8	979,5	980,6		
58,4966	4,6964	980,7	979,5	980,6		
58,5049	4,6946	980,7	979,5	980,6		
58,5132	4,6964	980,8	979,6	980,6		
58,5216	4,7075	980,8	979,5	980,6		
58,5299	4,7031	980,8	979,5	980,6		
58,5382	4,7159	980,8	979,5	980,6		
58,5466	4,7075	980,9	979,5	980,5		
58,5549	4,7097	980,8	979,5	980,5		
58,5632	4,7133	980,9	979,6	980,7		
58,5716	4,7235	980,9	979,6	980,6		
58,5799	4,7186	980,8	979,5	980,6		
58,5882	4,7208	980,8	979,5	980,6		
58,5966	4,7266	980,8	979,5	980,6		
58,6049	4,7292	980,9	979,5	980,6		
58,6132	4,7275	980,8	979,5	980,6		
58,6216	4,7328	980,9	979,6	980,7		
58,6299	4,7381	980,9	979,6	980,7		
58,6382	4,7377	980,8	979,6	980,6		
58,6466	4,7425	980,9	979,5	980,6		
58,6549	4,7354	980,9	979,6	980,6		
58,6632	4,7501	980,9	979,6	980,6		
58,6716	4,7510	980,9	979,6	980,6		
58,6799	4,7492	980,9	979,6	980,6		
58,6882	4,7598	980,9	979,5	980,6		
58,6966	4,7536	980,9	979,6	980,6		
58,7049	4,7554	980,8	979,5	980,6		
58,7132	4,7598	980,9	979,6	980,7		
58,7216	4,7683	980,9	979,6	980,6		
58,7299	4,7665	980,8	979,6	980,6		
58,7382	4,7687	980,9	979,6	980,6		
58,7466	4,7767	980,9	979,6	980,6		
58,7549	4,7776	980,8	979,6	980,6		
58,7632	4,7798	980,9	979,5	980,6		
58,7716	4,7771	980,9	979,5	980,6		
58,7799	4,7758	981,0	979,6	980,6		
58,7882	4,7962	980,8	979,6	980,6		
58,7966	4,7922	980,8	979,6	980,6		
58,8049	4,7909	980,9	979,6	980,7		
58,8132	4,7980	980,8	979,6	980,6		
58,8216	4,7962	980,8	979,5	980,5		
58,8299	4,8029	980,8	979,6	980,5		
58,8382	4,8042	980,8	979,5	980,5		
58,8466	4,8055	980,8	979,6	980,6		
58,8549	4,8029	980,8	979,6	980,6		
58,8632	4,8042	980,8	979,5	980,6		
58,8716	4,8162	980,8	979,5	980,6		
58,8799	4,8122	980,9	979,6	980,6		
58,8882	4,8184	980,9	979,6	980,6		
58,8966	4,8202	980,8	979,5	980,6		
58,9049	4,8264	980,8	979,6	980,5		
58,9132	4,8281	980,8	979,6	980,5		
58,9216	4,8197	980,8	979,5	980,5		
58,9299	4,8250	980,8	979,5	980,6		
58,9382	4,8335	980,8	979,5	980,6		
58,9466	4,8388	980,8	979,5	980,6		
58,9549	4,8401	980,8	979,6	980,6		
58,9632	4,8472	980,8	979,5	980,6		
58,9716	4,8414	981,0	979,6	980,6		
58,9799	4,8508	981,1	979,7	980,7		
58,9882	4,8428	980,9	979,5	980,6		
58,9966	4,8459	980,9	979,6	980,6		
59,0049	4,8587	981,0	979,6	980,6		
59,0132	4,8636	980,8	979,6	980,6		
59,0216	4,8596	980,9	979,6	980,6		
59,0299	4,8579	980,9	979,5	980,5		
59,0382	4,8694	980,9	979,6	980,6		
59,0466	4,8676	980,9	979,6	980,6		
59,0549	4,8658	980,9	979,6	980,7		
59,0632	4,8720	980,9	979,6	980,5		
59,0716	4,8747	980,9	979,6	980,6		
59,0799	4,8778	980,9	979,5	980,6		
59,0882	4,8854	980,8	979,5	980,6		
59,0966	4,8849	980,9	979,6	980,6		
59,1049	4,8840	980,8	979,6	980,6		
59,1132	4,8920	980,9	979,6	980,6		
59,1216	4,9004	980,9	979,5	980,5		
59,1299	4,8889	980,8	979,5	980,5		
59,1382	4,8956	980,7	979,5	980,6		
59,1466	4,8969	980,7	979,5	980,5		
59,1549	4,9062	980,7	979,4	980,5		
59,1632	4,9004	980,7	979,5	980,5		
59,1716	4,9093	980,8	979,5	980,6		
59,1799	4,9049	980,8	979,5	980,6		
59,1882	4,9089	980,8	979,5	980,6		
59,1966	4,9142	980,8	979,5	980,6		
59,2049	4,9182	980,8	979,5	980,6		
59,2132	4,9208	980,8	979,6	980,6		
59,2216	4,9297	981,0	979,6	980,6		
59,2299	4,9275	981,0	979,6	980,7		
59,2382	4,9288	980,9	979,6	980,6		
59,2466	4,9346	980,9	979,6	980,6		
59,2549	4,9297	980,9	979,6	980,5		
59,2632	4,9372	980,9	979,5	980,6		
59,2716	4,9457	981,0	979,6	980,7		
59,2799	4,9381	980,9	979,6	980,6		
59,2882	4,9448	981,0	979,6	980,6		
59,2966	4,9439	981,0	979,6	980,7		
59,3049	4,9483	980,9	979,6	980,6		
59,3132	4,9523	980,9	979,6	980,6		
59,3216	4,9599	981,0	979,6	980,7		
59,3299	4,9541	981,0	979,6	980,6		
59,3382	4,9639	980,9	979,6	980,6		
59,3466	4,9696	980,9	979,6	980,6		
59,3549	4,9709	980,8	979,5	980,5		
59,3632	4,9674	980,9	979,6	980,6		
59,3716	4,9767	980,9	979,6	980,6		
59,3799	4,9709	980,8	979,5	980,5		
59,3882	4,9834	980,9	979,6	980,6		
59,3966	4,9825	980,8	979,6	980,6		
59,4049	4,9914	980,9	979,6	980,6		
59,4132	4,9878	980,9	979,5	980,5		
59,4216	4,9918	980,9	979,6	980,5		
59,4299	4,9909	980,9	979,5	980,6		
59,4382	5,0002	981,0	979,6	980,7		
59,4466	4,9927	980,8	979,6	980,7		
59,4549	4,9998	980,9	979,5	980,6		
59,4632	5,0020	980,8	979,6	980,6		
59,4716	5,0064	980,8	979,5	980,5		
59,4799	5,0091	980,9	979,6	980,6		
59,4882	5,0171	980,9	979,5	980,6		
59,4966	5,0104	980,8	979,5	980,6		
59,5049	5,0140	980,8	979,6	980,6		
59,5132	5,0184	980,8	979,5	980,5		
59,5216	5,0197	980,9	979,6	980,6		
59,5299	5,0237	980,9	979,6	980,6		
59,5383	5,0353	980,9	979,6	980,6		
59,5466	5,0242	980,8	979,6	980,6		
59,5549	5,0419	980,9	979,6	980,7		
59,5633	5,0397	980,9	979,6	980,6		
59,5716	5,0406	980,8	979,6	980,7		
59,5799	5,0503	980,8	979,5	980,6		
59,5883	5,0477	980,8	979,6	980,7		
59,5966	5,0459	981,1	979,7	980,6		
59,6049	5,0490	981,2	979,7	980,6		
59,6133	5,0512	981,0	979,7	980,6		
59,6216	5,0579	980,8	979,6	980,5		
59,6299	5,0641	980,8	979,5	980,6		
59,6383	5,0681	980,9	979,6	980,7		
59,6466	5,0690	980,9	979,6	980,6		
59,6549	5,0690	981,0	979,6	980,7		
59,6633	5,0659	981,0	979,7	980,6		
59,6716	5,0778	981,0	979,6	980,7		
59,6799	5,0721	980,9	979,6	980,5		
59,6883	5,0699	981,0	979,6	980,6		
59,6966	5,0876	981,0	979,6	980,6		
59,7049	5,0787	980,9	979,7	980,6		
59,7133	5,0876	981,0	979,6	980,7		
59,7216	5,0956	980,9	979,6	980,6		
59,7299	5,0880	980,9	979,6	980,6		
59,7383	5,0916	981,0	979,6	980,7		
59,7466	5,0969	980,9	979,6	980,6		
59,7549	5,1049	981,0	979,6	980,6		
59,7633	5,1005	980,9	979,6	980,6		
59,7716	5,1098	980,9	979,6	980,7		
59,7799	5,1071	980,9	979,6	980,6		
59,7883	5,1160	981,0	979,6	980,6		
59,7966	5,1222	980,9	979,6	980,6		
59,8049	5,1178	980,9	979,6	980,6		
59,8133	5,1182	980,8	979,5	980,6		
59,8216	5,1253	980,9	979,6	980,5		
59,8299	5,1297	981,0	979,6	980,7		
59,8383	5,1262	980,9	979,5	980,6		
59,8466	5,1368	980,9	979,5	980,6		
59,8549	5,1319	980,9	979,6	980,6		
59,8633	5,1319	980,8	979,6	980,6		
59,8716	5,1355	980,9	979,5	980,6		
59,8799	5,1439	980,9	979,5	980,6		
59,8883	5,1492	980,9	979,5	980,6		
59,8966	5,1515	980,9	979,6	980,6		
59,9049	5,1555	980,9	979,6	980,6		
59,9133	5,1488	980,8	979,6	980,5		
59,9216	5,1608	980,8	979,5	980,6		
59,9299	5,1617	980,8	979,6	980,6		
59,9383	5,1741	980,8	979,5	980,6		
59,9466	5,1719	981,0	979,6	980,6		
59,9549	5,1603	981,2	979,7	980,6		
59,9633	5,1754	981,1	979,7	980,6		
59,9716	5,1807	981,1	979,6	980,6		
59,9799	5,1861	981,0	979,7	980,6		
59,9883	5,1763	980,9	979,6	980,6		
59,9966	5,1865	981,0	979,7	980,7		
60,0049	5,1861	981,0	979,7	980,6		
60,0133	5,1932	980,9	979,6	980,6		
60,0216	5,1923	980,9	979,6	980,6		
60,0299	5,1971	980,9	979,6	980,6		
60,0383	5,2020	981,0	979,6	980,5		
60,0466	5,2060	980,9	979,6	980,6		
60,0549	5,2007	980,8	979,6	980,7		
60,0633	5,2122	980,9	979,6	980,6		
60,0716	5,2113	980,9	979,6	980,5		
60,0799	5,2242	981,0	979,6	980,5		
60,0883	5,2198	980,9	979,7	980,6		
60,0966	5,2251	981,0	979,6	980,6		
60,1049	5,2215	981,0	979,6	980,6		
60,1133	5,2309	981,0	979,6	980,5		
60,1216	5,2335	981,0	979,6	980,6		
60,1299	5,2397	981,0	979,7	980,7		
60,1383	5,2326	981,0	979,7	980,6		
60,1466	5,2433	981,0	979,6	980,6		
60,1549	5,2326	980,8	979,5	980,5		
60,1633	5,2490	980,9	979,6	980,6		
60,1716	5,2526	980,9	979,7	980,6		
60,1799	5,2468	980,9	979,6	980,6		
60,1883	5,2544	980,9	979,6	980,6		
60,1966	5,2592	981,0	979,6	980,6		
60,2049	5,2610	981,0	979,7	980,7		
60,2133	5,2734	981,0	979,7	980,6		
60,2216	5,2703	980,9	979,7	980,6		
60,2299	5,2734	981,0	979,7	980,7		
60,2383	5,2761	980,9	979,6	980,7		
60,2466	5,2752	980,9	979,6	980,6		
60,2549	5,2783	981,0	979,7	980,6		
60,2633	5,2823	980,9	979,6	980,5		
60,2716	5,2894	980,9	979,6	980,6		
60,2799	5,2907	980,9	979,7	980,7		
60,2883	5,2854	981,0	979,7	980,7		
60,2966	5,2863	981,0	979,6	980,6		
60,3049	5,3005	981,0	979,7	980,6		
60,3133	5,2996	980,9	979,7	980,7		
60,3216	5,2974	980,9	979,6	980,6		
60,3299	5,3062	980,9	979,6	980,6		
60,3383	5,3187	980,9	979,6	980,6		
60,3466	5,3111	980,9	979,6	980,5		
60,3549	5,3142	980,9	979,6	980,4		
60,3633	5,3284	980,9	979,6	980,5		
60,3716	5,3231	981,0	979,6	980,5		
60,3799	5,3213	981,0	979,6	980,6		
60,3883	5,3284	981,0	979,6	980,6		
60,3966	5,3355	980,9	979,6	980,5		
60,4049	5,3235	981,0	979,7	980,6		
60,4133	5,3320	981,0	979,6	980,5		
60,4216	5,3346	981,0	979,6	980,6		
60,4299	5,3373	981,0	979,7	980,6		
60,4383	5,3346	981,0	979,7	980,6		
60,4466	5,3515	981,0	979,6	980,6		
60,4549	5,3488	981,0	979,7	980,6		
60,4633	5,3484	981,0	979,6	980,5		
60,4716	5,3493	981,1	979,7	980,6		
60,4799	5,3599	981,0	979,6	980,6		
60,4883	5,3541	981,0	979,6	980,6		
60,4966	5,3626	981,1	979,7	980,7		
60,5049	5,3701	981,0	979,7	980,7		
60,5133	5,3670	981,1	979,7	980,6		
60,5216	5,3763	981,1	979,7	980,7		
60,5299	5,3812	981,0	979,7	980,6		
60,5383	5,3777	981,0	979,7	980,5		
60,5466	5,3839	981,0	979,6	980,6		
60,5549	5,3843	981,0	979,7	980,6		
60,5633	5,3896	980,9	979,7	980,5		
60,5716	5,3936	981,0	979,7	980,6		
60,5799	5,3936	981,0	979,7	980,6		
60,5883	5,3972	980,9	979,7	980,7		
60,5966	5,3994	981,0	979,7	980,6		
60,6049	5,4069	980,9	979,6	980,6		
60,6133	5,4056	980,9	979,6	980,6		
60,6216	5,4127	980,9	979,6	980,6		
60,6299	5,4149	980,8	979,5	980,5		
60,6383	5,4083	980,6	979,4	980,4		
60,6466	5,4140	980,6	979,4	980,5		
60,6549	5,4162	980,8	979,5	980,6		
60,6633	5,4282	981,0	979,7	980,7		
60,6716	5,4318	980,9	979,6	980,6		
60,6799	5,4331	980,8	979,5	980,5		
60,6883	5,4331	980,9	979,6	980,6		
60,6966	5,4389	980,8	979,6	980,5		
60,7049	5,4393	980,9	979,6	980,6		
60,7133	5,4464	980,9	979,6	980,6		
60,7216	5,4499	980,9	979,6	980,6		
60,7299	5,4575	980,9	979,6	980,6		
60,7383	5,4575	980,9	979,6	980,6		
60,7466	5,4646	980,9	979,7	980,7		
60,7549	5,4646	980,9	979,6	980,7		
60,7633	5,4593	980,9	979,6	980,6		
60,7716	5,4668	981,0	979,6	980,6		
60,7799	5,4717	981,0	979,6	980,7		
60,7883	5,4730	980,9	979,6	980,6		
60,7966	5,4868	980,9	979,6	980,6		
60,8049	5,4806	980,9	979,6	980,6		
60,8133	5,4761	981,0	979,7	980,7		
60,8216	5,4850	980,9	979,6	980,5		
60,8299	5,4961	980,9	979,6	980,5		
60,8383	5,4974	980,9	979,6	980,6		
60,8466	5,4965	980,9	979,6	980,6		
60,8549	5,5049	980,9	979,6	980,6		
60,8633	5,4952	980,9	979,6	980,6		
60,8716	5,5023	980,9	979,6	980,7		
60,8799	5,5005	980,9	979,6	980,6		
60,8883	5,5138	980,9	979,6	980,6		
60,8966	5,5089	980,9	979,6	980,6		
60,9049	5,5178	980,8	979,6	980,6		
60,9133	5,5209	980,8	979,6	980,6		
60,9216	5,5293	980,8	979,5	980,6		
60,9299	5,5316	980,7	979,5	980,7		
60,9383	5,5316	980,7	979,5	980,6		
60,9466	5,5289	980,8	979,6	980,6		
60,9549	5,5431	980,8	979,6	980,7		
60,9633	5,5484	980,8	979,5	980,6		
60,9716	5,5462	980,8	979,5	980,6		
60,9799	5,5489	980,9	979,5	980,6		
60,9883	5,5493	981,0	979,6	980,6		
60,9966	5,5489	980,9	979,6	980,6		
61,0049	5,5524	980,9	979,6	980,6		
61,0133	5,5608	980,9	979,6	980,6		
61,0216	5,5591	980,9	979,6	980,6		
61,0299	5,5701	980,9	979,6	980,6		
61,0383	5,5715	981,3	979,8	980,7		
61,0466	5,5826	981,8	980,0	980,8		
61,0549	5,5764	981,4	979,9	980,7		
61,0633	5,5803	981,2	979,7	980,7		
61,0716	5,5843	981,2	979,7	980,6		
61,0799	5,5883	981,1	979,7	980,6		
61,0883	5,5928	981,0	979,7	980,7		
61,0966	5,6007	980,9	979,6	980,6		
61,1049	5,6034	981,0	979,6	980,6		
61,1133	5,5910	980,9	979,6	980,6		
61,1216	5,6034	981,0	979,6	980,7		
61,1299	5,6003	980,9	979,6	980,6		
61,1383	5,6061	980,8	979,6	980,6		
61,1466	5,6185	980,8	979,6	980,6		
61,1549	5,6145	980,9	979,6	980,7		
61,1633	5,6176	980,8	979,6	980,6		
61,1716	5,6145	980,8	979,5	980,6		
61,1799	5,6185	980,9	979,6	980,7		
61,1883	5,6331	980,9	979,6	980,7		
61,1966	5,6420	980,8	979,5	980,6		
61,2049	5,6305	980,8	979,5	980,6		
61,2133	5,6460	980,9	979,6	980,7		
61,2216	5,6460	980,9	979,5	980,5		
61,2299	5,6509	981,0	979,6	980,6		
61,2383	5,6522	981,2	979,8	980,8		
61,2466	5,6500	981,2	979,7	980,7		
61,2549	5,6500	981,1	979,7	980,7		
61,2633	5,6593	981,1	979,7	980,7		
61,2716	5,6588	981,0	979,6	980,6		
61,2799	5,6580	981,1	979,6	980,6		
61,2883	5,6624	981,1	979,7	980,7		
61,2966	5,6682	981,1	979,8	980,7		
61,3049	5,6717	981,2	979,7	980,6		
61,3133	5,6797	981,1	979,6	980,6		
61,3216	5,6824	981,0	979,6	980,6		
61,3299	5,6797	981,0	979,6	980,6		
61,3383	5,6801	981,0	979,7	980,6		
61,3466	5,6841	981,1	979,7	980,6		
61,3549	5,6948	981,0	979,7	980,6		
61,3633	5,7019	981,1	979,7	980,7		
61,3716	5,7014	981,1	979,7	980,6		
61,3799	5,7045	981,1	979,7	980,6		
61,3883	5,7121	981,1	979,7	980,7		
61,3966	5,7125	981,0	979,7	980,7		
61,4049	5,7085	981,1	979,7	980,8		
61,4133	5,7138	981,1	979,7	980,7		
61,4216	5,7178	981,0	979,7	980,7		
61,4299	5,7240	981,0	979,6	980,6		
61,4383	5,7249	981,0	979,7	980,6		
61,4466	5,7271	981,0	979,7	980,7		
61,4549	5,7413	980,9	979,6	980,6		
61,4633	5,7334	981,0	979,7	980,7		
61,4716	5,7303	981,0	979,7	980,6		
61,4799	5,7444	981,0	979,6	980,6		
61,4883	5,7453	981,0	979,6	980,6		
61,4966	5,7555	981,1	979,7	980,7		
61,5049	5,7555	981,1	979,7	980,6		
61,5133	5,7657	981,1	979,7	980,7		
61,5216	5,7573	981,1	979,7	980,6		
61,5299	5,7697	981,1	979,7	980,8		
61,5383	5,7675	981,0	979,7	980,7		
61,5466	5,7680	981,1	979,7	980,6		
61,5549	5,7746	981,1	979,7	980,7		
61,5633	5,7759	981,0	979,7	980,6		
61,5716	5,7786	981,0	979,7	980,7		
61,5799	5,7901	981,0	979,6	980,6		
61,5883	5,7879	980,9	979,6	980,6		
61,5966	5,7906	981,0	979,6	980,7		
61,6049	5,7932	981,0	979,6	980,6		
61,6133	5,8012	981,0	979,6	980,6		
61,6216	5,7999	981,0	979,6	980,6		
61,6299	5,8003	981,0	979,6	980,6		
61,6383	5,8110	980,9	979,6	980,7		
61,6466	5,8114	980,9	979,6	980,6		
61,6549	5,8057	980,9	979,6	980,7		
61,6633	5,8181	980,9	979,6	980,7		
61,6716	5,8287	981,0	979,6	980,6		
61,6799	5,8305	980,8	979,5	980,6		
61,6883	5,8323	981,0	979,6	980,7		
61,6966	5,8252	981,1	979,7	980,7		
61,7049	5,8340	981,0	979,7	980,6		
61,7133	5,8420	980,9	979,6	980,6		
61,7216	5,8509	981,0	979,6	980,7		
61,7299	5,8465	981,0	979,6	980,6		
61,7383	5,8509	981,0	979,6	980,6		
61,7466	5,8451	981,0	979,6	980,6		
61,7549	5,8549	980,9	979,6	980,6		
61,7633	5,8655	980,8	979,6	980,6		
61,7716	5,8589	981,0	979,6	980,6		
61,7799	5,8713	980,9	979,6	980,6		
61,7883	5,8695	981,0	979,6	980,6		
61,7966	5,8815	981,2	979,7	980,7		
61,8049	5,8824	981,2	979,8	980,6		
61,8133	5,8846	981,1	979,8	980,7		
61,8216	5,8788	981,1	979,7	980,6		
61,8299	5,8824	981,1	979,7	980,6		
61,8383	5,8983	981,1	979,7	980,7		
61,8466	5,8988	981,0	979,6	980,6		
61,8549	5,9028	981,2	979,7	980,7		
61,8633	5,9019	981,1	979,7	980,6		
61,8716	5,9090	981,1	979,7	980,7		
61,8799	5,9068	981,0	979,6	980,7		
61,8883	5,9094	981,1	979,7	980,7		
61,8966	5,9258	981,2	979,8	980,7		
61,9049	5,9227	981,1	979,7	980,7		
61,9133	5,9210	981,1	979,7	980,7		
61,9216	5,9223	981,2	979,7	980,7		
61,9299	5,9343	981,2	979,7	980,7		
61,9383	5,9276	981,1	979,8	980,7		
61,9466	5,9383	981,1	979,7	980,7		
61,9549	5,9338	981,1	979,7	980,7		
61,9633	5,9480	981,2	979,7	980,7		
61,9716	5,9352	981,1	979,7	980,7		
61,9799	5,9471	981,0	979,7	980,6		
61,9883	5,9476	981,1	979,6	980,7		
61,9966	5,9596	981,1	979,7	980,7		
62,0049	5,9578	981,2	979,7	980,7		
62,0133	5,9640	981,1	979,7	980,7		
62,0216	5,9662	981,1	979,7	980,7		
62,0299	5,9720	981,1	979,6	980,7		
62,0383	5,9755	981,1	979,7	980,7		
62,0466	5,9791	981,1	979,7	980,7		
62,0549	5,9808	981,2	979,6	980,7		
62,0633	5,9870	981,1	979,7	980,7		
62,0716	5,9906	981,2	979,7	980,7		
62,0799	5,9937	981,1	979,7	980,6		
62,0883	6,0017	981,1	979,6	980,7		
62,0966	6,0043	981,0	979,7	980,7		
62,1049	6,0066	981,1	979,7	980,7		
62,1133	6,0097	981,0	979,7	980,7		
62,1216	6,0101	981,1	979,7	980,6		
62,1299	6,0194	981,1	979,7	980,7		
62,1383	6,0274	981,1	979,7	980,7		
62,1466	6,0159	981,1	979,6	980,6		
62,1549	6,0261	981,1	979,7	980,7		
62,1633	6,0363	981,1	979,7	980,7		
62,1716	6,0452	981,1	979,6	980,7		
62,1799	6,0345	981,0	979,7	980,6		
62,1883	6,0456	981,0	979,7	980,7		
62,1966	6,0425	981,0	979,6	980,6		
62,2049	6,0452	981,0	979,6	980,6		
62,2133	6,0607	981,0	979,7	980,7		
62,2216	6,0589	981,0	979,7	980,7		
62,2299	6,0593	981,0	979,7	980,7		
62,2383	6,0633	981,0	979,7	980,7		
62,2466	6,0691	981,0	979,7	980,7		
62,2549	6,0704	981,1	979,7	980,7		
62,2633	6,0744	981,0	979,7	980,6		
62,2716	6,0802	981,1	979,7	980,7		
62,2799	6,0873	981,0	979,7	980,7		
62,2883	6,0855	981,0	979,7	980,7		
62,2966	6,0895	981,0	979,7	980,7		
62,3049	6,0939	981,0	979,6	980,6		
62,3133	6,1001	981,0	979,6	980,6		
62,3216	6,0970	981,0	979,7	980,7		
62,3299	6,1010	981,1	979,7	980,7		
62,3383	6,1041	981,0	979,6	980,7		
62,3466	6,1108	981,1	979,7	980,6		
62,3549	6,1130	981,0	979,7	980,6		
62,3633	6,1179	981,0	979,6	980,6		
62,3716	6,1197	980,9	979,6	980,6		
62,3799	6,1250	980,9	979,6	980,7		
62,3883	6,1312	981,0	979,6	980,7		
62,3966	6,1374	981,0	979,6	980,6		
62,4049	6,1316	981,1	979,7	980,7		
62,4133	6,1387	981,1	979,7	980,7		
62,4216	6,1507	981,1	979,7	980,6		
62,4299	6,1498	980,9	979,6	980,6		
62,4383	6,1534	981,0	979,6	980,7		
62,4466	6,1551	981,0	979,6	980,6		
62,4549	6,1622	981,0	979,6	980,6		
62,4633	6,1667	981,0	979,6	980,7		
62,4716	6,1587	981,0	979,7	980,7		
62,4799	6,1720	981,1	979,7	980,7		
62,4883	6,1720	981,0	979,7	980,6		
62,4966	6,1702	981,0	979,6	980,6		
62,5049	6,1760	980,9	979,6	980,6		
62,5133	6,1888	980,5	979,4	980,5		
62,5216	6,1951	980,9	979,6	980,7		
62,5299	6,1933	981,2	979,7	980,7		
62,5383	6,1977	981,1	979,7	980,7		
62,5466	6,1982	980,8	979,6	980,7		
62,5549	6,2030	980,8	979,6	980,7		
62,5633	6,2079	980,9	979,5	980,7		
62,5716	6,1977	981,0	979,6	980,6		
62,5799	6,2248	981,0	979,6	980,6		
62,5883	6,2177	981,0	979,7	980,7		
62,5966	6,2261	981,0	979,7	980,7		
62,6049	6,2234	981,1	979,7	980,7		
62,6133	6,2257	981,1	979,7	980,6		
62,6216	6,2407	981,0	979,6	980,6		
62,6299	6,2323	981,0	979,6	980,6		
62,6383	6,2399	981,1	979,7	980,7		
62,6466	6,2452	981,1	979,7	980,7		
62,6549	6,2585	981,1	979,7	980,7		
62,6633	6,2514	981,1	979,6	980,7		
62,6716	6,2536	981,1	979,7	980,7		
62,6799	6,2603	981,1	979,7	980,6		
62,6883	6,2625	981,1	979,7	980,6		
62,6966	6,2674	981,1	979,7	980,7		
62,7049	6,2807	981,1	979,7	980,7		
62,7133	6,2758	981,1	979,7	980,7		
62,7216	6,2802	981,1	979,7	980,7		
62,7299	6,2878	981,1	979,7	980,7		
62,7383	6,2855	981,1	979,7	980,6		
62,7466	6,2878	981,1	979,7	980,7		
62,7549	6,2966	981,0	979,7	980,7		
62,7633	6,2971	981,1	979,7	980,7		
62,7716	6,3037	981,0	979,7	980,6		
62,7799	6,3068	981,1	979,7	980,7		
62,7883	6,3028	981,2	979,8	980,6		
62,7966	6,3188	981,1	979,7	980,7		
62,8049	6,3139	981,6	979,9	980,8		
62,8133	6,3175	981,5	979,9	980,7		
62,8216	6,3281	981,3	979,8	980,8		
62,8299	6,3303	981,2	979,7	980,7		
62,8383	6,3388	981,1	979,7	980,7		
62,8466	6,3343	980,9	979,6	980,7		
62,8549	6,3405	981,0	979,7	980,7		
62,8633	6,3445	981,0	979,7	980,6		
62,8716	6,3543	981,0	979,7	980,6		
62,8799	6,3485	981,0	979,7	980,7		
62,8883	6,3569	981,1	979,6	980,6		
62,8966	6,3569	981,1	979,7	980,7		
62,9049	6,3636	981,1	979,7	980,7		
62,9133	6,3707	981,1	979,7	980,7		
62,9216	6,3760	981,1	979,7	980,7		
62,9299	6,3720	981,1	979,7	980,6		
62,9383	6,3858	981,1	979,7	980,7		
62,9466	6,3791	981,1	979,7	980,6		
62,9549	6,3911	981,1	979,7	980,7		
62,9633	6,3969	981,1	979,7	980,6		
62,9716	6,4004	981,0	979,7	980,7		
62,9799	6,4057	981,0	979,7	980,7		
62,9883	6,4004	981,1	979,7	980,7		
62,9966	6,4084	981,1	979,7	980,6		
63,0049	6,4106	981,0	979,7	980,7		
63,0133	6,4150	981,0	979,6	980,7		
63,0216	6,4221	981,2	979,7	980,7		
63,0299	6,4310	981,2	979,7	980,7		
63,0383	6,4270	981,2	979,7	980,7		
63,0466	6,4341	981,1	979,7	980,7		
63,0549	6,4332	981,1	979,7	980,7		
63,0633	6,4496	981,2	979,7	980,7		
63,0716	6,4390	981,1	979,7	980,6		
63,0799	6,4483	981,1	979,7	980,7		
63,0883	6,4572	981,1	979,7	980,7		
63,0966	6,4594	981,2	979,7	980,7		
63,1049	6,4656	981,1	979,7	980,7		
63,1133	6,4652	981,2	979,8	980,7		
63,1216	6,4647	981,2	979,7	980,7		
63,1299	6,4727	981,1	979,7	980,6		
63,1383	6,4798	981,0	979,7	980,7		
63,1466	6,4860	981,0	979,6	980,7		
63,1549	6,4798	981,7	980,0	980,9		
63,1633	6,4904	981,6	980,0	980,8		
63,1716	6,4971	981,2	979,8	980,7		
63,1799	6,4984	981,2	979,8	980,7		
63,1883	6,5029	981,1	979,7	980,8		
63,1966	6,5046	981,2	979,8	980,8		
63,2049	6,5060	981,6	979,9	980,8		
63,2133	6,5126	981,5	979,9	980,8		
63,2216	6,5197	981,4	979,9	980,8		
63,2299	6,5304	981,3	979,8	980,6		
63,2383	6,5312	981,3	979,8	980,7		
63,2466	6,5202	981,3	979,8	980,7		
63,2549	6,5304	981,3	979,8	980,7		
63,2633	6,5348	981,3	979,8	980,7		
63,2716	6,5383	981,3	979,8	980,7		
63,2799	6,5375	981,3	979,8	980,7		
63,2883	6,5397	981,3	979,8	980,7		
63,2966	6,5477	981,2	979,7	980,6		
63,3049	6,5490	981,2	979,7	980,7		
63,3133	6,5614	981,2	979,7	980,7		
63,3216	6,5623	981,1	979,7	980,7		
63,3299	6,5556	981,2	979,8	980,7		
63,3383	6,5694	981,2	979,7	980,6		
63,3466	6,5681	981,1	979,7	980,6		
63,3549	6,5698	981,1	979,7	980,7		
63,3633	6,5747	981,1	979,7	980,7		
63,3716	6,5858	981,0	979,6	980,6		
63,3799	6,5907	981,0	979,7	980,7		
63,3883	6,5854	981,1	979,7	980,6		
63,3966	6,6009	981,2	979,7	980,7		
63,4049	6,5978	981,4	979,8	980,7		
63,4133	6,6075	981,2	979,8	980,7		
63,4216	6,6137	981,1	979,7	980,6		
63,4299	6,6013	981,1	979,7	980,7		
63,4383	6,6155	981,1	979,8	980,6		
63,4466	6,6217	981,2	979,8	980,7		
63,4549	6,6288	981,1	979,7	980,6		
63,4633	6,6319	981,2	979,7	980,7		
63,4716	6,6377	981,2	979,8	980,7		
63,4799	6,6310	981,2	979,8	980,6		
63,4883	6,6435	981,1	979,7	980,6		
63,4966	6,6501	981,1	979,7	980,6		
63,5049	6,6541	981,1	979,7	980,6		
63,5133	6,6510	981,1	979,8	980,7		
63,5216	6,6612	981,1	979,7	980,6		
63,5299	6,6608	981,2	979,7	980,7		
63,5383	6,6674	981,1	979,7	980,7		
63,5466	6,6763	981,1	979,7	980,6		
63,5549	6,6781	981,0	979,7	980,6		
63,5633	6,6798	981,1	979,7	980,7		
63,5716	6,6878	981,0	979,7	980,7		
63,5799	6,6962	981,0	979,7	980,7		
63,5883	6,6976	981,2	979,7	980,7		
63,5966	6,6958	981,2	979,8	980,8		
63,6049	6,7024	982,1	980,2	980,9		
63,6133	6,7157	981,9	980,1	980,8		
63,6216	6,7175	981,6	980,0	980,8		
63,6299	6,7091	981,4	979,9	980,7		
63,6383	6,7251	981,4	979,8	980,6		
63,6466	6,7339	981,3	979,8	980,7		
63,6549	6,7362	981,2	979,8	980,6		
63,6633	6,7406	981,3	979,8	980,7		
63,6716	6,7366	981,2	979,8	980,8		
63,6799	6,7455	981,1	979,7	980,7		
63,6883	6,7499	981,1	979,7	980,7		
63,6966	6,7490	981,1	979,7	980,7		
63,7049	6,7583	981,0	979,7	980,7		
63,7133	6,7597	981,2	979,8	980,7		
63,7216	6,7566	981,1	979,7	980,5		
63,7299	6,7725	981,1	979,7	980,6		
63,7383	6,7761	981,2	979,8	980,7		
63,7466	6,7765	981,2	979,8	980,6		
63,7549	6,7778	981,2	979,7	980,7		
63,7633	6,7787	981,1	979,7	980,7		
63,7716	6,7867	981,0	979,7	980,7		
63,7799	6,7947	981,1	979,7	980,6		
63,7883	6,7956	981,1	979,7	980,7		
63,7966	6,8045	981,0	979,6	980,6		
63,8049	6,8067	981,0	979,6	980,7		
63,8133	6,8089	981,0	979,7	980,7		
63,8216	6,8182	981,0	979,7	980,7		
63,8299	6,8164	981,0	979,7	980,7		
63,8383	6,8195	981,0	979,7	980,7		
63,8466	6,8235	980,9	979,6	980,6		
63,8549	6,8386	981,0	979,7	980,7		
63,8633	6,8355	981,5	979,9	980,8		
63,8716	6,8413	981,3	979,8	980,7		
63,8799	6,8484	981,0	979,7	980,7		
63,8883	6,8510	981,1	979,8	980,7		
63,8966	6,8532	981,2	979,7	980,7		
63,9049	6,8621	981,2	979,7	980,7		
63,9133	6,8670	981,2	979,7	980,7		
63,9216	6,8714	981,1	979,7	980,7		
63,9299	6,8692	981,1	979,7	980,7		
63,9383	6,8794	981,1	979,7	980,7		
63,9466	6,8834	981,1	979,7	980,7		
63,9549	6,8794	981,1	979,7	980,6		
63,9633	6,8985	981,3	979,8	980,7		
63,9716	6,8936	981,2	979,8	980,7		
63,9799	6,9060	981,2	979,7	980,7		
63,9883	6,8985	981,3	979,8	980,8		
63,9966	6,9131	981,2	979,8	980,7		
64,0049	6,9113	981,2	979,8	980,8		
64,0133	6,9082	981,2	979,8	980,7		
64,0216	6,9273	981,2	979,8	980,7		
64,0299	6,9322	981,2	979,8	980,8		
64,0383	6,9291	981,2	979,8	980,8		
64,0466	6,9388	981,3	979,8	980,8		
64,0549	6,9450	981,2	979,8	980,7		
64,0633	6,9442	981,1	979,7	980,6		
64,0716	6,9490	981,2	979,8	980,8		
64,0799	6,9486	981,1	979,8	980,8		
64,0883	6,9526	981,2	979,8	980,6		
64,0966	6,9637	981,2	979,8	980,8		
64,1049	6,9632	981,1	979,7	980,7		
64,1133	6,9752	981,1	979,7	980,7		
64,1216	6,9748	981,1	979,7	980,7		
64,1299	6,9819	981,0	979,7	980,7		
64,1383	6,9867	981,1	979,7	980,7		
64,1466	6,9925	981,2	979,7	980,8		
64,1549	6,9943	981,2	979,7	980,7		
64,1633	6,9992	981,2	979,7	980,7		
64,1716	7,0098	981,4	979,8	980,8		
64,1799	7,0076	981,3	979,8	980,7		
64,1883	7,0111	981,1	979,7	980,7		
64,1966	7,0173	981,4	979,8	980,8		
64,2049	7,0209	981,4	979,9	980,8		
64,2133	7,0227	981,2	979,8	980,7		
64,2216	7,0280	981,2	979,7	980,7		
64,2299	7,0377	981,3	979,8	980,8		
64,2383	7,0404	981,4	979,9	980,8		
64,2466	7,0533	981,3	979,8	980,7		
64,2549	7,0479	981,3	979,8	980,7		
64,2633	7,0524	981,3	979,8	980,7		
64,2716	7,0568	981,4	979,8	980,7		
64,2799	7,0612	981,3	979,8	980,6		
64,2883	7,0648	981,3	979,8	980,8		
64,2966	7,0719	981,3	979,8	980,7		
64,3049	7,0799	981,2	979,8	980,7		
64,3133	7,0781	981,2	979,7	980,6		
64,3216	7,0883	981,2	979,8	980,7		
64,3299	7,0856	981,3	979,8	980,7		
64,3383	7,0994	981,1	979,7	980,7		
64,3466	7,0976	981,0	979,6	980,6		
64,3549	7,1127	981,1	979,7	980,7		
64,3633	7,1118	981,2	979,7	980,7		
64,3716	7,1114	981,1	979,7	980,7		
64,3799	7,1229	981,2	979,7	980,7		
64,3883	7,1207	981,3	979,8	980,7		
64,3966	7,1291	981,2	979,8	980,7		
64,4049	7,1371	981,3	979,9	980,8		
64,4133	7,1424	981,4	979,8	980,8		
64,4216	7,1415	981,2	979,8	980,7		
64,4299	7,1517	981,3	979,8	980,7		
64,4383	7,1584	981,3	979,8	980,7		
64,4466	7,1553	981,2	979,7	980,6		
64,4549	7,1708	981,2	979,8	980,7		
64,4633	7,1584	981,2	979,7	980,6		
64,4716	7,1775	981,1	979,7	980,7		
64,4799	7,1730	981,3	979,8	980,8		
64,4883	7,1792	981,2	979,8	980,7		
64,4966	7,1806	981,1	979,8	980,6		
64,5049	7,1970	981,9	980,0	980,9		
64,5133	7,2005	982,1	980,2	980,8		
64,5216	7,1987	981,7	980,0	980,8		
64,5299	7,2152	981,5	980,0	981,0		
64,5383	7,2138	981,5	980,1	981,0		
64,5466	7,2112	981,5	980,0	980,9		
64,5549	7,2245	981,2	979,7	980,6		
64,5633	7,2165	981,4	979,9	980,7		
64,5716	7,2289	981,4	980,0	980,9		
64,5799	7,2342	981,4	979,9	980,8		
64,5883	7,2418	981,3	979,9	980,7		
64,5966	7,2422	981,3	979,9	980,7		
64,6049	7,2506	981,3	979,9	980,7		
64,6133	7,2502	981,3	979,8	980,7		
64,6216	7,2626	981,2	979,8	980,6		
64,6299	7,2604	981,2	979,7	980,7		
64,6383	7,2688	981,2	979,7	980,6		
64,6466	7,2759	981,2	979,7	980,6		
64,6549	7,2870	981,2	979,7	980,7		
64,6633	7,2799	981,1	979,7	980,7		
64,6716	7,2883	981,0	979,7	980,7		
64,6799	7,2994	981,0	979,7	980,7		
64,6883	7,3021	981,1	979,7	980,6		
64,6966	7,2990	981,0	979,6	980,6		
64,7049	7,3021	981,1	979,6	980,7		
64,7133	7,3096	981,1	979,7	980,8		
64,7216	7,3123	981,1	979,7	980,7		
64,7299	7,3136	981,2	979,7	980,6		
64,7383	7,3256	981,1	979,7	980,7		
64,7466	7,3367	981,1	979,7	980,6		
64,7549	7,3340	981,2	979,7	980,7		
64,7633	7,3349	981,1	979,7	980,7		
64,7716	7,3447	981,3	979,7	980,6		
64,7799	7,3451	981,5	979,9	980,7		
64,7883	7,3589	981,4	979,8	980,7		
64,7966	7,3686	981,3	979,8	980,6		
64,8049	7,3713	981,4	979,8	980,7		
64,8133	7,3726	981,2	979,7	980,6		
64,8216	7,3633	981,2	979,7	980,6		
64,8299	7,3863	981,3	979,8	980,6		
64,8383	7,3841	981,2	979,8	980,6		
64,8466	7,3957	981,3	979,7	980,6		
64,8549	7,3912	981,2	979,8	980,5		
64,8633	7,4036	981,2	979,7	980,6		
64,8716	7,4068	981,2	979,7	980,7		
64,8799	7,4134	981,2	979,7	980,6		
64,8883	7,4187	981,1	979,7	980,6		
64,8966	7,4214	981,2	979,7	980,6		
64,9049	7,4143	981,1	979,7	980,5		
64,9133	7,4351	981,0	979,6	980,5		
64,9216	7,4374	981,0	979,7	980,6		
64,9299	7,4413	981,1	979,7	980,6		
64,9383	7,4511	981,1	979,7	980,6		
64,9466	7,4467	981,1	979,7	980,5		
64,9549	7,4533	981,1	979,7	980,6		
64,9633	7,4604	981,1	979,7	980,7		
64,9716	7,4622	981,0	979,7	980,7		
64,9799	7,4764	981,1	979,7	980,6		
64,9883	7,4773	981,2	979,7	980,6		
64,9966	7,4813	981,2	979,7	980,6		
65,0049	7,4923	981,1	979,6	980,5		
65,0133	7,4986	981,1	979,7	980,6		
65,0216	7,4999	981,2	979,7	980,6		
65,0299	7,4977	981,0	979,6	980,5		
65,0383	7,5190	981,1	979,7	980,6		
65,0466	7,5185	981,1	979,7	980,6		
65,0549	7,5105	981,0	979,6	980,6		
65,0633	7,5194	981,2	979,7	980,6		
65,0716	7,5256	981,1	979,7	980,6		
65,0799	7,5389	981,1	979,7	980,6		
65,0883	7,5394	981,1	979,7	980,7		
65,0966	7,5349	981,2	979,7	980,6		
65,1049	7,5469	981,2	979,7	980,6		
65,1133	7,5549	981,2	979,7	980,6		
65,1216	7,5562	981,1	979,7	980,6		
65,1299	7,5660	981,1	979,7	980,6		
65,1383	7,5682	981,0	979,7	980,7		
65,1466	7,5771	981,2	979,7	980,6		
65,1549	7,5766	981,1	979,7	980,5		
65,1633	7,5740	981,1	979,6	980,6		
65,1716	7,5917	981,1	979,7	980,6		
65,1799	7,5855	981,1	979,6	980,6		
65,1883	7,6063	981,1	979,6	980,6		
65,1966	7,6046	981,1	979,7	980,7		
65,2049	7,6134	981,1	979,6	980,6		
65,2133	7,6161	981,1	979,7	980,6		
65,2216	7,6130	981,2	979,7	980,6		
65,2299	7,6236	981,2	979,7	980,6		
65,2383	7,6356	981,2	979,7	980,6		
65,2466	7,6378	981,1	979,7	980,6		
65,2549	7,6414	981,2	979,6	980,7		
65,2633	7,6480	981,1	979,7	980,6		
65,2716	7,6467	981,1	979,6	980,6		
65,2799	7,6480	981,2	979,7	980,6		
65,2883	7,6591	981,2	979,6	980,6		
65,2966	7,6631	981,1	979,7	980,6		
65,3049	7,6706	981,1	979,6	980,5		
65,3133	7,6760	981,1	979,6	980,4		
65,3216	7,6839	981,3	979,7	980,6		
65,3299	7,6955	981,2	979,7	980,6		
65,3383	7,6893	981,2	979,6	980,5		
65,3466	7,7035	981,1	979,6	980,6		
65,3549	7,7137	981,2	979,7	980,5		
65,3633	7,7052	981,2	979,7	980,6		
65,3716	7,7141	981,2	979,7	980,6		
65,3799	7,7265	981,2	979,7	980,6		
65,3883	7,7301	981,1	979,7	980,6		
65,3966	7,7323	981,2	979,7	980,6		
65,4049	7,7412	981,2	979,7	980,6		
65,4133	7,7385	981,2	979,7	980,6		
65,4216	7,7491	981,2	979,7	980,7		
65,4299	7,7598	981,2	979,7	980,7		
65,4383	7,7611	981,2	979,7	980,6		
65,4466	7,7687	981,2	979,7	980,6		
65,4549	7,7678	981,2	979,7	980,6		
65,4633	7,7789	981,1	979,7	980,6		
65,4716	7,7784	981,1	979,7	980,5		
65,4799	7,7868	981,1	979,7	980,6		
65,4883	7,7962	981,1	979,7	980,6		
65,4966	7,7984	981,1	979,6	980,6		
65,5049	7,8192	981,0	979,6	980,6		
65,5133	7,8183	981,1	979,6	980,6		
65,5216	7,8139	981,2	979,7	980,6		
65,5299	7,8219	981,2	979,7	980,6		
65,5383	7,8210	981,2	979,7	980,6		
65,5466	7,8308	981,1	979,7	980,6		
65,5549	7,8374	981,1	979,6	980,5		
65,5633	7,8423	981,1	979,6	980,6		
65,5716	7,8512	981,1	979,6	980,5		
65,5799	7,8507	981,1	979,7	980,6		
65,5883	7,8693	981,2	979,7	980,7		
65,5966	7,8653	981,2	979,7	980,6		
65,6049	7,8693	981,2	979,7	980,6		
65,6133	7,8800	981,2	979,6	980,5		
65,6216	7,8773	981,1	979,6	980,6		
65,6299	7,8928	981,2	979,7	980,7		
65,6383	7,8915	981,1	979,6	980,6		
65,6466	7,8942	981,1	979,7	980,7		
65,6549	7,9093	981,2	979,7	980,6		
65,6633	7,9075	981,1	979,7	980,6		
65,6716	7,9119	981,2	979,7	980,7		
65,6799	7,9221	981,2	979,8	980,7		
65,6883	7,9345	981,2	979,7	980,7		
65,6966	7,9314	981,3	979,7	980,6		
65,7049	7,9394	981,2	979,7	980,5		
65,7133	7,9439	981,1	979,7	980,6		
65,7216	7,9487	981,1	979,7	980,6		
65,7299	7,9496	981,2	979,7	980,6		
65,7383	7,9585	981,2	979,7	980,7		
65,7466	7,9656	981,2	979,7	980,7		
65,7549	7,9722	981,2	979,7	980,6		
65,7633	7,9842	981,2	979,7	980,5		
65,7716	7,9811	981,2	979,7	980,6		
65,7799	7,9798	981,2	979,7	980,6		
65,7883	7,9940	981,2	979,6	980,6		
65,7966	8,0006	981,2	979,6	980,6		
65,8049	8,0073	981,2	979,7	980,6		
65,8133	8,0130	981,2	979,7	980,6		
65,8216	8,0099	981,2	979,7	980,6		
65,8299	8,0232	981,2	979,7	980,5		
65,8383	8,0308	981,2	979,6	980,6		
65,8466	8,0308	981,3	979,7	980,6		
65,8549	8,0428	981,2	979,6	980,6		
65,8633	8,0410	981,2	979,7	980,6		
65,8716	8,0503	981,3	979,7	980,7		
65,8799	8,0583	981,2	979,7	980,6		
65,8883	8,0547	981,2	979,7	980,6		
65,8966	8,0667	981,2	979,7	980,6		
65,9049	8,0836	981,3	979,7	980,6		
65,9133	8,0751	981,2	979,7	980,5		
65,9216	8,0907	981,2	979,7	980,6		
65,9299	8,0920	981,2	979,7	980,7		
65,9383	8,0978	981,2	979,7	980,6		
65,9466	8,1062	981,2	979,7	980,6		
65,9549	8,1080	981,2	979,7	980,6		
65,9633	8,1159	981,2	979,7	980,6		
65,9716	8,1177	981,1	979,7	980,5		
65,9799	8,1381	981,2	979,7	980,6		
65,9883	8,1306	981,2	979,7	980,6		
65,9966	8,1421	981,1	979,7	980,5		
66,0049	8,1439	981,1	979,7	980,6		
66,0133	8,1554	981,2	979,7	980,6		
66,0216	8,1541	981,2	979,6	980,5		
66,0299	8,1550	981,1	979,6	980,5		
66,0383	8,1718	981,1	979,6	980,6		
66,0466	8,1705	981,1	979,7	980,6		
66,0549	8,1780	981,1	979,7	980,6		
66,0633	8,1851	981,2	979,6	980,6		
66,0716	8,1949	981,2	979,7	980,7		
66,0799	8,1975	981,2	979,7	980,6		
66,0883	8,2033	981,1	979,6	980,5		
66,0966	8,2082	981,2	979,7	980,6		
66,1049	8,2117	981,2	979,7	980,6		
66,1133	8,2202	981,2	979,7	980,6		
66,1216	8,2281	981,2	979,7	980,6		
66,1299	8,2317	981,2	979,7	980,6		
66,1383	8,2375	981,2	979,7	980,6		
66,1466	8,2508	981,2	979,7	980,6		
66,1549	8,2627	981,3	979,7	980,6		
66,1633	8,2667	981,2	979,7	980,7		
66,1716	8,2681	981,3	979,7	980,7		
66,1799	8,2698	981,2	979,7	980,6		
66,1883	8,2707	981,2	979,7	980,6		
66,1966	8,2805	981,3	979,7	980,7		
66,2049	8,2947	981,2	979,7	980,7		
66,2133	8,2942	981,2	979,8	980,7		
66,2216	8,2978	981,2	979,7	980,6		
66,2299	8,3089	981,3	979,7	980,7		
66,2383	8,3208	981,2	979,7	980,6		
66,2466	8,3168	981,2	979,7	980,6		
66,2549	8,3235	981,2	979,7	980,7		
66,2633	8,3284	981,2	979,6	980,5		
66,2716	8,3390	981,2	979,7	980,7		
66,2799	8,3466	981,3	979,8	980,7		
66,2883	8,3519	981,2	979,7	980,6		
66,2966	8,3559	981,2	979,7	980,6		
66,3049	8,3585	981,2	979,7	980,5		
66,3133	8,3630	981,2	979,7	980,6		
66,3216	8,3741	981,3	979,7	980,6		
66,3299	8,3763	981,1	979,6	980,5		
66,3383	8,3869	981,1	979,6	980,5		
66,3466	8,3918	981,2	979,7	980,6		
66,3549	8,3922	981,3	979,7	980,6		
66,3633	8,4073	981,3	979,7	980,7		
66,3716	8,4104	981,3	979,8	980,7		
66,3799	8,4087	981,3	979,7	980,6		
66,3883	8,4224	981,3	979,7	980,6		
66,3966	8,4406	981,3	979,7	980,6		
66,4049	8,4375	981,3	979,7	980,7		
66,4133	8,4317	981,3	979,7	980,7		
66,4216	8,4410	981,3	979,8	980,6		
66,4299	8,4579	981,3	979,8	980,6		
66,4383	8,4592	981,2	979,7	980,7		
66,4466	8,4619	981,4	979,7	980,7		
66,4549	8,4672	981,3	979,7	980,7		
66,4633	8,4805	981,3	979,7	980,6		
66,4716	8,4912	981,3	979,7	980,6		
66,4799	8,4920	981,3	979,7	980,6		
66,4883	8,4969	981,4	979,8	980,6		
66,4966	8,5093	981,3	979,7	980,6		
66,5049	8,5120	981,2	979,7	980,6		
66,5133	8,5155	981,3	979,7	980,6		
66,5216	8,5200	981,3	979,7	980,5		
66,5299	8,5293	981,3	979,7	980,7		
66,5383	8,5342	981,2	979,7	980,5		
66,5466	8,5479	981,2	979,6	980,5		
66,5549	8,5475	981,2	979,6	980,5		
66,5633	8,5555	981,2	979,7	980,6		
66,5716	8,5568	981,2	979,7	980,6		
66,5799	8,5728	981,3	979,7	980,7		
66,5883	8,5741	981,3	979,7	980,6		
66,5966	8,5887	981,3	979,7	980,6		
66,6049	8,5896	981,3	979,7	980,6		
66,6133	8,5980	981,3	979,7	980,6		
66,6216	8,6011	981,3	979,7	980,6		
66,6299	8,6060	981,2	979,7	980,6		
66,6383	8,6207	981,3	979,7	980,6		
66,6466	8,6207	981,2	979,7	980,7		
66,6549	8,6269	981,2	979,7	980,7		
66,6633	8,6357	981,3	979,8	980,7		
66,6716	8,6388	981,3	979,7	980,6		
66,6799	8,6455	981,2	979,7	980,6		
66,6883	8,6544	981,2	979,7	980,7		
66,6966	8,6570	981,2	979,7	980,6		
66,7049	8,6655	981,3	979,7	980,6		
66,7133	8,6739	981,2	979,7	980,6		
66,7216	8,6801	981,3	979,7	980,7		
66,7299	8,6898	981,2	979,8	980,6		
66,7383	8,6934	981,3	979,7	980,6		
66,7466	8,6987	981,3	979,7	980,6		
66,7549	8,7125	981,3	979,8	980,7		
66,7633	8,7134	981,3	979,8	980,7		
66,7716	8,7191	981,3	979,7	980,6		
66,7799	8,7329	981,3	979,7	980,7		
66,7883	8,7338	981,3	979,8	980,7		
66,7966	8,7422	981,3	979,7	980,6		
66,8049	8,7431	981,3	979,7	980,7		
66,8133	8,7542	981,3	979,7	980,5		
66,8216	8,7564	981,3	979,7	980,5		
66,8299	8,7670	981,3	979,8	980,6		
66,8383	8,7692	981,3	979,7	980,7		
66,8466	8,7843	981,3	979,7	980,6		
66,8549	8,7883	981,3	979,7	980,6		
66,8633	8,7914	981,2	979,7	980,7		
66,8716	8,8105	981,4	979,8	980,6		
66,8799	8,8096	981,3	979,8	980,6		
66,8883	8,8123	981,3	979,7	980,6		
66,8966	8,8185	981,3	979,7	980,6		
66,9049	8,8256	981,3	979,8	980,6		
66,9133	8,8327	981,3	979,7	980,7		
66,9216	8,8340	981,3	979,7	980,6		
66,9299	8,8420	981,3	979,7	980,5		
66,9383	8,8513	981,3	979,7	980,7		
66,9466	8,8690	981,3	979,8	980,6		
66,9549	8,8659	981,4	979,8	980,7		
66,9633	8,8806	981,4	979,8	980,7		
66,9716	8,8828	981,4	979,8	980,7		
66,9799	8,8841	981,3	979,7	980,6		
66,9883	8,8974	981,4	979,8	980,7		
66,9966	8,9129	981,3	979,7	980,6		
67,0049	8,9089	981,3	979,7	980,6		
67,0133	8,9227	981,4	979,8	980,6		
67,0216	8,9152	981,3	979,7	980,6		
67,0299	8,9258	981,4	979,8	980,6		
67,0383	8,9364	981,3	979,8	980,7		
67,0466	8,9440	981,3	979,8	980,7		
67,0549	8,9502	981,4	979,8	980,6		
67,0633	8,9608	981,4	979,8	980,6		
67,0716	8,9702	981,4	979,8	980,7		
67,0799	8,9746	981,4	979,8	980,7		
67,0883	8,9826	981,4	979,8	980,7		
67,0966	8,9901	981,4	979,8	980,6		
67,1049	8,9959	981,3	979,8	980,7		
67,1133	8,9954	981,3	979,8	980,6		
67,1216	9,0118	981,3	979,8	980,6		
67,1299	9,0127	981,3	979,8	980,6		
67,1383	9,0167	981,4	979,8	980,7		
67,1466	9,0283	981,4	979,8	980,6		
67,1549	9,0265	981,3	979,8	980,6		
67,1633	9,0504	981,4	979,8	980,7		
67,1716	9,0509	981,3	979,8	980,6		
67,1799	9,0558	981,3	979,8	980,6		
67,1883	9,0673	981,4	979,7	980,6		
67,1966	9,0784	981,4	979,8	980,6		
67,2049	9,0828	981,4	979,8	980,6		
67,2133	9,0864	981,4	979,8	980,7		
67,2216	9,0926	981,3	979,7	980,7		
67,2299	9,1005	981,4	979,8	980,6		
67,2383	9,1156	981,3	979,8	980,6		
67,2466	9,1192	981,3	979,7	980,7		
67,2549	9,1258	981,4	979,8	980,6		
67,2633	9,1343	981,4	979,8	980,7		
67,2716	9,1418	981,3	979,8	980,6		
67,2799	9,1520	981,3	979,7	980,6		
67,2883	9,1538	981,3	979,7	980,6		
67,2966	9,1595	981,4	979,7	980,7		
67,3049	9,1649	981,3	979,8	980,7		
67,3133	9,1799	981,3	979,7	980,6		
67,3216	9,1857	981,4	979,7	980,5		
67,3299	9,1888	981,3	979,8	980,7		
67,3383	9,2021	981,3	979,7	980,6		
67,3466	9,2083	981,2	979,7	980,6		
67,3549	9,2105	981,3	979,7	980,6		
67,3633	9,2212	981,4	979,7	980,6		
67,3716	9,2172	981,3	979,7	980,6		
67,3799	9,2314	981,3	979,7	980,6		
67,3883	9,2416	981,4	979,8	980,6		
67,3966	9,2447	981,4	979,8	980,7		
67,4049	9,2624	981,4	979,7	980,5		
67,4133	9,2615	981,5	979,8	980,7		
67,4216	9,2748	981,5	979,8	980,7		
67,4299	9,2717	981,4	979,8	980,6		
67,4383	9,2917	981,5	979,8	980,7		
67,4466	9,2926	981,5	979,9	980,7		
67,4549	9,2984	981,4	979,8	980,7		
67,4633	9,3081	981,4	979,8	980,6		
67,4716	9,3236	981,4	979,7	980,6		
67,4799	9,3201	981,3	979,7	980,7		
67,4883	9,3272	981,5	979,8	980,7		
67,4966	9,3431	981,5	979,9	980,7		
67,5049	9,3511	981,5	979,9	980,7		
67,5133	9,3463	981,4	979,8	980,6		
67,5216	9,3631	981,3	979,8	980,6		
67,5299	9,3720	981,4	979,8	980,6		
67,5383	9,3724	981,4	979,8	980,7		
67,5466	9,3977	981,5	979,9	980,7		
67,5549	9,3866	981,4	979,8	980,6		
67,5633	9,4044	981,4	979,8	980,6		
67,5716	9,4039	981,5	979,9	980,6		
67,5799	9,4181	981,4	979,8	980,6		
67,5883	9,4252	981,4	979,8	980,7		
67,5966	9,4296	981,4	979,8	980,6		
67,6049	9,4350	981,4	979,8	980,7		
67,6133	9,4443	981,5	979,8	980,7		
67,6216	9,4531	981,5	979,9	980,7		
67,6299	9,4638	981,4	979,8	980,7		
67,6383	9,4722	981,4	979,8	980,7		
67,6466	9,4704	981,4	979,8	980,7		
67,6549	9,4873	981,4	979,8	980,7		
67,6633	9,4837	981,4	979,8	980,6		
67,6716	9,5050	981,4	979,8	980,6		
67,6799	9,5033	981,4	979,7	980,6		
67,6883	9,5104	981,4	979,8	980,7		
67,6966	9,5272	981,4	979,8	980,6		
67,7049	9,5268	981,5	979,8	980,6		
67,7133	9,5458	981,4	979,8	980,7		
67,7216	9,5489	981,4	979,9	980,7		
67,7299	9,5627	981,4	979,8	980,7		
67,7383	9,5600	981,4	979,8	980,6		
67,7466	9,5662	981,4	979,7	980,6		
67,7549	9,5831	981,4	979,7	980,6		
67,7633	9,5871	981,4	979,8	980,6		
67,7716	9,5884	981,4	979,8	980,6		
67,7799	9,6026	981,4	979,8	980,6		
67,7883	9,6146	981,4	979,9	980,7		
67,7966	9,6177	981,4	979,8	980,7		
67,8049	9,6199	981,4	979,8	980,6		
67,8133	9,6354	981,4	979,8	980,8		
67,8216	9,6443	981,5	979,8	980,7		
67,8299	9,6501	981,5	979,8	980,7		
67,8383	9,6647	981,4	979,8	980,7		
67,8466	9,6669	981,4	979,8	980,6		
67,8549	9,6714	981,4	979,8	980,6		
67,8633	9,6838	981,4	979,7	980,6		
67,8716	9,6842	981,4	979,8	980,6		
67,8799	9,7002	981,5	979,8	980,6		
67,8883	9,7028	981,5	979,8	980,7		
67,8966	9,7184	981,5	979,8	980,7		
67,9049	9,7263	981,5	979,8	980,7		
67,9133	9,7419	981,5	979,8	980,7		
67,9216	9,7397	981,4	979,8	980,7		
67,9299	9,7428	981,5	979,8	980,7		
67,9383	9,7609	981,5	979,8	980,7		
67,9466	9,7658	981,5	979,8	980,7		
67,9549	9,7720	981,4	979,8	980,6		
67,9633	9,7862	981,5	979,8	980,6		
67,9716	9,7849	981,5	979,8	980,7		
67,9799	9,7969	981,5	979,8	980,7		
67,9883	9,8044	981,5	979,8	980,7		
67,9966	9,8128	981,5	979,9	980,7		
68,0049	9,8173	981,5	979,8	980,7		
68,0133	9,8292	981,5	979,9	980,7		
68,0216	9,8430	981,5	979,8	980,7		
68,0299	9,8470	981,5	979,8	980,7		
68,0383	9,8567	981,5	979,8	980,7		
68,0466	9,8714	981,5	979,8	980,6		
68,0549	9,8749	981,5	979,8	980,6		
68,0633	9,8789	981,4	979,9	980,9		
68,0716	9,8922	981,4	979,9	980,8		
68,0799	9,8980	981,3	979,8	980,6		
68,0883	9,9117	981,3	979,8	980,6		
68,0966	9,9184	981,5	979,9	980,7		
68,1049	9,9339	981,4	979,8	980,7		
68,1133	9,9388	981,4	979,8	980,6		
68,1216	9,9450	981,4	979,8	980,6		
68,1299	9,9539	981,4	979,8	980,5		
68,1383	9,9588	981,4	979,8	980,6		
68,1466	9,9721	981,4	979,8	980,6		
68,1549	9,9778	981,4	979,8	980,6		
68,1633	9,9818	981,4	979,8	980,5		
68,1716	9,9991	981,4	979,7	980,5		
68,1799	10,0089	981,4	979,8	980,6		
68,1883	10,0217	981,4	979,8	980,6		
68,1966	10,0253	981,4	979,8	980,6		
68,2049	10,0306	981,5	979,8	980,6		
68,2133	10,0395	981,4	979,8	980,6		
68,2216	10,0506	981,4	979,8	980,6		
68,2299	10,0630	981,4	979,8	980,6		
68,2383	10,0750	981,3	979,7	980,5		
68,2466	10,0652	981,4	979,8	980,5		
68,2549	10,0816	981,4	979,8	980,5		
68,2633	10,1016	981,4	979,8	980,5		
68,2716	10,1056	981,4	979,8	980,6		
68,2799	10,1127	981,4	979,8	980,6		
68,2883	10,1193	981,4	979,8	980,6		
68,2966	10,1184	981,4	979,8	980,6		
68,3049	10,1366	981,5	979,9	980,6		
68,3133	10,1437	981,5	979,8	980,5		
68,3216	10,1588	981,4	979,8	980,6		
68,3299	10,1685	981,4	979,7	980,4		
68,3383	10,1708	981,4	979,8	980,5		
68,3466	10,1916	981,4	979,8	980,6		
68,3549	10,1974	981,5	979,8	980,6		
68,3633	10,2036	981,4	979,7	980,6		
68,3716	10,2071	981,4	979,8	980,5		
68,3799	10,2160	981,4	979,8	980,5		
68,3883	10,2311	981,4	979,8	980,5		
68,3966	10,2311	981,4	979,8	980,6		
68,4049	10,2524	981,4	979,8	980,5		
68,4133	10,2515	981,4	979,8	980,6		
68,4216	10,2634	981,5	979,8	980,6		
68,4299	10,2710	981,4	979,7	980,5		
68,4383	10,2830	981,4	979,7	980,5		
68,4466	10,3043	981,5	979,8	980,6		
68,4549	10,2967	981,5	979,8	980,6		
68,4633	10,3100	981,4	979,7	980,5		
68,4716	10,3247	981,4	979,8	980,6		
68,4799	10,3371	981,4	979,8	980,6		
68,4883	10,3397	981,4	979,8	980,6		
68,4966	10,3451	981,4	979,8	980,6		
68,5049	10,3575	981,4	979,7	980,5		
68,5133	10,3592	981,5	979,8	980,5		
68,5216	10,3757	981,4	979,7	980,5		
68,5299	10,3845	981,4	979,7	980,5		
68,5383	10,3956	981,5	979,8	980,6		
68,5466	10,4094	981,5	979,8	980,6		
68,5549	10,4129	981,5	979,8	980,6		
68,5633	10,4218	981,4	979,8	980,6		
68,5716	10,4329	981,6	979,9	980,6		
68,5799	10,4422	981,6	979,9	980,6		
68,5883	10,4630	981,5	979,9	980,6		
68,5966	10,4582	981,5	979,8	980,6		
68,6049	10,4732	981,5	979,8	980,6		
68,6133	10,4843	981,5	979,8	980,6		
68,6216	10,4914	981,5	979,8	980,6		
68,6299	10,5056	981,5	979,8	980,5		
68,6383	10,5109	981,5	979,9	980,7		
68,6466	10,5282	981,5	979,8	980,5		
68,6549	10,5251	981,5	979,8	980,6		
68,6633	10,5442	981,5	979,8	980,5		
68,6716	10,5544	981,4	979,8	980,6		
68,6799	10,5615	981,5	979,8	980,6		
68,6883	10,5792	981,5	979,7	980,5		
68,6966	10,5788	981,5	979,8	980,6		
68,7049	10,5943	981,4	979,7	980,5		
68,7133	10,6010	981,4	979,8	980,6		
68,7216	10,6067	981,4	979,8	980,5		
68,7299	10,6285	981,5	979,8	980,5		
68,7383	10,6302	981,5	979,8	980,5		
68,7466	10,6302	981,4	979,8	980,6		
68,7549	10,6498	981,4	979,8	980,5		
68,7633	10,6639	981,4	979,8	980,5		
68,7716	10,6666	981,5	979,8	980,5		
68,7799	10,6795	981,5	979,8	980,6		
68,7883	10,6861	981,4	979,8	980,6		
68,7966	10,6999	981,4	979,7	980,5		
68,8049	10,7132	981,4	979,7	980,5		
68,8133	10,7158	981,5	979,8	980,7		
68,8216	10,7327	981,4	979,8	980,6		
68,8299	10,7420	981,5	979,8	980,6		
68,8383	10,7504	981,5	979,8	980,6		
68,8466	10,7584	981,4	979,8	980,6		
68,8549	10,7699	981,5	979,8	980,6		
68,8633	10,7775	981,4	979,8	980,5		
68,8716	10,7881	981,4	979,8	980,5		
68,8799	10,8050	981,4	979,8	980,5		
68,8883	10,8103	981,5	979,8	980,5		
68,8966	10,8174	981,4	979,8	980,6		
68,9049	10,8343	981,5	979,8	980,6		
68,9133	10,8476	981,5	979,8	980,5		
68,9216	10,8493	981,5	979,8	980,6		
68,9299	10,8609	981,5	979,8	980,6		
68,9383	10,8759	981,5	979,8	980,6		
68,9466	10,8791	981,5	979,7	980,5		
68,9549	10,8955	981,5	979,7	980,6		
68,9633	10,9034	981,5	979,8	980,6		
68,9716	10,9097	981,5	979,8	980,6		
68,9799	10,9305	981,5	979,8	980,5		
68,9883	10,9425	981,5	979,7	980,6		
68,9966	10,9429	981,5	979,8	980,5		
69,0049	10,9545	981,5	979,8	980,5		
69,0133	10,9655	981,6	979,9	980,7		
69,0216	10,9775	981,6	979,9	980,6		
69,0299	10,9890	981,6	979,9	980,6		
69,0383	10,9992	981,6	979,8	980,6		
69,0466	11,0121	981,7	979,9	980,6		
69,0549	11,0157	981,7	979,9	980,6		
69,0633	11,0285	981,7	979,9	980,7		
69,0716	11,0480	981,6	979,9	980,6		
69,0799	11,0542	981,6	979,9	980,5		
69,0883	11,0689	981,7	979,9	980,6		
69,0966	11,0746	981,6	979,8	980,6		
69,1049	11,0840	981,5	979,8	980,6		
69,1133	11,0955	981,6	979,8	980,6		
69,1216	11,1110	981,6	979,9	980,5		
69,1299	11,1194	981,5	979,8	980,6		
69,1383	11,1296	981,5	979,8	980,5		
69,1466	11,1487	981,6	979,9	980,6		
69,1549	11,1571	981,5	979,8	980,5		
69,1633	11,1620	981,5	979,8	980,5		
69,1716	11,1753	981,5	979,8	980,5		
69,1799	11,1882	981,5	979,8	980,5		
69,1883	11,2037	981,5	979,9	980,6		
69,1966	11,2068	981,4	979,8	980,4		
69,2049	11,2201	981,5	979,8	980,6		
69,2133	11,2356	981,6	979,9	980,6		
69,2216	11,2383	981,6	979,8	980,5		
69,2299	11,2507	981,5	979,8	980,5		
69,2383	11,2609	981,5	979,9	980,6		
69,2466	11,2747	981,5	979,8	980,6		
69,2549	11,2875	981,5	979,8	980,5		
69,2633	11,3093	981,5	979,8	980,5		
69,2716	11,3097	981,5	979,8	980,6		
69,2799	11,3292	981,6	979,8	980,6		
69,2883	11,3310	981,6	979,8	980,6		
69,2966	11,3403	981,6	979,8	980,5		
69,3049	11,3572	981,6	979,8	980,6		
69,3133	11,3745	981,6	979,8	980,6		
69,3216	11,3824	981,6	979,8	980,6		
69,3299	11,3940	981,5	979,8	980,4		
69,3383	11,4077	981,6	979,8	980,5		
69,3466	11,4068	981,6	979,8	980,5		
69,3549	11,4295	981,5	979,8	980,6		
69,3633	11,4419	981,6	979,8	980,5		
69,3716	11,4481	981,5	979,8	980,5		
69,3799	11,4574	981,5	979,9	980,6		
69,3883	11,4689	981,6	979,9	980,5		
69,3966	11,4836	981,5	979,8	980,5		
69,4049	11,4969	981,6	979,9	980,6		
69,4133	11,5049	981,6	979,9	980,7		
69,4216	11,5248	981,6	979,8	980,5		
69,4299	11,5288	981,6	979,8	980,6		
69,4383	11,5359	981,6	979,8	980,5		
69,4466	11,5523	981,6	979,8	980,6		
69,4549	11,5749	981,6	979,9	980,6		
69,4633	11,5749	981,5	979,8	980,6		
69,4716	11,5878	981,6	979,8	980,6		
69,4799	11,5989	981,7	979,9	980,5		
69,4883	11,6104	981,6	979,9	980,6		
69,4966	11,6237	981,6	979,8	980,6		
69,5049	11,6361	981,7	979,9	980,6		
69,5133	11,6521	981,7	979,9	980,5		
69,5216	11,6654	981,7	979,8	980,5		
69,5299	11,6747	981,7	979,9	980,6		
69,5383	11,6840	981,7	979,9	980,6		
69,5466	11,7018	981,6	979,9	980,6		
69,5549	11,7120	981,7	979,9	980,6		
69,5633	11,7262	981,7	979,9	980,7		
69,5716	11,7337	981,7	980,0	980,6		
69,5799	11,7426	981,7	979,9	980,5		
69,5883	11,7603	981,7	979,9	980,7		
69,5966	11,7705	981,7	979,9	980,6		
69,6049	11,7883	981,7	979,9	980,6		
69,6133	11,8025	981,7	980,0	980,6		
69,6216	11,8171	981,7	979,9	980,6		
69,6299	11,8277	981,7	979,9	980,6		
69,6383	11,8464	981,7	979,9	980,6		
69,6466	11,8526	981,6	979,8	980,5		
69,6549	11,8645	981,6	979,8	980,5		
69,6633	11,8805	981,7	979,8	980,6		
69,6716	11,8876	981,7	979,9	980,5		
69,6799	11,9045	981,6	979,9	980,5		
69,6883	11,9151	981,6	979,9	980,6		
69,6966	11,9302	981,8	979,9	980,6		
69,7049	11,9422	981,7	979,9	980,6		
69,7133	11,9568	981,7	979,9	980,5		
69,7216	11,9697	981,6	979,9	980,6		
69,7299	11,9861	981,7	979,8	980,6		
69,7383	11,9985	981,7	979,9	980,6		
69,7466	12,0051	981,7	979,9	980,6		
69,7549	12,0162	981,8	979,9	980,7		
69,7633	12,0384	981,7	980,0	980,7		
69,7716	12,0459	981,8	980,0	980,7		
69,7799	12,0632	981,8	980,0	980,7		
69,7883	12,0832	981,8	980,0	980,7		
69,7966	12,0859	981,8	980,0	980,7		
69,8049	12,0943	981,7	979,9	980,6		
69,8133	12,1058	981,7	979,9	980,6		
69,8216	12,1293	981,7	980,0	980,8		
69,8299	12,1484	981,7	979,9	980,6		
69,8383	12,1480	981,6	979,8	980,5		
69,8466	12,1679	981,6	979,9	980,7		
69,8549	12,1821	981,7	979,9	980,7		
69,8633	12,1976	981,6	979,8	980,6		
69,8716	12,2092	981,6	979,8	980,6		
69,8799	12,2211	981,8	979,9	980,6		
69,8883	12,2331	981,7	979,9	980,6		
69,8966	12,2486	981,7	979,9	980,6		
69,9049	12,2650	981,9	980,0	980,7		
69,9133	12,2779	981,7	979,9	980,6		
69,9216	12,2979	981,7	979,9	980,6		
69,9299	12,3045	981,8	979,9	980,6		
69,9383	12,3200	981,9	980,0	980,7		
69,9466	12,3342	981,8	979,9	980,6		
69,9549	12,3400	981,8	980,0	980,6		
69,9633	12,3622	981,8	979,9	980,5		
69,9716	12,3821	981,8	979,9	980,7		
69,9799	12,3888	981,8	979,9	980,6		
69,9883	12,4052	981,9	980,0	980,6		
69,9966	12,4198	981,8	980,0	980,7		
70,0049	12,4314	981,8	979,9	980,6		
70,0133	12,4473	981,8	980,0	980,6		
70,0216	12,4624	981,9	979,9	980,6		
70,0299	12,4775	981,8	979,9	980,6		
70,0383	12,4806	981,8	979,9	980,6		
70,0466	12,5014	981,8	979,9	980,6		
70,0549	12,5147	981,9	980,0	980,6		
70,0633	12,5303	981,8	980,0	980,7		
70,0716	12,5427	981,9	979,9	980,6		
70,0799	12,5595	981,8	979,9	980,5		
70,0883	12,5697	981,9	979,9	980,6		
70,0966	12,5959	981,8	979,9	980,5		
70,1049	12,6066	981,8	979,9	980,6		
70,1133	12,6150	981,8	979,9	980,7		
70,1216	12,6292	981,8	979,9	980,6		
70,1299	12,6469	981,7	980,1	981,0		
70,1383	12,6616	981,7	980,0	980,7		
70,1466	12,6815	981,7	980,0	980,6		
70,1549	12,7001	981,7	980,0	980,7		
70,1633	12,7157	981,7	980,0	980,6		
70,1716	12,7254	981,7	980,0	980,6		
70,1799	12,7365	981,8	980,0	980,5		
70,1883	12,7631	981,7	979,9	980,6		
70,1966	12,7676	981,7	979,9	980,6		
70,2049	12,7911	981,7	979,9	980,6		
70,2133	12,7964	981,7	979,9	980,5		
70,2216	12,8199	981,7	979,9	980,6		
70,2299	12,8412	981,6	979,8	980,5		
70,2383	12,8567	981,7	979,9	980,5		
70,2466	12,8704	981,7	979,9	980,6		
70,2549	12,8740	981,7	979,9	980,5		
70,2633	12,9019	981,8	979,9	980,6		
70,2716	12,9135	981,8	979,9	980,6		
70,2799	12,9183	981,8	979,9	980,5		
70,2883	12,9463	981,8	979,9	980,5		
70,2966	12,9605	981,7	980,0	980,5		
70,3049	12,9720	981,8	979,9	980,6		
70,3133	12,9898	981,7	979,9	980,5		
70,3216	13,0066	981,7	979,9	980,5		
70,3299	13,0279	981,7	980,0	980,6		
70,3383	13,0421	981,8	979,9	980,5		
70,3466	13,0576	981,7	979,8	980,5		
70,3549	13,0691	981,7	979,9	980,5		
70,3633	13,0913	981,7	979,9	980,5		
70,3716	13,1033	981,7	979,9	980,5		
70,3799	13,1237	981,7	979,9	980,5		
70,3883	13,1392	981,7	979,9	980,5		
70,3966	13,1543	981,7	979,9	980,6		
70,4049	13,1720	981,8	980,0	980,6		
70,4133	13,1876	981,8	979,9	980,6		
70,4216	13,1991	981,8	979,9	980,5		
70,4299	13,2226	981,8	979,9	980,5		
70,4383	13,2448	981,9	980,0	980,6		
70,4466	13,2612	981,8	979,9	980,5		
70,4549	13,2749	981,8	979,9	980,5		
70,4633	13,2891	981,7	979,9	980,5		
70,4716	13,3051	981,7	979,9	980,6		
70,4799	13,3326	981,8	979,9	980,5		
70,4883	13,3459	981,9	979,9	980,5		
70,4966	13,3654	981,8	980,0	980,6		
70,5049	13,3818	981,8	979,9	980,4		
70,5133	13,3907	981,8	979,9	980,5		
70,5216	13,4164	981,8	979,9	980,4		
70,5299	13,4346	981,8	979,9	980,5		
70,5383	13,4506	981,7	979,9	980,5		
70,5466	13,4670	981,8	979,9	980,5		
70,5549	13,4940	981,9	979,9	980,6		
70,5633	13,4940	981,9	980,0	980,6		
70,5716	13,5215	981,8	979,9	980,5		
70,5799	13,5326	981,8	979,9	980,6		
70,5883	13,5606	981,9	980,0	980,7		
70,5966	13,5743	981,9	980,0	980,5		
70,6049	13,5921	981,9	980,0	980,6		
70,6133	13,6138	981,8	979,9	980,5		
70,6216	13,6351	981,7	979,9	980,6		
70,6299	13,6444	981,8	979,9	980,5		
70,6383	13,6586	981,8	979,9	980,5		
70,6466	13,6847	981,8	979,9	980,5		
70,6549	13,7047	981,9	980,0	980,5		
70,6633	13,7211	981,8	979,9	980,5		
70,6716	13,7504	981,9	979,9	980,5		
70,6799	13,7593	981,9	980,0	980,5		
70,6883	13,7828	981,8	979,9	980,5		
70,6966	13,8005	981,8	979,9	980,6		
70,7049	13,8174	981,8	979,9	980,5		
70,7133	13,8351	981,8	979,9	980,4		
70,7216	13,8644	981,8	979,9	980,6		
70,7299	13,8763	981,8	980,0	980,5		
70,7383	13,8981	981,9	979,9	980,5		
70,7466	13,9105	981,8	979,9	980,5		
70,7549	13,9362	981,9	980,0	980,6		
70,7633	13,9500	981,8	980,0	980,5		
70,7716	13,9699	981,8	979,9	980,5		
70,7799	13,9908	981,9	980,0	980,6		
70,7883	14,0085	981,9	980,0	980,5		
70,7966	14,0316	981,9	979,9	980,5		
70,8049	14,0564	981,8	979,9	980,5		
70,8133	14,0733	981,9	980,0	980,6		
70,8216	14,1008	981,8	979,9	980,5		
70,8299	14,1181	981,8	980,0	980,5		
70,8383	14,1336	981,8	979,9	980,5		
70,8466	14,1624	981,8	979,9	980,5		
70,8549	14,1753	981,9	980,0	980,6		
70,8633	14,1975	981,8	979,9	980,5		
70,8716	14,2161	981,8	979,9	980,6		
70,8799	14,2374	981,9	980,0	980,5		
70,8883	14,2551	981,8	979,9	980,4		
70,8966	14,2680	981,8	979,9	980,5		
70,9049	14,3008	981,8	979,9	980,5		
70,9133	14,3194	981,8	979,9	980,5		
70,9216	14,3478	981,9	979,9	980,5		
70,9299	14,3593	981,9	979,9	980,6		
70,9383	14,3873	981,9	979,9	980,5		
70,9466	14,4112	982,0	980,0	980,7		
70,9549	14,4356	981,9	979,9	980,4		
70,9633	14,4489	981,9	979,9	980,5		
70,9716	14,4809	982,0	980,0	980,5		
70,9799	14,4990	982,0	979,9	980,5		
70,9883	14,5186	981,9	979,9	980,6		
70,9966	14,5452	981,9	979,9	980,5		
71,0049	14,5589	982,0	980,0	980,5		
71,0133	14,5842	981,9	979,9	980,6		
71,0216	14,6028	982,0	979,9	980,5		
71,0299	14,6321	982,0	979,9	980,5		
71,0383	14,6587	982,0	980,0	980,6		
71,0466	14,6720	982,0	980,0	980,6		
71,0549	14,6955	982,0	980,0	980,7		
71,0633	14,7217	982,1	980,0	980,7		
71,0716	14,7417	982,0	980,0	980,6		
71,0793	14,7860	982,1	980,0	980,5		
71,0877	14,7887	982,1	980,1	980,6		
71,0960	14,8082	982,1	980,1	980,6		
71,1043	14,8423	982,0	980,0	980,5		
71,1127	14,8601	981,9	980,0	980,5		
71,1210	14,8885	982,0	980,0	980,6		
71,1293	14,9111	982,0	980,0	980,5		
71,1377	14,9386	982,0	980,0	980,5		
71,1460	14,9554	982,1	980,1	980,7		
71,1543	14,9838	982,1	980,0	980,5		
71,1627	15,0109	982,0	980,0	980,6		
71,1710	15,0242	982,0	980,0	980,5		
71,1793	15,0650	982,0	980,0	980,5		
71,1877	15,0894	982,0	980,0	980,5		
71,1960	15,1040	982,1	980,0	980,6		
71,2043	15,1359	982,0	980,0	980,6		
71,2127	15,1634	982,0	980,0	980,5		
71,2210	15,1834	982,0	980,0	980,6		
71,2293	15,2193	982,0	980,0	980,6		
71,2377	15,2388	982,0	980,0	980,6		
71,2460	15,2628	982,0	980,0	980,6		
71,2543	15,2912	982,0	980,0	980,6		
71,2627	15,3151	982,0	980,0	980,5		
71,2710	15,3311	982,1	980,0	980,6		
71,2789	15,3754	982,1	980,1	980,7		
71,2872	15,3989	982,1	980,0	980,6		
71,2956	15,4127	982,0	980,0	980,6		
71,3039	15,4468	982,0	980,0	980,5		
71,3122	15,4686	982,1	980,0	980,6		
71,3206	15,5058	982,0	980,1	980,7		
71,3289	15,5293	981,9	980,1	980,8		
71,3372	15,5608	982,0	980,1	980,7		
71,3456	15,5852	982,0	980,1	980,6		
71,3539	15,6087	982,0	980,0	980,5		
71,3619	15,6544	982,0	980,0	980,5		
71,3703	15,6722	982,0	980,1	980,6		
71,3786	15,7014	982,1	980,1	980,6		
71,3869	15,7254	982,1	980,1	980,5		
71,3953	15,7555	982,1	980,0	980,6		
71,4036	15,7826	982,0	980,1	980,6		
71,4119	15,8243	982,0	980,0	980,4		
71,4203	15,8407	982,0	980,0	980,5		
71,4286	15,8802	982,0	980,1	980,7		
71,4369	15,9072	982,1	980,0	980,5		
71,4453	15,9329	982,1	980,0	980,5		
71,4536	15,9640	982,1	980,0	980,5		
71,4614	16,0083	982,2	980,1	980,6		
71,4697	16,0287	982,1	980,0	980,6		
71,4781	16,0585	982,0	980,0	980,4		
71,4864	16,0855	982,1	980,0	980,5		
71,4947	16,1241	982,1	980,1	980,5		
71,5031	16,1534	982,1	980,0	980,5		
71,5114	16,1822	982,1	980,0	980,5		
71,5196	16,2283	982,1	980,0	980,4		
71,5280	16,2505	982,2	980,1	980,5		
71,5363	16,2873	982,2	980,1	980,5		
71,5446	16,3153	982,1	980,1	980,6		
71,5530	16,3498	982,2	980,1	980,5		
71,5613	16,3867	982,2	980,1	980,5		
71,5696	16,4137	982,2	980,1	980,5		
71,5776	16,4581	982,2	980,1	980,6		
71,5860	16,4829	982,2	980,1	980,5		
71,5943	16,5166	982,1	980,1	980,5		
71,6026	16,5565	982,2	980,0	980,5		
71,6110	16,5947	982,2	980,1	980,4		
71,6193	16,6319	982,2	980,1	980,5		
71,6276	16,6656	982,1	980,0	980,5		
71,6360	16,6962	982,2	980,1	980,5		
71,6443	16,7304	982,2	980,1	980,5		
71,6521	16,7765	982,2	980,1	980,5		
71,6604	16,7991	982,2	980,0	980,4		
71,6664	16,8470	982,2	980,0	980,5		
71,6747	16,8790	982,2	980,1	980,6		
71,6830	16,9153	982,3	980,1	980,5		
71,6914	16,9459	982,2	980,1	980,5		
71,6994	16,9912	982,3	980,1	980,5		
71,7077	17,0209	982,4	980,2	980,5		
71,7147	17,0661	982,3	980,2	980,6		
71,7231	17,1025	982,3	980,2	980,6		
71,7314	17,1344	982,4	980,1	980,5		
71,7386	17,1819	982,3	980,1	980,5		
71,7470	17,2191	982,2	980,1	980,5		
71,7552	17,2648	982,3	980,1	980,5		
71,7635	17,2928	982,3	980,1	980,5		
71,7695	17,3380	982,3	980,1	980,5		
71,7779	17,3699	982,4	980,2	980,6		
71,7844	17,4152	982,3	980,1	980,5		
71,7922	17,4609	982,3	980,1	980,5		
71,8006	17,4888	982,4	980,1	980,5		
71,8068	17,5336	982,4	980,2	980,6		
71,8151	17,5726	982,3	980,1	980,4		
71,8216	17,6170	982,3	980,1	980,5		
71,8299	17,6494	982,3	980,1	980,6		
71,8367	17,6959	982,3	980,1	980,5		
71,8450	17,7301	982,3	980,0	980,4		
71,8504	17,7744	982,4	980,1	980,5		
71,8587	17,8201	982,3	980,1	980,5		
71,8663	17,8676	982,4	980,2	980,5		
71,8747	17,9106	982,4	980,1	980,5		
71,8817	17,9549	982,4	980,1	980,4		
71,8892	18,0002	982,5	980,1	980,5		
71,8965	18,0445	982,4	980,2	980,6		
71,9025	18,0911	982,4	980,1	980,5		
71,9108	18,1208	982,3	980,0	980,3		
71,9152	18,1656	982,3	980,1	980,5		
71,9231	18,2162	982,4	980,1	980,3		
71,9290	18,2627	982,4	980,1	980,5		
71,9374	18,2969	982,4	980,1	980,5		
71,9434	18,3426	982,3	980,1	980,4		
71,9499	18,3878	982,4	980,1	980,4		
71,9569	18,4331	982,3	980,2	980,7		
71,9636	18,4810	982,4	980,3	980,8		
71,9707	18,5257	982,5	980,2	980,5		
71,9764	18,5732	982,4	980,2	980,5		
71,9834	18,6180	982,5	980,2	980,6		
71,9902	18,6628	982,5	980,2	980,6		
71,9954	18,7094	982,5	980,2	980,6		
72,0019	18,7577	982,5	980,2	980,6		
72,0079	18,8052	982,4	980,2	980,6		
72,0150	18,8508	982,5	980,2	980,5		
72,0203	18,8983	982,6	980,2	980,5		
72,0265	18,9453	982,6	980,2	980,5		
72,0318	18,9901	982,7	980,2	980,6		
72,0381	19,0362	982,6	980,3	980,6		
72,0437	19,0832	982,6	980,3	980,6		
72,0494	19,1289	982,7	980,3	980,7		
72,0548	19,1737	982,6	980,3	980,6		
72,0594	19,2185	982,7	980,3	980,6		
72,0647	19,2669	982,7	980,3	980,5		
72,0700	19,3130	982,6	980,2	980,5		
72,0759	19,3578	982,6	980,2	980,5		
72,0807	19,4035	982,6	980,2	980,5		
72,0854	19,4483	982,6	980,2	980,5		
72,0909	19,4935	982,7	980,3	980,6		
72,0951	19,5392	982,7	980,3	980,6		
72,1005	19,5853	982,6	980,2	980,5		
72,1047	19,6297	982,5	980,2	980,4		
72,1095	19,6745	982,5	980,1	980,4		
72,1140	19,7193	982,5	980,1	980,5		
72,1183	19,7649	982,5	980,2	980,6		
72,1232	19,8115	982,5	980,2	980,4		
72,1275	19,8563	982,6	980,2	980,4		
72,1320	19,9015	982,6	980,2	980,4		
72,1353	19,9481	982,6	980,2	980,4		
72,1401	19,9933	982,7	980,3	980,6		
72,1435	20,0386	982,7	980,2	980,6		
72,1488	20,0860	982,7	980,2	980,5		
72,1524	20,1339	982,7	980,2	980,5		
72,1564	20,1787	982,6	980,2	980,5		
72,1604	20,2271	982,5	980,1	980,3		
72,1646	20,2714	982,6	980,1	980,3		
72,1683	20,3171	982,6	980,1	980,4		
72,1719	20,3619	982,6	980,1	980,4		
72,1757	20,4063	982,7	980,2	980,5		
72,1792	20,4515	982,7	980,2	980,5		
72,1820	20,4967	982,7	980,2	980,5		
72,1864	20,5424	982,7	980,1	980,4		
72,1892	20,5877	982,7	980,2	980,5		
72,1931	20,6356	982,7	980,2	980,5		
72,1967	20,6804	982,7	980,2	980,5		
72,1998	20,7260	982,7	980,2	980,5		
72,2031	20,7708	982,7	980,2	980,4		
72,2060	20,8161	982,8	980,1	980,3		
72,2088	20,8613	982,8	980,2	980,4		
72,2126	20,9061	982,8	980,2	980,4		
72,2150	20,9531	982,8	980,2	980,4		
72,2185	21,0024	982,8	980,2	980,4		
72,2214	21,0471	982,8	980,2	980,4		
72,2244	21,0915	982,8	980,2	980,4		
72,2273	21,1385	982,8	980,2	980,4		
72,2301	21,1837	982,8	980,2	980,5		
72,2328	21,2308	982,8	980,3	980,6		
72,2353	21,2760	982,8	980,3	980,6		
72,2378	21,3217	982,9	980,3	980,5		
72,2409	21,3665	982,8	980,3	980,6		
72,2433	21,4108	982,8	980,4	980,7		
72,2455	21,4583	982,8	980,4	980,7		
72,2481	21,5044	982,8	980,4	980,7		
72,2507	21,5505	982,8	980,4	980,6		
72,2530	21,5949	982,8	980,4	980,6		
72,2555	21,6406	982,9	980,3	980,6		
72,2575	21,6863	982,9	980,4	980,5		
72,2595	21,7319	982,9	980,3	980,5		
72,2619	21,7772	982,9	980,3	980,6		
72,2642	21,8220	982,9	980,3	980,5		
72,2662	21,8677	982,9	980,2	980,6		
72,2686	21,9156	982,9	980,3	980,5		
72,2705	21,9626	982,9	980,3	980,5		
72,2728	22,0087	982,9	980,3	980,6		
72,2747	22,0548	982,9	980,4	980,5		
72,2768	22,1005	982,9	980,3	980,5		
72,2784	22,1484	983,0	980,3	980,5		
72,2804	22,1945	982,9	980,4	980,5		
72,2822	22,2393	983,0	980,3	980,5		
72,2841	22,2846	983,0	980,4	980,6		
72,2857	22,3294	982,9	980,3	980,5		
72,2877	22,3773	983,0	980,3	980,5		
72,2892	22,4216	983,0	980,4	980,5		
72,2908	22,4664	983,0	980,3	980,5		
72,2926	22,5116	983,0	980,4	980,6		
72,2942	22,5591	983,1	980,4	980,6		
72,2956	22,6035	983,1	980,4	980,5		
72,2975	22,6482	983,1	980,4	980,5		
72,2989	22,6939	983,1	980,4	980,5		
72,3001	22,7405	983,1	980,3	980,5		
72,3017	22,7853	983,1	980,4	980,5		
72,3033	22,8350	983,1	980,4	980,4		
72,3045	22,8815	983,1	980,3	980,5		
72,3059	22,9263	983,1	980,3	980,5		
72,3074	22,9725	983,1	980,3	980,5		
72,3087	23,0177	983,1	980,4	980,5		
72,3099	23,0643	983,2	980,4	980,5		
72,3112	23,1117	983,2	980,3	980,5		
72,3125	23,1583	983,2	980,4	980,5		
72,3137	23,2035	983,2	980,4	980,5		
72,3149	23,2497	983,2	980,4	980,6		
72,3161	23,2953	983,3	980,4	980,6		
72,3173	23,3415	983,3	980,4	980,6		
72,3183	23,3863	983,3	980,4	980,5		
72,3193	23,4311	983,3	980,4	980,5		
72,3205	23,4790	983,3	980,4	980,6		
72,3215	23,5282	983,3	980,4	980,5		
72,3227	23,5752	983,3	980,4	980,5		
72,3234	23,6209	983,3	980,4	980,5		
72,3246	23,6675	983,3	980,4	980,5		
72,3254	23,7167	983,4	980,4	980,5		
72,3266	23,7610	983,4	980,4	980,6		
72,3275	23,8085	983,4	980,5	980,5		
72,3284	23,8564	983,4	980,4	980,5		
72,3291	23,9012	983,4	980,4	980,5		
72,3301	23,9464	983,4	980,5	980,5		
72,3310	23,9925	983,5	980,5	980,5		
72,3318	24,0400	983,5	980,5	980,5		
72,3325	24,0844	983,5	980,5	980,5		
72,3333	24,1292	983,5	980,5	980,5		
72,3341	24,1744	983,5	980,5	980,5		
72,3348	24,2205	983,5	980,5	980,5		
72,3355	24,2662	983,5	980,5	980,5		
72,3362	24,3150	983,5	980,5	980,6		
72,3369	24,3633	983,6	980,5	980,6		
72,3375	24,4099	983,5	980,5	980,6		
72,3383	24,4547	983,5	980,6	980,6		
72,3389	24,5017	983,5	980,6	980,7		
72,3395	24,5478	983,5	980,5	980,8		
72,3401	24,5948	983,4	980,6	980,9		
72,3407	24,6405	983,4	980,6	980,9		
72,3412	24,6862	983,4	980,6	980,9		
72,3419	24,7306	983,5	980,6	980,9		
72,3423	24,7785	983,5	980,6	981,0		
72,3429	24,8264	983,5	980,7	981,0		
72,3434	24,8712	983,5	980,6	981,0		
72,3439	24,9177	983,6	980,7	980,9		
72,3444	24,9639	983,6	980,7	980,9		
72,3449	25,0091	983,6	980,7	981,0		
72,3453	25,0534	983,6	980,7	980,9		
72,3458	25,1000	983,7	980,7	981,0		
72,3463	25,1470	983,7	980,7	981,0		
72,3467	25,1936	983,7	980,7	981,0		
72,3471	25,2424	983,7	980,7	981,0		
72,3476	25,2912	983,7	980,7	981,0		
72,3479	25,3377	983,7	980,7	980,9		
72,3483	25,3852	983,7	980,7	980,9		
72,3487	25,4300	983,7	980,8	981,0		
72,3490	25,4757	983,7	980,8	981,0		
72,3494	25,5222	983,7	980,7	980,9		
72,3497	25,5679	983,8	980,8	980,9		
72,3501	25,6145	983,8	980,7	980,9		
72,3504	25,6620	983,8	980,7	980,9		
72,3507	25,7076	983,8	980,7	980,9		
72,3510	25,7538	983,8	980,7	980,9		
72,3513	25,8008	983,9	980,8	980,9		
72,3516	25,8451	983,8	980,8	980,9		
72,3518	25,8899	983,8	980,7	980,9		
72,3521	25,9360	983,9	980,7	980,9		
72,3523	25,9862	983,9	980,7	980,9		
72,3526	26,0332	983,9	980,7	980,9		
72,3528	26,0789	983,9	980,7	980,9		
72,3530	26,1254	984,0	980,7	980,9		
72,3533	26,1711	984,0	980,8	980,9		
72,3535	26,2217	984,0	980,7	980,9		
72,3537	26,2665	984,0	980,7	980,8		
72,3539	26,3157	984,1	980,7	980,8		
72,3541	26,3632	984,0	980,7	980,8		
72,3543	26,4102	984,1	980,8	980,8		
72,3544	26,4558	984,0	980,7	980,8		
72,3546	26,5029	984,1	980,8	980,8		
72,3547	26,5512	984,1	980,7	980,8		
72,3549	26,6013	984,1	980,8	980,8		
72,3550	26,6541	984,1	980,7	980,8		
72,3551	26,7104	984,2	980,8	980,8		
72,3552	26,7601	984,2	980,8	980,8		
72,3553	26,8173	984,2	980,8	980,9		
72,3553	26,8688	984,2	980,8	980,9		
72,3554	26,9198	984,2	980,8	980,9		
72,3554	26,9783	984,2	980,8	980,9		
72,3555	27,0493	984,3	980,8	980,9		
72,3555	27,1335	984,3	980,8	980,9		
72,3555	27,2174	984,3	980,8	980,8		
						
						
						
						
						
						
						
						
						
						
						
						
						
						
						
						
						
						
						
						
						
						
						
						
						
						
						
						
						
						
						
						
						
						
						
						
						
						
						
						
						
						
						
						
						
						
						
						
						
						
						
						
						
						
						
						
						
						
						
						
						
						
						
						
						
						
						
						
						
						
						
						
						
						
						
						
						
						
						
						
						
						
						
						
						
						
						
						
						
						
						
						
						
						
						
						
						
						
						
						
						
						
						
						
						
						
						
						
						
						
						
						
						
						
						
						
						
						
						
						
						
						
						
						
						
						
						
						
						
						
						
						
						
						
						
						
						
						
						
						
						
						
						
						
						
						
						
						
						
						
						
						
						
						
						
						
						
						
						
						
						
						
						
						
						
						
						
						
						
						
						
						
						
						
						
						
						
						
						
						
						
						
						
						
						
						
						
						
						
						
						
						
						
						
						
						
						
						
						
						
						
						
						
						
						
						
						
						
						
						
