BAM 5.2 Vh5205_C-89.LIS						
------------------------------------						
ENTRY	SYMBOL	UNIT		* Information common to all tests		
Date of test start			1.3.23 9:07 AM			
Test ID			Vh5205_C-89			
Test standard			DIN EN ISO 204:2019-4	*		
Specified temperature	T	?	980 °C	*		
Type of loading			Tension	*		
Initial stress	Ro	MPa	230			
(Digital) Material Identifier			CMSX-6	*		
"Description of the manufacturing process - as-tested material
"			Single Crystal Investment Casting from a Vacuum Induction Refined Ingot and subsequent Heat Treatment (annealed and aged).	*		
Single crystal orientation		°	7,1			
Type of test piece II			Round cross section	*		
Type of test piece III			Smooth test piece	*		
Sensor type - Contacting extensometer			Clip-on extensometer	*		
Min. test piece diameter at room temperature	D	mm	6,00			
Reference length for calculation of percentage elongations	Lr = Lo	mm	24,0			
Reference length for calculation of percentage extensions	Lr = Le	mm	22,9			
Heating time		h	2,99			
Soak time before the test		h	1,58			
Test duration	t	h	74,5			
Creep rupture time	tu	h	74,5			
Percentage permanent elongation	Aper	%	Not applicable			
Percentage elongation after creep fracture	Au	%	26			
Percentage reduction of area after creep fracture	Zu	%	52			
Percentage total extension	et	%	26,9			
Percentage initial total extension	eti	%	0,280			
Percentage elastic extension	ee	%	0,262			
Percentage initial plastic extension	ei	%	0,018			
Percentage plastic extension	ep	%	26,6			
Percentage creep extension	ef	%	26,6			
						
						
						
[data]						
Elapsed time from end of loading	Percentage plastic extension from end of loading	Corrected measured temperature - Top	Corrected measured temperature - Middle	Corrected measured temperature - Bottom		
t	e	Tc	Tc	Tc		
h	%	°C	°C	°C		
0,0000	0,0000	982,3	979,4	981,1		
0,0013	0,0157	982,4	979,5	981,1		
0,0027	0,0166	982,6	979,6	981,1		
0,0041	0,0148	982,6	979,7	981,2		
0,0055	0,0135	982,6	979,8	981,2		
0,0069	0,0222	982,6	979,8	981,3		
0,0083	0,0240	982,5	979,9	981,3		
0,0097	0,0244	982,4	979,8	981,4		
0,0111	0,0262	982,3	979,9	981,5		
0,0125	0,0296	982,3	979,9	981,5		
0,0138	0,0279	982,2	979,9	981,6		
0,0152	0,0309	982,1	979,9	981,7		
0,0166	0,0227	982,0	980,0	981,9		
0,0180	0,0375	982,0	979,9	981,9		
0,0194	0,0318	981,9	979,9	981,9		
0,0208	0,0231	981,9	979,9	981,9		
0,0222	0,0257	981,8	979,9	981,9		
0,0236	0,0405	981,9	980,0	981,9		
0,0319	0,0449	982,0	980,0	982,0		
0,0402	0,0301	981,9	980,0	982,0		
0,0486	0,0357	981,9	980,0	982,0		
0,0569	0,0423	981,9	980,0	982,0		
0,0652	0,0558	981,9	980,0	982,0		
0,0736	0,0545	981,9	980,0	982,0		
0,0819	0,0536	981,9	980,0	982,1		
0,0902	0,0514	981,8	980,0	982,0		
0,0986	0,0597	981,0	979,3	981,1		
0,1069	0,0540	980,7	978,9	980,7		
0,1152	0,0549	981,0	979,1	981,0		
0,1236	0,0623	980,9	979,1	981,0		
0,1319	0,0671	980,9	979,0	980,8		
0,1402	0,0558	980,8	978,9	980,8		
0,1486	0,0558	980,8	979,0	980,9		
0,1569	0,0641	981,1	979,4	981,6		
0,1652	0,0628	981,0	979,4	981,5		
0,1736	0,0628	980,9	979,3	981,2		
0,1819	0,0628	980,9	979,3	981,3		
0,1902	0,0641	981,0	979,3	981,4		
0,1986	0,0562	981,0	979,4	981,4		
0,2069	0,0662	981,0	979,4	981,5		
0,2152	0,0702	981,0	979,4	981,5		
0,2236	0,0715	981,0	979,4	981,5		
0,2319	0,0684	981,1	979,4	981,6		
0,2402	0,0667	981,1	979,4	981,6		
0,2486	0,0741	981,0	979,4	981,5		
0,2569	0,0802	981,0	979,4	981,5		
0,2652	0,0763	981,0	979,4	981,5		
0,2736	0,0806	981,0	979,4	981,5		
0,2819	0,0776	981,0	979,4	981,5		
0,2902	0,0789	981,1	979,4	981,5		
0,2986	0,0737	981,0	979,4	981,5		
0,3069	0,0737	981,0	979,4	981,5		
0,3152	0,0876	981,0	979,4	981,5		
0,3236	0,0745	981,1	979,4	981,6		
0,3319	0,0732	981,0	979,4	981,6		
0,3402	0,0872	981,0	979,4	981,5		
0,3486	0,0798	981,0	979,4	981,5		
0,3569	0,0876	981,0	979,4	981,5		
0,3652	0,0867	980,9	979,4	981,5		
0,3736	0,0828	980,9	979,2	981,4		
0,3819	0,0846	981,0	979,3	981,4		
0,3902	0,0893	981,1	979,4	981,5		
0,3986	0,0785	981,0	979,4	981,5		
0,4069	0,0937	981,0	979,4	981,5		
0,4152	0,0946	981,0	979,3	981,5		
0,4236	0,0854	981,0	979,5	981,6		
0,4319	0,0876	981,0	979,5	981,6		
0,4402	0,0846	981,0	979,3	981,5		
0,4486	0,0954	981,1	979,4	981,6		
0,4569	0,0889	981,1	979,4	981,6		
0,4652	0,0928	981,1	979,5	981,6		
0,4736	0,0880	981,0	979,4	981,6		
0,4819	0,0946	981,1	979,4	981,5		
0,4902	0,0985	981,1	979,4	981,6		
0,4986	0,0946	981,1	979,4	981,6		
0,5069	0,0850	981,1	979,4	981,6		
0,5152	0,0902	981,0	979,4	981,5		
0,5236	0,0907	981,0	979,3	981,4		
0,5319	0,0963	981,0	979,4	981,5		
0,5402	0,0941	981,1	979,4	981,5		
0,5486	0,0954	981,0	979,4	981,5		
0,5569	0,1007	981,1	979,4	981,6		
0,5652	0,0954	981,1	979,4	981,5		
0,5736	0,0989	981,1	979,4	981,5		
0,5819	0,0963	981,1	979,4	981,5		
0,5902	0,0880	981,0	979,3	981,5		
0,5986	0,0898	980,9	979,3	981,5		
0,6069	0,1016	980,9	979,3	981,4		
0,6152	0,0946	980,9	979,3	981,4		
0,6236	0,0985	981,0	979,3	981,5		
0,6319	0,0924	980,9	979,3	981,5		
0,6402	0,0989	980,9	979,3	981,5		
0,6486	0,0985	981,0	979,3	981,5		
0,6569	0,1068	980,9	979,3	981,5		
0,6652	0,0985	980,9	979,3	981,5		
0,6736	0,0959	981,4	979,6	981,6		
0,6819	0,1033	981,5	979,7	981,8		
0,6902	0,0981	981,3	979,5	981,6		
0,6986	0,1050	981,1	979,5	981,6		
0,7069	0,1020	981,2	979,5	981,6		
0,7152	0,1116	981,3	979,5	981,6		
0,7236	0,1081	981,0	979,4	981,5		
0,7319	0,1007	981,0	979,4	981,5		
0,7402	0,1055	981,0	979,4	981,5		
0,7486	0,1063	981,1	979,4	981,5		
0,7569	0,1077	981,4	979,6	981,6		
0,7652	0,1159	981,3	979,6	981,6		
0,7736	0,1120	981,3	979,5	981,5		
0,7819	0,1020	981,2	979,5	981,6		
0,7902	0,1098	981,1	979,5	981,6		
0,7986	0,1077	981,0	979,5	981,5		
0,8069	0,1059	981,0	979,3	981,4		
0,8152	0,1107	981,1	979,4	981,4		
0,8236	0,1020	981,0	979,4	981,5		
0,8319	0,1120	981,0	979,4	981,4		
0,8402	0,1037	981,0	979,3	981,4		
0,8486	0,1090	981,0	979,3	981,5		
0,8569	0,1068	981,0	979,4	981,5		
0,8652	0,1037	981,0	979,4	981,5		
0,8736	0,1107	980,9	979,3	981,4		
0,8819	0,1185	980,9	979,3	981,5		
0,8902	0,1007	981,0	979,3	981,5		
0,8986	0,1238	981,0	979,4	981,5		
0,9069	0,1168	981,0	979,3	981,5		
0,9152	0,1103	980,9	979,3	981,4		
0,9236	0,1155	980,9	979,3	981,4		
0,9319	0,1124	980,8	979,2	981,4		
0,9402	0,1146	980,8	979,3	981,5		
0,9486	0,1142	980,9	979,3	981,4		
0,9569	0,1155	980,8	979,2	981,4		
0,9652	0,1120	980,8	979,3	981,4		
0,9736	0,1155	981,1	979,4	981,5		
0,9819	0,1177	981,2	979,5	981,6		
0,9902	0,1212	981,0	979,4	981,6		
0,9986	0,1172	981,1	979,4	981,5		
1,0069	0,1212	981,3	979,5	981,6		
1,0152	0,1238	981,2	979,6	981,6		
1,0236	0,1233	981,2	979,5	981,6		
1,0319	0,1268	981,1	979,5	981,6		
1,0402	0,1312	981,1	979,5	981,6		
1,0486	0,1194	981,0	979,5	981,6		
1,0569	0,1146	981,1	979,5	981,6		
1,0652	0,1190	981,0	979,3	981,4		
1,0736	0,1199	981,0	979,3	981,5		
1,0819	0,1229	981,0	979,4	981,6		
1,0902	0,1207	980,9	979,4	981,5		
1,0986	0,1146	980,9	979,4	981,5		
1,1069	0,1273	981,0	979,4	981,5		
1,1152	0,1185	980,9	979,3	981,5		
1,1236	0,1242	980,9	979,3	981,4		
1,1319	0,1242	980,9	979,3	981,5		
1,1402	0,1255	981,0	979,3	981,5		
1,1486	0,1299	981,0	979,3	981,5		
1,1569	0,1312	980,9	979,4	981,5		
1,1652	0,1255	980,9	979,3	981,5		
1,1736	0,1247	980,9	979,3	981,5		
1,1819	0,1229	980,9	979,3	981,5		
1,1902	0,1277	980,9	979,4	981,5		
1,1986	0,1242	980,9	979,3	981,4		
1,2069	0,1172	980,9	979,3	981,5		
1,2152	0,1338	981,0	979,3	981,5		
1,2236	0,1242	981,0	979,4	981,5		
1,2319	0,1281	980,9	979,2	981,4		
1,2402	0,1203	980,9	979,3	981,5		
1,2486	0,1181	981,0	979,4	981,5		
1,2569	0,1277	981,0	979,3	981,5		
1,2652	0,1203	981,0	979,4	981,5		
1,2736	0,1242	981,0	979,3	981,5		
1,2819	0,1312	981,0	979,4	981,5		
1,2902	0,1233	981,0	979,3	981,5		
1,2986	0,1299	980,9	979,3	981,4		
1,3069	0,1268	981,0	979,3	981,5		
1,3152	0,1238	981,0	979,3	981,5		
1,3236	0,1229	981,0	979,4	981,5		
1,3319	0,1312	981,0	979,4	981,5		
1,3402	0,1260	981,0	979,3	981,5		
1,3486	0,1164	981,0	979,4	981,5		
1,3569	0,1281	981,0	979,3	981,4		
1,3652	0,1303	981,0	979,3	981,4		
1,3736	0,1290	981,0	979,4	981,5		
1,3819	0,1334	981,0	979,4	981,6		
1,3902	0,1334	981,0	979,4	981,5		
1,3986	0,1229	980,9	979,3	981,4		
1,4069	0,1316	981,0	979,4	981,5		
1,4152	0,1316	981,0	979,3	981,4		
1,4236	0,1264	981,1	979,4	981,5		
1,4319	0,1312	981,0	979,4	981,5		
1,4402	0,1377	981,0	979,4	981,5		
1,4486	0,1312	981,0	979,4	981,5		
1,4569	0,1299	981,0	979,4	981,5		
1,4652	0,1438	981,0	979,4	981,5		
1,4736	0,1377	981,0	979,4	981,4		
1,4819	0,1355	981,0	979,4	981,5		
1,4902	0,1399	981,0	979,4	981,6		
1,4986	0,1355	981,0	979,5	981,5		
1,5069	0,1316	981,0	979,4	981,5		
1,5152	0,1364	981,0	979,4	981,5		
1,5236	0,1286	981,0	979,4	981,6		
1,5319	0,1403	980,9	979,4	981,5		
1,5402	0,1360	980,9	979,4	981,5		
1,5486	0,1325	981,0	979,4	981,5		
1,5569	0,1338	981,0	979,4	981,5		
1,5652	0,1456	981,0	979,4	981,5		
1,5736	0,1386	981,0	979,4	981,5		
1,5819	0,1456	980,9	979,3	981,4		
1,5902	0,1373	981,0	979,3	981,5		
1,5986	0,1377	980,9	979,4	981,5		
1,6069	0,1438	981,0	979,4	981,5		
1,6152	0,1408	980,9	979,3	981,4		
1,6236	0,1364	980,9	979,3	981,5		
1,6319	0,1443	981,0	979,3	981,5		
1,6402	0,1473	981,0	979,4	981,5		
1,6486	0,1377	981,0	979,4	981,5		
1,6569	0,1421	980,9	979,4	981,5		
1,6652	0,1373	981,0	979,4	981,5		
1,6736	0,1390	981,0	979,4	981,5		
1,6819	0,1460	980,9	979,3	981,5		
1,6902	0,1438	980,9	979,3	981,5		
1,6986	0,1456	980,9	979,4	981,6		
1,7069	0,1512	981,0	979,4	981,5		
1,7152	0,1464	981,2	979,4	981,5		
1,7236	0,1495	981,4	979,6	981,6		
1,7319	0,1421	981,3	979,6	981,7		
1,7402	0,1464	981,3	979,6	981,7		
1,7486	0,1395	981,1	979,4	981,5		
1,7569	0,1469	981,1	979,5	981,6		
1,7652	0,1421	981,2	979,5	981,6		
1,7736	0,1456	981,2	979,5	981,6		
1,7819	0,1425	981,1	979,4	981,5		
1,7902	0,1491	981,1	979,4	981,5		
1,7986	0,1460	981,1	979,4	981,6		
1,8069	0,1469	981,1	979,4	981,6		
1,8152	0,1460	981,1	979,4	981,6		
1,8236	0,1486	981,0	979,4	981,5		
1,8319	0,1499	981,1	979,4	981,6		
1,8402	0,1469	981,1	979,5	981,7		
1,8486	0,1517	981,1	979,4	981,6		
1,8569	0,1543	981,0	979,4	981,5		
1,8652	0,1578	981,0	979,3	981,5		
1,8736	0,1586	981,1	979,4	981,6		
1,8819	0,1521	981,1	979,4	981,5		
1,8902	0,1521	981,0	979,4	981,5		
1,8986	0,1447	981,0	979,5	981,6		
1,9069	0,1508	981,1	979,4	981,6		
1,9152	0,1525	981,0	979,4	981,5		
1,9236	0,1499	981,1	979,4	981,5		
1,9319	0,1438	981,1	979,5	981,6		
1,9402	0,1573	981,0	979,5	981,6		
1,9486	0,1530	981,0	979,4	981,5		
1,9569	0,1482	981,0	979,4	981,5		
1,9652	0,1469	981,1	979,5	981,6		
1,9736	0,1517	981,0	979,4	981,6		
1,9819	0,1517	981,0	979,4	981,5		
1,9902	0,1530	981,0	979,4	981,6		
1,9986	0,1482	981,0	979,4	981,5		
2,0069	0,1543	981,1	979,3	981,6		
2,0152	0,1504	981,0	979,4	981,5		
2,0236	0,1517	981,0	979,3	981,5		
2,0319	0,1517	981,0	979,3	981,5		
2,0402	0,1591	981,0	979,4	981,6		
2,0486	0,1499	981,0	979,4	981,6		
2,0569	0,1517	981,0	979,3	981,5		
2,0652	0,1499	981,0	979,4	981,5		
2,0736	0,1508	981,0	979,4	981,6		
2,0819	0,1443	981,0	979,4	981,6		
2,0902	0,1530	981,0	979,4	981,6		
2,0986	0,1547	981,0	979,4	981,6		
2,1069	0,1543	981,0	979,4	981,6		
2,1152	0,1525	981,0	979,4	981,6		
2,1236	0,1639	981,1	979,4	981,5		
2,1319	0,1552	981,0	979,4	981,6		
2,1402	0,1552	981,0	979,4	981,6		
2,1486	0,1534	981,0	979,4	981,5		
2,1569	0,1460	981,1	979,4	981,5		
2,1652	0,1591	981,0	979,4	981,5		
2,1736	0,1573	981,0	979,4	981,5		
2,1819	0,1565	981,0	979,4	981,5		
2,1902	0,1591	981,0	979,4	981,5		
2,1986	0,1634	981,0	979,4	981,6		
2,2069	0,1617	981,0	979,4	981,6		
2,2152	0,1621	981,1	979,4	981,5		
2,2236	0,1530	981,0	979,4	981,5		
2,2319	0,1621	981,1	979,4	981,5		
2,2402	0,1552	981,0	979,4	981,6		
2,2486	0,1578	981,0	979,3	981,5		
2,2569	0,1512	981,0	979,3	981,5		
2,2652	0,1661	981,0	979,4	981,6		
2,2736	0,1621	981,0	979,4	981,6		
2,2819	0,1600	980,9	979,3	981,4		
2,2902	0,1586	981,0	979,3	981,5		
2,2986	0,1665	981,1	979,4	981,6		
2,3069	0,1613	981,0	979,5	981,6		
2,3152	0,1630	981,0	979,4	981,5		
2,3236	0,1691	981,0	979,4	981,5		
2,3319	0,1647	981,0	979,4	981,6		
2,3402	0,1573	981,0	979,3	981,5		
2,3486	0,1665	981,0	979,4	981,6		
2,3569	0,1695	981,0	979,3	981,6		
2,3652	0,1595	981,0	979,3	981,5		
2,3736	0,1665	980,9	979,4	981,6		
2,3819	0,1647	981,0	979,4	981,6		
2,3902	0,1591	981,0	979,4	981,5		
2,3986	0,1661	981,0	979,4	981,6		
2,4069	0,1656	981,1	979,4	981,6		
2,4152	0,1678	981,1	979,4	981,6		
2,4236	0,1695	981,1	979,4	981,5		
2,4319	0,1652	981,0	979,3	981,5		
2,4402	0,1586	981,0	979,4	981,5		
2,4486	0,1687	981,0	979,3	981,5		
2,4569	0,1687	981,1	979,4	981,6		
2,4652	0,1700	981,0	979,4	981,5		
2,4736	0,1639	981,0	979,4	981,5		
2,4819	0,1608	981,1	979,5	981,6		
2,4902	0,1652	981,0	979,4	981,6		
2,4986	0,1682	980,9	979,3	981,5		
2,5069	0,1630	980,9	979,4	981,5		
2,5152	0,1661	981,0	979,4	981,5		
2,5236	0,1630	981,0	979,4	981,5		
2,5319	0,1722	981,0	979,4	981,6		
2,5402	0,1613	981,0	979,4	981,6		
2,5486	0,1682	981,0	979,4	981,6		
2,5569	0,1722	981,0	979,4	981,5		
2,5652	0,1709	981,0	979,4	981,5		
2,5736	0,1687	981,0	979,4	981,6		
2,5819	0,1735	981,1	979,4	981,5		
2,5902	0,1835	981,0	979,4	981,5		
2,5986	0,1674	981,1	979,5	981,6		
2,6069	0,1682	981,0	979,4	981,5		
2,6152	0,1704	981,1	979,4	981,5		
2,6236	0,1787	981,1	979,4	981,6		
2,6319	0,1661	981,0	979,4	981,6		
2,6402	0,1752	981,0	979,4	981,5		
2,6486	0,1709	981,0	979,4	981,5		
2,6569	0,1743	981,0	979,5	981,6		
2,6652	0,1791	981,0	979,4	981,6		
2,6736	0,1695	981,0	979,4	981,5		
2,6819	0,1761	981,0	979,3	981,5		
2,6902	0,1691	981,1	979,4	981,6		
2,6986	0,1713	981,0	979,4	981,6		
2,7069	0,1761	981,1	979,4	981,5		
2,7152	0,1709	981,0	979,4	981,6		
2,7236	0,1669	981,1	979,4	981,5		
2,7319	0,1770	981,0	979,4	981,6		
2,7402	0,1756	981,1	979,5	981,6		
2,7486	0,1783	981,1	979,4	981,6		
2,7569	0,1722	981,4	979,6	981,7		
2,7652	0,1700	981,3	979,6	981,7		
2,7736	0,1778	981,2	979,4	981,6		
2,7819	0,1709	981,2	979,5	981,6		
2,7902	0,1730	981,2	979,5	981,6		
2,7986	0,1700	981,1	979,5	981,6		
2,8069	0,1748	981,1	979,5	981,6		
2,8152	0,1791	981,2	979,5	981,6		
2,8236	0,1704	981,1	979,5	981,5		
2,8319	0,1748	981,1	979,4	981,5		
2,8402	0,1748	981,2	979,5	981,6		
2,8486	0,1743	981,1	979,4	981,5		
2,8569	0,1778	981,1	979,4	981,5		
2,8652	0,1748	981,1	979,5	981,6		
2,8736	0,1704	981,1	979,4	981,5		
2,8819	0,1813	981,1	979,4	981,5		
2,8902	0,1778	981,0	979,4	981,6		
2,8986	0,1730	981,0	979,4	981,5		
2,9069	0,1822	981,0	979,4	981,5		
2,9152	0,1831	981,0	979,4	981,5		
2,9236	0,1756	980,9	979,4	981,6		
2,9319	0,1791	981,0	979,4	981,6		
2,9402	0,1717	981,0	979,4	981,5		
2,9486	0,1778	980,9	979,4	981,5		
2,9569	0,1813	981,0	979,4	981,6		
2,9652	0,1865	980,9	979,4	981,5		
2,9736	0,1817	981,1	979,4	981,6		
2,9819	0,1861	981,1	979,5	981,6		
2,9902	0,1839	981,2	979,6	981,6		
2,9986	0,1848	981,2	979,5	981,7		
3,0069	0,1800	981,1	979,5	981,6		
3,0152	0,1817	981,2	979,5	981,7		
3,0236	0,1817	981,2	979,6	981,6		
3,0319	0,1883	981,2	979,5	981,6		
3,0402	0,1804	981,1	979,5	981,6		
3,0486	0,1787	981,0	979,4	981,6		
3,0569	0,1748	981,1	979,4	981,5		
3,0652	0,1796	981,0	979,4	981,6		
3,0736	0,1874	981,1	979,4	981,6		
3,0819	0,1852	981,1	979,4	981,6		
3,0902	0,1765	981,0	979,4	981,6		
3,0986	0,1835	981,0	979,4	981,6		
3,1069	0,1796	981,1	979,5	981,6		
3,1152	0,1791	981,0	979,4	981,6		
3,1236	0,1892	981,1	979,4	981,5		
3,1319	0,1852	981,0	979,4	981,5		
3,1402	0,1874	981,0	979,4	981,6		
3,1486	0,1905	981,0	979,4	981,5		
3,1569	0,1918	981,1	979,4	981,6		
3,1652	0,1878	981,1	979,5	981,7		
3,1736	0,1857	980,9	979,4	981,6		
3,1819	0,1870	980,9	979,4	981,5		
3,1902	0,1826	981,1	979,4	981,6		
3,1986	0,1905	981,1	979,4	981,6		
3,2069	0,1865	981,0	979,4	981,6		
3,2152	0,1892	981,0	979,4	981,6		
3,2236	0,1878	981,0	979,4	981,6		
3,2319	0,1813	981,0	979,4	981,6		
3,2402	0,1913	981,0	979,4	981,5		
3,2486	0,1844	981,0	979,4	981,6		
3,2569	0,1870	981,1	979,4	981,6		
3,2652	0,1865	981,1	979,4	981,5		
3,2736	0,1817	981,0	979,4	981,6		
3,2819	0,1844	981,1	979,5	981,6		
3,2902	0,1839	981,1	979,4	981,6		
3,2986	0,1935	981,0	979,4	981,6		
3,3069	0,1900	981,0	979,4	981,5		
3,3152	0,1900	981,0	979,4	981,6		
3,3236	0,1922	981,1	979,4	981,5		
3,3319	0,1900	981,0	979,4	981,5		
3,3402	0,1900	981,1	979,4	981,6		
3,3486	0,1883	981,1	979,4	981,5		
3,3569	0,1918	981,1	979,4	981,6		
3,3652	0,1926	981,1	979,4	981,6		
3,3736	0,1861	981,1	979,4	981,6		
3,3819	0,1948	981,1	979,4	981,5		
3,3902	0,1909	981,1	979,4	981,5		
3,3986	0,1900	981,1	979,4	981,6		
3,4069	0,1935	981,1	979,5	981,6		
3,4152	0,1870	981,1	979,4	981,6		
3,4236	0,1874	981,1	979,4	981,6		
3,4319	0,1935	981,1	979,4	981,6		
3,4402	0,1896	981,1	979,4	981,6		
3,4486	0,1787	981,1	979,5	981,6		
3,4569	0,1861	981,1	979,4	981,6		
3,4652	0,1831	981,1	979,5	981,6		
3,4736	0,1905	981,1	979,4	981,6		
3,4819	0,1883	981,1	979,5	981,5		
3,4902	0,1922	981,1	979,4	981,6		
3,4986	0,1996	981,1	979,5	981,6		
3,5069	0,1896	981,1	979,5	981,6		
3,5152	0,1896	981,1	979,5	981,6		
3,5236	0,1913	981,1	979,4	981,5		
3,5319	0,1935	981,1	979,4	981,6		
3,5402	0,1944	981,1	979,4	981,6		
3,5486	0,1953	981,0	979,4	981,5		
3,5569	0,1918	981,1	979,5	981,6		
3,5652	0,1948	981,1	979,5	981,6		
3,5736	0,1992	981,0	979,4	981,5		
3,5819	0,1974	981,1	979,4	981,6		
3,5902	0,1892	981,0	979,4	981,5		
3,5986	0,1909	981,0	979,4	981,5		
3,6069	0,1940	981,0	979,3	981,5		
3,6152	0,1922	981,0	979,4	981,6		
3,6236	0,1944	981,0	979,4	981,5		
3,6319	0,1913	980,9	979,3	981,4		
3,6402	0,1944	981,0	979,3	981,5		
3,6486	0,1940	981,0	979,3	981,5		
3,6569	0,2014	981,0	979,4	981,5		
3,6652	0,1940	981,1	979,4	981,6		
3,6736	0,2005	980,9	979,3	981,5		
3,6819	0,1913	981,0	979,4	981,5		
3,6902	0,1953	981,1	979,4	981,6		
3,6986	0,1983	981,0	979,4	981,6		
3,7069	0,1979	981,0	979,4	981,5		
3,7152	0,1887	981,0	979,4	981,5		
3,7236	0,2053	981,0	979,3	981,5		
3,7319	0,1979	981,0	979,4	981,6		
3,7402	0,1983	981,0	979,4	981,5		
3,7486	0,1931	981,0	979,4	981,5		
3,7569	0,1931	981,0	979,4	981,6		
3,7652	0,2035	981,1	979,4	981,5		
3,7736	0,2062	981,1	979,4	981,6		
3,7819	0,2035	981,0	979,4	981,6		
3,7902	0,1996	981,1	979,4	981,6		
3,7986	0,2009	981,1	979,4	981,5		
3,8069	0,2014	981,0	979,4	981,6		
3,8152	0,2031	981,1	979,4	981,6		
3,8236	0,2009	981,0	979,5	981,6		
3,8319	0,2031	981,0	979,4	981,5		
3,8402	0,2109	981,1	979,4	981,6		
3,8486	0,2066	981,0	979,5	981,6		
3,8569	0,2031	981,0	979,4	981,5		
3,8652	0,2048	981,0	979,4	981,6		
3,8736	0,2075	981,1	979,5	981,6		
3,8819	0,2009	981,1	979,5	981,6		
3,8902	0,2096	981,1	979,4	981,5		
3,8986	0,1987	981,1	979,4	981,6		
3,9069	0,2044	981,1	979,5	981,6		
3,9152	0,2035	981,1	979,5	981,7		
3,9236	0,2079	981,0	979,5	981,7		
3,9319	0,2075	981,1	979,5	981,7		
3,9402	0,1983	981,1	979,5	981,7		
3,9486	0,2118	981,0	979,5	981,6		
3,9569	0,2035	981,0	979,4	981,6		
3,9652	0,2018	981,0	979,5	981,7		
3,9736	0,2035	981,0	979,4	981,6		
3,9819	0,1961	981,0	979,4	981,6		
3,9902	0,2014	981,0	979,4	981,6		
3,9986	0,2079	981,0	979,4	981,5		
4,0069	0,1957	981,1	979,4	981,5		
4,0152	0,2062	981,0	979,4	981,6		
4,0236	0,1935	980,9	979,3	981,5		
4,0319	0,2044	980,9	979,3	981,5		
4,0402	0,2018	981,0	979,3	981,5		
4,0486	0,2062	981,0	979,3	981,5		
4,0569	0,2057	981,0	979,4	981,6		
4,0652	0,2001	981,0	979,3	981,5		
4,0736	0,2171	981,0	979,4	981,5		
4,0819	0,2096	981,0	979,4	981,5		
4,0902	0,1996	981,1	979,4	981,6		
4,0986	0,2092	981,2	979,5	981,7		
4,1069	0,2031	981,1	979,4	981,6		
4,1152	0,2162	981,1	979,4	981,6		
4,1236	0,2014	981,1	979,4	981,6		
4,1319	0,2123	981,1	979,4	981,6		
4,1402	0,2149	981,1	979,4	981,5		
4,1486	0,2044	981,2	979,4	981,6		
4,1569	0,2018	981,1	979,4	981,6		
4,1652	0,2048	981,0	979,5	981,6		
4,1736	0,2096	981,0	979,4	981,6		
4,1819	0,2118	981,1	979,4	981,5		
4,1902	0,2149	981,1	979,5	981,5		
4,1986	0,2127	981,1	979,4	981,5		
4,2069	0,2096	981,0	979,4	981,6		
4,2152	0,2136	981,1	979,4	981,5		
4,2236	0,2123	981,0	979,4	981,6		
4,2319	0,2083	981,0	979,4	981,5		
4,2402	0,2118	981,0	979,4	981,5		
4,2486	0,2136	981,1	979,4	981,6		
4,2569	0,2096	981,0	979,5	981,5		
4,2652	0,2149	981,0	979,4	981,6		
4,2736	0,2123	981,0	979,4	981,6		
4,2819	0,2101	981,1	979,4	981,5		
4,2902	0,2140	981,1	979,4	981,6		
4,2986	0,2105	981,1	979,4	981,6		
4,3069	0,2070	981,0	979,4	981,5		
4,3152	0,2118	981,0	979,4	981,5		
4,3236	0,2027	981,0	979,4	981,5		
4,3319	0,2048	981,0	979,4	981,5		
4,3402	0,2249	981,0	979,4	981,6		
4,3486	0,2070	981,0	979,4	981,5		
4,3569	0,2205	981,0	979,4	981,6		
4,3652	0,2188	981,0	979,4	981,6		
4,3736	0,2101	981,1	979,4	981,5		
4,3819	0,2184	981,0	979,4	981,6		
4,3902	0,2149	981,0	979,4	981,5		
4,3986	0,2197	981,0	979,4	981,5		
4,4069	0,2123	981,0	979,4	981,6		
4,4152	0,2162	981,0	979,4	981,5		
4,4236	0,2136	981,0	979,4	981,5		
4,4319	0,2184	981,1	979,4	981,5		
4,4402	0,2184	981,1	979,4	981,6		
4,4486	0,2153	981,1	979,4	981,5		
4,4569	0,2171	981,0	979,4	981,5		
4,4652	0,2175	981,1	979,5	981,6		
4,4736	0,2184	981,0	979,4	981,6		
4,4819	0,2118	981,1	979,4	981,6		
4,4902	0,2245	981,0	979,4	981,5		
4,4986	0,2201	981,0	979,5	981,6		
4,5069	0,2179	981,1	979,5	981,7		
4,5152	0,2192	981,1	979,4	981,6		
4,5236	0,2162	981,1	979,5	981,6		
4,5319	0,2232	981,1	979,5	981,6		
4,5402	0,2197	981,0	979,4	981,6		
4,5486	0,2140	981,1	979,4	981,6		
4,5569	0,2136	981,2	979,5	981,6		
4,5652	0,2218	981,1	979,4	981,6		
4,5736	0,2162	981,0	979,5	981,6		
4,5819	0,2279	981,0	979,4	981,5		
4,5902	0,2166	981,0	979,4	981,5		
4,5986	0,2179	981,0	979,4	981,6		
4,6069	0,2253	981,0	979,4	981,6		
4,6152	0,2197	981,1	979,4	981,6		
4,6236	0,2109	981,0	979,4	981,6		
4,6319	0,2192	981,1	979,4	981,6		
4,6402	0,2175	981,0	979,4	981,5		
4,6486	0,2179	981,0	979,4	981,5		
4,6569	0,2262	981,0	979,4	981,6		
4,6652	0,2166	981,1	979,4	981,6		
4,6736	0,2227	981,1	979,4	981,6		
4,6819	0,2179	981,1	979,5	981,6		
4,6902	0,2127	981,0	979,5	981,5		
4,6986	0,2127	981,1	979,4	981,5		
4,7069	0,2171	981,1	979,5	981,6		
4,7152	0,2179	981,1	979,5	981,6		
4,7236	0,2197	981,1	979,4	981,6		
4,7319	0,2223	981,1	979,4	981,6		
4,7402	0,2188	981,1	979,4	981,5		
4,7486	0,2210	981,1	979,5	981,6		
4,7569	0,2197	981,1	979,5	981,5		
4,7652	0,2223	981,1	979,4	981,5		
4,7736	0,2179	981,1	979,4	981,5		
4,7819	0,2275	981,0	979,4	981,5		
4,7902	0,2240	981,1	979,5	981,6		
4,7986	0,2201	981,1	979,4	981,6		
4,8069	0,2232	981,0	979,4	981,5		
4,8152	0,2210	981,1	979,4	981,5		
4,8236	0,2253	981,1	979,4	981,4		
4,8319	0,2192	981,1	979,4	981,6		
4,8402	0,2249	981,1	979,5	981,5		
4,8486	0,2245	981,1	979,4	981,5		
4,8569	0,2245	981,1	979,5	981,6		
4,8652	0,2175	981,0	979,5	981,5		
4,8736	0,2258	981,0	979,5	981,6		
4,8819	0,2314	981,1	979,4	981,6		
4,8902	0,2288	981,1	979,4	981,5		
4,8986	0,2227	981,0	979,4	981,5		
4,9069	0,2327	981,1	979,4	981,5		
4,9152	0,2275	981,0	979,4	981,5		
4,9236	0,2179	981,0	979,4	981,6		
4,9319	0,2297	981,1	979,4	981,5		
4,9402	0,2275	981,1	979,4	981,6		
4,9486	0,2253	981,0	979,5	981,5		
4,9569	0,2258	981,0	979,4	981,5		
4,9652	0,2319	981,0	979,4	981,5		
4,9736	0,2297	981,0	979,4	981,6		
4,9819	0,2266	981,0	979,4	981,6		
4,9902	0,2197	981,1	979,4	981,6		
4,9986	0,2262	981,1	979,4	981,6		
5,0069	0,2288	981,1	979,4	981,5		
5,0152	0,2340	981,1	979,5	981,6		
5,0236	0,2275	981,1	979,5	981,6		
5,0319	0,2284	981,1	979,4	981,5		
5,0402	0,2345	981,0	979,4	981,6		
5,0486	0,2310	981,0	979,4	981,6		
5,0569	0,2301	981,1	979,4	981,5		
5,0652	0,2310	981,0	979,4	981,6		
5,0736	0,2332	981,1	979,4	981,6		
5,0819	0,2284	981,1	979,4	981,6		
5,0902	0,2314	981,0	979,4	981,6		
5,0986	0,2271	981,1	979,4	981,6		
5,1069	0,2301	981,0	979,5	981,6		
5,1152	0,2306	981,0	979,4	981,5		
5,1236	0,2271	981,1	979,4	981,6		
5,1319	0,2327	981,0	979,4	981,5		
5,1402	0,2319	981,0	979,4	981,6		
5,1486	0,2323	981,0	979,5	981,6		
5,1569	0,2240	981,1	979,5	981,7		
5,1652	0,2266	981,1	979,4	981,6		
5,1736	0,2310	981,1	979,4	981,5		
5,1819	0,2288	981,0	979,4	981,5		
5,1902	0,2293	981,1	979,5	981,6		
5,1986	0,2358	981,1	979,5	981,6		
5,2069	0,2340	981,1	979,5	981,6		
5,2152	0,2340	981,0	979,4	981,6		
5,2236	0,2375	981,0	979,4	981,5		
5,2319	0,2288	981,1	979,5	981,5		
5,2402	0,2314	981,1	979,5	981,6		
5,2486	0,2310	981,1	979,4	981,6		
5,2569	0,2293	981,0	979,4	981,6		
5,2652	0,2358	981,1	979,4	981,6		
5,2736	0,2397	981,1	979,4	981,6		
5,2819	0,2232	981,0	979,4	981,6		
5,2902	0,2332	981,1	979,4	981,6		
5,2986	0,2375	981,0	979,4	981,6		
5,3069	0,2301	981,0	979,4	981,6		
5,3152	0,2388	981,0	979,5	981,5		
5,3236	0,2358	981,0	979,4	981,6		
5,3319	0,2358	981,1	979,5	981,6		
5,3402	0,2375	981,1	979,4	981,5		
5,3486	0,2410	981,1	979,4	981,6		
5,3569	0,2354	981,1	979,5	981,6		
5,3652	0,2288	981,0	979,4	981,6		
5,3736	0,2454	981,1	979,4	981,6		
5,3819	0,2441	981,0	979,5	981,6		
5,3902	0,2349	981,0	979,4	981,6		
5,3986	0,2354	981,0	979,4	981,5		
5,4069	0,2349	981,0	979,4	981,6		
5,4152	0,2358	981,0	979,4	981,5		
5,4236	0,2367	981,0	979,4	981,6		
5,4319	0,2419	981,0	979,4	981,5		
5,4402	0,2310	981,2	979,5	981,7		
5,4486	0,2401	981,1	979,5	981,7		
5,4569	0,2332	981,0	979,4	981,6		
5,4652	0,2467	981,1	979,4	981,6		
5,4736	0,2380	981,1	979,5	981,6		
5,4819	0,2323	981,1	979,4	981,6		
5,4902	0,2332	981,1	979,4	981,5		
5,4986	0,2388	981,1	979,4	981,6		
5,5069	0,2423	981,1	979,5	981,6		
5,5152	0,2367	981,1	979,5	981,6		
5,5236	0,2467	981,1	979,4	981,6		
5,5319	0,2388	981,1	979,4	981,6		
5,5402	0,2393	981,1	979,5	981,6		
5,5486	0,2484	981,1	979,5	981,6		
5,5569	0,2445	981,1	979,5	981,6		
5,5652	0,2375	981,1	979,5	981,7		
5,5736	0,2332	981,1	979,4	981,6		
5,5819	0,2362	981,1	979,5	981,6		
5,5902	0,2371	981,0	979,4	981,5		
5,5986	0,2497	981,0	979,4	981,6		
5,6069	0,2362	981,1	979,4	981,6		
5,6152	0,2445	981,1	979,5	981,6		
5,6236	0,2415	981,2	979,4	981,5		
5,6319	0,2449	981,2	979,5	981,6		
5,6402	0,2371	981,1	979,5	981,5		
5,6486	0,2428	981,1	979,4	981,6		
5,6569	0,2349	981,1	979,4	981,5		
5,6652	0,2345	981,1	979,5	981,5		
5,6736	0,2319	981,1	979,5	981,6		
5,6819	0,2397	981,1	979,5	981,5		
5,6902	0,2506	981,1	979,4	981,6		
5,6986	0,2476	981,1	979,5	981,6		
5,7069	0,2423	981,1	979,5	981,6		
5,7152	0,2388	981,1	979,5	981,6		
5,7236	0,2454	981,1	979,5	981,5		
5,7319	0,2449	981,0	979,5	981,6		
5,7402	0,2454	981,0	979,4	981,5		
5,7486	0,2419	981,1	979,4	981,5		
5,7569	0,2441	981,1	979,5	981,6		
5,7652	0,2419	981,1	979,4	981,6		
5,7736	0,2428	981,1	979,4	981,5		
5,7819	0,2410	981,0	979,5	981,6		
5,7902	0,2441	981,1	979,5	981,6		
5,7986	0,2497	981,1	979,4	981,5		
5,8069	0,2480	981,1	979,4	981,6		
5,8152	0,2445	981,1	979,5	981,6		
5,8236	0,2502	981,1	979,5	981,6		
5,8319	0,2471	981,1	979,4	981,5		
5,8402	0,2506	981,1	979,4	981,5		
5,8486	0,2493	981,1	979,5	981,6		
5,8569	0,2449	981,1	979,4	981,5		
5,8652	0,2537	981,0	979,4	981,5		
5,8736	0,2419	981,1	979,5	981,6		
5,8819	0,2415	981,1	979,5	981,6		
5,8902	0,2506	981,1	979,4	981,6		
5,8986	0,2458	981,1	979,4	981,5		
5,9069	0,2467	981,1	979,4	981,6		
5,9152	0,2532	981,1	979,5	981,6		
5,9236	0,2476	981,0	979,5	981,6		
5,9319	0,2441	981,1	979,4	981,6		
5,9402	0,2428	981,1	979,5	981,6		
5,9486	0,2541	981,1	979,5	981,6		
5,9569	0,2454	981,0	979,4	981,5		
5,9652	0,2445	981,0	979,4	981,5		
5,9736	0,2506	981,0	979,4	981,5		
5,9819	0,2497	981,1	979,4	981,6		
5,9902	0,2519	981,0	979,4	981,6		
5,9986	0,2471	981,0	979,4	981,6		
6,0069	0,2554	981,0	979,5	981,6		
6,0152	0,2550	981,1	979,4	981,6		
6,0236	0,2510	981,1	979,5	981,6		
6,0319	0,2502	981,1	979,5	981,7		
6,0402	0,2576	981,1	979,4	981,6		
6,0486	0,2454	981,0	979,5	981,5		
6,0569	0,2497	981,1	979,5	981,6		
6,0652	0,2580	981,1	979,5	981,7		
6,0736	0,2519	981,1	979,5	981,6		
6,0819	0,2524	981,1	979,5	981,6		
6,0902	0,2585	981,1	979,4	981,6		
6,0986	0,2576	981,1	979,4	981,6		
6,1069	0,2532	980,9	979,4	981,5		
6,1152	0,2484	981,0	979,4	981,5		
6,1236	0,2589	981,0	979,4	981,5		
6,1319	0,2506	981,0	979,4	981,5		
6,1402	0,2493	981,0	979,4	981,6		
6,1486	0,2524	981,0	979,4	981,5		
6,1569	0,2484	981,1	979,5	981,6		
6,1652	0,2528	981,1	979,5	981,6		
6,1736	0,2493	981,0	979,4	981,6		
6,1819	0,2524	981,1	979,4	981,6		
6,1902	0,2532	981,1	979,4	981,6		
6,1986	0,2532	981,1	979,4	981,6		
6,2069	0,2493	981,1	979,5	981,6		
6,2152	0,2611	980,9	979,4	981,6		
6,2236	0,2524	981,0	979,4	981,6		
6,2319	0,2476	981,1	979,4	981,6		
6,2402	0,2541	981,0	979,4	981,5		
6,2486	0,2580	980,9	979,4	981,5		
6,2569	0,2432	981,0	979,4	981,5		
6,2652	0,2506	980,9	979,3	981,5		
6,2736	0,2463	981,0	979,4	981,5		
6,2819	0,2467	981,0	979,4	981,5		
6,2902	0,2471	981,0	979,4	981,6		
6,2986	0,2550	981,1	979,5	981,7		
6,3069	0,2641	981,2	979,5	981,7		
6,3152	0,2497	981,1	979,5	981,6		
6,3236	0,2606	981,1	979,5	981,6		
6,3319	0,2545	981,1	979,5	981,7		
6,3402	0,2567	981,1	979,5	981,7		
6,3486	0,2532	981,1	979,5	981,6		
6,3569	0,2628	981,1	979,4	981,6		
6,3652	0,2497	981,1	979,5	981,7		
6,3736	0,2615	981,2	979,5	981,6		
6,3819	0,2541	981,1	979,5	981,5		
6,3902	0,2510	981,1	979,5	981,6		
6,3986	0,2615	981,1	979,5	981,6		
6,4069	0,2571	981,2	979,5	981,6		
6,4152	0,2537	981,2	979,5	981,6		
6,4236	0,2632	981,1	979,4	981,5		
6,4319	0,2576	981,1	979,5	981,5		
6,4402	0,2567	981,1	979,5	981,6		
6,4486	0,2550	981,1	979,5	981,5		
6,4569	0,2567	981,1	979,5	981,5		
6,4652	0,2576	981,2	979,5	981,6		
6,4736	0,2646	981,6	979,7	981,7		
6,4819	0,2585	982,1	980,0	981,8		
6,4902	0,2641	982,0	980,0	981,9		
6,4986	0,2663	981,6	979,9	981,8		
6,5069	0,2624	981,4	979,7	981,7		
6,5152	0,2585	981,6	979,8	981,7		
6,5236	0,2641	981,5	979,8	981,7		
6,5319	0,2554	981,3	979,7	981,7		
6,5402	0,2558	981,0	979,5	981,6		
6,5486	0,2663	981,3	979,6	981,6		
6,5569	0,2580	981,2	979,5	981,6		
6,5652	0,2541	981,0	979,4	981,5		
6,5736	0,2598	981,0	979,5	981,6		
6,5819	0,2619	980,9	979,4	981,5		
6,5902	0,2641	981,1	979,4	981,4		
6,5986	0,2672	981,0	979,4	981,5		
6,6069	0,2659	980,8	979,3	981,4		
6,6152	0,2615	980,8	979,2	981,4		
6,6236	0,2611	980,9	979,3	981,4		
6,6319	0,2628	980,9	979,3	981,4		
6,6402	0,2615	980,9	979,3	981,5		
6,6486	0,2606	980,9	979,3	981,5		
6,6569	0,2580	981,0	979,4	981,5		
6,6652	0,2646	981,0	979,3	981,5		
6,6736	0,2650	981,0	979,3	981,5		
6,6819	0,2615	981,0	979,4	981,5		
6,6902	0,2611	981,0	979,4	981,5		
6,6986	0,2694	981,1	979,4	981,6		
6,7069	0,2659	981,0	979,4	981,6		
6,7152	0,2637	980,9	979,4	981,5		
6,7236	0,2650	981,0	979,4	981,5		
6,7319	0,2646	981,0	979,5	981,6		
6,7402	0,2632	981,0	979,4	981,5		
6,7486	0,2637	981,1	979,4	981,5		
6,7569	0,2659	981,0	979,4	981,5		
6,7652	0,2624	980,9	979,4	981,5		
6,7736	0,2694	981,1	979,5	981,7		
6,7819	0,2720	981,1	979,5	981,6		
6,7902	0,2676	981,3	979,6	981,6		
6,7986	0,2585	981,3	979,7	981,7		
6,8069	0,2606	981,3	979,6	981,7		
6,8152	0,2702	981,3	979,6	981,7		
6,8236	0,2558	981,3	979,6	981,6		
6,8319	0,2746	981,2	979,5	981,6		
6,8402	0,2641	981,2	979,6	981,6		
6,8486	0,2680	981,2	979,6	981,7		
6,8569	0,2672	981,2	979,6	981,6		
6,8652	0,2632	981,2	979,5	981,6		
6,8736	0,2746	981,2	979,6	981,6		
6,8819	0,2650	981,2	979,5	981,6		
6,8902	0,2698	981,1	979,5	981,7		
6,8986	0,2728	981,0	979,5	981,6		
6,9069	0,2741	981,0	979,4	981,6		
6,9152	0,2694	981,1	979,5	981,5		
6,9236	0,2611	981,1	979,4	981,5		
6,9319	0,2685	981,0	979,4	981,5		
6,9402	0,2715	981,1	979,5	981,6		
6,9486	0,2641	981,1	979,4	981,5		
6,9569	0,2698	981,1	979,4	981,5		
6,9652	0,2598	981,0	979,4	981,5		
6,9736	0,2772	981,1	979,4	981,5		
6,9819	0,2715	981,0	979,4	981,6		
6,9902	0,2646	981,0	979,4	981,6		
6,9986	0,2694	981,1	979,5	981,6		
7,0069	0,2672	981,0	979,4	981,5		
7,0152	0,2759	981,1	979,4	981,5		
7,0236	0,2728	981,1	979,5	981,6		
7,0319	0,2707	981,1	979,5	981,6		
7,0402	0,2650	981,1	979,4	981,6		
7,0486	0,2794	981,1	979,5	981,6		
7,0569	0,2720	981,0	979,5	981,6		
7,0652	0,2737	981,1	979,5	981,7		
7,0736	0,2785	981,1	979,5	981,6		
7,0819	0,2846	981,0	979,4	981,6		
7,0902	0,2785	981,2	979,5	981,6		
7,0986	0,2711	981,1	979,5	981,7		
7,1069	0,2707	981,1	979,5	981,6		
7,1152	0,2715	981,1	979,5	981,6		
7,1236	0,2750	981,1	979,5	981,7		
7,1319	0,2763	981,1	979,5	981,7		
7,1402	0,2724	981,1	979,5	981,7		
7,1486	0,2746	981,1	979,5	981,6		
7,1569	0,2685	981,1	979,5	981,6		
7,1652	0,2741	981,1	979,5	981,5		
7,1736	0,2755	981,0	979,4	981,6		
7,1819	0,2724	981,1	979,4	981,6		
7,1902	0,2750	981,1	979,5	981,5		
7,1986	0,2785	981,1	979,5	981,6		
7,2069	0,2720	981,2	979,5	981,6		
7,2152	0,2728	981,2	979,5	981,6		
7,2236	0,2746	981,1	979,4	981,6		
7,2319	0,2759	981,1	979,5	981,6		
7,2402	0,2776	981,1	979,5	981,6		
7,2486	0,2694	981,1	979,5	981,5		
7,2569	0,2689	981,1	979,5	981,6		
7,2652	0,2654	981,2	979,5	981,7		
7,2736	0,2698	981,2	979,5	981,7		
7,2819	0,2811	981,2	979,5	981,6		
7,2902	0,2789	981,2	979,5	981,6		
7,2986	0,2685	981,1	979,5	981,6		
7,3069	0,2637	981,2	979,5	981,6		
7,3152	0,2715	981,1	979,5	981,6		
7,3236	0,2685	981,2	979,6	981,7		
7,3319	0,2789	981,2	979,5	981,6		
7,3402	0,2711	981,2	979,5	981,6		
7,3486	0,2789	981,2	979,6	981,6		
7,3569	0,2755	981,1	979,5	981,5		
7,3652	0,2781	981,2	979,5	981,6		
7,3736	0,2872	981,2	979,5	981,6		
7,3819	0,2698	981,1	979,5	981,5		
7,3902	0,2785	981,0	979,4	981,5		
7,3986	0,2785	981,1	979,5	981,6		
7,4069	0,2789	981,1	979,5	981,6		
7,4152	0,2807	981,1	979,5	981,6		
7,4236	0,2785	981,1	979,5	981,5		
7,4319	0,2850	981,1	979,4	981,5		
7,4402	0,2802	981,1	979,4	981,6		
7,4486	0,2829	981,1	979,5	981,5		
7,4569	0,2837	981,0	979,5	981,6		
7,4652	0,2741	981,1	979,5	981,6		
7,4736	0,2741	981,0	979,4	981,5		
7,4819	0,2829	981,1	979,5	981,6		
7,4902	0,2816	981,1	979,5	981,6		
7,4986	0,2785	981,0	979,5	981,6		
7,5069	0,2820	981,0	979,5	981,6		
7,5152	0,2829	981,1	979,5	981,6		
7,5236	0,2820	981,1	979,5	981,6		
7,5319	0,2785	981,1	979,5	981,6		
7,5402	0,2837	981,1	979,5	981,7		
7,5486	0,2789	981,1	979,5	981,6		
7,5569	0,2859	981,1	979,5	981,6		
7,5652	0,2859	981,1	979,5	981,7		
7,5736	0,2859	981,1	979,6	981,6		
7,5819	0,2885	981,1	979,5	981,6		
7,5902	0,2894	981,1	979,5	981,7		
7,5986	0,2794	981,1	979,4	981,6		
7,6069	0,2907	981,1	979,5	981,6		
7,6152	0,2807	981,0	979,5	981,6		
7,6236	0,2816	981,0	979,4	981,5		
7,6319	0,2807	981,1	979,4	981,5		
7,6402	0,2872	981,1	979,5	981,6		
7,6486	0,2794	981,1	979,4	981,6		
7,6569	0,2885	981,0	979,4	981,5		
7,6652	0,2846	981,1	979,4	981,6		
7,6736	0,2872	981,1	979,5	981,6		
7,6819	0,2811	981,1	979,6	981,7		
7,6902	0,2772	981,1	979,6	981,7		
7,6986	0,2916	981,1	979,5	981,7		
7,7069	0,2881	981,1	979,5	981,6		
7,7152	0,2846	981,1	979,4	981,6		
7,7236	0,2829	980,9	979,4	981,4		
7,7319	0,2811	981,0	979,3	981,4		
7,7402	0,2859	981,1	979,5	981,6		
7,7486	0,2829	981,0	979,4	981,5		
7,7569	0,2898	981,0	979,3	981,4		
7,7652	0,2872	981,1	979,7	982,0		
7,7736	0,2881	981,2	979,8	982,1		
7,7819	0,2981	981,2	979,7	981,8		
7,7902	0,2850	981,2	979,6	981,8		
7,7986	0,2798	981,2	979,6	981,8		
7,8069	0,2816	981,2	979,6	981,7		
7,8152	0,2855	981,2	979,6	981,8		
7,8236	0,2925	981,1	979,6	981,8		
7,8319	0,2863	981,1	979,6	981,7		
7,8402	0,2911	981,1	979,6	981,8		
7,8486	0,2885	981,1	979,6	981,7		
7,8569	0,2894	981,1	979,5	981,7		
7,8652	0,2850	981,1	979,6	981,7		
7,8736	0,2863	981,0	979,5	981,6		
7,8819	0,2868	981,1	979,6	981,7		
7,8902	0,2872	981,2	979,6	981,7		
7,8986	0,2916	981,1	979,5	981,6		
7,9069	0,2863	981,1	979,5	981,6		
7,9152	0,2977	981,0	979,5	981,5		
7,9236	0,2868	981,1	979,5	981,6		
7,9319	0,2964	981,1	979,5	981,6		
7,9402	0,2929	981,1	979,5	981,5		
7,9486	0,2977	981,0	979,4	981,5		
7,9569	0,2946	981,1	979,5	981,6		
7,9652	0,2933	981,0	979,4	981,5		
7,9736	0,2890	981,0	979,4	981,5		
7,9819	0,2898	981,1	979,4	981,5		
7,9902	0,2964	981,2	979,5	981,6		
7,9986	0,2933	981,1	979,5	981,5		
8,0069	0,2920	981,0	979,5	981,6		
8,0152	0,2999	981,1	979,5	981,6		
8,0236	0,2951	981,1	979,4	981,5		
8,0319	0,2938	981,1	979,5	981,6		
8,0402	0,2890	981,1	979,5	981,6		
8,0486	0,2933	981,0	979,5	981,5		
8,0569	0,2911	981,1	979,4	981,5		
8,0652	0,2929	981,0	979,4	981,6		
8,0736	0,2911	981,0	979,4	981,6		
8,0819	0,2942	981,0	979,5	981,6		
8,0902	0,2911	981,1	979,4	981,4		
8,0986	0,3029	981,1	979,5	981,6		
8,1069	0,2929	981,1	979,5	981,6		
8,1152	0,2920	981,1	979,5	981,6		
8,1236	0,2938	981,0	979,4	981,5		
8,1319	0,2894	981,0	979,4	981,5		
8,1402	0,2959	981,1	979,5	981,6		
8,1486	0,2972	981,1	979,5	981,6		
8,1569	0,2898	981,1	979,5	981,5		
8,1652	0,2938	981,1	979,5	981,5		
8,1736	0,2986	981,1	979,5	981,6		
8,1819	0,2942	981,1	979,4	981,5		
8,1902	0,2946	981,0	979,4	981,5		
8,1986	0,3020	981,1	979,5	981,6		
8,2069	0,2916	981,1	979,5	981,5		
8,2152	0,2968	981,0	979,5	981,6		
8,2236	0,2911	981,1	979,5	981,5		
8,2319	0,2972	981,1	979,4	981,4		
8,2402	0,3012	981,1	979,4	981,5		
8,2486	0,2955	981,1	979,4	981,5		
8,2569	0,2959	981,0	979,4	981,4		
8,2652	0,2972	981,1	979,4	981,5		
8,2736	0,2972	981,1	979,4	981,5		
8,2819	0,3047	981,1	979,4	981,4		
8,2902	0,2986	981,1	979,4	981,4		
8,2986	0,2964	981,1	979,4	981,5		
8,3069	0,3012	981,1	979,5	981,6		
8,3152	0,3016	981,1	979,5	981,5		
8,3236	0,2994	981,1	979,5	981,5		
8,3319	0,2916	981,2	979,5	981,6		
8,3402	0,3033	981,1	979,5	981,5		
8,3486	0,2903	981,1	979,5	981,5		
8,3569	0,3042	981,1	979,4	981,5		
8,3652	0,3020	981,2	979,5	981,5		
8,3736	0,2933	981,2	979,5	981,5		
8,3819	0,2999	981,1	979,5	981,5		
8,3902	0,2951	981,1	979,5	981,6		
8,3986	0,2981	981,2	979,6	981,6		
8,4069	0,3029	981,2	979,8	982,0		
8,4152	0,3112	981,3	979,8	982,0		
8,4236	0,2999	981,2	979,7	981,8		
8,4319	0,3116	981,2	979,6	981,8		
8,4402	0,2994	981,1	979,6	981,7		
8,4486	0,3068	981,1	979,6	981,7		
8,4569	0,2990	981,1	979,6	981,6		
8,4652	0,3020	981,1	979,5	981,6		
8,4736	0,2968	981,2	979,6	981,7		
8,4819	0,3055	981,1	979,6	981,6		
8,4902	0,3016	981,1	979,5	981,6		
8,4986	0,2986	981,1	979,5	981,6		
8,5069	0,2968	981,2	979,5	981,6		
8,5152	0,3029	981,1	979,5	981,5		
8,5236	0,3016	981,1	979,5	981,5		
8,5319	0,2999	981,2	979,6	981,7		
8,5402	0,3038	981,1	979,5	981,6		
8,5486	0,3086	981,2	979,5	981,6		
8,5569	0,3047	981,1	979,4	981,5		
8,5652	0,3020	981,1	979,4	981,5		
8,5736	0,3103	981,0	979,4	981,5		
8,5819	0,3003	981,1	979,4	981,4		
8,5902	0,2990	981,1	979,4	981,5		
8,5986	0,3020	981,1	979,5	981,5		
8,6069	0,3081	981,0	979,5	981,6		
8,6152	0,3033	981,1	979,4	981,4		
8,6236	0,3055	981,1	979,4	981,5		
8,6319	0,3173	981,1	979,4	981,6		
8,6402	0,3077	981,1	979,4	981,5		
8,6486	0,2994	981,1	979,4	981,5		
8,6569	0,3094	981,1	979,4	981,5		
8,6652	0,3099	981,0	979,5	981,6		
8,6736	0,3051	981,1	979,5	981,7		
8,6819	0,3025	981,1	979,6	981,7		
8,6902	0,3007	981,1	979,5	981,6		
8,6986	0,3033	981,1	979,6	981,7		
8,7069	0,3051	981,1	979,6	981,7		
8,7152	0,2999	981,1	979,6	981,6		
8,7236	0,3025	981,1	979,6	981,6		
8,7319	0,3125	981,1	979,5	981,7		
8,7402	0,3103	981,0	979,5	981,6		
8,7486	0,3051	981,1	979,6	981,7		
8,7569	0,3108	981,1	979,5	981,7		
8,7652	0,3112	981,1	979,5	981,7		
8,7736	0,3081	981,2	979,6	981,7		
8,7819	0,3081	981,1	979,5	981,6		
8,7902	0,3020	981,1	979,5	981,6		
8,7986	0,3033	981,1	979,5	981,5		
8,8069	0,3086	981,1	979,5	981,5		
8,8152	0,3068	981,1	979,5	981,5		
8,8236	0,2994	981,1	979,5	981,6		
8,8319	0,3142	981,0	979,4	981,5		
8,8402	0,3164	981,1	979,5	981,5		
8,8486	0,3081	981,1	979,4	981,5		
8,8569	0,3051	981,0	979,4	981,5		
8,8652	0,3090	981,0	979,4	981,5		
8,8736	0,3199	980,9	979,3	981,4		
8,8819	0,3103	981,0	979,4	981,4		
8,8902	0,3055	981,0	979,5	981,6		
8,8986	0,3142	981,0	979,4	981,5		
8,9069	0,3112	981,1	979,4	981,5		
8,9152	0,3138	981,2	979,6	981,7		
8,9236	0,3164	981,1	979,6	981,8		
8,9319	0,3129	981,1	979,5	981,6		
8,9402	0,3112	981,2	979,6	981,7		
8,9486	0,3047	981,1	979,6	981,7		
8,9569	0,3108	981,1	979,5	981,7		
8,9652	0,3142	981,2	979,6	981,7		
8,9736	0,3090	981,2	979,6	981,7		
8,9819	0,3051	981,1	979,5	981,5		
8,9902	0,3217	981,1	979,5	981,5		
8,9986	0,3142	981,1	979,5	981,6		
9,0069	0,3116	981,1	979,4	981,5		
9,0152	0,3090	981,1	979,4	981,6		
9,0236	0,3090	981,1	979,4	981,5		
9,0319	0,3160	981,2	979,5	981,6		
9,0402	0,3060	981,2	979,5	981,6		
9,0486	0,3138	981,1	979,5	981,5		
9,0569	0,3121	981,1	979,5	981,6		
9,0652	0,3173	981,2	979,6	981,6		
9,0736	0,3134	981,2	979,5	981,6		
9,0819	0,3138	981,2	979,5	981,6		
9,0902	0,3134	981,1	979,5	981,6		
9,0986	0,3121	981,1	979,4	981,5		
9,1069	0,3121	981,1	979,4	981,5		
9,1152	0,3073	981,1	979,5	981,5		
9,1236	0,3077	981,2	979,6	981,6		
9,1319	0,3103	981,1	979,5	981,6		
9,1402	0,3073	981,2	979,5	981,7		
9,1486	0,3177	981,1	979,6	981,6		
9,1569	0,3116	981,1	979,5	981,5		
9,1652	0,3160	981,1	979,4	981,6		
9,1736	0,3112	981,3	979,6	981,7		
9,1819	0,3090	981,2	979,6	981,6		
9,1902	0,3173	981,1	979,5	981,6		
9,1986	0,3182	981,1	979,5	981,6		
9,2069	0,3151	981,2	979,5	981,5		
9,2152	0,3151	981,1	979,5	981,5		
9,2236	0,3094	981,1	979,5	981,5		
9,2319	0,3121	981,1	979,5	981,6		
9,2402	0,3186	981,1	979,5	981,6		
9,2486	0,3199	981,1	979,5	981,5		
9,2569	0,3186	981,1	979,5	981,6		
9,2652	0,3225	981,2	979,5	981,6		
9,2736	0,3225	981,2	979,6	981,6		
9,2819	0,3186	981,1	979,5	981,6		
9,2902	0,3169	981,1	979,5	981,6		
9,2986	0,3208	981,1	979,5	981,6		
9,3069	0,3147	981,1	979,6	981,6		
9,3152	0,3251	981,1	979,5	981,6		
9,3236	0,3273	981,2	979,5	981,6		
9,3319	0,3186	981,1	979,6	981,7		
9,3402	0,3195	981,1	979,5	981,7		
9,3486	0,3134	981,1	979,6	981,6		
9,3569	0,3169	981,1	979,6	981,7		
9,3652	0,3134	981,2	979,5	981,7		
9,3736	0,3142	981,1	979,6	981,6		
9,3819	0,3234	981,1	979,5	981,6		
9,3902	0,3186	981,1	979,5	981,6		
9,3986	0,3221	981,1	979,5	981,5		
9,4069	0,3217	981,1	979,5	981,5		
9,4152	0,3269	981,1	979,5	981,6		
9,4236	0,3164	981,0	979,4	981,5		
9,4319	0,3195	981,0	979,4	981,5		
9,4402	0,3230	981,0	979,4	981,5		
9,4486	0,3221	981,0	979,4	981,4		
9,4569	0,3190	981,1	979,4	981,5		
9,4652	0,3195	981,1	979,6	981,8		
9,4736	0,3230	981,1	979,5	981,6		
9,4819	0,3291	981,0	979,4	981,5		
9,4902	0,3251	981,1	979,5	981,6		
9,4986	0,3221	981,1	979,5	981,6		
9,5069	0,3278	981,2	979,6	981,8		
9,5152	0,3182	981,2	979,6	981,8		
9,5236	0,3247	981,1	979,5	981,6		
9,5319	0,3177	981,1	979,4	981,5		
9,5402	0,3164	981,1	979,5	981,5		
9,5486	0,3251	981,1	979,5	981,6		
9,5569	0,3230	981,1	979,4	981,5		
9,5652	0,3217	981,0	979,4	981,5		
9,5736	0,3238	981,1	979,5	981,6		
9,5819	0,3269	981,1	979,5	981,7		
9,5902	0,3169	981,0	979,5	981,6		
9,5986	0,3208	981,1	979,5	981,6		
9,6069	0,3286	981,1	979,5	981,6		
9,6152	0,3208	981,1	979,6	981,6		
9,6236	0,3212	981,1	979,5	981,6		
9,6319	0,3282	981,1	979,5	981,6		
9,6402	0,3221	981,1	979,5	981,6		
9,6486	0,3291	981,1	979,5	981,6		
9,6569	0,3251	981,1	979,5	981,6		
9,6652	0,3269	981,1	979,5	981,6		
9,6736	0,3260	981,1	979,4	981,5		
9,6819	0,3199	981,1	979,5	981,6		
9,6902	0,3230	981,1	979,4	981,5		
9,6986	0,3286	981,0	979,5	981,6		
9,7069	0,3251	981,1	979,5	981,6		
9,7152	0,3190	981,1	979,5	981,6		
9,7236	0,3247	981,1	979,5	981,6		
9,7319	0,3286	981,1	979,4	981,5		
9,7402	0,3199	981,1	979,5	981,5		
9,7486	0,3291	981,1	979,5	981,7		
9,7569	0,3286	981,0	979,5	981,6		
9,7652	0,3291	981,1	979,5	981,6		
9,7736	0,3334	981,1	979,5	981,6		
9,7819	0,3208	981,1	979,5	981,6		
9,7902	0,3269	981,0	979,5	981,6		
9,7986	0,3260	981,0	979,5	981,6		
9,8069	0,3325	981,1	979,5	981,5		
9,8152	0,3321	981,1	979,5	981,6		
9,8236	0,3352	981,1	979,5	981,6		
9,8319	0,3325	981,0	979,5	981,6		
9,8402	0,3243	981,0	979,5	981,5		
9,8486	0,3352	981,1	979,4	981,5		
9,8569	0,3325	981,0	979,4	981,4		
9,8652	0,3325	981,0	979,4	981,4		
9,8736	0,3334	981,0	979,5	981,5		
9,8819	0,3317	981,1	979,5	981,7		
9,8902	0,3260	981,1	979,5	981,5		
9,8986	0,3251	981,0	979,4	981,5		
9,9069	0,3352	981,0	979,4	981,5		
9,9152	0,3273	981,1	979,5	981,6		
9,9236	0,3282	981,1	979,4	981,5		
9,9319	0,3343	981,0	979,4	981,5		
9,9402	0,3343	981,1	979,5	981,6		
9,9486	0,3317	981,0	979,4	981,6		
9,9569	0,3308	981,2	979,6	981,6		
9,9652	0,3334	981,2	979,6	981,6		
9,9736	0,3317	981,2	979,6	981,6		
9,9819	0,3291	981,1	979,5	981,5		
9,9902	0,3286	981,1	979,4	981,5		
9,9986	0,3282	981,1	979,5	981,5		
10,0069	0,3299	981,1	979,5	981,6		
10,0152	0,3317	981,1	979,5	981,5		
10,0236	0,3339	981,1	979,4	981,4		
10,0319	0,3321	981,2	979,4	981,5		
10,0402	0,3352	981,2	979,5	981,5		
10,0486	0,3352	981,1	979,5	981,5		
10,0569	0,3260	981,1	979,5	981,5		
10,0652	0,3352	981,1	979,5	981,6		
10,0736	0,3347	981,2	979,5	981,5		
10,0819	0,3330	981,1	979,5	981,6		
10,0902	0,3251	981,1	979,5	981,5		
10,0986	0,3400	981,1	979,4	981,5		
10,1069	0,3360	981,1	979,4	981,4		
10,1152	0,3330	981,0	979,4	981,4		
10,1236	0,3356	981,1	979,4	981,4		
10,1319	0,3352	981,0	979,4	981,6		
10,1402	0,3391	981,1	979,5	981,6		
10,1486	0,3373	981,1	979,5	981,5		
10,1569	0,3312	981,1	979,5	981,5		
10,1652	0,3365	981,0	979,5	981,5		
10,1736	0,3334	981,0	979,4	981,4		
10,1819	0,3356	981,1	979,5	981,6		
10,1902	0,3343	981,1	979,5	981,6		
10,1986	0,3369	981,1	979,5	981,5		
10,2069	0,3404	981,1	979,5	981,6		
10,2152	0,3343	981,0	979,5	981,6		
10,2236	0,3408	981,1	979,5	981,7		
10,2319	0,3360	981,1	979,6	981,7		
10,2402	0,3391	981,2	979,6	981,6		
10,2486	0,3308	981,1	979,5	981,6		
10,2569	0,3509	981,1	979,4	981,5		
10,2652	0,3373	981,0	979,5	981,6		
10,2736	0,3426	981,1	979,5	981,6		
10,2819	0,3395	981,1	979,5	981,6		
10,2902	0,3347	981,1	979,5	981,6		
10,2992	0,3339	981,1	979,5	981,5		
10,3075	0,3365	981,1	979,5	981,6		
10,3158	0,3400	981,1	979,5	981,5		
10,3242	0,3439	981,1	979,5	981,5		
10,3325	0,3373	981,1	979,4	981,4		
10,3408	0,3369	981,1	979,5	981,6		
10,3492	0,3452	981,2	979,5	981,6		
10,3575	0,3408	981,2	979,5	981,6		
10,3658	0,3365	981,1	979,5	981,6		
10,3742	0,3373	981,1	979,5	981,6		
10,3825	0,3404	981,2	979,5	981,6		
10,3908	0,3373	981,1	979,5	981,6		
10,3992	0,3452	981,1	979,5	981,6		
10,4075	0,3439	981,1	979,5	981,7		
10,4158	0,3500	981,1	979,5	981,6		
10,4242	0,3421	981,1	979,5	981,6		
10,4325	0,3421	981,1	979,5	981,6		
10,4408	0,3413	981,1	979,6	981,7		
10,4492	0,3400	981,0	979,5	981,6		
10,4575	0,3395	981,0	979,4	981,5		
10,4658	0,3430	981,2	979,5	981,6		
10,4742	0,3317	981,2	979,6	981,6		
10,4825	0,3391	981,2	979,6	981,7		
10,4908	0,3334	981,1	979,5	981,6		
10,4992	0,3482	981,2	979,5	981,6		
10,5075	0,3482	981,2	979,6	981,6		
10,5158	0,3430	981,2	979,6	981,7		
10,5242	0,3439	981,1	979,5	981,5		
10,5325	0,3373	981,1	979,4	981,5		
10,5408	0,3378	981,1	979,5	981,6		
10,5492	0,3487	981,1	979,5	981,6		
10,5575	0,3413	981,0	979,4	981,5		
10,5658	0,3500	981,0	979,4	981,5		
10,5742	0,3417	981,1	979,5	981,6		
10,5825	0,3434	981,1	979,4	981,5		
10,5908	0,3443	981,1	979,3	981,4		
10,5992	0,3439	981,1	979,5	981,6		
10,6075	0,3482	981,1	979,6	981,6		
10,6158	0,3434	981,1	979,5	981,6		
10,6242	0,3456	981,1	979,5	981,6		
10,6325	0,3408	981,1	979,5	981,6		
10,6408	0,3469	981,1	979,5	981,6		
10,6492	0,3408	981,1	979,5	981,6		
10,6575	0,3474	981,1	979,5	981,5		
10,6658	0,3535	981,1	979,5	981,6		
10,6742	0,3504	981,1	979,5	981,5		
10,6825	0,3513	981,1	979,5	981,6		
10,6908	0,3517	981,1	979,6	981,6		
10,6992	0,3452	981,1	979,5	981,6		
10,7075	0,3504	981,1	979,5	981,6		
10,7158	0,3469	981,1	979,5	981,6		
10,7242	0,3426	981,1	979,5	981,7		
10,7325	0,3539	981,1	979,5	981,7		
10,7408	0,3417	981,1	979,6	981,6		
10,7492	0,3474	981,1	979,6	981,7		
10,7575	0,3517	981,2	979,5	981,6		
10,7658	0,3504	981,1	979,5	981,5		
10,7742	0,3495	981,1	979,5	981,6		
10,7825	0,3530	981,1	979,5	981,6		
10,7908	0,3434	981,1	979,5	981,6		
10,7992	0,3426	981,1	979,5	981,6		
10,8075	0,3552	981,1	979,6	981,7		
10,8158	0,3543	981,2	979,6	981,7		
10,8242	0,3509	981,1	979,6	981,6		
10,8325	0,3513	981,1	979,5	981,6		
10,8408	0,3439	981,1	979,5	981,6		
10,8492	0,3535	981,2	979,5	981,7		
10,8575	0,3556	981,1	979,5	981,6		
10,8658	0,3443	981,1	979,5	981,6		
10,8742	0,3539	981,1	979,5	981,6		
10,8825	0,3548	981,1	979,6	981,6		
10,8908	0,3500	981,2	979,5	981,6		
10,8992	0,3491	981,1	979,5	981,6		
10,9075	0,3539	981,2	979,5	981,6		
10,9158	0,3530	981,1	979,6	981,7		
10,9242	0,3504	981,1	979,5	981,6		
10,9325	0,3535	981,1	979,5	981,6		
10,9408	0,3495	981,2	979,5	981,6		
10,9492	0,3526	981,1	979,5	981,6		
10,9575	0,3604	981,1	979,5	981,7		
10,9658	0,3504	981,2	979,6	981,7		
10,9742	0,3500	981,1	979,5	981,7		
10,9825	0,3522	981,1	979,5	981,6		
10,9908	0,3526	981,1	979,5	981,6		
10,9992	0,3539	981,2	979,5	981,7		
11,0075	0,3570	981,2	979,6	981,7		
11,0158	0,3522	981,2	979,5	981,7		
11,0242	0,3561	981,2	979,5	981,6		
11,0325	0,3509	981,1	979,5	981,7		
11,0408	0,3535	981,2	979,6	981,7		
11,0492	0,3517	981,2	979,5	981,6		
11,0575	0,3543	981,2	979,5	981,6		
11,0658	0,3474	981,3	979,5	981,6		
11,0742	0,3535	981,2	979,5	981,6		
11,0825	0,3578	981,2	979,5	981,5		
11,0908	0,3657	981,2	979,5	981,6		
11,0992	0,3578	981,2	979,6	981,7		
11,1075	0,3478	981,2	979,5	981,6		
11,1158	0,3578	981,2	979,5	981,6		
11,1242	0,3522	981,2	979,6	981,7		
11,1325	0,3513	981,2	979,6	981,6		
11,1408	0,3535	981,1	979,5	981,6		
11,1492	0,3622	981,2	979,5	981,5		
11,1575	0,3552	981,2	979,5	981,6		
11,1658	0,3609	981,2	979,6	981,6		
11,1742	0,3469	981,2	979,6	981,6		
11,1825	0,3574	981,1	979,5	981,5		
11,1908	0,3548	981,1	979,4	981,5		
11,1992	0,3600	981,1	979,4	981,5		
11,2075	0,3548	981,1	979,5	981,6		
11,2158	0,3556	981,2	979,5	981,6		
11,2242	0,3604	981,1	979,4	981,5		
11,2325	0,3644	981,3	979,6	981,6		
11,2408	0,3635	981,3	979,6	981,7		
11,2492	0,3591	981,2	979,6	981,6		
11,2575	0,3700	981,3	979,5	981,6		
11,2658	0,3626	981,3	979,6	981,7		
11,2742	0,3604	981,3	979,7	981,7		
11,2825	0,3665	981,3	979,6	981,6		
11,2908	0,3552	981,2	979,6	981,6		
11,2992	0,3587	981,2	979,6	981,7		
11,3075	0,3513	981,2	979,6	981,7		
11,3158	0,3674	981,2	979,5	981,6		
11,3242	0,3513	981,1	979,5	981,7		
11,3325	0,3644	981,0	979,5	981,6		
11,3408	0,3670	981,0	979,5	981,6		
11,3492	0,3705	981,0	979,5	981,6		
11,3575	0,3574	981,1	979,5	981,6		
11,3658	0,3570	980,9	979,5	981,5		
11,3742	0,3604	981,1	979,5	981,6		
11,3825	0,3626	981,1	979,5	981,6		
11,3908	0,3644	981,0	979,5	981,5		
11,3992	0,3596	981,1	979,4	981,5		
11,4075	0,3639	981,1	979,5	981,6		
11,4158	0,3622	981,1	979,5	981,7		
11,4242	0,3578	981,0	979,4	981,6		
11,4325	0,3696	981,1	979,5	981,6		
11,4408	0,3631	981,0	979,5	981,6		
11,4492	0,3657	981,1	979,5	981,7		
11,4575	0,3591	981,1	979,5	981,6		
11,4658	0,3665	981,1	979,5	981,6		
11,4742	0,3613	981,1	979,5	981,6		
11,4825	0,3609	981,1	979,5	981,5		
11,4908	0,3600	981,1	979,5	981,6		
11,4992	0,3618	981,1	979,5	981,6		
11,5075	0,3591	981,1	979,5	981,6		
11,5158	0,3692	981,1	979,6	981,6		
11,5242	0,3657	981,1	979,5	981,6		
11,5325	0,3639	981,1	979,5	981,6		
11,5408	0,3639	981,1	979,5	981,5		
11,5492	0,3683	981,1	979,5	981,6		
11,5575	0,3652	981,1	979,5	981,6		
11,5658	0,3635	981,1	979,5	981,6		
11,5742	0,3683	981,1	979,5	981,6		
11,5825	0,3692	981,1	979,4	981,5		
11,5908	0,3622	981,1	979,5	981,6		
11,5992	0,3644	981,1	979,5	981,6		
11,6075	0,3596	981,1	979,5	981,6		
11,6158	0,3657	981,1	979,5	981,6		
11,6242	0,3731	981,1	979,5	981,6		
11,6325	0,3596	981,1	979,5	981,6		
11,6408	0,3587	981,1	979,5	981,6		
11,6492	0,3674	981,0	979,4	981,5		
11,6575	0,3718	981,1	979,5	981,5		
11,6658	0,3705	981,1	979,5	981,6		
11,6742	0,3718	981,1	979,5	981,6		
11,6825	0,3583	981,1	979,5	981,6		
11,6908	0,3692	981,1	979,5	981,5		
11,6992	0,3740	981,1	979,4	981,5		
11,7075	0,3670	981,0	979,4	981,5		
11,7158	0,3665	981,1	979,4	981,6		
11,7242	0,3700	981,2	979,5	981,6		
11,7325	0,3735	981,1	979,5	981,6		
11,7408	0,3609	981,1	979,5	981,6		
11,7492	0,3674	981,1	979,5	981,6		
11,7575	0,3744	981,1	979,5	981,7		
11,7658	0,3735	981,1	979,5	981,6		
11,7742	0,3613	981,1	979,5	981,6		
11,7825	0,3644	981,1	979,5	981,6		
11,7908	0,3705	981,1	979,5	981,6		
11,7992	0,3705	981,2	979,6	981,6		
11,8075	0,3744	981,2	979,5	981,6		
11,8158	0,3801	981,1	979,5	981,7		
11,8242	0,3670	981,1	979,5	981,6		
11,8325	0,3779	981,1	979,5	981,7		
11,8408	0,3618	981,2	979,5	981,7		
11,8492	0,3726	981,2	979,6	981,7		
11,8575	0,3679	981,1	979,6	981,6		
11,8658	0,3631	981,1	979,5	981,6		
11,8742	0,3722	981,1	979,5	981,6		
11,8825	0,3774	981,2	979,5	981,6		
11,8908	0,3818	981,1	979,5	981,6		
11,8992	0,3674	981,1	979,4	981,5		
11,9075	0,3722	981,1	979,4	981,4		
11,9158	0,3722	981,1	979,4	981,5		
11,9242	0,3661	981,1	979,5	981,6		
11,9325	0,3692	981,1	979,5	981,7		
11,9408	0,3783	981,1	979,5	981,6		
11,9492	0,3805	981,1	979,4	981,4		
11,9575	0,3726	981,1	979,5	981,6		
11,9658	0,3787	981,1	979,5	981,6		
11,9742	0,3639	981,2	979,5	981,6		
11,9825	0,3713	981,1	979,5	981,6		
11,9908	0,3718	981,1	979,5	981,6		
11,9992	0,3696	981,2	979,5	981,6		
12,0075	0,3718	981,1	979,5	981,6		
12,0158	0,3679	981,1	979,5	981,6		
12,0242	0,3770	981,1	979,5	981,6		
12,0325	0,3731	981,2	979,5	981,6		
12,0408	0,3713	981,2	979,5	981,6		
12,0492	0,3722	981,1	979,5	981,5		
12,0575	0,3761	981,2	979,4	981,5		
12,0658	0,3787	981,1	979,4	981,6		
12,0742	0,3748	981,2	979,5	981,6		
12,0825	0,3770	981,1	979,5	981,5		
12,0908	0,3683	981,2	979,5	981,6		
12,0992	0,3692	981,2	979,5	981,6		
12,1075	0,3818	981,1	979,4	981,5		
12,1158	0,3748	981,1	979,5	981,5		
12,1242	0,3796	981,0	979,4	981,4		
12,1325	0,3635	981,0	979,3	981,4		
12,1408	0,3761	981,1	979,5	981,6		
12,1492	0,3722	981,1	979,5	981,6		
12,1575	0,3713	981,2	979,5	981,7		
12,1658	0,3835	981,1	979,6	981,7		
12,1742	0,3753	981,1	979,5	981,5		
12,1825	0,3805	981,1	979,5	981,5		
12,1908	0,3757	981,1	979,5	981,6		
12,1992	0,3822	981,2	979,6	981,7		
12,2075	0,3731	981,2	979,6	981,7		
12,2158	0,3796	981,2	979,6	981,7		
12,2242	0,3822	981,2	979,6	981,6		
12,2325	0,3774	981,1	979,6	981,6		
12,2408	0,3818	981,1	979,5	981,6		
12,2492	0,3753	981,2	979,6	981,6		
12,2575	0,3818	981,2	979,6	981,7		
12,2658	0,3718	981,2	979,6	981,7		
12,2742	0,3787	981,2	979,6	981,7		
12,2825	0,3753	981,2	979,5	981,7		
12,2908	0,3683	981,1	979,5	981,5		
12,2992	0,3805	981,1	979,5	981,5		
12,3075	0,3818	981,2	979,7	981,9		
12,3158	0,3862	981,2	979,6	981,8		
12,3242	0,3831	981,3	979,7	981,7		
12,3325	0,3766	981,2	979,6	981,7		
12,3408	0,3787	981,1	979,6	981,7		
12,3492	0,3814	981,1	979,6	981,7		
12,3575	0,3879	981,2	979,5	981,6		
12,3658	0,3805	981,2	979,5	981,6		
12,3742	0,3796	981,2	979,5	981,6		
12,3825	0,3822	981,0	979,4	981,5		
12,3908	0,3840	981,1	979,4	981,5		
12,3992	0,3761	981,1	979,5	981,6		
12,4075	0,3792	981,2	979,5	981,6		
12,4158	0,3888	981,1	979,5	981,5		
12,4242	0,3774	981,1	979,5	981,6		
12,4325	0,3814	981,1	979,5	981,7		
12,4408	0,3796	981,1	979,5	981,6		
12,4492	0,3866	981,1	979,5	981,6		
12,4575	0,3857	981,1	979,5	981,6		
12,4658	0,3844	981,2	979,6	981,7		
12,4742	0,3853	981,2	979,6	981,7		
12,4825	0,3927	981,1	979,5	981,6		
12,4908	0,3849	981,1	979,5	981,6		
12,4992	0,3853	981,1	979,5	981,7		
12,5075	0,3896	981,2	979,6	981,8		
12,5158	0,3849	981,2	979,6	981,7		
12,5242	0,3787	981,2	979,6	981,8		
12,5325	0,3857	981,1	979,6	981,8		
12,5408	0,3822	981,2	979,6	981,7		
12,5492	0,3879	981,2	979,6	981,8		
12,5575	0,3962	981,2	979,6	981,7		
12,5658	0,3853	981,2	979,7	981,8		
12,5742	0,3853	981,2	979,6	981,8		
12,5825	0,3849	981,2	979,5	981,6		
12,5908	0,3862	981,1	979,5	981,7		
12,5992	0,3997	981,1	979,5	981,7		
12,6075	0,3896	981,1	979,5	981,7		
12,6158	0,3870	981,2	979,6	981,6		
12,6242	0,3870	981,1	979,5	981,6		
12,6325	0,3979	981,1	979,5	981,7		
12,6408	0,3923	981,2	979,6	981,7		
12,6492	0,3853	981,1	979,6	981,6		
12,6575	0,3866	981,1	979,6	981,7		
12,6658	0,3844	981,1	979,5	981,6		
12,6742	0,3870	981,2	979,6	981,7		
12,6825	0,3809	981,2	979,7	981,8		
12,6908	0,3892	981,2	979,6	981,8		
12,6992	0,3918	981,2	979,6	981,7		
12,7075	0,3905	981,2	979,6	981,7		
12,7158	0,3822	981,2	979,6	981,7		
12,7242	0,3984	981,1	979,5	981,6		
12,7325	0,3914	981,2	979,5	981,6		
12,7408	0,3923	981,2	979,6	981,7		
12,7492	0,3853	981,2	979,6	981,7		
12,7575	0,3896	981,1	979,5	981,6		
12,7658	0,3862	981,1	979,5	981,6		
12,7742	0,3944	981,2	979,5	981,6		
12,7825	0,3940	981,1	979,5	981,7		
12,7908	0,3940	981,1	979,5	981,6		
12,7992	0,3949	981,1	979,5	981,6		
12,8075	0,3849	981,2	979,5	981,6		
12,8158	0,3936	981,2	979,6	981,6		
12,8242	0,3971	981,2	979,5	981,6		
12,8325	0,3988	981,2	979,5	981,6		
12,8408	0,3918	981,2	979,5	981,7		
12,8492	0,3888	981,3	979,6	981,6		
12,8575	0,3879	981,2	979,6	981,6		
12,8658	0,3927	981,3	979,5	981,6		
12,8742	0,3888	981,3	979,6	981,7		
12,8825	0,3883	981,2	979,6	981,6		
12,8908	0,4110	981,2	979,5	981,5		
12,8992	0,3992	981,2	979,6	981,5		
12,9075	0,4001	981,3	979,6	981,7		
12,9158	0,3979	981,3	979,6	981,7		
12,9242	0,3896	981,3	979,6	981,6		
12,9325	0,4023	981,2	979,5	981,6		
12,9408	0,3940	981,2	979,5	981,5		
12,9492	0,4010	981,1	979,4	981,3		
12,9575	0,3971	981,1	979,3	981,3		
12,9658	0,3866	981,2	979,4	981,4		
12,9742	0,3962	981,0	979,3	981,3		
12,9825	0,3901	981,1	979,5	981,5		
12,9908	0,3992	981,2	979,5	981,6		
12,9992	0,3901	981,2	979,5	981,6		
13,0075	0,3953	981,2	979,5	981,6		
13,0158	0,3888	981,1	979,5	981,6		
13,0242	0,3866	981,2	979,7	981,7		
13,0325	0,3944	981,2	979,6	981,6		
13,0408	0,3997	981,2	979,5	981,6		
13,0492	0,4018	981,2	979,6	981,6		
13,0575	0,3992	981,2	979,6	981,7		
13,0658	0,3940	981,2	979,6	981,7		
13,0742	0,3953	981,2	979,6	981,7		
13,0825	0,3949	981,1	979,6	981,7		
13,0908	0,3984	981,2	979,5	981,6		
13,0992	0,3988	981,2	979,5	981,5		
13,1075	0,3927	981,1	979,5	981,6		
13,1158	0,3997	981,1	979,5	981,6		
13,1242	0,3888	981,1	979,6	981,6		
13,1325	0,3896	981,1	979,5	981,6		
13,1408	0,4010	981,2	979,6	981,7		
13,1492	0,3979	981,1	979,6	981,7		
13,1575	0,3971	981,2	979,5	981,6		
13,1658	0,4010	981,1	979,5	981,6		
13,1742	0,3944	981,1	979,5	981,6		
13,1825	0,3957	981,2	979,5	981,6		
13,1908	0,3940	981,4	979,7	981,7		
13,1992	0,4040	981,4	979,7	981,8		
13,2075	0,3966	981,4	979,7	981,8		
13,2158	0,3997	981,3	979,7	981,7		
13,2242	0,3910	981,3	979,7	981,7		
13,2325	0,3992	981,4	979,7	981,6		
13,2408	0,4114	981,3	979,6	981,6		
13,2492	0,4053	981,3	979,7	981,8		
13,2575	0,4093	981,3	979,6	981,8		
13,2658	0,4053	981,3	979,6	981,7		
13,2742	0,4001	981,3	979,7	981,7		
13,2825	0,4110	981,3	979,6	981,7		
13,2908	0,4027	981,3	979,6	981,7		
13,2992	0,4040	981,2	979,6	981,7		
13,3075	0,4045	981,1	979,4	981,4		
13,3158	0,4058	981,1	979,4	981,4		
13,3242	0,4075	981,0	979,4	981,4		
13,3325	0,4027	981,2	979,8	982,1		
13,3408	0,4045	981,5	980,1	982,5		
13,3492	0,4075	981,4	979,9	982,0		
13,3575	0,4058	981,3	979,8	981,9		
13,3658	0,4053	981,3	979,8	982,0		
13,3742	0,4010	981,3	979,8	982,0		
13,3825	0,4114	981,2	979,8	981,9		
13,3908	0,4005	981,3	979,7	981,8		
13,3992	0,4049	981,2	979,6	981,7		
13,4075	0,4079	981,2	979,7	981,8		
13,4158	0,4032	981,2	979,6	981,7		
13,4242	0,4014	981,2	979,7	981,8		
13,4325	0,4036	981,3	979,7	981,9		
13,4408	0,4040	981,2	979,6	981,7		
13,4492	0,3997	981,1	979,5	981,6		
13,4575	0,4071	981,1	979,5	981,6		
13,4658	0,4088	981,2	979,6	981,8		
13,4742	0,4018	981,2	979,6	981,7		
13,4825	0,4053	981,1	979,5	981,6		
13,4908	0,4045	981,1	979,5	981,6		
13,4992	0,3971	981,2	979,5	981,5		
13,5075	0,4058	981,1	979,5	981,6		
13,5158	0,4032	981,0	979,4	981,5		
13,5242	0,4127	981,0	979,4	981,4		
13,5325	0,4053	981,0	979,4	981,5		
13,5408	0,4093	981,1	979,4	981,6		
13,5492	0,4075	981,2	979,5	981,5		
13,5575	0,4110	981,1	979,5	981,5		
13,5658	0,4071	981,1	979,5	981,6		
13,5742	0,4058	981,1	979,5	981,6		
13,5825	0,4058	981,1	979,5	981,5		
13,5908	0,4032	981,2	979,5	981,6		
13,5992	0,4040	981,3	979,6	981,6		
13,6075	0,4066	981,1	979,6	981,6		
13,6158	0,4084	981,2	979,5	981,6		
13,6242	0,4066	981,2	979,6	981,7		
13,6325	0,4079	981,1	979,5	981,6		
13,6408	0,4132	981,3	979,6	981,7		
13,6492	0,4106	981,2	979,6	981,7		
13,6575	0,4088	981,2	979,6	981,6		
13,6658	0,4062	981,1	979,5	981,6		
13,6742	0,4123	981,2	979,5	981,6		
13,6825	0,4032	981,2	979,6	981,7		
13,6908	0,4088	981,2	979,6	981,6		
13,6992	0,4049	981,2	979,6	981,7		
13,7075	0,4071	981,2	979,5	981,6		
13,7158	0,4093	981,2	979,6	981,7		
13,7242	0,4123	981,2	979,6	981,7		
13,7325	0,4141	981,3	979,6	981,7		
13,7408	0,4180	981,2	979,6	981,6		
13,7492	0,4145	981,2	979,6	981,7		
13,7575	0,4158	981,2	979,6	981,6		
13,7658	0,4123	981,1	979,6	981,6		
13,7742	0,4110	981,2	979,6	981,6		
13,7825	0,4132	981,3	979,6	981,7		
13,7908	0,4097	981,2	979,6	981,6		
13,7992	0,4184	981,3	979,6	981,7		
13,8075	0,4149	981,3	979,6	981,6		
13,8158	0,4154	981,3	979,6	981,7		
13,8242	0,4084	981,2	979,6	981,6		
13,8325	0,4158	981,2	979,6	981,6		
13,8408	0,4236	981,3	979,6	981,7		
13,8492	0,4114	981,2	979,6	981,6		
13,8575	0,4123	981,3	979,6	981,7		
13,8658	0,4079	981,3	979,7	981,7		
13,8742	0,4114	981,3	979,6	981,6		
13,8825	0,4114	981,2	979,6	981,6		
13,8908	0,4167	981,3	979,6	981,6		
13,8992	0,4171	981,2	979,6	981,6		
13,9075	0,4154	981,2	979,6	981,7		
13,9158	0,4219	981,2	979,6	981,6		
13,9242	0,4110	981,2	979,6	981,6		
13,9325	0,4206	981,2	979,6	981,6		
13,9408	0,4136	981,2	979,6	981,6		
13,9492	0,4175	981,2	979,6	981,6		
13,9575	0,4127	981,3	979,6	981,7		
13,9658	0,4167	981,3	979,6	981,7		
13,9742	0,4149	981,2	979,6	981,7		
13,9825	0,4093	981,2	979,6	981,6		
13,9908	0,4101	981,2	979,6	981,7		
13,9992	0,4223	981,3	979,6	981,6		
14,0075	0,4175	981,3	979,6	981,6		
14,0158	0,4093	981,2	979,6	981,6		
14,0242	0,4232	981,2	979,6	981,6		
14,0325	0,4123	981,1	979,5	981,6		
14,0408	0,4167	981,2	979,6	981,6		
14,0492	0,4171	981,2	979,5	981,6		
14,0575	0,4258	981,1	979,5	981,6		
14,0658	0,4158	981,1	979,5	981,6		
14,0742	0,4162	981,2	979,5	981,6		
14,0825	0,4167	981,2	979,5	981,6		
14,0908	0,4223	981,1	979,5	981,6		
14,0992	0,4119	981,1	979,5	981,5		
14,1075	0,4232	981,1	979,5	981,5		
14,1158	0,4188	981,1	979,5	981,6		
14,1242	0,4171	981,2	979,7	982,0		
14,1325	0,4188	981,1	979,5	981,6		
14,1408	0,4202	981,0	979,4	981,4		
14,1492	0,4119	981,1	979,4	981,4		
14,1575	0,4141	981,0	979,4	981,4		
14,1658	0,4184	981,2	979,6	981,7		
14,1742	0,4197	981,3	979,8	981,9		
14,1825	0,4223	981,2	979,6	981,7		
14,1908	0,4188	981,2	979,6	981,7		
14,1992	0,4206	981,2	979,6	981,7		
14,2075	0,4167	981,2	979,6	981,6		
14,2158	0,4245	981,2	979,5	981,5		
14,2242	0,4228	981,1	979,5	981,5		
14,2325	0,4210	981,1	979,4	981,5		
14,2408	0,4249	981,2	979,6	981,7		
14,2492	0,4249	981,2	979,6	981,6		
14,2575	0,4184	981,1	979,4	981,4		
14,2658	0,4249	981,2	979,4	981,4		
14,2742	0,4241	981,2	979,5	981,6		
14,2825	0,4206	981,2	979,8	981,9		
14,2908	0,4162	981,1	979,6	981,5		
14,2992	0,4271	981,1	979,4	981,4		
14,3075	0,4206	981,2	979,4	981,6		
14,3158	0,4232	981,1	979,5	981,5		
14,3242	0,4175	981,1	979,4	981,5		
14,3325	0,4276	981,1	979,4	981,5		
14,3408	0,4263	981,2	979,5	981,6		
14,3492	0,4249	981,2	979,5	981,5		
14,3575	0,4202	981,1	979,4	981,5		
14,3658	0,4215	981,0	979,4	981,4		
14,3742	0,4245	981,1	979,4	981,5		
14,3825	0,4276	981,2	979,5	981,6		
14,3908	0,4228	981,1	979,5	981,5		
14,3992	0,4267	981,2	979,7	981,9		
14,4075	0,4367	981,4	980,1	982,5		
14,4158	0,4267	981,4	979,9	982,0		
14,4242	0,4284	981,3	979,7	981,9		
14,4325	0,4276	981,3	979,7	981,8		
14,4408	0,4241	981,2	979,6	981,7		
14,4492	0,4228	981,2	979,7	981,7		
14,4575	0,4249	981,2	979,7	981,6		
14,4658	0,4197	981,2	979,6	981,6		
14,4742	0,4289	981,2	979,6	981,7		
14,4825	0,4284	981,2	979,6	981,6		
14,4908	0,4345	981,2	979,5	981,6		
14,4992	0,4319	981,1	979,5	981,5		
14,5075	0,4271	981,1	979,5	981,5		
14,5158	0,4372	981,1	979,5	981,4		
14,5242	0,4315	981,0	979,4	981,4		
14,5325	0,4310	981,0	979,4	981,5		
14,5408	0,4258	981,2	979,5	981,5		
14,5492	0,4306	981,1	979,4	981,4		
14,5575	0,4324	981,2	979,7	982,0		
14,5658	0,4267	981,4	980,1	982,3		
14,5742	0,4345	981,3	979,8	981,8		
14,5825	0,4302	981,3	979,7	981,8		
14,5908	0,4293	981,3	979,8	982,1		
14,5992	0,4315	981,3	979,8	981,9		
14,6075	0,4380	981,3	979,7	981,9		
14,6158	0,4267	981,3	979,7	981,8		
14,6242	0,4306	981,2	979,7	981,8		
14,6325	0,4280	981,2	979,6	981,7		
14,6408	0,4271	981,2	979,6	981,6		
14,6492	0,4297	981,2	979,5	981,5		
14,6575	0,4358	981,1	979,4	981,4		
14,6658	0,4310	981,1	979,4	981,3		
14,6742	0,4358	981,1	979,4	981,4		
14,6825	0,4350	981,1	979,4	981,4		
14,6908	0,4254	981,2	979,4	981,4		
14,6992	0,4415	981,0	979,3	981,3		
14,7075	0,4306	981,0	979,3	981,2		
14,7158	0,4245	981,3	979,9	982,2		
14,7242	0,4293	981,3	979,8	981,9		
14,7325	0,4284	981,2	979,6	981,6		
14,7408	0,4289	981,2	979,6	981,7		
14,7492	0,4345	981,2	979,6	981,8		
14,7575	0,4293	981,2	979,6	981,7		
14,7658	0,4293	981,1	979,5	981,6		
14,7742	0,4254	981,3	979,6	981,6		
14,7825	0,4280	981,4	979,6	981,6		
14,7908	0,4310	981,2	979,6	981,6		
14,7992	0,4341	981,2	979,5	981,5		
14,8075	0,4332	981,2	979,5	981,5		
14,8158	0,4289	981,2	979,5	981,6		
14,8242	0,4398	981,3	979,5	981,5		
14,8325	0,4345	981,2	979,4	981,5		
14,8408	0,4271	981,3	979,7	981,8		
14,8492	0,4380	981,4	979,8	981,8		
14,8575	0,4302	981,2	979,5	981,5		
14,8658	0,4319	981,3	979,5	981,5		
14,8742	0,4380	981,4	980,0	982,4		
14,8825	0,4332	981,8	980,6	983,2		
14,8908	0,4402	981,5	980,1	982,2		
14,8992	0,4310	981,4	979,9	982,0		
14,9075	0,4441	981,6	980,3	982,6		
14,9158	0,4324	981,6	980,3	982,5		
14,9242	0,4376	981,5	980,1	982,2		
14,9325	0,4389	981,4	980,0	982,2		
14,9408	0,4402	981,4	980,0	982,2		
14,9492	0,4328	981,4	980,0	982,0		
14,9575	0,4380	981,4	979,9	982,0		
14,9658	0,4341	981,4	979,8	981,9		
14,9742	0,4354	981,3	979,7	981,7		
14,9825	0,4376	981,3	979,7	981,8		
14,9908	0,4367	981,3	979,8	981,9		
14,9992	0,4372	981,3	979,7	981,7		
15,0075	0,4433	981,2	979,5	981,5		
15,0158	0,4385	981,2	979,5	981,6		
15,0242	0,4411	981,2	979,5	981,6		
15,0325	0,4385	981,2	979,6	981,7		
15,0408	0,4419	981,1	979,5	981,6		
15,0492	0,4306	981,2	979,5	981,5		
15,0575	0,4402	981,2	979,6	981,6		
15,0658	0,4363	981,1	979,6	981,6		
15,0742	0,4389	981,1	979,5	981,5		
15,0825	0,4485	981,2	979,6	981,6		
15,0908	0,4398	981,1	979,4	981,4		
15,0992	0,4446	981,1	979,4	981,3		
15,1075	0,4398	981,1	979,4	981,4		
15,1158	0,4376	981,2	979,6	981,7		
15,1242	0,4332	981,1	979,5	981,5		
15,1325	0,4485	981,1	979,3	981,3		
15,1408	0,4358	981,1	979,3	981,3		
15,1492	0,4367	981,1	979,4	981,3		
15,1575	0,4389	981,4	979,7	981,9		
15,1658	0,4480	981,6	980,2	982,6		
15,1742	0,4515	981,5	980,0	982,1		
15,1825	0,4507	981,4	979,8	981,9		
15,1908	0,4411	981,5	979,8	982,0		
15,1992	0,4415	981,5	979,9	982,1		
15,2075	0,4406	981,3	979,8	981,9		
15,2158	0,4476	981,3	979,7	981,8		
15,2242	0,4454	981,3	979,7	981,8		
15,2325	0,4498	981,2	979,7	981,7		
15,2408	0,4437	981,2	979,6	981,7		
15,2492	0,4402	981,1	979,6	981,6		
15,2575	0,4411	981,1	979,5	981,6		
15,2658	0,4419	981,1	979,5	981,6		
15,2742	0,4402	981,0	979,4	981,5		
15,2825	0,4441	981,0	979,4	981,6		
15,2908	0,4480	981,1	979,4	981,5		
15,2992	0,4398	981,0	979,3	981,4		
15,3075	0,4446	981,0	979,4	981,5		
15,3158	0,4433	981,0	979,3	981,4		
15,3242	0,4433	981,0	979,4	981,5		
15,3325	0,4380	981,1	979,5	981,5		
15,3408	0,4459	981,1	979,4	981,4		
15,3492	0,4450	981,0	979,4	981,4		
15,3575	0,4494	981,1	979,4	981,4		
15,3658	0,4419	981,1	979,4	981,4		
15,3742	0,4441	981,1	979,4	981,6		
15,3825	0,4428	981,1	979,4	981,4		
15,3908	0,4411	981,1	979,4	981,5		
15,3992	0,4511	981,2	979,5	981,6		
15,4075	0,4463	981,2	979,5	981,5		
15,4158	0,4450	981,1	979,4	981,4		
15,4242	0,4376	981,1	979,4	981,4		
15,4325	0,4511	981,3	979,5	981,6		
15,4408	0,4463	981,3	979,6	981,7		
15,4492	0,4485	981,2	979,6	981,6		
15,4575	0,4398	981,3	979,6	981,6		
15,4658	0,4489	981,2	979,6	981,6		
15,4742	0,4467	981,2	979,5	981,5		
15,4825	0,4385	981,2	979,5	981,5		
15,4908	0,4494	981,2	979,5	981,6		
15,4992	0,4498	981,2	979,6	981,7		
15,5075	0,4524	981,3	979,7	981,7		
15,5158	0,4454	981,3	979,6	981,6		
15,5242	0,4524	981,3	979,7	981,9		
15,5325	0,4415	981,2	979,6	981,5		
15,5408	0,4463	981,2	979,5	981,5		
15,5492	0,4524	981,2	979,6	981,6		
15,5575	0,4550	981,2	979,6	981,6		
15,5658	0,4480	981,2	979,5	981,5		
15,5742	0,4463	981,2	979,5	981,5		
15,5825	0,4467	981,1	979,4	981,4		
15,5908	0,4472	981,2	979,5	981,6		
15,5992	0,4524	981,2	979,6	981,6		
15,6075	0,4555	981,2	979,5	981,5		
15,6158	0,4494	981,2	979,6	981,6		
15,6242	0,4489	981,2	979,5	981,6		
15,6325	0,4502	981,1	979,5	981,4		
15,6408	0,4555	981,1	979,4	981,3		
15,6492	0,4489	981,3	979,7	981,8		
15,6575	0,4607	981,3	979,7	981,8		
15,6658	0,4555	981,1	979,5	981,5		
15,6742	0,4437	981,1	979,4	981,5		
15,6825	0,4559	981,2	979,5	981,6		
15,6908	0,4568	981,2	979,5	981,7		
15,6992	0,4541	981,2	979,6	981,6		
15,7075	0,4463	981,1	979,5	981,4		
15,7158	0,4603	981,1	979,5	981,6		
15,7242	0,4524	981,2	979,6	981,7		
15,7325	0,4502	981,1	979,5	981,6		
15,7408	0,4454	981,2	979,6	981,6		
15,7492	0,4472	981,2	979,5	981,7		
15,7575	0,4541	981,1	979,4	981,5		
15,7658	0,4563	981,3	979,8	982,1		
15,7742	0,4533	981,4	980,0	982,3		
15,7825	0,4555	981,4	979,9	982,1		
15,7908	0,4502	981,3	979,8	982,0		
15,7992	0,4533	981,3	979,8	982,0		
15,8075	0,4502	981,3	979,8	982,0		
15,8158	0,4550	981,3	979,8	981,8		
15,8242	0,4607	981,3	979,7	981,8		
15,8325	0,4598	981,2	979,6	981,7		
15,8408	0,4581	981,2	979,6	981,6		
15,8492	0,4568	981,2	979,5	981,6		
15,8575	0,4603	981,1	979,4	981,4		
15,8658	0,4598	981,1	979,3	981,3		
15,8742	0,4589	981,0	979,4	981,4		
15,8825	0,4498	981,0	979,3	981,2		
15,8908	0,4633	980,9	979,2	981,3		
15,8992	0,4533	981,2	979,7	982,0		
15,9075	0,4572	981,3	979,8	982,1		
15,9158	0,4589	981,1	979,5	981,4		
15,9242	0,4637	981,0	979,4	981,4		
15,9325	0,4581	981,1	979,4	981,5		
15,9408	0,4642	981,1	979,4	981,4		
15,9492	0,4537	981,0	979,3	981,3		
15,9575	0,4576	981,0	979,3	981,4		
15,9658	0,4611	981,1	979,5	981,5		
15,9742	0,4555	981,1	979,5	981,4		
15,9825	0,4537	981,1	979,4	981,4		
15,9908	0,4664	981,0	979,3	981,3		
15,9992	0,4633	981,1	979,5	981,7		
16,0075	0,4668	981,3	979,8	981,9		
16,0158	0,4672	981,3	979,9	982,1		
16,0242	0,4616	981,3	979,7	981,9		
16,0325	0,4637	981,3	979,7	981,8		
16,0408	0,4650	981,4	979,9	982,2		
16,0492	0,4603	981,4	980,0	982,3		
16,0575	0,4646	981,3	979,9	982,1		
16,0658	0,4576	981,3	979,8	981,9		
16,0742	0,4659	981,4	979,8	982,0		
16,0825	0,4598	981,2	979,7	981,8		
16,0908	0,4555	981,3	979,7	981,8		
16,0992	0,4677	981,3	979,7	981,8		
16,1075	0,4729	981,2	979,6	981,7		
16,1158	0,4620	981,2	979,6	981,7		
16,1242	0,4629	981,2	979,6	981,7		
16,1325	0,4694	981,2	979,6	981,5		
16,1408	0,4589	981,1	979,5	981,6		
16,1492	0,4664	981,1	979,5	981,6		
16,1575	0,4707	981,2	979,6	981,7		
16,1658	0,4620	981,2	979,6	981,6		
16,1742	0,4677	981,2	979,6	981,6		
16,1825	0,4594	981,2	979,6	981,6		
16,1908	0,4672	981,2	979,6	981,6		
16,1992	0,4659	981,2	979,5	981,6		
16,2075	0,4633	981,2	979,5	981,6		
16,2158	0,4659	981,2	979,6	981,6		
16,2242	0,4633	981,2	979,5	981,6		
16,2325	0,4729	981,2	979,6	981,6		
16,2408	0,4642	981,3	979,6	981,7		
16,2492	0,4681	981,3	979,6	981,7		
16,2575	0,4524	981,2	979,6	981,6		
16,2658	0,4637	981,2	979,6	981,6		
16,2742	0,4720	981,2	979,5	981,6		
16,2825	0,4738	981,2	979,6	981,7		
16,2908	0,4716	981,2	979,5	981,6		
16,2992	0,4642	981,2	979,5	981,5		
16,3075	0,4694	981,3	979,6	981,6		
16,3158	0,4629	981,2	979,5	981,6		
16,3242	0,4698	981,3	979,5	981,6		
16,3325	0,4664	981,2	979,6	981,6		
16,3408	0,4725	981,3	979,6	981,6		
16,3492	0,4672	981,2	979,6	981,6		
16,3575	0,4677	981,2	979,6	981,6		
16,3658	0,4746	981,2	979,6	981,5		
16,3742	0,4646	981,2	979,6	981,6		
16,3825	0,4720	981,2	979,6	981,6		
16,3908	0,4711	981,2	979,6	981,6		
16,3992	0,4786	981,3	979,6	981,7		
16,4075	0,4764	981,3	979,7	981,8		
16,4158	0,4685	981,3	979,6	981,7		
16,4242	0,4729	981,2	979,6	981,7		
16,4325	0,4759	981,3	979,6	981,7		
16,4408	0,4694	981,2	979,7	981,7		
16,4492	0,4711	981,2	979,6	981,6		
16,4575	0,4786	981,1	979,5	981,6		
16,4658	0,4781	981,1	979,6	981,6		
16,4742	0,4690	981,2	979,6	981,6		
16,4825	0,4738	981,2	979,6	981,7		
16,4908	0,4755	981,1	979,6	981,6		
16,4992	0,4820	981,1	979,5	981,6		
16,5075	0,4716	981,1	979,6	981,6		
16,5158	0,4703	981,2	979,6	981,6		
16,5242	0,4642	981,2	979,6	981,6		
16,5325	0,4768	981,2	979,5	981,6		
16,5408	0,4772	981,1	979,5	981,6		
16,5492	0,4698	981,2	979,6	981,6		
16,5575	0,4825	981,2	979,6	981,6		
16,5658	0,4746	981,2	979,6	981,7		
16,5742	0,4698	981,2	979,6	981,7		
16,5825	0,4786	981,2	979,6	981,7		
16,5908	0,4716	981,2	979,6	981,7		
16,5992	0,4690	981,2	979,5	981,6		
16,6075	0,4707	981,2	979,5	981,6		
16,6158	0,4786	981,2	979,6	981,6		
16,6242	0,4720	981,3	979,6	981,7		
16,6325	0,4807	981,2	979,5	981,6		
16,6408	0,4751	981,1	979,5	981,6		
16,6492	0,4764	981,2	979,6	981,7		
16,6575	0,4777	981,2	979,6	981,7		
16,6658	0,4772	981,2	979,6	981,6		
16,6742	0,4755	981,2	979,6	981,7		
16,6825	0,4733	981,2	979,6	981,6		
16,6908	0,4886	981,1	979,6	981,6		
16,6992	0,4703	981,2	979,6	981,6		
16,7075	0,4772	981,2	979,6	981,7		
16,7158	0,4768	981,2	979,6	981,6		
16,7242	0,4790	981,2	979,6	981,7		
16,7325	0,4768	981,2	979,6	981,6		
16,7408	0,4829	981,2	979,6	981,7		
16,7492	0,4725	981,2	979,6	981,6		
16,7575	0,4842	981,1	979,5	981,6		
16,7658	0,4820	981,2	979,6	981,6		
16,7742	0,4772	981,2	979,6	981,7		
16,7825	0,4834	981,2	979,5	981,6		
16,7908	0,4759	981,2	979,6	981,6		
16,7992	0,4825	981,1	979,5	981,5		
16,8075	0,4768	981,1	979,5	981,6		
16,8158	0,4860	981,1	979,5	981,6		
16,8242	0,4794	981,2	979,5	981,6		
16,8325	0,4768	981,1	979,5	981,5		
16,8408	0,4838	981,1	979,5	981,5		
16,8492	0,4755	981,1	979,5	981,6		
16,8575	0,4777	981,2	979,6	981,6		
16,8658	0,4803	981,2	979,6	981,6		
16,8742	0,4764	981,1	979,6	981,6		
16,8825	0,4790	981,2	979,6	981,6		
16,8908	0,4829	981,1	979,5	981,5		
16,8992	0,4790	981,2	979,5	981,6		
16,9075	0,4772	981,2	979,6	981,6		
16,9158	0,4829	981,2	979,6	981,6		
16,9242	0,4820	981,2	979,5	981,5		
16,9325	0,4868	981,2	979,6	981,6		
16,9408	0,4777	981,2	979,5	981,6		
16,9492	0,4838	981,2	979,6	981,6		
16,9575	0,4794	981,2	979,6	981,6		
16,9658	0,4803	981,2	979,6	981,6		
16,9742	0,4768	981,2	979,6	981,7		
16,9825	0,4890	981,2	979,6	981,7		
16,9908	0,4812	981,2	979,6	981,7		
16,9992	0,4820	981,2	979,6	981,6		
17,0075	0,4829	981,2	979,6	981,6		
17,0158	0,4781	981,2	979,6	981,6		
17,0242	0,4812	981,2	979,6	981,6		
17,0325	0,4829	981,2	979,5	981,6		
17,0408	0,4855	981,2	979,5	981,6		
17,0492	0,4786	981,3	979,5	981,6		
17,0575	0,4799	981,2	979,5	981,6		
17,0658	0,4951	981,2	979,5	981,6		
17,0742	0,4751	981,2	979,6	981,7		
17,0825	0,4838	981,3	979,6	981,7		
17,0908	0,4777	981,2	979,5	981,6		
17,0992	0,4886	981,2	979,6	981,6		
17,1075	0,4934	981,2	979,6	981,6		
17,1158	0,4868	981,1	979,4	981,5		
17,1242	0,4842	981,2	979,6	981,6		
17,1325	0,4899	981,2	979,6	981,6		
17,1408	0,4842	981,3	979,6	981,7		
17,1492	0,4842	981,3	979,6	981,6		
17,1575	0,4873	981,3	979,6	981,6		
17,1658	0,4842	981,3	979,6	981,6		
17,1742	0,4895	981,2	979,5	981,6		
17,1825	0,4847	981,2	979,6	981,7		
17,1908	0,4938	981,3	979,6	981,6		
17,1992	0,4877	981,2	979,6	981,6		
17,2075	0,4947	981,2	979,5	981,6		
17,2158	0,4851	981,2	979,6	981,7		
17,2242	0,4925	981,2	979,6	981,6		
17,2325	0,4877	981,2	979,5	981,6		
17,2408	0,4956	981,2	979,5	981,6		
17,2492	0,4942	981,2	979,6	981,6		
17,2575	0,4794	981,2	979,6	981,7		
17,2658	0,4921	981,2	979,6	981,7		
17,2742	0,4881	981,2	979,6	981,6		
17,2825	0,4990	981,1	979,5	981,6		
17,2908	0,4925	981,2	979,6	981,6		
17,2992	0,4908	981,2	979,5	981,6		
17,3075	0,5008	981,1	979,5	981,6		
17,3158	0,4956	981,2	979,6	981,6		
17,3242	0,4947	981,2	979,6	981,6		
17,3325	0,4877	981,2	979,6	981,5		
17,3408	0,4929	981,1	979,6	981,6		
17,3492	0,4873	981,2	979,6	981,6		
17,3575	0,4851	981,2	979,5	981,6		
17,3658	0,4942	981,2	979,6	981,6		
17,3742	0,4881	981,2	979,6	981,6		
17,3825	0,5017	981,2	979,5	981,6		
17,3908	0,5008	981,3	979,6	981,7		
17,3992	0,4977	981,2	979,6	981,6		
17,4075	0,4925	981,2	979,6	981,7		
17,4158	0,4977	981,2	979,5	981,6		
17,4242	0,4986	981,2	979,6	981,6		
17,4325	0,4942	981,2	979,6	981,6		
17,4408	0,4912	981,2	979,6	981,6		
17,4492	0,4899	981,2	979,6	981,6		
17,4575	0,4947	981,3	979,6	981,7		
17,4658	0,4881	981,2	979,6	981,6		
17,4742	0,4929	981,1	979,5	981,5		
17,4825	0,4990	981,1	979,5	981,5		
17,4908	0,4934	981,1	979,5	981,6		
17,4992	0,5017	981,1	979,5	981,5		
17,5075	0,4947	981,2	979,5	981,6		
17,5158	0,5025	981,1	979,5	981,6		
17,5242	0,4912	981,1	979,4	981,6		
17,5325	0,4960	981,1	979,5	981,6		
17,5408	0,4899	981,2	979,5	981,6		
17,5492	0,4951	981,1	979,6	981,6		
17,5575	0,4890	981,1	979,5	981,5		
17,5658	0,5003	981,3	979,6	981,6		
17,5742	0,4973	981,4	979,7	981,7		
17,5825	0,5008	981,3	979,6	981,7		
17,5908	0,4999	981,3	979,6	981,7		
17,5992	0,5043	981,2	979,6	981,6		
17,6075	0,4986	981,3	979,6	981,7		
17,6158	0,4999	981,3	979,6	981,6		
17,6242	0,4982	981,3	979,6	981,6		
17,6325	0,4977	981,2	979,6	981,7		
17,6408	0,4986	981,2	979,6	981,6		
17,6492	0,5003	981,3	979,6	981,7		
17,6575	0,5043	981,2	979,6	981,6		
17,6658	0,5051	981,1	979,6	981,7		
17,6742	0,4934	981,1	979,5	981,6		
17,6825	0,4951	981,1	979,6	981,6		
17,6908	0,5012	981,2	979,5	981,6		
17,6992	0,4990	981,2	979,6	981,6		
17,7075	0,5003	981,2	979,5	981,6		
17,7158	0,4977	981,2	979,6	981,6		
17,7242	0,5008	981,2	979,6	981,6		
17,7325	0,5021	981,2	979,6	981,6		
17,7408	0,5021	981,2	979,6	981,7		
17,7492	0,5073	981,2	979,6	981,6		
17,7575	0,5069	981,2	979,5	981,6		
17,7658	0,5021	981,2	979,6	981,6		
17,7742	0,5043	981,2	979,6	981,6		
17,7825	0,4947	981,2	979,6	981,6		
17,7908	0,5099	981,2	979,6	981,6		
17,7992	0,5021	981,2	979,5	981,6		
17,8075	0,5099	981,2	979,6	981,6		
17,8158	0,5043	981,3	979,6	981,7		
17,8242	0,5051	981,2	979,6	981,6		
17,8325	0,5060	981,2	979,6	981,6		
17,8408	0,5069	981,2	979,6	981,6		
17,8492	0,5012	981,2	979,5	981,6		
17,8575	0,4942	981,2	979,5	981,6		
17,8658	0,5051	981,3	979,6	981,6		
17,8742	0,5060	981,2	979,5	981,6		
17,8825	0,5047	981,3	979,6	981,7		
17,8908	0,4990	981,2	979,5	981,6		
17,8992	0,4986	981,2	979,6	981,6		
17,9075	0,5099	981,2	979,5	981,6		
17,9158	0,5012	981,2	979,6	981,6		
17,9242	0,5017	981,2	979,6	981,6		
17,9325	0,5043	981,2	979,6	981,6		
17,9408	0,5073	981,2	979,5	981,6		
17,9492	0,5104	981,2	979,6	981,6		
17,9575	0,5017	981,2	979,6	981,6		
17,9658	0,5104	981,2	979,6	981,6		
17,9742	0,5091	981,2	979,6	981,6		
17,9825	0,5139	981,2	979,6	981,6		
17,9908	0,5065	981,2	979,6	981,7		
17,9992	0,5121	981,2	979,6	981,7		
18,0075	0,5099	981,2	979,6	981,7		
18,0158	0,5091	981,2	979,6	981,7		
18,0242	0,5056	981,2	979,6	981,6		
18,0325	0,5047	981,2	979,6	981,6		
18,0408	0,5082	981,2	979,6	981,6		
18,0492	0,5060	981,2	979,5	981,6		
18,0575	0,5091	981,2	979,6	981,7		
18,0658	0,5056	981,2	979,6	981,7		
18,0742	0,5099	981,2	979,5	981,6		
18,0825	0,5060	981,2	979,6	981,7		
18,0908	0,5073	981,2	979,6	981,6		
18,0992	0,5126	981,2	979,5	981,5		
18,1075	0,5187	981,2	979,6	981,6		
18,1158	0,5086	981,1	979,6	981,7		
18,1242	0,5017	981,2	979,6	981,6		
18,1325	0,5060	981,2	979,6	981,5		
18,1408	0,5169	981,2	979,6	981,6		
18,1492	0,5099	981,1	979,5	981,6		
18,1575	0,5121	981,1	979,5	981,6		
18,1658	0,5139	981,1	979,5	981,6		
18,1742	0,5156	981,1	979,6	981,5		
18,1825	0,5065	981,1	979,6	981,6		
18,1908	0,5073	981,2	979,5	981,6		
18,1992	0,5099	981,2	979,6	981,6		
18,2075	0,5147	981,2	979,5	981,6		
18,2158	0,5126	981,2	979,6	981,6		
18,2242	0,5160	981,2	979,6	981,6		
18,2325	0,5160	981,2	979,7	981,7		
18,2408	0,5104	981,2	979,6	981,6		
18,2492	0,5139	981,2	979,6	981,6		
18,2575	0,5143	981,2	979,6	981,6		
18,2658	0,5143	981,1	979,5	981,5		
18,2742	0,5134	981,1	979,5	981,6		
18,2825	0,5121	981,2	979,5	981,6		
18,2908	0,5126	981,1	979,5	981,5		
18,2992	0,5173	981,2	979,6	981,6		
18,3075	0,5173	981,2	979,6	981,6		
18,3158	0,5143	981,2	979,6	981,6		
18,3242	0,5169	981,1	979,5	981,6		
18,3325	0,5191	981,2	979,5	981,6		
18,3408	0,5126	981,2	979,5	981,7		
18,3492	0,5117	981,1	979,5	981,5		
18,3575	0,5195	981,1	979,5	981,6		
18,3658	0,5156	981,3	979,7	981,8		
18,3742	0,5112	981,2	979,7	981,7		
18,3825	0,5265	981,1	979,6	981,6		
18,3908	0,5217	981,2	979,6	981,7		
18,3992	0,5213	981,2	979,6	981,7		
18,4075	0,5217	981,2	979,6	981,6		
18,4158	0,5147	981,2	979,6	981,6		
18,4242	0,5230	981,2	979,6	981,7		
18,4325	0,5117	981,2	979,6	981,7		
18,4408	0,5274	981,2	979,6	981,7		
18,4492	0,5239	981,1	979,5	981,6		
18,4575	0,5269	981,2	979,5	981,5		
18,4658	0,5208	981,3	979,7	981,7		
18,4742	0,5239	981,2	979,6	981,7		
18,4825	0,5195	981,2	979,6	981,6		
18,4908	0,5217	981,2	979,5	981,6		
18,4992	0,5200	981,2	979,6	981,7		
18,5075	0,5252	981,3	979,6	981,6		
18,5158	0,5230	981,3	979,6	981,7		
18,5242	0,5230	981,3	979,6	981,7		
18,5325	0,5287	981,2	979,6	981,6		
18,5408	0,5208	981,2	979,6	981,6		
18,5492	0,5182	981,3	979,6	981,7		
18,5575	0,5217	981,4	979,6	981,7		
18,5658	0,5208	981,3	979,6	981,7		
18,5742	0,5217	981,3	979,6	981,6		
18,5825	0,5160	981,3	979,6	981,5		
18,5908	0,5226	981,2	979,6	981,6		
18,5992	0,5256	981,2	979,5	981,6		
18,6075	0,5173	981,2	979,6	981,6		
18,6158	0,5178	981,3	979,6	981,6		
18,6242	0,5269	981,2	979,6	981,5		
18,6325	0,5213	981,2	979,5	981,6		
18,6408	0,5204	981,2	979,6	981,6		
18,6492	0,5234	981,3	979,6	981,6		
18,6575	0,5204	981,2	979,6	981,6		
18,6658	0,5126	981,3	979,6	981,6		
18,6742	0,5278	981,2	979,5	981,6		
18,6825	0,5282	981,2	979,6	981,6		
18,6908	0,5169	981,3	979,6	981,6		
18,6992	0,5269	981,2	979,6	981,6		
18,7075	0,5234	981,3	979,6	981,5		
18,7158	0,5296	981,3	979,6	981,5		
18,7242	0,5160	981,3	979,6	981,5		
18,7325	0,5300	981,3	979,6	981,6		
18,7408	0,5300	981,3	979,6	981,6		
18,7492	0,5282	981,3	979,6	981,6		
18,7575	0,5252	981,2	979,6	981,6		
18,7658	0,5265	981,2	979,6	981,6		
18,7742	0,5309	981,2	979,6	981,6		
18,7825	0,5217	981,2	979,6	981,6		
18,7908	0,5274	981,3	979,6	981,6		
18,7992	0,5300	981,3	979,7	981,6		
18,8075	0,5330	981,3	979,6	981,6		
18,8158	0,5200	981,2	979,6	981,6		
18,8242	0,5313	981,2	979,6	981,6		
18,8325	0,5322	981,3	979,7	981,7		
18,8408	0,5304	981,3	979,6	981,7		
18,8492	0,5278	981,3	979,7	981,7		
18,8575	0,5361	981,2	979,6	981,7		
18,8658	0,5252	981,2	979,6	981,6		
18,8742	0,5274	981,2	979,6	981,6		
18,8825	0,5339	981,2	979,6	981,5		
18,8908	0,5278	981,1	979,5	981,5		
18,8992	0,5322	981,1	979,5	981,6		
18,9075	0,5357	981,2	979,6	981,6		
18,9158	0,5317	981,1	979,5	981,6		
18,9242	0,5313	981,2	979,6	981,6		
18,9325	0,5352	981,2	979,5	981,6		
18,9408	0,5404	981,2	979,6	981,6		
18,9492	0,5322	981,3	979,6	981,6		
18,9575	0,5313	981,3	979,6	981,6		
18,9658	0,5348	981,3	979,7	981,6		
18,9742	0,5291	981,3	979,6	981,6		
18,9825	0,5291	981,2	979,6	981,7		
18,9908	0,5287	981,2	979,6	981,7		
18,9992	0,5322	981,2	979,6	981,7		
19,0075	0,5326	981,3	979,6	981,7		
19,0158	0,5313	981,2	979,6	981,6		
19,0242	0,5291	981,2	979,6	981,6		
19,0325	0,5335	981,2	979,6	981,6		
19,0408	0,5357	981,2	979,6	981,6		
19,0492	0,5339	981,2	979,6	981,6		
19,0575	0,5313	981,1	979,5	981,6		
19,0658	0,5370	981,1	979,6	981,6		
19,0742	0,5365	981,2	979,6	981,6		
19,0825	0,5313	981,2	979,6	981,6		
19,0908	0,5374	981,2	979,6	981,6		
19,0992	0,5322	981,2	979,6	981,7		
19,1075	0,5378	981,2	979,6	981,7		
19,1158	0,5426	981,2	979,7	981,7		
19,1242	0,5374	981,2	979,6	981,7		
19,1325	0,5439	981,2	979,5	981,6		
19,1408	0,5348	981,2	979,6	981,6		
19,1492	0,5357	981,2	979,6	981,6		
19,1575	0,5387	981,2	979,6	981,7		
19,1658	0,5387	981,2	979,6	981,7		
19,1742	0,5426	981,2	979,5	981,6		
19,1825	0,5374	981,2	979,6	981,7		
19,1908	0,5422	981,2	979,6	981,7		
19,1992	0,5439	981,2	979,6	981,7		
19,2075	0,5431	981,2	979,6	981,6		
19,2158	0,5343	981,2	979,6	981,6		
19,2242	0,5378	981,3	979,6	981,6		
19,2325	0,5409	981,2	979,6	981,6		
19,2408	0,5391	981,2	979,6	981,6		
19,2492	0,5300	981,2	979,6	981,6		
19,2575	0,5361	981,3	979,7	981,7		
19,2658	0,5304	981,3	979,7	981,7		
19,2742	0,5348	981,2	979,6	981,7		
19,2825	0,5435	981,3	979,6	981,7		
19,2908	0,5470	981,2	979,6	981,7		
19,2992	0,5404	981,3	979,6	981,7		
19,3075	0,5378	981,4	979,7	981,7		
19,3158	0,5387	981,3	979,7	981,7		
19,3242	0,5409	981,3	979,6	981,7		
19,3325	0,5409	981,3	979,6	981,6		
19,3408	0,5431	981,3	979,6	981,6		
19,3492	0,5452	981,4	979,6	981,7		
19,3575	0,5365	981,3	979,7	981,8		
19,3658	0,5413	981,2	979,6	981,6		
19,3742	0,5391	981,3	979,6	981,6		
19,3825	0,5500	981,3	979,7	981,7		
19,3908	0,5322	981,3	979,7	981,7		
19,3992	0,5431	981,3	979,7	981,7		
19,4075	0,5370	981,3	979,7	981,7		
19,4158	0,5474	981,2	979,6	981,6		
19,4242	0,5396	981,3	979,6	981,6		
19,4325	0,5474	981,3	979,6	981,7		
19,4408	0,5413	981,3	979,7	981,6		
19,4492	0,5435	981,2	979,7	981,6		
19,4575	0,5448	981,3	979,6	981,7		
19,4658	0,5479	981,2	979,6	981,7		
19,4742	0,5500	981,3	979,6	981,7		
19,4825	0,5487	981,3	979,6	981,6		
19,4908	0,5457	981,3	979,6	981,7		
19,4992	0,5500	981,3	979,6	981,7		
19,5075	0,5483	981,3	979,7	981,6		
19,5158	0,5470	981,2	979,6	981,6		
19,5242	0,5487	981,3	979,6	981,7		
19,5325	0,5496	981,3	979,7	981,7		
19,5408	0,5479	981,3	979,7	981,7		
19,5492	0,5396	981,2	979,6	981,6		
19,5575	0,5465	981,3	979,7	981,7		
19,5658	0,5509	981,3	979,7	981,8		
19,5742	0,5509	981,3	979,7	981,7		
19,5825	0,5500	981,3	979,6	981,6		
19,5908	0,5391	981,2	979,6	981,6		
19,5992	0,5465	981,2	979,6	981,7		
19,6075	0,5426	981,3	979,6	981,7		
19,6158	0,5479	981,3	979,6	981,7		
19,6242	0,5531	981,3	979,6	981,7		
19,6325	0,5531	981,2	979,6	981,6		
19,6408	0,5540	981,2	979,6	981,7		
19,6492	0,5439	981,3	979,7	981,8		
19,6575	0,5461	981,3	979,7	981,6		
19,6658	0,5535	981,3	979,6	981,6		
19,6742	0,5548	981,2	979,6	981,7		
19,6825	0,5526	981,2	979,7	981,7		
19,6908	0,5526	981,3	979,6	981,7		
19,6992	0,5557	981,3	979,7	981,7		
19,7075	0,5496	981,3	979,7	981,7		
19,7158	0,5588	981,3	979,6	981,7		
19,7242	0,5540	981,2	979,6	981,6		
19,7325	0,5518	981,2	979,6	981,7		
19,7408	0,5487	981,3	979,7	981,7		
19,7492	0,5570	981,3	979,7	981,7		
19,7575	0,5526	981,3	979,7	981,7		
19,7658	0,5566	981,3	979,7	981,7		
19,7742	0,5548	981,2	979,6	981,6		
19,7825	0,5479	981,3	979,7	981,6		
19,7908	0,5526	981,2	979,6	981,7		
19,7992	0,5526	981,2	979,6	981,7		
19,8075	0,5574	981,3	979,6	981,7		
19,8158	0,5505	981,3	979,6	981,6		
19,8242	0,5657	981,3	979,7	981,7		
19,8325	0,5566	981,3	979,7	981,7		
19,8408	0,5566	981,3	979,7	981,7		
19,8492	0,5531	981,3	979,7	981,7		
19,8575	0,5570	981,2	979,6	981,6		
19,8658	0,5570	981,3	979,6	981,7		
19,8742	0,5622	981,2	979,6	981,6		
19,8825	0,5557	981,3	979,6	981,7		
19,8908	0,5553	981,3	979,7	981,7		
19,8992	0,5509	981,2	979,5	981,6		
19,9075	0,5644	981,2	979,6	981,6		
19,9158	0,5509	981,3	979,6	981,7		
19,9242	0,5605	981,2	979,6	981,7		
19,9325	0,5566	981,2	979,6	981,6		
19,9408	0,5622	981,2	979,7	981,6		
19,9492	0,5649	981,2	979,6	981,6		
19,9575	0,5557	981,2	979,6	981,6		
19,9658	0,5679	981,3	979,6	981,7		
19,9742	0,5635	981,2	979,6	981,7		
19,9825	0,5557	981,2	979,6	981,6		
19,9908	0,5618	981,2	979,6	981,7		
19,9992	0,5609	981,3	979,7	981,7		
20,0075	0,5557	981,4	979,7	981,7		
20,0158	0,5579	981,3	979,6	981,6		
20,0242	0,5553	981,2	979,6	981,7		
20,0325	0,5627	981,3	979,7	981,8		
20,0408	0,5574	981,4	979,6	981,7		
20,0492	0,5579	981,3	979,6	981,7		
20,0575	0,5635	981,3	979,7	981,7		
20,0658	0,5622	981,3	979,7	981,7		
20,0742	0,5627	981,3	979,6	981,7		
20,0825	0,5601	981,3	979,7	981,7		
20,0908	0,5544	981,3	979,7	981,7		
20,0992	0,5635	981,4	979,7	981,7		
20,1075	0,5614	981,3	979,7	981,7		
20,1158	0,5657	981,3	979,6	981,7		
20,1242	0,5566	981,3	979,6	981,7		
20,1325	0,5696	981,3	979,7	981,7		
20,1408	0,5570	981,4	979,7	981,7		
20,1492	0,5640	981,3	979,7	981,6		
20,1575	0,5640	981,3	979,6	981,7		
20,1658	0,5696	981,3	979,7	981,7		
20,1742	0,5601	981,3	979,7	981,7		
20,1825	0,5727	981,2	979,7	981,7		
20,1908	0,5662	981,3	979,7	981,7		
20,1992	0,5622	981,3	979,7	981,7		
20,2075	0,5635	981,3	979,6	981,7		
20,2158	0,5675	981,3	979,7	981,7		
20,2242	0,5609	981,3	979,7	981,7		
20,2325	0,5692	981,3	979,6	981,7		
20,2408	0,5570	981,2	979,7	981,6		
20,2492	0,5592	981,2	979,7	981,7		
20,2575	0,5583	981,2	979,6	981,7		
20,2658	0,5736	981,3	979,6	981,6		
20,2742	0,5740	981,3	979,7	981,7		
20,2825	0,5618	981,3	979,7	981,6		
20,2908	0,5662	981,3	979,7	981,7		
20,2992	0,5731	981,3	979,7	981,6		
20,3075	0,5640	981,2	979,6	981,6		
20,3158	0,5653	981,3	979,6	981,7		
20,3242	0,5710	981,3	979,7	981,7		
20,3325	0,5662	981,2	979,6	981,7		
20,3408	0,5579	981,2	979,7	981,7		
20,3492	0,5771	981,3	979,6	981,7		
20,3575	0,5670	981,3	979,7	981,7		
20,3658	0,5696	981,2	979,5	981,2		
20,3742	0,5744	981,0	979,1	980,8		
20,3825	0,5784	981,1	979,2	981,0		
20,3908	0,5740	981,0	979,2	981,2		
20,3992	0,5670	980,9	979,1	981,0		
20,4075	0,5727	980,9	979,1	980,9		
20,4158	0,5740	980,9	979,1	981,0		
20,4242	0,5696	980,9	979,1	981,0		
20,4325	0,5753	980,8	979,1	980,9		
20,4408	0,5692	980,8	979,1	980,9		
20,4492	0,5705	980,9	979,1	980,9		
20,4575	0,5710	981,0	979,1	980,9		
20,4658	0,5727	981,0	979,1	980,9		
20,4742	0,5740	980,9	979,0	980,9		
20,4825	0,5736	980,9	979,0	980,9		
20,4908	0,5701	980,9	979,1	981,0		
20,4992	0,5679	980,9	979,1	980,9		
20,5075	0,5688	980,9	979,0	980,8		
20,5158	0,5801	980,9	979,0	980,9		
20,5242	0,5753	981,0	979,1	980,9		
20,5325	0,5705	981,2	979,2	980,9		
20,5408	0,5701	981,1	979,2	980,9		
20,5492	0,5692	981,0	979,1	981,0		
20,5575	0,5740	981,0	979,1	981,0		
20,5658	0,5823	981,0	979,1	980,9		
20,5742	0,5657	981,0	979,1	980,9		
20,5825	0,5723	980,9	979,0	980,9		
20,5908	0,5749	980,9	979,0	980,9		
20,5992	0,5749	981,0	979,1	980,9		
20,6075	0,5749	980,9	979,0	980,9		
20,6158	0,5705	980,9	979,0	980,9		
20,6242	0,5762	980,9	979,0	980,8		
20,6325	0,5771	980,9	979,1	981,0		
20,6408	0,5771	980,9	979,1	980,9		
20,6492	0,5736	981,0	979,1	981,0		
20,6575	0,5718	981,0	979,1	980,9		
20,6658	0,5766	981,0	979,1	980,9		
20,6742	0,5718	981,0	979,1	981,0		
20,6825	0,5749	981,0	979,1	980,9		
20,6908	0,5823	980,9	979,0	980,8		
20,6992	0,5696	980,9	979,0	980,9		
20,7075	0,5862	980,9	979,1	980,9		
20,7158	0,5762	980,9	979,0	980,9		
20,7242	0,5801	980,9	979,1	980,9		
20,7325	0,5810	981,0	979,0	980,9		
20,7408	0,5731	980,9	979,0	980,9		
20,7492	0,5823	980,9	979,0	980,8		
20,7575	0,5836	980,9	979,0	980,8		
20,7658	0,5805	980,9	979,0	980,8		
20,7742	0,5744	981,0	979,1	980,9		
20,7825	0,5819	981,0	979,0	980,9		
20,7908	0,5714	980,9	979,0	980,9		
20,7992	0,5827	981,0	979,0	980,9		
20,8075	0,5766	981,0	979,1	980,9		
20,8158	0,5849	980,9	979,0	980,9		
20,8242	0,5727	981,0	979,1	980,9		
20,8325	0,5749	980,9	979,0	980,8		
20,8408	0,5784	980,9	979,0	980,8		
20,8492	0,5849	980,9	979,1	980,8		
20,8575	0,5736	981,0	979,1	980,9		
20,8658	0,5731	981,0	979,1	980,9		
20,8742	0,5819	980,9	979,1	980,8		
20,8825	0,5866	980,9	979,0	980,8		
20,8908	0,5849	981,0	979,0	980,8		
20,8992	0,5827	981,0	979,1	980,9		
20,9075	0,5814	980,9	979,0	980,8		
20,9158	0,5775	980,9	979,1	980,8		
20,9242	0,5836	980,9	979,0	980,8		
20,9325	0,5936	980,9	979,0	980,9		
20,9408	0,5827	980,8	979,0	980,9		
20,9492	0,5836	980,9	979,0	980,8		
20,9575	0,5858	981,0	979,1	980,9		
20,9658	0,5814	981,0	979,0	980,9		
20,9742	0,5949	980,9	979,0	980,8		
20,9825	0,5819	980,9	979,1	980,9		
20,9908	0,5788	981,0	979,0	980,9		
20,9992	0,5810	981,0	979,0	980,9		
21,0075	0,5788	981,0	979,1	980,9		
21,0158	0,5862	980,9	979,1	980,9		
21,0242	0,5762	980,8	979,0	980,8		
21,0325	0,5801	981,0	979,0	980,9		
21,0408	0,5853	981,0	979,1	980,9		
21,0492	0,5784	981,0	979,1	980,9		
21,0575	0,5914	980,9	979,1	980,9		
21,0658	0,5797	981,0	979,0	980,9		
21,0742	0,5927	980,9	979,0	980,9		
21,0825	0,5906	980,9	979,0	980,8		
21,0908	0,5849	980,9	979,1	980,9		
21,0992	0,5936	981,0	979,1	980,9		
21,1075	0,5923	981,0	979,1	980,9		
21,1158	0,5906	980,9	979,0	980,9		
21,1242	0,5805	980,9	979,0	980,8		
21,1325	0,6002	981,0	979,0	980,9		
21,1408	0,5858	981,0	979,1	980,9		
21,1492	0,5901	980,9	979,0	980,8		
21,1575	0,5775	980,9	979,0	980,9		
21,1658	0,5962	980,9	979,0	980,8		
21,1742	0,5853	980,9	979,0	980,8		
21,1825	0,5880	980,9	979,0	980,9		
21,1908	0,5893	980,9	979,0	980,9		
21,1992	0,5888	980,9	979,0	980,9		
21,2075	0,5923	980,9	979,0	980,9		
21,2158	0,5958	980,9	979,0	980,9		
21,2242	0,5893	981,0	979,1	981,0		
21,2325	0,5971	980,9	979,0	980,9		
21,2408	0,5914	980,9	979,0	980,9		
21,2492	0,5954	981,1	979,1	980,9		
21,2575	0,5941	981,0	979,1	981,0		
21,2658	0,6006	981,0	979,1	980,9		
21,2742	0,5945	980,9	979,1	980,9		
21,2825	0,5880	981,0	979,1	980,9		
21,2908	0,5997	981,0	979,1	981,0		
21,2992	0,5958	981,0	979,1	980,9		
21,3075	0,5906	981,0	979,1	981,0		
21,3158	0,5932	981,2	979,2	981,0		
21,3242	0,5988	981,3	979,3	981,1		
21,3325	0,5906	981,2	979,3	981,1		
21,3408	0,5906	981,2	979,2	981,0		
21,3492	0,5936	981,2	979,2	981,0		
21,3575	0,5984	981,1	979,2	981,0		
21,3658	0,5993	981,0	979,1	980,9		
21,3742	0,5927	981,0	979,1	980,9		
21,3825	0,5984	981,0	979,1	981,0		
21,3908	0,5958	980,9	979,1	980,9		
21,3992	0,5923	980,9	979,0	980,9		
21,4075	0,5954	980,9	979,0	980,9		
21,4158	0,5945	981,0	979,1	980,9		
21,4242	0,5858	981,0	979,1	980,9		
21,4325	0,5910	981,0	979,1	980,9		
21,4408	0,5871	981,0	979,0	980,9		
21,4492	0,5967	981,0	979,1	980,9		
21,4575	0,6045	981,0	979,1	980,9		
21,4658	0,5936	981,0	979,0	980,9		
21,4742	0,6032	981,0	979,1	980,9		
21,4825	0,5906	981,0	979,1	980,9		
21,4908	0,5949	981,0	979,1	980,9		
21,4992	0,5971	981,1	979,1	981,0		
21,5075	0,6041	981,0	979,0	980,9		
21,5158	0,5954	981,0	979,1	980,9		
21,5242	0,5901	981,0	979,1	980,9		
21,5325	0,5945	981,0	979,1	980,9		
21,5408	0,5936	981,1	979,1	980,9		
21,5492	0,5884	981,0	979,1	980,8		
21,5575	0,6084	981,0	979,0	980,8		
21,5658	0,5971	981,1	979,1	980,9		
21,5742	0,5984	981,0	979,1	980,9		
21,5825	0,5958	981,0	979,0	980,8		
21,5908	0,5941	981,0	979,1	980,9		
21,5992	0,6023	981,0	979,1	980,9		
21,6075	0,6058	981,0	979,0	980,9		
21,6158	0,5975	981,0	979,1	980,9		
21,6242	0,6050	981,0	979,1	980,9		
21,6325	0,6006	980,9	979,0	980,9		
21,6408	0,6054	981,1	979,1	980,9		
21,6492	0,6006	981,1	979,1	980,9		
21,6575	0,6015	981,0	979,1	980,9		
21,6658	0,6067	981,0	979,1	980,8		
21,6742	0,6050	981,0	979,0	980,8		
21,6825	0,6054	981,0	979,0	980,8		
21,6908	0,6019	981,0	979,1	980,9		
21,6992	0,6102	981,0	979,1	980,9		
21,7075	0,6041	981,0	979,1	980,9		
21,7158	0,6023	981,1	979,1	980,9		
21,7242	0,6115	981,1	979,2	981,0		
21,7325	0,6045	981,0	979,2	981,0		
21,7408	0,6050	980,9	979,1	980,9		
21,7492	0,6058	981,0	979,1	980,9		
21,7575	0,6080	981,0	979,1	980,9		
21,7658	0,6111	980,9	979,1	980,9		
21,7742	0,6145	981,0	979,0	980,9		
21,7825	0,6093	981,0	979,1	981,0		
21,7908	0,6058	981,0	979,0	980,9		
21,7992	0,6106	980,9	979,0	980,9		
21,8075	0,6128	981,0	979,1	980,9		
21,8158	0,6054	981,0	979,1	981,0		
21,8242	0,6054	981,0	979,1	981,0		
21,8325	0,6106	980,9	979,1	980,9		
21,8408	0,6041	981,0	979,0	981,0		
21,8492	0,6080	980,9	979,0	980,9		
21,8575	0,6097	980,9	979,0	980,9		
21,8658	0,6172	980,9	979,1	981,0		
21,8742	0,6089	981,1	979,2	981,0		
21,8825	0,6102	981,0	979,1	980,9		
21,8908	0,6158	981,0	979,1	980,9		
21,8992	0,6080	981,0	979,1	980,9		
21,9075	0,6128	981,0	979,1	980,9		
21,9158	0,6141	981,0	979,0	980,9		
21,9242	0,6106	981,0	979,1	980,9		
21,9325	0,6154	981,0	979,0	980,9		
21,9408	0,6172	981,0	979,1	980,9		
21,9492	0,6080	980,9	979,0	980,8		
21,9575	0,6063	980,9	979,1	980,9		
21,9658	0,6167	980,9	979,1	981,0		
21,9742	0,6102	980,9	979,1	980,9		
21,9825	0,6141	981,1	979,1	980,9		
21,9908	0,6154	981,1	979,1	981,0		
21,9992	0,6128	981,1	979,1	981,0		
22,0075	0,6137	981,1	979,2	981,0		
22,0158	0,6224	981,0	979,1	980,9		
22,0242	0,6128	981,0	979,0	980,9		
22,0325	0,6080	981,0	979,1	981,0		
22,0408	0,6167	981,0	979,1	980,9		
22,0492	0,6163	981,0	979,1	980,9		
22,0575	0,6124	981,0	979,1	980,9		
22,0658	0,6137	981,0	979,0	980,9		
22,0742	0,6189	981,1	979,1	981,0		
22,0825	0,6172	981,0	979,1	981,0		
22,0908	0,6141	981,0	979,1	980,9		
22,0992	0,6189	981,0	979,1	980,9		
22,1075	0,6150	981,0	979,1	980,9		
22,1158	0,6097	981,0	979,1	980,9		
22,1242	0,6215	981,0	979,1	980,9		
22,1325	0,6215	980,9	979,1	980,9		
22,1408	0,6106	981,0	979,0	980,9		
22,1492	0,6106	981,0	979,1	980,9		
22,1575	0,6163	981,0	979,1	980,9		
22,1658	0,6185	981,1	979,1	980,9		
22,1742	0,6158	981,1	979,1	981,0		
22,1825	0,6154	981,0	979,0	980,9		
22,1908	0,6167	981,0	979,0	980,9		
22,1992	0,6167	981,1	979,1	980,9		
22,2075	0,6250	981,1	979,1	980,9		
22,2158	0,6150	981,1	979,1	980,9		
22,2242	0,6163	981,1	979,0	980,8		
22,2325	0,6172	981,1	979,1	981,0		
22,2408	0,6119	981,1	979,1	980,9		
22,2492	0,6189	981,0	979,0	980,8		
22,2575	0,6224	981,0	979,1	980,9		
22,2658	0,6137	981,1	979,1	981,0		
22,2742	0,6163	981,1	979,1	980,9		
22,2825	0,6132	981,0	979,0	980,8		
22,2908	0,6202	981,0	979,1	980,9		
22,2992	0,6206	981,1	979,1	981,0		
22,3075	0,6211	981,1	979,1	981,0		
22,3158	0,6167	981,1	979,1	981,0		
22,3242	0,6193	981,1	979,1	980,9		
22,3325	0,6185	981,1	979,1	981,0		
22,3408	0,6346	981,1	979,1	980,9		
22,3492	0,6172	981,1	979,1	980,8		
22,3575	0,6228	981,0	979,1	980,9		
22,3658	0,6215	981,0	979,1	980,9		
22,3742	0,6254	981,0	979,0	980,8		
22,3825	0,6289	981,0	979,1	980,9		
22,3908	0,6219	981,0	979,1	980,9		
22,3992	0,6219	981,1	979,1	980,9		
22,4075	0,6320	981,0	979,1	980,9		
22,4158	0,6267	981,0	979,2	980,9		
22,4242	0,6250	981,1	979,1	980,9		
22,4325	0,6189	981,0	979,1	980,9		
22,4408	0,6307	981,0	979,1	980,9		
22,4492	0,6272	980,9	979,0	980,8		
22,4575	0,6289	981,0	979,0	980,9		
22,4658	0,6342	981,0	979,1	980,9		
22,4742	0,6328	981,0	979,0	980,9		
22,4825	0,6267	981,0	979,0	980,8		
22,4908	0,6267	981,0	979,0	980,8		
22,4992	0,6320	981,0	979,0	980,9		
22,5075	0,6263	980,9	979,0	980,9		
22,5158	0,6298	981,0	979,0	980,8		
22,5242	0,6241	980,9	979,0	980,9		
22,5325	0,6224	981,0	979,1	980,9		
22,5408	0,6228	981,0	979,1	980,9		
22,5492	0,6263	981,0	979,1	980,9		
22,5575	0,6355	980,9	979,0	980,8		
22,5658	0,6298	980,9	979,0	980,9		
22,5742	0,6267	981,0	979,1	980,9		
22,5825	0,6346	981,0	979,1	980,9		
22,5908	0,6307	981,0	979,0	980,9		
22,5992	0,6324	981,0	979,0	980,8		
22,6075	0,6224	981,0	979,1	981,0		
22,6158	0,6320	980,9	979,0	980,9		
22,6242	0,6324	981,0	979,0	980,8		
22,6325	0,6337	981,0	979,1	980,9		
22,6408	0,6294	981,0	979,1	980,9		
22,6492	0,6320	981,0	979,1	980,9		
22,6575	0,6333	981,0	979,0	980,9		
22,6658	0,6372	981,0	979,1	981,0		
22,6742	0,6346	981,0	979,1	980,9		
22,6825	0,6372	981,0	979,0	980,9		
22,6908	0,6294	981,0	979,1	981,0		
22,6992	0,6328	981,1	979,1	980,9		
22,7075	0,6355	981,0	979,1	980,9		
22,7158	0,6363	981,1	979,1	980,9		
22,7242	0,6298	981,0	979,1	981,0		
22,7325	0,6398	981,0	979,1	981,0		
22,7408	0,6429	981,1	979,1	981,0		
22,7492	0,6355	981,0	979,1	980,9		
22,7575	0,6394	981,0	979,1	980,9		
22,7658	0,6328	981,0	979,0	980,9		
22,7742	0,6328	981,0	979,0	980,9		
22,7825	0,6372	981,0	979,0	980,9		
22,7908	0,6385	981,1	979,1	980,9		
22,7992	0,6411	981,0	979,0	980,8		
22,8075	0,6372	981,0	979,0	980,9		
22,8158	0,6328	981,0	979,0	980,8		
22,8242	0,6342	981,1	979,1	981,0		
22,8325	0,6385	981,0	979,1	981,0		
22,8408	0,6337	981,1	979,1	980,9		
22,8492	0,6350	980,9	979,1	980,9		
22,8575	0,6394	981,1	979,1	980,9		
22,8658	0,6320	981,0	979,1	980,9		
22,8742	0,6298	981,0	979,1	980,9		
22,8825	0,6385	981,0	979,1	980,9		
22,8908	0,6337	981,0	979,1	980,9		
22,8992	0,6328	981,1	979,1	980,9		
22,9075	0,6376	981,0	979,1	980,9		
22,9158	0,6416	981,1	979,1	980,9		
22,9242	0,6359	981,0	979,1	980,9		
22,9325	0,6407	981,0	979,1	980,8		
22,9408	0,6363	981,1	979,1	980,9		
22,9492	0,6398	981,1	979,2	980,9		
22,9575	0,6398	981,1	979,1	980,9		
22,9658	0,6455	981,1	979,1	980,9		
22,9742	0,6411	981,1	979,1	980,9		
22,9825	0,6424	981,0	979,1	980,9		
22,9908	0,6389	981,1	979,1	980,9		
22,9992	0,6446	981,1	979,1	980,9		
23,0075	0,6468	981,0	979,1	980,9		
23,0158	0,6459	981,0	979,1	980,8		
23,0242	0,6450	981,0	979,0	980,8		
23,0325	0,6455	981,0	979,1	980,9		
23,0408	0,6494	981,1	979,1	980,9		
23,0492	0,6416	981,0	979,1	980,9		
23,0575	0,6455	981,1	979,1	980,9		
23,0658	0,6411	981,1	979,1	980,9		
23,0742	0,6403	981,0	979,1	980,9		
23,0825	0,6494	981,0	979,0	980,9		
23,0908	0,6468	981,0	979,0	980,8		
23,0992	0,6485	981,1	979,0	980,9		
23,1075	0,6464	981,0	979,1	980,8		
23,1158	0,6363	981,1	979,1	980,9		
23,1242	0,6446	981,0	979,0	980,9		
23,1325	0,6450	981,0	979,1	980,9		
23,1408	0,6416	981,0	979,0	980,8		
23,1492	0,6437	981,0	979,1	980,9		
23,1575	0,6520	981,1	979,1	980,9		
23,1658	0,6551	981,0	979,1	980,9		
23,1742	0,6516	981,0	979,1	980,8		
23,1825	0,6498	981,1	979,1	980,9		
23,1908	0,6381	981,0	979,1	980,9		
23,1992	0,6416	981,1	979,1	981,0		
23,2075	0,6559	981,1	979,1	981,0		
23,2158	0,6559	981,0	979,1	980,9		
23,2242	0,6590	981,0	979,0	980,9		
23,2325	0,6555	981,0	979,1	980,9		
23,2408	0,6437	981,0	979,1	980,9		
23,2492	0,6538	981,0	979,0	980,9		
23,2575	0,6516	981,0	979,1	980,9		
23,2658	0,6546	981,1	979,1	981,0		
23,2742	0,6533	981,1	979,1	981,0		
23,2825	0,6607	981,0	979,1	980,9		
23,2908	0,6512	981,0	979,0	980,9		
23,2992	0,6503	981,0	979,1	980,9		
23,3075	0,6577	981,1	979,1	980,9		
23,3158	0,6599	981,0	979,0	980,8		
23,3242	0,6551	981,0	979,1	980,9		
23,3325	0,6516	981,0	979,1	980,9		
23,3408	0,6459	981,0	979,1	980,9		
23,3492	0,6555	981,0	979,1	980,9		
23,3575	0,6546	981,0	979,0	980,9		
23,3658	0,6559	981,0	979,1	981,0		
23,3742	0,6564	981,0	979,1	981,0		
23,3825	0,6559	981,0	979,1	981,0		
23,3908	0,6533	981,0	979,1	980,9		
23,3992	0,6577	981,1	979,1	981,0		
23,4075	0,6555	981,1	979,2	981,0		
23,4158	0,6542	981,1	979,2	981,0		
23,4242	0,6516	981,0	979,1	980,9		
23,4325	0,6590	981,0	979,1	980,9		
23,4408	0,6538	981,1	979,1	981,0		
23,4492	0,6538	981,0	979,1	980,9		
23,4575	0,6594	981,0	979,1	980,9		
23,4658	0,6538	981,1	979,1	980,9		
23,4742	0,6542	981,0	979,1	980,9		
23,4825	0,6568	981,1	979,1	980,9		
23,4908	0,6542	981,1	979,1	980,9		
23,4992	0,6564	981,1	979,1	980,9		
23,5075	0,6564	981,0	979,1	980,9		
23,5158	0,6581	981,1	979,1	981,0		
23,5242	0,6568	981,1	979,1	980,8		
23,5325	0,6416	981,0	979,0	980,8		
23,5408	0,6612	980,9	979,0	980,9		
23,5492	0,6581	981,1	979,1	980,9		
23,5575	0,6533	981,0	979,1	980,9		
23,5658	0,6607	981,0	979,1	980,8		
23,5742	0,6573	981,0	979,0	980,8		
23,5825	0,6681	981,1	979,0	980,9		
23,5908	0,6555	981,1	979,1	980,9		
23,5992	0,6616	981,1	979,1	980,9		
23,6075	0,6551	981,1	979,1	980,9		
23,6158	0,6586	981,1	979,1	980,9		
23,6242	0,6586	981,1	979,1	980,9		
23,6325	0,6564	981,1	979,1	980,8		
23,6408	0,6603	981,0	979,1	980,9		
23,6492	0,6634	981,1	979,1	980,9		
23,6575	0,6603	981,1	979,2	980,9		
23,6658	0,6577	981,0	979,1	980,9		
23,6742	0,6603	981,0	979,1	980,8		
23,6825	0,6555	981,0	979,1	980,8		
23,6908	0,6564	981,0	979,1	980,9		
23,6992	0,6603	981,0	979,1	980,8		
23,7075	0,6616	981,0	979,1	980,8		
23,7158	0,6573	981,0	979,1	980,9		
23,7242	0,6721	981,1	979,2	980,9		
23,7325	0,6625	981,1	979,2	980,9		
23,7408	0,6677	981,0	979,1	980,9		
23,7492	0,6594	981,1	979,2	980,9		
23,7575	0,6673	981,0	979,1	980,9		
23,7658	0,6638	981,0	979,2	980,9		
23,7742	0,6773	981,0	979,1	980,9		
23,7825	0,6638	981,0	979,1	980,9		
23,7908	0,6642	981,0	979,2	981,0		
23,7992	0,6668	981,0	979,1	980,9		
23,8075	0,6677	981,0	979,2	981,0		
23,8158	0,6725	981,1	979,2	981,0		
23,8242	0,6673	981,0	979,1	980,9		
23,8325	0,6664	981,0	979,1	980,9		
23,8408	0,6686	981,0	979,2	980,9		
23,8492	0,6734	981,0	979,2	980,9		
23,8575	0,6747	981,0	979,1	980,9		
23,8658	0,6738	981,0	979,1	980,9		
23,8742	0,6764	981,1	979,1	981,0		
23,8825	0,6668	981,1	979,1	981,0		
23,8908	0,6764	981,1	979,2	980,9		
23,8992	0,6668	981,0	979,1	980,9		
23,9075	0,6738	981,0	979,1	980,9		
23,9158	0,6673	981,1	979,2	981,0		
23,9242	0,6721	981,0	979,1	980,9		
23,9325	0,6716	981,0	979,2	981,0		
23,9408	0,6734	981,0	979,1	980,9		
23,9492	0,6777	981,0	979,1	980,9		
23,9575	0,6712	981,0	979,1	980,9		
23,9658	0,6782	981,0	979,1	980,9		
23,9742	0,6716	981,1	979,1	980,9		
23,9825	0,6712	981,1	979,2	980,9		
23,9908	0,6699	981,0	979,2	980,9		
23,9992	0,6786	981,0	979,2	981,0		
24,0075	0,6647	981,1	979,2	980,9		
24,0158	0,6734	981,0	979,1	980,9		
24,0242	0,6777	981,0	979,2	980,9		
24,0325	0,6764	981,1	979,2	981,0		
24,0408	0,6777	981,0	979,2	981,0		
24,0492	0,6734	981,0	979,1	981,0		
24,0575	0,6760	981,0	979,2	980,9		
24,0658	0,6795	981,0	979,1	980,9		
24,0742	0,6773	981,1	979,2	980,9		
24,0825	0,6777	981,1	979,1	980,9		
24,0908	0,6777	981,0	979,1	980,9		
24,0992	0,6777	981,0	979,1	980,9		
24,1075	0,6821	981,0	979,1	980,9		
24,1158	0,6799	981,0	979,1	980,9		
24,1242	0,6795	981,1	979,2	980,9		
24,1325	0,6817	981,0	979,1	980,9		
24,1408	0,6795	981,0	979,2	981,0		
24,1492	0,6751	981,1	979,1	980,9		
24,1575	0,6751	981,1	979,2	980,9		
24,1658	0,6843	981,1	979,2	981,0		
24,1742	0,6721	981,1	979,2	981,0		
24,1825	0,6764	981,1	979,1	981,0		
24,1908	0,6799	981,1	979,2	981,0		
24,1992	0,6760	981,2	979,3	981,0		
24,2075	0,6834	981,1	979,2	980,9		
24,2158	0,6808	981,1	979,2	980,9		
24,2242	0,6786	981,2	979,3	981,0		
24,2325	0,6856	981,2	979,2	981,0		
24,2408	0,6738	981,2	979,2	980,9		
24,2492	0,6721	981,1	979,2	980,9		
24,2575	0,6830	981,1	979,1	980,9		
24,2658	0,6851	981,1	979,2	980,9		
24,2742	0,6795	981,2	979,2	980,9		
24,2825	0,6860	981,2	979,2	981,0		
24,2908	0,6834	981,2	979,2	981,0		
24,2992	0,6804	981,2	979,2	980,9		
24,3075	0,6751	981,1	979,2	980,9		
24,3158	0,6891	981,1	979,2	980,9		
24,3242	0,6773	981,2	979,2	980,9		
24,3325	0,6825	981,2	979,2	980,9		
24,3408	0,6856	981,1	979,2	980,9		
24,3492	0,6821	981,0	979,1	980,9		
24,3575	0,6843	981,0	979,1	980,9		
24,3658	0,6804	981,0	979,1	980,9		
24,3742	0,6895	981,0	979,1	980,9		
24,3825	0,6886	980,9	979,1	980,9		
24,3908	0,6952	980,9	979,1	980,9		
24,3992	0,6886	981,0	979,1	980,9		
24,4075	0,6939	981,1	979,2	980,9		
24,4158	0,6895	981,1	979,2	981,0		
24,4242	0,6873	981,0	979,1	980,9		
24,4325	0,6834	980,9	979,0	980,8		
24,4408	0,6865	981,0	979,2	980,9		
24,4492	0,6851	981,0	979,2	980,9		
24,4575	0,6926	981,0	979,1	980,9		
24,4658	0,6934	981,0	979,1	980,8		
24,4742	0,6865	981,0	979,1	980,9		
24,4825	0,6943	981,0	979,1	981,0		
24,4908	0,6882	981,0	979,1	980,9		
24,4992	0,6904	981,0	979,2	981,0		
24,5075	0,6838	981,0	979,2	980,9		
24,5158	0,6821	981,1	979,2	980,9		
24,5242	0,6939	981,0	979,2	981,0		
24,5325	0,6878	981,0	979,2	980,9		
24,5408	0,6843	981,0	979,1	980,9		
24,5492	0,7048	981,0	979,2	980,9		
24,5575	0,6930	980,9	979,1	980,9		
24,5658	0,6934	981,0	979,1	980,9		
24,5742	0,6934	981,0	979,1	980,9		
24,5825	0,6960	981,1	979,2	980,9		
24,5908	0,6991	981,0	979,2	980,9		
24,5992	0,6926	981,0	979,1	980,9		
24,6075	0,6891	981,1	979,2	980,9		
24,6158	0,6882	981,0	979,2	980,9		
24,6242	0,6934	981,0	979,2	981,0		
24,6325	0,6978	981,1	979,2	980,9		
24,6408	0,6991	981,0	979,2	980,9		
24,6492	0,6991	981,1	979,1	980,9		
24,6575	0,6952	981,0	979,1	980,9		
24,6658	0,6926	981,1	979,2	980,9		
24,6742	0,6991	981,0	979,2	980,9		
24,6825	0,6974	981,0	979,2	981,0		
24,6908	0,7000	981,1	979,2	981,0		
24,6992	0,6978	981,1	979,2	981,0		
24,7075	0,6960	981,1	979,3	981,0		
24,7158	0,6965	981,1	979,2	981,0		
24,7242	0,6960	981,0	979,2	980,9		
24,7325	0,6969	981,0	979,2	981,0		
24,7408	0,6865	981,0	979,2	980,9		
24,7492	0,6982	981,0	979,2	980,9		
24,7575	0,7052	981,0	979,2	981,0		
24,7658	0,6995	981,1	979,2	980,9		
24,7742	0,7061	981,0	979,2	980,9		
24,7825	0,7026	981,1	979,2	981,0		
24,7908	0,6978	981,0	979,2	980,9		
24,7992	0,7056	981,0	979,2	980,9		
24,8075	0,7048	980,9	979,1	980,9		
24,8158	0,7074	981,0	979,1	980,9		
24,8242	0,7026	981,0	979,1	980,9		
24,8325	0,6943	981,0	979,1	980,9		
24,8408	0,7017	981,0	979,2	980,9		
24,8492	0,7039	981,0	979,1	980,9		
24,8575	0,6995	981,0	979,1	980,9		
24,8658	0,7056	981,1	979,2	980,9		
24,8742	0,6969	981,1	979,2	981,0		
24,8825	0,7021	981,1	979,1	980,9		
24,8908	0,6978	981,1	979,1	980,9		
24,8992	0,7004	981,0	979,2	980,9		
24,9075	0,6982	981,0	979,1	980,9		
24,9158	0,6974	981,1	979,2	980,9		
24,9242	0,7013	981,1	979,1	980,9		
24,9325	0,7082	981,1	979,2	980,9		
24,9408	0,7035	981,1	979,2	981,1		
24,9492	0,7043	981,1	979,2	980,9		
24,9575	0,6978	981,1	979,2	980,9		
24,9658	0,7039	981,1	979,2	980,9		
24,9742	0,7069	981,1	979,2	980,9		
24,9825	0,7052	981,1	979,2	981,0		
24,9908	0,7139	981,2	979,2	980,9		
24,9992	0,7100	981,2	979,2	981,0		
25,0075	0,7078	981,1	979,3	981,0		
25,0158	0,7078	981,1	979,2	980,9		
25,0242	0,7130	981,1	979,2	980,9		
25,0325	0,7078	981,1	979,2	980,9		
25,0408	0,7113	981,1	979,2	980,9		
25,0492	0,7087	981,1	979,2	980,9		
25,0575	0,7087	981,1	979,2	980,9		
25,0658	0,7035	981,2	979,2	981,0		
25,0742	0,7126	981,1	979,3	981,0		
25,0825	0,7104	981,0	979,2	980,9		
25,0908	0,7069	981,1	979,2	980,9		
25,0992	0,7074	981,1	979,2	980,9		
25,1075	0,7082	981,1	979,2	980,9		
25,1158	0,7148	981,1	979,2	981,0		
25,1242	0,7191	981,0	979,2	981,0		
25,1325	0,7078	981,1	979,3	980,9		
25,1408	0,7126	981,1	979,2	981,0		
25,1492	0,7109	981,1	979,2	980,9		
25,1575	0,7056	981,1	979,3	981,0		
25,1658	0,7082	981,1	979,2	981,0		
25,1742	0,7148	981,1	979,2	981,0		
25,1825	0,7148	981,1	979,2	981,0		
25,1908	0,7096	981,1	979,3	980,9		
25,1992	0,7104	981,1	979,3	981,0		
25,2075	0,7126	981,1	979,3	981,0		
25,2158	0,7148	981,1	979,2	981,0		
25,2242	0,7100	981,1	979,2	980,9		
25,2325	0,7082	981,1	979,3	981,0		
25,2408	0,7191	981,1	979,2	980,9		
25,2492	0,7126	981,1	979,3	980,9		
25,2575	0,7187	981,0	979,2	980,9		
25,2658	0,7196	981,0	979,2	980,9		
25,2742	0,7183	981,1	979,2	980,9		
25,2825	0,7161	981,1	979,2	980,9		
25,2908	0,7204	981,0	979,2	980,9		
25,2992	0,7152	981,1	979,2	981,0		
25,3075	0,7196	981,0	979,3	981,0		
25,3158	0,7196	981,1	979,2	980,9		
25,3242	0,7109	981,1	979,2	980,9		
25,3325	0,7235	981,0	979,2	980,9		
25,3408	0,7161	981,0	979,2	980,9		
25,3492	0,7157	981,1	979,2	980,9		
25,3575	0,7244	981,1	979,2	980,9		
25,3658	0,7226	981,0	979,2	980,9		
25,3742	0,7196	981,0	979,2	980,9		
25,3825	0,7191	981,0	979,2	980,9		
25,3908	0,7130	981,0	979,2	980,9		
25,3992	0,7196	981,0	979,2	980,9		
25,4075	0,7148	981,0	979,2	981,0		
25,4158	0,7231	981,0	979,2	980,9		
25,4242	0,7261	981,1	979,2	981,0		
25,4325	0,7252	981,1	979,3	980,9		
25,4408	0,7300	981,0	979,1	980,9		
25,4492	0,7170	981,0	979,2	980,9		
25,4575	0,7239	981,0	979,2	980,9		
25,4658	0,7287	981,0	979,1	980,8		
25,4742	0,7231	981,0	979,2	981,0		
25,4825	0,7200	981,1	979,2	980,9		
25,4908	0,7270	981,1	979,2	980,9		
25,4992	0,7231	981,1	979,2	981,0		
25,5075	0,7191	981,0	979,2	981,0		
25,5158	0,7226	981,0	979,2	980,9		
25,5242	0,7274	981,1	979,2	981,0		
25,5325	0,7305	981,1	979,2	980,9		
25,5408	0,7196	981,1	979,2	980,9		
25,5492	0,7266	981,0	979,2	981,0		
25,5575	0,7261	981,1	979,2	980,9		
25,5658	0,7261	981,2	979,2	980,9		
25,5742	0,7222	981,1	979,2	980,9		
25,5825	0,7231	981,2	979,2	980,9		
25,5908	0,7239	981,1	979,2	981,0		
25,5992	0,7266	981,1	979,3	981,0		
25,6075	0,7252	981,1	979,2	980,9		
25,6158	0,7257	981,1	979,2	980,9		
25,6242	0,7200	981,1	979,2	980,9		
25,6325	0,7287	981,1	979,2	980,9		
25,6408	0,7313	981,1	979,2	981,0		
25,6492	0,7279	981,1	979,2	980,9		
25,6575	0,7283	981,1	979,2	980,9		
25,6658	0,7261	981,1	979,3	981,0		
25,6742	0,7313	981,2	979,3	981,0		
25,6825	0,7279	981,1	979,2	980,9		
25,6908	0,7248	981,1	979,2	981,0		
25,6992	0,7296	981,1	979,3	980,9		
25,7075	0,7287	981,1	979,3	981,0		
25,7158	0,7287	981,1	979,3	981,0		
25,7242	0,7396	981,0	979,2	981,0		
25,7325	0,7261	981,2	979,3	981,0		
25,7408	0,7383	981,1	979,2	980,9		
25,7492	0,7370	981,1	979,2	980,9		
25,7575	0,7313	981,1	979,2	981,0		
25,7658	0,7388	981,1	979,2	980,9		
25,7742	0,7353	981,1	979,2	980,9		
25,7825	0,7374	981,0	979,2	980,9		
25,7908	0,7331	981,1	979,2	980,9		
25,7992	0,7305	981,2	979,2	981,0		
25,8075	0,7348	981,2	979,3	981,0		
25,8158	0,7296	981,2	979,3	980,9		
25,8242	0,7344	981,1	979,3	980,9		
25,8325	0,7357	981,2	979,3	981,0		
25,8408	0,7305	981,2	979,3	980,9		
25,8492	0,7414	981,1	979,2	980,9		
25,8575	0,7392	981,1	979,3	981,0		
25,8658	0,7388	981,1	979,3	981,0		
25,8742	0,7344	981,2	979,3	980,9		
25,8825	0,7488	981,1	979,2	981,0		
25,8908	0,7431	981,0	979,2	980,9		
25,8992	0,7344	981,0	979,1	980,9		
25,9075	0,7409	981,1	979,3	980,9		
25,9158	0,7296	981,1	979,2	980,9		
25,9242	0,7383	981,1	979,2	980,9		
25,9325	0,7396	981,1	979,3	981,0		
25,9408	0,7435	981,1	979,2	981,0		
25,9492	0,7483	981,0	979,2	980,9		
25,9575	0,7357	981,0	979,2	981,0		
25,9658	0,7401	981,1	979,2	980,9		
25,9742	0,7405	981,1	979,2	980,9		
25,9825	0,7388	981,1	979,3	981,0		
25,9908	0,7435	981,0	979,2	980,9		
25,9992	0,7466	981,0	979,2	980,9		
26,0075	0,7470	981,1	979,3	981,0		
26,0158	0,7449	981,0	979,2	981,0		
26,0242	0,7475	981,1	979,3	981,0		
26,0325	0,7392	981,1	979,3	981,0		
26,0408	0,7379	981,1	979,3	981,0		
26,0492	0,7453	981,1	979,2	981,0		
26,0575	0,7422	981,0	979,2	981,0		
26,0658	0,7444	981,2	979,3	981,0		
26,0742	0,7440	981,0	979,3	981,0		
26,0825	0,7475	981,1	979,2	981,0		
26,0908	0,7457	981,2	979,3	981,0		
26,0992	0,7475	981,0	979,2	981,0		
26,1075	0,7422	981,1	979,2	981,0		
26,1158	0,7444	981,1	979,3	981,0		
26,1242	0,7453	981,1	979,2	981,0		
26,1325	0,7462	981,1	979,3	981,0		
26,1408	0,7422	981,1	979,2	980,9		
26,1492	0,7431	981,1	979,2	980,9		
26,1575	0,7449	981,1	979,3	980,9		
26,1658	0,7523	981,1	979,2	981,0		
26,1742	0,7510	981,1	979,2	981,0		
26,1825	0,7475	981,2	979,2	980,9		
26,1908	0,7444	981,2	979,3	981,0		
26,1992	0,7523	981,1	979,2	981,0		
26,2075	0,7536	981,1	979,2	981,0		
26,2158	0,7488	981,2	979,3	980,9		
26,2242	0,7540	981,1	979,2	980,9		
26,2325	0,7497	981,2	979,2	980,9		
26,2408	0,7488	981,2	979,2	981,0		
26,2492	0,7518	981,1	979,2	981,0		
26,2575	0,7523	981,1	979,3	980,9		
26,2658	0,7488	981,1	979,2	980,9		
26,2742	0,7453	981,1	979,2	980,9		
26,2825	0,7444	981,2	979,3	980,9		
26,2908	0,7518	981,1	979,3	980,9		
26,2992	0,7518	981,1	979,2	981,0		
26,3075	0,7457	981,1	979,2	980,9		
26,3158	0,7475	981,1	979,3	981,0		
26,3242	0,7597	981,1	979,3	981,0		
26,3325	0,7523	981,1	979,2	981,0		
26,3408	0,7518	981,1	979,3	980,9		
26,3492	0,7501	981,2	979,3	981,0		
26,3575	0,7562	981,1	979,3	981,0		
26,3658	0,7514	981,1	979,2	981,0		
26,3742	0,7510	981,2	979,3	981,0		
26,3825	0,7536	981,1	979,3	981,0		
26,3908	0,7571	981,1	979,2	981,0		
26,3992	0,7544	981,2	979,3	981,0		
26,4075	0,7579	981,1	979,3	981,0		
26,4158	0,7536	981,1	979,3	981,0		
26,4242	0,7558	981,1	979,3	981,0		
26,4325	0,7592	981,2	979,3	981,0		
26,4408	0,7601	981,1	979,3	981,1		
26,4492	0,7510	981,1	979,3	981,0		
26,4575	0,7627	981,2	979,3	981,0		
26,4658	0,7575	981,1	979,3	981,0		
26,4742	0,7553	981,1	979,3	981,0		
26,4825	0,7571	981,1	979,2	980,9		
26,4908	0,7505	981,1	979,3	981,0		
26,4992	0,7597	981,1	979,2	981,0		
26,5075	0,7671	981,2	979,2	981,0		
26,5158	0,7658	981,2	979,3	980,9		
26,5242	0,7623	981,1	979,2	980,9		
26,5325	0,7549	981,2	979,3	981,0		
26,5408	0,7558	981,1	979,3	981,0		
26,5492	0,7588	981,1	979,2	980,9		
26,5575	0,7636	981,2	979,2	980,9		
26,5658	0,7645	981,1	979,2	980,9		
26,5742	0,7623	981,1	979,2	980,9		
26,5825	0,7566	981,1	979,2	981,0		
26,5908	0,7605	981,2	979,3	981,0		
26,5992	0,7636	981,2	979,2	980,9		
26,6075	0,7588	981,2	979,2	980,9		
26,6158	0,7662	981,1	979,2	980,9		
26,6242	0,7553	981,2	979,3	981,0		
26,6325	0,7719	981,2	979,3	980,9		
26,6408	0,7614	981,2	979,2	980,9		
26,6492	0,7627	981,2	979,2	980,9		
26,6575	0,7688	981,1	979,3	980,9		
26,6658	0,7666	981,1	979,2	980,9		
26,6742	0,7701	981,1	979,3	981,0		
26,6825	0,7640	981,2	979,3	981,0		
26,6908	0,7688	981,2	979,3	981,0		
26,6992	0,7706	981,2	979,3	981,0		
26,7075	0,7693	981,3	979,3	981,0		
26,7158	0,7684	981,2	979,3	981,0		
26,7242	0,7688	981,1	979,2	980,9		
26,7325	0,7701	981,1	979,3	981,0		
26,7408	0,7714	981,1	979,2	980,9		
26,7492	0,7823	981,1	979,2	980,9		
26,7575	0,7784	981,2	979,3	981,0		
26,7658	0,7736	981,2	979,3	981,0		
26,7742	0,7710	981,1	979,3	981,0		
26,7825	0,7706	981,1	979,3	980,9		
26,7908	0,7771	981,0	979,2	980,9		
26,7992	0,7758	981,1	979,2	981,0		
26,8075	0,7684	981,1	979,2	981,0		
26,8158	0,7680	981,2	979,3	980,9		
26,8242	0,7675	981,1	979,2	980,9		
26,8325	0,7701	981,1	979,3	981,0		
26,8408	0,7732	981,2	979,3	981,0		
26,8492	0,7780	981,1	979,3	980,9		
26,8575	0,7771	981,1	979,2	980,9		
26,8658	0,7614	981,1	979,3	981,0		
26,8742	0,7719	981,1	979,2	981,0		
26,8825	0,7728	981,2	979,3	981,0		
26,8908	0,7845	981,2	979,3	981,0		
26,8992	0,7736	981,2	979,2	980,9		
26,9075	0,7732	981,2	979,3	981,1		
26,9158	0,7671	981,2	979,3	981,0		
26,9242	0,7784	981,1	979,2	981,0		
26,9325	0,7680	981,2	979,3	981,0		
26,9408	0,7767	981,2	979,3	981,0		
26,9492	0,7802	981,2	979,3	981,0		
26,9575	0,7745	981,3	979,3	981,1		
26,9658	0,7728	981,2	979,3	981,0		
26,9742	0,7732	981,1	979,3	981,0		
26,9825	0,7841	981,2	979,3	981,0		
26,9908	0,7789	981,1	979,3	980,9		
26,9992	0,7775	981,2	979,3	981,0		
27,0075	0,7793	981,2	979,3	981,0		
27,0158	0,7767	981,2	979,3	981,0		
27,0242	0,7771	981,3	979,4	981,1		
27,0325	0,7815	981,3	979,4	981,0		
27,0408	0,7797	981,2	979,3	980,9		
27,0492	0,7762	981,2	979,3	981,0		
27,0575	0,7819	981,2	979,3	981,0		
27,0658	0,7850	981,2	979,3	981,0		
27,0742	0,7797	981,2	979,3	981,0		
27,0825	0,7876	981,1	979,3	981,1		
27,0908	0,7897	981,2	979,3	981,0		
27,0992	0,7836	981,1	979,3	980,9		
27,1075	0,7841	981,1	979,2	981,0		
27,1158	0,7793	981,2	979,4	981,0		
27,1242	0,7850	981,1	979,3	981,0		
27,1325	0,7884	981,1	979,3	980,9		
27,1408	0,7762	981,2	979,4	981,1		
27,1492	0,7793	981,2	979,3	981,0		
27,1575	0,7880	981,1	979,3	980,9		
27,1658	0,7911	981,1	979,3	981,1		
27,1742	0,7850	981,1	979,3	981,1		
27,1825	0,7954	981,1	979,2	981,0		
27,1908	0,7897	981,2	979,3	981,0		
27,1992	0,7880	981,1	979,3	981,1		
27,2075	0,7915	981,2	979,3	981,0		
27,2158	0,7863	981,1	979,3	980,9		
27,2242	0,7858	981,2	979,2	981,0		
27,2325	0,7884	981,1	979,3	981,0		
27,2408	0,7889	981,1	979,3	981,0		
27,2492	0,7893	981,2	979,3	981,1		
27,2575	0,7902	981,2	979,3	981,0		
27,2658	0,7819	981,2	979,3	981,0		
27,2742	0,7906	981,1	979,2	981,0		
27,2825	0,7893	981,2	979,3	981,0		
27,2908	0,7897	981,2	979,3	981,0		
27,2992	0,7959	981,0	979,2	980,9		
27,3075	0,7897	981,0	979,1	980,9		
27,3158	0,7854	981,1	979,2	981,0		
27,3242	0,7889	981,1	979,2	980,9		
27,3325	0,7880	981,0	979,2	980,8		
27,3408	0,7972	981,1	979,2	981,0		
27,3492	0,7963	981,1	979,2	980,9		
27,3575	0,7911	981,1	979,2	981,0		
27,3658	0,7871	981,1	979,3	981,0		
27,3742	0,7850	981,0	979,2	980,9		
27,3825	0,7950	981,0	979,2	980,9		
27,3908	0,7932	981,1	979,2	980,9		
27,3992	0,7937	981,2	979,3	981,0		
27,4075	0,7950	981,2	979,3	981,0		
27,4158	0,8028	981,2	979,3	981,0		
27,4242	0,7980	981,1	979,2	981,0		
27,4325	0,8020	981,1	979,3	981,0		
27,4408	0,7911	981,2	979,3	981,0		
27,4492	0,7950	981,2	979,3	981,0		
27,4575	0,7945	981,1	979,3	981,0		
27,4658	0,7972	981,2	979,3	981,1		
27,4742	0,8002	981,2	979,3	981,0		
27,4825	0,8002	981,1	979,2	980,9		
27,4908	0,7972	981,1	979,3	980,9		
27,4992	0,7959	981,2	979,3	981,0		
27,5075	0,8002	981,1	979,3	981,0		
27,5158	0,7950	981,1	979,2	981,0		
27,5242	0,8037	981,0	979,2	981,0		
27,5325	0,7972	981,2	979,3	981,1		
27,5408	0,8002	981,1	979,3	980,9		
27,5492	0,8072	981,1	979,2	980,9		
27,5575	0,7954	981,2	979,3	981,0		
27,5658	0,7937	981,2	979,3	981,0		
27,5742	0,8015	981,1	979,2	980,9		
27,5825	0,8041	981,1	979,2	980,9		
27,5908	0,7998	981,2	979,3	981,0		
27,5992	0,7959	981,2	979,3	981,0		
27,6075	0,8067	981,1	979,3	981,1		
27,6158	0,7985	981,2	979,3	981,0		
27,6242	0,8041	981,2	979,3	981,1		
27,6325	0,8037	981,2	979,3	981,0		
27,6408	0,7972	981,1	979,3	981,0		
27,6492	0,7998	981,2	979,3	981,0		
27,6575	0,8002	981,2	979,3	981,0		
27,6658	0,8024	981,2	979,3	981,1		
27,6742	0,7998	981,3	979,3	981,0		
27,6825	0,8006	981,3	979,3	981,0		
27,6908	0,8015	981,3	979,4	981,1		
27,6992	0,8020	981,2	979,4	981,1		
27,7075	0,7950	981,3	979,3	981,0		
27,7158	0,8037	981,2	979,3	981,0		
27,7242	0,8089	981,2	979,3	981,0		
27,7325	0,8063	981,2	979,3	981,0		
27,7408	0,8054	981,2	979,3	981,0		
27,7492	0,8059	981,2	979,3	981,0		
27,7575	0,8094	981,2	979,3	980,9		
27,7658	0,8037	981,2	979,3	981,0		
27,7742	0,8102	981,1	979,3	980,9		
27,7825	0,8063	981,2	979,3	980,9		
27,7908	0,8102	981,2	979,3	980,9		
27,7992	0,8128	981,1	979,3	980,9		
27,8075	0,8133	981,2	979,3	980,9		
27,8158	0,8089	981,2	979,3	981,0		
27,8242	0,8089	981,2	979,2	980,9		
27,8325	0,8142	981,1	979,3	980,9		
27,8408	0,8142	981,1	979,3	980,9		
27,8492	0,8076	981,2	979,3	981,0		
27,8575	0,8072	981,2	979,3	981,0		
27,8658	0,8124	981,2	979,3	981,0		
27,8742	0,8089	981,3	979,3	980,9		
27,8825	0,8111	981,1	979,3	980,9		
27,8908	0,8102	981,2	979,3	980,9		
27,8992	0,8094	981,2	979,3	981,0		
27,9075	0,8181	981,2	979,3	981,0		
27,9158	0,8120	981,2	979,2	981,0		
27,9242	0,8168	981,2	979,3	980,9		
27,9325	0,8098	981,2	979,3	981,0		
27,9408	0,8233	981,2	979,3	980,9		
27,9492	0,8168	981,1	979,3	981,0		
27,9575	0,8211	981,2	979,3	981,0		
27,9658	0,8229	981,2	979,3	981,1		
27,9742	0,8163	981,2	979,3	981,1		
27,9825	0,8146	981,3	979,4	981,0		
27,9908	0,8155	981,2	979,3	981,1		
27,9992	0,8137	981,2	979,3	981,0		
28,0075	0,8142	981,2	979,3	981,1		
28,0158	0,8163	981,2	979,3	981,0		
28,0242	0,8150	981,2	979,3	981,0		
28,0325	0,8229	981,2	979,4	981,0		
28,0408	0,8216	981,2	979,3	981,0		
28,0492	0,8159	981,1	979,3	981,0		
28,0575	0,8264	981,2	979,3	981,1		
28,0658	0,8181	981,2	979,3	981,1		
28,0742	0,8220	981,3	979,4	981,0		
28,0825	0,8333	981,2	979,3	981,0		
28,0908	0,8285	981,2	979,3	981,0		
28,0992	0,8216	981,1	979,3	981,0		
28,1075	0,8203	981,2	979,3	981,0		
28,1158	0,8294	981,2	979,3	981,0		
28,1242	0,8203	981,1	979,3	981,0		
28,1325	0,8237	981,2	979,4	981,1		
28,1408	0,8207	981,2	979,3	981,0		
28,1492	0,8277	981,2	979,3	981,0		
28,1575	0,8316	981,2	979,3	981,0		
28,1658	0,8194	981,2	979,4	981,0		
28,1742	0,8224	981,2	979,3	981,0		
28,1825	0,8272	981,2	979,3	981,0		
28,1908	0,8237	981,2	979,3	981,0		
28,1992	0,8224	981,2	979,3	981,0		
28,2075	0,8272	981,2	979,3	981,0		
28,2158	0,8298	981,2	979,3	981,0		
28,2242	0,8185	981,2	979,3	981,0		
28,2325	0,8264	981,2	979,3	981,0		
28,2408	0,8325	981,2	979,3	981,0		
28,2492	0,8203	981,2	979,3	981,0		
28,2575	0,8242	981,2	979,3	981,0		
28,2658	0,8272	981,2	979,3	981,1		
28,2742	0,8237	981,2	979,3	981,0		
28,2825	0,8224	981,3	979,2	981,0		
28,2908	0,8329	981,2	979,3	981,0		
28,2992	0,8303	981,1	979,2	980,9		
28,3075	0,8298	981,1	979,3	980,9		
28,3158	0,8194	981,2	979,3	980,9		
28,3242	0,8237	981,2	979,3	981,0		
28,3325	0,8377	981,2	979,3	981,0		
28,3408	0,8338	981,2	979,3	981,0		
28,3492	0,8298	981,2	979,3	981,0		
28,3575	0,8364	981,2	979,4	981,0		
28,3658	0,8298	981,2	979,3	981,0		
28,3742	0,8312	981,3	979,3	981,1		
28,3825	0,8290	981,3	979,4	981,0		
28,3908	0,8338	981,2	979,4	981,0		
28,3992	0,8325	981,2	979,3	981,0		
28,4075	0,8242	981,3	979,4	981,0		
28,4158	0,8359	981,3	979,4	981,1		
28,4242	0,8425	981,2	979,3	981,0		
28,4325	0,8364	981,2	979,3	981,0		
28,4408	0,8394	981,1	979,3	980,9		
28,4492	0,8338	981,1	979,3	980,9		
28,4575	0,8407	981,1	979,3	981,0		
28,4658	0,8303	981,2	979,3	981,0		
28,4742	0,8338	981,2	979,3	981,0		
28,4825	0,8412	981,2	979,3	981,0		
28,4908	0,8373	981,2	979,3	981,0		
28,4992	0,8355	981,1	979,3	981,0		
28,5075	0,8399	981,2	979,3	981,0		
28,5158	0,8381	981,1	979,3	981,0		
28,5242	0,8359	981,1	979,3	981,0		
28,5325	0,8399	981,2	979,3	980,9		
28,5408	0,8355	981,1	979,3	980,9		
28,5492	0,8412	981,1	979,3	980,9		
28,5575	0,8386	981,2	979,3	981,1		
28,5658	0,8447	981,2	979,3	981,0		
28,5742	0,8442	981,2	979,3	981,0		
28,5825	0,8495	981,1	979,3	981,0		
28,5908	0,8477	981,1	979,3	981,0		
28,5992	0,8381	981,2	979,3	981,0		
28,6075	0,8447	981,2	979,3	981,0		
28,6158	0,8438	981,2	979,3	981,0		
28,6242	0,8412	981,2	979,3	981,0		
28,6325	0,8377	981,2	979,3	981,0		
28,6408	0,8464	981,2	979,2	980,9		
28,6492	0,8455	981,2	979,3	981,0		
28,6575	0,8355	981,2	979,3	981,0		
28,6658	0,8521	981,1	979,3	981,0		
28,6742	0,8477	981,2	979,3	981,0		
28,6825	0,8429	981,2	979,3	981,0		
28,6908	0,8407	981,1	979,3	981,0		
28,6992	0,8516	981,2	979,2	981,0		
28,7075	0,8521	981,2	979,3	981,0		
28,7158	0,8447	981,1	979,3	981,0		
28,7242	0,8512	981,2	979,3	981,0		
28,7325	0,8473	981,1	979,3	981,0		
28,7408	0,8560	981,2	979,3	981,1		
28,7492	0,8442	981,2	979,3	981,0		
28,7575	0,8486	981,2	979,3	981,0		
28,7658	0,8460	981,2	979,3	981,1		
28,7742	0,8512	981,1	979,3	981,0		
28,7825	0,8503	981,2	979,3	981,0		
28,7908	0,8482	981,1	979,3	981,0		
28,7992	0,8551	981,2	979,2	981,0		
28,8075	0,8521	981,2	979,3	981,0		
28,8158	0,8573	981,2	979,3	981,0		
28,8242	0,8551	981,2	979,3	981,0		
28,8325	0,8503	981,1	979,3	980,9		
28,8408	0,8429	981,1	979,3	980,9		
28,8492	0,8451	981,1	979,3	981,0		
28,8575	0,8569	981,2	979,3	981,0		
28,8658	0,8495	981,1	979,3	981,0		
28,8742	0,8490	981,2	979,3	980,9		
28,8825	0,8604	981,2	979,3	981,0		
28,8908	0,8490	981,2	979,3	980,9		
28,8992	0,8569	981,2	979,3	981,0		
28,9075	0,8534	981,2	979,3	981,0		
28,9158	0,8512	981,2	979,3	981,0		
28,9242	0,8438	981,3	979,3	981,1		
28,9325	0,8490	981,3	979,4	981,0		
28,9408	0,8482	981,3	979,4	981,1		
28,9492	0,8499	981,2	979,4	981,1		
28,9575	0,8547	981,3	979,4	981,1		
28,9658	0,8503	981,3	979,4	981,1		
28,9742	0,8556	981,3	979,4	981,0		
28,9825	0,8590	981,3	979,4	981,0		
28,9908	0,8556	981,3	979,4	981,1		
28,9992	0,8673	981,3	979,4	981,1		
29,0075	0,8547	981,3	979,4	981,0		
29,0158	0,8577	981,2	979,3	981,0		
29,0242	0,8573	981,2	979,3	980,9		
29,0325	0,8743	981,2	979,3	981,0		
29,0408	0,8525	981,2	979,4	981,0		
29,0492	0,8604	981,2	979,4	981,0		
29,0575	0,8673	981,1	979,3	980,9		
29,0658	0,8556	981,2	979,3	981,0		
29,0742	0,8625	981,2	979,3	981,0		
29,0825	0,8608	981,1	979,2	980,9		
29,0908	0,8556	981,1	979,2	980,9		
29,0992	0,8691	981,2	979,3	981,0		
29,1075	0,8582	981,2	979,2	980,9		
29,1158	0,8556	981,1	979,3	981,0		
29,1242	0,8569	981,2	979,3	981,0		
29,1325	0,8612	981,2	979,3	980,9		
29,1408	0,8699	981,1	979,4	981,0		
29,1492	0,8630	981,1	979,3	981,0		
29,1575	0,8699	981,2	979,3	981,0		
29,1658	0,8647	981,2	979,3	981,0		
29,1742	0,8651	981,1	979,3	981,0		
29,1825	0,8691	981,2	979,3	981,0		
29,1908	0,8656	981,2	979,3	981,0		
29,1992	0,8699	981,2	979,3	981,0		
29,2075	0,8634	981,2	979,3	981,0		
29,2158	0,8647	981,2	979,4	981,0		
29,2242	0,8665	981,1	979,3	980,9		
29,2325	0,8760	981,1	979,2	980,9		
29,2408	0,8647	981,2	979,3	981,0		
29,2492	0,8734	981,1	979,3	980,9		
29,2575	0,8699	981,1	979,2	981,0		
29,2658	0,8717	981,1	979,4	981,0		
29,2742	0,8656	981,2	979,3	981,0		
29,2825	0,8695	981,2	979,3	981,0		
29,2908	0,8665	981,1	979,2	981,0		
29,2992	0,8730	981,1	979,2	981,0		
29,3075	0,8721	981,1	979,2	980,9		
29,3158	0,8699	981,2	979,3	981,0		
29,3242	0,8717	981,1	979,3	981,0		
29,3325	0,8769	981,2	979,3	981,0		
29,3408	0,8686	981,1	979,3	980,9		
29,3492	0,8717	981,2	979,3	981,0		
29,3575	0,8795	981,1	979,3	980,9		
29,3658	0,8726	981,1	979,3	981,0		
29,3742	0,8756	981,1	979,2	981,0		
29,3825	0,8769	981,1	979,3	981,0		
29,3908	0,8734	981,2	979,3	981,0		
29,3992	0,8778	981,2	979,3	981,0		
29,4075	0,8717	981,2	979,3	981,0		
29,4158	0,8756	981,1	979,3	981,1		
29,4242	0,8752	981,2	979,2	981,0		
29,4325	0,8787	981,1	979,2	980,8		
29,4408	0,8804	981,1	979,2	980,9		
29,4492	0,8800	981,2	979,2	980,9		
29,4575	0,8821	981,2	979,2	980,8		
29,4658	0,8874	981,1	979,2	980,9		
29,4742	0,8739	981,2	979,3	980,9		
29,4825	0,8804	981,1	979,2	980,8		
29,4908	0,8856	981,1	979,2	980,9		
29,4992	0,8804	981,2	979,3	981,0		
29,5075	0,8778	981,2	979,3	981,1		
29,5158	0,8791	981,2	979,3	981,0		
29,5242	0,8769	981,1	979,3	981,0		
29,5325	0,8826	981,2	979,3	981,0		
29,5408	0,8865	981,2	979,4	981,1		
29,5492	0,8821	981,2	979,3	981,0		
29,5575	0,8813	981,1	979,3	981,0		
29,5658	0,8835	981,2	979,3	981,0		
29,5742	0,8760	981,1	979,3	981,0		
29,5825	0,8804	981,2	979,3	981,0		
29,5908	0,8787	981,2	979,3	981,0		
29,5992	0,8865	981,1	979,3	980,9		
29,6075	0,8804	981,2	979,3	981,0		
29,6158	0,8787	981,2	979,3	981,0		
29,6242	0,8891	981,2	979,3	980,9		
29,6325	0,8891	981,2	979,4	981,0		
29,6408	0,8856	981,1	979,3	981,0		
29,6492	0,8944	981,2	979,2	980,9		
29,6575	0,8878	981,2	979,3	981,0		
29,6658	0,8813	981,2	979,3	981,0		
29,6742	0,8830	981,2	979,3	981,0		
29,6825	0,8830	981,2	979,3	980,9		
29,6908	0,8891	981,2	979,2	980,9		
29,6992	0,8878	981,2	979,3	981,0		
29,7075	0,8891	981,2	979,4	981,0		
29,7158	0,8926	981,1	979,2	980,9		
29,7242	0,8874	981,1	979,2	980,9		
29,7325	0,8891	981,2	979,2	980,9		
29,7408	0,8826	981,2	979,3	981,0		
29,7492	0,8887	981,3	979,3	981,0		
29,7575	0,8926	981,2	979,3	981,0		
29,7658	0,8904	981,2	979,3	981,0		
29,7742	0,8782	981,2	979,3	981,0		
29,7825	0,8835	981,1	979,3	980,9		
29,7908	0,8896	981,2	979,3	981,0		
29,7992	0,8948	981,2	979,3	981,0		
29,8075	0,8882	981,3	979,3	981,1		
29,8158	0,8887	981,2	979,4	981,0		
29,8242	0,8848	981,2	979,3	981,0		
29,8325	0,8965	981,2	979,3	981,0		
29,8408	0,8900	981,3	979,3	981,0		
29,8492	0,8917	981,2	979,3	981,0		
29,8575	0,8917	981,2	979,3	981,0		
29,8658	0,8913	981,2	979,3	981,0		
29,8742	0,8978	981,2	979,3	981,0		
29,8825	0,8922	981,3	979,4	981,0		
29,8908	0,9005	981,2	979,3	981,0		
29,8992	0,8926	981,2	979,3	980,9		
29,9075	0,8909	981,2	979,3	980,9		
29,9158	0,9031	981,2	979,3	980,9		
29,9242	0,8935	981,2	979,3	981,0		
29,9325	0,8952	981,1	979,3	981,0		
29,9408	0,9113	981,2	979,3	981,0		
29,9492	0,9018	981,1	979,3	980,9		
29,9575	0,8965	981,2	979,3	981,0		
29,9658	0,8996	981,2	979,4	981,1		
29,9742	0,9018	981,2	979,4	981,0		
29,9825	0,8978	981,2	979,3	981,0		
29,9908	0,8974	981,3	979,3	981,1		
29,9992	0,8991	981,1	979,3	981,0		
30,0075	0,9061	981,2	979,3	981,0		
30,0158	0,8996	981,2	979,4	981,0		
30,0242	0,8970	981,1	979,3	980,9		
30,0325	0,9013	981,2	979,3	981,0		
30,0408	0,9005	981,2	979,3	981,0		
30,0492	0,9035	981,2	979,3	981,0		
30,0575	0,9044	981,2	979,3	981,0		
30,0658	0,9061	981,2	979,3	981,1		
30,0742	0,9052	981,1	979,3	981,0		
30,0825	0,9113	981,2	979,3	980,9		
30,0908	0,9061	981,2	979,3	981,0		
30,0992	0,9052	981,2	979,3	981,0		
30,1075	0,8978	981,2	979,3	981,0		
30,1158	0,9113	981,2	979,3	981,0		
30,1242	0,9066	981,2	979,3	981,0		
30,1325	0,9044	981,1	979,3	981,0		
30,1408	0,9157	981,1	979,3	981,0		
30,1492	0,9118	981,1	979,2	980,9		
30,1575	0,9122	981,1	979,3	980,9		
30,1658	0,9048	981,1	979,2	981,0		
30,1742	0,9166	981,2	979,3	981,0		
30,1825	0,9188	981,3	979,4	981,0		
30,1908	0,9100	981,1	979,3	980,9		
30,1992	0,9061	981,2	979,3	981,0		
30,2075	0,9092	981,2	979,4	981,1		
30,2158	0,9113	981,2	979,4	981,1		
30,2242	0,9100	981,2	979,3	981,0		
30,2325	0,9157	981,2	979,4	981,0		
30,2408	0,9122	981,3	979,4	981,1		
30,2492	0,9087	981,1	979,3	980,9		
30,2575	0,9153	981,2	979,3	981,0		
30,2658	0,9109	981,3	979,4	981,1		
30,2742	0,9157	981,1	979,3	981,0		
30,2825	0,9092	981,2	979,3	981,0		
30,2908	0,9105	981,2	979,3	981,1		
30,2992	0,9144	981,3	979,4	981,1		
30,3075	0,9113	981,2	979,3	981,0		
30,3158	0,9105	981,3	979,4	981,1		
30,3242	0,9122	981,3	979,5	981,2		
30,3325	0,9179	981,3	979,3	981,0		
30,3408	0,9192	981,1	979,2	980,9		
30,3492	0,9236	981,1	979,2	980,9		
30,3575	0,9218	981,1	979,2	980,9		
30,3658	0,9183	981,1	979,3	980,9		
30,3742	0,9140	981,1	979,2	980,9		
30,3825	0,9183	981,2	979,3	981,0		
30,3908	0,9205	981,1	979,3	981,0		
30,3992	0,9157	981,1	979,2	980,9		
30,4075	0,9218	981,1	979,2	980,9		
30,4158	0,9288	981,1	979,3	981,0		
30,4242	0,9170	981,1	979,3	980,9		
30,4325	0,9179	981,2	979,3	980,9		
30,4408	0,9209	981,1	979,3	981,0		
30,4492	0,9201	981,1	979,3	981,0		
30,4575	0,9209	981,1	979,3	981,0		
30,4658	0,9196	981,1	979,2	980,9		
30,4742	0,9288	981,1	979,3	981,0		
30,4825	0,9122	981,2	979,2	980,9		
30,4908	0,9253	981,1	979,2	980,9		
30,4992	0,9209	981,2	979,3	981,1		
30,5075	0,9214	981,1	979,2	981,0		
30,5158	0,9244	981,2	979,3	981,0		
30,5242	0,9175	981,2	979,3	981,0		
30,5325	0,9231	981,2	979,2	980,9		
30,5408	0,9240	981,2	979,3	980,9		
30,5492	0,9305	981,2	979,3	981,0		
30,5575	0,9192	981,3	979,3	981,0		
30,5658	0,9227	981,2	979,3	980,9		
30,5742	0,9205	981,3	979,3	980,9		
30,5825	0,9297	981,2	979,3	981,0		
30,5908	0,9236	981,3	979,3	981,0		
30,5992	0,9218	981,3	979,3	980,9		
30,6075	0,9310	981,3	979,3	980,9		
30,6158	0,9314	981,2	979,3	980,9		
30,6242	0,9188	981,2	979,3	980,9		
30,6325	0,9344	981,2	979,3	980,9		
30,6408	0,9257	981,2	979,3	981,0		
30,6492	0,9279	981,2	979,3	981,0		
30,6575	0,9310	981,2	979,3	981,0		
30,6658	0,9288	981,2	979,3	980,9		
30,6742	0,9288	981,2	979,3	981,0		
30,6825	0,9262	981,2	979,3	981,0		
30,6908	0,9240	981,2	979,3	981,0		
30,6992	0,9297	981,2	979,3	980,9		
30,7075	0,9297	981,2	979,3	980,9		
30,7158	0,9279	981,2	979,3	981,0		
30,7242	0,9344	981,2	979,3	980,9		
30,7325	0,9366	981,2	979,3	980,9		
30,7408	0,9262	981,2	979,3	980,9		
30,7492	0,9318	981,2	979,3	981,0		
30,7575	0,9353	981,2	979,3	980,9		
30,7658	0,9340	981,1	979,3	980,9		
30,7742	0,9327	981,2	979,3	980,9		
30,7825	0,9436	981,2	979,2	980,9		
30,7908	0,9379	981,2	979,3	981,0		
30,7992	0,9349	981,2	979,3	981,0		
30,8075	0,9375	981,1	979,3	981,0		
30,8158	0,9392	981,1	979,3	981,0		
30,8242	0,9419	981,1	979,2	980,9		
30,8325	0,9388	981,2	979,3	981,0		
30,8408	0,9427	981,2	979,3	981,0		
30,8492	0,9384	981,2	979,3	981,0		
30,8575	0,9401	981,1	979,4	981,0		
30,8658	0,9397	981,2	979,3	981,1		
30,8742	0,9392	981,2	979,3	981,0		
30,8825	0,9445	981,2	979,3	981,0		
30,8908	0,9440	981,2	979,3	981,0		
30,8992	0,9410	981,2	979,3	981,0		
30,9075	0,9432	981,2	979,4	981,0		
30,9158	0,9453	981,2	979,4	981,0		
30,9242	0,9379	981,2	979,3	981,0		
30,9325	0,9493	981,2	979,3	981,0		
30,9408	0,9440	981,2	979,3	981,0		
30,9492	0,9514	981,2	979,3	981,1		
30,9575	0,9388	981,2	979,3	981,1		
30,9658	0,9471	981,2	979,3	981,0		
30,9742	0,9419	981,2	979,3	981,0		
30,9825	0,9392	981,2	979,3	981,0		
30,9908	0,9440	981,2	979,3	980,9		
30,9992	0,9414	981,1	979,2	981,0		
31,0075	0,9436	981,1	979,3	980,9		
31,0158	0,9536	981,2	979,3	981,1		
31,0242	0,9436	981,2	979,3	981,0		
31,0325	0,9458	981,2	979,3	981,0		
31,0408	0,9514	981,2	979,3	981,1		
31,0492	0,9462	981,1	979,3	981,0		
31,0575	0,9484	981,1	979,2	980,9		
31,0658	0,9462	981,2	979,3	981,0		
31,0742	0,9519	981,2	979,3	981,0		
31,0825	0,9484	981,2	979,3	981,0		
31,0908	0,9480	981,3	979,4	981,1		
31,0992	0,9471	981,2	979,4	981,1		
31,1075	0,9519	981,2	979,3	981,1		
31,1158	0,9510	981,2	979,4	981,1		
31,1242	0,9589	981,2	979,4	981,1		
31,1325	0,9545	981,2	979,3	981,0		
31,1408	0,9445	981,2	979,3	981,0		
31,1492	0,9523	981,2	979,4	981,1		
31,1575	0,9536	981,2	979,4	981,0		
31,1658	0,9523	981,1	979,3	981,0		
31,1742	0,9545	981,1	979,3	981,0		
31,1825	0,9493	981,2	979,3	981,0		
31,1908	0,9484	981,2	979,3	981,0		
31,1992	0,9580	981,1	979,3	981,0		
31,2075	0,9488	981,2	979,3	980,9		
31,2158	0,9545	981,1	979,3	980,9		
31,2242	0,9536	981,2	979,3	981,0		
31,2325	0,9575	981,2	979,4	981,0		
31,2408	0,9623	981,2	979,3	981,0		
31,2492	0,9567	981,2	979,3	981,0		
31,2575	0,9549	981,2	979,4	981,0		
31,2658	0,9606	981,2	979,4	981,0		
31,2742	0,9641	981,2	979,3	981,0		
31,2825	0,9575	981,1	979,3	981,0		
31,2908	0,9637	981,1	979,3	981,0		
31,2992	0,9645	981,2	979,3	981,0		
31,3075	0,9597	981,2	979,3	981,0		
31,3158	0,9671	981,2	979,3	981,0		
31,3242	0,9554	981,1	979,2	981,0		
31,3325	0,9615	981,2	979,4	981,1		
31,3408	0,9689	981,3	979,3	981,0		
31,3492	0,9523	981,2	979,4	981,1		
31,3575	0,9623	981,2	979,4	981,0		
31,3658	0,9562	981,1	979,3	981,0		
31,3742	0,9597	981,2	979,3	981,0		
31,3825	0,9602	981,1	979,3	981,0		
31,3908	0,9637	981,2	979,3	981,0		
31,3992	0,9641	981,2	979,3	981,0		
31,4075	0,9593	981,2	979,3	981,0		
31,4158	0,9658	981,3	979,3	981,0		
31,4242	0,9562	981,3	979,3	981,0		
31,4325	0,9680	981,3	979,4	981,0		
31,4408	0,9676	981,2	979,4	981,0		
31,4492	0,9654	981,1	979,2	980,9		
31,4575	0,9654	981,3	979,3	981,1		
31,4658	0,9562	981,3	979,4	981,0		
31,4742	0,9654	981,2	979,4	981,0		
31,4825	0,9711	981,1	979,3	981,0		
31,4908	0,9623	981,2	979,3	981,0		
31,4992	0,9684	981,2	979,3	980,9		
31,5075	0,9698	981,3	979,3	981,0		
31,5158	0,9693	981,3	979,4	981,0		
31,5242	0,9645	981,3	979,4	981,0		
31,5325	0,9741	981,2	979,3	981,0		
31,5408	0,9702	981,2	979,3	980,9		
31,5492	0,9706	981,2	979,3	981,0		
31,5575	0,9741	981,3	979,3	981,0		
31,5658	0,9667	981,3	979,4	981,0		
31,5742	0,9719	981,2	979,4	980,9		
31,5825	0,9724	981,2	979,3	981,0		
31,5908	0,9654	981,2	979,4	981,0		
31,5992	0,9689	981,3	979,4	981,1		
31,6075	0,9719	981,2	979,3	981,0		
31,6158	0,9732	981,1	979,3	981,0		
31,6242	0,9793	981,2	979,3	981,0		
31,6325	0,9759	981,1	979,2	980,9		
31,6408	0,9846	981,1	979,3	980,9		
31,6492	0,9776	981,2	979,3	980,9		
31,6575	0,9706	981,1	979,3	981,0		
31,6658	0,9789	981,2	979,3	981,0		
31,6742	0,9789	981,3	979,4	981,0		
31,6825	0,9767	981,2	979,4	981,0		
31,6908	0,9811	981,2	979,4	981,0		
31,6992	0,9767	981,2	979,3	981,0		
31,7075	0,9767	981,2	979,3	981,0		
31,7158	0,9798	981,1	979,3	980,9		
31,7242	0,9759	981,2	979,3	981,0		
31,7325	0,9767	981,2	979,3	980,9		
31,7408	0,9750	981,2	979,3	980,9		
31,7492	0,9785	981,2	979,3	981,0		
31,7575	0,9793	981,2	979,3	981,0		
31,7658	0,9811	981,3	979,4	981,0		
31,7742	0,9859	981,2	979,4	981,0		
31,7825	0,9841	981,2	979,3	981,1		
31,7908	0,9772	981,1	979,3	981,0		
31,7992	0,9924	981,2	979,3	981,0		
31,8075	0,9763	981,2	979,3	981,0		
31,8158	0,9885	981,2	979,3	981,0		
31,8242	0,9859	981,2	979,3	981,0		
31,8325	0,9837	981,2	979,4	981,0		
31,8408	0,9907	981,2	979,3	981,0		
31,8492	0,9868	981,2	979,3	981,0		
31,8575	0,9850	981,1	979,3	981,0		
31,8658	0,9915	981,1	979,2	980,9		
31,8742	0,9876	981,2	979,3	981,0		
31,8825	0,9811	981,2	979,4	981,0		
31,8908	0,9850	981,2	979,3	981,0		
31,8992	0,9876	981,2	979,2	980,9		
31,9075	0,9872	981,2	979,3	981,0		
31,9158	0,9946	981,2	979,3	981,0		
31,9242	0,9976	981,1	979,2	981,0		
31,9325	0,9894	981,2	979,3	981,0		
31,9408	0,9868	981,2	979,4	981,0		
31,9492	0,9889	981,2	979,3	981,0		
31,9575	0,9907	981,2	979,3	981,0		
31,9658	0,9920	981,2	979,4	981,0		
31,9742	0,9933	981,2	979,4	981,0		
31,9825	0,9942	981,2	979,4	981,0		
31,9908	0,9902	981,1	979,3	981,0		
31,9992	0,9937	981,2	979,3	981,0		
32,0075	0,9959	981,2	979,4	981,0		
32,0158	0,9929	981,2	979,4	981,0		
32,0242	0,9885	981,3	979,4	981,0		
32,0325	0,9981	981,2	979,3	981,0		
32,0408	0,9981	981,2	979,3	981,0		
32,0492	0,9990	981,2	979,3	981,0		
32,0575	0,9968	981,2	979,3	981,0		
32,0658	0,9955	981,2	979,4	981,1		
32,0742	0,9998	981,1	979,3	981,0		
32,0825	1,0042	981,2	979,3	981,0		
32,0908	1,0064	981,2	979,3	981,0		
32,0992	1,0003	981,2	979,3	980,9		
32,1075	0,9959	981,1	979,3	980,9		
32,1158	1,0037	981,1	979,2	980,9		
32,1242	0,9994	981,2	979,3	981,0		
32,1325	1,0037	981,2	979,3	981,0		
32,1408	1,0055	981,2	979,3	981,0		
32,1492	1,0055	981,1	979,3	981,0		
32,1575	0,9968	981,2	979,3	981,0		
32,1658	1,0016	981,2	979,4	981,1		
32,1742	1,0042	981,3	979,3	981,0		
32,1825	0,9998	981,2	979,3	981,0		
32,1908	1,0046	981,2	979,4	981,0		
32,1992	1,0016	981,2	979,4	981,1		
32,2075	1,0046	981,2	979,4	981,1		
32,2158	1,0037	981,1	979,3	981,0		
32,2242	1,0090	981,2	979,3	981,0		
32,2325	1,0046	981,1	979,3	981,0		
32,2408	1,0085	981,1	979,3	980,9		
32,2492	1,0055	981,2	979,3	981,0		
32,2575	1,0020	981,1	979,3	981,0		
32,2658	1,0016	981,2	979,3	981,0		
32,2742	1,0094	981,2	979,3	981,1		
32,2825	1,0016	981,2	979,3	981,0		
32,2908	1,0146	981,2	979,3	981,0		
32,2992	1,0059	981,2	979,4	981,1		
32,3075	1,0112	981,2	979,4	981,1		
32,3158	1,0133	981,2	979,4	981,0		
32,3242	1,0125	981,2	979,4	981,0		
32,3325	1,0112	981,2	979,4	981,1		
32,3408	1,0103	981,2	979,4	981,2		
32,3492	1,0068	981,2	979,4	981,0		
32,3575	1,0042	981,3	979,4	981,0		
32,3658	1,0125	981,2	979,4	981,0		
32,3742	1,0094	981,2	979,4	981,1		
32,3825	1,0164	981,2	979,3	981,0		
32,3908	1,0107	981,3	979,4	981,0		
32,3992	1,0107	981,3	979,4	981,0		
32,4075	1,0181	981,2	979,4	981,0		
32,4158	1,0186	981,2	979,4	981,0		
32,4242	1,0099	981,3	979,3	981,0		
32,4325	1,0168	981,2	979,4	981,0		
32,4408	1,0142	981,2	979,3	981,0		
32,4492	1,0229	981,3	979,3	981,0		
32,4575	1,0146	981,2	979,4	981,0		
32,4658	1,0168	981,3	979,4	981,0		
32,4742	1,0299	981,4	979,4	981,0		
32,4825	1,0181	981,3	979,3	981,0		
32,4908	1,0216	981,3	979,4	981,0		
32,4992	1,0133	981,3	979,4	981,0		
32,5075	1,0177	981,4	979,4	981,0		
32,5158	1,0194	981,2	979,4	981,0		
32,5242	1,0238	981,3	979,4	981,0		
32,5325	1,0160	981,2	979,3	981,0		
32,5408	1,0103	981,3	979,4	981,0		
32,5492	1,0199	981,3	979,3	981,0		
32,5575	1,0260	981,3	979,4	981,0		
32,5658	1,0155	981,3	979,3	981,0		
32,5742	1,0199	981,2	979,4	981,0		
32,5825	1,0225	981,2	979,4	981,0		
32,5908	1,0234	981,2	979,4	981,1		
32,5992	1,0247	981,3	979,4	981,0		
32,6075	1,0203	981,2	979,4	981,0		
32,6158	1,0251	981,3	979,4	981,0		
32,6242	1,0286	981,3	979,4	981,1		
32,6325	1,0277	981,3	979,4	981,1		
32,6408	1,0207	981,3	979,4	981,0		
32,6492	1,0103	981,3	979,5	981,1		
32,6575	1,0194	981,3	979,5	981,1		
32,6658	1,0207	981,3	979,4	981,1		
32,6742	1,0264	981,3	979,4	981,1		
32,6825	1,0273	981,3	979,5	981,0		
32,6908	1,0334	981,3	979,4	981,1		
32,6992	1,0221	981,2	979,4	981,0		
32,7075	1,0325	981,3	979,4	981,1		
32,7158	1,0334	981,3	979,4	981,0		
32,7242	1,0282	981,2	979,3	981,0		
32,7325	1,0290	981,3	979,4	981,0		
32,7408	1,0238	981,2	979,4	981,0		
32,7492	1,0316	981,2	979,3	981,0		
32,7575	1,0338	981,2	979,4	981,0		
32,7658	1,0295	981,2	979,4	981,0		
32,7742	1,0303	981,3	979,4	981,1		
32,7825	1,0316	981,2	979,4	981,0		
32,7908	1,0329	981,2	979,4	981,0		
32,7992	1,0356	981,3	979,4	981,1		
32,8075	1,0351	981,2	979,4	981,1		
32,8158	1,0325	981,2	979,3	981,0		
32,8242	1,0425	981,3	979,4	981,1		
32,8325	1,0382	981,2	979,4	981,1		
32,8408	1,0369	981,2	979,3	981,0		
32,8492	1,0377	981,3	979,4	981,0		
32,8575	1,0308	981,2	979,4	981,1		
32,8658	1,0343	981,2	979,4	981,1		
32,8742	1,0399	981,3	979,4	981,1		
32,8825	1,0321	981,2	979,3	981,0		
32,8908	1,0347	981,2	979,3	980,9		
32,8992	1,0360	981,1	979,3	980,9		
32,9075	1,0438	981,2	979,3	981,0		
32,9158	1,0360	981,2	979,3	981,0		
32,9242	1,0321	981,2	979,3	981,0		
32,9325	1,0486	981,1	979,3	981,0		
32,9408	1,0391	981,2	979,3	981,0		
32,9492	1,0399	981,2	979,4	981,0		
32,9575	1,0391	981,3	979,4	981,0		
32,9658	1,0425	981,2	979,4	981,0		
32,9742	1,0417	981,2	979,4	981,1		
32,9825	1,0408	981,2	979,3	981,0		
32,9908	1,0395	981,2	979,3	981,0		
32,9992	1,0434	981,2	979,4	981,1		
33,0075	1,0438	981,2	979,3	981,0		
33,0158	1,0421	981,2	979,3	981,0		
33,0242	1,0434	981,2	979,4	981,1		
33,0325	1,0491	981,3	979,4	981,1		
33,0408	1,0460	981,2	979,4	981,0		
33,0492	1,0434	981,2	979,3	981,0		
33,0575	1,0491	981,3	979,4	981,1		
33,0658	1,0425	981,2	979,4	981,1		
33,0742	1,0508	981,2	979,4	981,0		
33,0825	1,0425	981,2	979,3	981,0		
33,0908	1,0491	981,2	979,3	981,0		
33,0992	1,0521	981,2	979,3	981,0		
33,1075	1,0460	981,2	979,3	981,0		
33,1158	1,0526	981,2	979,3	981,0		
33,1242	1,0443	981,2	979,3	981,0		
33,1325	1,0495	981,2	979,3	981,0		
33,1408	1,0482	981,2	979,4	981,0		
33,1492	1,0499	981,2	979,3	981,0		
33,1575	1,0587	981,2	979,3	981,0		
33,1658	1,0530	981,2	979,3	981,0		
33,1742	1,0482	981,2	979,3	981,1		
33,1825	1,0552	981,2	979,3	980,9		
33,1908	1,0565	981,2	979,3	981,0		
33,1992	1,0534	981,3	979,4	981,1		
33,2075	1,0591	981,3	979,3	981,0		
33,2158	1,0552	981,3	979,4	981,0		
33,2242	1,0534	981,3	979,4	981,0		
33,2325	1,0560	981,3	979,3	981,0		
33,2408	1,0556	981,3	979,4	981,0		
33,2492	1,0630	981,3	979,4	981,0		
33,2575	1,0517	981,3	979,4	981,0		
33,2658	1,0617	981,3	979,4	981,0		
33,2742	1,0622	981,3	979,4	981,0		
33,2825	1,0608	981,3	979,4	981,1		
33,2908	1,0587	981,3	979,4	981,0		
33,2992	1,0565	981,3	979,3	981,0		
33,3075	1,0630	981,3	979,4	981,0		
33,3158	1,0626	981,3	979,4	981,0		
33,3242	1,0696	981,3	979,4	981,0		
33,3325	1,0643	981,3	979,4	981,0		
33,3408	1,0639	981,3	979,4	981,0		
33,3492	1,0674	981,3	979,4	981,0		
33,3575	1,0661	981,3	979,4	981,0		
33,3658	1,0560	981,3	979,3	980,9		
33,3742	1,0630	981,3	979,4	981,0		
33,3825	1,0639	981,3	979,4	981,1		
33,3908	1,0648	981,3	979,4	981,0		
33,3992	1,0591	981,3	979,4	981,0		
33,4075	1,0626	981,3	979,4	981,0		
33,4158	1,0587	981,3	979,4	981,0		
33,4242	1,0696	981,3	979,4	981,0		
33,4325	1,0635	981,2	979,4	981,0		
33,4408	1,0652	981,2	979,3	981,0		
33,4492	1,0700	981,2	979,4	981,0		
33,4575	1,0665	981,3	979,4	981,1		
33,4658	1,0648	981,3	979,4	981,0		
33,4742	1,0595	981,1	979,4	981,0		
33,4825	1,0730	981,2	979,4	981,1		
33,4908	1,0717	981,3	979,4	981,2		
33,4992	1,0661	981,3	979,4	981,1		
33,5075	1,0709	981,3	979,4	981,1		
33,5158	1,0722	981,3	979,4	981,1		
33,5242	1,0717	981,3	979,4	981,0		
33,5325	1,0678	981,3	979,4	981,1		
33,5408	1,0730	981,3	979,4	981,1		
33,5492	1,0787	981,3	979,4	981,0		
33,5575	1,0709	981,3	979,4	981,0		
33,5658	1,0761	981,2	979,4	981,1		
33,5742	1,0783	981,2	979,4	981,1		
33,5825	1,0726	981,3	979,4	981,1		
33,5908	1,0661	981,3	979,4	981,1		
33,5992	1,0730	981,3	979,4	981,1		
33,6075	1,0735	981,2	979,4	981,0		
33,6158	1,0787	981,3	979,4	981,1		
33,6242	1,0661	981,3	979,4	981,1		
33,6325	1,0700	981,3	979,4	981,1		
33,6408	1,0735	981,2	979,4	981,1		
33,6492	1,0931	981,2	979,3	981,0		
33,6575	1,0744	981,2	979,3	981,0		
33,6658	1,0787	981,2	979,4	981,1		
33,6742	1,0774	981,2	979,3	981,0		
33,6825	1,0874	981,3	979,4	981,0		
33,6908	1,0744	981,3	979,4	981,1		
33,6992	1,0787	981,2	979,4	981,0		
33,7075	1,0791	981,2	979,3	981,0		
33,7158	1,0800	981,1	979,4	981,0		
33,7242	1,0861	981,2	979,3	981,0		
33,7325	1,0861	981,2	979,3	981,0		
33,7408	1,0844	981,2	979,4	981,1		
33,7492	1,0861	981,2	979,3	981,0		
33,7575	1,0826	981,1	979,3	980,9		
33,7658	1,0848	981,1	979,2	980,9		
33,7742	1,0809	981,1	979,3	981,0		
33,7825	1,0844	981,2	979,3	981,0		
33,7908	1,0835	981,1	979,3	981,0		
33,7992	1,0866	981,2	979,3	981,0		
33,8075	1,0896	981,2	979,3	981,1		
33,8158	1,0835	981,1	979,3	980,9		
33,8242	1,0857	981,2	979,4	981,0		
33,8325	1,0874	981,2	979,3	981,0		
33,8408	1,0857	981,2	979,3	981,0		
33,8492	1,0944	981,2	979,3	981,0		
33,8575	1,0800	981,2	979,4	981,0		
33,8658	1,0896	981,2	979,4	981,1		
33,8742	1,0892	981,2	979,3	981,0		
33,8825	1,0848	981,2	979,4	981,0		
33,8908	1,0879	981,2	979,3	981,0		
33,8992	1,0900	981,2	979,3	981,0		
33,9075	1,0879	981,3	979,3	981,0		
33,9158	1,0944	981,3	979,4	981,0		
33,9242	1,1018	981,2	979,3	981,1		
33,9325	1,0874	981,2	979,4	981,0		
33,9408	1,0870	981,2	979,4	981,0		
33,9492	1,0966	981,3	979,3	981,0		
33,9575	1,0848	981,2	979,4	981,1		
33,9658	1,0887	981,2	979,4	981,0		
33,9742	1,0983	981,2	979,4	981,1		
33,9825	1,0953	981,2	979,3	981,0		
33,9908	1,0970	981,3	979,3	981,0		
33,9992	1,0953	981,2	979,3	981,0		
34,0075	1,0948	981,3	979,4	981,0		
34,0158	1,0935	981,3	979,3	981,0		
34,0242	1,0944	981,2	979,3	981,0		
34,0325	1,0948	981,2	979,3	981,0		
34,0408	1,0992	981,2	979,3	981,1		
34,0492	1,0992	981,2	979,3	981,0		
34,0575	1,1014	981,3	979,3	981,0		
34,0658	1,0953	981,2	979,3	981,0		
34,0742	1,1062	981,3	979,3	981,0		
34,0825	1,0983	981,3	979,3	981,0		
34,0908	1,1001	981,3	979,4	981,0		
34,0992	1,0927	981,2	979,3	981,0		
34,1075	1,1009	981,2	979,3	981,0		
34,1158	1,0961	981,2	979,3	980,9		
34,1242	1,0996	981,3	979,4	981,0		
34,1325	1,1057	981,2	979,4	981,0		
34,1408	1,0996	981,2	979,4	981,0		
34,1492	1,1022	981,3	979,4	981,0		
34,1575	1,1062	981,3	979,4	981,0		
34,1658	1,1040	981,3	979,4	981,1		
34,1742	1,1066	981,3	979,3	981,0		
34,1825	1,1044	981,3	979,4	981,0		
34,1908	1,1123	981,3	979,4	981,0		
34,1992	1,1049	981,3	979,3	981,0		
34,2075	1,1110	981,3	979,4	981,0		
34,2158	1,1031	981,2	979,3	981,0		
34,2242	1,1027	981,2	979,3	981,0		
34,2325	1,1145	981,2	979,3	981,0		
34,2408	1,1066	981,3	979,4	981,1		
34,2492	1,1110	981,2	979,3	981,0		
34,2575	1,1097	981,3	979,4	981,0		
34,2658	1,1101	981,2	979,4	981,0		
34,2742	1,1088	981,3	979,3	981,0		
34,2825	1,1210	981,3	979,4	981,1		
34,2908	1,1057	981,3	979,4	981,0		
34,2992	1,1140	981,3	979,4	981,0		
34,3075	1,1219	981,3	979,4	981,0		
34,3158	1,1153	981,3	979,4	981,0		
34,3242	1,1127	981,3	979,4	981,1		
34,3325	1,1145	981,3	979,4	981,0		
34,3408	1,1066	981,3	979,3	981,0		
34,3492	1,1197	981,3	979,4	981,1		
34,3575	1,1197	981,3	979,4	981,1		
34,3658	1,1158	981,3	979,4	981,0		
34,3742	1,1149	981,3	979,4	981,0		
34,3825	1,1092	981,3	979,4	981,0		
34,3908	1,1145	981,3	979,4	981,1		
34,3992	1,1171	981,2	979,3	981,0		
34,4075	1,1175	981,3	979,4	981,0		
34,4158	1,1197	981,3	979,4	981,1		
34,4242	1,1214	981,3	979,4	981,0		
34,4325	1,1145	981,2	979,3	981,0		
34,4408	1,1267	981,2	979,3	981,0		
34,4492	1,1158	981,2	979,3	981,0		
34,4575	1,1201	981,2	979,3	981,0		
34,4658	1,1249	981,2	979,3	981,0		
34,4742	1,1223	981,2	979,3	981,0		
34,4825	1,1223	981,2	979,4	981,1		
34,4908	1,1267	981,2	979,3	981,1		
34,4992	1,1149	981,2	979,3	981,0		
34,5075	1,1249	981,2	979,3	981,0		
34,5158	1,1236	981,3	979,4	981,0		
34,5242	1,1210	981,2	979,4	981,0		
34,5325	1,1271	981,2	979,3	981,0		
34,5408	1,1249	981,2	979,3	981,1		
34,5492	1,1288	981,2	979,3	981,0		
34,5575	1,1210	981,2	979,3	981,0		
34,5658	1,1323	981,2	979,3	981,0		
34,5742	1,1332	981,2	979,3	981,0		
34,5825	1,1275	981,2	979,3	981,0		
34,5908	1,1267	981,2	979,3	981,0		
34,5992	1,1280	981,2	979,4	981,0		
34,6075	1,1284	981,2	979,3	981,0		
34,6158	1,1310	981,2	979,4	981,0		
34,6242	1,1345	981,3	979,3	981,1		
34,6325	1,1367	981,2	979,3	981,0		
34,6408	1,1275	981,2	979,3	981,0		
34,6492	1,1336	981,2	979,4	981,1		
34,6575	1,1376	981,3	979,3	981,1		
34,6658	1,1301	981,3	979,3	981,0		
34,6742	1,1367	981,2	979,3	981,1		
34,6825	1,1288	981,2	979,4	981,0		
34,6908	1,1293	981,2	979,3	980,9		
34,6992	1,1349	981,2	979,3	980,9		
34,7075	1,1358	981,2	979,4	981,0		
34,7158	1,1393	981,3	979,4	981,1		
34,7242	1,1310	981,3	979,3	981,0		
34,7325	1,1349	981,2	979,3	981,0		
34,7408	1,1450	981,2	979,3	981,0		
34,7492	1,1362	981,3	979,4	981,1		
34,7575	1,1415	981,3	979,3	981,0		
34,7658	1,1419	981,1	979,3	981,0		
34,7742	1,1345	981,2	979,3	981,1		
34,7825	1,1467	981,3	979,3	981,1		
34,7908	1,1480	981,2	979,3	981,0		
34,7992	1,1454	981,3	979,4	981,1		
34,8075	1,1445	981,3	979,4	981,2		
34,8158	1,1415	981,3	979,4	981,1		
34,8242	1,1467	981,2	979,4	981,1		
34,8325	1,1437	981,3	979,3	981,0		
34,8408	1,1415	981,3	979,4	981,1		
34,8492	1,1467	981,3	979,3	981,0		
34,8575	1,1458	981,1	979,3	980,9		
34,8658	1,1489	981,2	979,3	981,0		
34,8742	1,1384	981,3	979,3	980,9		
34,8825	1,1511	981,2	979,2	980,9		
34,8908	1,1476	981,2	979,3	981,0		
34,8992	1,1415	981,2	979,3	981,0		
34,9075	1,1476	981,2	979,3	980,9		
34,9158	1,1419	981,1	979,2	980,9		
34,9242	1,1528	981,2	979,3	981,0		
34,9325	1,1519	981,2	979,3	981,0		
34,9408	1,1506	981,3	979,3	981,0		
34,9492	1,1493	981,3	979,3	980,9		
34,9575	1,1528	981,3	979,3	981,0		
34,9658	1,1450	981,3	979,3	981,0		
34,9742	1,1423	981,3	979,3	981,0		
34,9825	1,1532	981,3	979,3	981,1		
34,9908	1,1524	981,3	979,4	981,1		
34,9992	1,1554	981,2	979,4	981,0		
35,0075	1,1498	981,3	979,4	981,0		
35,0158	1,1502	981,4	979,4	981,0		
35,0242	1,1498	981,3	979,4	981,1		
35,0325	1,1454	981,3	979,4	981,0		
35,0408	1,1567	981,3	979,3	981,0		
35,0492	1,1611	981,3	979,3	981,0		
35,0575	1,1593	981,3	979,3	981,0		
35,0658	1,1532	981,2	979,3	981,0		
35,0742	1,1554	981,2	979,3	981,0		
35,0825	1,1493	981,2	979,3	980,9		
35,0908	1,1567	981,2	979,3	980,9		
35,0992	1,1633	981,2	979,3	980,9		
35,1075	1,1654	981,2	979,3	981,0		
35,1158	1,1615	981,2	979,3	981,0		
35,1242	1,1615	981,2	979,3	980,9		
35,1325	1,1607	981,2	979,4	981,1		
35,1408	1,1607	981,2	979,4	981,0		
35,1492	1,1598	981,4	979,7	981,6		
35,1575	1,1624	981,4	979,7	981,5		
35,1658	1,1633	981,3	979,6	981,2		
35,1742	1,1698	981,3	979,5	981,3		
35,1825	1,1628	981,4	979,5	981,3		
35,1908	1,1641	981,3	979,5	981,2		
35,1992	1,1668	981,3	979,5	981,2		
35,2075	1,1668	981,3	979,5	981,2		
35,2158	1,1654	981,3	979,5	981,2		
35,2242	1,1572	981,3	979,5	981,2		
35,2325	1,1654	981,3	979,4	981,2		
35,2408	1,1654	981,2	979,4	981,1		
35,2492	1,1576	981,2	979,4	981,1		
35,2575	1,1611	981,2	979,4	981,1		
35,2658	1,1659	981,3	979,4	981,1		
35,2742	1,1694	981,2	979,4	981,1		
35,2825	1,1663	981,3	979,4	981,0		
35,2908	1,1711	981,2	979,4	981,0		
35,2992	1,1681	981,2	979,3	981,0		
35,3075	1,1689	981,3	979,4	981,1		
35,3158	1,1755	981,2	979,4	981,1		
35,3242	1,1733	981,2	979,3	981,1		
35,3325	1,1646	981,2	979,3	981,0		
35,3408	1,1668	981,3	979,4	981,1		
35,3492	1,1772	981,2	979,4	981,0		
35,3575	1,1768	981,2	979,3	981,0		
35,3658	1,1733	981,2	979,4	981,0		
35,3742	1,1750	981,3	979,4	981,1		
35,3825	1,1750	981,2	979,3	981,0		
35,3908	1,1811	981,2	979,3	981,0		
35,3992	1,1733	981,2	979,3	981,0		
35,4075	1,1750	981,2	979,3	981,0		
35,4158	1,1755	981,2	979,3	980,9		
35,4242	1,1733	981,3	979,3	981,0		
35,4325	1,1811	981,2	979,3	981,0		
35,4408	1,1707	981,2	979,3	981,0		
35,4492	1,1715	981,2	979,3	980,9		
35,4575	1,1851	981,2	979,2	980,9		
35,4658	1,1794	981,2	979,3	981,0		
35,4742	1,1816	981,2	979,3	981,0		
35,4825	1,1829	981,2	979,3	981,0		
35,4908	1,1907	981,2	979,3	981,1		
35,4992	1,1768	981,2	979,4	981,1		
35,5075	1,1833	981,2	979,4	981,1		
35,5158	1,1829	981,2	979,3	981,0		
35,5242	1,1794	981,2	979,3	981,0		
35,5325	1,1894	981,2	979,3	981,0		
35,5408	1,1803	981,2	979,3	981,0		
35,5492	1,1864	981,2	979,3	981,0		
35,5575	1,1920	981,2	979,3	981,0		
35,5658	1,1842	981,2	979,4	981,0		
35,5742	1,1842	981,2	979,3	981,0		
35,5825	1,1868	981,2	979,3	981,0		
35,5908	1,1894	981,2	979,4	981,1		
35,5992	1,1781	981,2	979,3	981,0		
35,6075	1,1872	981,1	979,3	980,9		
35,6158	1,1864	981,2	979,3	981,0		
35,6242	1,1811	981,2	979,3	981,0		
35,6325	1,1894	981,2	979,3	981,1		
35,6408	1,1899	981,3	979,4	981,0		
35,6492	1,1899	981,2	979,3	980,9		
35,6575	1,1868	981,2	979,3	980,9		
35,6658	1,1885	981,2	979,3	981,0		
35,6742	1,1942	981,2	979,3	980,9		
35,6825	1,1925	981,3	979,4	981,0		
35,6908	1,1907	981,3	979,3	981,0		
35,6992	1,1916	981,2	979,4	981,0		
35,7075	1,2012	981,2	979,3	981,0		
35,7158	1,1964	981,2	979,3	981,0		
35,7242	1,1968	981,1	979,3	981,0		
35,7325	1,1942	981,3	979,3	980,9		
35,7408	1,2034	981,2	979,4	981,0		
35,7492	1,1916	981,2	979,4	981,1		
35,7575	1,1973	981,2	979,4	981,0		
35,7658	1,1907	981,2	979,3	980,9		
35,7742	1,1999	981,3	979,3	981,0		
35,7825	1,1920	981,3	979,3	981,0		
35,7908	1,2016	981,2	979,3	981,0		
35,7992	1,1951	981,2	979,3	981,0		
35,8075	1,1955	981,3	979,4	980,9		
35,8158	1,2034	981,2	979,3	981,0		
35,8242	1,2055	981,2	979,3	981,0		
35,8325	1,2042	981,2	979,3	981,0		
35,8408	1,2073	981,3	979,4	981,0		
35,8492	1,2034	981,3	979,4	981,1		
35,8575	1,2125	981,3	979,3	981,0		
35,8658	1,2029	981,2	979,3	981,1		
35,8742	1,2047	981,3	979,4	981,0		
35,8825	1,2051	981,3	979,4	981,0		
35,8908	1,2003	981,3	979,3	981,0		
35,8992	1,2038	981,3	979,3	981,0		
35,9075	1,2064	981,3	979,4	981,0		
35,9158	1,2073	981,3	979,3	981,0		
35,9242	1,2007	981,3	979,3	980,9		
35,9325	1,2012	981,3	979,4	981,1		
35,9408	1,2051	981,3	979,4	981,0		
35,9492	1,2103	981,3	979,4	981,0		
35,9575	1,2112	981,3	979,4	981,1		
35,9658	1,2095	981,2	979,4	981,0		
35,9742	1,2086	981,3	979,4	981,1		
35,9825	1,2116	981,3	979,4	981,1		
35,9908	1,2143	981,2	979,3	980,9		
35,9992	1,2138	981,2	979,3	981,0		
36,0075	1,2130	981,3	979,3	981,0		
36,0158	1,2208	981,3	979,4	981,0		
36,0242	1,2108	981,3	979,4	981,0		
36,0325	1,2204	981,2	979,3	981,0		
36,0408	1,2134	981,2	979,3	980,9		
36,0492	1,2055	981,2	979,3	980,9		
36,0575	1,2138	981,2	979,3	980,9		
36,0658	1,2103	981,2	979,3	981,0		
36,0742	1,2060	981,2	979,3	980,9		
36,0825	1,2151	981,2	979,4	981,0		
36,0908	1,2151	981,2	979,3	981,0		
36,0992	1,2230	981,2	979,4	981,1		
36,1075	1,2138	981,3	979,5	981,3		
36,1158	1,2230	981,3	979,4	981,1		
36,1242	1,2134	981,2	979,3	981,0		
36,1325	1,2151	981,3	979,4	981,0		
36,1408	1,2217	981,2	979,4	981,1		
36,1492	1,2082	981,2	979,4	981,1		
36,1575	1,2225	981,2	979,3	981,0		
36,1658	1,2182	981,2	979,4	981,0		
36,1742	1,2130	981,2	979,4	981,0		
36,1825	1,2182	981,2	979,4	981,0		
36,1908	1,2204	981,2	979,3	981,0		
36,1992	1,2199	981,2	979,4	981,0		
36,2075	1,2230	981,3	979,3	981,0		
36,2158	1,2225	981,3	979,4	981,1		
36,2242	1,2221	981,3	979,4	981,1		
36,2325	1,2238	981,3	979,4	981,1		
36,2408	1,2252	981,2	979,4	981,0		
36,2492	1,2286	981,2	979,4	981,0		
36,2575	1,2286	981,3	979,4	981,0		
36,2658	1,2225	981,2	979,3	981,1		
36,2742	1,2256	981,2	979,3	981,0		
36,2825	1,2234	981,2	979,4	981,0		
36,2908	1,2225	981,2	979,3	980,9		
36,2992	1,2234	981,3	979,4	981,1		
36,3075	1,2247	981,2	979,4	981,0		
36,3158	1,2317	981,2	979,3	981,0		
36,3242	1,2378	981,2	979,3	981,0		
36,3325	1,2291	981,3	979,4	981,0		
36,3408	1,2278	981,2	979,3	981,0		
36,3492	1,2304	981,1	979,3	981,0		
36,3575	1,2278	981,2	979,3	981,0		
36,3658	1,2256	981,2	979,3	981,0		
36,3742	1,2326	981,3	979,4	981,1		
36,3825	1,2286	981,3	979,4	981,0		
36,3908	1,2334	981,2	979,3	980,9		
36,3992	1,2265	981,2	979,3	981,0		
36,4075	1,2361	981,2	979,3	980,9		
36,4158	1,2387	981,2	979,3	981,0		
36,4242	1,2400	981,2	979,3	981,0		
36,4325	1,2382	981,1	979,3	981,0		
36,4408	1,2369	981,2	979,3	981,0		
36,4492	1,2408	981,2	979,3	981,0		
36,4575	1,2278	981,2	979,4	981,0		
36,4658	1,2365	981,2	979,3	981,0		
36,4742	1,2395	981,2	979,3	981,0		
36,4825	1,2408	981,2	979,3	981,0		
36,4908	1,2465	981,2	979,3	981,0		
36,4992	1,2491	981,2	979,3	981,0		
36,5075	1,2452	981,2	979,3	981,0		
36,5158	1,2400	981,2	979,2	981,0		
36,5242	1,2439	981,2	979,3	981,0		
36,5325	1,2443	981,2	979,3	980,9		
36,5408	1,2452	981,2	979,3	981,0		
36,5492	1,2382	981,2	979,3	981,0		
36,5575	1,2474	981,2	979,3	981,0		
36,5658	1,2522	981,2	979,3	981,0		
36,5742	1,2539	981,2	979,3	981,0		
36,5825	1,2522	981,2	979,3	981,0		
36,5908	1,2452	981,3	979,4	981,1		
36,5992	1,2439	981,2	979,3	981,0		
36,6075	1,2483	981,2	979,3	981,0		
36,6158	1,2513	981,2	979,3	981,0		
36,6242	1,2504	981,2	979,3	981,0		
36,6325	1,2487	981,2	979,3	981,0		
36,6408	1,2513	981,2	979,3	980,9		
36,6492	1,2496	981,2	979,3	980,9		
36,6575	1,2531	981,2	979,3	981,0		
36,6658	1,2496	981,3	979,4	981,0		
36,6742	1,2522	981,2	979,4	981,1		
36,6825	1,2578	981,3	979,3	981,0		
36,6908	1,2548	981,3	979,4	981,0		
36,6992	1,2657	981,2	979,4	981,0		
36,7075	1,2639	981,2	979,3	981,0		
36,7158	1,2535	981,2	979,3	980,9		
36,7242	1,2565	981,2	979,3	981,0		
36,7325	1,2513	981,3	979,4	981,0		
36,7408	1,2618	981,3	979,4	980,9		
36,7492	1,2613	981,3	979,3	981,0		
36,7575	1,2605	981,3	979,4	980,9		
36,7658	1,2578	981,2	979,3	980,9		
36,7742	1,2596	981,3	979,4	980,9		
36,7825	1,2565	981,3	979,4	981,0		
36,7908	1,2565	981,3	979,4	981,0		
36,7992	1,2631	981,4	979,4	981,0		
36,8075	1,2613	981,3	979,4	981,0		
36,8158	1,2740	981,3	979,4	981,0		
36,8242	1,2657	981,3	979,4	981,0		
36,8325	1,2714	981,3	979,4	981,0		
36,8408	1,2583	981,3	979,4	981,0		
36,8492	1,2670	981,3	979,4	981,0		
36,8575	1,2609	981,3	979,4	981,1		
36,8658	1,2696	981,3	979,4	981,0		
36,8742	1,2639	981,4	979,4	981,1		
36,8825	1,2631	981,3	979,4	981,0		
36,8908	1,2657	981,2	979,4	981,1		
36,8992	1,2692	981,3	979,4	981,0		
36,9075	1,2692	981,3	979,4	981,0		
36,9158	1,2692	981,3	979,4	981,1		
36,9242	1,2626	981,2	979,4	981,0		
36,9325	1,2635	981,3	979,4	981,0		
36,9408	1,2727	981,2	979,4	981,0		
36,9492	1,2696	981,2	979,3	981,0		
36,9575	1,2748	981,3	979,4	981,0		
36,9658	1,2626	981,2	979,4	981,0		
36,9742	1,2783	981,2	979,3	981,1		
36,9825	1,2718	981,2	979,3	981,0		
36,9908	1,2714	981,2	979,3	981,0		
36,9992	1,2757	981,2	979,3	980,9		
37,0075	1,2753	981,2	979,4	981,0		
37,0158	1,2775	981,2	979,4	981,0		
37,0242	1,2718	981,2	979,4	981,1		
37,0325	1,2775	981,2	979,4	981,1		
37,0408	1,2770	981,2	979,3	981,0		
37,0492	1,2827	981,2	979,4	981,0		
37,0575	1,2762	981,2	979,4	981,0		
37,0658	1,2775	981,3	979,4	981,0		
37,0742	1,2823	981,3	979,4	981,1		
37,0825	1,2775	981,2	979,3	981,0		
37,0908	1,2748	981,2	979,3	981,0		
37,0992	1,2775	981,2	979,4	981,0		
37,1075	1,2748	981,2	979,4	981,0		
37,1158	1,2809	981,2	979,3	981,1		
37,1242	1,2844	981,1	979,3	980,9		
37,1325	1,2818	981,1	979,3	980,9		
37,1408	1,2792	981,2	979,3	981,1		
37,1492	1,2770	981,3	979,3	981,0		
37,1575	1,2779	981,2	979,3	981,0		
37,1658	1,2844	981,2	979,3	981,0		
37,1742	1,2757	981,2	979,4	981,0		
37,1825	1,2844	981,2	979,4	981,0		
37,1908	1,2918	981,2	979,4	981,0		
37,1992	1,2888	981,2	979,3	981,0		
37,2075	1,2870	981,3	979,4	981,0		
37,2158	1,2827	981,3	979,3	981,0		
37,2242	1,2927	981,3	979,3	981,0		
37,2325	1,2770	981,2	979,3	981,0		
37,2408	1,2844	981,3	979,4	981,1		
37,2492	1,2862	981,3	979,4	981,0		
37,2575	1,2879	981,2	979,4	981,1		
37,2658	1,2823	981,2	979,4	981,0		
37,2742	1,2936	981,2	979,4	981,0		
37,2825	1,2901	981,3	979,4	981,0		
37,2908	1,2927	981,3	979,3	981,0		
37,2992	1,2975	981,3	979,4	981,0		
37,3075	1,2958	981,2	979,3	981,0		
37,3158	1,2910	981,3	979,4	981,1		
37,3242	1,2997	981,3	979,4	981,1		
37,3325	1,2949	981,3	979,4	981,1		
37,3408	1,2866	981,2	979,4	981,0		
37,3492	1,2914	981,2	979,3	981,0		
37,3575	1,2971	981,3	979,4	981,1		
37,3658	1,2971	981,2	979,3	981,0		
37,3742	1,2945	981,2	979,3	981,0		
37,3825	1,3019	981,2	979,4	981,0		
37,3908	1,2984	981,2	979,4	981,0		
37,3992	1,2940	981,3	979,3	981,0		
37,4075	1,2945	981,2	979,3	981,0		
37,4158	1,3054	981,1	979,3	980,9		
37,4242	1,3071	981,2	979,3	981,0		
37,4325	1,3019	981,2	979,3	981,0		
37,4408	1,2988	981,2	979,3	980,9		
37,4492	1,3062	981,2	979,3	981,0		
37,4575	1,2975	981,3	979,3	981,0		
37,4658	1,2953	981,2	979,3	981,0		
37,4742	1,3006	981,2	979,3	981,0		
37,4825	1,3001	981,2	979,3	981,0		
37,4908	1,2940	981,3	979,4	981,0		
37,4992	1,3040	981,3	979,3	981,0		
37,5075	1,3115	981,3	979,3	981,0		
37,5158	1,2966	981,3	979,4	981,0		
37,5242	1,3001	981,2	979,3	981,0		
37,5325	1,3067	981,3	979,3	981,0		
37,5408	1,3006	981,2	979,3	980,9		
37,5492	1,3097	981,3	979,4	981,0		
37,5575	1,3101	981,3	979,4	981,1		
37,5658	1,3093	981,3	979,4	981,0		
37,5742	1,3058	981,3	979,4	981,0		
37,5825	1,3010	981,3	979,4	981,1		
37,5908	1,3088	981,3	979,4	981,0		
37,5992	1,3123	981,3	979,4	981,0		
37,6075	1,3119	981,2	979,3	981,0		
37,6158	1,3136	981,3	979,4	981,0		
37,6242	1,3136	981,3	979,3	981,0		
37,6325	1,3176	981,2	979,3	980,9		
37,6408	1,3141	981,2	979,3	980,9		
37,6492	1,3084	981,3	979,3	981,0		
37,6575	1,3136	981,2	979,3	981,0		
37,6658	1,3180	981,2	979,3	981,0		
37,6742	1,3158	981,3	979,4	981,1		
37,6825	1,3215	981,3	979,4	981,0		
37,6908	1,3158	981,2	979,4	981,0		
37,6992	1,3202	981,2	979,4	981,1		
37,7075	1,3145	981,3	979,4	981,0		
37,7158	1,3285	981,2	979,3	981,0		
37,7242	1,3162	981,2	979,4	981,0		
37,7325	1,3202	981,2	979,3	981,0		
37,7408	1,3228	981,2	979,3	981,0		
37,7492	1,3176	981,3	979,4	981,1		
37,7575	1,3215	981,2	979,4	981,0		
37,7658	1,3219	981,2	979,4	981,0		
37,7742	1,3171	981,2	979,4	981,0		
37,7825	1,3219	981,2	979,4	981,0		
37,7908	1,3237	981,3	979,3	981,1		
37,7992	1,3263	981,3	979,4	981,1		
37,8075	1,3149	981,2	979,3	981,0		
37,8158	1,3263	981,2	979,4	981,0		
37,8242	1,3276	981,2	979,3	981,0		
37,8325	1,3285	981,2	979,3	981,0		
37,8408	1,3219	981,2	979,3	980,9		
37,8492	1,3306	981,2	979,3	981,0		
37,8575	1,3224	981,3	979,4	981,0		
37,8658	1,3337	981,2	979,4	981,0		
37,8742	1,3319	981,2	979,3	980,9		
37,8825	1,3215	981,2	979,3	981,0		
37,8908	1,3276	981,2	979,4	981,0		
37,8992	1,3311	981,2	979,3	980,9		
37,9075	1,3324	981,2	979,3	980,9		
37,9158	1,3341	981,2	979,3	980,9		
37,9242	1,3332	981,2	979,3	981,0		
37,9325	1,3341	981,2	979,3	981,0		
37,9408	1,3393	981,2	979,3	981,0		
37,9492	1,3367	981,2	979,4	981,0		
37,9575	1,3328	981,3	979,3	981,0		
37,9658	1,3346	981,2	979,3	981,0		
37,9742	1,3485	981,2	979,3	981,0		
37,9825	1,3415	981,3	979,4	981,1		
37,9908	1,3367	981,2	979,4	981,0		
37,9992	1,3424	981,2	979,3	981,0		
38,0075	1,3402	981,2	979,3	980,9		
38,0158	1,3354	981,2	979,3	981,0		
38,0242	1,3411	981,2	979,3	981,0		
38,0325	1,3489	981,2	979,3	981,0		
38,0408	1,3393	981,2	979,3	981,0		
38,0492	1,3420	981,2	979,3	981,0		
38,0575	1,3420	981,5	979,5	981,1		
38,0658	1,3389	981,5	979,5	981,1		
38,0742	1,3420	981,4	979,4	981,1		
38,0825	1,3446	981,4	979,5	981,1		
38,0908	1,3428	981,3	979,4	981,0		
38,0992	1,3446	981,4	979,4	981,1		
38,1075	1,3402	981,3	979,4	981,0		
38,1158	1,3529	981,3	979,4	981,0		
38,1242	1,3463	981,3	979,4	981,1		
38,1325	1,3476	981,3	979,4	981,0		
38,1408	1,3489	981,2	979,3	980,9		
38,1492	1,3433	981,2	979,3	981,0		
38,1575	1,3520	981,2	979,3	981,0		
38,1658	1,3559	981,1	979,3	980,9		
38,1742	1,3476	981,2	979,3	981,0		
38,1825	1,3555	981,2	979,3	981,1		
38,1908	1,3537	981,2	979,4	981,0		
38,1992	1,3476	981,2	979,3	980,9		
38,2075	1,3476	981,3	979,4	981,0		
38,2158	1,3542	981,2	979,4	981,1		
38,2242	1,3546	981,3	979,3	981,0		
38,2325	1,3529	981,1	979,4	981,1		
38,2408	1,3502	981,2	979,3	981,0		
38,2492	1,3559	981,2	979,3	981,1		
38,2575	1,3563	981,2	979,3	981,0		
38,2658	1,3533	981,2	979,3	981,0		
38,2742	1,3611	981,2	979,3	981,0		
38,2825	1,3568	981,2	979,3	981,0		
38,2908	1,3633	981,2	979,3	981,0		
38,2992	1,3694	981,2	979,3	981,0		
38,3075	1,3533	981,2	979,3	981,0		
38,3158	1,3624	981,2	979,3	981,0		
38,3242	1,3603	981,2	979,3	981,0		
38,3325	1,3563	981,2	979,3	980,9		
38,3408	1,3568	981,2	979,3	981,0		
38,3492	1,3659	981,2	979,3	981,0		
38,3575	1,3672	981,2	979,3	981,0		
38,3658	1,3624	981,2	979,3	980,9		
38,3742	1,3659	981,2	979,3	980,9		
38,3825	1,3651	981,3	979,3	981,0		
38,3908	1,3668	981,3	979,3	980,9		
38,3992	1,3611	981,2	979,3	981,0		
38,4075	1,3685	981,3	979,3	981,0		
38,4158	1,3611	981,3	979,3	981,0		
38,4242	1,3707	981,2	979,3	981,0		
38,4325	1,3642	981,3	979,4	981,0		
38,4408	1,3677	981,3	979,4	981,0		
38,4492	1,3659	981,2	979,3	980,9		
38,4575	1,3712	981,3	979,3	980,9		
38,4658	1,3699	981,3	979,3	981,0		
38,4742	1,3659	981,3	979,3	981,0		
38,4825	1,3677	981,3	979,4	981,1		
38,4908	1,3777	981,3	979,3	981,0		
38,4992	1,3690	981,3	979,3	981,0		
38,5075	1,3755	981,3	979,4	981,0		
38,5158	1,3733	981,3	979,3	981,0		
38,5242	1,3755	981,3	979,4	981,0		
38,5325	1,3707	981,3	979,3	980,9		
38,5408	1,3768	981,3	979,3	981,0		
38,5492	1,3794	981,4	979,4	981,0		
38,5575	1,3808	981,3	979,3	981,0		
38,5658	1,3755	981,3	979,4	981,0		
38,5742	1,3747	981,3	979,4	981,0		
38,5825	1,3733	981,2	979,3	981,0		
38,5908	1,3808	981,2	979,4	981,0		
38,5992	1,3842	981,2	979,4	981,1		
38,6075	1,3899	981,2	979,3	981,0		
38,6158	1,3799	981,2	979,3	981,0		
38,6242	1,3790	981,2	979,3	981,0		
38,6325	1,3864	981,2	979,3	981,0		
38,6408	1,3842	981,2	979,4	981,0		
38,6492	1,3851	981,3	979,4	981,0		
38,6575	1,3847	981,3	979,4	981,1		
38,6658	1,3838	981,3	979,4	981,1		
38,6742	1,3829	981,3	979,4	981,0		
38,6825	1,3899	981,2	979,4	981,0		
38,6908	1,3895	981,2	979,3	981,0		
38,6992	1,3886	981,2	979,4	981,1		
38,7075	1,3838	981,3	979,4	981,0		
38,7158	1,3886	981,3	979,3	981,0		
38,7242	1,3869	981,3	979,3	981,0		
38,7325	1,3899	981,3	979,4	981,0		
38,7408	1,3886	981,3	979,4	981,0		
38,7492	1,3890	981,2	979,4	981,1		
38,7575	1,3916	981,3	979,4	981,0		
38,7658	1,3890	981,2	979,3	981,0		
38,7742	1,3851	981,3	979,4	981,0		
38,7825	1,3978	981,2	979,4	981,1		
38,7908	1,3925	981,3	979,4	981,1		
38,7992	1,3943	981,3	979,4	981,0		
38,8075	1,3964	981,2	979,4	981,0		
38,8158	1,3978	981,3	979,3	981,0		
38,8242	1,3969	981,3	979,4	981,1		
38,8325	1,3956	981,3	979,4	981,1		
38,8408	1,3986	981,3	979,4	981,0		
38,8492	1,3943	981,2	979,3	981,0		
38,8575	1,3982	981,3	979,4	981,1		
38,8658	1,3986	981,3	979,4	981,1		
38,8742	1,3995	981,3	979,4	981,1		
38,8825	1,4100	981,2	979,3	981,1		
38,8908	1,4012	981,3	979,4	981,1		
38,8992	1,4017	981,2	979,4	981,0		
38,9075	1,3995	981,2	979,3	981,1		
38,9158	1,3991	981,3	979,4	981,1		
38,9242	1,4056	981,3	979,3	981,0		
38,9325	1,4025	981,2	979,3	981,0		
38,9408	1,4060	981,3	979,4	981,1		
38,9492	1,3999	981,2	979,4	981,1		
38,9575	1,4056	981,3	979,3	981,0		
38,9658	1,4047	981,3	979,4	981,1		
38,9742	1,4056	981,3	979,4	981,1		
38,9825	1,4104	981,2	979,3	981,0		
38,9908	1,4121	981,2	979,4	981,1		
38,9992	1,4091	981,2	979,4	981,0		
39,0075	1,4169	981,3	979,4	981,0		
39,0158	1,4121	981,2	979,3	981,0		
39,0242	1,4108	981,3	979,4	981,0		
39,0325	1,4086	981,2	979,4	981,0		
39,0408	1,4100	981,3	979,4	981,0		
39,0492	1,4156	981,2	979,3	981,0		
39,0575	1,4152	981,2	979,3	981,0		
39,0658	1,4156	981,2	979,3	981,0		
39,0742	1,4130	981,3	979,4	981,1		
39,0825	1,4134	981,3	979,3	981,0		
39,0908	1,4121	981,2	979,3	980,9		
39,0992	1,4178	981,3	979,3	981,0		
39,1075	1,4213	981,3	979,3	981,1		
39,1158	1,4161	981,3	979,4	981,1		
39,1242	1,4174	981,3	979,3	981,0		
39,1325	1,4182	981,3	979,3	981,0		
39,1408	1,4147	981,3	979,4	981,1		
39,1492	1,4073	981,3	979,4	981,1		
39,1575	1,4187	981,4	979,5	981,3		
39,1658	1,4178	981,5	979,7	981,7		
39,1742	1,4143	981,5	979,7	981,5		
39,1825	1,4200	981,5	979,6	981,4		
39,1908	1,4243	981,5	979,6	981,4		
39,1992	1,4187	981,4	979,6	981,4		
39,2075	1,4178	981,5	979,6	981,4		
39,2158	1,4248	981,5	979,6	981,3		
39,2242	1,4265	981,5	979,5	981,3		
39,2325	1,4213	981,4	979,5	981,2		
39,2408	1,4331	981,4	979,5	981,2		
39,2492	1,4300	981,4	979,5	981,1		
39,2575	1,4274	981,3	979,4	981,0		
39,2658	1,4261	981,3	979,4	981,1		
39,2742	1,4309	981,4	979,4	981,1		
39,2825	1,4317	981,3	979,4	981,0		
39,2908	1,4287	981,3	979,4	981,0		
39,2992	1,4287	981,3	979,3	981,0		
39,3075	1,4304	981,2	979,3	981,0		
39,3158	1,4357	981,5	979,5	981,2		
39,3242	1,4331	981,5	979,5	981,1		
39,3325	1,4331	981,4	979,4	981,0		
39,3408	1,4357	981,3	979,4	981,1		
39,3492	1,4309	981,3	979,4	981,1		
39,3575	1,4365	981,3	979,4	981,1		
39,3658	1,4392	981,2	979,3	981,0		
39,3742	1,4335	981,3	979,4	981,0		
39,3825	1,4413	981,3	979,4	981,0		
39,3908	1,4313	981,3	979,3	981,0		
39,3992	1,4413	981,3	979,4	981,0		
39,4075	1,4466	981,3	979,4	981,0		
39,4158	1,4431	981,2	979,4	981,0		
39,4242	1,4317	981,3	979,3	981,1		
39,4325	1,4418	981,3	979,4	981,0		
39,4408	1,4474	981,3	979,3	981,0		
39,4492	1,4387	981,2	979,4	981,1		
39,4575	1,4387	981,2	979,3	981,0		
39,4658	1,4331	981,2	979,3	981,0		
39,4742	1,4422	981,2	979,3	981,0		
39,4825	1,4387	981,2	979,3	981,0		
39,4908	1,4453	981,2	979,3	981,0		
39,4992	1,4435	981,2	979,3	981,0		
39,5075	1,4435	981,3	979,3	981,0		
39,5158	1,4474	981,2	979,3	981,0		
39,5242	1,4413	981,2	979,3	981,0		
39,5325	1,4431	981,1	979,3	981,0		
39,5408	1,4557	981,2	979,3	980,9		
39,5492	1,4501	981,2	979,3	981,0		
39,5575	1,4470	981,2	979,4	981,0		
39,5658	1,4461	981,3	979,4	981,1		
39,5742	1,4501	981,3	979,4	981,1		
39,5825	1,4509	981,3	979,4	981,0		
39,5908	1,4570	981,3	979,4	981,0		
39,5992	1,4522	981,3	979,4	981,1		
39,6075	1,4583	981,3	979,4	981,1		
39,6158	1,4501	981,2	979,3	981,0		
39,6242	1,4640	981,2	979,3	981,0		
39,6325	1,4614	981,2	979,3	980,9		
39,6408	1,4540	981,2	979,3	981,0		
39,6492	1,4614	981,2	979,3	981,0		
39,6575	1,4544	981,2	979,3	980,9		
39,6658	1,4535	981,2	979,3	980,9		
39,6742	1,4553	981,2	979,3	981,0		
39,6825	1,4544	981,2	979,3	980,9		
39,6908	1,4544	981,2	979,3	981,0		
39,6992	1,4575	981,3	979,4	981,0		
39,7075	1,4509	981,2	979,3	981,0		
39,7158	1,4553	981,3	979,3	981,0		
39,7242	1,4644	981,3	979,3	981,0		
39,7325	1,4575	981,3	979,3	981,0		
39,7408	1,4583	981,3	979,4	981,1		
39,7492	1,4631	981,3	979,4	981,2		
39,7575	1,4640	981,3	979,4	981,1		
39,7658	1,4583	981,3	979,4	981,0		
39,7742	1,4649	981,4	979,5	981,2		
39,7825	1,4705	981,4	979,5	981,2		
39,7908	1,4627	981,4	979,4	981,1		
39,7992	1,4644	981,4	979,4	981,1		
39,8075	1,4618	981,3	979,4	981,1		
39,8158	1,4662	981,3	979,4	981,1		
39,8242	1,4631	981,4	979,4	981,1		
39,8325	1,4684	981,3	979,4	981,1		
39,8408	1,4736	981,3	979,4	981,1		
39,8492	1,4684	981,3	979,3	981,1		
39,8575	1,4714	981,3	979,4	981,0		
39,8658	1,4749	981,3	979,3	981,1		
39,8742	1,4636	981,3	979,4	981,1		
39,8825	1,4740	981,2	979,4	981,0		
39,8908	1,4662	981,3	979,3	980,9		
39,8992	1,4714	981,3	979,4	981,1		
39,9075	1,4749	981,3	979,4	981,0		
39,9158	1,4793	981,3	979,3	981,0		
39,9242	1,4675	981,3	979,4	981,0		
39,9325	1,4723	981,2	979,3	981,1		
39,9408	1,4762	981,3	979,4	981,1		
39,9492	1,4749	981,3	979,4	981,1		
39,9575	1,4732	981,3	979,4	981,0		
39,9658	1,4775	981,2	979,3	981,0		
39,9742	1,4836	981,3	979,4	981,0		
39,9825	1,4849	981,4	979,4	981,1		
39,9908	1,4797	981,4	979,4	981,2		
39,9992	1,4784	981,3	979,4	981,0		
40,0075	1,4775	981,2	979,3	981,0		
40,0158	1,4840	981,3	979,3	981,0		
40,0242	1,4823	981,3	979,4	981,1		
40,0325	1,4801	981,3	979,4	981,1		
40,0408	1,4854	981,2	979,4	981,0		
40,0492	1,4854	981,3	979,4	981,1		
40,0575	1,4910	981,3	979,3	981,0		
40,0658	1,4771	981,3	979,3	980,9		
40,0742	1,4867	981,2	979,4	981,1		
40,0825	1,4893	981,2	979,4	981,1		
40,0908	1,4840	981,2	979,4	981,0		
40,0992	1,4897	981,3	979,4	981,0		
40,1075	1,4910	981,3	979,4	981,0		
40,1158	1,4954	981,2	979,4	981,1		
40,1242	1,4919	981,2	979,3	981,0		
40,1325	1,4941	981,2	979,4	981,0		
40,1408	1,4976	981,2	979,4	981,0		
40,1492	1,4936	981,3	979,3	981,0		
40,1575	1,4945	981,2	979,3	981,0		
40,1658	1,4901	981,4	979,4	981,2		
40,1742	1,4915	981,3	979,4	981,1		
40,1825	1,4980	981,2	979,3	981,0		
40,1908	1,5032	981,2	979,3	981,0		
40,1992	1,4993	981,3	979,4	981,1		
40,2075	1,4958	981,3	979,3	981,0		
40,2158	1,5024	981,2	979,3	980,9		
40,2242	1,5024	981,3	979,4	981,1		
40,2325	1,5032	981,2	979,4	981,0		
40,2408	1,5024	981,2	979,3	980,9		
40,2492	1,4989	981,2	979,3	981,0		
40,2575	1,4980	981,2	979,3	981,0		
40,2658	1,4993	981,2	979,3	981,0		
40,2742	1,5054	981,2	979,3	981,0		
40,2825	1,5041	981,3	979,3	981,0		
40,2908	1,5037	981,2	979,3	981,0		
40,2992	1,5045	981,2	979,3	981,0		
40,3075	1,5019	981,3	979,3	981,0		
40,3158	1,5115	981,3	979,4	981,2		
40,3242	1,5076	981,3	979,4	981,1		
40,3325	1,5080	981,3	979,3	981,1		
40,3408	1,5050	981,4	979,4	981,1		
40,3492	1,5115	981,3	979,4	981,1		
40,3575	1,5141	981,2	979,3	981,0		
40,3658	1,5085	981,3	979,3	981,0		
40,3742	1,5106	981,3	979,4	981,1		
40,3825	1,5098	981,3	979,4	981,0		
40,3908	1,5128	981,3	979,3	981,0		
40,3992	1,5163	981,3	979,4	981,1		
40,4075	1,5115	981,3	979,4	981,1		
40,4158	1,5150	981,3	979,4	981,0		
40,4242	1,5146	981,4	979,4	981,1		
40,4325	1,5141	981,3	979,4	981,1		
40,4408	1,5163	981,3	979,4	981,0		
40,4492	1,5185	981,3	979,3	981,0		
40,4575	1,5215	981,3	979,4	981,0		
40,4658	1,5224	981,3	979,5	981,1		
40,4742	1,5189	981,3	979,4	981,0		
40,4825	1,5137	981,2	979,3	981,0		
40,4908	1,5250	981,3	979,3	981,0		
40,4992	1,5167	981,3	979,3	981,0		
40,5075	1,5228	981,2	979,3	981,0		
40,5158	1,5307	981,2	979,3	980,9		
40,5242	1,5224	981,3	979,4	981,0		
40,5325	1,5307	981,3	979,3	981,0		
40,5408	1,5250	981,3	979,3	980,9		
40,5492	1,5246	981,3	979,3	981,0		
40,5575	1,5198	981,3	979,3	981,0		
40,5658	1,5246	981,3	979,4	981,1		
40,5742	1,5220	981,4	979,4	981,1		
40,5825	1,5150	981,3	979,4	981,0		
40,5908	1,5320	981,3	979,3	981,0		
40,5992	1,5294	981,3	979,4	981,1		
40,6075	1,5272	981,3	979,3	981,0		
40,6158	1,5281	981,2	979,3	981,0		
40,6242	1,5320	981,3	979,4	981,1		
40,6325	1,5272	981,4	979,4	981,0		
40,6408	1,5350	981,3	979,3	981,0		
40,6492	1,5368	981,3	979,4	981,0		
40,6575	1,5307	981,3	979,4	981,1		
40,6658	1,5359	981,3	979,4	981,0		
40,6742	1,5398	981,3	979,3	981,0		
40,6825	1,5324	981,3	979,3	981,0		
40,6908	1,5350	981,3	979,4	981,0		
40,6992	1,5355	981,3	979,4	981,0		
40,7075	1,5307	981,3	979,3	981,0		
40,7158	1,5302	981,3	979,4	981,0		
40,7242	1,5416	981,3	979,4	981,0		
40,7325	1,5363	981,3	979,4	981,1		
40,7408	1,5425	981,3	979,4	981,0		
40,7492	1,5337	981,2	979,3	980,9		
40,7575	1,5394	981,2	979,3	981,0		
40,7658	1,5359	981,3	979,4	981,1		
40,7742	1,5429	981,1	979,2	980,9		
40,7825	1,5398	981,2	979,3	980,9		
40,7908	1,5346	981,2	979,3	980,9		
40,7992	1,5420	981,3	979,2	980,9		
40,8075	1,5486	981,2	979,3	980,9		
40,8158	1,5429	981,2	979,3	980,9		
40,8242	1,5416	981,2	979,3	980,9		
40,8325	1,5507	981,2	979,3	981,0		
40,8408	1,5481	981,2	979,3	981,0		
40,8492	1,5520	981,2	979,3	981,0		
40,8575	1,5507	981,3	979,3	981,0		
40,8658	1,5507	981,2	979,3	981,0		
40,8742	1,5381	981,2	979,4	981,0		
40,8825	1,5464	981,3	979,4	981,1		
40,8908	1,5564	981,3	979,4	981,0		
40,8992	1,5581	981,2	979,4	981,0		
40,9075	1,5533	981,3	979,4	981,0		
40,9158	1,5599	981,2	979,3	981,0		
40,9242	1,5677	981,2	979,3	981,0		
40,9325	1,5564	981,3	979,4	981,1		
40,9408	1,5581	981,4	979,5	981,2		
40,9492	1,5590	981,2	979,3	980,9		
40,9575	1,5603	981,2	979,3	981,0		
40,9658	1,5599	981,2	979,3	981,0		
40,9742	1,5599	981,1	979,2	980,9		
40,9825	1,5577	981,2	979,3	981,0		
40,9908	1,5603	981,2	979,3	980,9		
40,9992	1,5590	981,2	979,3	981,0		
41,0075	1,5634	981,3	979,3	981,1		
41,0158	1,5638	981,3	979,3	981,0		
41,0242	1,5656	981,3	979,4	981,1		
41,0325	1,5616	981,2	979,3	981,0		
41,0408	1,5625	981,3	979,3	980,9		
41,0492	1,5651	981,2	979,3	981,0		
41,0575	1,5612	981,3	979,4	981,1		
41,0658	1,5677	981,2	979,3	981,0		
41,0742	1,5669	981,2	979,3	981,0		
41,0825	1,5669	981,3	979,3	981,0		
41,0908	1,5669	981,2	979,3	981,0		
41,0992	1,5721	981,3	979,3	981,0		
41,1075	1,5686	981,3	979,3	981,0		
41,1158	1,5738	981,3	979,4	981,0		
41,1242	1,5725	981,2	979,3	981,0		
41,1325	1,5756	981,3	979,4	981,0		
41,1408	1,5712	981,3	979,4	981,1		
41,1492	1,5756	981,3	979,4	981,1		
41,1575	1,5629	981,4	979,4	981,0		
41,1658	1,5686	981,3	979,4	981,1		
41,1742	1,5782	981,3	979,4	981,1		
41,1825	1,5760	981,3	979,4	981,1		
41,1908	1,5830	981,3	979,4	981,1		
41,1992	1,5791	981,3	979,4	981,1		
41,2075	1,5782	981,2	979,4	981,1		
41,2158	1,5808	981,3	979,4	981,1		
41,2242	1,5821	981,3	979,4	981,1		
41,2325	1,5808	981,2	979,4	981,1		
41,2408	1,5948	981,3	979,4	981,0		
41,2492	1,5764	981,3	979,3	981,1		
41,2575	1,5760	981,2	979,3	981,0		
41,2658	1,5773	981,3	979,3	980,9		
41,2742	1,5830	981,3	979,3	981,0		
41,2825	1,5882	981,3	979,3	981,1		
41,2908	1,5869	981,3	979,3	981,0		
41,2992	1,5778	981,3	979,4	981,1		
41,3075	1,5869	981,3	979,4	981,0		
41,3158	1,5830	981,3	979,3	981,0		
41,3242	1,5878	981,3	979,4	981,0		
41,3325	1,5839	981,3	979,3	981,0		
41,3408	1,5926	981,3	979,4	981,0		
41,3492	1,5921	981,3	979,4	981,1		
41,3575	1,5895	981,3	979,4	981,1		
41,3658	1,5812	981,3	979,4	981,0		
41,3742	1,5904	981,4	979,4	981,1		
41,3825	1,5900	981,4	979,4	981,2		
41,3908	1,5895	981,4	979,4	981,1		
41,3992	1,5939	981,3	979,3	981,0		
41,4075	1,5930	981,4	979,4	981,1		
41,4158	1,5978	981,3	979,4	981,1		
41,4242	1,5921	981,3	979,3	981,0		
41,4325	1,5939	981,4	979,4	981,1		
41,4408	1,6000	981,5	979,4	981,1		
41,4492	1,6000	981,4	979,5	981,1		
41,4575	1,5991	981,4	979,4	981,1		
41,4658	1,5995	981,4	979,4	981,1		
41,4742	1,5982	981,4	979,4	981,1		
41,4825	1,5961	981,4	979,5	981,1		
41,4908	1,6078	981,4	979,4	981,0		
41,4992	1,6017	981,4	979,4	981,1		
41,5075	1,6061	981,4	979,4	981,0		
41,5158	1,5987	981,4	979,4	981,0		
41,5242	1,6000	981,3	979,4	981,0		
41,5325	1,6039	981,3	979,4	981,0		
41,5408	1,6022	981,3	979,4	981,1		
41,5492	1,6109	981,3	979,4	981,0		
41,5575	1,6109	981,2	979,4	981,0		
41,5658	1,6118	981,4	979,5	981,2		
41,5742	1,6113	981,4	979,7	981,5		
41,5825	1,6113	981,3	979,5	981,3		
41,5908	1,6104	981,3	979,5	981,2		
41,5992	1,6135	981,3	979,5	981,2		
41,6075	1,6148	981,3	979,5	981,2		
41,6158	1,6144	981,2	979,4	981,1		
41,6242	1,6118	981,3	979,4	981,1		
41,6325	1,6100	981,3	979,5	981,1		
41,6408	1,6139	981,3	979,3	981,0		
41,6492	1,6174	981,3	979,4	981,1		
41,6575	1,6157	981,3	979,5	981,1		
41,6658	1,6187	981,3	979,4	981,0		
41,6742	1,6174	981,3	979,3	981,0		
41,6825	1,6144	981,3	979,4	981,0		
41,6908	1,6126	981,3	979,4	981,1		
41,6992	1,6200	981,2	979,3	980,9		
41,7075	1,6213	981,0	979,2	980,8		
41,7158	1,6157	981,3	979,3	981,0		
41,7242	1,6218	981,2	979,3	981,0		
41,7325	1,6200	981,2	979,3	981,0		
41,7408	1,6165	981,3	979,3	981,0		
41,7492	1,6270	981,2	979,3	981,0		
41,7575	1,6218	981,3	979,3	981,1		
41,7658	1,6274	981,3	979,3	981,0		
41,7742	1,6274	981,3	979,3	981,0		
41,7825	1,6287	981,2	979,3	981,1		
41,7908	1,6205	981,3	979,4	981,1		
41,7992	1,6261	981,3	979,4	981,1		
41,8075	1,6283	981,3	979,4	981,1		
41,8158	1,6257	981,4	979,4	981,0		
41,8242	1,6305	981,3	979,4	981,0		
41,8325	1,6266	981,2	979,3	981,1		
41,8408	1,6353	981,3	979,4	981,1		
41,8492	1,6244	981,4	979,5	981,1		
41,8575	1,6349	981,3	979,4	981,1		
41,8658	1,6296	981,3	979,4	981,1		
41,8742	1,6301	981,3	979,4	981,1		
41,8825	1,6253	981,3	979,4	981,0		
41,8908	1,6362	981,3	979,4	981,1		
41,8992	1,6366	981,2	979,4	981,0		
41,9075	1,6379	981,3	979,4	981,0		
41,9158	1,6370	981,3	979,4	981,2		
41,9242	1,6383	981,3	979,4	981,1		
41,9325	1,6392	981,3	979,3	981,0		
41,9408	1,6388	981,3	979,4	981,1		
41,9492	1,6370	981,3	979,4	981,0		
41,9575	1,6379	981,2	979,4	981,0		
41,9658	1,6392	981,3	979,4	981,0		
41,9742	1,6418	981,4	979,4	981,1		
41,9825	1,6405	981,3	979,4	981,1		
41,9908	1,6475	981,3	979,4	981,0		
41,9992	1,6479	981,2	979,3	981,0		
42,0075	1,6440	981,2	979,3	981,0		
42,0158	1,6462	981,3	979,3	981,0		
42,0242	1,6471	981,3	979,4	981,0		
42,0325	1,6440	981,3	979,4	981,0		
42,0408	1,6396	981,3	979,4	981,0		
42,0492	1,6471	981,2	979,3	981,0		
42,0575	1,6532	981,2	979,3	981,0		
42,0658	1,6545	981,2	979,3	981,0		
42,0742	1,6532	981,2	979,3	981,0		
42,0825	1,6571	981,2	979,3	981,0		
42,0908	1,6436	981,3	979,4	981,1		
42,0992	1,6532	981,2	979,4	981,1		
42,1075	1,6497	981,3	979,4	981,1		
42,1158	1,6523	981,3	979,4	981,0		
42,1242	1,6479	981,2	979,4	981,1		
42,1325	1,6584	981,2	979,4	981,1		
42,1408	1,6505	981,3	979,4	981,0		
42,1492	1,6575	981,3	979,4	981,1		
42,1575	1,6588	981,3	979,4	981,1		
42,1658	1,6623	981,3	979,3	981,0		
42,1742	1,6645	981,3	979,4	981,1		
42,1825	1,6601	981,4	979,4	981,0		
42,1908	1,6558	981,4	979,4	981,1		
42,1992	1,6667	981,4	979,4	981,1		
42,2075	1,6645	981,3	979,4	981,0		
42,2158	1,6597	981,4	979,4	981,1		
42,2242	1,6588	981,4	979,4	981,1		
42,2325	1,6641	981,4	979,4	981,1		
42,2408	1,6601	981,4	979,4	981,0		
42,2492	1,6610	981,4	979,4	981,1		
42,2575	1,6693	981,4	979,4	981,0		
42,2658	1,6641	981,4	979,4	981,1		
42,2742	1,6688	981,4	979,4	981,1		
42,2825	1,6654	981,4	979,4	981,1		
42,2908	1,6715	981,3	979,4	981,0		
42,2992	1,6641	981,3	979,4	981,0		
42,3075	1,6741	981,3	979,4	981,0		
42,3158	1,6667	981,3	979,4	981,1		
42,3242	1,6693	981,3	979,3	981,0		
42,3325	1,6728	981,3	979,4	981,1		
42,3408	1,6684	981,3	979,4	981,1		
42,3492	1,6771	981,4	979,4	981,0		
42,3575	1,6732	981,3	979,4	981,0		
42,3658	1,6719	981,3	979,3	981,0		
42,3742	1,6776	981,3	979,4	981,0		
42,3825	1,6780	981,4	979,4	981,0		
42,3908	1,6819	981,4	979,4	981,1		
42,3992	1,6802	981,3	979,4	981,0		
42,4075	1,6824	981,3	979,4	981,0		
42,4158	1,6819	981,3	979,4	981,0		
42,4242	1,6789	981,4	979,4	981,1		
42,4325	1,6906	981,3	979,4	981,1		
42,4408	1,6837	981,3	979,4	981,1		
42,4492	1,6815	981,4	979,4	981,1		
42,4575	1,6858	981,3	979,4	981,0		
42,4658	1,6872	981,3	979,4	981,1		
42,4742	1,6832	981,3	979,4	981,1		
42,4825	1,6902	981,3	979,4	981,0		
42,4908	1,6893	981,3	979,3	981,0		
42,4992	1,6876	981,3	979,3	981,0		
42,5075	1,6867	981,3	979,3	981,0		
42,5158	1,6924	981,3	979,3	981,0		
42,5242	1,6872	981,2	979,3	981,0		
42,5325	1,6972	981,3	979,4	981,0		
42,5408	1,6872	981,3	979,4	981,0		
42,5492	1,6906	981,4	979,4	981,0		
42,5575	1,6933	981,3	979,3	981,0		
42,5658	1,6915	981,3	979,3	981,0		
42,5742	1,6906	981,3	979,4	981,0		
42,5825	1,6946	981,3	979,3	980,9		
42,5908	1,6937	981,2	979,3	980,9		
42,5992	1,6950	981,3	979,3	981,0		
42,6075	1,7046	981,3	979,3	981,0		
42,6158	1,6933	981,3	979,3	981,0		
42,6242	1,6959	981,3	979,4	981,1		
42,6325	1,6937	981,4	979,6	981,4		
42,6408	1,7024	981,4	979,5	981,3		
42,6492	1,6972	981,3	979,4	981,1		
42,6575	1,7002	981,3	979,4	981,2		
42,6658	1,7007	981,4	979,5	981,2		
42,6742	1,7072	981,4	979,4	981,1		
42,6825	1,7089	981,3	979,4	981,1		
42,6908	1,7046	981,3	979,4	981,1		
42,6992	1,7089	981,3	979,4	981,1		
42,7075	1,7094	981,3	979,4	981,1		
42,7158	1,7041	981,3	979,4	981,1		
42,7242	1,7190	981,2	979,3	981,0		
42,7325	1,7103	981,4	979,4	981,1		
42,7408	1,7037	981,4	979,4	981,1		
42,7492	1,7085	981,3	979,3	981,0		
42,7575	1,7041	981,3	979,4	981,1		
42,7658	1,7137	981,3	979,3	981,0		
42,7742	1,7107	981,3	979,3	981,0		
42,7825	1,7159	981,3	979,4	981,0		
42,7908	1,7081	981,3	979,3	981,0		
42,7992	1,7181	981,3	979,3	980,9		
42,8075	1,7142	981,3	979,3	981,0		
42,8158	1,7142	981,3	979,3	981,0		
42,8242	1,7168	981,2	979,3	981,0		
42,8325	1,7181	981,3	979,4	981,1		
42,8408	1,7146	981,4	979,5	981,1		
42,8492	1,7181	981,4	979,4	981,1		
42,8575	1,7238	981,5	979,4	981,1		
42,8658	1,7133	981,4	979,4	981,0		
42,8742	1,7203	981,3	979,3	981,0		
42,8825	1,7216	981,4	979,4	981,0		
42,8908	1,7190	981,4	979,4	981,1		
42,8992	1,7233	981,4	979,4	981,0		
42,9075	1,7251	981,4	979,3	981,1		
42,9158	1,7242	981,4	979,3	981,0		
42,9242	1,7194	981,3	979,3	980,9		
42,9325	1,7325	981,3	979,3	981,0		
42,9408	1,7264	981,3	979,4	981,0		
42,9492	1,7229	981,4	979,3	981,0		
42,9575	1,7246	981,4	979,3	981,0		
42,9658	1,7294	981,4	979,3	981,0		
42,9742	1,7277	981,4	979,3	981,0		
42,9825	1,7286	981,3	979,4	981,0		
42,9908	1,7299	981,3	979,3	981,0		
42,9992	1,7360	981,3	979,3	981,0		
43,0075	1,7329	981,3	979,3	981,0		
43,0158	1,7347	981,3	979,4	981,0		
43,0242	1,7373	981,4	979,4	981,0		
43,0325	1,7412	981,3	979,4	981,1		
43,0408	1,7233	981,3	979,4	981,0		
43,0492	1,7360	981,3	979,3	981,0		
43,0575	1,7351	981,4	979,4	981,1		
43,0658	1,7364	981,4	979,5	981,1		
43,0742	1,7403	981,4	979,4	981,0		
43,0825	1,7360	981,3	979,4	980,9		
43,0908	1,7408	981,3	979,4	981,0		
43,0992	1,7316	981,4	979,4	981,1		
43,1075	1,7399	981,3	979,3	980,9		
43,1158	1,7395	981,3	979,3	980,9		
43,1242	1,7381	981,3	979,4	981,1		
43,1325	1,7425	981,3	979,4	981,1		
43,1408	1,7447	981,3	979,3	981,0		
43,1492	1,7460	981,3	979,3	981,0		
43,1575	1,7464	981,3	979,3	981,0		
43,1658	1,7499	981,3	979,4	981,0		
43,1742	1,7434	981,3	979,4	981,0		
43,1825	1,7503	981,3	979,3	981,0		
43,1908	1,7473	981,3	979,3	981,0		
43,1992	1,7447	981,3	979,4	981,1		
43,2075	1,7490	981,3	979,3	981,0		
43,2158	1,7547	981,3	979,3	981,0		
43,2242	1,7503	981,3	979,3	981,1		
43,2325	1,7525	981,3	979,4	981,0		
43,2408	1,7521	981,3	979,4	981,1		
43,2492	1,7517	981,3	979,4	981,0		
43,2575	1,7530	981,4	979,4	981,1		
43,2658	1,7569	981,3	979,3	981,1		
43,2742	1,7543	981,4	979,4	981,1		
43,2825	1,7643	981,3	979,3	981,0		
43,2908	1,7573	981,4	979,4	981,1		
43,2992	1,7617	981,3	979,4	981,1		
43,3075	1,7626	981,3	979,3	981,0		
43,3158	1,7547	981,3	979,4	981,1		
43,3242	1,7578	981,3	979,4	981,1		
43,3325	1,7617	981,3	979,3	981,1		
43,3408	1,7556	981,3	979,4	981,0		
43,3492	1,7626	981,3	979,4	981,1		
43,3575	1,7617	981,3	979,4	981,0		
43,3658	1,7691	981,3	979,4	981,1		
43,3742	1,7591	981,3	979,4	981,0		
43,3825	1,7639	981,3	979,4	981,0		
43,3908	1,7673	981,3	979,3	981,1		
43,3992	1,7643	981,3	979,4	981,0		
43,4075	1,7682	981,3	979,4	981,0		
43,4158	1,7713	981,3	979,3	981,0		
43,4242	1,7708	981,2	979,3	980,9		
43,4325	1,7748	981,3	979,4	981,0		
43,4408	1,7791	981,4	979,4	981,1		
43,4492	1,7721	981,3	979,3	981,0		
43,4575	1,7726	981,2	979,3	981,0		
43,4658	1,7787	981,3	979,3	981,0		
43,4742	1,7708	981,3	979,3	981,0		
43,4825	1,7782	981,3	979,4	981,0		
43,4908	1,7756	981,3	979,4	981,1		
43,4992	1,7791	981,3	979,3	981,0		
43,5075	1,7826	981,3	979,3	981,0		
43,5158	1,7809	981,3	979,4	981,1		
43,5242	1,7769	981,3	979,3	981,0		
43,5325	1,7769	981,3	979,4	981,0		
43,5408	1,7830	981,3	979,3	981,1		
43,5492	1,7822	981,3	979,4	981,1		
43,5575	1,7804	981,3	979,3	981,0		
43,5658	1,7791	981,3	979,4	981,1		
43,5742	1,7822	981,3	979,4	981,1		
43,5825	1,7822	981,3	979,4	981,0		
43,5908	1,7839	981,3	979,4	981,0		
43,5992	1,7848	981,3	979,4	981,0		
43,6075	1,7804	981,4	979,4	981,0		
43,6158	1,7935	981,4	979,4	981,0		
43,6242	1,7857	981,3	979,4	981,0		
43,6325	1,7852	981,3	979,3	981,0		
43,6408	1,7861	981,3	979,3	981,0		
43,6492	1,7865	981,3	979,3	981,1		
43,6575	1,7900	981,4	979,6	981,4		
43,6658	1,7878	981,3	979,5	981,2		
43,6742	1,7931	981,4	979,5	981,2		
43,6825	1,7918	981,4	979,5	981,2		
43,6908	1,7922	981,4	979,4	981,2		
43,6992	1,7887	981,4	979,5	981,2		
43,7075	1,7891	981,4	979,4	981,1		
43,7158	1,7944	981,4	979,4	981,2		
43,7242	1,7952	981,4	979,4	981,1		
43,7325	1,7870	981,4	979,4	981,1		
43,7408	1,7952	981,5	979,5	981,2		
43,7492	1,8022	981,4	979,4	981,1		
43,7575	1,7835	981,4	979,4	981,0		
43,7658	1,8040	981,4	979,4	981,2		
43,7742	1,7983	981,4	979,4	981,1		
43,7825	1,8026	981,4	979,4	981,1		
43,7908	1,7970	981,3	979,4	981,1		
43,7992	1,8048	981,4	979,4	981,0		
43,8075	1,8044	981,3	979,4	981,0		
43,8158	1,8022	981,4	979,4	981,0		
43,8242	1,8118	981,4	979,4	981,0		
43,8325	1,8114	981,3	979,3	981,0		
43,8408	1,7992	981,3	979,4	981,0		
43,8492	1,8092	981,4	979,4	981,0		
43,8575	1,8114	981,3	979,3	981,0		
43,8658	1,8114	981,2	979,3	980,9		
43,8742	1,8053	981,3	979,4	981,0		
43,8825	1,8140	981,3	979,4	981,0		
43,8908	1,8118	981,3	979,4	980,9		
43,8992	1,8105	981,3	979,3	981,0		
43,9075	1,8192	981,3	979,3	981,0		
43,9158	1,8188	981,3	979,3	981,0		
43,9242	1,8101	981,4	979,4	981,1		
43,9325	1,8079	981,3	979,4	981,0		
43,9408	1,8179	981,4	979,4	981,0		
43,9492	1,8218	981,3	979,3	981,0		
43,9575	1,8162	981,3	979,4	981,1		
43,9658	1,8201	981,3	979,3	981,0		
43,9742	1,8236	981,3	979,3	981,0		
43,9825	1,8196	981,3	979,3	981,0		
43,9908	1,8231	981,3	979,4	981,0		
43,9992	1,8288	981,3	979,3	981,0		
44,0075	1,8210	981,3	979,3	981,0		
44,0158	1,8205	981,3	979,3	981,0		
44,0242	1,8135	981,4	979,4	981,1		
44,0325	1,8253	981,3	979,3	981,0		
44,0408	1,8279	981,3	979,3	981,0		
44,0492	1,8262	981,4	979,4	981,0		
44,0575	1,8271	981,3	979,4	981,1		
44,0658	1,8231	981,3	979,4	981,1		
44,0742	1,8305	981,3	979,3	981,1		
44,0825	1,8253	981,4	979,3	981,0		
44,0908	1,8358	981,3	979,3	981,0		
44,0992	1,8262	981,4	979,4	981,1		
44,1075	1,8406	981,3	979,4	981,1		
44,1158	1,8271	981,3	979,3	980,9		
44,1242	1,8371	981,3	979,4	981,1		
44,1325	1,8257	981,3	979,3	981,0		
44,1408	1,8349	981,3	979,3	981,0		
44,1492	1,8441	981,3	979,3	981,1		
44,1575	1,8414	981,4	979,4	981,1		
44,1658	1,8362	981,2	979,3	981,0		
44,1742	1,8332	981,3	979,4	981,1		
44,1825	1,8362	981,3	979,3	981,0		
44,1908	1,8445	981,3	979,3	981,1		
44,1992	1,8480	981,3	979,4	981,1		
44,2075	1,8419	981,2	979,3	981,0		
44,2158	1,8458	981,3	979,3	980,9		
44,2242	1,8436	981,3	979,3	980,9		
44,2325	1,8406	981,3	979,4	981,0		
44,2408	1,8480	981,3	979,4	981,0		
44,2492	1,8445	981,3	979,3	981,0		
44,2575	1,8493	981,3	979,3	981,0		
44,2658	1,8497	981,3	979,4	981,0		
44,2742	1,8467	981,3	979,3	981,0		
44,2825	1,8532	981,3	979,4	981,0		
44,2908	1,8536	981,3	979,3	981,0		
44,2992	1,8536	981,3	979,3	981,1		
44,3075	1,8554	981,3	979,4	981,0		
44,3158	1,8550	981,3	979,4	981,0		
44,3242	1,8563	981,3	979,3	981,1		
44,3325	1,8584	981,4	979,4	981,1		
44,3408	1,8580	981,3	979,4	981,1		
44,3492	1,8593	981,2	979,4	981,0		
44,3575	1,8602	981,4	979,4	981,1		
44,3658	1,8567	981,3	979,4	981,1		
44,3742	1,8580	981,3	979,4	981,1		
44,3825	1,8567	981,2	979,3	981,0		
44,3908	1,8589	981,3	979,3	981,1		
44,3992	1,8597	981,4	979,4	981,1		
44,4075	1,8593	981,4	979,4	981,0		
44,4158	1,8672	981,4	979,3	981,0		
44,4242	1,8606	981,3	979,4	981,1		
44,4325	1,8576	981,4	979,4	981,1		
44,4408	1,8606	981,3	979,4	981,0		
44,4492	1,8650	981,4	979,3	981,0		
44,4575	1,8663	981,4	979,4	981,0		
44,4658	1,8702	981,4	979,4	981,1		
44,4742	1,8632	981,5	979,5	981,1		
44,4825	1,8685	981,4	979,4	981,1		
44,4908	1,8637	981,4	979,4	981,1		
44,4992	1,8676	981,4	979,4	981,1		
44,5075	1,8794	981,4	979,4	981,1		
44,5158	1,8702	981,4	979,5	981,1		
44,5242	1,8689	981,4	979,4	981,1		
44,5325	1,8689	981,4	979,4	981,1		
44,5408	1,8663	981,4	979,4	981,0		
44,5492	1,8798	981,4	979,4	981,1		
44,5575	1,8815	981,3	979,4	981,0		
44,5658	1,8850	981,3	979,3	981,0		
44,5742	1,8785	981,4	979,4	981,0		
44,5825	1,8794	981,3	979,3	981,0		
44,5908	1,8763	981,3	979,4	981,0		
44,5992	1,8842	981,3	979,3	981,0		
44,6075	1,8820	981,3	979,4	981,0		
44,6158	1,8815	981,3	979,4	981,1		
44,6242	1,8798	981,3	979,3	980,9		
44,6325	1,8859	981,4	979,4	981,1		
44,6408	1,8815	981,4	979,4	981,1		
44,6492	1,8855	981,3	979,4	981,0		
44,6575	1,8881	981,2	979,4	981,0		
44,6658	1,8876	981,3	979,3	981,0		
44,6742	1,8903	981,2	979,3	981,0		
44,6825	1,8885	981,3	979,4	981,0		
44,6908	1,8933	981,3	979,4	981,0		
44,6992	1,8885	981,3	979,4	981,1		
44,7075	1,8876	981,3	979,4	981,0		
44,7158	1,8942	981,3	979,3	981,0		
44,7242	1,8959	981,4	979,5	981,1		
44,7325	1,8959	981,4	979,4	981,0		
44,7408	1,8994	981,4	979,4	981,0		
44,7492	1,9020	981,3	979,4	981,1		
44,7575	1,8981	981,3	979,4	981,0		
44,7658	1,9025	981,3	979,3	981,0		
44,7742	1,8955	981,3	979,3	981,0		
44,7825	1,8929	981,3	979,4	981,0		
44,7908	1,9042	981,4	979,5	981,2		
44,7992	1,8964	981,3	979,4	981,1		
44,8075	1,9016	981,3	979,4	981,1		
44,8158	1,9007	981,3	979,4	981,0		
44,8242	1,9042	981,3	979,3	981,0		
44,8325	1,9033	981,2	979,4	981,1		
44,8408	1,9025	981,3	979,4	981,1		
44,8492	1,9151	981,3	979,4	981,1		
44,8575	1,9007	981,3	979,4	981,1		
44,8658	1,9020	981,4	979,4	981,0		
44,8742	1,9107	981,4	979,4	981,0		
44,8825	1,9129	981,4	979,4	981,1		
44,8908	1,9177	981,3	979,4	981,0		
44,8992	1,9164	981,2	979,3	981,0		
44,9075	1,9164	981,3	979,4	981,1		
44,9158	1,9168	981,4	979,4	981,1		
44,9242	1,9203	981,4	979,4	981,1		
44,9325	1,9190	981,3	979,4	981,1		
44,9408	1,9212	981,3	979,4	981,1		
44,9492	1,9164	981,3	979,4	981,0		
44,9575	1,9229	981,4	979,4	981,0		
44,9658	1,9107	981,3	979,4	981,0		
44,9742	1,9238	981,3	979,3	981,0		
44,9825	1,9251	981,3	979,4	981,1		
44,9908	1,9212	981,4	979,4	981,1		
44,9992	1,9164	981,3	979,4	981,1		
45,0075	1,9125	981,3	979,4	981,1		
45,0158	1,9321	981,4	979,4	981,1		
45,0242	1,9260	981,3	979,4	981,1		
45,0325	1,9295	981,3	979,4	981,0		
45,0408	1,9173	981,3	979,3	981,0		
45,0492	1,9299	981,3	979,3	981,0		
45,0575	1,9325	981,3	979,3	981,0		
45,0658	1,9312	981,3	979,3	981,0		
45,0742	1,9286	981,2	979,3	980,9		
45,0825	1,9273	981,4	979,3	981,0		
45,0908	1,9330	981,3	979,4	981,0		
45,0992	1,9321	981,3	979,3	981,0		
45,1075	1,9221	981,3	979,3	981,0		
45,1158	1,9308	981,3	979,3	981,0		
45,1242	1,9421	981,4	979,3	981,0		
45,1325	1,9351	981,4	979,4	981,0		
45,1408	1,9369	981,4	979,4	981,0		
45,1492	1,9378	981,4	979,4	981,1		
45,1575	1,9338	981,4	979,4	981,1		
45,1658	1,9404	981,3	979,3	981,0		
45,1742	1,9356	981,4	979,3	981,0		
45,1825	1,9347	981,3	979,4	981,0		
45,1908	1,9465	981,3	979,3	980,9		
45,1992	1,9382	981,4	979,3	981,0		
45,2075	1,9399	981,4	979,4	980,9		
45,2158	1,9430	981,5	979,5	981,3		
45,2242	1,9386	981,5	979,5	981,3		
45,2325	1,9521	981,4	979,4	981,1		
45,2408	1,9434	981,5	979,5	981,2		
45,2492	1,9504	981,4	979,5	981,3		
45,2575	1,9452	981,5	979,6	981,2		
45,2658	1,9517	981,5	979,5	981,2		
45,2742	1,9482	981,4	979,4	981,1		
45,2825	1,9548	981,4	979,5	981,1		
45,2908	1,9478	981,5	979,5	981,1		
45,2992	1,9469	981,4	979,4	981,1		
45,3075	1,9622	981,4	979,4	981,1		
45,3158	1,9513	981,4	979,4	981,1		
45,3242	1,9600	981,4	979,4	981,0		
45,3325	1,9596	981,3	979,4	981,1		
45,3408	1,9565	981,4	979,4	981,0		
45,3492	1,9582	981,3	979,3	981,0		
45,3575	1,9587	981,4	979,4	981,1		
45,3658	1,9617	981,4	979,4	981,1		
45,3742	1,9609	981,3	979,4	981,1		
45,3825	1,9635	981,4	979,4	981,1		
45,3908	1,9587	981,4	979,4	981,1		
45,3992	1,9661	981,4	979,4	981,1		
45,4075	1,9635	981,3	979,4	981,0		
45,4158	1,9704	981,4	979,4	981,0		
45,4242	1,9678	981,4	979,4	981,1		
45,4325	1,9596	981,3	979,4	981,1		
45,4408	1,9687	981,3	979,4	981,1		
45,4492	1,9648	981,4	979,4	981,1		
45,4575	1,9718	981,3	979,4	981,0		
45,4658	1,9704	981,3	979,4	981,1		
45,4742	1,9704	981,3	979,4	981,1		
45,4825	1,9731	981,3	979,4	981,1		
45,4908	1,9704	981,4	979,4	981,1		
45,4992	1,9783	981,3	979,4	981,1		
45,5075	1,9770	981,3	979,4	981,1		
45,5158	1,9718	981,4	979,4	981,1		
45,5242	1,9770	981,4	979,5	981,1		
45,5325	1,9805	981,3	979,4	981,1		
45,5408	1,9757	981,3	979,4	981,0		
45,5492	1,9853	981,4	979,4	981,1		
45,5575	1,9831	981,3	979,4	981,1		
45,5658	1,9840	981,4	979,4	981,1		
45,5742	1,9853	981,2	979,3	981,0		
45,5825	1,9800	981,3	979,4	981,1		
45,5908	1,9892	981,3	979,4	981,1		
45,5992	1,9827	981,3	979,4	981,1		
45,6075	1,9857	981,3	979,4	981,1		
45,6158	1,9922	981,4	979,4	981,1		
45,6242	1,9896	981,3	979,4	981,1		
45,6325	1,9874	981,4	979,4	981,1		
45,6408	1,9940	981,3	979,4	981,0		
45,6492	1,9909	981,3	979,4	981,1		
45,6575	1,9944	981,4	979,4	981,1		
45,6658	1,9935	981,4	979,4	981,1		
45,6742	1,9861	981,3	979,4	981,1		
45,6825	1,9922	981,3	979,4	981,0		
45,6908	2,0014	981,3	979,4	981,1		
45,6992	1,9922	981,3	979,4	981,0		
45,7075	1,9975	981,3	979,4	981,0		
45,7158	2,0040	981,3	979,3	981,0		
45,7242	1,9944	981,3	979,3	981,0		
45,7325	1,9975	981,3	979,3	981,1		
45,7408	1,9975	981,4	979,4	981,0		
45,7492	2,0040	981,4	979,4	981,0		
45,7575	1,9927	981,4	979,4	981,0		
45,7658	1,9970	981,3	979,4	981,0		
45,7742	1,9988	981,3	979,3	981,0		
45,7825	2,0053	981,4	979,3	981,0		
45,7908	2,0066	981,4	979,4	981,1		
45,7992	2,0053	981,4	979,4	981,0		
45,8075	2,0114	981,3	979,3	981,0		
45,8158	2,0010	981,3	979,4	981,1		
45,8242	2,0119	981,4	979,4	981,0		
45,8325	2,0031	981,3	979,4	981,0		
45,8408	2,0044	981,3	979,4	981,1		
45,8492	2,0053	981,4	979,4	981,0		
45,8575	2,0136	981,4	979,4	981,1		
45,8658	2,0062	981,4	979,4	981,1		
45,8742	2,0232	981,4	979,3	981,0		
45,8825	2,0114	981,5	979,4	981,1		
45,8908	2,0123	981,5	979,4	981,1		
45,8992	2,0145	981,3	979,3	980,9		
45,9075	2,0284	981,3	979,4	981,0		
45,9158	2,0158	981,4	979,4	981,0		
45,9242	2,0158	981,4	979,3	980,9		
45,9325	2,0127	981,3	979,3	980,9		
45,9408	2,0158	981,4	979,4	981,0		
45,9492	2,0223	981,3	979,4	981,0		
45,9575	2,0145	981,4	979,4	981,0		
45,9658	2,0228	981,4	979,3	981,0		
45,9742	2,0280	981,3	979,4	981,0		
45,9825	2,0245	981,3	979,4	981,0		
45,9908	2,0223	981,4	979,4	981,0		
45,9992	2,0271	981,4	979,4	981,0		
46,0075	2,0262	981,4	979,4	981,0		
46,0158	2,0219	981,3	979,3	981,1		
46,0242	2,0280	981,5	979,4	981,1		
46,0325	2,0289	981,4	979,4	981,0		
46,0408	2,0354	981,3	979,4	981,1		
46,0492	2,0280	981,3	979,4	981,0		
46,0575	2,0323	981,3	979,4	981,0		
46,0658	2,0315	981,4	979,3	981,0		
46,0742	2,0371	981,3	979,4	981,1		
46,0825	2,0341	981,3	979,4	981,0		
46,0908	2,0363	981,3	979,4	981,1		
46,0992	2,0302	981,4	979,4	981,0		
46,1075	2,0428	981,4	979,4	981,1		
46,1158	2,0350	981,3	979,4	981,0		
46,1242	2,0328	981,4	979,4	981,0		
46,1325	2,0354	981,4	979,4	981,1		
46,1408	2,0289	981,3	979,4	981,1		
46,1492	2,0520	981,3	979,4	981,0		
46,1575	2,0467	981,3	979,4	981,1		
46,1658	2,0472	981,4	979,4	981,1		
46,1742	2,0437	981,4	979,4	981,0		
46,1825	2,0415	981,3	979,3	981,0		
46,1908	2,0533	981,4	979,4	981,1		
46,1992	2,0511	981,3	979,4	981,1		
46,2075	2,0463	981,3	979,4	981,1		
46,2158	2,0489	981,3	979,4	981,2		
46,2242	2,0554	981,4	979,4	981,1		
46,2325	2,0563	981,4	979,4	981,0		
46,2408	2,0493	981,4	979,4	981,1		
46,2492	2,0598	981,4	979,4	981,1		
46,2575	2,0598	981,3	979,4	981,0		
46,2658	2,0515	981,3	979,4	981,1		
46,2742	2,0476	981,3	979,4	981,1		
46,2825	2,0589	981,4	979,4	981,0		
46,2908	2,0615	981,4	979,4	981,1		
46,2992	2,0520	981,4	979,4	981,1		
46,3075	2,0602	981,4	979,4	981,1		
46,3158	2,0642	981,4	979,4	981,1		
46,3242	2,0515	981,4	979,4	981,1		
46,3325	2,0537	981,4	979,4	981,1		
46,3408	2,0633	981,4	979,4	981,1		
46,3492	2,0585	981,4	979,4	981,1		
46,3575	2,0729	981,5	979,4	981,1		
46,3658	2,0615	981,5	979,5	981,2		
46,3742	2,0681	981,5	979,4	981,1		
46,3825	2,0707	981,4	979,4	981,0		
46,3908	2,0642	981,4	979,4	981,1		
46,3992	2,0685	981,4	979,4	981,1		
46,4075	2,0694	981,4	979,4	981,1		
46,4158	2,0676	981,4	979,3	981,0		
46,4242	2,0690	981,4	979,4	981,1		
46,4325	2,0668	981,5	979,5	981,2		
46,4408	2,0742	981,4	979,4	981,0		
46,4492	2,0798	981,4	979,3	981,0		
46,4575	2,0742	981,4	979,4	981,1		
46,4658	2,0807	981,5	979,5	981,1		
46,4742	2,0772	981,3	979,4	981,0		
46,4825	2,0711	981,4	979,3	981,0		
46,4908	2,0890	981,4	979,4	981,1		
46,4992	2,0825	981,4	979,4	981,1		
46,5075	2,0855	981,4	979,4	981,1		
46,5158	2,0825	981,4	979,4	981,1		
46,5242	2,0833	981,4	979,4	981,1		
46,5325	2,0912	981,4	979,4	981,1		
46,5408	2,0868	981,4	979,4	981,0		
46,5492	2,0929	981,4	979,4	981,0		
46,5575	2,0916	981,4	979,4	981,1		
46,5658	2,0890	981,4	979,4	981,1		
46,5742	2,0877	981,4	979,4	981,0		
46,5825	2,0912	981,3	979,4	981,0		
46,5908	2,0916	981,4	979,4	981,1		
46,5992	2,0955	981,4	979,4	981,1		
46,6075	2,0968	981,3	979,5	981,1		
46,6158	2,0982	981,4	979,4	981,1		
46,6242	2,0964	981,4	979,4	981,1		
46,6325	2,0934	981,3	979,4	981,1		
46,6408	2,0868	981,4	979,4	981,0		
46,6492	2,1021	981,4	979,4	981,2		
46,6575	2,0929	981,4	979,4	981,1		
46,6658	2,1012	981,4	979,4	981,1		
46,6742	2,1077	981,4	979,4	981,1		
46,6825	2,1043	981,4	979,5	981,1		
46,6908	2,1043	981,4	979,4	981,1		
46,6992	2,1047	981,4	979,4	981,0		
46,7075	2,1034	981,3	979,4	981,0		
46,7158	2,1064	981,4	979,5	981,4		
46,7242	2,1099	981,5	979,6	981,4		
46,7325	2,1064	981,5	979,5	981,2		
46,7408	2,1047	981,4	979,5	981,2		
46,7492	2,1090	981,4	979,5	981,2		
46,7575	2,1064	981,5	979,5	981,2		
46,7658	2,1043	981,4	979,5	981,2		
46,7742	2,1151	981,4	979,4	981,1		
46,7825	2,1117	981,4	979,5	981,2		
46,7908	2,1156	981,4	979,4	981,2		
46,7992	2,1156	981,4	979,5	981,2		
46,8075	2,1169	981,4	979,5	981,1		
46,8158	2,1208	981,4	979,5	981,2		
46,8242	2,1291	981,4	979,4	981,1		
46,8325	2,1243	981,4	979,4	981,1		
46,8408	2,1173	981,3	979,4	981,1		
46,8492	2,1195	981,3	979,4	981,1		
46,8575	2,1348	981,4	979,4	981,1		
46,8658	2,1230	981,4	979,4	981,1		
46,8742	2,1274	981,4	979,4	981,1		
46,8825	2,1265	981,4	979,4	981,1		
46,8908	2,1278	981,4	979,4	981,1		
46,8992	2,1291	981,4	979,5	981,1		
46,9075	2,1321	981,4	979,5	981,2		
46,9158	2,1278	981,4	979,4	981,0		
46,9242	2,1361	981,4	979,4	981,1		
46,9325	2,1226	981,4	979,4	981,0		
46,9408	2,1391	981,4	979,4	981,1		
46,9492	2,1348	981,4	979,4	981,1		
46,9575	2,1365	981,4	979,4	981,1		
46,9658	2,1382	981,4	979,4	981,1		
46,9742	2,1361	981,4	979,5	981,1		
46,9825	2,1400	981,4	979,4	981,0		
46,9908	2,1335	981,4	979,4	981,1		
46,9992	2,1369	981,4	979,4	981,1		
47,0075	2,1391	981,4	979,4	981,0		
47,0158	2,1409	981,4	979,4	981,1		
47,0242	2,1430	981,3	979,4	981,1		
47,0325	2,1430	981,4	979,4	981,1		
47,0408	2,1413	981,4	979,4	981,1		
47,0492	2,1444	981,4	979,4	981,1		
47,0575	2,1430	981,4	979,4	981,1		
47,0658	2,1461	981,4	979,5	981,2		
47,0742	2,1491	981,5	979,4	981,1		
47,0825	2,1465	981,5	979,4	981,1		
47,0908	2,1448	981,5	979,4	981,1		
47,0992	2,1409	981,5	979,4	981,0		
47,1075	2,1518	981,4	979,4	981,1		
47,1158	2,1478	981,4	979,4	981,1		
47,1242	2,1566	981,4	979,4	981,1		
47,1325	2,1470	981,5	979,5	981,1		
47,1408	2,1566	981,4	979,4	981,1		
47,1492	2,1548	981,5	979,4	981,1		
47,1575	2,1570	981,4	979,4	981,0		
47,1658	2,1522	981,4	979,4	981,1		
47,1742	2,1548	981,5	979,4	981,2		
47,1825	2,1544	981,5	979,4	981,1		
47,1908	2,1596	981,4	979,4	981,0		
47,1992	2,1635	981,5	979,5	981,1		
47,2075	2,1613	981,4	979,4	981,0		
47,2158	2,1587	981,4	979,4	981,0		
47,2242	2,1640	981,4	979,4	981,0		
47,2325	2,1627	981,5	979,4	981,0		
47,2408	2,1727	981,4	979,5	981,1		
47,2492	2,1657	981,4	979,4	981,0		
47,2575	2,1683	981,4	979,4	981,0		
47,2658	2,1679	981,3	979,4	981,1		
47,2742	2,1696	981,4	979,4	981,0		
47,2825	2,1766	981,4	979,4	981,1		
47,2908	2,1762	981,5	979,5	981,0		
47,2992	2,1792	981,4	979,4	981,1		
47,3075	2,1753	981,4	979,4	981,0		
47,3158	2,1753	981,4	979,3	980,9		
47,3242	2,1818	981,3	979,4	981,0		
47,3325	2,1783	981,4	979,4	981,0		
47,3408	2,1749	981,4	979,4	981,0		
47,3492	2,1866	981,4	979,4	981,0		
47,3575	2,1683	981,4	979,4	981,0		
47,3658	2,1801	981,3	979,3	981,0		
47,3742	2,1770	981,4	979,4	981,1		
47,3825	2,1836	981,4	979,4	981,1		
47,3908	2,1919	981,4	979,4	981,0		
47,3992	2,1901	981,4	979,3	981,0		
47,4075	2,1906	981,4	979,4	981,1		
47,4158	2,1866	981,4	979,4	981,1		
47,4242	2,1914	981,4	979,4	981,0		
47,4325	2,1871	981,4	979,4	981,1		
47,4408	2,1945	981,4	979,4	981,1		
47,4492	2,1901	981,3	979,4	981,1		
47,4575	2,1858	981,4	979,4	981,1		
47,4658	2,1914	981,3	979,4	981,1		
47,4742	2,1932	981,4	979,4	981,1		
47,4825	2,1927	981,4	979,4	981,1		
47,4908	2,1967	981,4	979,4	981,1		
47,4992	2,1953	981,4	979,4	981,1		
47,5075	2,1975	981,4	979,4	981,2		
47,5158	2,1927	981,4	979,4	981,1		
47,5242	2,2001	981,4	979,4	981,1		
47,5325	2,1980	981,4	979,4	981,2		
47,5408	2,2097	981,4	979,5	981,2		
47,5492	2,2010	981,4	979,5	981,1		
47,5575	2,2058	981,4	979,5	981,1		
47,5658	2,2041	981,3	979,4	981,1		
47,5742	2,2062	981,5	979,6	981,4		
47,5825	2,2032	981,5	979,7	981,5		
47,5908	2,2119	981,5	979,6	981,4		
47,5992	2,2075	981,4	979,5	981,3		
47,6075	2,2084	981,4	979,6	981,3		
47,6158	2,2067	981,4	979,6	981,3		
47,6242	2,2137	981,4	979,6	981,3		
47,6325	2,2102	981,4	979,6	981,3		
47,6408	2,2219	981,4	979,5	981,2		
47,6492	2,2093	981,4	979,5	981,2		
47,6575	2,2228	981,4	979,5	981,2		
47,6658	2,2215	981,4	979,5	981,1		
47,6742	2,2154	981,4	979,5	981,2		
47,6825	2,2224	981,4	979,5	981,3		
47,6908	2,2272	981,4	979,5	981,2		
47,6992	2,2219	981,5	979,5	981,2		
47,7075	2,2163	981,4	979,5	981,1		
47,7158	2,2245	981,5	979,5	981,1		
47,7242	2,2285	981,4	979,4	981,1		
47,7325	2,2180	981,5	979,5	981,2		
47,7408	2,2280	981,5	979,5	981,2		
47,7492	2,2237	981,5	979,4	981,1		
47,7575	2,2302	981,5	979,4	981,1		
47,7658	2,2394	981,4	979,4	981,1		
47,7742	2,2320	981,4	979,5	981,2		
47,7825	2,2259	981,4	979,4	981,1		
47,7908	2,2250	981,5	979,5	981,1		
47,7992	2,2368	981,5	979,5	981,1		
47,8075	2,2359	981,5	979,5	981,1		
47,8158	2,2398	981,5	979,4	981,1		
47,8242	2,2341	981,5	979,4	981,1		
47,8325	2,2350	981,5	979,4	981,0		
47,8408	2,2424	981,4	979,4	981,1		
47,8492	2,2333	981,4	979,4	981,1		
47,8575	2,2376	981,4	979,5	981,0		
47,8658	2,2372	981,4	979,4	981,0		
47,8742	2,2398	981,4	979,5	981,1		
47,8825	2,2463	981,4	979,5	981,0		
47,8908	2,2389	981,4	979,4	981,0		
47,8992	2,2415	981,4	979,4	981,1		
47,9075	2,2468	981,4	979,4	981,1		
47,9158	2,2585	981,4	979,4	981,1		
47,9242	2,2459	981,4	979,4	981,1		
47,9325	2,2498	981,4	979,4	981,1		
47,9408	2,2468	981,5	979,5	981,2		
47,9492	2,2524	981,4	979,5	981,2		
47,9575	2,2520	981,4	979,4	981,0		
47,9658	2,2620	981,3	979,4	981,1		
47,9742	2,2507	981,4	979,4	981,1		
47,9825	2,2533	981,4	979,4	981,1		
47,9908	2,2551	981,4	979,4	981,1		
47,9992	2,2555	981,5	979,5	981,1		
48,0075	2,2625	981,4	979,4	981,1		
48,0158	2,2612	981,4	979,4	981,1		
48,0242	2,2590	981,5	979,5	981,1		
48,0325	2,2629	981,4	979,4	981,0		
48,0408	2,2642	981,4	979,5	981,1		
48,0492	2,2651	981,4	979,4	981,0		
48,0575	2,2642	981,4	979,4	981,1		
48,0658	2,2616	981,4	979,4	981,0		
48,0742	2,2625	981,4	979,4	981,0		
48,0825	2,2686	981,4	979,4	981,0		
48,0908	2,2677	981,4	979,4	981,1		
48,0992	2,2742	981,3	979,4	981,0		
48,1075	2,2664	981,4	979,4	981,0		
48,1158	2,2668	981,4	979,4	981,1		
48,1242	2,2721	981,4	979,4	981,1		
48,1325	2,2734	981,4	979,4	981,0		
48,1408	2,2738	981,4	979,4	981,1		
48,1492	2,2655	981,5	979,4	981,1		
48,1575	2,2782	981,3	979,3	981,1		
48,1658	2,2751	981,4	979,4	981,1		
48,1742	2,2786	981,4	979,4	981,1		
48,1825	2,2856	981,4	979,4	981,1		
48,1908	2,2816	981,4	979,4	981,1		
48,1992	2,2834	981,4	979,4	981,1		
48,2075	2,2843	981,4	979,4	981,1		
48,2158	2,2816	981,3	979,4	981,0		
48,2242	2,2816	981,4	979,4	981,1		
48,2325	2,2921	981,4	979,4	981,1		
48,2408	2,2808	981,3	979,4	981,1		
48,2492	2,2825	981,4	979,4	981,1		
48,2575	2,2864	981,5	979,4	981,1		
48,2658	2,2851	981,4	979,4	981,1		
48,2742	2,2934	981,3	979,4	981,0		
48,2825	2,2921	981,4	979,4	981,1		
48,2908	2,2873	981,3	979,3	981,0		
48,2992	2,2986	981,3	979,3	981,0		
48,3075	2,2956	981,3	979,4	981,0		
48,3158	2,3008	981,4	979,4	981,1		
48,3242	2,2956	981,4	979,4	981,1		
48,3325	2,3052	981,4	979,4	981,0		
48,3408	2,3013	981,4	979,5	981,1		
48,3492	2,3034	981,5	979,5	981,1		
48,3575	2,3026	981,4	979,4	981,0		
48,3658	2,3043	981,4	979,4	981,1		
48,3742	2,3030	981,4	979,5	981,1		
48,3825	2,3065	981,4	979,4	981,1		
48,3908	2,3026	981,4	979,4	981,1		
48,3992	2,3069	981,4	979,5	981,6		
48,4075	2,3082	981,4	979,6	981,6		
48,4158	2,3091	981,4	979,6	981,6		
48,4242	2,3034	981,5	979,6	981,6		
48,4325	2,3104	981,5	979,6	981,6		
48,4408	2,3126	981,5	979,6	981,5		
48,4492	2,3104	981,5	979,6	981,6		
48,4575	2,3196	981,5	979,6	981,6		
48,4658	2,3187	981,5	979,6	981,5		
48,4742	2,3217	981,6	979,7	981,7		
48,4825	2,3222	981,5	979,6	981,6		
48,4908	2,3213	981,6	979,6	981,6		
48,4992	2,3161	981,5	979,7	981,6		
48,5075	2,3313	981,5	979,6	981,5		
48,5158	2,3226	981,5	979,7	981,6		
48,5242	2,3309	981,6	979,7	981,5		
48,5325	2,3222	981,5	979,6	981,5		
48,5408	2,3252	981,5	979,7	981,5		
48,5492	2,3265	981,5	979,7	981,5		
48,5575	2,3278	981,5	979,6	981,5		
48,5658	2,3348	981,5	979,6	981,5		
48,5742	2,3366	981,5	979,6	981,5		
48,5825	2,3353	981,5	979,6	981,5		
48,5908	2,3300	981,5	979,6	981,5		
48,5992	2,3366	981,5	979,5	981,5		
48,6075	2,3366	981,5	979,6	981,5		
48,6158	2,3361	981,5	979,6	981,5		
48,6242	2,3348	981,5	979,6	981,5		
48,6325	2,3370	981,5	979,7	981,5		
48,6408	2,3501	981,5	979,6	981,5		
48,6492	2,3396	981,4	979,5	981,4		
48,6575	2,3400	981,4	979,6	981,5		
48,6658	2,3470	981,4	979,5	981,5		
48,6742	2,3374	981,5	979,6	981,4		
48,6825	2,3448	981,4	979,5	981,4		
48,6908	2,3466	981,5	979,6	981,5		
48,6992	2,3488	981,5	979,6	981,5		
48,7075	2,3453	981,5	979,6	981,5		
48,7158	2,3470	981,5	979,6	981,5		
48,7242	2,3601	981,5	979,6	981,5		
48,7325	2,3522	981,5	979,6	981,5		
48,7408	2,3522	981,4	979,5	981,5		
48,7492	2,3540	981,5	979,6	981,4		
48,7575	2,3562	981,4	979,6	981,5		
48,7658	2,3566	981,4	979,6	981,5		
48,7742	2,3514	981,4	979,6	981,5		
48,7825	2,3697	981,5	979,6	981,5		
48,7908	2,3623	981,5	979,6	981,5		
48,7992	2,3623	981,4	979,6	981,4		
48,8075	2,3618	981,4	979,6	981,5		
48,8158	2,3631	981,5	979,6	981,4		
48,8242	2,3662	981,4	979,6	981,5		
48,8325	2,3745	981,4	979,6	981,5		
48,8408	2,3618	981,5	979,6	981,5		
48,8492	2,3605	981,4	979,5	981,3		
48,8575	2,3719	981,4	979,5	981,4		
48,8658	2,3719	981,4	979,5	981,3		
48,8742	2,3684	981,5	979,5	981,3		
48,8825	2,3688	981,4	979,5	981,4		
48,8908	2,3688	981,4	979,5	981,3		
48,8992	2,3732	981,3	979,5	981,4		
48,9075	2,3767	981,4	979,5	981,4		
48,9158	2,3706	981,3	979,4	981,3		
48,9242	2,3806	981,4	979,5	981,5		
48,9325	2,3836	981,4	979,5	981,4		
48,9408	2,3836	981,4	979,5	981,4		
48,9492	2,3753	981,4	979,6	981,4		
48,9575	2,3862	981,4	979,5	981,4		
48,9658	2,3797	981,4	979,5	981,4		
48,9742	2,3753	981,4	979,5	981,4		
48,9825	2,3915	981,4	979,5	981,4		
48,9908	2,3832	981,4	979,5	981,4		
48,9992	2,3836	981,4	979,5	981,5		
49,0075	2,3871	981,5	979,5	981,4		
49,0158	2,3897	981,4	979,5	981,4		
49,0242	2,3871	981,4	979,5	981,4		
49,0325	2,3932	981,5	979,5	981,4		
49,0408	2,3923	981,4	979,5	981,4		
49,0492	2,3897	981,5	979,6	981,5		
49,0575	2,3993	981,5	979,6	981,5		
49,0658	2,3945	981,5	979,6	981,5		
49,0742	2,3937	981,5	979,5	981,4		
49,0825	2,3998	981,6	979,6	981,5		
49,0908	2,3941	981,6	979,6	981,5		
49,0992	2,3998	981,5	979,6	981,4		
49,1075	2,4032	981,5	979,6	981,5		
49,1158	2,3984	981,5	979,7	981,7		
49,1242	2,3993	981,7	979,9	981,9		
49,1325	2,4050	981,6	979,8	981,7		
49,1408	2,4102	981,6	979,7	981,6		
49,1492	2,4072	981,6	979,7	981,7		
49,1575	2,4141	981,6	979,7	981,7		
49,1658	2,4080	981,6	979,7	981,6		
49,1742	2,4089	981,5	979,7	981,6		
49,1825	2,4163	981,5	979,6	981,5		
49,1908	2,4133	981,5	979,6	981,6		
49,1992	2,4098	981,5	979,6	981,6		
49,2075	2,4115	981,4	979,6	981,5		
49,2158	2,4141	981,5	979,6	981,5		
49,2242	2,4150	981,5	979,7	981,5		
49,2325	2,4285	981,5	979,6	981,5		
49,2408	2,4181	981,4	979,6	981,5		
49,2492	2,4207	981,5	979,6	981,5		
49,2575	2,4215	981,5	979,6	981,5		
49,2658	2,4285	981,5	979,6	981,5		
49,2742	2,4263	981,4	979,6	981,4		
49,2825	2,4307	981,5	979,5	981,4		
49,2908	2,4329	981,4	979,6	981,5		
49,2992	2,4303	981,4	979,6	981,5		
49,3075	2,4268	981,5	979,6	981,5		
49,3158	2,4303	981,5	979,6	981,5		
49,3242	2,4294	981,5	979,6	981,5		
49,3325	2,4346	981,4	979,6	981,5		
49,3408	2,4329	981,4	979,6	981,4		
49,3492	2,4372	981,4	979,5	981,5		
49,3575	2,4316	981,4	979,5	981,4		
49,3658	2,4329	981,4	979,6	981,5		
49,3742	2,4425	981,4	979,6	981,5		
49,3825	2,4403	981,4	979,5	981,4		
49,3908	2,4381	981,4	979,5	981,5		
49,3992	2,4407	981,5	979,6	981,4		
49,4075	2,4451	981,5	979,6	981,5		
49,4158	2,4464	981,5	979,6	981,5		
49,4242	2,4390	981,4	979,7	981,5		
49,4325	2,4477	981,4	979,6	981,4		
49,4408	2,4521	981,5	979,6	981,5		
49,4492	2,4486	981,4	979,6	981,5		
49,4575	2,4608	981,5	979,6	981,6		
49,4658	2,4481	981,5	979,6	981,5		
49,4742	2,4551	981,4	979,6	981,5		
49,4825	2,4603	981,4	979,5	981,5		
49,4908	2,4590	981,4	979,6	981,5		
49,4992	2,4525	981,4	979,6	981,5		
49,5075	2,4586	981,4	979,6	981,5		
49,5158	2,4647	981,4	979,6	981,5		
49,5242	2,4538	981,4	979,6	981,5		
49,5325	2,4625	981,4	979,5	981,5		
49,5408	2,4603	981,4	979,6	981,5		
49,5492	2,4669	981,5	979,6	981,5		
49,5575	2,4643	981,5	979,6	981,5		
49,5658	2,4669	981,5	979,6	981,6		
49,5742	2,4608	981,5	979,6	981,5		
49,5825	2,4573	981,5	979,6	981,5		
49,5908	2,4699	981,4	979,5	981,4		
49,5992	2,4756	981,5	979,6	981,5		
49,6075	2,4686	981,5	979,6	981,5		
49,6158	2,4734	981,5	979,6	981,5		
49,6242	2,4686	981,5	979,6	981,6		
49,6325	2,4699	981,5	979,6	981,5		
49,6408	2,4738	981,4	979,6	981,5		
49,6492	2,4699	981,5	979,6	981,5		
49,6575	2,4756	981,5	979,6	981,5		
49,6658	2,4778	981,5	979,5	981,5		
49,6742	2,4773	981,5	979,6	981,5		
49,6825	2,4778	981,5	979,6	981,5		
49,6908	2,4782	981,5	979,6	981,4		
49,6992	2,4791	981,5	979,6	981,5		
49,7075	2,4808	981,5	979,6	981,5		
49,7158	2,4804	981,6	979,6	981,5		
49,7242	2,4861	981,5	979,6	981,5		
49,7325	2,4935	981,6	979,6	981,5		
49,7408	2,4908	981,5	979,6	981,5		
49,7492	2,4791	981,6	979,7	981,5		
49,7575	2,4926	981,6	979,6	981,5		
49,7658	2,4861	981,5	979,5	981,5		
49,7742	2,4908	981,5	979,5	981,5		
49,7825	2,4974	981,6	979,6	981,5		
49,7908	2,4913	981,6	979,6	981,5		
49,7992	2,4996	981,5	979,6	981,5		
49,8075	2,5000	981,5	979,6	981,5		
49,8158	2,4948	981,5	979,6	981,4		
49,8242	2,4978	981,5	979,6	981,4		
49,8325	2,4983	981,5	979,6	981,5		
49,8408	2,5074	981,5	979,6	981,5		
49,8492	2,5035	981,5	979,6	981,4		
49,8575	2,5000	981,5	979,6	981,4		
49,8658	2,5061	981,4	979,6	981,4		
49,8742	2,5100	981,4	979,6	981,4		
49,8825	2,5057	981,5	979,6	981,5		
49,8908	2,5131	981,5	979,6	981,5		
49,8992	2,5118	981,5	979,5	981,4		
49,9075	2,5148	981,5	979,6	981,5		
49,9158	2,5074	981,5	979,6	981,5		
49,9242	2,5105	981,5	979,6	981,5		
49,9325	2,5200	981,4	979,5	981,4		
49,9408	2,5135	981,4	979,6	981,5		
49,9492	2,5187	981,5	979,6	981,5		
49,9575	2,5135	981,4	979,6	981,5		
49,9658	2,5231	981,5	979,6	981,5		
49,9742	2,5170	981,5	979,5	981,5		
49,9825	2,5244	981,4	979,6	981,4		
49,9908	2,5296	981,4	979,6	981,5		
49,9992	2,5235	981,5	979,6	981,5		
50,0075	2,5222	981,4	979,5	981,4		
50,0158	2,5331	981,5	979,6	981,5		
50,0242	2,5244	981,5	979,6	981,5		
50,0325	2,5244	981,5	979,6	981,4		
50,0408	2,5336	981,4	979,6	981,4		
50,0492	2,5235	981,5	979,6	981,5		
50,0575	2,5318	981,4	979,6	981,4		
50,0658	2,5427	981,4	979,5	981,4		
50,0742	2,5397	981,5	979,5	981,4		
50,0825	2,5427	981,4	979,5	981,3		
50,0908	2,5357	981,4	979,5	981,3		
50,0992	2,5418	981,4	979,5	981,4		
50,1075	2,5384	981,4	979,5	981,4		
50,1158	2,5405	981,4	979,4	981,3		
50,1242	2,5384	981,4	979,5	981,4		
50,1325	2,5397	981,5	979,5	981,4		
50,1408	2,5466	981,4	979,5	981,3		
50,1492	2,5440	981,4	979,5	981,4		
50,1575	2,5427	981,4	979,5	981,4		
50,1658	2,5527	981,4	979,6	981,4		
50,1742	2,5418	981,4	979,5	981,4		
50,1825	2,5493	981,4	979,6	981,4		
50,1908	2,5580	981,5	979,6	981,5		
50,1992	2,5580	981,4	979,5	981,4		
50,2075	2,5536	981,4	979,5	981,4		
50,2158	2,5558	981,4	979,5	981,4		
50,2242	2,5514	981,5	979,6	981,5		
50,2325	2,5536	981,4	979,5	981,4		
50,2408	2,5649	981,4	979,5	981,4		
50,2492	2,5588	981,5	979,6	981,5		
50,2575	2,5684	981,4	979,5	981,4		
50,2658	2,5676	981,4	979,5	981,3		
50,2742	2,5601	981,4	979,6	981,4		
50,2825	2,5584	981,4	979,5	981,5		
50,2908	2,5689	981,4	979,5	981,5		
50,2992	2,5676	981,4	979,4	981,4		
50,3075	2,5658	981,4	979,5	981,4		
50,3158	2,5636	981,5	979,5	981,5		
50,3242	2,5680	981,5	979,6	981,5		
50,3325	2,5719	981,4	979,5	981,4		
50,3408	2,5684	981,5	979,6	981,5		
50,3492	2,5750	981,6	979,7	981,7		
50,3575	2,5806	981,6	979,9	981,9		
50,3658	2,5776	981,6	979,7	981,6		
50,3742	2,5789	981,5	979,7	981,6		
50,3825	2,5732	981,6	979,7	981,7		
50,3908	2,5811	981,6	979,8	981,7		
50,3992	2,5780	981,6	979,7	981,7		
50,4075	2,5767	981,7	979,7	981,6		
50,4158	2,5876	981,6	979,7	981,6		
50,4242	2,5811	981,6	979,7	981,7		
50,4325	2,5876	981,5	979,7	981,6		
50,4408	2,5937	981,5	979,6	981,5		
50,4492	2,5863	981,5	979,6	981,6		
50,4575	2,5898	981,6	979,7	981,6		
50,4658	2,5850	981,6	979,7	981,6		
50,4742	2,5911	981,6	979,6	981,5		
50,4825	2,5933	981,5	979,6	981,5		
50,4908	2,5989	981,4	979,6	981,5		
50,4992	2,5981	981,5	979,6	981,5		
50,5075	2,6007	981,4	979,5	981,4		
50,5158	2,5950	981,4	979,5	981,4		
50,5242	2,6037	981,5	979,7	981,6		
50,5325	2,5968	981,6	979,7	981,5		
50,5408	2,6016	981,5	979,7	981,5		
50,5492	2,6011	981,5	979,6	981,5		
50,5575	2,6055	981,5	979,6	981,5		
50,5658	2,6024	981,5	979,6	981,5		
50,5742	2,6185	981,5	979,5	981,4		
50,5825	2,6142	981,5	979,6	981,4		
50,5908	2,6024	981,4	979,6	981,4		
50,5992	2,6133	981,4	979,6	981,4		
50,6075	2,6090	981,4	979,5	981,4		
50,6158	2,6116	981,5	979,5	981,4		
50,6242	2,6172	981,5	979,5	981,4		
50,6325	2,6164	981,6	979,6	981,6		
50,6408	2,6194	981,5	979,7	981,6		
50,6492	2,6225	981,4	979,5	981,5		
50,6575	2,6212	981,5	979,6	981,5		
50,6658	2,6247	981,6	979,6	981,5		
50,6742	2,6164	981,5	979,6	981,4		
50,6825	2,6251	981,5	979,5	981,5		
50,6908	2,6177	981,5	979,6	981,4		
50,6992	2,6294	981,4	979,5	981,4		
50,7075	2,6299	981,5	979,6	981,5		
50,7158	2,6334	981,5	979,6	981,4		
50,7242	2,6312	981,4	979,6	981,4		
50,7325	2,6308	981,5	979,6	981,5		
50,7408	2,6369	981,5	979,6	981,5		
50,7492	2,6251	981,5	979,7	981,6		
50,7575	2,6299	981,5	979,7	981,5		
50,7658	2,6342	981,5	979,6	981,5		
50,7742	2,6308	981,5	979,6	981,5		
50,7825	2,6421	981,5	979,6	981,5		
50,7908	2,6364	981,5	979,7	981,6		
50,7992	2,6447	981,5	979,6	981,5		
50,8075	2,6460	981,5	979,6	981,5		
50,8158	2,6416	981,5	979,6	981,6		
50,8242	2,6451	981,5	979,5	981,4		
50,8325	2,6456	981,5	979,6	981,4		
50,8408	2,6430	981,5	979,7	981,5		
50,8492	2,6508	981,5	979,6	981,5		
50,8575	2,6491	981,5	979,5	981,4		
50,8658	2,6473	981,5	979,6	981,5		
50,8742	2,6504	981,5	979,6	981,6		
50,8825	2,6473	981,5	979,6	981,5		
50,8908	2,6569	981,5	979,6	981,5		
50,8992	2,6600	981,5	979,6	981,5		
50,9075	2,6560	981,5	979,6	981,5		
50,9158	2,6630	981,5	979,6	981,6		
50,9242	2,6565	981,5	979,6	981,5		
50,9325	2,6630	981,5	979,6	981,4		
50,9408	2,6639	981,5	979,6	981,5		
50,9492	2,6643	981,5	979,6	981,5		
50,9575	2,6617	981,5	979,6	981,5		
50,9658	2,6682	981,5	979,6	981,5		
50,9742	2,6687	981,4	979,6	981,4		
50,9825	2,6700	981,5	979,5	981,4		
50,9908	2,6761	981,4	979,6	981,5		
50,9992	2,6678	981,5	979,6	981,5		
51,0075	2,6726	981,5	979,5	981,4		
51,0158	2,6665	981,4	979,5	981,4		
51,0242	2,6822	981,5	979,5	981,4		
51,0325	2,6774	981,5	979,6	981,4		
51,0408	2,6804	981,4	979,6	981,5		
51,0492	2,6722	981,5	979,5	981,4		
51,0575	2,6796	981,5	979,6	981,5		
51,0658	2,6800	981,6	979,6	981,6		
51,0742	2,6831	981,5	979,6	981,5		
51,0825	2,6739	981,5	979,6	981,4		
51,0908	2,6857	981,5	979,6	981,5		
51,0992	2,6905	981,5	979,6	981,5		
51,1075	2,6870	981,5	979,6	981,5		
51,1158	2,6804	981,6	979,6	981,6		
51,1242	2,6857	981,6	979,6	981,5		
51,1325	2,6874	981,6	979,6	981,5		
51,1408	2,6900	981,6	979,6	981,5		
51,1492	2,6883	981,6	979,6	981,5		
51,1575	2,6878	981,5	979,6	981,5		
51,1658	2,6935	981,5	979,6	981,4		
51,1742	2,6922	981,5	979,5	981,4		
51,1825	2,7022	981,6	979,6	981,5		
51,1908	2,6974	981,6	979,6	981,5		
51,1992	2,6987	981,5	979,6	981,5		
51,2075	2,7053	981,5	979,5	981,4		
51,2158	2,6979	981,5	979,6	981,4		
51,2242	2,7022	981,5	979,6	981,4		
51,2325	2,7048	981,5	979,6	981,5		
51,2408	2,7162	981,5	979,6	981,5		
51,2492	2,7057	981,5	979,6	981,5		
51,2575	2,7109	981,5	979,6	981,5		
51,2658	2,7118	981,5	979,6	981,4		
51,2742	2,7105	981,4	979,6	981,5		
51,2825	2,7123	981,5	979,6	981,5		
51,2908	2,7197	981,5	979,6	981,5		
51,2992	2,7105	981,5	979,6	981,4		
51,3075	2,7144	981,5	979,6	981,5		
51,3158	2,7166	981,5	979,6	981,5		
51,3242	2,7166	981,6	979,6	981,5		
51,3325	2,7245	981,5	979,6	981,5		
51,3408	2,7249	981,5	979,6	981,5		
51,3492	2,7184	981,5	979,6	981,5		
51,3575	2,7284	981,6	979,6	981,5		
51,3658	2,7232	981,4	979,6	981,5		
51,3742	2,7293	981,5	979,6	981,5		
51,3825	2,7388	981,5	979,6	981,5		
51,3908	2,7297	981,5	979,6	981,5		
51,3992	2,7249	981,5	979,6	981,6		
51,4075	2,7332	981,5	979,6	981,5		
51,4158	2,7323	981,5	979,6	981,4		
51,4242	2,7319	981,5	979,6	981,5		
51,4325	2,7384	981,5	979,6	981,5		
51,4408	2,7384	981,5	979,6	981,5		
51,4492	2,7367	981,5	979,6	981,5		
51,4575	2,7367	981,5	979,6	981,5		
51,4658	2,7493	981,4	979,6	981,5		
51,4742	2,7471	981,5	979,6	981,5		
51,4825	2,7397	981,5	979,7	981,5		
51,4908	2,7454	981,5	979,6	981,5		
51,4992	2,7428	981,5	979,6	981,5		
51,5075	2,7554	981,5	979,6	981,5		
51,5158	2,7428	981,5	979,6	981,5		
51,5242	2,7484	981,5	979,5	981,4		
51,5325	2,7567	981,5	979,6	981,5		
51,5408	2,7537	981,4	979,6	981,4		
51,5492	2,7528	981,5	979,6	981,5		
51,5575	2,7541	981,5	979,5	981,5		
51,5658	2,7602	981,5	979,6	981,5		
51,5742	2,7567	981,4	979,5	981,4		
51,5825	2,7589	981,5	979,6	981,4		
51,5908	2,7624	981,5	979,6	981,5		
51,5992	2,7624	981,5	979,6	981,5		
51,6075	2,7676	981,5	979,6	981,5		
51,6158	2,7689	981,4	979,6	981,4		
51,6242	2,7698	981,4	979,5	981,5		
51,6325	2,7637	981,5	979,6	981,5		
51,6408	2,7720	981,5	979,6	981,5		
51,6492	2,7694	981,5	979,6	981,5		
51,6575	2,7715	981,6	979,6	981,5		
51,6658	2,7720	981,5	979,6	981,5		
51,6742	2,7728	981,5	979,6	981,5		
51,6825	2,7698	981,5	979,6	981,6		
51,6908	2,7750	981,6	979,7	981,7		
51,6992	2,7829	981,5	979,7	981,6		
51,7075	2,7798	981,6	979,6	981,6		
51,7158	2,7776	981,6	979,7	981,6		
51,7242	2,7750	981,6	979,7	981,6		
51,7325	2,7763	981,6	979,7	981,6		
51,7408	2,7885	981,6	979,6	981,6		
51,7492	2,7859	981,6	979,7	981,6		
51,7575	2,7846	981,6	979,7	981,5		
51,7658	2,7794	981,6	979,7	981,5		
51,7742	2,7863	981,6	979,7	981,5		
51,7825	2,7855	981,5	979,6	981,6		
51,7908	2,7933	981,6	979,6	981,5		
51,7992	2,7911	981,6	979,6	981,5		
51,8075	2,7964	981,5	979,6	981,5		
51,8158	2,8025	981,5	979,6	981,4		
51,8242	2,7959	981,5	979,6	981,4		
51,8325	2,7942	981,5	979,6	981,4		
51,8408	2,8042	981,5	979,6	981,5		
51,8492	2,8042	981,5	979,6	981,4		
51,8575	2,8064	981,5	979,6	981,5		
51,8658	2,8051	981,5	979,6	981,5		
51,8742	2,8073	981,5	979,6	981,5		
51,8825	2,8068	981,5	979,6	981,5		
51,8908	2,8177	981,6	979,7	981,6		
51,8992	2,8099	981,5	979,6	981,4		
51,9075	2,8103	981,5	979,6	981,5		
51,9158	2,8225	981,6	979,6	981,6		
51,9242	2,8177	981,5	979,6	981,4		
51,9325	2,8208	981,5	979,6	981,4		
51,9408	2,8177	981,5	979,6	981,5		
51,9492	2,8212	981,5	979,6	981,5		
51,9575	2,8177	981,5	979,6	981,5		
51,9658	2,8081	981,6	979,7	981,6		
51,9742	2,8195	981,6	979,7	981,6		
51,9825	2,8247	981,6	979,7	981,6		
51,9908	2,8164	981,5	979,6	981,5		
51,9992	2,8321	981,5	979,6	981,5		
52,0075	2,8312	981,5	979,7	981,5		
52,0158	2,8273	981,5	979,6	981,5		
52,0242	2,8312	981,6	979,7	981,6		
52,0325	2,8334	981,6	979,6	981,6		
52,0408	2,8343	981,5	979,6	981,5		
52,0492	2,8308	981,6	979,6	981,5		
52,0575	2,8365	981,6	979,7	981,6		
52,0658	2,8334	981,5	979,6	981,6		
52,0742	2,8404	981,5	979,6	981,5		
52,0825	2,8430	981,5	979,6	981,5		
52,0908	2,8373	981,5	979,6	981,5		
52,0992	2,8373	981,5	979,7	981,6		
52,1075	2,8443	981,5	979,6	981,6		
52,1158	2,8604	981,5	979,6	981,5		
52,1242	2,8478	981,5	979,6	981,5		
52,1325	2,8434	981,5	979,6	981,5		
52,1408	2,8495	981,4	979,6	981,4		
52,1492	2,8635	981,5	979,6	981,5		
52,1575	2,8430	981,5	979,6	981,5		
52,1658	2,8530	981,5	979,5	981,5		
52,1742	2,8613	981,5	979,6	981,4		
52,1825	2,8548	981,5	979,6	981,5		
52,1908	2,8604	981,6	979,7	981,6		
52,1992	2,8504	981,5	979,6	981,5		
52,2075	2,8652	981,4	979,5	981,4		
52,2158	2,8622	981,5	979,6	981,5		
52,2242	2,8692	981,5	979,6	981,5		
52,2325	2,8609	981,5	979,6	981,4		
52,2408	2,8635	981,5	979,5	981,5		
52,2492	2,8657	981,5	979,6	981,5		
52,2575	2,8735	981,4	979,6	981,6		
52,2658	2,8687	981,5	979,6	981,5		
52,2742	2,8674	981,5	979,6	981,5		
52,2825	2,8692	981,5	979,5	981,5		
52,2908	2,8796	981,6	979,6	981,5		
52,2992	2,8718	981,5	979,6	981,5		
52,3075	2,8779	981,5	979,5	981,4		
52,3158	2,8787	981,4	979,6	981,4		
52,3242	2,8735	981,5	979,6	981,5		
52,3325	2,8787	981,5	979,6	981,5		
52,3408	2,8787	981,4	979,6	981,4		
52,3492	2,8801	981,6	979,6	981,5		
52,3575	2,8792	981,5	979,6	981,5		
52,3658	2,8796	981,5	979,6	981,5		
52,3742	2,8853	981,5	979,6	981,5		
52,3825	2,8892	981,6	979,6	981,5		
52,3908	2,8931	981,6	979,6	981,6		
52,3992	2,8905	981,5	979,6	981,5		
52,4075	2,8905	981,6	979,6	981,5		
52,4158	2,9027	981,6	979,6	981,6		
52,4242	2,8984	981,6	979,6	981,5		
52,4325	2,8905	981,6	979,6	981,5		
52,4408	2,8957	981,7	979,7	981,6		
52,4492	2,8923	981,6	979,7	981,5		
52,4575	2,9062	981,6	979,6	981,5		
52,4658	2,9062	981,6	979,7	981,6		
52,4742	2,8979	981,7	979,7	981,6		
52,4825	2,9001	981,6	979,7	981,6		
52,4908	2,9071	981,6	979,6	981,6		
52,4992	2,9071	981,6	979,6	981,5		
52,5075	2,9075	981,6	979,7	981,6		
52,5158	2,8992	981,6	979,7	981,5		
52,5242	2,9162	981,6	979,7	981,5		
52,5325	2,9088	981,6	979,6	981,5		
52,5408	2,9158	981,6	979,6	981,6		
52,5492	2,9158	981,6	979,6	981,5		
52,5575	2,9106	981,5	979,6	981,5		
52,5658	2,9119	981,6	979,6	981,5		
52,5742	2,9232	981,6	979,7	981,6		
52,5825	2,9232	981,6	979,6	981,5		
52,5908	2,9241	981,5	979,6	981,5		
52,5992	2,9341	981,5	979,6	981,5		
52,6075	2,9276	981,5	979,6	981,5		
52,6158	2,9276	981,5	979,7	981,6		
52,6242	2,9267	981,5	979,6	981,5		
52,6325	2,9263	981,6	979,7	981,5		
52,6408	2,9328	981,5	979,6	981,5		
52,6492	2,9332	981,5	979,6	981,5		
52,6575	2,9332	981,5	979,7	981,5		
52,6658	2,9398	981,5	979,6	981,4		
52,6742	2,9341	981,6	979,7	981,5		
52,6825	2,9398	981,5	979,7	981,6		
52,6908	2,9411	981,6	979,7	981,6		
52,6992	2,9393	981,5	979,6	981,5		
52,7075	2,9450	981,5	979,6	981,6		
52,7158	2,9533	981,6	979,7	981,6		
52,7242	2,9433	981,5	979,6	981,5		
52,7325	2,9541	981,5	979,6	981,5		
52,7408	2,9450	981,5	979,7	981,5		
52,7492	2,9485	981,5	979,6	981,5		
52,7575	2,9589	981,6	979,6	981,5		
52,7658	2,9550	981,5	979,6	981,5		
52,7742	2,9537	981,5	979,6	981,5		
52,7825	2,9528	981,5	979,6	981,5		
52,7908	2,9555	981,5	979,6	981,5		
52,7992	2,9598	981,6	979,6	981,5		
52,8075	2,9546	981,5	979,6	981,5		
52,8158	2,9620	981,6	979,6	981,5		
52,8242	2,9637	981,5	979,6	981,5		
52,8325	2,9655	981,5	979,6	981,5		
52,8408	2,9672	981,5	979,6	981,5		
52,8492	2,9677	981,6	979,6	981,6		
52,8575	2,9672	981,5	979,6	981,5		
52,8658	2,9598	981,5	979,6	981,5		
52,8742	2,9711	981,5	979,6	981,6		
52,8825	2,9720	981,6	979,6	981,6		
52,8908	2,9829	981,6	979,6	981,5		
52,8992	2,9816	981,5	979,6	981,5		
52,9075	2,9751	981,5	979,6	981,5		
52,9158	2,9786	981,5	979,6	981,5		
52,9242	2,9816	981,5	979,6	981,5		
52,9325	2,9820	981,5	979,6	981,6		
52,9408	2,9838	981,5	979,6	981,4		
52,9492	2,9842	981,5	979,6	981,5		
52,9575	2,9925	981,5	979,5	981,4		
52,9658	2,9964	981,5	979,6	981,5		
52,9742	2,9812	981,5	979,6	981,5		
52,9825	2,9877	981,5	979,6	981,5		
52,9908	2,9899	981,6	979,6	981,5		
52,9992	2,9934	981,6	979,6	981,6		
53,0075	2,9951	981,5	979,6	981,5		
53,0158	3,0056	981,5	979,6	981,5		
53,0242	2,9986	981,6	979,6	981,6		
53,0325	2,9960	981,5	979,6	981,5		
53,0408	2,9999	981,7	979,6	981,5		
53,0492	2,9973	981,6	979,6	981,6		
53,0575	2,9999	981,6	979,6	981,5		
53,0658	3,0021	981,7	979,7	981,6		
53,0742	3,0017	981,6	979,7	981,5		
53,0825	3,0091	981,6	979,6	981,5		
53,0908	3,0056	981,6	979,7	981,6		
53,0992	3,0073	981,6	979,7	981,5		
53,1075	3,0126	981,6	979,6	981,5		
53,1158	3,0152	981,6	979,6	981,6		
53,1242	3,0112	981,6	979,7	981,5		
53,1325	3,0099	981,6	979,6	981,5		
53,1408	3,0147	981,6	979,6	981,5		
53,1492	3,0143	981,6	979,6	981,5		
53,1575	3,0191	981,5	979,6	981,4		
53,1658	3,0204	981,6	979,7	981,5		
53,1742	3,0217	981,6	979,7	981,5		
53,1825	3,0256	981,6	979,6	981,4		
53,1908	3,0296	981,6	979,6	981,5		
53,1992	3,0313	981,6	979,7	981,5		
53,2075	3,0278	981,5	979,7	981,5		
53,2158	3,0300	981,6	979,6	981,5		
53,2242	3,0365	981,6	979,7	981,6		
53,2325	3,0335	981,6	979,7	981,6		
53,2408	3,0287	981,6	979,6	981,5		
53,2492	3,0348	981,5	979,6	981,4		
53,2575	3,0396	981,5	979,6	981,5		
53,2658	3,0396	981,5	979,6	981,5		
53,2742	3,0370	981,6	979,6	981,5		
53,2825	3,0339	981,5	979,7	981,5		
53,2908	3,0448	981,5	979,6	981,5		
53,2992	3,0461	981,6	979,6	981,5		
53,3075	3,0518	981,5	979,6	981,5		
53,3158	3,0431	981,6	979,7	981,5		
53,3242	3,0496	981,6	979,6	981,5		
53,3325	3,0505	981,5	979,7	981,5		
53,3408	3,0592	981,5	979,6	981,5		
53,3492	3,0535	981,5	979,6	981,5		
53,3575	3,0544	981,6	979,7	981,6		
53,3658	3,0483	981,5	979,7	981,6		
53,3742	3,0522	981,5	979,6	981,5		
53,3825	3,0574	981,5	979,6	981,5		
53,3908	3,0662	981,6	979,6	981,4		
53,3992	3,0644	981,6	979,7	981,6		
53,4075	3,0605	981,6	979,7	981,6		
53,4158	3,0683	981,6	979,7	981,5		
53,4242	3,0736	981,5	979,6	981,5		
53,4325	3,0710	981,5	979,6	981,4		
53,4408	3,0771	981,5	979,6	981,5		
53,4492	3,0718	981,6	979,7	981,6		
53,4575	3,0744	981,6	979,6	981,5		
53,4658	3,0784	981,6	979,7	981,6		
53,4742	3,0784	981,6	979,7	981,6		
53,4825	3,0819	981,6	979,7	981,5		
53,4908	3,0801	981,5	979,7	981,6		
53,4992	3,0784	981,5	979,6	981,5		
53,5075	3,0792	981,6	979,6	981,6		
53,5158	3,0880	981,5	979,6	981,5		
53,5242	3,0805	981,5	979,6	981,4		
53,5325	3,0884	981,6	979,7	981,6		
53,5408	3,0923	981,6	979,7	981,7		
53,5492	3,0906	981,6	979,7	981,6		
53,5575	3,0962	981,6	979,7	981,6		
53,5658	3,1002	981,6	979,7	981,6		
53,5742	3,0958	981,6	979,7	981,6		
53,5825	3,1045	981,5	979,7	981,6		
53,5908	3,0945	981,5	979,6	981,6		
53,5992	3,1036	981,7	979,7	981,6		
53,6075	3,1006	981,6	979,7	981,6		
53,6158	3,1080	981,6	979,6	981,6		
53,6242	3,1023	981,6	979,7	981,6		
53,6325	3,1023	981,5	979,6	981,5		
53,6408	3,1023	981,6	979,6	981,6		
53,6492	3,1076	981,5	979,6	981,5		
53,6575	3,1036	981,5	979,6	981,5		
53,6658	3,1163	981,6	979,6	981,5		
53,6742	3,1102	981,6	979,7	981,5		
53,6825	3,1097	981,6	979,6	981,6		
53,6908	3,1124	981,6	979,6	981,6		
53,6992	3,1141	981,6	979,6	981,5		
53,7075	3,1111	981,6	979,6	981,5		
53,7158	3,1311	981,5	979,6	981,6		
53,7242	3,1241	981,5	979,6	981,4		
53,7325	3,1206	981,6	979,6	981,5		
53,7408	3,1189	981,6	979,6	981,5		
53,7492	3,1141	981,6	979,6	981,5		
53,7575	3,1298	981,6	979,6	981,5		
53,7658	3,1328	981,6	979,6	981,5		
53,7742	3,1281	981,6	979,6	981,5		
53,7825	3,1254	981,6	979,6	981,5		
53,7908	3,1294	981,6	979,6	981,5		
53,7992	3,1281	981,6	979,6	981,5		
53,8075	3,1307	981,6	979,6	981,6		
53,8158	3,1346	981,7	979,7	981,5		
53,8242	3,1381	981,7	979,7	981,5		
53,8325	3,1346	981,6	979,7	981,5		
53,8408	3,1468	981,6	979,6	981,6		
53,8492	3,1381	981,6	979,7	981,6		
53,8575	3,1359	981,6	979,7	981,5		
53,8658	3,1411	981,7	979,7	981,5		
53,8742	3,1437	981,6	979,6	981,5		
53,8825	3,1490	981,6	979,6	981,4		
53,8908	3,1442	981,7	979,6	981,5		
53,8992	3,1512	981,7	979,7	981,6		
53,9075	3,1542	981,6	979,6	981,5		
53,9158	3,1577	981,7	979,6	981,5		
53,9242	3,1551	981,6	979,7	981,5		
53,9325	3,1616	981,6	979,7	981,5		
53,9408	3,1668	981,6	979,7	981,4		
53,9492	3,1559	981,6	979,7	981,5		
53,9575	3,1620	981,5	979,6	981,4		
53,9658	3,1681	981,5	979,6	981,5		
53,9742	3,1655	981,6	979,7	981,5		
53,9825	3,1721	981,6	979,7	981,6		
53,9908	3,1712	981,6	979,6	981,5		
53,9992	3,1738	981,6	979,7	981,6		
54,0075	3,1673	981,6	979,7	981,5		
54,0158	3,1712	981,6	979,7	981,5		
54,0242	3,1751	981,6	979,7	981,5		
54,0325	3,1821	981,6	979,6	981,5		
54,0408	3,1790	981,6	979,6	981,5		
54,0492	3,1878	981,6	979,7	981,6		
54,0575	3,1777	981,6	979,7	981,6		
54,0658	3,1834	981,6	979,7	981,5		
54,0742	3,1882	981,6	979,6	981,5		
54,0825	3,1847	981,6	979,7	981,6		
54,0908	3,1908	981,6	979,7	981,6		
54,0992	3,1886	981,6	979,7	981,6		
54,1075	3,1930	981,6	979,7	981,6		
54,1158	3,1921	981,6	979,7	981,6		
54,1242	3,1930	981,6	979,7	981,6		
54,1325	3,2000	981,6	979,6	981,5		
54,1408	3,1952	981,6	979,7	981,6		
54,1492	3,1917	981,6	979,7	981,5		
54,1575	3,2130	981,6	979,6	981,5		
54,1658	3,2035	981,6	979,6	981,5		
54,1742	3,2013	981,6	979,7	981,6		
54,1825	3,2043	981,6	979,7	981,6		
54,1908	3,2039	981,5	979,6	981,5		
54,1992	3,2117	981,6	979,7	981,6		
54,2075	3,2074	981,6	979,7	981,6		
54,2158	3,2096	981,5	979,7	981,5		
54,2242	3,2170	981,5	979,6	981,5		
54,2325	3,2218	981,6	979,6	981,5		
54,2408	3,2122	981,6	979,7	981,6		
54,2492	3,2226	981,6	979,6	981,5		
54,2575	3,2178	981,5	979,6	981,5		
54,2658	3,2165	981,7	979,7	981,6		
54,2742	3,2222	981,6	979,6	981,5		
54,2825	3,2283	981,6	979,7	981,6		
54,2908	3,2252	981,6	979,7	981,6		
54,2992	3,2274	981,6	979,7	981,6		
54,3075	3,2348	981,6	979,7	981,6		
54,3158	3,2244	981,6	979,7	981,6		
54,3242	3,2348	981,6	979,7	981,5		
54,3325	3,2335	981,6	979,7	981,5		
54,3408	3,2300	981,6	979,6	981,6		
54,3492	3,2409	981,6	979,7	981,6		
54,3575	3,2427	981,7	979,7	981,7		
54,3658	3,2374	981,6	979,7	981,6		
54,3742	3,2475	981,5	979,7	981,5		
54,3825	3,2370	981,5	979,6	981,5		
54,3908	3,2440	981,5	979,6	981,5		
54,3992	3,2401	981,6	979,7	981,6		
54,4075	3,2470	981,6	979,7	981,5		
54,4158	3,2523	981,5	979,6	981,4		
54,4242	3,2505	981,5	979,6	981,5		
54,4325	3,2466	981,6	979,6	981,6		
54,4408	3,2579	981,6	979,6	981,5		
54,4492	3,2588	981,5	979,6	981,5		
54,4575	3,2540	981,6	979,6	981,5		
54,4658	3,2588	981,6	979,6	981,5		
54,4742	3,2588	981,7	979,7	981,6		
54,4825	3,2562	981,6	979,7	981,5		
54,4908	3,2597	981,7	979,7	981,6		
54,4992	3,2584	981,7	979,7	981,5		
54,5075	3,2632	981,7	979,7	981,6		
54,5158	3,2697	981,6	979,7	981,6		
54,5242	3,2723	981,6	979,6	981,5		
54,5325	3,2680	981,7	979,6	981,5		
54,5408	3,2640	981,7	979,7	981,6		
54,5492	3,2754	981,7	979,7	981,6		
54,5575	3,2714	981,6	979,7	981,6		
54,5658	3,2775	981,7	979,7	981,6		
54,5742	3,2806	981,7	979,7	981,6		
54,5825	3,2758	981,7	979,7	981,6		
54,5908	3,2797	981,8	979,7	981,6		
54,5992	3,2828	981,7	979,6	981,5		
54,6075	3,2889	981,7	979,6	981,5		
54,6158	3,2815	981,6	979,7	981,5		
54,6242	3,2845	981,7	979,7	981,6		
54,6325	3,2858	981,6	979,7	981,5		
54,6408	3,2889	981,6	979,7	981,5		
54,6492	3,2876	981,6	979,7	981,7		
54,6575	3,2980	981,6	979,7	981,6		
54,6658	3,2989	981,6	979,7	981,5		
54,6742	3,2963	981,7	979,7	981,6		
54,6825	3,3063	981,6	979,6	981,5		
54,6908	3,3033	981,6	979,7	981,5		
54,6992	3,3072	981,6	979,6	981,6		
54,7075	3,3041	981,6	979,7	981,5		
54,7158	3,3081	981,6	979,7	981,6		
54,7242	3,3037	981,6	979,7	981,7		
54,7325	3,3076	981,7	979,7	981,6		
54,7408	3,3150	981,6	979,7	981,6		
54,7492	3,3089	981,7	979,7	981,6		
54,7575	3,3081	981,6	979,7	981,6		
54,7658	3,3137	981,6	979,6	981,5		
54,7742	3,3124	981,6	979,6	981,5		
54,7825	3,3264	981,6	979,6	981,5		
54,7908	3,3272	981,6	979,7	981,6		
54,7992	3,3176	981,6	979,6	981,5		
54,8075	3,3172	981,6	979,7	981,6		
54,8158	3,3320	981,6	979,7	981,5		
54,8242	3,3377	981,6	979,6	981,5		
54,8325	3,3303	981,7	979,7	981,6		
54,8408	3,3355	981,6	979,7	981,5		
54,8492	3,3290	981,6	979,6	981,5		
54,8575	3,3355	981,6	979,6	981,6		
54,8658	3,3447	981,6	979,7	981,6		
54,8742	3,3390	981,6	979,7	981,6		
54,8825	3,3381	981,6	979,7	981,6		
54,8908	3,3425	981,6	979,6	981,5		
54,8992	3,3377	981,6	979,7	981,6		
54,9075	3,3447	981,6	979,7	981,6		
54,9158	3,3442	981,6	979,7	981,6		
54,9242	3,3495	981,6	979,6	981,6		
54,9325	3,3508	981,6	979,6	981,5		
54,9408	3,3560	981,6	979,6	981,6		
54,9492	3,3551	981,6	979,7	981,6		
54,9575	3,3564	981,6	979,7	981,6		
54,9658	3,3495	981,6	979,7	981,6		
54,9742	3,3656	981,6	979,7	981,6		
54,9825	3,3508	981,6	979,6	981,5		
54,9908	3,3608	981,6	979,7	981,5		
54,9992	3,3608	981,6	979,7	981,6		
55,0075	3,3612	981,6	979,7	981,6		
55,0158	3,3621	981,7	979,8	981,7		
55,0242	3,3717	981,7	979,8	981,7		
55,0325	3,3695	981,6	979,7	981,6		
55,0408	3,3717	981,6	979,7	981,6		
55,0492	3,3717	981,7	979,7	981,6		
55,0575	3,3778	981,7	979,7	981,6		
55,0658	3,3752	981,6	979,8	981,6		
55,0742	3,3778	981,5	979,7	981,6		
55,0825	3,3708	981,6	979,7	981,6		
55,0908	3,3835	981,6	979,7	981,6		
55,0992	3,3830	981,6	979,7	981,6		
55,1075	3,3791	981,6	979,6	981,5		
55,1158	3,3830	981,6	979,7	981,6		
55,1242	3,3878	981,7	979,7	981,7		
55,1325	3,3848	981,7	979,8	981,7		
55,1408	3,3878	981,6	979,6	981,6		
55,1492	3,3913	981,6	979,6	981,5		
55,1575	3,3974	981,6	979,7	981,5		
55,1658	3,3896	981,6	979,7	981,5		
55,1742	3,3935	981,7	979,7	981,6		
55,1825	3,3935	981,6	979,7	981,6		
55,1908	3,4013	981,7	979,7	981,6		
55,1992	3,3983	981,6	979,7	981,7		
55,2075	3,4044	981,7	979,7	981,6		
55,2158	3,4061	981,7	979,7	981,7		
55,2242	3,4100	981,8	979,8	981,6		
55,2325	3,4044	981,7	979,7	981,6		
55,2408	3,4083	981,7	979,7	981,6		
55,2492	3,4140	981,7	979,7	981,6		
55,2575	3,4048	981,7	979,7	981,7		
55,2658	3,4122	981,7	979,7	981,6		
55,2742	3,4096	981,7	979,7	981,6		
55,2825	3,4192	981,8	979,7	981,6		
55,2908	3,4201	981,7	979,7	981,6		
55,2992	3,4166	981,7	979,7	981,6		
55,3075	3,4183	981,7	979,7	981,5		
55,3158	3,4266	981,7	979,7	981,5		
55,3242	3,4305	981,8	979,7	981,6		
55,3325	3,4327	981,7	979,7	981,6		
55,3408	3,4331	981,7	979,7	981,6		
55,3492	3,4371	981,8	979,7	981,6		
55,3575	3,4388	981,7	979,7	981,6		
55,3658	3,4371	981,8	979,8	981,6		
55,3742	3,4331	981,7	979,7	981,6		
55,3825	3,4331	981,7	979,7	981,5		
55,3908	3,4371	981,6	979,7	981,5		
55,3992	3,4432	981,7	979,7	981,6		
55,4075	3,4410	981,7	979,8	981,6		
55,4158	3,4432	981,6	979,6	981,5		
55,4242	3,4453	981,6	979,7	981,5		
55,4325	3,4497	981,6	979,7	981,6		
55,4408	3,4562	981,7	979,7	981,6		
55,4492	3,4510	981,6	979,6	981,5		
55,4575	3,4519	981,6	979,6	981,5		
55,4658	3,4558	981,7	979,8	981,7		
55,4742	3,4575	981,6	979,7	981,6		
55,4825	3,4580	981,7	979,7	981,6		
55,4908	3,4549	981,6	979,7	981,6		
55,4992	3,4610	981,7	979,7	981,5		
55,5075	3,4671	981,6	979,7	981,5		
55,5158	3,4711	981,7	979,9	981,9		
55,5242	3,4680	981,8	980,1	982,1		
55,5325	3,4676	981,7	979,9	981,9		
55,5408	3,4658	981,8	979,9	981,8		
55,5492	3,4724	981,7	979,9	981,8		
55,5575	3,4798	981,7	979,9	981,8		
55,5658	3,4754	981,7	979,8	981,8		
55,5742	3,4833	981,8	979,9	981,8		
55,5825	3,4798	981,7	979,8	981,7		
55,5908	3,4841	981,7	979,8	981,7		
55,5992	3,4824	981,6	979,8	981,7		
55,6075	3,4833	981,7	979,8	981,7		
55,6158	3,4798	981,7	979,8	981,7		
55,6242	3,4968	981,7	979,8	981,7		
55,6325	3,4881	981,7	979,8	981,6		
55,6408	3,4902	981,6	979,7	981,6		
55,6492	3,4950	981,7	979,7	981,6		
55,6575	3,5033	981,6	979,7	981,7		
55,6658	3,4959	981,6	979,7	981,6		
55,6742	3,4976	981,7	979,7	981,6		
55,6825	3,5046	981,7	979,7	981,6		
55,6908	3,5020	981,7	979,6	981,6		
55,6992	3,4981	981,6	979,7	981,6		
55,7075	3,5107	981,7	979,7	981,6		
55,7158	3,5116	981,6	979,7	981,5		
55,7242	3,5059	981,6	979,6	981,5		
55,7325	3,5103	981,6	979,7	981,6		
55,7408	3,5129	981,7	979,7	981,5		
55,7492	3,5138	981,6	979,7	981,5		
55,7575	3,5133	981,7	979,7	981,6		
55,7658	3,5129	981,6	979,7	981,6		
55,7742	3,5190	981,6	979,7	981,6		
55,7825	3,5273	981,7	979,7	981,5		
55,7908	3,5260	981,6	979,7	981,6		
55,7992	3,5286	981,6	979,7	981,6		
55,8075	3,5207	981,6	979,7	981,6		
55,8158	3,5282	981,6	979,7	981,6		
55,8242	3,5242	981,7	979,7	981,6		
55,8325	3,5329	981,7	979,7	981,7		
55,8408	3,5369	981,7	979,7	981,6		
55,8492	3,5343	981,6	979,7	981,5		
55,8575	3,5382	981,6	979,7	981,5		
55,8658	3,5395	981,6	979,7	981,5		
55,8742	3,5395	981,7	979,7	981,5		
55,8825	3,5560	981,7	979,7	981,6		
55,8908	3,5438	981,7	979,7	981,6		
55,8992	3,5499	981,7	979,7	981,6		
55,9075	3,5491	981,7	979,7	981,7		
55,9158	3,5465	981,7	979,7	981,6		
55,9242	3,5473	981,6	979,7	981,6		
55,9325	3,5617	981,7	979,7	981,6		
55,9408	3,5600	981,6	979,7	981,5		
55,9492	3,5569	981,6	979,7	981,5		
55,9575	3,5560	981,6	979,6	981,5		
55,9658	3,5587	981,6	979,6	981,5		
55,9742	3,5604	981,6	979,7	981,5		
55,9825	3,5674	981,6	979,7	981,5		
55,9908	3,5630	981,7	979,7	981,7		
55,9992	3,5696	981,7	979,7	981,6		
56,0075	3,5700	981,7	979,7	981,5		
56,0158	3,5700	981,7	979,7	981,5		
56,0242	3,5691	981,6	979,7	981,5		
56,0325	3,5678	981,6	979,6	981,5		
56,0408	3,5700	981,6	979,6	981,5		
56,0492	3,5770	981,6	979,7	981,6		
56,0575	3,5778	981,6	979,7	981,5		
56,0658	3,5800	981,7	979,7	981,6		
56,0742	3,5822	981,7	979,7	981,6		
56,0825	3,5861	981,7	979,7	981,6		
56,0908	3,5796	981,7	979,7	981,6		
56,0992	3,5900	981,7	979,7	981,6		
56,1075	3,5909	981,8	979,7	981,5		
56,1158	3,5961	981,7	979,7	981,6		
56,1242	3,5935	981,7	979,7	981,6		
56,1325	3,5918	981,8	979,7	981,6		
56,1408	3,5927	981,6	979,7	981,5		
56,1492	3,6005	981,7	979,7	981,6		
56,1575	3,6009	981,8	979,8	981,6		
56,1658	3,6040	981,7	979,7	981,5		
56,1742	3,6079	981,7	979,8	981,7		
56,1825	3,6118	981,7	979,7	981,6		
56,1908	3,6070	981,7	979,7	981,6		
56,1992	3,6105	981,7	979,7	981,5		
56,2075	3,6140	981,7	979,6	981,5		
56,2158	3,6192	981,6	979,7	981,5		
56,2242	3,6127	981,8	979,7	981,5		
56,2325	3,6145	981,7	979,7	981,5		
56,2408	3,6192	981,7	979,7	981,6		
56,2492	3,6197	981,6	979,7	981,6		
56,2575	3,6240	981,7	979,7	981,6		
56,2658	3,6271	981,7	979,7	981,6		
56,2742	3,6262	981,7	979,8	981,6		
56,2825	3,6301	981,7	979,7	981,6		
56,2908	3,6376	981,7	979,7	981,5		
56,2992	3,6341	981,6	979,7	981,6		
56,3075	3,6367	981,7	979,7	981,6		
56,3158	3,6384	981,7	979,7	981,5		
56,3242	3,6367	981,7	979,7	981,6		
56,3325	3,6410	981,7	979,7	981,5		
56,3408	3,6345	981,7	979,7	981,5		
56,3492	3,6423	981,7	979,7	981,5		
56,3575	3,6476	981,7	979,6	981,5		
56,3658	3,6489	981,7	979,6	981,5		
56,3742	3,6441	981,7	979,7	981,6		
56,3825	3,6498	981,7	979,7	981,6		
56,3908	3,6506	981,7	979,7	981,6		
56,3992	3,6532	981,7	979,7	981,6		
56,4075	3,6537	981,7	979,7	981,5		
56,4158	3,6572	981,7	979,7	981,5		
56,4242	3,6593	981,7	979,7	981,6		
56,4325	3,6641	981,7	979,7	981,6		
56,4408	3,6620	981,7	979,7	981,6		
56,4492	3,6602	981,6	979,7	981,5		
56,4575	3,6659	981,7	979,7	981,6		
56,4658	3,6620	981,6	979,7	981,6		
56,4742	3,6776	981,7	979,7	981,6		
56,4825	3,6724	981,7	979,7	981,6		
56,4908	3,6729	981,6	979,6	981,6		
56,4992	3,6829	981,7	979,7	981,6		
56,5075	3,6768	981,7	979,7	981,6		
56,5158	3,6851	981,7	979,7	981,6		
56,5242	3,6864	981,7	979,7	981,6		
56,5325	3,6833	981,7	979,7	981,6		
56,5408	3,6942	981,7	979,7	981,6		
56,5492	3,6903	981,7	979,7	981,6		
56,5575	3,6894	981,7	979,7	981,6		
56,5658	3,6872	981,7	979,7	981,6		
56,5742	3,6903	981,7	979,7	981,6		
56,5825	3,6942	981,7	979,7	981,5		
56,5908	3,6933	981,7	979,8	981,6		
56,5992	3,6964	981,7	979,7	981,6		
56,6075	3,6986	981,7	979,7	981,5		
56,6158	3,7060	981,7	979,7	981,5		
56,6242	3,7069	981,8	979,7	981,6		
56,6325	3,7130	981,7	979,7	981,6		
56,6408	3,7042	981,7	979,7	981,6		
56,6492	3,7051	981,6	979,7	981,5		
56,6575	3,7034	981,7	979,7	981,6		
56,6658	3,7099	981,6	979,7	981,6		
56,6742	3,7138	981,7	979,7	981,6		
56,6825	3,7195	981,7	979,7	981,6		
56,6908	3,7134	981,7	979,7	981,6		
56,6992	3,7243	981,6	979,7	981,6		
56,7075	3,7208	981,7	979,7	981,6		
56,7158	3,7156	981,7	979,7	981,6		
56,7242	3,7252	981,7	979,7	981,6		
56,7325	3,7230	981,7	979,7	981,6		
56,7408	3,7204	981,7	979,7	981,6		
56,7492	3,7243	981,8	979,7	981,6		
56,7575	3,7304	981,7	979,7	981,6		
56,7658	3,7313	981,6	979,7	981,6		
56,7742	3,7391	981,7	979,7	981,6		
56,7825	3,7347	981,7	979,7	981,6		
56,7908	3,7378	981,7	979,7	981,6		
56,7992	3,7382	981,7	979,7	981,6		
56,8075	3,7391	981,8	979,7	981,6		
56,8158	3,7408	981,8	979,7	981,6		
56,8242	3,7491	981,7	979,7	981,6		
56,8325	3,7504	981,7	979,7	981,6		
56,8408	3,7552	981,8	979,7	981,6		
56,8492	3,7578	981,8	979,8	981,6		
56,8575	3,7487	981,7	979,7	981,6		
56,8658	3,7605	981,8	979,8	981,7		
56,8742	3,7596	981,8	979,8	981,6		
56,8825	3,7587	981,8	979,8	981,7		
56,8908	3,7539	981,8	979,8	981,7		
56,8992	3,7626	981,8	979,7	981,6		
56,9075	3,7618	981,7	979,7	981,5		
56,9158	3,7722	981,7	979,7	981,6		
56,9242	3,7718	981,7	979,8	981,6		
56,9325	3,7666	981,7	979,7	981,5		
56,9408	3,7757	981,8	979,8	981,6		
56,9492	3,7862	981,7	979,8	981,6		
56,9575	3,7718	981,7	979,8	981,6		
56,9658	3,7853	981,8	979,8	981,7		
56,9742	3,7914	981,7	979,8	981,7		
56,9825	3,7910	981,7	979,8	981,5		
56,9908	3,7879	981,8	979,8	981,7		
56,9992	3,7923	981,7	979,8	981,6		
57,0075	3,7844	981,7	979,7	981,6		
57,0158	3,7936	981,7	979,8	981,6		
57,0242	3,7962	981,8	979,8	981,6		
57,0325	3,8006	981,7	979,7	981,6		
57,0408	3,7936	981,7	979,8	981,6		
57,0492	3,8001	981,6	979,7	981,6		
57,0575	3,7971	981,7	979,7	981,6		
57,0658	3,8006	981,8	979,8	981,6		
57,0742	3,8036	981,7	979,7	981,5		
57,0825	3,7988	981,7	979,7	981,6		
57,0908	3,8071	981,6	979,7	981,6		
57,0992	3,8093	981,7	979,7	981,5		
57,1075	3,8110	981,7	979,7	981,6		
57,1158	3,8171	981,7	979,7	981,7		
57,1242	3,8136	981,7	979,7	981,6		
57,1325	3,8171	981,7	979,7	981,6		
57,1408	3,8141	981,7	979,7	981,6		
57,1492	3,8228	981,7	979,7	981,6		
57,1575	3,8197	981,7	979,7	981,6		
57,1658	3,8193	981,7	979,7	981,6		
57,1742	3,8306	981,8	979,8	981,7		
57,1825	3,8311	981,7	979,7	981,7		
57,1908	3,8311	981,7	979,7	981,6		
57,1992	3,8376	981,6	979,7	981,6		
57,2075	3,8354	981,7	979,7	981,6		
57,2158	3,8389	981,7	979,8	981,7		
57,2242	3,8380	981,7	979,8	981,7		
57,2325	3,8437	981,7	979,7	981,5		
57,2408	3,8463	981,7	979,7	981,6		
57,2492	3,8468	981,8	979,7	981,6		
57,2575	3,8485	981,7	979,7	981,6		
57,2658	3,8590	981,7	979,7	981,6		
57,2742	3,8420	981,7	979,7	981,6		
57,2825	3,8454	981,8	979,8	981,6		
57,2908	3,8498	981,7	979,7	981,6		
57,2992	3,8581	981,7	979,7	981,6		
57,3075	3,8611	981,8	979,8	981,7		
57,3158	3,8694	981,7	979,7	981,6		
57,3242	3,8572	981,7	979,7	981,5		
57,3325	3,8603	981,6	979,7	981,5		
57,3408	3,8598	981,7	979,8	981,7		
57,3492	3,8764	981,7	979,8	981,6		
57,3575	3,8646	981,7	979,7	981,6		
57,3658	3,8668	981,7	979,8	981,6		
57,3742	3,8598	981,7	979,7	981,5		
57,3825	3,8768	981,8	979,8	981,6		
57,3908	3,8829	981,8	979,7	981,7		
57,3992	3,8829	981,8	979,8	981,7		
57,4075	3,8882	981,7	979,7	981,6		
57,4158	3,8869	981,7	979,7	981,7		
57,4242	3,8842	981,7	979,8	981,7		
57,4325	3,8899	981,8	979,8	981,7		
57,4408	3,8890	981,7	979,7	981,5		
57,4492	3,8882	981,8	979,7	981,6		
57,4575	3,8864	981,7	979,7	981,6		
57,4658	3,8964	981,7	979,7	981,6		
57,4742	3,8969	981,8	979,7	981,6		
57,4825	3,8995	981,8	979,8	981,6		
57,4908	3,9065	981,8	979,8	981,6		
57,4992	3,8951	981,8	979,7	981,5		
57,5075	3,9052	981,8	979,7	981,6		
57,5158	3,9039	981,8	979,8	981,7		
57,5242	3,9069	981,8	979,8	981,6		
57,5325	3,9134	981,8	979,8	981,6		
57,5408	3,9121	981,8	979,7	981,6		
57,5492	3,9195	981,7	979,7	981,5		
57,5575	3,9169	981,8	979,7	981,5		
57,5658	3,9270	981,8	979,7	981,6		
57,5742	3,9226	981,9	979,8	981,7		
57,5825	3,9226	981,8	979,8	981,7		
57,5908	3,9274	981,8	979,7	981,6		
57,5992	3,9287	981,8	979,8	981,6		
57,6075	3,9274	981,9	979,8	981,6		
57,6158	3,9335	981,8	979,7	981,6		
57,6242	3,9326	981,8	979,8	981,6		
57,6325	3,9348	981,9	979,8	981,6		
57,6408	3,9396	981,8	979,7	981,5		
57,6492	3,9431	981,8	979,7	981,5		
57,6575	3,9466	981,7	979,7	981,6		
57,6658	3,9413	981,8	979,8	981,7		
57,6742	3,9400	981,8	979,8	981,6		
57,6825	3,9413	981,8	979,8	981,6		
57,6908	3,9535	981,8	979,7	981,6		
57,6992	3,9531	981,8	979,7	981,6		
57,7075	3,9636	981,7	979,7	981,6		
57,7158	3,9631	981,8	979,8	981,6		
57,7242	3,9527	981,8	979,8	981,7		
57,7325	3,9605	981,8	979,8	981,6		
57,7408	3,9605	981,7	979,7	981,6		
57,7492	3,9636	981,8	979,8	981,6		
57,7575	3,9697	981,8	979,7	981,6		
57,7658	3,9644	981,8	979,7	981,6		
57,7742	3,9675	981,8	979,8	981,6		
57,7825	3,9762	981,8	979,8	981,6		
57,7908	3,9775	981,7	979,7	981,6		
57,7992	3,9710	981,8	979,8	981,6		
57,8075	3,9827	981,8	979,7	981,6		
57,8158	3,9775	981,8	979,7	981,6		
57,8242	3,9819	981,9	979,8	981,7		
57,8325	3,9880	981,7	979,7	981,5		
57,8408	3,9884	981,7	979,7	981,5		
57,8492	3,9814	981,7	979,7	981,6		
57,8575	3,9941	981,8	979,7	981,6		
57,8658	3,9884	981,7	979,7	981,6		
57,8742	3,9854	981,7	979,7	981,6		
57,8825	3,9984	981,8	979,7	981,6		
57,8908	4,0010	981,8	979,7	981,6		
57,8992	3,9984	981,7	979,8	981,6		
57,9075	4,0098	981,8	979,8	981,6		
57,9158	4,0002	981,7	979,7	981,6		
57,9242	4,0080	981,8	979,8	981,7		
57,9325	4,0124	981,8	979,8	981,7		
57,9408	4,0150	981,7	979,7	981,6		
57,9492	4,0124	981,7	979,7	981,6		
57,9575	4,0159	981,8	979,8	981,6		
57,9658	4,0167	981,8	979,8	981,7		
57,9742	4,0220	981,7	979,8	981,6		
57,9825	4,0285	981,8	979,8	981,6		
57,9908	4,0250	981,8	979,8	981,6		
57,9992	4,0211	981,7	979,7	981,6		
58,0075	4,0302	981,8	979,7	981,7		
58,0158	4,0294	981,8	979,7	981,6		
58,0242	4,0311	981,7	979,7	981,6		
58,0325	4,0372	981,8	979,7	981,6		
58,0408	4,0416	981,7	979,8	981,7		
58,0492	4,0407	981,7	979,8	981,5		
58,0575	4,0372	981,8	979,8	981,6		
58,0658	4,0411	981,7	979,7	981,6		
58,0742	4,0438	981,8	979,7	981,6		
58,0825	4,0533	981,7	979,7	981,6		
58,0908	4,0464	981,7	979,7	981,6		
58,0992	4,0560	981,7	979,7	981,6		
58,1075	4,0529	981,7	979,7	981,6		
58,1158	4,0451	981,8	979,8	981,6		
58,1242	4,0551	981,8	979,8	981,6		
58,1325	4,0621	981,7	979,8	981,7		
58,1408	4,0656	981,8	979,8	981,6		
58,1492	4,0616	981,8	979,8	981,6		
58,1575	4,0621	981,7	979,7	981,5		
58,1658	4,0647	981,8	979,8	981,6		
58,1742	4,0682	981,7	979,7	981,6		
58,1825	4,0682	981,8	979,7	981,6		
58,1908	4,0751	981,8	979,8	981,7		
58,1992	4,0690	981,7	979,8	981,6		
58,2075	4,0773	981,7	979,7	981,6		
58,2158	4,0708	981,8	979,8	981,6		
58,2242	4,0812	981,8	979,7	981,6		
58,2325	4,0825	981,8	979,7	981,6		
58,2408	4,0847	981,8	979,8	981,6		
58,2492	4,0860	981,7	979,7	981,6		
58,2575	4,0834	981,7	979,7	981,6		
58,2658	4,0978	981,8	979,7	981,6		
58,2742	4,0934	981,7	979,7	981,6		
58,2825	4,1052	981,7	979,7	981,6		
58,2908	4,0982	981,7	979,7	981,5		
58,2992	4,1009	981,8	979,7	981,6		
58,3075	4,1043	981,8	979,7	981,6		
58,3158	4,1026	981,8	979,7	981,6		
58,3242	4,0969	981,8	979,7	981,6		
58,3325	4,1048	981,8	979,7	981,6		
58,3408	4,1083	981,8	979,8	981,6		
58,3492	4,1170	981,8	979,7	981,6		
58,3575	4,1096	981,8	979,8	981,6		
58,3658	4,1179	981,8	979,8	981,6		
58,3742	4,1118	981,9	979,8	981,6		
58,3825	4,1179	981,8	979,8	981,6		
58,3908	4,1213	981,9	979,8	981,6		
58,3992	4,1209	981,8	979,7	981,6		
58,4075	4,1183	981,8	979,8	981,6		
58,4158	4,1226	981,9	979,8	981,6		
58,4242	4,1292	981,8	979,8	981,6		
58,4325	4,1296	981,9	979,8	981,6		
58,4408	4,1366	981,8	979,7	981,6		
58,4492	4,1357	981,8	979,8	981,6		
58,4575	4,1423	981,8	979,8	981,6		
58,4658	4,1396	981,8	979,7	981,6		
58,4742	4,1396	981,7	979,7	981,5		
58,4825	4,1475	981,8	979,8	981,6		
58,4908	4,1392	981,8	979,8	981,6		
58,4992	4,1484	981,8	979,8	981,6		
58,5075	4,1462	981,8	979,7	981,6		
58,5158	4,1575	981,8	979,8	981,6		
58,5242	4,1619	981,8	979,8	981,6		
58,5325	4,1575	981,7	979,8	981,6		
58,5408	4,1584	981,8	979,8	981,6		
58,5492	4,1667	981,8	979,8	981,6		
58,5575	4,1654	981,7	979,8	981,6		
58,5658	4,1662	981,8	979,8	981,6		
58,5742	4,1658	981,8	979,8	981,6		
58,5825	4,1671	981,8	979,7	981,6		
58,5908	4,1741	981,8	979,8	981,6		
58,5992	4,1754	981,8	979,8	981,6		
58,6075	4,1732	981,7	979,7	981,6		
58,6158	4,1880	981,7	979,7	981,6		
58,6242	4,1854	981,8	979,7	981,7		
58,6325	4,1793	981,8	979,7	981,6		
58,6408	4,1863	981,8	979,7	981,6		
58,6492	4,1980	981,7	979,8	981,7		
58,6575	4,1915	981,8	979,8	981,6		
58,6658	4,1911	981,8	979,7	981,6		
58,6742	4,1959	981,8	979,7	981,6		
58,6825	4,1867	981,8	979,7	981,6		
58,6908	4,2015	981,8	979,7	981,6		
58,6992	4,2055	981,8	979,8	981,7		
58,7075	4,2002	981,8	979,7	981,6		
58,7158	4,2120	981,8	979,8	981,7		
58,7242	4,2111	981,7	979,7	981,6		
58,7325	4,2076	981,8	979,7	981,6		
58,7408	4,2111	981,8	979,8	981,7		
58,7492	4,2185	981,8	979,8	981,6		
58,7575	4,2168	981,7	979,7	981,6		
58,7658	4,2181	981,7	979,7	981,6		
58,7742	4,2211	981,7	979,7	981,6		
58,7825	4,2220	981,8	979,7	981,6		
58,7908	4,2268	981,8	979,8	981,6		
58,7992	4,2286	981,8	979,8	981,6		
58,8075	4,2307	981,8	979,8	981,6		
58,8158	4,2368	981,8	979,7	981,6		
58,8242	4,2364	981,7	979,7	981,6		
58,8325	4,2347	981,8	979,7	981,6		
58,8408	4,2416	981,7	979,7	981,6		
58,8492	4,2390	981,8	979,8	981,6		
58,8575	4,2434	981,7	979,7	981,7		
58,8658	4,2482	981,7	979,8	981,7		
58,8742	4,2447	981,8	979,7	981,6		
58,8825	4,2517	981,8	979,8	981,7		
58,8908	4,2547	981,8	979,8	981,7		
58,8992	4,2521	981,8	979,7	981,6		
58,9075	4,2656	981,7	979,7	981,6		
58,9158	4,2612	981,8	979,8	981,7		
58,9242	4,2578	981,8	979,8	981,6		
58,9325	4,2621	981,8	979,8	981,6		
58,9408	4,2704	981,8	979,8	981,6		
58,9492	4,2647	981,8	979,8	981,7		
58,9575	4,2626	981,8	979,8	981,6		
58,9658	4,2721	981,8	979,8	981,6		
58,9742	4,2704	981,8	979,8	981,7		
58,9825	4,2826	981,8	979,8	981,7		
58,9908	4,2857	981,8	979,7	981,6		
58,9992	4,2787	981,7	979,8	981,7		
59,0075	4,2843	981,8	979,8	981,6		
59,0158	4,2935	981,7	979,7	981,6		
59,0242	4,2839	981,8	979,7	981,6		
59,0325	4,2861	981,8	979,8	981,7		
59,0408	4,2865	981,7	979,7	981,6		
59,0492	4,2918	981,7	979,8	981,6		
59,0575	4,2913	981,8	979,7	981,6		
59,0658	4,2961	981,8	979,7	981,7		
59,0742	4,3000	981,8	979,8	981,7		
59,0825	4,3022	981,8	979,8	981,7		
59,0908	4,3018	981,8	979,7	981,6		
59,0992	4,3079	981,8	979,8	981,6		
59,1075	4,3105	981,8	979,7	981,6		
59,1158	4,3044	981,8	979,7	981,6		
59,1242	4,3083	981,8	979,7	981,6		
59,1325	4,3244	981,9	979,8	981,6		
59,1408	4,3227	981,9	979,8	981,6		
59,1492	4,3223	981,8	979,8	981,6		
59,1575	4,3183	981,8	979,8	981,6		
59,1658	4,3236	981,8	979,7	981,5		
59,1742	4,3362	981,9	979,8	981,6		
59,1825	4,3227	981,9	979,8	981,6		
59,1908	4,3332	981,9	979,8	981,6		
59,1992	4,3371	981,8	979,8	981,7		
59,2075	4,3310	981,9	979,8	981,7		
59,2158	4,3410	981,9	979,8	981,6		
59,2242	4,3419	981,9	979,8	981,5		
59,2325	4,3454	981,9	979,8	981,7		
59,2408	4,3458	981,9	979,8	981,6		
59,2492	4,3484	981,9	979,8	981,7		
59,2575	4,3545	981,8	979,8	981,7		
59,2658	4,3454	981,9	979,8	981,6		
59,2742	4,3576	981,8	979,8	981,6		
59,2825	4,3563	981,8	979,8	981,6		
59,2908	4,3597	981,8	979,8	981,7		
59,2992	4,3615	981,8	979,7	981,5		
59,3075	4,3658	981,8	979,7	981,6		
59,3158	4,3663	981,8	979,8	981,7		
59,3242	4,3759	981,8	979,8	981,7		
59,3325	4,3754	981,8	979,8	981,6		
59,3408	4,3715	981,8	979,8	981,6		
59,3492	4,3767	981,8	979,8	981,7		
59,3575	4,3781	981,8	979,8	981,6		
59,3658	4,3802	981,8	979,7	981,6		
59,3742	4,3820	981,7	979,8	981,6		
59,3825	4,3789	981,8	979,8	981,6		
59,3908	4,3872	981,8	979,8	981,7		
59,3992	4,3837	981,8	979,8	981,7		
59,4075	4,3894	981,8	979,8	981,7		
59,4158	4,3889	981,8	979,8	981,7		
59,4242	4,4003	981,8	979,8	981,6		
59,4325	4,4012	981,8	979,8	981,6		
59,4408	4,4029	981,8	979,8	981,7		
59,4492	4,4016	981,8	979,7	981,6		
59,4575	4,4094	981,7	979,7	981,6		
59,4658	4,4086	981,8	979,8	981,7		
59,4742	4,4038	981,8	979,7	981,6		
59,4825	4,4077	981,8	979,7	981,6		
59,4908	4,4190	981,8	979,8	981,6		
59,4992	4,4229	981,7	979,7	981,7		
59,5075	4,4173	981,9	979,8	981,7		
59,5158	4,4234	981,8	979,8	981,6		
59,5242	4,4177	981,7	979,7	981,6		
59,5325	4,4304	981,8	979,8	981,6		
59,5408	4,4378	981,8	979,8	981,6		
59,5492	4,4317	981,8	979,8	981,6		
59,5575	4,4347	981,7	979,8	981,7		
59,5658	4,4290	981,8	979,8	981,6		
59,5742	4,4391	981,8	979,8	981,6		
59,5825	4,4312	981,8	979,8	981,6		
59,5908	4,4426	981,7	979,7	981,6		
59,5992	4,4412	981,8	979,7	981,6		
59,6075	4,4487	981,9	979,9	981,7		
59,6158	4,4508	981,8	979,8	981,7		
59,6242	4,4574	981,7	979,7	981,6		
59,6325	4,4609	981,7	979,8	981,6		
59,6408	4,4482	981,8	979,8	981,7		
59,6492	4,4657	981,7	979,7	981,6		
59,6575	4,4582	981,8	979,8	981,7		
59,6658	4,4604	981,8	979,8	981,7		
59,6742	4,4687	981,8	979,8	981,7		
59,6825	4,4696	981,9	979,8	981,7		
59,6908	4,4783	981,8	979,8	981,7		
59,6992	4,4718	981,8	979,8	981,6		
59,7075	4,4726	981,9	979,8	981,7		
59,7158	4,4770	982,1	979,9	981,6		
59,7242	4,4831	982,0	979,9	981,7		
59,7325	4,4844	981,9	979,9	981,7		
59,7408	4,4848	981,9	979,9	981,7		
59,7492	4,4835	981,9	979,9	981,7		
59,7575	4,4931	981,9	979,8	981,7		
59,7658	4,4896	981,8	979,8	981,6		
59,7742	4,5010	981,8	979,7	981,6		
59,7825	4,4927	981,8	979,8	981,7		
59,7908	4,4953	981,8	979,7	981,6		
59,7992	4,4997	981,9	979,8	981,6		
59,8075	4,5023	981,8	979,8	981,7		
59,8158	4,5071	981,8	979,8	981,7		
59,8242	4,5053	981,9	979,8	981,7		
59,8325	4,5175	981,8	979,8	981,6		
59,8408	4,5162	981,8	979,8	981,6		
59,8492	4,5271	981,8	979,8	981,6		
59,8575	4,5197	981,8	979,8	981,6		
59,8658	4,5214	981,8	979,8	981,6		
59,8742	4,5254	981,9	979,8	981,7		
59,8825	4,5319	981,9	979,8	981,7		
59,8908	4,5310	981,9	979,8	981,6		
59,8992	4,5241	981,8	979,8	981,6		
59,9075	4,5384	981,8	979,8	981,7		
59,9158	4,5358	981,9	979,8	981,7		
59,9242	4,5367	981,9	979,8	981,6		
59,9325	4,5367	981,8	979,8	981,6		
59,9408	4,5389	981,8	979,8	981,6		
59,9492	4,5437	981,9	979,8	981,7		
59,9575	4,5485	981,8	979,8	981,7		
59,9658	4,5432	981,8	979,8	981,6		
59,9742	4,5541	981,9	979,8	981,7		
59,9825	4,5524	981,9	979,8	981,7		
59,9908	4,5563	981,9	979,8	981,6		
59,9992	4,5563	981,9	979,8	981,6		
60,0075	4,5594	981,9	979,8	981,7		
60,0158	4,5585	981,9	979,8	981,6		
60,0242	4,5703	981,9	979,8	981,7		
60,0325	4,5698	981,9	979,8	981,7		
60,0408	4,5663	981,9	979,8	981,6		
60,0492	4,5720	981,9	979,8	981,6		
60,0575	4,5720	981,9	979,8	981,7		
60,0658	4,5777	982,0	979,8	981,6		
60,0742	4,5825	981,9	979,8	981,6		
60,0825	4,5864	981,9	979,8	981,7		
60,0908	4,5842	981,9	979,8	981,6		
60,0992	4,5877	981,8	979,8	981,6		
60,1075	4,5912	981,8	979,8	981,6		
60,1158	4,5942	981,9	979,8	981,6		
60,1242	4,5916	981,9	979,8	981,6		
60,1325	4,5960	982,1	979,9	981,7		
60,1408	4,6034	981,9	979,9	981,7		
60,1492	4,6064	981,8	979,7	981,6		
60,1575	4,6095	981,8	979,8	981,6		
60,1658	4,6121	981,8	979,8	981,6		
60,1742	4,6160	981,9	979,8	981,6		
60,1825	4,6069	981,9	979,8	981,6		
60,1908	4,6112	981,9	979,8	981,7		
60,1992	4,6217	981,8	979,8	981,6		
60,2075	4,6199	981,8	979,8	981,7		
60,2158	4,6247	981,8	979,7	981,6		
60,2242	4,6239	981,8	979,8	981,7		
60,2325	4,6295	981,8	979,8	981,6		
60,2408	4,6278	981,8	979,8	981,6		
60,2492	4,6339	981,9	979,8	981,7		
60,2575	4,6413	981,8	979,7	981,7		
60,2658	4,6391	981,8	979,8	981,8		
60,2742	4,6369	981,9	979,8	981,6		
60,2825	4,6330	981,9	979,8	981,7		
60,2908	4,6470	981,9	979,8	981,6		
60,2992	4,6505	981,9	979,8	981,7		
60,3075	4,6535	981,9	979,8	981,8		
60,3158	4,6435	981,9	979,8	981,7		
60,3242	4,6579	981,9	979,8	981,7		
60,3325	4,6509	981,8	979,8	981,7		
60,3408	4,6596	981,9	979,8	981,7		
60,3492	4,6557	981,9	979,9	981,7		
60,3575	4,6640	981,9	979,9	981,7		
60,3658	4,6613	981,8	979,8	981,7		
60,3742	4,6722	981,9	979,8	981,7		
60,3825	4,6718	981,9	979,9	981,7		
60,3908	4,6714	981,8	979,8	981,6		
60,3992	4,6779	981,8	979,8	981,6		
60,4075	4,6788	981,8	979,8	981,6		
60,4158	4,6906	981,9	979,8	981,7		
60,4242	4,6866	981,8	979,8	981,6		
60,4325	4,6827	981,8	979,8	981,6		
60,4408	4,6827	981,8	979,7	981,6		
60,4492	4,6940	981,8	979,7	981,7		
60,4575	4,6936	981,8	979,8	981,6		
60,4658	4,6906	981,9	979,8	981,7		
60,4742	4,6910	981,8	979,8	981,6		
60,4825	4,7010	981,8	979,8	981,6		
60,4908	4,7028	981,8	979,8	981,6		
60,4992	4,7028	981,9	979,9	981,7		
60,5075	4,7067	981,9	979,8	981,7		
60,5158	4,7023	981,8	979,8	981,7		
60,5242	4,7049	981,8	979,8	981,6		
60,5325	4,7102	981,9	979,8	981,7		
60,5408	4,7193	981,9	979,8	981,7		
60,5492	4,7219	981,8	979,7	981,6		
60,5575	4,7285	981,8	979,8	981,7		
60,5658	4,7202	981,8	979,8	981,7		
60,5742	4,7254	981,9	979,9	981,7		
60,5825	4,7293	981,9	979,8	981,7		
60,5908	4,7315	981,8	979,8	981,6		
60,5992	4,7442	981,9	979,8	981,7		
60,6075	4,7411	981,9	979,8	981,7		
60,6158	4,7429	981,9	979,8	981,7		
60,6242	4,7398	981,9	979,8	981,7		
60,6325	4,7450	981,8	979,7	981,6		
60,6408	4,7420	981,9	979,8	981,7		
60,6492	4,7468	981,9	979,8	981,6		
60,6575	4,7537	981,9	979,8	981,6		
60,6658	4,7603	981,9	979,8	981,7		
60,6742	4,7551	981,9	979,8	981,7		
60,6825	4,7533	981,8	979,8	981,6		
60,6908	4,7651	981,8	979,8	981,6		
60,6992	4,7686	981,9	979,9	981,7		
60,7075	4,7703	981,9	979,8	981,6		
60,7158	4,7668	981,8	979,7	981,7		
60,7242	4,7699	981,9	979,8	981,7		
60,7325	4,7681	982,0	979,9	981,7		
60,7408	4,7843	981,9	979,8	981,7		
60,7492	4,7777	981,9	979,8	981,6		
60,7575	4,7790	981,9	979,8	981,7		
60,7658	4,7917	981,9	979,9	981,7		
60,7742	4,7821	982,0	979,8	981,7		
60,7825	4,7921	981,9	979,8	981,6		
60,7908	4,7904	981,9	979,8	981,6		
60,7992	4,7925	982,0	979,9	981,7		
60,8075	4,8008	981,9	979,8	981,7		
60,8158	4,7995	981,9	979,8	981,7		
60,8242	4,7991	982,0	979,9	981,7		
60,8325	4,8043	982,0	979,9	981,7		
60,8408	4,8013	982,0	979,8	981,7		
60,8492	4,8052	981,9	979,8	981,7		
60,8575	4,8104	981,9	979,8	981,7		
60,8658	4,8113	981,8	980,0	982,1		
60,8742	4,8261	981,8	979,9	981,8		
60,8825	4,8230	981,7	979,8	981,8		
60,8908	4,8270	981,7	979,8	981,9		
60,8992	4,8270	981,8	979,9	981,8		
60,9075	4,8230	981,7	979,8	981,8		
60,9158	4,8318	981,7	979,8	981,9		
60,9242	4,8366	981,8	979,8	981,7		
60,9325	4,8361	981,7	979,8	981,8		
60,9408	4,8379	981,8	979,8	981,7		
60,9492	4,8479	981,8	979,8	981,7		
60,9575	4,8396	981,8	979,8	981,8		
60,9658	4,8444	981,7	979,8	981,8		
60,9742	4,8540	981,8	979,9	982,0		
60,9825	4,8444	981,9	980,0	982,0		
60,9908	4,8627	981,9	979,9	982,0		
60,9992	4,8588	981,8	979,9	982,0		
61,0075	4,8562	981,8	980,0	982,1		
61,0158	4,8631	981,9	980,0	982,1		
61,0242	4,8727	981,8	980,0	982,0		
61,0325	4,8736	981,8	979,9	982,0		
61,0408	4,8706	981,9	980,0	982,1		
61,0492	4,8723	981,8	980,0	982,0		
61,0575	4,8836	981,9	980,0	982,0		
61,0658	4,8762	981,8	980,0	982,0		
61,0742	4,8832	981,8	980,0	982,0		
61,0825	4,8832	981,9	980,0	982,1		
61,0908	4,8976	981,8	980,0	982,1		
61,0992	4,8963	981,8	980,0	982,0		
61,1075	4,8893	981,8	979,9	982,0		
61,1158	4,8989	981,8	979,9	982,0		
61,1242	4,8984	981,9	980,0	982,1		
61,1325	4,9011	981,8	979,9	981,9		
61,1408	4,8958	981,9	980,0	982,0		
61,1492	4,9102	981,8	980,0	982,0		
61,1575	4,9067	981,8	980,0	982,1		
61,1658	4,9067	981,9	979,9	982,0		
61,1742	4,9133	981,9	980,0	982,0		
61,1825	4,9141	981,8	980,0	982,0		
61,1908	4,9211	981,8	980,0	982,0		
61,1992	4,9268	981,8	980,0	982,0		
61,2075	4,9324	981,8	980,0	982,0		
61,2158	4,9342	981,8	980,0	982,1		
61,2242	4,9329	981,8	979,9	982,0		
61,2325	4,9359	981,8	980,0	982,0		
61,2408	4,9377	981,8	980,0	982,0		
61,2492	4,9351	981,8	980,0	982,0		
61,2575	4,9377	981,9	980,0	982,0		
61,2658	4,9455	981,9	980,0	982,0		
61,2742	4,9525	981,8	980,0	982,0		
61,2825	4,9529	981,8	980,0	982,0		
61,2908	4,9608	981,9	980,0	982,0		
61,2992	4,9525	981,8	980,0	982,0		
61,3075	4,9538	981,8	980,0	982,0		
61,3158	4,9682	981,9	979,9	982,0		
61,3242	4,9595	981,8	980,0	982,0		
61,3325	4,9712	981,9	980,0	982,1		
61,3408	4,9712	981,8	980,0	982,1		
61,3492	4,9717	981,9	980,0	982,0		
61,3575	4,9752	981,8	980,0	982,1		
61,3658	4,9782	981,8	980,0	982,0		
61,3742	4,9747	981,8	979,9	982,0		
61,3825	4,9882	981,9	980,0	982,1		
61,3908	4,9869	981,8	979,9	982,0		
61,3992	4,9895	981,8	980,0	982,0		
61,4075	4,9895	981,8	979,9	982,0		
61,4158	4,9891	981,9	980,0	982,0		
61,4242	5,0022	981,9	980,0	982,0		
61,4325	5,0009	981,9	980,0	982,1		
61,4408	5,0052	981,9	979,9	982,0		
61,4492	5,0039	981,9	980,0	982,1		
61,4575	5,0209	981,8	980,0	982,1		
61,4658	5,0148	981,9	980,0	982,1		
61,4742	5,0135	981,8	980,0	982,0		
61,4825	5,0192	981,8	979,9	982,0		
61,4908	5,0179	981,8	980,0	982,0		
61,4992	5,0231	981,9	980,0	982,1		
61,5075	5,0209	981,9	980,0	982,1		
61,5158	5,0244	981,8	980,0	982,0		
61,5242	5,0309	981,9	980,0	982,1		
61,5325	5,0314	981,8	980,0	982,0		
61,5408	5,0392	981,8	979,9	982,0		
61,5492	5,0370	981,8	979,9	982,0		
61,5575	5,0405	981,8	979,9	982,0		
61,5658	5,0362	981,9	980,0	982,0		
61,5742	5,0462	981,9	980,0	982,0		
61,5825	5,0558	981,8	979,9	982,0		
61,5908	5,0545	981,9	980,0	982,0		
61,5992	5,0440	981,8	979,9	982,0		
61,6075	5,0580	981,9	979,9	982,1		
61,6158	5,0610	981,9	979,9	982,0		
61,6242	5,0754	981,9	980,0	982,0		
61,6325	5,0636	981,9	980,0	982,0		
61,6408	5,0654	981,9	980,0	982,0		
61,6492	5,0676	981,9	980,0	982,1		
61,6575	5,0737	981,9	980,0	982,0		
61,6658	5,0745	981,9	979,9	981,9		
61,6742	5,0724	981,9	980,0	982,0		
61,6825	5,0872	982,0	980,0	982,0		
61,6908	5,0872	981,9	980,0	982,0		
61,6992	5,0898	981,9	979,9	982,0		
61,7075	5,0946	981,9	979,9	982,0		
61,7158	5,0946	981,9	980,0	982,1		
61,7242	5,0959	981,9	979,9	982,0		
61,7325	5,1020	982,0	980,0	981,9		
61,7408	5,1002	981,9	980,0	982,0		
61,7492	5,1059	981,8	979,9	982,0		
61,7575	5,1050	981,9	980,0	982,0		
61,7658	5,1098	981,9	979,9	982,0		
61,7742	5,1212	981,9	980,0	982,0		
61,7825	5,1142	981,9	980,0	982,0		
61,7908	5,1260	981,9	979,9	982,0		
61,7992	5,1190	981,9	980,0	982,1		
61,8075	5,1255	981,9	980,0	982,0		
61,8158	5,1377	981,8	980,0	982,0		
61,8242	5,1290	981,9	980,0	982,0		
61,8325	5,1342	981,9	980,0	982,0		
61,8408	5,1329	981,8	980,0	982,1		
61,8492	5,1399	981,8	980,0	981,9		
61,8575	5,1478	981,8	979,9	982,0		
61,8658	5,1512	981,8	980,0	981,9		
61,8742	5,1534	981,8	979,9	982,0		
61,8825	5,1508	981,9	980,0	982,1		
61,8908	5,1504	981,9	980,0	982,0		
61,8992	5,1595	981,9	980,0	982,0		
61,9075	5,1626	981,9	980,0	982,1		
61,9158	5,1669	981,9	980,0	982,0		
61,9242	5,1674	981,9	980,0	982,0		
61,9325	5,1656	981,8	980,0	982,0		
61,9408	5,1796	981,9	980,0	982,0		
61,9492	5,1770	981,9	980,0	982,1		
61,9575	5,1817	981,8	979,9	982,0		
61,9658	5,1778	981,9	980,0	982,0		
61,9742	5,1865	981,9	980,0	982,1		
61,9825	5,1887	981,8	980,0	982,0		
61,9908	5,1940	981,9	980,0	982,0		
61,9992	5,1918	981,9	980,0	982,0		
62,0075	5,1944	981,9	980,0	982,1		
62,0158	5,2048	981,9	980,0	982,1		
62,0242	5,1996	981,9	980,0	982,1		
62,0325	5,2157	981,8	980,0	982,0		
62,0408	5,2109	981,8	979,9	982,0		
62,0492	5,2096	981,8	980,0	982,1		
62,0575	5,2101	981,9	980,0	982,1		
62,0658	5,2171	981,9	980,0	982,0		
62,0742	5,2197	981,9	979,9	982,0		
62,0825	5,2293	981,8	980,0	982,0		
62,0908	5,2253	981,8	980,0	982,0		
62,0992	5,2340	982,0	980,0	982,1		
62,1075	5,2319	981,9	980,0	982,1		
62,1158	5,2380	981,9	980,0	982,0		
62,1242	5,2436	981,9	980,0	982,1		
62,1325	5,2436	981,9	979,9	982,0		
62,1408	5,2480	981,9	980,0	982,1		
62,1492	5,2493	981,9	980,1	982,1		
62,1575	5,2493	981,9	980,0	982,0		
62,1658	5,2532	981,9	980,0	982,1		
62,1742	5,2537	981,9	980,0	982,1		
62,1825	5,2602	981,9	980,0	982,0		
62,1908	5,2598	981,9	979,9	982,0		
62,1992	5,2676	981,8	980,0	982,1		
62,2075	5,2728	981,9	980,0	982,1		
62,2158	5,2598	981,8	980,0	982,0		
62,2242	5,2785	981,9	980,0	982,1		
62,2325	5,2715	981,9	980,0	982,0		
62,2408	5,2837	981,9	980,0	982,1		
62,2492	5,2785	981,9	980,0	982,1		
62,2575	5,2833	981,9	980,0	982,1		
62,2658	5,2868	982,0	980,0	982,1		
62,2742	5,2903	981,9	980,0	982,0		
62,2825	5,2894	981,9	980,0	982,1		
62,2908	5,2933	981,8	980,0	982,0		
62,2992	5,3016	981,9	980,0	982,0		
62,3075	5,3007	982,0	980,0	982,1		
62,3158	5,3081	981,9	980,0	982,1		
62,3242	5,3116	982,0	980,0	982,1		
62,3325	5,3064	982,0	980,1	982,1		
62,3408	5,3212	982,0	980,0	982,1		
62,3492	5,3260	981,9	980,0	982,1		
62,3575	5,3286	981,9	980,0	982,1		
62,3658	5,3243	982,0	980,1	982,1		
62,3742	5,3230	982,0	980,0	982,0		
62,3825	5,3317	982,0	980,0	982,1		
62,3908	5,3312	982,0	980,0	982,0		
62,3992	5,3369	982,0	980,0	982,0		
62,4075	5,3369	982,0	980,0	982,0		
62,4158	5,3373	982,0	980,0	982,0		
62,4242	5,3448	982,1	980,1	982,1		
62,4325	5,3456	982,0	980,0	982,0		
62,4408	5,3522	982,0	980,0	982,0		
62,4492	5,3478	982,0	980,0	982,0		
62,4575	5,3500	982,0	980,0	982,1		
62,4658	5,3618	981,9	980,0	982,0		
62,4742	5,3652	981,9	980,0	982,0		
62,4825	5,3679	982,0	980,0	982,1		
62,4908	5,3665	982,0	980,0	982,1		
62,4992	5,3705	981,9	980,0	982,0		
62,5075	5,3796	981,9	980,0	982,0		
62,5158	5,3822	981,9	980,1	982,0		
62,5242	5,3901	981,9	980,0	982,0		
62,5325	5,3809	981,9	980,0	982,1		
62,5408	5,3774	982,0	980,0	982,1		
62,5492	5,3875	981,9	980,0	982,1		
62,5575	5,3923	981,9	980,0	982,0		
62,5658	5,3918	981,9	980,0	982,1		
62,5742	5,3971	981,9	980,0	982,0		
62,5825	5,4049	981,9	980,0	982,1		
62,5908	5,4036	981,9	980,0	982,1		
62,5992	5,4058	981,9	980,0	982,1		
62,6075	5,4141	982,0	980,0	982,1		
62,6158	5,4110	981,9	980,0	982,1		
62,6242	5,4236	981,9	980,0	982,0		
62,6325	5,4206	981,8	979,9	982,0		
62,6408	5,4184	982,0	980,1	982,2		
62,6492	5,4267	981,9	980,0	982,0		
62,6575	5,4324	981,9	980,0	982,0		
62,6658	5,4350	981,8	980,0	982,0		
62,6742	5,4376	981,9	980,0	982,0		
62,6825	5,4402	981,9	979,9	982,0		
62,6908	5,4533	981,9	980,0	982,0		
62,6992	5,4406	981,9	980,0	982,1		
62,7075	5,4476	981,9	980,0	982,0		
62,7158	5,4537	981,9	980,0	982,0		
62,7242	5,4576	981,9	980,0	982,1		
62,7325	5,4568	982,0	980,1	982,0		
62,7408	5,4568	981,9	980,0	982,1		
62,7492	5,4664	981,9	980,0	982,0		
62,7575	5,4729	981,9	980,0	982,0		
62,7658	5,4742	981,9	980,0	982,1		
62,7742	5,4733	981,9	980,0	982,0		
62,7825	5,4738	981,9	980,0	982,0		
62,7908	5,4825	981,9	980,0	982,1		
62,7992	5,4834	981,9	980,0	982,0		
62,8075	5,4925	982,0	980,0	982,1		
62,8158	5,4908	982,0	980,0	982,1		
62,8242	5,4868	981,9	980,0	982,0		
62,8325	5,4877	981,9	980,0	982,1		
62,8408	5,4982	982,0	980,0	982,1		
62,8492	5,4977	982,0	980,0	982,1		
62,8575	5,5130	981,9	980,0	982,1		
62,8658	5,5112	981,9	980,0	982,1		
62,8742	5,5108	981,9	980,0	982,0		
62,8825	5,5152	982,0	980,0	982,1		
62,8908	5,5173	982,0	980,1	982,1		
62,8992	5,5200	981,9	980,0	982,1		
62,9075	5,5252	981,9	980,0	982,1		
62,9158	5,5322	982,0	980,1	982,2		
62,9242	5,5239	982,0	980,0	982,1		
62,9325	5,5322	981,9	980,0	982,1		
62,9408	5,5361	981,9	980,0	982,1		
62,9492	5,5435	982,0	980,0	982,1		
62,9575	5,5479	981,9	980,0	982,1		
62,9658	5,5531	981,9	980,0	982,1		
62,9742	5,5557	981,9	980,0	982,0		
62,9825	5,5487	981,9	980,0	982,0		
62,9908	5,5526	982,0	980,0	982,1		
62,9992	5,5675	981,9	980,0	982,1		
63,0075	5,5657	981,9	980,0	982,1		
63,0158	5,5701	981,9	980,0	982,1		
63,0242	5,5688	981,9	980,0	982,0		
63,0325	5,5679	982,0	980,0	982,1		
63,0408	5,5775	982,0	980,0	982,0		
63,0492	5,5810	981,9	980,0	982,0		
63,0575	5,5814	982,0	980,0	982,1		
63,0658	5,5845	982,0	980,1	982,1		
63,0742	5,5836	981,9	980,0	982,0		
63,0825	5,5936	981,9	980,0	982,1		
63,0908	5,5958	982,0	979,9	982,0		
63,0992	5,6032	982,0	980,0	982,1		
63,1075	5,6002	982,0	980,1	982,2		
63,1158	5,6045	982,0	980,0	982,0		
63,1242	5,6102	982,0	980,0	982,0		
63,1325	5,5984	982,0	980,0	982,1		
63,1408	5,6080	982,1	980,1	982,1		
63,1492	5,6172	982,0	980,1	982,1		
63,1575	5,6302	982,0	980,0	982,0		
63,1658	5,6368	982,0	980,0	982,1		
63,1742	5,6285	982,1	980,1	982,1		
63,1825	5,6324	982,1	980,1	982,1		
63,1908	5,6320	982,0	980,0	982,0		
63,1992	5,6368	982,0	980,0	982,0		
63,2075	5,6437	982,1	980,1	982,1		
63,2158	5,6424	982,0	980,0	982,0		
63,2242	5,6464	982,0	980,0	982,1		
63,2325	5,6437	982,0	980,0	982,1		
63,2408	5,6512	982,0	980,1	982,0		
63,2492	5,6564	982,0	980,0	982,0		
63,2575	5,6616	981,9	980,0	982,0		
63,2658	5,6699	982,0	980,0	981,9		
63,2742	5,6660	981,9	980,0	982,0		
63,2825	5,6660	982,0	980,0	982,0		
63,2908	5,6686	982,0	980,0	982,0		
63,2992	5,6756	982,0	980,0	982,1		
63,3075	5,6756	982,0	980,0	982,0		
63,3158	5,6795	982,0	980,0	982,0		
63,3242	5,6869	982,0	980,0	982,0		
63,3325	5,6865	981,9	980,0	982,1		
63,3408	5,6969	981,9	980,0	982,0		
63,3492	5,6908	981,9	980,0	982,0		
63,3575	5,6995	982,0	980,0	982,0		
63,3658	5,6995	982,0	980,1	982,1		
63,3742	5,7056	982,0	980,1	982,0		
63,3825	5,7139	982,0	980,1	982,1		
63,3908	5,7165	981,9	980,0	982,1		
63,3992	5,7139	982,0	980,0	982,0		
63,4075	5,7266	982,0	980,1	982,1		
63,4158	5,7261	982,0	980,0	982,1		
63,4242	5,7222	982,0	980,0	982,1		
63,4325	5,7266	982,0	980,1	982,1		
63,4408	5,7370	982,0	980,1	982,1		
63,4492	5,7340	981,9	980,1	982,1		
63,4575	5,7353	981,9	980,0	982,0		
63,4658	5,7497	981,9	980,1	982,1		
63,4742	5,7466	982,0	980,1	982,1		
63,4825	5,7523	981,9	980,0	982,0		
63,4908	5,7549	981,9	980,0	982,0		
63,4992	5,7584	981,9	980,0	982,0		
63,5075	5,7566	982,0	980,0	982,1		
63,5158	5,7636	982,0	980,1	982,1		
63,5242	5,7697	982,0	980,0	982,1		
63,5325	5,7741	982,0	980,0	982,1		
63,5408	5,7762	981,9	980,0	982,1		
63,5492	5,7793	982,0	980,1	982,1		
63,5575	5,7784	982,0	980,1	982,1		
63,5658	5,7793	982,0	980,0	982,1		
63,5742	5,7876	982,0	980,1	982,1		
63,5825	5,7906	982,0	980,1	982,1		
63,5908	5,7911	982,0	980,0	982,1		
63,5992	5,7937	982,0	980,1	982,1		
63,6075	5,8033	982,0	980,0	982,0		
63,6158	5,8111	982,0	980,0	982,0		
63,6242	5,8107	982,0	980,1	982,1		
63,6325	5,8081	982,0	980,0	982,0		
63,6408	5,8155	981,9	980,0	982,1		
63,6492	5,8168	982,1	980,1	982,1		
63,6575	5,8203	982,0	980,0	982,1		
63,6658	5,8255	981,9	980,0	982,1		
63,6742	5,8333	982,0	980,1	982,1		
63,6825	5,8342	982,0	980,0	982,0		
63,6908	5,8368	982,0	980,1	982,1		
63,6992	5,8460	982,0	980,1	982,1		
63,7075	5,8416	982,0	980,0	982,0		
63,7158	5,8499	982,0	980,0	982,1		
63,7242	5,8460	982,0	980,0	982,0		
63,7325	5,8538	981,9	980,0	982,0		
63,7408	5,8543	981,9	980,0	982,0		
63,7492	5,8577	982,0	980,1	982,1		
63,7575	5,8669	982,0	980,1	982,1		
63,7658	5,8695	982,0	980,1	982,1		
63,7742	5,8730	981,9	980,1	982,1		
63,7825	5,8651	981,9	980,1	982,1		
63,7908	5,8760	982,0	980,0	982,0		
63,7992	5,8852	982,0	980,1	982,1		
63,8075	5,8874	982,0	980,0	982,0		
63,8158	5,8882	981,9	980,0	982,0		
63,8242	5,8882	982,0	980,0	982,1		
63,8325	5,8957	982,0	980,1	982,1		
63,8408	5,9035	982,0	980,0	982,0		
63,8492	5,8978	982,0	980,0	982,1		
63,8575	5,9118	982,0	980,0	982,0		
63,8658	5,9074	982,0	980,0	982,1		
63,8742	5,9157	982,0	980,0	982,1		
63,8825	5,9201	982,0	980,0	982,0		
63,8908	5,9140	982,0	980,1	982,0		
63,8992	5,9249	981,9	980,0	982,2		
63,9075	5,9201	982,0	980,0	982,1		
63,9158	5,9301	982,0	980,0	982,0		
63,9242	5,9249	982,0	980,0	982,1		
63,9325	5,9410	982,0	980,1	982,2		
63,9408	5,9414	982,1	980,1	982,1		
63,9492	5,9453	982,1	980,1	982,1		
63,9575	5,9514	982,0	980,0	982,1		
63,9658	5,9606	982,1	980,0	982,1		
63,9742	5,9549	982,1	980,0	982,1		
63,9825	5,9571	982,0	980,1	982,1		
63,9908	5,9610	982,1	980,1	982,2		
63,9992	5,9637	982,0	980,1	982,1		
64,0075	5,9706	982,1	980,0	982,1		
64,0158	5,9684	982,0	980,1	982,0		
64,0242	5,9789	982,1	980,1	982,1		
64,0325	5,9846	982,0	980,0	982,0		
64,0408	5,9767	982,1	980,1	982,0		
64,0492	5,9902	982,0	980,1	982,1		
64,0575	5,9929	982,1	980,1	982,0		
64,0658	5,9937	982,0	980,1	982,1		
64,0742	6,0020	982,1	980,1	982,1		
64,0825	5,9968	982,0	980,1	982,1		
64,0908	6,0064	982,1	980,1	982,1		
64,0992	6,0077	982,1	980,1	982,1		
64,1075	6,0103	982,1	980,1	982,1		
64,1158	6,0199	982,0	980,1	982,1		
64,1242	6,0194	982,1	980,1	982,1		
64,1325	6,0242	982,1	980,1	982,1		
64,1408	6,0312	982,1	980,1	982,1		
64,1492	6,0299	982,0	980,1	982,1		
64,1575	6,0325	982,0	980,1	982,1		
64,1658	6,0434	982,1	980,1	982,2		
64,1742	6,0417	982,1	980,1	982,1		
64,1825	6,0425	982,1	980,0	982,1		
64,1908	6,0526	982,1	980,1	982,1		
64,1992	6,0499	982,0	980,0	982,1		
64,2075	6,0517	982,1	980,1	982,1		
64,2158	6,0534	982,0	980,1	982,0		
64,2242	6,0643	982,0	980,1	982,1		
64,2325	6,0661	982,0	980,1	982,1		
64,2408	6,0691	982,1	980,1	982,1		
64,2492	6,0735	982,1	980,1	982,1		
64,2575	6,0774	982,0	980,0	982,1		
64,2658	6,0826	982,0	980,0	982,0		
64,2742	6,0948	982,0	980,0	982,1		
64,2825	6,0914	982,0	980,1	982,1		
64,2908	6,0887	982,0	980,1	982,0		
64,2992	6,0970	982,0	980,0	982,0		
64,3075	6,0914	982,0	980,1	982,1		
64,3158	6,1027	982,0	980,0	982,0		
64,3242	6,1136	982,0	980,1	982,1		
64,3325	6,1105	982,0	980,1	982,1		
64,3408	6,1097	982,1	980,0	982,0		
64,3492	6,1179	982,0	980,1	982,1		
64,3575	6,1101	982,0	980,1	982,1		
64,3658	6,1315	982,0	980,0	982,1		
64,3742	6,1275	982,1	980,1	982,1		
64,3825	6,1362	982,1	980,1	982,2		
64,3908	6,1384	982,0	980,1	982,1		
64,3992	6,1397	982,0	980,0	982,0		
64,4075	6,1419	982,0	980,0	982,0		
64,4158	6,1524	982,0	980,1	982,1		
64,4242	6,1498	982,1	980,1	982,1		
64,4325	6,1537	982,0	980,0	982,1		
64,4408	6,1580	982,0	980,1	982,0		
64,4492	6,1563	982,1	980,1	982,1		
64,4575	6,1733	982,1	980,1	982,2		
64,4658	6,1776	982,0	980,1	982,1		
64,4742	6,1763	982,0	980,1	982,1		
64,4825	6,1763	982,1	980,1	982,1		
64,4908	6,1842	982,0	980,1	982,1		
64,4992	6,1811	982,0	980,0	982,1		
64,5075	6,1855	982,0	980,0	982,1		
64,5158	6,1960	982,0	980,1	982,1		
64,5242	6,1955	982,0	980,1	982,1		
64,5325	6,1916	982,1	980,1	982,2		
64,5408	6,2029	982,0	980,1	982,2		
64,5492	6,2116	982,0	980,1	982,1		
64,5575	6,2147	982,1	980,0	982,2		
64,5658	6,2112	982,1	980,1	982,1		
64,5742	6,2147	982,0	980,1	982,1		
64,5825	6,2295	982,0	980,1	982,1		
64,5908	6,2291	982,0	980,1	982,1		
64,5992	6,2334	982,1	980,1	982,1		
64,6075	6,2273	982,0	980,1	982,1		
64,6158	6,2326	982,1	980,1	982,1		
64,6242	6,2365	982,1	980,1	982,2		
64,6325	6,2456	982,1	980,1	982,2		
64,6408	6,2439	982,0	980,1	982,1		
64,6492	6,2465	982,0	980,1	982,1		
64,6575	6,2600	982,0	980,1	982,1		
64,6658	6,2570	982,0	980,1	982,1		
64,6742	6,2570	982,0	980,1	982,1		
64,6825	6,2683	982,1	980,1	982,1		
64,6908	6,2744	982,1	980,1	982,1		
64,6992	6,2766	982,1	980,1	982,1		
64,7075	6,2853	982,0	980,1	982,1		
64,7158	6,2836	982,0	980,1	982,1		
64,7242	6,2796	982,1	980,1	982,1		
64,7325	6,2796	982,1	980,1	982,0		
64,7408	6,2936	982,1	980,0	982,0		
64,7492	6,2979	982,2	980,1	982,1		
64,7575	6,2962	982,1	980,1	982,0		
64,7658	6,3101	982,1	980,0	982,0		
64,7742	6,3171	982,1	980,1	982,1		
64,7825	6,3123	982,0	980,0	982,1		
64,7908	6,3141	982,0	980,0	982,1		
64,7992	6,3289	982,1	980,1	982,1		
64,8075	6,3293	982,1	980,1	982,1		
64,8158	6,3319	982,1	980,1	982,1		
64,8242	6,3289	982,1	980,1	982,1		
64,8325	6,3359	982,1	980,1	982,1		
64,8408	6,3298	982,2	980,1	982,1		
64,8492	6,3441	982,1	980,2	982,2		
64,8575	6,3468	982,2	980,1	982,1		
64,8658	6,3468	982,2	980,2	982,2		
64,8742	6,3537	982,2	980,1	982,1		
64,8825	6,3690	982,2	980,1	982,1		
64,8908	6,3685	982,1	980,1	982,1		
64,8992	6,3668	982,2	980,1	982,1		
64,9075	6,3742	982,1	980,1	982,2		
64,9158	6,3733	982,1	980,1	982,1		
64,9242	6,3808	982,0	980,0	982,0		
64,9325	6,3838	982,1	980,1	982,1		
64,9408	6,3912	982,1	980,1	982,1		
64,9492	6,3899	982,1	980,1	982,1		
64,9575	6,4004	982,1	980,1	982,0		
64,9658	6,3991	982,1	980,1	982,0		
64,9742	6,4117	982,1	980,1	982,1		
64,9825	6,4017	982,1	980,1	982,0		
64,9908	6,4143	982,1	980,1	982,1		
64,9992	6,4165	982,1	980,1	982,0		
65,0075	6,4200	982,2	980,2	982,2		
65,0158	6,4252	982,1	980,1	982,1		
65,0242	6,4317	982,1	980,1	982,1		
65,0325	6,4270	982,0	980,1	982,1		
65,0408	6,4322	982,1	980,1	982,1		
65,0492	6,4239	982,1	980,1	982,2		
65,0575	6,4405	982,2	980,1	982,1		
65,0658	6,4470	982,1	980,1	982,1		
65,0742	6,4505	982,1	980,1	982,1		
65,0825	6,4527	982,1	980,1	982,1		
65,0908	6,4575	982,1	980,1	982,1		
65,0992	6,4575	982,2	980,1	982,1		
65,1075	6,4679	982,1	980,1	982,1		
65,1158	6,4710	982,0	980,1	982,1		
65,1242	6,4749	982,1	980,1	982,1		
65,1325	6,4810	982,1	980,1	982,1		
65,1408	6,4888	982,1	980,1	982,1		
65,1492	6,4819	982,1	980,1	982,1		
65,1575	6,4928	982,1	980,1	982,1		
65,1658	6,4901	982,1	980,1	982,1		
65,1742	6,4945	982,1	980,1	982,1		
65,1825	6,5037	982,1	980,1	982,1		
65,1908	6,5063	982,1	980,1	982,1		
65,1992	6,5076	982,0	980,1	982,1		
65,2075	6,5146	982,0	980,1	982,1		
65,2158	6,5180	982,1	980,1	982,1		
65,2242	6,5289	982,1	980,1	982,1		
65,2325	6,5233	982,1	980,1	982,1		
65,2408	6,5355	982,1	980,1	982,1		
65,2492	6,5346	982,1	980,1	982,1		
65,2575	6,5416	982,1	980,1	982,1		
65,2658	6,5403	982,1	980,1	982,1		
65,2742	6,5464	982,1	980,1	982,1		
65,2825	6,5533	982,1	980,1	982,1		
65,2908	6,5616	982,1	980,1	982,2		
65,2992	6,5651	982,1	980,0	982,0		
65,3075	6,5594	982,1	980,2	982,1		
65,3158	6,5656	982,1	980,1	982,1		
65,3242	6,5769	982,1	980,2	982,2		
65,3325	6,5786	982,1	980,1	982,2		
65,3408	6,5769	982,0	980,1	982,1		
65,3492	6,5930	982,1	980,1	982,1		
65,3575	6,5882	982,2	980,2	982,2		
65,3658	6,5913	982,1	980,1	982,2		
65,3742	6,6026	982,1	980,1	982,1		
65,3825	6,6022	982,1	980,1	982,1		
65,3908	6,6118	982,1	980,1	982,1		
65,3992	6,6131	982,1	980,1	982,2		
65,4075	6,6165	982,1	980,1	982,1		
65,4158	6,6135	982,1	980,1	982,1		
65,4242	6,6235	982,1	980,1	982,1		
65,4325	6,6283	982,2	980,2	982,2		
65,4408	6,6370	982,2	980,1	982,1		
65,4492	6,6414	982,2	980,2	982,1		
65,4575	6,6340	982,1	980,1	982,1		
65,4658	6,6471	982,1	980,2	982,2		
65,4742	6,6440	982,2	980,1	982,2		
65,4825	6,6501	982,2	980,1	982,1		
65,4908	6,6619	982,1	980,1	982,1		
65,4992	6,6575	982,1	980,1	982,1		
65,5075	6,6662	982,1	980,1	982,1		
65,5158	6,6767	982,2	980,1	982,1		
65,5242	6,6715	982,2	980,1	982,1		
65,5325	6,6797	982,2	980,1	982,1		
65,5408	6,6763	982,2	980,2	982,1		
65,5492	6,6941	982,2	980,1	982,1		
65,5575	6,6850	982,2	980,1	982,2		
65,5658	6,6967	982,2	980,1	982,1		
65,5742	6,6994	982,2	980,2	982,2		
65,5825	6,6941	982,2	980,2	982,2		
65,5908	6,7024	982,1	980,1	982,1		
65,5992	6,7185	982,2	980,2	982,2		
65,6075	6,7177	982,2	980,1	982,1		
65,6158	6,7146	982,2	980,1	982,2		
65,6242	6,7233	982,2	980,2	982,1		
65,6325	6,7329	982,2	980,1	982,1		
65,6408	6,7334	982,2	980,1	982,1		
65,6492	6,7351	982,2	980,1	982,2		
65,6575	6,7395	982,2	980,1	982,1		
65,6658	6,7456	982,2	980,1	982,1		
65,6742	6,7560	982,2	980,1	982,1		
65,6825	6,7456	982,2	980,1	982,1		
65,6908	6,7586	982,2	980,1	982,1		
65,6992	6,7569	982,2	980,1	982,1		
65,7075	6,7739	982,1	980,1	982,1		
65,7158	6,7700	982,1	980,1	982,1		
65,7242	6,7813	982,1	980,1	982,1		
65,7325	6,7835	982,2	980,1	982,1		
65,7408	6,7826	982,2	980,2	982,1		
65,7492	6,7852	982,2	980,1	982,1		
65,7575	6,7843	982,1	980,1	982,1		
65,7658	6,7896	982,2	980,2	982,2		
65,7742	6,8018	982,2	980,2	982,1		
65,7825	6,8061	982,1	980,1	982,1		
65,7908	6,8079	982,2	980,2	982,2		
65,7992	6,8088	982,2	980,1	982,1		
65,8075	6,8188	982,2	980,2	982,2		
65,8158	6,8279	982,1	980,1	982,2		
65,8242	6,8301	982,2	980,1	982,1		
65,8325	6,8305	982,1	980,1	982,1		
65,8408	6,8310	982,1	980,1	982,1		
65,8492	6,8414	982,2	980,1	982,2		
65,8575	6,8506	982,1	980,1	982,1		
65,8658	6,8471	982,1	980,1	982,1		
65,8742	6,8589	982,1	980,1	982,1		
65,8825	6,8550	982,2	980,1	982,1		
65,8908	6,8632	982,1	980,1	982,1		
65,8992	6,8571	982,1	980,1	982,2		
65,9075	6,8672	982,1	980,1	982,1		
65,9158	6,8776	982,1	980,1	982,1		
65,9242	6,8781	982,1	980,1	982,1		
65,9325	6,8850	982,2	980,2	982,2		
65,9408	6,8885	982,2	980,1	982,2		
65,9492	6,8898	982,1	980,2	982,1		
65,9575	6,9007	982,1	980,1	982,1		
65,9658	6,9016	982,2	980,1	982,1		
65,9742	6,9046	982,1	980,2	982,1		
65,9825	6,9068	982,2	980,2	982,1		
65,9908	6,9112	982,2	980,2	982,2		
65,9992	6,9181	982,1	980,1	982,1		
66,0075	6,9238	982,1	980,1	982,1		
66,0158	6,9251	982,1	980,1	982,1		
66,0242	6,9286	982,1	980,1	982,2		
66,0325	6,9317	982,1	980,1	982,2		
66,0408	6,9447	982,2	980,1	982,1		
66,0492	6,9469	982,1	980,1	982,1		
66,0575	6,9604	982,1	980,1	982,1		
66,0658	6,9569	982,1	980,1	982,1		
66,0742	6,9500	982,2	980,1	982,1		
66,0825	6,9735	982,2	980,1	982,2		
66,0908	6,9696	982,1	980,1	982,1		
66,0992	6,9739	982,1	980,1	982,1		
66,1075	6,9809	982,2	980,1	982,1		
66,1158	6,9840	982,2	980,1	982,1		
66,1242	6,9840	982,1	980,1	982,1		
66,1325	6,9927	982,2	980,2	982,1		
66,1408	6,9940	982,2	980,1	982,2		
66,1492	6,9988	982,2	980,2	982,2		
66,1575	7,0088	982,1	980,1	982,1		
66,1658	7,0153	982,1	980,1	982,2		
66,1742	7,0145	982,1	980,2	982,2		
66,1825	7,0262	982,2	980,1	982,1		
66,1908	7,0210	982,2	980,1	982,1		
66,1992	7,0302	982,2	980,2	982,2		
66,2075	7,0223	982,2	980,1	982,1		
66,2158	7,0319	982,2	980,2	982,2		
66,2242	7,0480	982,2	980,2	982,2		
66,2325	7,0424	982,2	980,1	982,2		
66,2408	7,0450	982,2	980,2	982,2		
66,2492	7,0585	982,3	980,2	982,1		
66,2575	7,0550	982,2	980,2	982,2		
66,2658	7,0642	982,2	980,1	982,2		
66,2742	7,0637	982,2	980,1	982,1		
66,2825	7,0685	982,2	980,1	982,1		
66,2908	7,0759	982,2	980,1	982,2		
66,2992	7,0794	982,2	980,1	982,2		
66,3075	7,0873	982,2	980,1	982,1		
66,3158	7,0842	982,2	980,1	982,1		
66,3242	7,0999	982,3	980,2	982,2		
66,3325	7,1008	982,2	980,1	982,2		
66,3408	7,1016	982,3	980,1	982,1		
66,3492	7,1043	982,2	980,1	982,1		
66,3575	7,1182	982,2	980,1	982,1		
66,3658	7,1156	982,2	980,2	982,2		
66,3742	7,1156	982,3	980,2	982,1		
66,3825	7,1265	982,3	980,2	982,2		
66,3908	7,1321	982,3	980,2	982,2		
66,3992	7,1321	982,3	980,2	982,2		
66,4075	7,1426	982,4	980,2	982,2		
66,4158	7,1435	982,3	980,2	982,2		
66,4242	7,1522	982,2	980,1	982,1		
66,4325	7,1627	982,2	980,2	982,2		
66,4408	7,1609	982,2	980,2	982,1		
66,4492	7,1557	982,3	980,2	982,1		
66,4575	7,1757	982,2	980,2	982,1		
66,4658	7,1675	982,2	980,1	982,0		
66,4742	7,1801	982,2	980,2	982,1		
66,4825	7,1836	982,3	980,2	982,1		
66,4908	7,1906	982,2	980,1	982,1		
66,4992	7,1919	982,2	980,1	982,1		
66,5075	7,1927	982,2	980,1	982,1		
66,5158	7,1988	982,2	980,1	982,2		
66,5242	7,2102	982,2	980,1	982,1		
66,5325	7,2202	982,3	980,1	982,1		
66,5408	7,2150	982,2	980,1	982,1		
66,5492	7,2232	982,2	980,1	982,1		
66,5575	7,2276	982,2	980,2	982,2		
66,5658	7,2350	982,1	980,2	982,1		
66,5742	7,2385	982,3	980,2	982,1		
66,5825	7,2354	982,2	980,2	982,2		
66,5908	7,2507	982,2	980,1	982,1		
66,5992	7,2511	982,2	980,1	982,1		
66,6075	7,2537	982,2	980,1	982,1		
66,6158	7,2559	982,2	980,1	982,2		
66,6242	7,2625	982,3	980,2	982,2		
66,6325	7,2725	982,2	980,2	982,2		
66,6408	7,2751	982,2	980,1	982,2		
66,6492	7,2751	982,2	980,1	982,2		
66,6575	7,2891	982,2	980,2	982,2		
66,6658	7,2904	982,2	980,1	982,1		
66,6742	7,3021	982,2	980,1	982,2		
66,6825	7,2982	982,2	980,2	982,2		
66,6908	7,3047	982,3	980,2	982,1		
66,6992	7,3117	982,2	980,1	982,1		
66,7075	7,3122	982,2	980,1	982,2		
66,7158	7,3187	982,2	980,2	982,2		
66,7242	7,3169	982,3	980,2	982,2		
66,7325	7,3326	982,2	980,1	982,1		
66,7408	7,3348	982,3	980,2	982,2		
66,7492	7,3309	982,3	980,2	982,1		
66,7575	7,3461	982,2	980,2	982,1		
66,7658	7,3483	982,2	980,2	982,2		
66,7742	7,3518	982,2	980,2	982,2		
66,7825	7,3618	982,2	980,2	982,2		
66,7908	7,3588	982,2	980,2	982,1		
66,7992	7,3692	982,1	980,1	982,1		
66,8075	7,3727	982,3	980,2	982,2		
66,8158	7,3697	982,3	980,2	982,3		
66,8242	7,3784	982,2	980,2	982,1		
66,8325	7,3862	982,2	980,2	982,2		
66,8408	7,3963	982,2	980,1	982,2		
66,8492	7,3976	982,2	980,2	982,1		
66,8575	7,4046	982,2	980,2	982,2		
66,8658	7,4032	982,2	980,2	982,1		
66,8742	7,4050	982,2	980,2	982,2		
66,8825	7,4224	982,2	980,1	982,1		
66,8908	7,4207	982,2	980,1	982,2		
66,8992	7,4307	982,2	980,2	982,2		
66,9075	7,4385	982,2	980,2	982,2		
66,9158	7,4351	982,2	980,1	982,1		
66,9242	7,4355	982,2	980,2	982,1		
66,9325	7,4429	982,2	980,2	982,1		
66,9408	7,4512	982,2	980,2	982,2		
66,9492	7,4551	982,2	980,2	982,1		
66,9575	7,4630	982,3	980,2	982,1		
66,9658	7,4743	982,2	980,2	982,2		
66,9742	7,4638	982,3	980,2	982,2		
66,9825	7,4817	982,2	980,1	982,1		
66,9908	7,4795	982,2	980,2	982,1		
66,9992	7,4878	982,1	980,2	982,5		
67,0075	7,4908	982,0	980,1	982,3		
67,0158	7,4961	982,0	980,1	982,2		
67,0242	7,5061	982,1	980,1	982,3		
67,0325	7,5174	982,1	980,1	982,3		
67,0408	7,5222	982,1	980,1	982,2		
67,0492	7,5126	982,1	980,0	982,2		
67,0575	7,5366	982,1	980,1	982,2		
67,0658	7,5275	982,1	980,1	982,2		
67,0742	7,5340	982,1	980,0	982,1		
67,0825	7,5379	982,1	980,1	982,1		
67,0908	7,5418	982,1	980,0	982,0		
67,0992	7,5414	982,2	980,1	982,1		
67,1075	7,5575	982,1	980,1	982,1		
67,1158	7,5645	982,1	980,1	982,2		
67,1242	7,5584	982,2	980,0	982,1		
67,1325	7,5658	982,2	980,1	982,2		
67,1408	7,5680	982,2	980,0	982,2		
67,1492	7,5780	982,1	980,1	982,1		
67,1575	7,5811	982,2	980,0	982,1		
67,1658	7,5893	982,2	980,1	982,1		
67,1742	7,5994	982,1	980,0	982,1		
67,1825	7,6055	982,2	980,0	982,1		
67,1908	7,6007	982,2	980,1	982,2		
67,1992	7,6111	982,2	980,1	982,1		
67,2075	7,6094	982,1	980,1	982,2		
67,2158	7,6207	982,2	980,1	982,1		
67,2242	7,6264	982,2	980,1	982,0		
67,2325	7,6290	982,1	980,1	982,2		
67,2408	7,6281	982,2	980,1	982,1		
67,2492	7,6403	982,1	980,1	982,1		
67,2575	7,6456	982,1	980,0	982,1		
67,2658	7,6547	982,2	980,1	982,1		
67,2742	7,6591	982,2	980,1	982,1		
67,2825	7,6582	982,1	980,0	982,1		
67,2908	7,6748	982,1	980,0	982,0		
67,2992	7,6800	982,1	980,1	982,1		
67,3075	7,6778	982,1	980,1	982,1		
67,3158	7,6865	982,1	980,0	982,1		
67,3242	7,6883	982,1	980,1	982,1		
67,3325	7,6896	982,1	980,1	982,1		
67,3408	7,6944	982,1	980,1	982,1		
67,3492	7,7035	982,1	980,1	982,1		
67,3575	7,7083	982,1	980,1	982,1		
67,3658	7,7197	982,1	980,1	982,1		
67,3742	7,7136	982,1	980,1	982,2		
67,3825	7,7306	982,1	980,1	982,2		
67,3908	7,7314	982,1	980,0	982,1		
67,3992	7,7406	982,1	980,0	982,1		
67,4075	7,7406	982,1	980,1	982,1		
67,4158	7,7471	982,1	980,1	982,1		
67,4242	7,7593	982,1	980,1	982,2		
67,4325	7,7585	982,1	980,1	982,1		
67,4408	7,7606	982,1	980,0	982,1		
67,4492	7,7685	982,1	980,0	982,1		
67,4575	7,7755	982,1	980,0	982,1		
67,4658	7,7816	982,1	980,0	982,1		
67,4742	7,7855	982,2	980,0	982,1		
67,4825	7,7798	982,1	980,1	982,1		
67,4908	7,7994	982,1	980,0	982,1		
67,4992	7,8051	982,1	980,0	982,1		
67,5075	7,8086	982,2	980,1	982,2		
67,5158	7,8112	982,2	980,1	982,1		
67,5242	7,8138	982,1	980,0	982,1		
67,5325	7,8247	982,2	980,1	982,1		
67,5408	7,8291	982,1	980,0	982,0		
67,5492	7,8365	982,1	980,0	982,1		
67,5575	7,8343	982,2	980,1	982,1		
67,5658	7,8365	982,1	980,1	982,2		
67,5742	7,8443	982,1	980,1	982,2		
67,5825	7,8482	982,1	980,1	982,1		
67,5908	7,8604	982,1	980,1	982,2		
67,5992	7,8683	982,2	980,1	982,1		
67,6075	7,8709	982,1	980,0	982,1		
67,6158	7,8831	982,1	980,1	982,1		
67,6242	7,8866	982,1	980,0	982,2		
67,6325	7,8862	982,1	980,1	982,1		
67,6408	7,8896	982,2	980,0	982,1		
67,6492	7,8931	982,1	980,1	982,1		
67,6575	7,9032	982,1	980,1	982,1		
67,6658	7,9101	982,1	980,1	982,2		
67,6742	7,9167	982,1	980,0	982,1		
67,6825	7,9167	982,0	980,0	982,1		
67,6908	7,9241	982,2	980,0	982,1		
67,6992	7,9267	982,1	980,0	982,1		
67,7075	7,9363	982,1	980,0	982,1		
67,7158	7,9511	982,1	980,0	982,1		
67,7242	7,9463	982,2	980,1	982,2		
67,7325	7,9616	982,1	980,0	982,1		
67,7408	7,9716	982,2	980,1	982,1		
67,7492	7,9659	982,1	980,0	982,1		
67,7575	7,9711	982,2	980,0	982,1		
67,7658	7,9838	982,2	980,0	982,1		
67,7742	7,9868	982,2	980,1	982,1		
67,7825	7,9881	982,1	980,0	982,1		
67,7908	7,9942	982,1	980,0	982,1		
67,7992	8,0038	982,1	980,0	982,1		
67,8075	8,0043	982,1	980,0	982,1		
67,8158	8,0182	982,2	980,1	982,2		
67,8242	8,0139	982,2	980,1	982,1		
67,8325	8,0204	982,2	980,1	982,1		
67,8408	8,0317	982,2	980,1	982,1		
67,8492	8,0348	982,1	980,0	982,1		
67,8575	8,0400	982,2	980,0	982,1		
67,8658	8,0496	982,2	980,1	982,1		
67,8742	8,0570	982,2	980,1	982,1		
67,8825	8,0605	982,1	980,1	982,1		
67,8908	8,0627	982,2	980,0	982,0		
67,8992	8,0723	982,2	980,0	982,0		
67,9075	8,0740	982,1	980,0	982,1		
67,9158	8,0862	982,2	980,0	982,1		
67,9242	8,0823	982,2	980,0	982,1		
67,9325	8,0954	982,2	980,1	982,2		
67,9408	8,0975	982,2	980,1	982,1		
67,9492	8,1063	982,2	980,1	982,1		
67,9575	8,1054	982,3	980,1	982,1		
67,9658	8,1158	982,2	980,1	982,1		
67,9742	8,1263	982,2	980,1	982,1		
67,9825	8,1285	982,2	980,1	982,2		
67,9908	8,1403	982,2	980,0	982,1		
67,9992	8,1385	982,2	980,1	982,1		
68,0075	8,1455	982,2	980,1	982,1		
68,0158	8,1512	982,3	980,1	982,2		
68,0242	8,1559	982,2	980,1	982,1		
68,0325	8,1594	982,2	980,1	982,1		
68,0408	8,1647	982,2	980,1	982,1		
68,0492	8,1743	982,2	980,1	982,1		
68,0575	8,1764	982,2	980,0	982,1		
68,0658	8,1825	982,3	980,1	982,1		
68,0742	8,1960	982,2	980,1	982,1		
68,0825	8,1991	982,2	980,1	982,1		
68,0908	8,2026	982,2	980,1	982,1		
68,0992	8,2109	982,2	980,1	982,1		
68,1075	8,2148	982,2	980,1	982,1		
68,1158	8,2170	982,2	980,1	982,1		
68,1242	8,2274	982,2	980,1	982,1		
68,1325	8,2313	982,2	980,1	982,1		
68,1408	8,2449	982,2	980,1	982,1		
68,1492	8,2444	982,2	980,1	982,1		
68,1575	8,2562	982,2	980,1	982,1		
68,1658	8,2544	982,2	980,1	982,1		
68,1742	8,2658	982,2	980,1	982,2		
68,1825	8,2732	982,2	980,1	982,2		
68,1908	8,2723	982,1	980,1	982,1		
68,1992	8,2828	982,2	980,1	982,1		
68,2075	8,2884	982,2	980,1	982,2		
68,2158	8,2954	982,1	980,1	982,1		
68,2242	8,2972	982,2	980,1	982,1		
68,2325	8,3067	982,2	980,1	982,2		
68,2408	8,3115	982,2	980,1	982,2		
68,2492	8,3229	982,3	980,2	982,2		
68,2575	8,3185	982,2	980,1	982,1		
68,2658	8,3220	982,2	980,1	982,2		
68,2742	8,3377	982,2	980,1	982,2		
68,2825	8,3320	982,1	980,1	982,0		
68,2908	8,3490	982,2	980,1	982,1		
68,2992	8,3551	982,2	980,2	982,2		
68,3075	8,3621	982,2	980,2	982,1		
68,3158	8,3708	982,2	980,1	982,1		
68,3242	8,3730	982,3	980,1	982,2		
68,3325	8,3795	982,2	980,1	982,1		
68,3408	8,3852	982,2	980,1	982,1		
68,3492	8,3939	982,2	980,1	982,1		
68,3575	8,3961	982,1	980,1	982,2		
68,3658	8,4013	982,2	980,0	982,1		
68,3742	8,4061	982,2	980,0	982,1		
68,3825	8,4122	982,2	980,1	982,2		
68,3908	8,4192	982,2	980,1	982,2		
68,3992	8,4331	982,2	980,1	982,1		
68,4075	8,4427	982,1	980,1	982,2		
68,4158	8,4449	982,2	980,1	982,1		
68,4242	8,4523	982,1	980,1	982,1		
68,4325	8,4545	982,1	980,0	982,0		
68,4408	8,4615	982,2	980,1	982,1		
68,4492	8,4597	982,1	980,1	982,1		
68,4575	8,4798	982,1	980,0	982,1		
68,4658	8,4780	982,2	980,1	982,1		
68,4742	8,4868	982,2	980,1	982,1		
68,4825	8,4915	982,2	980,1	982,1		
68,4908	8,5007	982,2	980,1	982,1		
68,4992	8,5011	982,2	980,1	982,1		
68,5075	8,5164	982,2	980,1	982,1		
68,5158	8,5181	982,2	980,1	982,1		
68,5242	8,5194	982,2	980,1	982,2		
68,5325	8,5329	982,2	980,1	982,2		
68,5408	8,5382	982,2	980,1	982,2		
68,5492	8,5404	982,2	980,1	982,2		
68,5575	8,5517	982,2	980,1	982,1		
68,5658	8,5526	982,2	980,1	982,2		
68,5742	8,5600	982,2	980,1	982,1		
68,5825	8,5669	982,2	980,0	982,1		
68,5908	8,5704	982,3	980,1	982,2		
68,5992	8,5805	982,2	980,1	982,2		
68,6075	8,5800	982,2	980,1	982,1		
68,6158	8,5861	982,4	980,1	982,2		
68,6242	8,6057	982,3	980,1	982,1		
68,6325	8,6149	982,3	980,1	982,1		
68,6408	8,6179	982,3	980,1	982,1		
68,6492	8,6140	982,3	980,1	982,1		
68,6575	8,6232	982,3	980,1	982,1		
68,6658	8,6389	982,3	980,2	982,2		
68,6742	8,6410	982,2	980,1	982,1		
68,6825	8,6441	982,2	980,1	982,2		
68,6908	8,6471	982,3	980,2	982,2		
68,6992	8,6550	982,2	980,1	982,1		
68,7075	8,6694	982,3	980,1	982,2		
68,7158	8,6646	982,4	980,2	982,2		
68,7242	8,6759	982,4	980,1	982,2		
68,7325	8,6894	982,3	980,2	982,2		
68,7408	8,6964	982,3	980,1	982,1		
68,7492	8,7007	982,3	980,1	982,1		
68,7575	8,7060	982,3	980,1	982,2		
68,7658	8,7082	982,3	980,1	982,1		
68,7742	8,7186	982,2	980,1	982,2		
68,7825	8,7291	982,3	980,1	982,2		
68,7908	8,7378	982,2	980,1	982,1		
68,7992	8,7356	982,3	980,1	982,1		
68,8075	8,7426	982,3	980,2	982,2		
68,8158	8,7496	982,3	980,2	982,1		
68,8242	8,7539	982,3	980,2	982,2		
68,8325	8,7626	982,3	980,2	982,2		
68,8408	8,7714	982,3	980,1	982,1		
68,8492	8,7796	982,3	980,2	982,2		
68,8575	8,7805	982,3	980,2	982,1		
68,8658	8,7918	982,2	980,1	982,1		
68,8742	8,7940	982,2	980,1	982,2		
68,8825	8,8032	982,2	980,1	982,1		
68,8908	8,8084	982,3	980,1	982,1		
68,8992	8,8193	982,2	980,2	982,2		
68,9075	8,8241	982,2	980,1	982,1		
68,9158	8,8276	982,2	980,1	982,1		
68,9242	8,8306	982,3	980,1	982,1		
68,9325	8,8485	982,2	980,1	982,2		
68,9408	8,8555	982,3	980,1	982,2		
68,9492	8,8646	982,3	980,1	982,1		
68,9575	8,8677	982,3	980,2	982,2		
68,9658	8,8664	982,3	980,1	982,2		
68,9742	8,8873	982,3	980,1	982,2		
68,9825	8,8869	982,3	980,1	982,2		
68,9908	8,8991	982,3	980,1	982,2		
68,9992	8,8995	982,3	980,1	982,2		
69,0075	8,9065	982,2	980,1	982,2		
69,0158	8,9130	982,2	980,1	982,1		
69,0242	8,9209	982,3	980,2	982,1		
69,0325	8,9248	982,3	980,1	982,2		
69,0408	8,9352	982,2	980,1	982,1		
69,0492	8,9348	982,2	980,1	982,1		
69,0575	8,9392	982,2	980,1	982,2		
69,0658	8,9540	982,3	980,2	982,1		
69,0742	8,9618	982,2	980,1	982,1		
69,0825	8,9697	982,2	980,1	982,2		
69,0908	8,9736	982,1	980,1	982,1		
69,0992	8,9775	982,4	980,2	982,2		
69,1075	8,9919	982,2	980,1	982,1		
69,1158	8,9945	982,2	980,1	982,2		
69,1242	9,0032	982,3	980,2	982,3		
69,1325	9,0098	982,3	980,1	982,2		
69,1408	9,0124	982,3	980,2	982,2		
69,1492	9,0233	982,3	980,1	982,2		
69,1575	9,0307	982,3	980,2	982,1		
69,1658	9,0446	982,3	980,1	982,2		
69,1742	9,0612	982,4	980,2	982,2		
69,1825	9,0590	982,3	980,2	982,2		
69,1908	9,0621	982,3	980,2	982,2		
69,1992	9,0690	982,3	980,2	982,2		
69,2075	9,0708	982,3	980,1	982,2		
69,2158	9,0843	982,3	980,1	982,2		
69,2242	9,0921	982,3	980,2	982,2		
69,2325	9,1022	982,2	980,1	982,2		
69,2408	9,0934	982,3	980,1	982,1		
69,2492	9,1122	982,3	980,1	982,2		
69,2575	9,1139	982,3	980,2	982,2		
69,2658	9,1257	982,3	980,2	982,2		
69,2742	9,1340	982,3	980,1	982,1		
69,2825	9,1479	982,3	980,1	982,1		
69,2908	9,1540	982,3	980,1	982,2		
69,2992	9,1553	982,4	980,1	982,2		
69,3075	9,1619	982,3	980,1	982,2		
69,3158	9,1610	982,3	980,2	982,2		
69,3242	9,1758	982,4	980,2	982,2		
69,3325	9,1837	982,4	980,2	982,2		
69,3408	9,1889	982,4	980,1	982,2		
69,3492	9,1963	982,3	980,2	982,2		
69,3575	9,2046	982,3	980,2	982,2		
69,3658	9,2081	982,4	980,2	982,2		
69,3742	9,2198	982,4	980,2	982,1		
69,3825	9,2259	982,4	980,2	982,2		
69,3908	9,2242	982,4	980,2	982,2		
69,3992	9,2408	982,4	980,2	982,2		
69,4075	9,2473	982,4	980,2	982,2		
69,4158	9,2525	982,3	980,1	982,1		
69,4242	9,2652	982,3	980,1	982,1		
69,4325	9,2612	982,3	980,1	982,2		
69,4408	9,2769	982,4	980,2	982,1		
69,4492	9,2904	982,3	980,2	982,1		
69,4575	9,2896	982,3	980,1	982,1		
69,4658	9,3026	982,3	980,1	982,2		
69,4742	9,3122	982,4	980,1	982,1		
69,4825	9,3118	982,3	980,2	982,2		
69,4908	9,3257	982,3	980,2	982,2		
69,4992	9,3284	982,3	980,1	982,1		
69,5075	9,3406	982,4	980,1	982,2		
69,5158	9,3458	982,3	980,2	982,2		
69,5242	9,3532	982,3	980,2	982,2		
69,5325	9,3658	982,3	980,2	982,2		
69,5408	9,3754	982,3	980,1	982,1		
69,5492	9,3702	982,3	980,1	982,1		
69,5575	9,3833	982,3	980,1	982,1		
69,5658	9,3863	982,3	980,1	982,2		
69,5742	9,3950	982,3	980,1	982,1		
69,5825	9,4068	982,3	980,2	982,2		
69,5908	9,4134	982,3	980,2	982,3		
69,5992	9,4134	982,3	980,2	982,2		
69,6075	9,4330	982,4	980,2	982,2		
69,6158	9,4360	982,4	980,3	982,2		
69,6242	9,4434	982,4	980,2	982,2		
69,6325	9,4474	982,3	980,2	982,2		
69,6408	9,4596	982,4	980,2	982,2		
69,6492	9,4709	982,3	980,2	982,2		
69,6575	9,4787	982,4	980,1	982,1		
69,6658	9,4748	982,4	980,2	982,2		
69,6742	9,4944	982,3	980,2	982,2		
69,6825	9,4901	982,4	980,1	982,2		
69,6908	9,4957	982,3	980,1	982,1		
69,6992	9,5119	982,3	980,2	982,2		
69,7075	9,5267	982,3	980,1	982,2		
69,7158	9,5293	982,3	980,2	982,2		
69,7242	9,5389	982,4	980,2	982,2		
69,7325	9,5463	982,3	980,2	982,1		
69,7408	9,5598	982,3	980,2	982,2		
69,7492	9,5668	982,3	980,2	982,2		
69,7575	9,5659	982,4	980,2	982,2		
69,7658	9,5759	982,3	980,2	982,1		
69,7742	9,5912	982,3	980,1	982,2		
69,7825	9,5859	982,4	980,2	982,2		
69,7908	9,5990	982,4	980,3	982,2		
69,7992	9,6117	982,4	980,2	982,3		
69,8075	9,6204	982,3	980,1	982,1		
69,8158	9,6317	982,3	980,2	982,2		
69,8242	9,6382	982,3	980,2	982,2		
69,8325	9,6457	982,4	980,2	982,2		
69,8408	9,6457	982,4	980,1	982,1		
69,8492	9,6609	982,3	980,2	982,2		
69,8575	9,6648	982,4	980,2	982,2		
69,8658	9,6701	982,4	980,2	982,2		
69,8742	9,6884	982,4	980,1	982,2		
69,8825	9,6914	982,3	980,1	982,1		
69,8908	9,6940	982,4	980,2	982,2		
69,8992	9,7150	982,5	980,2	982,1		
69,9075	9,7215	982,4	980,1	982,2		
69,9158	9,7333	982,4	980,2	982,2		
69,9242	9,7298	982,4	980,2	982,1		
69,9325	9,7354	982,4	980,2	982,2		
69,9408	9,7551	982,4	980,1	982,2		
69,9492	9,7511	982,4	980,2	982,2		
69,9575	9,7646	982,4	980,2	982,2		
69,9658	9,7686	982,4	980,2	982,2		
69,9742	9,7764	982,4	980,2	982,1		
69,9825	9,7886	982,5	980,2	982,2		
69,9908	9,7904	982,4	980,2	982,2		
69,9992	9,8104	982,4	980,2	982,2		
70,0075	9,8113	982,4	980,2	982,2		
70,0158	9,8200	982,5	980,2	982,2		
70,0242	9,8235	982,5	980,3	982,2		
70,0325	9,8383	982,5	980,2	982,2		
70,0408	9,8470	982,5	980,2	982,2		
70,0492	9,8549	982,5	980,2	982,2		
70,0575	9,8618	982,5	980,2	982,2		
70,0658	9,8740	982,5	980,2	982,2		
70,0742	9,8849	982,5	980,3	982,3		
70,0825	9,8889	982,4	980,2	982,2		
70,0908	9,8971	982,5	980,3	982,2		
70,0992	9,8984	982,5	980,2	982,2		
70,1075	9,9146	982,6	980,3	982,2		
70,1158	9,9189	982,5	980,3	982,2		
70,1242	9,9303	982,5	980,2	982,2		
70,1325	9,9355	982,5	980,3	982,2		
70,1408	9,9477	982,5	980,2	982,2		
70,1492	9,9538	982,4	980,2	982,2		
70,1575	9,9660	982,4	980,2	982,2		
70,1658	9,9704	982,4	980,2	982,1		
70,1742	9,9791	982,5	980,3	982,2		
70,1825	9,9913	982,5	980,3	982,2		
70,1908	9,9952	982,4	980,2	982,2		
70,1992	10,0065	982,5	980,3	982,3		
70,2075	10,0183	982,4	980,2	982,3		
70,2158	10,0240	982,4	980,3	982,2		
70,2242	10,0405	982,4	980,2	982,2		
70,2325	10,0519	982,4	980,2	982,2		
70,2408	10,0536	982,4	980,2	982,2		
70,2492	10,0545	982,4	980,2	982,2		
70,2575	10,0754	982,5	980,2	982,2		
70,2658	10,0771	982,4	980,2	982,2		
70,2742	10,0907	982,5	980,2	982,2		
70,2825	10,0889	982,4	980,2	982,2		
70,2908	10,0976	982,4	980,2	982,2		
70,2992	10,1129	982,5	980,2	982,3		
70,3075	10,1207	982,5	980,3	982,2		
70,3158	10,1351	982,5	980,3	982,3		
70,3242	10,1438	982,5	980,2	982,2		
70,3325	10,1556	982,5	980,2	982,2		
70,3408	10,1543	982,5	980,2	982,2		
70,3492	10,1709	982,4	980,3	982,4		
70,3575	10,1752	982,4	980,4	982,5		
70,3658	10,1852	982,3	980,2	982,2		
70,3742	10,1905	982,4	980,2	982,3		
70,3825	10,2048	982,4	980,2	982,2		
70,3908	10,2144	982,4	980,2	982,2		
70,3992	10,2205	982,4	980,2	982,3		
70,4075	10,2223	982,4	980,1	982,1		
70,4158	10,2401	982,4	980,1	982,1		
70,4242	10,2471	982,4	980,1	982,2		
70,4325	10,2558	982,4	980,2	982,2		
70,4408	10,2680	982,4	980,1	982,1		
70,4492	10,2859	982,4	980,1	982,1		
70,4575	10,2872	982,3	980,1	982,1		
70,4658	10,2946	982,4	980,1	982,1		
70,4742	10,2972	982,4	980,1	982,1		
70,4825	10,3164	982,3	980,1	982,1		
70,4908	10,3243	982,3	980,0	982,1		
70,4992	10,3378	982,4	980,1	982,1		
70,5075	10,3439	982,5	980,1	982,1		
70,5158	10,3513	982,3	980,1	982,1		
70,5242	10,3652	982,3	980,0	982,1		
70,5325	10,3709	982,4	980,1	982,1		
70,5408	10,3779	982,4	980,0	982,1		
70,5492	10,3783	982,4	980,0	982,0		
70,5575	10,3971	982,4	980,1	982,0		
70,5658	10,4023	982,4	980,1	982,1		
70,5742	10,4106	982,4	980,1	982,0		
70,5825	10,4249	982,3	980,1	982,1		
70,5908	10,4328	982,4	980,1	982,1		
70,5992	10,4446	982,4	980,1	982,1		
70,6075	10,4511	982,5	980,1	982,1		
70,6158	10,4633	982,4	980,1	982,0		
70,6242	10,4729	982,3	980,0	982,1		
70,6325	10,4851	982,4	980,1	982,1		
70,6408	10,4912	982,5	980,2	982,2		
70,6492	10,4999	982,4	980,1	982,2		
70,6575	10,5056	982,4	980,0	982,1		
70,6658	10,5147	982,5	980,1	982,0		
70,6742	10,5204	982,5	980,1	982,2		
70,6825	10,5274	982,5	980,1	982,1		
70,6908	10,5365	982,5	980,1	982,1		
70,6992	10,5592	982,4	980,1	982,1		
70,7075	10,5635	982,5	980,1	982,1		
70,7158	10,5736	982,4	980,1	982,2		
70,7242	10,5840	982,5	980,1	982,2		
70,7325	10,5862	982,5	980,1	982,1		
70,7408	10,6015	982,4	980,1	982,1		
70,7492	10,6076	982,5	980,2	982,2		
70,7575	10,6215	982,5	980,1	982,1		
70,7658	10,6328	982,5	980,1	982,1		
70,7742	10,6363	982,5	980,1	982,1		
70,7825	10,6464	982,5	980,1	982,1		
70,7908	10,6568	982,5	980,1	982,2		
70,7992	10,6790	982,5	980,1	982,2		
70,8075	10,6865	982,5	980,1	982,1		
70,8158	10,6869	982,5	980,1	982,0		
70,8242	10,6991	982,5	980,1	982,1		
70,8325	10,7082	982,4	980,1	982,1		
70,8408	10,7239	982,5	980,1	982,1		
70,8492	10,7274	982,4	980,1	982,1		
70,8575	10,7414	982,5	980,2	982,1		
70,8658	10,7518	982,5	980,2	982,1		
70,8742	10,7558	982,5	980,2	982,1		
70,8825	10,7714	982,5	980,1	982,0		
70,8908	10,7828	982,5	980,2	982,1		
70,8992	10,7889	982,4	980,2	982,1		
70,9075	10,7959	982,5	980,1	982,1		
70,9158	10,8107	982,5	980,1	982,1		
70,9242	10,8207	982,5	980,1	982,1		
70,9325	10,8333	982,5	980,1	982,0		
70,9408	10,8390	982,5	980,2	982,1		
70,9492	10,8516	982,4	980,1	982,1		
70,9575	10,8708	982,4	980,1	982,1		
70,9658	10,8830	982,5	980,1	982,2		
70,9742	10,8865	982,5	980,1	982,1		
70,9825	10,8887	982,5	980,1	982,2		
70,9908	10,9039	982,5	980,2	982,1		
70,9992	10,9144	982,5	980,1	982,1		
71,0075	10,9170	982,5	980,1	982,0		
71,0158	10,9401	982,5	980,2	982,2		
71,0242	10,9445	982,5	980,1	982,1		
71,0325	10,9562	982,5	980,1	982,1		
71,0408	10,9606	982,5	980,1	982,1		
71,0492	10,9820	982,5	980,2	982,1		
71,0575	10,9963	982,5	980,1	982,1		
71,0658	10,9968	982,6	980,2	982,2		
71,0742	11,0129	982,5	980,2	982,1		
71,0825	11,0181	982,4	980,1	982,0		
71,0908	11,0255	982,5	980,2	982,1		
71,0992	11,0443	982,5	980,2	982,1		
71,1075	11,0547	982,5	980,1	982,1		
71,1158	11,0656	982,4	980,1	982,1		
71,1242	11,0691	982,5	980,2	982,1		
71,1325	11,0839	982,5	980,1	982,2		
71,1408	11,0935	982,5	980,1	982,1		
71,1492	11,1027	982,5	980,1	982,1		
71,1575	11,1149	982,5	980,2	982,1		
71,1658	11,1267	982,5	980,2	982,2		
71,1742	11,1402	982,4	980,1	982,1		
71,1825	11,1454	982,6	980,1	982,2		
71,1908	11,1567	982,5	980,2	982,1		
71,1992	11,1733	982,5	980,1	982,0		
71,2075	11,1755	982,5	980,1	982,0		
71,2158	11,1916	982,5	980,1	982,1		
71,2242	11,2090	982,5	980,2	982,1		
71,2325	11,2125	982,5	980,2	982,2		
71,2408	11,2273	982,5	980,1	982,1		
71,2492	11,2378	982,4	980,1	982,0		
71,2575	11,2487	982,5	980,1	982,1		
71,2658	11,2592	982,5	980,1	982,1		
71,2742	11,2674	982,6	980,2	982,1		
71,2825	11,2727	982,6	980,2	982,1		
71,2908	11,2901	982,5	980,2	982,1		
71,2992	11,3019	982,5	980,1	982,1		
71,3075	11,3088	982,5	980,2	982,1		
71,3158	11,3193	982,5	980,2	982,1		
71,3242	11,3302	982,5	980,1	982,1		
71,3325	11,3428	982,5	980,1	982,1		
71,3408	11,3542	982,5	980,1	982,0		
71,3492	11,3677	982,5	980,1	982,1		
71,3575	11,3882	982,6	980,2	982,1		
71,3658	11,3855	982,6	980,2	982,1		
71,3742	11,3999	982,6	980,2	982,1		
71,3825	11,4169	982,5	980,2	982,1		
71,3908	11,4317	982,6	980,2	982,1		
71,3992	11,4413	982,6	980,2	982,2		
71,4075	11,4466	982,7	980,2	982,1		
71,4158	11,4596	982,6	980,2	982,1		
71,4242	11,4714	982,6	980,2	982,1		
71,4325	11,4875	982,6	980,2	982,1		
71,4408	11,4954	982,6	980,2	982,1		
71,4492	11,5024	982,7	980,2	982,2		
71,4575	11,5154	982,6	980,2	982,1		
71,4658	11,5241	982,7	980,3	982,2		
71,4742	11,5390	982,7	980,3	982,2		
71,4825	11,5599	982,6	980,2	982,1		
71,4908	11,5677	982,6	980,2	982,1		
71,4992	11,5782	982,7	980,2	982,2		
71,5075	11,5952	982,7	980,3	982,2		
71,5158	11,6065	982,6	980,2	982,1		
71,5242	11,6083	982,6	980,2	982,1		
71,5325	11,6309	982,6	980,2	982,1		
71,5408	11,6436	982,6	980,2	982,1		
71,5492	11,6484	982,6	980,2	982,1		
71,5575	11,6684	982,6	980,2	982,2		
71,5658	11,6758	982,7	980,3	982,1		
71,5742	11,6810	982,6	980,2	982,1		
71,5825	11,7020	982,6	980,2	982,1		
71,5908	11,7055	982,6	980,2	982,2		
71,5992	11,7242	982,6	980,3	982,1		
71,6075	11,7390	982,6	980,2	982,1		
71,6158	11,7499	982,6	980,2	982,1		
71,6242	11,7591	982,6	980,2	982,1		
71,6325	11,7748	982,6	980,2	982,2		
71,6408	11,7878	982,6	980,3	982,1		
71,6492	11,7983	982,7	980,2	982,1		
71,6575	11,8188	982,7	980,2	982,1		
71,6658	11,8301	982,6	980,2	982,2		
71,6742	11,8362	982,6	980,2	982,1		
71,6825	11,8419	982,6	980,2	982,2		
71,6908	11,8510	982,6	980,3	982,2		
71,6992	11,8702	982,6	980,2	982,1		
71,7075	11,8815	982,6	980,2	982,0		
71,7158	11,9003	982,6	980,2	982,1		
71,7242	11,9042	982,7	980,2	982,2		
71,7325	11,9273	982,6	980,2	982,1		
71,7408	11,9452	982,6	980,2	982,1		
71,7492	11,9565	982,6	980,2	982,1		
71,7575	11,9709	982,6	980,2	982,1		
71,7658	11,9744	982,7	980,2	982,1		
71,7742	11,9909	982,6	980,2	982,1		
71,7825	12,0062	982,6	980,2	982,1		
71,7908	12,0127	982,6	980,2	982,1		
71,7992	12,0293	982,6	980,2	982,2		
71,8075	12,0293	982,7	980,2	982,1		
71,8158	12,0541	982,6	980,1	982,1		
71,8242	12,0615	982,6	980,2	982,2		
71,8325	12,0729	982,6	980,2	982,1		
71,8408	12,0894	982,6	980,2	982,1		
71,8492	12,1038	982,7	980,2	982,1		
71,8575	12,1204	982,6	980,2	982,1		
71,8658	12,1356	982,6	980,2	982,1		
71,8742	12,1444	982,6	980,2	982,1		
71,8825	12,1566	982,6	980,2	982,1		
71,8908	12,1731	982,6	980,2	982,1		
71,8992	12,1875	982,7	980,3	982,2		
71,9075	12,2001	982,6	980,2	982,1		
71,9158	12,2058	982,6	980,2	982,1		
71,9242	12,2219	982,6	980,2	982,1		
71,9325	12,2376	982,6	980,2	982,1		
71,9408	12,2572	982,7	980,2	982,1		
71,9492	12,2694	982,7	980,2	982,2		
71,9575	12,2782	982,6	980,3	982,2		
71,9658	12,2947	982,7	980,2	982,1		
71,9742	12,3104	982,7	980,2	982,1		
71,9825	12,3226	982,7	980,3	982,2		
71,9908	12,3348	982,7	980,2	982,2		
71,9992	12,3479	982,6	980,2	982,1		
72,0075	12,3588	982,7	980,2	982,1		
72,0158	12,3780	982,7	980,2	982,2		
72,0242	12,3902	982,7	980,3	982,1		
72,0325	12,4050	982,6	980,2	982,1		
72,0408	12,4202	982,7	980,2	982,1		
72,0492	12,4298	982,6	980,2	982,2		
72,0575	12,4569	982,8	980,3	982,2		
72,0658	12,4577	982,7	980,2	982,1		
72,0742	12,4795	982,6	980,2	982,1		
72,0825	12,4908	982,7	980,3	982,2		
72,0908	12,5144	982,7	980,2	982,1		
72,0992	12,5200	982,7	980,2	982,0		
72,1075	12,5305	982,7	980,2	982,1		
72,1158	12,5466	982,8	980,3	982,2		
72,1242	12,5680	982,7	980,2	982,1		
72,1325	12,5671	982,7	980,2	982,1		
72,1408	12,5837	982,7	980,2	982,1		
72,1492	12,6037	982,7	980,2	982,2		
72,1575	12,6151	982,7	980,2	982,2		
72,1658	12,6421	982,8	980,2	982,1		
72,1742	12,6473	982,7	980,2	982,1		
72,1825	12,6591	982,8	980,3	982,2		
72,1908	12,6817	982,9	980,3	982,3		
72,1992	12,6970	982,8	980,3	982,2		
72,2075	12,7062	982,9	980,3	982,2		
72,2158	12,7171	982,8	980,3	982,2		
72,2242	12,7349	982,9	980,4	982,2		
72,2325	12,7554	982,8	980,3	982,2		
72,2408	12,7676	982,8	980,3	982,2		
72,2492	12,7850	982,9	980,3	982,2		
72,2575	12,7990	982,8	980,3	982,2		
72,2658	12,8116	982,8	980,3	982,1		
72,2742	12,8321	982,8	980,3	982,2		
72,2825	12,8343	982,8	980,3	982,1		
72,2908	12,8635	982,8	980,3	982,1		
72,2992	12,8766	982,7	980,2	982,1		
72,3075	12,8940	982,8	980,3	982,1		
72,3158	12,9079	982,7	980,4	982,5		
72,3242	12,9232	982,6	980,4	982,5		
72,3325	12,9376	982,7	980,4	982,3		
72,3408	12,9550	982,7	980,3	982,3		
72,3492	12,9668	982,7	980,4	982,4		
72,3575	12,9864	982,8	980,3	982,3		
72,3658	13,0086	982,8	980,3	982,4		
72,3742	13,0165	982,7	980,3	982,3		
72,3825	13,0326	982,7	980,3	982,2		
72,3908	13,0439	982,8	980,3	982,3		
72,3992	13,0614	982,7	980,3	982,2		
72,4075	13,0736	982,7	980,3	982,2		
72,4158	13,0975	982,8	980,3	982,3		
72,4242	13,1150	982,6	980,3	982,2		
72,4325	13,1259	982,7	980,2	982,2		
72,4408	13,1411	982,7	980,3	982,3		
72,4492	13,1651	982,7	980,2	982,2		
72,4575	13,1795	982,7	980,3	982,3		
72,4658	13,1926	982,7	980,3	982,3		
72,4742	13,2126	982,8	980,2	982,3		
72,4825	13,2327	982,8	980,3	982,2		
72,4908	13,2431	982,8	980,3	982,3		
72,4992	13,2619	982,8	980,3	982,3		
72,5075	13,2710	982,8	980,3	982,3		
72,5158	13,2893	982,7	980,3	982,3		
72,5242	13,3085	982,8	980,3	982,2		
72,5325	13,3342	982,8	980,3	982,3		
72,5408	13,3577	982,8	980,3	982,3		
72,5492	13,3586	982,8	980,3	982,2		
72,5575	13,3778	982,8	980,3	982,3		
72,5658	13,3922	982,8	980,3	982,2		
72,5742	13,4100	982,8	980,2	982,2		
72,5825	13,4310	982,8	980,3	982,3		
72,5908	13,4501	982,8	980,3	982,3		
72,5992	13,4711	982,8	980,3	982,2		
72,6075	13,4837	982,8	980,3	982,3		
72,6158	13,4981	982,8	980,3	982,2		
72,6242	13,5221	982,7	980,2	982,3		
72,6325	13,5312	982,8	980,3	982,2		
72,6408	13,5526	982,8	980,3	982,2		
72,6492	13,5757	982,8	980,3	982,3		
72,6575	13,5900	982,7	980,2	982,2		
72,6658	13,6105	982,8	980,3	982,3		
72,6742	13,6253	982,8	980,4	982,4		
72,6825	13,6428	982,8	980,3	982,3		
72,6908	13,6681	982,8	980,3	982,2		
72,6992	13,6899	982,8	980,3	982,3		
72,7075	13,7038	982,8	980,3	982,3		
72,7158	13,7256	982,8	980,3	982,2		
72,7242	13,7382	982,9	980,3	982,3		
72,7325	13,7448	982,9	980,3	982,3		
72,7408	13,7735	982,8	980,3	982,2		
72,7492	13,7953	982,8	980,3	982,3		
72,7575	13,8067	982,9	980,3	982,2		
72,7658	13,8250	982,8	980,3	982,2		
72,7742	13,8468	982,8	980,3	982,2		
72,7825	13,8664	982,9	980,3	982,3		
72,7908	13,8912	982,9	980,3	982,2		
72,7992	13,9039	982,9	980,3	982,2		
72,8075	13,9217	982,9	980,3	982,2		
72,8158	13,9426	982,9	980,3	982,2		
72,8242	13,9636	982,9	980,3	982,2		
72,8325	13,9823	982,9	980,3	982,2		
72,8408	14,0006	982,9	980,3	982,3		
72,8492	14,0202	982,9	980,4	982,3		
72,8575	14,0381	982,9	980,3	982,2		
72,8658	14,0586	982,9	980,3	982,3		
72,8742	14,0821	982,9	980,4	982,3		
72,8825	14,0956	982,9	980,3	982,3		
72,8908	14,1148	982,9	980,3	982,2		
72,8992	14,1327	983,0	980,4	982,4		
72,9075	14,1597	983,0	980,4	982,3		
72,9158	14,1784	982,9	980,3	982,2		
72,9242	14,1950	982,9	980,3	982,2		
72,9325	14,2198	982,9	980,3	982,3		
72,9408	14,2347	983,0	980,4	982,3		
72,9492	14,2604	983,0	980,4	982,2		
72,9575	14,2839	983,0	980,4	982,3		
72,9658	14,2974	983,0	980,4	982,2		
72,9742	14,3179	982,8	980,3	982,2		
72,9825	14,3449	982,9	980,3	982,2		
72,9908	14,3645	982,9	980,3	982,2		
72,9992	14,3859	982,9	980,4	982,2		
73,0075	14,4038	982,9	980,4	982,2		
73,0158	14,4273	982,9	980,3	982,3		
73,0242	14,4491	983,0	980,4	982,2		
73,0325	14,4766	983,0	980,3	982,2		
73,0408	14,4957	982,9	980,4	982,2		
73,0492	14,5105	982,9	980,4	982,3		
73,0575	14,5445	982,9	980,4	982,2		
73,0658	14,5550	983,0	980,4	982,3		
73,0742	14,5812	982,9	980,4	982,3		
73,0825	14,6029	982,9	980,4	982,2		
73,0908	14,6247	983,0	980,4	982,3		
73,0992	14,6505	982,9	980,3	982,2		
73,1075	14,6801	982,9	980,4	982,2		
73,1158	14,6993	983,0	980,4	982,2		
73,1242	14,7163	983,0	980,3	982,2		
73,1325	14,7363	982,9	980,4	982,3		
73,1408	14,7651	983,0	980,4	982,3		
73,1492	14,7895	983,0	980,4	982,2		
73,1575	14,8108	983,0	980,4	982,3		
73,1658	14,8335	983,0	980,4	982,3		
73,1742	14,8536	982,9	980,3	982,3		
73,1825	14,8793	983,0	980,4	982,3		
73,1908	14,8993	983,0	980,4	982,3		
73,1992	14,9311	982,9	980,3	982,2		
73,2075	14,9551	983,0	980,4	982,3		
73,2158	14,9747	983,0	980,4	982,3		
73,2242	14,9939	983,0	980,4	982,3		
73,2325	15,0205	982,9	980,3	982,2		
73,2408	15,0475	982,9	980,4	982,2		
73,2492	15,0710	982,9	980,4	982,3		
73,2575	15,0994	982,9	980,4	982,2		
73,2658	15,1181	983,0	980,5	982,3		
73,2742	15,1416	983,0	980,4	982,3		
73,2825	15,1695	983,0	980,3	982,3		
73,2908	15,1926	982,9	980,4	982,2		
73,2992	15,2197	983,0	980,4	982,3		
73,3075	15,2410	983,0	980,4	982,2		
73,3158	15,2763	983,0	980,4	982,3		
73,3242	15,2938	983,0	980,4	982,3		
73,3325	15,3147	983,0	980,4	982,2		
73,3408	15,3452	983,0	980,4	982,3		
73,3492	15,3740	983,0	980,4	982,2		
73,3575	15,3992	983,0	980,4	982,2		
73,3658	15,4223	983,0	980,5	982,3		
73,3742	15,4463	983,0	980,4	982,3		
73,3825	15,4725	983,0	980,4	982,3		
73,3908	15,5034	983,0	980,4	982,2		
73,3992	15,5317	983,1	980,4	982,3		
73,4075	15,5662	983,0	980,4	982,3		
73,4158	15,5866	983,0	980,4	982,3		
73,4242	15,6141	983,1	980,5	982,3		
73,4325	15,6411	983,1	980,4	982,3		
73,4408	15,6638	983,1	980,4	982,3		
73,4492	15,6956	983,0	980,4	982,3		
73,4575	15,7235	983,0	980,4	982,2		
73,4658	15,7619	982,9	980,5	982,6		
73,4742	15,7858	982,9	980,5	982,5		
73,4825	15,8168	982,9	980,4	982,3		
73,4908	15,8377	982,9	980,4	982,4		
73,4992	15,8673	983,1	980,5	982,5		
73,5075	15,9005	982,9	980,4	982,3		
73,5158	15,9371	982,9	980,3	982,3		
73,5242	15,9536	983,0	980,4	982,4		
73,5317	15,9976	983,0	980,4	982,4		
73,5400	16,0125	983,0	980,3	982,3		
73,5484	16,0521	983,0	980,4	982,4		
73,5567	16,0726	983,0	980,4	982,3		
73,5650	16,1118	983,0	980,4	982,3		
73,5734	16,1367	983,0	980,5	982,4		
73,5817	16,1637	983,0	980,5	982,4		
73,5900	16,2029	983,0	980,4	982,3		
73,5984	16,2295	983,0	980,4	982,3		
73,6067	16,2661	983,0	980,4	982,3		
73,6150	16,3001	983,1	980,4	982,4		
73,6234	16,3237	983,1	980,4	982,4		
73,6317	16,3485	983,1	980,5	982,3		
73,6386	16,3921	983,1	980,4	982,4		
73,6469	16,4156	983,1	980,5	982,4		
73,6552	16,4457	983,1	980,4	982,3		
73,6630	16,4910	983,1	980,4	982,3		
73,6713	16,5137	983,1	980,4	982,4		
73,6796	16,5490	983,1	980,4	982,3		
73,6874	16,5939	983,2	980,4	982,4		
73,6957	16,6087	983,2	980,5	982,5		
73,7027	16,6527	983,1	980,5	982,3		
73,7110	16,6789	983,2	980,4	982,4		
73,7194	16,7164	983,2	980,5	982,4		
73,7277	16,7538	983,2	980,5	982,3		
73,7360	16,7826	983,1	980,4	982,3		
73,7441	16,8266	983,1	980,4	982,3		
73,7524	16,8597	983,2	980,5	982,4		
73,7607	16,8937	983,2	980,5	982,3		
73,7681	16,9382	983,1	980,5	982,3		
73,7764	16,9626	983,2	980,5	982,4		
73,7837	17,0071	983,2	980,4	982,3		
73,7920	17,0393	983,2	980,4	982,2		
73,8000	17,0838	983,1	980,4	982,2		
73,8084	17,1069	983,2	980,5	982,4		
73,8149	17,1526	983,2	980,5	982,4		
73,8233	17,1827	983,1	980,4	982,2		
73,8315	17,2272	983,0	980,4	982,2		
73,8398	17,2668	983,2	980,5	982,4		
73,8480	17,3108	983,2	980,5	982,3		
73,8563	17,3400	983,1	980,5	982,3		
73,8628	17,3841	983,2	980,5	982,3		
73,8712	17,4176	983,1	980,4	982,3		
73,8787	17,4638	983,2	980,5	982,3		
73,8870	17,4956	983,2	980,5	982,3		
73,8942	17,5401	983,1	980,4	982,3		
73,9021	17,5850	983,1	980,5	982,3		
73,9105	17,6242	983,2	980,5	982,3		
73,9183	17,6682	983,2	980,5	982,3		
73,9266	17,7027	983,2	980,5	982,3		
73,9324	17,7467	983,2	980,5	982,3		
73,9399	17,7903	983,2	980,5	982,3		
73,9483	17,8264	983,2	980,5	982,3		
73,9548	17,8757	983,2	980,5	982,4		
73,9628	17,9210	983,2	980,6	982,3		
73,9711	17,9507	983,1	980,4	982,2		
73,9755	17,9956	983,1	980,4	982,3		
73,9839	18,0269	983,2	980,5	982,3		
73,9899	18,0718	983,2	980,5	982,3		
73,9972	18,1167	983,2	980,5	982,3		
74,0040	18,1612	983,2	980,5	982,3		
74,0114	18,2100	983,2	980,6	982,4		
74,0191	18,2540	983,2	980,6	982,4		
74,0257	18,2980	983,2	980,5	982,3		
74,0334	18,3442	983,1	980,5	982,3		
74,0415	18,3882	983,2	980,5	982,3		
74,0476	18,4327	983,3	980,6	982,4		
74,0545	18,4776	983,2	980,6	982,4		
74,0615	18,5221	983,3	980,6	982,4		
74,0684	18,5661	983,2	980,5	982,4		
74,0738	18,6105	983,0	980,6	982,7		
74,0804	18,6563	983,1	980,6	982,7		
74,0861	18,7007	983,1	980,6	982,6		
74,0931	18,7448	983,2	980,6	982,6		
74,0988	18,7901	983,2	980,6	982,6		
74,1058	18,8350	983,2	980,7	982,6		
74,1115	18,8794	983,2	980,6	982,6		
74,1170	18,9252	983,2	980,6	982,6		
74,1235	18,9701	983,2	980,6	982,6		
74,1288	19,0146	983,2	980,6	982,6		
74,1351	19,0594	983,3	980,6	982,5		
74,1408	19,1039	983,2	980,5	982,4		
74,1456	19,1488	983,2	980,5	982,5		
74,1516	19,1937	983,2	980,6	982,5		
74,1573	19,2377	983,3	980,6	982,5		
74,1622	19,2826	983,3	980,6	982,5		
74,1681	19,3297	983,3	980,6	982,5		
74,1733	19,3733	983,2	980,6	982,6		
74,1782	19,4177	983,2	980,6	982,5		
74,1834	19,4639	983,2	980,6	982,4		
74,1884	19,5088	983,3	980,6	982,4		
74,1938	19,5572	983,3	980,6	982,5		
74,1990	19,6029	983,2	980,6	982,5		
74,2036	19,6491	983,3	980,6	982,5		
74,2091	19,6949	983,3	980,6	982,5		
74,2132	19,7398	983,3	980,6	982,5		
74,2179	19,7843	983,3	980,6	982,5		
74,2221	19,8283	983,3	980,6	982,5		
74,2269	19,8723	983,3	980,6	982,4		
74,2310	19,9185	983,3	980,6	982,5		
74,2358	19,9625	983,3	980,7	982,5		
74,2402	20,0061	983,3	980,7	982,5		
74,2444	20,0506	983,3	980,6	982,5		
74,2483	20,0985	983,3	980,6	982,5		
74,2529	20,1425	983,3	980,6	982,4		
74,2571	20,1865	983,3	980,7	982,5		
74,2608	20,2301	983,3	980,7	982,5		
74,2647	20,2741	983,3	980,6	982,5		
74,2682	20,3182	983,3	980,6	982,5		
74,2718	20,3648	983,3	980,6	982,5		
74,2762	20,4088	983,3	980,7	982,5		
74,2799	20,4550	983,3	980,7	982,5		
74,2834	20,4990	983,3	980,7	982,5		
74,2869	20,5431	983,3	980,7	982,6		
74,2906	20,5897	983,3	980,7	982,5		
74,2943	20,6350	983,3	980,6	982,4		
74,2973	20,6790	983,3	980,6	982,5		
74,3009	20,7239	983,3	980,7	982,5		
74,3043	20,7688	983,3	980,7	982,6		
74,3072	20,8137	983,4	980,7	982,5		
74,3105	20,8582	983,3	980,7	982,6		
74,3140	20,9022	983,3	980,7	982,5		
74,3167	20,9462	983,4	980,7	982,5		
74,3200	20,9920	983,4	980,7	982,5		
74,3228	21,0373	983,4	980,7	982,5		
74,3263	21,0844	983,4	980,7	982,5		
74,3290	21,1288	983,4	980,8	982,6		
74,3318	21,1755	983,4	980,7	982,5		
74,3354	21,2195	983,3	980,7	982,5		
74,3377	21,2644	983,3	980,7	982,5		
74,3406	21,3080	983,4	980,7	982,5		
74,3431	21,3537	983,3	980,7	982,5		
74,3459	21,3973	983,3	980,7	982,5		
74,3481	21,4440	983,4	980,7	982,5		
74,3512	21,4910	983,3	980,7	982,6		
74,3534	21,5350	983,2	980,8	982,8		
74,3559	21,5791	983,3	980,8	982,9		
74,3583	21,6235	983,3	980,8	982,9		
74,3607	21,6680	983,3	980,9	982,9		
74,3630	21,7124	983,4	980,9	982,9		
74,3653	21,7565	983,4	980,9	982,8		
74,3674	21,8013	983,4	980,8	982,7		
74,3697	21,8458	983,4	980,8	982,7		
74,3721	21,8924	983,3	980,8	982,6		
74,3742	21,9378	983,4	980,8	982,7		
74,3764	21,9827	983,4	980,8	982,7		
74,3784	22,0275	983,4	980,8	982,7		
74,3802	22,0742	983,4	980,8	982,7		
74,3824	22,1178	983,4	980,8	982,7		
74,3845	22,1618	983,4	980,8	982,8		
74,3863	22,2062	983,5	980,9	982,8		
74,3881	22,2507	983,5	980,9	982,7		
74,3898	22,2960	983,5	980,9	982,8		
74,3917	22,3400	983,5	980,9	982,7		
74,3935	22,3845	983,6	980,9	982,7		
74,3952	22,4307	983,5	980,9	982,7		
74,3969	22,4752	983,5	980,9	982,7		
74,3987	22,5200	983,5	980,8	982,7		
74,4004	22,5667	983,4	980,8	982,7		
74,4020	22,6107	983,5	980,8	982,7		
74,4033	22,6543	983,6	980,8	982,7		
74,4051	22,7005	983,5	980,9	982,7		
74,4064	22,7454	983,6	980,9	982,7		
74,4077	22,7894	983,6	980,9	982,7		
74,4094	22,8356	983,6	980,9	982,7		
74,4108	22,8809	983,6	980,9	982,7		
74,4124	22,9263	983,6	980,9	982,7		
74,4137	22,9711	983,5	980,9	982,7		
74,4150	23,0156	983,5	980,9	982,7		
74,4163	23,0609	983,6	980,9	982,7		
74,4177	23,1050	983,6	980,9	982,7		
74,4188	23,1490	983,6	980,9	982,7		
74,4201	23,1930	983,6	980,9	982,7		
74,4212	23,2370	983,5	980,9	982,7		
74,4225	23,2819	983,6	981,0	982,8		
74,4235	23,3303	983,6	980,9	982,7		
74,4247	23,3765	983,7	981,0	982,8		
74,4259	23,4214	983,7	981,0	982,8		
74,4270	23,4654	983,7	981,0	982,7		
74,4279	23,5090	983,6	981,0	982,8		
74,4290	23,5530	983,7	981,0	982,8		
74,4299	23,6005	983,7	981,0	982,8		
74,4310	23,6454	983,7	981,0	982,7		
74,4321	23,6925	983,8	981,0	982,8		
74,4330	23,7395	983,8	981,1	982,8		
74,4339	23,7849	983,8	981,0	982,8		
74,4350	23,8306	983,7	981,0	982,7		
74,4357	23,8773	983,7	981,0	982,7		
74,4366	23,9217	983,7	981,0	982,7		
74,4376	23,9666	983,7	981,0	982,7		
74,4383	24,0106	983,7	981,0	982,7		
74,4390	24,0560	983,7	981,0	982,7		
74,4398	24,1009	983,7	981,0	982,8		
74,4406	24,1453	983,7	981,0	982,7		
74,4415	24,1954	983,7	981,0	982,8		
74,4422	24,2412	983,6	981,0	982,7		
74,4430	24,2861	983,7	981,0	982,7		
74,4436	24,3323	983,7	981,1	982,7		
74,4444	24,3759	983,7	981,1	982,8		
74,4450	24,4203	983,7	981,1	982,9		
74,4456	24,4639	983,7	981,1	982,9		
74,4461	24,5079	983,7	981,1	983,0		
74,4467	24,5520	983,7	981,1	983,0		
74,4473	24,5977	983,7	981,2	983,1		
74,4480	24,6422	983,7	981,2	983,2		
74,4486	24,6892	983,6	981,2	983,2		
74,4491	24,7328	983,6	981,2	983,2		
74,4496	24,7795	983,7	981,2	983,2		
74,4501	24,8261	983,7	981,2	983,2		
74,4507	24,8714	983,7	981,3	983,2		
74,4511	24,9163	983,6	981,3	983,2		
74,4516	24,9634	983,7	981,3	983,3		
74,4521	25,0078	983,7	981,3	983,3		
74,4526	25,0514	983,7	981,3	983,2		
74,4531	25,0968	983,8	981,3	983,2		
74,4535	25,1412	983,7	981,3	983,2		
74,4539	25,1861	983,8	981,3	983,3		
74,4543	25,2310	983,8	981,3	983,2		
74,4547	25,2750	983,8	981,3	983,2		
74,4551	25,3199	983,8	981,3	983,2		
74,4554	25,3635	983,8	981,3	983,2		
74,4558	25,4088	983,8	981,3	983,2		
74,4561	25,4533	983,8	981,3	983,2		
74,4564	25,4999	983,8	981,3	983,2		
74,4567	25,5461	983,9	981,3	983,2		
74,4570	25,5949	983,9	981,3	983,2		
74,4574	25,6411	983,8	981,3	983,2		
74,4577	25,6873	983,9	981,3	983,2		
74,4580	25,7335	983,9	981,3	983,2		
74,4582	25,7802	983,9	981,4	983,2		
74,4585	25,8246	983,9	981,4	983,2		
74,4587	25,8756	983,9	981,4	983,2		
74,4589	25,9192	983,9	981,4	983,2		
74,4591	25,9650	983,9	981,4	983,1		
74,4593	26,0151	984,0	981,4	983,2		
74,4596	26,0635	983,9	981,4	983,2		
74,4597	26,1084	984,0	981,4	983,1		
74,4598	26,1537	984,0	981,4	983,2		
74,4600	26,1990	984,0	981,5	983,1		
74,4601	26,2448	984,0	981,4	983,2		
74,4602	26,2888	984,0	981,4	983,2		
74,4603	26,3367	984,1	981,5	983,2		
74,4604	26,3838	984,1	981,5	983,2		
74,4604	26,4300	984,0	981,5	983,2		
74,4605	26,4827	984,0	981,5	983,2		
74,4605	26,5359	984,0	981,5	983,2		
74,4606	26,6070	984,1	981,5	983,2		
						
						
						
						
						
						
						
						
						
						
						
						
						
						
						
						
						
						
						
						
						
						
						
						
						
						
						
						
						
						
						
						
						
						
						
						
						
						
						
						
						
						
						
						
						
						
						
						
						
						
						
						
						
						
						
						
						
						
						
						
						
						
						
						
						
						
						
						
						
						
						
						
						
						
						
						
						
						
						
						
						
						
						
						
						
						
						
						
						
						
						
						
						
						
						
						
						
						
						
						
						
						
						
						
						
						
						
						
						
						
						
						
						
						
						
						
						
						
						
						
						
						
						
						
						
						
						
						
						
						
						
						
						
						
						
						
						
						
						
						
						
						
						
						
						
						
						
						
						
						
						
						
						
						
						
						
						
						
						
						
						
						
						
						
						
						
						
						
						
						
						
						
						
						
						
						
						
						
						
						
						
						
						
						
						
						
						
						
						
						
						
						
						
						
						
						
						
						
						
						
						
						
						
						
						
						
						
						
						
						
						
						
						
						
						
						
						
						
						
						
						
						
						
						
						
						
						
						
						
						
						
						
						
						
						
						
						
						
						
						
						
						
						
						
						
						
						
						
						
						
						
						
						
						
						
						
						
						
						
						
						
						
						
						
						
						
						
						
						
						
						
						
						
						
						
						
						
						
						
						
						
						
						
						
						
						
						
						
						
						
						
						
						
						
						
						
						
						
						
						
						
						
						
						
						
						
						
						
						
						
						
						
						
						
						
						
						
						
						
						
						
						
						
						
						
						
						
						
						
						
						
						
						
						
						
						
						
						
						
						
						
						
						
						
						
						
						
						
						
						
						
						
						
						
						
						
						
						
						
						
						
						
						
						
						
						
						
						
						
						
						
						
						
						
						
						
						
						
						
						
						
						
						
						
						
						
						
						
						
						
						
						
						
						
						
						
						
						
						
						
						
						
						
						
						
						
						
						
						
						
						
						
						
						
						
						
						
						
						
						
						
						
						
						
						
						
						
						
						
						
						
						
						
						
						
						
						
						
						
						
						
						
						
						
						
						
						
						
						
						
						
						
						
						
						
						
						
						
						
						
						
						
						
						
						
						
						
						
						
						
						
						
						
						
						
						
						
						
						
						
						
						
						
						
						
						
						
						
						
						
						
						
						
						
						
						
						
						
						
						
						
						
						
						
						
						
						
						
						
						
						
						
						
						
						
						
						
						
						
						
						
						
						
						
						
						
						
						
						
						
						
						
						
						
						
						
						
						
						
						
						
						
						
						
						
						
						
						
						
						
						
						
						
						
						
						
						
						
						
						
						
						
						
						
						
						
						
						
						
						
						
						
						
						
						
						
						
						
						
						
						
						
						
						
						
						
						
						
						
						
						
						
						
						
						
						
						
						
						
						
						
						
						
						
						
						
						
						
						
						
						
						
						
						
						
						
						
						
						
						
						
						
						
						
						
						
						
						
						
						
						
						
						
						
						
						
						
						
						
						
						
						
						
						
						
						
						
						
						
						
						
						
						
						
						
						
						
						
						
						
						
						
						
						
						
						
						
						
						
						
						
						
						
						
						
						
						
						
						
						
						
						
						
						
						
						
						
						
						
						
						
						
						
						
						
						
						
						
						
						
						
						
						
						
						
						
						
						
						
						
						
						
						
						
						
						
						
						
						
						
						
						
						
						
						
						
						
						
						
						
						
						
						
						
						
						
						
						
						
						
						
						
						
						
						
						
						
						
						
						
						
						
						
						
						
						
						
						
						
						
						
						
						
						
						
						
						
						
						
						
						
						
						
						
						
						
						
						
						
						
						
						
						
						
						
						
						
						
						
						
						
						
						
						
						
						
						
						
						
						
						
						
						
						
						
						
						
						
						
						
						
						
						
						
						
						
						
						
						
						
						
						
						
						
						
						
						
						
						
						
						
						
						
						
						
						
						
						
						
						
						
						
						
						
						
						
						
						
						
						
						
						
						
						
						
						
						
						
						
						
						
						
						
						
						
						
						
						
						
						
						
						
						
						
						
						
						
						
						
						
						
						
						
						
						
						
						
						
						
						
						
						
						
						
						
						
						
						
						
						
						
						
						
						
						
						
						
						
						
						
						
						
						
						
						
						
						
						
						
						
						
						
						
						
						
						
						
						
						
						
						
						
						
						
						
						
						
						
						
						
						
						
						
						
						
						
						
						
						
						
						
						
						
						
						
						
						
						
						
						
						
						
						
						
						
						
						
						
						
						
						
						
						
						
						
						
						
						
						
						
						
						
						
						
						
						
						
						
						
						
						
						
						
						
						
						
						
						
						
						
						
						
						
						
						
						
						
						
						
						
						
						
						
						
						
						
						
						
						
						
						
						
						
						
						
						
						
						
						
						
						
						
						
						
						
						
						
						
						
						
						
						
						
						
						
						
						
						
						
						
						
						
						
						
						
						
						
						
						
						
						
						
						
						
						
						
						
						
						
						
						
						
						
						
						
						
						
						
						
						
						
						
						
						
						
						
						
						
						
						
						
						
						
						
						
						
						
						
						
						
						
						
						
						
						
						
						
						
						
						
						
						
						
						
						
						
						
						
						
						
						
						
						
						
						
						
						
						
						
						
						
						
						
						
						
						
						
						
						
						
						
						
						
						
						
						
						
						
						
						
						
						
						
						
						
						
						
						
						
						
						
						
						
						
						
						
						
						
						
						
						
						
						
						
						
						
						
						
						
						
						
						
						
						
						
						
						
						
						
						
						
						
						
						
						
						
						
						
						
						
						
						
						
						
						
						
						
						
						
						
						
						
						
						
						
						
						
						
						
						
						
						
						
						
						
						
						
						
						
						
						
						
						
						
						
						
						
						
						
						
						
						
						
						
						
						
						
						
						
						
						
						
						
						
						
						
						
						
						
						
						
						
						
						
						
						
						
						
						
						
						
						
						
						
						
						
						
						
						
						
						
						
						
						
						
						
						
						
						
						
						
						
						
						
						
						
						
						
						
						
						
						
						
						
						
						
						
						
						
						
						
						
						
						
						
						
						
						
						
						
						
						
						
						
						
						
						
						
						
						
						
						
						
						
						
						
						
						
						
						
						
						
						
						
						
						
						
						
						
						
						
						
						
						
						
						
						
						
						
						
						
						
						
						
						
						
						
						
						
						
						
						
						
						
						
						
						
						
						
						
						
						
						
						
						
						
						
						
						
						
						
						
						
						
						
						
						
						
						
						
						
						
						
						
						
						
						
						
						
						
						
						
						
						
						
						
						
						
						
						
						
						
						
						
						
						
						
						
						
						
						
						
						
						
						
						
						
						
						
						
						
						
						
						
						
						
						
						
						
						
						
						
						
						
						
						
						
						
						
						
						
						
						
						
						
						
						
						
						
						
						
						
						
						
						
						
						
						
						
						
						
						
						
						
						
						
						
						
						
						
						
						
						
						
						
						
						
						
						
						
						
						
						
						
						
						
						
						
						
						
						
						
						
						
						
						
						
						
						
						
						
						
						
						
						
						
						
						
						
						
						
						
						
						
						
						
						
						
						
						
						
						
						
						
						
						
						
						
						
						
						
						
						
						
						
						
						
						
						
						
						
						
						
						
						
						
						
						
						
						
						
						
						
						
						
						
						
						
						
						
						
						
						
						
						
						
						
						
						
						
						
						
						
						
						
						
						
						
						
						
						
						
						
						
						
						
						
						
						
						
						
						
						
						
						
						
						
						
						
						
						
						
						
						
						
						
						
						
						
						
						
						
						
						
						
						
						
						
						
						
						
						
						
						
						
						
						
						
						
						
						
						
						
						
						
						
						
						
						
						
						
						
						
						
						
						
						
						
						
						
						
						
						
						
						
						
						
						
						
						
