BAM 5.2 Vh5205_C-78.LIS						
------------------------------------						
ENTRY	SYMBOL	UNIT		* Information common to all tests		
Date of test start			8.2.23 9:06 AM			
Test ID			Vh5205_C-78			
Test standard			DIN EN ISO 204:2019-4	*		
Specified temperature	T	?	980 °C	*		
Type of loading			Tension	*		
Initial stress	Ro	MPa	230			
(Digital) Material Identifier			CMSX-6	*		
"Description of the manufacturing process - as-tested material
"			Single Crystal Investment Casting from a Vacuum Induction Refined Ingot and subsequent Heat Treatment (annealed and aged).	*		
Single crystal orientation		°	6,9			
Type of test piece II			Round cross section	*		
Type of test piece III			Smooth test piece	*		
Sensor type - Contacting extensometer			Clip-on extensometer	*		
Min. test piece diameter at room temperature	D	mm	6,00			
Reference length for calculation of percentage elongations	Lr = Lo	mm	23,8			
Reference length for calculation of percentage extensions	Lr = Le	mm	22,7			
Heating time		h	3,45			
Soak time before the test		h	1,41			
Test duration	t	h	78,7			
Creep rupture time	tu	h	78,7			
Percentage permanent elongation	Aper	%	Not applicable			
Percentage elongation after creep fracture	Au	%	28			
Percentage reduction of area after creep fracture	Zu	%	55			
Percentage total extension	et	%	28,1			
Percentage initial total extension	eti	%	0,290			
Percentage elastic extension	ee	%	0,274			
Percentage initial plastic extension	ei	%	0,016			
Percentage plastic extension	ep	%	27,8			
Percentage creep extension	ef	%	27,8			
						
						
						
[data]						
Elapsed time from end of loading	Percentage plastic extension from end of loading	Corrected measured temperature - Top	Corrected measured temperature - Middle	Corrected measured temperature - Bottom		
t	e	Tc	Tc	Tc		
h	%	°C	°C	°C		
0,0000	0,0000	980,5	979,4	979,9		
0,0013	0,0071	980,7	979,5	980,0		
0,0027	0,0137	980,8	979,5	980,1		
0,0040	0,0216	980,8	979,6	980,1		
0,0054	0,0132	980,8	979,6	980,2		
0,0068	0,0194	980,8	979,7	980,3		
0,0082	0,0163	980,7	979,7	980,5		
0,0096	0,0216	980,6	979,7	980,5		
0,0110	0,0252	980,5	979,7	980,6		
0,0124	0,0163	980,4	979,7	980,7		
0,0138	0,0225	980,4	979,8	980,8		
0,0152	0,0335	980,3	979,8	980,9		
0,0165	0,0291	980,2	979,8	981,0		
0,0179	0,0309	980,1	979,8	981,0		
0,0193	0,0366	980,1	979,9	981,1		
0,0207	0,0283	980,1	979,8	981,1		
0,0221	0,0428	980,1	979,8	981,1		
0,0235	0,0375	980,2	979,9	981,1		
0,0249	0,0371	980,1	979,9	981,2		
0,0332	0,0283	980,3	980,0	981,2		
0,0415	0,0437	980,3	980,0	981,2		
0,0499	0,0472	980,2	980,0	981,3		
0,0582	0,0428	980,1	979,7	980,7		
0,0665	0,0552	979,8	979,4	980,4		
0,0749	0,0525	979,9	979,6	980,8		
0,0832	0,0450	979,9	979,6	980,6		
0,0915	0,0437	979,8	979,4	980,4		
0,0999	0,0512	979,7	979,4	980,6		
0,1082	0,0552	979,8	979,6	980,7		
0,1165	0,0530	979,8	979,4	980,6		
0,1249	0,0530	979,8	979,4	980,6		
0,1332	0,0640	979,9	979,4	980,5		
0,1415	0,0583	979,7	979,4	980,5		
0,1499	0,0592	979,7	979,4	980,5		
0,1582	0,0693	979,8	979,4	980,6		
0,1665	0,0561	979,9	979,4	980,6		
0,1749	0,0622	979,9	979,5	980,6		
0,1832	0,0583	979,8	979,4	980,6		
0,1915	0,0680	979,8	979,4	980,5		
0,1999	0,0675	979,8	979,4	980,5		
0,2082	0,0662	979,9	979,4	980,6		
0,2165	0,0605	979,8	979,4	980,5		
0,2249	0,0689	979,9	979,4	980,6		
0,2332	0,0768	979,8	979,5	980,5		
0,2415	0,0649	979,8	979,4	980,5		
0,2499	0,0764	980,0	979,5	980,7		
0,2582	0,0693	980,0	979,6	980,6		
0,2665	0,0662	979,9	979,5	980,6		
0,2749	0,0742	979,9	979,4	980,5		
0,2832	0,0640	979,9	979,4	980,5		
0,2915	0,0702	979,8	979,4	980,6		
0,2999	0,0750	979,8	979,4	980,5		
0,3082	0,0790	979,9	979,4	980,5		
0,3165	0,0808	979,9	979,5	980,6		
0,3249	0,0839	979,8	979,4	980,6		
0,3332	0,0781	979,8	979,5	980,6		
0,3415	0,0715	979,8	979,4	980,6		
0,3499	0,0812	979,8	979,4	980,6		
0,3582	0,0781	979,8	979,4	980,6		
0,3665	0,0795	979,7	979,4	980,6		
0,3749	0,0812	979,7	979,4	980,6		
0,3832	0,0830	979,7	979,4	980,6		
0,3915	0,0808	979,8	979,4	980,5		
0,3999	0,0843	979,7	979,4	980,6		
0,4082	0,0839	979,8	979,5	980,7		
0,4165	0,0834	979,7	979,5	980,6		
0,4249	0,0808	979,8	979,4	980,6		
0,4332	0,0918	979,8	979,4	980,6		
0,4415	0,0878	979,8	979,5	980,6		
0,4499	0,0923	979,7	979,4	980,6		
0,4582	0,0848	979,8	979,5	980,7		
0,4665	0,0936	979,7	979,5	980,6		
0,4749	0,0883	979,8	979,4	980,7		
0,4832	0,0865	979,8	979,5	980,7		
0,4915	0,0918	979,8	979,4	980,7		
0,4999	0,0901	979,7	979,4	980,6		
0,5082	0,0949	979,8	979,4	980,6		
0,5165	0,0940	979,8	979,4	980,6		
0,5249	0,0909	979,8	979,4	980,6		
0,5332	0,0958	979,8	979,4	980,6		
0,5415	0,0936	979,8	979,4	980,6		
0,5499	0,0883	979,8	979,4	980,7		
0,5582	0,0976	979,8	979,4	980,7		
0,5665	0,0878	979,8	979,4	980,6		
0,5749	0,0905	979,8	979,4	980,6		
0,5832	0,0923	979,8	979,4	980,7		
0,5915	0,0927	979,8	979,4	980,6		
0,5999	0,0967	979,8	979,4	980,7		
0,6082	0,0945	979,8	979,4	980,5		
0,6165	0,0962	979,7	979,3	980,5		
0,6249	0,0923	979,8	979,4	980,6		
0,6332	0,0949	979,8	979,4	980,6		
0,6415	0,0967	979,8	979,4	980,6		
0,6499	0,0954	979,8	979,4	980,6		
0,6582	0,0927	979,7	979,4	980,6		
0,6665	0,0949	979,8	979,4	980,6		
0,6749	0,0962	979,8	979,4	980,6		
0,6832	0,0989	979,8	979,4	980,6		
0,6915	0,1029	979,8	979,5	980,7		
0,6999	0,1006	979,8	979,5	980,6		
0,7082	0,0967	979,7	979,4	980,5		
0,7165	0,1015	979,7	979,4	980,6		
0,7249	0,1064	979,8	979,4	980,6		
0,7332	0,1024	979,8	979,4	980,6		
0,7415	0,1090	979,8	979,5	980,7		
0,7499	0,1006	979,7	979,4	980,6		
0,7582	0,1086	979,8	979,4	980,6		
0,7665	0,0962	979,8	979,5	980,7		
0,7749	0,1042	979,8	979,5	980,6		
0,7832	0,1046	979,8	979,4	980,6		
0,7915	0,1143	979,9	979,4	980,6		
0,7999	0,1020	979,9	979,5	980,6		
0,8082	0,1104	979,9	979,5	980,7		
0,8165	0,1046	979,9	979,4	980,6		
0,8249	0,1002	979,8	979,4	980,5		
0,8332	0,1130	979,9	979,5	980,6		
0,8415	0,1112	979,8	979,4	980,6		
0,8499	0,1055	979,8	979,4	980,6		
0,8582	0,1055	979,8	979,4	980,6		
0,8665	0,1068	979,8	979,4	980,6		
0,8749	0,1099	979,8	979,4	980,6		
0,8832	0,1126	979,7	979,3	980,6		
0,8915	0,1161	979,7	979,3	980,6		
0,8999	0,1099	979,8	979,4	980,6		
0,9082	0,1086	979,7	979,4	980,6		
0,9165	0,1104	979,7	979,4	980,6		
0,9249	0,1126	979,8	979,4	980,6		
0,9332	0,1148	979,8	979,4	980,6		
0,9415	0,1205	979,7	979,4	980,5		
0,9499	0,1276	979,7	979,3	980,6		
0,9582	0,1090	979,7	979,4	980,6		
0,9665	0,1165	979,7	979,3	980,5		
0,9749	0,1152	979,7	979,4	980,6		
0,9832	0,1165	979,7	979,4	980,7		
0,9915	0,1152	979,7	979,4	980,7		
0,9999	0,1223	979,7	979,4	980,6		
1,0082	0,1135	979,7	979,4	980,6		
1,0165	0,1170	979,7	979,3	980,6		
1,0249	0,1174	979,7	979,4	980,6		
1,0332	0,1090	979,7	979,4	980,6		
1,0415	0,1236	979,8	979,4	980,6		
1,0499	0,1148	979,8	979,4	980,6		
1,0582	0,1143	979,7	979,3	980,6		
1,0665	0,1104	979,8	979,4	980,6		
1,0749	0,1210	979,8	979,3	980,6		
1,0832	0,1170	979,7	979,3	980,6		
1,0915	0,1130	979,8	979,4	980,6		
1,0999	0,1148	979,8	979,4	980,6		
1,1082	0,1165	979,8	979,3	980,5		
1,1165	0,1210	979,8	979,4	980,5		
1,1249	0,1157	979,8	979,4	980,5		
1,1332	0,1135	979,8	979,4	980,5		
1,1415	0,1218	979,7	979,3	980,5		
1,1499	0,1157	979,7	979,3	980,5		
1,1582	0,1227	979,7	979,3	980,5		
1,1665	0,1187	979,8	979,4	980,5		
1,1749	0,1267	979,7	979,4	980,6		
1,1832	0,1157	979,7	979,4	980,6		
1,1915	0,1302	979,7	979,4	980,5		
1,1999	0,1205	979,8	979,3	980,6		
1,2082	0,1245	979,8	979,5	980,6		
1,2165	0,1324	979,7	979,4	980,6		
1,2249	0,1236	979,7	979,4	980,7		
1,2332	0,1245	979,7	979,4	980,6		
1,2415	0,1320	979,7	979,4	980,5		
1,2499	0,1245	979,7	979,3	980,5		
1,2582	0,1218	979,7	979,4	980,6		
1,2665	0,1302	979,7	979,3	980,5		
1,2749	0,1210	979,7	979,3	980,5		
1,2832	0,1276	979,7	979,3	980,6		
1,2915	0,1245	979,8	979,4	980,6		
1,2999	0,1227	979,7	979,3	980,6		
1,3082	0,1333	979,8	979,4	980,6		
1,3165	0,1263	979,8	979,5	980,6		
1,3249	0,1377	979,8	979,6	980,8		
1,3332	0,1342	979,8	979,6	980,8		
1,3415	0,1218	979,8	979,5	980,7		
1,3499	0,1254	979,8	979,5	980,8		
1,3582	0,1333	979,9	979,6	980,8		
1,3665	0,1245	979,9	979,6	980,9		
1,3749	0,1311	979,9	979,5	980,8		
1,3832	0,1285	979,8	979,5	980,8		
1,3915	0,1329	979,8	979,5	980,8		
1,3999	0,1214	979,8	979,5	980,7		
1,4082	0,1324	979,8	979,5	980,7		
1,4165	0,1289	979,7	979,4	980,6		
1,4249	0,1293	979,8	979,4	980,5		
1,4332	0,1302	979,6	979,3	980,5		
1,4415	0,1364	979,8	979,4	980,7		
1,4499	0,1329	979,7	979,4	980,6		
1,4582	0,1315	979,7	979,3	980,5		
1,4665	0,1315	979,7	979,3	980,6		
1,4749	0,1360	979,7	979,3	980,6		
1,4832	0,1258	979,7	979,3	980,6		
1,4915	0,1346	979,7	979,3	980,6		
1,4999	0,1338	979,7	979,3	980,6		
1,5082	0,1223	979,7	979,4	980,6		
1,5165	0,1355	979,8	979,4	980,7		
1,5249	0,1311	979,8	979,5	980,7		
1,5332	0,1307	979,7	979,3	980,6		
1,5415	0,1333	979,8	979,4	980,6		
1,5499	0,1315	979,7	979,4	980,6		
1,5582	0,1351	979,7	979,3	980,5		
1,5665	0,1404	979,8	979,4	980,6		
1,5749	0,1346	979,8	979,4	980,6		
1,5832	0,1355	979,8	979,4	980,7		
1,5915	0,1360	979,8	979,3	980,6		
1,5999	0,1386	979,7	979,4	980,6		
1,6082	0,1386	979,8	979,4	980,6		
1,6165	0,1382	979,8	979,4	980,6		
1,6249	0,1382	979,7	979,3	980,6		
1,6332	0,1351	979,7	979,3	980,6		
1,6415	0,1364	979,7	979,4	980,7		
1,6499	0,1408	979,7	979,4	980,5		
1,6582	0,1377	979,7	979,4	980,6		
1,6665	0,1364	979,7	979,4	980,6		
1,6749	0,1391	979,8	979,4	980,7		
1,6832	0,1408	979,9	979,5	980,8		
1,6915	0,1430	979,8	979,4	980,6		
1,6999	0,1355	979,8	979,4	980,6		
1,7082	0,1439	979,7	979,5	980,6		
1,7165	0,1413	979,7	979,4	980,6		
1,7249	0,1386	979,7	979,5	980,7		
1,7332	0,1444	979,7	979,5	980,7		
1,7415	0,1391	979,8	979,4	980,7		
1,7499	0,1439	979,7	979,4	980,7		
1,7582	0,1338	979,6	979,4	980,6		
1,7665	0,1439	979,7	979,4	980,7		
1,7749	0,1444	979,7	979,4	980,6		
1,7832	0,1435	979,8	979,4	980,6		
1,7915	0,1448	979,7	979,3	980,5		
1,7999	0,1373	979,7	979,3	980,6		
1,8082	0,1461	979,7	979,4	980,7		
1,8165	0,1448	979,7	979,3	980,6		
1,8249	0,1421	979,7	979,3	980,6		
1,8332	0,1399	979,7	979,4	980,6		
1,8415	0,1421	979,7	979,4	980,6		
1,8499	0,1466	979,7	979,3	980,5		
1,8582	0,1430	979,7	979,3	980,6		
1,8665	0,1439	979,7	979,3	980,6		
1,8749	0,1435	979,7	979,4	980,6		
1,8832	0,1470	979,7	979,3	980,6		
1,8915	0,1474	979,7	979,3	980,6		
1,8999	0,1426	979,8	979,4	980,6		
1,9082	0,1444	979,8	979,4	980,7		
1,9165	0,1408	979,8	979,4	980,7		
1,9249	0,1452	979,7	979,4	980,7		
1,9332	0,1439	979,8	979,4	980,6		
1,9415	0,1496	979,8	979,4	980,7		
1,9499	0,1479	979,8	979,4	980,7		
1,9582	0,1541	979,7	979,4	980,7		
1,9665	0,1470	979,8	979,4	980,7		
1,9749	0,1558	979,7	979,4	980,6		
1,9832	0,1466	979,7	979,4	980,6		
1,9915	0,1501	979,8	979,4	980,6		
1,9999	0,1439	979,8	979,4	980,7		
2,0082	0,1470	979,7	979,4	980,6		
2,0165	0,1501	979,7	979,4	980,6		
2,0249	0,1452	979,7	979,4	980,6		
2,0332	0,1492	979,7	979,4	980,6		
2,0415	0,1492	979,8	979,4	980,6		
2,0499	0,1558	979,8	979,4	980,7		
2,0582	0,1488	979,7	979,4	980,6		
2,0665	0,1536	979,7	979,4	980,6		
2,0749	0,1514	979,7	979,3	980,6		
2,0832	0,1527	979,7	979,4	980,6		
2,0915	0,1426	979,7	979,4	980,6		
2,0999	0,1523	979,8	979,4	980,6		
2,1082	0,1501	979,7	979,4	980,6		
2,1165	0,1541	979,7	979,3	980,6		
2,1249	0,1527	979,6	979,3	980,5		
2,1332	0,1519	979,7	979,4	980,7		
2,1415	0,1607	979,7	979,3	980,6		
2,1499	0,1519	979,6	979,3	980,6		
2,1582	0,1492	979,7	979,3	980,6		
2,1665	0,1523	979,7	979,4	980,6		
2,1749	0,1492	979,7	979,4	980,6		
2,1832	0,1523	979,7	979,4	980,6		
2,1915	0,1536	979,7	979,4	980,7		
2,1999	0,1558	979,8	979,4	980,6		
2,2082	0,1479	979,8	979,3	980,6		
2,2165	0,1567	979,8	979,4	980,6		
2,2249	0,1576	979,7	979,4	980,6		
2,2332	0,1536	979,7	979,3	980,5		
2,2415	0,1554	979,8	979,4	980,7		
2,2499	0,1527	979,7	979,3	980,6		
2,2582	0,1576	979,8	979,3	980,6		
2,2665	0,1510	979,8	979,4	980,7		
2,2749	0,1594	979,7	979,3	980,6		
2,2832	0,1567	980,3	979,6	980,8		
2,2915	0,1470	980,4	979,8	980,8		
2,2999	0,1602	980,3	979,7	980,8		
2,3082	0,1545	980,2	979,7	980,8		
2,3165	0,1598	980,2	979,6	980,7		
2,3249	0,1611	980,4	979,7	980,8		
2,3332	0,1510	980,4	979,8	980,8		
2,3415	0,1572	980,4	979,7	980,9		
2,3499	0,1655	980,4	979,8	980,8		
2,3582	0,1616	980,3	979,7	980,8		
2,3665	0,1598	980,3	979,7	980,8		
2,3749	0,1567	980,3	979,8	980,8		
2,3832	0,1589	980,3	979,7	980,8		
2,3915	0,1616	980,2	979,7	980,8		
2,3999	0,1607	980,3	979,8	980,9		
2,4082	0,1651	980,3	979,7	980,9		
2,4165	0,1620	980,3	979,7	980,8		
2,4249	0,1558	980,4	979,7	980,8		
2,4332	0,1638	980,4	979,7	980,8		
2,4415	0,1545	980,3	979,8	980,8		
2,4499	0,1607	980,3	979,7	980,8		
2,4582	0,1651	980,3	979,8	980,8		
2,4665	0,1655	980,3	979,7	980,8		
2,4749	0,1580	980,3	979,8	980,9		
2,4832	0,1708	980,3	979,7	980,8		
2,4915	0,1598	980,3	979,8	980,8		
2,4999	0,1695	980,3	979,7	980,7		
2,5082	0,1638	980,3	979,7	980,8		
2,5165	0,1607	980,3	979,7	980,8		
2,5249	0,1620	980,3	979,7	980,8		
2,5332	0,1708	980,2	979,7	980,8		
2,5415	0,1673	980,3	979,7	980,8		
2,5499	0,1642	980,4	979,9	981,0		
2,5582	0,1598	980,5	979,9	981,1		
2,5665	0,1669	980,4	979,9	981,0		
2,5749	0,1616	980,4	979,9	981,0		
2,5832	0,1673	980,4	979,9	981,0		
2,5915	0,1695	980,4	979,8	980,9		
2,5999	0,1651	980,3	979,8	980,9		
2,6082	0,1607	980,4	979,8	980,9		
2,6165	0,1686	980,3	979,8	980,9		
2,6249	0,1576	980,3	979,8	980,8		
2,6332	0,1660	980,3	979,7	980,8		
2,6415	0,1625	980,2	979,7	980,7		
2,6499	0,1704	980,3	979,8	980,8		
2,6582	0,1664	980,4	979,8	980,9		
2,6665	0,1686	980,3	979,8	980,9		
2,6749	0,1677	980,3	979,8	980,8		
2,6832	0,1792	980,3	979,8	980,9		
2,6915	0,1598	980,3	979,8	980,9		
2,6999	0,1686	980,2	979,7	980,9		
2,7082	0,1748	980,3	979,7	980,8		
2,7165	0,1713	980,4	979,8	980,9		
2,7249	0,1642	980,3	979,8	980,9		
2,7332	0,1726	980,3	979,8	980,9		
2,7415	0,1638	980,3	979,7	980,8		
2,7499	0,1638	980,3	979,8	980,9		
2,7582	0,1686	980,3	979,8	980,9		
2,7665	0,1713	980,3	979,8	980,9		
2,7749	0,1726	980,3	979,8	980,9		
2,7832	0,1651	980,3	979,8	980,9		
2,7915	0,1682	980,2	979,7	980,8		
2,7999	0,1660	980,2	979,7	980,8		
2,8082	0,1753	980,3	979,8	980,9		
2,8165	0,1717	980,3	979,8	981,0		
2,8249	0,1730	980,3	979,8	980,9		
2,8332	0,1797	980,4	979,7	980,8		
2,8415	0,1677	980,3	979,8	980,9		
2,8499	0,1775	980,3	979,8	980,9		
2,8582	0,1730	980,3	979,8	980,8		
2,8665	0,1757	980,4	979,8	980,9		
2,8749	0,1722	980,3	979,7	980,8		
2,8832	0,1717	980,3	979,7	980,8		
2,8915	0,1695	980,3	979,8	980,9		
2,8999	0,1775	980,3	979,8	980,9		
2,9082	0,1695	980,3	979,8	980,9		
2,9165	0,1753	980,4	979,8	980,9		
2,9249	0,1735	980,4	979,8	980,9		
2,9332	0,1713	980,4	979,8	981,0		
2,9415	0,1748	980,4	979,9	981,0		
2,9499	0,1761	980,4	979,8	980,9		
2,9582	0,1744	980,3	979,7	980,8		
2,9665	0,1801	980,4	979,8	980,9		
2,9749	0,1792	980,4	979,8	980,9		
2,9832	0,1766	980,3	979,7	980,8		
2,9915	0,1779	980,3	979,7	980,8		
2,9999	0,1766	980,4	979,8	980,9		
3,0082	0,1673	980,4	979,8	980,9		
3,0165	0,1686	980,4	979,7	980,8		
3,0249	0,1775	980,4	979,7	980,8		
3,0332	0,1739	980,4	979,8	980,9		
3,0415	0,1761	980,3	979,7	980,8		
3,0499	0,1753	980,3	979,8	980,8		
3,0582	0,1761	980,4	979,8	980,9		
3,0665	0,1753	980,3	979,8	980,8		
3,0749	0,1691	980,4	979,8	980,8		
3,0832	0,1797	980,4	979,8	980,9		
3,0915	0,1766	980,4	979,8	980,9		
3,0999	0,1761	980,4	979,8	980,9		
3,1082	0,1713	980,4	979,8	980,9		
3,1165	0,1739	980,4	979,8	980,8		
3,1249	0,1775	980,4	979,9	980,8		
3,1332	0,1819	980,3	979,8	980,9		
3,1415	0,1823	980,3	979,8	980,9		
3,1499	0,1894	980,3	979,8	980,8		
3,1582	0,1775	980,4	979,8	980,8		
3,1665	0,1770	980,3	979,8	980,9		
3,1749	0,1850	980,3	979,8	980,9		
3,1832	0,1801	980,3	979,7	980,8		
3,1915	0,1858	980,3	979,7	980,8		
3,1999	0,1841	980,3	979,8	980,9		
3,2082	0,1810	980,4	979,8	980,9		
3,2165	0,1810	980,3	979,8	980,9		
3,2249	0,1854	980,4	979,8	981,0		
3,2332	0,1819	980,4	979,9	981,0		
3,2415	0,1850	980,4	979,8	980,9		
3,2499	0,1832	980,4	979,8	981,0		
3,2582	0,1801	980,4	979,9	981,0		
3,2665	0,1797	980,4	979,8	981,0		
3,2749	0,1797	980,3	979,9	981,0		
3,2832	0,1810	980,3	979,8	980,9		
3,2915	0,1828	980,3	979,7	980,8		
3,2999	0,1832	980,3	979,8	980,9		
3,3082	0,1951	980,4	979,9	981,0		
3,3165	0,1858	980,4	979,9	980,9		
3,3249	0,1819	980,4	979,9	981,0		
3,3332	0,1797	980,4	979,9	981,0		
3,3415	0,1841	980,4	979,8	980,9		
3,3499	0,1832	980,3	979,9	980,9		
3,3582	0,1788	980,4	979,9	981,0		
3,3665	0,1863	980,4	979,8	980,9		
3,3749	0,1850	980,4	979,9	980,9		
3,3832	0,1828	980,4	979,9	981,0		
3,3915	0,1889	980,4	979,9	981,0		
3,3999	0,1881	980,5	979,9	981,0		
3,4082	0,1876	980,4	979,8	980,9		
3,4165	0,1858	980,4	979,8	980,9		
3,4249	0,1898	980,3	979,8	980,9		
3,4332	0,1836	980,3	979,8	980,8		
3,4415	0,1872	980,3	979,7	980,9		
3,4499	0,1854	980,3	979,7	980,8		
3,4582	0,1947	980,3	979,7	980,9		
3,4665	0,1920	980,3	979,8	980,9		
3,4749	0,1907	980,3	979,8	980,9		
3,4832	0,1942	980,3	979,7	980,8		
3,4915	0,1929	980,2	979,7	980,8		
3,4999	0,1832	980,3	979,7	980,8		
3,5082	0,1947	980,3	979,7	980,8		
3,5165	0,1938	980,2	979,7	980,8		
3,5249	0,1872	980,2	979,6	980,7		
3,5332	0,1903	980,2	979,7	980,8		
3,5415	0,1964	980,3	979,7	980,8		
3,5499	0,1929	980,2	979,7	980,8		
3,5582	0,1925	980,2	979,6	980,7		
3,5665	0,1982	980,2	979,7	980,8		
3,5749	0,1903	980,2	979,8	980,9		
3,5832	0,1942	980,2	979,7	980,8		
3,5915	0,1903	980,3	979,7	980,8		
3,5999	0,1885	980,3	979,8	980,9		
3,6082	0,1898	980,3	979,7	980,8		
3,6165	0,1929	980,3	979,8	980,9		
3,6249	0,1938	980,3	979,8	980,9		
3,6332	0,1894	980,7	980,0	981,0		
3,6415	0,1964	981,0	980,1	981,0		
3,6499	0,2004	980,8	980,1	981,0		
3,6582	0,1951	980,6	979,9	980,9		
3,6665	0,2004	980,6	979,9	981,0		
3,6749	0,1925	980,4	979,9	981,0		
3,6832	0,1898	980,0	979,7	980,8		
3,6915	0,1956	980,0	979,5	980,7		
3,6999	0,2004	980,1	979,7	980,8		
3,7082	0,1929	980,1	979,7	980,9		
3,7165	0,1925	980,1	979,6	980,8		
3,7249	0,1995	980,1	979,7	980,8		
3,7332	0,1938	980,2	979,7	980,9		
3,7415	0,1951	980,2	979,8	980,9		
3,7499	0,1938	980,1	979,7	980,8		
3,7582	0,1947	980,2	979,6	980,7		
3,7665	0,1850	980,2	979,7	980,7		
3,7749	0,1916	980,3	979,8	980,9		
3,7832	0,1929	980,3	979,7	980,8		
3,7915	0,1934	980,2	979,7	980,8		
3,7999	0,1969	980,2	979,8	980,8		
3,8082	0,1903	980,3	979,8	980,8		
3,8165	0,2066	980,3	979,7	980,8		
3,8249	0,1942	980,3	979,8	980,9		
3,8332	0,1916	980,3	979,8	980,9		
3,8415	0,1969	980,2	979,8	980,9		
3,8499	0,1973	980,3	979,8	980,8		
3,8582	0,2026	980,3	979,8	980,8		
3,8665	0,1956	980,2	979,7	980,7		
3,8749	0,1925	980,4	979,8	980,8		
3,8832	0,1956	980,4	979,8	980,9		
3,8915	0,1982	980,4	979,8	980,9		
3,8999	0,1951	980,4	979,8	980,9		
3,9082	0,1960	980,3	979,7	980,8		
3,9165	0,1947	980,4	979,8	980,9		
3,9249	0,2053	980,5	979,8	980,9		
3,9332	0,1934	980,5	979,8	980,8		
3,9415	0,1903	980,5	979,8	980,9		
3,9499	0,2013	980,4	979,8	980,9		
3,9582	0,2039	980,5	979,9	981,0		
3,9665	0,1907	980,4	979,8	980,9		
3,9749	0,1982	980,4	979,8	980,8		
3,9832	0,1956	980,4	979,8	980,8		
3,9915	0,1969	980,3	979,8	980,9		
3,9999	0,2009	980,4	979,8	980,8		
4,0082	0,1911	980,3	979,7	980,8		
4,0165	0,2009	980,4	979,7	980,8		
4,0249	0,2013	980,4	979,8	980,8		
4,0332	0,1991	980,3	979,7	980,8		
4,0415	0,1960	980,3	979,8	980,8		
4,0499	0,1964	980,4	979,8	980,8		
4,0582	0,2013	980,4	979,8	980,9		
4,0665	0,2070	980,4	979,8	980,8		
4,0749	0,2031	980,3	979,7	980,8		
4,0832	0,2097	980,2	979,7	980,7		
4,0915	0,1973	980,3	979,8	980,9		
4,0999	0,1964	980,4	979,9	981,0		
4,1082	0,1978	980,3	979,8	980,9		
4,1165	0,2000	980,3	979,7	980,8		
4,1249	0,2079	980,3	979,7	980,9		
4,1332	0,1991	980,3	979,8	980,8		
4,1415	0,2017	980,3	979,8	980,8		
4,1499	0,2053	980,4	979,8	980,9		
4,1582	0,2039	980,3	979,8	980,9		
4,1665	0,2062	980,4	979,8	980,9		
4,1749	0,2062	980,8	980,0	981,0		
4,1832	0,2017	980,8	980,1	981,0		
4,1915	0,2092	980,6	980,0	980,9		
4,1999	0,2057	980,5	979,9	980,9		
4,2082	0,2106	980,7	980,0	981,0		
4,2165	0,2110	980,7	980,1	981,1		
4,2249	0,2097	980,4	979,9	981,0		
4,2332	0,2048	980,5	979,9	980,9		
4,2415	0,2044	980,6	979,9	981,0		
4,2499	0,2106	980,4	979,8	980,9		
4,2582	0,2079	980,2	979,7	980,8		
4,2665	0,2048	980,0	979,7	980,8		
4,2749	0,2009	979,9	979,5	980,7		
4,2832	0,2031	980,0	979,5	980,7		
4,2915	0,2062	980,1	979,6	980,8		
4,2999	0,2013	980,0	979,6	980,8		
4,3082	0,2062	980,0	979,6	980,8		
4,3165	0,2062	980,2	979,7	980,9		
4,3249	0,2110	980,2	979,7	980,8		
4,3332	0,2084	980,2	979,8	980,9		
4,3415	0,2092	980,2	979,7	980,9		
4,3499	0,2070	980,3	979,8	980,9		
4,3582	0,2026	980,3	979,8	980,9		
4,3665	0,2145	980,2	979,7	980,8		
4,3749	0,2079	980,3	979,7	980,9		
4,3832	0,2123	980,3	979,8	980,9		
4,3915	0,2075	980,3	979,8	980,8		
4,3999	0,2031	980,3	979,8	980,9		
4,4082	0,2084	980,3	979,8	980,9		
4,4165	0,2070	980,3	979,8	980,9		
4,4249	0,2097	980,3	979,8	980,9		
4,4332	0,2079	980,3	979,8	980,9		
4,4415	0,2088	980,3	979,8	980,8		
4,4499	0,2079	980,3	979,7	980,8		
4,4582	0,2106	980,3	979,8	980,9		
4,4665	0,2123	980,3	979,8	980,9		
4,4749	0,2088	980,3	979,7	980,8		
4,4832	0,2106	980,2	979,7	980,8		
4,4915	0,2159	980,2	979,7	980,8		
4,4999	0,2154	980,3	979,7	980,9		
4,5082	0,2137	980,3	979,8	980,9		
4,5165	0,2123	980,3	979,7	980,8		
4,5249	0,2141	980,3	979,7	980,7		
4,5332	0,2172	980,3	979,7	980,8		
4,5415	0,2101	980,2	979,7	980,8		
4,5499	0,2137	980,3	979,7	980,9		
4,5582	0,2106	980,4	979,8	980,8		
4,5665	0,2137	980,3	979,7	980,8		
4,5749	0,2212	980,3	979,8	980,9		
4,5832	0,2106	980,4	979,8	980,9		
4,5915	0,2123	980,4	979,8	980,9		
4,5999	0,2123	980,3	979,8	980,9		
4,6082	0,2247	980,4	979,8	980,9		
4,6165	0,2141	980,3	979,8	980,9		
4,6249	0,2256	980,4	979,8	981,0		
4,6332	0,2287	980,4	979,8	980,9		
4,6415	0,2154	980,3	979,8	980,9		
4,6499	0,2150	980,4	979,8	980,9		
4,6582	0,2190	980,4	979,8	980,9		
4,6665	0,2145	980,3	979,8	980,9		
4,6749	0,2172	980,3	979,8	980,8		
4,6832	0,2123	980,4	979,8	980,8		
4,6915	0,2181	980,4	979,8	980,9		
4,6999	0,2167	980,3	979,7	980,8		
4,7082	0,2167	980,4	979,7	980,8		
4,7165	0,2079	980,4	979,8	980,9		
4,7249	0,2066	980,4	979,9	980,9		
4,7332	0,2106	980,4	979,8	980,9		
4,7415	0,2044	980,4	979,7	980,8		
4,7499	0,2145	980,4	979,8	980,9		
4,7582	0,2110	980,4	979,8	980,9		
4,7665	0,2123	980,4	979,7	980,8		
4,7749	0,2159	980,4	979,8	980,8		
4,7832	0,2141	980,4	979,8	980,8		
4,7915	0,2172	980,4	979,8	980,8		
4,7999	0,2137	980,3	979,8	980,8		
4,8082	0,2115	980,4	979,8	980,8		
4,8165	0,2194	980,4	979,8	980,9		
4,8249	0,2198	980,4	979,8	980,8		
4,8332	0,2132	980,4	979,8	980,8		
4,8415	0,2190	980,4	979,8	980,8		
4,8499	0,2115	980,3	979,7	980,7		
4,8582	0,2198	980,3	979,7	980,8		
4,8665	0,2216	980,3	979,7	980,8		
4,8749	0,2190	980,3	979,8	980,8		
4,8832	0,2145	980,3	979,7	980,8		
4,8915	0,2181	980,3	979,7	980,8		
4,8999	0,2119	980,3	979,7	980,7		
4,9082	0,2181	980,3	979,7	980,8		
4,9165	0,2203	980,3	979,8	980,8		
4,9249	0,2194	980,3	979,8	980,8		
4,9332	0,2159	980,3	979,7	980,8		
4,9415	0,2115	980,3	979,8	980,8		
4,9499	0,2247	980,3	979,7	980,8		
4,9582	0,2318	980,3	979,8	980,9		
4,9665	0,2172	980,3	979,8	980,9		
4,9749	0,2265	980,3	979,8	980,8		
4,9832	0,2207	980,3	979,8	980,8		
4,9915	0,2238	980,3	979,8	980,8		
4,9999	0,2265	980,3	979,7	980,8		
5,0082	0,2265	980,3	979,7	980,7		
5,0165	0,2225	980,3	979,7	980,8		
5,0249	0,2291	980,2	979,8	980,9		
5,0332	0,2141	980,3	979,8	981,0		
5,0415	0,2282	980,3	979,8	980,9		
5,0499	0,2282	980,4	979,8	980,9		
5,0582	0,2265	980,3	979,8	980,9		
5,0665	0,2265	980,3	979,8	980,8		
5,0749	0,2243	980,3	979,8	980,8		
5,0832	0,2212	980,4	979,8	980,8		
5,0915	0,2220	980,3	979,8	980,8		
5,0999	0,2269	980,3	979,7	980,8		
5,1082	0,2238	980,3	979,8	980,9		
5,1165	0,2291	980,3	979,8	980,9		
5,1249	0,2291	980,4	979,8	980,9		
5,1332	0,2269	980,3	979,7	980,9		
5,1415	0,2150	980,3	979,8	980,8		
5,1499	0,2225	980,3	979,8	980,9		
5,1582	0,2300	980,3	979,8	980,8		
5,1665	0,2234	980,4	979,8	980,9		
5,1749	0,2300	980,4	979,9	980,9		
5,1832	0,2265	980,3	979,8	980,8		
5,1915	0,2251	980,3	979,8	980,9		
5,1999	0,2300	980,3	979,8	980,9		
5,2082	0,2181	980,3	979,7	980,9		
5,2165	0,2234	980,2	979,7	980,9		
5,2249	0,2326	980,4	979,8	980,9		
5,2332	0,2282	980,4	979,9	980,9		
5,2415	0,2247	980,3	979,8	980,9		
5,2499	0,2278	980,3	979,8	980,9		
5,2582	0,2256	980,4	979,8	980,9		
5,2665	0,2318	980,3	979,8	980,9		
5,2749	0,2318	980,3	979,7	980,8		
5,2832	0,2331	980,3	979,7	980,8		
5,2915	0,2401	980,3	979,7	980,9		
5,2999	0,2256	980,3	979,8	980,9		
5,3082	0,2344	980,4	979,8	980,9		
5,3165	0,2296	980,3	979,7	980,8		
5,3249	0,2256	980,2	979,7	980,8		
5,3332	0,2282	980,3	979,8	980,9		
5,3415	0,2401	980,3	979,7	980,9		
5,3499	0,2269	980,3	979,7	980,8		
5,3582	0,2326	980,3	979,7	980,8		
5,3665	0,2278	980,3	979,7	980,8		
5,3749	0,2322	980,3	979,8	980,9		
5,3832	0,2313	980,3	979,8	980,9		
5,3915	0,2393	980,3	979,8	980,9		
5,3999	0,2326	980,3	979,8	980,8		
5,4082	0,2313	980,4	979,8	980,9		
5,4165	0,2437	980,3	979,7	980,8		
5,4249	0,2296	980,3	979,7	980,8		
5,4332	0,2309	980,3	979,7	980,8		
5,4415	0,2331	980,3	979,7	980,8		
5,4499	0,2401	980,3	979,8	980,9		
5,4582	0,2410	980,3	979,8	980,9		
5,4665	0,2357	980,3	979,8	980,8		
5,4749	0,2313	980,4	979,9	980,9		
5,4832	0,2287	980,4	979,9	980,9		
5,4915	0,2331	980,3	979,8	980,8		
5,4999	0,2344	980,3	979,8	980,9		
5,5082	0,2296	980,4	979,8	980,9		
5,5165	0,2273	980,4	979,8	981,0		
5,5249	0,2304	980,3	979,8	981,0		
5,5332	0,2335	980,4	979,8	980,9		
5,5415	0,2348	980,4	979,8	980,9		
5,5499	0,2278	980,4	979,8	981,0		
5,5582	0,2393	980,4	979,8	981,0		
5,5665	0,2357	980,4	979,8	980,9		
5,5749	0,2269	980,4	979,8	980,8		
5,5832	0,2437	980,4	979,8	980,9		
5,5915	0,2397	980,3	979,8	980,8		
5,5999	0,2410	980,3	979,7	980,8		
5,6082	0,2331	980,4	979,8	980,9		
5,6165	0,2322	980,4	979,8	980,9		
5,6249	0,2296	980,4	979,8	980,9		
5,6332	0,2419	980,3	979,8	980,8		
5,6415	0,2296	980,3	979,7	980,7		
5,6499	0,2291	980,4	979,8	980,9		
5,6582	0,2331	980,4	979,8	980,9		
5,6665	0,2313	980,3	979,8	980,8		
5,6749	0,2393	980,2	979,7	980,7		
5,6832	0,2450	980,3	979,8	980,9		
5,6915	0,2357	980,4	979,8	980,9		
5,6999	0,2375	980,4	979,8	980,8		
5,7082	0,2371	980,3	979,8	980,8		
5,7165	0,2331	980,4	979,8	980,8		
5,7249	0,2357	980,3	979,8	980,9		
5,7332	0,2256	980,3	979,8	980,8		
5,7415	0,2463	980,3	979,8	980,8		
5,7499	0,2331	980,3	979,8	980,8		
5,7582	0,2415	980,3	979,8	980,8		
5,7665	0,2348	980,4	979,9	980,9		
5,7749	0,2344	980,3	979,8	980,8		
5,7832	0,2362	980,3	979,8	980,8		
5,7915	0,2388	980,2	979,7	980,8		
5,7999	0,2472	980,3	979,7	980,9		
5,8082	0,2384	980,3	979,8	980,8		
5,8165	0,2326	980,3	979,7	980,8		
5,8249	0,2406	980,3	979,8	980,8		
5,8332	0,2353	980,3	979,7	980,9		
5,8415	0,2375	980,3	979,8	980,8		
5,8499	0,2441	980,3	979,7	980,8		
5,8582	0,2384	980,3	979,7	980,8		
5,8665	0,2441	980,3	979,8	980,8		
5,8749	0,2419	980,2	979,7	980,8		
5,8832	0,2450	980,3	979,9	981,0		
5,8915	0,2415	980,3	979,8	980,9		
5,8999	0,2432	980,3	979,7	980,8		
5,9082	0,2507	980,3	979,8	980,9		
5,9165	0,2437	980,3	979,8	981,0		
5,9249	0,2419	980,4	979,8	980,9		
5,9332	0,2507	980,5	979,8	980,9		
5,9415	0,2335	980,4	979,8	980,9		
5,9499	0,2393	980,4	979,8	980,9		
5,9582	0,2454	980,3	979,7	980,9		
5,9665	0,2450	980,3	979,8	980,9		
5,9749	0,2424	980,3	979,8	980,8		
5,9832	0,2428	980,3	979,8	980,9		
5,9915	0,2401	980,3	979,7	980,8		
5,9999	0,2516	980,3	979,8	980,8		
6,0082	0,2459	980,3	979,7	980,8		
6,0165	0,2529	980,3	979,8	980,9		
6,0249	0,2454	980,3	979,8	980,9		
6,0332	0,2419	980,3	979,8	980,9		
6,0415	0,2450	980,3	979,8	980,8		
6,0499	0,2459	980,3	979,8	980,9		
6,0582	0,2437	980,3	979,7	980,8		
6,0665	0,2397	980,3	979,8	980,8		
6,0749	0,2481	980,3	979,8	980,8		
6,0832	0,2556	980,3	979,7	980,8		
6,0915	0,2450	980,3	979,8	980,9		
6,0999	0,2459	980,4	979,8	981,0		
6,1082	0,2459	980,3	979,8	980,8		
6,1165	0,2538	980,3	979,8	980,9		
6,1249	0,2441	980,4	979,8	980,9		
6,1332	0,2446	980,3	979,8	981,0		
6,1415	0,2450	980,3	979,8	980,9		
6,1499	0,2494	980,3	979,8	980,9		
6,1582	0,2512	980,3	979,7	980,9		
6,1665	0,2490	980,3	979,8	980,9		
6,1749	0,2516	980,3	979,8	980,9		
6,1832	0,2468	980,2	979,7	980,8		
6,1915	0,2384	980,3	979,7	980,8		
6,1999	0,2432	980,4	979,9	981,0		
6,2082	0,2600	980,4	979,8	980,9		
6,2165	0,2494	980,3	979,8	980,8		
6,2249	0,2468	980,4	979,8	980,9		
6,2332	0,2534	980,3	979,8	980,9		
6,2415	0,2525	980,3	979,8	980,9		
6,2499	0,2552	980,4	979,8	980,9		
6,2582	0,2450	980,3	979,8	980,9		
6,2665	0,2490	980,4	979,8	980,8		
6,2749	0,2459	980,4	979,8	980,8		
6,2832	0,2459	980,3	979,8	980,8		
6,2915	0,2552	980,3	979,8	980,9		
6,2999	0,2468	980,4	979,8	980,8		
6,3082	0,2507	980,2	979,7	980,7		
6,3165	0,2485	980,3	979,7	980,8		
6,3249	0,2525	980,3	979,8	980,9		
6,3332	0,2485	980,3	979,7	980,8		
6,3415	0,2472	980,3	979,8	980,8		
6,3499	0,2512	980,4	979,8	980,9		
6,3582	0,2446	980,3	979,8	980,9		
6,3665	0,2490	980,3	979,7	980,8		
6,3749	0,2512	980,3	979,7	980,8		
6,3832	0,2406	980,3	979,7	980,8		
6,3915	0,2481	980,3	979,7	980,8		
6,3999	0,2516	980,3	979,8	980,8		
6,4082	0,2454	980,4	979,8	980,8		
6,4165	0,2476	980,3	979,8	980,8		
6,4249	0,2481	980,3	979,7	980,8		
6,4332	0,2538	980,3	979,7	980,8		
6,4415	0,2507	980,3	979,8	980,9		
6,4499	0,2485	980,3	979,8	980,8		
6,4582	0,2490	980,4	979,8	980,9		
6,4665	0,2507	980,3	979,7	980,8		
6,4749	0,2454	980,3	979,8	980,8		
6,4832	0,2490	980,3	979,7	980,8		
6,4915	0,2503	980,3	979,7	980,8		
6,4999	0,2490	980,4	979,8	980,9		
6,5082	0,2547	980,4	979,8	980,9		
6,5165	0,2507	980,4	979,8	980,8		
6,5249	0,2552	980,4	979,8	980,8		
6,5332	0,2525	980,3	979,8	980,8		
6,5415	0,2450	980,4	979,8	980,8		
6,5499	0,2556	980,4	979,9	981,0		
6,5582	0,2472	980,4	979,8	980,9		
6,5665	0,2657	980,3	979,8	980,8		
6,5749	0,2600	980,3	979,7	980,7		
6,5832	0,2529	980,4	979,7	980,7		
6,5915	0,2512	980,4	979,8	980,8		
6,5999	0,2622	980,3	979,7	980,7		
6,6082	0,2521	980,3	979,8	980,8		
6,6165	0,2560	980,4	979,8	980,8		
6,6249	0,2587	980,4	979,8	980,8		
6,6332	0,2481	980,4	979,8	980,8		
6,6415	0,2631	980,3	979,8	980,9		
6,6499	0,2521	980,4	979,9	981,0		
6,6582	0,2547	980,4	979,9	981,0		
6,6665	0,2587	980,3	979,8	980,8		
6,6749	0,2644	980,4	979,8	980,9		
6,6832	0,2644	980,3	979,8	980,9		
6,6915	0,2538	980,3	979,8	980,9		
6,6999	0,2635	980,4	979,8	980,8		
6,7082	0,2596	980,4	979,8	980,9		
6,7165	0,2596	980,4	979,8	980,9		
6,7249	0,2574	980,4	979,8	980,8		
6,7332	0,2574	980,3	979,8	980,9		
6,7415	0,2591	980,3	979,8	980,9		
6,7499	0,2472	980,3	979,8	980,8		
6,7582	0,2582	980,3	979,8	980,9		
6,7665	0,2613	980,3	979,8	980,9		
6,7749	0,2516	980,3	979,8	980,8		
6,7832	0,2618	980,3	979,8	980,8		
6,7915	0,2618	980,3	979,7	980,9		
6,7999	0,2596	980,3	979,7	980,8		
6,8082	0,2605	980,2	979,7	980,8		
6,8165	0,2631	980,4	979,8	980,9		
6,8249	0,2569	980,3	979,8	980,8		
6,8332	0,2605	980,3	979,8	980,8		
6,8415	0,2582	980,3	979,7	980,8		
6,8499	0,2613	980,3	979,8	980,8		
6,8582	0,2662	980,4	979,8	980,9		
6,8665	0,2600	980,3	979,8	980,9		
6,8749	0,2635	980,4	979,8	980,9		
6,8832	0,2640	980,3	979,7	980,8		
6,8915	0,2591	980,3	979,7	980,8		
6,8999	0,2600	980,3	979,8	980,9		
6,9082	0,2635	980,3	979,8	980,8		
6,9165	0,2534	980,3	979,8	980,8		
6,9249	0,2640	980,3	979,8	980,9		
6,9332	0,2618	980,3	979,8	980,9		
6,9415	0,2662	980,3	979,7	980,8		
6,9499	0,2693	980,2	979,7	980,8		
6,9582	0,2671	980,3	979,7	980,8		
6,9665	0,2724	980,2	979,7	980,7		
6,9749	0,2529	980,3	979,7	980,7		
6,9832	0,2640	980,3	979,7	980,9		
6,9915	0,2600	980,3	979,8	981,0		
6,9999	0,2737	980,3	979,8	980,9		
7,0082	0,2640	980,3	979,8	980,9		
7,0165	0,2666	980,3	979,7	980,8		
7,0249	0,2693	980,3	979,7	980,8		
7,0332	0,2622	980,3	979,8	980,9		
7,0415	0,2653	980,3	979,8	980,9		
7,0499	0,2649	980,3	979,8	980,9		
7,0582	0,2680	980,3	979,7	980,9		
7,0665	0,2618	980,3	979,8	980,8		
7,0749	0,2627	980,3	979,8	980,8		
7,0832	0,2609	980,3	979,8	980,9		
7,0915	0,2684	980,3	979,8	980,8		
7,0999	0,2693	980,3	979,8	980,9		
7,1082	0,2693	980,3	979,8	980,8		
7,1165	0,2759	980,3	979,8	980,8		
7,1249	0,2649	980,3	979,8	980,8		
7,1332	0,2640	980,3	979,7	980,7		
7,1415	0,2666	980,3	979,7	980,8		
7,1499	0,2657	980,3	979,8	981,0		
7,1582	0,2618	980,3	979,8	980,9		
7,1665	0,2671	980,3	979,7	980,8		
7,1749	0,2684	980,3	979,8	980,9		
7,1832	0,2627	980,3	979,8	980,9		
7,1915	0,2675	980,3	979,8	980,8		
7,1999	0,2746	980,4	979,8	980,8		
7,2082	0,2644	980,3	979,8	980,9		
7,2165	0,2755	980,2	979,8	980,8		
7,2249	0,2719	980,3	979,7	980,8		
7,2332	0,2582	980,3	979,7	980,8		
7,2415	0,2688	980,3	979,7	980,8		
7,2499	0,2671	980,2	979,7	980,8		
7,2582	0,2706	980,3	979,7	980,8		
7,2665	0,2644	980,3	979,7	980,8		
7,2749	0,2728	980,3	979,8	980,9		
7,2832	0,2706	980,3	979,8	980,8		
7,2915	0,2657	980,3	979,7	980,7		
7,2999	0,2750	980,2	979,6	980,6		
7,3082	0,2755	980,2	979,7	980,8		
7,3165	0,2719	980,4	979,7	980,8		
7,3249	0,2697	980,3	979,8	980,9		
7,3332	0,2631	980,3	979,7	980,8		
7,3415	0,2697	980,3	979,7	980,8		
7,3499	0,2688	980,3	979,8	980,8		
7,3582	0,2693	980,3	979,8	980,9		
7,3665	0,2706	980,3	979,8	980,9		
7,3749	0,2781	980,4	979,8	980,9		
7,3832	0,2821	980,3	979,8	980,9		
7,3915	0,2728	980,4	979,8	981,0		
7,3999	0,2702	980,3	979,8	980,9		
7,4082	0,2768	980,3	979,7	980,8		
7,4165	0,2724	980,4	979,9	981,0		
7,4249	0,2697	980,4	979,8	980,9		
7,4332	0,2737	980,3	979,7	980,8		
7,4415	0,2680	980,3	979,8	980,8		
7,4499	0,2680	980,4	979,8	981,0		
7,4582	0,2680	980,4	979,8	980,9		
7,4665	0,2644	980,4	979,8	980,9		
7,4749	0,2666	980,4	979,8	980,8		
7,4832	0,2799	980,4	979,8	980,9		
7,4915	0,2653	980,4	979,8	980,8		
7,4999	0,2733	980,4	979,8	980,9		
7,5082	0,2750	980,4	979,8	980,8		
7,5165	0,2680	980,4	979,7	980,8		
7,5249	0,2697	980,4	979,8	980,8		
7,5332	0,2671	980,3	979,8	980,9		
7,5415	0,2684	980,4	979,8	980,8		
7,5499	0,2706	980,4	979,8	980,8		
7,5582	0,2799	980,7	979,9	980,9		
7,5665	0,2790	981,1	980,2	981,0		
7,5749	0,2671	980,9	980,0	980,9		
7,5832	0,2790	980,9	980,1	981,0		
7,5915	0,2746	980,9	980,1	981,0		
7,5999	0,2693	980,8	980,1	981,0		
7,6082	0,2697	980,7	980,0	980,9		
7,6165	0,2755	980,6	980,0	980,9		
7,6249	0,2733	980,6	979,9	980,9		
7,6332	0,2755	980,6	980,0	980,9		
7,6415	0,2812	980,6	980,0	980,9		
7,6499	0,2790	980,7	979,9	980,9		
7,6582	0,2671	980,5	979,9	980,9		
7,6665	0,2719	980,4	979,8	980,9		
7,6749	0,2728	980,5	979,9	980,9		
7,6832	0,2812	980,6	980,0	980,9		
7,6915	0,2799	980,3	979,8	980,9		
7,6999	0,2755	980,2	979,7	980,8		
7,7082	0,2768	980,4	979,8	980,9		
7,7165	0,2781	980,3	979,8	980,8		
7,7249	0,2759	980,2	979,7	980,8		
7,7332	0,2852	980,1	979,7	980,8		
7,7415	0,2768	980,4	979,8	980,9		
7,7499	0,2777	980,4	979,8	980,9		
7,7582	0,2755	980,3	979,8	980,8		
7,7665	0,2865	980,2	979,7	980,8		
7,7749	0,2755	980,1	979,7	980,8		
7,7832	0,2843	980,2	979,7	980,9		
7,7915	0,2883	980,8	980,0	981,0		
7,7999	0,2847	980,6	980,0	981,0		
7,8082	0,2794	980,3	979,8	980,9		
7,8165	0,2733	980,2	979,7	980,8		
7,8249	0,2786	980,5	979,8	980,9		
7,8332	0,2936	980,5	979,9	981,0		
7,8415	0,2865	980,4	979,9	980,9		
7,8499	0,2808	980,3	979,8	980,9		
7,8582	0,2856	980,3	979,8	980,9		
7,8665	0,2750	980,2	979,7	980,9		
7,8749	0,2799	980,1	979,7	980,8		
7,8832	0,2733	980,5	979,9	980,9		
7,8915	0,2803	980,8	980,0	981,0		
7,8999	0,2843	980,3	979,9	980,9		
7,9082	0,2830	980,1	979,7	980,9		
7,9165	0,2803	980,2	979,8	980,8		
7,9249	0,2847	980,2	979,7	980,8		
7,9332	0,2847	980,5	979,9	980,9		
7,9415	0,2816	980,5	979,9	981,0		
7,9499	0,2830	980,3	979,8	980,9		
7,9582	0,2834	980,5	979,9	980,9		
7,9665	0,2865	980,5	979,9	980,9		
7,9749	0,2790	980,5	979,9	981,0		
7,9832	0,2966	980,6	979,9	980,9		
7,9915	0,2852	980,4	979,8	980,9		
7,9999	0,2816	980,2	979,7	980,9		
8,0082	0,2741	980,1	979,7	980,8		
8,0165	0,2847	980,1	979,6	980,8		
8,0249	0,2852	979,8	979,5	980,7		
8,0332	0,2825	980,6	979,8	980,9		
8,0415	0,2856	980,7	980,0	981,0		
8,0499	0,2786	980,4	979,9	980,9		
8,0582	0,2883	980,2	979,7	980,8		
8,0665	0,2861	980,2	979,7	980,8		
8,0749	0,2816	980,5	979,9	980,9		
8,0832	0,2936	980,6	979,9	980,9		
8,0915	0,2865	980,3	979,8	980,8		
8,0999	0,2808	980,3	979,8	980,8		
8,1082	0,2861	980,4	979,7	980,8		
8,1165	0,2900	980,1	979,7	980,8		
8,1249	0,2944	979,9	979,5	980,7		
8,1332	0,2887	979,9	979,5	980,7		
8,1415	0,2887	980,1	979,6	980,8		
8,1499	0,2808	980,0	979,6	980,8		
8,1582	0,2861	980,0	979,5	980,8		
8,1665	0,2856	980,1	979,6	980,8		
8,1749	0,2830	980,1	979,6	980,8		
8,1832	0,2874	980,1	979,6	980,8		
8,1915	0,2914	980,2	979,6	980,8		
8,1999	0,2953	980,2	979,7	980,9		
8,2082	0,2856	980,1	979,7	980,8		
8,2165	0,2838	980,2	979,7	980,8		
8,2249	0,2834	980,3	979,7	980,9		
8,2332	0,2905	980,3	979,7	980,8		
8,2415	0,2865	980,2	979,7	980,8		
8,2499	0,2861	980,3	979,7	980,9		
8,2582	0,2830	980,3	979,8	980,9		
8,2665	0,2781	980,3	979,8	980,9		
8,2749	0,2869	980,3	979,8	980,9		
8,2832	0,2834	980,3	979,8	980,9		
8,2915	0,2847	980,3	979,7	980,9		
8,2999	0,2847	980,4	979,8	981,0		
8,3082	0,2896	980,3	979,8	980,9		
8,3165	0,2847	980,4	979,8	980,9		
8,3249	0,2834	980,4	979,8	980,9		
8,3332	0,2794	980,4	979,8	980,9		
8,3415	0,2847	980,4	979,8	980,9		
8,3499	0,2856	980,5	979,8	980,8		
8,3582	0,2869	980,7	980,0	980,9		
8,3665	0,2838	980,6	980,0	981,0		
8,3749	0,2816	980,5	979,9	980,9		
8,3832	0,2847	980,5	979,9	980,9		
8,3915	0,2909	980,5	979,9	980,9		
8,3999	0,2984	980,6	979,9	980,9		
8,4082	0,2878	980,5	979,9	980,9		
8,4165	0,2891	980,5	979,9	980,8		
8,4249	0,2900	980,5	979,9	980,9		
8,4332	0,2905	980,5	979,9	980,8		
8,4415	0,2940	980,4	979,8	980,8		
8,4499	0,2962	980,4	979,9	980,9		
8,4582	0,2909	980,3	979,8	980,8		
8,4665	0,2940	980,4	979,8	980,9		
8,4749	0,2874	980,3	979,8	980,9		
8,4832	0,2931	980,4	979,8	980,9		
8,4915	0,2958	980,3	979,7	980,8		
8,4999	0,2922	980,2	979,7	980,7		
8,5082	0,2949	980,2	979,7	980,8		
8,5165	0,2900	980,3	979,8	980,9		
8,5249	0,2905	980,3	979,8	980,9		
8,5332	0,2922	980,3	979,7	980,8		
8,5415	0,3059	980,3	979,7	980,8		
8,5499	0,2958	980,2	979,8	980,8		
8,5582	0,2989	980,3	979,7	980,8		
8,5665	0,3011	980,3	979,7	980,8		
8,5749	0,2896	980,4	979,8	980,9		
8,5832	0,2936	980,4	979,8	980,9		
8,5915	0,2958	980,3	979,8	980,8		
8,5999	0,2914	980,3	979,8	980,9		
8,6082	0,2993	980,3	979,8	980,9		
8,6165	0,2922	980,3	979,8	980,9		
8,6249	0,2966	980,3	979,8	980,9		
8,6332	0,3064	980,4	979,8	980,9		
8,6415	0,2927	980,2	979,8	980,9		
8,6499	0,2984	980,2	979,7	980,8		
8,6582	0,2931	980,3	979,7	980,9		
8,6665	0,2914	980,4	979,8	980,9		
8,6749	0,2905	980,5	979,9	980,9		
8,6832	0,2927	980,1	979,7	980,9		
8,6915	0,2918	980,2	979,7	980,9		
8,6999	0,2962	980,3	979,7	980,9		
8,7082	0,2975	980,5	979,8	980,8		
8,7165	0,2944	981,2	980,2	981,2		
8,7249	0,3019	981,1	980,2	981,1		
8,7332	0,2989	980,8	980,1	981,0		
8,7415	0,2975	980,9	980,2	981,1		
8,7499	0,3033	980,8	980,1	981,0		
8,7582	0,2966	980,7	980,0	981,0		
8,7665	0,2989	980,6	980,0	981,0		
8,7749	0,2944	980,4	979,8	980,8		
8,7832	0,3059	980,4	979,8	980,9		
8,7915	0,2971	980,1	979,7	980,8		
8,7999	0,3095	980,0	979,6	980,7		
8,8082	0,2958	980,2	979,7	980,8		
8,8165	0,3006	980,5	979,9	980,9		
8,8249	0,2997	980,4	979,9	980,9		
8,8332	0,2949	980,0	979,7	980,7		
8,8415	0,3033	980,1	979,6	980,8		
8,8499	0,3072	980,0	979,6	980,8		
8,8582	0,3037	979,8	979,5	980,7		
8,8665	0,2993	979,9	979,5	980,7		
8,8749	0,3019	979,9	979,5	980,7		
8,8832	0,2993	980,1	979,6	980,8		
8,8915	0,2993	980,2	979,7	980,8		
8,8999	0,2962	980,1	979,6	980,8		
8,9082	0,2958	980,2	979,7	980,9		
8,9165	0,2975	980,1	979,7	980,8		
8,9249	0,3028	980,2	979,7	980,8		
8,9332	0,3046	980,2	979,7	980,7		
8,9415	0,2975	980,3	979,8	980,9		
8,9499	0,3090	980,4	979,8	980,9		
8,9582	0,2931	980,4	979,8	980,8		
8,9665	0,3024	980,3	979,7	980,8		
8,9749	0,3024	981,3	980,3	981,1		
8,9832	0,3015	981,3	980,3	981,1		
8,9915	0,3028	980,8	980,1	981,0		
8,9999	0,3050	980,8	980,0	981,0		
9,0082	0,2918	980,9	980,2	981,1		
9,0165	0,3090	981,0	980,3	981,1		
9,0249	0,2984	980,8	980,1	981,1		
9,0332	0,3077	980,7	980,1	981,1		
9,0415	0,3033	980,7	980,0	981,0		
9,0499	0,3077	980,6	980,0	981,0		
9,0582	0,3072	980,6	980,0	980,9		
9,0665	0,3050	980,5	979,9	981,0		
9,0749	0,3072	980,4	979,9	980,9		
9,0832	0,3077	980,4	979,8	980,9		
9,0915	0,3108	980,3	979,7	980,8		
9,0999	0,2966	980,3	979,8	980,8		
9,1082	0,3095	980,4	979,8	980,8		
9,1165	0,3006	980,3	979,8	980,8		
9,1249	0,3055	980,4	979,9	980,9		
9,1332	0,3152	980,4	979,9	980,8		
9,1415	0,3037	980,5	979,9	980,9		
9,1499	0,3015	980,4	979,8	980,9		
9,1582	0,3064	980,4	979,8	980,9		
9,1665	0,3006	980,3	979,8	980,9		
9,1749	0,3055	980,3	979,8	980,8		
9,1832	0,3143	980,4	979,8	980,9		
9,1915	0,3064	980,4	979,8	980,9		
9,1999	0,3037	980,4	979,8	980,9		
9,2082	0,3068	980,4	979,8	980,9		
9,2165	0,3024	980,4	979,7	980,8		
9,2249	0,3042	980,3	979,8	980,9		
9,2332	0,2989	980,3	979,8	980,8		
9,2415	0,3072	980,3	979,7	980,8		
9,2499	0,3019	980,3	979,8	980,8		
9,2582	0,3019	980,3	979,7	980,8		
9,2665	0,2997	980,3	979,8	980,8		
9,2749	0,3068	980,4	979,8	980,8		
9,2832	0,3081	980,4	979,8	980,9		
9,2915	0,3037	980,3	979,7	980,8		
9,2999	0,3112	980,4	979,8	980,8		
9,3082	0,3081	980,3	979,8	980,8		
9,3165	0,3042	980,4	979,8	980,8		
9,3249	0,3090	980,4	979,8	980,8		
9,3332	0,3192	980,4	979,8	980,8		
9,3415	0,3081	980,3	979,8	980,8		
9,3499	0,3108	980,3	979,8	980,8		
9,3582	0,3086	980,3	979,8	980,8		
9,3665	0,3024	980,3	979,8	980,8		
9,3749	0,3121	980,3	979,8	980,8		
9,3832	0,3077	980,3	979,8	980,7		
9,3915	0,3055	980,4	979,9	980,8		
9,3999	0,3209	980,4	979,8	980,8		
9,4082	0,3205	980,3	979,7	980,8		
9,4165	0,3200	980,4	979,8	980,8		
9,4249	0,3077	980,4	979,9	980,9		
9,4332	0,3099	980,4	979,8	980,9		
9,4415	0,3174	980,4	979,8	980,9		
9,4499	0,3174	980,5	979,8	980,9		
9,4582	0,3170	980,4	979,8	980,9		
9,4665	0,3077	980,4	979,8	980,9		
9,4749	0,3200	980,4	979,8	980,9		
9,4832	0,3134	980,4	979,8	980,8		
9,4915	0,3161	980,5	979,8	980,8		
9,4999	0,3103	980,4	979,8	980,9		
9,5082	0,3174	980,4	979,8	980,9		
9,5165	0,3174	980,4	979,8	980,9		
9,5249	0,3170	980,4	979,8	980,9		
9,5332	0,3090	980,4	979,9	980,9		
9,5415	0,3108	980,4	979,8	980,9		
9,5499	0,3068	980,4	979,9	981,0		
9,5582	0,3117	980,4	979,8	980,8		
9,5665	0,3130	980,4	979,8	980,8		
9,5749	0,3112	980,4	979,8	980,9		
9,5832	0,3165	980,4	979,9	980,9		
9,5915	0,3170	980,4	979,8	980,8		
9,5999	0,3223	980,3	979,8	980,8		
9,6082	0,3152	980,3	979,8	980,9		
9,6165	0,3134	980,3	979,8	980,9		
9,6249	0,3200	980,3	979,8	980,8		
9,6332	0,3200	980,3	979,8	980,9		
9,6415	0,3178	980,4	979,8	980,9		
9,6499	0,3170	980,3	979,8	980,8		
9,6582	0,3095	980,4	979,8	980,9		
9,6665	0,3152	980,4	979,8	980,8		
9,6749	0,3170	980,3	979,7	980,8		
9,6832	0,3267	980,3	979,7	980,8		
9,6915	0,3170	980,3	979,7	980,8		
9,6999	0,3165	980,3	979,7	980,8		
9,7082	0,3223	980,3	979,7	980,7		
9,7165	0,3214	980,3	979,7	980,7		
9,7249	0,3174	980,3	979,7	980,8		
9,7332	0,3170	980,3	979,7	980,8		
9,7415	0,3170	980,3	979,8	980,8		
9,7499	0,3165	980,3	979,7	980,8		
9,7582	0,3117	980,3	979,7	980,8		
9,7665	0,3161	980,4	979,7	980,9		
9,7749	0,3245	980,4	979,8	980,9		
9,7832	0,3161	980,4	979,8	980,9		
9,7915	0,3121	980,4	979,9	981,1		
9,7999	0,3090	980,5	979,9	981,1		
9,8082	0,3223	980,4	979,9	980,9		
9,8165	0,3152	980,4	979,9	981,0		
9,8249	0,3143	980,4	979,8	980,9		
9,8332	0,3245	980,3	979,8	980,9		
9,8415	0,3240	980,3	979,8	980,8		
9,8499	0,3192	980,4	979,8	980,9		
9,8582	0,3253	980,4	979,8	980,9		
9,8665	0,3121	980,3	979,8	980,9		
9,8749	0,3205	980,3	979,8	980,9		
9,8832	0,3355	980,3	979,8	980,9		
9,8915	0,3205	980,4	979,8	980,9		
9,8999	0,3200	980,3	979,8	980,8		
9,9082	0,3187	980,4	979,8	980,9		
9,9165	0,3227	980,3	979,8	980,8		
9,9249	0,3187	980,3	979,8	980,9		
9,9332	0,3121	980,4	979,8	980,8		
9,9415	0,3121	980,4	979,7	980,8		
9,9499	0,3231	980,4	979,8	980,9		
9,9582	0,3302	980,4	979,8	980,8		
9,9665	0,3236	980,3	979,7	980,9		
9,9749	0,3284	980,4	979,8	980,9		
9,9832	0,3245	980,4	979,8	980,9		
9,9915	0,3249	980,4	979,8	980,9		
9,9999	0,3240	980,4	979,8	980,9		
10,0082	0,3152	980,3	979,7	980,9		
10,0165	0,3223	980,3	979,8	980,9		
10,0249	0,3227	980,3	979,8	980,9		
10,0332	0,3227	980,3	979,8	981,0		
10,0415	0,3249	980,5	979,9	981,0		
10,0499	0,3227	980,4	979,9	980,9		
10,0582	0,3245	980,4	979,8	980,8		
10,0665	0,3227	980,4	979,8	980,9		
10,0749	0,3253	980,4	979,8	980,9		
10,0832	0,3187	980,3	979,8	980,8		
10,0915	0,3253	980,4	979,8	981,0		
10,0999	0,3227	980,5	979,9	981,0		
10,1082	0,3293	980,4	979,8	980,8		
10,1165	0,3240	980,5	979,9	981,0		
10,1249	0,3293	980,4	979,9	981,0		
10,1332	0,3223	980,4	979,8	980,9		
10,1415	0,3209	980,4	979,9	980,9		
10,1499	0,3223	980,4	979,8	980,9		
10,1582	0,3187	980,4	979,8	980,9		
10,1665	0,3187	980,5	979,9	981,0		
10,1749	0,3306	980,4	979,8	980,9		
10,1832	0,3187	980,4	979,8	980,8		
10,1915	0,3214	980,4	979,8	980,8		
10,1999	0,3214	980,4	979,8	980,9		
10,2082	0,3223	980,4	979,8	980,8		
10,2165	0,3170	980,3	979,7	980,8		
10,2249	0,3227	980,3	979,7	980,8		
10,2332	0,3165	980,3	979,7	980,8		
10,2415	0,3205	980,3	979,7	980,7		
10,2499	0,3381	980,5	979,8	980,9		
10,2582	0,3337	980,8	980,0	981,0		
10,2665	0,3165	980,8	980,0	981,0		
10,2749	0,3227	980,7	980,0	981,0		
10,2832	0,3240	980,7	980,0	980,9		
10,2915	0,3245	980,4	979,8	980,8		
10,2999	0,3214	980,6	979,9	980,9		
10,3082	0,3276	980,6	979,9	981,0		
10,3165	0,3240	980,5	979,9	980,9		
10,3249	0,3253	980,4	979,8	980,8		
10,3332	0,3214	980,3	979,7	980,8		
10,3415	0,3245	980,6	980,0	981,0		
10,3499	0,3280	980,8	980,1	981,0		
10,3582	0,3253	980,7	980,0	980,9		
10,3665	0,3333	980,4	979,9	980,8		
10,3749	0,3200	980,4	979,7	980,7		
10,3832	0,3355	980,4	979,8	980,8		
10,3915	0,3253	980,5	979,8	980,8		
10,3999	0,3306	980,4	979,8	980,8		
10,4082	0,3351	980,4	979,9	980,9		
10,4165	0,3320	980,7	980,0	981,0		
10,4249	0,3298	980,9	980,1	981,0		
10,4332	0,3236	980,7	980,0	981,0		
10,4415	0,3262	980,5	980,0	980,9		
10,4499	0,3328	980,5	979,9	981,0		
10,4582	0,3289	980,5	979,8	980,9		
10,4665	0,3381	980,4	979,8	980,8		
10,4749	0,3298	980,3	979,8	980,8		
10,4832	0,3346	980,2	979,7	980,8		
10,4915	0,3324	980,2	979,8	980,9		
10,4999	0,3280	980,1	979,7	980,8		
10,5082	0,3227	980,1	979,6	980,8		
10,5165	0,3395	980,1	979,6	980,8		
10,5249	0,3302	980,1	979,6	980,8		
10,5332	0,3289	980,5	979,8	980,8		
10,5415	0,3337	980,8	980,1	981,0		
10,5499	0,3315	980,4	979,9	980,9		
10,5582	0,3298	980,2	979,7	980,8		
10,5665	0,3293	980,3	979,8	980,9		
10,5749	0,3276	980,5	979,8	980,8		
10,5832	0,3315	980,5	979,8	980,9		
10,5915	0,3311	980,0	979,7	980,8		
10,5999	0,3351	980,3	979,7	980,8		
10,6082	0,3320	980,4	979,8	980,9		
10,6165	0,3258	980,3	979,8	980,8		
10,6249	0,3404	980,2	979,7	980,9		
10,6332	0,3320	980,1	979,7	980,8		
10,6415	0,3293	980,0	979,6	980,8		
10,6499	0,3395	980,4	979,8	980,9		
10,6582	0,3364	980,7	980,0	980,9		
10,6665	0,3289	980,5	979,9	980,9		
10,6749	0,3315	980,3	979,9	981,0		
10,6832	0,3359	980,2	979,8	980,9		
10,6915	0,3346	980,5	979,9	981,0		
10,6999	0,3342	980,8	980,0	981,0		
10,7082	0,3320	980,7	980,0	981,0		
10,7165	0,3364	980,4	979,9	981,0		
10,7249	0,3267	980,6	979,9	981,0		
10,7332	0,3333	980,6	979,9	980,9		
10,7415	0,3324	980,6	979,9	981,1		
10,7499	0,3390	980,4	979,9	980,9		
10,7582	0,3368	980,6	980,0	981,0		
10,7665	0,3359	980,5	980,0	981,0		
10,7749	0,3364	980,2	979,7	980,9		
10,7832	0,3390	980,4	979,8	980,9		
10,7915	0,3474	980,7	980,0	981,0		
10,7999	0,3368	980,5	979,9	981,0		
10,8082	0,3483	980,4	979,8	980,9		
10,8165	0,3355	980,4	979,8	980,9		
10,8249	0,3448	980,4	979,9	981,0		
10,8332	0,3404	980,4	979,8	980,9		
10,8415	0,3359	980,2	979,8	980,9		
10,8499	0,3342	980,3	979,8	980,8		
10,8582	0,3342	980,2	979,7	980,8		
10,8665	0,3395	980,2	979,7	980,9		
10,8749	0,3373	980,3	979,8	980,9		
10,8832	0,3426	980,2	979,6	980,8		
10,8915	0,3404	980,2	979,8	980,9		
10,8999	0,3404	980,2	979,6	980,8		
10,9082	0,3434	980,0	979,6	980,7		
10,9165	0,3404	980,4	979,7	980,8		
10,9249	0,3487	980,5	979,9	980,9		
10,9332	0,3404	980,4	979,9	980,9		
10,9415	0,3408	980,4	979,8	980,8		
10,9499	0,3373	980,3	979,8	980,9		
10,9582	0,3443	980,2	979,8	980,9		
10,9665	0,3474	980,1	979,6	980,8		
10,9749	0,3364	980,2	979,7	980,9		
10,9832	0,3395	980,2	979,7	980,8		
10,9915	0,3434	980,4	979,8	980,8		
10,9999	0,3404	980,6	980,0	981,1		
11,0082	0,3364	980,4	979,9	980,9		
11,0165	0,3448	980,4	979,8	980,8		
11,0249	0,3474	980,5	979,8	980,9		
11,0332	0,3443	980,4	979,9	980,9		
11,0415	0,3474	980,5	979,9	980,9		
11,0499	0,3443	980,6	979,9	980,9		
11,0582	0,3532	980,9	980,0	981,0		
11,0665	0,3359	980,7	980,1	981,0		
11,0749	0,3527	980,4	979,9	980,9		
11,0832	0,3505	980,3	979,8	980,9		
11,0915	0,3562	980,3	979,8	980,9		
11,0999	0,3492	980,3	979,8	980,9		
11,1082	0,3443	980,2	979,7	980,9		
11,1165	0,3368	979,9	979,6	980,8		
11,1249	0,3443	980,6	979,9	980,9		
11,1332	0,3448	980,9	980,1	981,1		
11,1415	0,3443	980,6	980,0	981,0		
11,1499	0,3465	980,4	979,9	980,9		
11,1582	0,3390	980,4	979,9	980,9		
11,1665	0,3492	980,3	979,8	980,9		
11,1749	0,3461	980,3	979,8	980,9		
11,1832	0,3421	980,4	979,8	980,9		
11,1915	0,3456	980,4	979,8	980,9		
11,1999	0,3421	980,4	979,9	981,0		
11,2082	0,3532	980,4	979,8	980,9		
11,2165	0,3448	980,4	979,8	980,9		
11,2249	0,3448	980,3	979,8	980,8		
11,2332	0,3439	980,3	979,8	980,9		
11,2415	0,3479	980,3	979,8	980,9		
11,2499	0,3430	980,3	979,8	980,9		
11,2582	0,3483	980,4	979,8	980,9		
11,2665	0,3461	980,4	979,8	980,9		
11,2749	0,3554	980,4	979,8	980,9		
11,2832	0,3465	980,5	979,8	981,0		
11,2915	0,3408	980,4	979,8	980,9		
11,2999	0,3505	980,4	979,9	980,9		
11,3082	0,3505	980,5	979,9	981,0		
11,3165	0,3465	980,4	979,9	980,9		
11,3249	0,3465	980,3	979,8	980,9		
11,3332	0,3505	980,3	979,8	980,9		
11,3415	0,3461	980,2	979,7	980,8		
11,3499	0,3443	980,2	979,7	980,9		
11,3582	0,3571	980,2	979,7	980,9		
11,3665	0,3527	980,3	979,7	980,9		
11,3749	0,3479	980,3	979,8	980,9		
11,3832	0,3562	980,3	979,8	980,9		
11,3915	0,3509	980,3	979,8	980,8		
11,3999	0,3465	980,2	979,8	980,9		
11,4082	0,3518	980,7	980,0	980,9		
11,4165	0,3456	980,8	980,1	981,0		
11,4249	0,3540	980,7	980,0	981,0		
11,4332	0,3492	980,6	980,0	981,0		
11,4415	0,3501	980,7	980,0	981,0		
11,4499	0,3430	980,6	980,0	981,0		
11,4582	0,3523	980,5	979,9	980,9		
11,4665	0,3523	980,4	979,9	980,9		
11,4749	0,3430	980,5	979,8	980,9		
11,4832	0,3518	980,5	979,9	981,0		
11,4915	0,3501	980,5	979,9	980,9		
11,4999	0,3536	980,4	979,9	981,0		
11,5082	0,3470	980,3	979,8	980,8		
11,5165	0,3461	980,3	979,8	980,9		
11,5249	0,3509	980,3	979,8	981,0		
11,5332	0,3554	980,3	979,8	981,0		
11,5415	0,3514	980,4	979,8	980,9		
11,5499	0,3576	980,6	980,0	980,9		
11,5582	0,3576	980,5	979,9	981,0		
11,5665	0,3651	980,4	979,9	981,0		
11,5749	0,3598	980,3	979,8	980,9		
11,5832	0,3514	980,4	979,8	980,9		
11,5915	0,3536	980,3	979,8	980,9		
11,5999	0,3501	980,2	979,8	980,9		
11,6082	0,3509	980,2	979,7	980,9		
11,6165	0,3567	980,7	980,0	981,0		
11,6249	0,3536	980,8	980,1	981,0		
11,6332	0,3571	980,6	980,0	981,0		
11,6415	0,3651	980,6	980,0	980,9		
11,6499	0,3576	980,6	980,0	981,0		
11,6582	0,3483	980,5	980,0	980,9		
11,6665	0,3567	980,6	980,0	981,0		
11,6749	0,3470	980,6	980,0	980,9		
11,6832	0,3545	980,5	979,9	980,9		
11,6915	0,3598	980,5	979,9	980,9		
11,6999	0,3540	980,5	979,9	981,0		
11,7082	0,3633	980,6	980,0	981,0		
11,7165	0,3558	980,5	979,9	980,8		
11,7249	0,3514	980,5	979,9	980,9		
11,7332	0,3536	980,6	979,9	981,0		
11,7415	0,3527	980,5	979,9	980,9		
11,7499	0,3545	980,5	979,9	980,9		
11,7582	0,3518	980,5	979,9	981,0		
11,7665	0,3554	980,5	979,9	980,9		
11,7749	0,3580	980,5	979,9	980,9		
11,7832	0,3479	980,5	979,9	981,0		
11,7915	0,3576	980,5	979,9	980,9		
11,7999	0,3585	980,4	979,8	980,9		
11,8082	0,3558	980,5	979,8	980,9		
11,8165	0,3558	980,5	979,9	980,9		
11,8249	0,3558	980,5	979,9	980,9		
11,8332	0,3611	980,4	979,9	980,9		
11,8415	0,3624	980,4	979,9	980,9		
11,8499	0,3571	980,4	979,8	980,9		
11,8582	0,3549	980,4	979,9	980,9		
11,8665	0,3523	980,3	979,9	980,9		
11,8749	0,3558	980,4	979,8	980,9		
11,8832	0,3549	980,4	979,9	981,1		
11,8915	0,3567	980,5	979,9	980,9		
11,8999	0,3615	980,4	979,8	980,9		
11,9082	0,3646	980,4	979,9	981,0		
11,9165	0,3615	980,4	979,9	980,9		
11,9249	0,3576	980,4	979,9	981,0		
11,9332	0,3536	980,4	979,9	981,0		
11,9415	0,3571	980,4	979,9	980,9		
11,9499	0,3602	980,5	980,0	981,1		
11,9582	0,3629	980,4	979,9	981,0		
11,9665	0,3602	980,4	979,9	980,9		
11,9749	0,3518	980,4	979,9	980,9		
11,9832	0,3558	980,4	979,9	981,0		
11,9915	0,3615	980,4	979,9	981,0		
11,9999	0,3615	980,4	979,8	980,9		
12,0082	0,3558	980,4	979,8	981,0		
12,0165	0,3620	980,4	979,9	981,0		
12,0249	0,3624	980,3	979,9	981,0		
12,0332	0,3677	980,4	979,9	980,9		
12,0415	0,3629	980,3	979,8	980,9		
12,0499	0,3576	980,4	979,9	981,0		
12,0582	0,3637	980,5	979,9	981,0		
12,0665	0,3593	980,4	979,9	981,0		
12,0749	0,3589	980,4	979,9	980,9		
12,0832	0,3567	980,5	979,8	981,0		
12,0915	0,3708	980,3	979,8	980,8		
12,0999	0,3602	980,4	979,8	980,9		
12,1082	0,3602	980,4	979,8	980,9		
12,1165	0,3668	980,4	979,8	980,9		
12,1249	0,3726	980,4	979,9	981,0		
12,1332	0,3576	980,4	979,8	980,9		
12,1415	0,3624	980,4	979,8	980,9		
12,1499	0,3655	980,4	979,8	981,0		
12,1582	0,3527	980,4	979,9	981,0		
12,1665	0,3629	980,4	979,9	980,9		
12,1749	0,3602	980,4	979,8	980,9		
12,1832	0,3598	980,4	979,9	980,9		
12,1915	0,3602	980,4	979,8	980,9		
12,1999	0,3624	980,3	979,8	980,9		
12,2082	0,3624	980,4	979,8	980,9		
12,2165	0,3642	980,4	979,8	980,9		
12,2249	0,3721	980,4	979,8	980,9		
12,2332	0,3721	980,4	979,8	980,9		
12,2415	0,3660	980,3	979,8	980,9		
12,2499	0,3668	980,4	979,8	980,9		
12,2582	0,3704	980,3	979,8	980,9		
12,2665	0,3580	980,4	979,9	980,8		
12,2749	0,3651	980,4	979,8	980,9		
12,2832	0,3743	980,4	979,8	980,9		
12,2915	0,3721	980,4	979,9	980,9		
12,2999	0,3651	980,4	979,9	980,9		
12,3082	0,3602	980,4	979,9	981,0		
12,3165	0,3655	980,4	979,9	981,0		
12,3249	0,3660	980,5	979,9	981,0		
12,3332	0,3646	980,4	979,9	981,0		
12,3415	0,3633	980,4	979,9	981,0		
12,3499	0,3677	980,4	979,9	981,0		
12,3582	0,3695	980,5	979,9	981,0		
12,3665	0,3677	980,4	979,9	981,0		
12,3749	0,3646	980,5	979,9	980,9		
12,3832	0,3677	980,5	979,9	981,0		
12,3915	0,3743	980,4	979,9	981,0		
12,3999	0,3668	980,4	979,9	980,9		
12,4082	0,3695	980,4	979,9	980,9		
12,4165	0,3713	980,5	980,0	981,0		
12,4249	0,3699	980,4	979,9	981,0		
12,4332	0,3624	980,4	979,9	980,9		
12,4415	0,3655	980,4	979,9	981,0		
12,4499	0,3677	980,5	979,9	981,0		
12,4582	0,3695	980,5	979,9	981,0		
12,4665	0,3730	980,4	979,9	981,0		
12,4749	0,3686	980,4	979,9	980,9		
12,4832	0,3695	980,4	979,9	981,0		
12,4915	0,3717	980,4	979,9	981,0		
12,4999	0,3779	980,5	979,9	981,0		
12,5082	0,3704	980,5	979,9	981,0		
12,5165	0,3629	980,5	980,0	981,0		
12,5249	0,3708	980,4	979,9	980,9		
12,5332	0,3735	980,4	979,9	981,0		
12,5415	0,3677	980,5	979,9	981,0		
12,5499	0,3796	980,5	979,9	981,0		
12,5582	0,3708	980,5	979,9	980,9		
12,5665	0,3668	980,6	980,0	981,0		
12,5749	0,3677	980,5	980,0	981,0		
12,5832	0,3704	980,5	979,9	981,0		
12,5915	0,3752	980,5	979,9	981,0		
12,5999	0,3761	980,6	980,0	981,1		
12,6082	0,3708	980,6	979,9	981,0		
12,6165	0,3766	980,5	979,9	980,9		
12,6249	0,3766	980,5	979,9	981,0		
12,6332	0,3660	980,5	980,0	981,0		
12,6415	0,3673	980,5	979,9	981,0		
12,6499	0,3757	980,5	980,0	981,0		
12,6582	0,3783	980,6	980,0	981,0		
12,6665	0,3827	980,5	980,0	981,0		
12,6749	0,3726	980,5	979,9	980,9		
12,6832	0,3682	980,5	980,0	981,0		
12,6915	0,3721	980,5	979,9	980,9		
12,6999	0,3814	980,5	979,9	980,9		
12,7082	0,3730	980,6	980,0	980,9		
12,7165	0,3717	980,5	980,0	980,9		
12,7249	0,3788	980,5	979,9	981,0		
12,7332	0,3743	980,6	980,0	981,0		
12,7415	0,3664	980,6	979,9	981,0		
12,7499	0,3752	980,5	980,0	980,9		
12,7582	0,3752	980,5	980,0	981,0		
12,7665	0,3726	980,5	979,9	981,0		
12,7749	0,3739	980,4	979,9	981,0		
12,7832	0,3766	980,5	979,9	980,9		
12,7915	0,3841	980,5	979,9	981,0		
12,7999	0,3717	980,5	979,9	981,0		
12,8082	0,3704	980,5	979,9	980,9		
12,8165	0,3792	980,5	979,9	981,0		
12,8249	0,3823	980,5	979,9	981,0		
12,8332	0,3766	980,5	979,9	981,0		
12,8415	0,3788	980,4	979,9	980,9		
12,8499	0,3792	980,4	979,9	980,9		
12,8582	0,3743	980,4	979,9	980,9		
12,8665	0,3849	980,4	979,9	980,9		
12,8749	0,3774	980,5	979,9	981,0		
12,8832	0,3726	980,5	979,9	981,0		
12,8915	0,3726	980,4	979,9	981,0		
12,8999	0,3743	980,5	979,9	981,0		
12,9082	0,3814	980,5	979,9	980,9		
12,9165	0,3779	980,4	979,9	980,9		
12,9249	0,3814	980,4	979,8	980,9		
12,9332	0,3770	980,5	979,9	981,0		
12,9415	0,3752	980,5	979,9	981,0		
12,9499	0,3735	980,4	979,9	980,9		
12,9582	0,3770	980,4	979,9	980,9		
12,9665	0,3810	980,4	979,9	981,0		
12,9749	0,3924	980,4	979,9	981,0		
12,9832	0,3889	980,5	979,8	980,9		
12,9915	0,3748	980,4	979,8	980,9		
12,9999	0,3770	980,4	979,8	980,8		
13,0082	0,3739	980,4	979,8	980,9		
13,0165	0,3704	980,4	979,8	980,8		
13,0249	0,3841	980,4	979,8	980,9		
13,0332	0,3805	980,4	979,9	980,9		
13,0415	0,3788	980,4	979,8	980,9		
13,0499	0,3832	980,5	979,8	980,9		
13,0582	0,3823	980,4	979,9	980,9		
13,0665	0,3827	980,5	979,8	981,0		
13,0749	0,3783	980,4	979,9	980,9		
13,0832	0,3845	980,4	979,9	980,9		
13,0915	0,3730	980,4	979,9	980,9		
13,0999	0,3836	980,4	979,8	980,9		
13,1082	0,3796	980,5	979,9	981,0		
13,1165	0,3805	980,4	979,9	980,9		
13,1249	0,3810	980,4	979,9	980,9		
13,1332	0,3770	980,4	979,8	980,9		
13,1415	0,3770	980,3	979,8	980,9		
13,1499	0,3827	980,5	979,9	981,0		
13,1582	0,3841	980,4	979,9	981,0		
13,1665	0,3766	980,4	979,9	980,9		
13,1749	0,3739	980,4	979,8	980,9		
13,1832	0,3743	980,4	979,9	980,9		
13,1915	0,3894	980,4	979,9	981,0		
13,1999	0,3898	980,5	979,9	980,9		
13,2082	0,3779	980,4	979,9	981,0		
13,2165	0,3810	980,5	979,9	981,0		
13,2249	0,3858	980,5	979,9	981,0		
13,2332	0,3823	980,5	979,9	981,0		
13,2415	0,3801	980,5	979,9	981,0		
13,2499	0,3924	980,5	979,9	981,0		
13,2582	0,3845	980,4	979,9	980,9		
13,2665	0,3902	980,5	979,9	981,0		
13,2749	0,3805	980,5	979,9	981,0		
13,2832	0,3836	980,5	979,9	980,9		
13,2915	0,3805	980,4	979,8	980,9		
13,2999	0,3894	980,5	979,9	980,9		
13,3082	0,3863	980,5	979,9	980,9		
13,3165	0,3902	980,4	979,9	980,9		
13,3249	0,3898	980,5	979,9	981,0		
13,3332	0,3880	980,5	979,9	981,0		
13,3415	0,3977	980,4	979,9	981,0		
13,3499	0,3933	980,4	979,9	980,9		
13,3582	0,3871	980,4	979,9	980,9		
13,3665	0,3863	980,5	979,9	981,0		
13,3749	0,3863	980,5	979,9	981,0		
13,3832	0,3871	980,5	979,9	981,0		
13,3915	0,3880	980,4	979,9	981,0		
13,3999	0,3894	980,4	979,9	980,9		
13,4082	0,3907	980,4	979,9	981,0		
13,4165	0,3929	980,5	979,9	981,0		
13,4249	0,3898	980,5	979,9	980,9		
13,4332	0,3841	980,5	980,0	981,0		
13,4415	0,3946	980,5	979,9	981,0		
13,4499	0,3876	980,5	979,9	980,9		
13,4582	0,3973	980,4	979,9	980,9		
13,4665	0,3863	980,5	979,9	981,0		
13,4749	0,3894	980,6	980,0	981,0		
13,4832	0,3880	980,6	979,9	981,0		
13,4915	0,3946	980,6	979,9	981,0		
13,4999	0,3876	980,6	979,9	981,0		
13,5082	0,3911	980,6	980,0	981,0		
13,5165	0,3916	980,6	979,9	981,0		
13,5249	0,3849	980,5	980,0	981,0		
13,5332	0,3880	980,5	979,9	981,0		
13,5415	0,3907	980,5	980,0	981,0		
13,5499	0,3973	980,5	979,9	981,0		
13,5582	0,3818	980,5	979,9	980,9		
13,5665	0,3898	980,5	980,0	981,0		
13,5749	0,3920	980,5	980,0	981,0		
13,5832	0,3788	980,6	980,0	980,9		
13,5915	0,3876	980,5	979,9	980,9		
13,5999	0,3849	980,6	980,0	981,0		
13,6082	0,3991	980,5	979,9	981,0		
13,6165	0,4030	980,5	979,9	980,9		
13,6249	0,3964	980,5	979,9	980,9		
13,6332	0,3841	980,6	979,9	981,0		
13,6415	0,3933	980,5	979,9	980,9		
13,6499	0,4017	980,5	979,9	981,0		
13,6582	0,3951	980,5	980,0	981,0		
13,6665	0,3920	980,5	980,0	981,0		
13,6749	0,3907	980,5	979,9	980,9		
13,6832	0,3916	980,4	979,9	980,9		
13,6915	0,3938	980,4	979,9	981,0		
13,6999	0,3902	980,5	979,9	980,9		
13,7082	0,4066	980,5	979,9	981,0		
13,7165	0,3902	980,5	979,9	980,9		
13,7249	0,3863	980,3	979,9	980,9		
13,7332	0,3938	980,4	979,9	980,9		
13,7415	0,3977	980,3	979,8	980,9		
13,7499	0,3951	980,3	979,8	980,9		
13,7582	0,3933	980,4	979,9	981,0		
13,7665	0,3933	980,3	979,8	980,9		
13,7749	0,3977	980,4	979,8	980,9		
13,7832	0,4004	980,4	979,8	981,0		
13,7915	0,3920	980,3	979,9	981,0		
13,7999	0,3933	980,3	979,8	980,9		
13,8082	0,3955	980,3	979,8	980,9		
13,8165	0,3916	980,4	979,8	980,9		
13,8249	0,3991	980,3	979,9	980,9		
13,8332	0,3960	980,4	979,8	980,9		
13,8415	0,3924	980,5	979,9	980,9		
13,8499	0,3946	980,4	979,9	981,0		
13,8582	0,3894	980,5	979,9	980,9		
13,8665	0,4066	980,4	979,9	981,0		
13,8749	0,3951	980,4	979,8	981,0		
13,8832	0,3973	980,8	980,0	981,0		
13,8915	0,4004	980,6	980,0	981,0		
13,8999	0,3960	980,6	980,0	981,0		
13,9082	0,3938	980,5	979,9	981,0		
13,9165	0,4026	980,4	979,9	981,0		
13,9249	0,3964	980,7	980,0	981,0		
13,9332	0,3991	980,6	980,0	981,0		
13,9415	0,4022	980,8	980,1	981,1		
13,9499	0,3986	980,7	980,1	981,1		
13,9582	0,3929	980,4	980,0	981,0		
13,9665	0,4048	980,5	979,9	981,0		
13,9749	0,4013	980,5	980,0	981,0		
13,9832	0,4075	980,4	979,9	981,0		
13,9915	0,4048	980,4	979,9	981,0		
13,9999	0,4026	980,3	979,9	980,9		
14,0082	0,3973	980,2	979,8	980,9		
14,0165	0,3986	980,2	979,7	980,8		
14,0249	0,3920	980,1	979,7	980,9		
14,0332	0,4013	980,5	979,9	980,9		
14,0415	0,4022	980,8	980,1	980,9		
14,0499	0,4066	980,6	979,9	980,9		
14,0582	0,4039	980,4	979,9	980,9		
14,0665	0,4061	980,4	979,9	980,9		
14,0749	0,3995	980,3	979,9	981,0		
14,0832	0,3964	980,3	979,8	980,9		
14,0915	0,3973	980,2	979,7	980,9		
14,0999	0,3999	980,0	979,7	980,8		
14,1082	0,4035	980,8	980,0	981,0		
14,1165	0,4052	980,8	980,1	981,0		
14,1249	0,4017	980,5	980,0	981,0		
14,1332	0,4057	980,7	980,0	981,0		
14,1415	0,4088	980,8	980,1	981,0		
14,1499	0,3986	980,7	980,1	981,0		
14,1582	0,4039	980,6	980,1	981,0		
14,1665	0,3991	980,8	980,1	981,0		
14,1749	0,4022	980,7	980,1	981,0		
14,1832	0,4017	980,6	980,0	981,0		
14,1915	0,4013	980,6	980,0	981,0		
14,1999	0,4066	980,6	980,0	981,0		
14,2082	0,3973	980,5	979,9	981,0		
14,2165	0,4030	980,4	979,9	980,9		
14,2249	0,3995	980,2	979,8	980,8		
14,2332	0,3995	980,4	979,9	980,9		
14,2415	0,4052	980,4	979,9	980,9		
14,2499	0,4057	980,1	979,7	980,9		
14,2582	0,3924	979,8	979,5	980,7		
14,2665	0,3986	980,2	979,7	980,9		
14,2749	0,4066	980,4	979,9	980,9		
14,2832	0,3938	980,3	979,8	980,8		
14,2915	0,4132	980,3	979,8	980,9		
14,2999	0,4004	980,3	979,9	981,0		
14,3082	0,4092	980,4	979,9	981,1		
14,3165	0,4088	980,5	980,0	981,2		
14,3249	0,3986	980,5	980,0	981,1		
14,3332	0,4039	980,4	979,9	981,1		
14,3415	0,4083	980,5	979,9	981,0		
14,3499	0,4039	980,4	979,9	981,0		
14,3582	0,4030	980,4	979,9	981,0		
14,3665	0,4092	980,5	980,0	981,0		
14,3749	0,4030	980,5	979,9	981,0		
14,3832	0,4105	980,5	979,9	981,0		
14,3915	0,4167	980,6	980,0	981,0		
14,3999	0,4092	980,5	979,9	981,0		
14,4082	0,4150	980,5	979,9	981,0		
14,4165	0,4101	980,4	979,9	980,9		
14,4249	0,4075	980,5	979,9	981,0		
14,4332	0,4172	980,6	979,9	981,0		
14,4415	0,4070	980,5	979,9	981,0		
14,4499	0,3995	980,5	980,0	981,0		
14,4582	0,4052	980,6	979,9	981,0		
14,4665	0,4017	980,5	979,9	981,0		
14,4749	0,4030	980,5	979,9	980,9		
14,4832	0,4057	980,6	979,9	981,0		
14,4915	0,4030	980,5	979,9	981,0		
14,4999	0,4061	980,5	979,9	980,9		
14,5082	0,3995	980,5	979,9	981,0		
14,5165	0,4048	980,6	980,0	980,9		
14,5249	0,4048	980,6	979,9	980,9		
14,5332	0,3995	980,6	979,9	980,9		
14,5415	0,4132	980,6	980,0	981,0		
14,5499	0,3991	980,5	979,9	980,9		
14,5582	0,4070	980,5	979,9	980,9		
14,5665	0,4105	980,4	979,9	981,0		
14,5749	0,4088	980,4	979,8	980,9		
14,5832	0,4079	980,4	979,8	980,9		
14,5915	0,4061	980,4	979,8	980,9		
14,5999	0,4066	980,5	979,8	980,8		
14,6082	0,4052	981,1	980,2	981,0		
14,6165	0,4039	980,9	980,1	981,0		
14,6249	0,4079	980,5	980,0	980,9		
14,6332	0,4066	980,5	979,9	980,9		
14,6415	0,4154	980,7	980,0	981,0		
14,6499	0,4044	980,4	979,9	981,0		
14,6582	0,4163	980,1	979,7	980,9		
14,6665	0,4097	981,1	980,2	981,2		
14,6749	0,4092	981,3	980,4	981,2		
14,6832	0,4132	980,8	980,2	981,0		
14,6915	0,3995	980,4	979,9	980,9		
14,6999	0,4101	980,0	979,7	980,9		
14,7082	0,4136	980,1	979,7	980,9		
14,7165	0,4026	980,2	979,7	980,9		
14,7249	0,4180	980,1	979,7	980,9		
14,7332	0,4110	980,2	979,7	981,0		
14,7415	0,4145	980,2	979,8	981,0		
14,7499	0,4105	980,3	979,8	981,0		
14,7582	0,4075	980,3	979,9	980,9		
14,7665	0,4145	980,3	979,8	980,9		
14,7749	0,4114	980,4	979,9	981,0		
14,7832	0,4097	980,4	979,9	981,0		
14,7915	0,4079	980,4	979,8	980,9		
14,7999	0,4127	980,2	979,8	980,9		
14,8082	0,4154	980,3	979,8	980,9		
14,8165	0,4127	980,6	980,0	981,0		
14,8249	0,4132	980,4	979,9	980,9		
14,8332	0,4189	980,3	979,8	980,9		
14,8415	0,4198	980,3	979,8	981,0		
14,8499	0,4154	980,5	979,9	981,0		
14,8582	0,4150	980,5	979,9	981,0		
14,8665	0,4242	980,4	979,9	980,9		
14,8749	0,4189	980,4	979,8	981,0		
14,8832	0,4172	980,5	979,9	981,0		
14,8915	0,4194	980,4	979,8	980,9		
14,8999	0,4176	980,5	979,9	981,0		
14,9082	0,4207	980,5	979,9	981,0		
14,9165	0,4101	980,5	979,9	981,0		
14,9249	0,4105	980,5	979,9	981,0		
14,9332	0,4123	980,5	980,0	981,1		
14,9415	0,4141	980,5	979,9	981,1		
14,9499	0,4127	980,5	979,9	981,0		
14,9582	0,4070	980,5	979,9	980,9		
14,9665	0,4127	980,5	979,9	981,0		
14,9749	0,4233	980,4	979,9	981,0		
14,9832	0,4163	980,4	979,9	980,9		
14,9915	0,4150	980,4	979,9	980,9		
14,9999	0,4189	980,4	979,9	981,0		
15,0082	0,4163	980,4	979,8	980,9		
15,0165	0,4269	980,4	979,8	980,9		
15,0249	0,4203	980,5	979,8	980,9		
15,0332	0,4180	980,5	979,9	981,0		
15,0415	0,4176	980,4	979,9	981,0		
15,0499	0,4211	980,4	979,9	980,9		
15,0582	0,4172	980,4	979,9	981,0		
15,0665	0,4150	980,4	979,8	980,9		
15,0749	0,4180	980,5	979,9	981,0		
15,0832	0,4225	980,5	979,9	981,0		
15,0915	0,4150	980,5	979,9	980,9		
15,0999	0,4229	980,4	979,8	980,9		
15,1082	0,4176	980,4	980,0	981,0		
15,1165	0,4203	980,5	979,9	981,0		
15,1249	0,4163	980,4	979,9	980,9		
15,1332	0,4194	980,5	979,9	981,0		
15,1415	0,4180	980,4	979,9	981,0		
15,1499	0,4145	980,5	979,9	981,0		
15,1582	0,4229	980,5	979,9	981,0		
15,1665	0,4260	980,5	979,9	981,0		
15,1749	0,4233	980,5	979,9	980,9		
15,1832	0,4238	980,4	979,9	980,9		
15,1915	0,4180	980,4	979,9	981,0		
15,1999	0,4172	980,5	979,9	981,0		
15,2082	0,4251	980,5	979,9	981,0		
15,2165	0,4273	980,3	979,8	980,9		
15,2249	0,4326	980,3	979,8	980,9		
15,2332	0,4229	980,4	979,9	981,0		
15,2415	0,4238	980,5	979,9	981,0		
15,2499	0,4247	980,5	980,0	981,0		
15,2582	0,4264	980,5	979,9	980,9		
15,2665	0,4203	980,5	980,0	981,0		
15,2749	0,4238	980,5	979,9	981,0		
15,2832	0,4203	980,5	979,9	981,0		
15,2915	0,4233	980,4	979,9	981,0		
15,2999	0,4229	980,5	979,9	981,0		
15,3082	0,4233	980,5	979,9	981,0		
15,3165	0,4220	980,5	979,9	980,9		
15,3249	0,4361	980,4	979,8	980,9		
15,3332	0,4242	980,4	979,9	981,0		
15,3415	0,4375	980,5	979,9	981,0		
15,3499	0,4189	980,5	979,9	980,9		
15,3582	0,4251	980,5	979,9	980,9		
15,3665	0,4300	980,5	979,9	981,0		
15,3749	0,4233	980,6	980,0	981,1		
15,3832	0,4180	980,5	980,0	981,1		
15,3915	0,4247	980,5	980,0	981,0		
15,3999	0,4322	980,6	980,0	981,0		
15,4082	0,4269	980,5	980,0	981,0		
15,4165	0,4273	980,5	979,9	981,0		
15,4249	0,4339	980,5	979,9	981,0		
15,4332	0,4233	980,5	980,0	981,1		
15,4415	0,4322	980,5	979,9	981,0		
15,4499	0,4286	980,5	979,9	981,0		
15,4582	0,4322	980,5	979,9	981,0		
15,4665	0,4304	980,5	979,9	981,0		
15,4749	0,4273	980,5	979,9	980,9		
15,4832	0,4322	980,4	979,9	980,9		
15,4915	0,4251	980,4	979,9	980,9		
15,4999	0,4291	980,5	979,9	981,0		
15,5082	0,4286	980,5	979,9	981,0		
15,5165	0,4344	980,4	979,9	980,9		
15,5249	0,4322	980,5	979,9	981,0		
15,5332	0,4247	980,5	979,9	980,9		
15,5415	0,4273	980,4	979,9	981,0		
15,5499	0,4379	980,4	979,9	981,0		
15,5582	0,4295	980,4	979,9	980,9		
15,5665	0,4216	980,5	979,9	980,9		
15,5749	0,4220	980,5	979,9	980,9		
15,5832	0,4220	980,5	979,9	981,0		
15,5915	0,4291	980,5	979,9	980,9		
15,5999	0,4335	980,5	979,9	980,9		
15,6082	0,4264	980,5	979,9	980,9		
15,6165	0,4322	980,6	979,9	981,0		
15,6249	0,4269	980,5	979,9	980,9		
15,6332	0,4256	980,5	979,9	980,9		
15,6415	0,4344	980,5	979,9	981,1		
15,6499	0,4273	980,5	979,9	981,0		
15,6582	0,4264	980,5	979,9	981,0		
15,6665	0,4308	980,5	979,9	981,0		
15,6749	0,4278	980,5	979,9	980,9		
15,6832	0,4247	980,5	979,9	980,9		
15,6915	0,4322	980,5	979,9	981,0		
15,6999	0,4282	980,6	980,0	981,0		
15,7082	0,4339	980,6	979,9	981,0		
15,7165	0,4331	980,5	979,9	980,9		
15,7249	0,4361	980,5	979,9	980,9		
15,7332	0,4286	980,6	979,9	980,9		
15,7415	0,4397	980,5	979,9	980,9		
15,7499	0,4339	980,5	979,9	980,9		
15,7582	0,4379	980,5	980,0	981,0		
15,7665	0,4353	980,5	979,9	981,0		
15,7749	0,4388	980,5	979,9	980,9		
15,7832	0,4357	980,4	979,9	980,9		
15,7915	0,4331	980,5	979,9	980,9		
15,7999	0,4317	980,4	979,9	981,0		
15,8082	0,4339	980,5	979,9	981,0		
15,8165	0,4273	980,4	979,9	980,9		
15,8249	0,4353	980,4	979,9	980,9		
15,8332	0,4384	980,4	979,9	980,9		
15,8415	0,4423	980,4	979,9	980,9		
15,8499	0,4375	980,4	979,9	981,0		
15,8582	0,4331	980,5	979,9	980,9		
15,8665	0,4344	980,4	979,8	980,9		
15,8749	0,4339	980,4	979,8	980,9		
15,8832	0,4375	980,5	979,9	981,0		
15,8915	0,4308	980,4	979,9	980,9		
15,8999	0,4406	980,3	979,8	980,8		
15,9082	0,4348	980,3	979,8	980,9		
15,9165	0,4353	980,4	979,8	980,9		
15,9249	0,4392	980,4	979,8	980,9		
15,9332	0,4406	980,4	979,8	980,9		
15,9415	0,4410	980,4	979,9	980,9		
15,9499	0,4384	980,4	979,9	980,9		
15,9582	0,4308	980,4	979,9	980,9		
15,9665	0,4384	980,4	979,9	980,9		
15,9749	0,4370	980,4	979,8	980,9		
15,9832	0,4406	980,4	979,8	980,9		
15,9915	0,4379	980,4	979,8	980,9		
15,9999	0,4445	980,4	979,9	980,9		
16,0082	0,4322	980,4	979,9	981,0		
16,0165	0,4419	980,4	979,9	981,0		
16,0249	0,4406	980,4	979,9	981,0		
16,0332	0,4370	980,4	979,9	981,0		
16,0415	0,4392	980,4	979,9	980,9		
16,0499	0,4357	980,5	979,9	981,0		
16,0582	0,4481	980,4	979,9	981,0		
16,0665	0,4370	980,4	979,9	981,0		
16,0749	0,4414	980,4	979,9	981,0		
16,0832	0,4432	980,4	979,8	981,0		
16,0915	0,4419	980,4	979,9	980,9		
16,0999	0,4419	980,4	979,9	981,0		
16,1082	0,4410	980,5	979,9	981,0		
16,1165	0,4361	980,5	979,9	981,0		
16,1249	0,4406	980,4	979,9	981,0		
16,1332	0,4436	980,4	979,9	981,0		
16,1415	0,4379	980,4	979,9	981,0		
16,1499	0,4459	980,5	979,9	981,0		
16,1582	0,4388	980,4	979,9	981,0		
16,1665	0,4476	980,5	979,9	981,1		
16,1749	0,4494	980,5	979,9	981,0		
16,1832	0,4361	980,6	980,0	981,1		
16,1915	0,4419	980,5	980,0	981,1		
16,1999	0,4489	980,6	980,0	981,1		
16,2082	0,4503	980,5	980,0	981,1		
16,2165	0,4481	980,5	979,9	981,0		
16,2249	0,4436	980,5	979,9	981,0		
16,2332	0,4441	980,6	979,9	981,0		
16,2415	0,4326	980,6	980,0	981,0		
16,2499	0,4463	980,5	980,0	981,0		
16,2582	0,4441	980,4	979,9	981,0		
16,2665	0,4441	980,4	979,9	981,0		
16,2749	0,4481	980,4	979,9	980,9		
16,2832	0,4392	980,5	979,9	980,9		
16,2915	0,4441	980,5	979,9	981,0		
16,2999	0,4406	980,4	979,8	980,9		
16,3082	0,4459	980,3	979,8	980,8		
16,3165	0,4476	980,4	979,8	980,9		
16,3249	0,4445	980,5	979,8	981,0		
16,3332	0,4432	980,5	979,9	980,9		
16,3415	0,4428	980,5	979,9	980,9		
16,3499	0,4441	980,5	979,8	980,9		
16,3582	0,4370	980,5	979,9	981,0		
16,3665	0,4401	980,5	979,9	981,0		
16,3749	0,4428	980,5	979,8	980,9		
16,3832	0,4489	980,4	979,9	981,0		
16,3915	0,4454	980,5	979,8	981,0		
16,3999	0,4419	980,5	979,9	980,9		
16,4082	0,4397	980,6	979,9	980,9		
16,4165	0,4388	980,6	979,9	981,0		
16,4249	0,4379	980,5	979,9	981,0		
16,4332	0,4467	980,5	979,9	981,0		
16,4415	0,4441	980,5	979,9	981,0		
16,4499	0,4436	980,6	979,9	981,1		
16,4582	0,4494	980,5	979,8	980,9		
16,4665	0,4450	980,5	979,9	980,9		
16,4749	0,4441	980,5	979,9	981,0		
16,4832	0,4410	980,5	979,9	981,0		
16,4915	0,4498	980,4	979,8	980,9		
16,4999	0,4454	980,5	979,9	981,0		
16,5082	0,4494	980,4	979,8	980,9		
16,5165	0,4489	980,4	979,8	980,9		
16,5249	0,4467	980,4	979,9	981,0		
16,5332	0,4450	980,4	979,9	981,0		
16,5415	0,4485	980,4	979,8	980,9		
16,5499	0,4467	980,4	979,8	980,9		
16,5582	0,4459	980,5	979,8	981,0		
16,5665	0,4525	980,5	979,9	981,0		
16,5749	0,4529	980,4	979,9	981,0		
16,5832	0,4538	980,5	979,9	980,9		
16,5915	0,4503	980,5	979,9	981,0		
16,5999	0,4432	980,4	979,9	981,0		
16,6082	0,4481	980,4	979,9	981,0		
16,6165	0,4512	980,5	980,0	981,0		
16,6249	0,4472	980,5	979,9	981,0		
16,6332	0,4463	980,5	979,9	981,0		
16,6415	0,4525	980,5	979,9	981,0		
16,6499	0,4565	980,5	980,0	981,0		
16,6582	0,4489	980,5	979,9	981,0		
16,6665	0,4547	980,5	979,9	981,0		
16,6749	0,4525	980,5	980,0	981,0		
16,6832	0,4520	980,5	979,9	980,9		
16,6915	0,4613	980,4	979,8	980,9		
16,6999	0,4512	980,5	979,9	980,9		
16,7082	0,4498	980,4	979,9	980,9		
16,7165	0,4542	980,4	979,9	980,9		
16,7249	0,4604	980,4	979,8	980,9		
16,7332	0,4507	980,4	979,9	981,0		
16,7415	0,4525	980,5	980,0	981,1		
16,7499	0,4538	980,4	979,9	981,0		
16,7582	0,4534	980,4	979,9	981,0		
16,7665	0,4485	980,5	980,0	981,0		
16,7749	0,4512	980,5	979,9	981,0		
16,7832	0,4569	980,5	979,9	981,0		
16,7915	0,4512	980,5	979,9	980,9		
16,7999	0,4485	980,4	979,9	980,9		
16,8082	0,4481	980,5	979,9	981,0		
16,8165	0,4662	980,5	979,9	981,1		
16,8249	0,4569	980,4	979,9	981,0		
16,8332	0,4569	980,4	979,9	981,0		
16,8415	0,4560	980,4	979,9	981,0		
16,8499	0,4648	980,5	979,9	981,0		
16,8582	0,4529	980,5	979,9	981,0		
16,8665	0,4635	980,5	979,9	981,0		
16,8749	0,4600	980,4	980,0	981,0		
16,8832	0,4609	980,5	979,9	981,0		
16,8915	0,4595	980,4	979,8	980,9		
16,8999	0,4529	980,5	979,9	981,0		
16,9082	0,4551	980,4	979,9	981,0		
16,9165	0,4657	980,4	979,8	980,9		
16,9249	0,4538	980,5	979,9	981,0		
16,9332	0,4542	980,5	979,9	981,0		
16,9415	0,4591	980,4	979,9	980,9		
16,9499	0,4613	980,4	979,9	980,9		
16,9582	0,4591	980,5	979,9	981,0		
16,9665	0,4595	980,4	979,8	980,8		
16,9749	0,4587	980,5	979,8	980,9		
16,9832	0,4626	980,5	979,8	980,9		
16,9915	0,4609	980,5	980,0	981,0		
16,9999	0,4534	980,4	980,0	981,0		
17,0082	0,4622	980,4	979,9	981,0		
17,0165	0,4631	980,5	979,9	981,0		
17,0249	0,4573	980,5	980,0	981,1		
17,0332	0,4644	980,5	979,9	981,0		
17,0415	0,4582	980,5	979,9	981,0		
17,0499	0,4600	980,5	979,9	981,0		
17,0582	0,4573	980,5	979,9	981,0		
17,0665	0,4622	980,5	980,0	981,1		
17,0749	0,4653	980,5	979,9	981,0		
17,0832	0,4578	980,4	979,9	981,0		
17,0915	0,4609	980,5	979,9	981,0		
17,0999	0,4538	980,5	979,9	981,0		
17,1082	0,4569	980,5	979,9	981,0		
17,1165	0,4617	980,5	979,9	981,0		
17,1249	0,4631	980,6	979,9	981,0		
17,1332	0,4617	980,5	979,9	981,0		
17,1415	0,4609	980,5	979,9	981,0		
17,1499	0,4595	980,5	980,0	981,1		
17,1582	0,4640	980,6	979,9	981,0		
17,1665	0,4520	980,5	979,9	981,0		
17,1749	0,4582	980,5	979,9	981,1		
17,1832	0,4573	980,5	979,9	981,0		
17,1915	0,4556	980,5	980,0	981,0		
17,1999	0,4609	980,6	980,0	981,0		
17,2082	0,4631	980,6	980,0	981,0		
17,2165	0,4591	980,5	979,9	981,0		
17,2249	0,4595	980,5	979,9	980,9		
17,2332	0,4626	980,5	979,9	980,9		
17,2415	0,4587	980,5	979,9	981,0		
17,2499	0,4666	980,5	979,9	981,0		
17,2582	0,4613	980,4	979,8	980,9		
17,2665	0,4684	980,4	979,9	980,9		
17,2749	0,4679	980,4	979,9	980,9		
17,2832	0,4617	980,4	979,9	980,9		
17,2915	0,4675	980,5	980,0	981,0		
17,2999	0,4622	980,5	979,9	980,9		
17,3082	0,4688	980,4	979,8	980,9		
17,3165	0,4635	980,4	979,8	980,9		
17,3249	0,4626	980,4	979,9	981,0		
17,3332	0,4684	980,5	979,9	981,0		
17,3415	0,4640	980,5	979,9	981,0		
17,3499	0,4688	980,4	979,9	981,0		
17,3582	0,4565	980,4	979,9	980,9		
17,3665	0,4693	980,4	979,9	981,0		
17,3749	0,4693	980,4	979,9	981,0		
17,3832	0,4697	980,4	979,9	981,0		
17,3915	0,4679	980,5	980,0	981,0		
17,3999	0,4675	980,5	980,0	981,0		
17,4082	0,4662	980,5	979,9	981,0		
17,4165	0,4706	980,5	980,0	981,0		
17,4249	0,4613	980,5	979,9	981,0		
17,4332	0,4657	980,5	979,9	981,0		
17,4415	0,4719	980,5	979,9	981,0		
17,4499	0,4604	980,4	979,9	981,0		
17,4582	0,4684	980,5	980,0	981,0		
17,4665	0,4715	980,5	979,9	980,9		
17,4749	0,4684	980,5	980,0	981,0		
17,4832	0,4693	980,5	979,9	981,0		
17,4915	0,4688	980,5	979,9	981,0		
17,4999	0,4679	980,5	979,9	981,0		
17,5082	0,4688	980,4	979,9	981,0		
17,5165	0,4697	980,5	979,9	981,1		
17,5249	0,4723	980,6	980,0	981,1		
17,5332	0,4746	980,5	980,0	981,1		
17,5415	0,4666	980,5	980,0	981,0		
17,5499	0,4670	980,5	980,0	981,0		
17,5582	0,4728	980,4	979,9	981,0		
17,5665	0,4728	980,5	980,0	981,1		
17,5749	0,4666	980,4	979,9	981,0		
17,5832	0,4772	980,5	979,9	981,0		
17,5915	0,4693	980,5	979,9	981,0		
17,5999	0,4715	980,4	979,9	981,0		
17,6082	0,4688	980,4	979,9	981,0		
17,6165	0,4816	980,5	979,9	981,0		
17,6249	0,4737	980,4	979,9	981,0		
17,6332	0,4790	980,4	979,9	981,0		
17,6415	0,4746	980,5	980,0	981,1		
17,6499	0,4719	980,6	979,9	981,0		
17,6582	0,4746	980,6	980,0	981,1		
17,6665	0,4754	980,5	979,9	981,0		
17,6749	0,4697	980,4	979,9	981,0		
17,6832	0,4728	980,4	979,9	981,0		
17,6915	0,4807	980,5	979,9	981,1		
17,6999	0,4776	980,5	979,9	981,0		
17,7082	0,4768	980,5	980,0	981,0		
17,7165	0,4715	980,5	979,9	981,0		
17,7249	0,4732	980,4	979,9	981,0		
17,7332	0,4759	980,5	980,0	981,0		
17,7415	0,4825	980,5	979,9	981,0		
17,7499	0,4737	980,5	979,9	981,0		
17,7582	0,4781	980,5	979,9	981,0		
17,7665	0,4794	980,4	979,9	981,0		
17,7749	0,4790	980,4	979,9	981,0		
17,7832	0,4763	980,5	979,9	981,0		
17,7915	0,4768	980,4	979,9	981,0		
17,7999	0,4737	980,5	979,9	981,0		
17,8082	0,4732	980,5	979,9	981,0		
17,8165	0,4768	980,5	979,9	981,0		
17,8249	0,4737	980,5	980,0	981,1		
17,8332	0,4794	980,6	980,0	981,1		
17,8415	0,4812	980,5	979,9	981,1		
17,8499	0,4754	980,5	980,0	981,0		
17,8582	0,4768	980,5	979,9	981,0		
17,8665	0,4763	980,5	979,9	981,0		
17,8749	0,4719	980,5	979,9	981,0		
17,8832	0,4754	980,5	979,9	981,0		
17,8915	0,4688	980,5	980,0	981,1		
17,8999	0,4737	980,5	979,9	981,0		
17,9082	0,4719	980,5	979,9	981,0		
17,9165	0,4759	980,5	980,0	981,0		
17,9249	0,4794	980,6	979,9	980,9		
17,9332	0,4750	980,5	979,9	981,0		
17,9415	0,4776	980,5	979,9	981,0		
17,9499	0,4781	980,5	979,9	981,0		
17,9582	0,4882	980,5	979,9	980,9		
17,9665	0,4803	980,4	979,9	980,9		
17,9749	0,4851	980,5	979,9	981,0		
17,9832	0,4754	980,6	980,0	981,0		
17,9915	0,4772	980,5	979,9	981,0		
17,9999	0,4807	980,5	979,9	981,0		
18,0082	0,4834	980,5	979,9	981,0		
18,0165	0,4750	980,5	979,9	981,0		
18,0249	0,4856	980,4	979,9	980,9		
18,0332	0,4807	980,4	979,9	980,9		
18,0415	0,4918	980,5	979,9	980,9		
18,0499	0,4798	980,4	980,0	981,0		
18,0582	0,4825	980,4	979,9	980,9		
18,0665	0,4838	980,4	979,8	980,9		
18,0749	0,4803	980,4	979,8	980,9		
18,0832	0,4843	980,5	980,0	981,1		
18,0915	0,4750	980,6	980,0	981,1		
18,0999	0,4759	980,5	979,9	981,0		
18,1082	0,4790	980,5	980,0	981,1		
18,1165	0,4834	980,5	980,0	981,1		
18,1249	0,4821	980,5	980,0	981,0		
18,1332	0,4874	980,4	979,9	981,0		
18,1415	0,4851	980,5	979,9	981,1		
18,1499	0,4874	980,5	980,0	981,0		
18,1582	0,4785	980,5	980,0	981,0		
18,1665	0,4913	980,5	980,0	981,1		
18,1749	0,4834	980,4	979,9	981,0		
18,1832	0,4776	980,5	979,9	981,0		
18,1915	0,4851	980,5	980,0	981,1		
18,1999	0,4794	980,4	979,9	981,0		
18,2082	0,4821	980,5	980,0	981,2		
18,2165	0,4838	980,5	980,0	981,2		
18,2249	0,4838	980,5	979,9	981,0		
18,2332	0,4856	980,5	979,9	981,0		
18,2415	0,4794	980,5	979,9	981,0		
18,2499	0,4860	980,5	979,9	981,0		
18,2582	0,4838	980,4	979,8	980,9		
18,2665	0,4825	980,4	979,9	981,0		
18,2749	0,4794	980,5	979,9	981,0		
18,2832	0,4838	980,5	979,9	981,0		
18,2915	0,4798	980,5	980,0	981,1		
18,2999	0,4825	980,5	980,1	981,2		
18,3082	0,4926	980,5	980,0	981,1		
18,3165	0,4847	980,4	980,0	981,1		
18,3249	0,4896	980,4	980,0	981,0		
18,3332	0,4918	980,9	980,1	981,1		
18,3415	0,4878	980,7	980,1	981,1		
18,3499	0,4860	980,5	980,0	981,1		
18,3582	0,4926	980,3	979,9	981,0		
18,3665	0,4834	980,3	979,9	981,0		
18,3749	0,4896	980,4	979,9	981,0		
18,3832	0,4860	980,4	979,8	980,9		
18,3915	0,4913	980,4	979,9	981,0		
18,3999	0,4891	980,4	979,9	981,0		
18,4082	0,4896	980,4	979,9	981,0		
18,4165	0,4922	980,4	979,9	981,0		
18,4249	0,5028	980,4	979,9	981,0		
18,4332	0,4944	980,4	979,8	980,9		
18,4415	0,4816	980,5	979,9	981,0		
18,4499	0,4865	980,5	980,0	981,2		
18,4582	0,4896	980,4	979,9	980,9		
18,4665	0,4891	980,4	979,8	980,9		
18,4749	0,4794	980,5	979,9	981,0		
18,4832	0,4882	980,5	980,0	981,1		
18,4915	0,4847	980,5	979,9	981,0		
18,4999	0,4882	980,5	979,9	981,0		
18,5082	0,4887	980,6	980,0	981,1		
18,5165	0,4860	980,6	980,0	980,9		
18,5249	0,4878	980,5	979,9	981,0		
18,5332	0,4966	980,5	979,9	981,0		
18,5415	0,4874	980,5	980,0	981,0		
18,5499	0,4944	980,5	979,9	981,1		
18,5582	0,4834	980,5	980,0	981,0		
18,5665	0,4904	980,5	979,9	981,0		
18,5749	0,4896	980,5	979,9	981,0		
18,5832	0,4856	980,5	979,9	981,0		
18,5915	0,4913	980,4	979,8	980,9		
18,5999	0,4865	980,6	980,0	981,0		
18,6082	0,4918	980,6	979,9	981,0		
18,6165	0,4944	980,5	979,8	980,9		
18,6249	0,4931	980,5	979,9	981,0		
18,6332	0,4949	980,5	979,9	981,0		
18,6415	0,4966	980,5	979,9	981,0		
18,6499	0,4926	980,5	980,0	981,0		
18,6582	0,4979	980,5	979,9	981,0		
18,6665	0,4975	980,6	979,9	980,9		
18,6749	0,4957	980,5	979,9	980,9		
18,6832	0,5046	980,5	980,0	981,0		
18,6915	0,4962	980,5	979,9	981,0		
18,6999	0,4887	980,5	980,0	981,1		
18,7082	0,4949	980,5	980,0	981,1		
18,7165	0,4935	980,5	980,0	981,1		
18,7249	0,4993	980,5	980,0	981,1		
18,7332	0,4962	980,5	980,0	981,0		
18,7415	0,4975	980,5	979,9	981,0		
18,7499	0,4975	980,5	980,0	981,1		
18,7582	0,4966	980,6	980,0	981,1		
18,7665	0,5006	980,6	980,0	981,1		
18,7749	0,4993	980,6	980,0	981,0		
18,7832	0,5024	980,5	980,0	981,1		
18,7915	0,4944	980,5	980,0	981,1		
18,7999	0,5028	980,5	979,9	981,0		
18,8082	0,4949	980,5	979,9	981,1		
18,8165	0,5103	980,5	979,9	981,1		
18,8249	0,4971	980,5	979,9	981,0		
18,8332	0,4957	980,4	979,9	981,0		
18,8415	0,5041	980,5	979,9	981,0		
18,8499	0,4984	980,5	979,9	981,0		
18,8582	0,4966	980,5	979,9	981,0		
18,8665	0,4962	980,5	979,9	981,1		
18,8749	0,5002	980,4	979,9	981,0		
18,8832	0,4966	980,5	979,9	981,0		
18,8915	0,5055	980,5	979,9	981,0		
18,8999	0,5006	980,5	980,0	981,0		
18,9082	0,5002	980,5	980,0	981,1		
18,9165	0,4971	980,5	979,9	981,0		
18,9249	0,5055	980,4	979,9	981,0		
18,9332	0,5077	980,4	979,9	981,0		
18,9415	0,5046	980,4	979,9	981,0		
18,9499	0,4979	980,4	979,9	981,0		
18,9582	0,5055	980,5	979,9	981,1		
18,9665	0,5015	980,5	979,9	981,1		
18,9749	0,4957	980,5	979,9	981,0		
18,9832	0,5085	980,5	980,0	981,1		
18,9915	0,4988	980,5	979,9	981,1		
18,9999	0,5081	980,5	979,9	981,1		
19,0082	0,5050	980,5	980,0	981,1		
19,0165	0,5006	980,5	980,0	981,0		
19,0249	0,5063	980,5	980,0	981,1		
19,0332	0,4997	980,6	980,0	981,0		
19,0415	0,4997	980,5	980,0	981,0		
19,0499	0,5019	980,5	979,9	981,1		
19,0582	0,5041	980,5	980,0	981,0		
19,0665	0,5059	980,6	980,0	981,0		
19,0749	0,5041	980,5	980,0	981,0		
19,0832	0,4993	980,5	980,0	981,0		
19,0915	0,5019	980,5	979,9	981,1		
19,0999	0,5010	980,5	979,9	981,0		
19,1082	0,5063	980,6	980,0	981,0		
19,1165	0,5010	980,5	980,0	981,1		
19,1249	0,5028	980,5	979,9	981,0		
19,1332	0,5050	980,5	980,0	981,0		
19,1415	0,5015	980,6	980,0	981,1		
19,1499	0,5116	980,5	979,9	981,0		
19,1582	0,5028	980,5	979,9	981,0		
19,1665	0,5050	980,5	979,9	981,0		
19,1749	0,5037	980,5	979,9	981,0		
19,1832	0,5032	980,5	979,9	981,0		
19,1915	0,5028	980,5	979,9	981,0		
19,1999	0,5063	980,5	979,9	981,0		
19,2082	0,5028	980,5	979,9	980,9		
19,2165	0,5019	980,5	979,9	981,0		
19,2249	0,5028	980,5	980,0	981,1		
19,2332	0,5063	980,5	980,0	981,0		
19,2415	0,5213	980,4	979,9	981,0		
19,2499	0,5059	980,5	979,9	981,0		
19,2582	0,5116	980,5	980,0	981,2		
19,2665	0,5085	980,5	980,0	981,0		
19,2749	0,5107	980,5	980,0	981,0		
19,2832	0,5055	980,5	980,0	981,1		
19,2915	0,5037	980,5	980,0	981,0		
19,2999	0,5085	980,6	980,0	981,1		
19,3082	0,5116	980,6	980,0	981,1		
19,3165	0,5072	980,6	980,0	981,1		
19,3249	0,5072	980,5	980,0	981,1		
19,3332	0,5063	980,5	979,9	981,0		
19,3415	0,5160	980,5	979,9	981,0		
19,3499	0,5024	980,5	980,0	981,0		
19,3582	0,5125	980,6	980,0	981,1		
19,3665	0,5116	980,5	979,9	981,0		
19,3749	0,5041	980,5	979,9	981,0		
19,3832	0,5107	980,5	979,9	981,0		
19,3915	0,5077	980,6	980,0	981,1		
19,3999	0,5063	980,6	980,0	981,1		
19,4082	0,5112	980,6	979,9	981,0		
19,4165	0,5055	980,6	979,9	981,0		
19,4249	0,5019	980,5	979,9	981,0		
19,4332	0,5125	980,6	980,0	981,0		
19,4415	0,5085	980,5	979,9	981,0		
19,4499	0,5147	980,5	979,9	981,0		
19,4582	0,5107	980,5	979,9	981,0		
19,4665	0,5085	980,6	980,0	981,0		
19,4749	0,5147	980,5	979,9	980,9		
19,4832	0,5156	980,5	979,9	981,0		
19,4915	0,5103	980,5	979,9	981,0		
19,4999	0,5059	980,5	980,0	981,0		
19,5082	0,5160	980,5	979,9	981,0		
19,5165	0,5116	980,5	979,9	980,9		
19,5249	0,5072	980,5	979,9	981,0		
19,5332	0,5169	980,5	979,9	981,0		
19,5415	0,5112	980,5	979,9	981,0		
19,5499	0,5072	980,5	979,9	981,0		
19,5582	0,5103	980,5	979,9	981,0		
19,5665	0,5130	980,5	980,0	981,0		
19,5749	0,5116	980,5	979,9	981,0		
19,5832	0,5134	980,5	980,0	981,0		
19,5915	0,5169	980,5	979,9	981,0		
19,5999	0,5143	980,5	980,0	981,1		
19,6082	0,5174	980,5	979,9	980,9		
19,6165	0,5191	980,5	979,9	981,0		
19,6249	0,5178	980,4	979,9	981,0		
19,6332	0,5209	980,5	979,9	981,0		
19,6415	0,5165	980,5	979,9	981,0		
19,6499	0,5156	980,5	979,9	981,0		
19,6582	0,5169	980,5	979,9	981,0		
19,6665	0,5227	980,4	979,9	981,0		
19,6749	0,5063	980,5	979,9	981,1		
19,6832	0,5213	980,5	979,9	981,0		
19,6915	0,5152	980,4	979,9	981,0		
19,6999	0,5227	980,5	980,0	981,1		
19,7082	0,5165	980,5	979,9	981,1		
19,7165	0,5147	980,4	980,0	981,1		
19,7249	0,5196	980,5	979,9	981,0		
19,7332	0,5271	980,5	980,0	981,1		
19,7415	0,5209	980,5	979,9	981,0		
19,7499	0,5152	980,5	979,9	981,0		
19,7582	0,5253	980,5	979,9	981,0		
19,7665	0,5288	980,5	979,9	981,0		
19,7749	0,5218	980,4	979,9	980,9		
19,7832	0,5222	980,4	979,9	981,0		
19,7915	0,5218	980,5	980,0	981,1		
19,7999	0,5218	980,5	980,0	981,1		
19,8082	0,5196	980,4	979,9	981,0		
19,8165	0,5213	980,5	979,9	981,0		
19,8249	0,5231	980,5	980,0	981,0		
19,8332	0,5200	980,5	979,9	981,0		
19,8415	0,5231	980,5	980,0	981,1		
19,8499	0,5183	980,5	980,0	981,1		
19,8582	0,5244	980,5	980,0	981,0		
19,8665	0,5213	980,5	979,9	981,0		
19,8749	0,5222	980,5	979,9	981,0		
19,8832	0,5288	980,5	979,9	981,0		
19,8915	0,5231	980,5	979,9	981,0		
19,8999	0,5258	980,5	979,9	981,0		
19,9082	0,5178	980,5	979,9	981,0		
19,9165	0,5258	980,5	979,9	980,9		
19,9249	0,5244	980,5	979,9	981,0		
19,9332	0,5125	980,4	979,9	981,0		
19,9415	0,5240	980,5	980,0	981,1		
19,9499	0,5156	980,5	980,0	981,1		
19,9582	0,5227	980,5	980,0	981,0		
19,9665	0,5258	980,6	980,0	981,1		
19,9749	0,5311	980,5	980,0	981,1		
19,9832	0,5222	980,6	980,0	981,1		
19,9915	0,5249	980,6	980,0	981,1		
19,9999	0,5253	980,6	980,0	981,1		
20,0082	0,5333	980,6	980,0	981,1		
20,0165	0,5271	980,5	979,9	981,0		
20,0249	0,5328	980,5	979,9	981,0		
20,0332	0,5200	980,5	980,0	981,0		
20,0415	0,5280	980,6	980,0	981,1		
20,0499	0,5253	980,6	980,0	981,0		
20,0582	0,5209	980,6	980,0	981,0		
20,0665	0,5205	980,6	980,0	981,0		
20,0749	0,5209	980,6	980,0	981,1		
20,0832	0,5191	980,7	980,1	981,1		
20,0915	0,5262	980,8	980,1	981,0		
20,0999	0,5271	980,7	980,0	981,1		
20,1082	0,5222	980,6	980,0	981,1		
20,1165	0,5222	980,6	980,0	981,1		
20,1249	0,5275	980,6	980,0	981,1		
20,1332	0,5196	980,7	980,0	981,1		
20,1415	0,5306	980,7	980,0	981,1		
20,1499	0,5253	980,7	980,0	981,1		
20,1582	0,5213	980,6	980,0	981,1		
20,1665	0,5222	980,7	980,0	981,1		
20,1749	0,5209	980,7	980,0	981,1		
20,1832	0,5244	980,6	980,0	981,0		
20,1915	0,5302	980,6	980,0	981,0		
20,1999	0,5328	980,5	979,9	981,0		
20,2082	0,5288	980,5	979,9	981,0		
20,2165	0,5355	980,6	979,9	981,0		
20,2249	0,5271	980,6	980,0	981,0		
20,2332	0,5355	980,5	979,9	981,0		
20,2415	0,5333	980,6	979,9	981,0		
20,2499	0,5262	980,5	980,0	981,0		
20,2582	0,5266	980,5	980,0	981,0		
20,2665	0,5306	980,6	980,0	981,0		
20,2749	0,5341	980,5	979,9	981,0		
20,2832	0,5275	980,5	979,9	981,0		
20,2915	0,5315	980,6	980,0	981,1		
20,2999	0,5302	980,6	980,0	981,2		
20,3082	0,5337	980,5	980,0	981,1		
20,3165	0,5293	980,6	980,0	981,1		
20,3249	0,5337	980,6	979,9	981,0		
20,3332	0,5284	980,6	980,0	981,1		
20,3415	0,5315	980,6	980,0	981,0		
20,3499	0,5386	980,5	980,0	981,1		
20,3582	0,5337	980,5	980,0	981,0		
20,3665	0,5306	980,5	980,0	981,1		
20,3749	0,5341	980,5	980,0	981,0		
20,3832	0,5306	980,6	980,0	981,0		
20,3915	0,5311	980,5	980,0	981,1		
20,3999	0,5297	980,5	980,0	981,1		
20,4082	0,5337	980,5	980,0	981,1		
20,4165	0,5390	980,5	979,9	981,0		
20,4249	0,5293	980,5	980,0	981,1		
20,4332	0,5368	980,5	980,0	981,0		
20,4415	0,5302	980,4	979,9	981,0		
20,4499	0,5364	980,5	980,0	981,1		
20,4582	0,5377	980,5	979,9	981,1		
20,4665	0,5337	980,5	980,0	981,0		
20,4749	0,5355	980,5	979,9	980,9		
20,4832	0,5386	980,4	979,9	980,9		
20,4915	0,5359	980,4	979,9	981,0		
20,4999	0,5350	980,4	979,9	981,0		
20,5082	0,5324	980,4	980,0	981,0		
20,5165	0,5293	980,4	979,9	980,9		
20,5249	0,5368	980,4	979,9	981,0		
20,5332	0,5381	980,5	979,9	981,0		
20,5415	0,5452	980,5	979,9	981,0		
20,5499	0,5456	980,4	980,0	981,1		
20,5582	0,5364	980,4	979,9	981,0		
20,5665	0,5434	980,5	979,9	981,1		
20,5749	0,5377	980,5	980,0	981,0		
20,5832	0,5452	980,5	980,0	981,0		
20,5915	0,5386	980,5	979,9	981,0		
20,5999	0,5412	980,5	979,9	981,0		
20,6082	0,5333	980,4	980,0	981,1		
20,6165	0,5412	980,5	980,0	981,1		
20,6249	0,5372	980,5	980,0	981,0		
20,6332	0,5381	980,5	980,0	981,0		
20,6415	0,5443	980,4	979,9	981,0		
20,6499	0,5474	980,4	979,9	981,0		
20,6582	0,5505	980,5	979,8	981,0		
20,6665	0,5487	980,5	980,0	981,0		
20,6749	0,5474	980,4	979,9	981,0		
20,6832	0,5394	980,4	979,9	981,0		
20,6915	0,5500	980,5	979,9	981,0		
20,6999	0,5536	980,4	979,9	981,0		
20,7082	0,5518	980,5	979,9	981,1		
20,7165	0,5434	980,5	979,9	981,0		
20,7249	0,5403	980,5	979,9	981,0		
20,7332	0,5399	980,4	979,9	981,1		
20,7415	0,5381	980,4	979,9	981,0		
20,7499	0,5447	980,5	979,9	981,0		
20,7582	0,5425	980,5	979,9	981,0		
20,7665	0,5412	980,5	980,0	981,0		
20,7749	0,5474	980,6	980,0	981,1		
20,7832	0,5394	980,5	980,0	981,1		
20,7915	0,5527	980,5	979,9	981,0		
20,7999	0,5478	980,5	979,9	981,0		
20,8082	0,5474	980,5	979,9	981,1		
20,8165	0,5492	980,5	979,9	981,1		
20,8249	0,5417	980,4	979,9	981,1		
20,8332	0,5394	980,5	979,9	981,1		
20,8415	0,5496	980,6	980,0	981,1		
20,8499	0,5461	980,5	980,0	981,1		
20,8582	0,5456	980,5	980,0	981,1		
20,8665	0,5443	980,5	980,0	981,1		
20,8749	0,5492	980,6	980,0	981,1		
20,8832	0,5487	980,4	980,0	981,0		
20,8915	0,5478	980,4	979,9	981,0		
20,8999	0,5518	980,6	980,0	981,1		
20,9082	0,5439	980,5	980,0	981,1		
20,9165	0,5465	980,5	980,0	981,0		
20,9249	0,5536	980,5	980,0	981,1		
20,9332	0,5509	980,4	979,9	981,0		
20,9415	0,5390	980,5	979,9	981,1		
20,9499	0,5474	980,5	980,0	981,0		
20,9582	0,5483	980,5	980,0	981,1		
20,9665	0,5496	980,5	979,9	981,0		
20,9749	0,5452	980,5	979,9	981,0		
20,9832	0,5447	980,6	979,9	981,0		
20,9915	0,5456	980,6	979,9	981,1		
20,9999	0,5421	980,5	979,9	981,1		
21,0082	0,5434	980,5	979,9	981,0		
21,0165	0,5447	980,5	979,9	981,0		
21,0249	0,5483	980,5	980,0	981,1		
21,0332	0,5567	980,5	980,0	981,0		
21,0415	0,5500	980,6	980,0	981,0		
21,0499	0,5456	980,5	979,9	981,0		
21,0582	0,5492	980,6	980,0	981,1		
21,0665	0,5478	980,6	980,1	981,2		
21,0749	0,5421	980,6	980,0	981,1		
21,0832	0,5421	980,6	980,0	981,1		
21,0915	0,5553	980,5	980,0	981,0		
21,0999	0,5478	980,5	980,0	981,0		
21,1082	0,5611	980,6	980,0	981,1		
21,1165	0,5469	980,6	980,0	981,1		
21,1249	0,5465	980,5	979,9	981,0		
21,1332	0,5522	980,5	980,0	981,0		
21,1415	0,5567	980,5	979,9	981,0		
21,1499	0,5474	980,6	980,0	981,0		
21,1582	0,5597	980,6	980,0	981,0		
21,1665	0,5522	980,5	979,9	981,1		
21,1749	0,5575	980,5	980,0	981,1		
21,1832	0,5505	980,5	980,0	981,1		
21,1915	0,5531	980,6	980,0	981,1		
21,1999	0,5580	980,6	980,0	981,1		
21,2082	0,5540	980,6	980,0	981,1		
21,2165	0,5509	980,5	980,0	981,0		
21,2249	0,5602	980,5	979,9	981,0		
21,2332	0,5509	980,5	980,0	981,1		
21,2415	0,5571	980,4	979,8	980,6		
21,2499	0,5452	980,2	979,3	980,1		
21,2582	0,5527	980,2	979,4	980,4		
21,2665	0,5562	980,2	979,5	980,4		
21,2749	0,5522	980,2	979,5	980,4		
21,2832	0,5469	980,3	979,5	980,4		
21,2915	0,5522	980,2	979,5	980,4		
21,2999	0,5553	980,2	979,4	980,3		
21,3082	0,5531	980,2	979,4	980,3		
21,3165	0,5606	980,2	979,4	980,2		
21,3249	0,5509	980,1	979,3	980,3		
21,3332	0,5531	980,1	979,3	980,2		
21,3415	0,5527	980,1	979,4	980,2		
21,3499	0,5558	980,2	979,3	980,2		
21,3582	0,5597	980,1	979,4	980,2		
21,3665	0,5522	980,1	979,3	980,3		
21,3749	0,5558	980,2	979,4	980,3		
21,3832	0,5593	980,2	979,4	980,3		
21,3915	0,5545	980,2	979,4	980,3		
21,3999	0,5593	980,1	979,4	980,3		
21,4082	0,5567	980,1	979,3	980,2		
21,4165	0,5628	980,2	979,4	980,3		
21,4249	0,5571	980,2	979,4	980,3		
21,4332	0,5545	980,1	979,4	980,2		
21,4415	0,5540	980,1	979,3	980,2		
21,4499	0,5558	980,1	979,3	980,2		
21,4582	0,5597	980,2	979,4	980,3		
21,4665	0,5567	980,1	979,3	980,3		
21,4749	0,5646	980,1	979,4	980,3		
21,4832	0,5620	980,2	979,3	980,3		
21,4915	0,5540	980,1	979,3	980,2		
21,4999	0,5730	980,1	979,3	980,2		
21,5082	0,5452	980,1	979,3	980,2		
21,5165	0,5584	980,2	979,3	980,2		
21,5249	0,5580	980,1	979,3	980,2		
21,5332	0,5620	980,1	979,3	980,2		
21,5415	0,5646	980,1	979,3	980,1		
21,5499	0,5589	980,1	979,3	980,2		
21,5582	0,5624	980,1	979,3	980,2		
21,5665	0,5593	980,2	979,3	980,2		
21,5749	0,5527	980,1	979,3	980,2		
21,5832	0,5637	980,3	979,4	980,2		
21,5915	0,5611	980,1	979,3	980,2		
21,5999	0,5633	980,1	979,3	980,2		
21,6082	0,5624	980,2	979,3	980,2		
21,6165	0,5597	980,2	979,3	980,2		
21,6249	0,5522	980,0	979,3	980,1		
21,6332	0,5580	980,1	979,3	980,2		
21,6415	0,5624	980,2	979,3	980,2		
21,6499	0,5575	980,1	979,3	980,1		
21,6582	0,5597	980,2	979,3	980,2		
21,6665	0,5620	980,2	979,3	980,2		
21,6749	0,5624	980,2	979,4	980,2		
21,6832	0,5668	980,1	979,3	980,2		
21,6915	0,5597	980,2	979,4	980,3		
21,6999	0,5703	980,2	979,4	980,3		
21,7082	0,5642	980,1	979,3	980,2		
21,7165	0,5646	980,2	979,3	980,3		
21,7249	0,5695	980,2	979,4	980,3		
21,7332	0,5673	980,2	979,4	980,3		
21,7415	0,5642	980,2	979,4	980,3		
21,7499	0,5637	980,2	979,3	980,2		
21,7582	0,5655	980,2	979,3	980,2		
21,7665	0,5681	980,2	979,4	980,3		
21,7749	0,5708	980,1	979,3	980,2		
21,7832	0,5699	980,1	979,3	980,2		
21,7915	0,5668	980,0	979,3	980,2		
21,7999	0,5668	980,1	979,3	980,2		
21,8082	0,5650	980,2	979,4	980,3		
21,8165	0,5664	980,1	979,3	980,2		
21,8249	0,5695	980,0	979,3	980,2		
21,8332	0,5677	980,1	979,3	980,3		
21,8415	0,5642	980,1	979,4	980,2		
21,8499	0,5708	980,1	979,4	980,3		
21,8582	0,5721	980,1	979,4	980,2		
21,8665	0,5668	980,2	979,4	980,3		
21,8749	0,5659	980,1	979,3	980,3		
21,8832	0,5628	980,1	979,4	980,2		
21,8915	0,5681	980,1	979,3	980,2		
21,8999	0,5593	980,1	979,3	980,3		
21,9082	0,5730	980,2	979,4	980,3		
21,9165	0,5703	980,2	979,4	980,3		
21,9249	0,5677	980,2	979,3	980,2		
21,9332	0,5633	980,2	979,3	980,2		
21,9415	0,5646	980,2	979,3	980,2		
21,9499	0,5677	980,2	979,4	980,2		
21,9582	0,5730	980,3	979,3	980,2		
21,9665	0,5699	980,2	979,3	980,2		
21,9749	0,5606	980,2	979,3	980,2		
21,9832	0,5703	980,2	979,4	980,3		
21,9915	0,5726	980,3	979,4	980,3		
21,9999	0,5664	980,2	979,3	980,1		
22,0082	0,5673	980,2	979,4	980,3		
22,0165	0,5695	980,2	979,4	980,4		
22,0249	0,5695	980,2	979,4	980,3		
22,0332	0,5615	980,1	979,3	980,2		
22,0415	0,5673	980,1	979,3	980,2		
22,0499	0,5770	980,2	979,4	980,3		
22,0582	0,5712	980,2	979,4	980,3		
22,0665	0,5703	980,2	979,4	980,3		
22,0749	0,5801	980,2	979,4	980,2		
22,0832	0,5778	980,2	979,4	980,3		
22,0915	0,5765	980,1	979,2	980,1		
22,0999	0,5756	980,1	979,3	980,2		
22,1082	0,5823	980,2	979,4	980,3		
22,1165	0,5726	980,1	979,3	980,2		
22,1249	0,5743	980,1	979,3	980,1		
22,1332	0,5783	980,0	979,3	980,3		
22,1415	0,5827	980,1	979,3	980,2		
22,1499	0,5734	980,1	979,3	980,3		
22,1582	0,5778	980,0	979,3	980,2		
22,1665	0,5836	980,1	979,2	980,2		
22,1749	0,5774	980,2	979,3	980,2		
22,1832	0,5761	980,1	979,4	980,2		
22,1915	0,5699	980,1	979,3	980,2		
22,1999	0,5770	980,1	979,3	980,2		
22,2082	0,5752	980,1	979,3	980,2		
22,2165	0,5787	980,1	979,3	980,2		
22,2249	0,5765	980,1	979,3	980,2		
22,2332	0,5893	980,1	979,3	980,3		
22,2415	0,5734	980,1	979,3	980,2		
22,2499	0,5743	980,1	979,3	980,3		
22,2582	0,5761	980,1	979,3	980,2		
22,2665	0,5867	980,1	979,3	980,2		
22,2749	0,5708	980,1	979,3	980,3		
22,2832	0,5823	980,1	979,3	980,2		
22,2915	0,5778	980,1	979,3	980,2		
22,2999	0,5761	980,1	979,3	980,2		
22,3082	0,5778	980,2	979,4	980,4		
22,3165	0,5801	980,2	979,4	980,3		
22,3249	0,5752	980,1	979,4	980,3		
22,3332	0,5703	980,2	979,3	980,3		
22,3415	0,5836	980,2	979,3	980,2		
22,3499	0,5805	980,2	979,4	980,4		
22,3582	0,5814	980,2	979,4	980,3		
22,3665	0,5761	980,1	979,3	980,3		
22,3749	0,5695	980,2	979,3	980,3		
22,3832	0,5823	980,1	979,4	980,3		
22,3915	0,5792	980,2	979,4	980,2		
22,3999	0,5783	980,2	979,3	980,2		
22,4082	0,5840	980,1	979,3	980,2		
22,4165	0,5840	980,1	979,3	980,3		
22,4249	0,5849	980,2	979,3	980,2		
22,4332	0,5778	980,1	979,3	980,2		
22,4415	0,5805	980,2	979,3	980,3		
22,4499	0,5893	980,2	979,3	980,3		
22,4582	0,5840	980,2	979,4	980,3		
22,4665	0,5765	980,2	979,3	980,2		
22,4749	0,5880	980,1	979,4	980,3		
22,4832	0,5814	980,2	979,4	980,3		
22,4915	0,5893	980,2	979,4	980,3		
22,4999	0,5907	980,2	979,4	980,3		
22,5082	0,5884	980,1	979,3	980,2		
22,5165	0,5823	980,1	979,3	980,2		
22,5249	0,5902	980,1	979,4	980,2		
22,5332	0,5845	980,1	979,3	980,2		
22,5415	0,5942	980,2	979,4	980,2		
22,5499	0,5862	980,1	979,3	980,3		
22,5582	0,5964	980,1	979,3	980,3		
22,5665	0,5849	980,2	979,4	980,2		
22,5749	0,5823	980,2	979,4	980,3		
22,5832	0,5836	980,2	979,5	980,4		
22,5915	0,5942	980,2	979,4	980,3		
22,5999	0,5871	980,2	979,4	980,3		
22,6082	0,5876	980,1	979,3	980,2		
22,6165	0,5862	980,1	979,3	980,2		
22,6249	0,5920	980,1	979,3	980,3		
22,6332	0,5915	980,1	979,3	980,2		
22,6415	0,5809	980,1	979,2	980,1		
22,6499	0,5889	980,1	979,3	980,3		
22,6582	0,5884	980,1	979,4	980,3		
22,6665	0,5920	980,1	979,3	980,2		
22,6749	0,5884	980,0	979,3	980,3		
22,6832	0,5898	980,1	979,3	980,2		
22,6915	0,5920	980,1	979,3	980,2		
22,6999	0,5933	980,1	979,3	980,3		
22,7082	0,5823	980,1	979,3	980,2		
22,7165	0,5827	980,1	979,3	980,4		
22,7249	0,5778	980,1	979,4	980,4		
22,7332	0,5893	980,2	979,3	980,3		
22,7415	0,5893	980,1	979,4	980,3		
22,7499	0,5836	980,1	979,3	980,3		
22,7582	0,5893	980,1	979,4	980,3		
22,7665	0,5911	980,2	979,4	980,3		
22,7749	0,5924	980,2	979,4	980,3		
22,7832	0,5915	980,2	979,4	980,3		
22,7915	0,5964	980,2	979,4	980,3		
22,7999	0,5836	980,2	979,3	980,2		
22,8082	0,5920	980,1	979,3	980,2		
22,8165	0,5893	980,2	979,3	980,3		
22,8249	0,5898	980,2	979,4	980,2		
22,8332	0,5858	980,2	979,4	980,2		
22,8415	0,5973	980,2	979,4	980,3		
22,8499	0,5959	980,1	979,4	980,3		
22,8582	0,5929	980,2	979,3	980,2		
22,8665	0,5937	980,2	979,4	980,3		
22,8749	0,5968	980,1	979,4	980,3		
22,8832	0,5973	980,2	979,4	980,2		
22,8915	0,5986	980,1	979,3	980,2		
22,8999	0,5929	980,1	979,4	980,2		
22,9082	0,6026	980,2	979,3	980,2		
22,9165	0,5977	980,1	979,3	980,3		
22,9249	0,5893	980,2	979,4	980,3		
22,9332	0,6008	980,1	979,3	980,2		
22,9415	0,5964	980,1	979,3	980,2		
22,9499	0,6008	980,1	979,3	980,3		
22,9582	0,5968	980,2	979,4	980,3		
22,9665	0,5973	980,2	979,3	980,2		
22,9749	0,6012	980,1	979,3	980,2		
22,9832	0,5915	980,2	979,4	980,3		
22,9915	0,6105	980,2	979,3	980,3		
22,9999	0,5924	980,1	979,3	980,3		
23,0082	0,5955	980,2	979,4	980,3		
23,0165	0,5986	980,2	979,4	980,2		
23,0249	0,5986	980,1	979,3	980,2		
23,0332	0,5959	980,1	979,4	980,2		
23,0415	0,5977	980,1	979,3	980,2		
23,0499	0,5959	980,1	979,3	980,3		
23,0582	0,5946	980,1	979,3	980,3		
23,0665	0,5999	980,1	979,4	980,3		
23,0749	0,5990	980,1	979,3	980,3		
23,0832	0,5946	980,1	979,3	980,2		
23,0915	0,6017	980,1	979,4	980,3		
23,0999	0,6074	980,2	979,4	980,3		
23,1082	0,5955	980,2	979,4	980,3		
23,1165	0,5999	980,2	979,3	980,3		
23,1249	0,6052	980,1	979,3	980,3		
23,1332	0,6026	980,3	979,4	980,3		
23,1415	0,6061	980,3	979,4	980,3		
23,1499	0,6026	980,2	979,4	980,3		
23,1582	0,5982	980,2	979,3	980,3		
23,1665	0,6057	980,2	979,4	980,3		
23,1749	0,5982	980,2	979,4	980,2		
23,1832	0,6039	980,1	979,3	980,2		
23,1915	0,5977	980,2	979,3	980,2		
23,1999	0,5990	980,2	979,4	980,3		
23,2082	0,6074	980,2	979,5	980,3		
23,2165	0,6052	980,2	979,4	980,3		
23,2249	0,5986	980,2	979,4	980,2		
23,2332	0,6061	980,2	979,3	980,2		
23,2415	0,6012	980,2	979,4	980,3		
23,2499	0,5942	980,2	979,4	980,3		
23,2582	0,6017	980,2	979,4	980,3		
23,2665	0,5973	980,2	979,3	980,2		
23,2749	0,6043	980,2	979,4	980,2		
23,2832	0,6057	980,2	979,3	980,2		
23,2915	0,6101	980,1	979,3	980,1		
23,2999	0,6048	980,2	979,3	980,3		
23,3082	0,6043	980,1	979,3	980,2		
23,3165	0,6017	980,1	979,4	980,2		
23,3249	0,6008	980,1	979,3	980,3		
23,3332	0,6114	980,1	979,3	980,3		
23,3415	0,6105	980,1	979,4	980,3		
23,3499	0,6092	980,2	979,5	980,4		
23,3582	0,6026	980,2	979,4	980,3		
23,3665	0,6039	980,2	979,4	980,3		
23,3749	0,6061	980,2	979,4	980,4		
23,3832	0,6163	980,2	979,4	980,4		
23,3915	0,6105	980,1	979,4	980,3		
23,3999	0,6123	980,1	979,4	980,2		
23,4082	0,6096	980,1	979,4	980,3		
23,4165	0,6087	980,1	979,4	980,3		
23,4249	0,6092	980,1	979,3	980,2		
23,4332	0,6039	980,1	979,3	980,2		
23,4415	0,6171	980,1	979,4	980,3		
23,4499	0,6158	980,1	979,4	980,3		
23,4582	0,6065	980,1	979,3	980,2		
23,4665	0,6167	980,1	979,3	980,2		
23,4749	0,6110	980,0	979,3	980,3		
23,4832	0,6145	980,1	979,3	980,3		
23,4915	0,6114	980,1	979,3	980,3		
23,4999	0,6123	980,2	979,4	980,3		
23,5082	0,6140	980,2	979,3	980,3		
23,5165	0,6136	980,1	979,3	980,3		
23,5249	0,6123	980,2	979,4	980,4		
23,5332	0,6074	980,1	979,3	980,2		
23,5415	0,6105	980,1	979,2	980,2		
23,5499	0,6132	980,1	979,3	980,2		
23,5582	0,6149	980,1	979,3	980,2		
23,5665	0,6048	980,2	979,4	980,3		
23,5749	0,6114	980,2	979,3	980,3		
23,5832	0,6105	980,2	979,4	980,3		
23,5915	0,6154	980,1	979,3	980,2		
23,5999	0,6118	980,2	979,3	980,3		
23,6082	0,6110	980,1	979,3	980,3		
23,6165	0,6070	980,2	979,4	980,3		
23,6249	0,6127	980,3	979,4	980,3		
23,6332	0,6171	980,2	979,4	980,3		
23,6415	0,6132	980,3	979,4	980,4		
23,6499	0,6145	980,3	979,5	980,3		
23,6582	0,6114	980,3	979,4	980,3		
23,6665	0,6114	980,2	979,3	980,3		
23,6749	0,6158	980,2	979,4	980,3		
23,6832	0,6167	980,2	979,4	980,2		
23,6915	0,6167	980,2	979,3	980,2		
23,6999	0,6140	980,1	979,3	980,2		
23,7082	0,6185	980,2	979,4	980,2		
23,7165	0,6171	980,2	979,3	980,2		
23,7249	0,6198	980,1	979,2	980,2		
23,7332	0,6207	980,2	979,3	980,3		
23,7415	0,6202	980,2	979,4	980,3		
23,7499	0,6149	980,1	979,3	980,3		
23,7582	0,6158	980,1	979,3	980,3		
23,7665	0,6171	980,2	979,4	980,3		
23,7749	0,6048	980,2	979,4	980,3		
23,7832	0,6216	980,1	979,4	980,3		
23,7915	0,6202	980,1	979,4	980,3		
23,7999	0,6291	980,2	979,4	980,3		
23,8082	0,6260	980,1	979,4	980,2		
23,8165	0,6167	980,1	979,4	980,2		
23,8249	0,6233	980,2	979,4	980,3		
23,8332	0,6189	980,1	979,3	980,2		
23,8415	0,6211	980,2	979,3	980,2		
23,8499	0,6193	980,2	979,4	980,3		
23,8582	0,6185	980,2	979,4	980,2		
23,8665	0,6260	980,2	979,3	980,2		
23,8749	0,6105	980,1	979,3	980,2		
23,8832	0,6171	980,1	979,3	980,2		
23,8915	0,6180	980,2	979,3	980,3		
23,8999	0,6224	980,2	979,3	980,3		
23,9082	0,6229	980,1	979,3	980,2		
23,9165	0,6238	980,1	979,3	980,2		
23,9249	0,6176	980,1	979,3	980,3		
23,9332	0,6207	980,2	979,3	980,3		
23,9415	0,6198	980,2	979,5	980,4		
23,9499	0,6264	980,2	979,4	980,4		
23,9582	0,6163	980,3	979,4	980,3		
23,9665	0,6251	980,2	979,3	980,3		
23,9749	0,6220	980,2	979,4	980,3		
23,9832	0,6277	980,2	979,4	980,3		
23,9915	0,6193	980,2	979,4	980,3		
23,9999	0,6193	980,2	979,4	980,3		
24,0082	0,6198	980,2	979,4	980,3		
24,0165	0,6242	980,2	979,4	980,2		
24,0249	0,6277	980,1	979,3	980,2		
24,0332	0,6242	980,1	979,2	980,1		
24,0415	0,6255	980,1	979,3	980,2		
24,0499	0,6238	980,1	979,3	980,2		
24,0582	0,6255	980,1	979,3	980,1		
24,0665	0,6242	980,2	979,4	980,3		
24,0749	0,6238	980,2	979,4	980,2		
24,0832	0,6330	980,2	979,4	980,3		
24,0915	0,6255	980,1	979,3	980,2		
24,0999	0,6233	980,1	979,3	980,3		
24,1082	0,6299	980,2	979,4	980,3		
24,1165	0,6238	980,2	979,4	980,3		
24,1249	0,6352	980,2	979,3	980,2		
24,1332	0,6260	980,1	979,3	980,3		
24,1415	0,6277	980,1	979,4	980,3		
24,1499	0,6251	980,2	979,3	980,2		
24,1582	0,6291	980,2	979,3	980,2		
24,1665	0,6379	980,1	979,4	980,2		
24,1749	0,6273	980,1	979,4	980,3		
24,1832	0,6397	980,2	979,4	980,3		
24,1915	0,6273	980,2	979,4	980,3		
24,1999	0,6286	980,1	979,3	980,2		
24,2082	0,6344	980,1	979,3	980,3		
24,2165	0,6366	980,2	979,3	980,3		
24,2249	0,6330	980,1	979,4	980,3		
24,2332	0,6370	980,2	979,4	980,4		
24,2415	0,6273	980,1	979,3	980,3		
24,2499	0,6321	980,2	979,4	980,3		
24,2582	0,6268	980,2	979,4	980,3		
24,2665	0,6291	980,2	979,4	980,3		
24,2749	0,6326	980,2	979,4	980,3		
24,2832	0,6304	980,1	979,3	980,3		
24,2915	0,6277	980,1	979,3	980,3		
24,2999	0,6246	980,1	979,3	980,3		
24,3082	0,6352	980,2	979,3	980,3		
24,3165	0,6277	980,2	979,3	980,3		
24,3249	0,6335	980,2	979,4	980,3		
24,3332	0,6348	980,2	979,3	980,3		
24,3415	0,6238	980,2	979,4	980,2		
24,3499	0,6282	980,1	979,3	980,3		
24,3582	0,6419	980,1	979,3	980,3		
24,3665	0,6330	980,2	979,4	980,3		
24,3749	0,6330	980,3	979,4	980,3		
24,3832	0,6458	980,2	979,4	980,3		
24,3915	0,6339	980,1	979,3	980,2		
24,3999	0,6357	980,2	979,4	980,3		
24,4082	0,6348	980,3	979,4	980,3		
24,4165	0,6330	980,2	979,4	980,2		
24,4249	0,6388	980,1	979,3	980,2		
24,4332	0,6330	980,1	979,2	980,2		
24,4415	0,6308	980,1	979,2	980,2		
24,4499	0,6308	980,2	979,4	980,3		
24,4582	0,6286	980,2	979,4	980,3		
24,4665	0,6366	980,1	979,3	980,2		
24,4749	0,6383	980,2	979,3	980,2		
24,4832	0,6388	980,1	979,3	980,2		
24,4915	0,6467	980,1	979,3	980,2		
24,4999	0,6339	980,2	979,3	980,2		
24,5082	0,6366	980,2	979,4	980,2		
24,5165	0,6423	980,1	979,3	980,2		
24,5249	0,6405	980,1	979,3	980,2		
24,5332	0,6494	980,1	979,3	980,2		
24,5415	0,6401	980,1	979,3	980,2		
24,5499	0,6419	980,1	979,3	980,3		
24,5582	0,6348	980,1	979,3	980,2		
24,5665	0,6472	980,1	979,2	980,2		
24,5749	0,6405	980,1	979,3	980,2		
24,5832	0,6401	980,1	979,3	980,2		
24,5915	0,6370	980,1	979,3	980,2		
24,5999	0,6454	980,1	979,3	980,2		
24,6082	0,6423	980,1	979,3	980,2		
24,6165	0,6463	980,2	979,3	980,2		
24,6249	0,6410	980,1	979,3	980,1		
24,6332	0,6410	980,1	979,2	980,1		
24,6415	0,6445	980,4	979,6	980,9		
24,6499	0,6388	980,4	979,8	980,8		
24,6582	0,6480	980,1	979,4	980,2		
24,6665	0,6480	980,2	979,5	980,5		
24,6749	0,6498	980,2	979,5	980,5		
24,6832	0,6445	980,2	979,5	980,4		
24,6915	0,6383	980,1	979,4	980,3		
24,6999	0,6445	980,1	979,4	980,3		
24,7082	0,6419	980,1	979,4	980,4		
24,7165	0,6458	980,2	979,4	980,4		
24,7249	0,6445	980,2	979,4	980,1		
24,7332	0,6476	980,1	979,3	980,1		
24,7415	0,6445	980,1	979,3	980,3		
24,7499	0,6476	980,2	979,3	980,2		
24,7582	0,6529	980,1	979,3	980,2		
24,7665	0,6401	980,2	979,3	980,2		
24,7749	0,6388	980,2	979,3	980,2		
24,7832	0,6449	980,2	979,3	980,2		
24,7915	0,6436	980,1	979,3	980,2		
24,7999	0,6379	980,1	979,3	980,2		
24,8082	0,6436	980,2	979,3	980,2		
24,8165	0,6463	980,1	979,3	980,1		
24,8249	0,6366	980,2	979,4	980,3		
24,8332	0,6427	980,3	979,4	980,4		
24,8415	0,6502	980,2	979,4	980,3		
24,8499	0,6467	980,3	979,5	980,3		
24,8582	0,6432	980,3	979,4	980,4		
24,8665	0,6445	980,2	979,4	980,2		
24,8749	0,6436	980,3	979,5	980,3		
24,8832	0,6441	980,3	979,5	980,3		
24,8915	0,6533	980,2	979,4	980,3		
24,8999	0,6533	980,2	979,4	980,3		
24,9082	0,6529	980,1	979,4	980,2		
24,9165	0,6467	980,1	979,3	980,1		
24,9249	0,6560	980,1	979,3	980,1		
24,9332	0,6511	980,1	979,3	980,2		
24,9415	0,6520	980,2	979,4	980,4		
24,9499	0,6485	980,2	979,4	980,2		
24,9582	0,6511	980,2	979,3	980,2		
24,9665	0,6538	980,1	979,3	980,2		
24,9749	0,6498	980,2	979,4	980,3		
24,9832	0,6516	980,1	979,4	980,3		
24,9915	0,6551	980,1	979,3	980,2		
24,9999	0,6542	980,2	979,4	980,3		
25,0082	0,6502	980,2	979,4	980,3		
25,0165	0,6577	980,1	979,3	980,3		
25,0249	0,6538	980,2	979,4	980,4		
25,0332	0,6520	980,2	979,4	980,3		
25,0415	0,6560	980,1	979,3	980,2		
25,0499	0,6573	980,1	979,3	980,3		
25,0582	0,6507	980,1	979,4	980,3		
25,0665	0,6577	980,2	979,3	980,3		
25,0749	0,6529	980,1	979,3	980,2		
25,0832	0,6551	980,1	979,3	980,2		
25,0915	0,6573	980,1	979,3	980,3		
25,0999	0,6511	980,1	979,4	980,3		
25,1082	0,6533	980,1	979,3	980,2		
25,1165	0,6630	980,0	979,3	980,2		
25,1249	0,6564	980,1	979,3	980,2		
25,1332	0,6564	980,1	979,3	980,2		
25,1415	0,6542	980,1	979,3	980,2		
25,1499	0,6520	980,0	979,3	980,2		
25,1582	0,6538	980,0	979,2	980,2		
25,1665	0,6595	980,1	979,3	980,2		
25,1749	0,6604	980,1	979,2	980,2		
25,1832	0,6573	980,1	979,3	980,2		
25,1915	0,6551	980,1	979,3	980,3		
25,1999	0,6577	980,1	979,3	980,3		
25,2082	0,6617	980,1	979,3	980,2		
25,2165	0,6560	980,1	979,3	980,2		
25,2249	0,6555	980,1	979,3	980,2		
25,2332	0,6533	980,2	979,3	980,3		
25,2415	0,6608	980,1	979,3	980,2		
25,2499	0,6529	980,2	979,4	980,3		
25,2582	0,6533	980,2	979,3	980,3		
25,2665	0,6600	980,1	979,3	980,1		
25,2749	0,6538	980,1	979,3	980,2		
25,2832	0,6551	980,1	979,3	980,2		
25,2915	0,6595	980,2	979,3	980,2		
25,2999	0,6551	980,1	979,3	980,2		
25,3082	0,6622	980,2	979,4	980,4		
25,3165	0,6600	980,1	979,3	980,2		
25,3249	0,6626	980,1	979,3	980,2		
25,3332	0,6582	980,2	979,3	980,2		
25,3415	0,6617	980,1	979,3	980,2		
25,3499	0,6600	980,2	979,4	980,3		
25,3582	0,6683	980,2	979,4	980,3		
25,3665	0,6635	980,1	979,3	980,2		
25,3749	0,6661	980,1	979,3	980,2		
25,3832	0,6706	980,2	979,4	980,3		
25,3915	0,6666	980,2	979,4	980,2		
25,3999	0,6604	980,2	979,3	980,2		
25,4082	0,6666	980,1	979,3	980,2		
25,4165	0,6657	980,2	979,3	980,2		
25,4249	0,6613	980,1	979,4	980,3		
25,4332	0,6657	980,1	979,4	980,3		
25,4415	0,6653	980,1	979,4	980,3		
25,4499	0,6626	980,2	979,4	980,4		
25,4582	0,6728	980,3	979,5	980,4		
25,4665	0,6653	980,2	979,5	980,3		
25,4749	0,6683	980,2	979,4	980,3		
25,4832	0,6745	980,2	979,4	980,3		
25,4915	0,6604	980,1	979,4	980,3		
25,4999	0,6613	980,0	979,3	980,2		
25,5082	0,6679	980,0	979,3	980,3		
25,5165	0,6675	980,2	979,4	980,3		
25,5249	0,6670	980,2	979,4	980,3		
25,5332	0,6644	980,2	979,4	980,3		
25,5415	0,6701	980,2	979,4	980,3		
25,5499	0,6732	980,0	979,3	980,2		
25,5582	0,6635	980,1	979,3	980,2		
25,5665	0,6710	980,1	979,4	980,3		
25,5749	0,6688	980,2	979,4	980,3		
25,5832	0,6710	980,1	979,4	980,2		
25,5915	0,6728	980,2	979,4	980,2		
25,5999	0,6679	980,1	979,3	980,2		
25,6082	0,6706	980,1	979,3	980,2		
25,6165	0,6776	980,1	979,4	980,3		
25,6249	0,6679	980,2	979,4	980,3		
25,6332	0,6648	980,1	979,4	980,3		
25,6415	0,6688	980,2	979,4	980,4		
25,6499	0,6767	980,1	979,4	980,3		
25,6582	0,6776	980,2	979,3	980,2		
25,6665	0,6741	980,1	979,4	980,3		
25,6749	0,6785	980,2	979,4	980,3		
25,6832	0,6675	980,1	979,4	980,2		
25,6915	0,6732	980,2	979,3	980,3		
25,6999	0,6719	980,1	979,3	980,2		
25,7082	0,6675	980,1	979,3	980,3		
25,7165	0,6741	980,2	979,3	980,3		
25,7249	0,6688	980,1	979,3	980,2		
25,7332	0,6741	980,2	979,4	980,3		
25,7415	0,6723	980,2	979,3	980,3		
25,7499	0,6675	980,2	979,3	980,2		
25,7582	0,6763	980,2	979,3	980,2		
25,7665	0,6750	980,1	979,4	980,3		
25,7749	0,6710	980,1	979,3	980,2		
25,7832	0,6741	980,1	979,3	980,3		
25,7915	0,6758	980,2	979,4	980,4		
25,7999	0,6666	980,2	979,4	980,2		
25,8082	0,6767	980,1	979,2	980,0		
25,8165	0,6657	980,1	979,2	980,1		
25,8249	0,6719	980,1	979,3	980,2		
25,8332	0,6719	980,1	979,3	980,2		
25,8415	0,6706	980,1	979,2	980,2		
25,8499	0,6728	980,2	979,3	980,2		
25,8582	0,6750	980,2	979,3	980,2		
25,8665	0,6781	980,3	979,3	980,2		
25,8749	0,6794	980,2	979,3	980,2		
25,8832	0,6842	980,1	979,3	980,2		
25,8915	0,6794	980,2	979,3	980,2		
25,8999	0,6825	980,1	979,3	980,1		
25,9082	0,6803	980,1	979,3	980,1		
25,9165	0,6820	980,1	979,3	980,2		
25,9249	0,6820	980,1	979,3	980,2		
25,9332	0,6741	980,0	979,2	980,1		
25,9415	0,6794	980,0	979,3	980,1		
25,9499	0,6736	980,2	979,4	980,2		
25,9582	0,6785	980,1	979,3	980,2		
25,9665	0,6781	980,1	979,3	980,2		
25,9749	0,6873	980,1	979,3	980,2		
25,9832	0,6869	980,0	979,3	980,2		
25,9915	0,6878	980,1	979,3	980,3		
25,9999	0,6847	980,1	979,3	980,2		
26,0082	0,6825	980,1	979,3	980,2		
26,0165	0,6807	980,1	979,3	980,2		
26,0249	0,6816	980,1	979,3	980,3		
26,0332	0,6754	980,3	979,5	980,5		
26,0415	0,6781	980,1	979,4	980,2		
26,0499	0,6776	980,2	979,3	980,1		
26,0582	0,6838	980,1	979,3	980,2		
26,0665	0,6829	980,1	979,2	980,1		
26,0749	0,6754	980,1	979,3	980,2		
26,0832	0,6895	980,1	979,3	980,2		
26,0915	0,6807	980,1	979,3	980,2		
26,0999	0,6820	980,1	979,3	980,4		
26,1082	0,6834	980,2	979,4	980,3		
26,1165	0,6829	980,1	979,3	980,1		
26,1249	0,6904	980,1	979,4	980,3		
26,1332	0,6895	980,2	979,3	980,3		
26,1415	0,6856	980,2	979,4	980,3		
26,1499	0,6829	980,2	979,4	980,4		
26,1582	0,6834	980,2	979,4	980,4		
26,1665	0,6811	980,2	979,4	980,4		
26,1749	0,6856	980,1	979,4	980,3		
26,1832	0,6878	980,1	979,4	980,3		
26,1915	0,6904	980,1	979,4	980,3		
26,1999	0,6904	980,2	979,4	980,4		
26,2082	0,6900	980,2	979,3	980,3		
26,2165	0,6966	980,1	979,3	980,3		
26,2249	0,6864	980,2	979,3	980,2		
26,2332	0,6966	980,2	979,3	980,2		
26,2415	0,6895	980,1	979,4	980,3		
26,2499	0,6891	980,1	979,3	980,2		
26,2582	0,6922	980,2	979,4	980,4		
26,2665	0,6957	980,2	979,4	980,3		
26,2749	0,6882	980,2	979,4	980,3		
26,2832	0,6825	980,2	979,4	980,3		
26,2915	0,6829	980,2	979,4	980,3		
26,2999	0,6931	980,1	979,3	980,2		
26,3082	0,6922	980,1	979,3	980,2		
26,3165	0,6935	980,2	979,3	980,3		
26,3249	0,6882	980,2	979,3	980,3		
26,3332	0,6962	980,1	979,3	980,3		
26,3415	0,6895	980,2	979,4	980,3		
26,3499	0,7006	980,2	979,4	980,3		
26,3582	0,6895	980,1	979,3	980,2		
26,3665	0,7019	980,2	979,3	980,2		
26,3749	0,6948	980,1	979,3	980,3		
26,3832	0,6935	980,1	979,3	980,3		
26,3915	0,6882	980,2	979,3	980,2		
26,3999	0,7010	980,1	979,4	980,3		
26,4082	0,6966	980,2	979,4	980,3		
26,4165	0,6939	980,2	979,4	980,2		
26,4249	0,6851	980,1	979,3	980,2		
26,4332	0,6900	980,1	979,3	980,3		
26,4415	0,7054	980,2	979,3	980,3		
26,4499	0,6900	980,2	979,4	980,3		
26,4582	0,6860	980,2	979,3	980,2		
26,4665	0,6931	980,2	979,4	980,3		
26,4749	0,6917	980,2	979,4	980,3		
26,4832	0,6957	980,2	979,4	980,3		
26,4915	0,6887	980,2	979,4	980,3		
26,4999	0,6944	980,2	979,4	980,3		
26,5082	0,7023	980,2	979,3	980,3		
26,5165	0,6984	980,2	979,4	980,2		
26,5249	0,6948	980,2	979,4	980,3		
26,5332	0,6904	980,2	979,4	980,3		
26,5415	0,6984	980,2	979,4	980,2		
26,5499	0,6922	980,2	979,3	980,2		
26,5582	0,6962	980,2	979,3	980,2		
26,5665	0,6953	980,2	979,4	980,3		
26,5749	0,6992	980,2	979,4	980,2		
26,5832	0,6997	980,2	979,4	980,2		
26,5915	0,7006	980,2	979,3	980,2		
26,5999	0,6939	980,2	979,3	980,2		
26,6082	0,7028	980,2	979,4	980,2		
26,6165	0,7015	980,2	979,3	980,2		
26,6249	0,6984	980,1	979,3	980,2		
26,6332	0,6992	980,2	979,3	980,2		
26,6415	0,6992	980,1	979,3	980,2		
26,6499	0,7015	980,1	979,3	980,2		
26,6582	0,7006	980,2	979,4	980,3		
26,6665	0,7001	980,2	979,3	980,1		
26,6749	0,7015	980,1	979,3	980,1		
26,6832	0,7019	980,1	979,3	980,2		
26,6915	0,7050	980,2	979,3	980,2		
26,6999	0,7054	980,1	979,4	980,2		
26,7082	0,7054	980,1	979,4	980,2		
26,7165	0,7054	980,1	979,3	980,2		
26,7249	0,7028	980,2	979,4	980,3		
26,7332	0,7054	980,2	979,4	980,3		
26,7415	0,7094	980,1	979,4	980,2		
26,7499	0,7001	980,1	979,4	980,3		
26,7582	0,7067	980,1	979,4	980,3		
26,7665	0,7037	980,2	979,3	980,2		
26,7749	0,7054	980,1	979,4	980,2		
26,7832	0,7156	980,2	979,3	980,2		
26,7915	0,7090	980,1	979,3	980,2		
26,7999	0,7006	980,1	979,3	980,2		
26,8082	0,7107	980,2	979,4	980,3		
26,8165	0,7116	980,2	979,4	980,3		
26,8249	0,7081	980,1	979,4	980,2		
26,8332	0,7120	980,2	979,4	980,3		
26,8415	0,7054	980,1	979,4	980,2		
26,8499	0,7116	980,1	979,3	980,2		
26,8582	0,7041	980,1	979,4	980,3		
26,8665	0,7143	980,1	979,4	980,3		
26,8749	0,7173	980,2	979,4	980,3		
26,8832	0,7081	980,2	979,4	980,3		
26,8915	0,7103	980,1	979,4	980,3		
26,8999	0,7050	980,2	979,5	980,4		
26,9082	0,7191	980,1	979,4	980,4		
26,9165	0,7090	980,1	979,4	980,3		
26,9249	0,7072	980,2	979,4	980,3		
26,9332	0,7134	980,2	979,4	980,3		
26,9415	0,7103	980,1	979,4	980,2		
26,9499	0,7107	980,1	979,4	980,3		
26,9582	0,7037	980,1	979,4	980,3		
26,9665	0,7129	980,1	979,3	980,3		
26,9749	0,7129	980,2	979,3	980,3		
26,9832	0,7129	980,1	979,4	980,3		
26,9915	0,7116	980,1	979,4	980,3		
26,9999	0,7098	980,1	979,4	980,3		
27,0082	0,7178	980,1	979,4	980,3		
27,0165	0,7147	980,1	979,3	980,2		
27,0249	0,7231	980,1	979,3	980,2		
27,0332	0,7134	980,1	979,4	980,3		
27,0415	0,7160	980,1	979,4	980,3		
27,0499	0,7125	980,2	979,4	980,3		
27,0582	0,7151	980,1	979,3	980,2		
27,0665	0,7098	980,1	979,3	980,2		
27,0749	0,7222	980,1	979,3	980,2		
27,0832	0,7209	980,1	979,3	980,2		
27,0915	0,7143	980,2	979,3	980,3		
27,0999	0,7173	980,1	979,3	980,2		
27,1082	0,7173	980,1	979,3	980,2		
27,1165	0,7129	980,1	979,4	980,3		
27,1249	0,7151	980,2	979,4	980,3		
27,1332	0,7143	980,4	979,9	981,2		
27,1415	0,7143	980,3	979,7	980,5		
27,1499	0,7151	980,1	979,2	980,0		
27,1582	0,7262	980,2	979,3	980,3		
27,1665	0,7169	980,1	979,5	980,4		
27,1749	0,7196	980,1	979,4	980,2		
27,1832	0,7293	980,1	979,3	980,2		
27,1915	0,7147	980,1	979,3	980,2		
27,1999	0,7222	980,1	979,3	980,2		
27,2082	0,7178	980,1	979,3	980,2		
27,2165	0,7138	980,2	979,3	980,2		
27,2249	0,7248	980,1	979,3	980,2		
27,2332	0,7125	980,2	979,3	980,1		
27,2415	0,7178	980,1	979,3	980,2		
27,2499	0,7178	980,1	979,3	980,2		
27,2582	0,7191	980,2	979,3	980,2		
27,2665	0,7218	980,2	979,3	980,2		
27,2749	0,7178	980,1	979,3	980,2		
27,2832	0,7213	980,2	979,3	980,2		
27,2915	0,7173	980,1	979,3	980,2		
27,2999	0,7138	980,2	979,3	980,2		
27,3082	0,7196	980,2	979,3	980,1		
27,3165	0,7165	980,2	979,3	980,2		
27,3249	0,7213	980,2	979,3	980,2		
27,3332	0,7218	980,1	979,3	980,1		
27,3415	0,7182	980,2	979,3	980,2		
27,3499	0,7191	980,2	979,3	980,2		
27,3582	0,7301	980,1	979,3	980,2		
27,3665	0,7178	980,2	979,3	980,2		
27,3749	0,7231	980,1	979,3	980,1		
27,3832	0,7266	980,1	979,3	980,1		
27,3915	0,7262	980,1	979,3	980,1		
27,3999	0,7279	980,1	979,3	980,2		
27,4082	0,7306	980,1	979,3	980,2		
27,4165	0,7337	980,1	979,3	980,2		
27,4249	0,7182	980,1	979,3	980,2		
27,4332	0,7248	980,2	979,3	980,2		
27,4415	0,7240	980,2	979,4	980,2		
27,4499	0,7301	980,2	979,3	980,2		
27,4582	0,7213	980,1	979,4	980,3		
27,4665	0,7315	980,1	979,3	980,2		
27,4749	0,7293	980,1	979,3	980,1		
27,4832	0,7262	980,1	979,3	980,2		
27,4915	0,7354	980,1	979,4	980,3		
27,4999	0,7315	980,2	979,3	980,3		
27,5082	0,7319	980,2	979,4	980,3		
27,5165	0,7332	980,1	979,4	980,2		
27,5249	0,7306	980,1	979,3	980,3		
27,5332	0,7279	980,1	979,3	980,3		
27,5415	0,7319	980,1	979,3	980,2		
27,5499	0,7350	980,1	979,3	980,2		
27,5582	0,7310	980,1	979,3	980,2		
27,5665	0,7275	980,1	979,3	980,2		
27,5749	0,7341	980,1	979,3	980,3		
27,5832	0,7324	980,1	979,3	980,3		
27,5915	0,7240	980,1	979,3	980,2		
27,5999	0,7332	980,1	979,3	980,2		
27,6082	0,7332	980,1	979,3	980,2		
27,6165	0,7297	980,2	979,3	980,2		
27,6249	0,7385	980,1	979,4	980,3		
27,6332	0,7332	980,2	979,5	980,4		
27,6415	0,7377	980,2	979,4	980,3		
27,6499	0,7412	980,1	979,3	980,3		
27,6582	0,7385	980,1	979,4	980,4		
27,6665	0,7319	980,2	979,4	980,3		
27,6749	0,7350	980,2	979,4	980,3		
27,6832	0,7350	980,2	979,4	980,3		
27,6915	0,7385	980,1	979,4	980,3		
27,6999	0,7319	980,1	979,4	980,3		
27,7082	0,7293	980,1	979,4	980,2		
27,7165	0,7390	980,1	979,3	980,2		
27,7249	0,7416	980,1	979,4	980,3		
27,7332	0,7332	980,2	979,4	980,3		
27,7415	0,7372	980,1	979,4	980,2		
27,7499	0,7412	980,1	979,3	980,2		
27,7582	0,7438	980,2	979,3	980,3		
27,7665	0,7346	980,2	979,5	980,4		
27,7749	0,7407	980,2	979,5	980,5		
27,7832	0,7416	980,2	979,5	980,4		
27,7915	0,7354	980,1	979,4	980,3		
27,7999	0,7368	980,2	979,4	980,3		
27,8082	0,7407	980,2	979,5	980,3		
27,8165	0,7491	980,2	979,4	980,4		
27,8249	0,7443	980,2	979,4	980,3		
27,8332	0,7368	980,2	979,4	980,4		
27,8415	0,7407	980,2	979,4	980,2		
27,8499	0,7447	980,2	979,3	980,3		
27,8582	0,7434	980,2	979,4	980,3		
27,8665	0,7421	980,2	979,4	980,3		
27,8749	0,7407	980,3	979,5	980,3		
27,8832	0,7332	980,2	979,4	980,3		
27,8915	0,7425	980,2	979,4	980,3		
27,8999	0,7394	980,2	979,4	980,3		
27,9082	0,7452	980,2	979,4	980,3		
27,9165	0,7407	980,2	979,4	980,3		
27,9249	0,7421	980,2	979,4	980,3		
27,9332	0,7421	980,2	979,4	980,3		
27,9415	0,7438	980,1	979,4	980,3		
27,9499	0,7372	980,2	979,3	980,2		
27,9582	0,7425	980,2	979,3	980,2		
27,9665	0,7403	980,2	979,4	980,2		
27,9749	0,7447	980,2	979,4	980,3		
27,9832	0,7421	980,2	979,4	980,3		
27,9915	0,7452	980,2	979,4	980,2		
27,9999	0,7421	980,2	979,4	980,3		
28,0082	0,7465	980,2	979,4	980,3		
28,0165	0,7496	980,2	979,3	980,3		
28,0249	0,7425	980,2	979,3	980,2		
28,0332	0,7487	980,1	979,4	980,2		
28,0415	0,7460	980,3	979,4	980,3		
28,0499	0,7372	980,3	979,4	980,3		
28,0582	0,7518	980,1	979,3	980,2		
28,0665	0,7403	980,1	979,3	980,2		
28,0749	0,7482	980,1	979,3	980,3		
28,0832	0,7434	980,1	979,3	980,2		
28,0915	0,7469	980,2	979,3	980,2		
28,0999	0,7474	980,2	979,3	980,2		
28,1082	0,7421	980,2	979,3	980,2		
28,1165	0,7487	980,2	979,4	980,3		
28,1249	0,7407	980,3	979,4	980,2		
28,1332	0,7412	980,2	979,4	980,2		
28,1415	0,7496	980,2	979,3	980,3		
28,1499	0,7496	980,2	979,4	980,3		
28,1582	0,7505	980,2	979,4	980,2		
28,1665	0,7500	980,1	979,3	980,3		
28,1749	0,7496	980,2	979,3	980,2		
28,1832	0,7491	980,2	979,4	980,2		
28,1915	0,7540	980,1	979,4	980,2		
28,1999	0,7469	980,1	979,3	980,2		
28,2082	0,7562	980,2	979,4	980,2		
28,2165	0,7562	980,2	979,4	980,3		
28,2249	0,7566	980,1	979,3	980,2		
28,2332	0,7487	980,2	979,4	980,3		
28,2415	0,7566	980,1	979,3	980,2		
28,2499	0,7522	980,1	979,3	980,2		
28,2582	0,7527	980,1	979,4	980,3		
28,2665	0,7522	980,1	979,4	980,3		
28,2749	0,7474	980,2	979,3	980,2		
28,2832	0,7549	980,1	979,4	980,2		
28,2915	0,7544	980,1	979,3	980,3		
28,2999	0,7496	980,1	979,4	980,2		
28,3082	0,7562	980,1	979,3	980,2		
28,3165	0,7566	980,1	979,3	980,2		
28,3249	0,7584	980,0	979,3	980,2		
28,3332	0,7566	980,1	979,3	980,2		
28,3415	0,7606	980,2	979,4	980,3		
28,3499	0,7496	980,2	979,4	980,4		
28,3582	0,7588	980,2	979,4	980,3		
28,3665	0,7571	980,1	979,3	980,2		
28,3749	0,7659	980,2	979,3	980,3		
28,3832	0,7584	980,1	979,3	980,3		
28,3915	0,7588	980,1	979,3	980,3		
28,3999	0,7566	980,2	979,4	980,3		
28,4082	0,7571	980,1	979,3	980,2		
28,4165	0,7580	980,1	979,3	980,2		
28,4249	0,7571	980,1	979,4	980,3		
28,4332	0,7663	980,1	979,3	980,2		
28,4415	0,7633	980,2	979,4	980,2		
28,4499	0,7655	980,1	979,4	980,3		
28,4582	0,7602	980,1	979,3	980,3		
28,4665	0,7597	980,1	979,3	980,3		
28,4749	0,7646	980,1	979,3	980,2		
28,4832	0,7610	980,1	979,4	980,3		
28,4915	0,7597	980,1	979,4	980,3		
28,4999	0,7531	980,1	979,3	980,2		
28,5082	0,7646	980,1	979,3	980,2		
28,5165	0,7690	980,2	979,3	980,2		
28,5249	0,7597	980,1	979,4	980,3		
28,5332	0,7628	980,0	979,3	980,2		
28,5415	0,7721	980,0	979,3	980,2		
28,5499	0,7584	980,0	979,2	980,2		
28,5582	0,7686	980,1	979,3	980,2		
28,5665	0,7619	980,2	979,4	980,2		
28,5749	0,7641	980,2	979,3	980,3		
28,5832	0,7597	980,1	979,3	980,2		
28,5915	0,7677	980,1	979,3	980,3		
28,5999	0,7677	980,1	979,3	980,3		
28,6082	0,7699	980,1	979,3	980,2		
28,6165	0,7690	980,1	979,3	980,3		
28,6249	0,7672	980,1	979,4	980,3		
28,6332	0,7659	980,1	979,3	980,2		
28,6415	0,7659	980,2	979,3	980,3		
28,6499	0,7690	980,2	979,4	980,3		
28,6582	0,7641	980,2	979,4	980,3		
28,6665	0,7637	980,2	979,3	980,2		
28,6749	0,7677	980,2	979,4	980,3		
28,6832	0,7646	980,3	979,5	980,5		
28,6915	0,7712	980,3	979,5	980,3		
28,6999	0,7752	980,3	979,4	980,3		
28,7082	0,7752	980,2	979,4	980,3		
28,7165	0,7699	980,2	979,4	980,3		
28,7249	0,7659	980,2	979,3	980,2		
28,7332	0,7690	980,3	979,4	980,2		
28,7415	0,7655	980,1	979,3	980,1		
28,7499	0,7677	980,1	979,2	980,1		
28,7582	0,7694	980,2	979,3	980,2		
28,7665	0,7681	980,2	979,4	980,3		
28,7749	0,7716	980,2	979,3	980,2		
28,7832	0,7699	980,2	979,4	980,2		
28,7915	0,7809	980,2	979,4	980,3		
28,7999	0,7712	980,2	979,4	980,2		
28,8082	0,7738	980,2	979,4	980,2		
28,8165	0,7787	980,1	979,3	980,3		
28,8249	0,7725	980,2	979,4	980,3		
28,8332	0,7752	980,2	979,4	980,2		
28,8415	0,7752	980,0	979,3	980,3		
28,8499	0,7747	980,1	979,4	980,3		
28,8582	0,7752	980,1	979,4	980,2		
28,8665	0,7752	980,1	979,3	980,1		
28,8749	0,7747	980,1	979,3	980,1		
28,8832	0,7730	980,1	979,3	980,2		
28,8915	0,7672	980,1	979,3	980,2		
28,8999	0,7752	980,1	979,3	980,2		
28,9082	0,7743	980,1	979,4	980,2		
28,9165	0,7725	980,1	979,3	980,2		
28,9249	0,7725	980,1	979,4	980,2		
28,9332	0,7791	980,2	979,4	980,2		
28,9415	0,7787	980,1	979,3	980,2		
28,9499	0,7761	980,2	979,4	980,3		
28,9582	0,7756	980,2	979,4	980,3		
28,9665	0,7712	980,1	979,4	980,3		
28,9749	0,7743	980,1	979,3	980,2		
28,9832	0,7822	980,1	979,4	980,2		
28,9915	0,7787	980,1	979,3	980,2		
28,9999	0,7734	980,1	979,3	980,2		
29,0082	0,7774	980,1	979,4	980,3		
29,0165	0,7712	980,1	979,4	980,3		
29,0249	0,7796	980,1	979,3	980,2		
29,0332	0,7756	980,1	979,3	980,2		
29,0415	0,7783	980,1	979,4	980,3		
29,0499	0,7831	980,1	979,4	980,3		
29,0582	0,7805	980,1	979,4	980,2		
29,0665	0,7769	980,2	979,4	980,2		
29,0749	0,7849	980,2	979,3	980,3		
29,0832	0,7787	980,1	979,4	980,3		
29,0915	0,7774	980,1	979,4	980,3		
29,0999	0,7911	980,1	979,4	980,3		
29,1082	0,7769	980,1	979,4	980,3		
29,1165	0,7880	980,1	979,4	980,3		
29,1249	0,7867	980,2	979,5	980,4		
29,1332	0,7836	980,3	979,6	980,8		
29,1415	0,7836	980,3	979,6	980,5		
29,1499	0,7968	980,2	979,5	980,5		
29,1582	0,7880	980,2	979,5	980,4		
29,1665	0,7889	980,1	979,5	980,4		
29,1749	0,7937	980,2	979,4	980,3		
29,1832	0,7889	980,1	979,4	980,3		
29,1915	0,7840	980,1	979,4	980,2		
29,1999	0,7858	980,1	979,3	980,3		
29,2082	0,7919	980,1	979,3	980,2		
29,2165	0,7831	980,1	979,3	980,1		
29,2249	0,7849	980,1	979,3	980,3		
29,2332	0,7897	980,2	979,4	980,4		
29,2415	0,7964	980,1	979,2	980,0		
29,2499	0,7822	980,0	979,1	980,0		
29,2582	0,7875	980,1	979,3	980,2		
29,2665	0,7915	980,2	979,4	980,4		
29,2749	0,7911	980,2	979,5	980,4		
29,2832	0,7911	980,1	979,3	980,2		
29,2915	0,7902	980,1	979,3	980,2		
29,2999	0,7937	980,1	979,3	980,2		
29,3082	0,7840	980,1	979,3	980,3		
29,3165	0,7897	980,1	979,4	980,3		
29,3249	0,7915	980,1	979,4	980,2		
29,3332	0,7867	980,1	979,3	980,2		
29,3415	0,7933	980,1	979,3	980,2		
29,3499	0,7933	980,1	979,4	980,3		
29,3582	0,7911	980,3	979,7	980,9		
29,3665	0,7959	980,3	979,6	980,7		
29,3749	0,7977	980,2	979,5	980,3		
29,3832	0,8030	980,2	979,4	980,3		
29,3915	0,7884	980,3	979,5	980,5		
29,3999	0,7959	980,2	979,5	980,4		
29,4082	0,7924	980,1	979,3	980,3		
29,4165	0,7853	980,2	979,4	980,4		
29,4249	0,7959	980,1	979,4	980,3		
29,4332	0,7915	980,1	979,3	980,3		
29,4415	0,7853	980,2	979,4	980,3		
29,4499	0,7915	980,2	979,3	980,2		
29,4582	0,7977	980,2	979,3	980,2		
29,4665	0,7946	980,2	979,3	980,2		
29,4749	0,7933	980,2	979,4	980,3		
29,4832	0,7884	980,2	979,3	980,2		
29,4915	0,7933	980,2	979,3	980,2		
29,4999	0,7964	980,2	979,4	980,3		
29,5082	0,7919	980,2	979,3	980,2		
29,5165	0,7919	980,1	979,3	980,1		
29,5249	0,7955	980,1	979,2	980,0		
29,5332	0,7959	980,2	979,3	980,1		
29,5415	0,7906	980,2	979,4	980,3		
29,5499	0,7919	980,1	979,3	980,2		
29,5582	0,8008	980,2	979,3	980,2		
29,5665	0,7950	980,3	979,4	980,3		
29,5749	0,7942	980,2	979,4	980,2		
29,5832	0,7933	980,2	979,4	980,2		
29,5915	0,8017	980,2	979,4	980,2		
29,5999	0,8012	980,2	979,4	980,3		
29,6082	0,7911	980,2	979,4	980,2		
29,6165	0,8043	980,1	979,3	980,2		
29,6249	0,8025	980,2	979,4	980,2		
29,6332	0,8003	980,3	979,4	980,3		
29,6415	0,8025	980,2	979,4	980,2		
29,6499	0,7999	980,2	979,4	980,3		
29,6582	0,8017	980,2	979,3	980,2		
29,6665	0,8012	980,1	979,4	980,2		
29,6749	0,8003	980,2	979,3	980,3		
29,6832	0,7977	980,2	979,4	980,2		
29,6915	0,8012	980,2	979,4	980,2		
29,6999	0,8047	980,2	979,4	980,3		
29,7082	0,8083	980,2	979,4	980,3		
29,7165	0,8056	980,1	979,3	980,2		
29,7249	0,8074	980,1	979,4	980,2		
29,7332	0,8083	980,2	979,4	980,3		
29,7415	0,8162	980,2	979,4	980,3		
29,7499	0,8092	980,2	979,4	980,4		
29,7582	0,8052	980,2	979,5	980,4		
29,7665	0,8109	980,2	979,4	980,3		
29,7749	0,8114	980,1	979,3	980,2		
29,7832	0,8123	980,2	979,4	980,3		
29,7915	0,8056	980,2	979,4	980,3		
29,7999	0,8030	980,2	979,4	980,3		
29,8082	0,8065	980,2	979,4	980,3		
29,8165	0,8114	980,1	979,4	980,2		
29,8249	0,8123	980,2	979,4	980,3		
29,8332	0,8105	980,2	979,4	980,2		
29,8415	0,8127	980,2	979,4	980,3		
29,8499	0,8145	980,1	979,3	980,2		
29,8582	0,8100	980,2	979,4	980,3		
29,8665	0,8087	980,2	979,4	980,3		
29,8749	0,8096	980,1	979,4	980,3		
29,8832	0,8162	980,2	979,4	980,3		
29,8915	0,8070	980,2	979,4	980,3		
29,8999	0,8100	980,2	979,4	980,3		
29,9082	0,8114	980,1	979,4	980,2		
29,9165	0,8127	980,2	979,4	980,3		
29,9249	0,8136	980,1	979,4	980,2		
29,9332	0,8047	980,2	979,4	980,3		
29,9415	0,8070	980,2	979,4	980,3		
29,9499	0,8149	980,1	979,3	980,2		
29,9582	0,8145	980,1	979,3	980,2		
29,9665	0,8092	980,1	979,4	980,3		
29,9749	0,8176	980,2	979,4	980,3		
29,9832	0,8114	980,1	979,4	980,3		
29,9915	0,8092	980,2	979,4	980,3		
29,9999	0,8202	980,2	979,4	980,4		
30,0082	0,8162	980,2	979,4	980,3		
30,0165	0,8123	980,2	979,4	980,3		
30,0249	0,8136	980,2	979,4	980,3		
30,0332	0,8171	980,1	979,4	980,3		
30,0415	0,8149	980,2	979,4	980,3		
30,0499	0,8127	980,1	979,4	980,3		
30,0582	0,8127	980,1	979,4	980,3		
30,0665	0,8193	980,2	979,5	980,5		
30,0749	0,8176	980,3	979,5	980,5		
30,0832	0,8198	980,2	979,5	980,4		
30,0915	0,8255	980,3	979,5	980,4		
30,0999	0,8193	980,3	979,5	980,4		
30,1082	0,8206	980,2	979,5	980,3		
30,1165	0,8220	980,2	979,4	980,3		
30,1249	0,8202	980,3	979,5	980,3		
30,1332	0,8211	980,2	979,4	980,3		
30,1415	0,8220	980,2	979,4	980,2		
30,1499	0,8268	980,2	979,4	980,2		
30,1582	0,8237	980,2	979,4	980,2		
30,1665	0,8281	980,2	979,3	980,2		
30,1749	0,8198	980,2	979,4	980,3		
30,1832	0,8162	980,2	979,4	980,3		
30,1915	0,8228	980,2	979,3	980,2		
30,1999	0,8233	980,2	979,4	980,2		
30,2082	0,8206	980,3	979,4	980,3		
30,2165	0,8273	980,2	979,4	980,3		
30,2249	0,8251	980,2	979,4	980,2		
30,2332	0,8286	980,2	979,3	980,2		
30,2415	0,8259	980,2	979,4	980,3		
30,2499	0,8268	980,3	979,4	980,3		
30,2582	0,8255	980,2	979,4	980,2		
30,2665	0,8206	980,2	979,3	980,2		
30,2749	0,8273	980,2	979,4	980,3		
30,2832	0,8215	980,2	979,4	980,3		
30,2915	0,8228	980,2	979,3	980,2		
30,2999	0,8233	980,2	979,4	980,2		
30,3082	0,8295	980,2	979,3	980,2		
30,3165	0,8198	980,2	979,4	980,2		
30,3249	0,8176	980,1	979,3	980,2		
30,3332	0,8286	980,2	979,3	980,2		
30,3415	0,8233	980,2	979,3	980,2		
30,3499	0,8233	980,1	979,3	980,2		
30,3582	0,8312	980,1	979,3	980,2		
30,3665	0,8304	980,2	979,4	980,2		
30,3749	0,8308	980,2	979,4	980,2		
30,3832	0,8246	980,2	979,4	980,2		
30,3915	0,8162	980,2	979,4	980,3		
30,3999	0,8251	980,1	979,4	980,2		
30,4082	0,8281	980,1	979,4	980,2		
30,4165	0,8383	980,2	979,4	980,3		
30,4249	0,8286	980,2	979,4	980,2		
30,4332	0,8312	980,2	979,4	980,3		
30,4415	0,8339	980,2	979,4	980,3		
30,4499	0,8264	980,2	979,3	980,2		
30,4582	0,8255	980,2	979,4	980,3		
30,4665	0,8348	980,2	979,4	980,3		
30,4749	0,8409	980,2	979,4	980,3		
30,4832	0,8343	980,2	979,4	980,3		
30,4915	0,8326	980,2	979,4	980,3		
30,4999	0,8312	980,2	979,4	980,3		
30,5082	0,8330	980,3	979,4	980,3		
30,5165	0,8370	980,1	979,4	980,3		
30,5249	0,8312	980,1	979,3	980,2		
30,5332	0,8339	980,2	979,4	980,3		
30,5415	0,8396	980,2	979,4	980,3		
30,5499	0,8414	980,1	979,3	980,3		
30,5582	0,8326	980,2	979,5	980,4		
30,5665	0,8339	980,1	979,4	980,3		
30,5749	0,8440	980,2	979,4	980,3		
30,5832	0,8370	980,1	979,4	980,3		
30,5915	0,8392	980,2	979,5	980,4		
30,5999	0,8467	980,2	979,4	980,3		
30,6082	0,8392	980,2	979,4	980,2		
30,6165	0,8401	980,3	979,4	980,4		
30,6249	0,8330	980,2	979,4	980,3		
30,6332	0,8379	980,2	979,4	980,4		
30,6415	0,8387	980,2	979,4	980,3		
30,6499	0,8462	980,2	979,4	980,3		
30,6582	0,8396	980,2	979,4	980,3		
30,6665	0,8409	980,2	979,4	980,3		
30,6749	0,8454	980,2	979,4	980,3		
30,6832	0,8423	980,1	979,4	980,3		
30,6915	0,8436	980,2	979,4	980,3		
30,6999	0,8423	980,1	979,3	980,3		
30,7082	0,8396	980,2	979,4	980,3		
30,7165	0,8409	980,2	979,4	980,3		
30,7249	0,8462	980,1	979,3	980,2		
30,7332	0,8432	980,2	979,4	980,4		
30,7415	0,8520	980,2	979,4	980,3		
30,7499	0,8436	980,1	979,4	980,3		
30,7582	0,8485	980,2	979,4	980,2		
30,7665	0,8427	980,2	979,4	980,3		
30,7749	0,8458	980,2	979,4	980,3		
30,7832	0,8440	980,2	979,4	980,3		
30,7915	0,8458	980,1	979,3	980,2		
30,7999	0,8432	980,2	979,4	980,3		
30,8082	0,8493	980,2	979,4	980,3		
30,8165	0,8498	980,9	979,8	980,4		
30,8249	0,8524	980,9	979,8	980,5		
30,8332	0,8432	980,6	979,6	980,4		
30,8415	0,8493	980,5	979,6	980,4		
30,8499	0,8476	980,6	979,6	980,3		
30,8582	0,8485	980,5	979,6	980,4		
30,8665	0,8458	980,3	979,5	980,2		
30,8749	0,8515	980,3	979,4	980,3		
30,8832	0,8635	980,6	979,6	980,4		
30,8915	0,8507	980,3	979,5	980,3		
30,8999	0,8476	980,4	979,5	980,3		
30,9082	0,8498	980,4	979,5	980,3		
30,9165	0,8511	980,1	979,4	980,3		
30,9249	0,8498	980,1	979,4	980,2		
30,9332	0,8480	980,1	979,3	980,3		
30,9415	0,8515	980,1	979,3	980,3		
30,9499	0,8524	980,0	979,3	980,2		
30,9582	0,8520	980,2	979,3	980,2		
30,9665	0,8542	980,3	979,4	980,3		
30,9749	0,8555	980,1	979,3	980,1		
30,9832	0,8551	979,9	979,2	980,1		
30,9915	0,8533	979,9	979,2	980,2		
30,9999	0,8529	980,3	979,4	980,3		
31,0082	0,8617	980,2	979,4	980,3		
31,0165	0,8542	980,5	979,5	980,4		
31,0249	0,8471	980,4	979,5	980,4		
31,0332	0,8520	980,5	979,6	980,4		
31,0415	0,8533	980,4	979,5	980,4		
31,0499	0,8493	980,3	979,4	980,3		
31,0582	0,8577	980,4	979,5	980,3		
31,0665	0,8507	980,4	979,5	980,3		
31,0749	0,8432	980,2	979,4	980,3		
31,0832	0,8595	980,2	979,3	980,2		
31,0915	0,8529	980,3	979,5	980,3		
31,0999	0,8489	980,4	979,5	980,3		
31,1082	0,8529	980,3	979,5	980,3		
31,1165	0,8639	980,3	979,5	980,4		
31,1249	0,8555	980,3	979,4	980,3		
31,1332	0,8568	980,4	979,4	980,3		
31,1415	0,8582	980,3	979,4	980,3		
31,1499	0,8643	980,2	979,4	980,3		
31,1582	0,8511	980,3	979,5	980,3		
31,1665	0,8462	980,3	979,5	980,2		
31,1749	0,8555	980,3	979,4	980,2		
31,1832	0,8586	980,2	979,4	980,2		
31,1915	0,8560	980,2	979,4	980,2		
31,1999	0,8529	980,2	979,4	980,2		
31,2082	0,8626	980,2	979,4	980,2		
31,2165	0,8617	980,1	979,3	980,2		
31,2249	0,8639	980,1	979,3	980,2		
31,2332	0,8648	980,1	979,4	980,2		
31,2415	0,8568	980,2	979,4	980,2		
31,2499	0,8582	980,2	979,4	980,2		
31,2582	0,8639	980,1	979,3	980,2		
31,2665	0,8657	980,2	979,3	980,2		
31,2749	0,8639	980,1	979,3	980,2		
31,2832	0,8652	980,2	979,4	980,2		
31,2915	0,8595	980,2	979,4	980,2		
31,2999	0,8595	980,2	979,4	980,3		
31,3082	0,8621	980,1	979,4	980,3		
31,3165	0,8736	980,2	979,3	980,2		
31,3249	0,8661	980,1	979,4	980,2		
31,3332	0,8714	980,1	979,4	980,2		
31,3415	0,8692	980,2	979,6	980,7		
31,3499	0,8666	980,3	979,7	980,7		
31,3582	0,8674	980,1	979,3	980,1		
31,3665	0,8723	980,1	979,3	980,2		
31,3749	0,8736	980,1	979,3	980,3		
31,3832	0,8736	980,1	979,4	980,3		
31,3915	0,8754	980,1	979,3	980,2		
31,3999	0,8643	980,1	979,3	980,1		
31,4082	0,8613	980,1	979,3	980,2		
31,4165	0,8621	980,1	979,3	980,2		
31,4249	0,8661	980,1	979,3	980,1		
31,4332	0,8776	980,0	979,3	980,1		
31,4415	0,8727	980,2	979,3	980,2		
31,4499	0,8763	980,2	979,4	980,2		
31,4582	0,8780	980,1	979,3	980,2		
31,4665	0,8666	980,1	979,4	980,2		
31,4749	0,8754	980,2	979,4	980,2		
31,4832	0,8705	980,1	979,4	980,3		
31,4915	0,8692	980,1	979,4	980,2		
31,4999	0,8767	980,2	979,4	980,2		
31,5082	0,8701	980,1	979,4	980,2		
31,5165	0,8732	980,1	979,3	980,3		
31,5249	0,8714	980,2	979,4	980,3		
31,5332	0,8758	980,1	979,3	980,3		
31,5415	0,8732	980,1	979,3	980,2		
31,5499	0,8736	980,1	979,4	980,3		
31,5582	0,8811	980,2	979,5	980,3		
31,5665	0,8670	980,2	979,3	980,2		
31,5749	0,8648	980,1	979,3	980,2		
31,5832	0,8732	980,1	979,4	980,3		
31,5915	0,8749	980,1	979,4	980,3		
31,5999	0,8745	980,1	979,4	980,3		
31,6082	0,8798	980,1	979,3	980,2		
31,6165	0,8811	980,2	979,4	980,2		
31,6249	0,8736	980,1	979,4	980,2		
31,6332	0,8838	980,1	979,3	980,1		
31,6415	0,8842	980,1	979,3	980,2		
31,6499	0,8833	980,2	979,4	980,3		
31,6582	0,8816	980,2	979,5	980,3		
31,6665	0,8794	980,2	979,4	980,2		
31,6749	0,8745	980,2	979,4	980,3		
31,6832	0,8723	980,2	979,4	980,4		
31,6915	0,8780	980,1	979,4	980,3		
31,6999	0,8829	980,2	979,4	980,3		
31,7082	0,8855	980,2	979,5	980,5		
31,7165	0,8780	980,2	979,5	980,3		
31,7249	0,8869	980,2	979,4	980,2		
31,7332	0,8794	980,2	979,4	980,3		
31,7415	0,8851	980,2	979,4	980,3		
31,7499	0,8833	980,2	979,4	980,3		
31,7582	0,8820	980,1	979,4	980,3		
31,7665	0,8917	980,2	979,3	980,3		
31,7749	0,8833	980,1	979,4	980,3		
31,7832	0,8807	980,2	979,4	980,3		
31,7915	0,8851	980,2	979,5	980,3		
31,7999	0,8847	980,2	979,4	980,3		
31,8082	0,8838	980,2	979,4	980,3		
31,8165	0,8891	980,1	979,4	980,3		
31,8249	0,8855	980,1	979,3	980,2		
31,8332	0,8935	980,1	979,4	980,2		
31,8415	0,8975	980,1	979,3	980,2		
31,8499	0,8904	980,2	979,4	980,2		
31,8582	0,8842	980,2	979,3	980,2		
31,8665	0,8807	980,1	979,3	980,2		
31,8749	0,8860	980,1	979,4	980,2		
31,8832	0,8833	980,0	979,2	980,1		
31,8915	0,8917	980,0	979,3	980,1		
31,8999	0,8917	980,1	979,3	980,3		
31,9082	0,8873	980,2	979,3	980,2		
31,9165	0,8847	980,2	979,4	980,2		
31,9249	0,8864	980,2	979,3	980,2		
31,9332	0,8904	980,1	979,3	980,2		
31,9415	0,8891	980,1	979,3	980,2		
31,9499	0,9010	980,1	979,3	980,2		
31,9582	0,8948	980,1	979,3	980,3		
31,9665	0,8988	980,2	979,4	980,3		
31,9749	0,8939	980,2	979,4	980,2		
31,9832	0,8970	980,1	979,4	980,3		
31,9915	0,9014	980,3	979,6	980,7		
31,9999	0,8997	980,5	980,0	981,1		
32,0082	0,8952	980,3	979,7	980,8		
32,0165	0,8899	980,3	979,6	980,6		
32,0249	0,8895	980,3	979,7	980,6		
32,0332	0,8992	980,3	979,6	980,6		
32,0415	0,8944	980,2	979,6	980,5		
32,0499	0,8895	980,3	979,6	980,5		
32,0582	0,8922	980,2	979,5	980,4		
32,0665	0,8952	980,2	979,4	980,3		
32,0749	0,9010	980,3	979,5	980,4		
32,0832	0,8922	980,2	979,4	980,3		
32,0915	0,9010	980,2	979,4	980,2		
32,0999	0,8952	980,2	979,4	980,3		
32,1082	0,8935	980,1	979,4	980,3		
32,1165	0,8975	980,2	979,4	980,2		
32,1249	0,9014	980,2	979,4	980,2		
32,1332	0,8983	980,2	979,4	980,3		
32,1415	0,8992	980,3	979,4	980,3		
32,1499	0,9054	980,2	979,4	980,3		
32,1582	0,8992	980,3	979,5	980,4		
32,1665	0,9028	980,2	979,4	980,2		
32,1749	0,8952	980,1	979,3	980,1		
32,1832	0,9028	980,1	979,3	980,1		
32,1915	0,9010	980,1	979,3	980,1		
32,1999	0,8992	980,1	979,3	980,1		
32,2082	0,8913	980,1	979,3	980,1		
32,2165	0,9050	980,1	979,3	980,2		
32,2249	0,9014	980,1	979,3	980,1		
32,2332	0,9041	980,1	979,3	980,1		
32,2415	0,8983	980,1	979,4	980,2		
32,2499	0,9089	980,2	979,4	980,2		
32,2582	0,9041	980,2	979,3	980,2		
32,2665	0,9054	980,2	979,3	980,2		
32,2749	0,9129	980,1	979,3	980,2		
32,2832	0,9045	980,1	979,3	980,2		
32,2915	0,9138	980,2	979,4	980,2		
32,2999	0,9111	980,2	979,4	980,2		
32,3082	0,9080	980,2	979,3	980,3		
32,3165	0,9054	980,2	979,4	980,2		
32,3249	0,9054	980,2	979,4	980,3		
32,3332	0,9076	980,3	979,5	980,4		
32,3415	0,9098	980,2	979,5	980,4		
32,3499	0,9085	980,2	979,4	980,3		
32,3582	0,9080	980,3	979,4	980,4		
32,3665	0,9045	980,2	979,4	980,3		
32,3749	0,9116	980,2	979,4	980,3		
32,3832	0,9111	980,2	979,5	980,3		
32,3915	0,9089	980,2	979,4	980,3		
32,3999	0,9138	980,2	979,4	980,2		
32,4082	0,9041	980,2	979,3	980,2		
32,4165	0,9054	980,3	979,4	980,2		
32,4249	0,9094	980,3	979,4	980,3		
32,4332	0,9080	980,3	979,4	980,3		
32,4415	0,9094	980,3	979,4	980,2		
32,4499	0,9120	980,2	979,4	980,1		
32,4582	0,9054	980,3	979,4	980,1		
32,4665	0,9058	980,4	979,4	980,2		
32,4749	0,9107	980,3	979,4	980,2		
32,4832	0,9133	980,2	979,3	980,2		
32,4915	0,9032	980,3	979,4	980,3		
32,4999	0,9147	980,4	979,5	980,4		
32,5082	0,9098	980,3	979,5	980,3		
32,5165	0,9050	980,3	979,4	980,3		
32,5249	0,9129	980,4	979,5	980,3		
32,5332	0,9116	980,4	979,5	980,4		
32,5415	0,9103	980,4	979,5	980,4		
32,5499	0,9129	980,4	979,6	980,3		
32,5582	0,9094	980,4	979,5	980,3		
32,5665	0,9120	980,2	979,4	980,3		
32,5749	0,9169	980,2	979,4	980,3		
32,5832	0,9116	980,3	979,4	980,3		
32,5915	0,9111	980,3	979,5	980,2		
32,5999	0,9098	980,2	979,5	980,3		
32,6082	0,9217	980,2	979,4	980,2		
32,6165	0,9120	980,3	979,4	980,3		
32,6249	0,9129	980,3	979,5	980,3		
32,6332	0,9182	980,2	979,4	980,2		
32,6415	0,9217	980,2	979,4	980,3		
32,6499	0,9191	980,2	979,4	980,2		
32,6582	0,9164	980,2	979,4	980,2		
32,6665	0,9195	980,2	979,4	980,2		
32,6749	0,9186	980,2	979,4	980,3		
32,6832	0,9129	980,2	979,4	980,3		
32,6915	0,9178	980,3	979,4	980,2		
32,6999	0,9213	980,2	979,5	980,3		
32,7082	0,9222	980,2	979,4	980,2		
32,7165	0,9261	980,2	979,3	980,2		
32,7249	0,9248	980,2	979,4	980,3		
32,7332	0,9231	980,2	979,4	980,3		
32,7415	0,9279	980,3	979,4	980,3		
32,7499	0,9169	980,2	979,4	980,2		
32,7582	0,9231	980,1	979,4	980,3		
32,7665	0,9266	980,2	979,4	980,3		
32,7749	0,9248	980,2	979,4	980,3		
32,7832	0,9284	980,2	979,4	980,3		
32,7915	0,9261	980,2	979,4	980,4		
32,7999	0,9266	980,2	979,4	980,3		
32,8082	0,9323	980,3	979,5	980,4		
32,8165	0,9341	980,2	979,5	980,3		
32,8249	0,9253	980,2	979,4	980,3		
32,8332	0,9292	980,2	979,4	980,3		
32,8415	0,9412	980,2	979,4	980,3		
32,8499	0,9288	980,2	979,5	980,4		
32,8582	0,9288	980,3	979,5	980,3		
32,8665	0,9328	980,2	979,4	980,3		
32,8749	0,9239	980,2	979,4	980,3		
32,8832	0,9323	980,2	979,4	980,4		
32,8915	0,9288	980,2	979,4	980,3		
32,8999	0,9253	980,2	979,4	980,3		
32,9082	0,9341	980,2	979,4	980,4		
32,9165	0,9376	980,1	979,3	980,3		
32,9249	0,9297	980,3	979,4	980,3		
32,9332	0,9319	980,2	979,4	980,3		
32,9415	0,9372	980,1	979,3	980,2		
32,9499	0,9363	980,2	979,4	980,2		
32,9582	0,9407	980,1	979,4	980,3		
32,9665	0,9345	980,2	979,5	980,4		
32,9749	0,9323	980,1	979,4	980,3		
32,9832	0,9341	980,2	979,4	980,3		
32,9915	0,9261	980,2	979,5	980,4		
32,9999	0,9403	980,2	979,4	980,3		
33,0082	0,9407	980,2	979,4	980,3		
33,0165	0,9381	980,2	979,4	980,3		
33,0249	0,9460	980,2	979,4	980,3		
33,0332	0,9297	980,2	979,4	980,2		
33,0415	0,9398	980,1	979,3	980,2		
33,0499	0,9341	980,2	979,4	980,3		
33,0582	0,9372	980,2	979,4	980,3		
33,0665	0,9473	980,2	979,4	980,3		
33,0749	0,9434	980,2	979,5	980,3		
33,0832	0,9337	980,2	979,3	980,3		
33,0915	0,9429	980,2	979,4	980,3		
33,0999	0,9389	980,2	979,4	980,3		
33,1082	0,9394	980,1	979,4	980,3		
33,1165	0,9465	980,2	979,4	980,3		
33,1249	0,9513	980,1	979,4	980,2		
33,1332	0,9465	980,1	979,4	980,3		
33,1415	0,9416	980,2	979,4	980,3		
33,1499	0,9531	980,2	979,4	980,2		
33,1582	0,9412	980,1	979,3	980,2		
33,1665	0,9513	980,2	979,3	980,3		
33,1749	0,9394	980,2	979,4	980,2		
33,1832	0,9460	980,1	979,3	980,2		
33,1915	0,9381	980,1	979,2	980,1		
33,1999	0,9398	980,2	979,3	980,2		
33,2082	0,9381	980,1	979,4	980,3		
33,2165	0,9442	980,2	979,4	980,3		
33,2249	0,9425	980,2	979,4	980,3		
33,2332	0,9460	980,2	979,4	980,3		
33,2415	0,9451	980,2	979,4	980,3		
33,2499	0,9575	980,1	979,3	980,3		
33,2582	0,9540	980,2	979,4	980,3		
33,2665	0,9553	980,2	979,4	980,3		
33,2749	0,9487	980,2	979,4	980,4		
33,2832	0,9438	980,1	979,4	980,3		
33,2915	0,9469	980,1	979,3	980,2		
33,2999	0,9500	980,1	979,4	980,2		
33,3082	0,9579	980,2	979,4	980,3		
33,3165	0,9509	980,2	979,4	980,3		
33,3249	0,9518	980,2	979,4	980,3		
33,3332	0,9456	980,1	979,4	980,4		
33,3415	0,9473	980,2	979,4	980,3		
33,3499	0,9619	980,3	979,5	980,4		
33,3582	0,9504	980,3	979,5	980,4		
33,3665	0,9509	980,2	979,5	980,3		
33,3749	0,9460	980,3	979,5	980,4		
33,3832	0,9495	980,2	979,5	980,4		
33,3915	0,9557	980,2	979,4	980,3		
33,3999	0,9473	980,2	979,4	980,3		
33,4082	0,9623	980,1	979,3	980,2		
33,4165	0,9535	980,1	979,4	980,2		
33,4249	0,9535	980,2	979,4	980,2		
33,4332	0,9566	980,1	979,4	980,3		
33,4415	0,9562	980,2	979,4	980,3		
33,4499	0,9482	980,1	979,3	980,2		
33,4582	0,9698	980,2	979,4	980,3		
33,4665	0,9553	980,3	979,5	980,4		
33,4749	0,9553	980,2	979,4	980,3		
33,4832	0,9562	980,2	979,4	980,3		
33,4915	0,9601	980,2	979,4	980,3		
33,4999	0,9606	980,2	979,4	980,4		
33,5082	0,9575	980,2	979,4	980,3		
33,5165	0,9619	980,2	979,5	980,4		
33,5249	0,9584	980,3	979,5	980,4		
33,5332	0,9606	980,2	979,5	980,4		
33,5415	0,9615	980,2	979,4	980,3		
33,5499	0,9588	980,2	979,4	980,4		
33,5582	0,9623	980,2	979,5	980,4		
33,5665	0,9619	980,1	979,4	980,3		
33,5749	0,9588	980,2	979,5	980,4		
33,5832	0,9703	980,3	979,5	980,3		
33,5915	0,9579	980,3	979,5	980,4		
33,5999	0,9601	980,2	979,4	980,4		
33,6082	0,9619	980,2	979,4	980,3		
33,6165	0,9637	980,2	979,4	980,3		
33,6249	0,9606	980,2	979,4	980,3		
33,6332	0,9601	980,2	979,4	980,3		
33,6415	0,9725	980,1	979,4	980,3		
33,6499	0,9650	980,2	979,5	980,3		
33,6582	0,9615	980,3	979,4	980,3		
33,6665	0,9632	980,2	979,4	980,3		
33,6749	0,9628	980,2	979,4	980,3		
33,6832	0,9588	980,2	979,4	980,3		
33,6915	0,9698	980,3	979,5	980,3		
33,6999	0,9628	980,2	979,4	980,3		
33,7082	0,9729	980,2	979,4	980,3		
33,7165	0,9703	980,2	979,4	980,3		
33,7249	0,9672	980,2	979,5	980,3		
33,7332	0,9619	980,2	979,3	980,2		
33,7415	0,9672	980,2	979,4	980,3		
33,7499	0,9654	980,2	979,3	980,2		
33,7582	0,9646	980,2	979,3	980,2		
33,7665	0,9681	980,2	979,4	980,2		
33,7749	0,9593	980,2	979,4	980,2		
33,7832	0,9712	980,1	979,3	980,2		
33,7915	0,9641	980,2	979,4	980,3		
33,7999	0,9641	980,3	979,4	980,3		
33,8082	0,9712	980,2	979,4	980,2		
33,8165	0,9747	980,2	979,3	980,2		
33,8249	0,9663	980,2	979,4	980,3		
33,8332	0,9694	980,3	979,4	980,2		
33,8415	0,9707	980,3	979,4	980,3		
33,8499	0,9663	980,2	979,4	980,2		
33,8582	0,9791	980,2	979,3	980,2		
33,8665	0,9703	980,2	979,4	980,3		
33,8749	0,9774	980,2	979,4	980,3		
33,8832	0,9760	980,1	979,3	980,3		
33,8915	0,9774	980,1	979,3	980,2		
33,8999	0,9663	980,2	979,4	980,4		
33,9082	0,9738	980,2	979,4	980,3		
33,9165	0,9765	980,1	979,3	980,2		
33,9249	0,9831	980,2	979,4	980,3		
33,9332	0,9760	980,2	979,4	980,3		
33,9415	0,9782	980,2	979,4	980,3		
33,9499	0,9778	980,2	979,5	980,4		
33,9582	0,9791	980,2	979,4	980,2		
33,9665	0,9853	980,2	979,4	980,3		
33,9749	0,9813	980,2	979,4	980,3		
33,9832	0,9818	980,2	979,4	980,3		
33,9915	0,9831	980,2	979,5	980,4		
33,9999	0,9756	980,2	979,5	980,3		
34,0082	0,9831	980,2	979,4	980,3		
34,0165	0,9831	980,2	979,4	980,3		
34,0249	0,9791	980,1	979,4	980,3		
34,0332	0,9800	980,2	979,4	980,4		
34,0415	0,9902	980,3	979,5	980,4		
34,0499	0,9840	980,2	979,4	980,4		
34,0582	0,9879	980,2	979,5	980,4		
34,0665	0,9769	980,3	979,5	980,4		
34,0749	0,9827	980,3	979,5	980,3		
34,0832	0,9849	980,2	979,4	980,3		
34,0915	0,9924	980,2	979,4	980,3		
34,0999	0,9813	980,2	979,4	980,3		
34,1082	0,9888	980,2	979,4	980,3		
34,1165	0,9827	980,2	979,4	980,3		
34,1249	0,9866	980,2	979,4	980,3		
34,1332	0,9862	980,2	979,4	980,3		
34,1415	0,9888	980,2	979,4	980,2		
34,1499	0,9813	980,2	979,4	980,3		
34,1582	0,9968	980,2	979,4	980,3		
34,1665	0,9835	980,2	979,4	980,3		
34,1749	0,9893	980,3	979,5	980,4		
34,1832	0,9915	980,2	979,4	980,4		
34,1915	0,9884	980,3	979,5	980,4		
34,1999	1,0030	980,2	979,4	980,3		
34,2082	0,9884	980,1	979,4	980,3		
34,2165	0,9849	980,2	979,4	980,3		
34,2249	0,9981	980,2	979,4	980,3		
34,2332	0,9972	980,1	979,3	980,3		
34,2415	0,9906	980,2	979,4	980,3		
34,2499	0,9897	980,2	979,4	980,3		
34,2582	0,9932	980,2	979,4	980,4		
34,2665	0,9910	980,2	979,4	980,3		
34,2749	0,9919	980,1	979,4	980,3		
34,2832	0,9915	980,2	979,5	980,4		
34,2915	1,0008	980,2	979,4	980,3		
34,2999	0,9972	980,2	979,4	980,4		
34,3082	0,9932	980,3	979,5	980,3		
34,3165	0,9981	980,2	979,4	980,3		
34,3249	0,9955	980,2	979,4	980,3		
34,3332	0,9994	980,2	979,4	980,3		
34,3415	0,9919	980,2	979,4	980,3		
34,3499	0,9968	980,2	979,5	980,3		
34,3582	0,9968	980,2	979,4	980,3		
34,3665	0,9985	980,2	979,4	980,3		
34,3749	0,9906	980,2	979,4	980,3		
34,3832	0,9990	980,2	979,4	980,3		
34,3915	1,0008	980,2	979,4	980,3		
34,3999	0,9928	980,1	979,4	980,3		
34,4082	0,9994	980,2	979,4	980,4		
34,4165	1,0034	980,2	979,5	980,3		
34,4249	1,0052	980,2	979,4	980,3		
34,4332	1,0016	980,2	979,4	980,3		
34,4415	0,9963	980,2	979,4	980,3		
34,4499	0,9981	980,2	979,4	980,3		
34,4582	0,9985	980,3	979,5	980,4		
34,4665	1,0012	980,3	979,5	980,4		
34,4749	1,0030	980,3	979,5	980,3		
34,4832	1,0047	980,2	979,5	980,3		
34,4915	1,0047	980,2	979,5	980,4		
34,4999	1,0083	980,2	979,5	980,4		
34,5082	1,0069	980,2	979,5	980,4		
34,5165	1,0034	980,2	979,4	980,4		
34,5249	1,0078	980,2	979,5	980,4		
34,5332	1,0069	980,3	979,4	980,3		
34,5415	1,0074	980,2	979,5	980,4		
34,5499	1,0003	980,2	979,5	980,4		
34,5582	1,0052	980,2	979,5	980,4		
34,5665	1,0100	980,2	979,4	980,3		
34,5749	1,0113	980,2	979,4	980,4		
34,5832	1,0100	980,3	979,5	980,3		
34,5915	1,0091	980,2	979,4	980,3		
34,5999	1,0021	980,3	979,4	980,3		
34,6082	1,0109	980,2	979,4	980,3		
34,6165	1,0074	980,3	979,4	980,4		
34,6249	1,0083	980,3	979,4	980,4		
34,6332	1,0100	980,3	979,4	980,3		
34,6415	1,0113	980,3	979,5	980,4		
34,6499	1,0096	980,2	979,4	980,3		
34,6582	1,0153	980,3	979,4	980,3		
34,6665	1,0206	980,3	979,5	980,4		
34,6749	1,0144	980,3	979,5	980,4		
34,6832	1,0122	980,3	979,5	980,4		
34,6915	1,0166	980,3	979,5	980,3		
34,6999	1,0127	980,2	979,4	980,3		
34,7082	1,0091	980,2	979,4	980,3		
34,7165	1,0193	980,3	979,5	980,3		
34,7249	1,0100	980,3	979,5	980,3		
34,7332	1,0136	980,3	979,5	980,4		
34,7415	1,0100	980,3	979,5	980,4		
34,7499	1,0215	980,3	979,5	980,3		
34,7582	1,0149	980,3	979,5	980,3		
34,7665	1,0193	980,3	979,5	980,3		
34,7749	1,0175	980,3	979,4	980,3		
34,7832	1,0180	980,3	979,5	980,4		
34,7915	1,0255	980,3	979,5	980,3		
34,7999	1,0166	980,2	979,4	980,3		
34,8082	1,0233	980,3	979,5	980,4		
34,8165	1,0299	980,3	979,5	980,4		
34,8249	1,0136	980,3	979,5	980,4		
34,8332	1,0202	980,3	979,5	980,4		
34,8415	1,0162	980,3	979,5	980,3		
34,8499	1,0219	980,3	979,5	980,4		
34,8582	1,0197	980,3	979,5	980,4		
34,8665	1,0241	980,3	979,5	980,4		
34,8749	1,0233	980,3	979,5	980,4		
34,8832	1,0347	980,2	979,4	980,3		
34,8915	1,0215	980,3	979,5	980,4		
34,8999	1,0246	980,3	979,5	980,4		
34,9082	1,0162	980,3	979,5	980,4		
34,9165	1,0197	980,3	979,5	980,4		
34,9249	1,0246	980,2	979,4	980,3		
34,9332	1,0215	980,2	979,5	980,4		
34,9415	1,0206	980,2	979,5	980,4		
34,9499	1,0246	980,2	979,4	980,3		
34,9582	1,0215	980,3	979,5	980,3		
34,9665	1,0268	980,3	979,4	980,4		
34,9749	1,0259	980,3	979,5	980,3		
34,9832	1,0215	980,3	979,5	980,4		
34,9915	1,0228	980,2	979,4	980,3		
34,9999	1,0241	980,2	979,4	980,3		
35,0082	1,0277	980,2	979,4	980,3		
35,0165	1,0250	980,2	979,4	980,3		
35,0249	1,0321	980,2	979,4	980,3		
35,0332	1,0290	980,2	979,4	980,3		
35,0415	1,0250	980,2	979,5	980,3		
35,0499	1,0317	980,2	979,4	980,3		
35,0582	1,0290	980,2	979,4	980,3		
35,0665	1,0325	980,2	979,4	980,3		
35,0749	1,0308	980,3	979,4	980,3		
35,0832	1,0317	980,2	979,4	980,4		
35,0915	1,0299	980,1	979,4	980,3		
35,0999	1,0255	980,2	979,4	980,3		
35,1082	1,0347	980,2	979,4	980,3		
35,1165	1,0361	980,2	979,4	980,3		
35,1249	1,0299	980,2	979,4	980,3		
35,1332	1,0308	980,2	979,4	980,3		
35,1415	1,0356	980,2	979,4	980,3		
35,1499	1,0325	980,2	979,4	980,3		
35,1582	1,0317	980,2	979,4	980,4		
35,1665	1,0378	980,2	979,4	980,3		
35,1749	1,0330	980,2	979,4	980,3		
35,1832	1,0392	980,2	979,4	980,3		
35,1915	1,0400	980,3	979,5	980,4		
35,1999	1,0374	980,2	979,5	980,4		
35,2082	1,0449	980,3	979,5	980,4		
35,2165	1,0339	980,3	979,4	980,3		
35,2249	1,0383	980,2	979,4	980,3		
35,2332	1,0400	980,3	979,4	980,4		
35,2415	1,0369	980,2	979,4	980,3		
35,2499	1,0308	980,3	979,4	980,3		
35,2582	1,0462	980,3	979,5	980,4		
35,2665	1,0480	980,2	979,5	980,4		
35,2749	1,0489	980,3	979,6	980,4		
35,2832	1,0462	980,4	979,5	980,4		
35,2915	1,0418	980,3	979,5	980,4		
35,2999	1,0422	980,2	979,5	980,3		
35,3082	1,0431	980,3	979,5	980,4		
35,3165	1,0396	980,3	979,5	980,4		
35,3249	1,0445	980,2	979,5	980,4		
35,3332	1,0489	980,3	979,4	980,3		
35,3415	1,0445	980,3	979,4	980,3		
35,3499	1,0400	980,3	979,4	980,3		
35,3582	1,0449	980,2	979,4	980,2		
35,3665	1,0418	980,2	979,4	980,2		
35,3749	1,0462	980,3	979,4	980,4		
35,3832	1,0467	980,3	979,5	980,4		
35,3915	1,0484	980,3	979,5	980,4		
35,3999	1,0480	980,3	979,5	980,4		
35,4082	1,0555	980,3	979,5	980,4		
35,4165	1,0462	980,3	979,5	980,4		
35,4249	1,0422	980,2	979,4	980,3		
35,4332	1,0586	980,2	979,4	980,3		
35,4415	1,0493	980,3	979,5	980,4		
35,4499	1,0542	980,2	979,5	980,3		
35,4582	1,0502	980,2	979,4	980,3		
35,4665	1,0564	980,4	979,5	980,4		
35,4749	1,0506	980,2	979,5	980,3		
35,4832	1,0524	980,3	979,5	980,3		
35,4915	1,0555	980,3	979,5	980,3		
35,4999	1,0502	980,2	979,4	980,3		
35,5082	1,0462	980,2	979,4	980,3		
35,5165	1,0498	980,2	979,4	980,3		
35,5249	1,0599	980,3	979,4	980,3		
35,5332	1,0542	980,3	979,5	980,3		
35,5415	1,0524	980,2	979,4	980,3		
35,5499	1,0546	980,2	979,4	980,2		
35,5582	1,0475	980,3	979,4	980,3		
35,5665	1,0422	980,3	979,5	980,4		
35,5749	1,0506	980,2	979,4	980,3		
35,5832	1,0542	980,3	979,4	980,3		
35,5915	1,0546	980,3	979,5	980,4		
35,5999	1,0502	980,3	979,5	980,3		
35,6082	1,0498	980,3	979,4	980,3		
35,6165	1,0612	980,2	979,4	980,3		
35,6249	1,0528	980,2	979,4	980,3		
35,6332	1,0484	980,2	979,4	980,2		
35,6415	1,0528	980,2	979,4	980,3		
35,6499	1,0603	980,2	979,4	980,3		
35,6582	1,0577	980,2	979,4	980,3		
35,6665	1,0581	980,2	979,4	980,3		
35,6749	1,0542	980,3	979,4	980,3		
35,6832	1,0603	980,3	979,5	980,3		
35,6915	1,0603	980,3	979,4	980,3		
35,6999	1,0537	980,3	979,5	980,3		
35,7082	1,0630	980,3	979,5	980,4		
35,7165	1,0577	980,4	979,5	980,4		
35,7249	1,0626	980,3	979,5	980,3		
35,7332	1,0634	980,2	979,4	980,3		
35,7415	1,0678	980,3	979,4	980,3		
35,7499	1,0758	980,3	979,5	980,4		
35,7582	1,0656	980,2	979,4	980,3		
35,7665	1,0634	980,2	979,4	980,4		
35,7749	1,0661	980,2	979,5	980,4		
35,7832	1,0665	980,2	979,4	980,3		
35,7915	1,0665	980,2	979,4	980,2		
35,7999	1,0678	980,2	979,4	980,2		
35,8082	1,0634	980,2	979,4	980,2		
35,8165	1,0908	980,2	979,5	980,3		
35,8249	1,0643	980,3	979,5	980,4		
35,8332	1,0674	980,2	979,4	980,3		
35,8415	1,0537	980,3	979,4	980,3		
35,8499	1,0718	980,2	979,4	980,3		
35,8582	1,0652	980,2	979,4	980,3		
35,8665	1,0687	980,2	979,4	980,3		
35,8749	1,0731	980,1	979,4	980,3		
35,8832	1,0745	980,2	979,4	980,3		
35,8915	1,0767	980,3	979,5	980,4		
35,8999	1,0736	980,3	979,5	980,3		
35,9082	1,0820	980,2	979,4	980,3		
35,9165	1,0692	980,2	979,4	980,3		
35,9249	1,0731	980,2	979,4	980,4		
35,9332	1,0701	980,2	979,4	980,3		
35,9415	1,0802	980,2	979,4	980,3		
35,9499	1,0709	980,1	979,3	980,2		
35,9582	1,0802	980,2	979,4	980,4		
35,9665	1,0709	980,2	979,5	980,4		
35,9749	1,0762	980,2	979,4	980,3		
35,9832	1,0723	980,2	979,5	980,4		
35,9915	1,0815	980,2	979,4	980,4		
35,9999	1,0846	980,2	979,4	980,3		
36,0082	1,0776	980,2	979,4	980,3		
36,0165	1,0780	980,2	979,4	980,4		
36,0249	1,0833	980,2	979,5	980,4		
36,0332	1,0723	980,4	979,6	980,6		
36,0415	1,0807	980,3	979,5	980,4		
36,0499	1,0815	980,2	979,4	980,4		
36,0582	1,0829	980,2	979,4	980,4		
36,0665	1,0793	980,2	979,5	980,4		
36,0749	1,0851	980,2	979,5	980,4		
36,0832	1,0780	980,3	979,5	980,4		
36,0915	1,0820	980,3	979,5	980,4		
36,0999	1,0776	980,2	979,4	980,4		
36,1082	1,0837	980,2	979,4	980,3		
36,1165	1,0842	980,2	979,3	980,3		
36,1249	1,0824	980,2	979,4	980,3		
36,1332	1,0855	980,2	979,4	980,3		
36,1415	1,0873	980,2	979,4	980,2		
36,1499	1,0935	980,2	979,4	980,3		
36,1582	1,0811	980,2	979,4	980,3		
36,1665	1,0798	980,2	979,4	980,3		
36,1749	1,0859	980,1	979,4	980,3		
36,1832	1,0864	980,2	979,4	980,4		
36,1915	1,0917	980,1	979,4	980,3		
36,1999	1,0970	980,2	979,4	980,3		
36,2082	1,0868	980,2	979,4	980,3		
36,2165	1,0939	980,2	979,4	980,4		
36,2249	1,0957	980,2	979,4	980,4		
36,2332	1,0895	980,2	979,5	980,4		
36,2415	1,0974	980,2	979,4	980,3		
36,2499	1,0948	980,2	979,4	980,3		
36,2582	1,0912	980,2	979,4	980,3		
36,2665	1,0935	980,2	979,4	980,4		
36,2749	1,0908	980,3	979,5	980,3		
36,2832	1,0939	980,2	979,4	980,3		
36,2915	1,0930	980,2	979,4	980,3		
36,2999	1,0926	980,2	979,4	980,3		
36,3082	1,0926	980,3	979,4	980,3		
36,3165	1,0912	980,2	979,4	980,4		
36,3249	1,0979	980,3	979,5	980,4		
36,3332	1,0939	980,3	979,5	980,4		
36,3415	1,0974	980,3	979,5	980,4		
36,3499	1,0970	980,3	979,5	980,4		
36,3582	1,0992	980,3	979,4	980,3		
36,3665	1,1040	980,4	979,5	980,3		
36,3749	1,0996	980,3	979,5	980,4		
36,3832	1,0939	980,4	979,5	980,3		
36,3915	1,1010	980,3	979,4	980,3		
36,3999	1,1014	980,3	979,4	980,3		
36,4082	1,0988	980,3	979,5	980,3		
36,4165	1,1058	980,3	979,4	980,3		
36,4249	1,1023	980,3	979,5	980,3		
36,4332	1,0983	980,4	979,5	980,3		
36,4415	1,0988	980,3	979,5	980,2		
36,4499	1,0886	980,3	979,5	980,3		
36,4582	1,1032	980,3	979,5	980,4		
36,4665	1,1076	980,3	979,5	980,4		
36,4749	1,1036	980,3	979,5	980,3		
36,4832	1,1027	980,3	979,5	980,4		
36,4915	1,1040	980,3	979,5	980,4		
36,4999	1,1027	980,3	979,5	980,5		
36,5082	1,1076	980,4	979,6	980,4		
36,5165	1,1049	980,4	979,5	980,4		
36,5249	1,1036	980,3	979,5	980,4		
36,5332	1,1005	980,4	979,5	980,4		
36,5415	1,1168	980,3	979,4	980,3		
36,5499	1,1027	980,2	979,5	980,4		
36,5582	1,1076	980,3	979,5	980,4		
36,5665	1,1142	980,3	979,5	980,3		
36,5749	1,1045	980,2	979,5	980,3		
36,5832	1,1071	980,2	979,4	980,3		
36,5915	1,1076	980,3	979,5	980,4		
36,5999	1,1111	980,3	979,5	980,4		
36,6082	1,1089	980,4	979,5	980,4		
36,6165	1,1080	980,3	979,5	980,4		
36,6249	1,1098	980,2	979,5	980,4		
36,6332	1,1067	980,2	979,4	980,4		
36,6415	1,1138	980,3	979,4	980,3		
36,6499	1,1049	980,2	979,4	980,3		
36,6582	1,1107	980,2	979,4	980,4		
36,6665	1,1146	980,2	979,4	980,3		
36,6749	1,1129	980,2	979,5	980,3		
36,6832	1,1085	980,2	979,5	980,4		
36,6915	1,1138	980,2	979,5	980,4		
36,6999	1,1186	980,2	979,4	980,3		
36,7082	1,1067	980,2	979,4	980,4		
36,7165	1,1164	980,2	979,5	980,4		
36,7249	1,1111	980,4	979,5	980,4		
36,7332	1,1142	980,3	979,5	980,4		
36,7415	1,1058	980,3	979,5	980,4		
36,7499	1,1204	980,3	979,5	980,5		
36,7582	1,1146	980,3	979,5	980,3		
36,7665	1,1173	980,3	979,5	980,4		
36,7749	1,1261	980,3	979,5	980,4		
36,7832	1,1146	980,3	979,5	980,4		
36,7915	1,1151	980,3	979,4	980,3		
36,7999	1,1244	980,2	979,4	980,2		
36,8082	1,1208	980,2	979,4	980,3		
36,8165	1,1124	980,2	979,4	980,2		
36,8249	1,1160	980,2	979,5	980,3		
36,8332	1,1213	980,2	979,4	980,3		
36,8415	1,1226	980,2	979,4	980,3		
36,8499	1,1199	980,1	979,3	980,2		
36,8582	1,1230	980,2	979,4	980,3		
36,8665	1,1274	980,2	979,4	980,2		
36,8749	1,1248	980,2	979,4	980,3		
36,8832	1,1270	980,2	979,4	980,3		
36,8915	1,1213	980,2	979,4	980,3		
36,8999	1,1292	980,2	979,4	980,4		
36,9082	1,1239	980,2	979,4	980,4		
36,9165	1,1323	980,2	979,5	980,3		
36,9249	1,1230	980,3	979,5	980,4		
36,9332	1,1270	980,3	979,5	980,4		
36,9415	1,1213	980,2	979,5	980,3		
36,9499	1,1239	980,3	979,4	980,4		
36,9582	1,1358	980,3	979,5	980,3		
36,9665	1,1385	980,3	979,5	980,3		
36,9749	1,1252	980,3	979,5	980,4		
36,9832	1,1279	980,2	979,5	980,4		
36,9915	1,1327	980,3	979,4	980,4		
36,9999	1,1226	980,3	979,4	980,3		
37,0082	1,1288	980,2	979,4	980,3		
37,0165	1,1314	980,2	979,4	980,3		
37,0249	1,1310	980,2	979,4	980,2		
37,0332	1,1297	980,2	979,3	980,2		
37,0415	1,1367	980,3	979,4	980,3		
37,0499	1,1425	980,3	979,5	980,4		
37,0582	1,1283	980,4	979,5	980,4		
37,0665	1,1336	980,3	979,5	980,5		
37,0749	1,1319	980,3	979,5	980,4		
37,0832	1,1327	980,3	979,5	980,4		
37,0915	1,1398	980,3	979,5	980,4		
37,0999	1,1323	980,4	979,5	980,3		
37,1082	1,1323	980,3	979,5	980,4		
37,1165	1,1349	980,3	979,5	980,4		
37,1249	1,1380	980,4	979,5	980,3		
37,1332	1,1332	980,3	979,5	980,3		
37,1415	1,1310	980,3	979,5	980,5		
37,1499	1,1402	980,3	979,5	980,4		
37,1582	1,1323	980,3	979,5	980,3		
37,1665	1,1433	980,3	979,5	980,4		
37,1749	1,1478	980,4	979,6	980,5		
37,1832	1,1438	980,4	979,5	980,4		
37,1915	1,1429	980,3	979,5	980,4		
37,1999	1,1402	980,4	979,5	980,3		
37,2082	1,1433	980,4	979,5	980,4		
37,2165	1,1429	980,4	979,6	980,4		
37,2249	1,1455	980,4	979,5	980,3		
37,2332	1,1588	980,4	979,5	980,4		
37,2415	1,1469	980,3	979,5	980,3		
37,2499	1,1548	980,4	979,6	980,4		
37,2582	1,1491	980,4	979,5	980,3		
37,2665	1,1557	980,3	979,5	980,3		
37,2749	1,1345	980,3	979,5	980,3		
37,2832	1,1451	980,4	979,5	980,4		
37,2915	1,1473	980,3	979,5	980,3		
37,2999	1,1451	980,3	979,5	980,3		
37,3082	1,1539	980,4	979,5	980,3		
37,3165	1,1526	980,3	979,4	980,2		
37,3249	1,1486	980,3	979,5	980,3		
37,3332	1,1460	980,3	979,5	980,3		
37,3415	1,1526	980,3	979,5	980,4		
37,3499	1,1495	980,3	979,5	980,3		
37,3582	1,1504	980,3	979,5	980,3		
37,3665	1,1500	980,4	979,5	980,3		
37,3749	1,1478	980,3	979,4	980,3		
37,3832	1,1482	980,3	979,5	980,3		
37,3915	1,1548	980,3	979,4	980,2		
37,3999	1,1500	980,3	979,5	980,3		
37,4082	1,1508	980,3	979,5	980,3		
37,4165	1,1530	980,3	979,4	980,3		
37,4249	1,1530	980,3	979,5	980,4		
37,4332	1,1451	980,3	979,4	980,3		
37,4415	1,1535	980,3	979,5	980,3		
37,4499	1,1486	980,3	979,5	980,4		
37,4582	1,1601	980,3	979,4	980,3		
37,4665	1,1553	980,3	979,5	980,3		
37,4749	1,1539	980,3	979,4	980,2		
37,4832	1,1539	980,3	979,5	980,4		
37,4915	1,1544	980,2	979,4	980,3		
37,4999	1,1495	980,3	979,5	980,2		
37,5082	1,1535	980,4	979,5	980,4		
37,5165	1,1566	980,3	979,5	980,3		
37,5249	1,1579	980,3	979,5	980,3		
37,5332	1,1623	980,3	979,5	980,3		
37,5415	1,1628	980,3	979,5	980,4		
37,5499	1,1632	980,3	979,5	980,4		
37,5582	1,1672	980,3	979,5	980,3		
37,5665	1,1694	980,3	979,4	980,3		
37,5749	1,1636	980,2	979,4	980,3		
37,5832	1,1610	980,3	979,5	980,3		
37,5915	1,1729	980,3	979,5	980,3		
37,5999	1,1654	980,3	979,4	980,3		
37,6082	1,1570	980,3	979,4	980,3		
37,6165	1,1601	980,3	979,5	980,3		
37,6249	1,1650	980,3	979,5	980,5		
37,6332	1,1742	980,3	979,5	980,3		
37,6415	1,1681	980,3	979,5	980,3		
37,6499	1,1619	980,3	979,5	980,4		
37,6582	1,1711	980,4	979,6	980,5		
37,6665	1,1676	980,5	979,8	980,8		
37,6749	1,1716	980,5	979,7	980,8		
37,6832	1,1769	980,4	979,7	980,7		
37,6915	1,1632	980,4	979,7	980,6		
37,6999	1,1725	980,4	979,6	980,5		
37,7082	1,1729	980,3	979,6	980,5		
37,7165	1,1729	980,3	979,6	980,5		
37,7249	1,1663	980,3	979,5	980,5		
37,7332	1,1703	980,3	979,5	980,4		
37,7415	1,1703	980,2	979,5	980,3		
37,7499	1,1645	980,3	979,5	980,4		
37,7582	1,1667	980,3	979,5	980,5		
37,7665	1,1720	980,3	979,5	980,4		
37,7749	1,1747	980,4	979,6	980,5		
37,7832	1,1751	980,3	979,6	980,4		
37,7915	1,1751	980,2	979,4	980,3		
37,7999	1,1703	980,1	979,4	980,3		
37,8082	1,1711	980,3	979,5	980,4		
37,8165	1,1773	980,3	979,5	980,3		
37,8249	1,1747	980,3	979,4	980,3		
37,8332	1,1756	980,3	979,5	980,4		
37,8415	1,1782	980,3	979,5	980,4		
37,8499	1,1769	980,3	979,4	980,3		
37,8582	1,1681	980,2	979,4	980,4		
37,8665	1,1720	980,3	979,5	980,4		
37,8749	1,1742	980,3	979,5	980,4		
37,8832	1,1751	980,2	979,5	980,4		
37,8915	1,1826	980,3	979,5	980,4		
37,8999	1,1778	980,3	979,4	980,4		
37,9082	1,1906	980,2	979,4	980,4		
37,9165	1,1742	980,3	979,5	980,4		
37,9249	1,1729	980,4	979,5	980,4		
37,9332	1,1875	980,3	979,5	980,4		
37,9415	1,1844	980,2	979,5	980,4		
37,9499	1,1884	980,2	979,4	980,4		
37,9582	1,1839	980,3	979,5	980,4		
37,9665	1,1839	980,3	979,5	980,4		
37,9749	1,1892	980,2	979,4	980,3		
37,9832	1,1853	980,2	979,5	980,4		
37,9915	1,1822	980,2	979,5	980,4		
37,9999	1,1787	980,3	979,5	980,4		
38,0082	1,1817	980,4	979,6	980,5		
38,0165	1,1981	980,3	979,5	980,4		
38,0249	1,1888	980,2	979,5	980,4		
38,0332	1,1800	980,3	979,5	980,5		
38,0415	1,1932	980,3	979,5	980,4		
38,0499	1,1822	980,4	979,6	980,4		
38,0582	1,1954	980,4	979,5	980,4		
38,0665	1,1822	980,3	979,5	980,4		
38,0749	1,1848	980,3	979,4	980,3		
38,0832	1,1853	980,3	979,5	980,3		
38,0915	1,1888	980,3	979,4	980,3		
38,0999	1,1857	980,3	979,4	980,3		
38,1082	1,1915	980,3	979,4	980,2		
38,1165	1,1839	980,3	979,4	980,3		
38,1249	1,1963	980,3	979,4	980,2		
38,1332	1,1937	980,3	979,4	980,3		
38,1415	1,1848	980,4	979,5	980,4		
38,1499	1,1954	980,4	979,5	980,4		
38,1582	1,1879	980,4	979,6	980,5		
38,1665	1,1923	980,5	979,6	980,4		
38,1749	1,1888	980,4	979,5	980,4		
38,1832	1,1932	980,3	979,5	980,3		
38,1915	1,1857	980,4	979,5	980,3		
38,1999	1,1963	980,4	979,5	980,4		
38,2082	1,1994	980,4	979,6	980,4		
38,2165	1,1892	980,4	979,6	980,4		
38,2249	1,1985	980,4	979,5	980,4		
38,2332	1,1994	980,4	979,5	980,4		
38,2415	1,1990	980,4	979,6	980,4		
38,2499	1,1985	980,4	979,6	980,4		
38,2582	1,1990	980,3	979,5	980,4		
38,2665	1,1976	980,3	979,5	980,4		
38,2749	1,2003	980,2	979,5	980,3		
38,2832	1,1990	980,3	979,5	980,4		
38,2915	1,1968	980,3	979,5	980,4		
38,2999	1,2012	980,3	979,5	980,3		
38,3082	1,2069	980,3	979,5	980,4		
38,3165	1,2020	980,4	979,6	980,5		
38,3249	1,2029	980,4	979,5	980,5		
38,3332	1,2065	980,3	979,5	980,4		
38,3415	1,2096	980,3	979,5	980,4		
38,3499	1,2069	980,3	979,5	980,4		
38,3582	1,2043	980,3	979,5	980,5		
38,3665	1,2109	980,3	979,5	980,4		
38,3749	1,2131	980,3	979,4	980,4		
38,3832	1,2043	980,3	979,5	980,4		
38,3915	1,1998	980,3	979,5	980,5		
38,3999	1,2038	980,3	979,5	980,4		
38,4082	1,2122	980,3	979,5	980,4		
38,4165	1,2109	980,3	979,5	980,4		
38,4249	1,2073	980,3	979,5	980,4		
38,4332	1,2122	980,3	979,5	980,4		
38,4415	1,2065	980,3	979,5	980,4		
38,4499	1,2122	980,3	979,5	980,4		
38,4582	1,2065	980,2	979,5	980,4		
38,4665	1,2131	980,3	979,5	980,4		
38,4749	1,2126	980,3	979,5	980,4		
38,4832	1,2135	980,3	979,5	980,4		
38,4915	1,2109	980,4	979,5	980,5		
38,4999	1,2166	980,3	979,6	980,4		
38,5082	1,2100	980,4	979,5	980,4		
38,5165	1,2056	980,3	979,5	980,5		
38,5249	1,2157	980,3	979,6	980,5		
38,5332	1,2171	980,3	979,5	980,4		
38,5415	1,2188	980,3	979,4	980,3		
38,5499	1,2197	980,3	979,5	980,5		
38,5582	1,2184	980,3	979,5	980,4		
38,5665	1,2144	980,3	979,5	980,5		
38,5749	1,2201	980,3	979,5	980,4		
38,5832	1,2162	980,3	979,5	980,4		
38,5915	1,2162	980,3	979,5	980,4		
38,5999	1,2140	980,3	979,5	980,5		
38,6082	1,2171	980,3	979,5	980,4		
38,6165	1,2281	980,4	979,5	980,4		
38,6249	1,2215	980,3	979,5	980,4		
38,6332	1,2281	980,3	979,5	980,4		
38,6415	1,2188	980,4	979,5	980,5		
38,6499	1,2179	980,4	979,6	980,6		
38,6582	1,2285	980,3	979,5	980,5		
38,6665	1,2285	980,3	979,5	980,4		
38,6749	1,2232	980,3	979,6	980,4		
38,6832	1,2237	980,4	979,5	980,5		
38,6915	1,2246	980,3	979,6	980,5		
38,6999	1,2259	980,3	979,5	980,4		
38,7082	1,2210	980,3	979,5	980,3		
38,7165	1,2179	980,3	979,5	980,4		
38,7249	1,2299	980,4	979,5	980,5		
38,7332	1,2281	980,3	979,5	980,4		
38,7415	1,2294	980,4	979,5	980,5		
38,7499	1,2277	980,4	979,6	980,5		
38,7582	1,2343	980,4	979,6	980,5		
38,7665	1,2374	980,4	979,6	980,5		
38,7749	1,2391	980,4	979,6	980,4		
38,7832	1,2334	980,3	979,5	980,4		
38,7915	1,2303	980,3	979,5	980,5		
38,7999	1,2329	980,3	979,5	980,5		
38,8082	1,2259	980,4	979,5	980,5		
38,8165	1,2334	980,4	979,6	980,5		
38,8249	1,2338	980,3	979,5	980,4		
38,8332	1,2343	980,3	979,5	980,4		
38,8415	1,2321	980,3	979,4	980,3		
38,8499	1,2343	980,2	979,5	980,4		
38,8582	1,2387	980,2	979,5	980,4		
38,8665	1,2382	980,3	979,5	980,4		
38,8749	1,2347	980,3	979,5	980,4		
38,8832	1,2453	980,3	979,5	980,4		
38,8915	1,2343	980,3	979,5	980,4		
38,8999	1,2356	980,4	979,5	980,4		
38,9082	1,2400	980,4	979,6	980,5		
38,9165	1,2334	980,3	979,6	980,5		
38,9249	1,2413	980,3	979,5	980,4		
38,9332	1,2396	980,4	979,5	980,4		
38,9415	1,2387	980,3	979,5	980,3		
38,9499	1,2396	980,3	979,5	980,4		
38,9582	1,2409	980,3	979,5	980,4		
38,9665	1,2497	980,3	979,5	980,4		
38,9749	1,2488	980,3	979,5	980,4		
38,9832	1,2409	980,4	979,6	980,5		
38,9915	1,2493	980,4	979,6	980,4		
38,9999	1,2462	980,3	979,6	980,4		
39,0082	1,2409	980,4	979,5	980,4		
39,0165	1,2524	980,3	979,5	980,4		
39,0249	1,2387	980,3	979,4	980,4		
39,0332	1,2497	980,3	979,5	980,4		
39,0415	1,2458	980,4	979,6	980,4		
39,0499	1,2475	980,3	979,5	980,4		
39,0582	1,2515	980,4	979,6	980,4		
39,0665	1,2458	980,3	979,5	980,4		
39,0749	1,2449	980,4	979,6	980,4		
39,0832	1,2484	980,3	979,5	980,4		
39,0915	1,2572	980,3	979,5	980,4		
39,0999	1,2488	980,4	979,6	980,5		
39,1082	1,2506	980,4	979,6	980,5		
39,1165	1,2572	980,3	979,5	980,5		
39,1249	1,2533	980,4	979,6	980,5		
39,1332	1,2524	980,3	979,6	980,5		
39,1415	1,2524	980,4	979,5	980,5		
39,1499	1,2555	980,3	979,5	980,5		
39,1582	1,2594	980,4	979,6	980,5		
39,1665	1,2524	980,3	979,5	980,4		
39,1749	1,2537	980,4	979,5	980,4		
39,1832	1,2590	980,3	979,6	980,4		
39,1915	1,2555	980,4	979,6	980,5		
39,1999	1,2502	980,4	979,6	980,5		
39,2082	1,2497	980,4	979,6	980,5		
39,2165	1,2599	980,4	979,5	980,4		
39,2249	1,2586	980,4	979,5	980,4		
39,2332	1,2621	980,4	979,5	980,3		
39,2415	1,2586	980,4	979,5	980,4		
39,2499	1,2510	980,4	979,5	980,4		
39,2582	1,2493	980,4	979,5	980,4		
39,2665	1,2559	980,4	979,6	980,5		
39,2749	1,2466	980,5	979,5	980,4		
39,2832	1,2572	980,4	979,5	980,4		
39,2915	1,2581	980,4	979,5	980,4		
39,2999	1,2612	980,4	979,6	980,5		
39,3082	1,2572	980,4	979,6	980,5		
39,3165	1,2510	980,4	979,5	980,4		
39,3249	1,2555	980,4	979,5	980,4		
39,3332	1,2594	980,4	979,5	980,3		
39,3415	1,2687	980,4	979,5	980,4		
39,3499	1,2639	980,4	979,5	980,4		
39,3582	1,2630	980,3	979,5	980,4		
39,3665	1,2647	980,4	979,5	980,4		
39,3749	1,2687	980,3	979,6	980,4		
39,3832	1,2665	980,4	979,5	980,4		
39,3915	1,2718	980,4	979,5	980,4		
39,3999	1,2674	980,4	979,6	980,4		
39,4082	1,2652	980,3	979,5	980,4		
39,4165	1,2740	980,3	979,5	980,4		
39,4249	1,2731	980,4	979,5	980,4		
39,4332	1,2621	980,3	979,5	980,4		
39,4415	1,2718	980,3	979,4	980,3		
39,4499	1,2683	980,3	979,5	980,4		
39,4582	1,2736	980,3	979,5	980,4		
39,4665	1,2775	980,2	979,4	980,3		
39,4749	1,2731	980,3	979,4	980,4		
39,4832	1,2744	980,3	979,5	980,4		
39,4915	1,2802	980,3	979,5	980,4		
39,4999	1,2749	980,3	979,5	980,4		
39,5082	1,2789	980,3	979,4	980,4		
39,5165	1,2749	980,3	979,5	980,4		
39,5249	1,2784	980,4	979,5	980,5		
39,5332	1,2736	980,4	979,6	980,5		
39,5415	1,2758	980,3	979,6	980,5		
39,5499	1,2824	980,4	979,6	980,4		
39,5582	1,2859	980,4	979,6	980,6		
39,5665	1,2802	980,4	979,6	980,5		
39,5749	1,2824	980,4	979,6	980,5		
39,5832	1,2771	980,4	979,6	980,5		
39,5915	1,2775	980,3	979,6	980,4		
39,5999	1,2793	980,5	979,6	980,5		
39,6082	1,2780	980,4	979,6	980,4		
39,6165	1,2890	980,4	979,6	980,4		
39,6249	1,2846	980,4	979,6	980,5		
39,6332	1,2925	980,4	979,6	980,5		
39,6415	1,2864	980,3	979,5	980,4		
39,6499	1,2837	980,3	979,5	980,4		
39,6582	1,2842	980,3	979,5	980,4		
39,6665	1,2837	980,3	979,6	980,5		
39,6749	1,2890	980,3	979,5	980,3		
39,6832	1,2917	980,3	979,5	980,4		
39,6915	1,2846	980,4	979,6	980,5		
39,6999	1,2881	980,4	979,6	980,5		
39,7082	1,2877	980,4	979,5	980,4		
39,7165	1,2850	980,4	979,5	980,4		
39,7249	1,2864	980,4	979,5	980,4		
39,7332	1,2961	980,4	979,6	980,4		
39,7415	1,2939	980,5	979,6	980,4		
39,7499	1,2948	980,5	979,6	980,4		
39,7582	1,2948	980,5	979,6	980,4		
39,7665	1,2872	980,5	979,6	980,5		
39,7749	1,2956	980,5	979,6	980,5		
39,7832	1,2961	980,4	979,6	980,4		
39,7915	1,2930	980,4	979,5	980,4		
39,7999	1,3031	980,4	979,6	980,4		
39,8082	1,3018	980,4	979,5	980,4		
39,8165	1,2908	980,3	979,6	980,4		
39,8249	1,2961	980,3	979,5	980,4		
39,8332	1,2943	980,4	979,5	980,4		
39,8415	1,3023	980,4	979,5	980,3		
39,8499	1,2983	980,4	979,5	980,4		
39,8582	1,2992	980,4	979,6	980,5		
39,8665	1,3031	980,3	979,5	980,4		
39,8749	1,2974	980,3	979,5	980,4		
39,8832	1,2956	980,4	979,6	980,6		
39,8915	1,2921	980,4	979,6	980,5		
39,8999	1,3014	980,3	979,5	980,4		
39,9082	1,3000	980,4	979,6	980,5		
39,9165	1,3049	980,4	979,6	980,5		
39,9249	1,2948	980,4	979,6	980,5		
39,9332	1,3023	980,4	979,6	980,5		
39,9415	1,3023	980,4	979,5	980,5		
39,9499	1,3009	980,4	979,6	980,5		
39,9582	1,2948	980,4	979,6	980,5		
39,9665	1,3045	980,4	979,6	980,5		
39,9749	1,3049	980,3	979,5	980,4		
39,9832	1,3018	980,4	979,5	980,4		
39,9915	1,3023	980,3	979,5	980,5		
39,9999	1,3027	980,4	979,6	980,4		
40,0082	1,3053	980,3	979,5	980,3		
40,0165	1,2983	980,3	979,4	980,4		
40,0249	1,2992	980,3	979,5	980,4		
40,0332	1,3027	980,4	979,5	980,4		
40,0415	1,3098	980,3	979,5	980,4		
40,0499	1,3045	980,3	979,5	980,4		
40,0582	1,3036	980,4	979,6	980,5		
40,0665	1,3111	980,4	979,6	980,5		
40,0749	1,3018	980,4	979,6	980,5		
40,0832	1,3133	980,4	979,6	980,5		
40,0915	1,3151	980,4	979,7	980,6		
40,0999	1,3151	980,4	979,6	980,5		
40,1082	1,3137	980,3	979,5	980,4		
40,1165	1,3190	980,4	979,6	980,5		
40,1249	1,3137	980,4	979,5	980,4		
40,1332	1,3155	980,4	979,5	980,4		
40,1415	1,3208	980,4	979,6	980,4		
40,1499	1,3159	980,4	979,6	980,4		
40,1582	1,3177	980,4	979,5	980,4		
40,1665	1,3151	980,3	979,5	980,4		
40,1749	1,3155	980,4	979,6	980,4		
40,1832	1,3195	980,4	979,5	980,4		
40,1915	1,3212	980,3	979,5	980,5		
40,1999	1,3257	980,3	979,5	980,4		
40,2082	1,3168	980,3	979,5	980,4		
40,2165	1,3177	980,3	979,6	980,4		
40,2249	1,3151	980,3	979,5	980,3		
40,2332	1,3212	980,3	979,5	980,4		
40,2415	1,3287	980,3	979,5	980,4		
40,2499	1,3186	980,3	979,5	980,4		
40,2582	1,3257	980,3	979,5	980,4		
40,2665	1,3274	980,4	979,6	980,4		
40,2749	1,3226	980,3	979,5	980,4		
40,2832	1,3301	980,3	979,5	980,4		
40,2915	1,3239	980,3	979,5	980,3		
40,2999	1,3252	980,3	979,5	980,4		
40,3082	1,3181	980,3	979,5	980,5		
40,3165	1,3234	980,3	979,5	980,5		
40,3249	1,3287	980,4	979,6	980,5		
40,3332	1,3327	980,4	979,6	980,4		
40,3415	1,3296	980,3	979,5	980,4		
40,3499	1,3398	980,4	979,5	980,5		
40,3582	1,3309	980,4	979,6	980,5		
40,3665	1,3305	980,3	979,6	980,5		
40,3749	1,3314	980,3	979,5	980,4		
40,3832	1,3287	980,3	979,5	980,4		
40,3915	1,3402	980,3	979,6	980,5		
40,3999	1,3332	980,3	979,5	980,4		
40,4082	1,3420	980,4	979,6	980,5		
40,4165	1,3362	980,4	979,6	980,5		
40,4249	1,3309	980,4	979,6	980,6		
40,4332	1,3358	980,3	979,6	980,5		
40,4415	1,3323	980,4	979,5	980,4		
40,4499	1,3393	980,3	979,5	980,5		
40,4582	1,3380	980,4	979,6	980,5		
40,4665	1,3362	980,4	979,6	980,5		
40,4749	1,3411	980,4	979,5	980,4		
40,4832	1,3349	980,5	979,6	980,5		
40,4915	1,3415	980,4	979,6	980,4		
40,4999	1,3429	980,3	979,5	980,4		
40,5082	1,3385	980,4	979,6	980,5		
40,5165	1,3473	980,4	979,5	980,4		
40,5249	1,3398	980,4	979,5	980,4		
40,5332	1,3385	980,3	979,6	980,4		
40,5415	1,3446	980,4	979,6	980,4		
40,5499	1,3433	980,4	979,5	980,4		
40,5582	1,3464	980,3	979,5	980,4		
40,5665	1,3504	980,4	979,6	980,5		
40,5749	1,3424	980,4	979,5	980,4		
40,5832	1,3451	980,3	979,5	980,4		
40,5915	1,3438	980,4	979,5	980,4		
40,5999	1,3442	980,3	979,5	980,4		
40,6082	1,3486	980,4	979,6	980,5		
40,6165	1,3424	980,4	979,5	980,5		
40,6249	1,3530	980,4	979,6	980,5		
40,6332	1,3468	980,4	979,6	980,4		
40,6415	1,3508	980,4	979,6	980,5		
40,6499	1,3451	980,5	979,6	980,5		
40,6582	1,3495	980,4	979,5	980,5		
40,6665	1,3499	980,4	979,5	980,4		
40,6749	1,3455	980,5	979,6	980,5		
40,6832	1,3508	980,5	979,6	980,5		
40,6915	1,3539	980,5	979,6	980,5		
40,6999	1,3420	980,5	979,5	980,4		
40,7082	1,3517	980,4	979,6	980,5		
40,7165	1,3539	980,5	979,6	980,5		
40,7249	1,3504	980,5	979,6	980,5		
40,7332	1,3530	980,4	979,5	980,4		
40,7415	1,3530	980,4	979,5	980,4		
40,7499	1,3543	980,5	979,6	980,6		
40,7582	1,3574	980,4	979,6	980,4		
40,7665	1,3570	980,3	979,5	980,3		
40,7749	1,3632	980,4	979,6	980,5		
40,7832	1,3548	980,4	979,6	980,5		
40,7915	1,3570	980,4	979,6	980,5		
40,7999	1,3535	980,3	979,5	980,4		
40,8082	1,3605	980,4	979,6	980,6		
40,8165	1,3570	980,5	979,6	980,5		
40,8249	1,3702	980,4	979,5	980,4		
40,8332	1,3605	980,3	979,5	980,4		
40,8415	1,3645	980,3	979,6	980,5		
40,8499	1,3579	980,3	979,6	980,4		
40,8582	1,3645	980,4	979,6	980,5		
40,8665	1,3601	980,4	979,6	980,5		
40,8749	1,3623	980,4	979,6	980,4		
40,8832	1,3627	980,3	979,5	980,4		
40,8915	1,3702	980,3	979,5	980,4		
40,8999	1,3636	980,4	979,6	980,6		
40,9082	1,3680	980,4	979,6	980,5		
40,9165	1,3632	980,4	979,6	980,5		
40,9249	1,3813	980,4	979,6	980,6		
40,9332	1,3707	980,4	979,6	980,6		
40,9415	1,3769	980,4	979,6	980,5		
40,9499	1,3671	980,3	979,5	980,4		
40,9582	1,3676	980,4	979,6	980,5		
40,9665	1,3685	980,3	979,5	980,4		
40,9749	1,3671	980,2	979,5	980,4		
40,9832	1,3702	980,4	979,5	980,4		
40,9915	1,3755	980,4	979,6	980,4		
40,9999	1,3817	980,3	979,5	980,4		
41,0082	1,3760	980,4	979,6	980,5		
41,0165	1,3738	980,4	979,5	980,4		
41,0249	1,3751	980,3	979,5	980,4		
41,0332	1,3817	980,3	979,4	980,4		
41,0415	1,3799	980,3	979,5	980,4		
41,0499	1,3694	980,2	979,5	980,4		
41,0582	1,3786	980,3	979,5	980,4		
41,0665	1,3799	980,3	979,5	980,4		
41,0749	1,3777	980,3	979,5	980,4		
41,0832	1,3804	980,3	979,5	980,4		
41,0915	1,3751	980,3	979,6	980,5		
41,0999	1,3782	980,4	979,6	980,5		
41,1082	1,3808	980,4	979,6	980,5		
41,1165	1,3813	980,3	979,6	980,4		
41,1249	1,3844	980,3	979,5	980,4		
41,1332	1,3839	980,3	979,5	980,5		
41,1415	1,3857	980,3	979,5	980,3		
41,1499	1,3844	980,3	979,5	980,4		
41,1582	1,3897	980,3	979,5	980,4		
41,1665	1,3848	980,4	979,7	980,7		
41,1749	1,3985	980,5	979,7	980,6		
41,1832	1,3941	980,3	979,6	980,5		
41,1915	1,3835	980,3	979,7	980,6		
41,1999	1,3879	980,4	979,7	980,6		
41,2082	1,3852	980,4	979,6	980,5		
41,2165	1,3879	980,4	979,6	980,5		
41,2249	1,3901	980,4	979,6	980,5		
41,2332	1,3830	980,4	979,6	980,6		
41,2415	1,3835	980,5	979,6	980,5		
41,2499	1,3914	980,4	979,6	980,5		
41,2582	1,3914	980,4	979,6	980,5		
41,2665	1,3919	980,4	979,6	980,6		
41,2749	1,3875	980,4	979,6	980,5		
41,2832	1,3883	980,5	979,6	980,5		
41,2915	1,3870	980,4	979,5	980,4		
41,2999	1,3980	980,4	979,5	980,5		
41,3082	1,3963	980,4	979,5	980,4		
41,3165	1,3910	980,4	979,6	980,4		
41,3249	1,4011	980,3	979,5	980,4		
41,3332	1,3958	980,5	979,6	980,5		
41,3415	1,4007	980,5	979,6	980,5		
41,3499	1,3994	980,4	979,5	980,4		
41,3582	1,3941	980,3	979,5	980,5		
41,3665	1,3950	980,5	979,6	980,5		
41,3749	1,4020	980,5	979,6	980,5		
41,3832	1,4042	980,4	979,6	980,5		
41,3915	1,3954	980,5	979,6	980,5		
41,3999	1,4042	980,4	979,6	980,4		
41,4082	1,4069	980,4	979,5	980,4		
41,4165	1,3998	980,4	979,5	980,4		
41,4249	1,4038	980,5	979,6	980,5		
41,4332	1,4029	980,4	979,6	980,5		
41,4415	1,4011	980,3	979,6	980,4		
41,4499	1,3950	980,4	979,5	980,4		
41,4582	1,4109	980,4	979,7	980,5		
41,4665	1,4007	980,4	979,6	980,4		
41,4749	1,4029	980,3	979,5	980,4		
41,4832	1,4069	980,3	979,5	980,4		
41,4915	1,4047	980,4	979,6	980,6		
41,4999	1,4011	980,4	979,6	980,5		
41,5082	1,4073	980,4	979,6	980,5		
41,5165	1,4091	980,4	979,6	980,4		
41,5249	1,4166	980,5	979,6	980,5		
41,5332	1,4069	980,3	979,5	980,5		
41,5415	1,4175	980,4	979,5	980,4		
41,5499	1,4082	980,4	979,6	980,5		
41,5582	1,4157	980,4	979,6	980,5		
41,5665	1,4179	980,4	979,5	980,4		
41,5749	1,4069	980,4	979,6	980,4		
41,5832	1,4113	980,4	979,6	980,5		
41,5915	1,4104	980,4	979,6	980,5		
41,5999	1,4117	980,4	979,6	980,5		
41,6082	1,4117	980,4	979,6	980,4		
41,6165	1,4148	980,4	979,5	980,4		
41,6249	1,4144	980,4	979,6	980,5		
41,6332	1,4126	980,3	979,6	980,5		
41,6415	1,4161	980,4	979,6	980,5		
41,6499	1,4206	980,4	979,6	980,5		
41,6582	1,4307	980,5	979,7	980,5		
41,6665	1,4161	980,4	979,6	980,5		
41,6749	1,4153	980,3	979,6	980,4		
41,6832	1,4206	980,4	979,6	980,5		
41,6915	1,4241	980,4	979,6	980,5		
41,6999	1,4192	980,4	979,6	980,5		
41,7082	1,4250	980,4	979,6	980,5		
41,7165	1,4254	980,5	979,6	980,5		
41,7249	1,4210	980,4	979,6	980,5		
41,7332	1,4267	980,4	979,6	980,5		
41,7415	1,4281	980,4	979,7	980,5		
41,7499	1,4356	980,5	979,6	980,6		
41,7582	1,4267	980,5	979,6	980,5		
41,7665	1,4241	980,3	979,5	980,4		
41,7749	1,4334	980,4	979,6	980,5		
41,7832	1,4298	980,4	979,6	980,5		
41,7915	1,4241	980,4	979,6	980,5		
41,7999	1,4272	980,3	979,6	980,5		
41,8082	1,4338	980,4	979,6	980,5		
41,8165	1,4342	980,4	979,7	980,6		
41,8249	1,4338	980,4	979,6	980,5		
41,8332	1,4347	980,4	979,6	980,5		
41,8415	1,4347	980,4	979,6	980,5		
41,8499	1,4356	980,3	979,6	980,5		
41,8582	1,4307	980,4	979,6	980,5		
41,8665	1,4351	980,4	979,6	980,6		
41,8749	1,4294	980,4	979,7	980,6		
41,8832	1,4281	980,3	979,6	980,5		
41,8915	1,4267	980,4	979,6	980,5		
41,8999	1,4391	980,5	979,6	980,5		
41,9082	1,4320	980,4	979,6	980,4		
41,9165	1,4413	980,5	979,5	980,4		
41,9249	1,4351	980,4	979,6	980,5		
41,9332	1,4413	980,5	979,6	980,6		
41,9415	1,4426	980,4	979,6	980,5		
41,9499	1,4395	980,4	979,6	980,5		
41,9582	1,4409	980,5	979,6	980,5		
41,9665	1,4404	980,5	979,6	980,4		
41,9749	1,4387	980,4	979,6	980,5		
41,9832	1,4431	980,4	979,6	980,5		
41,9915	1,4470	980,4	979,6	980,5		
41,9999	1,4395	980,5	979,6	980,5		
42,0082	1,4325	980,8	979,8	980,6		
42,0165	1,4444	980,7	979,7	980,4		
42,0249	1,4453	980,4	979,6	980,5		
42,0332	1,4418	980,6	979,6	980,5		
42,0415	1,4444	980,6	979,7	980,5		
42,0499	1,4532	980,5	979,6	980,4		
42,0582	1,4426	980,9	979,8	980,6		
42,0665	1,4444	980,7	979,8	980,5		
42,0749	1,4435	980,9	979,9	980,7		
42,0832	1,4493	980,7	979,8	980,6		
42,0915	1,4488	980,6	979,7	980,6		
42,0999	1,4448	980,6	979,7	980,5		
42,1082	1,4479	980,5	979,7	980,5		
42,1165	1,4510	980,5	979,7	980,6		
42,1249	1,4501	980,4	979,6	980,5		
42,1332	1,4453	980,5	979,7	980,5		
42,1415	1,4554	980,5	979,6	980,5		
42,1499	1,4470	980,4	979,6	980,5		
42,1582	1,4554	980,4	979,6	980,5		
42,1665	1,4607	980,4	979,6	980,5		
42,1749	1,4585	980,3	979,5	980,5		
42,1832	1,4638	980,1	979,5	980,4		
42,1915	1,4576	980,2	979,5	980,5		
42,1999	1,4696	980,5	979,7	980,5		
42,2082	1,4612	980,4	979,6	980,5		
42,2165	1,4541	980,3	979,6	980,5		
42,2249	1,4550	980,3	979,6	980,5		
42,2332	1,4643	980,3	979,6	980,5		
42,2415	1,4576	980,2	979,5	980,5		
42,2499	1,4576	980,3	979,5	980,5		
42,2582	1,4599	980,4	979,6	980,5		
42,2665	1,4674	980,2	979,5	980,4		
42,2749	1,4638	980,2	979,5	980,4		
42,2832	1,4682	980,4	979,6	980,5		
42,2915	1,4651	980,3	979,5	980,5		
42,2999	1,4554	980,2	979,4	980,4		
42,3082	1,4647	980,4	979,6	980,6		
42,3165	1,4709	980,8	979,8	980,6		
42,3249	1,4621	980,6	979,7	980,5		
42,3332	1,4718	980,3	979,5	980,4		
42,3415	1,4687	980,3	979,5	980,5		
42,3499	1,4700	980,2	979,5	980,5		
42,3582	1,4638	980,1	979,5	980,4		
42,3665	1,4727	980,2	979,5	980,4		
42,3749	1,4643	980,2	979,5	980,4		
42,3832	1,4793	980,4	979,5	980,4		
42,3915	1,4656	980,7	979,8	980,5		
42,3999	1,4691	980,4	979,6	980,4		
42,4082	1,4749	980,2	979,4	980,4		
42,4165	1,4704	980,4	979,6	980,5		
42,4249	1,4846	980,6	979,6	980,4		
42,4332	1,4740	980,9	979,8	980,5		
42,4415	1,4832	980,6	979,7	980,5		
42,4499	1,4740	980,4	979,6	980,5		
42,4582	1,4797	980,4	979,6	980,5		
42,4665	1,4757	980,8	979,8	980,6		
42,4749	1,4771	980,7	979,8	980,6		
42,4832	1,4824	980,6	979,7	980,5		
42,4915	1,4771	980,6	979,7	980,5		
42,4999	1,4793	980,6	979,7	980,6		
42,5082	1,4793	980,5	979,7	980,5		
42,5165	1,4766	980,5	979,7	980,5		
42,5249	1,4885	980,6	979,7	980,5		
42,5332	1,4766	980,6	979,6	980,5		
42,5415	1,4815	980,4	979,6	980,5		
42,5499	1,4841	980,5	979,7	980,6		
42,5582	1,4815	980,4	979,5	980,4		
42,5665	1,4802	980,3	979,5	980,4		
42,5749	1,4810	980,4	979,5	980,5		
42,5832	1,4824	980,4	979,6	980,5		
42,5915	1,4877	980,4	979,6	980,5		
42,5999	1,4859	980,3	979,5	980,4		
42,6082	1,4890	980,4	979,5	980,5		
42,6165	1,4903	980,3	979,5	980,4		
42,6249	1,4819	980,3	979,5	980,4		
42,6332	1,4974	980,4	979,5	980,4		
42,6415	1,4810	980,4	979,6	980,4		
42,6499	1,4877	980,5	979,6	980,5		
42,6582	1,4912	980,4	979,5	980,4		
42,6665	1,4960	980,4	979,5	980,5		
42,6749	1,4877	980,5	979,6	980,4		
42,6832	1,4974	980,4	979,6	980,5		
42,6915	1,4938	980,4	979,6	980,5		
42,6999	1,4925	980,4	979,5	980,5		
42,7082	1,4912	980,5	979,6	980,5		
42,7165	1,4996	980,4	979,6	980,5		
42,7249	1,5005	980,4	979,6	980,6		
42,7332	1,4921	980,4	979,6	980,5		
42,7415	1,4921	980,5	979,6	980,5		
42,7499	1,4952	980,4	979,6	980,5		
42,7582	1,5027	980,5	979,7	980,6		
42,7665	1,5009	980,6	979,7	980,5		
42,7749	1,4881	980,5	979,6	980,5		
42,7832	1,4974	980,4	979,6	980,5		
42,7915	1,5022	980,5	979,6	980,5		
42,7999	1,5018	980,4	979,6	980,5		
42,8082	1,5027	980,5	979,6	980,5		
42,8165	1,5005	980,5	979,6	980,4		
42,8249	1,5106	980,5	979,6	980,5		
42,8332	1,4996	980,5	979,7	980,5		
42,8415	1,5036	980,4	979,6	980,5		
42,8499	1,5102	980,4	979,6	980,5		
42,8582	1,5115	980,4	979,6	980,5		
42,8665	1,5062	980,4	979,6	980,5		
42,8749	1,5031	980,3	979,6	980,5		
42,8832	1,5133	980,5	979,6	980,6		
42,8915	1,5027	980,5	979,7	980,6		
42,8999	1,5133	980,4	979,6	980,5		
42,9082	1,5071	980,5	979,6	980,6		
42,9165	1,5066	980,4	979,6	980,5		
42,9249	1,5186	980,4	979,5	980,5		
42,9332	1,5168	980,4	979,6	980,4		
42,9415	1,5093	980,4	979,6	980,5		
42,9499	1,5164	980,4	979,6	980,5		
42,9582	1,5221	980,4	979,5	980,4		
42,9665	1,5141	980,3	979,5	980,4		
42,9749	1,5141	980,4	979,6	980,5		
42,9832	1,5159	980,3	979,5	980,4		
42,9915	1,5119	980,4	979,6	980,4		
42,9999	1,5141	980,4	979,6	980,5		
43,0082	1,5203	980,3	979,6	980,5		
43,0165	1,5146	980,4	979,6	980,5		
43,0249	1,5181	980,3	979,5	980,4		
43,0332	1,5265	980,3	979,6	980,4		
43,0415	1,5199	980,4	979,6	980,4		
43,0499	1,5186	980,4	979,6	980,5		
43,0582	1,5208	980,4	979,5	980,4		
43,0665	1,5150	980,4	979,5	980,5		
43,0749	1,5278	980,3	979,6	980,4		
43,0832	1,5177	980,3	979,6	980,4		
43,0915	1,5296	980,4	979,6	980,5		
43,0999	1,5230	980,4	979,6	980,5		
43,1082	1,5261	980,4	979,6	980,4		
43,1165	1,5203	980,4	979,6	980,4		
43,1249	1,5265	980,4	979,6	980,4		
43,1332	1,5243	980,4	979,6	980,5		
43,1415	1,5296	980,4	979,6	980,6		
43,1499	1,5203	980,4	979,6	980,5		
43,1582	1,5300	980,4	979,6	980,5		
43,1665	1,5314	980,4	979,6	980,5		
43,1749	1,5292	980,4	979,6	980,4		
43,1832	1,5384	980,3	979,5	980,4		
43,1915	1,5353	980,4	979,6	980,6		
43,1999	1,5340	980,4	979,6	980,5		
43,2082	1,5371	980,3	979,6	980,4		
43,2165	1,5331	980,3	979,5	980,4		
43,2249	1,5362	980,3	979,5	980,5		
43,2332	1,5340	980,4	979,6	980,6		
43,2415	1,5283	980,4	979,6	980,5		
43,2499	1,5415	980,3	979,5	980,4		
43,2582	1,5331	980,4	979,6	980,4		
43,2665	1,5340	980,4	979,6	980,4		
43,2749	1,5336	980,4	979,6	980,5		
43,2832	1,5380	980,4	979,5	980,4		
43,2915	1,5327	980,5	979,6	980,5		
43,2999	1,5367	980,5	979,7	980,6		
43,3082	1,5322	980,5	979,6	980,6		
43,3165	1,5371	980,4	979,6	980,4		
43,3249	1,5398	980,4	979,6	980,5		
43,3332	1,5380	980,5	979,6	980,6		
43,3415	1,5349	980,6	979,7	980,6		
43,3499	1,5398	980,6	979,7	980,5		
43,3582	1,5495	980,5	979,7	980,5		
43,3665	1,5437	980,5	979,6	980,5		
43,3749	1,5526	980,5	979,7	980,6		
43,3832	1,5322	980,6	979,6	980,5		
43,3915	1,5477	980,6	979,6	980,5		
43,3999	1,5389	980,5	979,6	980,5		
43,4082	1,5336	980,5	979,7	980,6		
43,4165	1,5446	980,6	979,6	980,4		
43,4249	1,5433	980,5	979,7	980,5		
43,4332	1,5375	980,5	979,7	980,5		
43,4415	1,5424	980,5	979,7	980,5		
43,4499	1,5552	980,5	979,6	980,4		
43,4582	1,5543	980,5	979,6	980,5		
43,4665	1,5420	980,4	979,6	980,4		
43,4749	1,5596	980,4	979,6	980,4		
43,4832	1,5490	980,5	979,6	980,4		
43,4915	1,5570	980,5	979,6	980,5		
43,4999	1,5592	980,4	979,6	980,3		
43,5082	1,5517	980,4	979,5	980,4		
43,5165	1,5499	980,4	979,6	980,4		
43,5249	1,5530	980,4	979,6	980,5		
43,5332	1,5526	980,5	979,7	980,5		
43,5415	1,5552	980,4	979,6	980,4		
43,5499	1,5503	980,5	979,6	980,5		
43,5582	1,5570	980,4	979,6	980,5		
43,5665	1,5631	980,4	979,6	980,4		
43,5749	1,5609	980,4	979,6	980,4		
43,5832	1,5596	980,4	979,5	980,4		
43,5915	1,5640	980,3	979,5	980,5		
43,5999	1,5614	980,3	979,5	980,5		
43,6082	1,5649	980,3	979,5	980,5		
43,6165	1,5631	980,4	979,6	980,4		
43,6249	1,5654	980,4	979,5	980,5		
43,6332	1,5592	980,3	979,6	980,5		
43,6415	1,5640	980,3	979,5	980,4		
43,6499	1,5680	980,4	979,6	980,5		
43,6582	1,5658	980,4	979,6	980,5		
43,6665	1,5645	980,3	979,5	980,4		
43,6749	1,5733	980,4	979,6	980,4		
43,6832	1,5773	980,4	979,6	980,5		
43,6915	1,5592	980,4	979,6	980,4		
43,6999	1,5746	980,4	979,6	980,5		
43,7082	1,5689	980,4	979,6	980,5		
43,7165	1,5702	980,4	979,6	980,5		
43,7249	1,5737	980,4	979,6	980,6		
43,7332	1,5724	980,4	979,6	980,5		
43,7415	1,5773	980,4	979,6	980,5		
43,7499	1,5720	980,4	979,5	980,5		
43,7582	1,5852	980,4	979,5	980,5		
43,7665	1,5786	980,4	979,6	980,5		
43,7749	1,5654	980,4	979,6	980,5		
43,7832	1,5777	980,4	979,5	980,5		
43,7915	1,5760	980,3	979,6	980,5		
43,7999	1,5760	980,4	979,5	980,5		
43,8082	1,5879	980,4	979,6	980,6		
43,8165	1,5808	980,4	979,6	980,5		
43,8249	1,5777	980,4	979,6	980,4		
43,8332	1,5790	980,3	979,5	980,5		
43,8415	1,5782	980,3	979,6	980,5		
43,8499	1,5830	980,4	979,6	980,5		
43,8582	1,5777	980,3	979,6	980,5		
43,8665	1,5790	980,4	979,6	980,5		
43,8749	1,5861	980,4	979,6	980,5		
43,8832	1,5826	980,4	979,5	980,5		
43,8915	1,5817	980,4	979,5	980,5		
43,8999	1,5839	980,4	979,6	980,5		
43,9082	1,5901	980,4	979,5	980,5		
43,9165	1,5888	980,3	979,5	980,5		
43,9249	1,5888	980,4	979,5	980,5		
43,9332	1,5874	980,4	979,6	980,5		
43,9415	1,5945	980,3	979,6	980,5		
43,9499	1,5914	980,4	979,6	980,5		
43,9582	1,5888	980,4	979,6	980,5		
43,9665	1,5874	980,4	979,6	980,5		
43,9749	1,5905	980,4	979,6	980,6		
43,9832	1,5936	980,5	979,7	980,6		
43,9915	1,5945	980,4	979,6	980,6		
43,9999	1,5989	980,4	979,6	980,5		
44,0082	1,5949	980,4	979,6	980,6		
44,0165	1,5940	980,4	979,7	980,5		
44,0249	1,5971	980,4	979,7	980,5		
44,0332	1,5980	980,4	979,6	980,5		
44,0415	1,5963	980,4	979,6	980,5		
44,0499	1,6033	980,4	979,6	980,6		
44,0582	1,5963	980,4	979,6	980,5		
44,0665	1,5993	980,5	979,6	980,5		
44,0749	1,5989	980,4	979,6	980,5		
44,0832	1,6055	980,4	979,6	980,5		
44,0915	1,6029	980,4	979,7	980,6		
44,0999	1,6051	980,4	979,6	980,4		
44,1082	1,5989	980,4	979,6	980,5		
44,1165	1,6029	980,4	979,6	980,6		
44,1249	1,6113	980,3	979,6	980,5		
44,1332	1,6064	980,4	979,6	980,5		
44,1415	1,6113	980,3	979,5	980,4		
44,1499	1,6024	980,4	979,6	980,5		
44,1582	1,6104	980,4	979,6	980,5		
44,1665	1,6130	980,4	979,5	980,4		
44,1749	1,6144	980,3	979,5	980,4		
44,1832	1,6108	980,3	979,6	980,5		
44,1915	1,6091	980,5	979,7	980,6		
44,1999	1,6095	980,5	979,7	980,5		
44,2082	1,6064	980,5	979,6	980,5		
44,2165	1,6064	980,4	979,7	980,6		
44,2249	1,6104	980,4	979,7	980,6		
44,2332	1,6161	980,5	979,6	980,5		
44,2415	1,6179	980,4	979,5	980,4		
44,2499	1,6108	980,4	979,5	980,4		
44,2582	1,6166	980,4	979,6	980,5		
44,2665	1,6126	980,4	979,6	980,4		
44,2749	1,6183	980,4	979,5	980,4		
44,2832	1,6104	980,4	979,5	980,4		
44,2915	1,6135	980,5	979,7	980,6		
44,2999	1,6121	980,5	979,6	980,5		
44,3082	1,6245	980,5	979,6	980,4		
44,3165	1,6192	980,5	979,6	980,5		
44,3249	1,6183	980,5	979,6	980,6		
44,3332	1,6227	980,5	979,6	980,5		
44,3415	1,6205	980,4	979,6	980,5		
44,3499	1,6201	980,4	979,6	980,4		
44,3582	1,6161	980,4	979,6	980,4		
44,3665	1,6183	980,5	979,6	980,5		
44,3749	1,6183	980,5	979,6	980,5		
44,3832	1,6241	980,4	979,6	980,5		
44,3915	1,6258	980,5	979,6	980,4		
44,3999	1,6205	980,5	979,6	980,4		
44,4082	1,6245	980,5	979,6	980,5		
44,4165	1,6276	980,4	979,6	980,4		
44,4249	1,6258	980,4	979,6	980,5		
44,4332	1,6258	980,4	979,6	980,5		
44,4415	1,6285	980,5	979,7	980,5		
44,4499	1,6267	980,5	979,6	980,4		
44,4582	1,6258	980,5	979,6	980,5		
44,4665	1,6369	980,4	979,6	980,5		
44,4749	1,6294	980,5	979,7	980,5		
44,4832	1,6285	980,3	979,6	980,4		
44,4915	1,6338	980,4	979,7	980,5		
44,4999	1,6386	980,5	979,7	980,6		
44,5082	1,6325	980,4	979,6	980,5		
44,5165	1,6338	980,4	979,6	980,5		
44,5249	1,6439	980,4	979,6	980,5		
44,5332	1,6351	980,4	979,6	980,5		
44,5415	1,6417	980,4	979,5	980,5		
44,5499	1,6430	980,4	979,6	980,5		
44,5582	1,6448	980,4	979,6	980,5		
44,5665	1,6448	980,4	979,6	980,5		
44,5749	1,6444	980,4	979,6	980,5		
44,5832	1,6395	980,3	979,6	980,5		
44,5915	1,6430	980,4	979,6	980,5		
44,5999	1,6470	980,4	979,7	980,5		
44,6082	1,6408	980,4	979,5	980,4		
44,6165	1,6453	980,4	979,6	980,4		
44,6249	1,6479	980,4	979,6	980,5		
44,6332	1,6466	980,5	979,7	980,6		
44,6415	1,6417	980,4	979,7	980,5		
44,6499	1,6479	980,4	979,6	980,5		
44,6582	1,6523	980,3	979,5	980,4		
44,6665	1,6501	980,4	979,5	980,4		
44,6749	1,6444	980,4	979,6	980,5		
44,6832	1,6581	980,4	979,6	980,5		
44,6915	1,6506	980,4	979,5	980,4		
44,6999	1,6523	980,3	979,5	980,4		
44,7082	1,6589	980,4	979,5	980,5		
44,7165	1,6519	980,4	979,6	980,5		
44,7249	1,6541	980,5	979,6	980,5		
44,7332	1,6572	980,4	979,6	980,5		
44,7415	1,6629	980,4	979,6	980,5		
44,7499	1,6611	980,4	979,6	980,5		
44,7582	1,6510	980,4	979,6	980,5		
44,7665	1,6625	980,3	979,5	980,4		
44,7749	1,6669	980,4	979,6	980,5		
44,7832	1,6567	980,4	979,6	980,4		
44,7915	1,6581	980,4	979,6	980,5		
44,7999	1,6567	980,5	979,6	980,6		
44,8082	1,6559	980,5	979,6	980,5		
44,8165	1,6647	980,5	979,6	980,5		
44,8249	1,6598	980,5	979,6	980,5		
44,8332	1,6603	980,4	979,6	980,4		
44,8415	1,6607	980,4	979,6	980,6		
44,8499	1,6669	980,5	979,6	980,6		
44,8582	1,6625	980,5	979,6	980,6		
44,8665	1,6669	980,5	979,6	980,6		
44,8749	1,6664	980,5	979,6	980,6		
44,8832	1,6687	980,5	979,7	980,5		
44,8915	1,6660	980,6	979,7	980,5		
44,8999	1,6744	980,4	979,5	980,5		
44,9082	1,6647	980,4	979,6	980,5		
44,9165	1,6634	980,5	979,6	980,5		
44,9249	1,6700	980,5	979,7	980,5		
44,9332	1,6713	980,4	979,6	980,4		
44,9415	1,6722	980,5	979,6	980,5		
44,9499	1,6704	980,5	979,6	980,5		
44,9582	1,6642	980,5	979,6	980,4		
44,9665	1,6713	980,4	979,5	980,4		
44,9749	1,6740	980,5	979,6	980,5		
44,9832	1,6748	980,5	979,6	980,5		
44,9915	1,6731	980,4	979,6	980,5		
44,9999	1,6740	980,4	979,6	980,5		
45,0082	1,6815	980,5	979,7	980,5		
45,0165	1,6770	980,4	979,6	980,5		
45,0249	1,6801	980,4	979,5	980,5		
45,0332	1,6779	980,4	979,6	980,5		
45,0415	1,6828	980,5	979,7	980,5		
45,0499	1,6845	980,4	979,5	980,4		
45,0582	1,6837	980,4	979,6	980,5		
45,0665	1,6828	980,5	979,7	980,5		
45,0749	1,6832	980,5	979,6	980,5		
45,0832	1,6815	980,4	979,6	980,5		
45,0915	1,6837	980,4	979,6	980,5		
45,0999	1,6845	980,5	979,6	980,5		
45,1082	1,6850	980,5	979,7	980,5		
45,1165	1,6890	980,5	979,6	980,5		
45,1249	1,6943	980,4	979,6	980,5		
45,1332	1,6841	980,4	979,6	980,5		
45,1415	1,6881	980,4	979,6	980,5		
45,1499	1,6960	980,4	979,6	980,5		
45,1582	1,7009	980,4	979,6	980,5		
45,1665	1,6943	980,5	979,6	980,6		
45,1749	1,6828	980,5	979,7	980,6		
45,1832	1,6894	980,5	979,7	980,6		
45,1915	1,6969	980,5	979,7	980,6		
45,1999	1,7009	980,4	979,6	980,5		
45,2082	1,6978	980,4	979,6	980,5		
45,2165	1,7004	980,5	979,7	980,6		
45,2249	1,6916	980,5	979,6	980,5		
45,2332	1,6996	980,4	979,6	980,5		
45,2415	1,6947	980,4	979,7	980,6		
45,2499	1,6996	980,5	979,6	980,5		
45,2582	1,6987	980,4	979,6	980,5		
45,2665	1,7031	980,4	979,6	980,5		
45,2749	1,6996	980,4	979,6	980,5		
45,2832	1,7119	980,4	979,6	980,5		
45,2915	1,7075	980,5	979,7	980,6		
45,2999	1,7066	980,5	979,7	980,6		
45,3082	1,7009	980,4	979,6	980,5		
45,3165	1,7066	980,4	979,6	980,6		
45,3249	1,7018	980,4	979,6	980,5		
45,3332	1,7022	980,4	979,6	980,4		
45,3415	1,7013	980,4	979,6	980,5		
45,3499	1,7124	980,4	979,6	980,5		
45,3582	1,7137	980,5	979,6	980,5		
45,3665	1,7119	980,5	979,7	980,6		
45,3749	1,7084	980,4	979,6	980,5		
45,3832	1,7057	980,4	979,6	980,5		
45,3915	1,7097	980,5	979,6	980,5		
45,3999	1,7168	980,5	979,6	980,6		
45,4082	1,7062	980,4	979,6	980,5		
45,4165	1,7128	980,4	979,6	980,5		
45,4249	1,7128	980,5	979,7	980,6		
45,4332	1,7132	980,5	979,6	980,5		
45,4415	1,7159	980,5	979,6	980,5		
45,4499	1,7154	980,5	979,7	980,7		
45,4582	1,7137	980,6	979,7	980,6		
45,4665	1,7177	980,5	979,7	980,6		
45,4749	1,7185	980,5	979,6	980,6		
45,4832	1,7154	980,6	979,7	980,6		
45,4915	1,7238	980,6	979,7	980,6		
45,4999	1,7221	980,6	979,7	980,6		
45,5082	1,7225	980,5	979,6	980,5		
45,5165	1,7212	980,5	979,6	980,5		
45,5249	1,7172	980,5	979,7	980,6		
45,5332	1,7252	980,5	979,6	980,5		
45,5415	1,7291	980,5	979,6	980,5		
45,5499	1,7119	980,5	979,7	980,5		
45,5582	1,7260	980,5	979,6	980,5		
45,5665	1,7305	980,5	979,7	980,6		
45,5749	1,7247	980,5	979,7	980,5		
45,5832	1,7278	980,5	979,6	980,5		
45,5915	1,7265	980,4	979,6	980,5		
45,5999	1,7305	980,5	979,6	980,5		
45,6082	1,7327	980,6	979,6	980,5		
45,6165	1,7362	980,5	979,7	980,6		
45,6249	1,7274	980,4	979,6	980,5		
45,6332	1,7380	980,4	979,6	980,5		
45,6415	1,7318	980,5	979,6	980,5		
45,6499	1,7380	980,6	979,7	980,6		
45,6582	1,7318	980,5	979,6	980,5		
45,6665	1,7362	980,4	979,6	980,4		
45,6749	1,7358	980,5	979,7	980,5		
45,6832	1,7296	980,5	979,6	980,5		
45,6915	1,7353	980,5	979,6	980,5		
45,6999	1,7406	980,5	979,6	980,5		
45,7082	1,7406	980,5	979,7	980,5		
45,7165	1,7415	980,5	979,7	980,6		
45,7249	1,7410	980,5	979,7	980,5		
45,7332	1,7406	980,5	979,6	980,5		
45,7415	1,7441	980,5	979,7	980,6		
45,7499	1,7415	980,5	979,6	980,6		
45,7582	1,7455	980,4	979,6	980,4		
45,7665	1,7424	980,5	979,7	980,6		
45,7749	1,7441	980,5	979,6	980,5		
45,7832	1,7490	980,5	979,7	980,5		
45,7915	1,7490	980,5	979,7	980,6		
45,7999	1,7534	980,5	979,6	980,5		
45,8082	1,7508	980,5	979,6	980,5		
45,8165	1,7534	980,5	979,6	980,6		
45,8249	1,7455	980,5	979,7	980,5		
45,8332	1,7525	980,5	979,7	980,6		
45,8415	1,7463	980,5	979,7	980,5		
45,8499	1,7600	980,5	979,7	980,5		
45,8582	1,7490	980,5	979,6	980,6		
45,8665	1,7530	980,5	979,7	980,5		
45,8749	1,7552	980,5	979,6	980,6		
45,8832	1,7618	980,4	979,6	980,5		
45,8915	1,7618	980,5	979,6	980,5		
45,8999	1,7569	980,5	979,6	980,6		
45,9082	1,7574	980,4	979,6	980,5		
45,9165	1,7583	980,4	979,7	980,5		
45,9249	1,7636	980,4	979,6	980,4		
45,9332	1,7636	980,5	979,6	980,5		
45,9415	1,7636	980,4	979,7	980,6		
45,9499	1,7499	980,5	979,6	980,5		
45,9582	1,7636	980,4	979,6	980,5		
45,9665	1,7499	980,5	979,6	980,5		
45,9749	1,7658	980,5	979,6	980,5		
45,9832	1,7605	980,5	979,7	980,5		
45,9915	1,7733	980,5	979,6	980,5		
45,9999	1,7587	980,5	979,6	980,5		
46,0082	1,7618	980,5	979,6	980,6		
46,0165	1,7662	980,5	979,6	980,6		
46,0249	1,7653	980,5	979,6	980,5		
46,0332	1,7658	980,5	979,6	980,6		
46,0415	1,7680	980,5	979,6	980,5		
46,0499	1,7724	980,5	979,6	980,5		
46,0582	1,7644	980,5	979,6	980,6		
46,0665	1,7689	980,5	979,6	980,6		
46,0749	1,7649	980,5	979,5	980,5		
46,0832	1,7768	980,6	979,6	980,5		
46,0915	1,7689	980,5	979,7	980,6		
46,0999	1,7702	980,6	979,7	980,5		
46,1082	1,7697	980,5	979,7	980,5		
46,1165	1,7781	980,5	979,6	980,6		
46,1249	1,7746	980,5	979,6	980,5		
46,1332	1,7733	980,5	979,6	980,5		
46,1415	1,7759	980,5	979,7	980,6		
46,1499	1,7737	980,5	979,6	980,5		
46,1582	1,7781	980,4	979,6	980,4		
46,1665	1,7856	980,4	979,6	980,4		
46,1749	1,7812	980,5	979,6	980,5		
46,1832	1,7772	980,5	979,6	980,5		
46,1915	1,7825	980,5	979,6	980,5		
46,1999	1,7799	980,5	979,6	980,5		
46,2082	1,7865	980,5	979,6	980,5		
46,2165	1,7852	980,4	979,6	980,5		
46,2249	1,7848	980,5	979,6	980,5		
46,2332	1,7848	980,4	979,6	980,5		
46,2415	1,7958	980,5	979,7	980,6		
46,2499	1,7874	980,5	979,7	980,5		
46,2582	1,7843	980,4	979,6	980,5		
46,2665	1,7896	980,4	979,6	980,5		
46,2749	1,7870	980,5	979,6	980,5		
46,2832	1,7834	980,5	979,7	980,5		
46,2915	1,7945	980,4	979,6	980,5		
46,2999	1,7949	980,5	979,6	980,5		
46,3082	1,7993	980,4	979,6	980,6		
46,3165	1,7914	980,5	979,6	980,6		
46,3249	1,7918	980,5	979,6	980,5		
46,3332	1,7984	980,5	979,6	980,6		
46,3415	1,8064	980,5	979,7	980,6		
46,3499	1,7967	980,4	979,7	980,5		
46,3582	1,8011	980,5	979,6	980,6		
46,3665	1,7971	980,5	979,6	980,6		
46,3749	1,7998	980,4	979,6	980,5		
46,3832	1,8081	980,5	979,6	980,5		
46,3915	1,8121	980,5	979,6	980,5		
46,3999	1,8046	980,4	979,6	980,5		
46,4082	1,7927	980,5	979,6	980,5		
46,4165	1,8024	980,4	979,6	980,5		
46,4249	1,8081	980,5	979,6	980,5		
46,4332	1,8055	980,5	979,6	980,5		
46,4415	1,8042	980,4	979,6	980,5		
46,4499	1,8073	980,5	979,6	980,6		
46,4582	1,8117	980,5	979,7	980,5		
46,4665	1,8108	980,4	979,6	980,5		
46,4749	1,8033	980,4	979,6	980,5		
46,4832	1,8139	980,5	979,6	980,5		
46,4915	1,8108	980,5	979,6	980,6		
46,4999	1,8095	980,5	979,6	980,6		
46,5082	1,8112	980,4	979,6	980,5		
46,5165	1,8099	980,3	979,5	980,5		
46,5249	1,8104	980,5	979,6	980,5		
46,5332	1,8192	980,4	979,6	980,5		
46,5415	1,8223	980,4	979,6	980,4		
46,5499	1,8121	980,5	979,6	980,5		
46,5582	1,8187	980,5	979,6	980,5		
46,5665	1,8143	980,5	979,6	980,5		
46,5749	1,8232	980,5	979,5	980,4		
46,5832	1,8157	980,5	979,7	980,6		
46,5915	1,8170	980,5	979,6	980,5		
46,5999	1,8139	980,5	979,6	980,5		
46,6082	1,8245	980,6	979,7	980,6		
46,6165	1,8298	980,5	979,6	980,6		
46,6249	1,8148	980,5	979,6	980,5		
46,6332	1,8223	980,5	979,6	980,5		
46,6415	1,8165	980,5	979,6	980,5		
46,6499	1,8227	980,5	979,6	980,5		
46,6582	1,8192	980,5	979,6	980,5		
46,6665	1,8179	980,5	979,6	980,5		
46,6749	1,8329	980,6	979,6	980,5		
46,6832	1,8232	980,5	979,6	980,5		
46,6915	1,8307	980,5	979,6	980,5		
46,6999	1,8232	980,6	979,7	980,6		
46,7082	1,8302	980,5	979,7	980,5		
46,7165	1,8373	980,5	979,6	980,4		
46,7249	1,8311	980,5	979,6	980,5		
46,7332	1,8342	980,5	979,6	980,5		
46,7415	1,8355	980,5	979,6	980,5		
46,7499	1,8324	980,5	979,6	980,5		
46,7582	1,8391	980,5	979,6	980,5		
46,7665	1,8395	980,5	979,6	980,5		
46,7749	1,8355	980,5	979,7	980,6		
46,7832	1,8408	980,5	979,7	980,6		
46,7915	1,8452	980,5	979,7	980,5		
46,7999	1,8373	980,5	979,7	980,6		
46,8082	1,8399	980,5	979,7	980,6		
46,8165	1,8382	980,5	979,7	980,6		
46,8249	1,8510	980,5	979,6	980,5		
46,8332	1,8377	980,5	979,7	980,6		
46,8415	1,8338	980,5	979,6	980,5		
46,8499	1,8470	980,5	979,6	980,4		
46,8582	1,8426	980,6	979,7	980,5		
46,8665	1,8421	980,5	979,7	980,5		
46,8749	1,8457	980,5	979,6	980,6		
46,8832	1,8466	980,5	979,6	980,5		
46,8915	1,8541	980,6	979,7	980,7		
46,8999	1,8488	980,5	979,7	980,5		
46,9082	1,8514	980,5	979,6	980,6		
46,9165	1,8545	980,5	979,7	980,6		
46,9249	1,8563	980,5	979,6	980,5		
46,9332	1,8466	980,4	979,6	980,6		
46,9415	1,8580	980,5	979,7	980,6		
46,9499	1,8598	980,5	979,7	980,6		
46,9582	1,8466	980,5	979,7	980,6		
46,9665	1,8536	980,5	979,6	980,5		
46,9749	1,8505	980,5	979,6	980,6		
46,9832	1,8532	980,5	979,7	980,6		
46,9915	1,8598	980,5	979,6	980,5		
46,9999	1,8686	980,5	979,6	980,6		
47,0082	1,8536	980,5	979,7	980,6		
47,0165	1,8695	980,5	979,7	980,6		
47,0249	1,8549	980,5	979,6	980,5		
47,0332	1,8616	980,6	979,7	980,6		
47,0415	1,8730	980,5	979,7	980,6		
47,0499	1,8567	980,4	979,6	980,6		
47,0582	1,8638	980,5	979,6	980,5		
47,0665	1,8660	980,5	979,6	980,5		
47,0749	1,8682	980,6	979,7	980,6		
47,0832	1,8660	980,4	979,6	980,5		
47,0915	1,8770	980,5	979,6	980,6		
47,0999	1,8633	980,5	979,7	980,6		
47,1082	1,8655	980,5	979,6	980,5		
47,1165	1,8673	980,5	979,7	980,6		
47,1249	1,8700	980,5	979,6	980,6		
47,1332	1,8757	980,5	979,6	980,6		
47,1415	1,8651	980,6	979,6	980,7		
47,1499	1,8748	980,6	979,6	980,5		
47,1582	1,8744	980,6	979,7	980,6		
47,1665	1,8735	980,5	979,7	980,6		
47,1749	1,8686	980,5	979,6	980,6		
47,1832	1,8761	980,6	979,7	980,6		
47,1915	1,8792	980,5	979,6	980,5		
47,1999	1,8704	980,5	979,7	980,5		
47,2082	1,8748	980,5	979,7	980,5		
47,2165	1,8823	980,6	979,6	980,5		
47,2249	1,8757	980,6	979,7	980,5		
47,2332	1,8757	980,5	979,7	980,5		
47,2415	1,8814	980,5	979,6	980,5		
47,2499	1,8788	980,5	979,6	980,5		
47,2582	1,8797	980,6	979,7	980,6		
47,2665	1,8801	980,6	979,7	980,6		
47,2749	1,8867	980,6	979,6	980,6		
47,2832	1,8788	980,5	979,6	980,5		
47,2915	1,8854	980,6	979,6	980,5		
47,2999	1,8863	980,5	979,7	980,6		
47,3082	1,8863	980,5	979,7	980,5		
47,3165	1,8898	980,5	979,6	980,5		
47,3249	1,8916	980,5	979,6	980,5		
47,3332	1,8863	980,5	979,7	980,6		
47,3415	1,8925	980,5	979,6	980,5		
47,3499	1,8881	980,4	979,6	980,4		
47,3582	1,8867	980,5	979,6	980,5		
47,3665	1,8920	980,5	979,6	980,5		
47,3749	1,8951	980,5	979,6	980,5		
47,3832	1,8969	980,5	979,6	980,5		
47,3915	1,8964	980,5	979,7	980,6		
47,3999	1,8898	980,5	979,7	980,5		
47,4082	1,8978	980,6	979,7	980,6		
47,4165	1,9057	980,5	979,7	980,6		
47,4249	1,9035	980,5	979,6	980,5		
47,4332	1,8938	980,5	979,6	980,5		
47,4415	1,9053	980,5	979,6	980,5		
47,4499	1,8995	980,5	979,7	980,5		
47,4582	1,9079	980,5	979,7	980,6		
47,4665	1,9009	980,5	979,7	980,6		
47,4749	1,8960	980,6	979,7	980,6		
47,4832	1,9110	980,5	979,6	980,5		
47,4915	1,9092	980,4	979,5	980,5		
47,4999	1,9066	980,5	979,6	980,5		
47,5082	1,9039	980,6	979,7	980,5		
47,5165	1,9061	980,5	979,6	980,5		
47,5249	1,9110	980,4	979,6	980,5		
47,5332	1,9097	980,6	979,7	980,7		
47,5415	1,9150	980,5	979,7	980,7		
47,5499	1,9066	980,6	979,7	980,6		
47,5582	1,9088	980,6	979,7	980,6		
47,5665	1,9128	980,5	979,7	980,6		
47,5749	1,9185	980,5	979,7	980,6		
47,5832	1,9172	980,6	979,7	980,5		
47,5915	1,9114	980,6	979,7	980,6		
47,5999	1,9150	980,5	979,6	980,5		
47,6082	1,9167	980,6	979,7	980,6		
47,6165	1,9181	980,6	979,7	980,6		
47,6249	1,9225	980,5	979,6	980,4		
47,6332	1,9238	980,5	979,6	980,5		
47,6415	1,9225	980,5	979,7	980,6		
47,6499	1,9225	980,5	979,6	980,5		
47,6582	1,9207	980,5	979,6	980,5		
47,6665	1,9234	980,5	979,6	980,5		
47,6749	1,9265	980,5	979,6	980,6		
47,6832	1,9194	980,5	979,6	980,6		
47,6915	1,9198	980,5	979,6	980,5		
47,6999	1,9185	980,6	979,7	980,7		
47,7082	1,9242	980,6	979,8	980,7		
47,7165	1,9234	980,6	979,7	980,6		
47,7249	1,9304	980,5	979,7	980,7		
47,7332	1,9256	980,5	979,6	980,6		
47,7415	1,9340	980,6	979,7	980,6		
47,7499	1,9282	980,6	979,7	980,7		
47,7582	1,9357	980,6	979,7	980,6		
47,7665	1,9295	980,5	979,7	980,5		
47,7749	1,9309	980,6	979,7	980,5		
47,7832	1,9353	980,6	979,7	980,5		
47,7915	1,9371	980,6	979,7	980,5		
47,7999	1,9335	980,6	979,7	980,5		
47,8082	1,9318	980,5	979,6	980,5		
47,8165	1,9362	980,5	979,7	980,6		
47,8249	1,9371	980,6	979,7	980,6		
47,8332	1,9375	980,6	979,7	980,6		
47,8415	1,9357	980,6	979,7	980,6		
47,8499	1,9437	980,6	979,7	980,5		
47,8582	1,9423	980,5	979,6	980,5		
47,8665	1,9459	980,6	979,7	980,6		
47,8749	1,9459	980,5	979,6	980,5		
47,8832	1,9428	980,6	979,7	980,5		
47,8915	1,9481	980,6	979,7	980,5		
47,8999	1,9476	980,6	979,6	980,5		
47,9082	1,9547	980,5	979,6	980,5		
47,9165	1,9512	980,5	979,6	980,5		
47,9249	1,9485	980,5	979,7	980,6		
47,9332	1,9454	980,5	979,7	980,6		
47,9415	1,9503	980,5	979,7	980,6		
47,9499	1,9472	980,6	979,7	980,5		
47,9582	1,9543	980,4	979,7	980,5		
47,9665	1,9525	980,2	979,5	980,5		
47,9749	1,9516	980,4	979,6	980,6		
47,9832	1,9543	980,4	979,6	980,5		
47,9915	1,9591	980,4	979,6	980,5		
47,9999	1,9649	980,5	979,6	980,5		
48,0082	1,9675	980,4	979,6	980,5		
48,0165	1,9560	980,4	979,6	980,5		
48,0249	1,9556	980,4	979,6	980,6		
48,0332	1,9556	980,5	979,7	980,6		
48,0415	1,9551	980,5	979,6	980,5		
48,0499	1,9671	980,4	979,6	980,4		
48,0582	1,9653	980,5	979,6	980,5		
48,0665	1,9556	980,5	979,7	980,5		
48,0749	1,9600	980,5	979,7	980,5		
48,0832	1,9702	980,5	979,7	980,5		
48,0915	1,9662	980,5	979,6	980,5		
48,0999	1,9724	980,5	979,7	980,6		
48,1082	1,9613	980,5	979,6	980,6		
48,1165	1,9675	980,5	979,6	980,5		
48,1249	1,9649	980,5	979,7	980,5		
48,1332	1,9741	980,5	979,6	980,6		
48,1415	1,9671	980,5	979,7	980,6		
48,1499	1,9706	980,5	979,6	980,5		
48,1582	1,9755	980,4	979,6	980,5		
48,1665	1,9702	980,5	979,7	980,6		
48,1749	1,9724	980,5	979,7	980,6		
48,1832	1,9812	980,5	979,6	980,6		
48,1915	1,9728	980,5	979,7	980,6		
48,1999	1,9710	980,5	979,7	980,6		
48,2082	1,9785	980,5	979,6	980,6		
48,2165	1,9816	980,5	979,7	980,6		
48,2249	1,9741	980,5	979,6	980,6		
48,2332	1,9768	980,5	979,6	980,5		
48,2415	1,9812	980,5	979,6	980,5		
48,2499	1,9799	980,5	979,7	980,6		
48,2582	1,9869	980,5	979,7	980,5		
48,2665	1,9825	980,5	979,6	980,5		
48,2749	1,9891	980,5	979,6	980,6		
48,2832	1,9865	980,6	979,7	980,6		
48,2915	1,9781	980,6	979,7	980,6		
48,2999	1,9874	980,6	979,6	980,6		
48,3082	1,9936	980,5	979,6	980,5		
48,3165	1,9781	980,6	979,6	980,6		
48,3249	1,9905	980,6	979,7	980,6		
48,3332	1,9852	980,5	979,6	980,5		
48,3415	1,9878	980,6	979,7	980,6		
48,3499	1,9909	980,5	979,6	980,5		
48,3582	1,9958	980,5	979,6	980,5		
48,3665	1,9838	980,6	979,6	980,4		
48,3749	1,9936	980,5	979,6	980,5		
48,3832	1,9936	980,6	979,7	980,6		
48,3915	1,9958	980,6	979,7	980,5		
48,3999	1,9918	980,6	979,7	980,5		
48,4082	1,9944	980,5	979,7	980,5		
48,4165	1,9962	980,4	979,6	980,5		
48,4249	1,9984	980,4	979,6	980,5		
48,4332	2,0059	980,5	979,6	980,5		
48,4415	2,0046	980,6	979,7	980,5		
48,4499	2,0037	980,5	979,7	980,5		
48,4582	1,9971	980,5	979,6	980,5		
48,4665	2,0024	980,6	979,7	980,6		
48,4749	2,0002	980,6	979,7	980,5		
48,4832	2,0130	980,6	979,7	980,6		
48,4915	2,0086	980,6	979,7	980,6		
48,4999	2,0121	980,6	979,7	980,6		
48,5082	2,0068	980,6	979,6	980,6		
48,5165	2,0081	980,6	979,7	980,6		
48,5249	2,0139	980,6	979,7	980,5		
48,5332	2,0072	980,5	979,7	980,5		
48,5415	2,0037	980,5	979,7	980,5		
48,5499	2,0170	980,5	979,6	980,4		
48,5582	2,0103	980,5	979,7	980,6		
48,5665	2,0037	980,4	979,6	980,5		
48,5749	2,0156	980,3	979,6	980,5		
48,5832	2,0156	980,5	979,7	980,5		
48,5915	2,0117	980,6	979,7	980,5		
48,5999	2,0152	980,6	979,7	980,6		
48,6082	2,0174	980,6	979,7	980,5		
48,6165	2,0200	980,6	979,7	980,5		
48,6249	2,0227	980,5	979,7	980,7		
48,6332	2,0240	980,5	979,6	980,6		
48,6415	2,0187	980,6	979,7	980,6		
48,6499	2,0298	980,6	979,7	980,5		
48,6582	2,0258	980,5	979,7	980,6		
48,6665	2,0170	980,6	979,7	980,6		
48,6749	2,0258	980,6	979,7	980,6		
48,6832	2,0293	980,6	979,7	980,6		
48,6915	2,0337	980,5	979,6	980,5		
48,6999	2,0267	980,5	979,7	980,6		
48,7082	2,0267	980,5	979,7	980,6		
48,7165	2,0328	980,5	979,7	980,5		
48,7249	2,0293	980,5	979,7	980,6		
48,7332	2,0373	980,5	979,7	980,6		
48,7415	2,0302	980,5	979,7	980,6		
48,7499	2,0377	980,5	979,7	980,5		
48,7582	2,0302	980,4	979,6	980,5		
48,7665	2,0390	980,6	979,7	980,6		
48,7749	2,0408	980,5	979,7	980,5		
48,7832	2,0324	980,5	979,7	980,5		
48,7915	2,0395	980,5	979,7	980,6		
48,7999	2,0355	980,6	979,7	980,6		
48,8082	2,0395	980,5	979,7	980,5		
48,8165	2,0399	980,6	979,7	980,6		
48,8249	2,0430	980,6	979,7	980,5		
48,8332	2,0474	980,5	979,6	980,6		
48,8415	2,0381	980,5	979,7	980,5		
48,8499	2,0434	980,5	979,7	980,7		
48,8582	2,0456	980,6	979,7	980,7		
48,8665	2,0452	980,6	979,7	980,7		
48,8749	2,0505	980,5	979,7	980,6		
48,8832	2,0514	980,6	979,7	980,6		
48,8915	2,0421	980,6	979,7	980,6		
48,8999	2,0487	980,6	979,7	980,6		
48,9082	2,0487	980,6	979,7	980,6		
48,9165	2,0452	980,6	979,6	980,5		
48,9249	2,0483	980,6	979,6	980,5		
48,9332	2,0593	980,5	979,6	980,6		
48,9415	2,0470	980,6	979,6	980,5		
48,9499	2,0492	980,5	979,6	980,5		
48,9582	2,0518	980,6	979,7	980,6		
48,9665	2,0536	980,6	979,7	980,6		
48,9749	2,0554	980,6	979,7	980,6		
48,9832	2,0549	980,5	979,6	980,5		
48,9915	2,0576	980,6	979,6	980,6		
48,9999	2,0607	980,6	979,6	980,5		
49,0082	2,0562	980,6	979,7	980,5		
49,0165	2,0615	980,6	979,7	980,6		
49,0249	2,0637	980,6	979,7	980,6		
49,0332	2,0615	980,6	979,7	980,5		
49,0415	2,0562	980,5	979,6	980,5		
49,0499	2,0637	980,5	979,6	980,5		
49,0582	2,0668	980,5	979,6	980,5		
49,0665	2,0651	980,5	979,6	980,5		
49,0749	2,0735	980,6	979,7	980,5		
49,0832	2,0735	980,4	979,6	980,4		
49,0915	2,0690	980,5	979,6	980,5		
49,0999	2,0708	980,5	979,7	980,5		
49,1082	2,0765	980,5	979,7	980,6		
49,1165	2,0735	980,5	979,6	980,5		
49,1249	2,0792	980,6	979,7	980,5		
49,1332	2,0770	980,6	979,7	980,6		
49,1415	2,0708	980,5	979,7	980,5		
49,1499	2,0757	980,5	979,6	980,5		
49,1582	2,0779	980,6	979,7	980,6		
49,1665	2,0774	980,5	979,7	980,5		
49,1749	2,0893	980,5	979,6	980,5		
49,1832	2,0779	980,5	979,6	980,5		
49,1915	2,0938	980,4	979,6	980,5		
49,1999	2,0788	980,5	979,7	980,5		
49,2082	2,0902	980,5	979,7	980,5		
49,2165	2,0845	980,5	979,6	980,5		
49,2249	2,0863	980,6	979,7	980,7		
49,2332	2,0788	980,5	979,7	980,6		
49,2415	2,0849	980,5	979,7	980,6		
49,2499	2,0876	980,6	979,7	980,6		
49,2582	2,0973	980,6	979,7	980,6		
49,2665	2,0863	980,5	979,7	980,6		
49,2749	2,0982	980,4	979,6	980,5		
49,2832	2,0942	980,5	979,7	980,6		
49,2915	2,0893	980,6	979,7	980,6		
49,2999	2,0889	980,6	979,7	980,6		
49,3082	2,0955	980,6	979,7	980,6		
49,3165	2,0955	980,5	979,6	980,5		
49,3249	2,0942	980,6	979,6	980,6		
49,3332	2,0889	980,5	979,7	980,6		
49,3415	2,0955	980,6	979,7	980,6		
49,3499	2,1004	980,5	979,7	980,5		
49,3582	2,1057	980,5	979,7	980,6		
49,3665	2,1030	980,6	979,7	980,6		
49,3749	2,1145	980,4	979,7	980,7		
49,3832	2,0969	980,4	979,9	981,0		
49,3915	2,0982	980,5	979,9	980,9		
49,3999	2,1136	980,4	979,9	980,9		
49,4082	2,1052	980,4	979,8	980,8		
49,4165	2,1079	980,4	979,8	980,8		
49,4249	2,1013	980,4	979,8	980,8		
49,4332	2,1141	980,3	979,8	980,8		
49,4415	2,1141	980,6	979,9	980,9		
49,4499	2,1114	980,7	979,9	980,9		
49,4582	2,1110	980,6	979,9	980,8		
49,4665	2,1132	980,5	979,9	980,9		
49,4749	2,1097	980,5	979,9	980,8		
49,4832	2,1163	980,6	979,9	980,8		
49,4915	2,1202	980,6	979,9	980,9		
49,4999	2,1141	980,6	979,9	980,8		
49,5082	2,1163	980,6	979,9	980,8		
49,5165	2,1163	980,6	979,9	980,9		
49,5249	2,1185	980,7	980,0	980,9		
49,5332	2,1141	980,7	979,9	980,8		
49,5415	2,1176	980,6	980,0	980,9		
49,5499	2,1220	980,5	979,9	980,8		
49,5582	2,1242	980,6	979,9	980,8		
49,5665	2,1278	980,6	979,9	980,8		
49,5749	2,1278	980,5	979,9	980,8		
49,5832	2,1269	980,6	979,9	980,8		
49,5915	2,1238	980,5	979,8	980,7		
49,5999	2,1286	980,5	979,9	980,8		
49,6082	2,1295	980,6	979,9	980,8		
49,6165	2,1308	980,5	979,9	980,8		
49,6249	2,1353	980,6	979,9	980,8		
49,6332	2,1335	980,6	979,9	980,8		
49,6415	2,1331	980,6	979,9	980,8		
49,6499	2,1308	980,4	979,9	980,8		
49,6582	2,1432	980,9	980,1	980,9		
49,6665	2,1459	981,0	980,1	980,9		
49,6749	2,1375	980,6	980,0	980,8		
49,6832	2,1436	980,3	979,8	980,7		
49,6915	2,1357	980,4	979,8	980,8		
49,6999	2,1361	980,5	979,9	980,8		
49,7082	2,1383	980,4	979,8	980,8		
49,7165	2,1489	980,5	979,9	980,8		
49,7249	2,1366	980,4	979,9	980,8		
49,7332	2,1379	980,5	979,9	980,8		
49,7415	2,1485	980,5	980,0	980,9		
49,7499	2,1467	980,5	979,8	980,8		
49,7582	2,1494	980,5	979,9	980,8		
49,7665	2,1507	980,5	979,8	980,8		
49,7749	2,1556	980,5	979,8	980,8		
49,7832	2,1525	980,5	979,9	980,9		
49,7915	2,1507	980,5	979,9	980,8		
49,7999	2,1595	980,6	979,9	980,9		
49,8082	2,1476	980,5	979,9	980,8		
49,8165	2,1551	980,5	979,9	980,8		
49,8249	2,1507	980,5	979,9	980,8		
49,8332	2,1582	980,5	979,8	980,7		
49,8415	2,1538	980,5	979,9	980,8		
49,8499	2,1463	980,5	980,0	980,9		
49,8582	2,1604	980,5	979,9	980,8		
49,8665	2,1675	980,6	979,9	980,8		
49,8749	2,1560	980,5	979,9	980,8		
49,8832	2,1640	980,5	979,9	980,8		
49,8915	2,1582	980,5	979,9	980,8		
49,8999	2,1710	980,5	980,0	980,8		
49,9082	2,1657	980,5	979,9	980,8		
49,9165	2,1617	980,5	979,9	980,8		
49,9249	2,1670	980,5	979,9	980,8		
49,9332	2,1710	980,6	979,9	980,8		
49,9415	2,1635	980,6	979,9	980,8		
49,9499	2,1719	980,5	979,9	980,8		
49,9582	2,1701	980,6	979,9	980,9		
49,9665	2,1759	980,5	979,9	980,8		
49,9749	2,1706	980,6	979,9	980,8		
49,9832	2,1697	980,5	979,9	980,8		
49,9915	2,1723	980,5	979,9	980,8		
49,9999	2,1754	980,6	979,8	980,7		
50,0082	2,1715	980,5	979,9	980,8		
50,0165	2,1759	980,5	979,9	980,8		
50,0249	2,1887	980,6	979,9	980,8		
50,0332	2,1798	980,6	979,8	980,8		
50,0415	2,1741	980,5	979,9	980,7		
50,0499	2,1803	980,5	979,8	980,7		
50,0582	2,1821	980,5	979,8	980,7		
50,0665	2,1807	980,5	979,9	980,8		
50,0749	2,1843	980,5	979,8	980,7		
50,0832	2,1869	980,5	979,8	980,8		
50,0915	2,1887	980,6	979,9	980,8		
50,0999	2,1847	980,6	979,9	980,7		
50,1082	2,1790	980,6	979,8	980,7		
50,1165	2,1935	980,6	979,9	980,8		
50,1249	2,1816	980,6	979,8	980,7		
50,1332	2,1882	980,5	979,9	980,8		
50,1415	2,1851	980,6	979,9	980,8		
50,1499	2,1926	980,6	979,9	980,8		
50,1582	2,1873	980,6	979,9	980,7		
50,1665	2,1940	980,7	980,0	980,8		
50,1749	2,1962	980,6	979,9	980,8		
50,1832	2,1944	980,6	979,9	980,8		
50,1915	2,2072	980,6	979,9	980,8		
50,1999	2,1993	980,5	979,9	980,8		
50,2082	2,2024	980,6	979,9	980,8		
50,2165	2,2002	980,5	979,9	980,8		
50,2249	2,2019	980,5	979,9	980,7		
50,2332	2,2015	980,5	979,8	980,7		
50,2415	2,2041	980,6	979,9	980,9		
50,2499	2,2125	980,5	979,9	980,9		
50,2582	2,2050	980,5	979,9	980,8		
50,2665	2,2099	980,5	979,9	980,8		
50,2749	2,2107	980,5	979,9	980,8		
50,2832	2,2099	980,6	979,9	980,8		
50,2915	2,2156	980,5	979,9	980,8		
50,2999	2,2094	980,6	979,9	980,8		
50,3082	2,2169	980,5	979,8	980,8		
50,3165	2,2134	980,5	979,9	980,8		
50,3249	2,2156	980,5	979,9	980,8		
50,3332	2,2178	980,5	979,8	980,8		
50,3415	2,2143	980,5	979,9	980,8		
50,3499	2,2209	980,6	979,9	980,9		
50,3582	2,2213	980,5	979,9	980,8		
50,3665	2,2205	980,5	979,9	980,7		
50,3749	2,2235	980,5	979,8	980,8		
50,3832	2,2182	980,5	979,8	980,7		
50,3915	2,2196	980,5	979,9	980,9		
50,3999	2,2196	980,5	979,9	980,8		
50,4082	2,2209	980,6	979,9	980,8		
50,4165	2,2253	980,5	979,8	980,7		
50,4249	2,2288	980,5	979,9	980,8		
50,4332	2,2213	980,6	979,9	980,9		
50,4415	2,2311	980,5	979,9	980,9		
50,4499	2,2222	980,6	979,9	980,9		
50,4582	2,2271	980,6	979,9	980,8		
50,4665	2,2306	980,5	979,9	980,8		
50,4749	2,2324	980,6	980,0	980,8		
50,4832	2,2394	980,5	979,9	980,8		
50,4915	2,2306	980,5	979,9	980,8		
50,4999	2,2275	980,5	979,9	980,8		
50,5082	2,2337	980,5	979,9	980,8		
50,5165	2,2372	980,5	979,9	980,9		
50,5249	2,2359	980,5	979,9	980,7		
50,5332	2,2394	980,5	979,9	980,8		
50,5415	2,2359	980,6	979,9	980,8		
50,5499	2,2447	980,6	979,9	980,8		
50,5582	2,2430	980,5	979,9	980,8		
50,5665	2,2443	980,5	979,9	980,7		
50,5749	2,2474	980,6	979,9	980,8		
50,5832	2,2363	980,5	979,9	980,8		
50,5915	2,2421	980,5	979,9	980,7		
50,5999	2,2439	980,6	979,9	980,8		
50,6082	2,2439	980,6	980,0	980,9		
50,6165	2,2461	980,6	979,9	980,8		
50,6249	2,2478	980,6	979,9	980,8		
50,6332	2,2522	980,6	979,9	980,8		
50,6415	2,2500	980,6	980,0	980,8		
50,6499	2,2478	980,6	979,9	980,7		
50,6582	2,2509	980,6	979,9	980,8		
50,6665	2,2425	980,6	979,9	980,9		
50,6749	2,2544	980,6	979,9	980,8		
50,6832	2,2606	980,6	979,9	980,7		
50,6915	2,2606	980,7	979,9	980,8		
50,6999	2,2593	980,6	979,9	980,8		
50,7082	2,2549	980,6	979,9	980,8		
50,7165	2,2602	980,6	979,9	980,8		
50,7249	2,2602	980,6	979,9	980,8		
50,7332	2,2584	980,7	979,9	980,8		
50,7415	2,2593	980,7	979,9	980,8		
50,7499	2,2509	980,6	979,9	980,7		
50,7582	2,2650	980,7	980,0	980,8		
50,7665	2,2655	980,6	979,9	980,7		
50,7749	2,2650	980,6	979,9	980,7		
50,7832	2,2650	980,6	979,9	980,8		
50,7915	2,2730	980,6	979,9	980,7		
50,7999	2,2730	980,5	979,8	980,7		
50,8082	2,2690	980,6	979,9	980,8		
50,8165	2,2708	980,6	979,9	980,8		
50,8249	2,2748	980,5	979,9	980,7		
50,8332	2,2721	980,6	979,9	980,8		
50,8415	2,2756	980,6	979,9	980,8		
50,8499	2,2761	980,6	979,9	980,7		
50,8582	2,2761	980,5	979,9	980,7		
50,8665	2,2712	980,6	979,9	980,8		
50,8749	2,2898	980,5	979,8	980,8		
50,8832	2,2814	980,6	979,9	980,8		
50,8915	2,2814	980,6	979,9	980,8		
50,8999	2,2814	980,6	979,9	980,8		
50,9082	2,2814	980,6	979,9	980,8		
50,9165	2,2845	980,5	979,9	980,8		
50,9249	2,2827	980,5	979,9	980,7		
50,9332	2,2858	980,6	979,9	980,8		
50,9415	2,2845	980,6	979,9	980,8		
50,9499	2,2876	980,6	979,9	980,7		
50,9582	2,2871	980,6	979,9	980,8		
50,9665	2,2884	980,5	979,9	980,8		
50,9749	2,2889	980,6	980,0	980,8		
50,9832	2,2902	980,6	979,9	980,9		
50,9915	2,2924	980,5	979,9	980,8		
50,9999	2,2942	980,5	979,9	980,8		
51,0082	2,2955	980,6	979,9	980,8		
51,0165	2,2942	980,6	980,0	980,9		
51,0249	2,2964	980,5	979,9	980,7		
51,0332	2,2986	980,5	979,9	980,8		
51,0415	2,2964	980,6	980,0	980,8		
51,0499	2,3034	980,6	979,9	980,8		
51,0582	2,2977	980,6	979,9	980,8		
51,0665	2,3127	980,6	979,9	980,8		
51,0749	2,3048	980,6	979,9	980,8		
51,0832	2,3052	980,5	979,9	980,8		
51,0915	2,2964	980,5	979,9	980,9		
51,0999	2,3140	980,5	979,9	980,8		
51,1082	2,3043	980,6	979,9	980,8		
51,1165	2,3079	980,5	979,9	980,7		
51,1249	2,3127	980,5	979,9	980,8		
51,1332	2,3110	980,6	979,9	980,8		
51,1415	2,3105	980,6	979,9	980,9		
51,1499	2,3220	980,5	979,9	980,8		
51,1582	2,3096	980,5	979,9	980,8		
51,1665	2,3132	980,5	979,8	980,8		
51,1749	2,3154	980,4	979,8	980,7		
51,1832	2,3202	980,5	979,8	980,8		
51,1915	2,3207	980,5	979,8	980,8		
51,1999	2,3193	980,5	979,9	980,9		
51,2082	2,3224	980,5	979,9	980,8		
51,2165	2,3145	980,6	979,9	980,8		
51,2249	2,3264	980,6	979,9	980,8		
51,2332	2,3162	980,6	979,9	980,8		
51,2415	2,3299	980,6	979,9	980,8		
51,2499	2,3242	980,6	979,9	980,8		
51,2582	2,3268	980,6	979,9	980,8		
51,2665	2,3264	980,5	979,9	980,8		
51,2749	2,3304	980,5	979,8	980,8		
51,2832	2,3268	980,6	979,9	980,8		
51,2915	2,3313	980,6	979,9	980,8		
51,2999	2,3313	980,6	979,9	980,8		
51,3082	2,3304	980,6	979,8	980,7		
51,3165	2,3335	980,6	979,9	980,8		
51,3249	2,3427	980,6	979,9	980,8		
51,3332	2,3321	980,7	980,0	980,8		
51,3415	2,3388	980,6	979,9	980,7		
51,3499	2,3313	980,6	979,9	980,8		
51,3582	2,3299	980,7	980,0	980,8		
51,3665	2,3458	980,7	980,0	980,8		
51,3749	2,3388	980,7	980,0	980,8		
51,3832	2,3313	980,7	979,9	980,8		
51,3915	2,3357	980,7	979,9	980,9		
51,3999	2,3339	980,7	980,0	980,9		
51,4082	2,3472	980,6	979,9	980,8		
51,4165	2,3410	980,7	979,9	980,8		
51,4249	2,3454	980,6	980,0	980,8		
51,4332	2,3401	980,7	980,0	980,8		
51,4415	2,3547	980,6	979,9	980,8		
51,4499	2,3463	980,6	979,9	980,8		
51,4582	2,3498	980,5	979,9	980,7		
51,4665	2,3516	980,5	979,9	980,8		
51,4749	2,3533	980,6	980,0	980,9		
51,4832	2,3533	980,7	980,0	980,8		
51,4915	2,3502	980,5	979,9	980,8		
51,4999	2,3529	980,6	979,9	980,7		
51,5082	2,3547	980,6	979,9	980,8		
51,5165	2,3538	980,6	980,0	980,9		
51,5249	2,3494	980,6	980,0	980,8		
51,5332	2,3635	980,6	979,9	980,8		
51,5415	2,3630	980,6	980,0	980,8		
51,5499	2,3701	980,6	979,9	980,7		
51,5582	2,3683	980,6	979,9	980,8		
51,5665	2,3600	980,6	979,9	980,8		
51,5749	2,3569	980,6	980,0	980,8		
51,5832	2,3714	980,6	979,9	980,7		
51,5915	2,3648	980,5	979,9	980,8		
51,5999	2,3639	980,6	979,9	980,8		
51,6082	2,3705	980,6	979,9	980,8		
51,6165	2,3754	980,5	979,9	980,7		
51,6249	2,3679	980,5	979,9	980,8		
51,6332	2,3728	980,5	979,9	980,8		
51,6415	2,3705	980,5	979,9	980,8		
51,6499	2,3728	980,6	980,0	980,8		
51,6582	2,3723	980,5	979,8	980,8		
51,6665	2,3781	980,6	979,9	980,8		
51,6749	2,3856	980,5	979,9	980,8		
51,6832	2,3856	980,6	979,9	980,8		
51,6915	2,3754	980,6	979,9	980,8		
51,6999	2,3767	980,6	979,9	980,9		
51,7082	2,3816	980,6	979,9	980,9		
51,7165	2,3864	980,5	979,9	980,8		
51,7249	2,3838	980,5	979,8	980,8		
51,7332	2,3864	980,5	979,9	980,8		
51,7415	2,3891	980,5	979,8	980,8		
51,7499	2,3794	980,4	979,8	980,7		
51,7582	2,3957	980,5	979,8	980,8		
51,7665	2,3931	980,6	979,9	980,8		
51,7749	2,3856	980,5	979,9	980,8		
51,7832	2,3939	980,5	979,9	980,8		
51,7915	2,3997	980,7	980,0	980,8		
51,7999	2,4050	980,6	980,0	980,8		
51,8082	2,3953	980,6	979,9	980,8		
51,8165	2,3962	980,7	980,0	980,8		
51,8249	2,3970	980,6	980,0	980,9		
51,8332	2,3966	980,6	979,9	980,8		
51,8415	2,4014	980,6	979,9	980,8		
51,8499	2,4010	980,6	979,9	980,8		
51,8582	2,3988	980,6	979,9	980,8		
51,8665	2,4001	980,6	979,9	980,8		
51,8749	2,4054	980,7	979,9	980,7		
51,8832	2,3957	980,6	979,9	980,8		
51,8915	2,4090	980,6	979,8	980,8		
51,8999	2,4054	980,6	979,8	980,8		
51,9082	2,4081	980,5	979,9	980,8		
51,9165	2,4067	980,5	979,9	980,7		
51,9249	2,4081	980,6	979,9	980,8		
51,9332	2,4067	980,6	979,9	980,7		
51,9415	2,4116	980,5	979,9	980,8		
51,9499	2,4134	980,6	979,9	980,8		
51,9582	2,4169	980,7	979,9	980,8		
51,9665	2,4178	980,6	979,9	980,8		
51,9749	2,4142	980,6	979,9	980,8		
51,9832	2,4098	980,6	979,9	980,7		
51,9915	2,4218	980,6	980,0	980,8		
51,9999	2,4271	980,6	979,9	980,7		
52,0082	2,4288	980,6	979,8	980,7		
52,0165	2,4231	980,6	979,9	980,8		
52,0249	2,4187	980,6	979,9	980,7		
52,0332	2,4253	980,6	979,9	980,8		
52,0415	2,4328	980,6	979,9	980,8		
52,0499	2,4253	980,6	979,9	980,8		
52,0582	2,4310	980,6	979,9	980,7		
52,0665	2,4319	980,6	979,9	980,7		
52,0749	2,4297	980,6	979,9	980,8		
52,0832	2,4319	980,5	979,9	980,8		
52,0915	2,4293	980,6	979,9	980,9		
52,0999	2,4301	980,6	979,9	980,8		
52,1082	2,4359	980,6	979,9	980,8		
52,1165	2,4368	980,6	979,9	980,8		
52,1249	2,4319	980,6	979,9	980,8		
52,1332	2,4354	980,5	979,9	980,7		
52,1415	2,4350	980,6	979,9	980,8		
52,1499	2,4385	980,6	980,0	980,8		
52,1582	2,4425	980,6	979,9	980,8		
52,1665	2,4416	980,5	979,9	980,8		
52,1749	2,4399	980,6	980,0	980,8		
52,1832	2,4522	980,6	979,9	980,8		
52,1915	2,4438	980,6	979,9	980,7		
52,1999	2,4447	980,6	979,9	980,8		
52,2082	2,4474	980,5	979,8	980,8		
52,2165	2,4491	980,6	979,9	980,8		
52,2249	2,4518	980,6	979,9	980,7		
52,2332	2,4500	980,5	979,9	980,7		
52,2415	2,4509	980,6	980,0	980,8		
52,2499	2,4500	980,5	979,9	980,8		
52,2582	2,4474	980,6	979,9	980,8		
52,2665	2,4465	980,6	980,0	980,9		
52,2749	2,4610	980,5	979,8	980,7		
52,2832	2,4571	980,5	979,8	980,7		
52,2915	2,4632	980,5	979,8	980,8		
52,2999	2,4602	980,6	979,9	980,9		
52,3082	2,4588	980,6	979,9	980,8		
52,3165	2,4677	980,6	979,9	980,8		
52,3249	2,4593	980,6	979,9	980,8		
52,3332	2,4641	980,5	979,9	980,8		
52,3415	2,4721	980,6	979,9	980,8		
52,3499	2,4641	980,5	979,9	980,8		
52,3582	2,4610	980,6	979,9	980,8		
52,3665	2,4619	980,5	979,9	980,8		
52,3749	2,4685	980,6	979,9	980,8		
52,3832	2,4730	980,6	980,0	980,9		
52,3915	2,4725	980,6	979,9	980,8		
52,3999	2,4659	980,6	979,9	980,8		
52,4082	2,4743	980,6	979,9	980,8		
52,4165	2,4800	980,6	979,9	980,8		
52,4249	2,4747	980,5	979,9	980,7		
52,4332	2,4765	980,6	979,9	980,8		
52,4415	2,4761	980,6	979,9	980,8		
52,4499	2,4756	980,6	979,9	980,8		
52,4582	2,4822	980,6	979,9	980,8		
52,4665	2,4783	980,6	979,9	980,8		
52,4749	2,4827	980,6	979,9	980,8		
52,4832	2,4836	980,6	979,9	980,8		
52,4915	2,4756	980,6	979,9	980,8		
52,4999	2,4862	980,6	979,9	980,9		
52,5082	2,4911	980,7	980,0	980,9		
52,5165	2,4818	980,6	979,9	980,8		
52,5249	2,4822	980,6	979,9	980,8		
52,5332	2,4866	980,6	979,9	980,8		
52,5415	2,4972	980,6	980,0	980,9		
52,5499	2,4928	980,6	979,9	980,9		
52,5582	2,4924	980,7	980,0	980,9		
52,5665	2,4959	980,7	979,9	980,8		
52,5749	2,4862	980,6	979,9	980,8		
52,5832	2,4946	980,6	980,0	980,8		
52,5915	2,4968	980,7	980,0	980,9		
52,5999	2,4946	980,6	979,9	980,8		
52,6082	2,5039	980,5	979,8	980,7		
52,6165	2,4977	980,7	980,0	980,8		
52,6249	2,4986	980,7	979,9	980,8		
52,6332	2,5017	980,6	979,9	980,8		
52,6415	2,5043	980,6	979,9	980,8		
52,6499	2,5149	980,6	980,0	980,8		
52,6582	2,5074	980,6	979,9	980,7		
52,6665	2,5078	980,6	979,9	980,8		
52,6749	2,5056	980,6	979,9	980,8		
52,6832	2,5127	980,6	980,0	980,8		
52,6915	2,5096	980,6	980,0	980,8		
52,6999	2,5096	980,6	979,9	980,9		
52,7082	2,5167	980,6	979,9	980,8		
52,7165	2,5162	980,6	979,9	980,8		
52,7249	2,5149	980,6	979,9	980,8		
52,7332	2,5180	980,6	979,9	980,8		
52,7415	2,5180	980,6	980,0	980,8		
52,7499	2,5184	980,6	980,0	980,8		
52,7582	2,5184	980,5	979,9	980,7		
52,7665	2,5251	980,6	979,9	980,8		
52,7749	2,5255	980,6	979,9	980,8		
52,7832	2,5237	980,5	979,9	980,8		
52,7915	2,5202	980,6	980,0	980,9		
52,7999	2,5220	980,7	980,0	980,8		
52,8082	2,5286	980,6	979,9	980,8		
52,8165	2,5211	980,6	979,9	980,8		
52,8249	2,5259	980,5	979,9	980,9		
52,8332	2,5423	980,6	979,9	980,8		
52,8415	2,5303	980,5	979,9	980,8		
52,8499	2,5312	980,6	979,9	980,8		
52,8582	2,5290	980,6	980,0	980,8		
52,8665	2,5339	980,6	979,9	980,8		
52,8749	2,5339	980,5	979,9	980,8		
52,8832	2,5440	980,6	980,0	980,8		
52,8915	2,5405	980,6	979,9	980,8		
52,8999	2,5334	980,6	980,0	980,8		
52,9082	2,5414	980,6	980,0	980,8		
52,9165	2,5454	980,6	979,9	980,9		
52,9249	2,5387	980,6	979,9	980,8		
52,9332	2,5427	980,6	979,9	980,8		
52,9415	2,5484	980,7	980,0	980,9		
52,9499	2,5445	980,6	980,0	980,9		
52,9582	2,5560	980,6	979,9	980,8		
52,9665	2,5511	980,7	980,0	980,9		
52,9749	2,5480	980,7	980,0	980,8		
52,9832	2,5493	980,6	979,9	980,8		
52,9915	2,5533	980,6	979,9	980,9		
52,9999	2,5502	980,7	980,0	980,8		
53,0082	2,5502	980,6	979,9	980,8		
53,0165	2,5582	980,6	979,9	980,7		
53,0249	2,5529	980,7	980,0	980,9		
53,0332	2,5524	980,7	980,0	980,8		
53,0415	2,5617	980,7	979,9	980,8		
53,0499	2,5626	980,6	979,9	980,8		
53,0582	2,5573	980,7	980,0	980,9		
53,0665	2,5630	980,7	979,9	980,8		
53,0749	2,5630	980,6	979,9	980,8		
53,0832	2,5613	980,5	979,8	980,8		
53,0915	2,5705	980,6	979,9	980,8		
53,0999	2,5657	980,7	979,9	980,8		
53,1082	2,5665	980,7	980,0	980,8		
53,1165	2,5630	980,7	980,0	980,8		
53,1249	2,5643	980,7	979,9	980,8		
53,1332	2,5793	980,6	979,9	980,8		
53,1415	2,5758	980,7	979,9	980,8		
53,1499	2,5771	980,7	980,0	980,8		
53,1582	2,5727	980,7	979,9	980,8		
53,1665	2,5763	980,6	979,9	980,8		
53,1749	2,5802	980,6	979,9	980,8		
53,1832	2,5736	980,7	979,9	980,8		
53,1915	2,5749	980,7	980,0	980,8		
53,1999	2,5763	980,7	980,0	980,8		
53,2082	2,5811	980,7	979,9	980,8		
53,2165	2,5846	980,6	979,9	980,8		
53,2249	2,5860	980,7	980,0	980,8		
53,2332	2,5882	980,7	980,0	980,8		
53,2415	2,5944	980,6	979,9	980,7		
53,2499	2,5873	980,6	979,9	980,7		
53,2582	2,5846	980,6	980,0	980,9		
53,2665	2,5992	980,6	979,9	980,8		
53,2749	2,5904	980,6	979,9	980,7		
53,2832	2,6041	980,6	980,0	980,9		
53,2915	2,5948	980,6	979,9	980,8		
53,2999	2,6010	980,6	979,9	980,8		
53,3082	2,5974	980,6	980,0	980,8		
53,3165	2,6032	980,7	980,0	980,9		
53,3249	2,5988	980,6	979,9	980,7		
53,3332	2,6019	980,6	979,9	980,8		
53,3415	2,6005	980,6	980,0	980,9		
53,3499	2,6089	980,6	980,0	980,8		
53,3582	2,6036	980,6	979,9	980,7		
53,3665	2,5952	980,6	979,9	980,8		
53,3749	2,5997	980,6	979,9	980,8		
53,3832	2,6107	980,6	979,9	980,8		
53,3915	2,6045	980,5	979,9	980,7		
53,3999	2,6023	980,6	979,9	980,9		
53,4082	2,6116	980,6	979,9	980,8		
53,4165	2,6151	980,6	980,0	980,8		
53,4249	2,6089	980,5	979,9	980,7		
53,4332	2,6129	980,5	979,9	980,7		
53,4415	2,6195	980,6	979,9	980,8		
53,4499	2,6151	980,6	979,9	980,8		
53,4582	2,6217	980,6	979,9	980,8		
53,4665	2,6231	980,7	979,9	980,8		
53,4749	2,6208	980,6	979,9	980,8		
53,4832	2,6270	980,6	980,0	980,8		
53,4915	2,6182	980,6	979,9	980,7		
53,4999	2,6363	980,6	979,9	980,8		
53,5082	2,6283	980,7	980,0	980,9		
53,5165	2,6239	980,6	980,0	980,9		
53,5249	2,6332	980,7	980,0	980,8		
53,5332	2,6292	980,7	980,0	980,9		
53,5415	2,6354	980,6	980,0	980,8		
53,5499	2,6288	980,6	980,0	980,8		
53,5582	2,6301	980,6	980,0	980,8		
53,5665	2,6363	980,6	979,9	980,9		
53,5749	2,6350	980,7	980,0	980,9		
53,5832	2,6345	980,6	980,0	980,9		
53,5915	2,6460	980,6	980,0	980,8		
53,5999	2,6420	980,6	979,9	980,8		
53,6082	2,6389	980,6	980,0	980,9		
53,6165	2,6385	980,6	979,9	980,8		
53,6249	2,6372	980,6	979,9	980,8		
53,6332	2,6456	980,7	980,0	980,9		
53,6415	2,6469	980,6	979,9	980,8		
53,6499	2,6412	980,6	979,9	980,8		
53,6582	2,6526	980,6	980,0	980,9		
53,6665	2,6553	980,7	980,0	980,8		
53,6749	2,6509	980,6	980,0	980,8		
53,6832	2,6491	980,6	980,0	980,9		
53,6915	2,6447	980,6	980,0	980,9		
53,6999	2,6460	980,7	980,0	980,8		
53,7082	2,6540	980,6	979,9	980,8		
53,7165	2,6548	980,6	979,9	980,8		
53,7249	2,6570	980,7	980,0	980,8		
53,7332	2,6575	980,7	979,9	980,8		
53,7415	2,6570	980,7	979,9	980,8		
53,7499	2,6601	980,7	979,9	980,8		
53,7582	2,6584	980,7	980,0	980,8		
53,7665	2,6637	980,7	979,9	980,8		
53,7749	2,6606	980,6	980,0	980,8		
53,7832	2,6584	980,7	980,0	980,8		
53,7915	2,6738	980,6	979,9	980,8		
53,7999	2,6641	980,7	979,9	980,8		
53,8082	2,6659	980,7	980,0	980,8		
53,8165	2,6681	980,7	980,0	980,8		
53,8249	2,6668	980,6	980,0	980,8		
53,8332	2,6756	980,6	980,0	980,9		
53,8415	2,6707	980,7	979,9	980,8		
53,8499	2,6663	980,6	979,9	980,8		
53,8582	2,6751	980,7	979,9	980,7		
53,8665	2,6743	980,6	979,9	980,7		
53,8749	2,6769	980,6	980,0	980,8		
53,8832	2,6773	980,7	979,9	980,8		
53,8915	2,6809	980,7	979,9	980,7		
53,8999	2,6871	980,6	980,0	980,8		
53,9082	2,6840	980,7	980,0	980,8		
53,9165	2,6826	980,6	979,9	980,7		
53,9249	2,6871	980,7	980,0	980,8		
53,9332	2,6893	980,6	979,9	980,8		
53,9415	2,6893	980,7	980,0	981,0		
53,9499	2,6924	980,6	980,0	980,9		
53,9582	2,6902	980,6	980,0	980,8		
53,9665	2,6950	980,7	980,0	980,8		
53,9749	2,6950	980,7	980,0	980,9		
53,9832	2,6981	980,7	980,0	980,8		
53,9915	2,6893	980,7	980,0	980,9		
53,9999	2,7007	980,7	980,0	980,9		
54,0082	2,6972	980,6	980,0	980,8		
54,0165	2,6999	980,7	980,0	980,8		
54,0249	2,7030	980,7	980,0	980,8		
54,0332	2,7087	980,7	980,0	980,9		
54,0415	2,7087	980,6	979,9	980,8		
54,0499	2,7030	980,6	980,0	980,9		
54,0582	2,7003	980,6	980,0	980,9		
54,0665	2,7100	980,7	980,0	980,8		
54,0749	2,7144	980,7	980,0	980,9		
54,0832	2,7078	980,6	980,0	980,9		
54,0915	2,7131	980,5	979,9	980,9		
54,0999	2,7166	980,6	979,9	980,8		
54,1082	2,7100	980,8	980,0	980,9		
54,1165	2,7127	980,7	980,0	980,8		
54,1249	2,7127	980,7	980,0	980,8		
54,1332	2,7202	980,7	980,0	980,9		
54,1415	2,7219	980,7	980,0	980,8		
54,1499	2,7166	980,6	979,9	980,8		
54,1582	2,7149	980,7	980,0	980,8		
54,1665	2,7321	980,6	980,0	980,8		
54,1749	2,7250	980,6	980,0	980,9		
54,1832	2,7308	980,7	980,0	980,8		
54,1915	2,7233	980,6	979,9	980,7		
54,1999	2,7330	980,6	979,9	980,8		
54,2082	2,7303	980,7	980,0	980,9		
54,2165	2,7286	980,6	980,0	980,8		
54,2249	2,7308	980,6	980,0	980,9		
54,2332	2,7316	980,7	980,0	980,8		
54,2415	2,7303	980,6	979,9	980,8		
54,2499	2,7303	980,6	979,9	980,8		
54,2582	2,7449	980,6	979,9	980,8		
54,2665	2,7392	980,6	979,9	980,8		
54,2749	2,7365	980,6	979,9	980,8		
54,2832	2,7475	980,6	979,9	980,8		
54,2915	2,7418	980,7	980,0	980,9		
54,2999	2,7427	980,7	980,0	980,9		
54,3082	2,7316	980,7	980,0	980,8		
54,3165	2,7520	980,7	980,0	980,8		
54,3249	2,7506	980,7	980,0	980,9		
54,3332	2,7502	980,7	980,0	980,8		
54,3415	2,7506	980,6	979,9	980,7		
54,3499	2,7542	980,7	980,0	980,8		
54,3582	2,7444	980,7	979,9	980,8		
54,3665	2,7493	980,6	979,9	980,8		
54,3749	2,7502	980,6	979,9	980,8		
54,3832	2,7542	980,7	979,9	980,9		
54,3915	2,7612	980,7	980,0	980,8		
54,3999	2,7520	980,7	980,0	980,8		
54,4082	2,7550	980,7	980,0	980,8		
54,4165	2,7550	980,7	980,0	980,9		
54,4249	2,7621	980,7	980,0	980,8		
54,4332	2,7595	980,7	980,0	980,7		
54,4415	2,7643	980,7	980,0	980,8		
54,4499	2,7568	980,7	980,0	980,8		
54,4582	2,7661	980,7	979,9	980,8		
54,4665	2,7608	980,7	980,0	980,8		
54,4749	2,7581	980,7	980,0	980,8		
54,4832	2,7625	980,7	980,0	980,7		
54,4915	2,7692	980,7	980,0	980,8		
54,4999	2,7758	980,7	980,0	980,8		
54,5082	2,7784	980,6	979,9	980,7		
54,5165	2,7753	980,6	980,0	980,8		
54,5249	2,7776	980,7	980,0	980,9		
54,5332	2,7833	980,7	980,0	980,8		
54,5415	2,7793	980,6	980,0	980,8		
54,5499	2,7723	980,7	980,0	980,8		
54,5582	2,7771	980,7	980,0	980,9		
54,5665	2,7784	980,7	980,0	980,8		
54,5749	2,7837	980,7	980,0	980,9		
54,5832	2,7829	980,7	980,0	980,9		
54,5915	2,7833	980,7	979,9	980,8		
54,5999	2,7948	980,7	980,0	980,8		
54,6082	2,7864	980,7	979,9	980,8		
54,6165	2,7895	980,7	980,0	980,9		
54,6249	2,7859	980,6	980,0	980,8		
54,6332	2,7934	980,6	980,0	980,8		
54,6415	2,7934	980,7	980,1	980,9		
54,6499	2,7895	980,7	980,0	980,8		
54,6582	2,8005	980,6	979,9	980,8		
54,6665	2,8014	980,6	980,0	980,8		
54,6749	2,7970	980,7	980,0	980,9		
54,6832	2,7970	980,6	980,0	980,8		
54,6915	2,8018	980,6	980,0	980,9		
54,6999	2,8040	980,7	980,0	980,8		
54,7082	2,8005	980,6	980,0	980,8		
54,7165	2,8124	980,6	980,0	980,8		
54,7249	2,8089	980,6	980,0	980,8		
54,7332	2,8010	980,6	979,9	980,8		
54,7415	2,8071	980,6	979,9	980,8		
54,7499	2,8054	980,6	980,0	980,9		
54,7582	2,8168	980,7	980,1	980,9		
54,7665	2,8111	980,7	980,0	980,8		
54,7749	2,8257	980,6	980,0	980,9		
54,7832	2,8160	980,6	980,0	980,9		
54,7915	2,8186	980,6	979,9	980,8		
54,7999	2,8230	980,6	979,9	980,9		
54,8082	2,8248	980,7	980,0	980,9		
54,8165	2,8266	980,7	980,0	980,9		
54,8249	2,8239	980,7	979,9	980,8		
54,8332	2,8151	980,7	980,0	980,8		
54,8415	2,8252	980,7	980,0	980,9		
54,8499	2,8213	980,7	980,0	980,8		
54,8582	2,8296	980,7	980,0	980,9		
54,8665	2,8283	980,6	979,9	980,8		
54,8749	2,8354	980,6	979,9	980,8		
54,8832	2,8301	980,7	980,0	980,9		
54,8915	2,8283	980,7	980,0	980,9		
54,8999	2,8279	980,7	980,1	980,9		
54,9082	2,8349	980,7	980,0	980,8		
54,9165	2,8363	980,6	980,0	980,8		
54,9249	2,8402	980,6	980,0	980,9		
54,9332	2,8336	980,6	979,9	980,8		
54,9415	2,8451	980,9	980,1	980,9		
54,9499	2,8460	981,2	980,2	980,9		
54,9582	2,8376	981,0	980,2	980,9		
54,9665	2,8495	980,7	980,0	980,8		
54,9749	2,8495	980,7	980,0	980,8		
54,9832	2,8553	980,8	980,0	980,8		
54,9915	2,8451	980,8	980,0	980,8		
54,9999	2,8535	980,7	980,0	980,9		
55,0082	2,8491	980,8	980,0	980,9		
55,0165	2,8473	980,8	980,0	980,8		
55,0249	2,8473	980,8	980,0	980,8		
55,0332	2,8451	980,8	980,0	980,9		
55,0415	2,8597	980,8	980,0	980,9		
55,0499	2,8645	980,8	980,0	980,8		
55,0582	2,8597	980,8	980,0	980,7		
55,0665	2,8614	980,7	979,9	980,8		
55,0749	2,8570	980,7	979,9	980,8		
55,0832	2,8491	980,7	980,0	980,8		
55,0915	2,8641	980,7	980,0	980,9		
55,0999	2,8592	980,7	980,0	980,9		
55,1082	2,8654	980,8	980,0	980,8		
55,1165	2,8601	980,8	980,0	980,9		
55,1249	2,8689	980,8	980,0	980,8		
55,1332	2,8628	980,7	980,0	980,9		
55,1415	2,8716	980,7	980,0	980,8		
55,1499	2,8685	980,7	980,0	980,8		
55,1582	2,8676	980,7	980,0	980,8		
55,1665	2,8658	980,8	980,0	980,8		
55,1749	2,8751	980,7	980,0	980,8		
55,1832	2,8813	980,6	980,0	980,7		
55,1915	2,8778	980,6	979,9	980,7		
55,1999	2,8720	980,6	979,9	980,7		
55,2082	2,8747	980,6	980,0	980,8		
55,2165	2,8879	980,5	979,9	980,7		
55,2249	2,8826	980,5	979,9	980,7		
55,2332	2,8910	980,6	980,0	980,8		
55,2415	2,8791	980,5	979,9	980,7		
55,2499	2,8844	980,6	979,9	980,8		
55,2582	2,8941	980,6	979,9	980,8		
55,2665	2,8941	980,7	980,0	980,8		
55,2749	2,8963	980,7	980,0	980,8		
55,2832	2,8972	980,7	980,0	980,8		
55,2915	2,8981	980,7	980,0	980,8		
55,2999	2,9007	980,6	980,0	980,8		
55,3082	2,8967	980,6	980,0	980,8		
55,3165	2,8910	980,7	980,1	980,9		
55,3249	2,8981	980,7	980,1	981,0		
55,3332	2,8998	980,7	980,1	980,9		
55,3415	2,9043	980,7	980,0	980,8		
55,3499	2,9051	980,6	980,0	980,9		
55,3582	2,9043	980,7	979,9	980,8		
55,3665	2,9012	980,6	979,9	980,8		
55,3749	2,9034	980,7	980,0	980,8		
55,3832	2,9109	980,7	980,0	980,8		
55,3915	2,9122	980,6	980,0	980,9		
55,3999	2,9135	980,7	980,0	980,8		
55,4082	2,9135	980,6	980,0	980,8		
55,4165	2,9210	980,6	980,0	980,8		
55,4249	2,9131	980,7	980,0	980,8		
55,4332	2,9157	980,6	980,0	980,8		
55,4415	2,9153	980,7	980,0	980,8		
55,4499	2,9250	980,7	980,0	980,8		
55,4582	2,9197	980,6	979,9	980,7		
55,4665	2,9157	980,7	980,0	980,8		
55,4749	2,9263	980,7	980,0	980,9		
55,4832	2,9250	980,7	980,0	980,9		
55,4915	2,9321	980,6	980,0	980,9		
55,4999	2,9325	980,7	980,0	980,8		
55,5082	2,9259	980,6	980,0	980,8		
55,5165	2,9382	980,7	980,0	980,9		
55,5249	2,9307	980,7	980,0	980,9		
55,5332	2,9272	980,7	980,0	980,8		
55,5415	2,9334	980,6	980,0	980,9		
55,5499	2,9387	980,7	980,0	980,9		
55,5582	2,9290	980,8	980,1	980,9		
55,5665	2,9413	980,7	980,0	980,8		
55,5749	2,9475	980,7	980,0	980,9		
55,5832	2,9418	980,6	980,0	980,9		
55,5915	2,9409	980,7	980,1	981,0		
55,5999	2,9497	980,8	980,1	980,9		
55,6082	2,9404	980,7	980,0	980,9		
55,6165	2,9391	980,7	980,0	980,9		
55,6249	2,9555	980,7	980,0	980,9		
55,6332	2,9541	980,7	980,0	980,8		
55,6415	2,9484	980,7	980,1	980,9		
55,6499	2,9603	980,7	980,0	980,9		
55,6582	2,9612	980,7	980,0	980,9		
55,6665	2,9577	980,7	980,0	980,8		
55,6749	2,9555	980,7	980,0	980,8		
55,6832	2,9537	980,7	980,0	980,8		
55,6915	2,9559	980,7	979,9	980,8		
55,6999	2,9590	980,6	980,0	980,8		
55,7082	2,9603	980,7	979,9	980,7		
55,7165	2,9696	980,7	980,0	980,8		
55,7249	2,9634	980,6	980,0	980,8		
55,7332	2,9674	980,6	980,0	980,8		
55,7415	2,9762	980,6	979,9	980,8		
55,7499	2,9700	980,7	980,0	980,9		
55,7582	2,9683	980,7	980,0	980,9		
55,7665	2,9683	980,7	980,0	980,8		
55,7749	2,9709	980,7	979,9	980,8		
55,7832	2,9744	980,7	980,0	980,8		
55,7915	2,9709	980,8	980,0	980,9		
55,7999	2,9766	980,7	980,0	980,8		
55,8082	2,9766	980,8	980,0	980,8		
55,8165	2,9797	980,6	979,9	980,8		
55,8249	2,9753	980,8	980,0	980,9		
55,8332	2,9775	980,7	979,9	980,8		
55,8415	2,9718	980,7	980,0	980,8		
55,8499	2,9846	980,8	980,0	980,9		
55,8582	2,9824	980,8	980,0	980,8		
55,8665	2,9802	980,7	980,0	980,8		
55,8749	2,9811	980,7	980,0	980,8		
55,8832	2,9850	980,7	980,0	980,8		
55,8915	2,9842	980,7	980,0	980,8		
55,8999	2,9939	980,7	980,0	980,8		
55,9082	3,0027	980,7	980,0	980,8		
55,9165	2,9965	980,7	979,9	980,7		
55,9249	2,9903	980,7	980,0	980,8		
55,9332	3,0000	980,7	980,0	980,8		
55,9415	2,9947	980,8	980,0	980,9		
55,9499	3,0009	980,8	980,1	980,9		
55,9582	2,9996	980,7	980,0	980,8		
55,9665	2,9961	980,6	980,0	980,8		
55,9749	3,0062	980,7	979,9	980,7		
55,9832	3,0062	980,6	980,0	980,8		
55,9915	3,0102	980,7	980,0	980,9		
55,9999	3,0049	980,7	980,0	980,8		
56,0082	3,0164	980,6	980,0	980,8		
56,0165	3,0128	980,7	980,0	980,8		
56,0249	3,0120	980,7	980,0	980,9		
56,0332	3,0106	980,7	980,0	980,8		
56,0415	3,0173	980,6	979,9	980,8		
56,0499	3,0204	980,7	980,0	980,9		
56,0582	3,0217	980,7	980,0	980,9		
56,0665	3,0155	980,7	980,0	980,8		
56,0749	3,0279	980,7	980,0	980,8		
56,0832	3,0323	980,7	980,0	980,8		
56,0915	3,0243	980,7	980,0	980,8		
56,0999	3,0217	980,7	980,0	980,8		
56,1082	3,0283	980,7	980,0	980,8		
56,1165	3,0283	980,7	980,0	980,8		
56,1249	3,0314	980,7	980,0	980,9		
56,1332	3,0318	980,7	979,9	980,8		
56,1415	3,0270	980,7	980,0	980,8		
56,1499	3,0296	980,7	980,0	980,9		
56,1582	3,0332	980,7	980,0	980,9		
56,1665	3,0482	980,7	979,9	980,8		
56,1749	3,0371	980,7	980,0	980,9		
56,1832	3,0442	980,7	980,0	980,9		
56,1915	3,0424	980,7	980,0	980,8		
56,1999	3,0429	980,8	980,0	980,9		
56,2082	3,0464	980,7	980,0	980,9		
56,2165	3,0565	980,7	980,0	980,9		
56,2249	3,0504	980,7	979,9	980,9		
56,2332	3,0482	980,8	980,0	980,9		
56,2415	3,0618	980,7	980,0	980,8		
56,2499	3,0513	980,7	980,0	980,9		
56,2582	3,0574	980,7	980,1	980,9		
56,2665	3,0583	980,7	980,0	980,8		
56,2749	3,0667	980,7	980,0	980,8		
56,2832	3,0641	980,7	980,0	980,9		
56,2915	3,0579	980,7	980,0	980,9		
56,2999	3,0601	980,7	980,1	980,9		
56,3082	3,0579	980,7	980,1	980,8		
56,3165	3,0636	980,7	980,0	980,8		
56,3249	3,0742	980,7	980,0	980,9		
56,3332	3,0623	980,7	980,1	980,9		
56,3415	3,0570	980,7	980,1	980,9		
56,3499	3,0738	980,7	980,0	980,8		
56,3582	3,0755	980,7	980,0	980,8		
56,3665	3,0694	980,8	980,0	980,9		
56,3749	3,0702	980,8	980,1	980,9		
56,3832	3,0733	980,7	980,0	980,8		
56,3915	3,0804	980,8	980,0	980,9		
56,3999	3,0844	980,7	980,0	980,8		
56,4082	3,0760	980,7	980,0	980,8		
56,4165	3,0813	980,6	980,0	980,9		
56,4249	3,0866	980,7	980,0	980,9		
56,4332	3,0791	980,8	980,1	980,9		
56,4415	3,0848	980,7	980,0	980,8		
56,4499	3,0844	980,6	980,0	980,8		
56,4582	3,0844	980,7	980,0	980,8		
56,4665	3,0901	980,7	979,9	980,8		
56,4749	3,0923	980,7	979,9	980,9		
56,4832	3,0786	980,7	980,0	980,8		
56,4915	3,0901	980,8	980,0	980,8		
56,4999	3,0905	980,7	980,0	980,8		
56,5082	3,0923	980,7	980,0	980,9		
56,5165	3,1003	980,7	979,9	980,8		
56,5249	3,0945	980,7	980,0	980,8		
56,5332	3,0914	980,7	980,0	980,8		
56,5415	3,0976	980,8	980,1	980,9		
56,5499	3,0954	980,8	980,0	980,8		
56,5582	3,0976	980,7	980,0	980,8		
56,5665	3,1082	980,8	980,0	980,8		
56,5749	3,1170	980,8	980,0	980,8		
56,5832	3,1100	980,8	980,0	980,9		
56,5915	3,1100	980,8	980,0	980,8		
56,5999	3,1069	980,8	980,0	980,8		
56,6082	3,1126	980,7	980,0	980,8		
56,6165	3,1113	980,8	980,1	980,9		
56,6249	3,1161	980,9	980,1	980,9		
56,6332	3,1113	980,8	980,1	980,8		
56,6415	3,1161	980,8	980,0	980,8		
56,6499	3,1241	980,7	980,0	980,8		
56,6582	3,1148	980,7	980,0	980,8		
56,6665	3,1259	980,6	980,0	980,8		
56,6749	3,1289	980,7	980,0	980,8		
56,6832	3,1184	980,6	979,9	980,8		
56,6915	3,1254	980,7	980,0	980,8		
56,6999	3,1289	980,7	979,9	980,7		
56,7082	3,1281	980,6	980,0	980,8		
56,7165	3,1298	980,6	980,0	980,8		
56,7249	3,1276	980,6	980,0	980,9		
56,7332	3,1303	980,7	980,1	980,8		
56,7415	3,1373	980,7	980,0	980,8		
56,7499	3,1338	980,7	980,0	980,8		
56,7582	3,1382	980,7	980,1	980,9		
56,7665	3,1413	980,6	980,0	980,8		
56,7749	3,1351	980,7	980,0	980,9		
56,7832	3,1378	980,7	980,0	980,9		
56,7915	3,1409	980,7	980,0	980,8		
56,7999	3,1435	980,7	980,0	980,8		
56,8082	3,1431	980,7	980,1	980,9		
56,8165	3,1466	980,7	980,0	980,9		
56,8249	3,1568	980,7	980,0	980,9		
56,8332	3,1523	980,6	980,0	980,8		
56,8415	3,1510	980,7	980,1	980,9		
56,8499	3,1470	980,7	980,0	980,8		
56,8582	3,1581	980,7	980,0	980,8		
56,8665	3,1568	980,6	980,0	980,8		
56,8749	3,1621	980,6	980,0	980,8		
56,8832	3,1568	980,7	980,0	980,9		
56,8915	3,1607	980,7	980,0	980,9		
56,8999	3,1621	980,7	980,0	980,8		
56,9082	3,1651	980,7	980,0	980,9		
56,9165	3,1678	980,7	980,1	981,0		
56,9249	3,1612	980,7	980,0	980,9		
56,9332	3,1656	980,8	980,0	980,9		
56,9415	3,1744	980,8	980,0	980,9		
56,9499	3,1674	980,7	980,0	980,8		
56,9582	3,1744	980,7	980,0	980,8		
56,9665	3,1735	980,7	980,0	980,8		
56,9749	3,1797	980,8	980,0	980,9		
56,9832	3,1806	980,7	980,0	980,8		
56,9915	3,1788	980,7	980,0	980,8		
56,9999	3,1815	980,7	980,0	980,8		
57,0082	3,1793	980,7	980,1	980,9		
57,0165	3,1810	980,8	980,1	980,9		
57,0249	3,1775	980,7	980,0	980,7		
57,0332	3,1868	980,8	980,1	980,9		
57,0415	3,1806	980,7	980,0	980,8		
57,0499	3,1921	980,7	980,1	980,9		
57,0582	3,1916	980,7	980,1	980,9		
57,0665	3,1903	980,7	980,0	980,8		
57,0749	3,1965	980,7	980,0	980,9		
57,0832	3,1938	980,7	980,1	980,9		
57,0915	3,1943	980,8	980,1	980,8		
57,0999	3,2000	980,7	980,0	980,8		
57,1082	3,1969	980,7	980,1	980,9		
57,1165	3,2035	980,8	980,0	980,8		
57,1249	3,2044	980,8	980,0	980,9		
57,1332	3,1991	980,8	980,1	980,9		
57,1415	3,2044	980,8	980,1	980,9		
57,1499	3,2013	980,7	980,0	980,8		
57,1582	3,2066	980,8	980,0	980,8		
57,1665	3,2137	980,8	980,0	980,9		
57,1749	3,2075	980,7	980,0	980,8		
57,1832	3,2088	980,7	980,0	980,8		
57,1915	3,2141	980,7	980,0	980,8		
57,1999	3,2159	980,8	980,0	980,8		
57,2082	3,2247	980,8	980,0	980,9		
57,2165	3,2164	980,8	980,0	980,8		
57,2249	3,2190	980,8	980,0	980,8		
57,2332	3,2186	980,8	980,0	980,8		
57,2415	3,2252	980,8	980,0	980,8		
57,2499	3,2177	980,8	980,1	980,9		
57,2582	3,2318	980,8	980,0	980,8		
57,2665	3,2292	980,7	980,0	980,8		
57,2749	3,2243	980,8	980,1	980,8		
57,2832	3,2252	980,8	980,0	980,8		
57,2915	3,2296	980,8	980,0	980,8		
57,2999	3,2336	980,7	980,0	980,8		
57,3082	3,2345	980,7	980,0	980,8		
57,3165	3,2345	980,7	980,0	980,8		
57,3249	3,2345	980,7	980,0	980,8		
57,3332	3,2336	980,8	980,1	980,8		
57,3415	3,2415	980,8	980,0	980,8		
57,3499	3,2437	980,7	980,0	980,8		
57,3582	3,2464	980,7	980,1	980,9		
57,3665	3,2402	980,7	980,0	980,8		
57,3749	3,2464	980,7	980,0	980,8		
57,3832	3,2530	980,8	980,1	980,8		
57,3915	3,2446	980,8	980,0	980,8		
57,3999	3,2570	980,7	980,0	980,8		
57,4082	3,2539	980,7	980,0	980,8		
57,4165	3,2539	980,7	980,0	980,8		
57,4249	3,2570	980,8	980,1	980,8		
57,4332	3,2702	980,8	980,0	980,8		
57,4415	3,2601	980,8	980,0	980,8		
57,4499	3,2724	980,7	980,0	980,8		
57,4582	3,2711	980,7	980,0	980,8		
57,4665	3,2645	980,7	980,0	980,8		
57,4749	3,2578	980,8	980,1	980,9		
57,4832	3,2720	980,7	980,0	980,8		
57,4915	3,2645	980,7	980,0	980,9		
57,4999	3,2755	980,8	980,0	980,9		
57,5082	3,2742	980,7	980,1	980,9		
57,5165	3,2755	980,7	980,0	980,8		
57,5249	3,2680	980,7	980,0	980,8		
57,5332	3,2746	980,7	980,0	980,8		
57,5415	3,2706	980,7	980,0	980,9		
57,5499	3,2804	980,8	980,1	980,9		
57,5582	3,2751	980,8	980,0	980,9		
57,5665	3,2799	980,7	980,1	980,9		
57,5749	3,2835	980,8	980,0	980,9		
57,5832	3,2861	980,7	980,0	980,9		
57,5915	3,2874	980,8	980,0	981,0		
57,5999	3,2901	980,7	980,0	980,8		
57,6082	3,2879	980,8	980,0	980,8		
57,6165	3,2901	980,7	980,0	980,9		
57,6249	3,2936	980,7	980,0	980,8		
57,6332	3,2971	980,7	980,0	980,8		
57,6415	3,2963	980,7	980,0	980,8		
57,6499	3,2963	980,8	980,0	980,9		
57,6582	3,3007	980,7	980,0	980,8		
57,6665	3,3033	980,7	980,0	980,8		
57,6749	3,3033	980,7	980,0	980,9		
57,6832	3,3002	980,7	980,0	980,9		
57,6915	3,3086	980,7	980,0	980,9		
57,6999	3,3042	980,8	980,1	980,9		
57,7082	3,3104	980,7	980,1	980,8		
57,7165	3,3121	980,7	980,0	980,8		
57,7249	3,3144	980,7	980,0	980,9		
57,7332	3,3135	980,7	980,0	980,8		
57,7415	3,3152	980,7	980,0	980,8		
57,7499	3,3126	980,8	980,1	980,9		
57,7582	3,3219	980,8	980,1	980,9		
57,7665	3,3117	980,8	980,1	980,9		
57,7749	3,3157	980,8	980,1	980,9		
57,7832	3,3267	980,7	980,1	980,8		
57,7915	3,3276	980,7	980,1	980,9		
57,7999	3,3267	980,8	980,1	981,0		
57,8082	3,3236	980,8	980,1	980,9		
57,8165	3,3347	980,7	980,0	980,8		
57,8249	3,3289	980,7	980,0	980,9		
57,8332	3,3369	980,7	980,0	980,9		
57,8415	3,3369	980,7	980,0	980,9		
57,8499	3,3311	980,7	980,0	980,8		
57,8582	3,3373	980,7	980,0	980,9		
57,8665	3,3400	980,8	980,1	980,9		
57,8749	3,3488	980,8	980,0	980,8		
57,8832	3,3510	980,8	980,0	980,8		
57,8915	3,3475	980,8	980,0	980,9		
57,8999	3,3413	980,7	980,0	980,8		
57,9082	3,3470	980,8	980,0	980,9		
57,9165	3,3475	980,7	980,0	980,9		
57,9249	3,3510	980,8	980,0	980,8		
57,9332	3,3448	980,8	980,0	980,9		
57,9415	3,3572	980,8	980,0	980,9		
57,9499	3,3497	980,8	980,0	980,9		
57,9582	3,3550	980,8	980,0	980,9		
57,9665	3,3541	980,8	980,0	980,8		
57,9749	3,3541	980,8	980,0	980,8		
57,9832	3,3673	980,8	980,0	980,9		
57,9915	3,3620	980,9	980,1	980,9		
57,9999	3,3651	980,9	980,1	980,9		
58,0082	3,3634	980,8	980,1	980,9		
58,0165	3,3629	980,8	980,1	980,9		
58,0249	3,3638	980,8	980,1	980,9		
58,0332	3,3563	980,8	980,1	980,9		
58,0416	3,3762	980,8	980,0	980,8		
58,0499	3,3717	980,8	980,1	980,9		
58,0582	3,3806	980,9	980,1	980,9		
58,0666	3,3819	980,9	980,1	980,8		
58,0749	3,3717	980,8	980,1	980,9		
58,0832	3,3850	980,8	980,0	980,8		
58,0916	3,3837	980,8	980,1	980,9		
58,0999	3,3815	980,8	980,1	980,9		
58,1082	3,3828	980,7	980,1	980,9		
58,1166	3,3797	980,8	980,0	980,9		
58,1249	3,3925	980,8	980,1	980,9		
58,1332	3,3943	980,7	980,0	980,9		
58,1416	3,3876	980,8	980,1	980,8		
58,1499	3,3863	980,8	980,0	980,8		
58,1582	3,3938	980,7	980,0	980,8		
58,1666	3,3965	980,7	980,0	980,8		
58,1749	3,3916	980,8	980,1	980,9		
58,1832	3,4026	980,7	980,0	980,8		
58,1916	3,4018	980,8	980,0	980,9		
58,1999	3,4048	980,7	980,1	980,9		
58,2082	3,4022	980,7	980,0	980,8		
58,2166	3,4075	980,7	980,0	980,9		
58,2249	3,4093	980,7	980,0	980,9		
58,2332	3,4022	980,7	980,0	980,8		
58,2416	3,4159	980,7	980,0	980,8		
58,2499	3,4216	980,7	980,0	980,8		
58,2582	3,4106	980,8	980,0	980,9		
58,2666	3,4110	980,7	980,1	980,8		
58,2749	3,4154	980,7	980,0	980,8		
58,2832	3,4221	980,8	980,0	980,9		
58,2916	3,4194	980,8	980,1	980,9		
58,2999	3,4212	980,7	980,0	980,9		
58,3082	3,4185	980,7	980,0	980,8		
58,3166	3,4225	980,7	980,0	980,9		
58,3249	3,4212	980,7	980,0	980,9		
58,3332	3,4410	980,8	980,0	980,8		
58,3416	3,4305	980,8	980,1	980,9		
58,3499	3,4291	980,8	980,0	980,8		
58,3582	3,4340	980,8	980,1	980,8		
58,3666	3,4357	980,8	980,1	980,9		
58,3749	3,4393	980,8	980,0	980,8		
58,3832	3,4388	980,8	980,0	980,8		
58,3916	3,4446	980,7	980,0	980,8		
58,3999	3,4357	980,7	980,0	980,9		
58,4082	3,4340	980,7	980,0	980,8		
58,4166	3,4459	980,7	980,0	980,9		
58,4249	3,4534	980,8	980,1	980,9		
58,4332	3,4472	980,8	980,1	980,9		
58,4416	3,4463	980,7	980,1	980,9		
58,4499	3,4499	980,8	980,0	980,8		
58,4582	3,4512	980,7	980,0	980,8		
58,4666	3,4512	980,8	980,0	980,8		
58,4749	3,4591	980,8	980,1	980,9		
58,4832	3,4543	980,8	980,1	980,9		
58,4916	3,4680	980,7	980,0	980,8		
58,4999	3,4636	980,7	980,0	980,9		
58,5082	3,4565	980,7	980,1	980,8		
58,5166	3,4631	980,7	980,1	980,9		
58,5249	3,4706	980,7	980,0	980,9		
58,5332	3,4658	980,8	980,0	980,9		
58,5416	3,4706	980,8	980,0	980,8		
58,5499	3,4728	980,8	980,1	980,9		
58,5582	3,4733	980,8	980,1	981,0		
58,5666	3,4839	980,8	980,0	980,9		
58,5749	3,4733	980,8	980,1	980,9		
58,5832	3,4892	980,8	980,1	980,9		
58,5916	3,4768	980,8	980,1	980,9		
58,5999	3,4861	980,9	980,1	980,9		
58,6082	3,4803	980,8	980,1	980,8		
58,6166	3,4865	980,8	980,0	980,8		
58,6249	3,4843	980,8	980,0	980,9		
58,6332	3,4861	980,8	980,1	980,8		
58,6416	3,4843	980,9	980,1	981,0		
58,6499	3,4887	980,8	980,1	980,9		
58,6582	3,4878	980,8	980,1	980,9		
58,6666	3,4989	980,8	980,1	980,9		
58,6749	3,4887	980,8	980,0	980,9		
58,6832	3,5011	980,9	980,1	980,9		
58,6916	3,4971	980,9	980,1	980,8		
58,6999	3,4878	980,9	980,1	981,0		
58,7082	3,5020	980,9	980,2	981,1		
58,7166	3,5033	980,9	980,1	980,9		
58,7249	3,5095	980,9	980,1	980,9		
58,7332	3,5064	980,9	980,1	980,9		
58,7416	3,5055	980,9	980,1	980,9		
58,7499	3,5077	980,9	980,1	981,0		
58,7582	3,5086	980,9	980,1	980,8		
58,7666	3,5201	980,8	980,1	980,8		
58,7749	3,5099	980,8	980,1	980,9		
58,7832	3,5073	980,9	980,1	980,8		
58,7916	3,5152	980,9	980,0	980,8		
58,7999	3,5192	980,8	980,0	980,8		
58,8082	3,5112	980,8	980,1	980,9		
58,8166	3,5209	980,9	980,1	981,0		
58,8249	3,5227	980,8	980,1	980,9		
58,8332	3,5311	980,8	980,0	980,7		
58,8416	3,5249	980,8	980,0	980,7		
58,8499	3,5320	980,8	980,1	980,9		
58,8582	3,5337	980,8	980,0	980,8		
58,8666	3,5377	980,8	980,0	980,7		
58,8749	3,5346	980,8	980,0	980,7		
58,8832	3,5324	980,7	979,9	980,7		
58,8916	3,5324	980,8	980,1	980,9		
58,8999	3,5426	980,8	980,1	980,9		
58,9082	3,5390	980,8	980,0	980,8		
58,9166	3,5466	980,8	980,1	980,9		
58,9249	3,5527	980,9	980,1	980,9		
58,9332	3,5443	980,8	980,1	980,9		
58,9416	3,5536	980,8	980,1	980,9		
58,9499	3,5510	980,9	980,2	981,1		
58,9582	3,5567	980,8	980,2	981,0		
58,9666	3,5567	980,8	980,1	980,9		
58,9749	3,5496	980,8	980,2	981,0		
58,9832	3,5594	980,8	980,1	981,0		
58,9916	3,5607	980,9	980,1	980,9		
58,9999	3,5633	980,9	980,1	980,9		
59,0082	3,5633	980,7	980,0	980,7		
59,0166	3,5607	980,7	980,0	980,8		
59,0249	3,5624	980,8	980,1	980,9		
59,0332	3,5585	980,8	980,1	980,9		
59,0416	3,5620	980,8	980,0	980,8		
59,0499	3,5713	980,8	980,0	980,9		
59,0582	3,5695	980,8	980,1	980,9		
59,0666	3,5735	980,8	980,1	980,9		
59,0749	3,5752	980,8	980,0	980,8		
59,0832	3,5805	980,8	980,1	980,9		
59,0916	3,5770	980,7	980,1	980,8		
59,0999	3,5845	980,8	980,0	980,9		
59,1082	3,5854	980,8	980,1	980,9		
59,1166	3,5858	980,8	980,1	980,9		
59,1249	3,5823	980,8	980,1	980,9		
59,1332	3,5872	980,8	980,1	980,9		
59,1416	3,5916	980,8	980,1	980,9		
59,1499	3,5845	980,8	980,1	980,9		
59,1582	3,5933	980,8	980,1	980,9		
59,1666	3,5925	980,8	980,1	980,9		
59,1749	3,6022	980,8	980,1	980,9		
59,1832	3,6013	980,8	980,0	980,9		
59,1916	3,6061	980,8	980,1	980,9		
59,1999	3,5986	980,8	980,1	980,9		
59,2082	3,6000	980,8	980,1	980,9		
59,2166	3,6061	980,8	980,0	980,9		
59,2249	3,6061	980,8	980,0	980,9		
59,2332	3,6110	980,8	980,1	980,9		
59,2416	3,6128	980,8	980,1	980,8		
59,2499	3,6132	980,8	980,1	980,9		
59,2582	3,6154	980,8	980,1	980,9		
59,2666	3,6101	980,8	980,1	980,9		
59,2749	3,6185	980,8	980,0	980,9		
59,2832	3,6145	980,8	980,1	981,0		
59,2916	3,6207	980,8	980,1	980,9		
59,2999	3,6167	980,8	980,2	981,0		
59,3082	3,6295	980,8	980,1	980,9		
59,3166	3,6282	980,8	980,1	980,9		
59,3249	3,6242	980,9	980,1	980,9		
59,3332	3,6309	980,8	980,1	981,0		
59,3416	3,6393	980,8	980,1	980,9		
59,3499	3,6388	980,8	980,1	980,9		
59,3582	3,6340	980,8	980,1	980,9		
59,3666	3,6415	980,8	980,1	980,9		
59,3749	3,6410	980,9	980,1	980,9		
59,3832	3,6401	980,8	980,1	980,9		
59,3916	3,6410	980,7	980,0	980,8		
59,3999	3,6379	980,8	980,1	980,9		
59,4082	3,6463	980,8	980,1	980,8		
59,4166	3,6454	980,8	980,1	980,8		
59,4249	3,6490	980,9	980,0	980,9		
59,4332	3,6459	980,9	980,1	980,9		
59,4416	3,6437	980,8	980,1	980,9		
59,4499	3,6423	980,8	980,1	980,8		
59,4582	3,6498	980,9	980,0	980,9		
59,4666	3,6565	980,9	980,1	980,9		
59,4749	3,6596	980,8	980,1	980,9		
59,4832	3,6596	980,8	980,0	980,8		
59,4916	3,6578	980,8	980,0	980,8		
59,4999	3,6666	980,8	980,1	980,9		
59,5082	3,6671	980,9	980,1	980,9		
59,5166	3,6671	980,8	980,0	980,8		
59,5249	3,6728	980,8	980,0	980,8		
59,5332	3,6684	980,8	980,0	980,9		
59,5416	3,6719	980,8	980,0	980,9		
59,5499	3,6626	980,9	980,1	980,8		
59,5582	3,6803	980,8	980,1	980,9		
59,5666	3,6768	980,8	980,0	980,8		
59,5749	3,6755	980,9	980,0	980,8		
59,5832	3,6830	980,8	980,0	980,8		
59,5916	3,6838	980,8	980,0	980,8		
59,5999	3,6852	980,8	980,0	980,8		
59,6082	3,6856	980,8	980,0	980,8		
59,6166	3,6905	980,7	980,1	980,8		
59,6249	3,6860	980,8	980,0	980,8		
59,6332	3,6887	980,8	980,1	980,8		
59,6416	3,6913	980,8	980,1	980,8		
59,6499	3,6962	980,8	980,1	980,9		
59,6582	3,6918	980,8	980,1	980,9		
59,6666	3,6900	980,9	980,1	980,9		
59,6749	3,6997	980,8	980,1	980,9		
59,6832	3,6953	980,8	980,1	980,9		
59,6916	3,7019	980,8	980,0	980,9		
59,6999	3,6931	980,8	980,1	980,9		
59,7082	3,7077	980,8	980,0	980,8		
59,7166	3,7143	980,8	980,1	980,9		
59,7249	3,7086	980,8	980,0	980,8		
59,7332	3,7068	980,8	980,0	980,9		
59,7416	3,7152	980,8	980,0	980,9		
59,7499	3,7152	980,8	980,1	980,9		
59,7582	3,7240	980,8	980,1	980,9		
59,7666	3,7218	980,8	980,1	980,9		
59,7749	3,7165	980,9	980,1	980,9		
59,7832	3,7222	980,8	980,1	980,9		
59,7916	3,7227	980,8	980,0	980,9		
59,7999	3,7293	980,8	980,0	980,8		
59,8082	3,7311	980,8	980,1	980,9		
59,8166	3,7342	980,9	980,1	981,0		
59,8249	3,7320	980,8	980,1	980,9		
59,8332	3,7311	980,9	980,1	981,0		
59,8416	3,7377	980,9	980,2	981,0		
59,8499	3,7315	980,8	980,1	980,9		
59,8582	3,7408	980,8	980,1	980,8		
59,8666	3,7501	980,9	980,0	980,9		
59,8749	3,7390	980,9	980,1	980,9		
59,8832	3,7403	980,8	980,0	980,9		
59,8916	3,7456	980,8	980,1	980,9		
59,8999	3,7434	980,8	980,1	980,9		
59,9082	3,7501	980,9	980,2	980,9		
59,9166	3,7474	980,8	980,1	980,8		
59,9249	3,7527	980,8	980,1	980,9		
59,9332	3,7509	980,8	980,1	980,9		
59,9416	3,7558	980,8	980,1	980,9		
59,9499	3,7624	980,8	980,1	980,8		
59,9582	3,7615	980,8	980,1	980,9		
59,9666	3,7624	980,9	980,2	981,0		
59,9749	3,7637	980,9	980,1	980,9		
59,9832	3,7677	980,9	980,2	981,1		
59,9916	3,7664	980,9	980,2	981,1		
59,9999	3,7699	980,9	980,2	980,9		
60,0082	3,7699	980,8	980,1	981,0		
60,0166	3,7757	980,8	980,1	981,0		
60,0249	3,7770	980,8	980,2	980,9		
60,0332	3,7823	980,8	980,1	980,9		
60,0416	3,7796	980,8	980,1	980,9		
60,0499	3,7792	980,9	980,2	981,0		
60,0582	3,7871	980,9	980,1	980,9		
60,0666	3,7827	980,8	980,1	980,9		
60,0749	3,7907	980,9	980,1	980,9		
60,0832	3,7840	980,9	980,1	980,9		
60,0916	3,7880	980,9	980,1	980,9		
60,0999	3,7893	980,8	980,1	980,9		
60,1082	3,7982	980,9	980,1	981,0		
60,1166	3,7968	980,8	980,1	980,9		
60,1249	3,7951	980,9	980,1	980,9		
60,1332	3,7933	980,9	980,1	980,9		
60,1416	3,7986	980,9	980,1	980,9		
60,1499	3,7986	980,8	980,1	980,9		
60,1582	3,7999	980,8	980,0	980,9		
60,1666	3,8092	980,9	980,1	980,9		
60,1749	3,8035	980,9	980,1	980,9		
60,1832	3,8114	980,9	980,1	980,9		
60,1916	3,8088	980,9	980,1	980,9		
60,1999	3,8127	980,9	980,1	980,9		
60,2082	3,8127	981,0	980,1	980,9		
60,2166	3,8211	980,9	980,1	980,9		
60,2249	3,8202	980,9	980,1	980,8		
60,2332	3,8198	981,0	980,2	980,9		
60,2416	3,8251	981,0	980,2	980,9		
60,2499	3,8185	980,9	980,1	980,8		
60,2582	3,8189	980,9	980,1	980,9		
60,2666	3,8176	981,0	980,1	980,9		
60,2749	3,8286	981,0	980,1	980,9		
60,2832	3,8397	980,9	980,1	981,0		
60,2916	3,8335	981,0	980,1	980,9		
60,2999	3,8348	981,0	980,1	980,9		
60,3082	3,8353	980,8	980,1	980,8		
60,3166	3,8401	980,9	980,1	980,9		
60,3249	3,8361	980,9	980,1	980,9		
60,3332	3,8441	980,8	980,1	980,9		
60,3416	3,8432	980,8	980,2	981,0		
60,3499	3,8410	980,9	980,2	980,9		
60,3582	3,8485	980,9	980,1	980,9		
60,3666	3,8485	980,9	980,1	980,9		
60,3749	3,8529	980,8	980,1	980,9		
60,3832	3,8450	980,9	980,2	980,9		
60,3916	3,8613	980,8	980,1	980,9		
60,3999	3,8547	980,9	980,1	980,9		
60,4082	3,8525	980,9	980,1	980,9		
60,4166	3,8648	980,9	980,1	980,9		
60,4249	3,8666	980,9	980,1	980,9		
60,4332	3,8604	980,9	980,1	980,9		
60,4416	3,8706	980,8	980,1	980,9		
60,4499	3,8666	980,9	980,2	980,9		
60,4582	3,8825	980,9	980,1	981,0		
60,4666	3,8728	980,9	980,2	980,9		
60,4749	3,8728	980,9	980,1	980,9		
60,4832	3,8776	980,9	980,1	980,9		
60,4916	3,8812	980,9	980,1	980,9		
60,4999	3,8794	980,9	980,1	980,8		
60,5082	3,8754	980,9	980,2	981,0		
60,5166	3,8851	980,8	980,1	980,9		
60,5249	3,8900	980,9	980,1	980,9		
60,5332	3,8767	980,8	980,2	981,0		
60,5416	3,8904	980,9	980,1	981,0		
60,5499	3,8922	980,9	980,2	981,0		
60,5582	3,8873	980,9	980,2	981,0		
60,5666	3,8913	981,0	980,2	981,0		
60,5749	3,9046	980,8	980,1	980,9		
60,5832	3,8962	980,9	980,2	981,0		
60,5916	3,8993	980,9	980,2	980,9		
60,5999	3,9103	980,9	980,2	981,0		
60,6082	3,9085	980,9	980,1	980,9		
60,6166	3,9077	980,8	980,1	980,9		
60,6249	3,9085	980,8	980,1	980,9		
60,6332	3,9090	980,8	980,1	980,8		
60,6416	3,9121	980,8	980,1	980,9		
60,6499	3,9147	980,9	980,1	980,9		
60,6582	3,9125	980,8	980,1	980,9		
60,6666	3,9231	980,9	980,1	981,0		
60,6749	3,9125	980,9	980,1	980,9		
60,6832	3,9271	980,8	980,1	980,9		
60,6916	3,9244	980,8	980,1	980,9		
60,6999	3,9262	980,9	980,1	981,0		
60,7082	3,9333	980,9	980,2	981,0		
60,7166	3,9328	980,9	980,2	981,0		
60,7249	3,9302	980,9	980,1	980,9		
60,7332	3,9284	980,9	980,2	980,9		
60,7416	3,9403	980,9	980,2	981,0		
60,7499	3,9377	980,8	980,1	980,9		
60,7582	3,9394	980,8	980,1	980,9		
60,7666	3,9394	980,8	980,2	981,0		
60,7749	3,9386	980,9	980,1	980,9		
60,7832	3,9394	980,8	980,1	980,9		
60,7916	3,9562	980,8	980,1	980,8		
60,7999	3,9496	980,9	980,1	980,9		
60,8082	3,9567	980,9	980,1	980,9		
60,8166	3,9540	980,8	980,1	981,0		
60,8249	3,9544	980,8	980,2	981,0		
60,8332	3,9544	980,9	980,2	981,0		
60,8416	3,9562	980,8	980,1	980,9		
60,8499	3,9580	980,8	980,0	980,8		
60,8582	3,9664	980,9	980,1	981,0		
60,8666	3,9606	981,0	980,2	981,0		
60,8749	3,9672	980,9	980,1	980,9		
60,8832	3,9619	980,9	980,1	980,9		
60,8916	3,9681	980,9	980,1	980,9		
60,8999	3,9686	980,9	980,1	981,0		
60,9082	3,9659	980,9	980,1	980,8		
60,9166	3,9756	980,9	980,1	980,9		
60,9249	3,9756	980,9	980,2	980,9		
60,9332	3,9725	980,9	980,1	980,9		
60,9416	3,9849	980,9	980,1	980,9		
60,9499	3,9809	980,9	980,1	980,9		
60,9582	3,9831	981,0	980,1	980,9		
60,9666	3,9845	981,0	980,1	980,9		
60,9749	3,9845	980,9	980,1	980,9		
60,9832	3,9995	981,0	980,1	980,9		
60,9916	3,9955	980,9	980,1	980,9		
60,9999	3,9968	980,9	980,1	980,8		
61,0082	3,9955	980,9	980,2	980,9		
61,0166	4,0012	980,9	980,1	980,9		
61,0249	3,9986	980,9	980,1	980,8		
61,0332	4,0039	980,9	980,1	980,9		
61,0416	4,0074	980,9	980,1	980,9		
61,0499	4,0074	980,9	980,1	980,8		
61,0582	4,0079	980,9	980,1	980,9		
61,0666	4,0127	980,9	980,1	980,9		
61,0749	4,0140	980,9	980,2	981,0		
61,0832	4,0140	980,9	980,2	980,9		
61,0916	4,0246	980,9	980,1	980,9		
61,0999	4,0273	980,8	980,1	980,9		
61,1082	4,0255	980,9	980,1	980,9		
61,1166	4,0246	980,9	980,1	980,9		
61,1249	4,0233	980,8	980,1	980,9		
61,1332	4,0273	980,9	980,1	980,9		
61,1416	4,0286	980,9	980,1	980,9		
61,1499	4,0335	980,9	980,1	980,8		
61,1582	4,0304	980,9	980,2	981,0		
61,1666	4,0326	980,9	980,2	981,0		
61,1749	4,0374	981,0	980,2	981,0		
61,1832	4,0361	980,8	980,1	980,9		
61,1916	4,0449	980,9	980,2	980,9		
61,1999	4,0463	980,9	980,2	981,0		
61,2082	4,0458	980,9	980,2	980,9		
61,2166	4,0498	980,8	980,1	981,0		
61,2249	4,0516	980,9	980,2	981,0		
61,2332	4,0458	980,9	980,2	981,0		
61,2416	4,0498	981,0	980,2	981,0		
61,2499	4,0560	980,9	980,2	980,9		
61,2582	4,0622	980,9	980,1	981,0		
61,2666	4,0577	980,9	980,2	981,0		
61,2749	4,0622	981,0	980,2	981,0		
61,2832	4,0599	980,9	980,2	981,0		
61,2916	4,0639	980,9	980,1	981,0		
61,2999	4,0608	980,9	980,2	981,0		
61,3082	4,0741	980,9	980,2	980,9		
61,3166	4,0719	980,9	980,1	980,9		
61,3249	4,0666	980,9	980,1	980,9		
61,3332	4,0745	980,9	980,1	981,0		
61,3416	4,0732	980,8	980,2	981,0		
61,3499	4,0772	980,9	980,2	980,9		
61,3582	4,0780	980,9	980,2	981,0		
61,3666	4,0785	980,8	980,2	980,9		
61,3749	4,0727	980,9	980,1	980,9		
61,3832	4,0900	980,9	980,1	980,9		
61,3916	4,0816	980,9	980,2	981,0		
61,3999	4,1001	980,9	980,2	981,0		
61,4082	4,0970	980,9	980,2	980,9		
61,4166	4,0900	980,9	980,2	980,9		
61,4249	4,0992	980,8	980,1	980,9		
61,4332	4,1006	980,9	980,1	980,9		
61,4416	4,1054	980,9	980,1	980,9		
61,4499	4,1085	980,9	980,1	980,9		
61,4582	4,1072	980,9	980,2	981,0		
61,4666	4,1050	980,9	980,2	981,0		
61,4749	4,1169	980,9	980,1	981,0		
61,4832	4,1098	981,0	980,2	981,0		
61,4916	4,1147	980,9	980,2	981,0		
61,4999	4,1120	980,8	980,2	981,0		
61,5082	4,1187	980,9	980,2	981,0		
61,5166	4,1173	981,0	980,2	981,0		
61,5249	4,1231	980,9	980,1	980,9		
61,5332	4,1257	980,9	980,1	980,9		
61,5416	4,1222	980,9	980,2	980,9		
61,5499	4,1279	980,9	980,2	981,0		
61,5582	4,1398	980,9	980,2	981,0		
61,5666	4,1315	980,9	980,1	980,9		
61,5749	4,1319	980,8	980,2	981,0		
61,5832	4,1288	980,9	980,2	980,9		
61,5916	4,1465	980,9	980,1	981,0		
61,5999	4,1407	980,8	980,1	981,0		
61,6082	4,1469	981,0	980,2	981,0		
61,6166	4,1443	980,9	980,2	980,9		
61,6249	4,1381	980,9	980,1	980,9		
61,6332	4,1460	980,9	980,1	980,9		
61,6416	4,1447	980,9	980,1	980,9		
61,6499	4,1469	980,9	980,1	980,8		
61,6582	4,1522	981,0	980,2	981,0		
61,6666	4,1553	981,0	980,2	980,9		
61,6749	4,1522	981,0	980,1	980,9		
61,6832	4,1491	980,9	980,1	980,9		
61,6916	4,1602	981,0	980,2	980,9		
61,6999	4,1584	981,0	980,2	980,9		
61,7082	4,1632	981,0	980,1	980,9		
61,7166	4,1672	981,0	980,2	981,0		
61,7249	4,1708	981,1	980,2	980,9		
61,7332	4,1699	981,1	980,2	980,9		
61,7416	4,1637	981,1	980,2	980,9		
61,7499	4,1677	981,1	980,2	981,0		
61,7582	4,1836	981,0	980,2	980,9		
61,7666	4,1831	981,1	980,2	980,8		
61,7749	4,1699	981,0	980,2	981,0		
61,7832	4,1800	981,0	980,2	980,9		
61,7916	4,1836	981,0	980,2	980,9		
61,7999	4,1858	981,0	980,2	981,0		
61,8082	4,1880	981,0	980,2	980,9		
61,8166	4,1950	980,9	980,1	980,9		
61,8249	4,1897	981,0	980,2	981,0		
61,8332	4,1981	981,0	980,2	981,0		
61,8416	4,1981	981,0	980,2	980,9		
61,8499	4,1990	981,0	980,2	980,9		
61,8582	4,1941	980,9	980,2	980,9		
61,8666	4,2003	981,0	980,2	980,9		
61,8749	4,2012	981,0	980,2	981,0		
61,8832	4,2034	981,0	980,2	980,9		
61,8916	4,2074	981,0	980,2	980,9		
61,8999	4,2087	981,0	980,2	981,0		
61,9082	4,2158	980,9	980,2	980,9		
61,9166	4,2198	980,9	980,2	981,0		
61,9249	4,2198	981,0	980,2	981,0		
61,9332	4,2184	980,9	980,2	980,9		
61,9416	4,2198	980,9	980,2	981,0		
61,9499	4,2242	980,9	980,2	981,0		
61,9582	4,2268	980,9	980,2	981,0		
61,9666	4,2224	980,9	980,2	981,0		
61,9749	4,2308	980,9	980,2	980,9		
61,9832	4,2352	980,9	980,2	980,9		
61,9916	4,2365	980,9	980,2	980,9		
61,9999	4,2308	981,0	980,2	981,0		
62,0082	4,2502	981,0	980,2	980,9		
62,0166	4,2418	980,9	980,2	980,9		
62,0249	4,2480	980,9	980,2	980,9		
62,0332	4,2498	981,1	980,2	980,9		
62,0416	4,2454	981,0	980,2	981,0		
62,0499	4,2515	980,9	980,1	980,9		
62,0582	4,2542	980,9	980,1	980,9		
62,0666	4,2449	981,0	980,2	981,0		
62,0749	4,2529	980,9	980,2	980,9		
62,0832	4,2564	980,9	980,1	980,9		
62,0916	4,2586	981,0	980,2	981,0		
62,0999	4,2604	980,9	980,2	981,0		
62,1082	4,2692	980,9	980,1	980,9		
62,1166	4,2714	981,0	980,2	980,9		
62,1249	4,2639	980,9	980,2	981,0		
62,1332	4,2763	980,9	980,1	980,8		
62,1416	4,2718	981,0	980,1	980,9		
62,1499	4,2732	980,9	980,2	980,9		
62,1582	4,2771	980,9	980,1	980,9		
62,1666	4,2851	980,9	980,1	980,9		
62,1749	4,2780	980,9	980,1	980,9		
62,1832	4,2758	980,9	980,2	981,0		
62,1916	4,2789	981,0	980,2	981,0		
62,1999	4,2868	981,0	980,2	981,0		
62,2082	4,2926	980,9	980,2	981,0		
62,2166	4,2816	981,0	980,2	981,0		
62,2249	4,2966	980,9	980,2	981,0		
62,2332	4,2926	981,0	980,2	981,0		
62,2416	4,3023	980,9	980,2	981,0		
62,2499	4,2992	980,9	980,2	981,0		
62,2582	4,3023	980,8	980,1	980,9		
62,2666	4,3049	980,9	980,1	980,9		
62,2749	4,3027	980,9	980,2	981,0		
62,2832	4,3080	980,9	980,2	981,0		
62,2916	4,3120	981,0	980,2	981,0		
62,2999	4,3120	980,9	980,1	980,9		
62,3082	4,3160	981,0	980,2	981,0		
62,3166	4,3208	980,9	980,2	981,0		
62,3249	4,3147	980,9	980,2	981,0		
62,3332	4,3125	980,9	980,2	981,0		
62,3416	4,3253	980,9	980,1	980,9		
62,3499	4,3248	980,9	980,1	980,9		
62,3582	4,3283	981,0	980,2	981,0		
62,3666	4,3350	980,9	980,1	980,9		
62,3749	4,3283	980,9	980,1	980,9		
62,3832	4,3332	980,9	980,2	981,0		
62,3916	4,3358	980,9	980,1	980,9		
62,3999	4,3376	981,0	980,2	981,0		
62,4082	4,3469	981,0	980,2	981,0		
62,4166	4,3376	981,0	980,2	981,1		
62,4249	4,3504	981,0	980,2	980,9		
62,4332	4,3469	981,0	980,2	981,0		
62,4416	4,3509	980,9	980,2	980,9		
62,4499	4,3487	981,0	980,1	980,9		
62,4582	4,3531	980,9	980,1	981,0		
62,4666	4,3566	981,0	980,2	981,0		
62,4749	4,3615	980,9	980,1	980,9		
62,4832	4,3615	980,9	980,1	980,9		
62,4916	4,3628	980,9	980,2	981,0		
62,4999	4,3628	980,9	980,2	980,9		
62,5082	4,3619	980,9	980,1	980,9		
62,5166	4,3756	980,9	980,1	981,0		
62,5249	4,3734	980,9	980,2	981,0		
62,5332	4,3747	981,0	980,2	981,0		
62,5416	4,3720	981,0	980,2	981,0		
62,5499	4,3663	980,9	980,2	980,9		
62,5582	4,3857	981,0	980,2	981,0		
62,5666	4,3835	980,9	980,2	981,0		
62,5749	4,3848	980,9	980,2	980,9		
62,5832	4,3924	980,9	980,2	981,0		
62,5916	4,3954	981,0	980,2	981,0		
62,5999	4,3862	980,9	980,2	981,0		
62,6082	4,3871	981,0	980,2	980,9		
62,6166	4,3941	980,9	980,2	981,0		
62,6249	4,3924	980,9	980,2	980,9		
62,6332	4,4025	981,0	980,2	981,0		
62,6416	4,3972	981,0	980,2	981,0		
62,6499	4,4003	981,1	980,2	980,9		
62,6582	4,4065	980,9	980,2	981,0		
62,6666	4,3977	981,0	980,1	980,9		
62,6749	4,4065	981,0	980,1	980,9		
62,6832	4,4100	981,0	980,2	981,0		
62,6916	4,4215	981,0	980,2	980,9		
62,6999	4,4162	981,0	980,2	980,9		
62,7082	4,4193	980,9	980,2	981,0		
62,7166	4,4166	981,0	980,2	981,0		
62,7249	4,4162	981,0	980,2	980,9		
62,7332	4,4215	981,0	980,1	980,9		
62,7416	4,4259	981,0	980,2	980,9		
62,7499	4,4374	980,9	980,2	980,9		
62,7582	4,4277	981,0	980,2	981,0		
62,7666	4,4365	981,0	980,2	981,0		
62,7749	4,4321	981,0	980,2	980,9		
62,7832	4,4369	981,1	980,2	981,0		
62,7916	4,4396	981,0	980,2	980,9		
62,7999	4,4497	981,0	980,3	980,9		
62,8082	4,4475	981,0	980,2	981,0		
62,8166	4,4519	981,0	980,2	980,9		
62,8249	4,4564	981,0	980,2	980,9		
62,8332	4,4546	981,0	980,2	980,9		
62,8416	4,4550	981,0	980,2	980,9		
62,8499	4,4599	981,0	980,2	980,9		
62,8582	4,4603	981,0	980,2	980,9		
62,8666	4,4648	981,0	980,2	981,0		
62,8749	4,4617	981,0	980,2	980,9		
62,8832	4,4639	981,0	980,2	980,9		
62,8916	4,4670	981,0	980,2	981,0		
62,8999	4,4674	981,0	980,2	980,9		
62,9082	4,4780	980,9	980,1	980,9		
62,9166	4,4745	981,0	980,2	981,0		
62,9249	4,4714	981,0	980,2	981,0		
62,9332	4,4776	980,9	980,1	980,9		
62,9416	4,4877	981,0	980,3	981,0		
62,9499	4,4820	981,1	980,2	980,9		
62,9582	4,4802	981,0	980,2	980,9		
62,9666	4,4851	980,9	980,1	980,9		
62,9749	4,4996	981,0	980,1	980,9		
62,9832	4,4939	980,9	980,1	980,9		
62,9916	4,4904	981,0	980,2	981,0		
62,9999	4,4904	981,0	980,2	981,0		
63,0082	4,5093	980,9	980,2	981,0		
63,0166	4,5089	981,0	980,1	980,9		
63,0249	4,4917	980,9	980,1	981,0		
63,0332	4,5080	981,0	980,2	980,9		
63,0416	4,5089	980,9	980,2	981,0		
63,0499	4,5129	981,0	980,1	980,9		
63,0582	4,5146	981,0	980,2	981,0		
63,0666	4,5173	981,0	980,2	980,9		
63,0749	4,5221	980,9	980,2	981,0		
63,0832	4,5190	980,9	980,2	981,0		
63,0916	4,5257	980,9	980,2	980,9		
63,0999	4,5283	980,9	980,2	981,0		
63,1082	4,5349	980,9	980,1	981,0		
63,1166	4,5327	981,0	980,2	980,9		
63,1249	4,5367	981,0	980,2	981,0		
63,1332	4,5455	980,9	980,1	980,9		
63,1416	4,5358	980,9	980,1	980,9		
63,1499	4,5486	980,9	980,1	980,9		
63,1582	4,5367	981,0	980,2	981,0		
63,1666	4,5398	981,0	980,2	981,0		
63,1749	4,5499	981,0	980,2	981,0		
63,1832	4,5429	980,9	980,2	980,9		
63,1916	4,5407	980,9	980,2	981,0		
63,1999	4,5575	981,0	980,2	981,0		
63,2082	4,5539	981,0	980,2	980,9		
63,2166	4,5570	981,0	980,2	980,9		
63,2249	4,5614	981,0	980,2	981,0		
63,2332	4,5628	980,9	980,1	980,9		
63,2416	4,5623	980,9	980,1	980,9		
63,2499	4,5605	980,9	980,1	980,9		
63,2582	4,5628	981,0	980,2	981,0		
63,2666	4,5698	981,0	980,2	981,0		
63,2749	4,5716	981,0	980,2	980,9		
63,2832	4,5756	980,9	980,2	980,9		
63,2916	4,5866	980,9	980,1	980,9		
63,2999	4,5844	981,0	980,2	981,0		
63,3082	4,5906	981,0	980,2	981,0		
63,3166	4,5817	980,9	980,2	980,9		
63,3249	4,5861	981,0	980,2	981,0		
63,3332	4,5839	981,0	980,2	980,9		
63,3416	4,5914	981,0	980,1	980,9		
63,3499	4,5875	981,0	980,3	981,0		
63,3582	4,5910	981,0	980,3	981,2		
63,3666	4,5989	981,1	980,2	981,0		
63,3749	4,6003	981,0	980,2	981,0		
63,3832	4,6025	981,2	980,3	981,0		
63,3916	4,5959	981,1	980,2	981,0		
63,3999	4,6042	981,0	980,2	981,0		
63,4082	4,6060	981,1	980,3	981,0		
63,4166	4,6100	981,1	980,2	981,0		
63,4249	4,6135	981,1	980,2	980,9		
63,4332	4,6184	981,1	980,2	981,0		
63,4416	4,6144	981,0	980,1	980,9		
63,4499	4,6219	981,1	980,2	981,0		
63,4582	4,6351	981,1	980,2	980,9		
63,4666	4,6237	981,1	980,2	980,9		
63,4749	4,6268	981,0	980,2	980,9		
63,4832	4,6254	981,0	980,1	980,9		
63,4916	4,6312	981,0	980,2	981,0		
63,4999	4,6382	981,1	980,2	980,9		
63,5082	4,6391	981,1	980,3	981,0		
63,5166	4,6497	981,1	980,2	980,9		
63,5249	4,6427	981,0	980,2	980,9		
63,5332	4,6466	981,0	980,2	980,9		
63,5416	4,6435	981,0	980,2	980,9		
63,5499	4,6528	981,1	980,3	981,0		
63,5582	4,6519	981,1	980,3	981,1		
63,5666	4,6493	981,0	980,2	980,9		
63,5749	4,6563	981,0	980,2	981,0		
63,5832	4,6506	981,0	980,2	981,0		
63,5916	4,6638	981,0	980,3	980,9		
63,5999	4,6638	981,0	980,2	980,9		
63,6082	4,6625	981,0	980,2	980,9		
63,6166	4,6696	981,0	980,2	981,0		
63,6249	4,6749	980,9	980,2	980,9		
63,6332	4,6713	981,0	980,2	981,0		
63,6416	4,6749	981,0	980,2	981,0		
63,6499	4,6771	981,0	980,2	980,9		
63,6582	4,6793	981,0	980,3	981,0		
63,6666	4,6850	981,0	980,3	981,1		
63,6749	4,6939	981,0	980,2	981,0		
63,6832	4,6912	981,0	980,2	981,0		
63,6916	4,6930	980,8	980,4	981,3		
63,6999	4,6978	981,0	980,5	981,5		
63,7082	4,6978	981,0	980,6	981,5		
63,7166	4,7036	981,0	980,5	981,4		
63,7249	4,7031	981,0	980,5	981,3		
63,7332	4,7040	981,1	980,6	981,5		
63,7416	4,7049	981,1	980,6	981,4		
63,7499	4,7164	981,0	980,5	981,3		
63,7582	4,7177	981,0	980,5	981,3		
63,7666	4,7142	981,1	980,6	981,4		
63,7749	4,7173	981,0	980,6	981,4		
63,7832	4,7221	981,0	980,5	981,3		
63,7916	4,7177	981,0	980,5	981,4		
63,7999	4,7345	981,0	980,5	981,4		
63,8082	4,7354	981,1	980,5	981,3		
63,8166	4,7296	981,0	980,5	981,3		
63,8249	4,7261	981,1	980,5	981,4		
63,8332	4,7239	981,1	980,5	981,3		
63,8416	4,7407	981,1	980,5	981,4		
63,8499	4,7402	981,1	980,6	981,4		
63,8582	4,7420	981,1	980,5	981,4		
63,8666	4,7393	981,0	980,6	981,3		
63,8749	4,7451	981,1	980,5	981,3		
63,8832	4,7486	981,1	980,6	981,4		
63,8916	4,7517	981,1	980,6	981,3		
63,8999	4,7499	981,1	980,5	981,3		
63,9082	4,7530	981,1	980,5	981,3		
63,9166	4,7583	981,0	980,5	981,3		
63,9249	4,7614	981,0	980,5	981,3		
63,9332	4,7623	981,1	980,5	981,3		
63,9416	4,7610	981,0	980,5	981,3		
63,9499	4,7676	981,0	980,5	981,3		
63,9582	4,7671	981,1	980,6	981,4		
63,9666	4,7707	981,1	980,5	981,3		
63,9749	4,7782	981,0	980,5	981,3		
63,9832	4,7746	981,1	980,5	981,3		
63,9916	4,7808	981,1	980,5	981,3		
63,9999	4,7830	981,1	980,5	981,3		
64,0082	4,7817	981,1	980,5	981,3		
64,0166	4,7861	981,1	980,5	981,3		
64,0249	4,7910	981,0	980,5	981,3		
64,0332	4,7910	981,1	980,5	981,4		
64,0416	4,7919	981,1	980,5	981,3		
64,0499	4,7954	981,1	980,5	981,3		
64,0582	4,7980	981,1	980,6	981,4		
64,0666	4,8042	981,2	980,6	981,4		
64,0749	4,8113	981,1	980,5	981,2		
64,0832	4,8060	981,1	980,4	981,3		
64,0916	4,8038	981,2	980,5	981,3		
64,0999	4,8144	981,1	980,5	981,3		
64,1082	4,8188	981,1	980,5	981,3		
64,1166	4,8188	981,1	980,5	981,4		
64,1249	4,8139	981,1	980,5	981,3		
64,1332	4,8294	981,1	980,5	981,3		
64,1416	4,8206	981,2	980,5	981,3		
64,1499	4,8289	981,1	980,5	981,3		
64,1582	4,8250	981,1	980,5	981,3		
64,1666	4,8276	981,2	980,6	981,3		
64,1749	4,8307	981,1	980,5	981,2		
64,1832	4,8307	981,1	980,6	981,3		
64,1916	4,8373	981,2	980,6	981,3		
64,1999	4,8404	981,1	980,5	981,3		
64,2082	4,8448	981,0	980,5	981,3		
64,2166	4,8515	981,1	980,5	981,3		
64,2249	4,8519	981,1	980,5	981,3		
64,2332	4,8519	981,1	980,5	981,3		
64,2416	4,8576	981,1	980,5	981,3		
64,2499	4,8550	981,0	980,5	981,3		
64,2582	4,8616	981,1	980,5	981,3		
64,2666	4,8585	981,1	980,6	981,3		
64,2749	4,8660	981,1	980,5	981,3		
64,2832	4,8740	981,1	980,5	981,3		
64,2916	4,8762	981,1	980,6	981,4		
64,2999	4,8749	981,0	980,5	981,3		
64,3082	4,8713	981,0	980,5	981,3		
64,3166	4,8815	981,1	980,5	981,3		
64,3249	4,8757	981,1	980,5	981,3		
64,3332	4,8749	981,1	980,6	981,4		
64,3416	4,8863	981,1	980,6	981,3		
64,3499	4,8903	981,0	980,5	981,3		
64,3582	4,8916	981,1	980,6	981,3		
64,3666	4,8982	981,1	980,6	981,3		
64,3749	4,8947	981,1	980,5	981,3		
64,3832	4,8947	981,1	980,5	981,4		
64,3916	4,9022	981,1	980,6	981,3		
64,3999	4,9053	981,1	980,6	981,3		
64,4082	4,9040	981,1	980,6	981,4		
64,4166	4,9084	981,1	980,5	981,3		
64,4249	4,9088	981,1	980,5	981,3		
64,4332	4,9190	981,1	980,5	981,4		
64,4416	4,9252	981,2	980,6	981,4		
64,4499	4,9225	981,2	980,6	981,4		
64,4582	4,9208	981,1	980,5	981,3		
64,4666	4,9261	981,2	980,6	981,4		
64,4749	4,9230	981,1	980,6	981,4		
64,4832	4,9261	981,1	980,5	981,3		
64,4916	4,9269	981,1	980,6	981,3		
64,4999	4,9375	981,2	980,6	981,4		
64,5082	4,9389	981,1	980,5	981,3		
64,5166	4,9424	981,1	980,5	981,3		
64,5249	4,9459	981,1	980,5	981,4		
64,5332	4,9495	981,1	980,5	981,4		
64,5416	4,9539	981,2	980,6	981,4		
64,5499	4,9548	981,1	980,6	981,3		
64,5582	4,9640	981,1	980,5	981,3		
64,5666	4,9570	981,2	980,6	981,4		
64,5749	4,9552	981,1	980,5	981,3		
64,5832	4,9645	981,1	980,5	981,4		
64,5916	4,9711	981,1	980,6	981,3		
64,5999	4,9702	981,1	980,6	981,3		
64,6082	4,9689	981,2	980,6	981,4		
64,6166	4,9689	981,1	980,5	981,3		
64,6249	4,9781	981,1	980,5	981,3		
64,6332	4,9834	981,1	980,5	981,3		
64,6416	4,9821	981,2	980,6	981,4		
64,6499	4,9834	981,1	980,5	981,3		
64,6582	4,9883	981,1	980,5	981,3		
64,6666	4,9781	981,1	980,5	981,3		
64,6749	4,9883	981,1	980,5	981,3		
64,6832	4,9985	981,1	980,5	981,3		
64,6916	4,9998	981,1	980,6	981,3		
64,6999	4,9940	981,1	980,5	981,3		
64,7082	5,0002	981,1	980,5	981,3		
64,7166	5,0077	981,1	980,5	981,3		
64,7249	5,0086	981,1	980,5	981,3		
64,7332	5,0024	981,1	980,5	981,3		
64,7416	5,0135	981,0	980,5	981,3		
64,7499	5,0090	981,1	980,5	981,3		
64,7582	5,0166	981,1	980,6	981,4		
64,7666	5,0139	981,2	980,5	981,3		
64,7749	5,0219	981,1	980,5	981,3		
64,7832	5,0183	981,2	980,6	981,3		
64,7916	5,0258	981,1	980,5	981,3		
64,7999	5,0276	981,2	980,5	981,3		
64,8082	5,0333	981,2	980,5	981,4		
64,8166	5,0391	981,1	980,5	981,3		
64,8249	5,0400	981,1	980,5	981,3		
64,8332	5,0400	981,1	980,6	981,3		
64,8416	5,0386	981,2	980,5	981,3		
64,8499	5,0501	981,2	980,5	981,3		
64,8582	5,0404	981,2	980,5	981,3		
64,8666	5,0439	981,1	980,5	981,3		
64,8749	5,0550	981,2	980,5	981,3		
64,8832	5,0594	981,3	980,5	981,3		
64,8916	5,0607	981,2	980,5	981,4		
64,8999	5,0673	981,2	980,6	981,4		
64,9082	5,0638	981,1	980,6	981,3		
64,9166	5,0691	981,2	980,6	981,3		
64,9249	5,0700	981,2	980,6	981,3		
64,9332	5,0761	981,1	980,6	981,3		
64,9416	5,0739	981,1	980,5	981,3		
64,9499	5,0744	981,2	980,6	981,3		
64,9582	5,0757	981,2	980,5	981,4		
64,9666	5,0731	981,1	980,6	981,3		
64,9749	5,0912	981,1	980,5	981,3		
64,9832	5,0885	981,1	980,5	981,3		
64,9916	5,0934	981,2	980,6	981,3		
64,9999	5,0965	981,2	980,5	981,4		
65,0082	5,0912	981,2	980,6	981,3		
65,0166	5,0987	981,2	980,5	981,3		
65,0249	5,1106	981,2	980,6	981,3		
65,0332	5,1000	981,1	980,5	981,3		
65,0416	5,1004	981,1	980,5	981,2		
65,0499	5,1163	981,1	980,5	981,3		
65,0582	5,1123	981,1	980,5	981,3		
65,0666	5,1176	981,2	980,6	981,4		
65,0749	5,1203	981,1	980,6	981,4		
65,0832	5,1229	981,1	980,6	981,3		
65,0916	5,1181	981,2	980,6	981,4		
65,0999	5,1229	981,2	980,6	981,4		
65,1082	5,1304	981,2	980,6	981,4		
65,1166	5,1216	981,1	980,6	981,3		
65,1249	5,1304	981,1	980,5	981,3		
65,1332	5,1375	981,1	980,6	981,4		
65,1416	5,1406	981,1	980,6	981,3		
65,1499	5,1508	981,1	980,5	981,3		
65,1582	5,1508	981,1	980,5	981,3		
65,1666	5,1547	981,1	980,6	981,4		
65,1749	5,1441	981,1	980,6	981,4		
65,1832	5,1552	981,2	980,6	981,4		
65,1916	5,1560	981,1	980,5	981,3		
65,1999	5,1565	981,2	980,6	981,3		
65,2082	5,1583	981,2	980,6	981,5		
65,2166	5,1649	981,1	980,6	981,3		
65,2249	5,1772	981,1	980,5	981,3		
65,2332	5,1786	981,1	980,6	981,4		
65,2416	5,1711	981,1	980,6	981,4		
65,2499	5,1786	981,2	980,6	981,4		
65,2582	5,1777	981,1	980,6	981,4		
65,2666	5,1777	981,2	980,6	981,5		
65,2749	5,1931	981,3	980,7	981,5		
65,2832	5,1808	981,2	980,6	981,3		
65,2916	5,1927	981,2	980,6	981,3		
65,2999	5,1971	981,2	980,6	981,4		
65,3082	5,1878	981,1	980,6	981,4		
65,3166	5,2051	981,1	980,6	981,3		
65,3249	5,2073	981,2	980,6	981,4		
65,3332	5,2077	981,2	980,5	981,4		
65,3416	5,2081	981,1	980,5	981,4		
65,3499	5,2108	981,1	980,6	981,4		
65,3582	5,2108	981,1	980,5	981,4		
65,3666	5,2095	981,2	980,5	981,4		
65,3749	5,2126	981,2	980,7	981,4		
65,3832	5,2117	981,2	980,6	981,3		
65,3916	5,2156	981,2	980,6	981,4		
65,3999	5,2271	981,2	980,5	981,3		
65,4082	5,2254	981,2	980,6	981,4		
65,4166	5,2320	981,2	980,6	981,4		
65,4249	5,2284	981,2	980,6	981,3		
65,4332	5,2307	981,2	980,6	981,4		
65,4416	5,2342	981,3	980,6	981,4		
65,4499	5,2399	981,3	980,5	981,3		
65,4582	5,2404	981,2	980,6	981,4		
65,4666	5,2483	981,2	980,6	981,4		
65,4749	5,2492	981,3	980,6	981,4		
65,4832	5,2527	981,2	980,5	981,3		
65,4916	5,2580	981,3	980,6	981,4		
65,4999	5,2638	981,2	980,6	981,3		
65,5082	5,2576	981,2	980,6	981,3		
65,5166	5,2633	981,2	980,5	981,3		
65,5249	5,2633	981,3	980,6	981,4		
65,5332	5,2726	981,2	980,6	981,3		
65,5416	5,2721	981,2	980,5	981,3		
65,5499	5,2726	981,2	980,6	981,3		
65,5582	5,2766	981,3	980,6	981,4		
65,5666	5,2774	981,3	980,6	981,4		
65,5749	5,2898	981,2	980,5	981,3		
65,5832	5,2867	981,2	980,6	981,4		
65,5916	5,2933	981,2	980,6	981,4		
65,5999	5,2894	981,2	980,6	981,3		
65,6082	5,2978	981,2	980,6	981,4		
65,6166	5,3044	981,3	980,6	981,4		
65,6249	5,3035	981,2	980,5	981,4		
65,6332	5,3004	981,2	980,6	981,3		
65,6416	5,3159	981,2	980,6	981,4		
65,6499	5,3092	981,2	980,6	981,4		
65,6582	5,3123	981,1	980,6	981,4		
65,6666	5,3207	981,2	980,6	981,4		
65,6749	5,3092	981,2	980,6	981,3		
65,6832	5,3238	981,2	980,6	981,3		
65,6916	5,3225	981,2	980,6	981,4		
65,6999	5,3220	981,2	980,6	981,4		
65,7082	5,3269	981,2	980,5	981,3		
65,7166	5,3322	981,1	980,6	981,4		
65,7249	5,3362	981,2	980,6	981,4		
65,7332	5,3401	981,2	980,6	981,4		
65,7416	5,3348	981,2	980,6	981,3		
65,7499	5,3454	981,2	980,6	981,4		
65,7582	5,3521	981,3	980,6	981,4		
65,7666	5,3525	981,2	980,6	981,4		
65,7749	5,3534	981,2	980,6	981,4		
65,7832	5,3587	981,2	980,5	981,3		
65,7916	5,3609	981,2	980,6	981,4		
65,7999	5,3671	981,2	980,6	981,4		
65,8082	5,3591	981,2	980,6	981,4		
65,8166	5,3688	981,2	980,5	981,4		
65,8249	5,3715	981,3	980,6	981,4		
65,8332	5,3710	981,2	980,6	981,4		
65,8416	5,3750	981,2	980,6	981,4		
65,8499	5,3812	981,2	980,6	981,4		
65,8582	5,3799	981,2	980,6	981,3		
65,8666	5,3794	981,2	980,6	981,4		
65,8749	5,3860	981,2	980,6	981,4		
65,8832	5,3887	981,2	980,6	981,3		
65,8916	5,4050	981,2	980,6	981,5		
65,8999	5,3962	981,2	980,6	981,4		
65,9082	5,3997	981,2	980,6	981,4		
65,9166	5,4046	981,2	980,6	981,4		
65,9249	5,4072	981,2	980,6	981,4		
65,9332	5,4121	981,2	980,6	981,4		
65,9416	5,4103	981,2	980,6	981,4		
65,9499	5,4121	981,2	980,6	981,4		
65,9582	5,4165	981,2	980,6	981,5		
65,9666	5,4205	981,2	980,6	981,4		
65,9749	5,4249	981,3	980,6	981,4		
65,9832	5,4311	981,2	980,6	981,3		
65,9916	5,4267	981,2	980,5	981,4		
65,9999	5,4342	981,2	980,6	981,4		
66,0082	5,4297	981,2	980,6	981,4		
66,0166	5,4390	981,2	980,6	981,4		
66,0249	5,4328	981,3	980,6	981,4		
66,0332	5,4448	981,2	980,6	981,4		
66,0416	5,4425	981,3	980,6	981,4		
66,0499	5,4593	981,3	980,6	981,4		
66,0582	5,4584	981,3	980,6	981,3		
66,0666	5,4580	981,2	980,5	981,3		
66,0749	5,4589	981,2	980,6	981,3		
66,0832	5,4562	981,3	980,6	981,3		
66,0916	5,4668	981,3	980,6	981,4		
66,0999	5,4717	981,3	980,6	981,3		
66,1082	5,4668	981,2	980,6	981,3		
66,1166	5,4646	981,2	980,6	981,3		
66,1249	5,4770	981,3	980,6	981,4		
66,1332	5,4770	981,3	980,6	981,3		
66,1416	5,4774	981,3	980,6	981,3		
66,1499	5,4827	981,3	980,6	981,4		
66,1582	5,4871	981,2	980,6	981,3		
66,1666	5,4929	981,2	980,6	981,4		
66,1749	5,4911	981,2	980,6	981,4		
66,1832	5,5008	981,2	980,6	981,4		
66,1916	5,5043	981,2	980,6	981,3		
66,1999	5,5017	981,2	980,6	981,3		
66,2082	5,5101	981,2	980,6	981,3		
66,2166	5,5136	981,2	980,6	981,3		
66,2249	5,5149	981,2	980,6	981,4		
66,2332	5,5198	981,2	980,5	981,4		
66,2416	5,5145	981,3	980,6	981,3		
66,2499	5,5224	981,3	980,6	981,3		
66,2582	5,5224	981,2	980,6	981,4		
66,2666	5,5198	981,3	980,7	981,4		
66,2749	5,5282	981,2	980,6	981,4		
66,2832	5,5357	981,2	980,6	981,3		
66,2916	5,5392	981,2	980,6	981,3		
66,2999	5,5476	981,2	980,6	981,4		
66,3082	5,5419	981,2	980,6	981,3		
66,3166	5,5485	981,1	980,6	981,3		
66,3249	5,5436	981,3	980,6	981,4		
66,3332	5,5520	981,2	980,6	981,4		
66,3416	5,5494	981,2	980,6	981,4		
66,3499	5,5595	981,2	980,6	981,4		
66,3582	5,5586	981,2	980,6	981,4		
66,3666	5,5692	981,2	980,6	981,4		
66,3749	5,5653	981,3	980,6	981,4		
66,3832	5,5710	981,2	980,6	981,4		
66,3916	5,5714	981,2	980,6	981,4		
66,3999	5,5763	981,2	980,6	981,4		
66,4082	5,5750	981,3	980,6	981,4		
66,4166	5,5829	981,3	980,6	981,4		
66,4249	5,5878	981,2	980,6	981,4		
66,4332	5,5891	981,2	980,7	981,4		
66,4416	5,6006	981,3	980,6	981,4		
66,4499	5,5895	981,2	980,6	981,4		
66,4582	5,5979	981,2	980,6	981,3		
66,4666	5,6023	981,2	980,6	981,4		
66,4749	5,6072	981,2	980,6	981,3		
66,4832	5,6072	981,3	980,6	981,4		
66,4916	5,6187	981,2	980,6	981,4		
66,4999	5,6094	981,2	980,6	981,3		
66,5082	5,6129	981,1	980,6	981,4		
66,5166	5,6196	981,2	980,6	981,4		
66,5249	5,6200	981,2	980,7	981,4		
66,5332	5,6240	981,2	980,7	981,5		
66,5416	5,6302	981,2	980,7	981,5		
66,5499	5,6284	981,3	980,6	981,4		
66,5582	5,6319	981,3	980,6	981,4		
66,5666	5,6363	981,3	980,6	981,5		
66,5749	5,6324	981,3	980,6	981,4		
66,5832	5,6363	981,3	980,7	981,4		
66,5916	5,6377	981,3	980,6	981,4		
66,5999	5,6491	981,2	980,7	981,5		
66,6082	5,6544	981,3	980,7	981,4		
66,6166	5,6584	981,3	980,7	981,4		
66,6249	5,6562	981,2	980,6	981,4		
66,6332	5,6650	981,3	980,6	981,4		
66,6416	5,6717	981,3	980,6	981,4		
66,6499	5,6655	981,4	980,7	981,4		
66,6582	5,6739	981,4	980,7	981,5		
66,6666	5,6725	981,3	980,6	981,4		
66,6749	5,6664	981,3	980,7	981,4		
66,6832	5,6756	981,4	980,6	981,4		
66,6916	5,6805	981,3	980,6	981,4		
66,6999	5,6920	981,3	980,6	981,4		
66,7082	5,6884	981,3	980,6	981,4		
66,7166	5,6827	981,3	980,6	981,4		
66,7249	5,7003	981,3	980,6	981,4		
66,7332	5,7048	981,2	980,6	981,3		
66,7416	5,6995	981,3	980,6	981,4		
66,7499	5,7039	981,3	980,6	981,4		
66,7582	5,7101	981,3	980,6	981,4		
66,7666	5,7109	981,4	980,6	981,4		
66,7749	5,7101	981,3	980,7	981,4		
66,7832	5,7158	981,3	980,8	981,6		
66,7916	5,7193	981,4	980,7	981,5		
66,7999	5,7242	981,3	980,6	981,4		
66,8082	5,7264	981,3	980,7	981,4		
66,8166	5,7321	981,3	980,6	981,4		
66,8249	5,7286	981,3	980,7	981,4		
66,8332	5,7343	981,4	980,7	981,5		
66,8416	5,7445	981,3	980,6	981,4		
66,8499	5,7613	981,3	980,6	981,4		
66,8582	5,7485	981,3	980,7	981,4		
66,8666	5,7577	981,3	980,7	981,5		
66,8749	5,7516	981,3	980,6	981,3		
66,8832	5,7560	981,3	980,6	981,4		
66,8916	5,7674	981,2	980,6	981,4		
66,8999	5,7661	981,3	980,7	981,4		
66,9082	5,7661	981,2	980,7	981,4		
66,9166	5,7630	981,2	980,6	981,4		
66,9249	5,7763	981,2	980,6	981,4		
66,9332	5,7807	981,3	980,6	981,3		
66,9416	5,7829	981,2	980,6	981,4		
66,9499	5,7816	981,3	980,6	981,5		
66,9582	5,7820	981,3	980,7	981,4		
66,9666	5,7961	981,3	980,6	981,4		
66,9749	5,7953	981,3	980,6	981,4		
66,9832	5,7926	981,3	980,6	981,3		
66,9916	5,8001	981,3	980,6	981,4		
66,9999	5,8001	981,3	980,6	981,4		
67,0082	5,8072	981,2	980,6	981,4		
67,0166	5,8067	981,3	980,6	981,3		
67,0249	5,8178	981,3	980,6	981,4		
67,0332	5,8125	981,3	980,7	981,4		
67,0416	5,8213	981,3	980,6	981,3		
67,0499	5,8217	981,3	980,6	981,4		
67,0582	5,8248	981,2	980,6	981,3		
67,0666	5,8262	981,2	980,6	981,3		
67,0749	5,8394	981,3	980,7	981,4		
67,0832	5,8381	981,3	980,7	981,4		
67,0916	5,8434	981,3	980,6	981,4		
67,0999	5,8403	981,3	980,6	981,4		
67,1082	5,8443	981,3	980,7	981,4		
67,1166	5,8544	981,4	980,6	981,4		
67,1249	5,8518	981,3	980,8	981,5		
67,1332	5,8544	981,4	980,7	981,5		
67,1416	5,8597	981,3	980,7	981,5		
67,1499	5,8588	981,4	980,7	981,5		
67,1582	5,8668	981,3	980,7	981,5		
67,1666	5,8685	981,3	980,7	981,5		
67,1749	5,8677	981,3	980,7	981,4		
67,1832	5,8769	981,3	980,8	981,6		
67,1916	5,8822	981,3	980,7	981,4		
67,1999	5,8862	981,4	980,7	981,5		
67,2082	5,8800	981,3	980,7	981,5		
67,2166	5,8884	981,3	980,7	981,4		
67,2249	5,8924	981,3	980,7	981,5		
67,2332	5,8990	981,3	980,7	981,5		
67,2416	5,9030	981,3	980,7	981,4		
67,2499	5,9021	981,2	980,7	981,4		
67,2582	5,9100	981,3	980,6	981,4		
67,2666	5,9047	981,2	980,6	981,4		
67,2749	5,9083	981,3	980,6	981,5		
67,2832	5,9197	981,3	980,7	981,4		
67,2916	5,9114	981,3	980,6	981,4		
67,2999	5,9242	981,3	980,7	981,5		
67,3082	5,9312	981,3	980,6	981,4		
67,3166	5,9264	981,4	980,7	981,5		
67,3249	5,9303	981,3	980,7	981,5		
67,3332	5,9273	981,4	980,7	981,4		
67,3416	5,9312	981,4	980,6	981,4		
67,3499	5,9436	981,4	980,7	981,5		
67,3582	5,9445	981,4	980,7	981,5		
67,3666	5,9480	981,3	980,6	981,4		
67,3749	5,9568	981,4	980,6	981,4		
67,3832	5,9533	981,4	980,7	981,5		
67,3916	5,9586	981,3	980,7	981,4		
67,3999	5,9599	981,3	980,6	981,3		
67,4082	5,9674	981,4	980,6	981,4		
67,4166	5,9652	981,4	980,6	981,4		
67,4249	5,9745	981,3	980,6	981,2		
67,4332	5,9749	981,3	980,6	981,3		
67,4416	5,9833	981,3	980,6	981,3		
67,4499	5,9705	981,3	980,6	981,3		
67,4582	5,9851	981,3	980,6	981,4		
67,4666	5,9886	981,3	980,6	981,4		
67,4749	5,9921	981,3	980,7	981,4		
67,4832	5,9952	981,2	980,6	981,4		
67,4916	5,9908	981,2	980,6	981,4		
67,4999	5,9930	981,3	980,6	981,3		
67,5082	5,9988	981,4	980,7	981,5		
67,5166	6,0072	981,4	980,7	981,4		
67,5249	6,0102	981,4	980,6	981,4		
67,5332	6,0155	981,4	980,7	981,4		
67,5416	6,0147	981,4	980,7	981,5		
67,5499	6,0120	981,4	980,7	981,5		
67,5582	6,0301	981,4	980,8	981,5		
67,5666	6,0208	981,4	980,7	981,5		
67,5749	6,0310	981,3	980,7	981,4		
67,5832	6,0319	981,3	980,7	981,5		
67,5916	6,0398	981,4	980,8	981,5		
67,5999	6,0411	981,4	980,7	981,5		
67,6082	6,0420	981,3	980,7	981,5		
67,6166	6,0482	981,4	980,7	981,5		
67,6249	6,0478	981,3	980,6	981,4		
67,6332	6,0522	981,3	980,7	981,5		
67,6416	6,0579	981,3	980,7	981,5		
67,6499	6,0584	981,3	980,7	981,4		
67,6582	6,0681	981,3	980,6	981,4		
67,6666	6,0606	981,3	980,7	981,5		
67,6749	6,0773	981,3	980,7	981,5		
67,6832	6,0760	981,3	980,6	981,4		
67,6916	6,0826	981,3	980,7	981,4		
67,6999	6,0866	981,3	980,7	981,4		
67,7082	6,0857	981,3	980,6	981,4		
67,7166	6,0923	981,3	980,6	981,4		
67,7249	6,0866	981,4	980,7	981,4		
67,7332	6,1025	981,4	980,7	981,5		
67,7416	6,0950	981,3	980,6	981,4		
67,7499	6,1069	981,3	980,6	981,4		
67,7582	6,1034	981,3	980,6	981,4		
67,7666	6,1047	981,3	980,7	981,4		
67,7749	6,1118	981,3	980,7	981,4		
67,7832	6,1127	981,3	980,7	981,4		
67,7916	6,1321	981,3	980,7	981,5		
67,7999	6,1241	981,4	980,7	981,5		
67,8082	6,1210	981,4	980,7	981,5		
67,8166	6,1210	981,4	980,8	981,5		
67,8249	6,1458	981,4	980,7	981,5		
67,8332	6,1365	981,3	980,7	981,5		
67,8416	6,1400	981,4	980,7	981,5		
67,8499	6,1409	981,4	980,7	981,4		
67,8582	6,1418	981,4	980,7	981,4		
67,8666	6,1590	981,4	980,7	981,4		
67,8749	6,1559	981,3	980,7	981,4		
67,8832	6,1590	981,3	980,7	981,4		
67,8916	6,1647	981,3	980,6	981,4		
67,8999	6,1612	981,4	980,7	981,4		
67,9082	6,1692	981,3	980,7	981,4		
67,9166	6,1771	981,3	980,6	981,4		
67,9249	6,1771	981,3	980,7	981,4		
67,9332	6,1890	981,3	980,6	981,4		
67,9416	6,1851	981,3	980,7	981,5		
67,9499	6,1868	981,3	980,7	981,4		
67,9582	6,1890	981,4	980,7	981,5		
67,9666	6,1930	981,4	980,7	981,5		
67,9749	6,1965	981,3	980,7	981,4		
67,9832	6,1987	981,4	980,7	981,4		
67,9916	6,2023	981,4	980,7	981,4		
67,9999	6,2014	981,4	980,7	981,5		
68,0082	6,2054	981,5	980,8	981,5		
68,0166	6,2115	981,4	980,7	981,5		
68,0249	6,2120	981,4	980,7	981,4		
68,0332	6,2217	981,4	980,7	981,4		
68,0416	6,2243	981,4	980,7	981,5		
68,0499	6,2270	981,4	980,7	981,5		
68,0582	6,2235	981,4	980,8	981,5		
68,0666	6,2389	981,5	980,7	981,5		
68,0749	6,2341	981,5	980,7	981,5		
68,0832	6,2433	981,4	980,6	981,4		
68,0916	6,2469	981,4	980,7	981,4		
68,0999	6,2482	981,4	980,7	981,4		
68,1082	6,2579	981,4	980,7	981,4		
68,1166	6,2539	981,5	980,8	981,4		
68,1249	6,2610	981,4	980,7	981,4		
68,1332	6,2663	981,4	980,7	981,4		
68,1416	6,2689	981,5	980,8	981,6		
68,1499	6,2729	981,4	980,8	981,5		
68,1582	6,2786	981,4	980,7	981,4		
68,1666	6,2738	981,4	980,7	981,4		
68,1749	6,2822	981,4	980,8	981,5		
68,1832	6,2853	981,4	980,7	981,4		
68,1916	6,2861	981,4	980,6	981,3		
68,1999	6,2967	981,4	980,7	981,3		
68,2082	6,2932	981,4	980,7	981,4		
68,2166	6,2959	981,4	980,7	981,5		
68,2249	6,3078	981,4	980,8	981,6		
68,2332	6,3056	981,5	980,8	981,5		
68,2416	6,3082	981,4	980,7	981,4		
68,2499	6,3135	981,4	980,7	981,5		
68,2582	6,3148	981,3	980,7	981,5		
68,2666	6,3259	981,3	980,7	981,5		
68,2749	6,3356	981,3	980,7	981,5		
68,2832	6,3285	981,4	980,8	981,4		
68,2916	6,3400	981,4	980,8	981,5		
68,2999	6,3360	981,4	980,7	981,5		
68,3082	6,3396	981,4	980,8	981,4		
68,3166	6,3431	981,4	980,7	981,4		
68,3249	6,3572	981,4	980,7	981,4		
68,3332	6,3541	981,4	980,7	981,4		
68,3416	6,3581	981,3	980,7	981,4		
68,3499	6,3630	981,3	980,7	981,4		
68,3582	6,3705	981,4	980,7	981,5		
68,3666	6,3665	981,4	980,7	981,5		
68,3749	6,3647	981,4	980,7	981,5		
68,3832	6,3705	981,4	980,7	981,4		
68,3916	6,3740	981,4	980,7	981,5		
68,3999	6,3921	981,4	980,6	981,4		
68,4082	6,3916	981,3	980,6	981,4		
68,4166	6,3872	981,4	980,7	981,4		
68,4249	6,3916	981,3	980,7	981,4		
68,4332	6,3992	981,3	980,7	981,4		
68,4416	6,3952	981,5	980,7	981,4		
68,4499	6,4036	981,4	980,7	981,5		
68,4582	6,4058	981,4	980,7	981,4		
68,4666	6,4173	981,4	980,7	981,4		
68,4749	6,4146	981,4	980,8	981,5		
68,4832	6,4155	981,4	980,7	981,5		
68,4916	6,4155	981,4	980,7	981,5		
68,4999	6,4221	981,4	980,7	981,5		
68,5082	6,4261	981,4	980,7	981,5		
68,5166	6,4345	981,4	980,6	981,4		
68,5249	6,4371	981,4	980,7	981,5		
68,5332	6,4420	981,4	980,7	981,4		
68,5416	6,4429	981,4	980,7	981,6		
68,5499	6,4530	981,5	980,8	981,5		
68,5582	6,4530	981,4	980,8	981,5		
68,5666	6,4552	981,3	980,7	981,5		
68,5749	6,4552	981,4	980,8	981,6		
68,5832	6,4618	981,5	980,8	981,6		
68,5916	6,4663	981,4	980,7	981,5		
68,5999	6,4711	981,4	980,8	981,5		
68,6082	6,4711	981,4	980,8	981,5		
68,6166	6,4755	981,4	980,8	981,5		
68,6249	6,4764	981,4	980,7	981,5		
68,6332	6,4738	981,5	980,8	981,5		
68,6416	6,4932	981,4	980,7	981,5		
68,6499	6,4945	981,5	980,7	981,5		
68,6582	6,4972	981,5	980,7	981,4		
68,6666	6,4976	981,4	980,7	981,4		
68,6749	6,5042	981,4	980,7	981,4		
68,6832	6,5126	981,5	980,8	981,5		
68,6916	6,5100	981,4	980,8	981,5		
68,6999	6,5086	981,5	980,8	981,5		
68,7082	6,5179	981,5	980,8	981,5		
68,7166	6,5289	981,5	980,7	981,5		
68,7249	6,5219	981,4	980,8	981,4		
68,7332	6,5267	981,4	980,7	981,4		
68,7416	6,5369	981,4	980,7	981,4		
68,7499	6,5386	981,5	980,7	981,5		
68,7582	6,5466	981,4	980,7	981,4		
68,7666	6,5506	981,4	980,7	981,4		
68,7749	6,5484	981,5	980,7	981,5		
68,7832	6,5515	981,5	980,7	981,4		
68,7916	6,5585	981,4	980,7	981,5		
68,7999	6,5634	981,5	980,8	981,5		
68,8082	6,5687	981,4	980,7	981,4		
68,8166	6,5673	981,4	980,7	981,4		
68,8249	6,5748	981,5	980,8	981,5		
68,8332	6,5709	981,4	980,7	981,4		
68,8416	6,5894	981,5	980,8	981,4		
68,8499	6,5771	981,5	980,7	981,5		
68,8582	6,5854	981,4	980,7	981,4		
68,8666	6,5982	981,3	980,7	981,4		
68,8749	6,5987	981,4	980,7	981,5		
68,8832	6,6005	981,3	980,7	981,4		
68,8916	6,6075	981,4	980,7	981,5		
68,8999	6,6088	981,4	980,7	981,4		
68,9082	6,6049	981,4	980,8	981,4		
68,9166	6,6194	981,4	980,8	981,5		
68,9249	6,6274	981,4	980,7	981,4		
68,9332	6,6318	981,4	980,7	981,4		
68,9416	6,6327	981,5	980,7	981,5		
68,9499	6,6380	981,4	980,7	981,4		
68,9582	6,6371	981,5	980,7	981,5		
68,9666	6,6428	981,4	980,8	981,5		
68,9749	6,6495	981,3	980,7	981,5		
68,9832	6,6521	981,4	980,7	981,4		
68,9916	6,6552	981,4	980,7	981,5		
68,9999	6,6547	981,4	980,8	981,4		
69,0082	6,6592	981,4	980,7	981,5		
69,0166	6,6631	981,5	980,9	981,6		
69,0249	6,6706	981,4	980,8	981,6		
69,0332	6,6773	981,4	980,8	981,5		
69,0416	6,6808	981,4	980,7	981,4		
69,0499	6,6874	981,5	980,7	981,5		
69,0582	6,6848	981,5	980,8	981,6		
69,0666	6,6909	981,4	980,8	981,5		
69,0749	6,6980	981,5	980,8	981,5		
69,0832	6,6958	981,5	980,8	981,5		
69,0916	6,7002	981,5	980,7	981,5		
69,0999	6,7104	981,5	980,8	981,6		
69,1082	6,7095	981,6	980,8	981,5		
69,1166	6,7157	981,5	980,7	981,4		
69,1249	6,7130	981,4	980,7	981,4		
69,1332	6,7192	981,5	980,8	981,6		
69,1416	6,7192	981,5	980,8	981,6		
69,1499	6,7351	981,5	980,8	981,6		
69,1582	6,7351	981,5	980,7	981,5		
69,1666	6,7369	981,4	980,7	981,5		
69,1749	6,7435	981,4	980,8	981,5		
69,1832	6,7408	981,4	980,8	981,5		
69,1916	6,7563	981,4	980,7	981,5		
69,1999	6,7536	981,4	980,7	981,4		
69,2082	6,7625	981,4	980,7	981,4		
69,2166	6,7686	981,4	980,7	981,5		
69,2249	6,7625	981,5	980,7	981,5		
69,2332	6,7739	981,4	980,7	981,4		
69,2416	6,7673	981,4	980,7	981,4		
69,2499	6,7682	981,4	980,7	981,4		
69,2582	6,7775	981,5	980,7	981,5		
69,2666	6,7889	981,4	980,7	981,4		
69,2749	6,7832	981,4	980,7	981,4		
69,2832	6,7973	981,4	980,8	981,5		
69,2916	6,7929	981,5	980,8	981,5		
69,2999	6,8115	981,6	980,8	981,6		
69,3082	6,8088	981,4	980,8	981,5		
69,3166	6,8128	981,5	980,8	981,6		
69,3249	6,8163	981,5	980,8	981,6		
69,3332	6,8212	981,5	980,8	981,5		
69,3416	6,8216	981,6	980,8	981,6		
69,3499	6,8274	981,5	980,7	981,5		
69,3582	6,8291	981,6	980,7	981,4		
69,3666	6,8402	981,5	980,8	981,6		
69,3749	6,8287	981,6	980,8	981,5		
69,3832	6,8406	981,6	980,8	981,5		
69,3916	6,8481	981,6	980,8	981,5		
69,3999	6,8450	981,6	980,8	981,5		
69,4082	6,8521	981,5	980,8	981,5		
69,4166	6,8472	981,6	980,8	981,5		
69,4249	6,8578	981,6	980,9	981,6		
69,4332	6,8583	981,6	980,7	981,5		
69,4416	6,8675	981,6	980,8	981,5		
69,4499	6,8790	981,6	980,9	981,6		
69,4582	6,8750	981,6	980,8	981,5		
69,4666	6,8715	981,6	980,8	981,5		
69,4749	6,8847	981,6	980,8	981,5		
69,4832	6,8803	981,5	980,8	981,5		
69,4916	6,8869	981,5	980,7	981,4		
69,4999	6,8931	981,5	980,8	981,5		
69,5082	6,9042	981,6	980,8	981,4		
69,5166	6,9090	981,5	980,8	981,4		
69,5249	6,9121	981,5	980,8	981,5		
69,5332	6,9178	981,6	980,8	981,5		
69,5416	6,9245	981,5	980,8	981,5		
69,5499	6,9276	981,4	980,8	981,4		
69,5582	6,9324	981,5	980,8	981,4		
69,5666	6,9355	981,5	980,8	981,5		
69,5749	6,9355	981,5	980,8	981,5		
69,5832	6,9457	981,6	980,9	981,6		
69,5916	6,9461	981,6	980,8	981,5		
69,5999	6,9527	981,6	980,8	981,5		
69,6082	6,9523	981,4	980,8	981,4		
69,6166	6,9624	981,5	980,8	981,5		
69,6249	6,9642	981,4	980,7	981,4		
69,6332	6,9691	981,5	980,8	981,5		
69,6416	6,9796	981,5	980,8	981,5		
69,6499	6,9774	981,5	980,8	981,5		
69,6582	6,9858	981,5	980,8	981,5		
69,6666	6,9814	981,5	980,8	981,6		
69,6749	6,9911	981,5	980,8	981,5		
69,6832	6,9964	981,5	980,7	981,4		
69,6916	7,0017	981,4	980,7	981,4		
69,6999	7,0048	981,5	980,8	981,5		
69,7082	7,0035	981,5	980,8	981,5		
69,7166	7,0083	981,5	980,8	981,5		
69,7249	7,0128	981,5	980,8	981,5		
69,7332	7,0189	981,5	980,7	981,5		
69,7416	7,0291	981,5	980,8	981,5		
69,7499	7,0326	981,5	980,8	981,4		
69,7582	7,0331	981,5	980,7	981,4		
69,7666	7,0401	981,5	980,7	981,5		
69,7749	7,0375	981,5	980,8	981,5		
69,7832	7,0406	981,5	980,7	981,5		
69,7916	7,0525	981,5	980,8	981,5		
69,7999	7,0569	981,4	980,7	981,5		
69,8082	7,0565	981,5	980,8	981,6		
69,8166	7,0626	981,5	980,8	981,5		
69,8249	7,0657	981,5	980,8	981,4		
69,8332	7,0732	981,5	980,8	981,5		
69,8416	7,0785	981,5	980,8	981,4		
69,8499	7,0856	981,5	980,7	981,5		
69,8582	7,0852	981,5	980,8	981,5		
69,8666	7,0852	981,5	980,8	981,5		
69,8749	7,0887	981,5	980,7	981,5		
69,8832	7,0997	981,5	980,8	981,5		
69,8916	7,1077	981,5	980,8	981,5		
69,8999	7,1037	981,5	980,7	981,5		
69,9082	7,1112	981,4	980,8	981,5		
69,9166	7,1143	981,4	980,7	981,4		
69,9249	7,1240	981,5	980,8	981,5		
69,9332	7,1196	981,6	980,8	981,5		
69,9416	7,1311	981,5	980,8	981,6		
69,9499	7,1284	981,5	980,8	981,6		
69,9582	7,1337	981,6	980,8	981,5		
69,9666	7,1421	981,6	980,8	981,5		
69,9749	7,1478	981,5	980,8	981,5		
69,9832	7,1500	981,6	980,9	981,6		
69,9916	7,1523	981,6	980,8	981,5		
69,9999	7,1633	981,6	980,8	981,5		
70,0082	7,1765	981,7	980,9	981,6		
70,0166	7,1668	981,7	980,9	981,5		
70,0249	7,1695	981,6	980,9	981,6		
70,0332	7,1779	981,5	980,8	981,5		
70,0416	7,1792	981,5	980,8	981,5		
70,0499	7,1867	981,6	980,9	981,5		
70,0582	7,1911	981,6	980,8	981,5		
70,0666	7,1973	981,6	980,9	981,6		
70,0749	7,2079	981,5	980,8	981,5		
70,0832	7,2052	981,5	980,8	981,5		
70,0916	7,2030	981,5	980,8	981,5		
70,0999	7,2088	981,5	980,8	981,5		
70,1082	7,2202	981,5	980,8	981,5		
70,1166	7,2255	981,5	980,8	981,5		
70,1249	7,2295	981,5	980,8	981,5		
70,1332	7,2379	981,5	980,8	981,5		
70,1416	7,2348	981,5	980,7	981,4		
70,1499	7,2357	981,5	980,7	981,4		
70,1582	7,2467	981,6	980,8	981,5		
70,1666	7,2525	981,5	980,8	981,5		
70,1749	7,2507	981,5	980,8	981,5		
70,1832	7,2582	981,6	980,8	981,5		
70,1916	7,2626	981,6	980,8	981,4		
70,1999	7,2670	981,5	980,8	981,5		
70,2082	7,2679	981,5	980,8	981,6		
70,2166	7,2798	981,5	980,8	981,5		
70,2249	7,2820	981,5	980,8	981,5		
70,2332	7,2931	981,5	980,8	981,4		
70,2416	7,2869	981,5	980,8	981,4		
70,2499	7,3076	981,6	980,8	981,5		
70,2582	7,2984	981,6	980,9	981,5		
70,2666	7,3072	981,6	980,8	981,4		
70,2749	7,3076	981,5	980,8	981,4		
70,2832	7,3121	981,5	980,7	981,5		
70,2916	7,3174	981,5	980,7	981,4		
70,2999	7,3204	981,5	980,7	981,5		
70,3082	7,3262	981,6	980,8	981,5		
70,3166	7,3306	981,5	980,8	981,5		
70,3249	7,3346	981,6	980,8	981,4		
70,3332	7,3368	981,5	980,7	981,5		
70,3416	7,3438	981,6	980,8	981,5		
70,3499	7,3452	981,6	980,8	981,5		
70,3582	7,3588	981,6	980,8	981,4		
70,3666	7,3571	981,5	980,8	981,5		
70,3749	7,3664	981,6	980,8	981,6		
70,3832	7,3734	981,7	980,9	981,6		
70,3916	7,3796	981,7	980,9	981,5		
70,3999	7,3853	981,7	980,9	981,5		
70,4082	7,3809	981,5	981,0	981,7		
70,4166	7,3906	981,4	980,8	981,4		
70,4249	7,3946	981,4	980,8	981,4		
70,4332	7,3911	981,4	980,7	981,4		
70,4416	7,4017	981,4	980,7	981,3		
70,4499	7,4101	981,4	980,7	981,3		
70,4582	7,4030	981,4	980,7	981,3		
70,4666	7,4149	981,4	980,7	981,3		
70,4749	7,4251	981,4	980,7	981,2		
70,4832	7,4312	981,4	980,7	981,3		
70,4916	7,4326	981,4	980,7	981,3		
70,4999	7,4361	981,3	980,7	981,2		
70,5082	7,4414	981,4	980,7	981,2		
70,5166	7,4423	981,4	980,6	981,2		
70,5249	7,4498	981,3	980,7	981,2		
70,5332	7,4538	981,3	980,6	981,1		
70,5416	7,4564	981,3	980,7	981,2		
70,5499	7,4666	981,4	980,7	981,2		
70,5582	7,4683	981,3	980,6	981,1		
70,5666	7,4644	981,4	980,7	981,2		
70,5749	7,4741	981,3	980,7	981,2		
70,5832	7,4829	981,3	980,7	981,2		
70,5916	7,4864	981,3	980,6	981,1		
70,5999	7,4922	981,3	980,6	981,2		
70,6082	7,4935	981,3	980,7	981,3		
70,6166	7,4922	981,3	980,7	981,2		
70,6249	7,5076	981,4	980,7	981,2		
70,6332	7,5182	981,4	980,6	981,2		
70,6416	7,5151	981,3	980,7	981,2		
70,6499	7,5204	981,4	980,7	981,3		
70,6582	7,5235	981,3	980,7	981,2		
70,6666	7,5332	981,4	980,6	981,2		
70,6749	7,5412	981,3	980,7	981,2		
70,6832	7,5354	981,3	980,7	981,2		
70,6916	7,5412	981,4	980,7	981,3		
70,6999	7,5496	981,4	980,7	981,2		
70,7082	7,5425	981,4	980,7	981,2		
70,7166	7,5579	981,4	980,7	981,2		
70,7249	7,5584	981,4	980,6	981,2		
70,7332	7,5721	981,4	980,7	981,1		
70,7416	7,5752	981,4	980,6	981,1		
70,7499	7,5862	981,3	980,6	981,2		
70,7582	7,5871	981,3	980,7	981,2		
70,7666	7,5915	981,4	980,7	981,3		
70,7749	7,5946	981,4	980,7	981,2		
70,7832	7,6122	981,3	980,6	981,1		
70,7916	7,6061	981,4	980,6	981,2		
70,7999	7,6100	981,4	980,7	981,2		
70,8082	7,6122	981,3	980,7	981,3		
70,8166	7,6158	981,3	980,6	981,2		
70,8249	7,6259	981,4	980,7	981,4		
70,8332	7,6330	981,4	980,7	981,3		
70,8416	7,6400	981,4	980,7	981,3		
70,8499	7,6409	981,3	980,7	981,3		
70,8582	7,6414	981,4	980,7	981,2		
70,8666	7,6480	981,4	980,7	981,3		
70,8749	7,6524	981,3	980,7	981,2		
70,8832	7,6537	981,3	980,6	981,1		
70,8916	7,6612	981,3	980,6	981,1		
70,8999	7,6740	981,3	980,6	981,1		
70,9082	7,6705	981,3	980,6	981,1		
70,9166	7,6771	981,3	980,6	981,1		
70,9249	7,6908	981,3	980,6	981,1		
70,9332	7,6904	981,3	980,6	981,1		
70,9416	7,6899	981,3	980,7	981,1		
70,9499	7,6996	981,4	980,7	981,2		
70,9582	7,7023	981,4	980,7	981,2		
70,9666	7,7076	981,3	980,6	981,2		
70,9749	7,7102	981,3	980,6	981,1		
70,9832	7,7155	981,4	980,7	981,3		
70,9916	7,7222	981,4	980,7	981,2		
70,9999	7,7248	981,4	980,7	981,2		
71,0082	7,7292	981,3	980,6	981,2		
71,0166	7,7398	981,4	980,7	981,3		
71,0249	7,7491	981,4	980,6	981,2		
71,0332	7,7482	981,4	980,6	981,1		
71,0416	7,7610	981,5	980,7	981,3		
71,0499	7,7570	981,5	980,7	981,2		
71,0582	7,7601	981,4	980,7	981,2		
71,0666	7,7650	981,5	980,7	981,2		
71,0749	7,7681	981,4	980,7	981,2		
71,0832	7,7813	981,5	980,7	981,2		
71,0916	7,7888	981,5	980,7	981,3		
71,0999	7,7919	981,4	980,7	981,2		
71,1082	7,7932	981,5	980,6	981,1		
71,1166	7,8016	981,5	980,6	981,2		
71,1249	7,8021	981,5	980,7	981,3		
71,1332	7,8087	981,4	980,7	981,2		
71,1416	7,8074	981,4	980,6	981,2		
71,1499	7,8162	981,5	980,7	981,3		
71,1582	7,8210	981,5	980,8	981,4		
71,1666	7,8299	981,6	980,8	981,3		
71,1749	7,8316	981,5	980,8	981,3		
71,1832	7,8347	981,4	980,7	981,2		
71,1916	7,8466	981,4	980,7	981,2		
71,1999	7,8453	981,4	980,7	981,2		
71,2082	7,8617	981,4	980,7	981,1		
71,2166	7,8599	981,4	980,7	981,1		
71,2249	7,8674	981,4	980,7	981,2		
71,2332	7,8696	981,4	980,7	981,3		
71,2416	7,8775	981,4	980,7	981,2		
71,2499	7,8780	981,4	980,7	981,1		
71,2582	7,8877	981,4	980,7	981,2		
71,2666	7,8877	981,4	980,7	981,2		
71,2749	7,8952	981,3	980,6	981,2		
71,2832	7,8987	981,4	980,6	981,1		
71,2916	7,9107	981,4	980,6	981,2		
71,2999	7,9115	981,4	980,7	981,2		
71,3082	7,9195	981,4	980,7	981,1		
71,3166	7,9239	981,5	980,7	981,2		
71,3249	7,9252	981,4	980,7	981,2		
71,3332	7,9340	981,4	980,7	981,2		
71,3416	7,9358	981,3	980,6	981,1		
71,3499	7,9491	981,3	980,6	981,2		
71,3582	7,9508	981,4	980,7	981,2		
71,3666	7,9574	981,5	980,7	981,2		
71,3749	7,9632	981,5	980,8	981,3		
71,3832	7,9663	981,4	980,7	981,2		
71,3916	7,9645	981,4	980,7	981,2		
71,3999	7,9720	981,5	980,7	981,3		
71,4082	7,9826	981,5	980,7	981,2		
71,4166	7,9897	981,4	980,7	981,2		
71,4249	7,9883	981,5	980,8	981,3		
71,4332	7,9950	981,4	980,7	981,2		
71,4416	8,0003	981,4	980,7	981,2		
71,4499	8,0082	981,5	980,7	981,2		
71,4582	8,0135	981,4	980,7	981,2		
71,4666	8,0188	981,4	980,8	981,3		
71,4749	8,0139	981,4	980,7	981,2		
71,4832	8,0276	981,4	980,7	981,3		
71,4916	8,0316	981,5	980,8	981,3		
71,4999	8,0391	981,4	980,7	981,2		
71,5082	8,0413	981,4	980,7	981,2		
71,5166	8,0528	981,4	980,7	981,2		
71,5249	8,0585	981,4	980,7	981,2		
71,5332	8,0532	981,4	980,7	981,2		
71,5416	8,0705	981,4	980,7	981,2		
71,5499	8,0749	981,4	980,7	981,2		
71,5582	8,0749	981,5	980,7	981,2		
71,5666	8,0797	981,4	980,7	981,1		
71,5749	8,0978	981,3	980,6	981,1		
71,5832	8,0934	981,5	980,7	981,2		
71,5916	8,1009	981,5	980,8	981,3		
71,5999	8,1159	981,5	980,7	981,2		
71,6082	8,1168	981,4	980,7	981,2		
71,6166	8,1142	981,4	980,7	981,2		
71,6249	8,1181	981,4	980,8	981,2		
71,6332	8,1314	981,5	980,7	981,2		
71,6416	8,1314	981,4	980,7	981,1		
71,6499	8,1345	981,3	980,6	981,2		
71,6582	8,1446	981,5	980,7	981,2		
71,6666	8,1442	981,4	980,7	981,2		
71,6749	8,1543	981,4	980,7	981,2		
71,6832	8,1579	981,5	980,7	981,2		
71,6916	8,1693	981,5	980,7	981,2		
71,6999	8,1693	981,5	980,7	981,2		
71,7082	8,1799	981,5	980,7	981,2		
71,7166	8,1821	981,5	980,7	981,3		
71,7249	8,1914	981,5	980,7	981,2		
71,7332	8,1896	981,5	980,7	981,1		
71,7416	8,1971	981,5	980,7	981,2		
71,7499	8,2069	981,5	980,7	981,2		
71,7582	8,2047	981,5	980,7	981,2		
71,7666	8,2091	981,5	980,7	981,2		
71,7749	8,2214	981,5	980,7	981,2		
71,7832	8,2205	981,5	980,7	981,2		
71,7916	8,2276	981,5	980,7	981,2		
71,7999	8,2342	981,6	980,8	981,3		
71,8082	8,2417	981,5	980,7	981,2		
71,8166	8,2537	981,4	980,7	981,2		
71,8249	8,2532	981,5	980,7	981,3		
71,8332	8,2484	981,5	980,8	981,3		
71,8416	8,2598	981,5	980,7	981,1		
71,8499	8,2665	981,6	980,8	981,3		
71,8582	8,2779	981,5	980,8	981,2		
71,8666	8,2810	981,5	980,7	981,1		
71,8749	8,2854	981,5	980,8	981,2		
71,8832	8,2916	981,5	980,7	981,2		
71,8916	8,2978	981,5	980,7	981,2		
71,8999	8,3102	981,5	980,7	981,2		
71,9082	8,3119	981,5	980,7	981,2		
71,9166	8,3124	981,6	980,8	981,3		
71,9249	8,3102	981,6	980,8	981,2		
71,9332	8,3318	981,4	980,7	981,2		
71,9416	8,3353	981,4	980,7	981,2		
71,9499	8,3349	981,5	980,7	981,2		
71,9582	8,3446	981,5	980,7	981,2		
71,9666	8,3450	981,4	980,7	981,2		
71,9749	8,3578	981,4	980,6	981,2		
71,9832	8,3578	981,5	980,8	981,2		
71,9916	8,3622	981,5	980,7	981,2		
71,9999	8,3755	981,5	980,8	981,2		
72,0082	8,3795	981,5	980,8	981,2		
72,0166	8,3905	981,4	980,7	981,2		
72,0249	8,3848	981,5	980,8	981,3		
72,0332	8,3896	981,5	980,7	981,2		
72,0416	8,3989	981,4	980,7	981,1		
72,0499	8,4126	981,6	980,8	981,2		
72,0582	8,4108	981,4	980,7	981,2		
72,0666	8,4245	981,5	980,7	981,2		
72,0749	8,4271	981,5	980,8	981,2		
72,0832	8,4289	981,5	980,7	981,2		
72,0916	8,4391	981,5	980,7	981,2		
72,0999	8,4474	981,5	980,7	981,2		
72,1082	8,4527	981,5	980,8	981,2		
72,1166	8,4474	981,5	980,7	981,2		
72,1249	8,4620	981,5	980,8	981,2		
72,1332	8,4691	981,5	980,7	981,2		
72,1416	8,4713	981,5	980,8	981,3		
72,1499	8,4739	981,6	980,9	981,4		
72,1582	8,4806	981,5	980,7	981,2		
72,1666	8,4881	981,5	980,7	981,2		
72,1749	8,5022	981,5	980,7	981,3		
72,1832	8,4956	981,5	980,7	981,2		
72,1916	8,5132	981,5	980,7	981,2		
72,1999	8,5203	981,5	980,7	981,2		
72,2082	8,5269	981,6	980,7	981,2		
72,2166	8,5234	981,5	980,7	981,1		
72,2249	8,5313	981,5	980,7	981,2		
72,2332	8,5432	981,5	980,7	981,2		
72,2416	8,5406	981,4	980,7	981,2		
72,2499	8,5534	981,5	980,7	981,2		
72,2582	8,5525	981,5	980,7	981,2		
72,2666	8,5688	981,5	980,7	981,2		
72,2749	8,5653	981,5	980,8	981,3		
72,2832	8,5755	981,5	980,7	981,2		
72,2916	8,5803	981,5	980,7	981,2		
72,2999	8,5852	981,5	980,8	981,3		
72,3082	8,5790	981,5	980,8	981,3		
72,3166	8,5922	981,6	980,8	981,2		
72,3249	8,5980	981,5	980,8	981,2		
72,3332	8,6103	981,4	980,7	981,2		
72,3416	8,6081	981,6	980,7	981,2		
72,3499	8,6174	981,5	980,6	981,1		
72,3582	8,6223	981,6	980,7	981,2		
72,3666	8,6271	981,5	980,7	981,1		
72,3749	8,6417	981,6	980,8	981,3		
72,3832	8,6390	981,6	980,8	981,3		
72,3916	8,6505	981,5	980,7	981,2		
72,3999	8,6571	981,5	980,8	981,2		
72,4082	8,6598	981,6	980,7	981,2		
72,4166	8,6655	981,6	980,8	981,2		
72,4249	8,6823	981,5	980,8	981,2		
72,4332	8,6854	981,5	980,7	981,2		
72,4416	8,6836	981,6	980,8	981,2		
72,4499	8,6929	981,5	980,7	981,2		
72,4582	8,6973	981,5	980,7	981,1		
72,4666	8,7079	981,6	980,8	981,2		
72,4749	8,7145	981,6	980,8	981,2		
72,4832	8,7203	981,6	980,7	981,2		
72,4916	8,7282	981,6	980,8	981,2		
72,4999	8,7331	981,5	980,8	981,2		
72,5082	8,7379	981,6	980,8	981,3		
72,5166	8,7397	981,6	980,8	981,3		
72,5249	8,7467	981,5	980,8	981,2		
72,5332	8,7498	981,6	980,7	981,2		
72,5416	8,7622	981,5	980,7	981,2		
72,5499	8,7600	981,6	980,8	981,2		
72,5582	8,7715	981,5	980,8	981,3		
72,5666	8,7834	981,5	980,7	981,1		
72,5749	8,7878	981,5	980,7	981,3		
72,5832	8,7944	981,6	980,7	981,2		
72,5916	8,8019	981,5	980,8	981,2		
72,5999	8,8024	981,6	980,8	981,2		
72,6082	8,8165	981,6	980,8	981,3		
72,6166	8,8156	981,6	980,8	981,3		
72,6249	8,8183	981,5	980,8	981,2		
72,6332	8,8297	981,6	980,8	981,2		
72,6416	8,8333	981,5	980,8	981,3		
72,6499	8,8500	981,6	980,9	981,3		
72,6582	8,8514	981,6	980,8	981,2		
72,6666	8,8531	981,6	980,8	981,2		
72,6749	8,8699	981,6	980,8	981,2		
72,6832	8,8712	981,5	980,8	981,3		
72,6916	8,8805	981,5	980,8	981,2		
72,6999	8,8805	981,5	980,7	981,2		
72,7082	8,8809	981,6	980,7	981,2		
72,7166	8,8924	981,5	980,8	981,3		
72,7249	8,9074	981,6	980,8	981,2		
72,7332	8,9145	981,6	980,8	981,2		
72,7416	8,9304	981,5	980,7	981,2		
72,7499	8,9211	981,5	980,8	981,2		
72,7582	8,9238	981,5	980,8	981,2		
72,7666	8,9414	981,5	980,8	981,2		
72,7749	8,9397	981,6	980,8	981,3		
72,7832	8,9432	981,6	980,8	981,2		
72,7916	8,9511	981,5	980,8	981,3		
72,7999	8,9604	981,5	980,7	981,1		
72,8082	8,9626	981,5	980,8	981,2		
72,8166	8,9754	981,6	980,8	981,2		
72,8249	8,9781	981,5	980,8	981,2		
72,8332	8,9869	981,6	980,8	981,2		
72,8416	8,9931	981,6	980,7	981,2		
72,8499	8,9966	981,6	980,8	981,3		
72,8582	9,0054	981,6	980,9	981,3		
72,8666	9,0143	981,5	980,8	981,2		
72,8749	9,0222	981,6	980,8	981,2		
72,8832	9,0235	981,6	980,8	981,3		
72,8916	9,0368	981,6	980,8	981,3		
72,8999	9,0390	981,6	980,8	981,3		
72,9082	9,0482	981,6	980,8	981,3		
72,9166	9,0434	981,6	980,8	981,2		
72,9249	9,0487	981,7	980,8	981,3		
72,9332	9,0571	981,6	980,8	981,3		
72,9416	9,0672	981,6	980,8	981,1		
72,9499	9,0840	981,6	980,8	981,2		
72,9582	9,0831	981,6	980,8	981,3		
72,9666	9,0871	981,7	980,8	981,2		
72,9749	9,0959	981,6	980,8	981,2		
72,9832	9,1043	981,6	980,8	981,2		
72,9916	9,1105	981,6	980,8	981,2		
72,9999	9,1176	981,7	980,8	981,2		
73,0082	9,1242	981,7	980,8	981,1		
73,0166	9,1348	981,6	980,8	981,2		
73,0249	9,1445	981,6	980,8	981,2		
73,0332	9,1462	981,6	980,8	981,2		
73,0416	9,1401	981,6	980,8	981,3		
73,0499	9,1564	981,6	980,8	981,3		
73,0582	9,1643	981,8	980,8	981,3		
73,0666	9,1776	981,6	980,8	981,2		
73,0749	9,1780	981,6	980,8	981,2		
73,0832	9,1820	981,7	980,8	981,3		
73,0916	9,1948	981,7	980,8	981,2		
73,0999	9,1983	981,6	980,7	981,1		
73,1082	9,2195	981,5	980,7	981,1		
73,1166	9,2200	981,6	980,8	981,2		
73,1249	9,2178	981,6	980,8	981,2		
73,1332	9,2292	981,5	980,8	981,2		
73,1416	9,2288	981,6	980,8	981,2		
73,1499	9,2390	981,6	980,8	981,2		
73,1582	9,2420	981,6	980,8	981,2		
73,1666	9,2473	981,6	980,8	981,2		
73,1749	9,2601	981,6	980,8	981,3		
73,1832	9,2610	981,7	980,8	981,2		
73,1916	9,2712	981,7	980,8	981,2		
73,1999	9,2822	981,7	980,8	981,3		
73,2082	9,2977	981,7	980,9	981,3		
73,2166	9,3016	981,6	980,8	981,2		
73,2249	9,2985	981,6	980,8	981,2		
73,2332	9,3091	981,7	980,8	981,2		
73,2416	9,3158	981,6	980,8	981,3		
73,2499	9,3255	981,6	980,8	981,2		
73,2582	9,3325	981,6	980,8	981,2		
73,2666	9,3343	981,6	980,8	981,3		
73,2749	9,3453	981,6	980,8	981,2		
73,2832	9,3515	981,7	980,8	981,2		
73,2916	9,3520	981,7	980,8	981,3		
73,2999	9,3603	981,6	980,9	981,3		
73,3082	9,3740	981,6	980,8	981,2		
73,3166	9,3758	981,7	980,8	981,3		
73,3249	9,3904	981,6	980,8	981,3		
73,3332	9,3926	981,6	980,8	981,3		
73,3416	9,3996	981,7	980,9	981,3		
73,3499	9,4067	981,7	980,8	981,2		
73,3582	9,4146	981,7	980,9	981,3		
73,3666	9,4252	981,7	980,8	981,3		
73,3749	9,4266	981,6	980,8	981,2		
73,3832	9,4420	981,7	980,8	981,2		
73,3916	9,4416	981,6	980,8	981,3		
73,3999	9,4539	981,6	980,9	981,3		
73,4082	9,4654	981,6	980,7	981,2		
73,4166	9,4654	981,6	980,8	981,3		
73,4249	9,4650	981,7	980,8	981,2		
73,4332	9,4742	981,7	980,9	981,3		
73,4416	9,4879	981,7	980,9	981,4		
73,4499	9,4990	981,7	980,8	981,3		
73,4582	9,5016	981,7	980,9	981,3		
73,4666	9,5131	981,7	980,9	981,3		
73,4749	9,5144	981,7	980,9	981,3		
73,4832	9,5228	981,7	980,8	981,2		
73,4916	9,5325	981,6	980,8	981,2		
73,4999	9,5431	981,7	980,8	981,3		
73,5082	9,5466	981,7	980,9	981,3		
73,5166	9,5533	981,6	980,8	981,2		
73,5249	9,5594	981,7	980,8	981,2		
73,5332	9,5639	981,7	980,8	981,3		
73,5416	9,5780	981,7	980,8	981,3		
73,5499	9,5758	981,6	980,9	981,3		
73,5582	9,5873	981,6	980,8	981,2		
73,5666	9,5970	981,7	980,8	981,2		
73,5749	9,6014	981,7	980,8	981,3		
73,5832	9,6133	981,7	980,8	981,2		
73,5916	9,6168	981,7	980,8	981,3		
73,5999	9,6301	981,8	980,9	981,3		
73,6082	9,6336	981,7	980,9	981,3		
73,6166	9,6358	981,7	980,8	981,3		
73,6249	9,6455	981,7	980,8	981,2		
73,6332	9,6570	981,8	980,8	981,2		
73,6416	9,6605	981,7	980,8	981,3		
73,6499	9,6658	981,7	980,8	981,3		
73,6582	9,6800	981,8	980,8	981,2		
73,6666	9,6822	981,8	980,8	981,2		
73,6749	9,6914	981,8	980,8	981,3		
73,6832	9,7056	981,8	980,8	981,3		
73,6916	9,7139	981,7	980,8	981,2		
73,6999	9,7109	981,8	980,8	981,2		
73,7082	9,7272	981,7	980,8	981,2		
73,7166	9,7259	981,7	980,8	981,2		
73,7249	9,7347	981,8	980,8	981,2		
73,7332	9,7471	981,7	980,9	981,3		
73,7416	9,7519	981,7	980,8	981,2		
73,7499	9,7594	981,8	980,8	981,2		
73,7582	9,7819	981,8	980,9	981,3		
73,7666	9,7757	981,7	980,8	981,3		
73,7749	9,7925	981,8	980,8	981,2		
73,7832	9,7841	981,7	980,9	981,2		
73,7916	9,7952	981,7	980,8	981,3		
73,7999	9,8124	981,7	980,9	981,3		
73,8082	9,8124	981,7	980,9	981,3		
73,8166	9,8247	981,8	980,9	981,3		
73,8249	9,8278	981,8	980,9	981,3		
73,8332	9,8336	981,7	980,8	981,2		
73,8416	9,8473	981,7	980,8	981,3		
73,8499	9,8486	981,7	980,8	981,3		
73,8582	9,8605	981,7	980,8	981,2		
73,8666	9,8662	981,7	980,8	981,2		
73,8749	9,8795	981,7	980,9	981,3		
73,8832	9,8835	981,7	980,8	981,2		
73,8916	9,8892	981,8	980,8	981,2		
73,8999	9,9002	981,7	980,8	981,2		
73,9082	9,9091	981,7	980,8	981,3		
73,9166	9,9135	981,7	980,8	981,2		
73,9249	9,9227	981,7	980,8	981,3		
73,9332	9,9404	981,8	980,9	981,3		
73,9416	9,9386	981,7	980,8	981,3		
73,9499	9,9364	981,7	980,9	981,3		
73,9582	9,9589	981,7	980,8	981,2		
73,9666	9,9612	981,7	980,8	981,2		
73,9749	9,9735	981,7	980,8	981,2		
73,9832	9,9753	981,8	980,8	981,3		
73,9916	9,9868	981,7	980,9	981,3		
73,9999	9,9960	981,7	980,8	981,2		
74,0082	10,0026	981,7	980,8	981,2		
74,0166	10,0102	981,7	980,8	981,3		
74,0249	10,0225	981,7	980,8	981,3		
74,0332	10,0230	981,7	980,8	981,2		
74,0416	10,0388	981,7	980,8	981,3		
74,0499	10,0335	981,8	981,0	981,5		
74,0582	10,0459	981,8	980,9	981,3		
74,0666	10,0618	981,7	980,9	981,3		
74,0749	10,0720	981,7	980,8	981,3		
74,0832	10,0812	981,7	980,9	981,3		
74,0916	10,0909	981,7	980,9	981,4		
74,0999	10,0967	981,8	980,9	981,3		
74,1082	10,1015	981,8	980,9	981,2		
74,1166	10,1086	981,8	980,9	981,3		
74,1249	10,1210	981,7	980,9	981,3		
74,1332	10,1368	981,7	980,8	981,2		
74,1416	10,1346	981,7	980,8	981,2		
74,1499	10,1324	981,7	980,9	981,3		
74,1582	10,1576	981,7	980,8	981,3		
74,1666	10,1505	981,7	980,8	981,2		
74,1749	10,1708	981,7	980,8	981,3		
74,1832	10,1828	981,6	980,9	981,4		
74,1916	10,1788	981,6	980,9	981,3		
74,1999	10,1964	981,6	980,8	981,1		
74,2082	10,2141	981,6	980,8	981,2		
74,2166	10,2145	981,6	980,8	981,2		
74,2249	10,2282	981,6	980,8	981,1		
74,2332	10,2278	981,6	980,8	981,1		
74,2416	10,2393	981,5	980,8	981,1		
74,2499	10,2468	981,5	980,8	981,1		
74,2582	10,2516	981,6	980,8	981,1		
74,2666	10,2622	981,6	980,7	981,0		
74,2749	10,2728	981,6	980,8	981,1		
74,2832	10,2803	981,6	980,8	981,0		
74,2916	10,2856	981,7	980,8	981,1		
74,2999	10,2900	981,6	980,8	981,0		
74,3082	10,2997	981,6	980,7	981,1		
74,3166	10,3147	981,7	980,8	981,1		
74,3249	10,3236	981,7	980,8	981,0		
74,3332	10,3293	981,7	980,7	981,0		
74,3416	10,3404	981,7	980,8	981,0		
74,3499	10,3479	981,7	980,8	981,1		
74,3582	10,3536	981,7	980,8	981,0		
74,3666	10,3585	981,8	980,9	981,1		
74,3749	10,3668	981,7	980,8	981,1		
74,3832	10,3814	981,7	980,8	981,0		
74,3916	10,3942	981,8	980,8	981,1		
74,3999	10,3924	981,8	980,9	981,1		
74,4082	10,4013	981,7	980,8	981,0		
74,4166	10,4092	981,7	980,8	981,0		
74,4249	10,4220	981,8	980,9	981,1		
74,4332	10,4335	981,8	980,9	981,1		
74,4416	10,4379	981,7	980,9	981,1		
74,4499	10,4529	981,7	980,8	981,0		
74,4582	10,4595	981,7	980,8	981,0		
74,4666	10,4746	981,8	980,9	981,1		
74,4749	10,4759	981,7	980,9	981,0		
74,4832	10,4909	981,7	980,8	981,0		
74,4916	10,4979	981,8	980,8	981,0		
74,4999	10,4953	981,7	980,8	981,0		
74,5082	10,5103	981,7	980,8	981,0		
74,5166	10,5213	981,7	980,8	981,0		
74,5249	10,5341	981,8	980,8	981,0		
74,5332	10,5421	981,6	980,8	981,0		
74,5416	10,5536	981,6	980,8	981,0		
74,5499	10,5589	981,7	980,7	980,9		
74,5582	10,5681	981,7	980,8	980,9		
74,5666	10,5739	981,6	980,8	981,0		
74,5749	10,5849	981,7	980,8	981,0		
74,5832	10,5942	981,7	980,8	981,0		
74,5916	10,6026	981,7	980,8	981,0		
74,5999	10,6207	981,7	980,8	981,0		
74,6082	10,6238	981,7	980,8	981,1		
74,6166	10,6339	981,7	980,9	981,1		
74,6249	10,6419	981,7	980,8	981,0		
74,6332	10,6472	981,7	980,8	981,0		
74,6416	10,6569	981,7	980,8	981,1		
74,6499	10,6710	981,7	980,8	981,0		
74,6582	10,6829	981,7	980,8	981,0		
74,6666	10,6966	981,6	980,8	981,0		
74,6749	10,7015	981,7	980,8	981,1		
74,6832	10,7072	981,6	980,8	981,1		
74,6916	10,7067	981,7	980,8	981,0		
74,6999	10,7200	981,7	980,8	981,1		
74,7082	10,7297	981,7	980,8	981,0		
74,7166	10,7487	981,7	980,8	981,1		
74,7249	10,7509	981,8	980,9	981,1		
74,7332	10,7549	981,7	980,8	981,0		
74,7416	10,7761	981,7	980,8	981,0		
74,7499	10,7844	981,7	980,8	981,1		
74,7582	10,7990	981,8	980,8	981,1		
74,7666	10,7968	981,7	980,8	981,0		
74,7749	10,7995	981,7	980,8	981,1		
74,7832	10,8171	981,8	980,9	981,1		
74,7916	10,8281	981,7	980,8	981,0		
74,7999	10,8383	981,6	980,8	981,0		
74,8082	10,8485	981,7	980,8	981,0		
74,8166	10,8507	981,7	980,8	981,0		
74,8249	10,8643	981,7	980,8	981,0		
74,8332	10,8771	981,7	980,8	981,0		
74,8416	10,8944	981,7	980,8	981,0		
74,8499	10,8961	981,8	980,9	981,2		
74,8582	10,9120	981,7	980,9	981,2		
74,8666	10,9217	981,7	980,9	981,1		
74,8749	10,9200	981,7	980,8	981,1		
74,8832	10,9350	981,8	980,9	981,2		
74,8916	10,9420	981,7	980,9	981,1		
74,8999	10,9557	981,7	980,9	981,1		
74,9082	10,9566	981,7	980,8	981,1		
74,9166	10,9782	981,7	980,9	981,1		
74,9249	10,9778	981,7	980,9	981,1		
74,9332	10,9884	981,7	980,9	981,1		
74,9416	11,0030	981,7	980,8	981,0		
74,9499	11,0113	981,7	980,8	981,1		
74,9582	11,0118	981,7	980,8	981,1		
74,9666	11,0233	981,7	980,8	981,1		
74,9749	11,0369	981,7	980,8	981,0		
74,9832	11,0577	981,8	980,9	981,1		
74,9916	11,0577	981,8	980,9	981,1		
74,9999	11,0603	981,7	980,9	981,0		
75,0082	11,0745	981,7	980,8	981,0		
75,0166	11,0868	981,8	980,9	981,0		
75,0249	11,0988	981,8	980,9	981,1		
75,0332	11,1116	981,7	980,8	981,0		
75,0416	11,1191	981,7	980,8	981,0		
75,0499	11,1270	981,8	980,9	981,1		
75,0582	11,1491	981,7	980,8	981,0		
75,0666	11,1495	981,7	980,8	981,0		
75,0749	11,1614	981,7	980,8	981,1		
75,0832	11,1676	981,8	980,8	981,0		
75,0916	11,1866	981,8	980,8	981,0		
75,0999	11,1826	981,8	980,8	981,1		
75,1082	11,1998	981,7	980,8	981,1		
75,1166	11,2144	981,8	980,9	981,1		
75,1249	11,2091	981,8	980,9	981,0		
75,1332	11,2299	981,8	980,9	981,1		
75,1416	11,2378	981,8	980,9	981,1		
75,1499	11,2510	981,9	980,9	981,2		
75,1582	11,2656	981,8	980,9	981,1		
75,1666	11,2722	981,8	980,8	981,1		
75,1749	11,2828	981,7	980,8	981,0		
75,1832	11,2890	981,8	980,9	981,1		
75,1916	11,3093	981,8	980,9	981,2		
75,1999	11,3137	981,9	980,9	981,2		
75,2082	11,3217	981,9	981,0	981,2		
75,2166	11,3336	981,7	980,9	981,1		
75,2249	11,3433	981,8	980,9	981,1		
75,2332	11,3526	981,8	980,9	981,1		
75,2416	11,3685	981,8	980,9	981,1		
75,2499	11,3786	981,8	980,8	981,1		
75,2582	11,3897	981,9	980,8	981,1		
75,2666	11,4020	981,8	980,9	981,1		
75,2749	11,4144	981,9	980,9	981,1		
75,2832	11,4170	981,8	980,9	981,1		
75,2916	11,4298	981,9	980,9	981,0		
75,2999	11,4391	981,8	980,8	981,0		
75,3082	11,4568	981,8	980,8	981,0		
75,3166	11,4607	981,9	980,9	981,1		
75,3249	11,4656	981,9	981,0	981,1		
75,3332	11,4819	981,8	980,9	981,1		
75,3416	11,4863	981,8	980,8	981,0		
75,3499	11,5102	981,9	980,9	981,1		
75,3582	11,5199	982,0	980,9	981,0		
75,3666	11,5340	981,9	980,9	981,1		
75,3749	11,5318	981,9	980,9	981,1		
75,3832	11,5468	981,9	980,9	981,0		
75,3916	11,5618	981,9	980,9	981,1		
75,3999	11,5715	981,9	980,9	981,1		
75,4082	11,5782	981,9	980,9	981,1		
75,4166	11,6033	981,8	980,9	981,1		
75,4249	11,6099	981,9	980,9	981,1		
75,4332	11,6179	982,0	981,0	981,2		
75,4416	11,6311	982,0	981,0	981,1		
75,4499	11,6400	981,8	980,9	981,0		
75,4582	11,6470	981,9	980,9	981,1		
75,4666	11,6611	981,9	981,0	981,1		
75,4749	11,6726	981,8	980,9	981,0		
75,4832	11,6850	981,9	980,9	981,1		
75,4916	11,6947	981,9	981,0	981,2		
75,4999	11,7132	981,8	980,8	981,1		
75,5082	11,7159	981,8	980,8	981,0		
75,5166	11,7247	981,8	980,8	981,0		
75,5249	11,7380	981,8	980,8	981,0		
75,5332	11,7587	981,9	980,9	981,1		
75,5416	11,7569	981,8	981,0	981,2		
75,5499	11,7728	981,8	980,9	981,1		
75,5582	11,7843	981,8	980,9	981,1		
75,5666	11,7914	981,9	980,9	981,0		
75,5749	11,8134	981,9	981,0	981,1		
75,5832	11,8271	981,8	980,9	981,1		
75,5916	11,8285	981,9	981,0	981,1		
75,5999	11,8435	981,8	980,9	981,1		
75,6082	11,8492	981,9	981,0	981,1		
75,6166	11,8642	981,9	980,9	981,2		
75,6249	11,8797	981,9	980,9	981,1		
75,6332	11,8889	981,9	980,9	981,1		
75,6416	11,9004	981,9	981,0	981,1		
75,6499	11,9066	981,9	981,0	981,2		
75,6582	11,9176	981,9	980,9	981,1		
75,6666	11,9309	981,9	980,9	981,1		
75,6749	11,9432	981,9	981,0	981,1		
75,6832	11,9485	981,9	981,0	981,1		
75,6916	11,9671	981,9	980,9	981,1		
75,6999	11,9865	981,9	980,9	981,1		
75,7082	11,9887	981,9	980,9	981,0		
75,7166	12,0037	981,9	980,9	981,1		
75,7249	12,0147	981,9	980,9	981,1		
75,7332	12,0231	981,9	980,9	981,1		
75,7416	12,0426	981,9	981,0	981,1		
75,7499	12,0479	981,9	980,9	981,1		
75,7582	12,0646	981,9	980,9	981,0		
75,7666	12,0863	981,9	981,0	981,2		
75,7749	12,0863	981,9	981,0	981,1		
75,7832	12,1048	981,9	981,0	981,2		
75,7916	12,1092	981,9	980,9	981,1		
75,7999	12,1207	981,9	980,9	981,1		
75,8082	12,1366	981,8	980,9	981,0		
75,8166	12,1432	981,9	980,8	981,0		
75,8249	12,1622	982,0	981,0	981,1		
75,8332	12,1697	982,0	981,0	981,1		
75,8416	12,1887	982,0	980,9	981,1		
75,8499	12,2068	982,0	980,9	981,1		
75,8582	12,2059	981,9	980,9	981,1		
75,8666	12,2284	981,9	980,9	981,1		
75,8749	12,2412	981,9	980,9	981,1		
75,8832	12,2531	982,0	980,9	981,1		
75,8916	12,2575	981,9	980,9	981,1		
75,8999	12,2748	981,9	981,0	981,2		
75,9082	12,2845	982,0	981,0	981,1		
75,9166	12,3048	982,0	981,0	981,1		
75,9249	12,3026	981,9	980,9	981,1		
75,9332	12,3193	981,9	980,9	981,1		
75,9416	12,3357	981,9	981,0	981,1		
75,9499	12,3445	982,0	981,0	981,1		
75,9582	12,3639	982,0	981,0	981,1		
75,9666	12,3807	981,9	981,0	981,0		
75,9749	12,3913	981,9	981,0	981,1		
75,9832	12,4019	982,0	981,0	981,2		
75,9916	12,4142	982,0	981,0	981,2		
75,9999	12,4288	982,0	981,0	981,2		
76,0082	12,4429	982,1	981,0	981,2		
76,0166	12,4531	982,1	981,0	981,1		
76,0249	12,4747	982,0	981,0	981,1		
76,0332	12,4800	982,1	981,0	981,2		
76,0416	12,4915	982,1	981,0	981,2		
76,0499	12,5043	982,0	981,0	981,1		
76,0582	12,5215	982,1	981,0	981,1		
76,0666	12,5299	982,1	981,0	981,1		
76,0749	12,5507	982,1	981,0	981,1		
76,0832	12,5621	982,1	981,0	981,1		
76,0916	12,5824	982,1	981,0	981,1		
76,0999	12,5833	982,1	981,0	981,1		
76,1082	12,6076	982,1	981,0	981,1		
76,1166	12,6094	982,1	981,0	981,1		
76,1249	12,6239	982,0	981,0	981,1		
76,1332	12,6478	982,0	980,9	981,1		
76,1416	12,6579	982,1	981,0	981,1		
76,1499	12,6632	982,0	980,9	981,0		
76,1582	12,6796	982,0	981,0	981,1		
76,1666	12,6924	982,0	981,0	981,1		
76,1749	12,7158	982,0	981,0	981,1		
76,1832	12,7224	982,0	981,0	981,0		
76,1916	12,7436	982,0	981,0	981,1		
76,1999	12,7546	982,0	980,9	981,1		
76,2082	12,7648	982,0	981,0	981,1		
76,2166	12,7789	982,0	981,0	981,1		
76,2249	12,7930	982,1	981,0	981,1		
76,2332	12,8124	982,1	981,0	981,1		
76,2416	12,8186	982,0	980,9	981,1		
76,2499	12,8341	982,0	981,0	981,2		
76,2582	12,8486	982,1	981,0	981,1		
76,2666	12,8667	982,0	980,9	981,1		
76,2749	12,8813	982,0	981,0	981,1		
76,2832	12,8923	982,1	981,0	981,1		
76,2916	12,9016	982,0	981,0	981,1		
76,2999	12,9206	982,1	981,0	981,2		
76,3082	12,9334	982,0	981,1	981,2		
76,3166	12,9484	982,0	981,0	981,1		
76,3249	12,9643	982,0	981,0	981,1		
76,3332	12,9806	982,0	981,0	981,1		
76,3416	12,9872	982,0	980,9	981,1		
76,3499	13,0009	982,0	981,0	981,1		
76,3582	13,0234	981,9	981,1	981,3		
76,3666	13,0455	981,9	981,1	981,2		
76,3749	13,0535	981,9	981,1	981,2		
76,3832	13,0716	982,0	981,1	981,3		
76,3916	13,0786	982,0	981,1	981,3		
76,3999	13,0994	982,0	981,1	981,2		
76,4082	13,1219	982,0	981,0	981,1		
76,4166	13,1303	982,0	981,0	981,2		
76,4249	13,1444	982,0	981,0	981,1		
76,4332	13,1572	982,0	981,0	981,0		
76,4416	13,1687	981,9	981,0	981,1		
76,4499	13,1837	982,0	981,1	981,2		
76,4582	13,2088	982,0	981,1	981,1		
76,4666	13,2287	982,0	981,0	981,0		
76,4749	13,2345	981,9	980,9	981,0		
76,4832	13,2495	982,0	981,0	981,1		
76,4916	13,2654	982,0	981,0	981,1		
76,4999	13,2861	982,0	981,1	981,0		
76,5082	13,2980	981,9	981,0	981,0		
76,5166	13,3152	982,0	981,0	981,1		
76,5249	13,3342	982,0	981,0	981,1		
76,5332	13,3453	982,0	981,0	981,1		
76,5416	13,3607	982,0	981,0	981,1		
76,5499	13,3784	982,0	981,0	981,0		
76,5582	13,3912	982,0	981,1	981,1		
76,5666	13,4132	982,0	981,0	981,0		
76,5749	13,4225	982,0	981,0	981,1		
76,5832	13,4410	982,1	981,1	981,1		
76,5916	13,4622	982,0	981,1	981,0		
76,5999	13,4697	982,1	981,1	981,1		
76,6082	13,4936	982,0	981,0	981,0		
76,6166	13,5015	982,0	981,0	981,0		
76,6249	13,5298	982,0	981,1	981,0		
76,6332	13,5479	982,0	981,0	981,0		
76,6416	13,5554	982,1	981,1	981,1		
76,6499	13,5664	982,1	981,1	981,2		
76,6582	13,5907	982,0	981,1	981,1		
76,6666	13,6097	982,0	981,0	981,1		
76,6749	13,6167	982,1	981,0	981,0		
76,6832	13,6401	982,0	981,1	981,1		
76,6916	13,6640	982,1	981,1	981,1		
76,6999	13,6684	982,1	981,1	981,1		
76,7082	13,6812	982,1	981,0	981,1		
76,7166	13,7033	982,1	981,1	981,1		
76,7249	13,7161	982,1	981,1	981,0		
76,7332	13,7320	982,1	981,1	981,0		
76,7416	13,7531	982,1	981,0	981,0		
76,7499	13,7668	982,1	981,0	981,1		
76,7582	13,7929	982,2	981,1	981,1		
76,7666	13,8101	982,2	981,1	981,1		
76,7749	13,8251	982,2	981,0	981,0		
76,7832	13,8406	982,1	981,0	981,0		
76,7916	13,8551	982,1	981,0	981,0		
76,7999	13,8745	982,2	981,1	981,0		
76,8082	13,8922	982,1	981,0	981,0		
76,8166	13,9134	982,1	981,1	981,1		
76,8249	13,9240	982,1	981,0	981,0		
76,8332	13,9390	982,2	981,1	981,1		
76,8416	13,9699	982,2	981,1	981,1		
76,8499	13,9725	982,2	981,1	980,9		
76,8582	14,0017	982,1	981,1	981,0		
76,8666	14,0176	982,2	981,1	981,1		
76,8749	14,0317	982,2	981,2	981,1		
76,8832	14,0564	982,2	981,1	981,0		
76,8916	14,0727	982,2	981,2	981,1		
76,8999	14,0984	982,2	981,1	981,1		
76,9082	14,1103	982,2	981,1	981,1		
76,9166	14,1328	982,1	981,1	981,0		
76,9249	14,1469	982,2	981,1	981,1		
76,9332	14,1677	982,2	981,1	981,1		
76,9416	14,1840	982,2	981,1	981,1		
76,9499	14,1977	982,1	981,1	981,0		
76,9582	14,2171	982,2	981,1	981,1		
76,9666	14,2431	982,2	981,1	981,0		
76,9749	14,2679	982,2	981,1	981,0		
76,9832	14,2776	982,2	981,1	981,1		
76,9916	14,2886	982,2	981,1	981,0		
76,9999	14,3169	982,1	981,1	981,1		
77,0082	14,3341	982,2	981,2	981,2		
77,0166	14,3641	982,1	981,0	981,0		
77,0249	14,3778	982,1	981,1	981,0		
77,0332	14,3875	982,2	981,1	981,1		
77,0416	14,4158	982,3	981,2	981,1		
77,0499	14,4303	982,2	981,1	981,1		
77,0582	14,4524	982,2	981,1	981,0		
77,0666	14,4758	982,2	981,1	981,1		
77,0749	14,4899	982,2	981,1	981,1		
77,0832	14,5190	982,2	981,1	981,1		
77,0916	14,5279	982,2	981,1	981,0		
77,0999	14,5583	982,2	981,1	981,1		
77,1082	14,5711	982,2	981,1	981,1		
77,1166	14,5901	982,1	981,1	981,0		
77,1249	14,6078	982,2	981,2	981,1		
77,1332	14,6303	982,2	981,1	981,0		
77,1416	14,6555	982,2	981,1	981,1		
77,1499	14,6683	982,2	981,1	981,1		
77,1582	14,6908	982,3	981,2	981,1		
77,1666	14,7120	982,3	981,2	981,1		
77,1749	14,7371	982,3	981,2	981,1		
77,1832	14,7574	982,3	981,2	981,2		
77,1916	14,7795	982,3	981,2	981,1		
77,1999	14,8047	982,3	981,2	981,1		
77,2082	14,8250	982,3	981,2	981,0		
77,2166	14,8435	982,2	981,1	981,0		
77,2249	14,8607	982,2	981,1	981,1		
77,2332	14,8916	982,3	981,2	981,2		
77,2416	14,9053	982,3	981,1	981,0		
77,2499	14,9278	982,3	981,1	981,1		
77,2582	14,9450	982,3	981,2	981,1		
77,2666	14,9680	982,2	981,2	981,1		
77,2749	14,9927	982,2	981,1	981,0		
77,2832	15,0117	982,3	981,2	981,1		
77,2916	15,0360	982,3	981,1	981,1		
77,2999	15,0651	982,3	981,1	981,1		
77,3082	15,0885	982,3	981,2	981,0		
77,3166	15,1146	982,3	981,1	981,0		
77,3249	15,1296	982,3	981,2	981,1		
77,3332	15,1485	982,3	981,2	981,2		
77,3416	15,1697	982,3	981,1	981,1		
77,3499	15,2006	982,4	981,2	981,1		
77,3582	15,2108	982,3	981,2	981,0		
77,3666	15,2417	982,3	981,1	981,1		
77,3749	15,2633	982,3	981,2	981,0		
77,3832	15,2902	982,3	981,1	981,1		
77,3916	15,3163	982,3	981,1	981,0		
77,3999	15,3357	982,3	981,2	981,1		
77,4082	15,3635	982,3	981,2	981,1		
77,4166	15,3812	982,4	981,1	981,1		
77,4249	15,3997	982,3	981,2	981,0		
77,4330	15,4456	982,4	981,1	981,1		
77,4413	15,4553	982,4	981,2	981,1		
77,4496	15,4810	982,5	981,2	981,1		
77,4580	15,5039	982,4	981,2	981,0		
77,4663	15,5291	982,4	981,2	981,1		
77,4746	15,5556	982,5	981,2	981,1		
77,4830	15,5820	982,4	981,2	981,1		
77,4913	15,6041	982,3	981,1	981,1		
77,4996	15,6249	982,5	981,2	981,1		
77,5080	15,6474	982,5	981,3	981,1		
77,5163	15,6792	982,4	981,2	981,0		
77,5246	15,7026	982,4	981,2	981,1		
77,5330	15,7326	982,5	981,2	981,1		
77,5413	15,7591	982,5	981,2	981,0		
77,5496	15,7754	982,6	981,2	981,1		
77,5566	15,8200	982,5	981,2	981,1		
77,5649	15,8328	982,4	981,2	981,1		
77,5732	15,8509	982,5	981,2	981,1		
77,5816	15,8778	982,5	981,3	981,1		
77,5877	15,9224	982,4	981,4	981,3		
77,5961	15,9414	982,3	981,3	981,2		
77,6044	15,9674	982,3	981,2	981,0		
77,6127	15,9882	982,2	981,2	981,0		
77,6211	16,0253	982,3	981,2	981,0		
77,6294	16,0469	982,3	981,2	981,0		
77,6377	16,0760	982,2	981,2	980,9		
77,6461	16,0994	982,3	981,2	981,0		
77,6544	16,1330	982,4	981,3	981,0		
77,6627	16,1577	982,2	981,2	981,0		
77,6711	16,1904	982,2	981,2	981,0		
77,6794	16,2160	982,3	981,2	981,0		
77,6877	16,2420	982,3	981,2	981,0		
77,6961	16,2751	982,3	981,2	980,9		
77,7044	16,3025	982,3	981,2	981,0		
77,7127	16,3259	982,4	981,3	981,0		
77,7206	16,3735	982,3	981,2	981,0		
77,7289	16,3947	982,2	981,2	981,0		
77,7373	16,4181	982,3	981,2	981,0		
77,7456	16,4557	982,3	981,2	980,9		
77,7539	16,4804	982,4	981,3	981,0		
77,7623	16,5139	982,3	981,2	980,9		
77,7706	16,5426	982,3	981,2	981,0		
77,7789	16,5801	982,4	981,3	981,0		
77,7873	16,6066	982,4	981,3	981,0		
77,7956	16,6318	982,4	981,3	981,0		
77,8039	16,6689	982,4	981,3	981,1		
77,8118	16,7143	982,4	981,3	980,9		
77,8202	16,7285	982,5	981,3	981,0		
77,8285	16,7669	982,5	981,3	981,1		
77,8368	16,8000	982,4	981,2	980,9		
77,8452	16,8335	982,4	981,3	981,0		
77,8535	16,8636	982,4	981,3	980,9		
77,8618	16,8949	982,5	981,2	980,9		
77,8695	16,9408	982,5	981,3	981,0		
77,8778	16,9668	982,4	981,3	980,9		
77,8862	17,0030	982,3	981,2	980,9		
77,8945	17,0260	982,4	981,3	981,0		
77,9028	17,0622	982,5	981,2	980,9		
77,9108	17,1068	982,4	981,3	980,9		
77,9191	17,1395	982,5	981,2	980,9		
77,9274	17,1717	982,5	981,3	981,0		
77,9357	17,2158	982,5	981,2	981,0		
77,9440	17,2366	982,5	981,3	981,0		
77,9504	17,2842	982,5	981,3	981,1		
77,9588	17,3054	982,5	981,3	981,0		
77,9653	17,3513	982,5	981,3	981,0		
77,9737	17,3783	982,5	981,3	981,0		
77,9820	17,4105	982,6	981,3	981,0		
77,9895	17,4555	982,6	981,3	981,0		
77,9978	17,4807	982,6	981,3	981,0		
78,0052	17,5253	982,5	981,3	980,9		
78,0135	17,5544	982,5	981,3	980,9		
78,0197	17,5986	982,6	981,2	980,9		
78,0280	17,6286	982,6	981,3	981,0		
78,0364	17,6727	982,6	981,3	980,9		
78,0447	17,7107	982,6	981,3	981,0		
78,0524	17,7553	982,6	981,3	981,0		
78,0608	17,7835	982,6	981,3	981,0		
78,0677	17,8281	982,7	981,2	980,9		
78,0760	17,8696	982,7	981,3	981,0		
78,0844	17,9084	982,8	981,3	981,0		
78,0927	17,9464	982,7	981,3	980,9		
78,0996	17,9910	982,7	981,3	981,0		
78,1079	18,0268	982,7	981,4	981,0		
78,1150	18,0718	982,7	981,3	980,9		
78,1232	18,1168	982,7	981,3	980,9		
78,1315	18,1526	982,7	981,4	981,0		
78,1381	18,1985	982,8	981,4	981,0		
78,1464	18,2369	982,7	981,4	980,9		
78,1536	18,2815	982,7	981,3	980,9		
78,1618	18,3260	982,7	981,3	980,9		
78,1689	18,3720	982,8	981,4	981,1		
78,1769	18,4170	982,7	981,4	981,1		
78,1843	18,4625	982,8	981,4	981,0		
78,1923	18,5084	982,8	981,4	981,0		
78,1991	18,5543	982,7	981,3	980,9		
78,2071	18,6002	982,7	981,3	981,0		
78,2148	18,6461	982,7	981,4	981,0		
78,2214	18,6911	982,8	981,4	981,0		
78,2284	18,7361	982,7	981,3	980,9		
78,2357	18,7838	982,7	981,3	980,9		
78,2440	18,8297	982,8	981,4	981,0		
78,2500	18,8761	982,6	981,5	981,3		
78,2573	18,9211	982,6	981,4	981,1		
78,2630	18,9661	982,7	981,4	981,0		
78,2703	19,0116	982,6	981,4	980,9		
78,2769	19,0580	982,6	981,4	981,0		
78,2838	19,1048	982,6	981,4	981,0		
78,2906	19,1502	982,6	981,4	980,9		
78,2963	19,1953	982,7	981,3	980,9		
78,3019	19,2398	982,7	981,5	980,9		
78,3085	19,2862	982,7	981,5	981,0		
78,3148	19,3325	982,7	981,5	980,9		
78,3213	19,3776	982,7	981,4	980,9		
78,3275	19,4222	982,7	981,5	980,9		
78,3328	19,4676	982,8	981,4	981,0		
78,3387	19,5122	982,7	981,4	980,9		
78,3445	19,5577	982,7	981,4	980,8		
78,3501	19,6036	982,8	981,4	980,9		
78,3556	19,6482	982,8	981,5	981,0		
78,3608	19,6972	982,8	981,5	981,0		
78,3662	19,7453	982,8	981,5	981,0		
78,3723	19,7916	982,8	981,5	981,0		
78,3772	19,8380	982,9	981,5	981,0		
78,3827	19,8830	982,8	981,5	980,9		
78,3882	19,9285	982,9	981,5	980,9		
78,3926	19,9735	982,9	981,5	980,9		
78,3983	20,0177	982,8	981,5	980,9		
78,4027	20,0636	982,9	981,5	981,0		
78,4069	20,1082	982,9	981,5	981,0		
78,4123	20,1532	982,9	981,5	980,9		
78,4169	20,1978	982,8	981,5	980,9		
78,4214	20,2424	982,9	981,5	980,9		
78,4262	20,2896	982,8	981,4	980,9		
78,4309	20,3337	982,9	981,5	980,9		
78,4347	20,3783	982,9	981,5	980,9		
78,4392	20,4233	982,9	981,4	980,9		
78,4435	20,4684	982,8	981,5	980,9		
78,4482	20,5143	982,8	981,4	980,9		
78,4516	20,5589	982,9	981,4	980,8		
78,4563	20,6057	982,8	981,4	980,9		
78,4602	20,6516	982,9	981,5	980,9		
78,4647	20,6970	982,9	981,5	980,9		
78,4682	20,7421	983,0	981,5	980,9		
78,4725	20,7862	983,0	981,5	980,9		
78,4761	20,8308	982,9	981,5	980,9		
78,4798	20,8767	982,9	981,5	980,9		
78,4829	20,9217	983,0	981,5	981,0		
78,4873	20,9676	982,9	981,5	980,9		
78,4909	21,0122	983,1	981,5	980,9		
78,4944	21,0573	983,0	981,5	980,9		
78,4977	21,1049	983,0	981,5	980,8		
78,5012	21,1530	983,0	981,5	980,9		
78,5044	21,1981	983,0	981,5	980,8		
78,5081	21,2471	983,0	981,5	980,9		
78,5116	21,2930	982,9	981,5	980,9		
78,5151	21,3389	982,9	981,5	980,9		
78,5180	21,3852	983,0	981,5	980,9		
78,5212	21,4298	983,0	981,5	981,0		
78,5246	21,4749	983,1	981,5	980,9		
78,5274	21,5208	983,0	981,5	980,9		
78,5306	21,5720	983,0	981,5	980,8		
78,5339	21,6205	983,0	981,5	980,8		
78,5366	21,6651	983,0	981,5	980,8		
78,5398	21,7119	983,1	981,5	980,9		
78,5424	21,7569	983,1	981,5	980,9		
78,5448	21,8037	983,1	981,6	980,9		
78,5477	21,8488	983,0	981,6	981,0		
78,5499	21,8942	983,0	981,6	981,2		
78,5527	21,9388	982,9	981,7	981,2		
78,5550	21,9834	983,0	981,7	981,1		
78,5578	22,0284	983,1	981,7	981,0		
78,5602	22,0739	983,1	981,7	981,0		
78,5625	22,1185	983,1	981,7	980,9		
78,5648	22,1640	983,1	981,7	981,0		
78,5674	22,2090	983,1	981,7	980,9		
78,5695	22,2549	983,1	981,6	980,9		
78,5720	22,3008	983,1	981,6	981,0		
78,5740	22,3454	983,1	981,7	980,9		
78,5761	22,3913	983,1	981,6	980,9		
78,5779	22,4381	983,1	981,6	980,9		
78,5803	22,4831	983,1	981,6	980,9		
78,5824	22,5277	983,0	981,6	980,9		
78,5844	22,5723	983,1	981,6	980,9		
78,5863	22,6195	983,1	981,6	980,9		
78,5883	22,6641	983,1	981,6	980,9		
78,5900	22,7113	983,2	981,7	980,9		
78,5917	22,7599	983,2	981,6	980,8		
78,5939	22,8080	983,2	981,7	980,9		
78,5957	22,8544	983,2	981,7	980,9		
78,5974	22,8990	983,2	981,7	980,9		
78,5993	22,9444	983,2	981,7	980,9		
78,6009	22,9903	983,2	981,6	980,8		
78,6024	23,0358	983,2	981,6	980,8		
78,6039	23,0852	983,2	981,6	980,8		
78,6059	23,1303	983,2	981,6	980,8		
78,6073	23,1775	983,2	981,6	980,8		
78,6089	23,2234	983,3	981,6	980,8		
78,6105	23,2698	983,2	981,7	980,9		
78,6118	23,3144	983,2	981,6	980,9		
78,6133	23,3598	983,3	981,7	980,9		
78,6145	23,4053	983,2	981,7	980,9		
78,6161	23,4499	983,3	981,7	980,9		
78,6173	23,4945	983,3	981,7	980,9		
78,6187	23,5395	983,3	981,7	980,9		
78,6199	23,5854	983,4	981,7	980,9		
78,6212	23,6309	983,3	981,7	980,9		
78,6225	23,6803	983,3	981,7	980,9		
78,6239	23,7262	983,4	981,7	980,9		
78,6250	23,7726	983,5	981,7	980,9		
78,6262	23,8194	983,4	981,7	980,9		
78,6272	23,8648	983,4	981,7	980,9		
78,6284	23,9152	983,5	981,8	980,9		
78,6296	23,9624	983,5	981,7	981,0		
78,6306	24,0092	983,5	981,8	980,9		
78,6316	24,0555	983,5	981,8	980,9		
78,6327	24,1050	983,5	981,8	980,9		
78,6339	24,1513	983,5	981,8	980,9		
78,6348	24,1964	983,5	981,8	980,9		
78,6357	24,2427	983,5	981,7	980,9		
78,6367	24,2882	983,5	981,7	980,9		
78,6376	24,3358	983,5	981,7	980,9		
78,6386	24,3813	983,5	981,7	980,8		
78,6393	24,4259	983,5	981,7	980,8		
78,6401	24,4749	983,6	981,7	980,8		
78,6411	24,5226	983,5	981,7	980,8		
78,6418	24,5676	983,6	981,7	980,8		
78,6427	24,6131	983,6	981,7	980,8		
78,6434	24,6612	983,6	981,7	980,8		
78,6441	24,7062	983,6	981,7	980,8		
78,6448	24,7512	983,6	981,7	980,8		
78,6455	24,7972	983,6	981,7	980,9		
78,6462	24,8457	983,6	981,8	980,9		
78,6469	24,8969	983,6	981,8	980,9		
78,6476	24,9411	983,5	981,8	980,9		
78,6483	24,9874	983,5	981,8	981,0		
78,6488	25,0320	983,5	981,8	981,0		
78,6493	25,0784	983,5	981,8	981,0		
78,6500	25,1243	983,5	981,9	981,1		
78,6507	25,1724	983,5	981,9	981,1		
78,6512	25,2214	983,5	981,9	981,1		
78,6518	25,2660	983,5	981,9	981,1		
78,6523	25,3132	983,5	982,0	981,1		
78,6528	25,3609	983,5	981,9	981,2		
78,6534	25,4050	983,5	982,0	981,1		
78,6539	25,4496	983,5	982,0	981,1		
78,6543	25,4968	983,6	982,0	981,1		
78,6548	25,5432	983,6	982,0	981,2		
78,6553	25,5900	983,6	982,0	981,1		
78,6557	25,6372	983,6	982,0	981,2		
78,6562	25,6853	983,6	982,0	981,1		
78,6566	25,7299	983,7	982,0	981,1		
78,6570	25,7745	983,7	982,0	981,1		
78,6574	25,8195	983,7	982,0	981,1		
78,6578	25,8650	983,7	982,0	981,1		
78,6581	25,9096	983,7	982,0	981,2		
78,6585	25,9564	983,7	982,1	981,2		
78,6588	26,0036	983,8	982,1	981,1		
78,6592	26,0500	983,8	982,1	981,1		
78,6595	26,0968	983,8	982,1	981,1		
78,6598	26,1422	983,8	982,1	981,1		
78,6602	26,1921	983,9	982,1	981,1		
78,6605	26,2371	983,9	982,1	981,1		
78,6608	26,2875	983,9	982,1	981,2		
78,6611	26,3338	983,9	982,2	981,1		
78,6614	26,3811	983,9	982,1	981,1		
78,6617	26,4261	984,0	982,1	981,1		
78,6619	26,4746	984,0	982,1	981,1		
78,6622	26,5192	984,0	982,1	981,1		
78,6624	26,5647	984,0	982,1	981,1		
78,6626	26,6128	984,0	982,1	981,1		
78,6628	26,6578	984,0	982,1	981,1		
78,6631	26,7060	984,1	982,1	981,1		
78,6633	26,7532	984,1	982,1	981,1		
78,6635	26,7995	984,2	982,1	981,0		
78,6637	26,8459	984,2	982,1	981,0		
78,6639	26,8900	984,2	982,2	981,1		
78,6641	26,9368	984,2	982,1	981,0		
78,6642	26,9819	984,2	982,2	981,1		
78,6644	27,0269	984,2	982,2	981,0		
78,6645	27,0728	984,3	982,2	981,0		
78,6647	27,1200	984,3	982,2	981,0		
78,6648	27,1651	984,3	982,2	981,1		
78,6649	27,2136	984,3	982,2	981,0		
78,6651	27,2631	984,3	982,2	981,0		
78,6652	27,3076	984,3	982,2	981,1		
78,6653	27,3584	984,3	982,2	981,0		
78,6654	27,4096	984,3	982,2	981,0		
78,6655	27,4639	984,4	982,2	981,0		
78,6656	27,5191	984,4	982,2	981,0		
78,6657	27,5646	984,4	982,2	981,0		
78,6657	27,6158	984,4	982,2	981,1		
78,6658	27,6661	984,4	982,2	981,0		
78,6658	27,7142	984,4	982,2	981,0		
78,6658	27,7765	984,4	982,2	981,0		
						
						
						
						
						
						
						
						
						
						
						
						
